timestamp,temperature_c,pressure_hpa,humidity_pct,station_id,station_name,cluster_id,role,is_anomaly,fault_type
2025-01-01 00:00:00,25.0,1013.5,84.0,AWS-CHN-024,Chennai,CHN,center,False,
2025-01-01 01:00:00,24.9,1012.5,84.0,AWS-CHN-024,Chennai,CHN,center,False,
2025-01-01 02:00:00,24.7,1011.8,84.0,AWS-CHN-024,Chennai,CHN,center,False,
2025-01-01 03:00:00,24.3,1011.2,85.0,AWS-CHN-024,Chennai,CHN,center,False,
2025-01-01 04:00:00,24.2,1011.0,85.0,AWS-CHN-024,Chennai,CHN,center,False,
2025-01-01 05:00:00,23.8,1011.4,88.0,AWS-CHN-024,Chennai,CHN,center,False,
2025-01-01 06:00:00,23.7,1012.2,91.0,AWS-CHN-024,Chennai,CHN,center,False,
2025-01-01 07:00:00,24.5,1013.0,88.0,AWS-CHN-024,Chennai,CHN,center,False,
2025-01-01 08:00:00,25.8,1013.8,82.0,AWS-CHN-024,Chennai,CHN,center,False,
2025-01-01 09:00:00,27.1,1014.0,72.0,AWS-CHN-024,Chennai,CHN,center,False,
2025-01-01 10:00:00,27.4,1013.9,70.0,AWS-CHN-024,Chennai,CHN,center,False,
2025-01-01 11:00:00,27.7,1013.7,69.0,AWS-CHN-024,Chennai,CHN,center,False,
2025-01-01 12:00:00,27.9,1012.7,68.0,AWS-CHN-024,Chennai,CHN,center,False,
2025-01-01 13:00:00,27.9,1011.7,68.0,AWS-CHN-024,Chennai,CHN,center,False,
2025-01-01 14:00:00,27.6,1010.7,69.0,AWS-CHN-024,Chennai,CHN,center,False,
2025-01-01 15:00:00,27.3,1010.2,70.0,AWS-CHN-024,Chennai,CHN,center,False,
2025-01-01 16:00:00,26.7,1010.0,73.0,AWS-CHN-024,Chennai,CHN,center,False,
2025-01-01 17:00:00,25.8,1010.3,78.0,AWS-CHN-024,Chennai,CHN,center,False,
2025-01-01 18:00:00,25.5,1010.8,84.0,AWS-CHN-024,Chennai,CHN,center,False,
2025-01-01 19:00:00,25.4,1012.1,84.0,AWS-CHN-024,Chennai,CHN,center,False,
2025-01-01 20:00:00,25.3,1012.7,84.0,AWS-CHN-024,Chennai,CHN,center,False,
2025-01-01 21:00:00,25.3,1013.3,83.0,AWS-CHN-024,Chennai,CHN,center,True,frozen_value
2025-01-01 22:00:00,25.254981274148523,1013.3,79.0,AWS-CHN-024,Chennai,CHN,center,True,frozen_value
2025-01-01 23:00:00,25.305515398561806,1012.7,79.0,AWS-CHN-024,Chennai,CHN,center,True,frozen_value
2025-01-02 00:00:00,25.378963545695314,1012.0,79.0,AWS-CHN-024,Chennai,CHN,center,True,frozen_value
2025-01-02 01:00:00,25.46455352581954,1011.4,79.0,AWS-CHN-024,Chennai,CHN,center,True,frozen_value
2025-01-02 02:00:00,25.455176906934792,1010.7,79.0,AWS-CHN-024,Chennai,CHN,center,True,frozen_value
2025-01-02 03:00:00,25.4474835827412,1010.5,79.0,AWS-CHN-024,Chennai,CHN,center,True,frozen_value
2025-01-02 04:00:00,25.40092872461421,1010.4,79.0,AWS-CHN-024,Chennai,CHN,center,True,frozen_value
2025-01-02 05:00:00,25.406860413250918,1010.8,81.0,AWS-CHN-024,Chennai,CHN,center,True,frozen_value
2025-01-02 06:00:00,23.9,1011.8,83.0,AWS-CHN-024,Chennai,CHN,center,False,
2025-01-02 07:00:00,24.4,1012.8,81.0,AWS-CHN-024,Chennai,CHN,center,False,
2025-01-02 08:00:00,25.9,1013.7,70.0,AWS-CHN-024,Chennai,CHN,center,False,
2025-01-02 09:00:00,26.7,1014.2,63.0,AWS-CHN-024,Chennai,CHN,center,False,
2025-01-02 10:00:00,27.2,1014.2,61.0,AWS-CHN-024,Chennai,CHN,center,False,
2025-01-02 11:00:00,27.6,1013.7,59.0,AWS-CHN-024,Chennai,CHN,center,False,
2025-01-02 12:00:00,27.9,1012.9,58.0,AWS-CHN-024,Chennai,CHN,center,False,
2025-01-02 13:00:00,27.7,1011.9,57.0,AWS-CHN-024,Chennai,CHN,center,False,
2025-01-02 14:00:00,27.6,1011.0,57.0,AWS-CHN-024,Chennai,CHN,center,False,
2025-01-02 15:00:00,27.1,1010.7,59.0,AWS-CHN-024,Chennai,CHN,center,False,
2025-01-02 16:00:00,26.7,1010.6,61.0,AWS-CHN-024,Chennai,CHN,center,False,
2025-01-02 17:00:00,25.8,1011.1,67.0,AWS-CHN-024,Chennai,CHN,center,False,
2025-01-02 18:00:00,25.4,1011.4,74.0,AWS-CHN-024,Chennai,CHN,center,False,
2025-01-02 19:00:00,24.9,1012.5,78.0,AWS-CHN-024,Chennai,CHN,center,False,
2025-01-02 20:00:00,24.6,1013.2,80.0,AWS-CHN-024,Chennai,CHN,center,False,
2025-01-02 21:00:00,24.5,1013.6,80.0,AWS-CHN-024,Chennai,CHN,center,False,
2025-01-02 22:00:00,24.4,1013.5,79.0,AWS-CHN-024,Chennai,CHN,center,False,
2025-01-02 23:00:00,24.4,1013.4,77.0,AWS-CHN-024,Chennai,CHN,center,False,
2025-01-03 00:00:00,24.4,1013.0,75.0,AWS-CHN-024,Chennai,CHN,center,False,
2025-01-03 01:00:00,31.71262010739191,1012.1942648624952,100.0,AWS-CHN-024,Chennai,CHN,center,True,multivariate_inconsistency
2025-01-03 02:00:00,31.51262010739191,1011.5753992757644,100.0,AWS-CHN-024,Chennai,CHN,center,True,multivariate_inconsistency
2025-01-03 03:00:00,31.51262010739191,1011.4852222146079,100.0,AWS-CHN-024,Chennai,CHN,center,True,multivariate_inconsistency
2025-01-03 04:00:00,31.01262010739191,1011.1707215847368,100.0,AWS-CHN-024,Chennai,CHN,center,True,multivariate_inconsistency
2025-01-03 05:00:00,23.3,1011.3,75.0,AWS-CHN-024,Chennai,CHN,center,False,
2025-01-03 06:00:00,22.9,1012.5,80.0,AWS-CHN-024,Chennai,CHN,center,False,
2025-01-03 07:00:00,23.3,1013.7,82.0,AWS-CHN-024,Chennai,CHN,center,False,
2025-01-03 08:00:00,24.8,1014.4,80.0,AWS-CHN-024,Chennai,CHN,center,False,
2025-01-03 09:00:00,26.8,1014.8,71.0,AWS-CHN-024,Chennai,CHN,center,False,
2025-01-03 10:00:00,27.8,1014.6,57.0,AWS-CHN-024,Chennai,CHN,center,False,
2025-01-03 11:00:00,28.0,1014.2,55.0,AWS-CHN-024,Chennai,CHN,center,False,
2025-01-03 12:00:00,28.3,1013.0,53.0,AWS-CHN-024,Chennai,CHN,center,False,
2025-01-03 13:00:00,28.3,1012.3,53.0,AWS-CHN-024,Chennai,CHN,center,False,
2025-01-03 14:00:00,28.1,1011.3,52.0,AWS-CHN-024,Chennai,CHN,center,False,
2025-01-03 15:00:00,27.7,1010.8,53.0,AWS-CHN-024,Chennai,CHN,center,False,
2025-01-03 16:00:00,27.0,1010.7,56.0,AWS-CHN-024,Chennai,CHN,center,False,
2025-01-03 17:00:00,26.0,1010.7,62.0,AWS-CHN-024,Chennai,CHN,center,False,
2025-01-03 18:00:00,25.1,1011.2,71.0,AWS-CHN-024,Chennai,CHN,center,False,
2025-01-03 19:00:00,24.7,1012.0,74.0,AWS-CHN-024,Chennai,CHN,center,False,
2025-01-03 20:00:00,24.4,1012.4,75.0,AWS-CHN-024,Chennai,CHN,center,False,
2025-01-03 21:00:00,24.4,1012.6,75.0,AWS-CHN-024,Chennai,CHN,center,False,
2025-01-03 22:00:00,24.2,1012.4,75.0,AWS-CHN-024,Chennai,CHN,center,False,
2025-01-03 23:00:00,23.9,1012.0,76.0,AWS-CHN-024,Chennai,CHN,center,False,
2025-01-04 00:00:00,23.6,1011.6,78.0,AWS-CHN-024,Chennai,CHN,center,False,
2025-01-04 01:00:00,23.4,1011.2,79.0,AWS-CHN-024,Chennai,CHN,center,False,
2025-01-04 02:00:00,23.2,1010.5,79.0,AWS-CHN-024,Chennai,CHN,center,False,
2025-01-04 03:00:00,22.4,1010.1,83.0,AWS-CHN-024,Chennai,CHN,center,False,
2025-01-04 04:00:00,21.9,1010.2,86.0,AWS-CHN-024,Chennai,CHN,center,False,
2025-01-04 05:00:00,21.6,1010.8,89.0,AWS-CHN-024,Chennai,CHN,center,False,
2025-01-04 06:00:00,22.1,1011.8,90.0,AWS-CHN-024,Chennai,CHN,center,False,
2025-01-04 07:00:00,22.9,1012.6,90.0,AWS-CHN-024,Chennai,CHN,center,False,
2025-01-04 08:00:00,24.4,1013.3,84.0,AWS-CHN-024,Chennai,CHN,center,False,
2025-01-04 09:00:00,26.0,1014.0,74.0,AWS-CHN-024,Chennai,CHN,center,False,
2025-01-04 10:00:00,27.2,1013.8,59.0,AWS-CHN-024,Chennai,CHN,center,False,
2025-01-04 11:00:00,27.5,1013.2,56.0,AWS-CHN-024,Chennai,CHN,center,False,
2025-01-04 12:00:00,27.7,1012.2,55.0,AWS-CHN-024,Chennai,CHN,center,False,
2025-01-04 13:00:00,27.6,1011.1,55.0,AWS-CHN-024,Chennai,CHN,center,False,
2025-01-04 14:00:00,27.6,1010.1,54.0,AWS-CHN-024,Chennai,CHN,center,False,
2025-01-04 15:00:00,27.4,1009.7,53.0,AWS-CHN-024,Chennai,CHN,center,False,
2025-01-04 16:00:00,26.9,1009.7,53.0,AWS-CHN-024,Chennai,CHN,center,False,
2025-01-04 17:00:00,25.9,1009.9,62.0,AWS-CHN-024,Chennai,CHN,center,False,
2025-01-04 18:00:00,25.2,1010.4,70.0,AWS-CHN-024,Chennai,CHN,center,False,
2025-01-04 19:00:00,24.9,1011.6,72.0,AWS-CHN-024,Chennai,CHN,center,False,
2025-01-04 20:00:00,24.4,1012.2,75.0,AWS-CHN-024,Chennai,CHN,center,False,
2025-01-04 21:00:00,24.0,1012.6,78.0,AWS-CHN-024,Chennai,CHN,center,False,
2025-01-04 22:00:00,24.0,1012.7,77.0,AWS-CHN-024,Chennai,CHN,center,True,frozen_value
2025-01-04 23:00:00,23.9,1012.6662471992391,77.0,AWS-CHN-024,Chennai,CHN,center,True,frozen_value
2025-01-05 00:00:00,23.7,1012.6653709066074,78.0,AWS-CHN-024,Chennai,CHN,center,True,frozen_value
2025-01-05 01:00:00,23.1,1012.6506087851185,82.0,AWS-CHN-024,Chennai,CHN,center,True,frozen_value
2025-01-05 02:00:00,22.4,1012.59921135217,84.0,AWS-CHN-024,Chennai,CHN,center,True,frozen_value
2025-01-05 03:00:00,22.2,1012.6163816015217,85.0,AWS-CHN-024,Chennai,CHN,center,True,frozen_value
2025-01-05 04:00:00,21.6,1012.6108216974353,87.0,AWS-CHN-024,Chennai,CHN,center,True,frozen_value
2025-01-05 05:00:00,21.4,1012.6171217186602,88.0,AWS-CHN-024,Chennai,CHN,center,True,frozen_value
2025-01-05 06:00:00,21.9,1012.6383289985672,93.0,AWS-CHN-024,Chennai,CHN,center,True,frozen_value
2025-01-05 07:00:00,22.6,1013.1,90.0,AWS-CHN-024,Chennai,CHN,center,False,
2025-01-05 08:00:00,24.4,1013.9,82.0,AWS-CHN-024,Chennai,CHN,center,False,
2025-01-05 09:00:00,26.1,1014.1,72.0,AWS-CHN-024,Chennai,CHN,center,False,
2025-01-05 10:00:00,27.2,1013.8,64.0,AWS-CHN-024,Chennai,CHN,center,False,
2025-01-05 11:00:00,28.0,1013.2,56.0,AWS-CHN-024,Chennai,CHN,center,False,
2025-01-05 12:00:00,28.3,1012.2,51.0,AWS-CHN-024,Chennai,CHN,center,False,
2025-01-05 13:00:00,28.1,1011.2,51.0,AWS-CHN-024,Chennai,CHN,center,False,
2025-01-05 14:00:00,27.9,1010.2,51.0,AWS-CHN-024,Chennai,CHN,center,False,
2025-01-05 15:00:00,27.6,1009.8,51.0,AWS-CHN-024,Chennai,CHN,center,False,
2025-01-05 16:00:00,27.1,1009.8,52.0,AWS-CHN-024,Chennai,CHN,center,False,
2025-01-05 17:00:00,26.1,1010.3,57.0,AWS-CHN-024,Chennai,CHN,center,False,
2025-01-05 18:00:00,25.7,1010.4,70.0,AWS-CHN-024,Chennai,CHN,center,False,
2025-01-05 19:00:00,24.9,1011.4,75.0,AWS-CHN-024,Chennai,CHN,center,False,
2025-01-05 20:00:00,24.2,1012.2,78.0,AWS-CHN-024,Chennai,CHN,center,False,
2025-01-05 21:00:00,24.3,1012.8,76.0,AWS-CHN-024,Chennai,CHN,center,False,
2025-01-05 22:00:00,24.8,1013.0,69.0,AWS-CHN-024,Chennai,CHN,center,False,
2025-01-05 23:00:00,24.2,1012.3,70.0,AWS-CHN-024,Chennai,CHN,center,False,
2025-01-06 00:00:00,23.3,1011.8,75.0,AWS-CHN-024,Chennai,CHN,center,False,
2025-01-06 01:00:00,23.1,1011.1,76.0,AWS-CHN-024,Chennai,CHN,center,False,
2025-01-06 02:00:00,,1010.5,76.0,AWS-CHN-024,Chennai,CHN,center,True,dropout
2025-01-06 03:00:00,22.3,1010.2,79.0,AWS-CHN-024,Chennai,CHN,center,False,
2025-01-06 04:00:00,21.9,1010.3,81.0,AWS-CHN-024,Chennai,CHN,center,False,
2025-01-06 05:00:00,21.7,1010.6,80.0,AWS-CHN-024,Chennai,CHN,center,False,
2025-01-06 06:00:00,23.0,1011.1,20.981152949130575,AWS-CHN-024,Chennai,CHN,center,True,spike
2025-01-06 07:00:00,23.2,1012.2,19.981152949130575,AWS-CHN-024,Chennai,CHN,center,True,spike
2025-01-06 08:00:00,24.7,1013.3,12.981152949130575,AWS-CHN-024,Chennai,CHN,center,True,spike
2025-01-06 09:00:00,26.1,1013.6,6.981152949130575,AWS-CHN-024,Chennai,CHN,center,True,spike
2025-01-06 10:00:00,27.0,1013.4,0.0,AWS-CHN-024,Chennai,CHN,center,True,spike
2025-01-06 11:00:00,27.9,1012.6,56.0,AWS-CHN-024,Chennai,CHN,center,False,
2025-01-06 12:00:00,28.3,1011.5,54.0,AWS-CHN-024,Chennai,CHN,center,False,
2025-01-06 13:00:00,28.3,1010.1,54.0,AWS-CHN-024,Chennai,CHN,center,False,
2025-01-06 14:00:00,28.6,1009.3,54.0,AWS-CHN-024,Chennai,CHN,center,False,
2025-01-06 15:00:00,28.4,1009.2,52.0,AWS-CHN-024,Chennai,CHN,center,False,
2025-01-06 16:00:00,36.224308165940236,1009.618240835217,97.95205562624642,AWS-CHN-024,Chennai,CHN,center,True,multivariate_inconsistency
2025-01-06 17:00:00,35.124308165940235,1010.2837138543622,100.0,AWS-CHN-024,Chennai,CHN,center,True,multivariate_inconsistency
2025-01-06 18:00:00,34.124308165940235,1010.0482301071469,100.0,AWS-CHN-024,Chennai,CHN,center,True,multivariate_inconsistency
2025-01-06 19:00:00,25.3,1011.1,73.0,AWS-CHN-024,Chennai,CHN,center,False,
2025-01-06 20:00:00,25.0,1011.8,75.0,AWS-CHN-024,Chennai,CHN,center,False,
2025-01-06 21:00:00,24.8,1012.3,77.0,AWS-CHN-024,Chennai,CHN,center,False,
2025-01-06 22:00:00,24.7,1012.2,79.0,AWS-CHN-024,Chennai,CHN,center,False,
2025-01-06 23:00:00,24.4,1011.8,,AWS-CHN-024,Chennai,CHN,center,True,dropout
2025-01-07 00:00:00,24.4,1011.4,83.0,AWS-CHN-024,Chennai,CHN,center,False,
2025-01-07 01:00:00,24.2,1011.1,83.0,AWS-CHN-024,Chennai,CHN,center,False,
2025-01-07 02:00:00,24.0,1010.6,84.0,AWS-CHN-024,Chennai,CHN,center,False,
2025-01-07 03:00:00,23.6,1010.3,86.0,AWS-CHN-024,Chennai,CHN,center,False,
2025-01-07 04:00:00,23.1,1010.4,88.0,AWS-CHN-024,Chennai,CHN,center,False,
2025-01-07 05:00:00,22.8,1011.1,89.0,AWS-CHN-024,Chennai,CHN,center,False,
2025-01-07 06:00:00,22.9,1011.8,93.0,AWS-CHN-024,Chennai,CHN,center,False,
2025-01-07 07:00:00,23.1,1012.8,91.0,AWS-CHN-024,Chennai,CHN,center,False,
2025-01-07 08:00:00,24.0,1013.5,87.0,AWS-CHN-024,Chennai,CHN,center,False,
2025-01-07 09:00:00,25.3,1013.5,78.0,AWS-CHN-024,Chennai,CHN,center,False,
2025-01-07 10:00:00,26.3,1013.4,71.0,AWS-CHN-024,Chennai,CHN,center,False,
2025-01-07 11:00:00,26.9,1012.8,67.0,AWS-CHN-024,Chennai,CHN,center,False,
2025-01-07 12:00:00,26.7,1011.8,68.0,AWS-CHN-024,Chennai,CHN,center,False,
2025-01-07 13:00:00,27.0,1010.7,67.0,AWS-CHN-024,Chennai,CHN,center,False,
2025-01-07 14:00:00,27.3,1009.7,63.0,AWS-CHN-024,Chennai,CHN,center,False,
2025-01-07 15:00:00,26.9,1009.3,62.0,AWS-CHN-024,Chennai,CHN,center,False,
2025-01-07 16:00:00,26.5,1009.4,61.0,AWS-CHN-024,Chennai,CHN,center,False,
2025-01-07 17:00:00,25.7,1009.6,65.0,AWS-CHN-024,Chennai,CHN,center,False,
2025-01-07 18:00:00,25.4,1010.1,73.0,AWS-CHN-024,Chennai,CHN,center,False,
2025-01-07 19:00:00,25.1,1010.9,75.0,AWS-CHN-024,Chennai,CHN,center,False,
2025-01-07 20:00:00,24.9,1011.5,76.0,AWS-CHN-024,Chennai,CHN,center,False,
2025-01-07 21:00:00,24.8,1011.8,75.0,AWS-CHN-024,Chennai,CHN,center,False,
2025-01-07 22:00:00,24.6,1011.6,75.0,AWS-CHN-024,Chennai,CHN,center,False,
2025-01-07 23:00:00,24.3,1011.4,75.0,AWS-CHN-024,Chennai,CHN,center,False,
2025-01-08 00:00:00,24.1,1011.0,75.0,AWS-CHN-024,Chennai,CHN,center,False,
2025-01-08 01:00:00,23.7,1010.3,76.0,AWS-CHN-024,Chennai,CHN,center,False,
2025-01-08 02:00:00,23.3,1009.6,77.0,AWS-CHN-024,Chennai,CHN,center,False,
2025-01-08 03:00:00,22.8,1009.2,79.0,AWS-CHN-024,Chennai,CHN,center,False,
2025-01-08 04:00:00,22.1,1009.1,82.0,AWS-CHN-024,Chennai,CHN,center,False,
2025-01-08 05:00:00,21.4,1009.6,85.0,AWS-CHN-024,Chennai,CHN,center,False,
2025-01-08 06:00:00,22.4,1010.3,81.0,AWS-CHN-024,Chennai,CHN,center,False,
2025-01-08 07:00:00,22.8,1011.6,80.0,AWS-CHN-024,Chennai,CHN,center,False,
2025-01-08 08:00:00,24.5,1012.9,75.0,AWS-CHN-024,Chennai,CHN,center,False,
2025-01-08 09:00:00,26.2,1013.4,65.0,AWS-CHN-024,Chennai,CHN,center,False,
2025-01-08 10:00:00,27.3,1013.4,53.0,AWS-CHN-024,Chennai,CHN,center,False,
2025-01-08 11:00:00,27.8,1012.8,50.0,AWS-CHN-024,Chennai,CHN,center,False,
2025-01-08 12:00:00,28.1,1011.7,51.0,AWS-CHN-024,Chennai,CHN,center,False,
2025-01-08 13:00:00,28.1,1010.8,51.0,AWS-CHN-024,Chennai,CHN,center,False,
2025-01-08 14:00:00,28.0,1010.0,50.0,AWS-CHN-024,Chennai,CHN,center,False,
2025-01-08 15:00:00,27.5,1009.7,53.0,AWS-CHN-024,Chennai,CHN,center,False,
2025-01-08 16:00:00,26.9,1009.8,56.0,AWS-CHN-024,Chennai,CHN,center,False,
2025-01-08 17:00:00,26.3,1010.5,59.0,AWS-CHN-024,Chennai,CHN,center,False,
2025-01-08 18:00:00,25.7,1011.1,64.0,AWS-CHN-024,Chennai,CHN,center,False,
2025-01-08 19:00:00,25.4,1012.2,65.0,AWS-CHN-024,Chennai,CHN,center,False,
2025-01-08 20:00:00,25.2,1012.4,65.0,AWS-CHN-024,Chennai,CHN,center,False,
2025-01-08 21:00:00,25.1,1012.8,65.0,AWS-CHN-024,Chennai,CHN,center,False,
2025-01-08 22:00:00,24.9,1012.9,65.0,AWS-CHN-024,Chennai,CHN,center,False,
2025-01-08 23:00:00,24.7,1012.2,65.0,AWS-CHN-024,Chennai,CHN,center,False,
2025-01-09 00:00:00,24.6,1011.5,68.0,AWS-CHN-024,Chennai,CHN,center,False,
2025-01-09 01:00:00,24.8,1010.9,67.0,AWS-CHN-024,Chennai,CHN,center,False,
2025-01-09 02:00:00,24.7,1010.2,65.0,AWS-CHN-024,Chennai,CHN,center,False,
2025-01-09 03:00:00,24.7,1009.9,65.0,AWS-CHN-024,Chennai,CHN,center,False,
2025-01-09 04:00:00,32.37747963750809,1009.8508475877331,100.0,AWS-CHN-024,Chennai,CHN,center,True,multivariate_inconsistency
2025-01-09 05:00:00,32.37747963750809,1010.603777172241,100.0,AWS-CHN-024,Chennai,CHN,center,True,multivariate_inconsistency
2025-01-09 06:00:00,32.177479637508085,1011.4953243237335,100.0,AWS-CHN-024,Chennai,CHN,center,True,multivariate_inconsistency
2025-01-09 07:00:00,32.77747963750809,1012.7834774551962,100.0,AWS-CHN-024,Chennai,CHN,center,True,multivariate_inconsistency
2025-01-09 08:00:00,25.9,1013.5,67.0,AWS-CHN-024,Chennai,CHN,center,False,
2025-01-09 09:00:00,27.0,1014.1,59.0,AWS-CHN-024,Chennai,CHN,center,False,
2025-01-09 10:00:00,27.7,1013.8,52.0,AWS-CHN-024,Chennai,CHN,center,False,
2025-01-09 11:00:00,28.4,1013.0,47.0,AWS-CHN-024,Chennai,CHN,center,False,
2025-01-09 12:00:00,28.5,1012.2,46.0,AWS-CHN-024,Chennai,CHN,center,False,
2025-01-09 13:00:00,28.5,1011.2,46.0,AWS-CHN-024,Chennai,CHN,center,False,
2025-01-09 14:00:00,28.4,1010.6,46.0,AWS-CHN-024,Chennai,CHN,center,False,
2025-01-09 15:00:00,28.2,1010.4,45.0,AWS-CHN-024,Chennai,CHN,center,False,
2025-01-09 16:00:00,27.5,1010.4,49.0,AWS-CHN-024,Chennai,CHN,center,False,
2025-01-09 17:00:00,26.7,1011.0,54.0,AWS-CHN-024,Chennai,CHN,center,False,
2025-01-09 18:00:00,26.3,1011.8,60.0,AWS-CHN-024,Chennai,CHN,center,False,
2025-01-09 19:00:00,25.7,1012.8,65.0,AWS-CHN-024,Chennai,CHN,center,False,
2025-01-09 20:00:00,25.4,1013.6,68.0,AWS-CHN-024,Chennai,CHN,center,False,
2025-01-09 21:00:00,25.5,1014.2,68.0,AWS-CHN-024,Chennai,CHN,center,False,
2025-01-09 22:00:00,25.4,1014.6,69.0,AWS-CHN-024,Chennai,CHN,center,False,
2025-01-09 23:00:00,25.1,1014.1,70.0,AWS-CHN-024,Chennai,CHN,center,False,
2025-01-10 00:00:00,24.9,1013.6,71.0,AWS-CHN-024,Chennai,CHN,center,False,
2025-01-10 01:00:00,24.5,1013.0,74.0,AWS-CHN-024,Chennai,CHN,center,False,
2025-01-10 02:00:00,24.1,1012.3,77.0,AWS-CHN-024,Chennai,CHN,center,False,
2025-01-10 03:00:00,23.9,1011.9,78.0,AWS-CHN-024,Chennai,CHN,center,False,
2025-01-10 04:00:00,24.1,1011.8,77.0,AWS-CHN-024,Chennai,CHN,center,False,
2025-01-10 05:00:00,23.9,1012.2,80.0,AWS-CHN-024,Chennai,CHN,center,False,
2025-01-10 06:00:00,23.6,1012.7,85.0,AWS-CHN-024,Chennai,CHN,center,False,
2025-01-10 07:00:00,24.6,1013.4,81.0,AWS-CHN-024,Chennai,CHN,center,False,
2025-01-10 08:00:00,26.0,1014.4,76.0,AWS-CHN-024,Chennai,CHN,center,False,
2025-01-10 09:00:00,27.5,1014.9,66.0,AWS-CHN-024,Chennai,CHN,center,False,
2025-01-10 10:00:00,28.4,1015.0,59.0,AWS-CHN-024,Chennai,CHN,center,False,
2025-01-10 11:00:00,27.9,1014.3,61.0,AWS-CHN-024,Chennai,CHN,center,False,
2025-01-10 12:00:00,28.0,1013.5,62.0,AWS-CHN-024,Chennai,CHN,center,False,
2025-01-10 13:00:00,28.1,1012.6,62.0,AWS-CHN-024,Chennai,CHN,center,False,
2025-01-10 14:00:00,27.6,1011.9,64.0,AWS-CHN-024,Chennai,CHN,center,False,
2025-01-10 15:00:00,27.5,1011.5,64.0,AWS-CHN-024,Chennai,CHN,center,False,
2025-01-10 16:00:00,26.9,1011.6,67.0,AWS-CHN-024,Chennai,CHN,center,False,
2025-01-10 17:00:00,26.3,1012.3,70.0,AWS-CHN-024,Chennai,CHN,center,False,
2025-01-10 18:00:00,25.8,1012.8,75.0,AWS-CHN-024,Chennai,CHN,center,False,
2025-01-10 19:00:00,26.0,1013.8,72.0,AWS-CHN-024,Chennai,CHN,center,False,
2025-01-10 20:00:00,19.927801788424453,1021.0877507059066,88.77316207245255,AWS-CHN-024,Chennai,CHN,center,True,unstructured_anomaly
2025-01-10 21:00:00,18.505945087925642,1021.2546320643859,56.114269150637355,AWS-CHN-024,Chennai,CHN,center,True,unstructured_anomaly
2025-01-10 22:00:00,30.787820461510123,1008.0461813161703,60.619431623227904,AWS-CHN-024,Chennai,CHN,center,True,unstructured_anomaly
2025-01-10 23:00:00,18.65216578093427,1021.9255427450212,93.35299553974903,AWS-CHN-024,Chennai,CHN,center,True,unstructured_anomaly
2025-01-11 00:00:00,31.012402315871956,1006.3381261911754,90.88446798130354,AWS-CHN-024,Chennai,CHN,center,True,unstructured_anomaly
2025-01-11 01:00:00,25.4,1012.9,76.0,AWS-CHN-024,Chennai,CHN,center,False,
2025-01-11 02:00:00,25.2,1012.4,77.0,AWS-CHN-024,Chennai,CHN,center,False,
2025-01-11 03:00:00,24.9,1012.1,78.0,AWS-CHN-024,Chennai,CHN,center,False,
2025-01-11 04:00:00,24.8,1012.2,78.0,AWS-CHN-024,Chennai,CHN,center,False,
2025-01-11 05:00:00,24.6,1012.3,80.0,AWS-CHN-024,Chennai,CHN,center,False,
2025-01-11 06:00:00,25.7,1012.4,70.0,AWS-CHN-024,Chennai,CHN,center,False,
2025-01-11 07:00:00,25.9,1013.4,70.0,AWS-CHN-024,Chennai,CHN,center,False,
2025-01-11 08:00:00,26.7,1014.5,65.0,AWS-CHN-024,Chennai,CHN,center,False,
2025-01-11 09:00:00,27.4,1015.2,62.0,AWS-CHN-024,Chennai,CHN,center,False,
2025-01-11 10:00:00,27.9,1015.2,59.0,AWS-CHN-024,Chennai,CHN,center,False,
2025-01-11 11:00:00,28.3,1015.1,56.0,AWS-CHN-024,Chennai,CHN,center,False,
2025-01-11 12:00:00,28.5,1013.8,54.0,AWS-CHN-024,Chennai,CHN,center,False,
2025-01-11 13:00:00,28.2,1012.5,55.0,AWS-CHN-024,Chennai,CHN,center,False,
2025-01-11 14:00:00,28.2,1011.7,54.0,AWS-CHN-024,Chennai,CHN,center,False,
2025-01-11 15:00:00,27.7,1011.4,56.0,AWS-CHN-024,Chennai,CHN,center,False,
2025-01-11 16:00:00,27.2,1011.5,57.0,AWS-CHN-024,Chennai,CHN,center,False,
2025-01-11 17:00:00,26.6,1011.9,59.0,AWS-CHN-024,Chennai,CHN,center,False,
2025-01-11 18:00:00,25.6,1012.4,68.0,AWS-CHN-024,Chennai,CHN,center,False,
2025-01-11 19:00:00,25.4,1013.3,68.0,AWS-CHN-024,Chennai,CHN,center,False,
2025-01-11 20:00:00,25.3,1013.9,68.0,AWS-CHN-024,Chennai,CHN,center,False,
2025-01-11 21:00:00,25.5,1014.5,68.0,AWS-CHN-024,Chennai,CHN,center,False,
2025-01-11 22:00:00,25.2,1014.5,70.0,AWS-CHN-024,Chennai,CHN,center,False,
2025-01-11 23:00:00,24.8,1014.3,72.0,AWS-CHN-024,Chennai,CHN,center,False,
2025-01-12 00:00:00,24.7,1013.9,73.0,AWS-CHN-024,Chennai,CHN,center,False,
2025-01-12 01:00:00,24.4,1012.9,73.0,AWS-CHN-024,Chennai,CHN,center,False,
2025-01-12 02:00:00,24.3,1012.1,73.0,AWS-CHN-024,Chennai,CHN,center,False,
2025-01-12 03:00:00,24.1,1011.7,74.0,AWS-CHN-024,Chennai,CHN,center,False,
2025-01-12 04:00:00,24.1,1011.6,74.0,AWS-CHN-024,Chennai,CHN,center,False,
2025-01-12 05:00:00,24.3,1012.2,73.0,AWS-CHN-024,Chennai,CHN,center,False,
2025-01-12 06:00:00,25.4,1012.2,73.0,AWS-CHN-024,Chennai,CHN,center,False,
2025-01-12 07:00:00,25.5,1013.1,71.0,AWS-CHN-024,Chennai,CHN,center,False,
2025-01-12 08:00:00,26.1,1014.2,68.0,AWS-CHN-024,Chennai,CHN,center,False,
2025-01-12 09:00:00,26.4,1014.7,69.0,AWS-CHN-024,Chennai,CHN,center,False,
2025-01-12 10:00:00,26.4,1014.3,71.0,AWS-CHN-024,Chennai,CHN,center,False,
2025-01-12 11:00:00,26.1,1013.9,73.0,AWS-CHN-024,Chennai,CHN,center,False,
2025-01-12 12:00:00,26.8,1013.0,68.0,AWS-CHN-024,Chennai,CHN,center,False,
2025-01-12 13:00:00,26.4,1012.0,69.0,AWS-CHN-024,Chennai,CHN,center,False,
2025-01-12 14:00:00,26.5,1011.1,70.0,AWS-CHN-024,Chennai,CHN,center,False,
2025-01-12 15:00:00,26.0,1010.8,73.0,AWS-CHN-024,Chennai,CHN,center,False,
2025-01-12 16:00:00,25.9,1010.8,74.0,AWS-CHN-024,Chennai,CHN,center,False,
2025-01-12 17:00:00,25.7,1011.3,77.0,AWS-CHN-024,Chennai,CHN,center,False,
2025-01-12 18:00:00,25.6,1011.8,81.0,AWS-CHN-024,Chennai,CHN,center,False,
2025-01-12 19:00:00,25.7,1012.6,80.0,AWS-CHN-024,Chennai,CHN,center,False,
2025-01-12 20:00:00,25.6,1013.2,80.0,AWS-CHN-024,Chennai,CHN,center,False,
2025-01-12 21:00:00,25.4,1013.6,83.0,AWS-CHN-024,Chennai,CHN,center,False,
2025-01-12 22:00:00,24.8,1013.4,87.0,AWS-CHN-024,Chennai,CHN,center,False,
2025-01-12 23:00:00,24.8,1013.0,87.0,AWS-CHN-024,Chennai,CHN,center,False,
2025-01-13 00:00:00,24.5,1012.4,89.0,AWS-CHN-024,Chennai,CHN,center,False,
2025-01-13 01:00:00,23.7,1011.5,92.0,AWS-CHN-024,Chennai,CHN,center,False,
2025-01-13 02:00:00,23.6,1010.8,91.0,AWS-CHN-024,Chennai,CHN,center,False,
2025-01-13 03:00:00,23.6,1010.2,93.0,AWS-CHN-024,Chennai,CHN,center,False,
2025-01-13 04:00:00,23.8,1010.1,94.0,AWS-CHN-024,Chennai,CHN,center,False,
2025-01-13 05:00:00,23.8,1010.4,92.0,AWS-CHN-024,Chennai,CHN,center,False,
2025-01-13 06:00:00,24.1,1011.0,94.0,AWS-CHN-024,Chennai,CHN,center,False,
2025-01-13 07:00:00,24.5,1012.0,92.0,AWS-CHN-024,Chennai,CHN,center,False,
2025-01-13 08:00:00,25.2,1012.9,87.0,AWS-CHN-024,Chennai,CHN,center,False,
2025-01-13 09:00:00,25.9,1013.3,82.0,AWS-CHN-024,Chennai,CHN,center,False,
2025-01-13 10:00:00,26.0,1012.9,82.0,AWS-CHN-024,Chennai,CHN,center,False,
2025-01-13 11:00:00,26.4,1012.2,79.0,AWS-CHN-024,Chennai,CHN,center,False,
2025-01-13 12:00:00,26.4,1011.0,80.0,AWS-CHN-024,Chennai,CHN,center,False,
2025-01-13 13:00:00,26.7,1009.8,78.0,AWS-CHN-024,Chennai,CHN,center,False,
2025-01-13 14:00:00,26.9,1009.2,77.0,AWS-CHN-024,Chennai,CHN,center,False,
2025-01-13 15:00:00,26.4,1008.8,81.0,AWS-CHN-024,Chennai,CHN,center,False,
2025-01-13 16:00:00,26.2,1009.2,79.0,AWS-CHN-024,Chennai,CHN,center,False,
2025-01-13 17:00:00,26.1,-0.04152673846071902,78.0,AWS-CHN-024,Chennai,CHN,center,True,sensor_fail_low
2025-01-13 18:00:00,26.1,-0.038467960290424284,77.0,AWS-CHN-024,Chennai,CHN,center,True,sensor_fail_low
2025-01-13 19:00:00,26.2,-0.014930714304605689,77.0,AWS-CHN-024,Chennai,CHN,center,True,sensor_fail_low
2025-01-13 20:00:00,26.1,0.04070217514463445,79.0,AWS-CHN-024,Chennai,CHN,center,True,sensor_fail_low
2025-01-13 21:00:00,25.9,1012.7,80.0,AWS-CHN-024,Chennai,CHN,center,False,
2025-01-13 22:00:00,25.7,1012.9,81.0,AWS-CHN-024,Chennai,CHN,center,False,
2025-01-13 23:00:00,25.5,1012.4,81.0,AWS-CHN-024,Chennai,CHN,center,False,
2025-01-14 00:00:00,25.2,1011.9,82.0,AWS-CHN-024,Chennai,CHN,center,False,
2025-01-14 01:00:00,24.8,1011.1,85.0,AWS-CHN-024,Chennai,CHN,center,False,
2025-01-14 02:00:00,24.7,1010.5,86.0,AWS-CHN-024,Chennai,CHN,center,False,
2025-01-14 03:00:00,24.7,1009.8,85.0,AWS-CHN-024,Chennai,CHN,center,False,
2025-01-14 04:00:00,24.6,1010.1,84.0,AWS-CHN-024,Chennai,CHN,center,False,
2025-01-14 05:00:00,24.6,1010.8,84.0,AWS-CHN-024,Chennai,CHN,center,False,
2025-01-14 06:00:00,25.1,1011.9,81.0,AWS-CHN-024,Chennai,CHN,center,False,
2025-01-14 07:00:00,25.5,1012.9,79.0,AWS-CHN-024,Chennai,CHN,center,False,
2025-01-14 08:00:00,26.7,1013.8,71.0,AWS-CHN-024,Chennai,CHN,center,False,
2025-01-14 09:00:00,27.3,1014.5,69.0,AWS-CHN-024,Chennai,CHN,center,False,
2025-01-14 10:00:00,27.7,1014.2,67.0,AWS-CHN-024,Chennai,CHN,center,False,
2025-01-14 11:00:00,28.0,1014.0,66.0,AWS-CHN-024,Chennai,CHN,center,False,
2025-01-14 12:00:00,28.2,1013.1,65.0,AWS-CHN-024,Chennai,CHN,center,False,
2025-01-14 13:00:00,28.0,1012.0,65.0,AWS-CHN-024,Chennai,CHN,center,False,
2025-01-14 14:00:00,27.0,1011.3,71.0,AWS-CHN-024,Chennai,CHN,center,False,
2025-01-14 15:00:00,27.1,1010.9,70.0,AWS-CHN-024,Chennai,CHN,center,False,
2025-01-14 16:00:00,27.1,1011.1,68.0,AWS-CHN-024,Chennai,CHN,center,False,
2025-01-14 17:00:00,26.4,1011.6,71.0,AWS-CHN-024,Chennai,CHN,center,False,
2025-01-14 18:00:00,26.0,1012.4,77.0,AWS-CHN-024,Chennai,CHN,center,False,
2025-01-14 19:00:00,25.9,1013.2,78.0,AWS-CHN-024,Chennai,CHN,center,False,
2025-01-14 20:00:00,26.0,1014.0,77.0,AWS-CHN-024,Chennai,CHN,center,False,
2025-01-14 21:00:00,25.9,1014.2,76.0,AWS-CHN-024,Chennai,CHN,center,False,
2025-01-14 22:00:00,25.7,1014.2,76.0,AWS-CHN-024,Chennai,CHN,center,False,
2025-01-14 23:00:00,25.4,1013.8,77.0,AWS-CHN-024,Chennai,CHN,center,False,
2025-01-15 00:00:00,25.5,1013.2,77.0,AWS-CHN-024,Chennai,CHN,center,False,
2025-01-15 01:00:00,25.3,1012.5,77.0,AWS-CHN-024,Chennai,CHN,center,False,
2025-01-15 02:00:00,25.2,1011.8,76.0,AWS-CHN-024,Chennai,CHN,center,False,
2025-01-15 03:00:00,25.3,1011.7,75.0,AWS-CHN-024,Chennai,CHN,center,False,
2025-01-15 04:00:00,25.4,1011.7,75.0,AWS-CHN-024,Chennai,CHN,center,False,
2025-01-15 05:00:00,25.3,1012.3,75.0,AWS-CHN-024,Chennai,CHN,center,False,
2025-01-15 06:00:00,25.4,1013.0,77.0,AWS-CHN-024,Chennai,CHN,center,False,
2025-01-15 07:00:00,25.9,1014.1,75.0,AWS-CHN-024,Chennai,CHN,center,False,
2025-01-15 08:00:00,26.9,1015.0,68.0,AWS-CHN-024,Chennai,CHN,center,False,
2025-01-15 09:00:00,27.9,1015.4,62.0,AWS-CHN-024,Chennai,CHN,center,False,
2025-01-15 10:00:00,28.4,1015.3,60.0,AWS-CHN-024,Chennai,CHN,center,False,
2025-01-15 11:00:00,28.7,1003.6019858981831,59.0,AWS-CHN-024,Chennai,CHN,center,True,spike
2025-01-15 12:00:00,28.9,1002.5019858981832,58.0,AWS-CHN-024,Chennai,CHN,center,True,spike
2025-01-15 13:00:00,28.8,1001.4019858981832,58.0,AWS-CHN-024,Chennai,CHN,center,True,spike
2025-01-15 14:00:00,28.6,1000.4019858981832,58.0,AWS-CHN-024,Chennai,CHN,center,True,spike
2025-01-15 15:00:00,28.2,999.9019858981832,60.0,AWS-CHN-024,Chennai,CHN,center,True,spike
2025-01-15 16:00:00,27.6,1000.0019858981832,61.0,AWS-CHN-024,Chennai,CHN,center,True,spike
2025-01-15 17:00:00,26.8,1011.8,65.0,AWS-CHN-024,Chennai,CHN,center,False,
2025-01-15 18:00:00,26.2,1012.8,73.0,AWS-CHN-024,Chennai,CHN,center,False,
2025-01-15 19:00:00,26.0,1013.5,73.0,AWS-CHN-024,Chennai,CHN,center,False,
2025-01-15 20:00:00,25.9,1014.2,74.0,AWS-CHN-024,Chennai,CHN,center,False,
2025-01-15 21:00:00,25.8,1014.8,72.0,AWS-CHN-024,Chennai,CHN,center,False,
2025-01-15 22:00:00,25.6,1014.8,72.0,AWS-CHN-024,Chennai,CHN,center,False,
2025-01-15 23:00:00,25.3,1014.4,72.0,AWS-CHN-024,Chennai,CHN,center,False,
2025-01-16 00:00:00,25.2,1014.0,73.0,AWS-CHN-024,Chennai,CHN,center,False,
2025-01-16 01:00:00,25.1,1013.0,73.0,AWS-CHN-024,Chennai,CHN,center,False,
2025-01-16 02:00:00,25.0,1012.1,73.0,AWS-CHN-024,Chennai,CHN,center,False,
2025-01-16 03:00:00,24.9,1011.4,73.0,AWS-CHN-024,Chennai,CHN,center,False,
2025-01-16 04:00:00,24.8,1011.2,73.0,AWS-CHN-024,Chennai,CHN,center,False,
2025-01-16 05:00:00,24.9,1011.5,73.0,AWS-CHN-024,Chennai,CHN,center,False,
2025-01-16 06:00:00,25.2,1012.7,73.0,AWS-CHN-024,Chennai,CHN,center,False,
2025-01-16 07:00:00,25.5,1013.5,72.0,AWS-CHN-024,Chennai,CHN,center,False,
2025-01-16 08:00:00,26.9,1014.4,64.0,AWS-CHN-024,Chennai,CHN,center,False,
2025-01-16 09:00:00,27.6,1014.8,60.0,AWS-CHN-024,Chennai,CHN,center,False,
2025-01-16 10:00:00,28.1,1014.6,58.0,AWS-CHN-024,Chennai,CHN,center,False,
2025-01-16 11:00:00,28.3,1014.3,58.0,AWS-CHN-024,Chennai,CHN,center,False,
2025-01-16 12:00:00,28.3,1013.4,57.0,AWS-CHN-024,Chennai,CHN,center,False,
2025-01-16 13:00:00,28.0,1012.2,57.0,AWS-CHN-024,Chennai,CHN,center,False,
2025-01-16 14:00:00,27.7,1011.5,59.0,AWS-CHN-024,Chennai,CHN,center,False,
2025-01-16 15:00:00,27.5,1011.3,60.0,AWS-CHN-024,Chennai,CHN,center,False,
2025-01-16 16:00:00,26.9,1011.4,62.0,AWS-CHN-024,Chennai,CHN,center,False,
2025-01-16 17:00:00,26.2,1011.8,65.0,AWS-CHN-024,Chennai,CHN,center,False,
2025-01-16 18:00:00,25.8,1012.2,70.0,AWS-CHN-024,Chennai,CHN,center,False,
2025-01-16 19:00:00,25.5,1013.3,72.0,AWS-CHN-024,Chennai,CHN,center,False,
2025-01-16 20:00:00,25.3,1014.2,72.0,AWS-CHN-024,Chennai,CHN,center,False,
2025-01-16 21:00:00,25.1,1015.1,73.0,AWS-CHN-024,Chennai,CHN,center,False,
2025-01-16 22:00:00,25.1,1015.4,72.0,AWS-CHN-024,Chennai,CHN,center,False,
2025-01-16 23:00:00,25.2,1014.6,71.0,AWS-CHN-024,Chennai,CHN,center,False,
2025-01-17 00:00:00,25.0,1014.0,72.0,AWS-CHN-024,Chennai,CHN,center,False,
2025-01-17 01:00:00,24.7,1013.0,74.0,AWS-CHN-024,Chennai,CHN,center,False,
2025-01-17 02:00:00,24.7,1011.9,74.0,AWS-CHN-024,Chennai,CHN,center,False,
2025-01-17 03:00:00,24.4,1011.2,75.0,AWS-CHN-024,Chennai,CHN,center,False,
2025-01-17 04:00:00,23.9,1011.0,79.0,AWS-CHN-024,Chennai,CHN,center,False,
2025-01-17 05:00:00,23.7,1011.4,80.0,AWS-CHN-024,Chennai,CHN,center,False,
2025-01-17 06:00:00,24.1,1012.2,81.0,AWS-CHN-024,Chennai,CHN,center,False,
2025-01-17 07:00:00,24.8,1012.9,78.0,AWS-CHN-024,Chennai,CHN,center,False,
2025-01-17 08:00:00,25.9,1013.6,71.0,AWS-CHN-024,Chennai,CHN,center,False,
2025-01-17 09:00:00,26.6,1013.7,68.0,AWS-CHN-024,Chennai,CHN,center,False,
2025-01-17 10:00:00,27.1,1013.3,65.0,AWS-CHN-024,Chennai,CHN,center,False,
2025-01-17 11:00:00,27.4,1012.8,62.0,AWS-CHN-024,Chennai,CHN,center,False,
2025-01-17 12:00:00,27.3,1011.9,63.0,AWS-CHN-024,Chennai,CHN,center,False,
2025-01-17 13:00:00,27.1,1011.0,63.0,AWS-CHN-024,Chennai,CHN,center,False,
2025-01-17 14:00:00,26.9,1010.1,65.0,AWS-CHN-024,Chennai,CHN,center,False,
2025-01-17 15:00:00,27.0,1009.9,64.0,AWS-CHN-024,Chennai,CHN,center,False,
2025-01-17 16:00:00,26.6,1010.1,65.0,AWS-CHN-024,Chennai,CHN,center,False,
2025-01-17 17:00:00,25.8,1010.5,68.0,AWS-CHN-024,Chennai,CHN,center,False,
2025-01-17 18:00:00,25.7,1011.0,67.0,AWS-CHN-024,Chennai,CHN,center,True,drift
2025-01-17 19:00:00,25.3,1012.0,70.61844546620854,AWS-CHN-024,Chennai,CHN,center,True,drift
2025-01-17 20:00:00,25.1,1012.3,72.23689093241708,AWS-CHN-024,Chennai,CHN,center,True,drift
2025-01-17 21:00:00,25.0,1013.0,73.85533639862562,AWS-CHN-024,Chennai,CHN,center,True,drift
2025-01-17 22:00:00,24.8,1013.1,74.47378186483417,AWS-CHN-024,Chennai,CHN,center,True,drift
2025-01-17 23:00:00,24.7,1012.8,75.09222733104271,AWS-CHN-024,Chennai,CHN,center,True,drift
2025-01-18 00:00:00,24.4,1012.2,75.71067279725125,AWS-CHN-024,Chennai,CHN,center,True,drift
2025-01-18 01:00:00,24.0,1011.3,77.32911826345979,AWS-CHN-024,Chennai,CHN,center,True,drift
2025-01-18 02:00:00,23.8,1010.8,77.94756372966833,AWS-CHN-024,Chennai,CHN,center,True,drift
2025-01-18 03:00:00,23.5,1010.2,80.56600919587687,AWS-CHN-024,Chennai,CHN,center,True,drift
2025-01-18 04:00:00,23.2,1010.0,83.18445466208541,AWS-CHN-024,Chennai,CHN,center,True,drift
2025-01-18 05:00:00,23.1,0.06463424799947849,84.80290012829396,AWS-CHN-024,Chennai,CHN,center,True,sensor_fail_low
2025-01-18 06:00:00,23.9,0.0487520927649159,82.4213455945025,AWS-CHN-024,Chennai,CHN,center,True,sensor_fail_low
2025-01-18 07:00:00,24.7,-0.02020457458546153,80.03979106071104,AWS-CHN-024,Chennai,CHN,center,True,sensor_fail_low
2025-01-18 08:00:00,26.4,-0.03065173708121634,70.65823652691958,AWS-CHN-024,Chennai,CHN,center,True,sensor_fail_low
2025-01-18 09:00:00,27.4,1013.0,67.27668199312811,AWS-CHN-024,Chennai,CHN,center,True,drift
2025-01-18 10:00:00,28.2,1012.9,64.89512745933666,AWS-CHN-024,Chennai,CHN,center,True,drift
2025-01-18 11:00:00,27.3,1012.5,71.51357292554519,AWS-CHN-024,Chennai,CHN,center,True,drift
2025-01-18 12:00:00,27.1,1011.8,75.13201839175373,AWS-CHN-024,Chennai,CHN,center,True,drift
2025-01-18 13:00:00,27.4,1010.4,75.75046385796227,AWS-CHN-024,Chennai,CHN,center,True,drift
2025-01-18 14:00:00,27.2,1009.4,76.36890932417082,AWS-CHN-024,Chennai,CHN,center,True,drift
2025-01-18 15:00:00,26.9,1009.0,78.98735479037936,AWS-CHN-024,Chennai,CHN,center,True,drift
2025-01-18 16:00:00,26.6,1009.1,82.6058002565879,AWS-CHN-024,Chennai,CHN,center,True,drift
2025-01-18 17:00:00,26.3,1009.4,86.22424572279644,AWS-CHN-024,Chennai,CHN,center,True,drift
2025-01-18 18:00:00,25.6,1010.2,90.84269118900498,AWS-CHN-024,Chennai,CHN,center,True,drift
2025-01-18 19:00:00,25.0,1011.1,95.46113665521352,AWS-CHN-024,Chennai,CHN,center,True,drift
2025-01-18 20:00:00,24.8,1011.9,98.07958212142206,AWS-CHN-024,Chennai,CHN,center,True,drift
2025-01-18 21:00:00,24.5,1012.3,100.0,AWS-CHN-024,Chennai,CHN,center,True,drift
2025-01-18 22:00:00,24.4,1012.1,100.0,AWS-CHN-024,Chennai,CHN,center,True,drift
2025-01-18 23:00:00,24.3,1011.7,100.0,AWS-CHN-024,Chennai,CHN,center,True,drift
2025-01-19 00:00:00,24.1,1011.3,91.0,AWS-CHN-024,Chennai,CHN,center,False,
2025-01-19 01:00:00,23.9,1010.7,92.0,AWS-CHN-024,Chennai,CHN,center,False,
2025-01-19 02:00:00,23.9,1010.0,92.0,AWS-CHN-024,Chennai,CHN,center,False,
2025-01-19 03:00:00,23.6,1009.7,94.0,AWS-CHN-024,Chennai,CHN,center,False,
2025-01-19 04:00:00,23.4,1009.8,95.0,AWS-CHN-024,Chennai,CHN,center,False,
2025-01-19 05:00:00,23.3,1010.2,93.0,AWS-CHN-024,Chennai,CHN,center,False,
2025-01-19 06:00:00,24.1,1011.1,91.0,AWS-CHN-024,Chennai,CHN,center,False,
2025-01-19 07:00:00,24.6,1012.2,91.0,AWS-CHN-024,Chennai,CHN,center,False,
2025-01-19 08:00:00,25.4,1013.0,87.0,AWS-CHN-024,Chennai,CHN,center,False,
2025-01-19 09:00:00,25.1,1013.5,87.0,AWS-CHN-024,Chennai,CHN,center,False,
2025-01-19 10:00:00,26.7,1012.9,80.0,AWS-CHN-024,Chennai,CHN,center,False,
2025-01-19 11:00:00,26.7,1012.4,76.0,AWS-CHN-024,Chennai,CHN,center,False,
2025-01-19 12:00:00,27.1,1011.7,77.0,AWS-CHN-024,Chennai,CHN,center,False,
2025-01-19 13:00:00,27.3,1010.8,75.0,AWS-CHN-024,Chennai,CHN,center,False,
2025-01-19 14:00:00,27.4,1009.9,74.0,AWS-CHN-024,Chennai,CHN,center,False,
2025-01-19 15:00:00,26.9,1009.5,75.0,AWS-CHN-024,Chennai,CHN,center,False,
2025-01-19 16:00:00,26.5,1009.5,76.0,AWS-CHN-024,Chennai,CHN,center,False,
2025-01-19 17:00:00,25.7,1009.7,80.0,AWS-CHN-024,Chennai,CHN,center,False,
2025-01-19 18:00:00,25.5,1010.3,85.0,AWS-CHN-024,Chennai,CHN,center,False,
2025-01-19 19:00:00,25.3,1011.2,86.0,AWS-CHN-024,Chennai,CHN,center,False,
2025-01-19 20:00:00,25.2,1011.8,86.0,AWS-CHN-024,Chennai,CHN,center,False,
2025-01-19 21:00:00,24.9,1011.9,84.0,AWS-CHN-024,Chennai,CHN,center,False,
2025-01-19 22:00:00,24.7,1011.8,84.0,AWS-CHN-024,Chennai,CHN,center,False,
2025-01-19 23:00:00,24.5,1011.9,84.0,AWS-CHN-024,Chennai,CHN,center,False,
2025-01-20 00:00:00,24.3,1011.7,85.0,AWS-CHN-024,Chennai,CHN,center,False,
2025-01-20 01:00:00,24.1,1011.0,86.0,AWS-CHN-024,Chennai,CHN,center,False,
2025-01-20 02:00:00,23.8,1010.1,87.0,AWS-CHN-024,Chennai,CHN,center,False,
2025-01-20 03:00:00,23.6,1009.6,89.0,AWS-CHN-024,Chennai,CHN,center,False,
2025-01-20 04:00:00,23.4,1009.6,89.0,AWS-CHN-024,Chennai,CHN,center,False,
2025-01-20 05:00:00,23.2,1010.0,89.0,AWS-CHN-024,Chennai,CHN,center,False,
2025-01-20 06:00:00,23.3,1011.0,89.0,AWS-CHN-024,Chennai,CHN,center,False,
2025-01-20 07:00:00,23.4,1011.9,91.0,AWS-CHN-024,Chennai,CHN,center,False,
2025-01-20 08:00:00,24.6,1012.6,89.0,AWS-CHN-024,Chennai,CHN,center,False,
2025-01-20 09:00:00,25.9,1013.0,78.0,AWS-CHN-024,Chennai,CHN,center,False,
2025-01-20 10:00:00,27.0,1012.7,70.0,AWS-CHN-024,Chennai,CHN,center,False,
2025-01-20 11:00:00,27.4,1012.0,65.0,AWS-CHN-024,Chennai,CHN,center,False,
2025-01-20 12:00:00,27.6,1011.2,63.0,AWS-CHN-024,Chennai,CHN,center,False,
2025-01-20 13:00:00,27.5,1010.2,62.0,AWS-CHN-024,Chennai,CHN,center,False,
2025-01-20 14:00:00,27.3,1009.4,64.0,AWS-CHN-024,Chennai,CHN,center,False,
2025-01-20 15:00:00,26.9,1008.8,66.0,AWS-CHN-024,Chennai,CHN,center,False,
2025-01-20 16:00:00,26.3,1009.0,67.0,AWS-CHN-024,Chennai,CHN,center,False,
2025-01-20 17:00:00,25.6,1009.2,72.0,AWS-CHN-024,Chennai,CHN,center,False,
2025-01-20 18:00:00,25.2,1009.3,77.0,AWS-CHN-024,Chennai,CHN,center,False,
2025-01-20 19:00:00,24.9,1010.3,78.0,AWS-CHN-024,Chennai,CHN,center,False,
2025-01-20 20:00:00,24.6,1010.8,79.0,AWS-CHN-024,Chennai,CHN,center,False,
2025-01-20 21:00:00,24.5,1011.4,79.0,AWS-CHN-024,Chennai,CHN,center,False,
2025-01-20 22:00:00,24.3,1011.4,79.0,AWS-CHN-024,Chennai,CHN,center,False,
2025-01-20 23:00:00,24.0,1011.1,80.0,AWS-CHN-024,Chennai,CHN,center,False,
2025-01-21 00:00:00,23.7,1010.5,81.0,AWS-CHN-024,Chennai,CHN,center,False,
2025-01-21 01:00:00,23.3,1009.9,81.0,AWS-CHN-024,Chennai,CHN,center,False,
2025-01-21 02:00:00,28.59606962831335,1001.307041060659,64.82946085015139,AWS-CHN-024,Chennai,CHN,center,True,unstructured_anomaly
2025-01-21 03:00:00,29.02163762191757,1001.8463867076434,95.0,AWS-CHN-024,Chennai,CHN,center,True,unstructured_anomaly
2025-01-21 04:00:00,15.633810855262656,1017.1769078793719,95.0,AWS-CHN-024,Chennai,CHN,center,True,unstructured_anomaly
2025-01-21 05:00:00,29.004178464819425,1002.1274533396496,69.20186652801175,AWS-CHN-024,Chennai,CHN,center,True,unstructured_anomaly
2025-01-21 06:00:00,16.79989863436574,1016.9699908961583,65.67262779034988,AWS-CHN-024,Chennai,CHN,center,True,unstructured_anomaly
2025-01-21 07:00:00,29.129889677847256,1002.3340183238683,95.0,AWS-CHN-024,Chennai,CHN,center,True,unstructured_anomaly
2025-01-21 08:00:00,25.1,1011.6,74.0,AWS-CHN-024,Chennai,CHN,center,False,
2025-01-21 09:00:00,26.3,1012.2,65.0,AWS-CHN-024,Chennai,CHN,center,False,
2025-01-21 10:00:00,27.0,1012.1,61.0,AWS-CHN-024,Chennai,CHN,center,False,
2025-01-21 11:00:00,27.5,1011.6,59.0,AWS-CHN-024,Chennai,CHN,center,False,
2025-01-21 12:00:00,27.7,1010.9,58.0,AWS-CHN-024,Chennai,CHN,center,False,
2025-01-21 13:00:00,27.8,1009.8,56.0,AWS-CHN-024,Chennai,CHN,center,False,
2025-01-21 14:00:00,27.6,1008.9,56.0,AWS-CHN-024,Chennai,CHN,center,True,drift
2025-01-21 15:00:00,27.4,1008.6174029700867,56.0,AWS-CHN-024,Chennai,CHN,center,True,drift
2025-01-21 16:00:00,26.9,1008.5573287587416,56.0,AWS-CHN-024,Chennai,CHN,center,True,drift
2025-01-21 17:00:00,26.2,1008.8152624302761,60.0,AWS-CHN-024,Chennai,CHN,center,True,drift
2025-01-21 18:00:00,25.3,1009.0892506191009,72.0,AWS-CHN-024,Chennai,CHN,center,True,drift
2025-01-21 19:00:00,24.8,1009.9780617721761,77.0,AWS-CHN-024,Chennai,CHN,center,True,drift
2025-01-21 20:00:00,24.5,1010.8808126099112,78.0,AWS-CHN-024,Chennai,CHN,center,True,drift
2025-01-21 21:00:00,24.3,1011.5968231130992,79.0,AWS-CHN-024,Chennai,CHN,center,True,drift
2025-01-21 22:00:00,24.2,1011.6255453988626,80.0,AWS-CHN-024,Chennai,CHN,center,True,drift
2025-01-21 23:00:00,24.0,1011.366523780075,80.0,AWS-CHN-024,Chennai,CHN,center,True,drift
2025-01-22 00:00:00,23.8,1011.0193702175366,81.0,AWS-CHN-024,Chennai,CHN,center,True,drift
2025-01-22 01:00:00,23.3,1010.4837482184581,83.0,AWS-CHN-024,Chennai,CHN,center,True,drift
2025-01-22 02:00:00,22.9,1010.0593617409329,85.0,AWS-CHN-024,Chennai,CHN,center,True,drift
2025-01-22 03:00:00,22.7,1009.9459472455504,86.0,AWS-CHN-024,Chennai,CHN,center,True,drift
2025-01-22 04:00:00,22.6,1010.2432678201174,86.0,AWS-CHN-024,Chennai,CHN,center,True,drift
2025-01-22 05:00:00,22.4,1010.7511087228463,87.0,AWS-CHN-024,Chennai,CHN,center,True,drift
2025-01-22 06:00:00,23.1,1011.8692739271704,86.0,AWS-CHN-024,Chennai,CHN,center,True,drift
2025-01-22 07:00:00,23.5,1012.9975833929193,86.0,AWS-CHN-024,Chennai,CHN,center,True,drift
2025-01-22 08:00:00,25.0,1014.2358708763721,80.0,AWS-CHN-024,Chennai,CHN,center,True,drift
2025-01-22 09:00:00,26.7,1014.9839821480658,68.0,AWS-CHN-024,Chennai,CHN,center,True,drift
2025-01-22 10:00:00,27.8,1015.0417735245081,60.0,AWS-CHN-024,Chennai,CHN,center,True,drift
2025-01-22 11:00:00,28.3,1014.5091106452584,57.0,AWS-CHN-024,Chennai,CHN,center,True,drift
2025-01-22 12:00:00,28.4,1014.0858674444146,57.0,AWS-CHN-024,Chennai,CHN,center,True,drift
2025-01-22 13:00:00,28.1,1013.7719252780088,60.6610775175626,AWS-CHN-024,Chennai,CHN,center,True,drift
2025-01-22 14:00:00,27.9,1013.2671721778082,61.32215503512521,AWS-CHN-024,Chennai,CHN,center,True,drift
2025-01-22 15:00:00,27.9,1013.3715022086185,60.98323255268782,AWS-CHN-024,Chennai,CHN,center,True,drift
2025-01-22 16:00:00,27.5,1013.6848149111025,61.64431007025042,AWS-CHN-024,Chennai,CHN,center,True,drift
2025-01-22 17:00:00,26.6,1014.4070148158329,66.30538758781303,AWS-CHN-024,Chennai,CHN,center,True,drift
2025-01-22 18:00:00,25.7,1015.1380110171327,78.96646510537563,AWS-CHN-024,Chennai,CHN,center,True,drift
2025-01-22 19:00:00,25.3,1016.4777167974448,81.62754262293824,AWS-CHN-024,Chennai,CHN,center,True,drift
2025-01-22 20:00:00,25.0,1017.4260492946811,83.28862014050084,AWS-CHN-024,Chennai,CHN,center,True,drift
2025-01-22 21:00:00,24.8,1018.382929206344,83.94969765806346,AWS-CHN-024,Chennai,CHN,center,True,drift
2025-01-22 22:00:00,24.5,1018.6482805252866,86.61077517562606,AWS-CHN-024,Chennai,CHN,center,True,drift
2025-01-22 23:00:00,24.5,1018.422030302834,87.27185269318866,AWS-CHN-024,Chennai,CHN,center,True,drift
2025-01-23 00:00:00,24.6,1018.5041084356767,86.93293021075127,AWS-CHN-024,Chennai,CHN,center,True,drift
2025-01-23 01:00:00,24.5,1010.2,87.59400772831387,AWS-CHN-024,Chennai,CHN,center,True,drift
2025-01-23 02:00:00,24.2,1009.6,90.25508524587647,AWS-CHN-024,Chennai,CHN,center,True,drift
2025-01-23 03:00:00,24.0,1009.0,92.91616276343909,AWS-CHN-024,Chennai,CHN,center,True,drift
2025-01-23 04:00:00,23.1,1009.0,96.57724028100169,AWS-CHN-024,Chennai,CHN,center,True,drift
2025-01-23 05:00:00,22.6,1009.5,99.2383177985643,AWS-CHN-024,Chennai,CHN,center,True,drift
2025-01-23 06:00:00,23.2,1010.1,99.8993953161269,AWS-CHN-024,Chennai,CHN,center,True,drift
2025-01-23 07:00:00,24.1,1011.2,98.56047283368952,AWS-CHN-024,Chennai,CHN,center,True,drift
2025-01-23 08:00:00,25.5,1012.0,92.22155035125212,AWS-CHN-024,Chennai,CHN,center,True,drift
2025-01-23 09:00:00,26.8,1012.7,81.88262786881472,AWS-CHN-024,Chennai,CHN,center,True,drift
2025-01-23 10:00:00,28.0,1012.5,75.54370538637733,AWS-CHN-024,Chennai,CHN,center,True,drift
2025-01-23 11:00:00,28.6,1011.7,71.20478290393993,AWS-CHN-024,Chennai,CHN,center,True,drift
2025-01-23 12:00:00,28.9,1011.2,67.86586042150253,AWS-CHN-024,Chennai,CHN,center,True,drift
2025-01-23 13:00:00,29.0,1009.8,69.52693793906514,AWS-CHN-024,Chennai,CHN,center,True,drift
2025-01-23 14:00:00,28.8,1009.0,71.18801545662774,AWS-CHN-024,Chennai,CHN,center,True,drift
2025-01-23 15:00:00,28.4,1008.8,73.84909297419036,AWS-CHN-024,Chennai,CHN,center,True,drift
2025-01-23 16:00:00,27.6,1008.7,59.0,AWS-CHN-024,Chennai,CHN,center,False,
2025-01-23 17:00:00,26.7,1008.8,62.0,AWS-CHN-024,Chennai,CHN,center,False,
2025-01-23 18:00:00,25.8,1009.4,71.0,AWS-CHN-024,Chennai,CHN,center,False,
2025-01-23 19:00:00,25.5,1010.5,74.0,AWS-CHN-024,Chennai,CHN,center,False,
2025-01-23 20:00:00,25.0,1010.9,76.0,AWS-CHN-024,Chennai,CHN,center,False,
2025-01-23 21:00:00,24.7,1011.3,77.0,AWS-CHN-024,Chennai,CHN,center,False,
2025-01-23 22:00:00,24.4,1011.3,77.0,AWS-CHN-024,Chennai,CHN,center,False,
2025-01-23 23:00:00,23.8,1010.7,79.0,AWS-CHN-024,Chennai,CHN,center,False,
2025-01-24 00:00:00,23.0,1010.1,83.0,AWS-CHN-024,Chennai,CHN,center,False,
2025-01-24 01:00:00,22.4,1009.3,86.0,AWS-CHN-024,Chennai,CHN,center,False,
2025-01-24 02:00:00,22.2,1008.7,88.0,AWS-CHN-024,Chennai,CHN,center,False,
2025-01-24 03:00:00,22.3,1008.4,88.0,AWS-CHN-024,Chennai,CHN,center,False,
2025-01-24 04:00:00,22.2,1008.6,87.0,AWS-CHN-024,Chennai,CHN,center,False,
2025-01-24 05:00:00,21.7,1009.1,88.0,AWS-CHN-024,Chennai,CHN,center,False,
2025-01-24 06:00:00,22.9,1009.4,83.0,AWS-CHN-024,Chennai,CHN,center,False,
2025-01-24 07:00:00,23.6,1010.2,77.0,AWS-CHN-024,Chennai,CHN,center,False,
2025-01-24 08:00:00,25.6,1011.2,68.0,AWS-CHN-024,Chennai,CHN,center,False,
2025-01-24 09:00:00,26.8,1012.3,59.0,AWS-CHN-024,Chennai,CHN,center,False,
2025-01-24 10:00:00,27.9,1012.4,50.0,AWS-CHN-024,Chennai,CHN,center,False,
2025-01-24 11:00:00,28.2,1011.9,53.0,AWS-CHN-024,Chennai,CHN,center,False,
2025-01-24 12:00:00,28.1,1011.4,55.0,AWS-CHN-024,Chennai,CHN,center,False,
2025-01-24 13:00:00,28.5,1010.5,52.0,AWS-CHN-024,Chennai,CHN,center,False,
2025-01-24 14:00:00,28.5,1009.3,49.0,AWS-CHN-024,Chennai,CHN,center,False,
2025-01-24 15:00:00,28.3,1008.8,48.0,AWS-CHN-024,Chennai,CHN,center,False,
2025-01-24 16:00:00,27.8,1008.7,51.0,AWS-CHN-024,Chennai,CHN,center,False,
2025-01-24 17:00:00,26.7,1009.2,58.0,AWS-CHN-024,Chennai,CHN,center,False,
2025-01-24 18:00:00,26.0,1009.9,66.0,AWS-CHN-024,Chennai,CHN,center,False,
2025-01-24 19:00:00,25.3,1011.0,72.0,AWS-CHN-024,Chennai,CHN,center,False,
2025-01-24 20:00:00,24.8,1011.5,75.0,AWS-CHN-024,Chennai,CHN,center,False,
2025-01-24 21:00:00,24.2,1011.8,79.0,AWS-CHN-024,Chennai,CHN,center,False,
2025-01-24 22:00:00,23.8,1011.8,81.0,AWS-CHN-024,Chennai,CHN,center,False,
2025-01-24 23:00:00,23.5,1011.6,81.0,AWS-CHN-024,Chennai,CHN,center,False,
2025-01-25 00:00:00,22.9,1011.0,82.0,AWS-CHN-024,Chennai,CHN,center,False,
2025-01-25 01:00:00,22.3,1010.3,86.0,AWS-CHN-024,Chennai,CHN,center,False,
2025-01-25 02:00:00,21.8,1009.8,89.0,AWS-CHN-024,Chennai,CHN,center,False,
2025-01-25 03:00:00,21.5,1009.7,91.0,AWS-CHN-024,Chennai,CHN,center,False,
2025-01-25 04:00:00,21.8,1009.9,90.0,AWS-CHN-024,Chennai,CHN,center,False,
2025-01-25 05:00:00,21.9,1010.3,88.0,AWS-CHN-024,Chennai,CHN,center,False,
2025-01-25 06:00:00,23.2,1011.3,88.0,AWS-CHN-024,Chennai,CHN,center,False,
2025-01-25 07:00:00,24.2,1012.3,80.0,AWS-CHN-024,Chennai,CHN,center,False,
2025-01-25 08:00:00,25.8,1012.7,71.0,AWS-CHN-024,Chennai,CHN,center,False,
2025-01-25 09:00:00,27.0,1013.3,62.0,AWS-CHN-024,Chennai,CHN,center,False,
2025-01-25 10:00:00,27.5,1013.1,60.0,AWS-CHN-024,Chennai,CHN,center,False,
2025-01-25 11:00:00,28.2,1004.4838308630967,57.0,AWS-CHN-024,Chennai,CHN,center,True,spike
2025-01-25 12:00:00,28.3,1003.4838308630967,55.0,AWS-CHN-024,Chennai,CHN,center,True,spike
2025-01-25 13:00:00,28.7,1002.2838308630967,50.0,AWS-CHN-024,Chennai,CHN,center,True,spike
2025-01-25 14:00:00,28.5,1001.1838308630967,50.0,AWS-CHN-024,Chennai,CHN,center,True,spike
2025-01-25 15:00:00,27.9,1000.3838308630967,54.0,AWS-CHN-024,Chennai,CHN,center,True,spike
2025-01-25 16:00:00,27.0,1000.4838308630967,59.0,AWS-CHN-024,Chennai,CHN,center,True,spike
2025-01-25 17:00:00,25.9,1008.9,64.0,AWS-CHN-024,Chennai,CHN,center,False,
2025-01-25 18:00:00,25.3,1009.5,73.0,AWS-CHN-024,Chennai,CHN,center,False,
2025-01-25 19:00:00,24.7,1010.5,77.0,AWS-CHN-024,Chennai,CHN,center,False,
2025-01-25 20:00:00,24.4,1011.4,80.0,AWS-CHN-024,Chennai,CHN,center,False,
2025-01-25 21:00:00,24.1,1011.8,81.0,AWS-CHN-024,Chennai,CHN,center,False,
2025-01-25 22:00:00,23.5,1011.8,84.0,AWS-CHN-024,Chennai,CHN,center,False,
2025-01-25 23:00:00,23.0,1011.8,87.0,AWS-CHN-024,Chennai,CHN,center,False,
2025-01-26 00:00:00,22.5,1011.4,90.0,AWS-CHN-024,Chennai,CHN,center,False,
2025-01-26 01:00:00,22.0,1010.7,92.0,AWS-CHN-024,Chennai,CHN,center,False,
2025-01-26 02:00:00,21.4,1010.2,95.0,AWS-CHN-024,Chennai,CHN,center,False,
2025-01-26 03:00:00,20.9,1009.8,94.0,AWS-CHN-024,Chennai,CHN,center,False,
2025-01-26 04:00:00,20.3,1009.8,95.0,AWS-CHN-024,Chennai,CHN,center,False,
2025-01-26 05:00:00,19.9,1010.2,97.0,AWS-CHN-024,Chennai,CHN,center,False,
2025-01-26 06:00:00,21.2,1010.9,96.0,AWS-CHN-024,Chennai,CHN,center,False,
2025-01-26 07:00:00,21.6,1011.9,95.0,AWS-CHN-024,Chennai,CHN,center,False,
2025-01-26 08:00:00,23.2,1012.6,89.0,AWS-CHN-024,Chennai,CHN,center,False,
2025-01-26 09:00:00,25.9,1013.2,73.0,AWS-CHN-024,Chennai,CHN,center,False,
2025-01-26 10:00:00,27.4,1013.0,63.0,AWS-CHN-024,Chennai,CHN,center,False,
2025-01-26 11:00:00,28.3,1012.6,58.0,AWS-CHN-024,Chennai,CHN,center,False,
2025-01-26 12:00:00,28.6,1011.6,54.0,AWS-CHN-024,Chennai,CHN,center,False,
2025-01-26 13:00:00,28.5,1010.3,55.0,AWS-CHN-024,Chennai,CHN,center,False,
2025-01-26 14:00:00,28.4,1009.4,57.0,AWS-CHN-024,Chennai,CHN,center,False,
2025-01-26 15:00:00,27.8,1008.9,60.0,AWS-CHN-024,Chennai,CHN,center,False,
2025-01-26 16:00:00,27.0,1008.8,64.0,AWS-CHN-024,Chennai,CHN,center,False,
2025-01-26 17:00:00,26.1,1009.3,68.0,AWS-CHN-024,Chennai,CHN,center,False,
2025-01-26 18:00:00,25.9,1009.6,70.0,AWS-CHN-024,Chennai,CHN,center,False,
2025-01-26 19:00:00,25.6,1010.0,73.0,AWS-CHN-024,Chennai,CHN,center,False,
2025-01-26 20:00:00,25.2,1011.0,76.0,AWS-CHN-024,Chennai,CHN,center,False,
2025-01-26 21:00:00,24.7,1011.3,79.0,AWS-CHN-024,Chennai,CHN,center,False,
2025-01-26 22:00:00,24.2,1011.4,82.0,AWS-CHN-024,Chennai,CHN,center,False,
2025-01-26 23:00:00,23.6,1010.8,86.0,AWS-CHN-024,Chennai,CHN,center,False,
2025-01-27 00:00:00,22.9,1010.4,90.0,AWS-CHN-024,Chennai,CHN,center,False,
2025-01-27 01:00:00,22.5,1009.7,92.0,AWS-CHN-024,Chennai,CHN,center,False,
2025-01-27 02:00:00,21.9,1009.1,94.0,AWS-CHN-024,Chennai,CHN,center,False,
2025-01-27 03:00:00,21.4,1008.7,95.0,AWS-CHN-024,Chennai,CHN,center,False,
2025-01-27 04:00:00,21.0,1008.5,95.0,AWS-CHN-024,Chennai,CHN,center,False,
2025-01-27 05:00:00,20.8,1008.9,95.0,AWS-CHN-024,Chennai,CHN,center,False,
2025-01-27 06:00:00,21.9,1009.9,97.0,AWS-CHN-024,Chennai,CHN,center,False,
2025-01-27 07:00:00,22.3,1010.8,96.0,AWS-CHN-024,Chennai,CHN,center,False,
2025-01-27 08:00:00,24.0,1011.8,87.0,AWS-CHN-024,Chennai,CHN,center,False,
2025-01-27 09:00:00,26.0,1012.2,74.0,AWS-CHN-024,Chennai,CHN,center,False,
2025-01-27 10:00:00,27.7,1012.3,63.0,AWS-CHN-024,Chennai,CHN,center,False,
2025-01-27 11:00:00,28.8,1011.9,52.0,AWS-CHN-024,Chennai,CHN,center,False,
2025-01-27 12:00:00,29.3,1011.0,48.0,AWS-CHN-024,Chennai,CHN,center,False,
2025-01-27 13:00:00,29.2,1009.8,49.0,AWS-CHN-024,Chennai,CHN,center,False,
2025-01-27 14:00:00,29.0,1008.9,50.0,AWS-CHN-024,Chennai,CHN,center,False,
2025-01-27 15:00:00,28.3,1008.4,54.0,AWS-CHN-024,Chennai,CHN,center,False,
2025-01-27 16:00:00,27.4,1008.4,61.0,AWS-CHN-024,Chennai,CHN,center,False,
2025-01-27 17:00:00,26.2,1008.6,70.0,AWS-CHN-024,Chennai,CHN,center,False,
2025-01-27 18:00:00,25.9,1009.1,75.0,AWS-CHN-024,Chennai,CHN,center,False,
2025-01-27 19:00:00,25.4,1009.8,82.0,AWS-CHN-024,Chennai,CHN,center,False,
2025-01-27 20:00:00,25.3,1010.7,83.0,AWS-CHN-024,Chennai,CHN,center,False,
2025-01-27 21:00:00,25.3,1011.1,80.0,AWS-CHN-024,Chennai,CHN,center,False,
2025-01-27 22:00:00,25.0,1011.1,78.0,AWS-CHN-024,Chennai,CHN,center,False,
2025-01-27 23:00:00,24.5,1010.4,81.0,AWS-CHN-024,Chennai,CHN,center,False,
2025-01-28 00:00:00,24.0,1010.0,83.0,AWS-CHN-024,Chennai,CHN,center,False,
2025-01-28 01:00:00,23.7,1009.3,84.0,AWS-CHN-024,Chennai,CHN,center,False,
2025-01-28 02:00:00,23.2,1008.7,86.0,AWS-CHN-024,Chennai,CHN,center,False,
2025-01-28 03:00:00,23.2,1008.2,86.0,AWS-CHN-024,Chennai,CHN,center,False,
2025-01-28 04:00:00,23.0,1008.0,86.0,AWS-CHN-024,Chennai,CHN,center,False,
2025-01-28 05:00:00,22.0,1008.3,90.0,AWS-CHN-024,Chennai,CHN,center,False,
2025-01-28 06:00:00,22.6,1009.1,97.0,AWS-CHN-024,Chennai,CHN,center,False,
2025-01-28 07:00:00,23.0,1010.3,94.0,AWS-CHN-024,Chennai,CHN,center,False,
2025-01-28 08:00:00,24.2,1011.5,89.0,AWS-CHN-024,Chennai,CHN,center,False,
2025-01-28 09:00:00,26.5,1012.3,69.0,AWS-CHN-024,Chennai,CHN,center,False,
2025-01-28 10:00:00,28.7,1012.5,47.0,AWS-CHN-024,Chennai,CHN,center,False,
2025-01-28 11:00:00,29.3,1012.1,44.0,AWS-CHN-024,Chennai,CHN,center,False,
2025-01-28 12:00:00,29.3,1011.6,44.0,AWS-CHN-024,Chennai,CHN,center,False,
2025-01-28 13:00:00,29.4,1010.5,41.0,AWS-CHN-024,Chennai,CHN,center,False,
2025-01-28 14:00:00,29.3,1009.7,44.0,AWS-CHN-024,Chennai,CHN,center,False,
2025-01-28 15:00:00,28.8,1009.0,47.0,AWS-CHN-024,Chennai,CHN,center,False,
2025-01-28 16:00:00,28.1,1009.0,50.0,AWS-CHN-024,Chennai,CHN,center,False,
2025-01-28 17:00:00,27.1,1009.4,56.0,AWS-CHN-024,Chennai,CHN,center,False,
2025-01-28 18:00:00,26.6,1010.1,64.0,AWS-CHN-024,Chennai,CHN,center,False,
2025-01-28 19:00:00,26.2,1011.1,69.0,AWS-CHN-024,Chennai,CHN,center,False,
2025-01-28 20:00:00,26.0,1012.1,72.0,AWS-CHN-024,Chennai,CHN,center,False,
2025-01-28 21:00:00,25.6,1013.0,75.0,AWS-CHN-024,Chennai,CHN,center,False,
2025-01-28 22:00:00,25.1,1013.1,78.0,AWS-CHN-024,Chennai,CHN,center,False,
2025-01-28 23:00:00,25.0,1012.9,79.0,AWS-CHN-024,Chennai,CHN,center,False,
2025-01-29 00:00:00,24.8,1012.5,77.0,AWS-CHN-024,Chennai,CHN,center,False,
2025-01-29 01:00:00,24.5,1011.9,74.0,AWS-CHN-024,Chennai,CHN,center,False,
2025-01-29 02:00:00,23.5,1011.0,78.0,AWS-CHN-024,Chennai,CHN,center,False,
2025-01-29 03:00:00,22.9,1010.8,81.0,AWS-CHN-024,Chennai,CHN,center,False,
2025-01-29 04:00:00,22.3,1010.6,85.0,AWS-CHN-024,Chennai,CHN,center,False,
2025-01-29 05:00:00,22.1,1011.0,86.0,AWS-CHN-024,Chennai,CHN,center,False,
2025-01-29 06:00:00,23.6,1011.6,86.0,AWS-CHN-024,Chennai,CHN,center,False,
2025-01-29 07:00:00,24.6,1012.3,78.0,AWS-CHN-024,Chennai,CHN,center,False,
2025-01-29 08:00:00,26.7,1013.3,57.0,AWS-CHN-024,Chennai,CHN,center,False,
2025-01-29 09:00:00,28.0,1014.0,50.0,AWS-CHN-024,Chennai,CHN,center,False,
2025-01-29 10:00:00,28.7,1014.0,48.0,AWS-CHN-024,Chennai,CHN,center,False,
2025-01-29 11:00:00,29.0,1013.4,48.0,AWS-CHN-024,Chennai,CHN,center,False,
2025-01-29 12:00:00,28.8,1012.5,50.0,AWS-CHN-024,Chennai,CHN,center,False,
2025-01-29 13:00:00,28.8,1011.3,48.0,AWS-CHN-024,Chennai,CHN,center,False,
2025-01-29 14:00:00,28.7,1010.2,48.0,AWS-CHN-024,Chennai,CHN,center,False,
2025-01-29 15:00:00,28.2,1009.4,50.0,AWS-CHN-024,Chennai,CHN,center,False,
2025-01-29 16:00:00,27.4,1009.3,55.0,AWS-CHN-024,Chennai,CHN,center,False,
2025-01-29 17:00:00,26.4,1009.8,61.0,AWS-CHN-024,Chennai,CHN,center,False,
2025-01-29 18:00:00,26.1,1010.2,63.0,AWS-CHN-024,Chennai,CHN,center,False,
2025-01-29 19:00:00,25.7,1011.2,67.0,AWS-CHN-024,Chennai,CHN,center,False,
2025-01-29 20:00:00,25.4,1011.8,69.0,AWS-CHN-024,Chennai,CHN,center,False,
2025-01-29 21:00:00,25.1,1012.1,71.0,AWS-CHN-024,Chennai,CHN,center,False,
2025-01-29 22:00:00,25.0,1012.1,71.0,AWS-CHN-024,Chennai,CHN,center,False,
2025-01-29 23:00:00,24.8,1011.7,73.0,AWS-CHN-024,Chennai,CHN,center,False,
2025-01-30 00:00:00,24.2,1011.3,76.0,AWS-CHN-024,Chennai,CHN,center,False,
2025-01-30 01:00:00,24.0,1010.5,77.0,AWS-CHN-024,Chennai,CHN,center,False,
2025-01-30 02:00:00,24.0,1009.8,77.0,AWS-CHN-024,Chennai,CHN,center,False,
2025-01-30 03:00:00,23.7,1009.4,80.0,AWS-CHN-024,Chennai,CHN,center,False,
2025-01-30 04:00:00,23.4,1009.3,23.86547543523139,AWS-CHN-024,Chennai,CHN,center,True,spike
2025-01-30 05:00:00,23.1,1009.9,58.039469415405705,AWS-CHN-024,Chennai,CHN,center,True,spike
2025-01-30 06:00:00,23.6,1011.0,74.77290012051358,AWS-CHN-024,Chennai,CHN,center,True,spike
2025-01-30 07:00:00,23.7,1011.8,78.29192488072799,AWS-CHN-024,Chennai,CHN,center,True,spike
2025-01-30 08:00:00,25.7,1012.7,73.0,AWS-CHN-024,Chennai,CHN,center,False,
2025-01-30 09:00:00,27.7,1013.2,66.0,AWS-CHN-024,Chennai,CHN,center,False,
2025-01-30 10:00:00,29.3,1013.0,58.0,AWS-CHN-024,Chennai,CHN,center,False,
2025-01-30 11:00:00,30.3,1012.2,54.0,AWS-CHN-024,Chennai,CHN,center,False,
2025-01-30 12:00:00,30.8,1011.1,54.0,AWS-CHN-024,Chennai,CHN,center,False,
2025-01-30 13:00:00,30.7,1009.6,55.0,AWS-CHN-024,Chennai,CHN,center,False,
2025-01-30 14:00:00,30.0,1008.3,58.0,AWS-CHN-024,Chennai,CHN,center,False,
2025-01-30 15:00:00,28.9,1007.6,62.0,AWS-CHN-024,Chennai,CHN,center,False,
2025-01-30 16:00:00,27.9,1007.8,66.0,AWS-CHN-024,Chennai,CHN,center,False,
2025-01-30 17:00:00,26.9,1008.1,72.0,AWS-CHN-024,Chennai,CHN,center,False,
2025-01-30 18:00:00,26.1,1008.4,81.0,AWS-CHN-024,Chennai,CHN,center,False,
2025-01-30 19:00:00,25.8,1009.3,84.0,AWS-CHN-024,Chennai,CHN,center,False,
2025-01-30 20:00:00,25.7,1010.2,85.0,AWS-CHN-024,Chennai,CHN,center,False,
2025-01-30 21:00:00,25.7,1010.5,84.0,AWS-CHN-024,Chennai,CHN,center,False,
2025-01-30 22:00:00,25.6,1010.5,84.0,AWS-CHN-024,Chennai,CHN,center,False,
2025-01-30 23:00:00,25.4,1010.1,85.0,AWS-CHN-024,Chennai,CHN,center,False,
2025-01-31 00:00:00,25.4,1009.6,86.0,AWS-CHN-024,Chennai,CHN,center,False,
2025-01-31 01:00:00,25.3,1008.9,87.0,AWS-CHN-024,Chennai,CHN,center,False,
2025-01-31 02:00:00,24.5,1008.6,,AWS-CHN-024,Chennai,CHN,center,True,dropout
2025-01-31 03:00:00,24.0,1008.5,94.0,AWS-CHN-024,Chennai,CHN,center,False,
2025-01-31 04:00:00,23.5,1008.5,96.0,AWS-CHN-024,Chennai,CHN,center,False,
2025-01-31 05:00:00,23.0,1009.0,97.0,AWS-CHN-024,Chennai,CHN,center,False,
2025-01-31 06:00:00,23.6,1009.8,98.0,AWS-CHN-024,Chennai,CHN,center,False,
2025-01-31 07:00:00,24.2,1010.8,95.0,AWS-CHN-024,Chennai,CHN,center,False,
2025-01-31 08:00:00,25.8,1011.8,85.0,AWS-CHN-024,Chennai,CHN,center,False,
2025-01-31 09:00:00,27.9,1012.5,72.0,AWS-CHN-024,Chennai,CHN,center,False,
2025-01-31 10:00:00,29.2,1012.2,66.0,AWS-CHN-024,Chennai,CHN,center,False,
2025-01-31 11:00:00,29.9,1011.6,63.0,AWS-CHN-024,Chennai,CHN,center,False,
2025-01-31 12:00:00,30.1,1010.5,62.0,AWS-CHN-024,Chennai,CHN,center,False,
2025-01-31 13:00:00,30.1,1009.6,62.0,AWS-CHN-024,Chennai,CHN,center,False,
2025-01-31 14:00:00,29.7,1008.5,64.0,AWS-CHN-024,Chennai,CHN,center,False,
2025-01-31 15:00:00,29.4,1007.7,66.0,AWS-CHN-024,Chennai,CHN,center,False,
2025-01-31 16:00:00,28.6,1007.6,70.0,AWS-CHN-024,Chennai,CHN,center,False,
2025-01-31 17:00:00,27.5,1007.9,76.0,AWS-CHN-024,Chennai,CHN,center,False,
2025-01-31 18:00:00,26.9,1008.4,84.0,AWS-CHN-024,Chennai,CHN,center,False,
2025-01-31 19:00:00,26.7,1009.2,86.0,AWS-CHN-024,Chennai,CHN,center,False,
2025-01-31 20:00:00,26.4,1010.0,88.0,AWS-CHN-024,Chennai,CHN,center,False,
2025-01-31 21:00:00,26.2,1010.5,88.0,AWS-CHN-024,Chennai,CHN,center,True,frozen_value
2025-01-31 22:00:00,26.0,1010.5,88.08033731215329,AWS-CHN-024,Chennai,CHN,center,True,frozen_value
2025-01-31 23:00:00,25.8,1010.2,88.11766116311411,AWS-CHN-024,Chennai,CHN,center,True,frozen_value
2025-02-01 00:00:00,25.5,1009.9,88.16902201081484,AWS-CHN-024,Chennai,CHN,center,True,frozen_value
2025-02-01 01:00:00,25.3,1009.4,88.16319101459788,AWS-CHN-024,Chennai,CHN,center,True,frozen_value
2025-02-01 02:00:00,25.0,1008.9,88.09397772025385,AWS-CHN-024,Chennai,CHN,center,True,frozen_value
2025-02-01 03:00:00,24.3,1008.7,96.0,AWS-CHN-024,Chennai,CHN,center,False,
2025-02-01 04:00:00,-40.122280446404446,1008.8,96.0,AWS-CHN-024,Chennai,CHN,center,True,sensor_fail_low
2025-02-01 05:00:00,-40.028078045578766,1009.4,98.0,AWS-CHN-024,Chennai,CHN,center,True,sensor_fail_low
2025-02-01 06:00:00,-40.011240840420854,1009.8,96.0,AWS-CHN-024,Chennai,CHN,center,True,sensor_fail_low
2025-02-01 07:00:00,-39.966032842678764,1010.7,94.0,AWS-CHN-024,Chennai,CHN,center,True,sensor_fail_low
2025-02-01 08:00:00,26.7,1011.7,85.0,AWS-CHN-024,Chennai,CHN,center,False,
2025-02-01 09:00:00,28.3,1012.5,71.0,AWS-CHN-024,Chennai,CHN,center,False,
2025-02-01 10:00:00,29.5,1012.5,61.0,AWS-CHN-024,Chennai,CHN,center,False,
2025-02-01 11:00:00,30.2,1011.8,58.0,AWS-CHN-024,Chennai,CHN,center,False,
2025-02-01 12:00:00,30.5,1011.1,56.0,AWS-CHN-024,Chennai,CHN,center,False,
2025-02-01 13:00:00,30.3,1010.1,57.0,AWS-CHN-024,Chennai,CHN,center,False,
2025-02-01 14:00:00,29.8,1009.1,60.0,AWS-CHN-024,Chennai,CHN,center,False,
2025-02-01 15:00:00,29.2,1008.6,64.0,AWS-CHN-024,Chennai,CHN,center,False,
2025-02-01 16:00:00,28.4,1008.8,68.0,AWS-CHN-024,Chennai,CHN,center,False,
2025-02-01 17:00:00,27.4,1009.1,74.0,AWS-CHN-024,Chennai,CHN,center,False,
2025-02-01 18:00:00,26.7,1009.2,81.0,AWS-CHN-024,Chennai,CHN,center,False,
2025-02-01 19:00:00,26.5,1010.0,82.0,AWS-CHN-024,Chennai,CHN,center,False,
2025-02-01 20:00:00,26.2,1010.9,82.0,AWS-CHN-024,Chennai,CHN,center,False,
2025-02-01 21:00:00,26.0,1011.8,83.0,AWS-CHN-024,Chennai,CHN,center,False,
2025-02-01 22:00:00,25.7,1011.9,86.0,AWS-CHN-024,Chennai,CHN,center,False,
2025-02-01 23:00:00,25.3,1011.6,88.0,AWS-CHN-024,Chennai,CHN,center,False,
2025-02-02 00:00:00,24.9,1011.4,90.0,AWS-CHN-024,Chennai,CHN,center,False,
2025-02-02 01:00:00,24.6,1010.7,91.0,AWS-CHN-024,Chennai,CHN,center,False,
2025-02-02 02:00:00,24.1,1010.2,92.0,AWS-CHN-024,Chennai,CHN,center,False,
2025-02-02 03:00:00,23.6,1009.7,93.0,AWS-CHN-024,Chennai,CHN,center,False,
2025-02-02 04:00:00,23.3,1009.8,95.0,AWS-CHN-024,Chennai,CHN,center,False,
2025-02-02 05:00:00,23.0,1010.2,98.0,AWS-CHN-024,Chennai,CHN,center,False,
2025-02-02 06:00:00,23.8,1011.1,97.0,AWS-CHN-024,Chennai,CHN,center,False,
2025-02-02 07:00:00,24.0,1012.0,96.0,AWS-CHN-024,Chennai,CHN,center,False,
2025-02-02 08:00:00,25.6,1012.6,85.0,AWS-CHN-024,Chennai,CHN,center,False,
2025-02-02 09:00:00,27.5,1013.1,69.0,AWS-CHN-024,Chennai,CHN,center,False,
2025-02-02 10:00:00,29.3,1012.6,59.0,AWS-CHN-024,Chennai,CHN,center,False,
2025-02-02 11:00:00,30.5,1011.8,51.0,AWS-CHN-024,Chennai,CHN,center,False,
2025-02-02 12:00:00,30.8,1010.6,51.0,AWS-CHN-024,Chennai,CHN,center,False,
2025-02-02 13:00:00,30.4,1009.6,55.0,AWS-CHN-024,Chennai,CHN,center,False,
2025-02-02 14:00:00,29.8,1008.8,57.0,AWS-CHN-024,Chennai,CHN,center,False,
2025-02-02 15:00:00,29.0,1008.4,60.0,AWS-CHN-024,Chennai,CHN,center,False,
2025-02-02 16:00:00,28.2,1008.4,59.0,AWS-CHN-024,Chennai,CHN,center,False,
2025-02-02 17:00:00,27.2,1008.8,60.0,AWS-CHN-024,Chennai,CHN,center,False,
2025-02-02 18:00:00,26.5,1009.3,68.0,AWS-CHN-024,Chennai,CHN,center,False,
2025-02-02 19:00:00,26.2,1010.2,69.0,AWS-CHN-024,Chennai,CHN,center,False,
2025-02-02 20:00:00,25.8,1010.8,72.0,AWS-CHN-024,Chennai,CHN,center,False,
2025-02-02 21:00:00,25.5,1011.6,75.0,AWS-CHN-024,Chennai,CHN,center,False,
2025-02-02 22:00:00,25.1,1011.5,78.0,AWS-CHN-024,Chennai,CHN,center,False,
2025-02-02 23:00:00,24.7,1011.3,81.0,AWS-CHN-024,Chennai,CHN,center,False,
2025-02-03 00:00:00,23.8,1010.7,86.0,AWS-CHN-024,Chennai,CHN,center,False,
2025-02-03 01:00:00,22.7,1009.9,91.0,AWS-CHN-024,Chennai,CHN,center,False,
2025-02-03 02:00:00,22.2,1009.4,94.0,AWS-CHN-024,Chennai,CHN,center,False,
2025-02-03 03:00:00,21.5,1009.1,95.0,AWS-CHN-024,Chennai,CHN,center,False,
2025-02-03 04:00:00,20.9,1009.2,95.0,AWS-CHN-024,Chennai,CHN,center,False,
2025-02-03 05:00:00,20.4,1009.6,98.0,AWS-CHN-024,Chennai,CHN,center,False,
2025-02-03 06:00:00,22.6,1010.8,94.0,AWS-CHN-024,Chennai,CHN,center,False,
2025-02-03 07:00:00,23.5,1011.5,88.0,AWS-CHN-024,Chennai,CHN,center,False,
2025-02-03 08:00:00,25.2,1012.5,80.0,AWS-CHN-024,Chennai,CHN,center,False,
2025-02-03 09:00:00,27.2,1013.3,69.0,AWS-CHN-024,Chennai,CHN,center,False,
2025-02-03 10:00:00,28.5,1013.0,61.0,AWS-CHN-024,Chennai,CHN,center,False,
2025-02-03 11:00:00,29.5,1012.1,57.0,AWS-CHN-024,Chennai,CHN,center,False,
2025-02-03 12:00:00,30.3,1010.9,52.0,AWS-CHN-024,Chennai,CHN,center,False,
2025-02-03 13:00:00,30.8,1010.0,48.0,AWS-CHN-024,Chennai,CHN,center,False,
2025-02-03 14:00:00,30.9,1009.3,41.0,AWS-CHN-024,Chennai,CHN,center,False,
2025-02-03 15:00:00,30.1,1009.0,41.0,AWS-CHN-024,Chennai,CHN,center,False,
2025-02-03 16:00:00,28.7,1009.3,51.0,AWS-CHN-024,Chennai,CHN,center,False,
2025-02-03 17:00:00,27.2,1009.8,64.0,AWS-CHN-024,Chennai,CHN,center,False,
2025-02-03 18:00:00,26.3,1010.4,77.0,AWS-CHN-024,Chennai,CHN,center,False,
2025-02-03 19:00:00,26.1,1011.5,76.0,AWS-CHN-024,Chennai,CHN,center,False,
2025-02-03 20:00:00,25.7,1012.3,75.0,AWS-CHN-024,Chennai,CHN,center,False,
2025-02-03 21:00:00,25.2,1012.5,77.0,AWS-CHN-024,Chennai,CHN,center,False,
2025-02-03 22:00:00,24.4,1012.7,83.0,AWS-CHN-024,Chennai,CHN,center,False,
2025-02-03 23:00:00,23.8,1012.4,87.0,AWS-CHN-024,Chennai,CHN,center,False,
2025-02-04 00:00:00,23.3,1011.8,90.0,AWS-CHN-024,Chennai,CHN,center,False,
2025-02-04 01:00:00,23.0,1011.2,92.0,AWS-CHN-024,Chennai,CHN,center,False,
2025-02-04 02:00:00,22.3,1010.8,96.0,AWS-CHN-024,Chennai,CHN,center,False,
2025-02-04 03:00:00,21.3,1010.3,99.0,AWS-CHN-024,Chennai,CHN,center,False,
2025-02-04 04:00:00,20.8,1010.3,98.0,AWS-CHN-024,Chennai,CHN,center,False,
2025-02-04 05:00:00,20.9,1010.6,98.0,AWS-CHN-024,Chennai,CHN,center,False,
2025-02-04 06:00:00,22.4,1011.4,100.0,AWS-CHN-024,Chennai,CHN,center,False,
2025-02-04 07:00:00,22.9,1012.3,98.0,AWS-CHN-024,Chennai,CHN,center,False,
2025-02-04 08:00:00,24.1,1013.2,88.0,AWS-CHN-024,Chennai,CHN,center,False,
2025-02-04 09:00:00,26.2,1013.6,72.0,AWS-CHN-024,Chennai,CHN,center,False,
2025-02-04 10:00:00,29.0,1013.5,56.0,AWS-CHN-024,Chennai,CHN,center,False,
2025-02-04 11:00:00,31.0,1012.6,42.0,AWS-CHN-024,Chennai,CHN,center,False,
2025-02-04 12:00:00,31.9,1011.5,35.0,AWS-CHN-024,Chennai,CHN,center,False,
2025-02-04 13:00:00,32.0,1010.3,33.0,AWS-CHN-024,Chennai,CHN,center,False,
2025-02-04 14:00:00,31.7,1009.4,33.0,AWS-CHN-024,Chennai,CHN,center,False,
2025-02-04 15:00:00,31.0,1008.9,38.0,AWS-CHN-024,Chennai,CHN,center,False,
2025-02-04 16:00:00,29.8,1008.9,45.0,AWS-CHN-024,Chennai,CHN,center,False,
2025-02-04 17:00:00,,1009.1,58.0,AWS-CHN-024,Chennai,CHN,center,True,dropout
2025-02-04 18:00:00,26.9,1009.6,77.0,AWS-CHN-024,Chennai,CHN,center,False,
2025-02-04 19:00:00,26.3,1010.4,85.0,AWS-CHN-024,Chennai,CHN,center,False,
2025-02-04 20:00:00,25.9,1011.1,87.0,AWS-CHN-024,Chennai,CHN,center,False,
2025-02-04 21:00:00,25.7,1011.5,88.0,AWS-CHN-024,Chennai,CHN,center,False,
2025-02-04 22:00:00,25.2,1011.4,90.0,AWS-CHN-024,Chennai,CHN,center,False,
2025-02-04 23:00:00,24.7,1010.9,92.0,AWS-CHN-024,Chennai,CHN,center,False,
2025-02-05 00:00:00,24.0,1010.4,94.0,AWS-CHN-024,Chennai,CHN,center,False,
2025-02-05 01:00:00,23.6,1009.7,97.0,AWS-CHN-024,Chennai,CHN,center,False,
2025-02-05 02:00:00,23.3,1009.3,99.0,AWS-CHN-024,Chennai,CHN,center,False,
2025-02-05 03:00:00,23.3,1009.2,98.0,AWS-CHN-024,Chennai,CHN,center,False,
2025-02-05 04:00:00,22.9,1009.4,99.0,AWS-CHN-024,Chennai,CHN,center,False,
2025-02-05 05:00:00,22.7,1010.0,99.0,AWS-CHN-024,Chennai,CHN,center,False,
2025-02-05 06:00:00,23.2,1010.6,100.0,AWS-CHN-024,Chennai,CHN,center,False,
2025-02-05 07:00:00,23.4,1011.4,98.0,AWS-CHN-024,Chennai,CHN,center,False,
2025-02-05 08:00:00,24.7,1012.3,89.0,AWS-CHN-024,Chennai,CHN,center,False,
2025-02-05 09:00:00,26.9,1012.9,74.0,AWS-CHN-024,Chennai,CHN,center,False,
2025-02-05 10:00:00,29.3,1012.6,58.0,AWS-CHN-024,Chennai,CHN,center,False,
2025-02-05 11:00:00,31.1,1011.9,45.0,AWS-CHN-024,Chennai,CHN,center,False,
2025-02-05 12:00:00,31.9,1010.7,40.0,AWS-CHN-024,Chennai,CHN,center,False,
2025-02-05 13:00:00,32.0,1009.7,37.0,AWS-CHN-024,Chennai,CHN,center,False,
2025-02-05 14:00:00,31.5,1008.7,36.0,AWS-CHN-024,Chennai,CHN,center,False,
2025-02-05 15:00:00,30.7,1008.3,38.0,AWS-CHN-024,Chennai,CHN,center,False,
2025-02-05 16:00:00,29.6,1008.4,44.0,AWS-CHN-024,Chennai,CHN,center,False,
2025-02-05 17:00:00,28.2,1008.6,53.0,AWS-CHN-024,Chennai,CHN,center,False,
2025-02-05 18:00:00,27.5,1009.0,66.0,AWS-CHN-024,Chennai,CHN,center,False,
2025-02-05 19:00:00,26.9,1009.8,73.0,AWS-CHN-024,Chennai,CHN,center,False,
2025-02-05 20:00:00,26.6,1010.6,73.0,AWS-CHN-024,Chennai,CHN,center,False,
2025-02-05 21:00:00,26.4,1011.2,72.0,AWS-CHN-024,Chennai,CHN,center,False,
2025-02-05 22:00:00,26.0,1011.3,73.0,AWS-CHN-024,Chennai,CHN,center,False,
2025-02-05 23:00:00,25.7,1011.0,76.0,AWS-CHN-024,Chennai,CHN,center,False,
2025-02-06 00:00:00,25.3,1010.6,79.0,AWS-CHN-024,Chennai,CHN,center,False,
2025-02-06 01:00:00,24.6,1010.1,82.0,AWS-CHN-024,Chennai,CHN,center,False,
2025-02-06 02:00:00,24.1,1009.5,86.0,AWS-CHN-024,Chennai,CHN,center,False,
2025-02-06 03:00:00,24.0,1009.0,86.0,AWS-CHN-024,Chennai,CHN,center,False,
2025-02-06 04:00:00,23.4,1009.1,89.0,AWS-CHN-024,Chennai,CHN,center,False,
2025-02-06 05:00:00,22.5,1009.6,94.0,AWS-CHN-024,Chennai,CHN,center,False,
2025-02-06 06:00:00,22.7,1010.2,99.0,AWS-CHN-024,Chennai,CHN,center,False,
2025-02-06 07:00:00,23.6,1010.8,95.0,AWS-CHN-024,Chennai,CHN,center,False,
2025-02-06 08:00:00,25.6,1011.8,83.0,AWS-CHN-024,Chennai,CHN,center,False,
2025-02-06 09:00:00,27.8,1012.4,65.0,AWS-CHN-024,Chennai,CHN,center,False,
2025-02-06 10:00:00,29.3,1012.4,55.0,AWS-CHN-024,Chennai,CHN,center,False,
2025-02-06 11:00:00,30.2,1011.8,47.0,AWS-CHN-024,Chennai,CHN,center,False,
2025-02-06 12:00:00,,1011.1,43.0,AWS-CHN-024,Chennai,CHN,center,True,dropout
2025-02-06 13:00:00,30.7,1010.0,43.0,AWS-CHN-024,Chennai,CHN,center,False,
2025-02-06 14:00:00,30.5,1008.9,45.0,AWS-CHN-024,Chennai,CHN,center,False,
2025-02-06 15:00:00,29.8,1008.4,51.0,AWS-CHN-024,Chennai,CHN,center,False,
2025-02-06 16:00:00,28.7,1008.2,58.0,AWS-CHN-024,Chennai,CHN,center,False,
2025-02-06 17:00:00,27.5,1008.5,65.0,AWS-CHN-024,Chennai,CHN,center,False,
2025-02-06 18:00:00,27.1,1009.2,72.0,AWS-CHN-024,Chennai,CHN,center,True,drift
2025-02-06 19:00:00,26.7,1009.9628510067083,75.0,AWS-CHN-024,Chennai,CHN,center,True,drift
2025-02-06 20:00:00,26.4,1010.5929066447933,75.0,AWS-CHN-024,Chennai,CHN,center,True,drift
2025-02-06 21:00:00,26.1,1010.9009939598707,75.0,AWS-CHN-024,Chennai,CHN,center,True,drift
2025-02-06 22:00:00,25.8,1010.991081823733,78.0,AWS-CHN-024,Chennai,CHN,center,True,drift
2025-02-06 23:00:00,24.8,1010.6654909805968,84.0,AWS-CHN-024,Chennai,CHN,center,True,drift
2025-02-07 00:00:00,24.2,1010.3258001327487,88.0,AWS-CHN-024,Chennai,CHN,center,True,drift
2025-02-07 01:00:00,23.8,1009.6731756329403,90.0,AWS-CHN-024,Chennai,CHN,center,True,drift
2025-02-07 02:00:00,23.4,1009.0085259053262,92.0,AWS-CHN-024,Chennai,CHN,center,True,drift
2025-02-07 03:00:00,22.7,1008.8325850612524,96.0,AWS-CHN-024,Chennai,CHN,center,True,drift
2025-02-07 04:00:00,22.2,1008.7459627557471,98.0,AWS-CHN-024,Chennai,CHN,center,True,drift
2025-02-07 05:00:00,22.0,1009.1491760487362,97.0,AWS-CHN-024,Chennai,CHN,center,True,drift
2025-02-07 06:00:00,22.3,1009.8426708639416,97.0,AWS-CHN-024,Chennai,CHN,center,True,drift
2025-02-07 07:00:00,22.7,1010.7268370504707,95.0,AWS-CHN-024,Chennai,CHN,center,True,drift
2025-02-07 08:00:00,24.1,1011.5020193125115,89.0,AWS-CHN-024,Chennai,CHN,center,True,drift
2025-02-07 09:00:00,26.9,1011.8685253618772,74.0,AWS-CHN-024,Chennai,CHN,center,True,drift
2025-02-07 10:00:00,28.7,1011.6266321412336,63.0,AWS-CHN-024,Chennai,CHN,center,True,drift
2025-02-07 11:00:00,30.2,1010.6765906690944,52.0,AWS-CHN-024,Chennai,CHN,center,True,drift
2025-02-07 12:00:00,31.0,1009.6186298764761,47.0,AWS-CHN-024,Chennai,CHN,center,True,drift
2025-02-07 13:00:00,30.9,1008.0529596904258,47.0,AWS-CHN-024,Chennai,CHN,center,True,drift
2025-02-07 14:00:00,30.4,1006.9797735447777,49.0,AWS-CHN-024,Chennai,CHN,center,True,drift
2025-02-07 15:00:00,29.7,1006.2992504483032,53.0,AWS-CHN-024,Chennai,CHN,center,True,drift
2025-02-07 16:00:00,28.9,1006.0115567059537,58.0,AWS-CHN-024,Chennai,CHN,center,True,drift
2025-02-07 17:00:00,27.6,1006.1168473647316,68.0,AWS-CHN-024,Chennai,CHN,center,True,drift
2025-02-07 18:00:00,26.9,1006.215267438462,75.0,AWS-CHN-024,Chennai,CHN,center,True,drift
2025-02-07 19:00:00,26.5,1006.5069529531987,78.0,AWS-CHN-024,Chennai,CHN,center,True,drift
2025-02-07 20:00:00,26.2,1006.6920318457419,79.0,AWS-CHN-024,Chennai,CHN,center,True,drift
2025-02-07 21:00:00,25.8,1006.8706247408292,82.0,AWS-CHN-024,Chennai,CHN,center,True,drift
2025-02-07 22:00:00,25.5,1006.64284562732,85.0,AWS-CHN-024,Chennai,CHN,center,True,drift
2025-02-07 23:00:00,24.6,1012.1,90.0,AWS-CHN-024,Chennai,CHN,center,False,
2025-02-08 00:00:00,24.2,1011.5,91.0,AWS-CHN-024,Chennai,CHN,center,False,
2025-02-08 01:00:00,23.4,1010.8,96.0,AWS-CHN-024,Chennai,CHN,center,False,
2025-02-08 02:00:00,23.0,1010.2,98.0,AWS-CHN-024,Chennai,CHN,center,False,
2025-02-08 03:00:00,22.6,1010.0,98.0,AWS-CHN-024,Chennai,CHN,center,False,
2025-02-08 04:00:00,22.2,1009.9,98.0,AWS-CHN-024,Chennai,CHN,center,False,
2025-02-08 05:00:00,22.0,1010.6,97.0,AWS-CHN-024,Chennai,CHN,center,False,
2025-02-08 06:00:00,23.4,1011.4,,AWS-CHN-024,Chennai,CHN,center,True,dropout
2025-02-08 07:00:00,23.7,1012.3,96.0,AWS-CHN-024,Chennai,CHN,center,False,
2025-02-08 08:00:00,24.9,1013.3,90.0,AWS-CHN-024,Chennai,CHN,center,False,
2025-02-08 09:00:00,27.1,1014.0,75.0,AWS-CHN-024,Chennai,CHN,center,False,
2025-02-08 10:00:00,29.4,1013.8,59.0,AWS-CHN-024,Chennai,CHN,center,False,
2025-02-08 11:00:00,31.0,1013.1,48.0,AWS-CHN-024,Chennai,CHN,center,False,
2025-02-08 12:00:00,39.25317133249369,1012.5749237362463,75.91917894004254,AWS-CHN-024,Chennai,CHN,center,True,multivariate_inconsistency
2025-02-08 13:00:00,38.95317133249369,1010.8657296680474,77.74302083789578,AWS-CHN-024,Chennai,CHN,center,True,multivariate_inconsistency
2025-02-08 14:00:00,38.45317133249369,1010.128682751143,81.37865657821351,AWS-CHN-024,Chennai,CHN,center,True,multivariate_inconsistency
2025-02-08 15:00:00,37.55317133249369,1009.4967716323259,93.97476439264105,AWS-CHN-024,Chennai,CHN,center,True,multivariate_inconsistency
2025-02-08 16:00:00,36.65317133249369,1009.9640558852885,100.0,AWS-CHN-024,Chennai,CHN,center,True,multivariate_inconsistency
2025-02-08 17:00:00,27.8,1009.9,64.0,AWS-CHN-024,Chennai,CHN,center,False,
2025-02-08 18:00:00,27.2,1010.3,74.0,AWS-CHN-024,Chennai,CHN,center,False,
2025-02-08 19:00:00,26.9,1011.2,76.0,AWS-CHN-024,Chennai,CHN,center,False,
2025-02-08 20:00:00,26.8,1011.9,77.0,AWS-CHN-024,Chennai,CHN,center,False,
2025-02-08 21:00:00,26.5,1012.6,78.0,AWS-CHN-024,Chennai,CHN,center,False,
2025-02-08 22:00:00,26.1,1012.6,80.0,AWS-CHN-024,Chennai,CHN,center,False,
2025-02-08 23:00:00,25.7,1012.4,82.0,AWS-CHN-024,Chennai,CHN,center,False,
2025-02-09 00:00:00,25.2,1011.9,86.0,AWS-CHN-024,Chennai,CHN,center,False,
2025-02-09 01:00:00,24.5,1011.0,90.0,AWS-CHN-024,Chennai,CHN,center,False,
2025-02-09 02:00:00,23.6,1010.1,94.0,AWS-CHN-024,Chennai,CHN,center,False,
2025-02-09 03:00:00,23.1,1009.7,96.0,AWS-CHN-024,Chennai,CHN,center,False,
2025-02-09 04:00:00,22.6,1009.6,98.0,AWS-CHN-024,Chennai,CHN,center,True,frozen_value
2025-02-09 05:00:00,22.2,1009.564470574076,98.0,AWS-CHN-024,Chennai,CHN,center,True,frozen_value
2025-02-09 06:00:00,23.2,1009.5827006892241,98.0,AWS-CHN-024,Chennai,CHN,center,True,frozen_value
2025-02-09 07:00:00,23.6,1009.5490455135721,99.0,AWS-CHN-024,Chennai,CHN,center,True,frozen_value
2025-02-09 08:00:00,25.1,1009.5450123533273,91.0,AWS-CHN-024,Chennai,CHN,center,True,frozen_value
2025-02-09 09:00:00,27.2,1009.5520705828106,76.0,AWS-CHN-024,Chennai,CHN,center,True,frozen_value
2025-02-09 10:00:00,29.2,1009.5753912319038,62.0,AWS-CHN-024,Chennai,CHN,center,True,frozen_value
2025-02-09 11:00:00,30.1,1009.5691071398104,55.0,AWS-CHN-024,Chennai,CHN,center,True,frozen_value
2025-02-09 12:00:00,30.3,1009.5522208127103,54.0,AWS-CHN-024,Chennai,CHN,center,True,frozen_value
2025-02-09 13:00:00,30.4,1010.6,51.0,AWS-CHN-024,Chennai,CHN,center,False,
2025-02-09 14:00:00,30.1,1009.6,53.0,AWS-CHN-024,Chennai,CHN,center,False,
2025-02-09 15:00:00,29.7,1009.0,54.0,AWS-CHN-024,Chennai,CHN,center,False,
2025-02-09 16:00:00,28.9,1009.1,59.0,AWS-CHN-024,Chennai,CHN,center,False,
2025-02-09 17:00:00,28.0,1009.4,64.0,AWS-CHN-024,Chennai,CHN,center,False,
2025-02-09 18:00:00,27.3,1009.7,73.0,AWS-CHN-024,Chennai,CHN,center,False,
2025-02-09 19:00:00,27.0,1010.6,75.0,AWS-CHN-024,Chennai,CHN,center,False,
2025-02-09 20:00:00,36.80472132170865,1011.4225983090121,100.0,AWS-CHN-024,Chennai,CHN,center,True,multivariate_inconsistency
2025-02-09 21:00:00,36.604721321708645,1012.3392399207005,100.0,AWS-CHN-024,Chennai,CHN,center,True,multivariate_inconsistency
2025-02-09 22:00:00,36.40472132170865,1012.662900950476,100.0,AWS-CHN-024,Chennai,CHN,center,True,multivariate_inconsistency
2025-02-09 23:00:00,26.2,1012.3,78.0,AWS-CHN-024,Chennai,CHN,center,False,
2025-02-10 00:00:00,25.8,1011.4,80.0,AWS-CHN-024,Chennai,CHN,center,False,
2025-02-10 01:00:00,25.4,1010.9,82.0,AWS-CHN-024,Chennai,CHN,center,False,
2025-02-10 02:00:00,17.987706280787435,1017.8717854648678,70.55647255157614,AWS-CHN-024,Chennai,CHN,center,True,unstructured_anomaly
2025-02-10 03:00:00,31.337217222573997,1002.027626372541,73.06049379867773,AWS-CHN-024,Chennai,CHN,center,True,unstructured_anomaly
2025-02-10 04:00:00,18.305629039705323,1017.1459644204799,95.0,AWS-CHN-024,Chennai,CHN,center,True,unstructured_anomaly
2025-02-10 05:00:00,30.105794982422353,1003.534142828468,95.0,AWS-CHN-024,Chennai,CHN,center,True,unstructured_anomaly
2025-02-10 06:00:00,31.13899152761,1004.6645148721186,71.8954834048073,AWS-CHN-024,Chennai,CHN,center,True,unstructured_anomaly
2025-02-10 07:00:00,31.751765724823905,1005.3390779213859,64.4750834262361,AWS-CHN-024,Chennai,CHN,center,True,unstructured_anomaly
2025-02-10 08:00:00,20.66718544506183,1020.2567296366637,48.36168434237521,AWS-CHN-024,Chennai,CHN,center,True,unstructured_anomaly
2025-02-10 09:00:00,28.6,1014.6,54.0,AWS-CHN-024,Chennai,CHN,center,False,
2025-02-10 10:00:00,29.3,1014.6,46.0,AWS-CHN-024,Chennai,CHN,center,False,
2025-02-10 11:00:00,30.1,1014.1,38.0,AWS-CHN-024,Chennai,CHN,center,False,
2025-02-10 12:00:00,30.3,1013.1,37.0,AWS-CHN-024,Chennai,CHN,center,False,
2025-02-10 13:00:00,30.2,1011.9,39.0,AWS-CHN-024,Chennai,CHN,center,False,
2025-02-10 14:00:00,29.9,1010.9,43.0,AWS-CHN-024,Chennai,CHN,center,False,
2025-02-10 15:00:00,29.5,1010.5,48.0,AWS-CHN-024,Chennai,CHN,center,False,
2025-02-10 16:00:00,29.0,1010.4,49.0,AWS-CHN-024,Chennai,CHN,center,False,
2025-02-10 17:00:00,28.0,1010.7,53.0,AWS-CHN-024,Chennai,CHN,center,False,
2025-02-10 18:00:00,27.3,1011.0,65.0,AWS-CHN-024,Chennai,CHN,center,False,
2025-02-10 19:00:00,27.1,1012.1,66.0,AWS-CHN-024,Chennai,CHN,center,False,
2025-02-10 20:00:00,26.8,1012.9,66.0,AWS-CHN-024,Chennai,CHN,center,False,
2025-02-10 21:00:00,26.6,1013.4,65.0,AWS-CHN-024,Chennai,CHN,center,False,
2025-02-10 22:00:00,26.3,1013.4,67.0,AWS-CHN-024,Chennai,CHN,center,False,
2025-02-10 23:00:00,26.0,1013.1,69.0,AWS-CHN-024,Chennai,CHN,center,False,
2025-02-11 00:00:00,25.5,1012.5,71.0,AWS-CHN-024,Chennai,CHN,center,False,
2025-02-11 01:00:00,25.1,1011.9,72.0,AWS-CHN-024,Chennai,CHN,center,False,
2025-02-11 02:00:00,24.6,1011.3,75.0,AWS-CHN-024,Chennai,CHN,center,False,
2025-02-11 03:00:00,29.742886441655656,1002.8592277969484,66.01298333620704,AWS-CHN-024,Chennai,CHN,center,True,unstructured_anomaly
2025-02-11 04:00:00,17.914350910936246,1018.4021715582816,62.14469939060873,AWS-CHN-024,Chennai,CHN,center,True,unstructured_anomaly
2025-02-11 05:00:00,17.407388933706546,1020.2456328271298,67.91263746823655,AWS-CHN-024,Chennai,CHN,center,True,unstructured_anomaly
2025-02-11 06:00:00,16.98511195751891,1019.4697989330789,95.0,AWS-CHN-024,Chennai,CHN,center,True,unstructured_anomaly
2025-02-11 07:00:00,24.4,1013.4,83.0,AWS-CHN-024,Chennai,CHN,center,False,
2025-02-11 08:00:00,26.1,1014.2,72.0,AWS-CHN-024,Chennai,CHN,center,False,
2025-02-11 09:00:00,27.9,1014.6,59.0,AWS-CHN-024,Chennai,CHN,center,False,
2025-02-11 10:00:00,29.2,1014.4,51.0,AWS-CHN-024,Chennai,CHN,center,False,
2025-02-11 11:00:00,30.3,1013.8,47.0,AWS-CHN-024,Chennai,CHN,center,False,
2025-02-11 12:00:00,30.8,1012.8,47.0,AWS-CHN-024,Chennai,CHN,center,False,
2025-02-11 13:00:00,30.9,1011.7,46.0,AWS-CHN-024,Chennai,CHN,center,False,
2025-02-11 14:00:00,30.9,1010.7,37.0,AWS-CHN-024,Chennai,CHN,center,False,
2025-02-11 15:00:00,30.1,1010.4,36.0,AWS-CHN-024,Chennai,CHN,center,False,
2025-02-11 16:00:00,28.6,1010.6,48.0,AWS-CHN-024,Chennai,CHN,center,False,
2025-02-11 17:00:00,33.99130105509147,1010.916119783954,89.35387615882405,AWS-CHN-024,Chennai,CHN,center,True,multivariate_inconsistency
2025-02-11 18:00:00,33.191301055091465,1010.9508556370122,100.0,AWS-CHN-024,Chennai,CHN,center,True,multivariate_inconsistency
2025-02-11 19:00:00,32.99130105509147,1011.6219647019594,100.0,AWS-CHN-024,Chennai,CHN,center,True,multivariate_inconsistency
2025-02-11 20:00:00,26.1,1012.6,73.0,AWS-CHN-024,Chennai,CHN,center,False,
2025-02-11 21:00:00,34.40873291508445,1013.2683913137035,100.0,AWS-CHN-024,Chennai,CHN,center,True,multivariate_inconsistency
2025-02-11 22:00:00,34.10873291508445,1013.6891287582306,100.0,AWS-CHN-024,Chennai,CHN,center,True,multivariate_inconsistency
2025-02-11 23:00:00,33.808732915084455,1012.9694742403265,100.0,AWS-CHN-024,Chennai,CHN,center,True,multivariate_inconsistency
2025-02-12 00:00:00,33.40873291508445,1012.1995886572219,100.0,AWS-CHN-024,Chennai,CHN,center,True,multivariate_inconsistency
2025-02-12 01:00:00,23.8,1011.4,88.0,AWS-CHN-024,Chennai,CHN,center,False,
2025-02-12 02:00:00,23.5,1010.7,89.0,AWS-CHN-024,Chennai,CHN,center,False,
2025-02-12 03:00:00,22.7,1010.6,94.0,AWS-CHN-024,Chennai,CHN,center,False,
2025-02-12 04:00:00,22.2,1010.7,96.0,AWS-CHN-024,Chennai,CHN,center,False,
2025-02-12 05:00:00,21.4,1011.3,98.0,AWS-CHN-024,Chennai,CHN,center,False,
2025-02-12 06:00:00,22.5,1012.0,96.0,AWS-CHN-024,Chennai,CHN,center,False,
2025-02-12 07:00:00,22.9,1013.2,94.0,AWS-CHN-024,Chennai,CHN,center,False,
2025-02-12 08:00:00,24.8,1014.0,82.0,AWS-CHN-024,Chennai,CHN,center,False,
2025-02-12 09:00:00,26.8,1014.6,69.0,AWS-CHN-024,Chennai,CHN,center,False,
2025-02-12 10:00:00,28.7,1014.4,60.0,AWS-CHN-024,Chennai,CHN,center,False,
2025-02-12 11:00:00,30.4,1013.6,50.0,AWS-CHN-024,Chennai,CHN,center,False,
2025-02-12 12:00:00,31.6,1012.5,45.0,AWS-CHN-024,Chennai,CHN,center,False,
2025-02-12 13:00:00,31.4,1011.2,49.0,AWS-CHN-024,Chennai,CHN,center,False,
2025-02-12 14:00:00,30.9,1010.2,49.0,AWS-CHN-024,Chennai,CHN,center,False,
2025-02-12 15:00:00,30.5,1009.8,41.0,AWS-CHN-024,Chennai,CHN,center,False,
2025-02-12 16:00:00,29.2,1009.9,46.0,AWS-CHN-024,Chennai,CHN,center,False,
2025-02-12 17:00:00,27.7,1010.4,56.0,AWS-CHN-024,Chennai,CHN,center,False,
2025-02-12 18:00:00,26.6,1010.8,70.0,AWS-CHN-024,Chennai,CHN,center,False,
2025-02-12 19:00:00,26.2,1011.7,72.0,AWS-CHN-024,Chennai,CHN,center,True,frozen_value
2025-02-12 20:00:00,25.8,1011.7,74.0,AWS-CHN-024,Chennai,CHN,center,True,frozen_value
2025-02-12 21:00:00,25.4,1011.7,78.0,AWS-CHN-024,Chennai,CHN,center,True,frozen_value
2025-02-12 22:00:00,24.7,1011.7,83.0,AWS-CHN-024,Chennai,CHN,center,True,frozen_value
2025-02-12 23:00:00,23.9,1011.7,88.0,AWS-CHN-024,Chennai,CHN,center,True,frozen_value
2025-02-13 00:00:00,23.5,1011.7,89.0,AWS-CHN-024,Chennai,CHN,center,True,frozen_value
2025-02-13 01:00:00,22.9,1011.7,91.0,AWS-CHN-024,Chennai,CHN,center,True,frozen_value
2025-02-13 02:00:00,22.6,1011.7,93.0,AWS-CHN-024,Chennai,CHN,center,True,frozen_value
2025-02-13 03:00:00,22.2,1011.7,96.0,AWS-CHN-024,Chennai,CHN,center,True,frozen_value
2025-02-13 04:00:00,21.7,1010.2,98.0,AWS-CHN-024,Chennai,CHN,center,False,
2025-02-13 05:00:00,21.1,1010.7,98.0,AWS-CHN-024,Chennai,CHN,center,False,
2025-02-13 06:00:00,22.6,1011.5,98.0,AWS-CHN-024,Chennai,CHN,center,False,
2025-02-13 07:00:00,22.8,1012.4,93.0,AWS-CHN-024,Chennai,CHN,center,False,
2025-02-13 08:00:00,24.6,1013.3,77.0,AWS-CHN-024,Chennai,CHN,center,True,drift
2025-02-13 09:00:00,26.5,1013.9,67.79992091946784,AWS-CHN-024,Chennai,CHN,center,True,drift
2025-02-13 10:00:00,28.6,1013.9,57.493808673891145,AWS-CHN-024,Chennai,CHN,center,True,drift
2025-02-13 11:00:00,30.4,1013.0,47.128646970765644,AWS-CHN-024,Chennai,CHN,center,True,drift
2025-02-13 12:00:00,31.5,1011.9,40.71890493271099,AWS-CHN-024,Chennai,CHN,center,True,drift
2025-02-13 13:00:00,31.8,1010.9,37.27244676083037,AWS-CHN-024,Chennai,CHN,center,True,drift
2025-02-13 14:00:00,31.5,1010.0,36.79435629184376,AWS-CHN-024,Chennai,CHN,center,True,drift
2025-02-13 15:00:00,30.4,1009.4,44.288243685695946,AWS-CHN-024,Chennai,CHN,center,True,drift
2025-02-13 16:00:00,28.9,1009.5,53.756830834162024,AWS-CHN-024,Chennai,CHN,center,True,drift
2025-02-13 17:00:00,27.5,1009.9,60.20225743487221,AWS-CHN-024,Chennai,CHN,center,True,drift
2025-02-13 18:00:00,26.3,1010.5,65.62625825307964,AWS-CHN-024,Chennai,CHN,center,True,drift
2025-02-13 19:00:00,25.9,1011.2,69.03027360583093,AWS-CHN-024,Chennai,CHN,center,True,drift
2025-02-13 20:00:00,25.6,1012.0,70.41552215951481,AWS-CHN-024,Chennai,CHN,center,True,drift
2025-02-13 21:00:00,25.3,1012.8,70.78305103474526,AWS-CHN-024,Chennai,CHN,center,True,drift
2025-02-13 22:00:00,24.5,1012.6,75.13377152866926,AWS-CHN-024,Chennai,CHN,center,True,drift
2025-02-13 23:00:00,23.7,1012.2,79.4684853342426,AWS-CHN-024,Chennai,CHN,center,True,drift
2025-02-14 00:00:00,23.1,1011.3,81.78790426000813,AWS-CHN-024,Chennai,CHN,center,True,drift
2025-02-14 01:00:00,22.7,1010.6,82.09266537324815,AWS-CHN-024,Chennai,CHN,center,True,drift
2025-02-14 02:00:00,22.4,1010.3,83.38334283919897,AWS-CHN-024,Chennai,CHN,center,True,drift
2025-02-14 03:00:00,21.7,1009.8,85.66045732309402,AWS-CHN-024,Chennai,CHN,center,True,drift
2025-02-14 04:00:00,21.1,1009.9,85.92448356018019,AWS-CHN-024,Chennai,CHN,center,True,drift
2025-02-14 05:00:00,20.7,1010.4,85.17585652549081,AWS-CHN-024,Chennai,CHN,center,True,drift
2025-02-14 06:00:00,21.8,1011.3,85.4149765174472,AWS-CHN-024,Chennai,CHN,center,True,drift
2025-02-14 07:00:00,22.3,1012.4,81.64221338769039,AWS-CHN-024,Chennai,CHN,center,True,drift
2025-02-14 08:00:00,23.9,1013.2,71.85791009177547,AWS-CHN-024,Chennai,CHN,center,True,drift
2025-02-14 09:00:00,26.0,1014.0,59.06238569378363,AWS-CHN-024,Chennai,CHN,center,True,drift
2025-02-14 10:00:00,28.2,1013.7,45.255937927512306,AWS-CHN-024,Chennai,CHN,center,True,drift
2025-02-14 11:00:00,30.4,1012.7,32.43884539436319,AWS-CHN-024,Chennai,CHN,center,True,drift
2025-02-14 12:00:00,31.9,1011.5,23.611369461116706,AWS-CHN-024,Chennai,CHN,center,True,drift
2025-02-14 13:00:00,32.3,1010.3,19.77375590790855,AWS-CHN-024,Chennai,CHN,center,True,drift
2025-02-14 14:00:00,31.9,1009.3,17.926236366831457,AWS-CHN-024,Chennai,CHN,center,True,drift
2025-02-14 15:00:00,31.1,1008.7,39.0,AWS-CHN-024,Chennai,CHN,center,False,
2025-02-14 16:00:00,29.9,1008.8,46.0,AWS-CHN-024,Chennai,CHN,center,False,
2025-02-14 17:00:00,28.0,1009.1,59.0,AWS-CHN-024,Chennai,CHN,center,True,drift
2025-02-14 18:00:00,26.36343509317152,1009.7,78.0,AWS-CHN-024,Chennai,CHN,center,True,drift
2025-02-14 19:00:00,25.86274612980675,1010.6,80.0,AWS-CHN-024,Chennai,CHN,center,True,drift
2025-02-14 20:00:00,25.402189456215794,1011.2,81.0,AWS-CHN-024,Chennai,CHN,center,True,drift
2025-02-14 21:00:00,24.88389214849579,1011.8,83.0,AWS-CHN-024,Chennai,CHN,center,True,drift
2025-02-14 22:00:00,24.209292563536764,1011.9,85.0,AWS-CHN-024,Chennai,CHN,center,True,drift
2025-02-14 23:00:00,23.579474685641472,1011.3,87.0,AWS-CHN-024,Chennai,CHN,center,True,drift
2025-02-15 00:00:00,22.195305969155662,1010.7,92.0,AWS-CHN-024,Chennai,CHN,center,True,drift
2025-02-15 01:00:00,21.357507922647535,1009.9,93.0,AWS-CHN-024,Chennai,CHN,center,True,drift
2025-02-15 02:00:00,20.666697123606273,1009.6,94.0,AWS-CHN-024,Chennai,CHN,center,True,drift
2025-02-15 03:00:00,19.623411154599566,1009.4,96.0,AWS-CHN-024,Chennai,CHN,center,True,drift
2025-02-15 04:00:00,18.42812603727677,1009.5,98.0,AWS-CHN-024,Chennai,CHN,center,True,drift
2025-02-15 05:00:00,17.68126850752052,1009.7,98.0,AWS-CHN-024,Chennai,CHN,center,True,drift
2025-02-15 06:00:00,18.283224979505025,1010.8,96.0,AWS-CHN-024,Chennai,CHN,center,True,drift
2025-02-15 07:00:00,18.234348287840817,1011.4,90.0,AWS-CHN-024,Chennai,CHN,center,True,drift
2025-02-15 08:00:00,19.034962883693588,1012.5,80.0,AWS-CHN-024,Chennai,CHN,center,True,drift
2025-02-15 09:00:00,20.18536892230488,1012.7,68.0,AWS-CHN-024,Chennai,CHN,center,True,drift
2025-02-15 10:00:00,21.385845535119877,1012.5,58.0,AWS-CHN-024,Chennai,CHN,center,True,drift
2025-02-15 11:00:00,21.936653488988952,1011.5,50.0,AWS-CHN-024,Chennai,CHN,center,True,drift
2025-02-15 12:00:00,21.138037375870717,1010.4,53.0,AWS-CHN-024,Chennai,CHN,center,True,drift
2025-02-15 13:00:00,19.7902274369227,1009.4,51.0,AWS-CHN-024,Chennai,CHN,center,True,drift
2025-02-15 14:00:00,18.193441097706074,1008.3,49.0,AWS-CHN-024,Chennai,CHN,center,True,drift
2025-02-15 15:00:00,29.8,1007.9,53.0,AWS-CHN-024,Chennai,CHN,center,False,
2025-02-15 16:00:00,29.0,1008.0,61.0,AWS-CHN-024,Chennai,CHN,center,False,
2025-02-15 17:00:00,27.7,1008.3,68.0,AWS-CHN-024,Chennai,CHN,center,False,
2025-02-15 18:00:00,26.7,1008.5,74.0,AWS-CHN-024,Chennai,CHN,center,False,
2025-02-15 19:00:00,26.3,1009.6,77.0,AWS-CHN-024,Chennai,CHN,center,False,
2025-02-15 20:00:00,26.1,1010.5,80.0,AWS-CHN-024,Chennai,CHN,center,False,
2025-02-15 21:00:00,26.0,1011.0,81.0,AWS-CHN-024,Chennai,CHN,center,False,
2025-02-15 22:00:00,25.7,1011.3,81.0,AWS-CHN-024,Chennai,CHN,center,False,
2025-02-15 23:00:00,25.4,1011.0,83.0,AWS-CHN-024,Chennai,CHN,center,False,
2025-02-16 00:00:00,25.1,1010.4,,AWS-CHN-024,Chennai,CHN,center,True,dropout
2025-02-16 01:00:00,24.8,1009.8,87.0,AWS-CHN-024,Chennai,CHN,center,False,
2025-02-16 02:00:00,24.6,1009.4,88.0,AWS-CHN-024,Chennai,CHN,center,False,
2025-02-16 03:00:00,24.1,1009.2,90.0,AWS-CHN-024,Chennai,CHN,center,False,
2025-02-16 04:00:00,23.6,1009.4,93.0,AWS-CHN-024,Chennai,CHN,center,False,
2025-02-16 05:00:00,22.9,1010.1,96.0,AWS-CHN-024,Chennai,CHN,center,False,
2025-02-16 06:00:00,23.1,1010.8,96.0,AWS-CHN-024,Chennai,CHN,center,False,
2025-02-16 07:00:00,23.6,1011.8,92.0,AWS-CHN-024,Chennai,CHN,center,False,
2025-02-16 08:00:00,25.9,1012.5,79.0,AWS-CHN-024,Chennai,CHN,center,False,
2025-02-16 09:00:00,28.0,1013.1,66.0,AWS-CHN-024,Chennai,CHN,center,False,
2025-02-16 10:00:00,29.9,1012.8,55.0,AWS-CHN-024,Chennai,CHN,center,False,
2025-02-16 11:00:00,31.3,1012.0,47.0,AWS-CHN-024,Chennai,CHN,center,False,
2025-02-16 12:00:00,31.7,1010.9,45.0,AWS-CHN-024,Chennai,CHN,center,False,
2025-02-16 13:00:00,31.5,1010.0,44.0,AWS-CHN-024,Chennai,CHN,center,False,
2025-02-16 14:00:00,31.1,1009.2,44.0,AWS-CHN-024,Chennai,CHN,center,False,
2025-02-16 15:00:00,30.2,1009.0,48.0,AWS-CHN-024,Chennai,CHN,center,False,
2025-02-16 16:00:00,29.1,1009.4,54.0,AWS-CHN-024,Chennai,CHN,center,False,
2025-02-16 17:00:00,27.7,1010.0,64.0,AWS-CHN-024,Chennai,CHN,center,False,
2025-02-16 18:00:00,26.9,1010.4,73.0,AWS-CHN-024,Chennai,CHN,center,False,
2025-02-16 19:00:00,26.7,1011.5,75.0,AWS-CHN-024,Chennai,CHN,center,False,
2025-02-16 20:00:00,26.6,1012.2,75.0,AWS-CHN-024,Chennai,CHN,center,False,
2025-02-16 21:00:00,26.5,1012.6,73.0,AWS-CHN-024,Chennai,CHN,center,False,
2025-02-16 22:00:00,26.2,1012.9,74.0,AWS-CHN-024,Chennai,CHN,center,False,
2025-02-16 23:00:00,26.0,1012.7,77.0,AWS-CHN-024,Chennai,CHN,center,False,
2025-02-17 00:00:00,25.7,1012.2,80.0,AWS-CHN-024,Chennai,CHN,center,False,
2025-02-17 01:00:00,25.3,1011.7,82.0,AWS-CHN-024,Chennai,CHN,center,False,
2025-02-17 02:00:00,24.9,1011.2,85.0,AWS-CHN-024,Chennai,CHN,center,False,
2025-02-17 03:00:00,24.3,1011.0,88.0,AWS-CHN-024,Chennai,CHN,center,False,
2025-02-17 04:00:00,23.9,1010.9,90.0,AWS-CHN-024,Chennai,CHN,center,False,
2025-02-17 05:00:00,23.2,1011.4,93.0,AWS-CHN-024,Chennai,CHN,center,False,
2025-02-17 06:00:00,23.4,1012.5,94.0,AWS-CHN-024,Chennai,CHN,center,False,
2025-02-17 07:00:00,23.6,1013.3,92.0,AWS-CHN-024,Chennai,CHN,center,False,
2025-02-17 08:00:00,25.6,1014.0,82.0,AWS-CHN-024,Chennai,CHN,center,False,
2025-02-17 09:00:00,28.0,1014.5,70.0,AWS-CHN-024,Chennai,CHN,center,False,
2025-02-17 10:00:00,29.8,1014.3,60.0,AWS-CHN-024,Chennai,CHN,center,False,
2025-02-17 11:00:00,30.7,1013.6,54.0,AWS-CHN-024,Chennai,CHN,center,False,
2025-02-17 12:00:00,31.0,1012.8,52.0,AWS-CHN-024,Chennai,CHN,center,False,
2025-02-17 13:00:00,25.358733357861855,1018.3888750750067,29.870773587819286,AWS-CHN-024,Chennai,CHN,center,True,unstructured_anomaly
2025-02-17 14:00:00,25.327260447116547,1018.4136963558087,67.01489056017192,AWS-CHN-024,Chennai,CHN,center,True,unstructured_anomaly
2025-02-17 15:00:00,23.640149904971892,1019.2060924290657,34.255258343290734,AWS-CHN-024,Chennai,CHN,center,True,unstructured_anomaly
2025-02-17 16:00:00,22.223183359450253,1018.5864045691018,38.356812467237,AWS-CHN-024,Chennai,CHN,center,True,unstructured_anomaly
2025-02-17 17:00:00,34.31519432647666,1004.2331355975357,43.809969060559375,AWS-CHN-024,Chennai,CHN,center,True,unstructured_anomaly
2025-02-17 18:00:00,21.724096603849368,1019.3772048750525,55.83460749776097,AWS-CHN-024,Chennai,CHN,center,True,unstructured_anomaly
2025-02-17 19:00:00,20.5044004337743,1018.7159577266234,58.452135265269085,AWS-CHN-024,Chennai,CHN,center,True,unstructured_anomaly
2025-02-17 20:00:00,26.9,1012.8,75.0,AWS-CHN-024,Chennai,CHN,center,False,
2025-02-17 21:00:00,26.6,1013.2,77.0,AWS-CHN-024,Chennai,CHN,center,False,
2025-02-17 22:00:00,26.3,1013.4,78.0,AWS-CHN-024,Chennai,CHN,center,False,
2025-02-17 23:00:00,25.8,1012.9,81.0,AWS-CHN-024,Chennai,CHN,center,False,
2025-02-18 00:00:00,25.1,1012.1,84.0,AWS-CHN-024,Chennai,CHN,center,False,
2025-02-18 01:00:00,24.6,1011.4,87.0,AWS-CHN-024,Chennai,CHN,center,False,
2025-02-18 02:00:00,24.0,1011.0,89.0,AWS-CHN-024,Chennai,CHN,center,False,
2025-02-18 03:00:00,23.5,1010.7,91.0,AWS-CHN-024,Chennai,CHN,center,False,
2025-02-18 04:00:00,23.1,1010.7,93.0,AWS-CHN-024,Chennai,CHN,center,False,
2025-02-18 05:00:00,22.8,1011.4,94.0,AWS-CHN-024,Chennai,CHN,center,False,
2025-02-18 06:00:00,29.192632446944657,1004.6768423507682,95.0,AWS-CHN-024,Chennai,CHN,center,True,unstructured_anomaly
2025-02-18 07:00:00,16.422152950085632,1021.5411676701922,79.0264231417508,AWS-CHN-024,Chennai,CHN,center,True,unstructured_anomaly
2025-02-18 08:00:00,19.497408375843015,1022.4851089284832,95.0,AWS-CHN-024,Chennai,CHN,center,True,unstructured_anomaly
2025-02-18 09:00:00,35.03282365188237,1006.0978655714678,51.88447341543605,AWS-CHN-024,Chennai,CHN,center,True,unstructured_anomaly
2025-02-18 10:00:00,35.50033498626526,1007.226643897156,42.128719083957286,AWS-CHN-024,Chennai,CHN,center,True,unstructured_anomaly
2025-02-18 11:00:00,23.452032086961143,1022.1502972843533,37.30241677339468,AWS-CHN-024,Chennai,CHN,center,True,unstructured_anomaly
2025-02-18 12:00:00,30.9,1012.9,52.0,AWS-CHN-024,Chennai,CHN,center,False,
2025-02-18 13:00:00,31.0,1011.9,48.0,AWS-CHN-024,Chennai,CHN,center,False,
2025-02-18 14:00:00,30.7,1010.8,48.0,AWS-CHN-024,Chennai,CHN,center,False,
2025-02-18 15:00:00,30.2,1010.4,51.0,AWS-CHN-024,Chennai,CHN,center,False,
2025-02-18 16:00:00,29.4,1010.4,55.0,AWS-CHN-024,Chennai,CHN,center,False,
2025-02-18 17:00:00,28.2,1010.6,61.0,AWS-CHN-024,Chennai,CHN,center,False,
2025-02-18 18:00:00,27.4,1011.0,65.0,AWS-CHN-024,Chennai,CHN,center,False,
2025-02-18 19:00:00,27.0,1011.8,67.0,AWS-CHN-024,Chennai,CHN,center,False,
2025-02-18 20:00:00,26.7,1012.3,69.0,AWS-CHN-024,Chennai,CHN,center,False,
2025-02-18 21:00:00,26.4,1012.8,71.0,AWS-CHN-024,Chennai,CHN,center,False,
2025-02-18 22:00:00,26.1,1013.0,73.0,AWS-CHN-024,Chennai,CHN,center,False,
2025-02-18 23:00:00,25.7,1012.4,76.0,AWS-CHN-024,Chennai,CHN,center,False,
2025-02-19 00:00:00,24.7,1011.7,82.0,AWS-CHN-024,Chennai,CHN,center,False,
2025-02-19 01:00:00,24.2,1010.7,85.0,AWS-CHN-024,Chennai,CHN,center,False,
2025-02-19 02:00:00,23.5,1010.1,89.0,AWS-CHN-024,Chennai,CHN,center,False,
2025-02-19 03:00:00,,1009.6,91.0,AWS-CHN-024,Chennai,CHN,center,True,dropout
2025-02-19 04:00:00,22.3,1009.5,93.0,AWS-CHN-024,Chennai,CHN,center,False,
2025-02-19 05:00:00,21.8,1010.0,93.0,AWS-CHN-024,Chennai,CHN,center,False,
2025-02-19 06:00:00,22.6,1010.6,95.0,AWS-CHN-024,Chennai,CHN,center,False,
2025-02-19 07:00:00,23.5,1011.3,91.0,AWS-CHN-024,Chennai,CHN,center,False,
2025-02-19 08:00:00,25.9,1012.0,80.0,AWS-CHN-024,Chennai,CHN,center,False,
2025-02-19 09:00:00,28.2,1012.5,68.0,AWS-CHN-024,Chennai,CHN,center,False,
2025-02-19 10:00:00,29.7,1012.1,60.0,AWS-CHN-024,Chennai,CHN,center,False,
2025-02-19 11:00:00,30.6,1011.4,56.0,AWS-CHN-024,Chennai,CHN,center,False,
2025-02-19 12:00:00,31.0,1010.3,54.0,AWS-CHN-024,Chennai,CHN,center,False,
2025-02-19 13:00:00,31.1,1009.4,50.0,AWS-CHN-024,Chennai,CHN,center,False,
2025-02-19 14:00:00,30.8,1008.7,51.0,AWS-CHN-024,Chennai,CHN,center,False,
2025-02-19 15:00:00,30.1,1008.1,54.0,AWS-CHN-024,Chennai,CHN,center,False,
2025-02-19 16:00:00,29.0,1007.9,61.0,AWS-CHN-024,Chennai,CHN,center,False,
2025-02-19 17:00:00,27.9,1008.4,66.0,AWS-CHN-024,Chennai,CHN,center,False,
2025-02-19 18:00:00,27.0,1009.2,73.0,AWS-CHN-024,Chennai,CHN,center,False,
2025-02-19 19:00:00,26.8,1010.1,73.0,AWS-CHN-024,Chennai,CHN,center,False,
2025-02-19 20:00:00,26.5,1010.9,75.0,AWS-CHN-024,Chennai,CHN,center,False,
2025-02-19 21:00:00,26.3,1011.5,77.0,AWS-CHN-024,Chennai,CHN,center,False,
2025-02-19 22:00:00,26.0,1011.5,79.0,AWS-CHN-024,Chennai,CHN,center,False,
2025-02-19 23:00:00,25.6,1011.2,82.0,AWS-CHN-024,Chennai,CHN,center,False,
2025-02-20 00:00:00,25.2,1010.6,85.0,AWS-CHN-024,Chennai,CHN,center,False,
2025-02-20 01:00:00,24.9,1009.9,85.0,AWS-CHN-024,Chennai,CHN,center,False,
2025-02-20 02:00:00,24.4,1009.4,87.0,AWS-CHN-024,Chennai,CHN,center,False,
2025-02-20 03:00:00,23.6,1009.1,90.0,AWS-CHN-024,Chennai,CHN,center,False,
2025-02-20 04:00:00,23.2,1009.4,91.0,AWS-CHN-024,Chennai,CHN,center,False,
2025-02-20 05:00:00,22.8,1010.1,93.0,AWS-CHN-024,Chennai,CHN,center,False,
2025-02-20 06:00:00,23.6,1011.0,93.0,AWS-CHN-024,Chennai,CHN,center,False,
2025-02-20 07:00:00,24.3,1012.1,89.0,AWS-CHN-024,Chennai,CHN,center,False,
2025-02-20 08:00:00,26.4,1012.9,78.0,AWS-CHN-024,Chennai,CHN,center,False,
2025-02-20 09:00:00,28.6,1013.3,65.0,AWS-CHN-024,Chennai,CHN,center,False,
2025-02-20 10:00:00,29.9,1013.2,57.0,AWS-CHN-024,Chennai,CHN,center,False,
2025-02-20 11:00:00,30.7,1012.4,53.0,AWS-CHN-024,Chennai,CHN,center,False,
2025-02-20 12:00:00,31.0,1011.5,49.0,AWS-CHN-024,Chennai,CHN,center,False,
2025-02-20 13:00:00,31.1,1010.6,47.0,AWS-CHN-024,Chennai,CHN,center,False,
2025-02-20 14:00:00,30.9,1009.9,48.0,AWS-CHN-024,Chennai,CHN,center,False,
2025-02-20 15:00:00,30.4,1009.3,51.0,AWS-CHN-024,Chennai,CHN,center,False,
2025-02-20 16:00:00,29.4,1009.3,56.0,AWS-CHN-024,Chennai,CHN,center,False,
2025-02-20 17:00:00,28.2,1009.6,62.0,AWS-CHN-024,Chennai,CHN,center,False,
2025-02-20 18:00:00,27.1,1010.6,74.0,AWS-CHN-024,Chennai,CHN,center,False,
2025-02-20 19:00:00,26.9,1011.5,75.0,AWS-CHN-024,Chennai,CHN,center,False,
2025-02-20 20:00:00,26.7,1012.2,76.0,AWS-CHN-024,Chennai,CHN,center,False,
2025-02-20 21:00:00,26.6,1012.7,77.0,AWS-CHN-024,Chennai,CHN,center,False,
2025-02-20 22:00:00,26.4,1012.9,78.0,AWS-CHN-024,Chennai,CHN,center,False,
2025-02-20 23:00:00,26.1,1012.9,80.0,AWS-CHN-024,Chennai,CHN,center,False,
2025-02-21 00:00:00,25.7,1012.5,82.0,AWS-CHN-024,Chennai,CHN,center,False,
2025-02-21 01:00:00,24.9,1011.9,86.0,AWS-CHN-024,Chennai,CHN,center,False,
2025-02-21 02:00:00,24.5,1011.4,88.0,AWS-CHN-024,Chennai,CHN,center,False,
2025-02-21 03:00:00,24.4,1010.9,89.0,AWS-CHN-024,Chennai,CHN,center,False,
2025-02-21 04:00:00,23.9,1011.1,92.0,AWS-CHN-024,Chennai,CHN,center,False,
2025-02-21 05:00:00,23.8,1011.7,93.0,AWS-CHN-024,Chennai,CHN,center,False,
2025-02-21 06:00:00,24.0,1012.8,94.0,AWS-CHN-024,Chennai,CHN,center,False,
2025-02-21 07:00:00,24.6,1013.7,90.0,AWS-CHN-024,Chennai,CHN,center,False,
2025-02-21 08:00:00,26.5,1014.5,78.0,AWS-CHN-024,Chennai,CHN,center,False,
2025-02-21 09:00:00,28.4,1014.9,67.0,AWS-CHN-024,Chennai,CHN,center,False,
2025-02-21 10:00:00,29.7,1014.8,60.0,AWS-CHN-024,Chennai,CHN,center,False,
2025-02-21 11:00:00,30.4,1014.1,56.0,AWS-CHN-024,Chennai,CHN,center,False,
2025-02-21 12:00:00,31.0,1013.3,52.0,AWS-CHN-024,Chennai,CHN,center,False,
2025-02-21 13:00:00,31.1,1012.4,51.0,AWS-CHN-024,Chennai,CHN,center,False,
2025-02-21 14:00:00,30.7,1011.3,54.0,AWS-CHN-024,Chennai,CHN,center,False,
2025-02-21 15:00:00,30.1,1010.5,55.0,AWS-CHN-024,Chennai,CHN,center,False,
2025-02-21 16:00:00,29.3,1010.3,60.0,AWS-CHN-024,Chennai,CHN,center,False,
2025-02-21 17:00:00,28.0,1010.6,66.0,AWS-CHN-024,Chennai,CHN,center,False,
2025-02-21 18:00:00,27.3,1011.4,73.0,AWS-CHN-024,Chennai,CHN,center,False,
2025-02-21 19:00:00,27.1,1012.2,74.0,AWS-CHN-024,Chennai,CHN,center,False,
2025-02-21 20:00:00,26.8,1012.9,75.0,AWS-CHN-024,Chennai,CHN,center,False,
2025-02-21 21:00:00,26.7,1013.6,76.0,AWS-CHN-024,Chennai,CHN,center,False,
2025-02-21 22:00:00,26.6,1013.5,75.0,AWS-CHN-024,Chennai,CHN,center,True,drift
2025-02-21 23:00:00,-40.011776263299275,1012.9558483237058,77.0,AWS-CHN-024,Chennai,CHN,center,True,sensor_fail_low
2025-02-22 00:00:00,-39.936516077494844,1012.3116966474114,80.0,AWS-CHN-024,Chennai,CHN,center,True,sensor_fail_low
2025-02-22 01:00:00,-40.001576883809776,1011.5675449711172,82.0,AWS-CHN-024,Chennai,CHN,center,True,sensor_fail_low
2025-02-22 02:00:00,-40.00714615553073,1010.923393294823,85.0,AWS-CHN-024,Chennai,CHN,center,True,sensor_fail_low
2025-02-22 03:00:00,24.7,1010.4792416185287,87.0,AWS-CHN-024,Chennai,CHN,center,True,drift
2025-02-22 04:00:00,24.0,1010.2350899422345,90.0,AWS-CHN-024,Chennai,CHN,center,True,drift
2025-02-22 05:00:00,-40.10575536852671,1010.5909382659402,93.0,AWS-CHN-024,Chennai,CHN,center,True,sensor_fail_low
2025-02-22 06:00:00,-40.026465242005386,1010.9467865896459,92.0,AWS-CHN-024,Chennai,CHN,center,True,sensor_fail_low
2025-02-22 07:00:00,-40.04461389557331,1011.5026349133517,87.0,AWS-CHN-024,Chennai,CHN,center,True,sensor_fail_low
2025-02-22 08:00:00,-39.97705954750678,1012.1584832370575,77.0,AWS-CHN-024,Chennai,CHN,center,True,sensor_fail_low
2025-02-22 09:00:00,28.6,1012.3143315607631,67.0,AWS-CHN-024,Chennai,CHN,center,True,drift
2025-02-22 10:00:00,30.1,1011.6701798844689,60.0,AWS-CHN-024,Chennai,CHN,center,True,drift
2025-02-22 11:00:00,31.2,1010.7260282081746,56.0,AWS-CHN-024,Chennai,CHN,center,True,drift
2025-02-22 12:00:00,31.4,1009.4818765318803,56.0,AWS-CHN-024,Chennai,CHN,center,True,drift
2025-02-22 13:00:00,30.9,1008.3377248555861,55.0,AWS-CHN-024,Chennai,CHN,center,True,drift
2025-02-22 14:00:00,30.5,1007.1935731792919,55.0,AWS-CHN-024,Chennai,CHN,center,True,drift
2025-02-22 15:00:00,29.9,1006.4494215029976,57.0,AWS-CHN-024,Chennai,CHN,center,True,drift
2025-02-22 16:00:00,29.1,1006.2052698267033,59.0,AWS-CHN-024,Chennai,CHN,center,True,drift
2025-02-22 17:00:00,28.0,1006.2611181504091,63.0,AWS-CHN-024,Chennai,CHN,center,True,drift
2025-02-22 18:00:00,27.0,1006.8169664741148,74.0,AWS-CHN-024,Chennai,CHN,center,True,drift
2025-02-22 19:00:00,26.8,1007.6728147978205,74.0,AWS-CHN-024,Chennai,CHN,center,True,drift
2025-02-22 20:00:00,26.6,1008.3286631215263,76.0,AWS-CHN-024,Chennai,CHN,center,True,drift
2025-02-22 21:00:00,26.3,1008.6845114452319,79.0,AWS-CHN-024,Chennai,CHN,center,True,drift
2025-02-22 22:00:00,26.0,1008.4403597689377,82.0,AWS-CHN-024,Chennai,CHN,center,True,drift
2025-02-22 23:00:00,25.7,1007.8962080926435,85.0,AWS-CHN-024,Chennai,CHN,center,True,drift
2025-02-23 00:00:00,25.5,1007.2520564163492,86.0,AWS-CHN-024,Chennai,CHN,center,True,drift
2025-02-23 01:00:00,25.3,1006.507904740055,87.0,AWS-CHN-024,Chennai,CHN,center,True,drift
2025-02-23 02:00:00,25.1,1005.7637530637608,87.0,AWS-CHN-024,Chennai,CHN,center,True,drift
2025-02-23 03:00:00,24.6,1005.1196013874664,89.0,AWS-CHN-024,Chennai,CHN,center,True,drift
2025-02-23 04:00:00,23.9,1004.6754497111722,92.0,AWS-CHN-024,Chennai,CHN,center,True,drift
2025-02-23 05:00:00,23.5,1004.631298034878,94.0,AWS-CHN-024,Chennai,CHN,center,True,drift
2025-02-23 06:00:00,23.7,1005.1871463585836,95.0,AWS-CHN-024,Chennai,CHN,center,True,drift
2025-02-23 07:00:00,24.6,1005.7429946822893,90.0,AWS-CHN-024,Chennai,CHN,center,True,drift
2025-02-23 08:00:00,26.7,1006.1988430059952,79.0,AWS-CHN-024,Chennai,CHN,center,True,drift
2025-02-23 09:00:00,28.7,1006.4546913297008,67.0,AWS-CHN-024,Chennai,CHN,center,True,drift
2025-02-23 10:00:00,30.4,1005.9105396534067,57.0,AWS-CHN-024,Chennai,CHN,center,True,drift
2025-02-23 11:00:00,31.8,1013.7,51.0,AWS-CHN-024,Chennai,CHN,center,False,
2025-02-23 12:00:00,32.4,1012.8,49.0,AWS-CHN-024,Chennai,CHN,center,False,
2025-02-23 13:00:00,32.0,1011.8,51.0,AWS-CHN-024,Chennai,CHN,center,False,
2025-02-23 14:00:00,31.6,1010.8,46.0,AWS-CHN-024,Chennai,CHN,center,False,
2025-02-23 15:00:00,31.1,1010.5,46.0,AWS-CHN-024,Chennai,CHN,center,False,
2025-02-23 16:00:00,,1010.8,54.0,AWS-CHN-024,Chennai,CHN,center,True,dropout
2025-02-23 17:00:00,28.5,1011.3,64.0,AWS-CHN-024,Chennai,CHN,center,False,
2025-02-23 18:00:00,27.5,1011.9,72.0,AWS-CHN-024,Chennai,CHN,center,False,
2025-02-23 19:00:00,27.1,1012.7,77.0,AWS-CHN-024,Chennai,CHN,center,False,
2025-02-23 20:00:00,26.9,1013.6,80.0,AWS-CHN-024,Chennai,CHN,center,False,
2025-02-23 21:00:00,26.7,1014.2,81.0,AWS-CHN-024,Chennai,CHN,center,False,
2025-02-23 22:00:00,26.3,1014.1,83.0,AWS-CHN-024,Chennai,CHN,center,False,
2025-02-23 23:00:00,25.9,1013.6,87.0,AWS-CHN-024,Chennai,CHN,center,False,
2025-02-24 00:00:00,25.5,1013.0,89.0,AWS-CHN-024,Chennai,CHN,center,False,
2025-02-24 01:00:00,25.2,1012.3,91.0,AWS-CHN-024,Chennai,CHN,center,False,
2025-02-24 02:00:00,24.9,1011.7,91.0,AWS-CHN-024,Chennai,CHN,center,False,
2025-02-24 03:00:00,24.5,1011.1,92.0,AWS-CHN-024,Chennai,CHN,center,False,
2025-02-24 04:00:00,23.6,1011.2,96.0,AWS-CHN-024,Chennai,CHN,center,False,
2025-02-24 05:00:00,23.5,1011.9,97.0,AWS-CHN-024,Chennai,CHN,center,False,
2025-02-24 06:00:00,23.9,1013.2,96.0,AWS-CHN-024,Chennai,CHN,center,False,
2025-02-24 07:00:00,25.1,1014.1,89.0,AWS-CHN-024,Chennai,CHN,center,False,
2025-02-24 08:00:00,26.6,1014.9,78.0,AWS-CHN-024,Chennai,CHN,center,False,
2025-02-24 09:00:00,28.6,1015.6,67.0,AWS-CHN-024,Chennai,CHN,center,False,
2025-02-24 10:00:00,30.1,1015.4,60.0,AWS-CHN-024,Chennai,CHN,center,False,
2025-02-24 11:00:00,30.5,1014.8,57.0,AWS-CHN-024,Chennai,CHN,center,False,
2025-02-24 12:00:00,30.9,1013.8,53.0,AWS-CHN-024,Chennai,CHN,center,False,
2025-02-24 13:00:00,31.0,1012.6,52.0,AWS-CHN-024,Chennai,CHN,center,False,
2025-02-24 14:00:00,30.8,1011.7,52.0,AWS-CHN-024,Chennai,CHN,center,False,
2025-02-24 15:00:00,30.2,1011.1,55.0,AWS-CHN-024,Chennai,CHN,center,False,
2025-02-24 16:00:00,29.4,1011.2,61.0,AWS-CHN-024,Chennai,CHN,center,False,
2025-02-24 17:00:00,28.3,1011.3,68.0,AWS-CHN-024,Chennai,CHN,center,False,
2025-02-24 18:00:00,27.6,1012.0,77.0,AWS-CHN-024,Chennai,CHN,center,False,
2025-02-24 19:00:00,27.4,1012.9,77.0,AWS-CHN-024,Chennai,CHN,center,False,
2025-02-24 20:00:00,27.3,1014.1,78.0,AWS-CHN-024,Chennai,CHN,center,False,
2025-02-24 21:00:00,27.0,1014.6,80.0,AWS-CHN-024,Chennai,CHN,center,False,
2025-02-24 22:00:00,26.7,1014.6,82.0,AWS-CHN-024,Chennai,CHN,center,False,
2025-02-24 23:00:00,26.4,1014.4,82.0,AWS-CHN-024,Chennai,CHN,center,False,
2025-02-25 00:00:00,26.1,1014.1,84.0,AWS-CHN-024,Chennai,CHN,center,False,
2025-02-25 01:00:00,25.8,1013.4,85.0,AWS-CHN-024,Chennai,CHN,center,False,
2025-02-25 02:00:00,25.4,1012.9,87.0,AWS-CHN-024,Chennai,CHN,center,False,
2025-02-25 03:00:00,25.1,1012.5,88.0,AWS-CHN-024,Chennai,CHN,center,False,
2025-02-25 04:00:00,24.6,1012.5,91.0,AWS-CHN-024,Chennai,CHN,center,False,
2025-02-25 05:00:00,24.1,1012.8,93.0,AWS-CHN-024,Chennai,CHN,center,False,
2025-02-25 06:00:00,25.0,1013.7,86.0,AWS-CHN-024,Chennai,CHN,center,False,
2025-02-25 07:00:00,25.9,1014.6,82.0,AWS-CHN-024,Chennai,CHN,center,False,
2025-02-25 08:00:00,28.0,1015.2,68.0,AWS-CHN-024,Chennai,CHN,center,False,
2025-02-25 09:00:00,29.7,1015.8,55.0,AWS-CHN-024,Chennai,CHN,center,False,
2025-02-25 10:00:00,30.6,1015.8,50.0,AWS-CHN-024,Chennai,CHN,center,False,
2025-02-25 11:00:00,31.1,1015.5,48.0,AWS-CHN-024,Chennai,CHN,center,False,
2025-02-25 12:00:00,31.3,1014.6,48.0,AWS-CHN-024,Chennai,CHN,center,False,
2025-02-25 13:00:00,31.3,1013.5,47.0,AWS-CHN-024,Chennai,CHN,center,False,
2025-02-25 14:00:00,31.0,1012.5,48.0,AWS-CHN-024,Chennai,CHN,center,False,
2025-02-25 15:00:00,30.6,1012.0,49.0,AWS-CHN-024,Chennai,CHN,center,False,
2025-02-25 16:00:00,29.8,1003.0444412847878,54.0,AWS-CHN-024,Chennai,CHN,center,True,spike
2025-02-25 17:00:00,28.8,1003.5444412847878,62.0,AWS-CHN-024,Chennai,CHN,center,True,spike
2025-02-25 18:00:00,28.3,1004.3444412847878,68.0,AWS-CHN-024,Chennai,CHN,center,True,spike
2025-02-25 19:00:00,28.2,1005.0444412847878,69.0,AWS-CHN-024,Chennai,CHN,center,True,spike
2025-02-25 20:00:00,27.9,1005.9444412847878,71.0,AWS-CHN-024,Chennai,CHN,center,True,spike
2025-02-25 21:00:00,27.5,1015.5,75.0,AWS-CHN-024,Chennai,CHN,center,False,
2025-02-25 22:00:00,27.3,1015.6,75.0,AWS-CHN-024,Chennai,CHN,center,False,
2025-02-25 23:00:00,27.0,1015.5,77.0,AWS-CHN-024,Chennai,CHN,center,False,
2025-02-26 00:00:00,26.8,1014.8,78.0,AWS-CHN-024,Chennai,CHN,center,False,
2025-02-26 01:00:00,26.5,1013.9,78.0,AWS-CHN-024,Chennai,CHN,center,False,
2025-02-26 02:00:00,26.2,1013.2,80.0,AWS-CHN-024,Chennai,CHN,center,False,
2025-02-26 03:00:00,25.8,1012.9,83.0,AWS-CHN-024,Chennai,CHN,center,False,
2025-02-26 04:00:00,25.6,1012.7,84.0,AWS-CHN-024,Chennai,CHN,center,False,
2025-02-26 05:00:00,25.4,1013.0,85.0,AWS-CHN-024,Chennai,CHN,center,False,
2025-02-26 06:00:00,26.2,1013.7,82.0,AWS-CHN-024,Chennai,CHN,center,False,
2025-02-26 07:00:00,27.3,1014.5,75.0,AWS-CHN-024,Chennai,CHN,center,False,
2025-02-26 08:00:00,28.5,1015.1,66.0,AWS-CHN-024,Chennai,CHN,center,False,
2025-02-26 09:00:00,29.7,1015.7,60.0,AWS-CHN-024,Chennai,CHN,center,False,
2025-02-26 10:00:00,30.6,1026.9027032671434,55.0,AWS-CHN-024,Chennai,CHN,center,True,spike
2025-02-26 11:00:00,31.1,1015.1,53.0,AWS-CHN-024,Chennai,CHN,center,False,
2025-02-26 12:00:00,31.6,1014.2,48.0,AWS-CHN-024,Chennai,CHN,center,False,
2025-02-26 13:00:00,31.6,1013.1,47.0,AWS-CHN-024,Chennai,CHN,center,False,
2025-02-26 14:00:00,31.1,1012.0,51.0,AWS-CHN-024,Chennai,CHN,center,False,
2025-02-26 15:00:00,30.5,1011.4,53.0,AWS-CHN-024,Chennai,CHN,center,False,
2025-02-26 16:00:00,29.6,1011.2,60.0,AWS-CHN-024,Chennai,CHN,center,False,
2025-02-26 17:00:00,28.6,1011.6,65.0,AWS-CHN-024,Chennai,CHN,center,False,
2025-02-26 18:00:00,27.9,1012.5,70.0,AWS-CHN-024,Chennai,CHN,center,False,
2025-02-26 19:00:00,27.7,1013.5,73.0,AWS-CHN-024,Chennai,CHN,center,False,
2025-02-26 20:00:00,27.4,1014.3,75.0,AWS-CHN-024,Chennai,CHN,center,False,
2025-02-26 21:00:00,27.2,1014.9,76.0,AWS-CHN-024,Chennai,CHN,center,False,
2025-02-26 22:00:00,26.9,1014.8,78.0,AWS-CHN-024,Chennai,CHN,center,False,
2025-02-26 23:00:00,26.6,1014.5,79.0,AWS-CHN-024,Chennai,CHN,center,False,
2025-02-27 00:00:00,26.3,1013.9,80.0,AWS-CHN-024,Chennai,CHN,center,False,
2025-02-27 01:00:00,26.1,1013.0,82.0,AWS-CHN-024,Chennai,CHN,center,False,
2025-02-27 02:00:00,25.8,1012.3,84.0,AWS-CHN-024,Chennai,CHN,center,False,
2025-02-27 03:00:00,25.5,1011.9,84.0,AWS-CHN-024,Chennai,CHN,center,False,
2025-02-27 04:00:00,25.3,1011.7,85.0,AWS-CHN-024,Chennai,CHN,center,False,
2025-02-27 05:00:00,24.9,1011.7,87.0,AWS-CHN-024,Chennai,CHN,center,False,
2025-02-27 06:00:00,25.3,1012.3,85.0,AWS-CHN-024,Chennai,CHN,center,False,
2025-02-27 07:00:00,26.6,1013.2,78.0,AWS-CHN-024,Chennai,CHN,center,False,
2025-02-27 08:00:00,28.1,1014.0,68.0,AWS-CHN-024,Chennai,CHN,center,False,
2025-02-27 09:00:00,29.3,1014.6,61.0,AWS-CHN-024,Chennai,CHN,center,False,
2025-02-27 10:00:00,30.2,1014.5,57.0,AWS-CHN-024,Chennai,CHN,center,False,
2025-02-27 11:00:00,30.8,1013.8,53.0,AWS-CHN-024,Chennai,CHN,center,False,
2025-02-27 12:00:00,30.9,1012.8,54.0,AWS-CHN-024,Chennai,CHN,center,False,
2025-02-27 13:00:00,31.2,1011.6,50.0,AWS-CHN-024,Chennai,CHN,center,False,
2025-02-27 14:00:00,31.1,1010.2,48.0,AWS-CHN-024,Chennai,CHN,center,False,
2025-02-27 15:00:00,30.6,1009.5,50.0,AWS-CHN-024,Chennai,CHN,center,False,
2025-02-27 16:00:00,29.6,1009.6,56.0,AWS-CHN-024,Chennai,CHN,center,False,
2025-02-27 17:00:00,28.4,1010.0,63.0,AWS-CHN-024,Chennai,CHN,center,False,
2025-02-27 18:00:00,27.6,1010.3,71.0,AWS-CHN-024,Chennai,CHN,center,False,
2025-02-27 19:00:00,27.4,1011.2,72.0,AWS-CHN-024,Chennai,CHN,center,False,
2025-02-27 20:00:00,27.3,1012.6,74.0,AWS-CHN-024,Chennai,CHN,center,False,
2025-02-27 21:00:00,27.2,1013.3,75.0,AWS-CHN-024,Chennai,CHN,center,False,
2025-02-27 22:00:00,27.1,1013.5,76.0,AWS-CHN-024,Chennai,CHN,center,False,
2025-02-27 23:00:00,26.9,1012.9,78.0,AWS-CHN-024,Chennai,CHN,center,False,
2025-02-28 00:00:00,26.4,1012.2,80.0,AWS-CHN-024,Chennai,CHN,center,False,
2025-02-28 01:00:00,26.2,1011.3,81.0,AWS-CHN-024,Chennai,CHN,center,False,
2025-02-28 02:00:00,25.8,1010.6,83.0,AWS-CHN-024,Chennai,CHN,center,False,
2025-02-28 03:00:00,25.6,1010.2,84.0,AWS-CHN-024,Chennai,CHN,center,False,
2025-02-28 04:00:00,25.4,1010.2,84.0,AWS-CHN-024,Chennai,CHN,center,False,
2025-02-28 05:00:00,25.2,1010.3,85.0,AWS-CHN-024,Chennai,CHN,center,False,
2025-02-28 06:00:00,25.6,1011.3,84.0,AWS-CHN-024,Chennai,CHN,center,False,
2025-02-28 07:00:00,26.6,1012.0,78.0,AWS-CHN-024,Chennai,CHN,center,False,
2025-02-28 08:00:00,28.3,1012.9,69.0,AWS-CHN-024,Chennai,CHN,center,False,
2025-02-28 09:00:00,29.4,1013.8,62.0,AWS-CHN-024,Chennai,CHN,center,False,
2025-02-28 10:00:00,30.1,1013.9,59.0,AWS-CHN-024,Chennai,CHN,center,False,
2025-02-28 11:00:00,30.7,1013.3,56.0,AWS-CHN-024,Chennai,CHN,center,False,
2025-02-28 12:00:00,30.7,1012.0,56.0,AWS-CHN-024,Chennai,CHN,center,False,
2025-02-28 13:00:00,31.1,1010.6,55.0,AWS-CHN-024,Chennai,CHN,center,False,
2025-02-28 14:00:00,30.8,1009.4,56.0,AWS-CHN-024,Chennai,CHN,center,False,
2025-02-28 15:00:00,30.3,1008.7,58.0,AWS-CHN-024,Chennai,CHN,center,False,
2025-02-28 16:00:00,29.6,1008.6,60.0,AWS-CHN-024,Chennai,CHN,center,False,
2025-02-28 17:00:00,28.7,1009.0,65.0,AWS-CHN-024,Chennai,CHN,center,False,
2025-02-28 18:00:00,27.9,1009.8,74.0,AWS-CHN-024,Chennai,CHN,center,False,
2025-02-28 19:00:00,27.7,1010.9,74.0,AWS-CHN-024,Chennai,CHN,center,False,
2025-02-28 20:00:00,27.6,1011.8,75.0,AWS-CHN-024,Chennai,CHN,center,False,
2025-02-28 21:00:00,27.6,1013.0,76.0,AWS-CHN-024,Chennai,CHN,center,False,
2025-02-28 22:00:00,27.5,1013.0,75.0,AWS-CHN-024,Chennai,CHN,center,False,
2025-02-28 23:00:00,27.3,1012.6,76.0,AWS-CHN-024,Chennai,CHN,center,False,
2025-03-01 00:00:00,34.13630878844549,1003.8976932984207,56.96820530539498,AWS-CHN-024,Chennai,CHN,center,True,unstructured_anomaly
2025-03-01 01:00:00,20.92091440898029,1019.1776771401571,58.56306515090348,AWS-CHN-024,Chennai,CHN,center,True,unstructured_anomaly
2025-03-01 02:00:00,20.75943084564167,1018.8040913497313,59.47098626841172,AWS-CHN-024,Chennai,CHN,center,True,unstructured_anomaly
2025-03-01 03:00:00,33.22310053372267,1002.0150294278257,60.88373625284215,AWS-CHN-024,Chennai,CHN,center,True,unstructured_anomaly
2025-03-01 04:00:00,26.7,1009.5,78.0,AWS-CHN-024,Chennai,CHN,center,False,
2025-03-01 05:00:00,26.5,1009.7,79.0,AWS-CHN-024,Chennai,CHN,center,False,
2025-03-01 06:00:00,25.8,1011.0,87.0,AWS-CHN-024,Chennai,CHN,center,False,
2025-03-01 07:00:00,27.0,1011.8,80.0,AWS-CHN-024,Chennai,CHN,center,False,
2025-03-01 08:00:00,28.5,1012.2,71.0,AWS-CHN-024,Chennai,CHN,center,False,
2025-03-01 09:00:00,29.3,1012.7,67.0,AWS-CHN-024,Chennai,CHN,center,False,
2025-03-01 10:00:00,30.1,1012.8,64.0,AWS-CHN-024,Chennai,CHN,center,False,
2025-03-01 11:00:00,30.5,1012.0,62.0,AWS-CHN-024,Chennai,CHN,center,False,
2025-03-01 12:00:00,30.7,1010.6,63.0,AWS-CHN-024,Chennai,CHN,center,False,
2025-03-01 13:00:00,30.8,1009.2,62.0,AWS-CHN-024,Chennai,CHN,center,False,
2025-03-01 14:00:00,30.4,1008.2,62.0,AWS-CHN-024,Chennai,CHN,center,False,
2025-03-01 15:00:00,30.0,1007.6,63.0,AWS-CHN-024,Chennai,CHN,center,False,
2025-03-01 16:00:00,29.4,1007.7,66.0,AWS-CHN-024,Chennai,CHN,center,False,
2025-03-01 17:00:00,28.5,1008.1,71.0,AWS-CHN-024,Chennai,CHN,center,False,
2025-03-01 18:00:00,27.9,1009.2,78.0,AWS-CHN-024,Chennai,CHN,center,False,
2025-03-01 19:00:00,27.7,1010.2,79.0,AWS-CHN-024,Chennai,CHN,center,False,
2025-03-01 20:00:00,27.6,1011.2,80.0,AWS-CHN-024,Chennai,CHN,center,False,
2025-03-01 21:00:00,27.5,1011.6,80.0,AWS-CHN-024,Chennai,CHN,center,False,
2025-03-01 22:00:00,27.2,1011.4,82.0,AWS-CHN-024,Chennai,CHN,center,False,
2025-03-01 23:00:00,27.1,1011.3,82.0,AWS-CHN-024,Chennai,CHN,center,False,
2025-03-02 00:00:00,26.9,1010.7,83.0,AWS-CHN-024,Chennai,CHN,center,False,
2025-03-02 01:00:00,26.6,1010.0,84.0,AWS-CHN-024,Chennai,CHN,center,False,
2025-03-02 02:00:00,26.3,1009.1,85.0,AWS-CHN-024,Chennai,CHN,center,False,
2025-03-02 03:00:00,26.0,1008.3,87.0,AWS-CHN-024,Chennai,CHN,center,False,
2025-03-02 04:00:00,25.8,1008.1,88.0,AWS-CHN-024,Chennai,CHN,center,False,
2025-03-02 05:00:00,25.6,1008.3,88.0,AWS-CHN-024,Chennai,CHN,center,False,
2025-03-02 06:00:00,26.4,1009.2,85.0,AWS-CHN-024,Chennai,CHN,center,False,
2025-03-02 07:00:00,27.5,1009.7,78.0,AWS-CHN-024,Chennai,CHN,center,False,
2025-03-02 08:00:00,28.8,1010.6,70.0,AWS-CHN-024,Chennai,CHN,center,False,
2025-03-02 09:00:00,30.0,1011.4,63.0,AWS-CHN-024,Chennai,CHN,center,False,
2025-03-02 10:00:00,31.1,1011.2,58.0,AWS-CHN-024,Chennai,CHN,center,False,
2025-03-02 11:00:00,31.7,1010.4,54.0,AWS-CHN-024,Chennai,CHN,center,False,
2025-03-02 12:00:00,32.2,1009.3,52.0,AWS-CHN-024,Chennai,CHN,center,False,
2025-03-02 13:00:00,32.1,1008.3,52.0,AWS-CHN-024,Chennai,CHN,center,False,
2025-03-02 14:00:00,31.7,1007.3,54.0,AWS-CHN-024,Chennai,CHN,center,False,
2025-03-02 15:00:00,30.9,1006.6,58.0,AWS-CHN-024,Chennai,CHN,center,False,
2025-03-02 16:00:00,29.9,1006.5,64.0,AWS-CHN-024,Chennai,CHN,center,False,
2025-03-02 17:00:00,28.8,1006.8,70.0,AWS-CHN-024,Chennai,CHN,center,False,
2025-03-02 18:00:00,28.1,1007.3,78.0,AWS-CHN-024,Chennai,CHN,center,False,
2025-03-02 19:00:00,27.8,1008.5,80.0,AWS-CHN-024,Chennai,CHN,center,False,
2025-03-02 20:00:00,27.5,1009.4,82.0,AWS-CHN-024,Chennai,CHN,center,False,
2025-03-02 21:00:00,27.3,1010.1,84.0,AWS-CHN-024,Chennai,CHN,center,False,
2025-03-02 22:00:00,27.0,1010.7,86.0,AWS-CHN-024,Chennai,CHN,center,False,
2025-03-02 23:00:00,26.7,1010.6,88.0,AWS-CHN-024,Chennai,CHN,center,False,
2025-03-03 00:00:00,26.5,1010.1,89.0,AWS-CHN-024,Chennai,CHN,center,False,
2025-03-03 01:00:00,26.2,1009.2,91.0,AWS-CHN-024,Chennai,CHN,center,False,
2025-03-03 02:00:00,25.4,1008.4,94.0,AWS-CHN-024,Chennai,CHN,center,False,
2025-03-03 03:00:00,25.0,1008.0,95.0,AWS-CHN-024,Chennai,CHN,center,False,
2025-03-03 04:00:00,24.7,1008.2,97.0,AWS-CHN-024,Chennai,CHN,center,False,
2025-03-03 05:00:00,24.7,1008.7,98.0,AWS-CHN-024,Chennai,CHN,center,False,
2025-03-03 06:00:00,25.8,1009.5,94.0,AWS-CHN-024,Chennai,CHN,center,False,
2025-03-03 07:00:00,26.5,1010.6,88.0,AWS-CHN-024,Chennai,CHN,center,False,
2025-03-03 08:00:00,28.0,1011.3,79.0,AWS-CHN-024,Chennai,CHN,center,False,
2025-03-03 09:00:00,30.0,1011.8,66.0,AWS-CHN-024,Chennai,CHN,center,False,
2025-03-03 10:00:00,31.5,1011.5,58.0,AWS-CHN-024,Chennai,CHN,center,False,
2025-03-03 11:00:00,32.7,1010.6,53.0,AWS-CHN-024,Chennai,CHN,center,False,
2025-03-03 12:00:00,33.0,1009.3,53.0,AWS-CHN-024,Chennai,CHN,center,False,
2025-03-03 13:00:00,32.6,1008.0,51.0,AWS-CHN-024,Chennai,CHN,center,False,
2025-03-03 14:00:00,32.1,1007.0,51.0,AWS-CHN-024,Chennai,CHN,center,False,
2025-03-03 15:00:00,31.7,1006.6,54.0,AWS-CHN-024,Chennai,CHN,center,False,
2025-03-03 16:00:00,30.7,1006.4,57.0,AWS-CHN-024,Chennai,CHN,center,False,
2025-03-03 17:00:00,29.3,1006.9,65.0,AWS-CHN-024,Chennai,CHN,center,False,
2025-03-03 18:00:00,28.5,1007.7,77.0,AWS-CHN-024,Chennai,CHN,center,False,
2025-03-03 19:00:00,28.0,1008.5,81.0,AWS-CHN-024,Chennai,CHN,center,False,
2025-03-03 20:00:00,27.6,1009.0,84.0,AWS-CHN-024,Chennai,CHN,center,False,
2025-03-03 21:00:00,27.3,1009.7,88.0,AWS-CHN-024,Chennai,CHN,center,False,
2025-03-03 22:00:00,26.8,1010.1,90.0,AWS-CHN-024,Chennai,CHN,center,False,
2025-03-03 23:00:00,26.3,1010.0,93.0,AWS-CHN-024,Chennai,CHN,center,False,
2025-03-04 00:00:00,25.9,1009.4,95.0,AWS-CHN-024,Chennai,CHN,center,False,
2025-03-04 01:00:00,25.6,1008.5,97.0,AWS-CHN-024,Chennai,CHN,center,False,
2025-03-04 02:00:00,25.3,1007.8,98.0,AWS-CHN-024,Chennai,CHN,center,False,
2025-03-04 03:00:00,24.7,1007.6,99.0,AWS-CHN-024,Chennai,CHN,center,False,
2025-03-04 04:00:00,24.1,1007.6,99.0,AWS-CHN-024,Chennai,CHN,center,False,
2025-03-04 05:00:00,23.9,1008.0,99.0,AWS-CHN-024,Chennai,CHN,center,False,
2025-03-04 06:00:00,25.1,1008.8,96.0,AWS-CHN-024,Chennai,CHN,center,False,
2025-03-04 07:00:00,25.9,1009.6,88.0,AWS-CHN-024,Chennai,CHN,center,False,
2025-03-04 08:00:00,27.6,1010.2,77.0,AWS-CHN-024,Chennai,CHN,center,False,
2025-03-04 09:00:00,29.9,1010.8,63.0,AWS-CHN-024,Chennai,CHN,center,False,
2025-03-04 10:00:00,32.0,1010.7,51.0,AWS-CHN-024,Chennai,CHN,center,False,
2025-03-04 11:00:00,33.2,1010.2,48.0,AWS-CHN-024,Chennai,CHN,center,False,
2025-03-04 12:00:00,32.8,1009.6,52.0,AWS-CHN-024,Chennai,CHN,center,False,
2025-03-04 13:00:00,32.7,1008.6,48.0,AWS-CHN-024,Chennai,CHN,center,False,
2025-03-04 14:00:00,32.6,1007.8,47.0,AWS-CHN-024,Chennai,CHN,center,False,
2025-03-04 15:00:00,31.7,1007.1,54.0,AWS-CHN-024,Chennai,CHN,center,False,
2025-03-04 16:00:00,30.8,1007.0,57.0,AWS-CHN-024,Chennai,CHN,center,False,
2025-03-04 17:00:00,29.7,1007.3,58.0,AWS-CHN-024,Chennai,CHN,center,False,
2025-03-04 18:00:00,28.2,1008.4,78.0,AWS-CHN-024,Chennai,CHN,center,False,
2025-03-04 19:00:00,27.7,1009.1,80.0,AWS-CHN-024,Chennai,CHN,center,False,
2025-03-04 20:00:00,27.5,1009.7,80.0,AWS-CHN-024,Chennai,CHN,center,False,
2025-03-04 21:00:00,27.2,1010.4,82.0,AWS-CHN-024,Chennai,CHN,center,False,
2025-03-04 22:00:00,26.8,1010.5,85.0,AWS-CHN-024,Chennai,CHN,center,False,
2025-03-04 23:00:00,26.3,1010.2,87.0,AWS-CHN-024,Chennai,CHN,center,False,
2025-03-05 00:00:00,26.0,1009.6,89.0,AWS-CHN-024,Chennai,CHN,center,False,
2025-03-05 01:00:00,25.6,1009.0,91.0,AWS-CHN-024,Chennai,CHN,center,False,
2025-03-05 02:00:00,24.9,1008.2,95.0,AWS-CHN-024,Chennai,CHN,center,False,
2025-03-05 03:00:00,24.4,1007.5,96.0,AWS-CHN-024,Chennai,CHN,center,False,
2025-03-05 04:00:00,24.1,1007.6,97.0,AWS-CHN-024,Chennai,CHN,center,False,
2025-03-05 05:00:00,23.9,1008.0,98.0,AWS-CHN-024,Chennai,CHN,center,False,
2025-03-05 06:00:00,24.9,1008.7,95.0,AWS-CHN-024,Chennai,CHN,center,True,drift
2025-03-05 07:00:00,26.271441167265234,1009.5,87.0,AWS-CHN-024,Chennai,CHN,center,True,drift
2025-03-05 08:00:00,28.242882334530467,1010.0,76.0,AWS-CHN-024,Chennai,CHN,center,True,drift
2025-03-05 09:00:00,30.9143235017957,1010.6,64.0,AWS-CHN-024,Chennai,CHN,center,True,drift
2025-03-05 10:00:00,33.78576466906093,1010.2,51.0,AWS-CHN-024,Chennai,CHN,center,True,drift
2025-03-05 11:00:00,36.257205836326165,1009.4,41.0,AWS-CHN-024,Chennai,CHN,center,True,drift
2025-03-05 12:00:00,37.3286470035914,1008.6,43.0,AWS-CHN-024,Chennai,CHN,center,True,drift
2025-03-05 13:00:00,37.20008817085663,1007.6,48.0,AWS-CHN-024,Chennai,CHN,center,True,drift
2025-03-05 14:00:00,37.57152933812186,1007.0,41.0,AWS-CHN-024,Chennai,CHN,center,True,drift
2025-03-05 15:00:00,37.042970505387096,1006.7,45.0,AWS-CHN-024,Chennai,CHN,center,True,drift
2025-03-05 16:00:00,36.21441167265233,1006.7,52.0,AWS-CHN-024,Chennai,CHN,center,True,drift
2025-03-05 17:00:00,34.98585283991757,1007.1,68.0,AWS-CHN-024,Chennai,CHN,center,True,drift
2025-03-05 18:00:00,34.1572940071828,1007.8,76.0,AWS-CHN-024,Chennai,CHN,center,True,drift
2025-03-05 19:00:00,34.02873517444803,1007.7906875103968,81.0,AWS-CHN-024,Chennai,CHN,center,True,drift
2025-03-05 20:00:00,34.20017634171327,1007.7555897102505,82.0,AWS-CHN-024,Chennai,CHN,center,True,drift
2025-03-05 21:00:00,34.2716175089785,1007.831218956807,85.0,AWS-CHN-024,Chennai,CHN,center,True,drift
2025-03-05 22:00:00,34.54305867624373,1007.8551169706342,85.0,AWS-CHN-024,Chennai,CHN,center,True,drift
2025-03-05 23:00:00,34.614499843508966,1007.8419877184041,87.0,AWS-CHN-024,Chennai,CHN,center,True,drift
2025-03-06 00:00:00,34.6859410107742,1009.3,90.0,AWS-CHN-024,Chennai,CHN,center,True,drift
2025-03-06 01:00:00,34.45738217803943,1009.1,93.0,AWS-CHN-024,Chennai,CHN,center,True,drift
2025-03-06 02:00:00,34.12882334530467,1008.6,96.0,AWS-CHN-024,Chennai,CHN,center,True,drift
2025-03-06 03:00:00,34.2002645125699,1008.6,96.0,AWS-CHN-024,Chennai,CHN,center,True,drift
2025-03-06 04:00:00,34.37170567983513,1008.6,97.0,AWS-CHN-024,Chennai,CHN,center,True,drift
2025-03-06 05:00:00,34.443146847100365,1009.1,98.0,AWS-CHN-024,Chennai,CHN,center,True,drift
2025-03-06 06:00:00,36.0145880143656,1010.4,97.0,AWS-CHN-024,Chennai,CHN,center,True,drift
2025-03-06 07:00:00,37.38602918163083,1011.2,88.0,AWS-CHN-024,Chennai,CHN,center,True,drift
2025-03-06 08:00:00,39.55747034889607,1011.7,77.0,AWS-CHN-024,Chennai,CHN,center,True,drift
2025-03-06 09:00:00,30.1,1012.3,62.0,AWS-CHN-024,Chennai,CHN,center,False,
2025-03-06 10:00:00,32.9,1011.9,46.0,AWS-CHN-024,Chennai,CHN,center,False,
2025-03-06 11:00:00,34.8,1011.0,36.0,AWS-CHN-024,Chennai,CHN,center,False,
2025-03-06 12:00:00,35.2,1009.9,36.0,AWS-CHN-024,Chennai,CHN,center,False,
2025-03-06 13:00:00,34.9,1017.2576599631382,39.0,AWS-CHN-024,Chennai,CHN,center,True,spike
2025-03-06 14:00:00,34.9,1018.6749579520796,32.0,AWS-CHN-024,Chennai,CHN,center,True,spike
2025-03-06 15:00:00,34.1,1020.4922559410211,29.0,AWS-CHN-024,Chennai,CHN,center,True,spike
2025-03-06 16:00:00,32.9,1007.4,32.0,AWS-CHN-024,Chennai,CHN,center,False,
2025-03-06 17:00:00,38.724089743514284,1007.6691149321837,80.13446280571475,AWS-CHN-024,Chennai,CHN,center,True,multivariate_inconsistency
2025-03-06 18:00:00,37.12408974351428,1007.9306588233998,95.84299403980921,AWS-CHN-024,Chennai,CHN,center,True,multivariate_inconsistency
2025-03-06 19:00:00,36.52408974351428,1008.3885434183026,100.0,AWS-CHN-024,Chennai,CHN,center,True,multivariate_inconsistency
2025-03-06 20:00:00,28.5,1008.9,58.0,AWS-CHN-024,Chennai,CHN,center,False,
2025-03-06 21:00:00,27.9,1009.2,63.0,AWS-CHN-024,Chennai,CHN,center,False,
2025-03-06 22:00:00,27.3,1009.1,71.0,AWS-CHN-024,Chennai,CHN,center,False,
2025-03-06 23:00:00,26.4,1008.9,82.0,AWS-CHN-024,Chennai,CHN,center,False,
2025-03-07 00:00:00,25.6,1008.7,87.0,AWS-CHN-024,Chennai,CHN,center,False,
2025-03-07 01:00:00,24.9,1008.4,90.0,AWS-CHN-024,Chennai,CHN,center,False,
2025-03-07 02:00:00,24.3,1008.2,90.0,AWS-CHN-024,Chennai,CHN,center,False,
2025-03-07 03:00:00,23.6,1008.2,90.0,AWS-CHN-024,Chennai,CHN,center,False,
2025-03-07 04:00:00,23.1,1008.1,90.0,AWS-CHN-024,Chennai,CHN,center,False,
2025-03-07 05:00:00,22.8,1008.3,89.0,AWS-CHN-024,Chennai,CHN,center,False,
2025-03-07 06:00:00,23.2,1008.6,75.0,AWS-CHN-024,Chennai,CHN,center,False,
2025-03-07 07:00:00,24.6,1009.5,67.0,AWS-CHN-024,Chennai,CHN,center,False,
2025-03-07 08:00:00,27.2,1010.5,64.0,AWS-CHN-024,Chennai,CHN,center,False,
2025-03-07 09:00:00,29.5,1011.1,53.0,AWS-CHN-024,Chennai,CHN,center,False,
2025-03-07 10:00:00,31.7,1010.7,41.0,AWS-CHN-024,Chennai,CHN,center,False,
2025-03-07 11:00:00,33.1,1009.9,35.0,AWS-CHN-024,Chennai,CHN,center,False,
2025-03-07 12:00:00,33.1,1009.0,37.0,AWS-CHN-024,Chennai,CHN,center,False,
2025-03-07 13:00:00,32.6,1008.2,39.0,AWS-CHN-024,Chennai,CHN,center,False,
2025-03-07 14:00:00,31.9,1007.5,41.0,AWS-CHN-024,Chennai,CHN,center,False,
2025-03-07 15:00:00,30.8,1007.1,48.0,AWS-CHN-024,Chennai,CHN,center,False,
2025-03-07 16:00:00,29.7,1007.0,56.0,AWS-CHN-024,Chennai,CHN,center,False,
2025-03-07 17:00:00,28.3,1007.2,66.0,AWS-CHN-024,Chennai,CHN,center,False,
2025-03-07 18:00:00,27.2,1007.1,76.0,AWS-CHN-024,Chennai,CHN,center,False,
2025-03-07 19:00:00,26.9,1008.1,79.0,AWS-CHN-024,Chennai,CHN,center,False,
2025-03-07 20:00:00,26.8,1008.9,77.0,AWS-CHN-024,Chennai,CHN,center,False,
2025-03-07 21:00:00,26.7,1009.5,75.0,AWS-CHN-024,Chennai,CHN,center,False,
2025-03-07 22:00:00,26.3,1009.4,79.0,AWS-CHN-024,Chennai,CHN,center,False,
2025-03-07 23:00:00,26.1,1009.3,82.0,AWS-CHN-024,Chennai,CHN,center,False,
2025-03-08 00:00:00,25.8,1008.7,84.0,AWS-CHN-024,Chennai,CHN,center,False,
2025-03-08 01:00:00,25.0,1008.3,88.0,AWS-CHN-024,Chennai,CHN,center,False,
2025-03-08 02:00:00,24.5,1007.7,91.0,AWS-CHN-024,Chennai,CHN,center,False,
2025-03-08 03:00:00,24.1,1007.4,93.0,AWS-CHN-024,Chennai,CHN,center,False,
2025-03-08 04:00:00,23.5,1007.4,95.0,AWS-CHN-024,Chennai,CHN,center,False,
2025-03-08 05:00:00,23.1,1007.7,96.0,AWS-CHN-024,Chennai,CHN,center,False,
2025-03-08 06:00:00,23.5,1008.2,95.0,AWS-CHN-024,Chennai,CHN,center,False,
2025-03-08 07:00:00,25.0,1009.2,87.0,AWS-CHN-024,Chennai,CHN,center,False,
2025-03-08 08:00:00,26.8,1009.9,74.0,AWS-CHN-024,Chennai,CHN,center,False,
2025-03-08 09:00:00,28.9,1010.4,61.0,AWS-CHN-024,Chennai,CHN,center,False,
2025-03-08 10:00:00,31.1,1010.0,50.0,AWS-CHN-024,Chennai,CHN,center,False,
2025-03-08 11:00:00,32.8,1008.9,41.0,AWS-CHN-024,Chennai,CHN,center,False,
2025-03-08 12:00:00,32.9,1007.8,44.0,AWS-CHN-024,Chennai,CHN,center,False,
2025-03-08 13:00:00,32.3,1006.8,43.0,AWS-CHN-024,Chennai,CHN,center,False,
2025-03-08 14:00:00,32.0,1005.8,42.0,AWS-CHN-024,Chennai,CHN,center,False,
2025-03-08 15:00:00,31.5,1005.0,47.0,AWS-CHN-024,Chennai,CHN,center,False,
2025-03-08 16:00:00,30.4,1004.9,3.504215352974157,AWS-CHN-024,Chennai,CHN,center,True,spike
2025-03-08 17:00:00,28.9,1005.5,0.9554799588663982,AWS-CHN-024,Chennai,CHN,center,True,spike
2025-03-08 18:00:00,27.9,1005.9,0.0,AWS-CHN-024,Chennai,CHN,center,True,spike
2025-03-08 19:00:00,27.4,1006.8,0.0,AWS-CHN-024,Chennai,CHN,center,True,spike
2025-03-08 20:00:00,27.1,1007.6,0.0,AWS-CHN-024,Chennai,CHN,center,True,spike
2025-03-08 21:00:00,26.8,1008.5,79.0,AWS-CHN-024,Chennai,CHN,center,False,
2025-03-08 22:00:00,26.4,1008.7,82.0,AWS-CHN-024,Chennai,CHN,center,False,
2025-03-08 23:00:00,26.2,1008.6,84.0,AWS-CHN-024,Chennai,CHN,center,False,
2025-03-09 00:00:00,25.9,1008.2,85.0,AWS-CHN-024,Chennai,CHN,center,False,
2025-03-09 01:00:00,25.6,1007.5,87.0,AWS-CHN-024,Chennai,CHN,center,False,
2025-03-09 02:00:00,24.9,1006.9,90.0,AWS-CHN-024,Chennai,CHN,center,False,
2025-03-09 03:00:00,24.1,1006.7,92.0,AWS-CHN-024,Chennai,CHN,center,False,
2025-03-09 04:00:00,23.8,1006.8,94.0,AWS-CHN-024,Chennai,CHN,center,False,
2025-03-09 05:00:00,23.4,1007.3,96.0,AWS-CHN-024,Chennai,CHN,center,False,
2025-03-09 06:00:00,23.8,1008.2,98.0,AWS-CHN-024,Chennai,CHN,center,False,
2025-03-09 07:00:00,24.8,1009.4,93.0,AWS-CHN-024,Chennai,CHN,center,False,
2025-03-09 08:00:00,26.8,1010.2,81.0,AWS-CHN-024,Chennai,CHN,center,False,
2025-03-09 09:00:00,29.0,1011.0,66.0,AWS-CHN-024,Chennai,CHN,center,False,
2025-03-09 10:00:00,30.2,1010.9,60.0,AWS-CHN-024,Chennai,CHN,center,False,
2025-03-09 11:00:00,30.8,1010.3,57.0,AWS-CHN-024,Chennai,CHN,center,False,
2025-03-09 12:00:00,31.2,1009.3,54.0,AWS-CHN-024,Chennai,CHN,center,False,
2025-03-09 13:00:00,31.0,1008.4,53.0,AWS-CHN-024,Chennai,CHN,center,False,
2025-03-09 14:00:00,30.6,1007.7,55.0,AWS-CHN-024,Chennai,CHN,center,False,
2025-03-09 15:00:00,30.0,1007.4,57.0,AWS-CHN-024,Chennai,CHN,center,False,
2025-03-09 16:00:00,34.903866098251356,999.5666016423118,76.4251886027534,AWS-CHN-024,Chennai,CHN,center,True,unstructured_anomaly
2025-03-09 17:00:00,35.08168200417225,999.4095765037554,81.93437528900994,AWS-CHN-024,Chennai,CHN,center,True,unstructured_anomaly
2025-03-09 18:00:00,22.33379735613402,1014.877876541655,82.29501014812578,AWS-CHN-024,Chennai,CHN,center,True,unstructured_anomaly
2025-03-09 19:00:00,33.803736656476055,1002.759264611087,47.39034874656335,AWS-CHN-024,Chennai,CHN,center,True,unstructured_anomaly
2025-03-09 20:00:00,28.1,1010.7,64.0,AWS-CHN-024,Chennai,CHN,center,False,
2025-03-09 21:00:00,28.0,1011.6,65.0,AWS-CHN-024,Chennai,CHN,center,False,
2025-03-09 22:00:00,27.9,1011.8,67.0,AWS-CHN-024,Chennai,CHN,center,False,
2025-03-09 23:00:00,27.5,1011.7,69.0,AWS-CHN-024,Chennai,CHN,center,False,
2025-03-10 00:00:00,27.0,1011.1,71.0,AWS-CHN-024,Chennai,CHN,center,False,
2025-03-10 01:00:00,26.6,1010.6,72.0,AWS-CHN-024,Chennai,CHN,center,False,
2025-03-10 02:00:00,26.4,1009.9,69.0,AWS-CHN-024,Chennai,CHN,center,False,
2025-03-10 03:00:00,26.2,1009.5,67.0,AWS-CHN-024,Chennai,CHN,center,False,
2025-03-10 04:00:00,26.2,1009.7,64.0,AWS-CHN-024,Chennai,CHN,center,False,
2025-03-10 05:00:00,26.1,1010.1,63.0,AWS-CHN-024,Chennai,CHN,center,False,
2025-03-10 06:00:00,25.6,1011.5,80.0,AWS-CHN-024,Chennai,CHN,center,False,
2025-03-10 07:00:00,26.9,1012.5,72.0,AWS-CHN-024,Chennai,CHN,center,False,
2025-03-10 08:00:00,28.4,1013.2,59.0,AWS-CHN-024,Chennai,CHN,center,False,
2025-03-10 09:00:00,29.8,1013.8,49.0,AWS-CHN-024,Chennai,CHN,center,False,
2025-03-10 10:00:00,30.5,1014.0,45.0,AWS-CHN-024,Chennai,CHN,center,False,
2025-03-10 11:00:00,30.8,1013.5,47.0,AWS-CHN-024,Chennai,CHN,center,True,drift
2025-03-10 12:00:00,30.9,1012.0,47.16262331349596,AWS-CHN-024,Chennai,CHN,center,True,drift
2025-03-10 13:00:00,31.1,1010.5,44.32524662699193,AWS-CHN-024,Chennai,CHN,center,True,drift
2025-03-10 14:00:00,31.5,1009.1,43.48786994048789,AWS-CHN-024,Chennai,CHN,center,True,drift
2025-03-10 15:00:00,30.7,1008.6,46.65049325398385,AWS-CHN-024,Chennai,CHN,center,True,drift
2025-03-10 16:00:00,29.6,1008.7,52.81311656747982,AWS-CHN-024,Chennai,CHN,center,True,drift
2025-03-10 17:00:00,28.5,1009.6,54.97573988097578,AWS-CHN-024,Chennai,CHN,center,True,drift
2025-03-10 18:00:00,28.2,1010.0,58.138363194471744,AWS-CHN-024,Chennai,CHN,center,True,drift
2025-03-10 19:00:00,28.3,1011.0,56.3009865079677,AWS-CHN-024,Chennai,CHN,center,True,drift
2025-03-10 20:00:00,27.9,1011.9,58.46360982146366,AWS-CHN-024,Chennai,CHN,center,True,drift
2025-03-10 21:00:00,28.0,1013.0,56.62623313495963,AWS-CHN-024,Chennai,CHN,center,True,drift
2025-03-10 22:00:00,27.7,1012.6,57.78885644845559,AWS-CHN-024,Chennai,CHN,center,True,drift
2025-03-10 23:00:00,27.4,1012.0,58.95147976195155,AWS-CHN-024,Chennai,CHN,center,True,drift
2025-03-11 00:00:00,27.4,1011.3,58.11410307544752,AWS-CHN-024,Chennai,CHN,center,True,drift
2025-03-11 01:00:00,27.3,1010.4,58.27672638894348,AWS-CHN-024,Chennai,CHN,center,True,drift
2025-03-11 02:00:00,27.2,1009.8,57.43934970243944,AWS-CHN-024,Chennai,CHN,center,True,drift
2025-03-11 03:00:00,27.2,1009.5,56.60197301593541,AWS-CHN-024,Chennai,CHN,center,True,drift
2025-03-11 04:00:00,27.2,1009.2,55.76459632943137,AWS-CHN-024,Chennai,CHN,center,True,drift
2025-03-11 05:00:00,27.2,1009.5,55.92721964292733,AWS-CHN-024,Chennai,CHN,center,True,drift
2025-03-11 06:00:00,27.2,1010.4,61.0898429564233,AWS-CHN-024,Chennai,CHN,center,True,drift
2025-03-11 07:00:00,28.0,1011.4,56.25246626991925,AWS-CHN-024,Chennai,CHN,center,True,drift
2025-03-11 08:00:00,29.0,1012.3,50.415089583415224,AWS-CHN-024,Chennai,CHN,center,True,drift
2025-03-11 09:00:00,30.0,1012.9,44.57771289691118,AWS-CHN-024,Chennai,CHN,center,True,drift
2025-03-11 10:00:00,27.0,1013.9,58.74033621040714,AWS-CHN-024,Chennai,CHN,center,True,drift
2025-03-11 11:00:00,27.7,1012.9,54.90295952390311,AWS-CHN-024,Chennai,CHN,center,True,drift
2025-03-11 12:00:00,29.0,1011.6,71.0,AWS-CHN-024,Chennai,CHN,center,False,
2025-03-11 13:00:00,29.5,1010.9,71.0,AWS-CHN-024,Chennai,CHN,center,False,
2025-03-11 14:00:00,27.4,1010.3,78.0,AWS-CHN-024,Chennai,CHN,center,False,
2025-03-11 15:00:00,26.4,1010.2,79.0,AWS-CHN-024,Chennai,CHN,center,False,
2025-03-11 16:00:00,26.0,1010.4,84.0,AWS-CHN-024,Chennai,CHN,center,False,
2025-03-11 17:00:00,26.2,1010.4,83.0,AWS-CHN-024,Chennai,CHN,center,False,
2025-03-11 18:00:00,25.1,1011.1,93.0,AWS-CHN-024,Chennai,CHN,center,False,
2025-03-11 19:00:00,25.0,1011.7,92.0,AWS-CHN-024,Chennai,CHN,center,False,
2025-03-11 20:00:00,25.0,1012.1,91.0,AWS-CHN-024,Chennai,CHN,center,False,
2025-03-11 21:00:00,25.1,1012.9,92.0,AWS-CHN-024,Chennai,CHN,center,False,
2025-03-11 22:00:00,24.8,1012.9,94.0,AWS-CHN-024,Chennai,CHN,center,False,
2025-03-11 23:00:00,24.5,1011.8,94.0,AWS-CHN-024,Chennai,CHN,center,False,
2025-03-12 00:00:00,24.4,1011.4,96.0,AWS-CHN-024,Chennai,CHN,center,False,
2025-03-12 01:00:00,24.3,1010.4,95.0,AWS-CHN-024,Chennai,CHN,center,False,
2025-03-12 02:00:00,24.0,1009.4,97.0,AWS-CHN-024,Chennai,CHN,center,False,
2025-03-12 03:00:00,24.0,1008.8,97.0,AWS-CHN-024,Chennai,CHN,center,False,
2025-03-12 04:00:00,24.0,1008.9,97.0,AWS-CHN-024,Chennai,CHN,center,False,
2025-03-12 05:00:00,24.1,1009.4,96.0,AWS-CHN-024,Chennai,CHN,center,False,
2025-03-12 06:00:00,24.9,1010.2,96.0,AWS-CHN-024,Chennai,CHN,center,False,
2025-03-12 07:00:00,25.4,1010.8,91.0,AWS-CHN-024,Chennai,CHN,center,False,
2025-03-12 08:00:00,27.0,1011.4,87.0,AWS-CHN-024,Chennai,CHN,center,False,
2025-03-12 09:00:00,28.4,1012.0,78.0,AWS-CHN-024,Chennai,CHN,center,False,
2025-03-12 10:00:00,29.6,1011.5,74.0,AWS-CHN-024,Chennai,CHN,center,False,
2025-03-12 11:00:00,-40.04331785617187,1010.8,74.0,AWS-CHN-024,Chennai,CHN,center,True,sensor_fail_low
2025-03-12 12:00:00,-40.040944628987425,1009.7,73.0,AWS-CHN-024,Chennai,CHN,center,True,sensor_fail_low
2025-03-12 13:00:00,-40.08007895125057,1009.7149813614337,72.0,AWS-CHN-024,Chennai,CHN,center,True,sensor_fail_low
2025-03-12 14:00:00,-39.95222100154437,1009.6946783487382,72.0,AWS-CHN-024,Chennai,CHN,center,True,sensor_fail_low
2025-03-12 15:00:00,29.5,1009.6908527599635,-0.024004654795755212,AWS-CHN-024,Chennai,CHN,center,True,sensor_fail_low
2025-03-12 16:00:00,28.9,1009.7541577248319,-0.06226194341311064,AWS-CHN-024,Chennai,CHN,center,True,sensor_fail_low
2025-03-12 17:00:00,28.1,1009.758515873839,-0.06345244991796008,AWS-CHN-024,Chennai,CHN,center,True,sensor_fail_low
2025-03-12 18:00:00,27.4,1009.7237079573093,0.03373038791608885,AWS-CHN-024,Chennai,CHN,center,True,sensor_fail_low
2025-03-12 19:00:00,26.7,1009.7521208754162,85.0,AWS-CHN-024,Chennai,CHN,center,True,frozen_value
2025-03-12 20:00:00,26.5,1010.4,86.0,AWS-CHN-024,Chennai,CHN,center,False,
2025-03-12 21:00:00,26.3,1010.9,88.0,AWS-CHN-024,Chennai,CHN,center,False,
2025-03-12 22:00:00,25.8,1010.8,91.0,AWS-CHN-024,Chennai,CHN,center,False,
2025-03-12 23:00:00,25.5,1010.4,93.0,AWS-CHN-024,Chennai,CHN,center,False,
2025-03-13 00:00:00,25.2,1009.5,95.0,AWS-CHN-024,Chennai,CHN,center,False,
2025-03-13 01:00:00,24.8,1008.7,96.0,AWS-CHN-024,Chennai,CHN,center,False,
2025-03-13 02:00:00,24.5,1008.3,98.0,AWS-CHN-024,Chennai,CHN,center,False,
2025-03-13 03:00:00,24.3,1008.1,98.0,AWS-CHN-024,Chennai,CHN,center,False,
2025-03-13 04:00:00,24.0,1008.1,98.0,AWS-CHN-024,Chennai,CHN,center,False,
2025-03-13 05:00:00,24.0,1008.6,96.0,AWS-CHN-024,Chennai,CHN,center,False,
2025-03-13 06:00:00,24.9,1009.6,97.0,AWS-CHN-024,Chennai,CHN,center,False,
2025-03-13 07:00:00,25.8,1010.4,92.0,AWS-CHN-024,Chennai,CHN,center,False,
2025-03-13 08:00:00,27.8,1010.9,81.0,AWS-CHN-024,Chennai,CHN,center,False,
2025-03-13 09:00:00,30.1,1011.1,68.0,AWS-CHN-024,Chennai,CHN,center,False,
2025-03-13 10:00:00,31.9,1010.8,58.0,AWS-CHN-024,Chennai,CHN,center,True,drift
2025-03-13 11:00:00,32.867905177085774,1010.0,54.0,AWS-CHN-024,Chennai,CHN,center,True,drift
2025-03-13 12:00:00,32.83581035417154,1008.7,55.0,AWS-CHN-024,Chennai,CHN,center,True,drift
2025-03-13 13:00:00,32.40371553125731,1007.7,55.0,AWS-CHN-024,Chennai,CHN,center,True,drift
2025-03-13 14:00:00,31.37162070834308,1006.8,56.0,AWS-CHN-024,Chennai,CHN,center,True,drift
2025-03-13 15:00:00,30.339525885428856,1006.3,62.0,AWS-CHN-024,Chennai,CHN,center,True,drift
2025-03-13 16:00:00,29.107431062514625,1006.3,66.0,AWS-CHN-024,Chennai,CHN,center,True,drift
2025-03-13 17:00:00,27.875336239600397,1006.4,70.0,AWS-CHN-024,Chennai,CHN,center,True,drift
2025-03-13 18:00:00,26.443241416686167,1006.9,79.0,AWS-CHN-024,Chennai,CHN,center,True,drift
2025-03-13 19:00:00,25.811146593771937,1007.8,83.0,AWS-CHN-024,Chennai,CHN,center,True,drift
2025-03-13 20:00:00,25.379051770857707,1008.6,84.0,AWS-CHN-024,Chennai,CHN,center,True,drift
2025-03-13 21:00:00,24.74695694794348,1009.3,86.0,AWS-CHN-024,Chennai,CHN,center,True,drift
2025-03-13 22:00:00,24.214862125029253,1009.3,89.0,AWS-CHN-024,Chennai,CHN,center,True,drift
2025-03-13 23:00:00,23.582767302115023,1009.3,91.0,AWS-CHN-024,Chennai,CHN,center,True,drift
2025-03-14 00:00:00,22.850672479200796,1008.8,94.0,AWS-CHN-024,Chennai,CHN,center,True,drift
2025-03-14 01:00:00,22.218577656286563,1008.3,95.0,AWS-CHN-024,Chennai,CHN,center,True,drift
2025-03-14 02:00:00,21.386482833372337,1007.9,97.0,AWS-CHN-024,Chennai,CHN,center,True,drift
2025-03-14 03:00:00,20.854388010458106,1007.6,98.0,AWS-CHN-024,Chennai,CHN,center,True,drift
2025-03-14 04:00:00,20.622293187543878,1007.8,98.0,AWS-CHN-024,Chennai,CHN,center,True,drift
2025-03-14 05:00:00,20.290198364629646,1008.5,97.0,AWS-CHN-024,Chennai,CHN,center,True,drift
2025-03-14 06:00:00,21.45810354171542,1009.3,95.0,AWS-CHN-024,Chennai,CHN,center,True,drift
2025-03-14 07:00:00,22.32600871880119,1010.6,84.0,AWS-CHN-024,Chennai,CHN,center,True,drift
2025-03-14 08:00:00,23.69391389588696,1011.4,75.0,AWS-CHN-024,Chennai,CHN,center,True,drift
2025-03-14 09:00:00,25.461819072972734,1011.5,63.0,AWS-CHN-024,Chennai,CHN,center,True,drift
2025-03-14 10:00:00,26.929724250058506,1011.3,55.0,AWS-CHN-024,Chennai,CHN,center,True,drift
2025-03-14 11:00:00,27.597629427144273,1010.4,53.0,AWS-CHN-024,Chennai,CHN,center,True,drift
2025-03-14 12:00:00,27.26553460423004,1009.2,58.0,AWS-CHN-024,Chennai,CHN,center,True,drift
2025-03-14 13:00:00,26.733439781315816,1008.2,55.0,AWS-CHN-024,Chennai,CHN,center,True,drift
2025-03-14 14:00:00,26.301344958401586,1007.3,50.0,AWS-CHN-024,Chennai,CHN,center,True,drift
2025-03-14 15:00:00,25.569250135487355,1006.7,51.0,AWS-CHN-024,Chennai,CHN,center,True,drift
2025-03-14 16:00:00,24.23715531257313,1006.7,56.0,AWS-CHN-024,Chennai,CHN,center,True,drift
2025-03-14 17:00:00,22.4050604896589,1007.0,69.0,AWS-CHN-024,Chennai,CHN,center,True,drift
2025-03-14 18:00:00,20.872965666744673,1007.7,78.0,AWS-CHN-024,Chennai,CHN,center,True,drift
2025-03-14 19:00:00,20.24087084383044,1008.7,81.0,AWS-CHN-024,Chennai,CHN,center,True,drift
2025-03-14 20:00:00,19.708776020916215,1009.4,81.0,AWS-CHN-024,Chennai,CHN,center,True,drift
2025-03-14 21:00:00,18.976681198001984,1009.9,84.0,AWS-CHN-024,Chennai,CHN,center,True,drift
2025-03-14 22:00:00,18.444586375087756,1009.9,85.0,AWS-CHN-024,Chennai,CHN,center,True,drift
2025-03-14 23:00:00,18.01249155217353,1009.9,86.0,AWS-CHN-024,Chennai,CHN,center,True,drift
2025-03-15 00:00:00,17.780396729259298,1009.5,86.0,AWS-CHN-024,Chennai,CHN,center,True,drift
2025-03-15 01:00:00,17.24830190634507,1008.9,87.0,AWS-CHN-024,Chennai,CHN,center,True,drift
2025-03-15 02:00:00,16.616207083430837,1008.5,88.0,AWS-CHN-024,Chennai,CHN,center,True,drift
2025-03-15 03:00:00,16.28411226051661,1008.4,89.0,AWS-CHN-024,Chennai,CHN,center,True,drift
2025-03-15 04:00:00,15.752017437602381,1008.6,89.0,AWS-CHN-024,Chennai,CHN,center,True,drift
2025-03-15 05:00:00,15.01992261468815,1009.1,91.0,AWS-CHN-024,Chennai,CHN,center,True,drift
2025-03-15 06:00:00,15.18782779177392,1010.0,93.0,AWS-CHN-024,Chennai,CHN,center,True,drift
2025-03-15 07:00:00,15.755732968859693,1010.8,88.0,AWS-CHN-024,Chennai,CHN,center,True,drift
2025-03-15 08:00:00,17.723638145945465,1011.5,75.0,AWS-CHN-024,Chennai,CHN,center,True,drift
2025-03-15 09:00:00,19.491543323031234,1011.9,60.0,AWS-CHN-024,Chennai,CHN,center,True,drift
2025-03-15 10:00:00,21.159448500117005,1011.5,49.0,AWS-CHN-024,Chennai,CHN,center,True,drift
2025-03-15 11:00:00,22.427353677202774,1010.8,43.0,AWS-CHN-024,Chennai,CHN,center,True,drift
2025-03-15 12:00:00,34.0,1009.9,47.0,AWS-CHN-024,Chennai,CHN,center,False,
2025-03-15 13:00:00,33.8,1009.1,47.0,AWS-CHN-024,Chennai,CHN,center,False,
2025-03-15 14:00:00,33.4,1008.2,44.0,AWS-CHN-024,Chennai,CHN,center,False,
2025-03-15 15:00:00,32.4,1007.7,49.0,AWS-CHN-024,Chennai,CHN,center,False,
2025-03-15 16:00:00,31.1,1007.7,57.0,AWS-CHN-024,Chennai,CHN,center,False,
2025-03-15 17:00:00,29.8,1008.3,63.0,AWS-CHN-024,Chennai,CHN,center,False,
2025-03-15 18:00:00,28.7,1008.7,75.0,AWS-CHN-024,Chennai,CHN,center,False,
2025-03-15 19:00:00,28.3,1009.6,77.0,AWS-CHN-024,Chennai,CHN,center,False,
2025-03-15 20:00:00,28.2,1010.5,78.0,AWS-CHN-024,Chennai,CHN,center,False,
2025-03-15 21:00:00,28.0,1011.3,79.0,AWS-CHN-024,Chennai,CHN,center,False,
2025-03-15 22:00:00,27.7,1011.5,80.0,AWS-CHN-024,Chennai,CHN,center,False,
2025-03-15 23:00:00,27.5,1011.3,83.0,AWS-CHN-024,Chennai,CHN,center,False,
2025-03-16 00:00:00,27.1,1010.9,85.0,AWS-CHN-024,Chennai,CHN,center,False,
2025-03-16 01:00:00,26.4,1010.2,89.0,AWS-CHN-024,Chennai,CHN,center,False,
2025-03-16 02:00:00,26.0,1009.8,90.0,AWS-CHN-024,Chennai,CHN,center,False,
2025-03-16 03:00:00,25.7,1009.4,92.0,AWS-CHN-024,Chennai,CHN,center,False,
2025-03-16 04:00:00,25.4,1009.7,94.0,AWS-CHN-024,Chennai,CHN,center,False,
2025-03-16 05:00:00,25.1,1010.3,94.0,AWS-CHN-024,Chennai,CHN,center,False,
2025-03-16 06:00:00,25.8,1010.8,97.0,AWS-CHN-024,Chennai,CHN,center,False,
2025-03-16 07:00:00,26.7,1011.6,92.0,AWS-CHN-024,Chennai,CHN,center,False,
2025-03-16 08:00:00,28.6,1012.0,79.0,AWS-CHN-024,Chennai,CHN,center,False,
2025-03-16 09:00:00,30.6,1012.2,66.0,AWS-CHN-024,Chennai,CHN,center,False,
2025-03-16 10:00:00,32.2,1011.9,57.0,AWS-CHN-024,Chennai,CHN,center,False,
2025-03-16 11:00:00,32.7,1011.5,54.0,AWS-CHN-024,Chennai,CHN,center,False,
2025-03-16 12:00:00,32.9,1010.5,54.0,AWS-CHN-024,Chennai,CHN,center,False,
2025-03-16 13:00:00,32.8,1009.3,53.0,AWS-CHN-024,Chennai,CHN,center,False,
2025-03-16 14:00:00,32.5,1008.3,53.0,AWS-CHN-024,Chennai,CHN,center,False,
2025-03-16 15:00:00,32.0,1007.6,56.0,AWS-CHN-024,Chennai,CHN,center,False,
2025-03-16 16:00:00,31.1,1007.3,60.0,AWS-CHN-024,Chennai,CHN,center,False,
2025-03-16 17:00:00,36.01535007299418,999.9666266220814,81.12635799564106,AWS-CHN-024,Chennai,CHN,center,True,unstructured_anomaly
2025-03-16 18:00:00,34.61503270742405,1000.7238736442108,88.61618565789239,AWS-CHN-024,Chennai,CHN,center,True,unstructured_anomaly
2025-03-16 19:00:00,35.42004513242085,1001.6364483017124,59.03363010586466,AWS-CHN-024,Chennai,CHN,center,True,unstructured_anomaly
2025-03-16 20:00:00,35.35262097620212,1000.7230641555147,60.38055552700895,AWS-CHN-024,Chennai,CHN,center,True,unstructured_anomaly
2025-03-16 21:00:00,34.22162459027446,1001.4292051985121,62.271924489123705,AWS-CHN-024,Chennai,CHN,center,True,unstructured_anomaly
2025-03-16 22:00:00,28.1,1010.2,83.0,AWS-CHN-024,Chennai,CHN,center,False,
2025-03-16 23:00:00,27.9,1010.0,84.0,AWS-CHN-024,Chennai,CHN,center,False,
2025-03-17 00:00:00,27.6,1009.7,86.0,AWS-CHN-024,Chennai,CHN,center,False,
2025-03-17 01:00:00,27.3,1009.3,88.0,AWS-CHN-024,Chennai,CHN,center,False,
2025-03-17 02:00:00,26.7,1008.9,90.0,AWS-CHN-024,Chennai,CHN,center,False,
2025-03-17 03:00:00,26.2,1008.4,93.0,AWS-CHN-024,Chennai,CHN,center,False,
2025-03-17 04:00:00,25.9,1008.5,95.0,AWS-CHN-024,Chennai,CHN,center,False,
2025-03-17 05:00:00,26.0,1009.0,94.0,AWS-CHN-024,Chennai,CHN,center,False,
2025-03-17 06:00:00,27.1,1009.6,91.0,AWS-CHN-024,Chennai,CHN,center,False,
2025-03-17 07:00:00,28.0,1010.6,83.0,AWS-CHN-024,Chennai,CHN,center,False,
2025-03-17 08:00:00,29.7,1011.4,72.0,AWS-CHN-024,Chennai,CHN,center,False,
2025-03-17 09:00:00,32.0,1011.6,58.0,AWS-CHN-024,Chennai,CHN,center,False,
2025-03-17 10:00:00,33.6,1011.2,50.0,AWS-CHN-024,Chennai,CHN,center,False,
2025-03-17 11:00:00,34.0,1010.8,49.0,AWS-CHN-024,Chennai,CHN,center,False,
2025-03-17 12:00:00,32.8,1009.8,59.0,AWS-CHN-024,Chennai,CHN,center,False,
2025-03-17 13:00:00,32.8,1008.8,56.0,AWS-CHN-024,Chennai,CHN,center,False,
2025-03-17 14:00:00,32.5,1007.6,60.0,AWS-CHN-024,Chennai,CHN,center,False,
2025-03-17 15:00:00,32.1,,58.0,AWS-CHN-024,Chennai,CHN,center,True,dropout
2025-03-17 16:00:00,31.5,1006.7,61.0,AWS-CHN-024,Chennai,CHN,center,False,
2025-03-17 17:00:00,30.2,1006.9,68.0,AWS-CHN-024,Chennai,CHN,center,False,
2025-03-17 18:00:00,29.0,1007.3,77.0,AWS-CHN-024,Chennai,CHN,center,False,
2025-03-17 19:00:00,28.8,1008.6,80.0,AWS-CHN-024,Chennai,CHN,center,False,
2025-03-17 20:00:00,28.6,1009.4,81.0,AWS-CHN-024,Chennai,CHN,center,False,
2025-03-17 21:00:00,28.3,1010.3,83.0,AWS-CHN-024,Chennai,CHN,center,False,
2025-03-17 22:00:00,28.1,1010.5,84.0,AWS-CHN-024,Chennai,CHN,center,False,
2025-03-17 23:00:00,27.8,1010.2,86.0,AWS-CHN-024,Chennai,CHN,center,False,
2025-03-18 00:00:00,27.5,1009.7,88.0,AWS-CHN-024,Chennai,CHN,center,False,
2025-03-18 01:00:00,27.2,1009.0,89.0,AWS-CHN-024,Chennai,CHN,center,False,
2025-03-18 02:00:00,-40.009487964275145,1008.4,92.0,AWS-CHN-024,Chennai,CHN,center,True,sensor_fail_low
2025-03-18 03:00:00,-40.07277787440861,1008.2,93.0,AWS-CHN-024,Chennai,CHN,center,True,sensor_fail_low
2025-03-18 04:00:00,-39.99069538332621,1008.1,95.0,AWS-CHN-024,Chennai,CHN,center,True,sensor_fail_low
2025-03-18 05:00:00,-39.96887732480014,1008.7,95.0,AWS-CHN-024,Chennai,CHN,center,True,sensor_fail_low
2025-03-18 06:00:00,27.2,1009.2,91.0,AWS-CHN-024,Chennai,CHN,center,False,
2025-03-18 07:00:00,28.0,1009.9,84.0,AWS-CHN-024,Chennai,CHN,center,False,
2025-03-18 08:00:00,29.7,1010.6,74.0,AWS-CHN-024,Chennai,CHN,center,False,
2025-03-18 09:00:00,31.5,1010.8,62.0,AWS-CHN-024,Chennai,CHN,center,False,
2025-03-18 10:00:00,32.6,1010.5,57.0,AWS-CHN-024,Chennai,CHN,center,False,
2025-03-18 11:00:00,33.1,1009.8,56.0,AWS-CHN-024,Chennai,CHN,center,False,
2025-03-18 12:00:00,33.0,1009.0,58.0,AWS-CHN-024,Chennai,CHN,center,False,
2025-03-18 13:00:00,32.9,1008.2,57.0,AWS-CHN-024,Chennai,CHN,center,False,
2025-03-18 14:00:00,32.7,1007.6,55.0,AWS-CHN-024,Chennai,CHN,center,False,
2025-03-18 15:00:00,32.1,1007.4,56.0,AWS-CHN-024,Chennai,CHN,center,False,
2025-03-18 16:00:00,31.2,1007.7,60.0,AWS-CHN-024,Chennai,CHN,center,False,
2025-03-18 17:00:00,30.0,1007.9,67.0,AWS-CHN-024,Chennai,CHN,center,False,
2025-03-18 18:00:00,29.1,1008.5,75.0,AWS-CHN-024,Chennai,CHN,center,False,
2025-03-18 19:00:00,28.9,1009.3,78.0,AWS-CHN-024,Chennai,CHN,center,False,
2025-03-18 20:00:00,28.7,1010.0,79.0,AWS-CHN-024,Chennai,CHN,center,False,
2025-03-18 21:00:00,36.707249657776195,1011.1311078293307,100.0,AWS-CHN-024,Chennai,CHN,center,True,multivariate_inconsistency
2025-03-18 22:00:00,36.40724965777619,1011.2924123655796,100.0,AWS-CHN-024,Chennai,CHN,center,True,multivariate_inconsistency
2025-03-18 23:00:00,36.107249657776194,1011.510399290906,100.0,AWS-CHN-024,Chennai,CHN,center,True,multivariate_inconsistency
2025-03-19 00:00:00,35.90724965777619,1011.0415489621786,100.0,AWS-CHN-024,Chennai,CHN,center,True,multivariate_inconsistency
2025-03-19 01:00:00,27.4,1010.3,85.0,AWS-CHN-024,Chennai,CHN,center,False,
2025-03-19 02:00:00,27.2,1009.6,86.0,AWS-CHN-024,Chennai,CHN,center,False,
2025-03-19 03:00:00,27.0,1009.4,87.0,AWS-CHN-024,Chennai,CHN,center,False,
2025-03-19 04:00:00,26.7,1009.8,87.0,AWS-CHN-024,Chennai,CHN,center,False,
2025-03-19 05:00:00,26.5,1010.3,88.0,AWS-CHN-024,Chennai,CHN,center,False,
2025-03-19 06:00:00,26.4,1011.3,92.0,AWS-CHN-024,Chennai,CHN,center,False,
2025-03-19 07:00:00,27.6,1012.3,86.0,AWS-CHN-024,Chennai,CHN,center,False,
2025-03-19 08:00:00,29.5,1013.1,74.0,AWS-CHN-024,Chennai,CHN,center,False,
2025-03-19 09:00:00,31.3,1013.5,63.0,AWS-CHN-024,Chennai,CHN,center,False,
2025-03-19 10:00:00,32.6,1013.3,56.0,AWS-CHN-024,Chennai,CHN,center,False,
2025-03-19 11:00:00,33.2,1013.0,52.0,AWS-CHN-024,Chennai,CHN,center,False,
2025-03-19 12:00:00,33.4,1011.9,50.0,AWS-CHN-024,Chennai,CHN,center,False,
2025-03-19 13:00:00,33.3,1010.9,51.0,AWS-CHN-024,Chennai,CHN,center,False,
2025-03-19 14:00:00,32.7,1009.8,55.0,AWS-CHN-024,Chennai,CHN,center,False,
2025-03-19 15:00:00,32.0,1009.3,60.0,AWS-CHN-024,Chennai,CHN,center,False,
2025-03-19 16:00:00,31.1,1009.2,64.0,AWS-CHN-024,Chennai,CHN,center,False,
2025-03-19 17:00:00,30.1,1009.4,69.0,AWS-CHN-024,Chennai,CHN,center,False,
2025-03-19 18:00:00,29.3,1010.1,77.0,AWS-CHN-024,Chennai,CHN,center,False,
2025-03-19 19:00:00,29.0,1011.1,78.0,AWS-CHN-024,Chennai,CHN,center,False,
2025-03-19 20:00:00,28.9,1012.2,79.0,AWS-CHN-024,Chennai,CHN,center,False,
2025-03-19 21:00:00,28.7,1012.8,79.0,AWS-CHN-024,Chennai,CHN,center,False,
2025-03-19 22:00:00,28.4,1013.2,81.0,AWS-CHN-024,Chennai,CHN,center,False,
2025-03-19 23:00:00,28.1,1013.0,83.0,AWS-CHN-024,Chennai,CHN,center,False,
2025-03-20 00:00:00,27.8,1012.7,85.0,AWS-CHN-024,Chennai,CHN,center,False,
2025-03-20 01:00:00,27.5,1012.1,87.0,AWS-CHN-024,Chennai,CHN,center,False,
2025-03-20 02:00:00,27.3,1011.8,87.0,AWS-CHN-024,Chennai,CHN,center,False,
2025-03-20 03:00:00,27.2,1011.5,85.0,AWS-CHN-024,Chennai,CHN,center,False,
2025-03-20 04:00:00,27.2,1011.7,84.0,AWS-CHN-024,Chennai,CHN,center,False,
2025-03-20 05:00:00,27.0,1012.4,84.0,AWS-CHN-024,Chennai,CHN,center,False,
2025-03-20 06:00:00,27.4,1012.9,83.0,AWS-CHN-024,Chennai,CHN,center,False,
2025-03-20 07:00:00,28.6,1013.6,76.0,AWS-CHN-024,Chennai,CHN,center,False,
2025-03-20 08:00:00,30.2,1014.3,66.0,AWS-CHN-024,Chennai,CHN,center,False,
2025-03-20 09:00:00,31.5,1014.7,59.0,AWS-CHN-024,Chennai,CHN,center,False,
2025-03-20 10:00:00,32.7,1014.7,51.0,AWS-CHN-024,Chennai,CHN,center,False,
2025-03-20 11:00:00,33.4,1013.8,47.0,AWS-CHN-024,Chennai,CHN,center,False,
2025-03-20 12:00:00,33.6,1012.7,45.0,AWS-CHN-024,Chennai,CHN,center,False,
2025-03-20 13:00:00,33.3,1011.7,47.0,AWS-CHN-024,Chennai,CHN,center,False,
2025-03-20 14:00:00,32.6,1010.7,51.0,AWS-CHN-024,Chennai,CHN,center,False,
2025-03-20 15:00:00,31.7,1010.1,57.0,AWS-CHN-024,Chennai,CHN,center,False,
2025-03-20 16:00:00,30.9,1009.9,61.0,AWS-CHN-024,Chennai,CHN,center,False,
2025-03-20 17:00:00,30.0,1010.0,64.0,AWS-CHN-024,Chennai,CHN,center,False,
2025-03-20 18:00:00,29.4,1011.0,71.0,AWS-CHN-024,Chennai,CHN,center,False,
2025-03-20 19:00:00,29.1,1011.9,74.0,AWS-CHN-024,Chennai,CHN,center,False,
2025-03-20 20:00:00,29.0,1012.7,74.0,AWS-CHN-024,Chennai,CHN,center,False,
2025-03-20 21:00:00,28.7,1013.4,75.0,AWS-CHN-024,Chennai,CHN,center,False,
2025-03-20 22:00:00,28.5,1013.7,76.0,AWS-CHN-024,Chennai,CHN,center,False,
2025-03-20 23:00:00,28.3,1013.4,77.0,AWS-CHN-024,Chennai,CHN,center,False,
2025-03-21 00:00:00,28.1,1013.0,78.0,AWS-CHN-024,Chennai,CHN,center,False,
2025-03-21 01:00:00,28.0,1012.4,78.0,AWS-CHN-024,Chennai,CHN,center,False,
2025-03-21 02:00:00,16.181840961646433,1011.9,78.0,AWS-CHN-024,Chennai,CHN,center,True,spike
2025-03-21 03:00:00,27.8,1011.7,78.0,AWS-CHN-024,Chennai,CHN,center,True,frozen_value
2025-03-21 04:00:00,27.8,1012.0,79.0,AWS-CHN-024,Chennai,CHN,center,True,frozen_value
2025-03-21 05:00:00,27.8,1012.4,80.0,AWS-CHN-024,Chennai,CHN,center,True,frozen_value
2025-03-21 06:00:00,27.8,1013.4,80.0,AWS-CHN-024,Chennai,CHN,center,True,frozen_value
2025-03-21 07:00:00,27.8,1014.0,73.0,AWS-CHN-024,Chennai,CHN,center,True,frozen_value
2025-03-21 08:00:00,27.8,1014.7,65.0,AWS-CHN-024,Chennai,CHN,center,True,frozen_value
2025-03-21 09:00:00,27.8,1014.8,59.0,AWS-CHN-024,Chennai,CHN,center,True,frozen_value
2025-03-21 10:00:00,32.3,1014.7,55.0,AWS-CHN-024,Chennai,CHN,center,False,
2025-03-21 11:00:00,32.9,1014.1,52.0,AWS-CHN-024,Chennai,CHN,center,False,
2025-03-21 12:00:00,33.2,1012.7,50.0,AWS-CHN-024,Chennai,CHN,center,False,
2025-03-21 13:00:00,32.9,1011.7,52.0,AWS-CHN-024,Chennai,CHN,center,False,
2025-03-21 14:00:00,32.4,1010.7,55.0,AWS-CHN-024,Chennai,CHN,center,False,
2025-03-21 15:00:00,31.6,1010.0,59.0,AWS-CHN-024,Chennai,CHN,center,False,
2025-03-21 16:00:00,30.8,1009.8,63.0,AWS-CHN-024,Chennai,CHN,center,False,
2025-03-21 17:00:00,29.8,1009.9,67.0,AWS-CHN-024,Chennai,CHN,center,False,
2025-03-21 18:00:00,29.2,1010.7,74.0,AWS-CHN-024,Chennai,CHN,center,False,
2025-03-21 19:00:00,29.0,1011.1,76.0,AWS-CHN-024,Chennai,CHN,center,False,
2025-03-21 20:00:00,28.8,1011.7,77.0,AWS-CHN-024,Chennai,CHN,center,True,frozen_value
2025-03-21 21:00:00,28.6,1012.3,77.0,AWS-CHN-024,Chennai,CHN,center,True,frozen_value
2025-03-21 22:00:00,28.4,1012.4,77.0,AWS-CHN-024,Chennai,CHN,center,True,frozen_value
2025-03-21 23:00:00,28.2,1012.1,77.0,AWS-CHN-024,Chennai,CHN,center,True,frozen_value
2025-03-22 00:00:00,28.0,1011.6,77.0,AWS-CHN-024,Chennai,CHN,center,True,frozen_value
2025-03-22 01:00:00,27.8,1010.9,77.0,AWS-CHN-024,Chennai,CHN,center,True,frozen_value
2025-03-22 02:00:00,27.8,1010.3,77.0,AWS-CHN-024,Chennai,CHN,center,True,frozen_value
2025-03-22 03:00:00,27.6,1010.0,77.0,AWS-CHN-024,Chennai,CHN,center,True,frozen_value
2025-03-22 04:00:00,27.2,1010.0,86.0,AWS-CHN-024,Chennai,CHN,center,False,
2025-03-22 05:00:00,27.0,1010.7,87.0,AWS-CHN-024,Chennai,CHN,center,False,
2025-03-22 06:00:00,27.9,1011.7,83.0,AWS-CHN-024,Chennai,CHN,center,False,
2025-03-22 07:00:00,28.7,1012.7,79.0,AWS-CHN-024,Chennai,CHN,center,False,
2025-03-22 08:00:00,29.9,1013.6,71.0,AWS-CHN-024,Chennai,CHN,center,False,
2025-03-22 09:00:00,31.1,1013.7,64.0,AWS-CHN-024,Chennai,CHN,center,False,
2025-03-22 10:00:00,32.0,1013.5,60.0,AWS-CHN-024,Chennai,CHN,center,False,
2025-03-22 11:00:00,32.4,1012.8,58.0,AWS-CHN-024,Chennai,CHN,center,False,
2025-03-22 12:00:00,32.7,1011.7,57.0,AWS-CHN-024,Chennai,CHN,center,False,
2025-03-22 13:00:00,32.5,1010.6,57.0,AWS-CHN-024,Chennai,CHN,center,False,
2025-03-22 14:00:00,32.3,1009.9,59.0,AWS-CHN-024,Chennai,CHN,center,False,
2025-03-22 15:00:00,31.1,1009.4,64.0,AWS-CHN-024,Chennai,CHN,center,False,
2025-03-22 16:00:00,30.5,1009.1,66.0,AWS-CHN-024,Chennai,CHN,center,False,
2025-03-22 17:00:00,30.0,1009.5,70.0,AWS-CHN-024,Chennai,CHN,center,False,
2025-03-22 18:00:00,29.4,1010.4,74.0,AWS-CHN-024,Chennai,CHN,center,False,
2025-03-22 19:00:00,29.0,1011.6,78.0,AWS-CHN-024,Chennai,CHN,center,False,
2025-03-22 20:00:00,28.7,1012.1,80.0,AWS-CHN-024,Chennai,CHN,center,False,
2025-03-22 21:00:00,28.5,1012.5,82.0,AWS-CHN-024,Chennai,CHN,center,False,
2025-03-22 22:00:00,28.2,1012.7,83.0,AWS-CHN-024,Chennai,CHN,center,False,
2025-03-22 23:00:00,28.0,1012.5,84.0,AWS-CHN-024,Chennai,CHN,center,False,
2025-03-23 00:00:00,27.8,1012.1,86.0,AWS-CHN-024,Chennai,CHN,center,False,
2025-03-23 01:00:00,27.5,1010.9,86.0,AWS-CHN-024,Chennai,CHN,center,False,
2025-03-23 02:00:00,27.2,1010.4,87.0,AWS-CHN-024,Chennai,CHN,center,False,
2025-03-23 03:00:00,27.2,1009.9,86.0,AWS-CHN-024,Chennai,CHN,center,False,
2025-03-23 04:00:00,27.1,1010.1,85.0,AWS-CHN-024,Chennai,CHN,center,False,
2025-03-23 05:00:00,27.0,1010.8,85.0,AWS-CHN-024,Chennai,CHN,center,False,
2025-03-23 06:00:00,28.2,1011.3,78.0,AWS-CHN-024,Chennai,CHN,center,False,
2025-03-23 07:00:00,29.3,1012.6,73.0,AWS-CHN-024,Chennai,CHN,center,False,
2025-03-23 08:00:00,30.5,1013.5,64.0,AWS-CHN-024,Chennai,CHN,center,False,
2025-03-23 09:00:00,31.4,1013.8,59.0,AWS-CHN-024,Chennai,CHN,center,False,
2025-03-23 10:00:00,32.1,1013.4,55.0,AWS-CHN-024,Chennai,CHN,center,False,
2025-03-23 11:00:00,32.6,1012.8,53.0,AWS-CHN-024,Chennai,CHN,center,False,
2025-03-23 12:00:00,32.8,1011.7,53.0,AWS-CHN-024,Chennai,CHN,center,False,
2025-03-23 13:00:00,32.9,1010.7,53.0,AWS-CHN-024,Chennai,CHN,center,False,
2025-03-23 14:00:00,32.3,1009.8,55.0,AWS-CHN-024,Chennai,CHN,center,False,
2025-03-23 15:00:00,31.8,1009.5,57.0,AWS-CHN-024,Chennai,CHN,center,False,
2025-03-23 16:00:00,30.9,1009.4,62.0,AWS-CHN-024,Chennai,CHN,center,False,
2025-03-23 17:00:00,30.1,1009.8,66.0,AWS-CHN-024,Chennai,CHN,center,False,
2025-03-23 18:00:00,29.4,1010.2,72.0,AWS-CHN-024,Chennai,CHN,center,False,
2025-03-23 19:00:00,29.2,1011.2,74.0,AWS-CHN-024,Chennai,CHN,center,False,
2025-03-23 20:00:00,28.9,1012.0,77.0,AWS-CHN-024,Chennai,CHN,center,False,
2025-03-23 21:00:00,28.7,1012.5,78.0,AWS-CHN-024,Chennai,CHN,center,False,
2025-03-23 22:00:00,28.5,1012.3,79.0,AWS-CHN-024,Chennai,CHN,center,False,
2025-03-23 23:00:00,28.2,1012.2,80.0,AWS-CHN-024,Chennai,CHN,center,False,
2025-03-24 00:00:00,27.9,1011.7,82.0,AWS-CHN-024,Chennai,CHN,center,False,
2025-03-24 01:00:00,27.3,1010.9,86.0,AWS-CHN-024,Chennai,CHN,center,False,
2025-03-24 02:00:00,27.0,1010.2,88.0,AWS-CHN-024,Chennai,CHN,center,False,
2025-03-24 03:00:00,26.7,1009.9,89.0,AWS-CHN-024,Chennai,CHN,center,False,
2025-03-24 04:00:00,26.6,1010.2,90.0,AWS-CHN-024,Chennai,CHN,center,False,
2025-03-24 05:00:00,26.2,1011.1,92.0,AWS-CHN-024,Chennai,CHN,center,False,
2025-03-24 06:00:00,27.2,1011.6,88.0,AWS-CHN-024,Chennai,CHN,center,False,
2025-03-24 07:00:00,28.1,1012.6,83.0,AWS-CHN-024,Chennai,CHN,center,False,
2025-03-24 08:00:00,29.2,1013.3,76.0,AWS-CHN-024,Chennai,CHN,center,False,
2025-03-24 09:00:00,30.4,1013.7,68.0,AWS-CHN-024,Chennai,CHN,center,False,
2025-03-24 10:00:00,31.3,1013.2,63.0,AWS-CHN-024,Chennai,CHN,center,False,
2025-03-24 11:00:00,31.8,1012.4,58.0,AWS-CHN-024,Chennai,CHN,center,False,
2025-03-24 12:00:00,32.0,1011.2,56.0,AWS-CHN-024,Chennai,CHN,center,False,
2025-03-24 13:00:00,31.8,1010.1,58.0,AWS-CHN-024,Chennai,CHN,center,False,
2025-03-24 14:00:00,31.3,1009.1,60.0,AWS-CHN-024,Chennai,CHN,center,False,
2025-03-24 15:00:00,30.9,1008.6,62.0,AWS-CHN-024,Chennai,CHN,center,False,
2025-03-24 16:00:00,30.4,1008.3,64.0,AWS-CHN-024,Chennai,CHN,center,False,
2025-03-24 17:00:00,29.5,1008.6,69.0,AWS-CHN-024,Chennai,CHN,center,False,
2025-03-24 18:00:00,28.9,1009.4,75.0,AWS-CHN-024,Chennai,CHN,center,False,
2025-03-24 19:00:00,28.8,1010.4,76.0,AWS-CHN-024,Chennai,CHN,center,False,
2025-03-24 20:00:00,28.6,1011.1,77.0,AWS-CHN-024,Chennai,CHN,center,True,frozen_value
2025-03-24 21:00:00,28.3,1011.7,77.0,AWS-CHN-024,Chennai,CHN,center,True,frozen_value
2025-03-24 22:00:00,28.1,1011.5,77.0,AWS-CHN-024,Chennai,CHN,center,True,frozen_value
2025-03-24 23:00:00,27.7,1010.9,77.0,AWS-CHN-024,Chennai,CHN,center,True,frozen_value
2025-03-25 00:00:00,27.2,1010.0,77.0,AWS-CHN-024,Chennai,CHN,center,True,frozen_value
2025-03-25 01:00:00,26.5,1009.1,77.0,AWS-CHN-024,Chennai,CHN,center,True,frozen_value
2025-03-25 02:00:00,26.1,1008.4,77.0,AWS-CHN-024,Chennai,CHN,center,True,frozen_value
2025-03-25 03:00:00,25.8,1008.1,77.0,AWS-CHN-024,Chennai,CHN,center,True,frozen_value
2025-03-25 04:00:00,25.1,1007.9,77.0,AWS-CHN-024,Chennai,CHN,center,True,frozen_value
2025-03-25 05:00:00,24.9,1008.3,96.0,AWS-CHN-024,Chennai,CHN,center,False,
2025-03-25 06:00:00,26.2,1009.2,93.0,AWS-CHN-024,Chennai,CHN,center,False,
2025-03-25 07:00:00,27.4,1009.9,84.0,AWS-CHN-024,Chennai,CHN,center,False,
2025-03-25 08:00:00,29.1,1010.7,74.0,AWS-CHN-024,Chennai,CHN,center,False,
2025-03-25 09:00:00,30.9,1010.8,63.0,AWS-CHN-024,Chennai,CHN,center,False,
2025-03-25 10:00:00,32.3,1018.912848423572,56.0,AWS-CHN-024,Chennai,CHN,center,True,spike
2025-03-25 11:00:00,32.6,1018.312848423572,56.0,AWS-CHN-024,Chennai,CHN,center,True,spike
2025-03-25 12:00:00,31.9,1017.312848423572,58.0,AWS-CHN-024,Chennai,CHN,center,True,spike
2025-03-25 13:00:00,32.0,1016.312848423572,56.0,AWS-CHN-024,Chennai,CHN,center,True,spike
2025-03-25 14:00:00,31.9,1015.412848423572,54.0,AWS-CHN-024,Chennai,CHN,center,True,spike
2025-03-25 15:00:00,31.7,1014.7128484235719,51.0,AWS-CHN-024,Chennai,CHN,center,True,spike
2025-03-25 16:00:00,30.9,1005.7,57.0,AWS-CHN-024,Chennai,CHN,center,False,
2025-03-25 17:00:00,29.7,1006.0,66.0,AWS-CHN-024,Chennai,CHN,center,False,
2025-03-25 18:00:00,28.8,1006.6,70.0,AWS-CHN-024,Chennai,CHN,center,False,
2025-03-25 19:00:00,28.5,1007.5,73.0,AWS-CHN-024,Chennai,CHN,center,False,
2025-03-25 20:00:00,28.2,1008.2,75.0,AWS-CHN-024,Chennai,CHN,center,False,
2025-03-25 21:00:00,28.1,1008.9,76.0,AWS-CHN-024,Chennai,CHN,center,False,
2025-03-25 22:00:00,27.8,1008.6,77.0,AWS-CHN-024,Chennai,CHN,center,False,
2025-03-25 23:00:00,27.4,1008.0,79.0,AWS-CHN-024,Chennai,CHN,center,False,
2025-03-26 00:00:00,27.0,1007.4,81.0,AWS-CHN-024,Chennai,CHN,center,False,
2025-03-26 01:00:00,26.2,1006.8,85.0,AWS-CHN-024,Chennai,CHN,center,False,
2025-03-26 02:00:00,25.8,1006.3,88.0,AWS-CHN-024,Chennai,CHN,center,False,
2025-03-26 03:00:00,25.7,1006.2,88.0,AWS-CHN-024,Chennai,CHN,center,False,
2025-03-26 04:00:00,25.2,1006.5,91.0,AWS-CHN-024,Chennai,CHN,center,False,
2025-03-26 05:00:00,24.7,1007.1,92.0,AWS-CHN-024,Chennai,CHN,center,False,
2025-03-26 06:00:00,26.2,1007.6,89.0,AWS-CHN-024,Chennai,CHN,center,False,
2025-03-26 07:00:00,34.31339944794654,1007.9251419599641,100.0,AWS-CHN-024,Chennai,CHN,center,True,multivariate_inconsistency
2025-03-26 08:00:00,36.01339944794654,1009.2179349669692,100.0,AWS-CHN-024,Chennai,CHN,center,True,multivariate_inconsistency
2025-03-26 09:00:00,37.713399447946536,1009.4432561515599,100.0,AWS-CHN-024,Chennai,CHN,center,True,multivariate_inconsistency
2025-03-26 10:00:00,39.113399447946534,1008.9887206447413,93.52973040999208,AWS-CHN-024,Chennai,CHN,center,True,multivariate_inconsistency
2025-03-26 11:00:00,33.2,1008.3,50.0,AWS-CHN-024,Chennai,CHN,center,False,
2025-03-26 12:00:00,33.2,1007.4,48.0,AWS-CHN-024,Chennai,CHN,center,False,
2025-03-26 13:00:00,32.9,1006.4,50.0,AWS-CHN-024,Chennai,CHN,center,False,
2025-03-26 14:00:00,32.6,1005.6,50.0,AWS-CHN-024,Chennai,CHN,center,False,
2025-03-26 15:00:00,32.3,1005.0,48.0,AWS-CHN-024,Chennai,CHN,center,False,
2025-03-26 16:00:00,31.3,1004.6,55.0,AWS-CHN-024,Chennai,CHN,center,False,
2025-03-26 17:00:00,30.0,1005.0,64.0,AWS-CHN-024,Chennai,CHN,center,False,
2025-03-26 18:00:00,29.0,1005.5,70.0,AWS-CHN-024,Chennai,CHN,center,False,
2025-03-26 19:00:00,28.6,1006.3,75.0,AWS-CHN-024,Chennai,CHN,center,False,
2025-03-26 20:00:00,28.4,1007.3,76.0,AWS-CHN-024,Chennai,CHN,center,False,
2025-03-26 21:00:00,28.3,1008.2,79.0,AWS-CHN-024,Chennai,CHN,center,False,
2025-03-26 22:00:00,28.1,1008.3,79.0,AWS-CHN-024,Chennai,CHN,center,False,
2025-03-26 23:00:00,27.8,1008.2,81.0,AWS-CHN-024,Chennai,CHN,center,False,
2025-03-27 00:00:00,27.4,1007.6,83.0,AWS-CHN-024,Chennai,CHN,center,False,
2025-03-27 01:00:00,26.8,1006.9,87.0,AWS-CHN-024,Chennai,CHN,center,False,
2025-03-27 02:00:00,26.5,1006.3,89.0,AWS-CHN-024,Chennai,CHN,center,False,
2025-03-27 03:00:00,26.1,1006.2,91.0,AWS-CHN-024,Chennai,CHN,center,False,
2025-03-27 04:00:00,25.5,1006.1,94.0,AWS-CHN-024,Chennai,CHN,center,False,
2025-03-27 05:00:00,25.3,1006.6,94.0,AWS-CHN-024,Chennai,CHN,center,False,
2025-03-27 06:00:00,26.3,1007.5,91.0,AWS-CHN-024,Chennai,CHN,center,False,
2025-03-27 07:00:00,27.6,1008.2,82.0,AWS-CHN-024,Chennai,CHN,center,False,
2025-03-27 08:00:00,29.4,1008.7,71.0,AWS-CHN-024,Chennai,CHN,center,False,
2025-03-27 09:00:00,31.5,1008.8,58.0,AWS-CHN-024,Chennai,CHN,center,False,
2025-03-27 10:00:00,33.9,1008.5,45.0,AWS-CHN-024,Chennai,CHN,center,False,
2025-03-27 11:00:00,35.7,1007.5,36.0,AWS-CHN-024,Chennai,CHN,center,False,
2025-03-27 12:00:00,35.9,1006.2,36.0,AWS-CHN-024,Chennai,CHN,center,False,
2025-03-27 13:00:00,34.5,1005.0,53.0,AWS-CHN-024,Chennai,CHN,center,False,
2025-03-27 14:00:00,34.2,1004.3,50.0,AWS-CHN-024,Chennai,CHN,center,False,
2025-03-27 15:00:00,33.4,1003.8,49.0,AWS-CHN-024,Chennai,CHN,center,False,
2025-03-27 16:00:00,32.2,1003.7,54.0,AWS-CHN-024,Chennai,CHN,center,False,
2025-03-27 17:00:00,31.1,1003.8,-0.004933014553398822,AWS-CHN-024,Chennai,CHN,center,True,sensor_fail_low
2025-03-27 18:00:00,29.8,1003.9,-0.023876844427202698,AWS-CHN-024,Chennai,CHN,center,True,sensor_fail_low
2025-03-27 19:00:00,29.2,1004.8,0.03616721367849041,AWS-CHN-024,Chennai,CHN,center,True,sensor_fail_low
2025-03-27 20:00:00,29.1,1005.7,0.013989133961518664,AWS-CHN-024,Chennai,CHN,center,True,sensor_fail_low
2025-03-27 21:00:00,28.7,1006.5,77.0,AWS-CHN-024,Chennai,CHN,center,False,
2025-03-27 22:00:00,34.154578807642814,999.1366972959844,64.49205379719746,AWS-CHN-024,Chennai,CHN,center,True,unstructured_anomaly
2025-03-27 23:00:00,22.119556392141494,1014.3333188131425,66.4890841086655,AWS-CHN-024,Chennai,CHN,center,True,unstructured_anomaly
2025-03-28 00:00:00,34.505786332793484,998.6051561751934,95.0,AWS-CHN-024,Chennai,CHN,center,True,unstructured_anomaly
2025-03-28 01:00:00,34.113598003398614,998.3990310483655,67.852084927363,AWS-CHN-024,Chennai,CHN,center,True,unstructured_anomaly
2025-03-28 02:00:00,31.689597030277707,998.2829744488652,95.0,AWS-CHN-024,Chennai,CHN,center,True,unstructured_anomaly
2025-03-28 03:00:00,19.91359913894719,1013.4704548467479,72.00744792674766,AWS-CHN-024,Chennai,CHN,center,True,unstructured_anomaly
2025-03-28 04:00:00,31.7480901326854,998.9986979124135,70.27588450147105,AWS-CHN-024,Chennai,CHN,center,True,unstructured_anomaly
2025-03-28 05:00:00,19.15349054355424,1013.103516687528,95.0,AWS-CHN-024,Chennai,CHN,center,True,unstructured_anomaly
2025-03-28 06:00:00,26.4,1006.4,89.0,AWS-CHN-024,Chennai,CHN,center,False,
2025-03-28 07:00:00,27.6,1007.0,84.0,AWS-CHN-024,Chennai,CHN,center,False,
2025-03-28 08:00:00,29.9,1007.7,69.0,AWS-CHN-024,Chennai,CHN,center,False,
2025-03-28 09:00:00,32.8,1008.0,49.0,AWS-CHN-024,Chennai,CHN,center,False,
2025-03-28 10:00:00,35.0,1007.9,37.0,AWS-CHN-024,Chennai,CHN,center,False,
2025-03-28 11:00:00,36.3,-0.04157499049384854,34.0,AWS-CHN-024,Chennai,CHN,center,True,sensor_fail_low
2025-03-28 12:00:00,36.0,0.05965668487095718,43.0,AWS-CHN-024,Chennai,CHN,center,True,sensor_fail_low
2025-03-28 13:00:00,35.1,-0.07970451595522594,48.0,AWS-CHN-024,Chennai,CHN,center,True,sensor_fail_low
2025-03-28 14:00:00,34.8,0.018354882213663815,42.0,AWS-CHN-024,Chennai,CHN,center,True,sensor_fail_low
2025-03-28 15:00:00,33.7,1003.3,44.0,AWS-CHN-024,Chennai,CHN,center,False,
2025-03-28 16:00:00,32.5,1003.3,53.0,AWS-CHN-024,Chennai,CHN,center,False,
2025-03-28 17:00:00,31.0,1003.7,61.0,AWS-CHN-024,Chennai,CHN,center,False,
2025-03-28 18:00:00,30.1,1003.9,71.0,AWS-CHN-024,Chennai,CHN,center,False,
2025-03-28 19:00:00,29.5,1004.7,78.0,AWS-CHN-024,Chennai,CHN,center,False,
2025-03-28 20:00:00,29.2,1005.6,82.0,AWS-CHN-024,Chennai,CHN,center,False,
2025-03-28 21:00:00,28.9,1006.4,80.0,AWS-CHN-024,Chennai,CHN,center,False,
2025-03-28 22:00:00,28.3,1006.7,85.0,AWS-CHN-024,Chennai,CHN,center,False,
2025-03-28 23:00:00,27.9,1006.6,88.0,AWS-CHN-024,Chennai,CHN,center,False,
2025-03-29 00:00:00,27.4,1006.1,91.0,AWS-CHN-024,Chennai,CHN,center,False,
2025-03-29 01:00:00,26.8,1005.4,92.0,AWS-CHN-024,Chennai,CHN,center,False,
2025-03-29 02:00:00,26.3,1004.9,92.0,AWS-CHN-024,Chennai,CHN,center,False,
2025-03-29 03:00:00,25.6,1004.6,93.0,AWS-CHN-024,Chennai,CHN,center,False,
2025-03-29 04:00:00,25.1,1004.8,94.0,AWS-CHN-024,Chennai,CHN,center,False,
2025-03-29 05:00:00,24.7,1005.4,94.0,AWS-CHN-024,Chennai,CHN,center,False,
2025-03-29 06:00:00,25.8,1006.1,93.0,AWS-CHN-024,Chennai,CHN,center,False,
2025-03-29 07:00:00,27.4,1006.9,85.0,AWS-CHN-024,Chennai,CHN,center,False,
2025-03-29 08:00:00,29.9,1007.6,70.0,AWS-CHN-024,Chennai,CHN,center,False,
2025-03-29 09:00:00,33.4,1008.2,46.0,AWS-CHN-024,Chennai,CHN,center,False,
2025-03-29 10:00:00,36.0,1007.8,31.0,AWS-CHN-024,Chennai,CHN,center,False,
2025-03-29 11:00:00,36.6,1007.3,29.0,AWS-CHN-024,Chennai,CHN,center,False,
2025-03-29 12:00:00,36.7,1006.1,30.0,AWS-CHN-024,Chennai,CHN,center,False,
2025-03-29 13:00:00,37.1,1004.9,24.0,AWS-CHN-024,Chennai,CHN,center,False,
2025-03-29 14:00:00,36.9,1004.1,22.0,AWS-CHN-024,Chennai,CHN,center,False,
2025-03-29 15:00:00,36.1,1003.6,25.0,AWS-CHN-024,Chennai,CHN,center,False,
2025-03-29 16:00:00,34.4,1003.6,34.0,AWS-CHN-024,Chennai,CHN,center,False,
2025-03-29 17:00:00,31.9,1004.0,54.0,AWS-CHN-024,Chennai,CHN,center,False,
2025-03-29 18:00:00,30.2,1004.0,67.0,AWS-CHN-024,Chennai,CHN,center,False,
2025-03-29 19:00:00,29.0,1005.1,84.0,AWS-CHN-024,Chennai,CHN,center,False,
2025-03-29 20:00:00,28.7,1006.2,86.0,AWS-CHN-024,Chennai,CHN,center,False,
2025-03-29 21:00:00,28.6,1007.0,80.0,AWS-CHN-024,Chennai,CHN,center,False,
2025-03-29 22:00:00,28.1,1007.7,84.0,AWS-CHN-024,Chennai,CHN,center,False,
2025-03-29 23:00:00,27.5,1007.7,90.0,AWS-CHN-024,Chennai,CHN,center,False,
2025-03-30 00:00:00,27.0,1007.2,92.0,AWS-CHN-024,Chennai,CHN,center,False,
2025-03-30 01:00:00,26.5,1006.5,94.0,AWS-CHN-024,Chennai,CHN,center,False,
2025-03-30 02:00:00,25.9,1006.3,96.0,AWS-CHN-024,Chennai,CHN,center,False,
2025-03-30 03:00:00,25.3,1006.2,96.0,AWS-CHN-024,Chennai,CHN,center,False,
2025-03-30 04:00:00,24.8,1006.1,96.0,AWS-CHN-024,Chennai,CHN,center,False,
2025-03-30 05:00:00,24.3,1006.9,96.0,AWS-CHN-024,Chennai,CHN,center,False,
2025-03-30 06:00:00,26.8,1007.5,91.0,AWS-CHN-024,Chennai,CHN,center,False,
2025-03-30 07:00:00,27.7,1008.3,84.0,AWS-CHN-024,Chennai,CHN,center,False,
2025-03-30 08:00:00,29.7,1009.1,71.0,AWS-CHN-024,Chennai,CHN,center,False,
2025-03-30 09:00:00,32.2,1009.5,52.0,AWS-CHN-024,Chennai,CHN,center,False,
2025-03-30 10:00:00,33.7,1009.5,43.0,AWS-CHN-024,Chennai,CHN,center,False,
2025-03-30 11:00:00,34.0,1009.1,44.0,AWS-CHN-024,Chennai,CHN,center,False,
2025-03-30 12:00:00,34.2,1008.2,42.0,AWS-CHN-024,Chennai,CHN,center,False,
2025-03-30 13:00:00,34.1,1007.0,43.0,AWS-CHN-024,Chennai,CHN,center,False,
2025-03-30 14:00:00,33.8,1006.1,43.0,AWS-CHN-024,Chennai,CHN,center,False,
2025-03-30 15:00:00,33.0,1005.7,45.0,AWS-CHN-024,Chennai,CHN,center,False,
2025-03-30 16:00:00,31.7,1005.5,51.0,AWS-CHN-024,Chennai,CHN,center,False,
2025-03-30 17:00:00,30.2,1005.9,63.0,AWS-CHN-024,Chennai,CHN,center,False,
2025-03-30 18:00:00,29.0,1006.1,76.0,AWS-CHN-024,Chennai,CHN,center,False,
2025-03-30 19:00:00,28.7,1006.9,79.0,AWS-CHN-024,Chennai,CHN,center,False,
2025-03-30 20:00:00,28.6,1007.9,76.0,AWS-CHN-024,Chennai,CHN,center,False,
2025-03-30 21:00:00,28.5,1008.8,74.0,AWS-CHN-024,Chennai,CHN,center,False,
2025-03-30 22:00:00,28.3,1009.4,75.0,AWS-CHN-024,Chennai,CHN,center,False,
2025-03-30 23:00:00,27.9,1009.1,77.0,AWS-CHN-024,Chennai,CHN,center,False,
2025-03-31 00:00:00,27.5,1008.3,80.0,AWS-CHN-024,Chennai,CHN,center,False,
2025-03-31 01:00:00,27.1,1007.7,83.0,AWS-CHN-024,Chennai,CHN,center,False,
2025-03-31 02:00:00,26.7,1007.1,86.0,AWS-CHN-024,Chennai,CHN,center,False,
2025-03-31 03:00:00,26.1,1007.1,89.0,AWS-CHN-024,Chennai,CHN,center,False,
2025-03-31 04:00:00,25.8,1007.3,91.0,AWS-CHN-024,Chennai,CHN,center,False,
2025-03-31 05:00:00,25.5,1007.7,92.0,AWS-CHN-024,Chennai,CHN,center,False,
2025-03-31 06:00:00,25.8,1008.3,90.0,AWS-CHN-024,Chennai,CHN,center,False,
2025-03-31 07:00:00,27.2,1009.0,82.0,AWS-CHN-024,Chennai,CHN,center,False,
2025-03-31 08:00:00,29.3,1009.6,71.0,AWS-CHN-024,Chennai,CHN,center,False,
2025-03-31 09:00:00,31.1,1010.0,60.0,AWS-CHN-024,Chennai,CHN,center,False,
2025-03-31 10:00:00,31.9,1009.7,54.0,AWS-CHN-024,Chennai,CHN,center,False,
2025-03-31 11:00:00,32.3,1009.6,50.0,AWS-CHN-024,Chennai,CHN,center,False,
2025-03-31 12:00:00,32.6,1008.6,49.0,AWS-CHN-024,Chennai,CHN,center,False,
2025-03-31 13:00:00,32.7,1007.4,48.0,AWS-CHN-024,Chennai,CHN,center,False,
2025-03-31 14:00:00,32.5,1006.5,48.0,AWS-CHN-024,Chennai,CHN,center,False,
2025-03-31 15:00:00,32.0,1005.9,49.0,AWS-CHN-024,Chennai,CHN,center,False,
2025-03-31 16:00:00,31.3,1005.7,52.0,AWS-CHN-024,Chennai,CHN,center,False,
2025-03-31 17:00:00,30.1,1006.0,58.0,AWS-CHN-024,Chennai,CHN,center,False,
2025-03-31 18:00:00,29.1,1006.1,66.0,AWS-CHN-024,Chennai,CHN,center,False,
2025-03-31 19:00:00,29.0,1007.0,66.0,AWS-CHN-024,Chennai,CHN,center,False,
2025-03-31 20:00:00,28.9,1007.6,65.0,AWS-CHN-024,Chennai,CHN,center,False,
2025-03-31 21:00:00,28.7,1008.5,65.0,AWS-CHN-024,Chennai,CHN,center,False,
2025-03-31 22:00:00,28.5,1008.8,65.0,AWS-CHN-024,Chennai,CHN,center,False,
2025-03-31 23:00:00,28.3,1008.7,66.0,AWS-CHN-024,Chennai,CHN,center,False,
