timestamp,station_id,temperature_c,pressure_hpa,humidity_pct,is_anomaly,fault_type,severity,anomaly_score_pct,decision_basis,suggested_temperature_c,suggested_pressure_hpa,suggested_humidity_pct,health_status,source,model_confidence_pct,rule_confidence_pct
2026-09-22 06:45:00+00:00,AWS-MUM-102,29.6,1008.9,77.0,False,,low,0.0,NORMAL,29.6,1009.2,77.0,HEALTHY,live,,0.0
2026-09-22T07:00:00+00:00,AWS-MUM-102,29.8,1008.5,76.0,False,,low,0.0,NORMAL,29.8,1008.8,76.0,HEALTHY,live,,0.0
2025-01-01T00:00:00+00:00,AWS-MUM-102,26.1,1012.9,67.0,False,,low,0.0,NORMAL,25.1,1013.4,73.0,HEALTHY,replay,,0.0
2025-01-01T01:00:00+00:00,AWS-MUM-102,25.4,1012.3,70.0,False,,low,0.0,NORMAL,24.6,1012.9,74.0,HEALTHY,replay,,0.0
2025-01-01T02:00:00+00:00,AWS-MUM-102,24.8,1011.8,71.0,False,,low,0.0,NORMAL,24.4,1012.3,73.0,HEALTHY,replay,,0.0
2025-01-01T03:00:00+00:00,AWS-MUM-102,24.6,1011.3,70.0,False,,low,0.0,NORMAL,23.9,1011.8,74.0,HEALTHY,replay,,0.0
2025-01-01T04:00:00+00:00,AWS-MUM-102,24.0,1011.1,72.0,False,,low,0.0,NORMAL,23.0,1011.6,77.0,HEALTHY,replay,,0.0
2025-01-01T05:00:00+00:00,AWS-MUM-102,23.2,1011.3,75.0,False,,low,0.0,NORMAL,22.2,1011.9,81.0,HEALTHY,replay,,0.0
2025-01-01T06:00:00+00:00,AWS-MUM-102,22.7,1011.7,79.0,False,,low,0.0,NORMAL,21.2,1012.5,87.0,HEALTHY,replay,,0.0
2025-01-01T07:00:00+00:00,AWS-MUM-102,22.5,1012.3,78.0,False,,low,0.0,NORMAL,20.9,1013.0,86.0,HEALTHY,replay,,0.0
2025-01-01T08:00:00+00:00,AWS-MUM-102,24.2,1013.3,70.0,False,,low,0.0,NORMAL,22.2,1013.9,76.0,HEALTHY,replay,,0.0
2025-01-01T09:00:00+00:00,AWS-MUM-102,27.1,1014.0,57.0,False,,low,0.0,NORMAL,25.0,1014.6,62.0,HEALTHY,replay,,0.0
2025-01-01T10:00:00+00:00,AWS-MUM-102,29.9,1014.0,47.0,False,,low,0.0,NORMAL,28.0,1014.7,51.0,HEALTHY,replay,,0.0
2025-01-01T11:00:00+00:00,AWS-MUM-102,32.0,1013.5,38.0,False,,low,0.0,NORMAL,30.4,1014.2,43.0,HEALTHY,replay,,0.0
2025-01-01T12:00:00+00:00,AWS-MUM-102,33.4,1012.5,33.0,False,,low,0.0,NORMAL,32.1,1013.3,38.0,HEALTHY,replay,,0.0
2025-01-01T13:00:00+00:00,AWS-MUM-102,34.3,1011.0,30.0,False,,low,0.0,NORMAL,33.0,1011.7,33.0,HEALTHY,replay,,0.0
2025-01-01T14:00:00+00:00,AWS-MUM-102,34.9,1009.8,27.0,False,,low,0.0,NORMAL,33.4,1010.7,32.0,HEALTHY,replay,,0.0
2025-01-01T15:00:00+00:00,AWS-MUM-102,34.9,1009.0,27.0,False,,low,0.0,NORMAL,33.6,1009.8,31.0,HEALTHY,replay,,0.0
2025-01-01T16:00:00+00:00,AWS-MUM-102,33.7,1008.8,31.0,False,,low,0.0,NORMAL,33.0,1009.6,33.0,HEALTHY,replay,,0.0
2025-01-01T17:00:00+00:00,AWS-MUM-102,30.9,1009.2,44.0,False,,low,0.0,NORMAL,30.5,1009.8,47.0,HEALTHY,replay,,0.0
2025-01-01T18:00:00+00:00,AWS-MUM-102,28.8,1010.0,54.0,False,,low,0.0,NORMAL,28.1,1010.5,59.0,HEALTHY,replay,,0.0
2025-01-01T19:00:00+00:00,AWS-MUM-102,28.0,1010.8,58.0,False,,low,0.0,NORMAL,27.2,1011.2,60.0,HEALTHY,replay,,0.0
2025-01-01T20:00:00+00:00,AWS-MUM-102,27.6,1011.8,59.0,False,,low,0.0,NORMAL,26.9,1012.2,60.0,HEALTHY,replay,,0.0
2025-01-01T21:00:00+00:00,AWS-MUM-102,27.3,1012.6,58.0,False,,low,0.0,NORMAL,26.5,1012.8,60.0,HEALTHY,replay,,0.0
2025-01-01T22:00:00+00:00,AWS-MUM-102,26.7,1012.9,60.0,False,,low,0.0,NORMAL,25.9,1013.2,62.0,HEALTHY,replay,,0.0
2025-01-01T23:00:00+00:00,AWS-MUM-102,26.0,1012.8,63.0,False,,low,0.0,NORMAL,25.2,1013.1,68.0,HEALTHY,replay,,0.0
2025-01-02T00:00:00+00:00,AWS-MUM-102,24.8,1012.5,69.0,False,,low,0.1,NORMAL,24.0,1012.8,73.0,HEALTHY,replay,0.2,0.0
2025-01-02T01:00:00+00:00,AWS-MUM-102,23.9,1012.0,74.0,False,,low,0.2,NORMAL,23.2,1012.5,78.0,HEALTHY,replay,0.3,0.0
2025-01-02T02:00:00+00:00,AWS-MUM-102,23.7,1011.6,75.0,False,,low,0.1,NORMAL,22.5,1012.2,83.0,HEALTHY,replay,0.2,0.0
2025-01-02T03:00:00+00:00,AWS-MUM-102,23.2,1011.2,77.0,False,,low,0.1,NORMAL,21.7,1011.8,86.0,HEALTHY,replay,0.2,0.0
2025-01-02T04:00:00+00:00,AWS-MUM-102,22.7,1010.8,79.0,False,,low,0.1,NORMAL,21.1,1011.6,88.0,HEALTHY,replay,0.2,0.0
2025-01-02T05:00:00+00:00,AWS-MUM-102,22.4,1010.9,80.0,False,,low,0.2,NORMAL,20.5,1011.7,91.0,HEALTHY,replay,0.3,0.0
2025-01-02T06:00:00+00:00,AWS-MUM-102,21.8,1011.5,81.0,False,,low,0.2,NORMAL,20.0,1012.2,92.0,HEALTHY,replay,0.3,0.0
2025-01-02T07:00:00+00:00,AWS-MUM-102,21.8,1012.0,80.0,False,,low,0.2,NORMAL,19.8,1012.8,93.0,HEALTHY,replay,0.3,0.0
2025-01-02T08:00:00+00:00,AWS-MUM-102,23.5,1013.0,70.0,False,,low,0.6,NORMAL,21.2,1013.7,82.0,HEALTHY,replay,1.0,0.0
2025-01-02T09:00:00+00:00,AWS-MUM-102,26.5,1013.8,56.0,False,,low,1.9,NORMAL,24.0,1014.4,68.0,HEALTHY,replay,3.2,0.0
2025-01-02T10:00:00+00:00,AWS-MUM-102,29.4,1013.9,46.0,False,,low,1.8,NORMAL,27.2,1014.5,54.0,HEALTHY,replay,3.0,0.0
2025-01-02T11:00:00+00:00,AWS-MUM-102,31.6,1013.2,37.0,False,,low,2.7,NORMAL,29.9,1013.8,43.0,HEALTHY,replay,4.5,0.0
2025-01-02T12:00:00+00:00,AWS-MUM-102,33.2,1012.2,30.0,False,,low,4.0,NORMAL,32.1,1012.9,35.0,HEALTHY,replay,6.7,0.0
2025-01-02T13:00:00+00:00,AWS-MUM-102,34.4,1010.8,26.0,False,,low,4.8,NORMAL,33.1,1011.6,30.0,HEALTHY,replay,8.0,0.0
2025-01-02T14:00:00+00:00,AWS-MUM-102,35.3,1009.7,24.0,False,,low,4.2,NORMAL,33.8,1010.6,27.0,HEALTHY,replay,7.0,0.0
2025-01-02T15:00:00+00:00,AWS-MUM-102,35.5,1009.1,24.0,False,,low,1.1,NORMAL,34.1,1010.0,27.0,HEALTHY,replay,1.8,0.0
2025-01-02T16:00:00+00:00,AWS-MUM-102,35.0,1008.9,25.0,False,,low,0.6,NORMAL,33.9,1009.9,27.0,HEALTHY,replay,1.0,0.0
2025-01-02T17:00:00+00:00,AWS-MUM-102,33.5,1009.2,27.0,False,,low,1.2,NORMAL,31.7,1010.2,36.0,HEALTHY,replay,2.1,0.0
2025-01-02T18:00:00+00:00,AWS-MUM-102,31.1,1010.0,35.0,False,,low,2.2,NORMAL,28.9,1010.7,48.0,HEALTHY,replay,3.6,0.0
2025-01-02T19:00:00+00:00,AWS-MUM-102,29.1,1011.0,47.0,False,,low,3.9,NORMAL,27.6,1011.6,51.0,HEALTHY,replay,6.5,0.0
2025-01-02T20:00:00+00:00,AWS-MUM-102,28.2,1012.0,50.0,False,,low,0.8,NORMAL,27.3,1012.4,52.0,HEALTHY,replay,1.4,0.0
2025-01-02T21:00:00+00:00,AWS-MUM-102,27.4,1012.5,53.0,False,,low,0.4,NORMAL,26.7,1012.9,57.0,HEALTHY,replay,0.7,0.0
2025-01-02T22:00:00+00:00,AWS-MUM-102,26.3,1012.8,58.0,False,,low,0.4,NORMAL,25.9,1013.1,59.0,HEALTHY,replay,0.6,0.0
2025-01-02T23:00:00+00:00,AWS-MUM-102,25.2,1012.7,63.0,False,,low,0.2,NORMAL,24.5,1013.2,65.0,HEALTHY,replay,0.3,0.0
2025-01-03T00:00:00+00:00,AWS-MUM-102,24.6,1012.5,65.0,False,,low,0.1,NORMAL,22.6,1013.1,73.46,HEALTHY,replay,0.2,0.0
2025-01-03T01:00:00+00:00,AWS-MUM-102,23.5,1012.0,70.0,False,,low,0.2,NORMAL,21.6,1012.6,76.55,HEALTHY,replay,0.3,0.0
2025-01-03T02:00:00+00:00,AWS-MUM-102,22.8,1011.3,72.0,False,,low,0.1,NORMAL,21.0,1012.1,76.0,HEALTHY,replay,0.2,0.0
2025-01-03T03:00:00+00:00,AWS-MUM-102,22.2,1011.0,73.0,False,,low,0.1,NORMAL,20.4,1011.8,79.0,HEALTHY,replay,0.2,0.0
2025-01-03T04:00:00+00:00,AWS-MUM-102,21.7,1011.0,73.0,False,,low,0.1,NORMAL,19.9,1011.7,79.0,HEALTHY,replay,0.2,0.0
2025-01-03T05:00:00+00:00,AWS-MUM-102,21.1,1011.3,72.0,False,,low,0.1,NORMAL,19.7,1011.8,77.0,HEALTHY,replay,0.2,0.0
2025-01-03T06:00:00+00:00,AWS-MUM-102,20.7,1012.3,67.0,False,,low,0.5,NORMAL,19.9,1012.9,76.0,HEALTHY,replay,0.8,0.0
2025-01-03T07:00:00+00:00,AWS-MUM-102,20.7,1013.0,66.0,False,,low,0.3,NORMAL,19.5,1013.7,77.0,HEALTHY,replay,0.5,0.0
2025-01-03T08:00:00+00:00,AWS-MUM-102,23.4,1013.7,58.0,False,,low,0.5,NORMAL,20.8,1014.5,72.0,HEALTHY,replay,0.8,0.0
2025-01-03T09:00:00+00:00,AWS-MUM-102,27.3,1014.3,43.0,False,,low,5.9,NORMAL,23.6,1015.1,61.0,HEALTHY,replay,9.9,0.0
2025-01-03T10:00:00+00:00,AWS-MUM-102,30.3,1014.3,32.0,False,,low,14.3,NORMAL,27.2,1015.0,48.0,HEALTHY,replay,23.8,0.0
2025-01-03T11:00:00+00:00,AWS-MUM-102,32.3,1013.5,27.0,False,,low,4.6,NORMAL,30.3,1014.2,35.0,HEALTHY,replay,7.6,0.0
2025-01-03T12:00:00+00:00,AWS-MUM-102,33.9,1012.5,23.0,False,,low,2.9,NORMAL,32.1,1013.3,29.0,HEALTHY,replay,4.9,0.0
2025-01-03T13:00:00+00:00,AWS-MUM-102,34.9,1010.9,19.0,False,,low,4.8,NORMAL,33.4,1011.7,25.0,HEALTHY,replay,8.0,0.0
2025-01-03T14:00:00+00:00,AWS-MUM-102,35.6,1009.9,18.0,False,,low,4.9,NORMAL,33.8,1010.7,23.0,HEALTHY,replay,8.2,0.0
2025-01-03T15:00:00+00:00,AWS-MUM-102,35.8,1009.2,18.0,False,,low,2.2,NORMAL,34.1,1010.0,22.0,HEALTHY,replay,3.7,0.0
2025-01-03T16:00:00+00:00,AWS-MUM-102,34.8,1008.9,20.0,False,,low,1.4,NORMAL,33.9,1009.7,22.0,HEALTHY,replay,2.4,0.0
2025-01-03T17:00:00+00:00,AWS-MUM-102,33.1,1009.0,25.0,False,,low,1.0,NORMAL,32.3,1009.8,25.0,HEALTHY,replay,1.7,0.0
2025-01-03T18:00:00+00:00,AWS-MUM-102,31.4,1009.5,24.0,False,,low,0.8,NORMAL,30.5,1010.1,28.0,HEALTHY,replay,1.4,0.0
2026-09-22T07:00:00+00:00,AWS-MUM-102,29.8,1008.5,76.0,True,spike,high,89.9,FUSED_CONSENSUS,29.8,1008.8,76.0,HEALTHY,live,,89.9
2026-09-22T07:30:00+00:00,AWS-MUM-102,29.9,1007.5,74.0,False,,low,0.0,NORMAL,31.0,1007.8,72.0,HEALTHY,live,,0.0
2025-01-01T00:00:00+00:00,AWS-MUM-102,26.1,1012.9,67.0,False,,low,0.0,NORMAL,25.1,1013.4,73.0,HEALTHY,replay,,0.0
2025-01-01T01:00:00+00:00,AWS-MUM-102,25.4,1012.3,70.0,False,,low,0.0,NORMAL,24.6,1012.9,74.0,HEALTHY,replay,,0.0
2025-01-01T02:00:00+00:00,AWS-MUM-102,24.8,1011.8,71.0,False,,low,0.0,NORMAL,24.4,1012.3,73.0,HEALTHY,replay,,0.0
2025-01-01T03:00:00+00:00,AWS-MUM-102,24.6,1011.3,70.0,False,,low,0.0,NORMAL,23.9,1011.8,74.0,HEALTHY,replay,,0.0
2025-01-01T04:00:00+00:00,AWS-MUM-102,24.0,1011.1,72.0,False,,low,0.0,NORMAL,23.0,1011.6,77.0,HEALTHY,replay,,0.0
2025-01-01T05:00:00+00:00,AWS-MUM-102,23.2,1011.3,75.0,False,,low,0.0,NORMAL,22.2,1011.9,81.0,HEALTHY,replay,,0.0
2025-01-01T06:00:00+00:00,AWS-MUM-102,22.7,1011.7,79.0,False,,low,0.0,NORMAL,21.2,1012.5,87.0,HEALTHY,replay,,0.0
2025-01-01T07:00:00+00:00,AWS-MUM-102,22.5,1012.3,78.0,False,,low,0.0,NORMAL,20.9,1013.0,86.0,HEALTHY,replay,,0.0
2025-01-01T08:00:00+00:00,AWS-MUM-102,24.2,1013.3,70.0,False,,low,0.0,NORMAL,22.2,1013.9,76.0,HEALTHY,replay,,0.0
2025-01-01T09:00:00+00:00,AWS-MUM-102,27.1,1014.0,57.0,False,,low,0.0,NORMAL,25.0,1014.6,62.0,HEALTHY,replay,,0.0
2025-01-01T10:00:00+00:00,AWS-MUM-102,29.9,1014.0,47.0,False,,low,0.0,NORMAL,28.0,1014.7,51.0,HEALTHY,replay,,0.0
2025-01-01T11:00:00+00:00,AWS-MUM-102,32.0,1013.5,38.0,False,,low,0.0,NORMAL,30.4,1014.2,43.0,HEALTHY,replay,,0.0
2025-01-01T12:00:00+00:00,AWS-MUM-102,33.4,1012.5,33.0,False,,low,0.0,NORMAL,32.1,1013.3,38.0,HEALTHY,replay,,0.0
2025-01-01T13:00:00+00:00,AWS-MUM-102,34.3,1011.0,30.0,False,,low,0.0,NORMAL,33.0,1011.7,33.0,HEALTHY,replay,,0.0
2025-01-01T14:00:00+00:00,AWS-MUM-102,34.9,1009.8,27.0,False,,low,0.0,NORMAL,33.4,1010.7,32.0,HEALTHY,replay,,0.0
2025-01-01T15:00:00+00:00,AWS-MUM-102,34.9,1009.0,27.0,False,,low,0.0,NORMAL,33.6,1009.8,31.0,HEALTHY,replay,,0.0
2025-01-01T16:00:00+00:00,AWS-MUM-102,33.7,1008.8,31.0,False,,low,0.0,NORMAL,33.0,1009.6,33.0,HEALTHY,replay,,0.0
2025-01-01T17:00:00+00:00,AWS-MUM-102,30.9,1009.2,44.0,False,,low,0.0,NORMAL,30.5,1009.8,47.0,HEALTHY,replay,,0.0
2025-01-01T18:00:00+00:00,AWS-MUM-102,28.8,1010.0,54.0,False,,low,0.0,NORMAL,28.1,1010.5,59.0,HEALTHY,replay,,0.0
2025-01-01T19:00:00+00:00,AWS-MUM-102,28.0,1010.8,58.0,False,,low,0.0,NORMAL,27.2,1011.2,60.0,HEALTHY,replay,,0.0
2025-01-01T20:00:00+00:00,AWS-MUM-102,27.6,1011.8,59.0,False,,low,0.0,NORMAL,26.9,1012.2,60.0,HEALTHY,replay,,0.0
2025-01-01T21:00:00+00:00,AWS-MUM-102,27.3,1012.6,58.0,False,,low,0.0,NORMAL,26.5,1012.8,60.0,HEALTHY,replay,,0.0
2025-01-01T22:00:00+00:00,AWS-MUM-102,26.7,1012.9,60.0,False,,low,0.0,NORMAL,25.9,1013.2,62.0,HEALTHY,replay,,0.0
2025-01-01T23:00:00+00:00,AWS-MUM-102,26.0,1012.8,63.0,False,,low,0.0,NORMAL,25.2,1013.1,68.0,HEALTHY,replay,,0.0
2025-01-02T00:00:00+00:00,AWS-MUM-102,24.8,1012.5,69.0,False,,low,0.1,NORMAL,24.0,1012.8,73.0,HEALTHY,replay,0.2,0.0
2025-01-02T01:00:00+00:00,AWS-MUM-102,23.9,1012.0,74.0,False,,low,0.2,NORMAL,23.2,1012.5,78.0,HEALTHY,replay,0.3,0.0
2025-01-02T02:00:00+00:00,AWS-MUM-102,23.7,1011.6,75.0,False,,low,0.1,NORMAL,22.5,1012.2,83.0,HEALTHY,replay,0.2,0.0
2025-01-02T03:00:00+00:00,AWS-MUM-102,23.2,1011.2,77.0,False,,low,0.1,NORMAL,21.7,1011.8,86.0,HEALTHY,replay,0.2,0.0
2025-01-02T04:00:00+00:00,AWS-MUM-102,22.7,1010.8,79.0,False,,low,0.1,NORMAL,21.1,1011.6,88.0,HEALTHY,replay,0.2,0.0
2025-01-02T05:00:00+00:00,AWS-MUM-102,22.4,1010.9,80.0,False,,low,0.2,NORMAL,20.5,1011.7,91.0,HEALTHY,replay,0.3,0.0
2025-01-02T06:00:00+00:00,AWS-MUM-102,21.8,1011.5,81.0,False,,low,0.2,NORMAL,20.0,1012.2,92.0,HEALTHY,replay,0.3,0.0
2025-01-02T07:00:00+00:00,AWS-MUM-102,21.8,1012.0,80.0,False,,low,0.2,NORMAL,19.8,1012.8,93.0,HEALTHY,replay,0.3,0.0
2025-01-02T08:00:00+00:00,AWS-MUM-102,23.5,1013.0,70.0,False,,low,0.6,NORMAL,21.2,1013.7,82.0,HEALTHY,replay,1.0,0.0
2025-01-02T09:00:00+00:00,AWS-MUM-102,26.5,1013.8,56.0,False,,low,1.9,NORMAL,24.0,1014.4,68.0,HEALTHY,replay,3.2,0.0
2025-01-02T10:00:00+00:00,AWS-MUM-102,29.4,1013.9,46.0,False,,low,1.8,NORMAL,27.2,1014.5,54.0,HEALTHY,replay,3.0,0.0
2025-01-02T11:00:00+00:00,AWS-MUM-102,31.6,1013.2,37.0,False,,low,2.7,NORMAL,29.9,1013.8,43.0,HEALTHY,replay,4.5,0.0
2025-01-02T12:00:00+00:00,AWS-MUM-102,33.2,1012.2,30.0,False,,low,4.0,NORMAL,32.1,1012.9,35.0,HEALTHY,replay,6.7,0.0
2025-01-02T13:00:00+00:00,AWS-MUM-102,34.4,1010.8,26.0,False,,low,4.8,NORMAL,33.1,1011.6,30.0,HEALTHY,replay,8.0,0.0
2025-01-02T14:00:00+00:00,AWS-MUM-102,35.3,1009.7,24.0,False,,low,4.2,NORMAL,33.8,1010.6,27.0,HEALTHY,replay,7.0,0.0
2025-01-02T15:00:00+00:00,AWS-MUM-102,35.5,1009.1,24.0,False,,low,1.1,NORMAL,34.1,1010.0,27.0,HEALTHY,replay,1.8,0.0
2025-01-02T16:00:00+00:00,AWS-MUM-102,35.0,1008.9,25.0,False,,low,0.6,NORMAL,33.9,1009.9,27.0,HEALTHY,replay,1.0,0.0
2025-01-02T17:00:00+00:00,AWS-MUM-102,33.5,1009.2,27.0,False,,low,1.2,NORMAL,31.7,1010.2,36.0,HEALTHY,replay,2.1,0.0
2025-01-02T18:00:00+00:00,AWS-MUM-102,31.1,1010.0,35.0,False,,low,2.2,NORMAL,28.9,1010.7,48.0,HEALTHY,replay,3.6,0.0
2025-01-02T19:00:00+00:00,AWS-MUM-102,29.1,1011.0,47.0,False,,low,3.9,NORMAL,27.6,1011.6,51.0,HEALTHY,replay,6.5,0.0
2025-01-02T20:00:00+00:00,AWS-MUM-102,28.2,1012.0,50.0,False,,low,0.8,NORMAL,27.3,1012.4,52.0,HEALTHY,replay,1.4,0.0
2025-01-02T21:00:00+00:00,AWS-MUM-102,27.4,1012.5,53.0,False,,low,0.4,NORMAL,26.7,1012.9,57.0,HEALTHY,replay,0.7,0.0
2025-01-02T22:00:00+00:00,AWS-MUM-102,26.3,1012.8,58.0,False,,low,0.4,NORMAL,25.9,1013.1,59.0,HEALTHY,replay,0.6,0.0
2025-01-02T23:00:00+00:00,AWS-MUM-102,25.2,1012.7,63.0,False,,low,0.2,NORMAL,24.5,1013.2,65.0,HEALTHY,replay,0.3,0.0
2025-01-03T00:00:00+00:00,AWS-MUM-102,24.6,1012.5,65.0,False,,low,0.1,NORMAL,22.6,1013.1,73.46,HEALTHY,replay,0.2,0.0
2025-01-03T01:00:00+00:00,AWS-MUM-102,23.5,1012.0,70.0,False,,low,0.2,NORMAL,21.6,1012.6,76.55,HEALTHY,replay,0.3,0.0
2025-01-03T02:00:00+00:00,AWS-MUM-102,22.8,1011.3,72.0,False,,low,0.1,NORMAL,21.0,1012.1,76.0,HEALTHY,replay,0.2,0.0
2025-01-03T03:00:00+00:00,AWS-MUM-102,22.2,1011.0,73.0,False,,low,0.1,NORMAL,20.4,1011.8,79.0,HEALTHY,replay,0.2,0.0
2025-01-03T04:00:00+00:00,AWS-MUM-102,21.7,1011.0,73.0,False,,low,0.1,NORMAL,19.9,1011.7,79.0,HEALTHY,replay,0.2,0.0
2025-01-03T05:00:00+00:00,AWS-MUM-102,21.1,1011.3,72.0,False,,low,0.1,NORMAL,19.7,1011.8,77.0,HEALTHY,replay,0.2,0.0
2025-01-03T06:00:00+00:00,AWS-MUM-102,20.7,1012.3,67.0,False,,low,0.5,NORMAL,19.9,1012.9,76.0,HEALTHY,replay,0.8,0.0
2025-01-03T07:00:00+00:00,AWS-MUM-102,20.7,1013.0,66.0,False,,low,0.3,NORMAL,19.5,1013.7,77.0,HEALTHY,replay,0.5,0.0
2025-01-03T08:00:00+00:00,AWS-MUM-102,23.4,1013.7,58.0,False,,low,0.5,NORMAL,20.8,1014.5,72.0,HEALTHY,replay,0.8,0.0
2025-01-03T09:00:00+00:00,AWS-MUM-102,27.3,1014.3,43.0,False,,low,5.9,NORMAL,23.6,1015.1,61.0,HEALTHY,replay,9.9,0.0
2025-01-03T10:00:00+00:00,AWS-MUM-102,30.3,1014.3,32.0,False,,low,14.3,NORMAL,27.2,1015.0,48.0,HEALTHY,replay,23.8,0.0
2025-01-03T11:00:00+00:00,AWS-MUM-102,32.3,1013.5,27.0,False,,low,4.6,NORMAL,30.3,1014.2,35.0,HEALTHY,replay,7.6,0.0
2025-01-03T12:00:00+00:00,AWS-MUM-102,33.9,1012.5,23.0,False,,low,2.9,NORMAL,32.1,1013.3,29.0,HEALTHY,replay,4.9,0.0
2025-01-03T13:00:00+00:00,AWS-MUM-102,34.9,1010.9,19.0,False,,low,4.8,NORMAL,33.4,1011.7,25.0,HEALTHY,replay,8.0,0.0
2025-01-03T14:00:00+00:00,AWS-MUM-102,35.6,1009.9,18.0,False,,low,4.9,NORMAL,33.8,1010.7,23.0,HEALTHY,replay,8.2,0.0
2025-01-03T15:00:00+00:00,AWS-MUM-102,35.8,1009.2,18.0,False,,low,2.2,NORMAL,34.1,1010.0,22.0,HEALTHY,replay,3.7,0.0
2025-01-03T16:00:00+00:00,AWS-MUM-102,34.8,1008.9,20.0,False,,low,1.4,NORMAL,33.9,1009.7,22.0,HEALTHY,replay,2.4,0.0
2025-01-03T17:00:00+00:00,AWS-MUM-102,33.1,1009.0,25.0,False,,low,1.0,NORMAL,32.3,1009.8,25.0,HEALTHY,replay,1.7,0.0
2025-01-03T18:00:00+00:00,AWS-MUM-102,31.4,1009.5,24.0,False,,low,0.8,NORMAL,30.5,1010.1,28.0,HEALTHY,replay,1.4,0.0
2025-01-03T19:00:00+00:00,AWS-MUM-102,29.4,1010.3,35.0,False,,low,3.3,NORMAL,27.0,1011.1,51.0,HEALTHY,replay,5.6,0.0
2025-01-03T20:00:00+00:00,AWS-MUM-102,27.6,1011.1,46.0,False,,low,2.8,NORMAL,26.0,1011.7,55.0,HEALTHY,replay,4.7,0.0
2025-01-03T21:00:00+00:00,AWS-MUM-102,26.5,1011.3,50.0,False,,low,0.6,NORMAL,25.4,1011.8,54.0,HEALTHY,replay,1.1,0.0
2025-01-03T22:00:00+00:00,AWS-MUM-102,25.6,1011.5,53.0,False,,low,0.4,NORMAL,24.1,1012.0,55.0,HEALTHY,replay,0.7,0.0
2025-01-03T23:00:00+00:00,AWS-MUM-102,24.4,1011.2,56.0,False,,low,0.3,NORMAL,22.7,1011.7,60.0,HEALTHY,replay,0.5,0.0
2025-01-04T00:00:00+00:00,AWS-MUM-102,23.1,1010.8,60.0,False,,low,0.3,NORMAL,21.7,1011.3,63.0,HEALTHY,replay,0.5,0.0
2025-01-04T01:00:00+00:00,AWS-MUM-102,21.8,1010.4,66.0,False,,low,0.3,NORMAL,21.0,1011.0,62.0,HEALTHY,replay,0.4,0.0
2025-01-04T02:00:00+00:00,AWS-MUM-102,20.8,1010.0,71.0,False,,low,0.3,NORMAL,20.2,1010.6,63.0,HEALTHY,replay,0.5,0.0
2025-01-04T03:00:00+00:00,AWS-MUM-102,20.1,1009.6,73.0,False,,low,0.2,NORMAL,19.5,1010.2,65.0,HEALTHY,replay,0.3,0.0
2025-01-04T04:00:00+00:00,AWS-MUM-102,19.7,1009.8,72.0,False,,low,0.2,NORMAL,18.7,1010.5,68.0,HEALTHY,replay,0.3,0.0
2025-01-04T05:00:00+00:00,AWS-MUM-102,19.4,1010.0,70.0,False,,low,0.3,NORMAL,18.0,1010.7,70.0,HEALTHY,replay,0.5,0.0
2025-01-04T06:00:00+00:00,AWS-MUM-102,19.9,1010.9,55.0,False,,low,4.9,NORMAL,17.7,1011.7,72.0,HEALTHY,replay,8.2,0.0
2025-01-04T07:00:00+00:00,AWS-MUM-102,19.9,1011.5,51.0,False,,low,1.1,NORMAL,17.4,1012.3,71.0,HEALTHY,replay,1.9,0.0
2025-01-04T08:00:00+00:00,AWS-MUM-102,22.7,1011.9,41.0,False,,low,5.8,NORMAL,18.6,1012.9,68.0,OFFLINE,replay,9.7,0.0
2025-01-04T09:00:00+00:00,AWS-MUM-102,27.1,1012.7,31.0,False,,low,39.1,NORMAL,21.7,1013.5,55.0,OFFLINE,replay,65.2,0.0
2025-01-04T10:00:00+00:00,AWS-MUM-102,30.4,1012.7,23.0,False,,low,48.3,NORMAL,25.7,1013.4,40.0,OFFLINE,replay,80.5,0.0
2025-01-04T11:00:00+00:00,AWS-MUM-102,32.2,1012.0,19.0,True,unstructured_anomaly,high,88.8,ML_MODEL_ISOLATION,29.4,1012.7,27.0,OFFLINE,replay,88.8,0.0
2025-01-04T12:00:00+00:00,AWS-MUM-102,33.4,1010.8,17.0,True,unstructured_anomaly,high,89.8,ML_MODEL_ISOLATION,31.7,1011.5,21.0,OFFLINE,replay,89.8,0.0
2025-01-04T13:00:00+00:00,AWS-MUM-102,34.4,1009.5,15.0,True,unstructured_anomaly,critical,95.1,ML_MODEL_ISOLATION,32.9,1010.2,19.0,OFFLINE,replay,95.1,0.0
2025-01-04T14:00:00+00:00,AWS-MUM-102,34.9,1008.6,15.0,True,unstructured_anomaly,critical,95.6,ML_MODEL_ISOLATION,33.7,1009.2,18.0,OFFLINE,replay,95.6,0.0
2025-01-04T15:00:00+00:00,AWS-MUM-102,33.4,1008.1,22.0,True,unstructured_anomaly,critical,92.2,ML_MODEL_ISOLATION,33.9,1008.6,17.0,OFFLINE,replay,92.2,0.0
2025-01-04T16:00:00+00:00,AWS-MUM-102,31.2,1008.3,27.0,False,,low,49.4,NORMAL,32.0,1008.7,25.0,OFFLINE,replay,82.4,0.0
2025-01-04T17:00:00+00:00,AWS-MUM-102,29.8,1008.7,27.0,False,,low,44.0,NORMAL,29.3,1009.2,34.0,OFFLINE,replay,73.3,0.0
2025-01-04T18:00:00+00:00,AWS-MUM-102,28.4,1009.5,33.0,False,,low,43.4,NORMAL,26.9,1009.9,45.0,OFFLINE,replay,72.3,0.0
2025-01-04T19:00:00+00:00,AWS-MUM-102,26.7,1010.4,43.0,False,,low,24.8,NORMAL,25.7,1010.8,53.0,OFFLINE,replay,41.3,0.0
2025-01-04T20:00:00+00:00,AWS-MUM-102,25.8,1011.2,46.0,False,,low,14.9,NORMAL,24.9,1011.6,60.0,OFFLINE,replay,24.8,0.0
2025-01-04T21:00:00+00:00,AWS-MUM-102,24.9,1011.5,45.0,False,,low,10.9,NORMAL,24.0,1012.0,58.0,OFFLINE,replay,18.1,0.0
2025-01-04T22:00:00+00:00,AWS-MUM-102,23.7,1011.5,49.0,False,,low,8.2,NORMAL,23.0,1012.0,62.0,OFFLINE,replay,13.6,0.0
2025-01-04T23:00:00+00:00,AWS-MUM-102,22.9,1011.0,53.0,False,,low,5.6,NORMAL,22.5,1011.6,68.0,OFFLINE,replay,9.3,0.0
2025-01-05T00:00:00+00:00,AWS-MUM-102,22.3,1010.7,57.0,False,,low,9.1,NORMAL,21.2,1011.3,78.0,OFFLINE,replay,15.1,0.0
2025-01-05T01:00:00+00:00,AWS-MUM-102,21.8,1010.2,63.0,False,,low,21.4,NORMAL,20.4,1010.7,85.0,HEALTHY,replay,35.6,0.0
2025-01-05T02:00:00+00:00,AWS-MUM-102,21.2,1009.9,68.0,False,,low,12.7,NORMAL,19.7,1010.4,87.0,OFFLINE,replay,21.2,0.0
2025-01-05T03:00:00+00:00,AWS-MUM-102,20.6,1009.3,72.0,False,,low,28.0,NORMAL,19.0,1009.9,85.0,OFFLINE,replay,46.6,0.0
2025-01-05T04:00:00+00:00,AWS-MUM-102,19.9,1009.5,76.0,False,,low,40.6,NORMAL,18.7,1010.1,81.0,OFFLINE,replay,67.7,0.0
2025-01-05T05:00:00+00:00,AWS-MUM-102,19.4,1009.8,78.0,False,,low,38.9,NORMAL,18.4,1010.4,80.0,HEALTHY,replay,64.8,0.0
2025-01-05T06:00:00+00:00,AWS-MUM-102,20.5,1010.3,72.0,False,,low,18.2,NORMAL,19.3,1010.9,73.0,WARNING,replay,30.4,0.0
2025-01-05T07:00:00+00:00,AWS-MUM-102,20.4,1011.0,75.0,False,,low,16.1,NORMAL,19.2,1011.6,73.0,WARNING,replay,26.8,0.0
2025-01-05T08:00:00+00:00,AWS-MUM-102,22.0,1012.0,68.0,False,,low,6.3,NORMAL,20.4,1012.5,70.0,WARNING,replay,10.5,0.0
2025-01-05T09:00:00+00:00,AWS-MUM-102,25.1,1012.4,53.0,False,,low,15.5,NORMAL,23.0,1013.0,62.0,WARNING,replay,25.9,0.0
2025-01-05T10:00:00+00:00,AWS-MUM-102,27.7,1012.4,42.0,False,,low,36.2,NORMAL,25.7,1013.0,49.0,WARNING,replay,60.4,0.0
2025-01-05T11:00:00+00:00,AWS-MUM-102,29.4,1011.8,37.0,False,,low,18.4,NORMAL,27.6,1012.3,41.0,WARNING,replay,30.7,0.0
2025-01-05T12:00:00+00:00,AWS-MUM-102,31.4,1010.7,30.0,False,,low,13.2,NORMAL,29.0,1011.3,38.0,WARNING,replay,22.0,0.0
2025-01-05T13:00:00+00:00,AWS-MUM-102,32.3,1009.5,27.0,False,,low,9.2,NORMAL,31.4,1010.1,30.0,WARNING,replay,15.4,0.0
2025-01-05T14:00:00+00:00,AWS-MUM-102,32.6,1008.5,26.0,False,,low,3.9,NORMAL,31.7,1009.2,29.0,WARNING,replay,6.5,0.0
2025-01-05T15:00:00+00:00,AWS-MUM-102,32.3,1008.0,29.0,False,,low,4.3,NORMAL,31.5,1008.6,30.0,WARNING,replay,7.2,0.0
2025-01-05T16:00:00+00:00,AWS-MUM-102,30.9,1008.0,36.0,False,,low,6.0,NORMAL,30.1,1008.5,40.0,WARNING,replay,10.1,0.0
2025-01-05T17:00:00+00:00,AWS-MUM-102,28.8,1008.4,51.0,False,,low,7.4,NORMAL,27.4,1009.0,58.0,WARNING,replay,12.3,0.0
2025-01-05T18:00:00+00:00,AWS-MUM-102,26.7,1009.3,61.0,False,,low,4.0,NORMAL,25.8,1009.8,62.0,WARNING,replay,6.7,0.0
2025-01-05T19:00:00+00:00,AWS-MUM-102,26.0,1010.4,63.0,False,,low,1.3,NORMAL,24.9,1010.8,65.0,HEALTHY,replay,2.2,0.0
2025-01-05T20:00:00+00:00,AWS-MUM-102,25.8,1011.2,62.0,False,,low,1.0,NORMAL,24.3,1011.5,67.0,HEALTHY,replay,1.7,0.0
2025-01-05T21:00:00+00:00,AWS-MUM-102,25.2,1011.8,64.0,False,,low,0.7,NORMAL,24.3,1012.3,68.0,HEALTHY,replay,1.2,0.0
2025-01-05T22:00:00+00:00,AWS-MUM-102,24.7,1012.0,65.0,False,,low,1.1,NORMAL,24.1,1012.4,65.0,HEALTHY,replay,1.8,0.0
2025-01-05T23:00:00+00:00,AWS-MUM-102,24.7,1011.5,61.0,False,,low,1.4,NORMAL,23.6,1012.0,64.0,HEALTHY,replay,2.3,0.0
2025-01-06T00:00:00+00:00,AWS-MUM-102,24.0,1011.2,61.0,False,,low,0.7,NORMAL,22.7,1011.6,65.0,HEALTHY,replay,1.1,0.0
2025-01-06T01:00:00+00:00,AWS-MUM-102,22.7,1010.7,64.0,False,,low,0.3,NORMAL,21.5,1011.3,70.0,HEALTHY,replay,0.6,0.0
2025-01-06T02:00:00+00:00,AWS-MUM-102,21.8,1010.3,66.0,False,,low,0.2,NORMAL,20.7,1010.9,73.0,HEALTHY,replay,0.3,0.0
2025-01-06T03:00:00+00:00,AWS-MUM-102,21.2,1009.9,68.0,False,,low,0.2,NORMAL,20.0,1010.5,79.0,HEALTHY,replay,0.3,0.0
2025-01-06T04:00:00+00:00,AWS-MUM-102,20.6,1009.8,71.0,False,,low,0.1,NORMAL,19.5,1010.4,78.0,HEALTHY,replay,0.2,0.0
2025-01-06T05:00:00+00:00,AWS-MUM-102,20.2,1010.0,73.0,False,,low,0.1,NORMAL,19.1,1010.7,77.0,HEALTHY,replay,0.2,0.0
2025-01-06T06:00:00+00:00,AWS-MUM-102,19.7,1010.7,76.0,False,,low,0.1,NORMAL,18.3,1011.4,80.0,HEALTHY,replay,0.2,0.0
2025-01-06T07:00:00+00:00,AWS-MUM-102,19.4,1011.4,76.0,False,,low,0.1,NORMAL,18.3,1012.0,80.0,HEALTHY,replay,0.2,0.0
2025-01-06T08:00:00+00:00,AWS-MUM-102,20.7,1012.2,70.0,False,,low,0.3,NORMAL,19.8,1012.8,74.0,HEALTHY,replay,0.5,0.0
2025-01-06T09:00:00+00:00,AWS-MUM-102,23.0,1012.9,60.0,False,,low,0.6,NORMAL,22.5,1013.6,61.0,HEALTHY,replay,1.1,0.0
2025-01-06T10:00:00+00:00,AWS-MUM-102,25.3,1013.0,51.0,False,,low,0.6,NORMAL,25.1,1013.5,51.0,HEALTHY,replay,1.1,0.0
2025-01-06T11:00:00+00:00,AWS-MUM-102,27.8,1012.3,42.0,False,,low,1.1,NORMAL,27.3,1012.8,42.0,HEALTHY,replay,1.8,0.0
2025-01-06T12:00:00+00:00,AWS-MUM-102,29.9,1011.2,34.0,False,,low,3.1,NORMAL,29.3,1011.7,35.0,HEALTHY,replay,5.1,0.0
2025-01-06T13:00:00+00:00,AWS-MUM-102,31.4,1009.9,29.0,False,,low,2.9,NORMAL,30.5,1010.5,32.0,HEALTHY,replay,4.8,0.0
2025-01-06T14:00:00+00:00,AWS-MUM-102,32.4,1009.0,26.0,False,,low,1.8,NORMAL,31.0,1009.8,29.0,HEALTHY,replay,3.0,0.0
2025-01-06T15:00:00+00:00,AWS-MUM-102,32.6,1008.3,25.0,False,,low,1.2,NORMAL,30.9,1009.1,28.0,HEALTHY,replay,1.9,0.0
2025-01-06T16:00:00+00:00,AWS-MUM-102,31.8,1008.2,25.0,False,,low,0.7,NORMAL,30.3,1009.0,29.0,HEALTHY,replay,1.2,0.0
2025-01-06T17:00:00+00:00,AWS-MUM-102,30.2,1008.5,29.0,False,,low,0.6,NORMAL,28.8,1009.2,34.0,HEALTHY,replay,0.9,0.0
2025-01-06T18:00:00+00:00,AWS-MUM-102,27.7,1009.1,39.0,False,,low,1.9,NORMAL,26.0,1009.8,47.0,HEALTHY,replay,3.2,0.0
2025-01-06T19:00:00+00:00,AWS-MUM-102,25.8,1010.2,49.0,False,,low,1.5,NORMAL,24.1,1010.8,56.0,HEALTHY,replay,2.5,0.0
2025-01-06T20:00:00+00:00,AWS-MUM-102,24.7,1011.3,52.0,False,,low,0.7,NORMAL,23.0,1011.8,59.0,HEALTHY,replay,1.2,0.0
2025-01-06T21:00:00+00:00,AWS-MUM-102,23.7,1011.8,55.0,False,,low,0.4,NORMAL,22.5,1012.4,59.0,HEALTHY,replay,0.7,0.0
2025-01-06T22:00:00+00:00,AWS-MUM-102,22.8,1012.1,57.0,False,,low,0.2,NORMAL,21.6,1012.7,62.0,HEALTHY,replay,0.4,0.0
2025-01-06T23:00:00+00:00,AWS-MUM-102,21.8,1011.9,60.0,False,,low,0.2,NORMAL,21.0,1012.3,62.0,HEALTHY,replay,0.3,0.0
2025-01-07T00:00:00+00:00,AWS-MUM-102,21.0,1011.5,63.0,False,,low,0.1,NORMAL,20.4,1011.9,59.0,HEALTHY,replay,0.2,0.0
2025-01-07T01:00:00+00:00,AWS-MUM-102,20.4,1011.1,63.0,False,,low,0.1,NORMAL,20.0,1011.6,60.0,HEALTHY,replay,0.2,0.0
2025-01-07T02:00:00+00:00,AWS-MUM-102,19.5,1010.7,66.0,False,,low,0.1,NORMAL,19.5,1011.2,60.0,HEALTHY,replay,0.1,0.0
2025-01-07T03:00:00+00:00,AWS-MUM-102,19.1,1010.5,67.0,False,,low,0.1,NORMAL,18.9,1011.2,63.0,HEALTHY,replay,0.1,0.0
2025-01-07T04:00:00+00:00,AWS-MUM-102,18.9,1010.4,66.0,False,,low,0.1,NORMAL,18.2,1011.0,66.0,HEALTHY,replay,0.2,0.0
2025-01-07T05:00:00+00:00,AWS-MUM-102,18.8,1010.7,65.0,False,,low,0.1,NORMAL,17.7,1011.3,70.0,HEALTHY,replay,0.2,0.0
2025-01-07T06:00:00+00:00,AWS-MUM-102,18.7,1011.3,68.0,False,,low,0.2,NORMAL,17.3,1012.0,76.0,HEALTHY,replay,0.3,0.0
2025-01-07T07:00:00+00:00,AWS-MUM-102,18.6,1011.8,70.0,False,,low,0.1,NORMAL,17.1,1012.5,79.0,HEALTHY,replay,0.2,0.0
2025-01-07T08:00:00+00:00,AWS-MUM-102,20.4,1012.7,65.0,False,,low,0.3,NORMAL,18.6,1013.4,75.0,HEALTHY,replay,0.4,0.0
2025-01-07T09:00:00+00:00,AWS-MUM-102,23.6,1013.0,54.0,False,,low,0.5,NORMAL,21.7,1013.8,61.0,HEALTHY,replay,0.9,0.0
2025-01-07T10:00:00+00:00,AWS-MUM-102,26.8,1013.0,45.0,False,,low,1.1,NORMAL,25.3,1013.7,50.0,HEALTHY,replay,1.9,0.0
2025-01-07T11:00:00+00:00,AWS-MUM-102,29.6,1012.2,37.0,False,,low,1.7,NORMAL,28.3,1012.9,41.0,HEALTHY,replay,2.8,0.0
2025-01-07T12:00:00+00:00,AWS-MUM-102,31.7,1010.8,32.0,False,,low,3.7,NORMAL,30.6,1011.5,35.0,HEALTHY,replay,6.2,0.0
2025-01-07T13:00:00+00:00,AWS-MUM-102,33.1,1009.2,28.0,False,,low,7.4,NORMAL,32.0,1010.0,30.0,HEALTHY,replay,12.4,0.0
2025-01-07T14:00:00+00:00,AWS-MUM-102,33.8,1008.2,25.0,False,,low,4.1,NORMAL,32.8,1008.9,26.0,HEALTHY,replay,6.9,0.0
2025-01-07T15:00:00+00:00,AWS-MUM-102,34.0,1007.4,24.0,False,,low,3.4,NORMAL,32.9,1008.2,24.0,HEALTHY,replay,5.7,0.0
2025-01-07T16:00:00+00:00,AWS-MUM-102,33.4,1007.2,23.0,False,,low,2.0,NORMAL,32.6,1008.0,24.0,HEALTHY,replay,3.4,0.0
2025-01-07T17:00:00+00:00,AWS-MUM-102,32.0,1007.5,26.0,False,,low,1.0,NORMAL,31.7,1008.2,26.0,HEALTHY,replay,1.6,0.0
2025-01-07T18:00:00+00:00,AWS-MUM-102,30.2,1008.2,29.0,False,,low,1.3,NORMAL,29.8,1008.8,33.0,HEALTHY,replay,2.2,0.0
2025-01-07T19:00:00+00:00,AWS-MUM-102,29.1,1009.0,31.0,False,,low,1.7,NORMAL,28.2,1009.7,36.0,HEALTHY,replay,2.9,0.0
2025-01-07T20:00:00+00:00,AWS-MUM-102,28.1,1009.8,34.0,False,,low,1.1,NORMAL,26.1,1010.7,47.0,HEALTHY,replay,1.8,0.0
2025-01-07T21:00:00+00:00,AWS-MUM-102,26.5,1010.3,43.0,False,,low,1.5,NORMAL,24.8,1011.1,51.0,HEALTHY,replay,2.5,0.0
2025-01-07T22:00:00+00:00,AWS-MUM-102,25.4,1010.2,48.0,False,,low,0.6,NORMAL,24.0,1010.9,54.0,HEALTHY,replay,1.0,0.0
2025-01-07T23:00:00+00:00,AWS-MUM-102,24.7,1010.1,51.0,False,,low,0.2,NORMAL,23.4,1010.8,58.0,HEALTHY,replay,0.4,0.0
2025-01-08T00:00:00+00:00,AWS-MUM-102,23.7,1010.0,55.0,False,,low,0.2,NORMAL,22.8,1010.7,61.0,HEALTHY,replay,0.4,0.0
2025-01-08T01:00:00+00:00,AWS-MUM-102,22.8,1009.6,59.0,False,,low,0.3,NORMAL,22.2,1010.4,64.0,HEALTHY,replay,0.5,0.0
2025-01-08T02:00:00+00:00,AWS-MUM-102,21.8,1009.0,64.0,False,,low,0.2,NORMAL,21.6,1009.7,66.0,HEALTHY,replay,0.4,0.0
2025-01-08T03:00:00+00:00,AWS-MUM-102,21.1,1008.6,67.0,False,,low,0.1,NORMAL,21.0,1009.4,69.0,HEALTHY,replay,0.2,0.0
2025-01-08T04:00:00+00:00,AWS-MUM-102,20.5,1008.5,70.0,False,,low,0.1,NORMAL,20.4,1009.3,71.0,HEALTHY,replay,0.2,0.0
2025-01-08T05:00:00+00:00,AWS-MUM-102,19.9,1008.9,72.0,False,,low,0.1,NORMAL,19.9,1009.7,73.0,HEALTHY,replay,0.2,0.0
2025-01-08T06:00:00+00:00,AWS-MUM-102,19.7,1009.8,70.0,False,,low,0.1,NORMAL,19.4,1010.6,75.0,HEALTHY,replay,0.2,0.0
2025-01-08T07:00:00+00:00,AWS-MUM-102,19.5,1010.7,71.0,False,,low,0.2,NORMAL,19.1,1011.5,76.0,HEALTHY,replay,0.3,0.0
2025-01-08T08:00:00+00:00,AWS-MUM-102,21.6,1011.9,62.0,False,,low,0.4,NORMAL,20.3,1012.6,70.0,HEALTHY,replay,0.7,0.0
2025-01-08T09:00:00+00:00,AWS-MUM-102,25.2,1012.6,50.0,False,,low,1.9,NORMAL,23.1,1013.3,59.0,HEALTHY,replay,3.1,0.0
2025-01-08T10:00:00+00:00,AWS-MUM-102,28.6,1012.6,39.0,False,,low,5.4,NORMAL,26.4,1013.3,47.0,HEALTHY,replay,9.1,0.0
2025-01-08T11:00:00+00:00,AWS-MUM-102,31.2,1011.9,33.0,False,,low,3.1,NORMAL,29.2,1012.5,38.0,HEALTHY,replay,5.1,0.0
2025-01-08T12:00:00+00:00,AWS-MUM-102,32.9,1010.6,25.0,False,,low,7.1,NORMAL,31.4,1011.4,32.0,HEALTHY,replay,11.8,0.0
2025-01-08T13:00:00+00:00,AWS-MUM-102,33.7,1009.4,23.0,False,,low,3.6,NORMAL,32.9,1010.1,26.0,HEALTHY,replay,6.1,0.0
2025-01-08T14:00:00+00:00,AWS-MUM-102,33.8,1008.5,24.0,False,,low,1.6,NORMAL,33.2,1009.1,25.0,HEALTHY,replay,2.7,0.0
2025-01-08T15:00:00+00:00,AWS-MUM-102,33.2,1007.9,28.0,False,,low,1.0,NORMAL,33.0,1008.5,26.0,HEALTHY,replay,1.6,0.0
2025-01-08T16:00:00+00:00,AWS-MUM-102,31.9,1007.8,32.0,False,,low,1.0,NORMAL,31.8,1008.4,31.0,HEALTHY,replay,1.7,0.0
2025-01-08T17:00:00+00:00,AWS-MUM-102,30.1,1008.1,38.0,False,,low,0.8,NORMAL,29.8,1008.7,41.0,HEALTHY,replay,1.3,0.0
2025-01-08T18:00:00+00:00,AWS-MUM-102,28.6,1008.7,46.0,False,,low,1.4,NORMAL,28.1,1009.2,47.0,HEALTHY,replay,2.4,0.0
2025-01-08T19:00:00+00:00,AWS-MUM-102,27.6,1009.5,50.0,False,,low,0.6,NORMAL,26.6,1010.0,54.0,HEALTHY,replay,0.9,0.0
2025-01-08T20:00:00+00:00,AWS-MUM-102,26.9,1010.3,50.0,False,,low,0.3,NORMAL,26.0,1010.7,53.0,HEALTHY,replay,0.5,0.0
2025-01-08T21:00:00+00:00,AWS-MUM-102,26.3,1010.6,51.0,False,,low,0.1,NORMAL,25.4,1011.1,50.0,HEALTHY,replay,0.2,0.0
2025-01-08T22:00:00+00:00,AWS-MUM-102,25.5,1010.8,49.0,False,,low,0.2,NORMAL,24.8,1011.2,47.0,HEALTHY,replay,0.3,0.0
2025-01-08T23:00:00+00:00,AWS-MUM-102,24.4,1010.6,49.0,False,,low,0.1,NORMAL,23.8,1011.1,47.0,HEALTHY,replay,0.2,0.0
2025-01-09T00:00:00+00:00,AWS-MUM-102,23.5,1010.4,50.0,False,,low,0.1,NORMAL,22.5,1010.9,54.0,HEALTHY,replay,0.2,0.0
2025-01-09T01:00:00+00:00,AWS-MUM-102,22.1,1009.8,56.0,False,,low,0.1,NORMAL,21.4,1010.6,59.0,HEALTHY,replay,0.2,0.0
2025-01-09T02:00:00+00:00,AWS-MUM-102,21.5,1009.5,57.0,False,,low,0.1,NORMAL,20.5,1010.3,63.0,HEALTHY,replay,0.1,0.0
2025-01-09T03:00:00+00:00,AWS-MUM-102,21.4,1009.3,55.0,False,,low,0.1,NORMAL,19.8,1010.0,65.0,HEALTHY,replay,0.1,0.0
2025-01-09T04:00:00+00:00,AWS-MUM-102,21.2,1009.1,55.0,False,,low,0.1,NORMAL,19.4,1009.9,68.0,HEALTHY,replay,0.1,0.0
2025-01-09T05:00:00+00:00,AWS-MUM-102,21.1,1009.3,54.0,False,,low,0.1,NORMAL,19.2,1010.2,69.0,HEALTHY,replay,0.2,0.0
2025-01-09T06:00:00+00:00,AWS-MUM-102,21.0,1010.4,54.0,False,,low,0.1,NORMAL,18.9,1011.3,69.0,HEALTHY,replay,0.2,0.0
2025-01-09T07:00:00+00:00,AWS-MUM-102,20.7,1011.0,54.0,False,,low,0.1,NORMAL,18.9,1011.9,65.0,HEALTHY,replay,0.2,0.0
2025-01-09T08:00:00+00:00,AWS-MUM-102,22.6,1011.8,48.0,False,,low,0.3,NORMAL,20.4,1012.7,59.0,HEALTHY,replay,0.5,0.0
2025-01-09T09:00:00+00:00,AWS-MUM-102,25.9,1012.5,39.0,False,,low,1.3,NORMAL,23.5,1013.3,49.0,HEALTHY,replay,2.2,0.0
2025-01-09T10:00:00+00:00,AWS-MUM-102,28.7,1012.5,32.0,False,,low,1.2,NORMAL,27.2,1013.3,37.0,HEALTHY,replay,2.0,0.0
2025-01-09T11:00:00+00:00,AWS-MUM-102,31.0,1011.8,28.0,False,,low,1.1,NORMAL,29.7,1012.5,31.0,HEALTHY,replay,1.8,0.0
2025-01-09T12:00:00+00:00,AWS-MUM-102,32.4,1010.6,24.0,False,,low,1.4,NORMAL,31.5,1011.3,27.0,HEALTHY,replay,2.3,0.0
2025-01-09T13:00:00+00:00,AWS-MUM-102,33.2,1009.5,23.0,False,,low,1.2,NORMAL,32.4,1010.2,24.0,HEALTHY,replay,1.9,0.0
2025-01-09T14:00:00+00:00,AWS-MUM-102,33.7,1008.4,22.0,False,,low,1.6,NORMAL,32.8,1009.1,23.0,HEALTHY,replay,2.6,0.0
2025-01-09T15:00:00+00:00,AWS-MUM-102,33.8,1007.8,22.0,False,,low,1.0,NORMAL,32.9,1008.4,23.0,HEALTHY,replay,1.6,0.0
2025-01-09T16:00:00+00:00,AWS-MUM-102,33.3,1007.8,23.0,False,,low,0.7,NORMAL,32.6,1008.4,23.0,HEALTHY,replay,1.2,0.0
2025-01-09T17:00:00+00:00,AWS-MUM-102,31.6,1008.4,28.0,False,,low,0.4,NORMAL,31.3,1009.0,26.0,HEALTHY,replay,0.7,0.0
2025-01-09T18:00:00+00:00,AWS-MUM-102,29.3,1009.7,34.0,False,,low,1.3,NORMAL,28.4,1010.2,34.0,HEALTHY,replay,2.2,0.0
2025-01-09T19:00:00+00:00,AWS-MUM-102,27.7,1010.6,39.0,False,,low,1.0,NORMAL,26.1,1011.0,51.0,HEALTHY,replay,1.7,0.0
2025-01-09T20:00:00+00:00,AWS-MUM-102,26.4,1011.6,45.0,False,,low,1.1,NORMAL,25.1,1012.0,51.0,HEALTHY,replay,1.8,0.0
2025-01-09T21:00:00+00:00,AWS-MUM-102,25.6,1012.5,47.0,False,,low,1.1,NORMAL,24.3,1013.0,53.0,HEALTHY,replay,1.9,0.0
2025-01-09T22:00:00+00:00,AWS-MUM-102,24.9,1013.0,48.0,False,,low,0.9,NORMAL,23.4,1013.4,55.0,HEALTHY,replay,1.5,0.0
2025-01-09T23:00:00+00:00,AWS-MUM-102,24.6,1012.7,47.0,False,,low,0.2,NORMAL,22.3,1013.1,61.0,HEALTHY,replay,0.4,0.0
2025-01-10T00:00:00+00:00,AWS-MUM-102,23.8,1012.0,49.0,False,,low,0.1,NORMAL,21.7,1012.4,64.0,HEALTHY,replay,0.1,0.0
2025-01-10T01:00:00+00:00,AWS-MUM-102,23.1,1011.2,50.0,False,,low,0.1,NORMAL,21.1,1011.9,66.0,HEALTHY,replay,0.2,0.0
2025-01-10T02:00:00+00:00,AWS-MUM-102,22.3,1010.7,54.0,False,,low,0.1,NORMAL,20.4,1011.4,68.0,HEALTHY,replay,0.1,0.0
2025-01-10T03:00:00+00:00,AWS-MUM-102,21.4,1010.2,58.0,False,,low,0.1,NORMAL,19.7,1011.0,69.0,HEALTHY,replay,0.1,0.0
2025-01-10T04:00:00+00:00,AWS-MUM-102,20.8,1010.2,60.0,False,,low,0.1,NORMAL,19.1,1011.0,72.0,HEALTHY,replay,0.1,0.0
2025-01-10T05:00:00+00:00,AWS-MUM-102,20.1,1010.5,62.0,False,,low,0.1,NORMAL,18.6,1011.2,73.0,HEALTHY,replay,0.2,0.0
2025-01-10T06:00:00+00:00,AWS-MUM-102,20.4,1011.7,60.0,False,,low,0.1,NORMAL,18.4,1012.4,73.0,HEALTHY,replay,0.2,0.0
2025-01-10T07:00:00+00:00,AWS-MUM-102,20.2,1012.2,59.0,False,,low,0.1,NORMAL,18.2,1013.0,72.0,HEALTHY,replay,0.2,0.0
2025-01-10T08:00:00+00:00,AWS-MUM-102,22.5,1013.2,51.0,False,,low,0.3,NORMAL,19.9,1013.7,66.0,HEALTHY,replay,0.5,0.0
2025-01-10T09:00:00+00:00,AWS-MUM-102,25.7,1013.9,41.0,False,,low,1.6,NORMAL,23.3,1014.3,51.0,HEALTHY,replay,2.7,0.0
2025-01-10T10:00:00+00:00,AWS-MUM-102,28.5,1014.0,34.0,False,,low,1.8,NORMAL,27.0,1014.4,39.0,HEALTHY,replay,3.1,0.0
2025-01-10T11:00:00+00:00,AWS-MUM-102,30.7,1013.6,31.0,False,,low,1.4,NORMAL,29.4,1013.9,33.0,HEALTHY,replay,2.3,0.0
2025-01-10T12:00:00+00:00,AWS-MUM-102,32.3,1012.3,27.0,False,,low,2.1,NORMAL,31.0,1012.9,30.0,HEALTHY,replay,3.4,0.0
2025-01-10T13:00:00+00:00,AWS-MUM-102,33.1,1011.1,25.0,False,,low,1.8,NORMAL,32.2,1011.8,26.0,HEALTHY,replay,3.0,0.0
2025-01-10T14:00:00+00:00,AWS-MUM-102,33.2,1010.3,25.0,False,,low,1.3,NORMAL,32.6,1010.9,25.0,HEALTHY,replay,2.2,0.0
2025-01-10T15:00:00+00:00,AWS-MUM-102,32.6,1009.9,26.0,False,,low,1.0,NORMAL,32.3,1010.5,26.0,HEALTHY,replay,1.7,0.0
2025-01-10T16:00:00+00:00,AWS-MUM-102,31.4,1009.8,28.0,False,,low,0.7,NORMAL,31.3,1010.3,28.0,HEALTHY,replay,1.1,0.0
2025-01-10T17:00:00+00:00,AWS-MUM-102,29.7,1010.1,31.0,False,,low,0.4,NORMAL,29.4,1010.7,33.0,HEALTHY,replay,0.7,0.0
2025-01-10T18:00:00+00:00,AWS-MUM-102,27.6,1010.6,41.0,False,,low,1.9,NORMAL,27.1,1011.1,42.0,HEALTHY,replay,3.2,0.0
2025-01-10T19:00:00+00:00,AWS-MUM-102,26.4,1011.4,48.0,False,,low,0.8,NORMAL,25.7,1011.9,51.0,HEALTHY,replay,1.3,0.0
2025-01-10T20:00:00+00:00,AWS-MUM-102,25.4,1012.3,60.0,False,,low,2.4,NORMAL,25.3,1012.6,60.0,HEALTHY,replay,4.0,0.0
2025-01-10T21:00:00+00:00,AWS-MUM-102,24.7,1013.1,56.0,False,,low,0.6,NORMAL,24.7,1013.4,70.0,HEALTHY,replay,1.0,0.0
2025-01-10T22:00:00+00:00,AWS-MUM-102,23.9,1013.4,60.0,False,,low,0.3,NORMAL,24.0,1013.8,68.0,HEALTHY,replay,0.4,0.0
2025-01-10T23:00:00+00:00,AWS-MUM-102,23.2,1013.0,62.0,False,,low,0.2,NORMAL,23.3,1013.7,65.0,HEALTHY,replay,0.3,0.0
2025-01-11T00:00:00+00:00,AWS-MUM-102,22.5,1012.5,66.0,False,,low,0.2,NORMAL,22.3,1013.1,67.0,HEALTHY,replay,0.3,0.0
2025-01-11T01:00:00+00:00,AWS-MUM-102,22.0,1012.2,64.0,False,,low,0.1,NORMAL,21.6,1012.8,70.0,HEALTHY,replay,0.2,0.0
2025-01-11T02:00:00+00:00,AWS-MUM-102,21.7,1011.6,64.0,False,,low,0.1,NORMAL,20.9,1012.2,69.0,HEALTHY,replay,0.2,0.0
2025-01-11T03:00:00+00:00,AWS-MUM-102,21.4,1011.1,64.0,False,,low,0.1,NORMAL,20.2,1011.7,73.0,HEALTHY,replay,0.2,0.0
2025-01-11T04:00:00+00:00,AWS-MUM-102,20.9,1011.2,64.0,False,,low,0.1,NORMAL,19.8,1011.8,76.0,HEALTHY,replay,0.2,0.0
2025-01-11T05:00:00+00:00,AWS-MUM-102,20.5,1011.3,64.0,False,,low,0.1,NORMAL,19.4,1012.0,75.0,HEALTHY,replay,0.2,0.0
2025-01-11T06:00:00+00:00,AWS-MUM-102,20.4,1012.2,65.0,False,,low,0.1,NORMAL,19.3,1012.8,80.0,HEALTHY,replay,0.2,0.0
2025-01-11T07:00:00+00:00,AWS-MUM-102,20.4,1012.8,66.0,False,,low,0.1,NORMAL,18.9,1013.4,85.0,HEALTHY,replay,0.2,0.0
2025-01-11T08:00:00+00:00,AWS-MUM-102,22.5,1013.8,58.0,False,,low,0.2,NORMAL,20.5,1014.4,74.0,HEALTHY,replay,0.4,0.0
2025-01-11T09:00:00+00:00,AWS-MUM-102,25.2,1014.4,50.0,False,,low,0.5,NORMAL,23.6,1015.0,60.0,HEALTHY,replay,0.8,0.0
2025-01-11T10:00:00+00:00,AWS-MUM-102,27.2,1014.5,45.0,False,,low,0.7,NORMAL,26.4,1015.0,49.0,HEALTHY,replay,1.1,0.0
2025-01-11T11:00:00+00:00,AWS-MUM-102,28.9,1013.7,38.0,False,,low,0.8,NORMAL,28.4,1014.2,41.0,HEALTHY,replay,1.3,0.0
2025-01-11T12:00:00+00:00,AWS-MUM-102,30.3,1012.3,33.0,False,,low,1.1,NORMAL,30.0,1012.8,35.0,HEALTHY,replay,1.9,0.0
2025-01-11T13:00:00+00:00,AWS-MUM-102,31.4,1011.1,31.0,False,,low,1.2,NORMAL,30.9,1011.6,33.0,HEALTHY,replay,1.9,0.0
2025-01-11T14:00:00+00:00,AWS-MUM-102,31.6,1010.0,32.0,False,,low,1.6,NORMAL,31.1,1010.6,34.0,HEALTHY,replay,2.7,0.0
2025-01-11T15:00:00+00:00,AWS-MUM-102,31.1,1009.4,37.0,False,,low,1.2,NORMAL,30.5,1010.0,38.0,HEALTHY,replay,2.1,0.0
2025-01-11T16:00:00+00:00,AWS-MUM-102,30.0,1009.6,39.0,False,,low,0.4,NORMAL,29.4,1010.2,39.0,HEALTHY,replay,0.7,0.0
2025-01-11T17:00:00+00:00,AWS-MUM-102,28.5,1010.0,41.0,False,,low,0.2,NORMAL,27.8,1010.6,41.0,HEALTHY,replay,0.3,0.0
2025-01-11T18:00:00+00:00,AWS-MUM-102,26.6,1010.9,46.0,False,,low,0.2,NORMAL,25.9,1011.5,49.0,HEALTHY,replay,0.4,0.0
2025-01-11T19:00:00+00:00,AWS-MUM-102,25.4,1011.6,53.0,False,,low,0.2,NORMAL,24.7,1012.1,58.0,HEALTHY,replay,0.4,0.0
2025-01-11T20:00:00+00:00,AWS-MUM-102,24.5,1012.5,59.0,False,,low,0.2,NORMAL,23.6,1013.0,64.0,HEALTHY,replay,0.4,0.0
2025-01-11T21:00:00+00:00,AWS-MUM-102,24.0,1013.3,62.0,False,,low,0.2,NORMAL,23.1,1013.7,67.0,HEALTHY,replay,0.4,0.0
2025-01-11T22:00:00+00:00,AWS-MUM-102,23.4,1013.6,63.0,False,,low,0.1,NORMAL,22.9,1014.1,71.0,HEALTHY,replay,0.2,0.0
2025-01-11T23:00:00+00:00,AWS-MUM-102,22.5,1013.6,65.0,False,,low,0.1,NORMAL,22.1,1014.1,76.0,HEALTHY,replay,0.2,0.0
2025-01-12T00:00:00+00:00,AWS-MUM-102,21.9,1013.2,66.0,False,,low,0.1,NORMAL,21.4,1013.8,80.0,HEALTHY,replay,0.2,0.0
2025-01-12T01:00:00+00:00,AWS-MUM-102,21.5,1012.8,68.0,False,,low,0.1,NORMAL,20.6,1013.5,79.0,HEALTHY,replay,0.1,0.0
2025-01-12T02:00:00+00:00,AWS-MUM-102,21.3,1012.1,68.0,False,,low,0.1,NORMAL,19.7,1012.8,83.0,HEALTHY,replay,0.1,0.0
2025-01-12T03:00:00+00:00,AWS-MUM-102,20.7,1011.8,71.0,False,,low,0.1,NORMAL,19.2,1012.4,85.0,HEALTHY,replay,0.1,0.0
2025-01-12T04:00:00+00:00,AWS-MUM-102,20.3,1011.8,73.0,False,,low,0.1,NORMAL,19.2,1012.4,83.0,HEALTHY,replay,0.2,0.0
2025-01-12T05:00:00+00:00,AWS-MUM-102,20.1,1012.3,73.0,False,,low,0.1,NORMAL,18.9,1012.8,84.0,HEALTHY,replay,0.2,0.0
2025-01-12T06:00:00+00:00,AWS-MUM-102,19.8,1012.8,77.0,False,,low,0.2,NORMAL,18.6,1013.4,86.0,HEALTHY,replay,0.3,0.0
2025-01-12T07:00:00+00:00,AWS-MUM-102,19.7,1013.5,77.0,False,,low,0.1,NORMAL,18.7,1014.0,84.0,HEALTHY,replay,0.2,0.0
2025-01-12T08:00:00+00:00,AWS-MUM-102,21.2,1014.3,68.0,False,,low,0.3,NORMAL,20.3,1014.8,74.0,HEALTHY,replay,0.4,0.0
2025-01-12T09:00:00+00:00,AWS-MUM-102,23.4,1014.6,56.0,False,,low,0.4,NORMAL,22.7,1015.2,60.0,HEALTHY,replay,0.6,0.0
2025-01-12T10:00:00+00:00,AWS-MUM-102,25.9,1014.6,48.0,False,,low,0.5,NORMAL,25.3,1015.1,50.0,HEALTHY,replay,0.9,0.0
2025-01-12T11:00:00+00:00,AWS-MUM-102,28.4,1013.8,40.0,False,,low,1.5,NORMAL,28.1,1014.3,43.0,HEALTHY,replay,2.4,0.0
2025-01-12T12:00:00+00:00,AWS-MUM-102,30.3,1012.5,33.0,False,,low,2.7,NORMAL,29.8,1012.9,36.0,HEALTHY,replay,4.5,0.0
2025-01-12T13:00:00+00:00,AWS-MUM-102,31.6,1010.8,30.0,False,,low,3.4,NORMAL,31.1,1011.3,32.0,HEALTHY,replay,5.6,0.0
2025-01-12T14:00:00+00:00,AWS-MUM-102,32.4,1009.7,29.0,False,,low,3.2,NORMAL,31.7,1010.3,31.0,HEALTHY,replay,5.4,0.0
2025-01-12T15:00:00+00:00,AWS-MUM-102,32.5,1008.8,30.0,False,,low,3.3,NORMAL,31.9,1009.4,31.0,HEALTHY,replay,5.4,0.0
2025-01-12T16:00:00+00:00,AWS-MUM-102,31.8,1008.8,32.0,False,,low,0.8,NORMAL,31.4,1009.5,32.0,HEALTHY,replay,1.4,0.0
2025-01-12T17:00:00+00:00,AWS-MUM-102,30.3,1009.1,37.0,False,,low,0.4,NORMAL,29.7,1009.7,38.0,HEALTHY,replay,0.7,0.0
2025-01-12T18:00:00+00:00,AWS-MUM-102,27.9,1010.1,50.0,False,,low,1.7,NORMAL,27.4,1010.7,51.0,HEALTHY,replay,2.8,0.0
2025-01-12T19:00:00+00:00,AWS-MUM-102,26.6,1010.9,56.0,False,,low,0.6,NORMAL,26.0,1011.5,55.0,HEALTHY,replay,1.0,0.0
2025-01-12T20:00:00+00:00,AWS-MUM-102,26.1,1011.9,54.0,False,,low,0.3,NORMAL,25.1,1012.4,54.0,HEALTHY,replay,0.5,0.0
2025-01-12T21:00:00+00:00,AWS-MUM-102,25.6,1012.4,51.0,False,,low,0.3,NORMAL,24.5,1012.9,53.0,HEALTHY,replay,0.5,0.0
2025-01-12T22:00:00+00:00,AWS-MUM-102,25.0,1012.6,52.0,False,,low,0.1,NORMAL,24.2,1013.0,52.0,HEALTHY,replay,0.2,0.0
2025-01-12T23:00:00+00:00,AWS-MUM-102,24.3,1012.1,52.0,False,,low,0.1,NORMAL,23.6,1012.6,51.0,HEALTHY,replay,0.2,0.0
2025-01-13T00:00:00+00:00,AWS-MUM-102,23.2,1011.7,56.0,False,,low,0.1,NORMAL,23.1,1012.2,55.0,HEALTHY,replay,0.2,0.0
2025-01-13T01:00:00+00:00,AWS-MUM-102,22.4,1011.2,61.0,False,,low,0.1,NORMAL,22.6,1011.8,61.0,HEALTHY,replay,0.2,0.0
2025-01-13T02:00:00+00:00,AWS-MUM-102,22.0,1010.5,62.0,False,,low,0.1,NORMAL,22.0,1011.1,66.0,HEALTHY,replay,0.2,0.0
2025-01-13T03:00:00+00:00,AWS-MUM-102,21.6,1010.0,64.0,False,,low,0.1,NORMAL,21.6,1010.7,70.0,HEALTHY,replay,0.2,0.0
2025-01-13T04:00:00+00:00,AWS-MUM-102,21.4,1009.9,65.0,False,,low,0.1,NORMAL,21.6,1010.6,72.0,HEALTHY,replay,0.2,0.0
2025-01-13T05:00:00+00:00,AWS-MUM-102,20.8,1009.9,68.0,False,,low,0.2,NORMAL,21.5,1010.5,73.0,HEALTHY,replay,0.3,0.0
2025-01-13T06:00:00+00:00,AWS-MUM-102,20.9,1010.7,67.0,False,,low,0.3,NORMAL,21.8,1011.5,70.0,HEALTHY,replay,0.5,0.0
2025-01-13T07:00:00+00:00,AWS-MUM-102,21.0,1011.2,69.0,False,,low,0.3,NORMAL,21.6,1012.1,72.0,HEALTHY,replay,0.5,0.0
2025-01-13T08:00:00+00:00,AWS-MUM-102,23.0,1012.0,64.0,False,,low,0.4,NORMAL,23.1,1012.8,66.0,HEALTHY,replay,0.7,0.0
2025-01-13T09:00:00+00:00,AWS-MUM-102,26.0,1012.3,55.0,False,,low,1.0,NORMAL,25.4,1013.1,56.0,HEALTHY,replay,1.6,0.0
2025-01-13T10:00:00+00:00,AWS-MUM-102,29.0,1012.1,46.0,False,,low,1.7,NORMAL,28.2,1012.8,47.0,HEALTHY,replay,2.8,0.0
2025-01-13T11:00:00+00:00,AWS-MUM-102,31.4,1011.3,40.0,False,,low,4.4,NORMAL,30.4,1011.9,42.0,HEALTHY,replay,7.4,0.0
2025-01-13T12:00:00+00:00,AWS-MUM-102,33.1,1009.9,34.0,False,,low,5.8,NORMAL,32.0,1010.7,38.0,HEALTHY,replay,9.6,0.0
2025-01-13T13:00:00+00:00,AWS-MUM-102,34.4,1008.5,31.0,False,,low,9.7,NORMAL,33.1,1009.4,33.0,HEALTHY,replay,16.2,0.0
2025-01-13T14:00:00+00:00,AWS-MUM-102,35.0,1007.4,28.0,False,,low,8.9,NORMAL,34.0,1008.2,31.0,HEALTHY,replay,14.9,0.0
2025-01-13T15:00:00+00:00,AWS-MUM-102,34.9,1006.6,28.0,False,,low,7.3,NORMAL,34.2,1007.4,29.0,HEALTHY,replay,12.1,0.0
2025-01-13T16:00:00+00:00,AWS-MUM-102,33.6,1006.6,34.0,False,,low,3.0,NORMAL,33.7,1007.2,29.0,HEALTHY,replay,5.0,0.0
2025-01-13T17:00:00+00:00,AWS-MUM-102,31.1,1007.1,44.0,False,,low,6.7,NORMAL,31.8,1007.7,39.0,HEALTHY,replay,11.1,0.0
2025-01-13T18:00:00+00:00,AWS-MUM-102,29.6,1008.0,50.0,False,,low,1.9,NORMAL,29.5,1008.4,48.0,HEALTHY,replay,3.1,0.0
2025-01-13T19:00:00+00:00,AWS-MUM-102,28.7,1008.7,52.0,False,,low,1.3,NORMAL,27.9,1009.1,56.0,HEALTHY,replay,2.2,0.0
2025-01-13T20:00:00+00:00,AWS-MUM-102,28.1,1009.5,54.0,False,,low,1.3,NORMAL,26.7,1010.2,59.0,HEALTHY,replay,2.2,0.0
2025-01-13T21:00:00+00:00,AWS-MUM-102,26.6,1010.3,60.0,False,,low,1.4,NORMAL,25.9,1010.8,56.0,HEALTHY,replay,2.3,0.0
2025-01-13T22:00:00+00:00,AWS-MUM-102,25.4,1010.6,65.0,False,,low,0.4,NORMAL,25.1,1010.9,55.0,HEALTHY,replay,0.7,0.0
2025-01-13T23:00:00+00:00,AWS-MUM-102,24.5,1010.4,68.0,False,,low,0.3,NORMAL,24.0,1010.9,59.0,HEALTHY,replay,0.4,0.0
2025-01-14T00:00:00+00:00,AWS-MUM-102,23.9,1010.2,66.0,False,,low,0.1,NORMAL,23.2,1010.7,63.0,HEALTHY,replay,0.2,0.0
2025-01-14T01:00:00+00:00,AWS-MUM-102,23.6,1009.8,66.0,False,,low,0.2,NORMAL,22.7,1010.4,64.0,HEALTHY,replay,0.3,0.0
2025-01-14T02:00:00+00:00,AWS-MUM-102,22.9,1009.5,69.0,False,,low,0.1,NORMAL,22.4,1010.0,64.0,HEALTHY,replay,0.2,0.0
2025-01-14T03:00:00+00:00,AWS-MUM-102,22.3,1009.0,69.0,False,,low,0.1,NORMAL,22.1,1009.6,66.0,HEALTHY,replay,0.2,0.0
2025-01-14T04:00:00+00:00,AWS-MUM-102,22.3,1008.9,67.0,False,,low,0.2,NORMAL,21.7,1009.6,69.0,HEALTHY,replay,0.3,0.0
2025-01-14T05:00:00+00:00,AWS-MUM-102,22.4,1009.4,65.0,False,,low,0.2,NORMAL,21.3,1010.1,73.0,HEALTHY,replay,0.4,0.0
2025-01-14T06:00:00+00:00,AWS-MUM-102,22.9,1010.5,62.0,False,,low,0.3,NORMAL,20.7,1011.2,77.0,HEALTHY,replay,0.5,0.0
2025-01-14T07:00:00+00:00,AWS-MUM-102,23.0,1010.9,62.0,False,,low,0.2,NORMAL,20.7,1011.7,79.0,HEALTHY,replay,0.4,0.0
2025-01-14T08:00:00+00:00,AWS-MUM-102,25.1,1011.7,55.0,False,,low,0.5,NORMAL,22.2,1012.4,73.0,HEALTHY,replay,0.8,0.0
2025-01-14T09:00:00+00:00,AWS-MUM-102,28.1,1012.3,45.0,False,,low,2.6,NORMAL,25.3,1013.0,60.0,HEALTHY,replay,4.4,0.0
2025-01-14T10:00:00+00:00,AWS-MUM-102,30.5,1012.2,38.0,False,,low,1.0,NORMAL,28.9,1012.8,47.0,HEALTHY,replay,1.6,0.0
2025-01-14T11:00:00+00:00,AWS-MUM-102,32.5,1011.5,34.0,False,,low,1.3,NORMAL,31.5,1012.0,37.0,HEALTHY,replay,2.1,0.0
2025-01-14T12:00:00+00:00,AWS-MUM-102,33.9,1010.0,31.0,False,,low,1.3,NORMAL,33.0,1010.6,33.0,HEALTHY,replay,2.2,0.0
2025-01-14T13:00:00+00:00,AWS-MUM-102,34.9,1008.9,30.0,False,,low,1.2,NORMAL,34.4,1009.4,29.0,HEALTHY,replay,2.0,0.0
2025-01-14T14:00:00+00:00,AWS-MUM-102,34.7,1008.1,30.0,False,,low,0.9,NORMAL,34.7,1008.5,29.0,HEALTHY,replay,1.5,0.0
2025-01-14T15:00:00+00:00,AWS-MUM-102,33.5,1007.5,34.0,False,,low,0.9,NORMAL,33.8,1008.0,30.0,HEALTHY,replay,1.5,0.0
2025-01-14T16:00:00+00:00,AWS-MUM-102,31.5,1008.1,40.0,False,,low,0.7,NORMAL,31.6,1008.5,41.0,HEALTHY,replay,1.1,0.0
2025-01-14T17:00:00+00:00,AWS-MUM-102,29.8,1008.7,46.0,False,,low,0.5,NORMAL,29.6,1009.0,47.0,HEALTHY,replay,0.9,0.0
2025-01-14T18:00:00+00:00,AWS-MUM-102,28.1,1009.5,54.0,False,,low,0.8,NORMAL,27.3,1010.0,58.0,HEALTHY,replay,1.4,0.0
2025-01-14T19:00:00+00:00,AWS-MUM-102,26.9,1010.4,62.0,False,,low,1.3,NORMAL,25.7,1010.9,65.0,HEALTHY,replay,2.2,0.0
2025-01-14T20:00:00+00:00,AWS-MUM-102,26.3,1011.7,63.0,False,,low,1.3,NORMAL,25.0,1012.1,68.0,HEALTHY,replay,2.2,0.0
2025-01-14T21:00:00+00:00,AWS-MUM-102,26.0,1012.4,63.0,False,,low,0.5,NORMAL,24.6,1012.9,69.0,HEALTHY,replay,0.8,0.0
2025-01-14T22:00:00+00:00,AWS-MUM-102,25.6,1012.8,63.0,False,,low,0.3,NORMAL,24.6,1013.4,67.0,HEALTHY,replay,0.5,0.0
2025-01-14T23:00:00+00:00,AWS-MUM-102,24.9,1012.6,66.0,False,,low,0.1,NORMAL,24.4,1013.1,69.0,HEALTHY,replay,0.2,0.0
2025-01-15T00:00:00+00:00,AWS-MUM-102,24.3,1012.3,68.0,False,,low,0.1,NORMAL,23.8,1012.6,72.0,HEALTHY,replay,0.2,0.0
2025-01-15T01:00:00+00:00,AWS-MUM-102,23.8,1011.8,71.0,False,,low,0.1,NORMAL,23.7,1012.2,74.0,HEALTHY,replay,0.2,0.0
2025-01-15T02:00:00+00:00,AWS-MUM-102,23.5,1011.1,72.0,False,,low,0.1,NORMAL,23.3,1011.39,73.0,HEALTHY,replay,0.2,0.0
2025-01-15T03:00:00+00:00,AWS-MUM-102,23.0,1010.3,74.0,False,,low,0.1,NORMAL,23.0,1010.6,74.0,HEALTHY,replay,0.2,0.0
2025-01-15T04:00:00+00:00,AWS-MUM-102,22.7,1010.2,75.0,False,,low,0.1,NORMAL,22.7,1010.5,76.0,HEALTHY,replay,0.2,0.0
2025-01-15T05:00:00+00:00,AWS-MUM-102,22.2,1010.5,76.0,False,,low,0.1,NORMAL,22.3,1010.8,78.0,HEALTHY,replay,0.2,0.0
2025-01-15T06:00:00+00:00,AWS-MUM-102,22.6,1011.3,76.0,False,,low,0.1,NORMAL,21.8,1011.6,83.0,HEALTHY,replay,0.2,0.0
2025-01-15T07:00:00+00:00,AWS-MUM-102,22.3,1012.0,76.0,False,,low,0.1,NORMAL,21.5,1012.5,82.0,HEALTHY,replay,0.2,0.0
2025-01-15T08:00:00+00:00,AWS-MUM-102,24.0,1012.8,71.0,False,,low,0.3,NORMAL,23.2,1013.1,74.0,HEALTHY,replay,0.6,0.0
2025-01-15T09:00:00+00:00,AWS-MUM-102,26.7,1013.6,59.0,False,,low,1.0,NORMAL,25.9,1013.8,61.0,HEALTHY,replay,1.7,0.0
2025-01-15T10:00:00+00:00,AWS-MUM-102,29.2,1013.5,50.0,False,,low,1.4,NORMAL,28.3,1013.8,53.0,HEALTHY,replay,2.4,0.0
2025-01-15T11:00:00+00:00,AWS-MUM-102,31.3,1012.7,43.0,False,,low,1.1,NORMAL,30.5,1012.9,45.0,HEALTHY,replay,1.9,0.0
2025-01-15T12:00:00+00:00,AWS-MUM-102,32.9,1011.3,39.0,False,,low,4.0,NORMAL,32.1,1011.6,41.0,HEALTHY,replay,6.7,0.0
2025-01-15T13:00:00+00:00,AWS-MUM-102,33.2,1010.3,39.0,False,,low,2.6,NORMAL,33.1,1010.4,38.0,HEALTHY,replay,4.4,0.0
2025-01-15T14:00:00+00:00,AWS-MUM-102,32.6,1009.6,42.0,False,,low,1.2,NORMAL,31.9,1009.5,44.0,HEALTHY,replay,2.0,0.0
2025-01-15T15:00:00+00:00,AWS-MUM-102,31.5,1009.1,45.0,False,,low,0.6,NORMAL,30.6,1009.1,47.0,HEALTHY,replay,1.0,0.0
2025-01-15T16:00:00+00:00,AWS-MUM-102,30.0,1009.4,48.0,False,,low,0.3,NORMAL,29.6,1009.4,49.0,HEALTHY,replay,0.5,0.0
2025-01-15T17:00:00+00:00,AWS-MUM-102,28.8,1009.9,51.0,False,,low,0.2,NORMAL,28.2,1009.9,54.0,HEALTHY,replay,0.3,0.0
2025-01-15T18:00:00+00:00,AWS-MUM-102,27.0,1011.0,59.0,False,,low,0.3,NORMAL,26.3,1011.1,62.0,HEALTHY,replay,0.5,0.0
2025-01-15T19:00:00+00:00,AWS-MUM-102,25.9,1012.0,65.0,False,,low,0.4,NORMAL,24.8,1012.2,69.0,HEALTHY,replay,0.6,0.0
2025-01-15T20:00:00+00:00,AWS-MUM-102,25.5,1013.1,66.0,False,,low,0.5,NORMAL,23.9,1013.4,71.0,HEALTHY,replay,0.9,0.0
2025-01-15T21:00:00+00:00,AWS-MUM-102,25.1,1013.6,66.0,False,,low,0.3,NORMAL,23.6,1013.8,72.0,HEALTHY,replay,0.4,0.0
2025-01-15T22:00:00+00:00,AWS-MUM-102,24.5,1013.9,67.0,False,,low,0.2,NORMAL,23.4,1014.1,71.0,HEALTHY,replay,0.4,0.0
2025-01-15T23:00:00+00:00,AWS-MUM-102,24.1,1013.8,67.0,False,,low,0.2,NORMAL,23.2,1014.0,73.0,HEALTHY,replay,0.4,0.0
2025-01-16T00:00:00+00:00,AWS-MUM-102,23.8,1013.3,68.0,False,,low,0.2,NORMAL,22.7,1013.5,75.0,HEALTHY,replay,0.3,0.0
2025-01-16T01:00:00+00:00,AWS-MUM-102,23.3,1012.7,70.0,False,,low,0.1,NORMAL,22.3,1013.1,77.0,HEALTHY,replay,0.2,0.0
2025-01-16T02:00:00+00:00,AWS-MUM-102,22.8,1012.0,73.0,False,,low,0.1,NORMAL,21.7,1012.4,78.0,HEALTHY,replay,0.2,0.0
2025-01-16T03:00:00+00:00,AWS-MUM-102,22.4,1011.4,75.0,False,,low,0.1,NORMAL,21.2,1011.9,81.0,HEALTHY,replay,0.2,0.0
2025-01-16T04:00:00+00:00,AWS-MUM-102,21.9,1011.2,77.0,False,,low,0.1,NORMAL,20.7,1011.6,83.0,HEALTHY,replay,0.2,0.0
2025-01-16T05:00:00+00:00,AWS-MUM-102,21.5,1011.2,78.0,False,,low,0.1,NORMAL,20.4,1011.6,83.0,HEALTHY,replay,0.2,0.0
2025-01-16T06:00:00+00:00,AWS-MUM-102,21.0,1012.0,81.0,False,,low,0.1,NORMAL,19.5,1012.5,89.0,HEALTHY,replay,0.2,0.0
2025-01-16T07:00:00+00:00,AWS-MUM-102,20.5,1012.6,82.0,False,,low,0.1,NORMAL,19.4,1013.1,89.0,HEALTHY,replay,0.2,0.0
2025-01-16T08:00:00+00:00,AWS-MUM-102,21.7,1013.5,76.0,False,,low,0.2,NORMAL,20.6,1014.1,82.0,HEALTHY,replay,0.3,0.0
2025-01-16T09:00:00+00:00,AWS-MUM-102,24.1,1014.0,66.0,False,,low,0.3,NORMAL,23.2,1014.6,69.0,HEALTHY,replay,0.5,0.0
2025-01-16T10:00:00+00:00,AWS-MUM-102,26.9,1014.1,56.0,False,,low,0.7,NORMAL,26.0,1014.7,58.0,HEALTHY,replay,1.1,0.0
2025-01-16T11:00:00+00:00,AWS-MUM-102,29.4,1013.2,48.0,False,,low,0.8,NORMAL,28.6,1013.8,50.0,HEALTHY,replay,1.3,0.0
2025-01-16T12:00:00+00:00,AWS-MUM-102,31.4,1012.0,42.0,False,,low,3.1,NORMAL,30.6,1012.6,44.0,HEALTHY,replay,5.2,0.0
2025-01-16T13:00:00+00:00,AWS-MUM-102,32.8,1010.6,38.0,False,,low,2.5,NORMAL,31.8,1011.3,40.0,HEALTHY,replay,4.1,0.0
2025-01-16T14:00:00+00:00,AWS-MUM-102,33.5,1009.6,34.0,False,,low,3.2,NORMAL,32.5,1010.4,38.0,HEALTHY,replay,5.3,0.0
2025-01-16T15:00:00+00:00,AWS-MUM-102,33.2,1009.2,34.0,False,,low,0.8,NORMAL,32.5,1010.0,37.0,HEALTHY,replay,1.4,0.0
2025-01-16T16:00:00+00:00,AWS-MUM-102,32.1,1009.4,38.0,False,,low,0.6,NORMAL,31.4,1010.1,41.0,HEALTHY,replay,1.0,0.0
2025-01-16T17:00:00+00:00,AWS-MUM-102,30.5,1010.1,45.0,False,,low,0.5,NORMAL,29.5,1010.8,46.0,HEALTHY,replay,0.8,0.0
2025-01-16T18:00:00+00:00,AWS-MUM-102,27.9,1011.3,56.0,False,,low,1.3,NORMAL,26.7,1011.9,61.0,HEALTHY,replay,2.1,0.0
2025-01-16T19:00:00+00:00,AWS-MUM-102,26.7,1012.0,61.0,False,,low,0.5,NORMAL,25.7,1012.6,64.0,HEALTHY,replay,0.8,0.0
2025-01-16T20:00:00+00:00,AWS-MUM-102,26.2,1013.0,62.0,False,,low,0.3,NORMAL,25.3,1013.6,63.0,HEALTHY,replay,0.6,0.0
2025-01-16T21:00:00+00:00,AWS-MUM-102,26.0,1013.7,61.0,False,,low,0.3,NORMAL,24.9,1014.1,62.0,HEALTHY,replay,0.5,0.0
2025-01-16T22:00:00+00:00,AWS-MUM-102,25.6,1013.6,60.0,False,,low,0.2,NORMAL,24.5,1014.2,63.0,HEALTHY,replay,0.3,0.0
2025-01-16T23:00:00+00:00,AWS-MUM-102,25.2,1013.4,61.0,False,,low,0.1,NORMAL,24.2,1013.9,63.0,HEALTHY,replay,0.2,0.0
2025-01-17T00:00:00+00:00,AWS-MUM-102,24.8,1012.6,61.0,False,,low,0.1,NORMAL,23.9,1013.2,63.0,HEALTHY,replay,0.2,0.0
2025-01-17T01:00:00+00:00,AWS-MUM-102,24.1,1012.0,63.0,False,,low,0.1,NORMAL,23.6,1012.5,65.0,HEALTHY,replay,0.1,0.0
2025-01-17T02:00:00+00:00,AWS-MUM-102,23.6,1011.3,66.0,False,,low,0.1,NORMAL,23.2,1011.9,67.0,HEALTHY,replay,0.2,0.0
2025-01-17T03:00:00+00:00,AWS-MUM-102,23.3,1010.9,67.0,False,,low,0.1,NORMAL,22.9,1011.5,69.0,HEALTHY,replay,0.2,0.0
2025-01-17T04:00:00+00:00,AWS-MUM-102,23.3,1010.8,68.0,False,,low,0.1,NORMAL,23.1,1011.3,70.0,HEALTHY,replay,0.2,0.0
2025-01-17T05:00:00+00:00,AWS-MUM-102,23.1,1010.5,69.0,False,,low,0.2,NORMAL,23.2,1011.2,70.0,HEALTHY,replay,0.3,0.0
2025-01-17T06:00:00+00:00,AWS-MUM-102,22.6,1011.1,71.0,False,,low,0.1,NORMAL,22.6,1011.8,75.0,HEALTHY,replay,0.2,0.0
2025-01-17T07:00:00+00:00,AWS-MUM-102,22.5,1011.5,72.0,False,,low,0.2,NORMAL,22.3,1012.2,76.0,HEALTHY,replay,0.3,0.0
2025-01-17T08:00:00+00:00,AWS-MUM-102,24.2,1012.1,66.0,False,,low,0.4,NORMAL,23.6,1012.8,70.0,HEALTHY,replay,0.6,0.0
2025-01-17T09:00:00+00:00,AWS-MUM-102,27.4,1012.4,54.0,False,,low,1.7,NORMAL,26.2,1013.1,60.0,HEALTHY,replay,2.9,0.0
2025-01-17T10:00:00+00:00,AWS-MUM-102,30.4,1012.2,43.0,False,,low,7.4,NORMAL,29.1,1012.9,48.0,HEALTHY,replay,12.3,0.0
2025-01-17T11:00:00+00:00,AWS-MUM-102,32.9,1011.6,35.0,False,,low,11.3,NORMAL,31.2,1012.3,40.0,HEALTHY,replay,18.8,0.0
2025-01-17T12:00:00+00:00,AWS-MUM-102,34.4,1010.1,30.0,False,,low,20.5,NORMAL,32.9,1011.0,35.0,HEALTHY,replay,34.2,0.0
2025-01-17T13:00:00+00:00,AWS-MUM-102,35.5,1008.6,28.0,False,,low,14.7,NORMAL,33.9,1009.4,30.0,HEALTHY,replay,24.5,0.0
2025-01-17T14:00:00+00:00,AWS-MUM-102,36.0,1007.4,25.0,False,,low,25.9,NORMAL,34.3,1008.2,28.0,HEALTHY,replay,43.2,0.0
2025-01-17T15:00:00+00:00,AWS-MUM-102,35.6,1006.7,25.0,False,,low,15.5,NORMAL,34.7,1007.4,27.0,HEALTHY,replay,25.8,0.0
2025-01-17T16:00:00+00:00,AWS-MUM-102,34.7,1006.7,26.0,False,,low,7.7,NORMAL,34.3,1007.4,27.0,HEALTHY,replay,12.9,0.0
2025-01-17T17:00:00+00:00,AWS-MUM-102,32.3,1007.3,39.0,False,,low,11.2,NORMAL,32.4,1007.9,32.0,HEALTHY,replay,18.7,0.0
2025-01-17T18:00:00+00:00,AWS-MUM-102,30.9,1008.1,39.0,False,,low,7.4,NORMAL,30.6,1008.7,36.0,HEALTHY,replay,12.4,0.0
2025-01-17T19:00:00+00:00,AWS-MUM-102,28.9,1009.0,51.0,False,,low,8.1,NORMAL,27.8,1009.5,57.0,HEALTHY,replay,13.5,0.0
2025-01-17T20:00:00+00:00,AWS-MUM-102,28.1,1010.0,55.0,False,,low,4.5,NORMAL,26.5,1010.6,61.0,HEALTHY,replay,7.6,0.0
2025-01-17T21:00:00+00:00,AWS-MUM-102,27.5,1010.6,54.0,False,,low,2.5,NORMAL,26.1,1011.2,61.0,HEALTHY,replay,4.1,0.0
2025-01-17T22:00:00+00:00,AWS-MUM-102,26.9,1010.9,55.0,False,,low,0.4,NORMAL,25.2,1011.4,64.0,HEALTHY,replay,0.7,0.0
2025-01-17T23:00:00+00:00,AWS-MUM-102,26.2,1010.7,56.0,False,,low,0.2,NORMAL,25.4,1011.1,62.0,HEALTHY,replay,0.3,0.0
2025-01-18T00:00:00+00:00,AWS-MUM-102,25.0,1010.1,58.0,False,,low,0.1,NORMAL,25.1,1010.7,57.0,HEALTHY,replay,0.2,0.0
2025-01-18T01:00:00+00:00,AWS-MUM-102,24.3,1009.7,58.0,False,,low,0.1,NORMAL,24.2,1010.4,58.0,HEALTHY,replay,0.2,0.0
2025-01-18T02:00:00+00:00,AWS-MUM-102,24.0,1009.5,58.0,False,,low,0.1,NORMAL,23.6,1010.2,59.0,HEALTHY,replay,0.2,0.0
2025-01-18T03:00:00+00:00,AWS-MUM-102,23.5,1009.5,59.0,False,,low,0.1,NORMAL,23.2,1010.0,59.0,HEALTHY,replay,0.2,0.0
2025-01-18T04:00:00+00:00,AWS-MUM-102,22.9,1009.3,60.0,False,,low,0.1,NORMAL,22.8,1009.8,59.0,HEALTHY,replay,0.2,0.0
2025-01-18T05:00:00+00:00,AWS-MUM-102,22.4,1009.4,61.0,False,,low,0.3,NORMAL,22.3,1010.1,61.0,HEALTHY,replay,0.4,0.0
2025-01-18T06:00:00+00:00,AWS-MUM-102,21.7,1010.2,61.0,False,,low,0.2,NORMAL,21.3,1010.9,65.0,HEALTHY,replay,0.3,0.0
2025-01-18T07:00:00+00:00,AWS-MUM-102,21.9,1010.9,57.0,False,,low,0.2,NORMAL,21.0,1011.7,66.0,HEALTHY,replay,0.3,0.0
2025-01-18T08:00:00+00:00,AWS-MUM-102,24.9,1011.8,44.0,False,,low,2.5,NORMAL,22.6,1012.5,59.0,HEALTHY,replay,4.2,0.0
2025-01-18T09:00:00+00:00,AWS-MUM-102,27.8,1012.5,37.0,False,,low,2.2,NORMAL,26.0,1013.2,48.0,HEALTHY,replay,3.7,0.0
2025-01-18T10:00:00+00:00,AWS-MUM-102,30.3,1012.5,33.0,False,,low,1.0,NORMAL,29.2,1013.3,36.0,HEALTHY,replay,1.6,0.0
2025-01-18T11:00:00+00:00,AWS-MUM-102,32.3,1011.9,27.0,False,,low,2.0,NORMAL,31.4,1012.6,31.0,HEALTHY,replay,3.3,0.0
2025-01-18T12:00:00+00:00,AWS-MUM-102,33.9,1010.4,22.0,False,,low,3.7,NORMAL,32.9,1011.2,26.0,HEALTHY,replay,6.2,0.0
2025-01-18T13:00:00+00:00,AWS-MUM-102,34.7,1008.9,20.0,False,,low,3.6,NORMAL,33.9,1009.7,22.0,HEALTHY,replay,6.0,0.0
2025-01-18T14:00:00+00:00,AWS-MUM-102,35.2,1007.6,19.0,False,,low,4.2,NORMAL,34.2,1008.5,19.0,HEALTHY,replay,7.0,0.0
2025-01-18T15:00:00+00:00,AWS-MUM-102,35.3,1007.0,18.0,False,,low,1.4,NORMAL,34.3,1007.9,17.0,HEALTHY,replay,2.4,0.0
2025-01-18T16:00:00+00:00,AWS-MUM-102,35.0,1006.9,18.0,False,,low,1.8,NORMAL,33.9,1007.8,16.0,HEALTHY,replay,2.9,0.0
2025-01-18T17:00:00+00:00,AWS-MUM-102,34.1,1007.3,18.0,False,,low,1.7,NORMAL,33.3,1008.1,17.0,HEALTHY,replay,2.9,0.0
2025-01-18T18:00:00+00:00,AWS-MUM-102,31.2,1008.3,22.0,False,,low,2.8,NORMAL,30.7,1009.2,23.0,HEALTHY,replay,4.7,0.0
2025-01-18T19:00:00+00:00,AWS-MUM-102,29.9,1009.2,25.0,False,,low,2.4,NORMAL,27.5,1009.9,44.0,HEALTHY,replay,3.9,0.0
2025-01-18T20:00:00+00:00,AWS-MUM-102,28.0,1010.1,39.0,False,,low,8.2,NORMAL,26.2,1010.6,48.0,HEALTHY,replay,13.7,0.0
2025-01-18T21:00:00+00:00,AWS-MUM-102,26.9,1010.9,43.0,False,,low,1.5,NORMAL,25.8,1011.2,51.0,HEALTHY,replay,2.6,0.0
2025-01-18T22:00:00+00:00,AWS-MUM-102,26.3,1011.2,46.0,False,,low,0.4,NORMAL,24.5,1011.8,56.0,HEALTHY,replay,0.7,0.0
2025-01-18T23:00:00+00:00,AWS-MUM-102,25.5,1011.0,50.0,False,,low,0.1,NORMAL,23.8,1011.6,59.0,HEALTHY,replay,0.2,0.0
2025-01-19T00:00:00+00:00,AWS-MUM-102,24.4,1010.8,54.0,False,,low,0.1,NORMAL,23.4,1011.4,57.0,HEALTHY,replay,0.2,0.0
2025-01-19T01:00:00+00:00,AWS-MUM-102,23.5,1010.6,56.0,False,,low,0.1,NORMAL,22.8,1011.2,57.0,HEALTHY,replay,0.1,0.0
2025-01-19T02:00:00+00:00,AWS-MUM-102,22.7,1009.9,58.0,False,,low,0.1,NORMAL,22.1,1010.6,56.0,HEALTHY,replay,0.1,0.0
2026-09-22T08:30:00+00:00,AWS-MUM-102,28.6,1006.4,81.0,False,,low,0.0,NORMAL,29.9,1006.8,76.0,HEALTHY,live,,0.0
2025-01-01T00:00:00+00:00,AWS-MUM-102,26.1,1012.9,67.0,False,,low,0.0,NORMAL,25.1,1013.4,73.0,HEALTHY,replay,,0.0
2025-01-01T01:00:00+00:00,AWS-MUM-102,25.4,1012.3,70.0,False,,low,0.0,NORMAL,24.6,1012.9,74.0,HEALTHY,replay,,0.0
2025-01-01T02:00:00+00:00,AWS-MUM-102,24.8,1011.8,71.0,False,,low,0.0,NORMAL,24.4,1012.3,73.0,HEALTHY,replay,,0.0
2025-01-01T03:00:00+00:00,AWS-MUM-102,24.6,1011.3,70.0,False,,low,0.0,NORMAL,23.9,1011.8,74.0,HEALTHY,replay,,0.0
2025-01-01T04:00:00+00:00,AWS-MUM-102,24.0,1011.1,72.0,False,,low,0.0,NORMAL,23.0,1011.6,77.0,HEALTHY,replay,,0.0
2025-01-01T05:00:00+00:00,AWS-MUM-102,23.2,1011.3,75.0,False,,low,0.0,NORMAL,22.2,1011.9,81.0,HEALTHY,replay,,0.0
2025-01-01T06:00:00+00:00,AWS-MUM-102,22.7,1011.7,79.0,False,,low,0.0,NORMAL,21.2,1012.5,87.0,HEALTHY,replay,,0.0
2025-01-01T07:00:00+00:00,AWS-MUM-102,22.5,1012.3,78.0,False,,low,0.0,NORMAL,20.9,1013.0,86.0,HEALTHY,replay,,0.0
2025-01-01T08:00:00+00:00,AWS-MUM-102,24.2,1013.3,70.0,False,,low,0.0,NORMAL,22.2,1013.9,76.0,HEALTHY,replay,,0.0
2025-01-01T09:00:00+00:00,AWS-MUM-102,27.1,1014.0,57.0,False,,low,0.0,NORMAL,25.0,1014.6,62.0,HEALTHY,replay,,0.0
2025-01-01T10:00:00+00:00,AWS-MUM-102,29.9,1014.0,47.0,False,,low,0.0,NORMAL,28.0,1014.7,51.0,HEALTHY,replay,,0.0
2025-01-01T11:00:00+00:00,AWS-MUM-102,32.0,1013.5,38.0,False,,low,0.0,NORMAL,30.4,1014.2,43.0,HEALTHY,replay,,0.0
2025-01-01T12:00:00+00:00,AWS-MUM-102,33.4,1012.5,33.0,False,,low,0.0,NORMAL,32.1,1013.3,38.0,HEALTHY,replay,,0.0
2025-01-01T13:00:00+00:00,AWS-MUM-102,34.3,1011.0,30.0,False,,low,0.0,NORMAL,33.0,1011.7,33.0,HEALTHY,replay,,0.0
2025-01-01T14:00:00+00:00,AWS-MUM-102,34.9,1009.8,27.0,False,,low,0.0,NORMAL,33.4,1010.7,32.0,HEALTHY,replay,,0.0
2025-01-01T15:00:00+00:00,AWS-MUM-102,34.9,1009.0,27.0,False,,low,0.0,NORMAL,33.6,1009.8,31.0,HEALTHY,replay,,0.0
2025-01-01T16:00:00+00:00,AWS-MUM-102,33.7,1008.8,31.0,False,,low,0.0,NORMAL,33.0,1009.6,33.0,HEALTHY,replay,,0.0
2025-01-01T17:00:00+00:00,AWS-MUM-102,30.9,1009.2,44.0,False,,low,0.0,NORMAL,30.5,1009.8,47.0,HEALTHY,replay,,0.0
2025-01-01T18:00:00+00:00,AWS-MUM-102,28.8,1010.0,54.0,False,,low,0.0,NORMAL,28.1,1010.5,59.0,HEALTHY,replay,,0.0
2025-01-01T19:00:00+00:00,AWS-MUM-102,28.0,1010.8,58.0,False,,low,0.0,NORMAL,27.2,1011.2,60.0,HEALTHY,replay,,0.0
2025-01-01T20:00:00+00:00,AWS-MUM-102,27.6,1011.8,59.0,False,,low,0.0,NORMAL,26.9,1012.2,60.0,HEALTHY,replay,,0.0
2025-01-01T21:00:00+00:00,AWS-MUM-102,27.3,1012.6,58.0,False,,low,0.0,NORMAL,26.5,1012.8,60.0,HEALTHY,replay,,0.0
2025-01-01T22:00:00+00:00,AWS-MUM-102,26.7,1012.9,60.0,False,,low,0.0,NORMAL,25.9,1013.2,62.0,HEALTHY,replay,,0.0
2025-01-01T23:00:00+00:00,AWS-MUM-102,26.0,1012.8,63.0,False,,low,0.0,NORMAL,25.2,1013.1,68.0,HEALTHY,replay,,0.0
2025-01-02T00:00:00+00:00,AWS-MUM-102,24.8,1012.5,69.0,False,,low,0.1,NORMAL,24.0,1012.8,73.0,HEALTHY,replay,0.2,0.0
2025-01-02T01:00:00+00:00,AWS-MUM-102,23.9,1012.0,74.0,False,,low,0.2,NORMAL,23.2,1012.5,78.0,HEALTHY,replay,0.3,0.0
2025-01-02T02:00:00+00:00,AWS-MUM-102,23.7,1011.6,75.0,False,,low,0.1,NORMAL,22.5,1012.2,83.0,HEALTHY,replay,0.2,0.0
2025-01-02T03:00:00+00:00,AWS-MUM-102,23.2,1011.2,77.0,False,,low,0.1,NORMAL,21.7,1011.8,86.0,HEALTHY,replay,0.2,0.0
2025-01-02T04:00:00+00:00,AWS-MUM-102,22.7,1010.8,79.0,False,,low,0.1,NORMAL,21.1,1011.6,88.0,HEALTHY,replay,0.2,0.0
2025-01-02T05:00:00+00:00,AWS-MUM-102,22.4,1010.9,80.0,False,,low,0.2,NORMAL,20.5,1011.7,91.0,HEALTHY,replay,0.3,0.0
2025-01-02T06:00:00+00:00,AWS-MUM-102,21.8,1011.5,81.0,False,,low,0.2,NORMAL,20.0,1012.2,92.0,HEALTHY,replay,0.3,0.0
2025-01-02T07:00:00+00:00,AWS-MUM-102,21.8,1012.0,80.0,False,,low,0.2,NORMAL,19.8,1012.8,93.0,HEALTHY,replay,0.3,0.0
2025-01-02T08:00:00+00:00,AWS-MUM-102,23.5,1013.0,70.0,False,,low,0.6,NORMAL,21.2,1013.7,82.0,HEALTHY,replay,1.0,0.0
2025-01-02T09:00:00+00:00,AWS-MUM-102,26.5,1013.8,56.0,False,,low,1.9,NORMAL,24.0,1014.4,68.0,HEALTHY,replay,3.2,0.0
2025-01-02T10:00:00+00:00,AWS-MUM-102,29.4,1013.9,46.0,False,,low,1.8,NORMAL,27.2,1014.5,54.0,HEALTHY,replay,3.0,0.0
2025-01-02T11:00:00+00:00,AWS-MUM-102,31.6,1013.2,37.0,False,,low,2.7,NORMAL,29.9,1013.8,43.0,HEALTHY,replay,4.5,0.0
2025-01-02T12:00:00+00:00,AWS-MUM-102,33.2,1012.2,30.0,False,,low,4.0,NORMAL,32.1,1012.9,35.0,HEALTHY,replay,6.7,0.0
2025-01-02T13:00:00+00:00,AWS-MUM-102,34.4,1010.8,26.0,False,,low,4.8,NORMAL,33.1,1011.6,30.0,HEALTHY,replay,8.0,0.0
2025-01-02T14:00:00+00:00,AWS-MUM-102,35.3,1009.7,24.0,False,,low,4.2,NORMAL,33.8,1010.6,27.0,HEALTHY,replay,7.0,0.0
2025-01-02T15:00:00+00:00,AWS-MUM-102,35.5,1009.1,24.0,False,,low,1.1,NORMAL,34.1,1010.0,27.0,HEALTHY,replay,1.8,0.0
2025-01-02T16:00:00+00:00,AWS-MUM-102,35.0,1008.9,25.0,False,,low,0.6,NORMAL,33.9,1009.9,27.0,HEALTHY,replay,1.0,0.0
2025-01-02T17:00:00+00:00,AWS-MUM-102,33.5,1009.2,27.0,False,,low,1.2,NORMAL,31.7,1010.2,36.0,HEALTHY,replay,2.1,0.0
2025-01-02T18:00:00+00:00,AWS-MUM-102,31.1,1010.0,35.0,False,,low,2.2,NORMAL,28.9,1010.7,48.0,HEALTHY,replay,3.6,0.0
2025-01-02T19:00:00+00:00,AWS-MUM-102,29.1,1011.0,47.0,False,,low,3.9,NORMAL,27.6,1011.6,51.0,HEALTHY,replay,6.5,0.0
2025-01-02T20:00:00+00:00,AWS-MUM-102,28.2,1012.0,50.0,False,,low,0.8,NORMAL,27.3,1012.4,52.0,HEALTHY,replay,1.4,0.0
2025-01-02T21:00:00+00:00,AWS-MUM-102,27.4,1012.5,53.0,False,,low,0.4,NORMAL,26.7,1012.9,57.0,HEALTHY,replay,0.7,0.0
2025-01-02T22:00:00+00:00,AWS-MUM-102,26.3,1012.8,58.0,False,,low,0.4,NORMAL,25.9,1013.1,59.0,HEALTHY,replay,0.6,0.0
2025-01-02T23:00:00+00:00,AWS-MUM-102,25.2,1012.7,63.0,False,,low,0.2,NORMAL,24.5,1013.2,65.0,HEALTHY,replay,0.3,0.0
2025-01-03T00:00:00+00:00,AWS-MUM-102,24.6,1012.5,65.0,False,,low,0.1,NORMAL,22.6,1013.1,73.46,HEALTHY,replay,0.2,0.0
2025-01-03T01:00:00+00:00,AWS-MUM-102,23.5,1012.0,70.0,False,,low,0.2,NORMAL,21.6,1012.6,76.55,HEALTHY,replay,0.3,0.0
2025-01-03T02:00:00+00:00,AWS-MUM-102,22.8,1011.3,72.0,False,,low,0.1,NORMAL,21.0,1012.1,76.0,HEALTHY,replay,0.2,0.0
2025-01-03T03:00:00+00:00,AWS-MUM-102,22.2,1011.0,73.0,False,,low,0.1,NORMAL,20.4,1011.8,79.0,HEALTHY,replay,0.2,0.0
2025-01-03T04:00:00+00:00,AWS-MUM-102,21.7,1011.0,73.0,False,,low,0.1,NORMAL,19.9,1011.7,79.0,HEALTHY,replay,0.2,0.0
2025-01-03T05:00:00+00:00,AWS-MUM-102,21.1,1011.3,72.0,False,,low,0.1,NORMAL,19.7,1011.8,77.0,HEALTHY,replay,0.2,0.0
2025-01-03T06:00:00+00:00,AWS-MUM-102,20.7,1012.3,67.0,False,,low,0.5,NORMAL,19.9,1012.9,76.0,HEALTHY,replay,0.8,0.0
2025-01-03T07:00:00+00:00,AWS-MUM-102,20.7,1013.0,66.0,False,,low,0.3,NORMAL,19.5,1013.7,77.0,HEALTHY,replay,0.5,0.0
2025-01-03T08:00:00+00:00,AWS-MUM-102,23.4,1013.7,58.0,False,,low,0.5,NORMAL,20.8,1014.5,72.0,HEALTHY,replay,0.8,0.0
2025-01-03T09:00:00+00:00,AWS-MUM-102,27.3,1014.3,43.0,False,,low,5.9,NORMAL,23.6,1015.1,61.0,HEALTHY,replay,9.9,0.0
2025-01-03T10:00:00+00:00,AWS-MUM-102,30.3,1014.3,32.0,False,,low,14.3,NORMAL,27.2,1015.0,48.0,HEALTHY,replay,23.8,0.0
2025-01-03T11:00:00+00:00,AWS-MUM-102,32.3,1013.5,27.0,False,,low,4.6,NORMAL,30.3,1014.2,35.0,HEALTHY,replay,7.6,0.0
2025-01-03T12:00:00+00:00,AWS-MUM-102,33.9,1012.5,23.0,False,,low,2.9,NORMAL,32.1,1013.3,29.0,HEALTHY,replay,4.9,0.0
2025-01-03T13:00:00+00:00,AWS-MUM-102,34.9,1010.9,19.0,False,,low,4.8,NORMAL,33.4,1011.7,25.0,HEALTHY,replay,8.0,0.0
2025-01-03T14:00:00+00:00,AWS-MUM-102,35.6,1009.9,18.0,False,,low,4.9,NORMAL,33.8,1010.7,23.0,HEALTHY,replay,8.2,0.0
2025-01-03T15:00:00+00:00,AWS-MUM-102,35.8,1009.2,18.0,False,,low,2.2,NORMAL,34.1,1010.0,22.0,HEALTHY,replay,3.7,0.0
2025-01-03T16:00:00+00:00,AWS-MUM-102,34.8,1008.9,20.0,False,,low,1.4,NORMAL,33.9,1009.7,22.0,HEALTHY,replay,2.4,0.0
2025-01-03T17:00:00+00:00,AWS-MUM-102,33.1,1009.0,25.0,False,,low,1.0,NORMAL,32.3,1009.8,25.0,HEALTHY,replay,1.7,0.0
2025-01-03T18:00:00+00:00,AWS-MUM-102,31.4,1009.5,24.0,False,,low,0.8,NORMAL,30.5,1010.1,28.0,HEALTHY,replay,1.4,0.0
2025-01-03T19:00:00+00:00,AWS-MUM-102,29.4,1010.3,35.0,False,,low,3.3,NORMAL,27.0,1011.1,51.0,HEALTHY,replay,5.6,0.0
2025-01-03T20:00:00+00:00,AWS-MUM-102,27.6,1011.1,46.0,False,,low,2.8,NORMAL,26.0,1011.7,55.0,HEALTHY,replay,4.7,0.0
2025-01-03T21:00:00+00:00,AWS-MUM-102,26.5,1011.3,50.0,False,,low,0.6,NORMAL,25.4,1011.8,54.0,HEALTHY,replay,1.1,0.0
2025-01-03T22:00:00+00:00,AWS-MUM-102,25.6,1011.5,53.0,False,,low,0.4,NORMAL,24.1,1012.0,55.0,HEALTHY,replay,0.7,0.0
2025-01-03T23:00:00+00:00,AWS-MUM-102,24.4,1011.2,56.0,False,,low,0.3,NORMAL,22.7,1011.7,60.0,HEALTHY,replay,0.5,0.0
2025-01-04T00:00:00+00:00,AWS-MUM-102,23.1,1010.8,60.0,False,,low,0.3,NORMAL,21.7,1011.3,63.0,HEALTHY,replay,0.5,0.0
2025-01-04T01:00:00+00:00,AWS-MUM-102,21.8,1010.4,66.0,False,,low,0.3,NORMAL,21.0,1011.0,62.0,HEALTHY,replay,0.4,0.0
2025-01-04T02:00:00+00:00,AWS-MUM-102,20.8,1010.0,71.0,False,,low,0.3,NORMAL,20.2,1010.6,63.0,HEALTHY,replay,0.5,0.0
2025-01-04T03:00:00+00:00,AWS-MUM-102,20.1,1009.6,73.0,False,,low,0.2,NORMAL,19.5,1010.2,65.0,HEALTHY,replay,0.3,0.0
2025-01-04T04:00:00+00:00,AWS-MUM-102,19.7,1009.8,72.0,False,,low,0.2,NORMAL,18.7,1010.5,68.0,HEALTHY,replay,0.3,0.0
2025-01-04T05:00:00+00:00,AWS-MUM-102,19.4,1010.0,70.0,False,,low,0.3,NORMAL,18.0,1010.7,70.0,HEALTHY,replay,0.5,0.0
2025-01-04T06:00:00+00:00,AWS-MUM-102,19.9,1010.9,55.0,False,,low,4.9,NORMAL,17.7,1011.7,72.0,HEALTHY,replay,8.2,0.0
2025-01-04T07:00:00+00:00,AWS-MUM-102,19.9,1011.5,51.0,False,,low,1.1,NORMAL,17.4,1012.3,71.0,HEALTHY,replay,1.9,0.0
2025-01-04T08:00:00+00:00,AWS-MUM-102,22.7,1011.9,41.0,False,,low,5.8,NORMAL,18.6,1012.9,68.0,HEALTHY,replay,9.7,0.0
2025-01-04T09:00:00+00:00,AWS-MUM-102,27.1,1012.7,31.0,False,,low,13.6,NORMAL,21.7,1013.5,55.0,HEALTHY,replay,22.7,0.0
2025-01-04T10:00:00+00:00,AWS-MUM-102,30.4,1012.7,23.0,False,,low,22.4,NORMAL,25.7,1013.4,40.0,HEALTHY,replay,37.4,0.0
2025-01-04T11:00:00+00:00,AWS-MUM-102,32.2,1012.0,19.0,False,,low,12.0,NORMAL,29.4,1012.7,27.0,HEALTHY,replay,20.0,0.0
2025-01-04T12:00:00+00:00,AWS-MUM-102,33.4,1010.8,17.0,False,,low,6.9,NORMAL,31.7,1011.5,21.0,HEALTHY,replay,11.6,0.0
2025-01-04T13:00:00+00:00,AWS-MUM-102,34.4,1009.5,15.0,False,,low,15.5,NORMAL,32.9,1010.2,19.0,HEALTHY,replay,25.8,0.0
2025-01-04T14:00:00+00:00,AWS-MUM-102,34.9,1008.6,15.0,False,,low,8.7,NORMAL,33.7,1009.2,18.0,HEALTHY,replay,14.6,0.0
2025-01-04T15:00:00+00:00,AWS-MUM-102,33.4,1008.1,22.0,False,,low,4.2,NORMAL,33.9,1008.6,17.0,HEALTHY,replay,7.0,0.0
2025-01-04T16:00:00+00:00,AWS-MUM-102,31.2,1008.3,27.0,False,,low,5.3,NORMAL,32.0,1008.7,25.0,HEALTHY,replay,8.8,0.0
2025-01-04T17:00:00+00:00,AWS-MUM-102,29.8,1008.7,27.0,False,,low,1.4,NORMAL,29.3,1009.2,34.0,HEALTHY,replay,2.3,0.0
2025-01-04T18:00:00+00:00,AWS-MUM-102,28.4,1009.5,33.0,False,,low,1.6,NORMAL,26.9,1009.9,45.0,HEALTHY,replay,2.7,0.0
2025-01-04T19:00:00+00:00,AWS-MUM-102,26.7,1010.4,43.0,False,,low,5.6,NORMAL,25.7,1010.8,53.0,HEALTHY,replay,9.4,0.0
2025-01-04T20:00:00+00:00,AWS-MUM-102,25.8,1011.2,46.0,False,,low,1.8,NORMAL,24.9,1011.6,60.0,HEALTHY,replay,3.0,0.0
2025-01-04T21:00:00+00:00,AWS-MUM-102,24.9,1011.5,45.0,False,,low,0.4,NORMAL,24.0,1012.0,58.0,HEALTHY,replay,0.7,0.0
2025-01-04T22:00:00+00:00,AWS-MUM-102,23.7,1011.5,49.0,False,,low,0.2,NORMAL,23.0,1012.0,62.0,HEALTHY,replay,0.3,0.0
2025-01-04T23:00:00+00:00,AWS-MUM-102,22.9,1011.0,53.0,False,,low,0.2,NORMAL,22.5,1011.6,68.0,HEALTHY,replay,0.3,0.0
2025-01-05T00:00:00+00:00,AWS-MUM-102,22.3,1010.7,57.0,False,,low,0.2,NORMAL,21.2,1011.3,78.0,HEALTHY,replay,0.3,0.0
2025-01-05T01:00:00+00:00,AWS-MUM-102,21.8,1010.2,63.0,False,,low,0.1,NORMAL,20.4,1010.7,85.0,HEALTHY,replay,0.2,0.0
2025-01-05T02:00:00+00:00,AWS-MUM-102,21.2,1009.9,68.0,False,,low,0.2,NORMAL,19.7,1010.4,87.0,HEALTHY,replay,0.3,0.0
2025-01-05T03:00:00+00:00,AWS-MUM-102,20.6,1009.3,72.0,False,,low,0.3,NORMAL,19.0,1009.9,85.0,HEALTHY,replay,0.5,0.0
2025-01-05T04:00:00+00:00,AWS-MUM-102,19.9,1009.5,76.0,False,,low,0.2,NORMAL,18.7,1010.1,81.0,HEALTHY,replay,0.4,0.0
2025-01-05T05:00:00+00:00,AWS-MUM-102,19.4,1009.8,78.0,False,,low,0.2,NORMAL,18.4,1010.4,80.0,HEALTHY,replay,0.3,0.0
2025-01-05T06:00:00+00:00,AWS-MUM-102,20.5,1010.3,72.0,False,,low,0.6,NORMAL,19.3,1010.9,73.0,HEALTHY,replay,1.1,0.0
2025-01-05T07:00:00+00:00,AWS-MUM-102,20.4,1011.0,75.0,False,,low,0.4,NORMAL,19.2,1011.6,73.0,HEALTHY,replay,0.6,0.0
2025-01-05T08:00:00+00:00,AWS-MUM-102,22.0,1012.0,68.0,False,,low,1.1,NORMAL,20.4,1012.5,70.0,HEALTHY,replay,1.9,0.0
2025-01-05T09:00:00+00:00,AWS-MUM-102,25.1,1012.4,53.0,False,,low,3.7,NORMAL,23.0,1013.0,62.0,HEALTHY,replay,6.1,0.0
2025-01-05T10:00:00+00:00,AWS-MUM-102,27.7,1012.4,42.0,False,,low,11.2,NORMAL,25.7,1013.0,49.0,HEALTHY,replay,18.7,0.0
2025-01-05T11:00:00+00:00,AWS-MUM-102,29.4,1011.8,37.0,False,,low,7.1,NORMAL,27.6,1012.3,41.0,HEALTHY,replay,11.8,0.0
2025-01-05T12:00:00+00:00,AWS-MUM-102,31.4,1010.7,30.0,False,,low,7.7,NORMAL,29.0,1011.3,38.0,HEALTHY,replay,12.9,0.0
2025-01-05T13:00:00+00:00,AWS-MUM-102,32.3,1009.5,27.0,False,,low,7.9,NORMAL,31.4,1010.1,30.0,HEALTHY,replay,13.2,0.0
2025-01-05T14:00:00+00:00,AWS-MUM-102,32.6,1008.5,26.0,False,,low,5.8,NORMAL,31.7,1009.2,29.0,HEALTHY,replay,9.6,0.0
2025-01-05T15:00:00+00:00,AWS-MUM-102,32.3,1008.0,29.0,False,,low,1.5,NORMAL,31.5,1008.6,30.0,HEALTHY,replay,2.5,0.0
2025-01-05T16:00:00+00:00,AWS-MUM-102,30.9,1008.0,36.0,False,,low,1.6,NORMAL,30.1,1008.5,40.0,HEALTHY,replay,2.7,0.0
2025-01-05T17:00:00+00:00,AWS-MUM-102,28.8,1008.4,51.0,False,,low,5.9,NORMAL,27.4,1009.0,58.0,HEALTHY,replay,9.8,0.0
2025-01-05T18:00:00+00:00,AWS-MUM-102,26.7,1009.3,61.0,False,,low,7.2,NORMAL,25.8,1009.8,62.0,HEALTHY,replay,12.0,0.0
2025-01-05T19:00:00+00:00,AWS-MUM-102,26.0,1010.4,63.0,False,,low,2.0,NORMAL,24.9,1010.8,65.0,HEALTHY,replay,3.3,0.0
2025-01-05T20:00:00+00:00,AWS-MUM-102,25.8,1011.2,62.0,False,,low,0.5,NORMAL,24.3,1011.5,67.0,HEALTHY,replay,0.8,0.0
2025-01-05T21:00:00+00:00,AWS-MUM-102,25.2,1011.8,64.0,False,,low,0.3,NORMAL,24.3,1012.3,68.0,HEALTHY,replay,0.6,0.0
2025-01-05T22:00:00+00:00,AWS-MUM-102,24.7,1012.0,65.0,False,,low,0.3,NORMAL,24.1,1012.4,65.0,HEALTHY,replay,0.4,0.0
2025-01-05T23:00:00+00:00,AWS-MUM-102,24.7,1011.5,61.0,False,,low,0.3,NORMAL,23.6,1012.0,64.0,HEALTHY,replay,0.5,0.0
2025-01-06T00:00:00+00:00,AWS-MUM-102,24.0,1011.2,61.0,False,,low,0.2,NORMAL,22.7,1011.6,65.0,HEALTHY,replay,0.3,0.0
2025-01-06T01:00:00+00:00,AWS-MUM-102,22.7,1010.7,64.0,False,,low,0.1,NORMAL,21.5,1011.3,70.0,HEALTHY,replay,0.2,0.0
2025-01-06T02:00:00+00:00,AWS-MUM-102,21.8,1010.3,66.0,False,,low,0.1,NORMAL,20.7,1010.9,73.0,HEALTHY,replay,0.1,0.0
2025-01-06T03:00:00+00:00,AWS-MUM-102,21.2,1009.9,68.0,False,,low,0.1,NORMAL,20.0,1010.5,79.0,HEALTHY,replay,0.1,0.0
2025-01-06T04:00:00+00:00,AWS-MUM-102,20.6,1009.8,71.0,False,,low,0.1,NORMAL,19.5,1010.4,78.0,HEALTHY,replay,0.1,0.0
2025-01-06T05:00:00+00:00,AWS-MUM-102,20.2,1010.0,73.0,False,,low,0.1,NORMAL,19.1,1010.7,77.0,HEALTHY,replay,0.2,0.0
2025-01-06T06:00:00+00:00,AWS-MUM-102,19.7,1010.7,76.0,False,,low,0.1,NORMAL,18.3,1011.4,80.0,HEALTHY,replay,0.2,0.0
2025-01-06T07:00:00+00:00,AWS-MUM-102,19.4,1011.4,76.0,False,,low,0.1,NORMAL,18.3,1012.0,80.0,HEALTHY,replay,0.2,0.0
2025-01-06T08:00:00+00:00,AWS-MUM-102,20.7,1012.2,70.0,False,,low,0.3,NORMAL,19.8,1012.8,74.0,HEALTHY,replay,0.4,0.0
2025-01-06T09:00:00+00:00,AWS-MUM-102,23.0,1012.9,60.0,False,,low,0.6,NORMAL,22.5,1013.6,61.0,HEALTHY,replay,1.0,0.0
2025-01-06T10:00:00+00:00,AWS-MUM-102,25.3,1013.0,51.0,False,,low,0.8,NORMAL,25.1,1013.5,51.0,HEALTHY,replay,1.3,0.0
2025-01-06T11:00:00+00:00,AWS-MUM-102,27.8,1012.3,42.0,False,,low,1.1,NORMAL,27.3,1012.8,42.0,HEALTHY,replay,1.8,0.0
2025-01-06T12:00:00+00:00,AWS-MUM-102,29.9,1011.2,34.0,False,,low,3.3,NORMAL,29.3,1011.7,35.0,HEALTHY,replay,5.6,0.0
2025-01-06T13:00:00+00:00,AWS-MUM-102,31.4,1009.9,29.0,False,,low,2.6,NORMAL,30.5,1010.5,32.0,HEALTHY,replay,4.3,0.0
2025-01-06T14:00:00+00:00,AWS-MUM-102,32.4,1009.0,26.0,False,,low,2.0,NORMAL,31.0,1009.8,29.0,HEALTHY,replay,3.4,0.0
2025-01-06T15:00:00+00:00,AWS-MUM-102,32.6,1008.3,25.0,False,,low,1.0,NORMAL,30.9,1009.1,28.0,HEALTHY,replay,1.7,0.0
2025-01-06T16:00:00+00:00,AWS-MUM-102,31.8,1008.2,25.0,False,,low,0.8,NORMAL,30.3,1009.0,29.0,HEALTHY,replay,1.3,0.0
2025-01-06T17:00:00+00:00,AWS-MUM-102,30.2,1008.5,29.0,False,,low,0.7,NORMAL,28.8,1009.2,34.0,HEALTHY,replay,1.2,0.0
2025-01-06T18:00:00+00:00,AWS-MUM-102,27.7,1009.1,39.0,False,,low,2.4,NORMAL,26.0,1009.8,47.0,HEALTHY,replay,4.0,0.0
2025-01-06T19:00:00+00:00,AWS-MUM-102,25.8,1010.2,49.0,False,,low,1.9,NORMAL,24.1,1010.8,56.0,HEALTHY,replay,3.1,0.0
2025-01-06T20:00:00+00:00,AWS-MUM-102,24.7,1011.3,52.0,False,,low,1.0,NORMAL,23.0,1011.8,59.0,HEALTHY,replay,1.6,0.0
2025-01-06T21:00:00+00:00,AWS-MUM-102,23.7,1011.8,55.0,False,,low,0.4,NORMAL,22.5,1012.4,59.0,HEALTHY,replay,0.7,0.0
2025-01-06T22:00:00+00:00,AWS-MUM-102,22.8,1012.1,57.0,False,,low,0.3,NORMAL,21.6,1012.7,62.0,HEALTHY,replay,0.5,0.0
2025-01-06T23:00:00+00:00,AWS-MUM-102,21.8,1011.9,60.0,False,,low,0.2,NORMAL,21.0,1012.3,62.0,HEALTHY,replay,0.3,0.0
2025-01-07T00:00:00+00:00,AWS-MUM-102,21.0,1011.5,63.0,False,,low,0.1,NORMAL,20.4,1011.9,59.0,HEALTHY,replay,0.2,0.0
2025-01-07T01:00:00+00:00,AWS-MUM-102,20.4,1011.1,63.0,False,,low,0.1,NORMAL,20.0,1011.6,60.0,HEALTHY,replay,0.2,0.0
2025-01-07T02:00:00+00:00,AWS-MUM-102,19.5,1010.7,66.0,False,,low,0.1,NORMAL,19.5,1011.2,60.0,HEALTHY,replay,0.1,0.0
2025-01-07T03:00:00+00:00,AWS-MUM-102,19.1,1010.5,67.0,False,,low,0.1,NORMAL,18.9,1011.2,63.0,HEALTHY,replay,0.1,0.0
2025-01-07T04:00:00+00:00,AWS-MUM-102,18.9,1010.4,66.0,False,,low,0.1,NORMAL,18.2,1011.0,66.0,HEALTHY,replay,0.2,0.0
2025-01-07T05:00:00+00:00,AWS-MUM-102,18.8,1010.7,65.0,False,,low,0.1,NORMAL,17.7,1011.3,70.0,HEALTHY,replay,0.2,0.0
2025-01-07T06:00:00+00:00,AWS-MUM-102,18.7,1011.3,68.0,False,,low,0.2,NORMAL,17.3,1012.0,76.0,HEALTHY,replay,0.3,0.0
2025-01-07T07:00:00+00:00,AWS-MUM-102,18.6,1011.8,70.0,False,,low,0.1,NORMAL,17.1,1012.5,79.0,HEALTHY,replay,0.2,0.0
2025-01-07T08:00:00+00:00,AWS-MUM-102,20.4,1012.7,65.0,False,,low,0.3,NORMAL,18.6,1013.4,75.0,HEALTHY,replay,0.4,0.0
2025-01-07T09:00:00+00:00,AWS-MUM-102,23.6,1013.0,54.0,False,,low,0.6,NORMAL,21.7,1013.8,61.0,HEALTHY,replay,1.1,0.0
2025-01-07T10:00:00+00:00,AWS-MUM-102,26.8,1013.0,45.0,False,,low,1.3,NORMAL,25.3,1013.7,50.0,HEALTHY,replay,2.2,0.0
2025-01-07T11:00:00+00:00,AWS-MUM-102,29.6,1012.2,37.0,False,,low,1.9,NORMAL,28.3,1012.9,41.0,HEALTHY,replay,3.1,0.0
2025-01-07T12:00:00+00:00,AWS-MUM-102,31.7,1010.8,32.0,False,,low,3.6,NORMAL,30.6,1011.5,35.0,HEALTHY,replay,6.0,0.0
2025-01-07T13:00:00+00:00,AWS-MUM-102,33.1,1009.2,28.0,False,,low,7.0,NORMAL,32.0,1010.0,30.0,HEALTHY,replay,11.7,0.0
2025-01-07T14:00:00+00:00,AWS-MUM-102,33.8,1008.2,25.0,False,,low,4.2,NORMAL,32.8,1008.9,26.0,HEALTHY,replay,7.0,0.0
2025-01-07T15:00:00+00:00,AWS-MUM-102,34.0,1007.4,24.0,False,,low,3.5,NORMAL,32.9,1008.2,24.0,HEALTHY,replay,5.9,0.0
2025-01-07T16:00:00+00:00,AWS-MUM-102,33.4,1007.2,23.0,False,,low,2.1,NORMAL,32.6,1008.0,24.0,HEALTHY,replay,3.5,0.0
2025-01-07T17:00:00+00:00,AWS-MUM-102,32.0,1007.5,26.0,False,,low,1.0,NORMAL,31.7,1008.2,26.0,HEALTHY,replay,1.7,0.0
2025-01-07T18:00:00+00:00,AWS-MUM-102,30.2,1008.2,29.0,False,,low,1.4,NORMAL,29.8,1008.8,33.0,HEALTHY,replay,2.3,0.0
2025-01-07T19:00:00+00:00,AWS-MUM-102,29.1,1009.0,31.0,False,,low,1.8,NORMAL,28.2,1009.7,36.0,HEALTHY,replay,3.0,0.0
2025-01-07T20:00:00+00:00,AWS-MUM-102,28.1,1009.8,34.0,False,,low,1.1,NORMAL,26.1,1010.7,47.0,HEALTHY,replay,1.8,0.0
2025-01-07T21:00:00+00:00,AWS-MUM-102,26.5,1010.3,43.0,False,,low,1.6,NORMAL,24.8,1011.1,51.0,HEALTHY,replay,2.6,0.0
2025-01-07T22:00:00+00:00,AWS-MUM-102,25.4,1010.2,48.0,False,,low,0.6,NORMAL,24.0,1010.9,54.0,HEALTHY,replay,1.1,0.0
2025-01-07T23:00:00+00:00,AWS-MUM-102,24.7,1010.1,51.0,False,,low,0.3,NORMAL,23.4,1010.8,58.0,HEALTHY,replay,0.5,0.0
2025-01-08T00:00:00+00:00,AWS-MUM-102,23.7,1010.0,55.0,False,,low,0.3,NORMAL,22.8,1010.7,61.0,HEALTHY,replay,0.4,0.0
2025-01-08T01:00:00+00:00,AWS-MUM-102,22.8,1009.6,59.0,False,,low,0.3,NORMAL,22.2,1010.4,64.0,HEALTHY,replay,0.6,0.0
2025-01-08T02:00:00+00:00,AWS-MUM-102,21.8,1009.0,64.0,False,,low,0.3,NORMAL,21.6,1009.7,66.0,HEALTHY,replay,0.4,0.0
2025-01-08T03:00:00+00:00,AWS-MUM-102,21.1,1008.6,67.0,False,,low,0.1,NORMAL,21.0,1009.4,69.0,HEALTHY,replay,0.2,0.0
2025-01-08T04:00:00+00:00,AWS-MUM-102,20.5,1008.5,70.0,False,,low,0.1,NORMAL,20.4,1009.3,71.0,HEALTHY,replay,0.2,0.0
2025-01-08T05:00:00+00:00,AWS-MUM-102,19.9,1008.9,72.0,False,,low,0.1,NORMAL,19.9,1009.7,73.0,HEALTHY,replay,0.2,0.0
2025-01-08T06:00:00+00:00,AWS-MUM-102,19.7,1009.8,70.0,False,,low,0.2,NORMAL,19.4,1010.6,75.0,HEALTHY,replay,0.3,0.0
2025-01-08T07:00:00+00:00,AWS-MUM-102,19.5,1010.7,71.0,False,,low,0.2,NORMAL,19.1,1011.5,76.0,HEALTHY,replay,0.3,0.0
2025-01-08T08:00:00+00:00,AWS-MUM-102,21.6,1011.9,62.0,False,,low,0.4,NORMAL,20.3,1012.6,70.0,HEALTHY,replay,0.7,0.0
2025-01-08T09:00:00+00:00,AWS-MUM-102,25.2,1012.6,50.0,False,,low,2.0,NORMAL,23.1,1013.3,59.0,HEALTHY,replay,3.4,0.0
2025-01-08T10:00:00+00:00,AWS-MUM-102,28.6,1012.6,39.0,False,,low,6.1,NORMAL,26.4,1013.3,47.0,HEALTHY,replay,10.1,0.0
2025-01-08T11:00:00+00:00,AWS-MUM-102,31.2,1011.9,33.0,False,,low,3.1,NORMAL,29.2,1012.5,38.0,HEALTHY,replay,5.1,0.0
2025-01-08T12:00:00+00:00,AWS-MUM-102,32.9,1010.6,25.0,False,,low,7.1,NORMAL,31.4,1011.4,32.0,HEALTHY,replay,11.8,0.0
2025-01-08T13:00:00+00:00,AWS-MUM-102,33.7,1009.4,23.0,False,,low,3.5,NORMAL,32.9,1010.1,26.0,HEALTHY,replay,5.9,0.0
2025-01-08T14:00:00+00:00,AWS-MUM-102,33.8,1008.5,24.0,False,,low,1.5,NORMAL,33.2,1009.1,25.0,HEALTHY,replay,2.5,0.0
2025-01-08T15:00:00+00:00,AWS-MUM-102,33.2,1007.9,28.0,False,,low,0.9,NORMAL,33.0,1008.5,26.0,HEALTHY,replay,1.4,0.0
2025-01-08T16:00:00+00:00,AWS-MUM-102,31.9,1007.8,32.0,False,,low,1.0,NORMAL,31.8,1008.4,31.0,HEALTHY,replay,1.6,0.0
2025-01-08T17:00:00+00:00,AWS-MUM-102,30.1,1008.1,38.0,False,,low,0.8,NORMAL,29.8,1008.7,41.0,HEALTHY,replay,1.4,0.0
2025-01-08T18:00:00+00:00,AWS-MUM-102,28.6,1008.7,46.0,False,,low,1.7,NORMAL,28.1,1009.2,47.0,HEALTHY,replay,2.9,0.0
2025-01-08T19:00:00+00:00,AWS-MUM-102,27.6,1009.5,50.0,False,,low,0.6,NORMAL,26.6,1010.0,54.0,HEALTHY,replay,1.0,0.0
2025-01-08T20:00:00+00:00,AWS-MUM-102,26.9,1010.3,50.0,False,,low,0.3,NORMAL,26.0,1010.7,53.0,HEALTHY,replay,0.4,0.0
2025-01-08T21:00:00+00:00,AWS-MUM-102,26.3,1010.6,51.0,False,,low,0.1,NORMAL,25.4,1011.1,50.0,HEALTHY,replay,0.2,0.0
2025-01-08T22:00:00+00:00,AWS-MUM-102,25.5,1010.8,49.0,False,,low,0.1,NORMAL,24.8,1011.2,47.0,HEALTHY,replay,0.2,0.0
2025-01-08T23:00:00+00:00,AWS-MUM-102,24.4,1010.6,49.0,False,,low,0.1,NORMAL,23.8,1011.1,47.0,HEALTHY,replay,0.2,0.0
2025-01-09T00:00:00+00:00,AWS-MUM-102,23.5,1010.4,50.0,False,,low,0.1,NORMAL,22.5,1010.9,54.0,HEALTHY,replay,0.2,0.0
2025-01-09T01:00:00+00:00,AWS-MUM-102,22.1,1009.8,56.0,False,,low,0.2,NORMAL,21.4,1010.6,59.0,HEALTHY,replay,0.3,0.0
2025-01-09T02:00:00+00:00,AWS-MUM-102,21.5,1009.5,57.0,False,,low,0.1,NORMAL,20.5,1010.3,63.0,HEALTHY,replay,0.1,0.0
2025-01-09T03:00:00+00:00,AWS-MUM-102,21.4,1009.3,55.0,False,,low,0.1,NORMAL,19.8,1010.0,65.0,HEALTHY,replay,0.1,0.0
2025-01-09T04:00:00+00:00,AWS-MUM-102,21.2,1009.1,55.0,False,,low,0.1,NORMAL,19.4,1009.9,68.0,HEALTHY,replay,0.1,0.0
2025-01-09T05:00:00+00:00,AWS-MUM-102,21.1,1009.3,54.0,False,,low,0.2,NORMAL,19.2,1010.2,69.0,HEALTHY,replay,0.3,0.0
2025-01-09T06:00:00+00:00,AWS-MUM-102,21.0,1010.4,54.0,False,,low,0.2,NORMAL,18.9,1011.3,69.0,HEALTHY,replay,0.3,0.0
2025-01-09T07:00:00+00:00,AWS-MUM-102,20.7,1011.0,54.0,False,,low,0.2,NORMAL,18.9,1011.9,65.0,HEALTHY,replay,0.3,0.0
2025-01-09T08:00:00+00:00,AWS-MUM-102,22.6,1011.8,48.0,False,,low,0.4,NORMAL,20.4,1012.7,59.0,HEALTHY,replay,0.6,0.0
2025-01-09T09:00:00+00:00,AWS-MUM-102,25.9,1012.5,39.0,False,,low,1.5,NORMAL,23.5,1013.3,49.0,HEALTHY,replay,2.6,0.0
2025-01-09T10:00:00+00:00,AWS-MUM-102,28.7,1012.5,32.0,False,,low,1.4,NORMAL,27.2,1013.3,37.0,HEALTHY,replay,2.4,0.0
2025-01-09T11:00:00+00:00,AWS-MUM-102,31.0,1011.8,28.0,False,,low,1.1,NORMAL,29.7,1012.5,31.0,HEALTHY,replay,1.9,0.0
2025-01-09T12:00:00+00:00,AWS-MUM-102,32.4,1010.6,24.0,False,,low,1.5,NORMAL,31.5,1011.3,27.0,HEALTHY,replay,2.4,0.0
2025-01-09T13:00:00+00:00,AWS-MUM-102,33.2,1009.5,23.0,False,,low,1.2,NORMAL,32.4,1010.2,24.0,HEALTHY,replay,2.0,0.0
2025-01-09T14:00:00+00:00,AWS-MUM-102,33.7,1008.4,22.0,False,,low,1.5,NORMAL,32.8,1009.1,23.0,HEALTHY,replay,2.6,0.0
2025-01-09T15:00:00+00:00,AWS-MUM-102,33.8,1007.8,22.0,False,,low,1.0,NORMAL,32.9,1008.4,23.0,HEALTHY,replay,1.7,0.0
2025-01-09T16:00:00+00:00,AWS-MUM-102,33.3,1007.8,23.0,False,,low,0.8,NORMAL,32.6,1008.4,23.0,HEALTHY,replay,1.3,0.0
2025-01-09T17:00:00+00:00,AWS-MUM-102,31.6,1008.4,28.0,False,,low,0.4,NORMAL,31.3,1009.0,26.0,HEALTHY,replay,0.7,0.0
2025-01-09T18:00:00+00:00,AWS-MUM-102,29.3,1009.7,34.0,False,,low,1.5,NORMAL,28.4,1010.2,34.0,HEALTHY,replay,2.6,0.0
2025-01-09T19:00:00+00:00,AWS-MUM-102,27.7,1010.6,39.0,False,,low,1.2,NORMAL,26.1,1011.0,51.0,HEALTHY,replay,2.0,0.0
2025-01-09T20:00:00+00:00,AWS-MUM-102,26.4,1011.6,45.0,False,,low,1.1,NORMAL,25.1,1012.0,51.0,HEALTHY,replay,1.9,0.0
2025-01-09T21:00:00+00:00,AWS-MUM-102,25.6,1012.5,47.0,False,,low,1.2,NORMAL,24.3,1013.0,53.0,HEALTHY,replay,2.0,0.0
2025-01-09T22:00:00+00:00,AWS-MUM-102,24.9,1013.0,48.0,False,,low,0.9,NORMAL,23.4,1013.4,55.0,HEALTHY,replay,1.4,0.0
2025-01-09T23:00:00+00:00,AWS-MUM-102,24.6,1012.7,47.0,False,,low,0.3,NORMAL,22.3,1013.1,61.0,HEALTHY,replay,0.4,0.0
2025-01-10T00:00:00+00:00,AWS-MUM-102,23.8,1012.0,49.0,False,,low,0.1,NORMAL,21.7,1012.4,64.0,HEALTHY,replay,0.1,0.0
2025-01-10T01:00:00+00:00,AWS-MUM-102,23.1,1011.2,50.0,False,,low,0.1,NORMAL,21.1,1011.9,66.0,HEALTHY,replay,0.2,0.0
2025-01-10T02:00:00+00:00,AWS-MUM-102,22.3,1010.7,54.0,False,,low,0.1,NORMAL,20.4,1011.4,68.0,HEALTHY,replay,0.1,0.0
2025-01-10T03:00:00+00:00,AWS-MUM-102,21.4,1010.2,58.0,False,,low,0.1,NORMAL,19.7,1011.0,69.0,HEALTHY,replay,0.1,0.0
2025-01-10T04:00:00+00:00,AWS-MUM-102,20.8,1010.2,60.0,False,,low,0.1,NORMAL,19.1,1011.0,72.0,HEALTHY,replay,0.1,0.0
2025-01-10T05:00:00+00:00,AWS-MUM-102,20.1,1010.5,62.0,False,,low,0.1,NORMAL,18.6,1011.2,73.0,HEALTHY,replay,0.2,0.0
2025-01-10T06:00:00+00:00,AWS-MUM-102,20.4,1011.7,60.0,False,,low,0.1,NORMAL,18.4,1012.4,73.0,HEALTHY,replay,0.2,0.0
2025-01-10T07:00:00+00:00,AWS-MUM-102,20.2,1012.2,59.0,False,,low,0.1,NORMAL,18.2,1013.0,72.0,HEALTHY,replay,0.2,0.0
2025-01-10T08:00:00+00:00,AWS-MUM-102,22.5,1013.2,51.0,False,,low,0.3,NORMAL,19.9,1013.7,66.0,HEALTHY,replay,0.5,0.0
2025-01-10T09:00:00+00:00,AWS-MUM-102,25.7,1013.9,41.0,False,,low,1.7,NORMAL,23.3,1014.3,51.0,HEALTHY,replay,2.9,0.0
2025-01-10T10:00:00+00:00,AWS-MUM-102,28.5,1014.0,34.0,False,,low,1.8,NORMAL,27.0,1014.4,39.0,HEALTHY,replay,3.1,0.0
2025-01-10T11:00:00+00:00,AWS-MUM-102,30.7,1013.6,31.0,False,,low,1.4,NORMAL,29.4,1013.9,33.0,HEALTHY,replay,2.3,0.0
2025-01-10T12:00:00+00:00,AWS-MUM-102,32.3,1012.3,27.0,False,,low,2.2,NORMAL,31.0,1012.9,30.0,HEALTHY,replay,3.6,0.0
2025-01-10T13:00:00+00:00,AWS-MUM-102,33.1,1011.1,25.0,False,,low,1.8,NORMAL,32.2,1011.8,26.0,HEALTHY,replay,3.0,0.0
2025-01-10T14:00:00+00:00,AWS-MUM-102,33.2,1010.3,25.0,False,,low,1.3,NORMAL,32.6,1010.9,25.0,HEALTHY,replay,2.2,0.0
2025-01-10T15:00:00+00:00,AWS-MUM-102,32.6,1009.9,26.0,False,,low,1.0,NORMAL,32.3,1010.5,26.0,HEALTHY,replay,1.7,0.0
2025-01-10T16:00:00+00:00,AWS-MUM-102,31.4,1009.8,28.0,False,,low,0.7,NORMAL,31.3,1010.3,28.0,HEALTHY,replay,1.1,0.0
2025-01-10T17:00:00+00:00,AWS-MUM-102,29.7,1010.1,31.0,False,,low,0.4,NORMAL,29.4,1010.7,33.0,HEALTHY,replay,0.7,0.0
2025-01-10T18:00:00+00:00,AWS-MUM-102,27.6,1010.6,41.0,False,,low,1.9,NORMAL,27.1,1011.1,42.0,HEALTHY,replay,3.2,0.0
2025-01-10T19:00:00+00:00,AWS-MUM-102,26.4,1011.4,48.0,False,,low,0.8,NORMAL,25.7,1011.9,51.0,HEALTHY,replay,1.3,0.0
2025-01-10T20:00:00+00:00,AWS-MUM-102,25.4,1012.3,60.0,False,,low,2.4,NORMAL,25.3,1012.6,60.0,HEALTHY,replay,4.0,0.0
2025-01-10T21:00:00+00:00,AWS-MUM-102,24.7,1013.1,56.0,False,,low,0.6,NORMAL,24.7,1013.4,70.0,HEALTHY,replay,1.0,0.0
2025-01-10T22:00:00+00:00,AWS-MUM-102,23.9,1013.4,60.0,False,,low,0.3,NORMAL,24.0,1013.8,68.0,HEALTHY,replay,0.4,0.0
2025-01-10T23:00:00+00:00,AWS-MUM-102,23.2,1013.0,62.0,False,,low,0.2,NORMAL,23.3,1013.7,65.0,HEALTHY,replay,0.3,0.0
2025-01-11T00:00:00+00:00,AWS-MUM-102,22.5,1012.5,66.0,False,,low,0.2,NORMAL,22.3,1013.1,67.0,HEALTHY,replay,0.3,0.0
2025-01-11T01:00:00+00:00,AWS-MUM-102,22.0,1012.2,64.0,False,,low,0.1,NORMAL,21.6,1012.8,70.0,HEALTHY,replay,0.2,0.0
2025-01-11T02:00:00+00:00,AWS-MUM-102,21.7,1011.6,64.0,False,,low,0.1,NORMAL,20.9,1012.2,69.0,HEALTHY,replay,0.2,0.0
2025-01-11T03:00:00+00:00,AWS-MUM-102,21.4,1011.1,64.0,False,,low,0.1,NORMAL,20.2,1011.7,73.0,HEALTHY,replay,0.2,0.0
2025-01-11T04:00:00+00:00,AWS-MUM-102,20.9,1011.2,64.0,False,,low,0.1,NORMAL,19.8,1011.8,76.0,HEALTHY,replay,0.2,0.0
2025-01-11T05:00:00+00:00,AWS-MUM-102,20.5,1011.3,64.0,False,,low,0.1,NORMAL,19.4,1012.0,75.0,HEALTHY,replay,0.2,0.0
2025-01-11T06:00:00+00:00,AWS-MUM-102,20.4,1012.2,65.0,False,,low,0.1,NORMAL,19.3,1012.8,80.0,HEALTHY,replay,0.2,0.0
2025-01-11T07:00:00+00:00,AWS-MUM-102,20.4,1012.8,66.0,False,,low,0.1,NORMAL,18.9,1013.4,85.0,HEALTHY,replay,0.2,0.0
2025-01-11T08:00:00+00:00,AWS-MUM-102,22.5,1013.8,58.0,False,,low,0.2,NORMAL,20.5,1014.4,74.0,HEALTHY,replay,0.4,0.0
2025-01-11T09:00:00+00:00,AWS-MUM-102,25.2,1014.4,50.0,False,,low,0.5,NORMAL,23.6,1015.0,60.0,HEALTHY,replay,0.8,0.0
2025-01-11T10:00:00+00:00,AWS-MUM-102,27.2,1014.5,45.0,False,,low,0.7,NORMAL,26.4,1015.0,49.0,HEALTHY,replay,1.2,0.0
2025-01-11T11:00:00+00:00,AWS-MUM-102,28.9,1013.7,38.0,False,,low,0.8,NORMAL,28.4,1014.2,41.0,HEALTHY,replay,1.3,0.0
2025-01-11T12:00:00+00:00,AWS-MUM-102,30.3,1012.3,33.0,False,,low,1.2,NORMAL,30.0,1012.8,35.0,HEALTHY,replay,2.0,0.0
2025-01-11T13:00:00+00:00,AWS-MUM-102,31.4,1011.1,31.0,False,,low,1.3,NORMAL,30.9,1011.6,33.0,HEALTHY,replay,2.1,0.0
2025-01-11T14:00:00+00:00,AWS-MUM-102,31.6,1010.0,32.0,False,,low,2.0,NORMAL,31.1,1010.6,34.0,HEALTHY,replay,3.3,0.0
2025-01-11T15:00:00+00:00,AWS-MUM-102,31.1,1009.4,37.0,False,,low,1.5,NORMAL,30.5,1010.0,38.0,HEALTHY,replay,2.4,0.0
2025-01-11T16:00:00+00:00,AWS-MUM-102,30.0,1009.6,39.0,False,,low,0.4,NORMAL,29.4,1010.2,39.0,HEALTHY,replay,0.7,0.0
2025-01-11T17:00:00+00:00,AWS-MUM-102,28.5,1010.0,41.0,False,,low,0.2,NORMAL,27.8,1010.6,41.0,HEALTHY,replay,0.3,0.0
2025-01-11T18:00:00+00:00,AWS-MUM-102,26.6,1010.9,46.0,False,,low,0.3,NORMAL,25.9,1011.5,49.0,HEALTHY,replay,0.4,0.0
2025-01-11T19:00:00+00:00,AWS-MUM-102,25.4,1011.6,53.0,False,,low,0.3,NORMAL,24.7,1012.1,58.0,HEALTHY,replay,0.4,0.0
2025-01-11T20:00:00+00:00,AWS-MUM-102,24.5,1012.5,59.0,False,,low,0.3,NORMAL,23.6,1013.0,64.0,HEALTHY,replay,0.4,0.0
2025-01-11T21:00:00+00:00,AWS-MUM-102,24.0,1013.3,62.0,False,,low,0.3,NORMAL,23.1,1013.7,67.0,HEALTHY,replay,0.4,0.0
2025-01-11T22:00:00+00:00,AWS-MUM-102,23.4,1013.6,63.0,False,,low,0.2,NORMAL,22.9,1014.1,71.0,HEALTHY,replay,0.3,0.0
2025-01-11T23:00:00+00:00,AWS-MUM-102,22.5,1013.6,65.0,False,,low,0.1,NORMAL,22.1,1014.1,76.0,HEALTHY,replay,0.2,0.0
2025-01-12T00:00:00+00:00,AWS-MUM-102,21.9,1013.2,66.0,False,,low,0.1,NORMAL,21.4,1013.8,80.0,HEALTHY,replay,0.2,0.0
2025-01-12T01:00:00+00:00,AWS-MUM-102,21.5,1012.8,68.0,False,,low,0.1,NORMAL,20.6,1013.5,79.0,HEALTHY,replay,0.2,0.0
2025-01-12T02:00:00+00:00,AWS-MUM-102,21.3,1012.1,68.0,False,,low,0.1,NORMAL,19.7,1012.8,83.0,HEALTHY,replay,0.1,0.0
2025-01-12T03:00:00+00:00,AWS-MUM-102,20.7,1011.8,71.0,False,,low,0.1,NORMAL,19.2,1012.4,85.0,HEALTHY,replay,0.1,0.0
2025-01-12T04:00:00+00:00,AWS-MUM-102,20.3,1011.8,73.0,False,,low,0.1,NORMAL,19.2,1012.4,83.0,HEALTHY,replay,0.2,0.0
2025-01-12T05:00:00+00:00,AWS-MUM-102,20.1,1012.3,73.0,False,,low,0.1,NORMAL,18.9,1012.8,84.0,HEALTHY,replay,0.1,0.0
2025-01-12T06:00:00+00:00,AWS-MUM-102,19.8,1012.8,77.0,False,,low,0.2,NORMAL,18.6,1013.4,86.0,HEALTHY,replay,0.3,0.0
2025-01-12T07:00:00+00:00,AWS-MUM-102,19.7,1013.5,77.0,False,,low,0.1,NORMAL,18.7,1014.0,84.0,HEALTHY,replay,0.2,0.0
2025-01-12T08:00:00+00:00,AWS-MUM-102,21.2,1014.3,68.0,False,,low,0.3,NORMAL,20.3,1014.8,74.0,HEALTHY,replay,0.4,0.0
2025-01-12T09:00:00+00:00,AWS-MUM-102,23.4,1014.6,56.0,False,,low,0.4,NORMAL,22.7,1015.2,60.0,HEALTHY,replay,0.6,0.0
2025-01-12T10:00:00+00:00,AWS-MUM-102,25.9,1014.6,48.0,False,,low,0.5,NORMAL,25.3,1015.1,50.0,HEALTHY,replay,0.9,0.0
2025-01-12T11:00:00+00:00,AWS-MUM-102,28.4,1013.8,40.0,False,,low,1.5,NORMAL,28.1,1014.3,43.0,HEALTHY,replay,2.4,0.0
2025-01-12T12:00:00+00:00,AWS-MUM-102,30.3,1012.5,33.0,False,,low,2.7,NORMAL,29.8,1012.9,36.0,HEALTHY,replay,4.5,0.0
2025-01-12T13:00:00+00:00,AWS-MUM-102,31.6,1010.8,30.0,False,,low,3.4,NORMAL,31.1,1011.3,32.0,HEALTHY,replay,5.6,0.0
2025-01-12T14:00:00+00:00,AWS-MUM-102,32.4,1009.7,29.0,False,,low,3.2,NORMAL,31.7,1010.3,31.0,HEALTHY,replay,5.4,0.0
2025-01-12T15:00:00+00:00,AWS-MUM-102,32.5,1008.8,30.0,False,,low,3.3,NORMAL,31.9,1009.4,31.0,HEALTHY,replay,5.4,0.0
2025-01-12T16:00:00+00:00,AWS-MUM-102,31.8,1008.8,32.0,False,,low,0.8,NORMAL,31.4,1009.5,32.0,HEALTHY,replay,1.4,0.0
2025-01-12T17:00:00+00:00,AWS-MUM-102,30.3,1009.1,37.0,False,,low,0.4,NORMAL,29.7,1009.7,38.0,HEALTHY,replay,0.7,0.0
2025-01-12T18:00:00+00:00,AWS-MUM-102,27.9,1010.1,50.0,False,,low,1.6,NORMAL,27.4,1010.7,51.0,HEALTHY,replay,2.7,0.0
2025-01-12T19:00:00+00:00,AWS-MUM-102,26.6,1010.9,56.0,False,,low,0.6,NORMAL,26.0,1011.5,55.0,HEALTHY,replay,1.0,0.0
2025-01-12T20:00:00+00:00,AWS-MUM-102,26.1,1011.9,54.0,False,,low,0.3,NORMAL,25.1,1012.4,54.0,HEALTHY,replay,0.6,0.0
2025-01-12T21:00:00+00:00,AWS-MUM-102,25.6,1012.4,51.0,False,,low,0.3,NORMAL,24.5,1012.9,53.0,HEALTHY,replay,0.5,0.0
2025-01-12T22:00:00+00:00,AWS-MUM-102,25.0,1012.6,52.0,False,,low,0.1,NORMAL,24.2,1013.0,52.0,HEALTHY,replay,0.2,0.0
2025-01-12T23:00:00+00:00,AWS-MUM-102,24.3,1012.1,52.0,False,,low,0.1,NORMAL,23.6,1012.6,51.0,HEALTHY,replay,0.2,0.0
2025-01-13T00:00:00+00:00,AWS-MUM-102,23.2,1011.7,56.0,False,,low,0.1,NORMAL,23.1,1012.2,55.0,HEALTHY,replay,0.2,0.0
2025-01-13T01:00:00+00:00,AWS-MUM-102,22.4,1011.2,61.0,False,,low,0.1,NORMAL,22.6,1011.8,61.0,HEALTHY,replay,0.2,0.0
2025-01-13T02:00:00+00:00,AWS-MUM-102,22.0,1010.5,62.0,False,,low,0.1,NORMAL,22.0,1011.1,66.0,HEALTHY,replay,0.2,0.0
2025-01-13T03:00:00+00:00,AWS-MUM-102,21.6,1010.0,64.0,False,,low,0.1,NORMAL,21.6,1010.7,70.0,HEALTHY,replay,0.2,0.0
2025-01-13T04:00:00+00:00,AWS-MUM-102,21.4,1009.9,65.0,False,,low,0.1,NORMAL,21.6,1010.6,72.0,HEALTHY,replay,0.2,0.0
2025-01-13T05:00:00+00:00,AWS-MUM-102,20.8,1009.9,68.0,False,,low,0.2,NORMAL,21.5,1010.5,73.0,HEALTHY,replay,0.3,0.0
2025-01-13T06:00:00+00:00,AWS-MUM-102,20.9,1010.7,67.0,False,,low,0.3,NORMAL,21.8,1011.5,70.0,HEALTHY,replay,0.5,0.0
2025-01-13T07:00:00+00:00,AWS-MUM-102,21.0,1011.2,69.0,False,,low,0.3,NORMAL,21.6,1012.1,72.0,HEALTHY,replay,0.5,0.0
2025-01-13T08:00:00+00:00,AWS-MUM-102,23.0,1012.0,64.0,False,,low,0.5,NORMAL,23.1,1012.8,66.0,HEALTHY,replay,0.9,0.0
2025-01-13T09:00:00+00:00,AWS-MUM-102,26.0,1012.3,55.0,False,,low,1.1,NORMAL,25.4,1013.1,56.0,HEALTHY,replay,1.9,0.0
2025-01-13T10:00:00+00:00,AWS-MUM-102,29.0,1012.1,46.0,False,,low,2.1,NORMAL,28.2,1012.8,47.0,HEALTHY,replay,3.5,0.0
2025-01-13T11:00:00+00:00,AWS-MUM-102,31.4,1011.3,40.0,False,,low,4.6,NORMAL,30.4,1011.9,42.0,HEALTHY,replay,7.7,0.0
2025-01-13T12:00:00+00:00,AWS-MUM-102,33.1,1009.9,34.0,False,,low,5.8,NORMAL,32.0,1010.7,38.0,HEALTHY,replay,9.7,0.0
2025-01-13T13:00:00+00:00,AWS-MUM-102,34.4,1008.5,31.0,False,,low,10.4,NORMAL,33.1,1009.4,33.0,HEALTHY,replay,17.4,0.0
2025-01-13T14:00:00+00:00,AWS-MUM-102,35.0,1007.4,28.0,False,,low,9.1,NORMAL,34.0,1008.2,31.0,HEALTHY,replay,15.2,0.0
2025-01-13T15:00:00+00:00,AWS-MUM-102,34.9,1006.6,28.0,False,,low,8.2,NORMAL,34.2,1007.4,29.0,HEALTHY,replay,13.6,0.0
2025-01-13T16:00:00+00:00,AWS-MUM-102,33.6,1006.6,34.0,False,,low,3.0,NORMAL,33.7,1007.2,29.0,HEALTHY,replay,5.0,0.0
2025-01-13T17:00:00+00:00,AWS-MUM-102,31.1,1007.1,44.0,False,,low,6.7,NORMAL,31.8,1007.7,39.0,HEALTHY,replay,11.1,0.0
2025-01-13T18:00:00+00:00,AWS-MUM-102,29.6,1008.0,50.0,False,,low,2.0,NORMAL,29.5,1008.4,48.0,HEALTHY,replay,3.3,0.0
2025-01-13T19:00:00+00:00,AWS-MUM-102,28.7,1008.7,52.0,False,,low,1.4,NORMAL,27.9,1009.1,56.0,HEALTHY,replay,2.3,0.0
2025-01-13T20:00:00+00:00,AWS-MUM-102,28.1,1009.5,54.0,False,,low,1.3,NORMAL,26.7,1010.2,59.0,HEALTHY,replay,2.2,0.0
2025-01-13T21:00:00+00:00,AWS-MUM-102,26.6,1010.3,60.0,False,,low,1.4,NORMAL,25.9,1010.8,56.0,HEALTHY,replay,2.4,0.0
2025-01-13T22:00:00+00:00,AWS-MUM-102,25.4,1010.6,65.0,False,,low,0.5,NORMAL,25.1,1010.9,55.0,HEALTHY,replay,0.8,0.0
2025-01-13T23:00:00+00:00,AWS-MUM-102,24.5,1010.4,68.0,False,,low,0.3,NORMAL,24.0,1010.9,59.0,HEALTHY,replay,0.4,0.0
2025-01-14T00:00:00+00:00,AWS-MUM-102,23.9,1010.2,66.0,False,,low,0.1,NORMAL,23.2,1010.7,63.0,HEALTHY,replay,0.2,0.0
2025-01-14T01:00:00+00:00,AWS-MUM-102,23.6,1009.8,66.0,False,,low,0.2,NORMAL,22.7,1010.4,64.0,HEALTHY,replay,0.3,0.0
2025-01-14T02:00:00+00:00,AWS-MUM-102,22.9,1009.5,69.0,False,,low,0.1,NORMAL,22.4,1010.0,64.0,HEALTHY,replay,0.2,0.0
2025-01-14T03:00:00+00:00,AWS-MUM-102,22.3,1009.0,69.0,False,,low,0.1,NORMAL,22.1,1009.6,66.0,HEALTHY,replay,0.2,0.0
2025-01-14T04:00:00+00:00,AWS-MUM-102,22.3,1008.9,67.0,False,,low,0.2,NORMAL,21.7,1009.6,69.0,HEALTHY,replay,0.3,0.0
2025-01-14T05:00:00+00:00,AWS-MUM-102,22.4,1009.4,65.0,False,,low,0.3,NORMAL,21.3,1010.1,73.0,HEALTHY,replay,0.4,0.0
2025-01-14T06:00:00+00:00,AWS-MUM-102,22.9,1010.5,62.0,False,,low,0.4,NORMAL,20.7,1011.2,77.0,HEALTHY,replay,0.6,0.0
2025-01-14T07:00:00+00:00,AWS-MUM-102,23.0,1010.9,62.0,False,,low,0.3,NORMAL,20.7,1011.7,79.0,HEALTHY,replay,0.4,0.0
2025-01-14T08:00:00+00:00,AWS-MUM-102,25.1,1011.7,55.0,False,,low,0.5,NORMAL,22.2,1012.4,73.0,HEALTHY,replay,0.9,0.0
2025-01-14T09:00:00+00:00,AWS-MUM-102,28.1,1012.3,45.0,False,,low,2.6,NORMAL,25.3,1013.0,60.0,HEALTHY,replay,4.4,0.0
2025-01-14T10:00:00+00:00,AWS-MUM-102,30.5,1012.2,38.0,False,,low,1.0,NORMAL,28.9,1012.8,47.0,HEALTHY,replay,1.7,0.0
2025-01-14T11:00:00+00:00,AWS-MUM-102,32.5,1011.5,34.0,False,,low,1.4,NORMAL,31.5,1012.0,37.0,HEALTHY,replay,2.3,0.0
2025-01-14T12:00:00+00:00,AWS-MUM-102,33.9,1010.0,31.0,False,,low,1.4,NORMAL,33.0,1010.6,33.0,HEALTHY,replay,2.3,0.0
2025-01-14T13:00:00+00:00,AWS-MUM-102,34.9,1008.9,30.0,False,,low,1.3,NORMAL,34.4,1009.4,29.0,HEALTHY,replay,2.1,0.0
2025-01-14T14:00:00+00:00,AWS-MUM-102,34.7,1008.1,30.0,False,,low,0.9,NORMAL,34.7,1008.5,29.0,HEALTHY,replay,1.6,0.0
2025-01-14T15:00:00+00:00,AWS-MUM-102,33.5,1007.5,34.0,False,,low,1.0,NORMAL,33.8,1008.0,30.0,HEALTHY,replay,1.7,0.0
2025-01-14T16:00:00+00:00,AWS-MUM-102,31.5,1008.1,40.0,False,,low,0.7,NORMAL,31.6,1008.5,41.0,HEALTHY,replay,1.1,0.0
2025-01-14T17:00:00+00:00,AWS-MUM-102,29.8,1008.7,46.0,False,,low,0.6,NORMAL,29.6,1009.0,47.0,HEALTHY,replay,1.0,0.0
2025-01-14T18:00:00+00:00,AWS-MUM-102,28.1,1009.5,54.0,False,,low,0.9,NORMAL,27.3,1010.0,58.0,HEALTHY,replay,1.5,0.0
2025-01-14T19:00:00+00:00,AWS-MUM-102,26.9,1010.4,62.0,False,,low,1.4,NORMAL,25.7,1010.9,65.0,HEALTHY,replay,2.4,0.0
2025-01-14T20:00:00+00:00,AWS-MUM-102,26.3,1011.7,63.0,False,,low,1.3,NORMAL,25.0,1012.1,68.0,HEALTHY,replay,2.2,0.0
2025-01-14T21:00:00+00:00,AWS-MUM-102,26.0,1012.4,63.0,False,,low,0.5,NORMAL,24.6,1012.9,69.0,HEALTHY,replay,0.8,0.0
2025-01-14T22:00:00+00:00,AWS-MUM-102,25.6,1012.8,63.0,False,,low,0.3,NORMAL,24.6,1013.4,67.0,HEALTHY,replay,0.5,0.0
2025-01-14T23:00:00+00:00,AWS-MUM-102,24.9,1012.6,66.0,False,,low,0.1,NORMAL,24.4,1013.1,69.0,HEALTHY,replay,0.2,0.0
2025-01-15T00:00:00+00:00,AWS-MUM-102,24.3,1012.3,68.0,False,,low,0.1,NORMAL,23.8,1012.6,72.0,HEALTHY,replay,0.2,0.0
2025-01-15T01:00:00+00:00,AWS-MUM-102,23.8,1011.8,71.0,False,,low,0.1,NORMAL,23.7,1012.2,74.0,HEALTHY,replay,0.2,0.0
2025-01-15T02:00:00+00:00,AWS-MUM-102,23.5,1011.1,72.0,False,,low,0.1,NORMAL,23.3,1011.39,73.0,HEALTHY,replay,0.2,0.0
2025-01-15T03:00:00+00:00,AWS-MUM-102,23.0,1010.3,74.0,False,,low,0.1,NORMAL,23.0,1010.6,74.0,HEALTHY,replay,0.2,0.0
2025-01-15T04:00:00+00:00,AWS-MUM-102,22.7,1010.2,75.0,False,,low,0.1,NORMAL,22.7,1010.5,76.0,HEALTHY,replay,0.2,0.0
2025-01-15T05:00:00+00:00,AWS-MUM-102,22.2,1010.5,76.0,False,,low,0.1,NORMAL,22.3,1010.8,78.0,HEALTHY,replay,0.2,0.0
2025-01-15T06:00:00+00:00,AWS-MUM-102,22.6,1011.3,76.0,False,,low,0.1,NORMAL,21.8,1011.6,83.0,HEALTHY,replay,0.2,0.0
2025-01-15T07:00:00+00:00,AWS-MUM-102,22.3,1012.0,76.0,False,,low,0.1,NORMAL,21.5,1012.5,82.0,HEALTHY,replay,0.2,0.0
2025-01-15T08:00:00+00:00,AWS-MUM-102,24.0,1012.8,71.0,False,,low,0.3,NORMAL,23.2,1013.1,74.0,HEALTHY,replay,0.6,0.0
2025-01-15T09:00:00+00:00,AWS-MUM-102,26.7,1013.6,59.0,False,,low,1.0,NORMAL,25.9,1013.8,61.0,HEALTHY,replay,1.7,0.0
2025-01-15T10:00:00+00:00,AWS-MUM-102,29.2,1013.5,50.0,False,,low,1.4,NORMAL,28.3,1013.8,53.0,HEALTHY,replay,2.4,0.0
2025-01-15T11:00:00+00:00,AWS-MUM-102,31.3,1012.7,43.0,False,,low,1.4,NORMAL,30.5,1012.9,45.0,HEALTHY,replay,2.4,0.0
2025-01-15T12:00:00+00:00,AWS-MUM-102,32.9,1011.3,39.0,False,,low,3.9,NORMAL,32.1,1011.6,41.0,HEALTHY,replay,6.4,0.0
2025-01-15T13:00:00+00:00,AWS-MUM-102,33.2,1010.3,39.0,False,,low,2.5,NORMAL,33.1,1010.4,38.0,HEALTHY,replay,4.2,0.0
2025-01-15T14:00:00+00:00,AWS-MUM-102,32.6,1009.6,42.0,False,,low,1.3,NORMAL,31.9,1009.5,44.0,HEALTHY,replay,2.2,0.0
2025-01-15T15:00:00+00:00,AWS-MUM-102,31.5,1009.1,45.0,False,,low,0.7,NORMAL,30.6,1009.1,47.0,HEALTHY,replay,1.2,0.0
2025-01-15T16:00:00+00:00,AWS-MUM-102,30.0,1009.4,48.0,False,,low,0.3,NORMAL,29.6,1009.4,49.0,HEALTHY,replay,0.5,0.0
2025-01-15T17:00:00+00:00,AWS-MUM-102,28.8,1009.9,51.0,False,,low,0.2,NORMAL,28.2,1009.9,54.0,HEALTHY,replay,0.3,0.0
2025-01-15T18:00:00+00:00,AWS-MUM-102,27.0,1011.0,59.0,False,,low,0.3,NORMAL,26.3,1011.1,62.0,HEALTHY,replay,0.5,0.0
2025-01-15T19:00:00+00:00,AWS-MUM-102,25.9,1012.0,65.0,False,,low,0.4,NORMAL,24.8,1012.2,69.0,HEALTHY,replay,0.6,0.0
2025-01-15T20:00:00+00:00,AWS-MUM-102,25.5,1013.1,66.0,False,,low,0.5,NORMAL,23.9,1013.4,71.0,HEALTHY,replay,0.9,0.0
2025-01-15T21:00:00+00:00,AWS-MUM-102,25.1,1013.6,66.0,False,,low,0.3,NORMAL,23.6,1013.8,72.0,HEALTHY,replay,0.4,0.0
2025-01-15T22:00:00+00:00,AWS-MUM-102,24.5,1013.9,67.0,False,,low,0.2,NORMAL,23.4,1014.1,71.0,HEALTHY,replay,0.4,0.0
2025-01-15T23:00:00+00:00,AWS-MUM-102,24.1,1013.8,67.0,False,,low,0.2,NORMAL,23.2,1014.0,73.0,HEALTHY,replay,0.3,0.0
2025-01-16T00:00:00+00:00,AWS-MUM-102,23.8,1013.3,68.0,False,,low,0.2,NORMAL,22.7,1013.5,75.0,HEALTHY,replay,0.3,0.0
2025-01-16T01:00:00+00:00,AWS-MUM-102,23.3,1012.7,70.0,False,,low,0.1,NORMAL,22.3,1013.1,77.0,HEALTHY,replay,0.2,0.0
2025-01-16T02:00:00+00:00,AWS-MUM-102,22.8,1012.0,73.0,False,,low,0.1,NORMAL,21.7,1012.4,78.0,HEALTHY,replay,0.2,0.0
2025-01-16T03:00:00+00:00,AWS-MUM-102,22.4,1011.4,75.0,False,,low,0.1,NORMAL,21.2,1011.9,81.0,HEALTHY,replay,0.2,0.0
2025-01-16T04:00:00+00:00,AWS-MUM-102,21.9,1011.2,77.0,False,,low,0.1,NORMAL,20.7,1011.6,83.0,HEALTHY,replay,0.2,0.0
2025-01-16T05:00:00+00:00,AWS-MUM-102,21.5,1011.2,78.0,False,,low,0.1,NORMAL,20.4,1011.6,83.0,HEALTHY,replay,0.2,0.0
2025-01-16T06:00:00+00:00,AWS-MUM-102,21.0,1012.0,81.0,False,,low,0.1,NORMAL,19.5,1012.5,89.0,HEALTHY,replay,0.2,0.0
2025-01-16T07:00:00+00:00,AWS-MUM-102,20.5,1012.6,82.0,False,,low,0.1,NORMAL,19.4,1013.1,89.0,HEALTHY,replay,0.2,0.0
2025-01-16T08:00:00+00:00,AWS-MUM-102,21.7,1013.5,76.0,False,,low,0.2,NORMAL,20.6,1014.1,82.0,HEALTHY,replay,0.3,0.0
2025-01-16T09:00:00+00:00,AWS-MUM-102,24.1,1014.0,66.0,False,,low,0.3,NORMAL,23.2,1014.6,69.0,HEALTHY,replay,0.5,0.0
2025-01-16T10:00:00+00:00,AWS-MUM-102,26.9,1014.1,56.0,False,,low,0.6,NORMAL,26.0,1014.7,58.0,HEALTHY,replay,1.1,0.0
2025-01-16T11:00:00+00:00,AWS-MUM-102,29.4,1013.2,48.0,False,,low,0.8,NORMAL,28.6,1013.8,50.0,HEALTHY,replay,1.4,0.0
2025-01-16T12:00:00+00:00,AWS-MUM-102,31.4,1012.0,42.0,False,,low,3.3,NORMAL,30.6,1012.6,44.0,HEALTHY,replay,5.6,0.0
2025-01-16T13:00:00+00:00,AWS-MUM-102,32.8,1010.6,38.0,False,,low,2.9,NORMAL,31.8,1011.3,40.0,HEALTHY,replay,4.9,0.0
2025-01-16T14:00:00+00:00,AWS-MUM-102,33.5,1009.6,34.0,False,,low,3.2,NORMAL,32.5,1010.4,38.0,HEALTHY,replay,5.3,0.0
2025-01-16T15:00:00+00:00,AWS-MUM-102,33.2,1009.2,34.0,False,,low,1.0,NORMAL,32.5,1010.0,37.0,HEALTHY,replay,1.6,0.0
2025-01-16T16:00:00+00:00,AWS-MUM-102,32.1,1009.4,38.0,False,,low,0.7,NORMAL,31.4,1010.1,41.0,HEALTHY,replay,1.2,0.0
2025-01-16T17:00:00+00:00,AWS-MUM-102,30.5,1010.1,45.0,False,,low,0.5,NORMAL,29.5,1010.8,46.0,HEALTHY,replay,0.8,0.0
2025-01-16T18:00:00+00:00,AWS-MUM-102,27.9,1011.3,56.0,False,,low,1.4,NORMAL,26.7,1011.9,61.0,HEALTHY,replay,2.3,0.0
2025-01-16T19:00:00+00:00,AWS-MUM-102,26.7,1012.0,61.0,False,,low,0.5,NORMAL,25.7,1012.6,64.0,HEALTHY,replay,0.8,0.0
2025-01-16T20:00:00+00:00,AWS-MUM-102,26.2,1013.0,62.0,False,,low,0.4,NORMAL,25.3,1013.6,63.0,HEALTHY,replay,0.6,0.0
2025-01-16T21:00:00+00:00,AWS-MUM-102,26.0,1013.7,61.0,False,,low,0.3,NORMAL,24.9,1014.1,62.0,HEALTHY,replay,0.5,0.0
2025-01-16T22:00:00+00:00,AWS-MUM-102,25.6,1013.6,60.0,False,,low,0.2,NORMAL,24.5,1014.2,63.0,HEALTHY,replay,0.3,0.0
2025-01-16T23:00:00+00:00,AWS-MUM-102,25.2,1013.4,61.0,False,,low,0.1,NORMAL,24.2,1013.9,63.0,HEALTHY,replay,0.2,0.0
2025-01-17T00:00:00+00:00,AWS-MUM-102,24.8,1012.6,61.0,False,,low,0.1,NORMAL,23.9,1013.2,63.0,HEALTHY,replay,0.2,0.0
2025-01-17T01:00:00+00:00,AWS-MUM-102,24.1,1012.0,63.0,False,,low,0.1,NORMAL,23.6,1012.5,65.0,HEALTHY,replay,0.1,0.0
2025-01-17T02:00:00+00:00,AWS-MUM-102,23.6,1011.3,66.0,False,,low,0.1,NORMAL,23.2,1011.9,67.0,HEALTHY,replay,0.2,0.0
2025-01-17T03:00:00+00:00,AWS-MUM-102,23.3,1010.9,67.0,False,,low,0.1,NORMAL,22.9,1011.5,69.0,HEALTHY,replay,0.2,0.0
2025-01-17T04:00:00+00:00,AWS-MUM-102,23.3,1010.8,68.0,False,,low,0.1,NORMAL,23.1,1011.3,70.0,HEALTHY,replay,0.2,0.0
2025-01-17T05:00:00+00:00,AWS-MUM-102,23.1,1010.5,69.0,False,,low,0.2,NORMAL,23.2,1011.2,70.0,HEALTHY,replay,0.3,0.0
2025-01-17T06:00:00+00:00,AWS-MUM-102,22.6,1011.1,71.0,False,,low,0.1,NORMAL,22.6,1011.8,75.0,HEALTHY,replay,0.2,0.0
2025-01-17T07:00:00+00:00,AWS-MUM-102,22.5,1011.5,72.0,False,,low,0.2,NORMAL,22.3,1012.2,76.0,HEALTHY,replay,0.3,0.0
2025-01-17T08:00:00+00:00,AWS-MUM-102,24.2,1012.1,66.0,False,,low,0.5,NORMAL,23.6,1012.8,70.0,HEALTHY,replay,0.9,0.0
2025-01-17T09:00:00+00:00,AWS-MUM-102,27.4,1012.4,54.0,False,,low,2.2,NORMAL,26.2,1013.1,60.0,HEALTHY,replay,3.7,0.0
2025-01-17T10:00:00+00:00,AWS-MUM-102,30.4,1012.2,43.0,False,,low,9.4,NORMAL,29.1,1012.9,48.0,HEALTHY,replay,15.7,0.0
2025-01-17T11:00:00+00:00,AWS-MUM-102,32.9,1011.6,35.0,False,,low,12.2,NORMAL,31.2,1012.3,40.0,HEALTHY,replay,20.3,0.0
2025-01-17T12:00:00+00:00,AWS-MUM-102,34.4,1010.1,30.0,False,,low,20.5,NORMAL,32.9,1011.0,35.0,HEALTHY,replay,34.2,0.0
2025-01-17T13:00:00+00:00,AWS-MUM-102,35.5,1008.6,28.0,False,,low,16.2,NORMAL,33.9,1009.4,30.0,HEALTHY,replay,27.0,0.0
2025-01-17T14:00:00+00:00,AWS-MUM-102,36.0,1007.4,25.0,False,,low,25.9,NORMAL,34.3,1008.2,28.0,HEALTHY,replay,43.2,0.0
2025-01-17T15:00:00+00:00,AWS-MUM-102,35.6,1006.7,25.0,False,,low,15.8,NORMAL,34.7,1007.4,27.0,HEALTHY,replay,26.3,0.0
2025-01-17T16:00:00+00:00,AWS-MUM-102,34.7,1006.7,26.0,False,,low,8.0,NORMAL,34.3,1007.4,27.0,HEALTHY,replay,13.3,0.0
2025-01-17T17:00:00+00:00,AWS-MUM-102,32.3,1007.3,39.0,False,,low,11.7,NORMAL,32.4,1007.9,32.0,HEALTHY,replay,19.5,0.0
2025-01-17T18:00:00+00:00,AWS-MUM-102,30.9,1008.1,39.0,False,,low,7.4,NORMAL,30.6,1008.7,36.0,HEALTHY,replay,12.4,0.0
2025-01-17T19:00:00+00:00,AWS-MUM-102,28.9,1009.0,51.0,False,,low,8.6,NORMAL,27.8,1009.5,57.0,HEALTHY,replay,14.3,0.0
2025-01-17T20:00:00+00:00,AWS-MUM-102,28.1,1010.0,55.0,False,,low,4.5,NORMAL,26.5,1010.6,61.0,HEALTHY,replay,7.6,0.0
2025-01-17T21:00:00+00:00,AWS-MUM-102,27.5,1010.6,54.0,False,,low,2.5,NORMAL,26.1,1011.2,61.0,HEALTHY,replay,4.1,0.0
2025-01-17T22:00:00+00:00,AWS-MUM-102,26.9,1010.9,55.0,False,,low,0.5,NORMAL,25.2,1011.4,64.0,HEALTHY,replay,0.8,0.0
2025-01-17T23:00:00+00:00,AWS-MUM-102,26.2,1010.7,56.0,False,,low,0.2,NORMAL,25.4,1011.1,62.0,HEALTHY,replay,0.3,0.0
2025-01-18T00:00:00+00:00,AWS-MUM-102,25.0,1010.1,58.0,False,,low,0.1,NORMAL,25.1,1010.7,57.0,HEALTHY,replay,0.2,0.0
2025-01-18T01:00:00+00:00,AWS-MUM-102,24.3,1009.7,58.0,False,,low,0.1,NORMAL,24.2,1010.4,58.0,HEALTHY,replay,0.2,0.0
2025-01-18T02:00:00+00:00,AWS-MUM-102,24.0,1009.5,58.0,False,,low,0.1,NORMAL,23.6,1010.2,59.0,HEALTHY,replay,0.2,0.0
2025-01-18T03:00:00+00:00,AWS-MUM-102,23.5,1009.5,59.0,False,,low,0.1,NORMAL,23.2,1010.0,59.0,HEALTHY,replay,0.2,0.0
2025-01-18T04:00:00+00:00,AWS-MUM-102,22.9,1009.3,60.0,False,,low,0.1,NORMAL,22.8,1009.8,59.0,HEALTHY,replay,0.2,0.0
2025-01-18T05:00:00+00:00,AWS-MUM-102,22.4,1009.4,61.0,False,,low,0.3,NORMAL,22.3,1010.1,61.0,HEALTHY,replay,0.5,0.0
2025-01-18T06:00:00+00:00,AWS-MUM-102,21.7,1010.2,61.0,False,,low,0.2,NORMAL,21.3,1010.9,65.0,HEALTHY,replay,0.3,0.0
2025-01-18T07:00:00+00:00,AWS-MUM-102,21.9,1010.9,57.0,False,,low,0.2,NORMAL,21.0,1011.7,66.0,HEALTHY,replay,0.3,0.0
2025-01-18T08:00:00+00:00,AWS-MUM-102,24.9,1011.8,44.0,False,,low,2.6,NORMAL,22.6,1012.5,59.0,HEALTHY,replay,4.3,0.0
2025-01-18T09:00:00+00:00,AWS-MUM-102,27.8,1012.5,37.0,False,,low,2.5,NORMAL,26.0,1013.2,48.0,HEALTHY,replay,4.2,0.0
2025-01-18T10:00:00+00:00,AWS-MUM-102,30.3,1012.5,33.0,False,,low,1.0,NORMAL,29.2,1013.3,36.0,HEALTHY,replay,1.6,0.0
2025-01-18T11:00:00+00:00,AWS-MUM-102,32.3,1011.9,27.0,False,,low,2.0,NORMAL,31.4,1012.6,31.0,HEALTHY,replay,3.3,0.0
2025-01-18T12:00:00+00:00,AWS-MUM-102,33.9,1010.4,22.0,False,,low,4.0,NORMAL,32.9,1011.2,26.0,HEALTHY,replay,6.7,0.0
2025-01-18T13:00:00+00:00,AWS-MUM-102,34.7,1008.9,20.0,False,,low,3.6,NORMAL,33.9,1009.7,22.0,HEALTHY,replay,6.0,0.0
