timestamp,station_id,temperature_c,pressure_hpa,humidity_pct,is_anomaly,fault_type,severity,anomaly_score_pct,suggested_temperature_c,suggested_pressure_hpa,suggested_humidity_pct,health_status,source
2026-09-11 14:15:37.683387+00:00,AWS-DEL-011,28.0,984.1,84.0,False,,low,0.0,,,,HEALTHY,live
2026-09-11 14:16:36.576033+00:00,AWS-DEL-011,28.0,984.1,84.0,False,,low,0.0,,,,HEALTHY,live
2026-09-11 14:32:59.646686+00:00,AWS-DEL-011,28.0,984.3,84.0,False,,low,0.0,,,,HEALTHY,live
2026-09-11 14:36:32.128972+00:00,AWS-DEL-011,28.0,984.3,84.0,False,,low,0.0,,,,HEALTHY,live
2026-09-11 14:50:02.101281+00:00,AWS-DEL-011,28.0,984.5,84.0,False,,low,0.0,,,,HEALTHY,live
2026-09-11 14:57:15.559343+00:00,AWS-DEL-011,28.0,984.5,84.0,False,,low,0.0,,,,HEALTHY,live
2026-09-11 15:02:17.682691+00:00,AWS-DEL-011,27.9,984.7,84.0,False,,low,0.0,,,,HEALTHY,live
2026-09-11 15:06:54.515310+00:00,AWS-DEL-011,27.9,984.7,84.0,False,,low,0.0,,,,HEALTHY,live
2025-01-01T00:00:00,AWS-DEL-011,8.3,994.3,100.0,False,,low,0.0,,,,HEALTHY,replay
2025-01-01T01:00:00,AWS-DEL-011,8.0,993.7,100.0,False,,low,0.0,,,,HEALTHY,replay
2025-01-01T02:00:00,AWS-DEL-011,7.8,993.3,100.0,False,,low,0.0,,,,HEALTHY,replay
2025-01-01T03:00:00,AWS-DEL-011,8.0,993.1,99.0,False,,low,0.0,,,,HEALTHY,replay
2025-01-01T04:00:00,AWS-DEL-011,7.7,992.9,98.0,False,,low,0.0,,,,HEALTHY,replay
2025-01-01T05:00:00,AWS-DEL-011,7.8,993.0,97.0,False,,low,0.0,,,,HEALTHY,replay
2025-01-01T06:00:00,AWS-DEL-011,8.4,993.7,96.0,False,,low,0.0,7.93,993.38,99.0,HEALTHY,replay
2025-01-01T07:00:00,AWS-DEL-011,8.5,994.2,95.0,False,,low,0.0,8.0,993.43,98.57,HEALTHY,replay
2025-01-01T08:00:00,AWS-DEL-011,8.9,994.7,93.0,False,,low,0.0,8.06,993.52,98.12,HEALTHY,replay
2025-01-01T09:00:00,AWS-DEL-011,9.5,995.2,97.0,False,,low,0.0,8.16,993.66,97.56,HEALTHY,replay
2025-01-01T10:00:00,AWS-DEL-011,11.3,995.4,89.0,False,,low,0.0,8.29,993.81,97.5,HEALTHY,replay
2025-01-01T11:00:00,AWS-DEL-011,13.2,994.9,82.0,False,,low,0.0,8.56,993.95,96.73,HEALTHY,replay
2025-01-01T12:00:00,AWS-DEL-011,14.6,993.8,78.0,True,drift,critical,95.0,8.95,994.03,95.5,HEALTHY,replay
2025-01-01T13:00:00,AWS-DEL-011,15.8,992.5,73.0,True,drift,critical,95.0,8.95,994.03,95.5,HEALTHY,replay
2025-01-01T14:00:00,AWS-DEL-011,16.6,991.7,71.0,True,drift,critical,95.0,8.95,994.03,95.5,HEALTHY,replay
2025-01-01T15:00:00,AWS-DEL-011,16.8,991.3,70.0,True,drift,critical,95.0,8.95,994.03,95.5,OFFLINE,replay
2025-01-01T16:00:00,AWS-DEL-011,16.3,991.3,73.0,True,drift,critical,95.0,8.95,994.03,95.5,OFFLINE,replay
2025-01-01T17:00:00,AWS-DEL-011,14.7,991.4,80.0,True,drift,critical,95.0,8.95,994.03,95.5,OFFLINE,replay
2025-01-01T18:00:00,AWS-DEL-011,12.2,993.0,86.0,False,,low,0.0,8.95,994.03,95.5,OFFLINE,replay
2025-01-01T19:00:00,AWS-DEL-011,11.6,993.3,88.0,False,,low,0.0,8.95,994.03,95.5,OFFLINE,replay
2025-01-01T20:00:00,AWS-DEL-011,11.1,993.7,90.0,False,,low,0.0,8.95,994.03,95.5,HEALTHY,replay
2025-01-01T21:00:00,AWS-DEL-011,10.7,993.8,91.0,False,,low,0.0,9.12,994.01,95.08,OFFLINE,replay
2025-01-01T22:00:00,AWS-DEL-011,10.3,993.6,93.0,False,,low,0.0,9.12,994.01,95.08,OFFLINE,replay
2025-01-01T23:00:00,AWS-DEL-011,9.8,993.2,94.0,False,,low,0.0,9.12,994.01,95.08,OFFLINE,replay
2025-01-02T00:00:00,AWS-DEL-011,9.5,992.5,95.0,False,,low,0.0,9.12,994.01,95.08,HEALTHY,replay
2025-01-02T01:00:00,AWS-DEL-011,9.1,991.8,96.0,False,,low,0.0,9.14,993.9,95.07,WARNING,replay
2025-01-02T02:00:00,AWS-DEL-011,8.9,991.5,96.0,False,,low,0.0,9.14,993.76,95.13,WARNING,replay
2025-01-02T03:00:00,AWS-DEL-011,8.5,991.4,97.0,False,,low,0.0,9.12,993.62,95.19,WARNING,replay
2025-01-02T04:00:00,AWS-DEL-011,8.5,991.3,97.0,False,,low,0.0,9.09,993.49,95.29,WARNING,replay
2025-01-02T05:00:00,AWS-DEL-011,8.8,991.5,97.0,False,,low,0.0,9.06,993.37,95.39,WARNING,replay
2025-01-02T06:00:00,AWS-DEL-011,8.7,992.4,97.0,False,,low,0.0,9.04,993.27,95.47,WARNING,replay
2025-01-02T07:00:00,AWS-DEL-011,8.7,992.7,96.0,False,,low,0.0,9.03,993.23,95.55,WARNING,replay
2025-01-02T08:00:00,AWS-DEL-011,9.9,993.7,93.0,False,,low,0.0,9.01,993.2,95.57,WARNING,replay
2025-01-02T09:00:00,AWS-DEL-011,11.7,994.5,90.0,False,,low,0.0,9.05,993.22,95.45,WARNING,replay
2025-01-02T10:00:00,AWS-DEL-011,13.6,994.8,82.0,False,,low,0.0,9.17,993.28,95.22,WARNING,replay
2025-01-02T11:00:00,AWS-DEL-011,15.2,994.3,76.0,False,,low,0.0,9.35,993.34,94.67,WARNING,replay
2025-01-02T12:00:00,AWS-DEL-011,16.5,993.5,71.0,False,,low,0.0,9.58,993.38,93.92,WARNING,replay
2025-01-02T13:00:00,AWS-DEL-011,17.6,992.6,66.0,False,,low,0.0,9.85,993.38,93.04,WARNING,replay
2025-01-02T14:00:00,AWS-DEL-011,18.2,991.9,65.0,False,,low,0.0,10.14,993.36,92.04,HEALTHY,replay
2025-01-02T15:00:00,AWS-DEL-011,18.2,991.7,65.0,False,,low,0.0,10.42,993.3,91.07,HEALTHY,replay
2025-01-02T16:00:00,AWS-DEL-011,17.6,991.7,69.0,False,,low,0.0,10.69,993.25,90.17,HEALTHY,replay
2025-01-02T17:00:00,AWS-DEL-011,15.7,991.5,78.0,False,,low,0.0,10.92,993.2,89.47,HEALTHY,replay
2025-01-02T18:00:00,AWS-DEL-011,13.6,992.6,81.0,False,,low,0.0,11.08,993.14,89.1,HEALTHY,replay
2025-01-02T19:00:00,AWS-DEL-011,13.1,992.6,83.0,False,,low,0.0,11.16,993.12,88.84,HEALTHY,replay
2025-01-02T20:00:00,AWS-DEL-011,12.6,992.9,84.0,False,,low,0.0,11.22,993.11,88.67,HEALTHY,replay
2025-01-02T21:00:00,AWS-DEL-011,11.8,993.2,87.0,False,,low,0.0,11.26,993.1,88.53,HEALTHY,replay
2025-01-02T22:00:00,AWS-DEL-011,11.0,993.3,90.0,False,,low,0.0,11.27,993.11,88.49,HEALTHY,replay
2025-01-02T23:00:00,AWS-DEL-011,10.2,992.8,92.0,False,,low,0.0,11.26,993.11,88.53,HEALTHY,replay
2025-01-03T00:00:00,AWS-DEL-011,9.7,992.4,93.0,False,,low,0.0,11.24,993.1,88.62,HEALTHY,replay
2025-01-03T01:00:00,AWS-DEL-011,9.4,992.0,93.0,False,,low,0.0,11.19,993.08,88.74,HEALTHY,replay
2025-01-03T02:00:00,AWS-DEL-011,9.0,991.6,94.0,False,,low,0.0,11.15,993.06,88.85,HEALTHY,replay
2025-01-03T03:00:00,AWS-DEL-011,9.2,991.6,94.0,False,,low,0.0,11.1,993.02,88.97,HEALTHY,replay
2025-01-03T04:00:00,AWS-DEL-011,8.9,991.6,96.0,False,,low,0.0,11.05,992.99,89.1,HEALTHY,replay
2025-01-03T05:00:00,AWS-DEL-011,8.6,991.8,98.0,False,,low,0.0,11.0,992.95,89.26,HEALTHY,replay
2025-01-03T06:00:00,AWS-DEL-011,9.3,992.5,99.0,False,,low,0.0,10.94,992.93,89.47,HEALTHY,replay
2025-01-03T07:00:00,AWS-DEL-011,9.2,993.1,96.0,False,,low,0.0,10.9,992.92,89.68,HEALTHY,replay
2025-01-03T08:00:00,AWS-DEL-011,9.8,994.1,96.0,False,,low,0.0,10.87,992.92,89.82,HEALTHY,replay
2025-01-03T09:00:00,AWS-DEL-011,11.0,994.9,95.0,False,,low,0.0,10.84,992.95,89.96,HEALTHY,replay
2025-01-03T10:00:00,AWS-DEL-011,12.8,995.3,92.0,False,,low,0.0,10.85,992.99,90.06,HEALTHY,replay
2025-01-03T11:00:00,AWS-DEL-011,15.2,994.8,82.0,False,,low,0.0,10.89,993.04,90.1,HEALTHY,replay
2025-01-03T12:00:00,AWS-DEL-011,17.3,993.6,72.0,False,,low,0.0,11.03,993.05,89.73,HEALTHY,replay
2025-01-03T13:00:00,AWS-DEL-011,18.7,992.7,64.0,False,,low,0.0,11.23,993.04,89.15,HEALTHY,replay
2025-01-03T14:00:00,AWS-DEL-011,19.4,991.9,62.0,False,,low,0.0,11.45,993.03,88.4,HEALTHY,replay
2025-01-03T15:00:00,AWS-DEL-011,19.6,991.4,61.0,False,,low,0.0,11.69,993.01,87.62,HEALTHY,replay
2025-01-03T16:00:00,AWS-DEL-011,19.0,990.9,70.0,False,,low,23.2,11.94,992.97,86.85,HEALTHY,replay
2025-01-03T17:00:00,AWS-DEL-011,16.7,990.8,78.0,False,,low,21.9,12.17,992.93,86.29,HEALTHY,replay
2025-01-03T18:00:00,AWS-DEL-011,14.7,991.7,82.0,False,,low,37.5,12.34,992.87,85.92,HEALTHY,replay
2025-01-03T19:00:00,AWS-DEL-011,13.7,991.8,86.0,False,,low,18.6,12.47,992.82,85.65,HEALTHY,replay
2025-01-03T20:00:00,AWS-DEL-011,12.8,991.9,89.0,False,,low,10.5,12.57,992.76,85.5,HEALTHY,replay
2025-01-03T21:00:00,AWS-DEL-011,12.0,991.8,90.0,False,,low,6.4,12.64,992.69,85.33,HEALTHY,replay
2025-01-03T22:00:00,AWS-DEL-011,11.4,991.4,91.0,False,,low,3.5,12.66,992.61,85.35,HEALTHY,replay
2026-09-11T15:30:05.981025+00:00,AWS-DEL-011,27.8,985.1,84.0,False,,low,0.0,,,,HEALTHY,live
2025-01-01T00:00:00,AWS-DEL-011,8.3,994.3,100.0,False,,low,0.0,,,,HEALTHY,replay
2025-01-01T01:00:00,AWS-DEL-011,8.0,993.7,100.0,False,,low,0.0,,,,HEALTHY,replay
2025-01-01T02:00:00,AWS-DEL-011,7.8,993.3,100.0,False,,low,0.0,,,,HEALTHY,replay
2025-01-01T03:00:00,AWS-DEL-011,8.0,993.1,99.0,False,,low,0.0,,,,HEALTHY,replay
2025-01-01T04:00:00,AWS-DEL-011,7.7,992.9,98.0,False,,low,0.0,,,,HEALTHY,replay
2025-01-01T05:00:00,AWS-DEL-011,7.8,993.0,97.0,False,,low,0.0,,,,HEALTHY,replay
2025-01-01T06:00:00,AWS-DEL-011,8.4,993.7,96.0,False,,low,0.0,7.93,993.38,99.0,HEALTHY,replay
2025-01-01T07:00:00,AWS-DEL-011,8.5,994.2,95.0,False,,low,0.0,8.0,993.43,98.57,HEALTHY,replay
2025-01-01T08:00:00,AWS-DEL-011,8.9,994.7,93.0,False,,low,0.0,8.06,993.52,98.12,HEALTHY,replay
2025-01-01T09:00:00,AWS-DEL-011,9.5,995.2,97.0,False,,low,0.0,8.16,993.66,97.56,HEALTHY,replay
2025-01-01T10:00:00,AWS-DEL-011,11.3,995.4,89.0,False,,low,0.0,8.29,993.81,97.5,HEALTHY,replay
2025-01-01T11:00:00,AWS-DEL-011,13.2,994.9,82.0,False,,low,0.0,8.56,993.95,96.73,HEALTHY,replay
2025-01-01T12:00:00,AWS-DEL-011,14.6,993.8,78.0,True,drift,critical,95.0,8.95,994.03,95.5,HEALTHY,replay
2025-01-01T13:00:00,AWS-DEL-011,15.8,992.5,73.0,True,drift,critical,95.0,8.95,994.03,95.5,HEALTHY,replay
2025-01-01T14:00:00,AWS-DEL-011,16.6,991.7,71.0,True,drift,critical,95.0,8.95,994.03,95.5,HEALTHY,replay
2025-01-01T15:00:00,AWS-DEL-011,16.8,991.3,70.0,True,drift,critical,95.0,8.95,994.03,95.5,OFFLINE,replay
2025-01-01T16:00:00,AWS-DEL-011,16.3,991.3,73.0,True,drift,critical,95.0,8.95,994.03,95.5,OFFLINE,replay
2025-01-01T17:00:00,AWS-DEL-011,14.7,991.4,80.0,True,drift,critical,95.0,8.95,994.03,95.5,OFFLINE,replay
2025-01-01T18:00:00,AWS-DEL-011,12.2,993.0,86.0,False,,low,0.0,8.95,994.03,95.5,OFFLINE,replay
2025-01-01T19:00:00,AWS-DEL-011,11.6,993.3,88.0,False,,low,0.0,8.95,994.03,95.5,OFFLINE,replay
2025-01-01T20:00:00,AWS-DEL-011,11.1,993.7,90.0,False,,low,0.0,8.95,994.03,95.5,HEALTHY,replay
2025-01-01T21:00:00,AWS-DEL-011,10.7,993.8,91.0,False,,low,0.0,9.12,994.01,95.08,OFFLINE,replay
2025-01-01T22:00:00,AWS-DEL-011,10.3,993.6,93.0,False,,low,0.0,9.12,994.01,95.08,OFFLINE,replay
2025-01-01T23:00:00,AWS-DEL-011,9.8,993.2,94.0,False,,low,0.0,9.12,994.01,95.08,OFFLINE,replay
2025-01-02T00:00:00,AWS-DEL-011,9.5,992.5,95.0,False,,low,0.0,9.12,994.01,95.08,HEALTHY,replay
2025-01-02T01:00:00,AWS-DEL-011,9.1,991.8,96.0,False,,low,0.0,9.14,993.9,95.07,WARNING,replay
2025-01-02T02:00:00,AWS-DEL-011,8.9,991.5,96.0,False,,low,0.0,9.14,993.76,95.13,WARNING,replay
2025-01-02T03:00:00,AWS-DEL-011,8.5,991.4,97.0,False,,low,0.0,9.12,993.62,95.19,WARNING,replay
2025-01-02T04:00:00,AWS-DEL-011,8.5,991.3,97.0,False,,low,0.0,9.09,993.49,95.29,WARNING,replay
2025-01-02T05:00:00,AWS-DEL-011,8.8,991.5,97.0,False,,low,0.0,9.06,993.37,95.39,WARNING,replay
2025-01-02T06:00:00,AWS-DEL-011,8.7,992.4,97.0,False,,low,0.0,9.04,993.27,95.47,WARNING,replay
2025-01-02T07:00:00,AWS-DEL-011,8.7,992.7,96.0,False,,low,0.0,9.03,993.23,95.55,WARNING,replay
2025-01-02T08:00:00,AWS-DEL-011,9.9,993.7,93.0,False,,low,0.0,9.01,993.2,95.57,WARNING,replay
2025-01-02T09:00:00,AWS-DEL-011,11.7,994.5,90.0,False,,low,0.0,9.05,993.22,95.45,WARNING,replay
2025-01-02T10:00:00,AWS-DEL-011,13.6,994.8,82.0,False,,low,0.0,9.17,993.28,95.22,WARNING,replay
2025-01-02T11:00:00,AWS-DEL-011,15.2,994.3,76.0,False,,low,0.0,9.35,993.34,94.67,WARNING,replay
2025-01-02T12:00:00,AWS-DEL-011,16.5,993.5,71.0,False,,low,0.0,9.58,993.38,93.92,WARNING,replay
2025-01-02T13:00:00,AWS-DEL-011,17.6,992.6,66.0,False,,low,0.0,9.85,993.38,93.04,WARNING,replay
2025-01-02T14:00:00,AWS-DEL-011,18.2,991.9,65.0,False,,low,0.0,10.14,993.36,92.04,HEALTHY,replay
2025-01-02T15:00:00,AWS-DEL-011,18.2,991.7,65.0,False,,low,0.0,10.42,993.3,91.07,HEALTHY,replay
2025-01-02T16:00:00,AWS-DEL-011,17.6,991.7,69.0,False,,low,0.0,10.69,993.25,90.17,HEALTHY,replay
2025-01-02T17:00:00,AWS-DEL-011,15.7,991.5,78.0,False,,low,0.0,10.92,993.2,89.47,HEALTHY,replay
2025-01-02T18:00:00,AWS-DEL-011,13.6,992.6,81.0,False,,low,0.0,11.08,993.14,89.1,HEALTHY,replay
2025-01-02T19:00:00,AWS-DEL-011,13.1,992.6,83.0,False,,low,0.0,11.16,993.12,88.84,HEALTHY,replay
2025-01-02T20:00:00,AWS-DEL-011,12.6,992.9,84.0,False,,low,0.0,11.22,993.11,88.67,HEALTHY,replay
2025-01-02T21:00:00,AWS-DEL-011,11.8,993.2,87.0,False,,low,0.0,11.26,993.1,88.53,HEALTHY,replay
2025-01-02T22:00:00,AWS-DEL-011,11.0,993.3,90.0,False,,low,0.0,11.27,993.11,88.49,HEALTHY,replay
2025-01-02T23:00:00,AWS-DEL-011,10.2,992.8,92.0,False,,low,0.0,11.26,993.11,88.53,HEALTHY,replay
2025-01-03T00:00:00,AWS-DEL-011,9.7,992.4,93.0,False,,low,0.0,11.24,993.1,88.62,HEALTHY,replay
2025-01-03T01:00:00,AWS-DEL-011,9.4,992.0,93.0,False,,low,0.0,11.19,993.08,88.74,HEALTHY,replay
2025-01-03T02:00:00,AWS-DEL-011,9.0,991.6,94.0,False,,low,0.0,11.15,993.06,88.85,HEALTHY,replay
2025-01-03T03:00:00,AWS-DEL-011,9.2,991.6,94.0,False,,low,0.0,11.1,993.02,88.97,HEALTHY,replay
2025-01-03T04:00:00,AWS-DEL-011,8.9,991.6,96.0,False,,low,0.0,11.05,992.99,89.1,HEALTHY,replay
2025-01-03T05:00:00,AWS-DEL-011,8.6,991.8,98.0,False,,low,0.0,11.0,992.95,89.26,HEALTHY,replay
2025-01-03T06:00:00,AWS-DEL-011,9.3,992.5,99.0,False,,low,0.0,10.94,992.93,89.47,HEALTHY,replay
2025-01-03T07:00:00,AWS-DEL-011,9.2,993.1,96.0,False,,low,0.0,10.9,992.92,89.68,HEALTHY,replay
2025-01-03T08:00:00,AWS-DEL-011,9.8,994.1,96.0,False,,low,0.0,10.87,992.92,89.82,HEALTHY,replay
2025-01-03T09:00:00,AWS-DEL-011,11.0,994.9,95.0,False,,low,0.0,10.84,992.95,89.96,HEALTHY,replay
2025-01-03T10:00:00,AWS-DEL-011,12.8,995.3,92.0,False,,low,0.0,10.85,992.99,90.06,HEALTHY,replay
2025-01-03T11:00:00,AWS-DEL-011,15.2,994.8,82.0,False,,low,0.0,10.89,993.04,90.1,HEALTHY,replay
2025-01-03T12:00:00,AWS-DEL-011,17.3,993.6,72.0,False,,low,0.0,11.03,993.05,89.73,HEALTHY,replay
2025-01-03T13:00:00,AWS-DEL-011,18.7,992.7,64.0,False,,low,0.0,11.23,993.04,89.15,HEALTHY,replay
2025-01-03T14:00:00,AWS-DEL-011,19.4,991.9,62.0,False,,low,0.0,11.45,993.03,88.4,HEALTHY,replay
2025-01-01T00:00:00,AWS-DEL-011,8.3,994.3,100.0,False,,low,0.0,,,,HEALTHY,replay
2025-01-01T01:00:00,AWS-DEL-011,8.0,993.7,100.0,False,,low,0.0,,,,HEALTHY,replay
2025-01-01T02:00:00,AWS-DEL-011,7.8,993.3,100.0,False,,low,0.0,,,,HEALTHY,replay
2025-01-01T03:00:00,AWS-DEL-011,8.0,993.1,99.0,False,,low,0.0,,,,HEALTHY,replay
2025-01-01T04:00:00,AWS-DEL-011,7.7,992.9,98.0,False,,low,0.0,,,,HEALTHY,replay
2025-01-01T05:00:00,AWS-DEL-011,7.8,993.0,97.0,False,,low,0.0,,,,HEALTHY,replay
2025-01-01T06:00:00,AWS-DEL-011,8.4,993.7,96.0,False,,low,0.0,7.93,993.38,99.0,HEALTHY,replay
2025-01-01T07:00:00,AWS-DEL-011,8.5,994.2,95.0,False,,low,0.0,8.0,993.43,98.57,HEALTHY,replay
2025-01-01T08:00:00,AWS-DEL-011,8.9,994.7,93.0,False,,low,0.0,8.06,993.52,98.12,HEALTHY,replay
2025-01-01T09:00:00,AWS-DEL-011,9.5,995.2,97.0,False,,low,0.0,8.16,993.66,97.56,HEALTHY,replay
2025-01-01T10:00:00,AWS-DEL-011,11.3,995.4,89.0,False,,low,0.0,8.29,993.81,97.5,HEALTHY,replay
2025-01-01T11:00:00,AWS-DEL-011,13.2,994.9,82.0,False,,low,0.0,8.56,993.95,96.73,HEALTHY,replay
2025-01-01T12:00:00,AWS-DEL-011,14.6,993.8,78.0,True,drift,critical,95.0,8.95,994.03,95.5,HEALTHY,replay
2025-01-01T13:00:00,AWS-DEL-011,15.8,992.5,73.0,True,drift,critical,95.0,8.95,994.03,95.5,HEALTHY,replay
2025-01-01T14:00:00,AWS-DEL-011,16.6,991.7,71.0,True,drift,critical,95.0,8.95,994.03,95.5,HEALTHY,replay
2025-01-01T15:00:00,AWS-DEL-011,16.8,991.3,70.0,True,drift,critical,95.0,8.95,994.03,95.5,OFFLINE,replay
2025-01-01T16:00:00,AWS-DEL-011,16.3,991.3,73.0,True,drift,critical,95.0,8.95,994.03,95.5,OFFLINE,replay
2025-01-01T17:00:00,AWS-DEL-011,14.7,991.4,80.0,True,drift,critical,95.0,8.95,994.03,95.5,OFFLINE,replay
2025-01-01T18:00:00,AWS-DEL-011,12.2,993.0,86.0,False,,low,0.0,8.95,994.03,95.5,OFFLINE,replay
2025-01-01T19:00:00,AWS-DEL-011,11.6,993.3,88.0,False,,low,0.0,8.95,994.03,95.5,OFFLINE,replay
2025-01-01T20:00:00,AWS-DEL-011,11.1,993.7,90.0,False,,low,0.0,8.95,994.03,95.5,HEALTHY,replay
2025-01-01T21:00:00,AWS-DEL-011,10.7,993.8,91.0,False,,low,0.0,9.12,994.01,95.08,OFFLINE,replay
2025-01-01T22:00:00,AWS-DEL-011,10.3,993.6,93.0,False,,low,0.0,9.12,994.01,95.08,OFFLINE,replay
2025-01-01T23:00:00,AWS-DEL-011,9.8,993.2,94.0,False,,low,0.0,9.12,994.01,95.08,OFFLINE,replay
2025-01-02T00:00:00,AWS-DEL-011,9.5,992.5,95.0,False,,low,0.0,9.12,994.01,95.08,HEALTHY,replay
2025-01-02T01:00:00,AWS-DEL-011,9.1,991.8,96.0,False,,low,0.0,9.14,993.9,95.07,WARNING,replay
2025-01-02T02:00:00,AWS-DEL-011,8.9,991.5,96.0,False,,low,0.0,9.14,993.76,95.13,WARNING,replay
2025-01-02T03:00:00,AWS-DEL-011,8.5,991.4,97.0,False,,low,0.0,9.12,993.62,95.19,WARNING,replay
2025-01-02T04:00:00,AWS-DEL-011,8.5,991.3,97.0,False,,low,0.0,9.09,993.49,95.29,WARNING,replay
2025-01-02T05:00:00,AWS-DEL-011,8.8,991.5,97.0,False,,low,0.0,9.06,993.37,95.39,WARNING,replay
2025-01-02T06:00:00,AWS-DEL-011,8.7,992.4,97.0,False,,low,0.0,9.04,993.27,95.47,WARNING,replay
2025-01-02T07:00:00,AWS-DEL-011,8.7,992.7,96.0,False,,low,0.0,9.03,993.23,95.55,WARNING,replay
2025-01-02T08:00:00,AWS-DEL-011,9.9,993.7,93.0,False,,low,0.0,9.01,993.2,95.57,WARNING,replay
2025-01-02T09:00:00,AWS-DEL-011,11.7,994.5,90.0,False,,low,0.0,9.05,993.22,95.45,WARNING,replay
2025-01-02T10:00:00,AWS-DEL-011,13.6,994.8,82.0,False,,low,0.0,9.17,993.28,95.22,WARNING,replay
2025-01-02T11:00:00,AWS-DEL-011,15.2,994.3,76.0,False,,low,0.0,9.35,993.34,94.67,WARNING,replay
2025-01-02T12:00:00,AWS-DEL-011,16.5,993.5,71.0,False,,low,0.0,9.58,993.38,93.92,WARNING,replay
2026-09-11T15:45:00+00:00,AWS-DEL-011,27.8,985.3,84.0,False,,low,0.0,,,,HEALTHY,live
2026-09-11T16:30:00+00:00,AWS-DEL-011,27.5,985.7,85.0,False,,low,0.0,,,,HEALTHY,live
2026-09-11T16:45:00+00:00,AWS-DEL-011,27.4,985.7,85.0,False,,low,0.0,,,,HEALTHY,live
2026-09-11T17:00:00+00:00,AWS-DEL-011,27.3,985.7,85.0,False,,low,0.0,,,,HEALTHY,live
2025-01-03T23:00:00,AWS-DEL-011,10.9,991.0,91.0,False,,low,3.2,12.62,992.54,85.54,HEALTHY,replay
2025-01-04T00:00:00,AWS-DEL-011,10.3,990.5,92.0,False,,low,5.5,12.61,992.49,85.56,HEALTHY,replay
2025-01-04T01:00:00,AWS-DEL-011,9.7,990.1,95.0,False,,low,8.3,12.63,992.44,85.5,HEALTHY,replay
2025-01-04T02:00:00,AWS-DEL-011,9.3,989.6,97.0,False,,low,9.5,12.64,992.41,85.48,HEALTHY,replay
2025-01-04T03:00:00,AWS-DEL-011,9.0,989.1,96.0,False,,low,16.2,12.65,992.37,85.5,HEALTHY,replay
2025-01-04T04:00:00,AWS-DEL-011,8.4,988.8,97.0,False,,low,25.5,12.66,992.32,85.48,HEALTHY,replay
2025-01-04T05:00:00,AWS-DEL-011,8.6,989.0,99.0,False,,low,18.0,12.66,992.27,85.48,HEALTHY,replay
2025-01-04T06:00:00,AWS-DEL-011,9.0,990.2,98.0,False,,low,26.7,12.66,992.22,85.52,HEALTHY,replay
2025-01-04T07:00:00,AWS-DEL-011,9.2,990.9,98.0,False,,low,16.6,12.66,992.17,85.54,HEALTHY,replay
2025-01-04T08:00:00,AWS-DEL-011,10.0,991.7,98.0,False,,low,26.6,12.67,992.13,85.58,HEALTHY,replay
2025-01-04T09:00:00,AWS-DEL-011,11.9,992.5,97.0,False,,low,22.0,12.67,992.09,85.69,HEALTHY,replay
2025-01-04T10:00:00,AWS-DEL-011,14.4,992.7,91.0,False,,low,29.5,12.68,992.05,85.83,HEALTHY,replay
2025-01-04T11:00:00,AWS-DEL-011,17.0,992.2,82.0,False,,low,20.5,12.7,992.01,86.02,HEALTHY,replay
2025-01-04T12:00:00,AWS-DEL-011,19.3,991.2,74.0,False,,low,42.3,12.73,991.96,86.15,HEALTHY,replay
2025-01-04T13:00:00,AWS-DEL-011,20.4,990.2,70.0,False,,low,37.4,12.79,991.91,86.21,HEALTHY,replay
2025-01-04T14:00:00,AWS-DEL-011,21.0,989.3,69.0,False,,low,30.5,12.85,991.86,86.29,HEALTHY,replay
2025-01-04T15:00:00,AWS-DEL-011,21.1,988.9,69.0,False,,low,25.9,12.91,991.81,86.38,HEALTHY,replay
2025-01-04T16:00:00,AWS-DEL-011,20.3,988.6,74.0,False,,low,35.1,12.97,991.75,86.46,HEALTHY,replay
2025-01-04T17:00:00,AWS-DEL-011,17.7,988.6,84.0,False,,low,40.6,13.02,991.69,86.56,HEALTHY,replay
2025-01-04T18:00:00,AWS-DEL-011,14.5,989.8,86.0,False,,medium,55.9,13.07,991.63,86.69,HEALTHY,replay
2025-01-04T19:00:00,AWS-DEL-011,13.9,990.4,89.0,False,,low,42.3,13.09,991.57,86.79,HEALTHY,replay
2025-01-04T20:00:00,AWS-DEL-011,13.2,990.8,92.0,False,,low,24.8,13.1,991.52,86.92,HEALTHY,replay
2025-01-04T21:00:00,AWS-DEL-011,12.6,991.0,94.0,False,,low,8.1,13.11,991.48,87.08,HEALTHY,replay
2025-01-04T22:00:00,AWS-DEL-011,12.0,990.7,95.0,False,,low,4.2,13.13,991.43,87.23,HEALTHY,replay
2025-01-04T23:00:00,AWS-DEL-011,11.1,990.3,96.0,False,,low,7.7,13.15,991.38,87.33,HEALTHY,replay
2025-01-05T00:00:00,AWS-DEL-011,10.4,989.8,96.0,False,,low,7.3,13.17,991.33,87.42,HEALTHY,replay
2025-01-05T01:00:00,AWS-DEL-011,9.3,989.4,97.0,False,,low,13.3,13.19,991.27,87.48,HEALTHY,replay
2025-01-05T02:00:00,AWS-DEL-011,9.3,989.3,98.0,False,,low,7.5,13.18,991.22,87.56,HEALTHY,replay
2025-01-05T03:00:00,AWS-DEL-011,9.2,989.4,98.0,False,,low,7.8,13.19,991.17,87.65,HEALTHY,replay
2025-01-05T04:00:00,AWS-DEL-011,9.3,989.4,99.0,False,,low,12.3,13.19,991.12,87.73,HEALTHY,replay
2025-01-05T05:00:00,AWS-DEL-011,9.9,989.7,100.0,False,,low,10.1,13.2,991.08,87.79,HEALTHY,replay
2025-01-05T06:00:00,AWS-DEL-011,9.9,990.6,98.0,False,,low,11.0,13.22,991.04,87.83,HEALTHY,replay
2025-01-05T07:00:00,AWS-DEL-011,9.7,991.1,98.0,False,,low,8.4,13.24,991.0,87.81,HEALTHY,replay
2025-01-05T08:00:00,AWS-DEL-011,9.7,991.9,97.0,False,,low,14.4,13.25,990.95,87.85,HEALTHY,replay
2025-01-05T09:00:00,AWS-DEL-011,10.1,992.7,97.0,False,,low,13.3,13.25,990.91,87.88,HEALTHY,replay
2025-01-05T10:00:00,AWS-DEL-011,11.7,993.0,91.0,False,,low,20.4,13.23,990.86,87.92,HEALTHY,replay
2025-01-05T11:00:00,AWS-DEL-011,14.0,992.4,84.0,False,,low,19.9,13.2,990.81,87.9,HEALTHY,replay
2025-01-05T12:00:00,AWS-DEL-011,15.7,991.3,79.0,False,,low,16.4,13.18,990.76,87.94,HEALTHY,replay
2025-01-05T13:00:00,AWS-DEL-011,17.1,990.3,75.0,False,,low,27.3,13.15,990.72,88.08,HEALTHY,replay
2025-01-05T14:00:00,AWS-DEL-011,17.9,989.7,71.0,False,,low,28.6,13.11,990.67,88.31,HEALTHY,replay
2025-01-05T15:00:00,AWS-DEL-011,18.1,989.3,71.0,False,,low,17.2,13.08,990.62,88.5,HEALTHY,replay
2025-01-05T16:00:00,AWS-DEL-011,17.6,988.9,74.0,False,,low,15.6,13.05,990.58,88.71,HEALTHY,replay
2025-01-05T17:00:00,AWS-DEL-011,16.0,988.6,81.0,False,,low,22.9,13.02,990.54,88.79,HEALTHY,replay
2025-01-05T18:00:00,AWS-DEL-011,13.8,989.6,87.0,False,,low,48.0,13.01,990.49,88.85,HEALTHY,replay
2025-01-05T19:00:00,AWS-DEL-011,13.2,990.0,90.0,False,,low,34.6,12.99,990.45,88.96,HEALTHY,replay
2025-01-05T20:00:00,AWS-DEL-011,12.6,990.7,91.0,False,,low,39.0,12.98,990.41,89.04,HEALTHY,replay
2025-01-05T21:00:00,AWS-DEL-011,12.2,991.0,92.0,False,,low,19.3,12.97,990.38,89.08,HEALTHY,replay
2025-01-05T22:00:00,AWS-DEL-011,11.5,991.2,94.0,False,,low,25.2,12.98,990.37,89.12,HEALTHY,replay
2025-01-05T23:00:00,AWS-DEL-011,10.8,991.0,95.0,False,,low,19.3,12.98,990.36,89.19,HEALTHY,replay
2025-01-06T00:00:00,AWS-DEL-011,10.3,990.7,97.0,False,,low,5.2,12.98,990.36,89.27,HEALTHY,replay
2025-01-06T01:00:00,AWS-DEL-011,9.8,990.3,98.0,False,,low,5.3,12.98,990.37,89.38,HEALTHY,replay
2025-01-06T02:00:00,AWS-DEL-011,9.7,990.0,99.0,False,,low,5.9,12.98,990.37,89.44,HEALTHY,replay
2025-01-06T03:00:00,AWS-DEL-011,8.8,989.3,100.0,False,,low,22.2,12.99,990.38,89.48,HEALTHY,replay
2025-01-06T04:00:00,AWS-DEL-011,9.1,989.6,99.0,False,,low,10.2,12.98,990.38,89.56,HEALTHY,replay
2025-01-06T05:00:00,AWS-DEL-011,9.0,990.0,100.0,False,,low,5.4,13.0,990.4,89.6,HEALTHY,replay
2025-01-06T06:00:00,AWS-DEL-011,9.9,991.1,100.0,False,,low,20.0,13.01,990.42,89.62,HEALTHY,replay
2025-01-06T07:00:00,AWS-DEL-011,10.6,991.4,98.0,False,,low,9.7,13.02,990.44,89.67,HEALTHY,replay
2025-01-06T08:00:00,AWS-DEL-011,10.9,992.3,98.0,False,,low,16.9,13.05,990.45,89.67,HEALTHY,replay
2025-01-06T09:00:00,AWS-DEL-011,12.5,993.7,92.0,False,,low,40.2,13.07,990.46,89.67,HEALTHY,replay
2025-01-06T10:00:00,AWS-DEL-011,14.0,993.9,88.0,False,,low,29.1,13.09,990.49,89.56,HEALTHY,replay
2025-01-06T11:00:00,AWS-DEL-011,15.7,993.2,81.0,False,,low,29.7,13.08,990.51,89.5,HEALTHY,replay
2025-01-06T12:00:00,AWS-DEL-011,16.8,992.3,77.0,False,,low,25.1,13.05,990.53,89.48,HEALTHY,replay
2025-01-06T13:00:00,AWS-DEL-011,17.5,991.5,74.0,False,,low,12.5,13.0,990.56,89.54,HEALTHY,replay
2025-01-06T14:00:00,AWS-DEL-011,17.9,991.0,71.0,False,,low,9.4,12.94,990.58,89.62,HEALTHY,replay
2025-01-06T15:00:00,AWS-DEL-011,18.0,990.8,73.0,False,,low,11.9,12.87,990.62,89.67,HEALTHY,replay
2025-01-06T16:00:00,AWS-DEL-011,17.4,990.5,75.0,False,,low,6.9,12.81,990.66,89.75,HEALTHY,replay
2025-01-06T17:00:00,AWS-DEL-011,16.1,990.5,80.0,False,,low,10.7,12.75,990.7,89.77,HEALTHY,replay
2025-01-06T18:00:00,AWS-DEL-011,14.2,991.5,86.0,False,,low,27.8,12.71,990.74,89.69,HEALTHY,replay
2025-01-06T19:00:00,AWS-DEL-011,13.6,991.7,87.0,False,,low,19.7,12.71,990.77,89.69,HEALTHY,replay
2025-01-06T20:00:00,AWS-DEL-011,13.5,992.1,87.0,False,,low,27.8,12.7,990.8,89.65,HEALTHY,replay
2025-01-06T21:00:00,AWS-DEL-011,13.0,992.5,88.0,False,,low,16.7,12.71,990.83,89.54,HEALTHY,replay
2025-01-06T22:00:00,AWS-DEL-011,12.4,992.6,91.0,False,,low,10.7,12.72,990.86,89.42,HEALTHY,replay
2025-01-06T23:00:00,AWS-DEL-011,11.9,992.5,94.0,False,,low,12.0,12.72,990.9,89.33,HEALTHY,replay
2025-01-07T00:00:00,AWS-DEL-011,11.5,992.2,95.0,False,,low,6.2,12.74,990.94,89.29,HEALTHY,replay
2025-01-07T01:00:00,AWS-DEL-011,11.3,991.8,95.0,False,,low,5.2,12.76,990.99,89.27,HEALTHY,replay
2025-01-07T02:00:00,AWS-DEL-011,11.0,991.7,95.0,False,,low,5.8,12.81,991.04,89.23,HEALTHY,replay
2025-01-07T03:00:00,AWS-DEL-011,10.7,991.6,96.0,False,,low,5.1,12.84,991.09,89.17,HEALTHY,replay
2025-01-07T04:00:00,AWS-DEL-011,10.4,991.5,97.0,False,,low,4.1,12.87,991.14,89.12,HEALTHY,replay
2025-01-07T05:00:00,AWS-DEL-011,10.2,991.5,97.0,False,,low,3.0,12.9,991.18,89.08,HEALTHY,replay
2025-01-07T06:00:00,AWS-DEL-011,11.3,992.8,98.0,False,,low,23.2,12.9,991.22,89.02,HEALTHY,replay
2025-01-07T07:00:00,AWS-DEL-011,11.1,993.6,98.0,False,,low,17.2,12.93,991.27,89.02,HEALTHY,replay
2025-01-07T08:00:00,AWS-DEL-011,11.2,994.5,99.0,False,,low,34.3,12.96,991.32,89.02,HEALTHY,replay
2025-01-07T09:00:00,AWS-DEL-011,11.7,995.0,97.0,False,,low,16.8,12.99,991.37,89.06,HEALTHY,replay
2025-01-07T10:00:00,AWS-DEL-011,12.9,994.8,92.0,False,,low,22.6,13.03,991.42,89.06,HEALTHY,replay
2025-01-07T11:00:00,AWS-DEL-011,14.2,994.3,86.0,False,,low,19.2,13.05,991.46,89.08,HEALTHY,replay
2025-01-07T12:00:00,AWS-DEL-011,15.6,993.3,79.0,False,,low,28.8,13.05,991.5,89.12,HEALTHY,replay
2025-01-07T13:00:00,AWS-DEL-011,16.9,992.0,69.0,False,,low,45.7,13.05,991.54,89.12,HEALTHY,replay
2025-01-07T14:00:00,AWS-DEL-011,17.5,990.9,69.0,False,,low,36.3,13.05,991.57,89.0,HEALTHY,replay
2025-01-07T15:00:00,AWS-DEL-011,17.5,990.3,69.0,False,,low,24.1,13.04,991.6,88.96,HEALTHY,replay
2025-01-07T16:00:00,AWS-DEL-011,16.8,990.2,72.0,False,,low,8.6,13.03,991.62,88.92,HEALTHY,replay
2025-01-07T17:00:00,AWS-DEL-011,15.5,990.1,78.0,False,,low,9.3,13.01,991.65,88.88,HEALTHY,replay
2025-01-07T18:00:00,AWS-DEL-011,13.8,991.5,86.0,False,,low,24.7,13.0,991.68,88.81,HEALTHY,replay
2025-01-07T19:00:00,AWS-DEL-011,13.3,991.5,87.0,False,,low,8.3,13.0,991.72,88.79,HEALTHY,replay
2025-01-07T20:00:00,AWS-DEL-011,12.8,991.9,89.0,False,,low,7.9,13.0,991.75,88.73,HEALTHY,replay
2025-01-07T21:00:00,AWS-DEL-011,12.2,991.9,91.0,False,,low,3.4,13.01,991.77,88.69,HEALTHY,replay
2025-01-07T22:00:00,AWS-DEL-011,11.7,991.6,91.0,False,,low,1.8,13.01,991.79,88.67,HEALTHY,replay
2025-01-07T23:00:00,AWS-DEL-011,11.2,990.9,90.0,False,,low,4.0,13.01,991.8,88.6,HEALTHY,replay
2025-01-08T00:00:00,AWS-DEL-011,10.7,990.3,89.0,False,,low,4.7,13.02,991.8,88.5,HEALTHY,replay
2025-01-08T01:00:00,AWS-DEL-011,10.2,989.6,88.0,False,,low,10.5,13.03,991.79,88.33,HEALTHY,replay
2025-01-08T02:00:00,AWS-DEL-011,9.8,989.1,88.0,False,,low,10.1,13.04,991.78,88.12,HEALTHY,replay
2025-01-08T03:00:00,AWS-DEL-011,9.5,988.8,88.0,False,,low,9.6,13.04,991.76,87.9,HEALTHY,replay
2025-01-08T04:00:00,AWS-DEL-011,9.2,988.5,87.0,False,,low,15.5,13.05,991.75,87.65,HEALTHY,replay
2025-01-08T05:00:00,AWS-DEL-011,9.0,988.7,86.0,False,,low,19.6,13.05,991.73,87.4,HEALTHY,replay
2025-01-08T06:00:00,AWS-DEL-011,8.9,989.2,88.0,False,,low,15.3,13.05,991.7,87.1,HEALTHY,replay
2025-01-08T07:00:00,AWS-DEL-011,8.7,990.0,88.0,False,,low,15.1,13.03,991.66,86.85,HEALTHY,replay
2025-01-08T08:00:00,AWS-DEL-011,9.6,991.0,84.0,False,,low,18.5,12.99,991.63,86.65,HEALTHY,replay
2025-01-08T09:00:00,AWS-DEL-011,11.3,992.3,80.0,False,,low,30.8,12.97,991.6,86.35,HEALTHY,replay
2025-01-08T10:00:00,AWS-DEL-011,13.2,992.7,73.0,False,,low,31.0,12.94,991.57,86.1,HEALTHY,replay
2025-01-08T11:00:00,AWS-DEL-011,15.0,992.1,67.0,False,,low,26.6,12.92,991.55,85.79,HEALTHY,replay
2025-01-08T12:00:00,AWS-DEL-011,16.7,991.3,62.0,False,,low,19.9,12.91,991.52,85.5,HEALTHY,replay
2025-01-08T13:00:00,AWS-DEL-011,17.8,990.5,56.0,False,,low,18.8,12.91,991.5,85.19,HEALTHY,replay
2025-01-08T14:00:00,AWS-DEL-011,18.4,990.0,52.0,False,,low,19.1,12.91,991.48,84.81,HEALTHY,replay
2025-01-08T15:00:00,AWS-DEL-011,18.3,989.9,52.0,False,,low,17.9,12.92,991.46,84.42,HEALTHY,replay
2025-01-08T16:00:00,AWS-DEL-011,17.6,989.7,57.0,False,,low,12.4,12.93,991.44,83.98,HEALTHY,replay
2025-01-08T17:00:00,AWS-DEL-011,15.4,989.6,67.0,False,,low,29.1,12.94,991.43,83.6,HEALTHY,replay
2025-01-08T18:00:00,AWS-DEL-011,14.7,989.9,71.0,False,,low,37.6,12.92,991.41,83.33,HEALTHY,replay
2025-01-08T19:00:00,AWS-DEL-011,13.8,990.3,73.0,False,,low,30.6,12.93,991.38,83.02,HEALTHY,replay
2025-01-08T20:00:00,AWS-DEL-011,13.0,990.8,75.0,False,,low,16.7,12.94,991.35,82.73,HEALTHY,replay
2025-01-08T21:00:00,AWS-DEL-011,12.3,991.2,76.0,False,,low,9.6,12.92,991.32,82.48,HEALTHY,replay
2025-01-08T22:00:00,AWS-DEL-011,11.7,991.2,76.0,False,,low,3.4,12.91,991.29,82.23,HEALTHY,replay
2025-01-08T23:00:00,AWS-DEL-011,10.9,990.9,79.0,False,,low,3.8,12.9,991.26,81.92,HEALTHY,replay
2025-01-09T00:00:00,AWS-DEL-011,10.1,990.6,82.0,False,,low,4.4,12.88,991.23,81.6,HEALTHY,replay
2025-01-09T01:00:00,AWS-DEL-011,9.3,990.5,85.0,False,,low,7.3,12.85,991.2,81.33,HEALTHY,replay
2025-01-09T02:00:00,AWS-DEL-011,8.9,990.7,85.0,False,,low,6.7,12.8,991.17,81.12,HEALTHY,replay
2025-01-09T03:00:00,AWS-DEL-011,8.5,990.5,85.0,False,,low,5.5,12.76,991.15,80.92,HEALTHY,replay
2025-01-09T04:00:00,AWS-DEL-011,8.2,990.5,86.0,False,,low,9.6,12.71,991.12,80.69,HEALTHY,replay
2025-01-09T05:00:00,AWS-DEL-011,8.0,990.6,86.0,False,,low,8.1,12.67,991.1,80.46,HEALTHY,replay
2025-01-09T06:00:00,AWS-DEL-011,8.3,991.4,87.0,False,,low,18.4,12.62,991.09,80.23,HEALTHY,replay
2025-01-09T07:00:00,AWS-DEL-011,8.3,992.1,87.0,False,,low,13.7,12.56,991.06,80.0,HEALTHY,replay
2025-01-09T08:00:00,AWS-DEL-011,9.1,993.3,90.0,False,,low,34.1,12.5,991.02,79.77,HEALTHY,replay
2025-01-09T09:00:00,AWS-DEL-011,11.8,994.5,87.0,False,,low,44.6,12.46,991.0,79.58,HEALTHY,replay
2025-01-09T10:00:00,AWS-DEL-011,14.8,995.2,77.0,False,,low,40.4,12.46,990.99,79.38,HEALTHY,replay
2025-01-09T11:00:00,AWS-DEL-011,16.5,994.7,67.0,False,,low,34.0,12.5,991.0,79.06,HEALTHY,replay
2025-01-09T12:00:00,AWS-DEL-011,17.5,993.7,62.0,False,,low,30.7,12.55,991.01,78.67,HEALTHY,replay
2025-01-09T13:00:00,AWS-DEL-011,18.3,992.8,58.0,False,,low,15.9,12.59,991.01,78.31,HEALTHY,replay
2025-01-09T14:00:00,AWS-DEL-011,18.7,992.3,56.0,False,,low,10.5,12.62,991.03,78.08,HEALTHY,replay
2025-01-09T15:00:00,AWS-DEL-011,18.7,992.0,55.0,False,,low,13.5,12.64,991.06,77.81,HEALTHY,replay
2025-01-09T16:00:00,AWS-DEL-011,18.2,992.0,61.0,False,,low,11.4,12.67,991.1,77.52,HEALTHY,replay
2025-01-09T17:00:00,AWS-DEL-011,16.4,992.0,66.0,False,,low,8.2,12.7,991.13,77.29,HEALTHY,replay
2025-01-09T18:00:00,AWS-DEL-011,15.1,992.9,72.0,False,,low,20.3,12.71,991.17,77.04,HEALTHY,replay
2025-01-09T19:00:00,AWS-DEL-011,13.8,993.0,77.0,False,,low,12.9,12.74,991.2,76.75,HEALTHY,replay
2025-01-09T20:00:00,AWS-DEL-011,12.9,993.7,81.0,False,,low,21.3,12.75,991.23,76.54,HEALTHY,replay
2025-01-09T21:00:00,AWS-DEL-011,12.6,994.2,81.0,False,,low,13.9,12.75,991.27,76.38,HEALTHY,replay
2025-01-09T22:00:00,AWS-DEL-011,12.1,994.3,82.0,False,,low,6.0,12.76,991.32,76.17,HEALTHY,replay
2025-01-09T23:00:00,AWS-DEL-011,11.1,994.1,86.0,False,,low,6.8,12.77,991.38,75.98,HEALTHY,replay
2025-01-10T00:00:00,AWS-DEL-011,10.3,993.7,90.0,False,,low,9.1,12.77,991.44,75.9,HEALTHY,replay
2025-01-10T01:00:00,AWS-DEL-011,9.7,993.4,92.0,False,,low,7.3,12.76,991.51,75.92,HEALTHY,replay
2025-01-10T02:00:00,AWS-DEL-011,9.2,993.2,93.0,False,,low,5.4,12.75,991.59,76.0,HEALTHY,replay
2025-01-10T03:00:00,AWS-DEL-011,8.8,993.1,94.0,False,,low,5.5,12.74,991.68,76.1,HEALTHY,replay
2025-01-10T04:00:00,AWS-DEL-011,8.6,992.9,94.0,False,,low,7.3,12.72,991.77,76.23,HEALTHY,replay
2025-01-10T05:00:00,AWS-DEL-011,8.4,993.1,93.0,False,,low,8.2,12.71,991.86,76.38,HEALTHY,replay
2025-01-10T06:00:00,AWS-DEL-011,8.5,994.3,96.0,False,,low,28.6,12.7,991.95,76.52,HEALTHY,replay
2025-01-10T07:00:00,AWS-DEL-011,7.9,995.1,99.0,False,,low,39.5,12.69,992.06,76.69,HEALTHY,replay
2025-01-10T08:00:00,AWS-DEL-011,8.8,996.2,98.0,False,,low,47.3,12.67,992.16,76.92,HEALTHY,replay
2025-01-10T09:00:00,AWS-DEL-011,10.9,997.2,94.0,False,,low,44.0,12.66,992.27,77.21,HEALTHY,replay
2025-01-10T10:00:00,AWS-DEL-011,12.7,997.6,91.0,False,,low,36.3,12.65,992.37,77.5,HEALTHY,replay
2025-01-10T11:00:00,AWS-DEL-011,15.1,996.9,81.0,False,,low,37.9,12.64,992.48,77.88,HEALTHY,replay
2025-01-10T12:00:00,AWS-DEL-011,16.6,995.8,72.0,False,,low,25.3,12.64,992.57,78.17,HEALTHY,replay
2025-01-10T13:00:00,AWS-DEL-011,17.5,994.6,66.0,False,,low,24.4,12.64,992.67,78.38,HEALTHY,replay
2025-01-10T14:00:00,AWS-DEL-011,17.9,993.9,62.0,False,,low,11.2,12.63,992.75,78.58,HEALTHY,replay
2025-01-10T15:00:00,AWS-DEL-011,17.9,993.4,60.0,False,,low,4.6,12.62,992.84,78.79,HEALTHY,replay
2025-01-10T16:00:00,AWS-DEL-011,17.2,993.0,63.0,False,,low,4.0,12.61,992.91,78.96,HEALTHY,replay
2025-01-10T17:00:00,AWS-DEL-011,15.2,992.8,75.0,False,,low,10.4,12.6,992.98,79.08,HEALTHY,replay
2025-01-10T18:00:00,AWS-DEL-011,13.4,992.9,82.0,False,,low,15.9,12.6,993.04,79.25,HEALTHY,replay
2025-01-10T19:00:00,AWS-DEL-011,12.8,993.3,84.0,False,,low,12.4,12.57,993.11,79.48,HEALTHY,replay
2025-01-10T20:00:00,AWS-DEL-011,11.8,993.7,88.0,False,,low,8.1,12.55,993.17,79.71,HEALTHY,replay
2025-01-10T21:00:00,AWS-DEL-011,11.3,994.0,91.0,False,,low,3.8,12.53,993.23,79.98,HEALTHY,replay
2025-01-10T22:00:00,AWS-DEL-011,10.7,993.9,92.0,False,,low,2.3,12.51,993.29,80.29,HEALTHY,replay
2025-01-10T23:00:00,AWS-DEL-011,10.4,993.6,92.0,False,,low,1.6,12.49,993.34,80.62,HEALTHY,replay
2025-01-11T00:00:00,AWS-DEL-011,9.8,993.0,93.0,False,,low,3.2,12.47,993.4,80.9,HEALTHY,replay
2025-01-11T01:00:00,AWS-DEL-011,9.5,992.8,93.0,False,,low,1.8,12.47,993.45,81.12,HEALTHY,replay
2025-01-11T02:00:00,AWS-DEL-011,8.6,992.7,95.0,False,,low,6.6,12.47,993.5,81.29,HEALTHY,replay
2025-01-11T03:00:00,AWS-DEL-011,8.3,992.6,96.0,False,,low,4.4,12.47,993.54,81.5,HEALTHY,replay
2025-01-11T04:00:00,AWS-DEL-011,8.0,992.5,96.0,False,,low,5.0,12.46,993.58,81.73,HEALTHY,replay
2025-01-11T05:00:00,AWS-DEL-011,8.0,992.9,96.0,False,,low,6.8,12.46,993.62,81.94,HEALTHY,replay
2025-01-11T06:00:00,AWS-DEL-011,9.1,993.4,97.0,False,,low,21.4,12.46,993.67,82.15,HEALTHY,replay
2025-01-11T07:00:00,AWS-DEL-011,9.1,994.0,97.0,False,,low,9.7,12.47,993.71,82.35,HEALTHY,replay
2025-01-11T08:00:00,AWS-DEL-011,10.1,994.8,97.0,False,,low,13.1,12.49,993.75,82.56,HEALTHY,replay
2025-01-11T09:00:00,AWS-DEL-011,11.6,995.5,92.0,False,,low,10.1,12.51,993.79,82.71,HEALTHY,replay
2025-01-11T10:00:00,AWS-DEL-011,13.6,995.3,84.0,False,,low,17.3,12.51,993.81,82.81,HEALTHY,replay
2025-01-11T11:00:00,AWS-DEL-011,15.3,994.8,79.0,False,,low,9.6,12.48,993.81,82.96,HEALTHY,replay
2025-01-11T12:00:00,AWS-DEL-011,16.2,993.6,75.0,False,,low,15.5,12.46,993.81,83.21,HEALTHY,replay
2025-01-11T13:00:00,AWS-DEL-011,16.8,992.6,73.0,False,,low,15.0,12.43,993.81,83.48,HEALTHY,replay
2025-01-11T14:00:00,AWS-DEL-011,16.8,991.5,71.0,False,,low,21.7,12.4,993.8,83.79,HEALTHY,replay
2025-01-11T15:00:00,AWS-DEL-011,16.5,991.2,73.0,False,,low,9.7,12.36,993.79,84.1,HEALTHY,replay
2025-01-11T16:00:00,AWS-DEL-011,16.2,990.7,76.0,False,,low,11.8,12.31,993.77,84.48,HEALTHY,replay
2025-01-11T17:00:00,AWS-DEL-011,14.9,990.7,84.0,False,,low,23.8,12.27,993.74,84.79,HEALTHY,replay
2025-01-11T18:00:00,AWS-DEL-011,13.6,992.0,93.0,False,,low,48.0,12.24,993.72,85.17,HEALTHY,replay
2025-01-11T19:00:00,AWS-DEL-011,13.0,991.8,93.0,False,,low,27.3,12.21,993.7,85.6,HEALTHY,replay
2025-01-11T20:00:00,AWS-DEL-011,12.7,992.0,86.0,False,,low,20.1,12.19,993.67,85.94,HEALTHY,replay
2025-01-11T21:00:00,AWS-DEL-011,12.3,992.5,85.0,False,,low,15.0,12.19,993.64,86.04,HEALTHY,replay
2025-01-11T22:00:00,AWS-DEL-011,11.6,992.6,89.0,False,,low,9.8,12.18,993.6,86.12,HEALTHY,replay
2025-01-11T23:00:00,AWS-DEL-011,11.3,992.8,91.0,False,,low,6.9,12.17,993.57,86.27,HEALTHY,replay
2025-01-12T00:00:00,AWS-DEL-011,11.0,992.4,90.0,False,,low,7.0,12.18,993.54,86.38,HEALTHY,replay
2025-01-12T01:00:00,AWS-DEL-011,9.9,992.2,93.0,False,,low,5.4,12.19,993.51,86.38,HEALTHY,replay
2025-01-12T02:00:00,AWS-DEL-011,10.4,992.0,94.0,False,,low,8.9,12.2,993.49,86.4,HEALTHY,replay
2025-01-12T03:00:00,AWS-DEL-011,9.9,991.8,95.0,False,,low,4.0,12.22,993.46,86.42,HEALTHY,replay
2025-01-12T04:00:00,AWS-DEL-011,9.8,991.7,93.0,False,,low,4.4,12.24,993.44,86.44,HEALTHY,replay
2025-01-12T05:00:00,AWS-DEL-011,10.4,991.9,93.0,False,,low,7.6,12.27,993.41,86.42,HEALTHY,replay
2025-01-12T06:00:00,AWS-DEL-011,10.5,992.8,96.0,False,,low,7.2,12.31,993.39,86.42,HEALTHY,replay
2025-01-12T07:00:00,AWS-DEL-011,10.2,993.5,96.0,False,,low,7.0,12.35,993.35,86.42,HEALTHY,replay
2025-01-12T08:00:00,AWS-DEL-011,12.0,994.5,95.0,False,,low,15.8,12.4,993.32,86.35,HEALTHY,replay
2025-01-12T09:00:00,AWS-DEL-011,13.9,995.8,91.0,False,,low,38.6,12.47,993.29,86.29,HEALTHY,replay
2025-01-12T10:00:00,AWS-DEL-011,15.1,996.0,87.0,False,,low,24.1,12.53,993.26,86.23,HEALTHY,replay
2025-01-12T11:00:00,AWS-DEL-011,16.4,995.2,82.0,False,,low,16.7,12.58,993.22,86.15,HEALTHY,replay
2025-01-12T12:00:00,AWS-DEL-011,17.4,994.1,77.0,False,,low,14.6,12.61,993.19,86.17,HEALTHY,replay
2025-01-12T13:00:00,AWS-DEL-011,17.8,993.1,73.0,False,,low,19.5,12.62,993.15,86.27,HEALTHY,replay
2025-01-12T14:00:00,AWS-DEL-011,18.0,992.3,70.0,False,,low,22.4,12.63,993.12,86.42,HEALTHY,replay
2025-01-12T15:00:00,AWS-DEL-011,18.0,992.1,67.0,False,,low,28.4,12.63,993.09,86.58,HEALTHY,replay
2025-01-12T16:00:00,AWS-DEL-011,17.9,992.4,67.0,False,,low,22.4,12.63,993.06,86.73,HEALTHY,replay
2025-01-12T17:00:00,AWS-DEL-011,16.3,992.6,77.0,False,,low,23.6,12.65,993.05,86.81,HEALTHY,replay
2025-01-12T18:00:00,AWS-DEL-011,13.4,993.6,91.0,False,,medium,56.3,12.67,993.04,86.85,HEALTHY,replay
2025-01-12T19:00:00,AWS-DEL-011,12.9,994.2,92.0,False,,low,46.1,12.67,993.06,87.04,HEALTHY,replay
2025-01-12T20:00:00,AWS-DEL-011,12.8,994.9,93.0,False,,low,47.5,12.67,993.08,87.21,HEALTHY,replay
2025-01-12T21:00:00,AWS-DEL-011,12.3,995.4,94.0,False,,low,31.6,12.69,993.1,87.31,HEALTHY,replay
2025-01-12T22:00:00,AWS-DEL-011,11.7,995.3,95.0,False,,low,14.1,12.71,993.13,87.38,HEALTHY,replay
2025-01-12T23:00:00,AWS-DEL-011,10.6,994.8,96.0,False,,low,9.1,12.74,993.16,87.44,HEALTHY,replay
2025-01-13T00:00:00,AWS-DEL-011,9.9,994.1,96.0,False,,low,8.8,12.74,993.19,87.52,HEALTHY,replay
2025-01-13T01:00:00,AWS-DEL-011,9.8,993.9,96.0,False,,low,4.4,12.74,993.21,87.58,HEALTHY,replay
2025-01-13T02:00:00,AWS-DEL-011,9.7,993.4,97.0,False,,low,2.9,12.75,993.23,87.65,HEALTHY,replay
2025-01-13T03:00:00,AWS-DEL-011,9.5,993.2,97.0,False,,low,3.6,12.77,993.25,87.69,HEALTHY,replay
2025-01-13T04:00:00,AWS-DEL-011,9.4,993.1,98.0,False,,low,4.1,12.8,993.26,87.71,HEALTHY,replay
2025-01-13T05:00:00,AWS-DEL-011,9.2,993.3,99.0,False,,low,5.9,12.83,993.27,87.75,HEALTHY,replay
2025-01-13T06:00:00,AWS-DEL-011,9.9,993.7,98.0,False,,low,6.9,12.85,993.28,87.81,HEALTHY,replay
2025-01-13T07:00:00,AWS-DEL-011,9.8,994.0,97.0,False,,low,6.3,12.87,993.29,87.83,HEALTHY,replay
2025-01-13T08:00:00,AWS-DEL-011,10.8,994.8,94.0,False,,low,11.1,12.88,993.29,87.83,HEALTHY,replay
2025-01-13T09:00:00,AWS-DEL-011,12.2,995.4,92.0,False,,low,11.0,12.9,993.29,87.77,HEALTHY,replay
2025-01-13T10:00:00,AWS-DEL-011,14.1,995.5,83.0,False,,low,18.7,12.91,993.28,87.77,HEALTHY,replay
2025-01-13T11:00:00,AWS-DEL-011,15.7,994.8,77.0,False,,low,15.1,12.92,993.29,87.75,HEALTHY,replay
2025-01-13T12:00:00,AWS-DEL-011,17.2,993.5,73.0,False,,low,14.6,12.93,993.29,87.71,HEALTHY,replay
2025-01-13T13:00:00,AWS-DEL-011,18.3,992.4,68.0,False,,low,27.3,12.95,993.29,87.67,HEALTHY,replay
2025-01-13T14:00:00,AWS-DEL-011,18.9,991.8,65.0,False,,low,24.3,12.98,993.28,87.56,HEALTHY,replay
2025-01-13T15:00:00,AWS-DEL-011,19.0,991.5,65.0,False,,low,13.1,13.02,993.29,87.44,HEALTHY,replay
2025-01-13T16:00:00,AWS-DEL-011,18.5,991.2,69.0,False,,low,8.0,13.08,993.29,87.27,HEALTHY,replay
2025-01-13T17:00:00,AWS-DEL-011,16.8,991.3,77.0,False,,low,9.6,13.12,993.3,87.12,HEALTHY,replay
2025-01-13T18:00:00,AWS-DEL-011,15.5,992.0,82.0,False,,low,19.1,13.16,993.32,86.98,HEALTHY,replay
2025-01-13T19:00:00,AWS-DEL-011,14.8,992.3,83.0,False,,low,11.9,13.2,993.32,86.75,HEALTHY,replay
2025-01-13T20:00:00,AWS-DEL-011,14.1,992.6,85.0,False,,low,9.5,13.24,993.33,86.54,HEALTHY,replay
2025-01-13T21:00:00,AWS-DEL-011,13.4,993.0,86.0,False,,low,4.9,13.27,993.34,86.52,HEALTHY,replay
2025-01-13T22:00:00,AWS-DEL-011,12.8,992.8,88.0,False,,low,1.9,13.29,993.35,86.54,HEALTHY,replay
2025-01-13T23:00:00,AWS-DEL-011,12.2,992.5,90.0,False,,low,2.1,13.32,993.35,86.52,HEALTHY,replay
2025-01-14T00:00:00,AWS-DEL-011,11.6,992.2,91.0,False,,low,1.7,13.34,993.35,86.5,HEALTHY,replay
2025-01-14T01:00:00,AWS-DEL-011,11.1,991.9,93.0,False,,low,1.8,13.35,993.34,86.52,HEALTHY,replay
2025-01-14T02:00:00,AWS-DEL-011,10.7,991.5,94.0,False,,low,2.5,13.37,993.34,86.52,HEALTHY,replay
2025-01-14T03:00:00,AWS-DEL-011,9.9,991.3,95.0,False,,low,4.3,13.38,993.33,86.52,HEALTHY,replay
2025-01-14T04:00:00,AWS-DEL-011,9.5,991.2,95.0,False,,low,4.2,13.38,993.32,86.52,HEALTHY,replay
2025-01-14T05:00:00,AWS-DEL-011,9.0,991.4,95.0,False,,low,4.7,13.37,993.31,86.56,HEALTHY,replay
2025-01-14T06:00:00,AWS-DEL-011,9.1,992.9,96.0,False,,low,27.9,13.34,993.3,86.6,HEALTHY,replay
2025-01-14T07:00:00,AWS-DEL-011,8.7,993.6,97.0,False,,low,14.0,13.31,993.3,86.6,HEALTHY,replay
2025-01-14T08:00:00,AWS-DEL-011,10.0,994.5,95.0,False,,low,25.2,13.28,993.3,86.62,HEALTHY,replay
2025-01-14T09:00:00,AWS-DEL-011,11.9,995.5,90.0,False,,low,23.3,13.24,993.3,86.62,HEALTHY,replay
2025-01-14T10:00:00,AWS-DEL-011,13.7,996.0,83.0,False,,low,19.8,13.2,993.29,86.6,HEALTHY,replay
2025-01-14T11:00:00,AWS-DEL-011,15.4,995.7,75.0,False,,low,22.6,13.17,993.29,86.52,HEALTHY,replay
2025-01-14T12:00:00,AWS-DEL-011,16.7,994.8,70.0,False,,low,17.3,13.15,993.3,86.38,HEALTHY,replay
2025-01-14T13:00:00,AWS-DEL-011,17.6,994.0,67.0,False,,low,7.9,13.14,993.32,86.23,HEALTHY,replay
2025-01-14T14:00:00,AWS-DEL-011,18.1,993.3,64.0,False,,low,7.4,13.13,993.34,86.1,HEALTHY,replay
2025-01-14T15:00:00,AWS-DEL-011,18.2,993.0,64.0,False,,low,5.4,13.13,993.36,85.98,HEALTHY,replay
2025-01-14T16:00:00,AWS-DEL-011,17.8,993.0,66.0,False,,low,2.6,13.14,993.38,85.92,HEALTHY,replay
2025-01-14T17:00:00,AWS-DEL-011,16.2,993.0,74.0,False,,low,5.4,13.14,993.39,85.9,HEALTHY,replay
2025-01-14T18:00:00,AWS-DEL-011,15.4,993.7,76.0,False,,low,7.7,13.13,993.4,85.83,HEALTHY,replay
2025-01-14T19:00:00,AWS-DEL-011,14.4,994.0,80.0,False,,low,6.1,13.17,993.4,85.52,HEALTHY,replay
2025-01-14T20:00:00,AWS-DEL-011,14.1,994.3,80.0,False,,low,3.4,13.21,993.4,85.27,HEALTHY,replay
2025-01-14T21:00:00,AWS-DEL-011,13.3,994.4,82.0,False,,low,2.3,13.23,993.38,85.0,HEALTHY,replay
2025-01-14T22:00:00,AWS-DEL-011,13.3,994.7,82.0,False,,low,3.1,13.25,993.36,84.75,HEALTHY,replay
2025-01-14T23:00:00,AWS-DEL-011,12.4,994.6,85.0,False,,low,3.4,13.29,993.35,84.48,HEALTHY,replay
2025-01-15T00:00:00,AWS-DEL-011,11.9,994.3,88.0,False,,low,1.9,13.33,993.35,84.25,HEALTHY,replay
2025-01-15T01:00:00,AWS-DEL-011,11.4,994.3,90.0,False,,low,2.0,13.37,993.35,84.08,HEALTHY,replay
2025-01-15T02:00:00,AWS-DEL-011,10.6,993.8,93.0,False,,low,4.2,13.4,993.36,83.96,HEALTHY,replay
2025-01-15T03:00:00,AWS-DEL-011,9.5,993.8,99.0,False,,low,14.6,13.42,993.37,83.88,HEALTHY,replay
2025-01-15T04:00:00,AWS-DEL-011,9.3,994.0,99.0,False,,low,8.5,13.42,993.38,83.92,HEALTHY,replay
2025-01-15T05:00:00,AWS-DEL-011,9.1,994.3,99.0,False,,low,9.0,13.42,993.4,83.94,HEALTHY,replay
2025-01-15T06:00:00,AWS-DEL-011,9.1,995.0,99.0,False,,low,20.3,13.41,993.42,83.94,HEALTHY,replay
2025-01-15T07:00:00,AWS-DEL-011,9.2,995.7,98.0,False,,low,19.7,13.4,993.45,83.96,HEALTHY,replay
2025-01-15T08:00:00,AWS-DEL-011,9.7,996.5,98.0,False,,low,17.2,13.39,993.48,83.98,HEALTHY,replay
2025-01-15T09:00:00,AWS-DEL-011,11.0,997.2,93.0,False,,low,26.3,13.36,993.52,84.06,HEALTHY,replay
2025-01-15T10:00:00,AWS-DEL-011,12.6,997.5,94.0,False,,low,23.4,13.34,993.55,84.08,HEALTHY,replay
2025-01-15T11:00:00,AWS-DEL-011,15.2,996.9,87.0,False,,low,26.9,13.31,993.6,84.31,HEALTHY,replay
2025-01-15T12:00:00,AWS-DEL-011,17.1,995.4,79.0,False,,low,36.4,13.3,993.64,84.52,HEALTHY,replay
2025-01-15T13:00:00,AWS-DEL-011,18.0,993.9,69.0,False,,low,44.4,13.29,993.68,84.65,HEALTHY,replay
2025-01-15T14:00:00,AWS-DEL-011,18.3,992.8,67.0,False,,low,23.4,13.29,993.71,84.67,HEALTHY,replay
2025-01-15T15:00:00,AWS-DEL-011,18.4,992.6,66.0,False,,low,11.2,13.28,993.73,84.71,HEALTHY,replay
2025-01-15T16:00:00,AWS-DEL-011,18.0,992.3,67.0,False,,low,3.7,13.26,993.75,84.73,HEALTHY,replay
2025-01-15T17:00:00,AWS-DEL-011,16.3,992.0,78.0,False,,low,6.1,13.25,993.78,84.69,HEALTHY,replay
2025-01-15T18:00:00,AWS-DEL-011,14.2,993.4,82.0,False,,low,17.5,13.24,993.79,84.71,HEALTHY,replay
2025-01-15T19:00:00,AWS-DEL-011,13.6,993.8,86.0,False,,low,10.3,13.21,993.82,84.71,HEALTHY,replay
2025-01-15T20:00:00,AWS-DEL-011,12.9,994.1,89.0,False,,low,4.3,13.19,993.85,84.77,HEALTHY,replay
2025-01-15T21:00:00,AWS-DEL-011,13.0,994.4,89.0,False,,low,2.7,13.16,993.88,84.85,HEALTHY,replay
2025-01-15T22:00:00,AWS-DEL-011,12.9,994.5,90.0,False,,low,1.9,13.16,993.91,84.92,HEALTHY,replay
2025-01-15T23:00:00,AWS-DEL-011,12.2,993.9,93.0,False,,low,4.1,13.16,993.95,84.96,HEALTHY,replay
2025-01-16T00:00:00,AWS-DEL-011,12.0,993.8,92.0,False,,low,1.8,13.16,993.98,85.02,HEALTHY,replay
2025-01-16T01:00:00,AWS-DEL-011,11.6,993.7,93.0,False,,low,0.9,13.17,994.01,85.04,HEALTHY,replay
2025-01-16T02:00:00,AWS-DEL-011,11.1,993.3,95.0,False,,low,1.3,13.18,994.05,85.04,HEALTHY,replay
2025-01-16T03:00:00,AWS-DEL-011,11.7,993.1,95.0,False,,low,2.4,13.19,994.09,85.06,HEALTHY,replay
2025-01-16T04:00:00,AWS-DEL-011,11.6,993.1,95.0,False,,low,1.7,13.22,994.12,85.06,HEALTHY,replay
2025-01-16T05:00:00,AWS-DEL-011,11.8,993.3,94.0,False,,low,4.2,13.27,994.16,85.06,HEALTHY,replay
2025-01-16T06:00:00,AWS-DEL-011,12.2,994.5,94.0,False,,low,7.5,13.33,994.2,85.04,HEALTHY,replay
2025-01-16T07:00:00,AWS-DEL-011,12.3,995.3,94.0,False,,low,6.8,13.39,994.24,85.0,HEALTHY,replay
2025-01-16T08:00:00,AWS-DEL-011,12.6,995.9,93.0,False,,low,11.1,13.46,994.27,84.94,HEALTHY,replay
2025-01-16T09:00:00,AWS-DEL-011,13.1,996.9,93.0,False,,low,10.7,13.52,994.3,84.9,HEALTHY,replay
2025-01-16T10:00:00,AWS-DEL-011,14.5,997.5,87.0,False,,low,20.2,13.54,994.33,84.96,HEALTHY,replay
2025-01-16T11:00:00,AWS-DEL-011,16.2,997.1,75.0,False,,low,26.7,13.56,994.36,85.04,HEALTHY,replay
2025-01-16T12:00:00,AWS-DEL-011,17.0,996.3,70.0,False,,low,21.5,13.58,994.39,85.04,HEALTHY,replay
2025-01-16T13:00:00,AWS-DEL-011,17.4,995.4,67.0,False,,low,8.6,13.58,994.42,85.04,HEALTHY,replay
2025-01-16T14:00:00,AWS-DEL-011,18.0,994.8,63.0,False,,low,12.1,13.58,994.45,85.04,HEALTHY,replay
2025-01-16T15:00:00,AWS-DEL-011,18.0,994.8,62.0,False,,low,8.0,13.58,994.48,85.02,HEALTHY,replay
2025-01-16T16:00:00,AWS-DEL-011,17.8,994.7,63.0,False,,low,6.2,13.57,994.52,84.98,HEALTHY,replay
2025-01-16T17:00:00,AWS-DEL-011,17.0,994.8,73.0,False,,low,5.9,13.57,994.55,84.92,HEALTHY,replay
2025-01-16T18:00:00,AWS-DEL-011,14.7,995.8,80.0,False,,low,24.9,13.59,994.59,84.9,HEALTHY,replay
2025-01-16T19:00:00,AWS-DEL-011,13.8,996.4,83.0,False,,low,14.5,13.57,994.64,84.98,HEALTHY,replay
2025-01-16T20:00:00,AWS-DEL-011,13.3,997.1,85.0,False,,low,14.9,13.56,994.69,85.04,HEALTHY,replay
2025-01-16T21:00:00,AWS-DEL-011,12.6,997.5,86.0,False,,low,6.3,13.55,994.74,85.15,HEALTHY,replay
2025-01-16T22:00:00,AWS-DEL-011,12.1,997.5,88.0,False,,low,3.5,13.53,994.81,85.23,HEALTHY,replay
2025-01-16T23:00:00,AWS-DEL-011,11.5,997.2,89.0,False,,low,3.0,13.51,994.87,85.35,HEALTHY,replay
2025-01-17T00:00:00,AWS-DEL-011,11.1,996.7,91.0,False,,low,2.8,13.49,994.92,85.44,HEALTHY,replay
2025-01-17T01:00:00,AWS-DEL-011,11.0,996.2,90.0,False,,low,2.2,13.47,994.97,85.5,HEALTHY,replay
2025-01-17T02:00:00,AWS-DEL-011,11.0,995.8,89.0,False,,low,2.0,13.46,995.01,85.5,HEALTHY,replay
2025-01-17T03:00:00,AWS-DEL-011,10.7,995.5,90.0,False,,low,1.6,13.47,995.05,85.42,HEALTHY,replay
2025-01-17T04:00:00,AWS-DEL-011,10.3,995.2,89.0,False,,low,2.1,13.5,995.09,85.23,HEALTHY,replay
2025-01-17T05:00:00,AWS-DEL-011,9.8,995.4,89.0,False,,low,1.9,13.52,995.11,85.02,HEALTHY,replay
2025-01-17T06:00:00,AWS-DEL-011,9.3,995.9,94.0,False,,low,12.3,13.53,995.14,84.81,HEALTHY,replay
2025-01-17T07:00:00,AWS-DEL-011,9.2,996.3,94.0,False,,low,9.3,13.54,995.15,84.71,HEALTHY,replay
2025-01-17T08:00:00,AWS-DEL-011,10.7,996.9,91.0,False,,low,9.8,13.54,995.17,84.62,HEALTHY,replay
2025-01-17T09:00:00,AWS-DEL-011,12.4,997.6,87.0,False,,low,14.7,13.56,995.18,84.48,HEALTHY,replay
2025-01-17T10:00:00,AWS-DEL-011,14.3,997.7,81.0,False,,low,14.4,13.59,995.18,84.35,HEALTHY,replay
2025-01-17T11:00:00,AWS-DEL-011,16.2,996.7,74.0,False,,low,15.9,13.62,995.19,84.08,HEALTHY,replay
2025-01-17T12:00:00,AWS-DEL-011,17.6,995.2,67.0,False,,low,27.0,13.64,995.18,83.81,HEALTHY,replay
2025-01-17T13:00:00,AWS-DEL-011,18.5,993.8,62.0,False,,low,38.3,13.65,995.18,83.56,HEALTHY,replay
2025-01-17T14:00:00,AWS-DEL-011,18.9,992.8,58.0,False,,low,23.8,13.66,995.18,83.42,HEALTHY,replay
2025-01-17T15:00:00,AWS-DEL-011,18.8,992.4,58.0,False,,low,16.5,13.67,995.18,83.23,HEALTHY,replay
2025-01-17T16:00:00,AWS-DEL-011,18.0,992.2,61.0,False,,low,11.1,13.68,995.17,83.06,HEALTHY,replay
2025-01-17T17:00:00,AWS-DEL-011,16.2,992.1,69.0,False,,low,8.0,13.68,995.17,82.94,HEALTHY,replay
2025-01-17T18:00:00,AWS-DEL-011,14.2,993.0,76.0,False,,low,20.0,13.68,995.17,82.75,HEALTHY,replay
2025-01-17T19:00:00,AWS-DEL-011,13.3,993.2,79.0,False,,low,6.7,13.68,995.16,82.62,HEALTHY,replay
2025-01-17T20:00:00,AWS-DEL-011,12.6,993.6,82.0,False,,low,7.3,13.67,995.15,82.48,HEALTHY,replay
2025-01-17T21:00:00,AWS-DEL-011,11.8,993.7,85.0,False,,low,3.6,13.67,995.14,82.33,HEALTHY,replay
2025-01-17T22:00:00,AWS-DEL-011,10.7,993.6,89.0,False,,low,4.4,13.64,995.13,82.25,HEALTHY,replay
2025-01-17T23:00:00,AWS-DEL-011,10.2,993.8,91.0,False,,low,3.1,13.6,995.11,82.23,HEALTHY,replay
2025-01-18T00:00:00,AWS-DEL-011,9.7,993.6,93.0,False,,low,2.9,13.56,995.11,82.19,HEALTHY,replay
2025-01-18T01:00:00,AWS-DEL-011,8.8,992.8,96.0,False,,low,15.3,13.51,995.1,82.21,HEALTHY,replay
2025-01-18T02:00:00,AWS-DEL-011,8.4,992.3,97.0,False,,low,23.2,13.45,995.08,82.27,HEALTHY,replay
2025-01-18T03:00:00,AWS-DEL-011,8.2,992.2,99.0,False,,low,30.6,13.39,995.06,82.31,HEALTHY,replay
2025-01-18T04:00:00,AWS-DEL-011,7.9,992.5,100.0,False,,low,24.3,13.32,995.04,82.4,HEALTHY,replay
2025-01-18T05:00:00,AWS-DEL-011,7.8,992.5,99.0,False,,low,18.6,13.24,995.03,82.5,HEALTHY,replay
2025-01-18T06:00:00,AWS-DEL-011,9.5,993.3,99.0,False,,low,27.6,13.16,995.01,82.6,HEALTHY,replay
2025-01-18T07:00:00,AWS-DEL-011,9.7,994.4,97.0,False,,low,17.6,13.1,994.99,82.71,HEALTHY,replay
2025-01-18T08:00:00,AWS-DEL-011,10.0,995.5,98.0,False,,low,27.2,13.05,994.97,82.77,HEALTHY,replay
2025-01-18T09:00:00,AWS-DEL-011,10.7,996.5,96.0,False,,low,28.5,13.0,994.96,82.88,HEALTHY,replay
2025-01-18T10:00:00,AWS-DEL-011,12.7,996.3,89.0,False,,low,18.1,12.95,994.95,82.94,HEALTHY,replay
2025-01-18T11:00:00,AWS-DEL-011,14.0,995.3,84.0,False,,low,11.8,12.91,994.93,82.98,HEALTHY,replay
2025-01-18T12:00:00,AWS-DEL-011,15.6,993.9,77.0,False,,low,35.7,12.86,994.89,83.17,HEALTHY,replay
2025-01-18T13:00:00,AWS-DEL-011,17.1,992.9,69.0,False,,low,37.4,12.83,994.84,83.31,HEALTHY,replay
2025-01-18T14:00:00,AWS-DEL-011,17.8,992.4,65.0,False,,low,18.1,12.83,994.79,83.35,HEALTHY,replay
2025-01-18T15:00:00,AWS-DEL-011,17.8,991.5,62.0,False,,low,20.2,12.82,994.74,83.4,HEALTHY,replay
2025-01-18T16:00:00,AWS-DEL-011,17.6,991.0,63.0,False,,low,14.9,12.82,994.67,83.4,HEALTHY,replay
2025-01-18T17:00:00,AWS-DEL-011,16.0,991.0,72.0,False,,low,13.1,12.81,994.59,83.4,HEALTHY,replay
2025-01-18T18:00:00,AWS-DEL-011,15.1,991.7,79.0,False,,low,18.5,12.79,994.51,83.38,HEALTHY,replay
2025-01-18T19:00:00,AWS-DEL-011,14.1,991.8,81.0,False,,low,8.0,12.8,994.43,83.35,HEALTHY,replay
2025-01-18T20:00:00,AWS-DEL-011,13.2,991.9,84.0,False,,low,4.8,12.81,994.33,83.31,HEALTHY,replay
2025-01-18T21:00:00,AWS-DEL-011,12.3,991.9,87.0,False,,low,3.2,12.81,994.23,83.29,HEALTHY,replay
2025-01-18T22:00:00,AWS-DEL-011,11.1,992.0,92.0,False,,low,4.3,12.8,994.11,83.31,HEALTHY,replay
2025-01-18T23:00:00,AWS-DEL-011,10.1,992.0,96.0,False,,low,4.8,12.78,993.99,83.4,HEALTHY,replay
2025-01-19T00:00:00,AWS-DEL-011,9.7,991.9,98.0,False,,low,3.8,12.75,993.89,83.54,HEALTHY,replay
2025-01-19T01:00:00,AWS-DEL-011,9.4,991.8,100.0,False,,low,3.0,12.72,993.79,83.69,HEALTHY,replay
2025-01-19T02:00:00,AWS-DEL-011,9.2,991.4,100.0,False,,low,2.3,12.69,993.69,83.9,HEALTHY,replay
2025-01-19T03:00:00,AWS-DEL-011,8.9,991.2,100.0,False,,low,2.5,12.65,993.6,84.12,HEALTHY,replay
2025-01-19T04:00:00,AWS-DEL-011,9.1,991.2,98.0,False,,low,5.0,12.61,993.51,84.33,HEALTHY,replay
2025-01-19T05:00:00,AWS-DEL-011,9.0,991.3,99.0,False,,low,3.3,12.59,993.43,84.52,HEALTHY,replay
2025-01-19T06:00:00,AWS-DEL-011,10.4,992.0,95.0,False,,low,15.1,12.57,993.34,84.73,HEALTHY,replay
2025-01-19T07:00:00,AWS-DEL-011,10.4,992.7,96.0,False,,low,6.9,12.59,993.26,84.75,HEALTHY,replay
2025-01-19T08:00:00,AWS-DEL-011,10.9,993.3,95.0,False,,low,8.6,12.62,993.19,84.79,HEALTHY,replay
2025-01-19T09:00:00,AWS-DEL-011,12.3,994.2,96.0,False,,low,9.5,12.62,993.11,84.88,HEALTHY,replay
2025-01-19T10:00:00,AWS-DEL-011,14.3,994.6,90.0,False,,low,15.6,12.62,993.04,85.06,HEALTHY,replay
2025-01-19T11:00:00,AWS-DEL-011,16.5,994.3,84.0,False,,low,16.1,12.62,992.98,85.25,HEALTHY,replay
2025-01-19T12:00:00,AWS-DEL-011,18.7,993.4,73.0,False,,low,29.6,12.63,992.93,85.46,HEALTHY,replay
2025-01-19T13:00:00,AWS-DEL-011,20.2,992.1,67.0,False,,low,39.8,12.65,992.89,85.58,HEALTHY,replay
2025-01-19T14:00:00,AWS-DEL-011,21.1,991.2,65.0,False,,low,26.5,12.69,992.85,85.69,HEALTHY,replay
2025-01-19T15:00:00,AWS-DEL-011,21.3,990.6,65.0,False,,low,16.8,12.73,992.82,85.83,HEALTHY,replay
2025-01-19T16:00:00,AWS-DEL-011,20.8,990.2,68.0,False,,low,17.8,12.78,992.78,85.98,HEALTHY,replay
2025-01-19T17:00:00,AWS-DEL-011,19.0,989.9,78.0,False,,low,33.7,12.84,992.74,86.12,HEALTHY,replay
2025-01-19T18:00:00,AWS-DEL-011,18.1,990.4,81.0,False,,low,39.3,12.9,992.7,86.31,HEALTHY,replay
2025-01-19T19:00:00,AWS-DEL-011,17.7,990.4,80.0,False,,low,35.0,12.98,992.64,86.42,HEALTHY,replay
2025-01-19T20:00:00,AWS-DEL-011,17.2,990.8,80.0,False,,low,17.4,13.07,992.58,86.44,HEALTHY,replay
2025-01-19T21:00:00,AWS-DEL-011,16.6,990.9,80.0,False,,low,9.0,13.17,992.52,86.4,HEALTHY,replay
2025-01-19T22:00:00,AWS-DEL-011,15.6,990.8,84.0,False,,low,3.7,13.27,992.47,86.29,HEALTHY,replay
2025-01-19T23:00:00,AWS-DEL-011,14.7,990.5,88.0,False,,low,4.4,13.37,992.41,86.19,HEALTHY,replay
2025-01-20T00:00:00,AWS-DEL-011,14.3,990.1,89.0,False,,low,4.8,13.46,992.34,86.12,HEALTHY,replay
2025-01-20T01:00:00,AWS-DEL-011,13.7,989.6,91.0,False,,low,4.4,13.56,992.27,86.04,HEALTHY,replay
2025-01-20T02:00:00,AWS-DEL-011,13.3,989.3,91.0,False,,low,4.4,13.66,992.2,85.94,HEALTHY,replay
2025-01-20T03:00:00,AWS-DEL-011,13.0,989.2,91.0,False,,low,4.4,13.76,992.14,85.81,HEALTHY,replay
2025-01-20T04:00:00,AWS-DEL-011,12.8,988.9,91.0,False,,low,5.5,13.86,992.07,85.65,HEALTHY,replay
2025-01-20T05:00:00,AWS-DEL-011,12.5,989.0,91.0,False,,low,3.4,13.97,992.0,85.46,HEALTHY,replay
2025-01-20T06:00:00,AWS-DEL-011,12.0,990.0,93.0,False,,low,3.7,14.06,991.93,85.29,HEALTHY,replay
2025-01-20T07:00:00,AWS-DEL-011,11.7,990.6,94.0,False,,low,3.9,14.12,991.86,85.17,HEALTHY,replay
2025-01-20T08:00:00,AWS-DEL-011,12.6,991.2,93.0,False,,low,6.6,14.16,991.78,85.1,HEALTHY,replay
2025-01-20T09:00:00,AWS-DEL-011,14.4,992.0,90.0,False,,low,7.6,14.21,991.69,85.0,HEALTHY,replay
2025-01-20T10:00:00,AWS-DEL-011,16.5,992.4,84.0,False,,low,9.4,14.29,991.6,84.88,HEALTHY,replay
2025-01-20T11:00:00,AWS-DEL-011,18.5,992.3,77.0,False,,low,7.3,14.37,991.51,84.77,HEALTHY,replay
2025-01-20T12:00:00,AWS-DEL-011,20.1,991.5,72.0,False,,low,10.9,14.46,991.45,84.62,HEALTHY,replay
2025-01-20T13:00:00,AWS-DEL-011,21.2,990.5,70.0,False,,low,15.0,14.56,991.4,84.52,HEALTHY,replay
2025-01-20T14:00:00,AWS-DEL-011,21.9,989.6,66.0,False,,low,20.4,14.64,991.35,84.54,HEALTHY,replay
2025-01-20T15:00:00,AWS-DEL-011,21.9,989.0,65.0,False,,low,16.7,14.73,991.29,84.56,HEALTHY,replay
2025-01-20T16:00:00,AWS-DEL-011,21.4,988.8,68.0,False,,low,14.2,14.81,991.24,84.62,HEALTHY,replay
2025-01-20T17:00:00,AWS-DEL-011,19.6,988.7,75.0,False,,low,18.4,14.89,991.2,84.73,HEALTHY,replay
2025-01-20T18:00:00,AWS-DEL-011,18.5,988.9,79.0,False,,low,24.5,14.97,991.15,84.79,HEALTHY,replay
2025-01-20T19:00:00,AWS-DEL-011,17.9,989.2,81.0,False,,low,14.5,15.04,991.09,84.79,HEALTHY,replay
2025-01-20T20:00:00,AWS-DEL-011,17.1,989.4,84.0,False,,low,15.2,15.12,991.04,84.79,HEALTHY,replay
2025-01-20T21:00:00,AWS-DEL-011,16.4,989.7,86.0,False,,low,6.0,15.2,990.98,84.79,HEALTHY,replay
2025-01-20T22:00:00,AWS-DEL-011,15.9,989.9,87.0,False,,low,1.5,15.28,990.94,84.77,HEALTHY,replay
2025-01-20T23:00:00,AWS-DEL-011,15.3,989.7,88.0,False,,low,2.6,15.38,990.89,84.67,HEALTHY,replay
2025-01-21T00:00:00,AWS-DEL-011,14.6,989.1,88.0,False,,low,4.5,15.49,990.85,84.5,HEALTHY,replay
2025-01-21T01:00:00,AWS-DEL-011,14.1,989.0,89.0,False,,low,2.0,15.59,990.79,84.29,HEALTHY,replay
2025-01-21T02:00:00,AWS-DEL-011,13.6,988.5,90.0,False,,low,2.4,15.69,990.73,84.06,HEALTHY,replay
2025-01-21T03:00:00,AWS-DEL-011,12.7,988.4,91.0,False,,low,4.7,15.78,990.67,83.85,HEALTHY,replay
2025-01-21T04:00:00,AWS-DEL-011,12.3,988.0,91.0,False,,low,3.4,15.86,990.61,83.67,HEALTHY,replay
2025-01-21T05:00:00,AWS-DEL-011,11.8,987.9,92.0,False,,low,3.3,15.93,990.54,83.52,HEALTHY,replay
2025-01-21T06:00:00,AWS-DEL-011,11.3,988.5,90.0,False,,low,6.1,15.99,990.47,83.38,HEALTHY,replay
2025-01-21T07:00:00,AWS-DEL-011,11.1,989.1,91.0,False,,low,6.1,16.01,990.4,83.27,HEALTHY,replay
2025-01-21T08:00:00,AWS-DEL-011,12.4,990.1,87.0,False,,low,12.7,16.02,990.32,83.17,HEALTHY,replay
2025-01-21T09:00:00,AWS-DEL-011,14.2,990.6,84.0,False,,low,9.8,16.05,990.26,83.0,HEALTHY,replay
2025-01-21T10:00:00,AWS-DEL-011,16.6,991.2,75.0,False,,low,13.1,16.09,990.18,82.75,HEALTHY,replay
2025-01-21T11:00:00,AWS-DEL-011,18.7,991.0,68.0,False,,low,19.1,16.14,990.11,82.44,HEALTHY,replay
2025-01-21T12:00:00,AWS-DEL-011,20.3,989.9,62.0,False,,low,31.8,16.19,990.04,82.1,HEALTHY,replay
2025-01-21T13:00:00,AWS-DEL-011,21.4,988.9,58.0,False,,low,29.3,16.22,989.97,81.88,HEALTHY,replay
2025-01-21T14:00:00,AWS-DEL-011,21.9,988.3,55.0,False,,low,18.1,16.24,989.9,81.69,HEALTHY,replay
2025-01-21T15:00:00,AWS-DEL-011,21.7,987.7,55.0,False,,low,18.9,16.26,989.84,81.48,HEALTHY,replay
2025-01-21T16:00:00,AWS-DEL-011,20.9,987.4,60.0,False,,low,21.1,16.27,989.78,81.27,HEALTHY,replay
2025-01-21T17:00:00,AWS-DEL-011,19.0,987.2,69.0,False,,low,26.3,16.27,989.72,81.1,HEALTHY,replay
2025-01-21T18:00:00,AWS-DEL-011,17.7,987.4,74.0,False,,low,21.5,16.27,989.67,80.92,HEALTHY,replay
2025-01-21T19:00:00,AWS-DEL-011,17.0,988.0,77.0,False,,low,12.5,16.26,989.61,80.77,HEALTHY,replay
2025-01-21T20:00:00,AWS-DEL-011,16.1,988.6,79.0,False,,low,11.3,16.25,989.56,80.71,HEALTHY,replay
2025-01-21T21:00:00,AWS-DEL-011,15.4,989.0,81.0,False,,low,8.4,16.22,989.51,80.69,HEALTHY,replay
2025-01-21T22:00:00,AWS-DEL-011,14.7,988.8,82.0,False,,low,8.7,16.2,989.47,80.71,HEALTHY,replay
2025-01-21T23:00:00,AWS-DEL-011,14.2,988.6,83.0,False,,low,2.1,16.18,989.43,80.67,HEALTHY,replay
2025-01-22T00:00:00,AWS-DEL-011,13.6,988.3,84.0,False,,low,1.7,16.17,989.39,80.56,HEALTHY,replay
2025-01-22T01:00:00,AWS-DEL-011,13.1,988.3,86.0,False,,low,1.3,16.16,989.35,80.46,HEALTHY,replay
2025-01-22T02:00:00,AWS-DEL-011,12.4,987.9,89.0,False,,low,2.4,16.14,989.32,80.35,HEALTHY,replay
2025-01-22T03:00:00,AWS-DEL-011,11.9,987.6,90.0,False,,low,1.7,16.12,989.3,80.31,HEALTHY,replay
2025-01-22T04:00:00,AWS-DEL-011,11.3,987.3,91.0,False,,low,3.8,16.1,989.26,80.29,HEALTHY,replay
2025-01-22T05:00:00,AWS-DEL-011,10.8,987.4,92.0,False,,low,4.1,16.07,989.23,80.29,HEALTHY,replay
2025-01-22T06:00:00,AWS-DEL-011,10.5,988.2,94.0,False,,low,10.7,16.04,989.2,80.31,HEALTHY,replay
2025-01-22T07:00:00,AWS-DEL-011,10.4,988.7,94.0,False,,low,6.3,16.0,989.16,80.33,HEALTHY,replay
2025-01-22T08:00:00,AWS-DEL-011,11.9,989.5,91.0,False,,low,12.8,15.98,989.12,80.33,HEALTHY,replay
2025-01-22T09:00:00,AWS-DEL-011,14.3,990.2,85.0,False,,low,15.2,15.96,989.08,80.29,HEALTHY,replay
2025-01-22T10:00:00,AWS-DEL-011,16.9,990.6,76.0,False,,low,9.2,15.96,989.05,80.19,HEALTHY,replay
2025-01-22T11:00:00,AWS-DEL-011,19.3,990.3,68.0,False,,low,13.6,15.97,989.01,80.02,HEALTHY,replay
2025-01-22T12:00:00,AWS-DEL-011,21.2,989.4,58.0,False,,low,23.1,15.99,988.97,79.83,HEALTHY,replay
2025-01-22T13:00:00,AWS-DEL-011,22.3,988.3,49.0,False,,low,36.1,16.01,988.92,79.54,HEALTHY,replay
2025-01-22T14:00:00,AWS-DEL-011,22.8,987.6,45.0,False,,low,21.6,16.03,988.88,79.1,HEALTHY,replay
2025-01-22T15:00:00,AWS-DEL-011,22.8,987.1,45.0,False,,low,17.3,16.05,988.84,78.67,HEALTHY,replay
2025-01-22T16:00:00,AWS-DEL-011,22.0,986.9,53.0,False,,low,16.4,16.07,988.8,78.25,HEALTHY,replay
2025-01-22T17:00:00,AWS-DEL-011,20.0,986.8,65.0,False,,low,33.4,16.08,988.76,77.94,HEALTHY,replay
2025-01-22T18:00:00,AWS-DEL-011,18.6,987.6,67.0,False,,low,22.4,16.09,988.72,77.73,HEALTHY,replay
2025-01-22T19:00:00,AWS-DEL-011,17.8,988.1,73.0,False,,low,16.5,16.09,988.69,77.48,HEALTHY,replay
2025-01-22T20:00:00,AWS-DEL-011,17.0,988.7,76.0,False,,low,16.1,16.09,988.67,77.31,HEALTHY,replay
2025-01-22T21:00:00,AWS-DEL-011,16.6,989.0,77.0,False,,low,7.2,16.09,988.65,77.15,HEALTHY,replay
2025-01-22T22:00:00,AWS-DEL-011,15.9,989.0,78.0,False,,low,3.5,16.09,988.64,76.96,HEALTHY,replay
2025-01-22T23:00:00,AWS-DEL-011,15.1,989.1,80.0,False,,low,1.8,16.09,988.62,76.77,HEALTHY,replay
2025-01-23T00:00:00,AWS-DEL-011,14.8,989.4,81.0,False,,low,1.9,16.09,988.61,76.6,HEALTHY,replay
2025-01-23T01:00:00,AWS-DEL-011,14.9,989.4,81.0,False,,low,2.2,16.09,988.61,76.46,HEALTHY,replay
2025-01-23T02:00:00,AWS-DEL-011,14.2,988.7,80.0,False,,low,2.7,16.11,988.62,76.29,HEALTHY,replay
2025-01-23T03:00:00,AWS-DEL-011,13.5,988.7,89.0,False,,low,1.9,16.12,988.62,76.08,HEALTHY,replay
2025-01-23T04:00:00,AWS-DEL-011,13.5,988.0,89.0,False,,low,1.9,16.14,988.63,76.04,HEALTHY,replay
2025-01-23T05:00:00,AWS-DEL-011,12.7,988.1,91.0,False,,low,2.1,16.16,988.63,76.0,HEALTHY,replay
2025-01-23T06:00:00,AWS-DEL-011,13.0,989.0,90.0,False,,low,4.3,16.18,988.64,75.98,HEALTHY,replay
2025-01-23T07:00:00,AWS-DEL-011,11.7,989.5,93.0,False,,low,8.2,16.22,988.65,75.98,HEALTHY,replay
2025-01-23T08:00:00,AWS-DEL-011,13.5,990.5,91.0,False,,low,11.4,16.23,988.65,76.02,HEALTHY,replay
2025-01-23T09:00:00,AWS-DEL-011,15.3,991.5,87.0,False,,low,14.9,16.25,988.66,76.1,HEALTHY,replay
2025-01-23T10:00:00,AWS-DEL-011,17.4,992.3,77.0,False,,low,18.0,16.28,988.68,76.17,HEALTHY,replay
2025-01-23T11:00:00,AWS-DEL-011,19.3,992.0,67.0,False,,low,23.3,16.29,988.7,76.21,HEALTHY,replay
2025-01-23T12:00:00,AWS-DEL-011,20.8,991.0,55.0,False,,low,25.9,16.3,988.72,76.19,HEALTHY,replay
2025-01-23T13:00:00,AWS-DEL-011,21.7,990.4,45.0,False,,low,28.6,16.31,988.75,76.04,HEALTHY,replay
2025-01-23T14:00:00,AWS-DEL-011,21.9,989.8,40.0,False,,low,21.6,16.32,988.78,75.77,HEALTHY,replay
2025-01-23T15:00:00,AWS-DEL-011,21.6,989.5,40.0,False,,low,10.8,16.32,988.81,75.46,HEALTHY,replay
2025-01-23T16:00:00,AWS-DEL-011,20.7,989.4,47.0,False,,low,5.3,16.32,988.85,75.15,HEALTHY,replay
2025-01-23T17:00:00,AWS-DEL-011,18.8,989.5,57.0,False,,low,15.4,16.31,988.89,74.88,HEALTHY,replay
2025-01-23T18:00:00,AWS-DEL-011,17.4,989.7,60.0,False,,low,10.4,16.31,988.94,74.62,HEALTHY,replay
2025-01-23T19:00:00,AWS-DEL-011,16.3,990.4,61.0,False,,low,11.9,16.3,988.99,74.33,HEALTHY,replay
2025-01-23T20:00:00,AWS-DEL-011,15.5,990.8,63.0,False,,low,6.2,16.29,989.04,74.0,HEALTHY,replay
2025-01-23T21:00:00,AWS-DEL-011,14.8,991.2,68.0,False,,low,3.7,16.28,989.08,73.67,HEALTHY,replay
2025-01-23T22:00:00,AWS-DEL-011,14.3,991.1,70.0,False,,low,2.7,16.26,989.13,73.4,HEALTHY,replay
2025-01-23T23:00:00,AWS-DEL-011,13.8,991.0,71.0,False,,low,2.3,16.26,989.18,73.15,HEALTHY,replay
2025-01-24T00:00:00,AWS-DEL-011,13.1,990.4,73.0,False,,low,3.7,16.25,989.22,72.9,HEALTHY,replay
2025-01-24T01:00:00,AWS-DEL-011,12.5,990.0,74.0,False,,low,2.4,16.24,989.27,72.67,HEALTHY,replay
2025-01-24T02:00:00,AWS-DEL-011,11.9,989.4,75.0,False,,low,2.8,16.23,989.3,72.42,HEALTHY,replay
2025-01-24T03:00:00,AWS-DEL-011,11.4,989.1,77.0,False,,low,1.4,16.21,989.34,72.12,HEALTHY,replay
2025-01-24T04:00:00,AWS-DEL-011,11.1,989.0,78.0,False,,low,2.1,16.2,989.37,71.85,HEALTHY,replay
2025-01-24T05:00:00,AWS-DEL-011,10.6,989.2,80.0,False,,low,2.8,16.2,989.4,71.58,HEALTHY,replay
2025-01-24T06:00:00,AWS-DEL-011,10.8,989.7,85.0,False,,low,7.4,16.2,989.44,71.33,HEALTHY,replay
2025-01-24T07:00:00,AWS-DEL-011,10.4,990.6,85.0,False,,low,11.6,16.2,989.47,71.15,HEALTHY,replay
2025-01-24T08:00:00,AWS-DEL-011,11.3,991.3,83.0,False,,low,7.8,16.2,989.51,70.96,HEALTHY,replay
2025-01-24T09:00:00,AWS-DEL-011,13.2,992.2,77.0,False,,low,12.0,16.19,989.55,70.79,HEALTHY,replay
2025-01-24T10:00:00,AWS-DEL-011,15.5,992.4,69.0,False,,low,11.2,16.17,989.59,70.62,HEALTHY,replay
2025-01-24T11:00:00,AWS-DEL-011,17.8,992.1,61.0,False,,low,13.0,16.14,989.63,70.48,HEALTHY,replay
2025-01-24T12:00:00,AWS-DEL-011,19.6,991.4,53.0,False,,low,18.1,16.11,989.66,70.33,HEALTHY,replay
2025-01-24T13:00:00,AWS-DEL-011,20.6,990.4,45.0,False,,low,13.8,16.07,989.71,70.23,HEALTHY,replay
2025-01-24T14:00:00,AWS-DEL-011,20.9,989.8,42.0,False,,low,5.5,16.04,989.75,70.15,HEALTHY,replay
2025-01-24T15:00:00,AWS-DEL-011,20.7,989.4,42.0,False,,low,4.0,16.0,989.8,70.08,HEALTHY,replay
2025-01-24T16:00:00,AWS-DEL-011,19.9,989.2,47.0,False,,low,1.5,15.95,989.84,70.02,HEALTHY,replay
2025-01-24T17:00:00,AWS-DEL-011,18.1,989.2,56.0,False,,low,2.7,15.91,989.89,69.9,HEALTHY,replay
2025-01-24T18:00:00,AWS-DEL-011,17.1,989.6,61.0,False,,low,4.7,15.87,989.94,69.71,HEALTHY,replay
2025-01-24T19:00:00,AWS-DEL-011,16.1,989.9,65.0,False,,low,2.8,15.84,989.98,69.58,HEALTHY,replay
2025-01-24T20:00:00,AWS-DEL-011,15.2,990.2,68.0,False,,low,4.0,15.8,990.02,69.42,HEALTHY,replay
2025-01-24T21:00:00,AWS-DEL-011,14.4,990.4,70.0,False,,low,3.1,15.77,990.05,69.25,HEALTHY,replay
2025-01-24T22:00:00,AWS-DEL-011,13.6,990.3,71.0,False,,low,2.4,15.72,990.08,69.1,HEALTHY,replay
2025-01-24T23:00:00,AWS-DEL-011,12.9,989.9,72.0,False,,low,2.2,15.67,990.11,68.96,HEALTHY,replay
2025-01-25T00:00:00,AWS-DEL-011,12.3,989.6,73.0,False,,low,2.0,15.63,990.12,68.79,HEALTHY,replay
2025-01-25T01:00:00,AWS-DEL-011,11.6,989.3,73.0,False,,low,2.5,15.58,990.13,68.62,HEALTHY,replay
2025-01-25T02:00:00,AWS-DEL-011,11.1,988.8,74.0,False,,low,2.4,15.51,990.13,68.46,HEALTHY,replay
2025-01-25T03:00:00,AWS-DEL-011,10.6,988.7,74.0,False,,low,3.5,15.44,990.13,68.33,HEALTHY,replay
2025-01-25T04:00:00,AWS-DEL-011,10.2,988.5,74.0,False,,low,4.8,15.38,990.13,68.02,HEALTHY,replay
2025-01-25T05:00:00,AWS-DEL-011,9.7,988.8,73.0,False,,low,8.1,15.31,990.14,67.71,HEALTHY,replay
2025-01-25T06:00:00,AWS-DEL-011,9.4,989.2,78.0,False,,low,9.8,15.25,990.15,67.33,HEALTHY,replay
2025-01-25T07:00:00,AWS-DEL-011,9.0,990.0,78.0,False,,low,8.8,15.17,990.16,67.08,HEALTHY,replay
2025-01-25T08:00:00,AWS-DEL-011,10.1,990.7,74.0,False,,low,11.0,15.12,990.17,66.77,HEALTHY,replay
2025-01-25T09:00:00,AWS-DEL-011,12.1,991.6,68.0,False,,low,11.1,15.05,990.17,66.42,HEALTHY,replay
2025-01-25T10:00:00,AWS-DEL-011,14.6,992.4,60.0,False,,low,15.7,14.98,990.18,66.02,HEALTHY,replay
2025-01-25T11:00:00,AWS-DEL-011,16.8,991.8,54.0,False,,low,9.6,14.92,990.18,65.67,HEALTHY,replay
2025-01-25T12:00:00,AWS-DEL-011,18.7,991.0,48.0,False,,low,8.1,14.87,990.17,65.4,HEALTHY,replay
2025-01-25T13:00:00,AWS-DEL-011,20.1,990.0,43.0,False,,low,6.8,14.83,990.17,65.25,HEALTHY,replay
2025-01-25T14:00:00,AWS-DEL-011,20.8,989.1,40.0,False,,low,10.6,14.79,990.16,65.21,HEALTHY,replay
2025-01-25T15:00:00,AWS-DEL-011,20.7,988.8,40.0,False,,low,5.6,14.77,990.15,65.21,HEALTHY,replay
2025-01-25T16:00:00,AWS-DEL-011,19.8,988.7,46.0,False,,low,2.6,14.75,990.14,65.21,HEALTHY,replay
2025-01-25T17:00:00,AWS-DEL-011,17.7,988.7,56.0,False,,low,4.8,14.73,990.12,65.19,HEALTHY,replay
2025-01-25T18:00:00,AWS-DEL-011,16.6,989.0,59.0,False,,low,6.0,14.71,990.1,65.17,HEALTHY,replay
2025-01-25T19:00:00,AWS-DEL-011,15.6,989.6,61.0,False,,low,5.4,14.69,990.09,65.15,HEALTHY,replay
2025-01-25T20:00:00,AWS-DEL-011,14.5,989.9,63.0,False,,low,2.9,14.68,990.07,65.15,HEALTHY,replay
2025-01-25T21:00:00,AWS-DEL-011,13.7,990.1,64.0,False,,low,1.8,14.66,990.05,65.15,HEALTHY,replay
2025-01-25T22:00:00,AWS-DEL-011,13.0,990.1,65.0,False,,low,1.1,14.64,990.03,65.06,HEALTHY,replay
2025-01-25T23:00:00,AWS-DEL-011,12.3,989.9,66.0,False,,low,1.4,14.61,990.01,64.96,HEALTHY,replay
2025-01-26T00:00:00,AWS-DEL-011,11.6,989.2,67.0,False,,low,2.6,14.58,989.99,64.85,HEALTHY,replay
2025-01-26T01:00:00,AWS-DEL-011,10.9,989.0,69.0,False,,low,2.1,14.55,989.96,64.73,HEALTHY,replay
2025-01-26T02:00:00,AWS-DEL-011,10.4,988.6,70.0,False,,low,1.7,14.51,989.94,64.62,HEALTHY,replay
2025-01-26T03:00:00,AWS-DEL-011,10.0,988.4,72.0,False,,low,2.0,14.48,989.93,64.52,HEALTHY,replay
2025-01-26T04:00:00,AWS-DEL-011,9.6,988.4,74.0,False,,low,2.9,14.45,989.91,64.42,HEALTHY,replay
2025-01-26T05:00:00,AWS-DEL-011,9.1,988.5,76.0,False,,low,3.3,14.42,989.9,64.33,HEALTHY,replay
2025-01-26T06:00:00,AWS-DEL-011,8.5,989.4,82.0,False,,low,16.6,14.39,989.88,64.25,HEALTHY,replay
2025-01-26T07:00:00,AWS-DEL-011,8.2,990.0,82.0,False,,low,11.2,14.34,989.88,64.19,HEALTHY,replay
2025-01-26T08:00:00,AWS-DEL-011,9.5,991.0,76.0,False,,low,16.1,14.3,989.86,64.12,HEALTHY,replay
2025-01-26T09:00:00,AWS-DEL-011,11.9,991.9,67.0,False,,low,17.5,14.26,989.86,63.98,HEALTHY,replay
2025-01-26T10:00:00,AWS-DEL-011,14.8,992.5,56.0,False,,low,34.3,14.23,989.85,63.77,HEALTHY,replay
2025-01-26T11:00:00,AWS-DEL-011,17.3,992.0,49.0,False,,low,17.4,14.22,989.85,63.5,HEALTHY,replay
2025-01-26T12:00:00,AWS-DEL-011,19.1,990.8,42.0,False,,low,15.8,14.21,989.85,63.25,HEALTHY,replay
2025-01-26T13:00:00,AWS-DEL-011,20.4,989.6,39.0,False,,low,9.6,14.2,989.84,63.02,HEALTHY,replay
2025-01-26T14:00:00,AWS-DEL-011,21.0,988.9,38.0,False,,low,7.4,14.19,989.82,62.9,HEALTHY,replay
2025-01-26T15:00:00,AWS-DEL-011,21.0,988.5,37.0,False,,low,4.8,14.19,989.8,62.81,HEALTHY,replay
2025-01-26T16:00:00,AWS-DEL-011,20.2,988.3,42.0,False,,low,2.0,14.2,989.79,62.71,HEALTHY,replay
2025-01-26T17:00:00,AWS-DEL-011,18.0,988.0,56.0,False,,low,8.4,14.21,989.77,62.6,HEALTHY,replay
2025-01-26T18:00:00,AWS-DEL-011,16.9,988.2,60.0,False,,low,7.8,14.2,989.74,62.6,HEALTHY,replay
2025-01-26T19:00:00,AWS-DEL-011,15.9,988.6,62.0,False,,low,7.0,14.2,989.71,62.58,HEALTHY,replay
2025-01-26T20:00:00,AWS-DEL-011,14.8,988.9,64.0,False,,low,2.7,14.2,989.69,62.52,HEALTHY,replay
2025-01-26T21:00:00,AWS-DEL-011,13.7,989.0,68.0,False,,low,2.8,14.19,989.66,62.44,HEALTHY,replay
2025-01-26T22:00:00,AWS-DEL-011,12.9,989.2,70.0,False,,low,2.3,14.17,989.63,62.4,HEALTHY,replay
2025-01-26T23:00:00,AWS-DEL-011,12.3,989.1,71.0,False,,low,1.0,14.16,989.61,62.38,HEALTHY,replay
2025-01-27T00:00:00,AWS-DEL-011,11.4,988.7,73.0,False,,low,1.4,14.15,989.59,62.35,HEALTHY,replay
2025-01-27T01:00:00,AWS-DEL-011,10.7,988.4,74.0,False,,low,1.6,14.13,989.57,62.35,HEALTHY,replay
2025-01-27T02:00:00,AWS-DEL-011,10.0,988.0,76.0,False,,low,3.0,14.11,989.55,62.38,HEALTHY,replay
2025-01-27T03:00:00,AWS-DEL-011,9.4,987.7,78.0,False,,low,3.0,14.09,989.54,62.42,HEALTHY,replay
2025-01-27T04:00:00,AWS-DEL-011,8.8,987.5,80.0,False,,low,4.6,14.06,989.51,62.5,HEALTHY,replay
2025-01-27T05:00:00,AWS-DEL-011,8.4,987.5,80.0,False,,low,3.0,14.03,989.49,62.62,HEALTHY,replay
2025-01-27T06:00:00,AWS-DEL-011,8.1,988.2,90.0,False,,low,31.1,14.0,989.47,62.77,HEALTHY,replay
2025-01-27T07:00:00,AWS-DEL-011,7.8,989.0,90.0,False,,low,15.8,13.98,989.45,63.02,HEALTHY,replay
2025-01-27T08:00:00,AWS-DEL-011,9.4,989.8,82.0,False,,low,19.4,13.95,989.43,63.27,HEALTHY,replay
2025-01-27T09:00:00,AWS-DEL-011,12.3,990.8,69.0,False,,low,27.3,13.94,989.41,63.44,HEALTHY,replay
2025-01-27T10:00:00,AWS-DEL-011,15.4,991.3,56.0,False,,low,24.1,13.94,989.39,63.46,HEALTHY,replay
2025-01-27T11:00:00,AWS-DEL-011,17.9,990.9,47.0,False,,low,13.7,13.96,989.37,63.38,HEALTHY,replay
2025-01-27T12:00:00,AWS-DEL-011,19.7,989.6,38.0,False,,low,20.2,13.98,989.35,63.23,HEALTHY,replay
2025-01-27T13:00:00,AWS-DEL-011,20.9,988.6,34.0,False,,low,13.8,14.0,989.32,63.02,HEALTHY,replay
2025-01-27T14:00:00,AWS-DEL-011,21.5,987.5,31.0,False,,low,18.2,14.02,989.29,62.83,HEALTHY,replay
2025-01-27T15:00:00,AWS-DEL-011,21.4,986.9,32.0,False,,low,12.1,14.03,989.26,62.65,HEALTHY,replay
2025-01-27T16:00:00,AWS-DEL-011,20.7,986.6,37.0,False,,low,5.6,14.05,989.22,62.48,HEALTHY,replay
2025-01-27T17:00:00,AWS-DEL-011,19.0,986.6,46.0,False,,low,10.1,14.07,989.17,62.29,HEALTHY,replay
2025-01-27T18:00:00,AWS-DEL-011,17.8,986.5,53.0,False,,low,17.3,14.09,989.13,62.08,HEALTHY,replay
2025-01-27T19:00:00,AWS-DEL-011,16.7,987.0,59.0,False,,low,14.1,14.12,989.08,61.96,HEALTHY,replay
2025-01-27T20:00:00,AWS-DEL-011,15.7,987.3,64.0,False,,low,6.9,14.14,989.02,61.92,HEALTHY,replay
2025-01-27T21:00:00,AWS-DEL-011,14.7,987.5,68.0,False,,low,3.9,14.17,988.97,61.94,HEALTHY,replay
2025-01-27T22:00:00,AWS-DEL-011,14.1,987.5,67.0,False,,low,2.2,14.19,988.91,62.02,HEALTHY,replay
2025-01-27T23:00:00,AWS-DEL-011,13.6,987.2,64.0,False,,low,2.5,14.21,988.86,62.06,HEALTHY,replay
2025-01-28T00:00:00,AWS-DEL-011,12.9,986.4,64.0,False,,low,4.7,14.24,988.8,62.02,HEALTHY,replay
2025-01-28T01:00:00,AWS-DEL-011,12.2,986.4,66.0,False,,low,2.6,14.26,988.75,61.96,HEALTHY,replay
2025-01-28T02:00:00,AWS-DEL-011,11.5,985.9,69.0,False,,low,2.8,14.29,988.69,61.9,HEALTHY,replay
2025-01-28T03:00:00,AWS-DEL-011,10.8,985.7,71.0,False,,low,3.2,14.31,988.64,61.88,HEALTHY,replay
2025-01-28T04:00:00,AWS-DEL-011,10.1,985.6,72.0,False,,low,3.7,14.33,988.58,61.85,HEALTHY,replay
2025-01-28T05:00:00,AWS-DEL-011,9.4,985.9,74.0,False,,low,4.3,14.34,988.52,61.81,HEALTHY,replay
2025-01-28T06:00:00,AWS-DEL-011,8.5,987.4,82.0,False,,low,39.0,14.35,988.47,61.77,HEALTHY,replay
2025-01-28T07:00:00,AWS-DEL-011,8.0,988.3,84.0,False,,low,30.5,14.35,988.43,61.77,HEALTHY,replay
2025-01-28T08:00:00,AWS-DEL-011,9.9,989.3,74.0,False,,low,25.4,14.34,988.39,61.81,HEALTHY,replay
2025-01-28T09:00:00,AWS-DEL-011,12.9,990.3,61.0,False,,low,34.5,14.35,988.35,61.77,HEALTHY,replay
2025-01-28T10:00:00,AWS-DEL-011,16.0,990.7,51.0,False,,low,21.8,14.37,988.32,61.65,HEALTHY,replay
2025-01-28T11:00:00,AWS-DEL-011,18.7,990.1,42.0,False,,low,22.3,14.4,988.28,61.54,HEALTHY,replay
2025-01-28T12:00:00,AWS-DEL-011,20.8,989.2,34.0,False,,low,13.8,14.43,988.24,61.4,HEALTHY,replay
2025-01-28T13:00:00,AWS-DEL-011,22.2,988.3,28.0,False,,low,15.5,14.46,988.21,61.23,HEALTHY,replay
2025-01-28T14:00:00,AWS-DEL-011,22.9,987.7,26.0,False,,low,6.7,14.5,988.18,61.0,HEALTHY,replay
2025-01-28T15:00:00,AWS-DEL-011,22.8,987.2,26.0,False,,low,7.4,14.54,988.16,60.75,HEALTHY,replay
2025-01-28T16:00:00,AWS-DEL-011,22.0,987.0,31.0,False,,low,2.4,14.58,988.13,60.52,HEALTHY,replay
2025-01-28T17:00:00,AWS-DEL-011,20.3,986.9,42.0,False,,low,4.0,14.61,988.1,60.29,HEALTHY,replay
2025-01-28T18:00:00,AWS-DEL-011,19.0,987.0,53.0,False,,low,10.3,14.66,988.08,60.0,HEALTHY,replay
2025-01-28T19:00:00,AWS-DEL-011,17.5,987.7,61.0,False,,low,16.9,14.71,988.06,59.85,HEALTHY,replay
2026-09-11T17:30:00+00:00,AWS-DEL-011,27.1,985.8,86.0,False,,low,0.0,,,,HEALTHY,live
2026-09-11T17:45:00+00:00,AWS-DEL-011,27.1,985.8,86.0,False,,low,0.0,27.1,985.8,86.0,HEALTHY,live
2026-09-11T18:00:00+00:00,AWS-DEL-011,27.0,985.8,86.0,False,,low,0.0,27.1,985.8,86.0,HEALTHY,live
2026-09-12T05:45:00+00:00,AWS-DEL-011,30.2,986.9,72.0,False,,low,0.0,,,,HEALTHY,live
2026-09-12T06:00:00+00:00,AWS-DEL-011,30.6,986.7,70.0,False,,low,0.0,30.2,986.9,72.0,HEALTHY,live
2026-09-12T06:15:00+00:00,AWS-DEL-011,30.9,986.6,68.0,False,,low,0.0,,,,HEALTHY,live
2026-09-12T06:30:00+00:00,AWS-DEL-011,30.1,986.0,73.0,False,,low,0.0,30.9,986.6,68.0,HEALTHY,live
2026-09-13T07:15:00+00:00,AWS-DEL-011,32.1,986.0,62.0,False,,low,0.0,,,,HEALTHY,live
2026-09-13T07:30:00+00:00,AWS-DEL-011,32.2,985.8,62.0,False,,low,0.0,32.1,986.0,62.0,HEALTHY,live
2026-09-13T08:00:00+00:00,AWS-DEL-011,32.3,985.3,62.0,False,,low,0.0,32.2,985.8,62.0,HEALTHY,live
2026-09-13T08:15:00+00:00,AWS-DEL-011,32.3,985.0,61.0,False,,low,0.0,32.3,985.3,62.0,HEALTHY,live
2026-09-13T08:30:00+00:00,AWS-DEL-011,32.4,984.7,61.0,False,,low,0.0,,,,HEALTHY,live
2026-09-13T08:45:00+00:00,AWS-DEL-011,32.4,984.5,61.0,False,,low,0.0,32.4,984.7,61.0,HEALTHY,live
2026-09-13T09:00:00+00:00,AWS-DEL-011,32.4,984.2,61.0,False,,low,0.0,32.4,984.5,61.0,HEALTHY,live
2026-09-13T09:15:00+00:00,AWS-DEL-011,32.4,984.0,61.0,False,,low,0.0,32.4,984.2,61.0,HEALTHY,live
2026-09-13T16:15:00+00:00,AWS-DEL-011,28.0,986.8,82.0,False,,low,0.0,32.4,984.0,61.0,HEALTHY,live
2026-09-17T16:15:00+00:00,AWS-DEL-011,29.2,983.5,64.0,False,,low,0.0,,,,HEALTHY,live
2026-09-17T17:00:00+00:00,AWS-DEL-011,29.0,983.6,67.0,False,,low,0.0,29.2,983.5,64.0,HEALTHY,live
2026-09-17T17:15:00+00:00,AWS-DEL-011,28.9,983.6,68.0,False,,low,0.0,,,,HEALTHY,live
2026-09-17T17:30:00+00:00,AWS-DEL-011,28.8,983.6,68.0,False,,low,0.0,29.0,983.6,67.0,HEALTHY,live
2026-09-17T17:45:00+00:00,AWS-DEL-011,28.6,983.6,69.0,False,,low,0.0,28.8,983.6,68.0,HEALTHY,live
2026-09-17T22:15:00+00:00,AWS-DEL-011,25.8,982.9,81.0,False,,low,0.0,,,,HEALTHY,live
2026-09-17T22:30:00+00:00,AWS-DEL-011,25.7,983.1,81.0,False,,low,0.0,,,,HEALTHY,live
2026-09-17T23:00:00+00:00,AWS-DEL-011,25.5,983.4,82.0,False,,low,0.0,25.7,983.1,81.0,HEALTHY,live
2025-01-28T20:00:00,AWS-DEL-011,16.3,988.2,67.0,False,drift,low,34.9,18.01,988.86,51.21,WARNING,replay
2025-01-28T21:00:00,AWS-DEL-011,15.1,988.5,72.0,False,drift,low,34.9,17.99,988.82,51.35,WARNING,replay
2025-01-28T22:00:00,AWS-DEL-011,14.1,988.7,75.0,False,drift,low,35.6,17.97,988.79,51.58,OFFLINE,replay
2025-01-28T23:00:00,AWS-DEL-011,13.4,988.8,74.0,False,drift,low,38.4,17.97,988.79,51.58,OFFLINE,replay
2025-01-29T00:00:00,AWS-DEL-011,12.7,988.7,75.0,False,drift,low,42.2,17.97,988.79,51.58,OFFLINE,replay
2025-01-29T01:00:00,AWS-DEL-011,11.9,988.6,79.0,True,drift,low,51.9,17.97,988.79,51.58,OFFLINE,replay
2025-01-29T02:00:00,AWS-DEL-011,11.5,988.2,82.0,True,drift,medium,60.0,17.97,988.79,51.58,OFFLINE,replay
2025-01-29T03:00:00,AWS-DEL-011,11.2,988.2,84.0,True,drift,medium,66.4,17.97,988.79,51.58,OFFLINE,replay
2025-01-29T04:00:00,AWS-DEL-011,11.2,988.2,85.0,True,drift,medium,65.8,17.97,988.79,51.58,OFFLINE,replay
2025-01-29T05:00:00,AWS-DEL-011,10.7,988.4,87.0,False,,low,40.2,17.97,988.79,51.58,OFFLINE,replay
2025-01-29T06:00:00,AWS-DEL-011,10.4,989.5,87.0,True,drift,high,84.9,17.97,988.79,51.58,OFFLINE,replay
2025-01-29T07:00:00,AWS-DEL-011,10.2,990.3,89.0,True,statistical_anomaly,medium,58.0,17.97,988.79,51.58,OFFLINE,replay
2025-01-29T08:00:00,AWS-DEL-011,11.9,991.1,83.0,False,,low,47.8,17.97,988.79,51.58,OFFLINE,replay
2025-01-29T09:00:00,AWS-DEL-011,14.8,992.0,70.0,False,,low,15.5,17.97,988.79,51.58,HEALTHY,replay
2025-01-29T10:00:00,AWS-DEL-011,18.1,992.5,56.0,False,,low,8.8,17.95,988.81,51.73,OFFLINE,replay
2025-01-29T11:00:00,AWS-DEL-011,20.7,992.2,45.0,False,,low,14.0,17.95,988.81,51.73,OFFLINE,replay
2025-01-29T12:00:00,AWS-DEL-011,22.5,991.1,36.0,False,,low,24.7,17.95,988.81,51.73,OFFLINE,replay
2025-01-29T13:00:00,AWS-DEL-011,23.6,989.7,32.0,False,,low,33.1,17.95,988.81,51.73,HEALTHY,replay
2025-01-29T14:00:00,AWS-DEL-011,24.0,988.8,31.0,False,,low,3.1,18.14,988.78,50.98,WARNING,replay
2025-01-29T15:00:00,AWS-DEL-011,23.8,988.0,33.0,False,,low,7.3,18.21,988.75,50.69,WARNING,replay
2025-01-29T16:00:00,AWS-DEL-011,23.0,987.8,36.0,False,,low,0.4,18.32,988.72,50.21,WARNING,replay
2025-01-29T17:00:00,AWS-DEL-011,21.5,987.6,43.0,False,,low,0.9,18.45,988.68,49.69,WARNING,replay
2025-01-29T18:00:00,AWS-DEL-011,20.1,987.7,52.0,False,drift,low,36.0,18.56,988.64,49.23,WARNING,replay
2025-01-29T19:00:00,AWS-DEL-011,18.9,988.1,59.0,False,drift,low,36.0,18.66,988.58,48.9,WARNING,replay
2025-01-29T20:00:00,AWS-DEL-011,18.0,988.6,64.0,False,drift,low,34.6,18.76,988.54,48.67,WARNING,replay
2025-01-29T21:00:00,AWS-DEL-011,17.2,988.7,66.0,False,drift,low,34.1,18.85,988.5,48.52,OFFLINE,replay
2025-01-29T22:00:00,AWS-DEL-011,16.4,988.7,68.0,False,drift,low,34.5,18.85,988.5,48.52,OFFLINE,replay
2025-01-29T23:00:00,AWS-DEL-011,15.7,988.4,71.0,False,drift,low,35.7,18.85,988.5,48.52,OFFLINE,replay
2025-01-30T00:00:00,AWS-DEL-011,14.8,988.0,74.0,False,drift,low,40.0,18.85,988.5,48.52,OFFLINE,replay
2025-01-30T01:00:00,AWS-DEL-011,14.1,987.5,78.0,True,drift,low,50.2,18.85,988.5,48.52,OFFLINE,replay
2025-01-30T02:00:00,AWS-DEL-011,13.4,986.9,82.0,True,drift,medium,65.9,18.85,988.5,48.52,OFFLINE,replay
2025-01-30T03:00:00,AWS-DEL-011,12.7,986.3,85.0,False,,low,45.8,18.85,988.5,48.52,OFFLINE,replay
2025-01-30T04:00:00,AWS-DEL-011,12.1,986.0,88.0,False,,low,47.2,18.85,988.5,48.52,OFFLINE,replay
2025-01-30T05:00:00,AWS-DEL-011,11.7,985.7,90.0,True,statistical_anomaly,low,50.4,18.85,988.5,48.52,HEALTHY,replay
2025-01-30T06:00:00,AWS-DEL-011,11.4,986.5,92.0,True,drift,high,80.8,18.85,988.5,48.52,OFFLINE,replay
2025-01-30T07:00:00,AWS-DEL-011,11.3,987.1,91.0,False,,low,46.7,18.85,988.5,48.52,OFFLINE,replay
2025-01-30T08:00:00,AWS-DEL-011,13.0,987.8,83.0,False,,low,29.8,18.85,988.5,48.52,OFFLINE,replay
2025-01-30T09:00:00,AWS-DEL-011,15.8,988.4,70.0,False,drift,low,35.4,18.85,988.5,48.52,OFFLINE,replay
2025-01-30T10:00:00,AWS-DEL-011,19.0,988.8,57.0,False,,low,0.3,18.85,988.5,48.52,OFFLINE,replay
2025-01-30T11:00:00,AWS-DEL-011,21.4,988.4,46.0,False,,low,1.7,18.85,988.5,48.52,OFFLINE,replay
2025-01-30T12:00:00,AWS-DEL-011,23.0,987.3,40.0,False,,low,8.7,18.85,988.5,48.52,HEALTHY,replay
2025-01-30T13:00:00,AWS-DEL-011,24.1,986.0,37.0,False,,low,1.3,19.07,988.41,47.94,WARNING,replay
2025-01-30T14:00:00,AWS-DEL-011,24.7,985.1,35.0,False,,low,3.9,19.16,988.33,47.81,WARNING,replay
2025-01-30T15:00:00,AWS-DEL-011,24.8,984.7,36.0,False,,low,1.0,19.24,988.24,47.71,WARNING,replay
2025-01-30T16:00:00,AWS-DEL-011,24.2,984.4,38.0,False,,low,0.6,19.32,988.16,47.62,WARNING,replay
2025-01-30T17:00:00,AWS-DEL-011,22.9,984.3,43.0,False,,low,0.8,19.42,988.07,47.46,WARNING,replay
2025-01-30T18:00:00,AWS-DEL-011,21.3,984.4,54.0,False,drift,low,35.1,19.52,987.98,47.19,WARNING,replay
2025-01-30T19:00:00,AWS-DEL-011,19.9,984.6,63.0,False,drift,low,36.1,19.62,987.88,47.08,WARNING,replay
2025-01-30T20:00:00,AWS-DEL-011,18.7,985.0,71.0,False,drift,low,37.1,19.71,987.78,47.12,WARNING,replay
2025-01-30T21:00:00,AWS-DEL-011,17.8,985.4,77.0,False,drift,low,34.9,19.8,987.67,47.29,OFFLINE,replay
2025-01-30T22:00:00,AWS-DEL-011,17.2,985.6,80.0,False,drift,low,39.2,19.8,987.67,47.29,OFFLINE,replay
2025-01-30T23:00:00,AWS-DEL-011,16.6,985.6,82.0,False,drift,low,47.2,19.8,987.67,47.29,OFFLINE,replay
2025-01-31T00:00:00,AWS-DEL-011,16.1,985.0,83.0,True,drift,low,53.6,19.8,987.67,47.29,OFFLINE,replay
2025-01-31T01:00:00,AWS-DEL-011,15.5,984.9,85.0,True,drift,medium,64.6,19.8,987.67,47.29,OFFLINE,replay
2025-01-31T02:00:00,AWS-DEL-011,14.6,984.6,89.0,True,drift,high,73.4,19.8,987.67,47.29,OFFLINE,replay
2025-01-31T03:00:00,AWS-DEL-011,14.1,984.2,91.0,False,,low,41.0,19.8,987.67,47.29,OFFLINE,replay
2025-01-31T04:00:00,AWS-DEL-011,13.5,983.9,92.0,False,,low,48.7,19.8,987.67,47.29,OFFLINE,replay
2025-01-31T05:00:00,AWS-DEL-011,12.9,984.1,94.0,True,statistical_anomaly,low,50.3,19.8,987.67,47.29,HEALTHY,replay
2025-01-31T06:00:00,AWS-DEL-011,12.5,984.8,99.0,True,drift,high,75.7,19.8,987.67,47.29,OFFLINE,replay
2025-01-31T07:00:00,AWS-DEL-011,12.1,985.5,99.0,False,,low,37.1,19.8,987.67,47.29,OFFLINE,replay
2025-01-31T08:00:00,AWS-DEL-011,13.0,986.5,97.0,True,drift,high,87.1,19.8,987.67,47.29,OFFLINE,replay
2025-01-31T09:00:00,AWS-DEL-011,14.8,987.6,90.0,True,drift,high,82.6,19.8,987.67,47.29,OFFLINE,replay
2025-01-31T10:00:00,AWS-DEL-011,18.4,988.2,72.0,False,drift,low,35.7,19.8,987.67,47.29,OFFLINE,replay
2025-01-31T11:00:00,AWS-DEL-011,22.1,987.8,57.0,False,,low,3.7,19.8,987.67,47.29,OFFLINE,replay
2025-01-31T12:00:00,AWS-DEL-011,24.4,987.0,43.0,False,,low,12.5,19.8,987.67,47.29,OFFLINE,replay
2025-01-31T13:00:00,AWS-DEL-011,25.8,986.0,29.0,False,,low,18.6,19.8,987.67,47.29,HEALTHY,replay
2025-01-31T14:00:00,AWS-DEL-011,26.3,985.5,25.0,False,,low,3.3,20.05,987.59,46.56,OFFLINE,replay
2025-01-31T15:00:00,AWS-DEL-011,26.1,985.0,25.0,False,,low,4.2,20.05,987.59,46.56,OFFLINE,replay
2025-01-31T16:00:00,AWS-DEL-011,25.5,984.8,26.0,False,,low,6.0,20.05,987.59,46.56,OFFLINE,replay
2025-01-31T17:00:00,AWS-DEL-011,24.2,984.9,30.0,False,,low,1.3,20.05,987.59,46.56,HEALTHY,replay
2025-01-31T18:00:00,AWS-DEL-011,22.2,985.5,46.0,False,,low,25.7,20.16,987.47,46.31,WARNING,replay
2025-01-31T19:00:00,AWS-DEL-011,21.0,986.0,57.0,False,,low,2.8,20.2,987.38,46.46,WARNING,replay
2025-01-31T20:00:00,AWS-DEL-011,20.2,986.6,58.0,False,drift,low,34.7,20.2,987.32,46.85,WARNING,replay
2025-01-31T21:00:00,AWS-DEL-011,19.3,987.0,58.0,False,drift,low,34.2,20.18,987.28,47.29,WARNING,replay
2025-01-31T22:00:00,AWS-DEL-011,18.7,987.2,59.0,False,drift,low,34.1,20.16,987.25,47.62,WARNING,replay
2025-01-31T23:00:00,AWS-DEL-011,17.6,987.0,64.0,False,drift,low,34.1,20.18,987.24,47.69,OFFLINE,replay
2025-02-01T00:00:00,AWS-DEL-011,16.8,986.7,72.0,False,drift,low,36.5,20.18,987.24,47.69,OFFLINE,replay
2025-02-01T01:00:00,AWS-DEL-011,16.5,986.3,75.0,False,,low,5.4,20.18,987.24,47.69,OFFLINE,replay
2025-02-01T02:00:00,AWS-DEL-011,16.0,986.0,75.0,False,,low,3.4,20.18,987.24,47.69,OFFLINE,replay
2025-02-01T03:00:00,AWS-DEL-011,15.4,985.8,74.0,False,,low,5.1,20.18,987.24,47.69,WARNING,replay
2025-02-01T04:00:00,AWS-DEL-011,14.8,985.8,76.0,False,,low,0.3,20.14,987.19,47.98,OFFLINE,replay
2025-02-01T05:00:00,AWS-DEL-011,14.5,985.7,77.0,False,,low,0.6,20.14,987.19,47.98,OFFLINE,replay
2025-02-01T06:00:00,AWS-DEL-011,12.7,986.9,91.0,False,,low,33.6,20.14,987.19,47.98,OFFLINE,replay
2025-02-01T07:00:00,AWS-DEL-011,12.9,987.8,91.0,False,,low,48.2,20.14,987.19,47.98,WARNING,replay
2025-02-01T08:00:00,AWS-DEL-011,14.7,988.6,82.0,False,,low,5.8,20.08,987.17,48.58,WARNING,replay
2025-02-01T09:00:00,AWS-DEL-011,17.6,989.6,70.0,False,,low,3.9,20.08,987.16,48.96,WARNING,replay
2025-02-01T10:00:00,AWS-DEL-011,20.6,990.3,58.0,False,,low,2.9,20.16,987.18,49.0,WARNING,replay
2025-02-01T11:00:00,AWS-DEL-011,23.0,990.1,46.0,False,drift,low,36.6,20.18,987.19,49.42,WARNING,replay
2025-02-01T12:00:00,AWS-DEL-011,24.4,989.5,38.0,False,drift,low,35.1,20.22,987.22,49.67,WARNING,replay
2025-02-01T13:00:00,AWS-DEL-011,25.3,988.5,34.0,False,drift,low,34.5,20.28,987.26,49.81,WARNING,replay
2025-02-01T14:00:00,AWS-DEL-011,25.5,987.7,32.0,False,drift,low,34.4,20.36,987.3,49.85,OFFLINE,replay
2025-02-01T15:00:00,AWS-DEL-011,25.5,987.2,32.0,False,,low,0.8,20.36,987.3,49.85,OFFLINE,replay
2025-02-01T16:00:00,AWS-DEL-011,25.1,987.2,33.0,False,,low,1.1,20.36,987.3,49.85,OFFLINE,replay
2025-02-01T17:00:00,AWS-DEL-011,24.1,987.3,36.0,False,,low,0.8,20.36,987.3,49.85,WARNING,replay
2025-02-01T18:00:00,AWS-DEL-011,21.3,987.7,60.0,False,,low,9.6,20.44,987.31,49.83,OFFLINE,replay
2025-02-01T19:00:00,AWS-DEL-011,20.8,988.2,61.0,False,,low,18.1,20.44,987.31,49.83,OFFLINE,replay
2025-02-01T20:00:00,AWS-DEL-011,19.6,988.7,64.0,False,,low,44.4,20.44,987.31,49.83,OFFLINE,replay
2025-02-01T21:00:00,AWS-DEL-011,17.7,990.3,77.0,True,multivariate_inconsistency,high,72.5,20.44,987.31,49.83,OFFLINE,replay
2025-02-01T22:00:00,AWS-DEL-011,17.3,989.9,80.0,True,multivariate_inconsistency,high,72.9,20.44,987.31,49.83,OFFLINE,replay
2025-02-01T23:00:00,AWS-DEL-011,17.1,989.8,79.0,True,multivariate_inconsistency,high,73.5,20.44,987.31,49.83,OFFLINE,replay
2025-02-02T00:00:00,AWS-DEL-011,16.4,989.7,81.0,True,multivariate_inconsistency,high,74.1,20.44,987.31,49.83,OFFLINE,replay
2025-02-02T01:00:00,AWS-DEL-011,15.5,989.5,84.0,True,multivariate_inconsistency,high,73.8,20.44,987.31,49.83,OFFLINE,replay
2025-02-02T02:00:00,AWS-DEL-011,15.0,988.9,85.0,True,multivariate_inconsistency,high,73.0,20.44,987.31,49.83,OFFLINE,replay
2025-02-02T03:00:00,AWS-DEL-011,14.7,988.9,86.0,True,multivariate_inconsistency,high,73.1,20.44,987.31,49.83,OFFLINE,replay
2025-02-02T04:00:00,AWS-DEL-011,14.8,988.7,84.0,True,statistical_anomaly,low,52.4,20.44,987.31,49.83,OFFLINE,replay
2025-02-02T05:00:00,AWS-DEL-011,14.2,988.9,85.0,True,statistical_anomaly,low,53.8,20.44,987.31,49.83,OFFLINE,replay
2025-02-02T06:00:00,AWS-DEL-011,13.7,989.6,91.0,True,multivariate_inconsistency,high,75.4,20.44,987.31,49.83,OFFLINE,replay
2025-02-02T07:00:00,AWS-DEL-011,13.7,990.3,91.0,True,multivariate_inconsistency,high,75.5,20.44,987.31,49.83,OFFLINE,replay
2025-02-02T08:00:00,AWS-DEL-011,14.9,991.4,86.0,True,multivariate_inconsistency,high,76.1,20.44,987.31,49.83,OFFLINE,replay
2025-02-02T09:00:00,AWS-DEL-011,17.1,992.3,75.0,True,statistical_anomaly,medium,57.0,20.44,987.31,49.83,OFFLINE,replay
2025-02-02T10:00:00,AWS-DEL-011,19.6,992.9,64.0,True,statistical_anomaly,low,53.9,20.44,987.31,49.83,OFFLINE,replay
2025-02-02T11:00:00,AWS-DEL-011,21.7,992.4,51.0,False,,low,29.0,20.44,987.31,49.83,HEALTHY,replay
2025-02-02T12:00:00,AWS-DEL-011,22.8,991.7,45.0,False,,low,1.2,20.49,987.43,49.94,OFFLINE,replay
2025-02-02T13:00:00,AWS-DEL-011,23.5,990.6,40.0,False,,low,4.2,20.49,987.43,49.94,OFFLINE,replay
2025-02-02T14:00:00,AWS-DEL-011,23.6,989.9,38.0,False,,low,2.9,20.49,987.43,49.94,OFFLINE,replay
2025-02-02T15:00:00,AWS-DEL-011,23.3,989.5,39.0,False,,low,2.0,20.49,987.43,49.94,HEALTHY,replay
2025-02-02T16:00:00,AWS-DEL-011,22.6,989.4,42.0,False,,low,0.3,20.61,987.5,49.65,WARNING,replay
2025-02-02T17:00:00,AWS-DEL-011,21.3,989.4,48.0,False,,low,0.5,20.73,987.55,49.29,WARNING,replay
2025-02-02T18:00:00,AWS-DEL-011,19.0,989.6,68.0,False,,low,25.4,20.85,987.59,48.96,WARNING,replay
2025-02-02T19:00:00,AWS-DEL-011,18.1,990.1,74.0,False,drift,low,38.7,20.97,987.57,49.1,WARNING,replay
2025-02-02T20:00:00,AWS-DEL-011,17.2,990.6,79.0,False,drift,low,41.2,20.89,987.61,50.06,WARNING,replay
2025-02-02T21:00:00,AWS-DEL-011,16.3,990.7,81.0,False,drift,low,35.2,20.77,987.67,51.17,WARNING,replay
2025-02-02T22:00:00,AWS-DEL-011,15.5,990.9,83.0,False,drift,low,35.1,20.63,987.75,52.31,OFFLINE,replay
2025-02-02T23:00:00,AWS-DEL-011,14.8,990.6,83.0,False,drift,low,37.7,20.63,987.75,52.31,OFFLINE,replay
2025-02-03T00:00:00,AWS-DEL-011,14.1,989.8,82.0,False,drift,low,44.6,20.63,987.75,52.31,OFFLINE,replay
2025-02-03T01:00:00,AWS-DEL-011,13.3,989.2,82.0,False,drift,low,46.1,20.63,987.75,52.31,OFFLINE,replay
2025-02-03T02:00:00,AWS-DEL-011,12.6,988.7,83.0,False,drift,low,46.4,20.63,987.75,52.31,OFFLINE,replay
2025-02-03T03:00:00,AWS-DEL-011,11.9,988.5,86.0,True,drift,medium,58.2,20.63,987.75,52.31,OFFLINE,replay
2025-02-03T04:00:00,AWS-DEL-011,11.3,988.2,86.0,True,drift,medium,58.5,20.63,987.75,52.31,OFFLINE,replay
2025-02-03T05:00:00,AWS-DEL-011,10.8,988.2,87.0,True,drift,medium,62.3,20.63,987.75,52.31,OFFLINE,replay
2025-02-03T06:00:00,AWS-DEL-011,11.0,989.1,91.0,True,drift,medium,63.9,20.63,987.75,52.31,OFFLINE,replay
2025-02-03T07:00:00,AWS-DEL-011,10.9,989.8,91.0,False,,low,33.0,20.63,987.75,52.31,OFFLINE,replay
2025-02-03T08:00:00,AWS-DEL-011,12.7,990.6,84.0,False,,low,9.1,20.63,987.75,52.31,OFFLINE,replay
2025-02-03T09:00:00,AWS-DEL-011,15.1,991.5,73.0,False,,low,4.4,20.63,987.75,52.31,HEALTHY,replay
2025-02-03T10:00:00,AWS-DEL-011,17.8,991.7,60.0,False,,low,0.9,20.49,987.84,53.19,OFFLINE,replay
2025-02-03T11:00:00,AWS-DEL-011,20.0,991.1,46.0,False,,low,4.8,20.49,987.84,53.19,OFFLINE,replay
2025-02-03T12:00:00,AWS-DEL-011,21.4,989.9,37.0,False,,low,22.7,20.49,987.84,53.19,OFFLINE,replay
2025-02-03T13:00:00,AWS-DEL-011,22.4,989.0,34.0,False,,low,26.5,20.49,987.84,53.19,HEALTHY,replay
2025-02-03T14:00:00,AWS-DEL-011,22.7,988.3,34.0,False,,low,1.3,20.53,987.88,53.02,WARNING,replay
2025-02-03T15:00:00,AWS-DEL-011,22.8,988.0,35.0,False,,low,1.3,20.61,987.91,52.62,WARNING,replay
2025-02-03T16:00:00,AWS-DEL-011,22.3,988.1,37.0,False,,low,0.1,20.72,987.92,52.08,WARNING,replay
2025-02-03T17:00:00,AWS-DEL-011,20.7,988.2,57.0,False,,low,4.6,20.85,987.91,51.46,WARNING,replay
2025-02-03T18:00:00,AWS-DEL-011,18.8,989.0,59.0,False,drift,low,36.1,20.96,987.91,51.15,WARNING,replay
2025-02-03T19:00:00,AWS-DEL-011,17.5,989.6,64.0,False,drift,low,34.7,21.05,987.85,50.92,WARNING,replay
2025-02-03T20:00:00,AWS-DEL-011,16.5,990.1,68.0,False,drift,low,34.6,20.92,987.84,51.58,WARNING,replay
2025-02-03T21:00:00,AWS-DEL-011,16.2,990.2,70.0,False,drift,low,34.2,20.76,987.87,52.35,OFFLINE,replay
2025-02-03T22:00:00,AWS-DEL-011,15.6,990.4,69.0,False,drift,low,34.3,20.76,987.87,52.35,OFFLINE,replay
2025-02-03T23:00:00,AWS-DEL-011,14.8,990.1,72.0,False,drift,low,34.5,20.76,987.87,52.35,OFFLINE,replay
2025-02-04T00:00:00,AWS-DEL-011,14.3,989.7,73.0,False,drift,low,35.3,20.76,987.87,52.35,OFFLINE,replay
2025-02-04T01:00:00,AWS-DEL-011,14.3,989.3,73.0,False,drift,low,35.7,20.76,987.87,52.35,OFFLINE,replay
2025-02-04T02:00:00,AWS-DEL-011,13.9,989.1,73.0,False,drift,low,36.3,20.76,987.87,52.35,OFFLINE,replay
2025-02-04T03:00:00,AWS-DEL-011,13.6,988.8,74.0,False,drift,low,37.6,20.76,987.87,52.35,OFFLINE,replay
2025-02-04T04:00:00,AWS-DEL-011,13.2,988.5,75.0,False,drift,low,37.3,20.76,987.87,52.35,OFFLINE,replay
2025-02-04T05:00:00,AWS-DEL-011,13.0,989.0,76.0,False,drift,low,38.5,20.76,987.87,52.35,OFFLINE,replay
2025-02-04T06:00:00,AWS-DEL-011,15.1,990.2,75.0,False,drift,low,34.8,20.76,987.87,52.35,OFFLINE,replay
2025-02-04T07:00:00,AWS-DEL-011,14.9,990.7,71.0,False,,low,1.5,20.76,987.87,52.35,OFFLINE,replay
2025-02-04T08:00:00,AWS-DEL-011,15.2,991.3,70.0,False,,low,1.3,20.76,987.87,52.35,OFFLINE,replay
2025-02-04T09:00:00,AWS-DEL-011,16.4,992.0,68.0,False,,low,1.2,20.76,987.87,52.35,HEALTHY,replay
2025-02-04T10:00:00,AWS-DEL-011,18.0,992.2,63.0,False,,low,0.3,20.61,987.95,53.08,OFFLINE,replay
2025-02-04T11:00:00,AWS-DEL-011,20.2,991.9,53.0,False,,low,1.0,20.61,987.95,53.08,OFFLINE,replay
2025-02-04T12:00:00,AWS-DEL-011,21.8,990.8,51.0,False,,low,1.7,20.61,987.95,53.08,OFFLINE,replay
2025-02-04T13:00:00,AWS-DEL-011,22.4,989.6,52.0,False,,low,2.6,20.61,987.95,53.08,HEALTHY,replay
2025-02-04T14:00:00,AWS-DEL-011,22.9,988.7,51.0,False,,low,0.3,20.6,987.99,53.42,WARNING,replay
2025-02-04T15:00:00,AWS-DEL-011,22.8,988.3,51.0,False,,low,0.5,20.62,988.01,53.58,WARNING,replay
2025-02-04T16:00:00,AWS-DEL-011,22.7,988.0,52.0,False,,low,0.1,20.68,988.03,53.56,WARNING,replay
2025-02-04T17:00:00,AWS-DEL-011,21.5,987.7,67.0,False,,low,1.3,20.76,988.03,53.42,WARNING,replay
2025-02-04T18:00:00,AWS-DEL-011,19.2,988.1,79.0,False,,low,2.1,20.83,988.01,53.48,WARNING,replay
2025-02-04T19:00:00,AWS-DEL-011,18.4,988.6,84.0,False,drift,low,35.4,20.75,988.02,54.29,WARNING,replay
2025-02-04T20:00:00,AWS-DEL-011,17.8,988.8,86.0,False,drift,low,34.8,20.64,988.08,55.27,WARNING,replay
2025-02-04T21:00:00,AWS-DEL-011,17.1,988.8,88.0,False,drift,low,34.3,20.49,988.15,56.33,WARNING,replay
2025-02-04T22:00:00,AWS-DEL-011,16.7,988.6,90.0,False,drift,low,34.3,20.33,988.24,57.42,OFFLINE,replay
2025-02-04T23:00:00,AWS-DEL-011,16.9,989.0,86.0,False,,low,0.3,20.33,988.24,57.42,OFFLINE,replay
2025-02-05T00:00:00,AWS-DEL-011,15.7,988.6,87.0,False,,low,1.0,20.33,988.24,57.42,OFFLINE,replay
2025-02-05T01:00:00,AWS-DEL-011,14.9,988.6,89.0,False,drift,low,36.6,20.33,988.24,57.42,OFFLINE,replay
2025-02-05T02:00:00,AWS-DEL-011,14.4,988.3,91.0,False,drift,low,37.1,20.33,988.24,57.42,OFFLINE,replay
2025-02-05T03:00:00,AWS-DEL-011,13.6,988.0,95.0,False,drift,low,41.4,20.33,988.24,57.42,OFFLINE,replay
2025-02-05T04:00:00,AWS-DEL-011,13.4,988.4,96.0,False,drift,low,39.0,20.33,988.24,57.42,OFFLINE,replay
2025-02-05T05:00:00,AWS-DEL-011,12.8,988.7,96.0,False,drift,low,38.2,20.33,988.24,57.42,OFFLINE,replay
2025-02-05T06:00:00,AWS-DEL-011,12.2,989.3,95.0,False,drift,low,39.5,20.33,988.24,57.42,OFFLINE,replay
2025-02-05T07:00:00,AWS-DEL-011,11.9,990.0,95.0,False,,low,17.2,20.33,988.24,57.42,OFFLINE,replay
2025-02-05T08:00:00,AWS-DEL-011,13.0,990.9,88.0,False,,low,35.5,20.33,988.24,57.42,OFFLINE,replay
2025-02-05T09:00:00,AWS-DEL-011,15.1,992.1,78.0,False,multivariate_inconsistency,low,36.5,20.33,988.24,57.42,HEALTHY,replay
2025-02-05T10:00:00,AWS-DEL-011,17.4,992.7,65.0,False,,low,1.4,20.14,988.4,58.25,OFFLINE,replay
2025-02-05T11:00:00,AWS-DEL-011,19.2,992.6,54.0,False,,low,4.5,20.14,988.4,58.25,OFFLINE,replay
2025-02-05T12:00:00,AWS-DEL-011,20.5,991.7,42.0,False,,low,11.2,20.14,988.4,58.25,OFFLINE,replay
2025-02-05T13:00:00,AWS-DEL-011,21.2,990.9,37.0,False,,low,19.5,20.14,988.4,58.25,HEALTHY,replay
2025-02-05T14:00:00,AWS-DEL-011,21.4,990.2,34.0,False,,low,0.9,20.11,988.54,58.12,WARNING,replay
2025-02-05T15:00:00,AWS-DEL-011,21.1,989.9,33.0,False,,low,0.6,20.11,988.66,57.71,WARNING,replay
2025-02-05T16:00:00,AWS-DEL-011,20.3,989.9,36.0,False,,low,0.2,20.13,988.77,57.08,WARNING,replay
2025-02-05T17:00:00,AWS-DEL-011,19.1,990.0,43.0,False,,low,0.3,20.17,988.87,56.35,WARNING,replay
2025-02-05T18:00:00,AWS-DEL-011,17.8,990.5,50.0,False,,low,0.3,20.03,988.95,56.65,WARNING,replay
2025-02-05T19:00:00,AWS-DEL-011,16.8,991.1,58.0,False,drift,low,35.2,19.89,989.07,57.06,WARNING,replay
2025-02-05T20:00:00,AWS-DEL-011,15.5,991.5,65.0,False,drift,low,34.9,19.78,989.19,57.31,WARNING,replay
2025-02-05T21:00:00,AWS-DEL-011,14.5,992.0,69.0,False,drift,low,35.0,19.67,989.3,57.48,WARNING,replay
2025-02-05T22:00:00,AWS-DEL-011,13.8,992.4,70.0,False,drift,low,34.5,19.55,989.41,57.71,OFFLINE,replay
2025-02-05T23:00:00,AWS-DEL-011,13.2,992.1,68.0,False,,low,1.0,19.55,989.41,57.71,OFFLINE,replay
2025-02-06T00:00:00,AWS-DEL-011,13.0,991.8,62.0,False,,low,2.4,19.55,989.41,57.71,OFFLINE,replay
2025-02-06T01:00:00,AWS-DEL-011,13.4,991.7,56.0,False,,low,3.3,19.55,989.41,57.71,HEALTHY,replay
2025-02-06T02:00:00,AWS-DEL-011,13.1,991.1,57.0,False,,low,0.4,19.43,989.51,57.67,OFFLINE,replay
2025-02-06T03:00:00,AWS-DEL-011,13.0,990.8,56.0,False,,low,0.4,19.43,989.51,57.67,OFFLINE,replay
2025-02-06T04:00:00,AWS-DEL-011,13.0,990.6,56.0,False,,low,0.4,19.43,989.51,57.67,OFFLINE,replay
2025-02-06T05:00:00,AWS-DEL-011,12.8,990.8,56.0,False,,low,0.6,19.43,989.51,57.67,HEALTHY,replay
2025-02-06T06:00:00,AWS-DEL-011,11.7,992.0,75.0,False,,low,14.6,19.3,989.59,57.6,WARNING,replay
2025-02-06T07:00:00,AWS-DEL-011,11.4,992.6,75.0,False,,low,2.0,19.22,989.72,57.62,WARNING,replay
2025-02-06T08:00:00,AWS-DEL-011,12.8,993.2,69.0,False,,low,1.6,19.19,989.82,57.29,WARNING,replay
2025-02-06T09:00:00,AWS-DEL-011,15.2,993.8,62.0,False,,low,1.6,19.15,989.91,57.02,WARNING,replay
2025-02-06T10:00:00,AWS-DEL-011,17.7,994.3,53.0,False,,low,1.1,19.1,990.0,56.85,WARNING,replay
2025-02-06T11:00:00,AWS-DEL-011,19.6,993.8,39.0,False,drift,low,35.5,19.04,990.08,56.75,WARNING,replay
2025-02-06T12:00:00,AWS-DEL-011,20.7,992.8,31.0,False,drift,low,34.8,18.97,990.16,56.6,WARNING,replay
2025-02-06T13:00:00,AWS-DEL-011,21.1,992.0,28.0,False,drift,low,34.5,18.9,990.23,56.46,WARNING,replay
2025-02-06T14:00:00,AWS-DEL-011,21.1,991.2,29.0,False,,low,0.2,18.81,990.3,56.33,WARNING,replay
2025-02-06T15:00:00,AWS-DEL-011,20.6,990.7,33.0,False,,low,0.2,18.75,990.38,56.19,WARNING,replay
2025-02-06T16:00:00,AWS-DEL-011,19.8,990.5,38.0,False,,low,0.2,18.72,990.35,55.81,WARNING,replay
2025-02-06T17:00:00,AWS-DEL-011,18.6,990.4,43.0,False,drift,low,34.2,18.65,990.37,55.79,OFFLINE,replay
2025-02-06T18:00:00,AWS-DEL-011,17.8,990.8,47.0,False,drift,low,34.7,18.65,990.37,55.79,OFFLINE,replay
2025-02-06T19:00:00,AWS-DEL-011,16.6,991.3,51.0,False,,low,4.1,18.65,990.37,55.79,OFFLINE,replay
2025-02-06T20:00:00,AWS-DEL-011,15.6,991.9,52.0,False,,low,19.5,18.65,990.37,55.79,OFFLINE,replay
2025-02-06T21:00:00,AWS-DEL-011,14.8,992.4,54.0,False,,low,28.5,18.65,990.37,55.79,HEALTHY,replay
2025-02-06T22:00:00,AWS-DEL-011,14.2,992.4,55.0,False,,low,0.8,18.49,990.43,56.04,WARNING,replay
2025-02-06T23:00:00,AWS-DEL-011,13.5,992.5,57.0,False,drift,low,35.1,18.34,990.49,56.19,WARNING,replay
2025-02-07T00:00:00,AWS-DEL-011,13.1,992.3,59.0,False,drift,low,34.2,18.22,990.55,55.96,OFFLINE,replay
2025-02-07T01:00:00,AWS-DEL-011,12.6,992.0,60.0,False,drift,low,34.3,18.22,990.55,55.96,OFFLINE,replay
2025-02-07T02:00:00,AWS-DEL-011,12.2,991.5,60.0,False,drift,low,34.8,18.22,990.55,55.96,OFFLINE,replay
2025-02-07T03:00:00,AWS-DEL-011,11.7,991.1,61.0,False,drift,low,36.0,18.22,990.55,55.96,OFFLINE,replay
2025-02-07T04:00:00,AWS-DEL-011,11.2,991.1,62.0,False,drift,low,38.7,18.22,990.55,55.96,OFFLINE,replay
2025-02-07T05:00:00,AWS-DEL-011,10.8,991.1,64.0,False,drift,low,37.6,18.22,990.55,55.96,OFFLINE,replay
2025-02-07T06:00:00,AWS-DEL-011,10.7,991.5,73.0,False,drift,low,47.3,18.22,990.55,55.96,OFFLINE,replay
2025-02-07T07:00:00,AWS-DEL-011,10.6,992.0,71.0,False,,low,11.3,18.22,990.55,55.96,OFFLINE,replay
2025-02-07T08:00:00,AWS-DEL-011,11.9,992.7,66.0,False,,low,2.5,18.22,990.55,55.96,OFFLINE,replay
2025-02-07T09:00:00,AWS-DEL-011,14.1,993.4,58.0,False,drift,low,35.1,18.22,990.55,55.96,OFFLINE,replay
2025-02-07T10:00:00,AWS-DEL-011,16.2,993.4,51.0,False,,low,1.6,18.22,990.55,55.96,OFFLINE,replay
2025-02-07T11:00:00,AWS-DEL-011,18.2,993.2,45.0,False,,low,5.9,18.22,990.55,55.96,OFFLINE,replay
2025-02-07T12:00:00,AWS-DEL-011,19.7,992.6,39.0,False,,low,3.0,18.22,990.55,55.96,HEALTHY,replay
2025-02-07T13:00:00,AWS-DEL-011,20.6,991.9,35.0,False,,low,0.9,18.26,990.61,55.23,OFFLINE,replay
2025-02-07T14:00:00,AWS-DEL-011,20.8,991.1,32.0,False,,low,4.0,18.26,990.61,55.23,OFFLINE,replay
2025-02-07T15:00:00,AWS-DEL-011,20.7,990.6,31.0,False,,low,3.4,18.26,990.61,55.23,OFFLINE,replay
2025-02-07T16:00:00,AWS-DEL-011,20.0,990.3,36.0,False,,low,2.4,18.26,990.61,55.23,HEALTHY,replay
2025-02-07T17:00:00,AWS-DEL-011,18.7,990.2,41.0,False,,low,1.3,18.32,990.6,54.33,WARNING,replay
2025-02-07T18:00:00,AWS-DEL-011,17.9,990.6,45.0,False,,low,0.4,18.37,990.59,53.5,WARNING,replay
2025-02-07T19:00:00,AWS-DEL-011,16.8,991.2,50.0,False,,low,0.3,18.43,990.57,52.92,WARNING,replay
2025-02-07T20:00:00,AWS-DEL-011,15.9,991.6,52.0,False,drift,low,34.3,18.31,990.62,53.25,WARNING,replay
2025-02-07T21:00:00,AWS-DEL-011,15.1,991.5,53.0,False,drift,low,34.1,18.17,990.69,53.62,WARNING,replay
2025-02-07T22:00:00,AWS-DEL-011,14.5,991.4,54.0,False,drift,low,34.1,18.01,990.76,54.0,WARNING,replay
2025-02-07T23:00:00,AWS-DEL-011,13.9,991.2,54.0,False,,low,0.2,17.84,990.83,54.35,WARNING,replay
2025-02-08T00:00:00,AWS-DEL-011,13.5,990.2,54.0,False,drift,low,34.3,17.7,990.89,54.29,WARNING,replay
2025-02-08T01:00:00,AWS-DEL-011,13.1,989.8,55.0,False,drift,low,34.1,17.59,990.91,54.19,WARNING,replay
2025-02-08T02:00:00,AWS-DEL-011,12.8,989.1,55.0,False,drift,low,34.2,17.5,990.92,54.0,WARNING,replay
2025-02-08T03:00:00,AWS-DEL-011,12.5,989.0,55.0,False,drift,low,34.1,17.42,990.9,53.73,OFFLINE,replay
2025-02-08T04:00:00,AWS-DEL-011,12.3,988.8,55.0,False,drift,low,34.2,17.42,990.9,53.73,OFFLINE,replay
2025-02-08T05:00:00,AWS-DEL-011,12.0,989.0,56.0,False,drift,low,34.2,17.42,990.9,53.73,OFFLINE,replay
2025-02-08T06:00:00,AWS-DEL-011,11.2,990.1,66.0,False,,low,1.8,17.42,990.9,53.73,OFFLINE,replay
2025-02-08T07:00:00,AWS-DEL-011,11.1,990.8,66.0,False,,low,4.2,17.42,990.9,53.73,OFFLINE,replay
2025-02-08T08:00:00,AWS-DEL-011,12.3,991.6,63.0,False,,low,1.6,17.42,990.9,53.73,WARNING,replay
2025-02-08T09:00:00,AWS-DEL-011,14.5,992.5,56.0,False,,low,0.5,17.34,990.89,53.62,OFFLINE,replay
2025-02-08T10:00:00,AWS-DEL-011,17.2,993.1,48.0,False,,low,6.4,17.34,990.89,53.62,OFFLINE,replay
2025-02-08T11:00:00,AWS-DEL-011,19.6,992.8,42.0,False,,low,8.6,17.34,990.89,53.62,OFFLINE,replay
2025-02-08T12:00:00,AWS-DEL-011,21.5,991.7,36.0,False,,low,3.5,17.34,990.89,53.62,HEALTHY,replay
2025-02-08T13:00:00,AWS-DEL-011,22.8,990.6,32.0,False,,low,1.2,17.32,990.93,53.29,WARNING,replay
2025-02-08T14:00:00,AWS-DEL-011,23.3,989.6,30.0,False,,low,1.1,17.32,990.97,52.9,WARNING,replay
2025-02-08T15:00:00,AWS-DEL-011,23.2,989.1,31.0,False,,low,0.2,17.33,991.0,52.46,WARNING,replay
2025-02-08T16:00:00,AWS-DEL-011,22.4,988.8,35.0,False,,low,0.2,17.34,991.02,52.02,WARNING,replay
2025-02-08T17:00:00,AWS-DEL-011,20.8,989.0,45.0,False,,low,0.3,17.36,991.05,51.35,WARNING,replay
2025-02-08T18:00:00,AWS-DEL-011,19.8,989.2,47.0,False,drift,low,34.1,17.39,991.06,50.65,WARNING,replay
2025-02-08T19:00:00,AWS-DEL-011,18.8,990.2,54.0,False,drift,low,34.3,17.42,991.08,49.88,WARNING,replay
2025-02-08T20:00:00,AWS-DEL-011,17.7,990.5,61.0,False,drift,low,34.2,17.44,991.11,49.21,WARNING,replay
2025-02-08T21:00:00,AWS-DEL-011,16.7,990.9,65.0,False,drift,low,34.3,17.45,991.14,48.65,OFFLINE,replay
2025-02-08T22:00:00,AWS-DEL-011,16.2,991.1,66.0,False,drift,low,35.4,17.45,991.14,48.65,OFFLINE,replay
2025-02-08T23:00:00,AWS-DEL-011,15.5,990.9,67.0,False,drift,low,35.7,17.45,991.14,48.65,OFFLINE,replay
2025-02-09T00:00:00,AWS-DEL-011,14.9,990.6,68.0,False,drift,low,36.1,17.45,991.14,48.65,OFFLINE,replay
2025-02-09T01:00:00,AWS-DEL-011,14.5,990.2,69.0,False,drift,low,37.7,17.45,991.14,48.65,OFFLINE,replay
2025-02-09T02:00:00,AWS-DEL-011,14.0,989.5,71.0,False,drift,low,49.6,17.45,991.14,48.65,OFFLINE,replay
2025-02-09T03:00:00,AWS-DEL-011,13.2,989.0,75.0,True,drift,medium,60.3,17.45,991.14,48.65,OFFLINE,replay
2025-02-09T04:00:00,AWS-DEL-011,12.5,988.6,78.0,False,,low,38.1,17.45,991.14,48.65,OFFLINE,replay
2025-02-09T05:00:00,AWS-DEL-011,11.9,988.6,80.0,False,,low,38.2,17.45,991.14,48.65,OFFLINE,replay
2025-02-09T06:00:00,AWS-DEL-011,10.9,989.3,86.0,True,drift,high,79.0,17.45,991.14,48.65,OFFLINE,replay
2025-02-09T07:00:00,AWS-DEL-011,10.8,989.7,86.0,False,,low,37.9,17.45,991.14,48.65,OFFLINE,replay
2025-02-09T08:00:00,AWS-DEL-011,12.9,990.7,76.0,False,,low,19.5,17.45,991.14,48.65,OFFLINE,replay
2025-02-09T09:00:00,AWS-DEL-011,15.9,991.8,63.0,False,drift,low,36.6,17.45,991.14,48.65,OFFLINE,replay
2025-02-09T10:00:00,AWS-DEL-011,19.0,992.0,50.0,False,,low,2.0,17.45,991.14,48.65,OFFLINE,replay
2025-02-09T11:00:00,AWS-DEL-011,21.8,991.7,38.0,False,,low,7.8,17.45,991.14,48.65,OFFLINE,replay
2025-02-09T12:00:00,AWS-DEL-011,23.8,990.8,29.0,False,,low,8.4,17.45,991.14,48.65,HEALTHY,replay
2025-02-09T13:00:00,AWS-DEL-011,24.8,989.6,25.0,False,,low,4.0,17.63,991.11,47.62,WARNING,replay
2025-02-09T14:00:00,AWS-DEL-011,25.2,988.8,26.0,False,,low,3.4,17.71,991.09,47.38,WARNING,replay
2025-02-09T15:00:00,AWS-DEL-011,24.9,988.2,28.0,False,,low,0.7,17.79,991.06,47.21,WARNING,replay
2025-02-09T16:00:00,AWS-DEL-011,24.1,988.0,32.0,False,,low,0.4,17.87,991.02,47.1,WARNING,replay
2025-02-09T17:00:00,AWS-DEL-011,22.5,987.8,41.0,False,drift,low,34.6,17.95,990.98,47.02,WARNING,replay
2025-02-09T18:00:00,AWS-DEL-011,20.9,988.0,50.0,False,drift,low,34.5,18.02,990.94,46.98,WARNING,replay
2025-02-09T19:00:00,AWS-DEL-011,19.5,988.5,59.0,False,drift,low,35.2,18.08,990.89,46.98,WARNING,replay
2025-02-09T20:00:00,AWS-DEL-011,18.6,988.9,65.0,False,drift,low,35.4,18.14,990.83,47.0,OFFLINE,replay
2025-02-09T21:00:00,AWS-DEL-011,17.9,989.2,68.0,False,drift,low,36.5,18.14,990.83,47.0,OFFLINE,replay
2025-02-09T22:00:00,AWS-DEL-011,17.3,989.1,71.0,False,drift,low,42.5,18.14,990.83,47.0,OFFLINE,replay
2025-02-09T23:00:00,AWS-DEL-011,16.8,988.7,73.0,False,drift,low,44.1,18.14,990.83,47.0,OFFLINE,replay
2025-02-10T00:00:00,AWS-DEL-011,15.9,988.2,76.0,True,drift,low,52.9,18.14,990.83,47.0,OFFLINE,replay
2025-02-10T01:00:00,AWS-DEL-011,14.7,987.9,81.0,False,,low,30.6,18.14,990.83,47.0,OFFLINE,replay
2025-02-10T02:00:00,AWS-DEL-011,13.7,987.5,84.0,False,,low,38.5,18.14,990.83,47.0,OFFLINE,replay
2025-02-10T03:00:00,AWS-DEL-011,12.9,987.3,86.0,False,,low,44.1,18.14,990.83,47.0,HEALTHY,replay
2025-02-10T04:00:00,AWS-DEL-011,12.3,986.9,87.0,False,,low,17.0,18.08,990.74,47.44,OFFLINE,replay
2025-02-10T05:00:00,AWS-DEL-011,11.8,987.0,89.0,False,,low,25.4,18.08,990.74,47.44,OFFLINE,replay
2025-02-10T06:00:00,AWS-DEL-011,11.7,988.3,92.0,False,,low,22.0,18.08,990.74,47.44,OFFLINE,replay
2025-02-10T07:00:00,AWS-DEL-011,11.8,988.7,91.0,False,,low,34.9,18.08,990.74,47.44,HEALTHY,replay
2025-02-10T08:00:00,AWS-DEL-011,13.9,989.8,81.0,False,,low,7.6,18.03,990.68,47.9,WARNING,replay
2025-02-10T09:00:00,AWS-DEL-011,17.5,991.0,65.0,False,,low,6.0,18.04,990.64,48.42,WARNING,replay
2025-02-10T10:00:00,AWS-DEL-011,21.4,991.7,48.0,False,,low,9.8,18.14,990.64,48.6,WARNING,replay
2025-02-10T11:00:00,AWS-DEL-011,24.4,991.4,31.0,False,drift,low,44.5,18.34,990.63,48.04,WARNING,replay
2025-02-10T12:00:00,AWS-DEL-011,26.2,990.7,24.0,False,drift,low,42.8,18.61,990.61,47.12,WARNING,replay
2025-02-10T13:00:00,AWS-DEL-011,26.8,989.5,22.0,False,drift,low,38.7,18.89,990.56,46.19,WARNING,replay
2025-02-10T14:00:00,AWS-DEL-011,27.2,988.8,21.0,False,drift,low,36.4,19.13,990.47,45.35,OFFLINE,replay
2025-02-10T15:00:00,AWS-DEL-011,27.2,988.2,22.0,False,,low,2.8,19.13,990.47,45.35,OFFLINE,replay
2025-02-10T16:00:00,AWS-DEL-011,26.6,988.1,23.0,False,,low,3.9,19.13,990.47,45.35,OFFLINE,replay
2025-02-10T17:00:00,AWS-DEL-011,25.1,987.9,29.0,False,,low,4.2,19.13,990.47,45.35,HEALTHY,replay
2025-02-10T18:00:00,AWS-DEL-011,22.3,988.1,47.0,False,,low,12.3,19.28,990.33,44.85,OFFLINE,replay
2025-02-10T19:00:00,AWS-DEL-011,21.1,988.8,57.0,False,multivariate_inconsistency,low,49.4,19.28,990.33,44.85,OFFLINE,replay
2025-02-10T20:00:00,AWS-DEL-011,20.5,989.2,60.0,True,multivariate_inconsistency,low,54.3,19.28,990.33,44.85,OFFLINE,replay
2025-02-10T21:00:00,AWS-DEL-011,19.6,989.3,64.0,True,multivariate_inconsistency,medium,57.1,19.28,990.33,44.85,OFFLINE,replay
2025-02-10T22:00:00,AWS-DEL-011,18.7,989.7,69.0,True,multivariate_inconsistency,medium,63.2,19.28,990.33,44.85,OFFLINE,replay
2025-02-10T23:00:00,AWS-DEL-011,17.9,989.4,74.0,True,multivariate_inconsistency,medium,65.2,19.28,990.33,44.85,OFFLINE,replay
2025-02-11T00:00:00,AWS-DEL-011,17.3,988.9,77.0,True,multivariate_inconsistency,medium,64.7,19.28,990.33,44.85,OFFLINE,replay
2025-02-11T01:00:00,AWS-DEL-011,16.6,988.2,79.0,True,multivariate_inconsistency,medium,62.4,19.28,990.33,44.85,OFFLINE,replay
2025-02-11T02:00:00,AWS-DEL-011,16.4,987.5,80.0,True,multivariate_inconsistency,medium,65.4,19.28,990.33,44.85,OFFLINE,replay
2025-02-11T03:00:00,AWS-DEL-011,16.4,987.4,78.0,True,multivariate_inconsistency,medium,62.0,19.28,990.33,44.85,OFFLINE,replay
2025-02-11T04:00:00,AWS-DEL-011,15.3,987.2,82.0,True,multivariate_inconsistency,medium,67.8,19.28,990.33,44.85,OFFLINE,replay
2025-02-11T05:00:00,AWS-DEL-011,14.4,987.5,86.0,True,multivariate_inconsistency,high,71.7,19.28,990.33,44.85,OFFLINE,replay
2025-02-11T06:00:00,AWS-DEL-011,12.8,988.2,90.0,True,multivariate_inconsistency,medium,69.8,19.28,990.33,44.85,OFFLINE,replay
2025-02-11T07:00:00,AWS-DEL-011,12.3,988.5,93.0,True,multivariate_inconsistency,high,70.9,19.28,990.33,44.85,OFFLINE,replay
2025-02-11T08:00:00,AWS-DEL-011,14.3,989.4,83.0,True,multivariate_inconsistency,high,70.7,19.28,990.33,44.85,OFFLINE,replay
2025-02-11T09:00:00,AWS-DEL-011,18.2,990.5,68.0,True,multivariate_inconsistency,medium,68.0,19.28,990.33,44.85,OFFLINE,replay
2025-02-11T10:00:00,AWS-DEL-011,22.0,991.1,51.0,False,,low,33.2,19.28,990.33,44.85,OFFLINE,replay
2025-02-11T11:00:00,AWS-DEL-011,24.6,990.6,41.0,False,,low,12.3,19.28,990.33,44.85,OFFLINE,replay
2025-02-11T12:00:00,AWS-DEL-011,26.2,989.8,37.0,False,,low,6.7,19.28,990.33,44.85,WARNING,replay
2025-02-11T13:00:00,AWS-DEL-011,27.3,988.8,32.0,False,,low,0.9,19.42,990.25,44.81,OFFLINE,replay
2025-02-11T14:00:00,AWS-DEL-011,27.9,987.9,25.0,False,,low,10.9,19.42,990.25,44.81,OFFLINE,replay
2025-02-11T15:00:00,AWS-DEL-011,27.7,987.2,25.0,False,,low,10.3,19.42,990.25,44.81,OFFLINE,replay
2025-02-11T16:00:00,AWS-DEL-011,26.5,987.0,32.0,False,,low,3.6,19.42,990.25,44.81,WARNING,replay
2025-02-11T17:00:00,AWS-DEL-011,24.9,987.0,40.0,False,,low,0.5,19.54,990.13,44.83,WARNING,replay
2025-02-11T18:00:00,AWS-DEL-011,23.5,987.0,44.0,False,,low,0.6,19.62,990.02,45.08,WARNING,replay
2025-02-11T19:00:00,AWS-DEL-011,22.5,987.5,52.0,False,,low,0.4,19.67,989.94,45.4,WARNING,replay
2025-02-11T20:00:00,AWS-DEL-011,21.4,987.8,56.0,False,drift,low,34.3,19.71,989.87,45.79,WARNING,replay
2025-02-11T21:00:00,AWS-DEL-011,20.5,988.1,58.0,False,drift,low,34.2,19.74,989.81,46.17,WARNING,replay
2025-02-11T22:00:00,AWS-DEL-011,19.3,988.6,66.0,False,drift,low,34.4,19.86,989.72,46.25,WARNING,replay
2025-02-11T23:00:00,AWS-DEL-011,18.4,988.4,69.0,False,drift,low,34.1,19.97,989.65,46.48,OFFLINE,replay
2025-02-12T00:00:00,AWS-DEL-011,18.3,988.3,67.0,False,drift,low,34.1,19.97,989.65,46.48,OFFLINE,replay
2025-02-12T01:00:00,AWS-DEL-011,17.1,988.0,70.0,False,drift,low,34.7,19.97,989.65,46.48,OFFLINE,replay
2025-02-12T02:00:00,AWS-DEL-011,15.9,987.5,71.0,False,drift,low,38.9,19.97,989.65,46.48,OFFLINE,replay
2025-02-12T03:00:00,AWS-DEL-011,15.3,987.1,72.0,False,drift,low,41.2,19.97,989.65,46.48,OFFLINE,replay
2025-02-12T04:00:00,AWS-DEL-011,14.6,987.2,72.0,False,drift,low,40.9,19.97,989.65,46.48,OFFLINE,replay
2025-02-12T05:00:00,AWS-DEL-011,14.1,987.6,71.0,False,drift,low,41.8,19.97,989.65,46.48,OFFLINE,replay
2025-02-12T06:00:00,AWS-DEL-011,13.8,988.3,81.0,True,drift,low,54.7,19.97,989.65,46.48,OFFLINE,replay
2025-02-12T07:00:00,AWS-DEL-011,13.6,989.0,79.0,False,,low,14.8,19.97,989.65,46.48,OFFLINE,replay
2025-02-12T08:00:00,AWS-DEL-011,15.2,990.1,70.0,False,,low,16.0,19.97,989.65,46.48,OFFLINE,replay
2025-02-12T09:00:00,AWS-DEL-011,17.8,991.3,59.0,False,,low,3.8,19.97,989.65,46.48,HEALTHY,replay
2025-02-12T10:00:00,AWS-DEL-011,20.6,991.6,47.0,False,,low,1.1,20.06,989.62,46.52,OFFLINE,replay
2025-02-12T11:00:00,AWS-DEL-011,23.3,991.4,36.0,False,,low,6.1,20.06,989.62,46.52,OFFLINE,replay
2025-02-12T12:00:00,AWS-DEL-011,24.9,990.8,27.0,False,,low,19.6,20.06,989.62,46.52,OFFLINE,replay
2025-02-12T13:00:00,AWS-DEL-011,25.3,989.7,25.0,False,,low,25.0,20.06,989.62,46.52,HEALTHY,replay
2025-02-12T14:00:00,AWS-DEL-011,25.3,988.7,24.0,False,,low,2.3,20.18,989.56,46.23,WARNING,replay
2025-02-12T15:00:00,AWS-DEL-011,24.8,988.9,24.0,False,,low,2.8,20.29,989.53,45.98,WARNING,replay
2025-02-12T16:00:00,AWS-DEL-011,23.8,988.9,29.0,False,,low,0.4,20.41,989.5,45.62,WARNING,replay
2025-02-12T17:00:00,AWS-DEL-011,22.5,988.9,36.0,False,,low,0.4,20.54,989.46,45.29,WARNING,replay
2025-02-12T18:00:00,AWS-DEL-011,21.3,989.5,44.0,False,,low,1.0,20.65,989.42,45.0,WARNING,replay
2025-02-12T19:00:00,AWS-DEL-011,20.3,990.1,49.0,False,drift,low,34.3,20.77,989.37,44.83,WARNING,replay
2025-02-12T20:00:00,AWS-DEL-011,19.7,990.4,46.0,False,,low,0.2,20.88,989.34,44.75,WARNING,replay
2025-02-12T21:00:00,AWS-DEL-011,19.0,990.8,46.0,False,,low,0.1,20.98,989.32,44.58,WARNING,replay
2025-02-12T22:00:00,AWS-DEL-011,18.3,991.1,45.0,False,,low,0.2,21.09,989.31,44.42,WARNING,replay
2025-02-12T23:00:00,AWS-DEL-011,17.8,990.7,43.0,False,,low,0.1,21.19,989.33,44.23,WARNING,replay
2025-02-13T00:00:00,AWS-DEL-011,17.2,990.4,43.0,False,,low,0.1,21.29,989.35,43.98,WARNING,replay
2025-02-13T01:00:00,AWS-DEL-011,16.6,990.2,45.0,False,,low,0.1,21.38,989.38,43.73,WARNING,replay
2025-02-13T02:00:00,AWS-DEL-011,16.0,989.8,46.0,False,,low,0.1,21.47,989.35,43.35,WARNING,replay
2025-02-13T03:00:00,AWS-DEL-011,15.3,989.4,51.0,False,drift,low,34.2,21.35,989.31,43.56,WARNING,replay
2025-02-13T04:00:00,AWS-DEL-011,14.7,988.9,55.0,False,drift,low,34.1,21.2,989.29,43.96,WARNING,replay
2025-02-13T05:00:00,AWS-DEL-011,14.3,989.0,57.0,False,drift,low,34.1,21.02,989.27,44.48,WARNING,replay
2025-02-13T06:00:00,AWS-DEL-011,13.9,989.2,66.0,False,drift,low,34.9,20.83,989.27,45.02,WARNING,replay
2025-02-13T07:00:00,AWS-DEL-011,13.7,990.0,66.0,False,,low,0.2,20.66,989.28,45.67,WARNING,replay
2025-02-13T08:00:00,AWS-DEL-011,14.6,991.1,66.0,False,,low,0.7,20.51,989.3,46.1,WARNING,replay
2025-02-13T09:00:00,AWS-DEL-011,16.6,991.8,60.0,False,,low,0.8,20.4,989.34,46.5,WARNING,replay
2025-02-13T10:00:00,AWS-DEL-011,19.0,992.1,52.0,False,,low,0.4,20.35,989.37,46.62,WARNING,replay
2025-02-13T11:00:00,AWS-DEL-011,21.0,991.9,42.0,False,,low,0.3,20.38,989.4,46.44,WARNING,replay
2025-02-13T12:00:00,AWS-DEL-011,22.3,990.9,37.0,False,drift,low,34.3,20.32,989.43,46.71,OFFLINE,replay
2025-02-13T13:00:00,AWS-DEL-011,23.2,989.8,32.0,False,drift,low,35.4,20.32,989.43,46.71,OFFLINE,replay
2025-02-13T14:00:00,AWS-DEL-011,23.6,989.1,28.0,False,drift,low,42.7,20.32,989.43,46.71,OFFLINE,replay
2025-02-13T15:00:00,AWS-DEL-011,23.4,988.4,28.0,False,,low,7.9,20.32,989.43,46.71,OFFLINE,replay
2025-02-13T16:00:00,AWS-DEL-011,22.6,988.3,33.0,False,,low,2.8,20.32,989.43,46.71,OFFLINE,replay
2025-02-13T17:00:00,AWS-DEL-011,21.3,988.4,39.0,False,,low,1.3,20.32,989.43,46.71,WARNING,replay
2025-02-13T18:00:00,AWS-DEL-011,20.5,988.9,46.0,False,,low,0.6,20.25,989.4,47.0,WARNING,replay
2025-02-13T19:00:00,AWS-DEL-011,19.4,989.4,49.0,False,,low,0.1,20.15,989.4,47.42,WARNING,replay
2025-02-13T20:00:00,AWS-DEL-011,18.6,989.8,48.0,False,,low,0.1,20.04,989.43,47.85,WARNING,replay
2025-02-13T21:00:00,AWS-DEL-011,17.9,989.8,46.0,False,,low,0.1,19.92,989.47,48.19,WARNING,replay
2025-02-13T22:00:00,AWS-DEL-011,17.3,989.8,45.0,False,,low,0.1,19.83,989.51,48.29,WARNING,replay
2025-02-13T23:00:00,AWS-DEL-011,16.8,989.4,43.0,False,drift,low,34.1,19.75,989.55,48.19,WARNING,replay
2025-02-14T00:00:00,AWS-DEL-011,16.2,988.8,42.0,False,drift,low,34.1,19.7,989.56,47.85,WARNING,replay
2025-02-14T01:00:00,AWS-DEL-011,15.5,988.4,43.0,False,,low,0.1,19.76,989.6,46.94,WARNING,replay
2025-02-14T02:00:00,AWS-DEL-011,14.8,988.2,45.0,False,,low,0.2,19.84,989.59,45.94,WARNING,replay
2025-02-14T03:00:00,AWS-DEL-011,14.1,988.0,47.0,False,drift,low,34.2,19.86,989.56,45.19,WARNING,replay
2025-02-14T04:00:00,AWS-DEL-011,13.4,987.5,50.0,False,drift,low,34.3,19.79,989.49,44.81,WARNING,replay
2025-02-14T05:00:00,AWS-DEL-011,12.9,987.4,52.0,False,drift,low,34.2,19.62,989.41,44.85,OFFLINE,replay
2025-02-14T06:00:00,AWS-DEL-011,12.4,988.3,61.0,False,drift,low,37.2,19.62,989.41,44.85,OFFLINE,replay
2025-02-14T07:00:00,AWS-DEL-011,12.3,988.7,60.0,False,,low,2.3,19.62,989.41,44.85,OFFLINE,replay
2025-02-14T08:00:00,AWS-DEL-011,13.8,989.5,55.0,False,,low,1.7,19.62,989.41,44.85,OFFLINE,replay
2025-02-14T09:00:00,AWS-DEL-011,16.3,990.5,48.0,False,,low,2.4,19.62,989.41,44.85,WARNING,replay
2025-02-14T10:00:00,AWS-DEL-011,19.0,990.9,41.0,False,,low,0.7,19.45,989.39,45.21,WARNING,replay
2025-02-14T11:00:00,AWS-DEL-011,21.4,990.3,34.0,False,,low,1.3,19.3,989.39,45.56,WARNING,replay
2025-02-14T12:00:00,AWS-DEL-011,23.2,989.3,27.0,False,drift,low,37.0,19.19,989.41,45.81,OFFLINE,replay
2025-02-14T13:00:00,AWS-DEL-011,24.2,988.1,27.0,False,drift,low,42.0,19.19,989.41,45.81,OFFLINE,replay
2025-02-14T14:00:00,AWS-DEL-011,24.6,987.2,27.0,False,drift,low,47.9,19.19,989.41,45.81,OFFLINE,replay
2025-02-14T15:00:00,AWS-DEL-011,24.5,986.5,28.0,False,,low,19.3,19.19,989.41,45.81,OFFLINE,replay
2025-02-14T16:00:00,AWS-DEL-011,24.0,986.2,30.0,False,,low,16.6,19.19,989.41,45.81,OFFLINE,replay
2025-02-14T17:00:00,AWS-DEL-011,22.7,986.1,36.0,False,,low,14.5,19.19,989.41,45.81,HEALTHY,replay
2025-02-14T18:00:00,AWS-DEL-011,21.7,986.3,41.0,False,,low,1.9,19.14,989.37,45.96,WARNING,replay
2025-02-14T19:00:00,AWS-DEL-011,20.9,986.9,44.0,False,,low,0.8,19.05,989.3,46.04,WARNING,replay
2025-02-14T20:00:00,AWS-DEL-011,20.2,987.2,44.0,False,,low,0.3,18.93,989.3,46.29,WARNING,replay
2025-02-14T21:00:00,AWS-DEL-011,19.6,987.3,43.0,False,,low,0.4,18.83,989.3,46.38,WARNING,replay
2025-02-14T22:00:00,AWS-DEL-011,18.8,987.2,44.0,False,,low,0.3,18.75,989.31,46.35,WARNING,replay
2025-02-14T23:00:00,AWS-DEL-011,17.8,986.8,48.0,False,,low,0.3,18.68,989.3,46.19,WARNING,replay
2025-02-15T00:00:00,AWS-DEL-011,16.9,986.0,52.0,False,,low,0.3,18.6,989.28,46.02,WARNING,replay
2025-02-15T01:00:00,AWS-DEL-011,16.1,985.5,56.0,False,drift,low,34.4,18.53,989.24,45.9,WARNING,replay
2025-02-15T02:00:00,AWS-DEL-011,15.6,984.6,60.0,False,drift,low,35.4,18.46,989.17,45.69,WARNING,replay
2025-02-15T03:00:00,AWS-DEL-011,15.0,984.3,60.0,False,,low,1.4,18.41,989.03,45.71,WARNING,replay
2025-02-15T04:00:00,AWS-DEL-011,14.2,984.1,66.0,False,drift,low,36.4,18.2,988.92,46.44,WARNING,replay
2025-02-15T05:00:00,AWS-DEL-011,14.0,983.9,68.0,False,drift,low,35.4,17.97,988.82,47.31,WARNING,replay
2025-02-15T06:00:00,AWS-DEL-011,13.0,985.0,74.0,False,,low,9.0,17.74,988.72,48.23,WARNING,replay
2025-02-15T07:00:00,AWS-DEL-011,13.3,986.0,73.0,False,,low,3.4,17.52,988.64,49.17,WARNING,replay
2025-02-15T08:00:00,AWS-DEL-011,15.8,986.7,61.0,False,,low,5.1,17.32,988.58,49.94,WARNING,replay
2025-02-15T09:00:00,AWS-DEL-011,19.6,987.7,46.0,False,,low,7.2,17.21,988.52,50.29,WARNING,replay
2025-02-15T10:00:00,AWS-DEL-011,22.9,988.0,35.0,True,drift,medium,55.1,17.2,988.47,50.23,WARNING,replay
2025-02-15T11:00:00,AWS-DEL-011,25.1,987.6,27.0,True,drift,high,83.6,17.2,988.47,50.23,WARNING,replay
2025-02-15T12:00:00,AWS-DEL-011,25.6,986.8,27.0,True,drift,high,87.4,17.2,988.47,50.23,WARNING,replay
2025-02-15T13:00:00,AWS-DEL-011,25.6,986.1,27.0,True,drift,critical,90.2,17.2,988.47,50.23,OFFLINE,replay
2025-02-15T14:00:00,AWS-DEL-011,25.6,985.4,26.0,True,statistical_anomaly,medium,57.0,17.2,988.47,50.23,OFFLINE,replay
2025-02-15T15:00:00,AWS-DEL-011,25.6,984.9,26.0,True,statistical_anomaly,medium,56.1,17.2,988.47,50.23,OFFLINE,replay
2025-02-15T16:00:00,AWS-DEL-011,24.9,984.9,28.0,True,statistical_anomaly,low,52.6,17.2,988.47,50.23,HEALTHY,replay
2025-02-15T17:00:00,AWS-DEL-011,23.7,985.4,31.0,True,drift,high,86.2,17.2,988.47,50.23,OFFLINE,replay
2025-02-15T18:00:00,AWS-DEL-011,24.1,985.3,31.0,True,drift,high,88.7,17.2,988.47,50.23,OFFLINE,replay
2025-02-15T19:00:00,AWS-DEL-011,22.6,986.2,36.0,False,,low,46.5,17.2,988.47,50.23,OFFLINE,replay
2025-02-15T20:00:00,AWS-DEL-011,21.3,986.8,43.0,False,,low,15.0,17.2,988.47,50.23,OFFLINE,replay
2025-02-15T21:00:00,AWS-DEL-011,20.2,987.1,49.0,False,,low,5.6,17.2,988.47,50.23,HEALTHY,replay
2025-02-15T22:00:00,AWS-DEL-011,19.1,986.9,50.0,False,,low,2.1,17.21,988.4,50.29,WARNING,replay
2025-02-15T23:00:00,AWS-DEL-011,18.1,986.7,53.0,False,,low,0.6,17.21,988.32,50.38,WARNING,replay
2025-02-16T00:00:00,AWS-DEL-011,17.5,986.2,57.0,False,,low,0.5,17.2,988.23,50.54,WARNING,replay
2025-02-16T01:00:00,AWS-DEL-011,17.2,986.2,59.0,False,drift,low,34.4,17.2,988.13,50.83,WARNING,replay
2025-02-16T02:00:00,AWS-DEL-011,17.3,985.9,59.0,False,,low,0.3,17.2,988.05,51.17,WARNING,replay
2025-02-16T03:00:00,AWS-DEL-011,15.8,985.8,63.0,False,,low,0.4,17.21,987.96,51.46,WARNING,replay
2025-02-16T04:00:00,AWS-DEL-011,15.4,985.7,65.0,False,,low,0.1,17.21,987.87,51.81,WARNING,replay
2025-02-16T05:00:00,AWS-DEL-011,14.8,985.6,68.0,False,,low,0.1,17.21,987.8,52.1,WARNING,replay
2025-02-16T06:00:00,AWS-DEL-011,13.5,987.1,79.0,False,drift,low,43.3,17.21,987.73,52.38,WARNING,replay
2025-02-16T07:00:00,AWS-DEL-011,13.6,987.6,81.0,False,,low,1.2,17.2,987.69,52.83,WARNING,replay
2025-02-16T08:00:00,AWS-DEL-011,16.1,988.5,69.0,False,,low,1.2,17.19,987.65,53.15,WARNING,replay
2025-02-16T09:00:00,AWS-DEL-011,19.5,989.4,56.0,False,,low,1.1,17.24,987.62,53.21,WARNING,replay
2025-02-16T10:00:00,AWS-DEL-011,22.5,989.6,44.0,False,,low,2.9,17.34,987.59,53.0,WARNING,replay
2025-02-16T11:00:00,AWS-DEL-011,24.6,989.2,34.0,False,drift,low,36.5,17.46,987.54,52.67,WARNING,replay
2025-02-16T12:00:00,AWS-DEL-011,25.8,988.6,30.0,False,drift,low,35.7,17.58,987.48,52.29,WARNING,replay
2025-02-16T13:00:00,AWS-DEL-011,26.4,987.4,29.0,False,drift,low,35.4,17.68,987.41,52.04,OFFLINE,replay
2025-02-16T14:00:00,AWS-DEL-011,26.6,986.5,30.0,False,,low,2.4,17.68,987.41,52.04,OFFLINE,replay
2025-02-16T15:00:00,AWS-DEL-011,26.5,986.0,30.0,False,,low,2.4,17.68,987.41,52.04,OFFLINE,replay
2025-02-16T16:00:00,AWS-DEL-011,26.0,986.2,32.0,False,,low,2.2,17.68,987.41,52.04,HEALTHY,replay
2025-02-16T17:00:00,AWS-DEL-011,24.9,986.7,36.0,False,,low,1.1,17.78,987.37,51.9,WARNING,replay
2025-02-16T18:00:00,AWS-DEL-011,23.8,987.3,40.0,False,,low,0.5,17.87,987.32,51.69,WARNING,replay
2025-02-16T19:00:00,AWS-DEL-011,22.5,988.3,48.0,False,drift,low,35.3,17.96,987.28,51.5,OFFLINE,replay
2025-02-16T20:00:00,AWS-DEL-011,21.5,988.7,53.0,False,drift,low,44.7,17.96,987.28,51.5,OFFLINE,replay
2025-02-16T21:00:00,AWS-DEL-011,20.2,989.2,59.0,True,drift,high,71.5,17.96,987.28,51.5,OFFLINE,replay
2025-02-16T22:00:00,AWS-DEL-011,19.0,989.5,64.0,True,statistical_anomaly,low,50.4,17.96,987.28,51.5,OFFLINE,replay
2025-02-16T23:00:00,AWS-DEL-011,18.1,989.5,69.0,True,statistical_anomaly,medium,56.0,17.96,987.28,51.5,OFFLINE,replay
2025-02-17T00:00:00,AWS-DEL-011,17.4,989.4,71.0,True,statistical_anomaly,medium,55.4,17.96,987.28,51.5,HEALTHY,replay
2025-02-17T01:00:00,AWS-DEL-011,17.0,989.0,73.0,True,statistical_anomaly,medium,56.0,17.96,987.28,51.5,WARNING,replay
2025-02-17T02:00:00,AWS-DEL-011,16.7,988.7,75.0,True,statistical_anomaly,medium,55.3,17.96,987.28,51.5,WARNING,replay
2025-02-17T03:00:00,AWS-DEL-011,16.9,988.4,74.0,True,statistical_anomaly,low,51.7,17.96,987.28,51.5,WARNING,replay
2025-02-17T04:00:00,AWS-DEL-011,16.5,988.6,76.0,True,statistical_anomaly,low,52.1,17.96,987.28,51.5,WARNING,replay
2025-02-17T05:00:00,AWS-DEL-011,16.7,988.4,76.0,False,,low,47.3,17.96,987.28,51.5,WARNING,replay
2025-02-17T06:00:00,AWS-DEL-011,16.4,989.6,79.0,False,,low,7.8,17.92,987.25,52.08,WARNING,replay
2025-02-17T07:00:00,AWS-DEL-011,16.2,990.3,81.0,False,,low,6.9,17.89,987.24,52.77,WARNING,replay
2025-02-17T08:00:00,AWS-DEL-011,18.1,991.4,70.0,False,,low,6.6,17.87,987.25,53.52,WARNING,replay
2025-02-17T09:00:00,AWS-DEL-011,20.6,992.5,57.0,False,,low,6.1,17.9,987.3,54.08,WARNING,replay
2025-02-17T10:00:00,AWS-DEL-011,23.4,992.6,41.0,False,,low,9.6,17.99,987.37,54.4,WARNING,replay
2025-02-17T11:00:00,AWS-DEL-011,25.6,992.4,31.0,False,drift,low,41.3,18.15,987.46,54.35,WARNING,replay
2025-02-17T12:00:00,AWS-DEL-011,27.0,991.9,26.0,False,drift,low,41.7,18.38,987.55,54.06,WARNING,replay
2025-02-17T13:00:00,AWS-DEL-011,28.1,990.8,21.0,True,drift,low,50.6,18.65,987.63,53.62,WARNING,replay
2025-02-17T14:00:00,AWS-DEL-011,28.7,989.8,19.0,True,drift,medium,66.3,18.65,987.63,53.62,OFFLINE,replay
2025-02-17T15:00:00,AWS-DEL-011,28.8,989.4,19.0,False,,low,32.5,18.65,987.63,53.62,OFFLINE,replay
2025-02-17T16:00:00,AWS-DEL-011,28.0,989.2,23.0,False,,low,15.3,18.65,987.63,53.62,OFFLINE,replay
2025-02-17T17:00:00,AWS-DEL-011,26.4,989.1,29.0,False,,low,3.8,18.65,987.63,53.62,HEALTHY,replay
2025-02-17T18:00:00,AWS-DEL-011,24.5,989.7,31.0,False,,low,1.2,18.92,987.66,53.19,OFFLINE,replay
2025-02-17T19:00:00,AWS-DEL-011,23.3,990.3,42.0,False,,low,11.1,18.92,987.66,53.19,OFFLINE,replay
2025-02-17T20:00:00,AWS-DEL-011,22.4,990.6,49.0,False,,low,32.4,18.92,987.66,53.19,OFFLINE,replay
2025-02-17T21:00:00,AWS-DEL-011,21.4,990.9,52.0,False,,low,38.5,18.92,987.66,53.19,HEALTHY,replay
2025-02-17T22:00:00,AWS-DEL-011,20.6,991.0,59.0,False,,low,2.2,19.02,987.67,53.27,WARNING,replay
2025-02-17T23:00:00,AWS-DEL-011,19.4,991.1,65.0,False,drift,low,36.8,19.06,987.67,53.65,WARNING,replay
2025-02-18T00:00:00,AWS-DEL-011,19.8,990.6,64.0,False,,low,0.3,19.01,987.69,54.29,WARNING,replay
2025-02-18T01:00:00,AWS-DEL-011,19.3,989.8,65.0,False,,low,0.2,18.95,987.78,54.88,WARNING,replay
2025-02-18T02:00:00,AWS-DEL-011,18.1,989.1,67.0,False,,low,0.2,18.9,987.86,55.38,WARNING,replay
2025-02-18T03:00:00,AWS-DEL-011,18.2,988.6,63.0,False,,low,0.2,18.85,987.9,55.85,WARNING,replay
2025-02-18T04:00:00,AWS-DEL-011,17.1,988.4,69.0,False,,low,0.2,18.8,987.93,56.25,WARNING,replay
2025-02-18T05:00:00,AWS-DEL-011,17.3,988.3,70.0,False,,low,0.2,18.75,987.95,56.79,WARNING,replay
2025-02-18T06:00:00,AWS-DEL-011,17.0,989.3,74.0,False,,low,0.5,18.72,987.98,57.33,WARNING,replay
2025-02-18T07:00:00,AWS-DEL-011,16.8,989.9,75.0,False,,low,0.2,18.7,988.03,57.88,WARNING,replay
2025-02-18T08:00:00,AWS-DEL-011,18.9,990.5,65.0,False,,low,0.4,18.7,988.11,58.35,WARNING,replay
2025-02-18T09:00:00,AWS-DEL-011,19.8,991.4,62.0,False,,low,0.3,18.76,988.21,58.54,WARNING,replay
2025-02-18T10:00:00,AWS-DEL-011,21.0,992.3,58.0,False,,low,0.4,18.85,988.36,58.58,WARNING,replay
2025-02-18T11:00:00,AWS-DEL-011,22.0,992.4,53.0,False,drift,low,34.4,18.97,988.52,58.54,WARNING,replay
2025-02-18T12:00:00,AWS-DEL-011,23.3,991.5,45.0,False,drift,low,34.6,19.14,988.7,58.27,WARNING,replay
2025-02-18T13:00:00,AWS-DEL-011,24.8,990.2,35.0,False,drift,low,35.3,19.33,988.85,57.79,WARNING,replay
2025-02-18T14:00:00,AWS-DEL-011,26.3,989.1,29.0,False,drift,low,35.2,19.57,988.96,56.98,OFFLINE,replay
2025-02-18T15:00:00,AWS-DEL-011,26.4,988.6,27.0,False,,low,6.2,19.57,988.96,56.98,OFFLINE,replay
2025-02-18T16:00:00,AWS-DEL-011,25.9,988.4,26.0,False,,low,9.0,19.57,988.96,56.98,OFFLINE,replay
2025-02-18T17:00:00,AWS-DEL-011,24.8,988.5,30.0,False,,low,3.8,19.57,988.96,56.98,HEALTHY,replay
2025-02-18T18:00:00,AWS-DEL-011,23.4,989.0,36.0,False,,low,1.0,19.81,989.01,56.08,OFFLINE,replay
2025-02-18T19:00:00,AWS-DEL-011,22.0,989.3,46.0,False,,low,8.1,19.81,989.01,56.08,OFFLINE,replay
2025-02-18T20:00:00,AWS-DEL-011,21.3,989.7,52.0,False,,low,11.4,19.81,989.01,56.08,OFFLINE,replay
2025-02-18T21:00:00,AWS-DEL-011,20.8,989.8,55.0,False,,low,10.5,19.81,989.01,56.08,HEALTHY,replay
2025-02-18T22:00:00,AWS-DEL-011,19.9,990.0,56.0,False,,low,0.2,19.92,989.08,55.96,WARNING,replay
2025-02-18T23:00:00,AWS-DEL-011,18.9,989.6,59.0,False,,low,0.6,19.93,989.13,56.17,WARNING,replay
2025-02-19T00:00:00,AWS-DEL-011,17.9,989.1,61.0,False,drift,low,34.0,19.9,989.18,56.38,WARNING,replay
2025-02-19T01:00:00,AWS-DEL-011,17.0,988.7,63.0,False,drift,low,34.0,19.87,989.22,56.6,WARNING,replay
2025-02-19T02:00:00,AWS-DEL-011,16.2,988.3,66.0,False,drift,low,34.0,19.85,989.27,56.81,WARNING,replay
2025-02-19T03:00:00,AWS-DEL-011,15.6,987.8,68.0,False,drift,low,34.0,19.82,989.31,57.0,OFFLINE,replay
2025-02-19T04:00:00,AWS-DEL-011,15.1,987.5,69.0,False,drift,low,34.1,19.82,989.31,57.0,OFFLINE,replay
2025-02-19T05:00:00,AWS-DEL-011,14.7,987.7,69.0,False,drift,low,34.2,19.82,989.31,57.0,OFFLINE,replay
2025-02-19T06:00:00,AWS-DEL-011,14.2,988.6,76.0,False,drift,low,35.1,19.82,989.31,57.0,OFFLINE,replay
2025-02-19T07:00:00,AWS-DEL-011,14.3,989.2,75.0,False,,low,0.8,19.82,989.31,57.0,OFFLINE,replay
2025-02-19T08:00:00,AWS-DEL-011,16.1,989.8,68.0,False,,low,0.3,19.82,989.31,57.0,OFFLINE,replay
2025-02-19T09:00:00,AWS-DEL-011,19.2,990.7,56.0,False,,low,0.9,19.82,989.31,57.0,HEALTHY,replay
2025-02-19T10:00:00,AWS-DEL-011,21.9,990.7,45.0,False,,low,0.5,19.86,989.4,56.94,OFFLINE,replay
2025-02-19T11:00:00,AWS-DEL-011,24.3,990.3,36.0,False,,low,2.9,19.86,989.4,56.94,OFFLINE,replay
2025-02-19T12:00:00,AWS-DEL-011,25.7,988.9,29.0,False,,low,11.4,19.86,989.4,56.94,OFFLINE,replay
2025-02-19T13:00:00,AWS-DEL-011,26.6,987.3,26.0,False,,low,34.4,19.86,989.4,56.94,HEALTHY,replay
2025-02-19T14:00:00,AWS-DEL-011,27.0,985.9,25.0,False,,low,6.4,20.06,989.43,56.25,WARNING,replay
2025-02-19T15:00:00,AWS-DEL-011,27.0,985.7,26.0,False,,low,2.9,20.29,989.44,55.46,WARNING,replay
2025-02-19T16:00:00,AWS-DEL-011,26.5,985.5,28.0,False,,low,0.4,20.53,989.44,54.65,WARNING,replay
2025-02-19T17:00:00,AWS-DEL-011,25.5,985.7,31.0,False,,low,0.3,20.78,989.43,53.81,WARNING,replay
2025-02-19T18:00:00,AWS-DEL-011,24.1,986.8,38.0,False,drift,low,34.5,21.03,989.4,52.81,WARNING,replay
2025-02-19T19:00:00,AWS-DEL-011,23.7,987.4,42.0,False,drift,low,34.2,21.25,989.39,51.92,WARNING,replay
2025-02-19T20:00:00,AWS-DEL-011,22.8,987.8,49.0,False,drift,low,34.2,21.4,989.36,51.35,WARNING,replay
2025-02-19T21:00:00,AWS-DEL-011,21.8,989.2,49.0,False,,low,0.3,21.47,989.33,51.21,WARNING,replay
2025-02-19T22:00:00,AWS-DEL-011,20.0,988.6,61.0,False,,low,0.7,21.46,989.32,51.31,WARNING,replay
2025-02-19T23:00:00,AWS-DEL-011,18.2,987.9,72.0,False,,low,1.1,21.36,989.31,51.88,WARNING,replay
2025-02-20T00:00:00,AWS-DEL-011,18.2,987.8,73.0,False,,low,0.3,21.2,989.3,52.75,WARNING,replay
2025-02-20T01:00:00,AWS-DEL-011,17.0,987.4,78.0,False,drift,low,34.4,21.04,989.33,53.6,OFFLINE,replay
2025-02-20T02:00:00,AWS-DEL-011,16.9,986.7,75.0,False,drift,low,34.9,21.04,989.33,53.6,OFFLINE,replay
2025-02-20T03:00:00,AWS-DEL-011,16.4,987.1,79.0,False,drift,low,35.2,21.04,989.33,53.6,OFFLINE,replay
2025-02-20T04:00:00,AWS-DEL-011,15.9,987.2,86.0,False,drift,low,42.5,21.04,989.33,53.6,OFFLINE,replay
2025-02-20T05:00:00,AWS-DEL-011,15.1,987.3,83.0,False,drift,low,39.2,21.04,989.33,53.6,OFFLINE,replay
2025-02-20T06:00:00,AWS-DEL-011,16.3,987.8,87.0,False,drift,low,39.6,21.04,989.33,53.6,OFFLINE,replay
2025-02-20T07:00:00,AWS-DEL-011,16.4,988.8,82.0,False,,low,2.3,21.04,989.33,53.6,OFFLINE,replay
2025-02-20T08:00:00,AWS-DEL-011,17.9,989.4,73.0,False,,low,0.4,21.04,989.33,53.6,OFFLINE,replay
2025-02-20T09:00:00,AWS-DEL-011,19.8,990.6,64.0,False,,low,0.7,21.04,989.33,53.6,HEALTHY,replay
2025-02-20T10:00:00,AWS-DEL-011,20.3,991.3,62.0,False,,low,0.1,20.94,989.41,54.19,OFFLINE,replay
2025-02-20T11:00:00,AWS-DEL-011,20.8,991.4,59.0,False,,low,0.2,20.94,989.41,54.19,OFFLINE,replay
2025-02-20T12:00:00,AWS-DEL-011,21.6,991.1,57.0,False,,low,0.4,20.94,989.41,54.19,OFFLINE,replay
2025-02-20T13:00:00,AWS-DEL-011,22.9,989.5,53.0,False,,low,1.1,20.94,989.41,54.19,HEALTHY,replay
2025-02-20T14:00:00,AWS-DEL-011,23.5,988.7,48.0,False,,low,0.4,20.92,989.46,54.46,WARNING,replay
2025-02-20T15:00:00,AWS-DEL-011,23.7,988.1,46.0,False,,low,0.5,21.06,989.46,53.88,WARNING,replay
2025-02-20T16:00:00,AWS-DEL-011,23.1,988.3,49.0,False,,low,0.2,21.21,989.43,53.19,WARNING,replay
2025-02-20T17:00:00,AWS-DEL-011,21.9,988.2,54.0,False,,low,0.1,21.35,989.39,52.52,WARNING,replay
2025-02-20T18:00:00,AWS-DEL-011,21.0,988.2,61.0,False,,low,0.3,21.43,989.32,52.19,WARNING,replay
2025-02-20T19:00:00,AWS-DEL-011,20.0,988.5,67.0,False,drift,low,34.2,21.44,989.23,52.27,WARNING,replay
2025-02-20T20:00:00,AWS-DEL-011,19.6,989.3,67.0,False,,low,0.1,21.37,989.15,52.81,WARNING,replay
2025-02-20T21:00:00,AWS-DEL-011,15.9,990.5,89.0,False,,low,37.5,21.25,989.08,53.56,WARNING,replay
2025-02-20T22:00:00,AWS-DEL-011,16.2,990.8,87.0,False,,low,6.2,21.01,989.05,54.88,WARNING,replay
2025-02-20T23:00:00,AWS-DEL-011,16.1,991.0,87.0,False,,low,4.2,20.8,989.09,56.08,WARNING,replay
2025-02-21T00:00:00,AWS-DEL-011,15.6,991.3,88.0,False,,low,1.8,20.69,989.09,56.81,WARNING,replay
2025-02-21T01:00:00,AWS-DEL-011,15.3,991.3,90.0,False,,low,0.6,20.59,989.1,57.42,WARNING,replay
2025-02-21T02:00:00,AWS-DEL-011,14.8,991.1,91.0,False,,low,0.4,20.5,989.1,57.94,WARNING,replay
2025-02-21T03:00:00,AWS-DEL-011,14.4,990.9,93.0,False,drift,low,34.3,20.4,989.11,58.5,WARNING,replay
2025-02-21T04:00:00,AWS-DEL-011,14.2,990.7,93.0,False,,low,0.4,20.3,989.14,59.08,WARNING,replay
2025-02-21T05:00:00,AWS-DEL-011,13.7,990.9,93.0,False,,low,1.6,20.21,989.17,59.62,HEALTHY,replay
2025-02-21T06:00:00,AWS-DEL-011,14.3,991.5,90.0,False,,low,3.6,20.12,989.22,60.25,HEALTHY,replay
2025-02-21T07:00:00,AWS-DEL-011,14.5,992.4,89.0,False,,low,3.8,20.06,989.28,60.69,HEALTHY,replay
2025-02-21T08:00:00,AWS-DEL-011,16.1,993.1,82.0,False,,low,3.5,20.0,989.37,61.08,HEALTHY,replay
2025-02-21T09:00:00,AWS-DEL-011,18.2,993.9,71.0,False,drift,low,38.1,19.99,989.45,61.25,HEALTHY,replay
2025-02-21T10:00:00,AWS-DEL-011,20.5,994.2,62.0,False,drift,low,35.5,20.01,989.53,61.17,WARNING,replay
2025-02-21T11:00:00,AWS-DEL-011,22.5,994.0,53.0,False,drift,low,34.5,20.05,989.61,61.1,OFFLINE,replay
2025-02-21T12:00:00,AWS-DEL-011,23.7,993.0,49.0,False,drift,low,36.3,20.05,989.61,61.1,OFFLINE,replay
2025-02-21T13:00:00,AWS-DEL-011,24.6,991.8,47.0,False,drift,low,41.4,20.05,989.61,61.1,OFFLINE,replay
2025-02-21T14:00:00,AWS-DEL-011,25.1,991.0,44.0,False,drift,low,46.0,20.05,989.61,61.1,OFFLINE,replay
2025-02-21T15:00:00,AWS-DEL-011,24.9,990.4,44.0,False,,low,13.4,20.05,989.61,61.1,OFFLINE,replay
2025-02-21T16:00:00,AWS-DEL-011,24.1,990.3,46.0,False,,low,8.8,20.05,989.61,61.1,OFFLINE,replay
2025-02-21T17:00:00,AWS-DEL-011,22.7,990.4,52.0,False,,low,5.1,20.05,989.61,61.1,HEALTHY,replay
2025-02-21T18:00:00,AWS-DEL-011,21.7,991.1,58.0,False,,low,1.3,20.11,989.59,60.9,OFFLINE,replay
2025-02-21T19:00:00,AWS-DEL-011,20.8,991.5,65.0,False,,low,4.3,20.11,989.59,60.9,OFFLINE,replay
2025-02-21T20:00:00,AWS-DEL-011,19.9,992.1,70.0,False,,low,14.6,20.11,989.59,60.9,OFFLINE,replay
2025-02-21T21:00:00,AWS-DEL-011,18.9,992.2,75.0,False,,low,22.0,20.11,989.59,60.9,HEALTHY,replay
2025-02-21T22:00:00,AWS-DEL-011,18.0,992.3,80.0,False,,low,0.4,20.06,989.58,61.25,WARNING,replay
2025-02-21T23:00:00,AWS-DEL-011,17.1,991.9,84.0,False,,low,1.8,19.98,989.58,61.81,WARNING,replay
2025-02-22T00:00:00,AWS-DEL-011,16.3,991.2,86.0,False,drift,low,34.2,19.85,989.59,62.62,WARNING,replay
2025-02-22T01:00:00,AWS-DEL-011,15.8,990.9,85.0,False,,low,0.2,19.68,989.61,63.69,WARNING,replay
2025-02-22T02:00:00,AWS-DEL-011,15.1,990.3,86.0,False,,low,0.2,19.49,989.66,64.83,WARNING,replay
2025-02-22T03:00:00,AWS-DEL-011,14.6,990.1,87.0,False,,low,0.1,19.37,989.67,65.48,WARNING,replay
2025-02-22T04:00:00,AWS-DEL-011,14.1,990.1,89.0,False,,low,0.1,19.26,989.67,66.12,WARNING,replay
2025-02-22T05:00:00,AWS-DEL-011,13.6,990.2,89.0,False,,low,0.2,19.16,989.68,66.75,WARNING,replay
2025-02-22T06:00:00,AWS-DEL-011,13.5,990.7,92.0,False,,low,0.5,19.07,989.71,67.33,WARNING,replay
2025-02-22T07:00:00,AWS-DEL-011,13.5,991.6,90.0,False,,low,0.8,19.0,989.75,67.94,WARNING,replay
2025-02-22T08:00:00,AWS-DEL-011,15.1,992.4,81.0,False,,low,1.0,18.94,989.82,68.44,WARNING,replay
2025-02-22T09:00:00,AWS-DEL-011,17.3,993.4,69.0,False,,low,0.8,18.85,989.85,68.96,WARNING,replay
2025-02-22T10:00:00,AWS-DEL-011,19.7,993.4,58.0,False,drift,low,34.8,18.66,989.98,69.85,WARNING,replay
2025-02-22T11:00:00,AWS-DEL-011,21.7,993.2,48.0,False,drift,low,34.7,18.51,990.14,70.54,WARNING,replay
2025-02-22T12:00:00,AWS-DEL-011,23.0,992.7,43.0,False,drift,low,34.3,18.4,990.29,71.0,WARNING,replay
2025-02-22T13:00:00,AWS-DEL-011,23.6,991.9,40.0,False,drift,low,34.2,18.32,990.44,71.31,OFFLINE,replay
2025-02-22T14:00:00,AWS-DEL-011,23.9,991.3,36.0,False,drift,low,35.7,18.32,990.44,71.31,OFFLINE,replay
2025-02-22T15:00:00,AWS-DEL-011,23.8,990.7,37.0,False,,low,1.4,18.32,990.44,71.31,OFFLINE,replay
2025-02-22T16:00:00,AWS-DEL-011,23.2,990.5,38.0,False,,low,1.6,18.32,990.44,71.31,OFFLINE,replay
2025-02-22T17:00:00,AWS-DEL-011,22.1,990.5,42.0,False,,low,1.6,18.32,990.44,71.31,HEALTHY,replay
2025-02-22T18:00:00,AWS-DEL-011,20.4,991.3,53.0,False,,low,0.6,18.25,990.54,71.54,OFFLINE,replay
2025-02-22T19:00:00,AWS-DEL-011,19.4,992.0,60.0,False,,low,11.0,18.25,990.54,71.54,OFFLINE,replay
2025-02-22T20:00:00,AWS-DEL-011,18.7,992.6,64.0,False,,low,16.0,18.25,990.54,71.54,OFFLINE,replay
2025-02-22T21:00:00,AWS-DEL-011,18.0,992.8,68.0,False,,low,22.9,18.25,990.54,71.54,HEALTHY,replay
2025-02-22T22:00:00,AWS-DEL-011,17.2,992.9,73.0,False,,low,0.6,18.13,990.67,72.17,WARNING,replay
2025-02-22T23:00:00,AWS-DEL-011,16.5,992.4,76.0,False,,low,1.2,17.99,990.78,72.81,WARNING,replay
2025-02-23T00:00:00,AWS-DEL-011,15.9,991.9,78.0,False,drift,low,34.1,17.86,990.88,73.38,WARNING,replay
2025-02-23T01:00:00,AWS-DEL-011,15.3,991.8,78.0,False,,low,0.2,17.74,990.93,73.98,WARNING,replay
2025-02-23T02:00:00,AWS-DEL-011,14.9,991.5,78.0,False,,low,0.1,17.64,991.0,74.33,WARNING,replay
2025-02-23T03:00:00,AWS-DEL-011,14.5,991.1,80.0,False,,low,0.1,17.57,991.07,74.46,WARNING,replay
2025-02-23T04:00:00,AWS-DEL-011,14.0,991.2,81.0,False,,low,0.1,17.49,991.14,74.6,WARNING,replay
2025-02-23T05:00:00,AWS-DEL-011,13.6,991.5,83.0,False,,low,0.1,17.37,991.16,74.96,WARNING,replay
2025-02-23T06:00:00,AWS-DEL-011,13.3,992.0,87.0,False,drift,low,34.2,17.18,991.2,75.58,WARNING,replay
2025-02-23T07:00:00,AWS-DEL-011,13.8,992.8,84.0,False,,low,0.2,16.97,991.27,76.4,WARNING,replay
2025-02-23T08:00:00,AWS-DEL-011,15.5,993.8,77.0,False,,low,0.7,16.76,991.36,77.19,WARNING,replay
2025-02-23T09:00:00,AWS-DEL-011,18.0,994.6,66.0,False,,low,1.5,16.6,991.48,77.77,WARNING,replay
2025-02-23T10:00:00,AWS-DEL-011,20.5,995.3,56.0,False,drift,low,36.5,16.52,991.61,78.02,WARNING,replay
2025-02-23T11:00:00,AWS-DEL-011,22.5,994.9,47.0,False,drift,low,37.5,16.51,991.76,77.92,WARNING,replay
2025-02-23T12:00:00,AWS-DEL-011,23.8,993.9,41.0,False,drift,low,36.2,16.56,991.89,77.5,OFFLINE,replay
2025-02-23T13:00:00,AWS-DEL-011,24.6,992.7,39.0,False,drift,low,37.8,16.56,991.89,77.5,OFFLINE,replay
2025-02-23T14:00:00,AWS-DEL-011,25.1,991.7,37.0,False,drift,low,44.8,16.56,991.89,77.5,OFFLINE,replay
2025-02-23T15:00:00,AWS-DEL-011,24.9,991.0,37.0,False,,low,10.5,16.56,991.89,77.5,OFFLINE,replay
2025-02-23T16:00:00,AWS-DEL-011,24.4,990.9,37.0,False,,low,13.5,16.56,991.89,77.5,OFFLINE,replay
2025-02-23T17:00:00,AWS-DEL-011,23.3,991.1,40.0,False,,low,7.4,16.56,991.89,77.5,HEALTHY,replay
2025-02-23T18:00:00,AWS-DEL-011,21.9,991.4,47.0,False,,low,3.3,16.64,991.93,76.94,OFFLINE,replay
2025-02-23T19:00:00,AWS-DEL-011,20.5,991.9,54.0,False,,low,4.3,16.64,991.93,76.94,OFFLINE,replay
2025-02-23T20:00:00,AWS-DEL-011,19.5,992.9,59.0,False,,low,17.3,16.64,991.93,76.94,OFFLINE,replay
2025-02-23T21:00:00,AWS-DEL-011,18.9,993.4,63.0,False,,low,19.4,16.64,991.93,76.94,HEALTHY,replay
2025-02-23T22:00:00,AWS-DEL-011,18.3,993.5,65.0,False,,low,0.2,16.7,991.99,76.4,WARNING,replay
2025-02-23T23:00:00,AWS-DEL-011,17.8,993.3,66.0,False,,low,0.6,16.75,992.05,75.94,WARNING,replay
2025-02-24T00:00:00,AWS-DEL-011,17.1,992.7,68.0,False,drift,low,34.1,16.78,992.1,75.5,WARNING,replay
2025-02-24T01:00:00,AWS-DEL-011,16.5,992.3,70.0,False,drift,low,34.0,16.81,992.12,75.08,WARNING,replay
2025-02-24T02:00:00,AWS-DEL-011,15.9,991.8,73.0,False,drift,low,34.0,16.84,992.15,74.67,WARNING,replay
2025-02-24T03:00:00,AWS-DEL-011,15.3,991.7,75.0,False,drift,low,34.0,16.86,992.16,74.29,OFFLINE,replay
2025-02-24T04:00:00,AWS-DEL-011,14.2,991.6,80.0,False,drift,low,34.2,16.86,992.16,74.29,OFFLINE,replay
2025-02-24T05:00:00,AWS-DEL-011,13.3,992.0,83.0,False,drift,low,34.8,16.86,992.16,74.29,OFFLINE,replay
2025-02-24T06:00:00,AWS-DEL-011,13.5,993.3,89.0,False,drift,low,47.4,16.86,992.16,74.29,OFFLINE,replay
2025-02-24T07:00:00,AWS-DEL-011,13.7,994.0,87.0,False,,low,21.2,16.86,992.16,74.29,OFFLINE,replay
2025-02-24T08:00:00,AWS-DEL-011,16.1,994.9,75.0,False,,low,0.9,16.86,992.16,74.29,OFFLINE,replay
2025-02-24T09:00:00,AWS-DEL-011,19.4,996.1,59.0,False,,low,5.9,16.86,992.16,74.29,HEALTHY,replay
2025-02-24T10:00:00,AWS-DEL-011,22.2,996.2,49.0,False,,low,1.6,16.96,992.27,73.58,OFFLINE,replay
2025-02-24T11:00:00,AWS-DEL-011,24.3,995.9,38.0,False,,low,15.7,16.96,992.27,73.58,OFFLINE,replay
2025-02-24T12:00:00,AWS-DEL-011,25.7,994.9,30.0,False,,low,32.6,16.96,992.27,73.58,OFFLINE,replay
2025-02-24T13:00:00,AWS-DEL-011,26.5,993.7,27.0,False,,low,38.2,16.96,992.27,73.58,HEALTHY,replay
2025-02-24T14:00:00,AWS-DEL-011,26.9,992.3,24.0,False,,low,34.3,17.22,992.33,72.21,WARNING,replay
2025-02-24T15:00:00,AWS-DEL-011,26.8,991.8,23.0,False,,low,31.0,17.5,992.36,70.77,WARNING,replay
2025-02-24T16:00:00,AWS-DEL-011,26.1,991.7,24.0,False,,low,4.9,17.76,992.37,69.38,WARNING,replay
2025-02-24T17:00:00,AWS-DEL-011,24.9,992.0,30.0,False,,low,2.3,18.0,992.35,68.02,WARNING,replay
2025-02-24T18:00:00,AWS-DEL-011,23.0,992.9,44.0,False,,low,8.5,18.18,992.33,66.94,WARNING,replay
2025-02-24T19:00:00,AWS-DEL-011,21.6,993.6,54.0,False,drift,low,38.0,18.28,992.31,66.38,WARNING,replay
2025-02-24T20:00:00,AWS-DEL-011,20.7,994.2,60.0,False,drift,low,36.6,18.3,992.3,66.21,WARNING,replay
2025-02-24T21:00:00,AWS-DEL-011,20.1,994.3,65.0,False,drift,low,34.5,18.26,992.38,66.38,WARNING,replay
2025-02-24T22:00:00,AWS-DEL-011,19.6,994.0,65.0,False,,low,0.1,18.29,992.42,66.17,WARNING,replay
2025-02-24T23:00:00,AWS-DEL-011,19.0,993.9,67.0,False,,low,0.1,18.32,992.45,65.85,WARNING,replay
2025-02-25T00:00:00,AWS-DEL-011,18.3,993.1,68.0,False,,low,0.3,18.36,992.5,65.5,WARNING,replay
2025-02-25T01:00:00,AWS-DEL-011,18.0,992.7,68.0,False,,low,0.1,18.4,992.54,65.12,WARNING,replay
2025-02-25T02:00:00,AWS-DEL-011,16.8,991.9,73.0,False,,low,0.2,18.45,992.57,64.77,WARNING,replay
2025-02-25T03:00:00,AWS-DEL-011,15.9,991.8,77.0,False,,low,0.1,18.48,992.61,64.5,WARNING,replay
2025-02-25T04:00:00,AWS-DEL-011,15.0,991.4,82.0,False,,low,0.4,18.51,992.64,64.29,WARNING,replay
2025-02-25T05:00:00,AWS-DEL-011,14.5,991.4,85.0,False,drift,low,34.3,18.53,992.67,64.15,WARNING,replay
2025-02-25T06:00:00,AWS-DEL-011,14.4,992.1,89.0,False,drift,low,35.2,18.55,992.69,64.06,WARNING,replay
2025-02-25T07:00:00,AWS-DEL-011,15.1,992.9,85.0,False,,low,0.2,18.57,992.72,64.0,WARNING,replay
2025-02-25T08:00:00,AWS-DEL-011,17.6,994.0,73.0,False,,low,1.0,18.6,992.75,63.9,WARNING,replay
2025-02-25T09:00:00,AWS-DEL-011,21.0,995.4,58.0,False,,low,2.9,18.65,992.78,63.73,WARNING,replay
2025-02-25T10:00:00,AWS-DEL-011,23.9,995.7,43.0,False,drift,low,37.3,18.73,992.82,63.5,WARNING,replay
2025-02-25T11:00:00,AWS-DEL-011,25.7,995.6,32.0,False,drift,low,36.6,18.82,992.87,63.19,OFFLINE,replay
2025-02-25T12:00:00,AWS-DEL-011,27.1,995.2,27.0,False,drift,low,49.9,18.82,992.87,63.19,OFFLINE,replay
2025-02-25T13:00:00,AWS-DEL-011,27.9,994.2,25.0,True,drift,high,75.1,18.82,992.87,63.19,OFFLINE,replay
2025-02-25T14:00:00,AWS-DEL-011,28.1,993.5,25.0,True,drift,high,78.5,18.82,992.87,63.19,OFFLINE,replay
2025-02-25T15:00:00,AWS-DEL-011,27.6,993.0,26.0,False,,low,28.0,18.82,992.87,63.19,OFFLINE,replay
2025-02-25T16:00:00,AWS-DEL-011,27.1,993.3,28.0,False,,low,17.8,18.82,992.87,63.19,OFFLINE,replay
2025-02-25T17:00:00,AWS-DEL-011,26.0,993.1,30.0,False,,low,11.5,18.82,992.87,63.19,HEALTHY,replay
2025-02-25T18:00:00,AWS-DEL-011,24.2,993.4,43.0,False,,low,12.9,18.91,992.87,62.81,OFFLINE,replay
2025-02-25T19:00:00,AWS-DEL-011,23.3,994.2,48.0,False,,low,16.8,18.91,992.87,62.81,OFFLINE,replay
2025-02-25T20:00:00,AWS-DEL-011,22.3,994.5,48.0,False,,low,22.4,18.91,992.87,62.81,OFFLINE,replay
2025-02-25T21:00:00,AWS-DEL-011,21.7,994.4,51.0,False,,low,17.0,18.91,992.87,62.81,HEALTHY,replay
2025-02-25T22:00:00,AWS-DEL-011,20.8,994.6,51.0,False,,low,0.2,18.88,992.91,62.98,WARNING,replay
2025-02-25T23:00:00,AWS-DEL-011,20.7,994.0,51.0,False,,low,0.3,18.85,992.99,63.17,WARNING,replay
2025-02-26T00:00:00,AWS-DEL-011,19.9,993.7,58.0,False,,low,0.1,18.91,993.02,62.81,WARNING,replay
2025-02-26T01:00:00,AWS-DEL-011,18.7,993.0,64.0,False,,low,0.1,18.96,993.03,62.5,WARNING,replay
2025-02-26T02:00:00,AWS-DEL-011,18.3,992.5,68.0,False,,low,0.1,19.01,993.05,62.25,WARNING,replay
2025-02-26T03:00:00,AWS-DEL-011,18.2,992.3,69.0,False,drift,low,34.0,19.06,993.06,62.04,WARNING,replay
2025-02-26T04:00:00,AWS-DEL-011,17.9,993.0,70.0,False,drift,low,34.0,19.12,993.07,61.85,WARNING,replay
2025-02-26T05:00:00,AWS-DEL-011,18.2,992.2,67.0,False,,low,0.1,19.18,993.1,61.69,WARNING,replay
2025-02-26T06:00:00,AWS-DEL-011,18.7,993.8,73.0,False,,low,1.1,19.26,993.12,61.42,WARNING,replay
2025-02-26T07:00:00,AWS-DEL-011,19.0,994.7,75.0,False,,low,0.3,19.36,993.18,61.25,WARNING,replay
2025-02-26T08:00:00,AWS-DEL-011,19.9,995.2,67.0,False,,low,0.2,19.47,993.24,61.08,WARNING,replay
2025-02-26T09:00:00,AWS-DEL-011,22.8,995.9,56.0,False,,low,0.9,19.61,993.31,60.67,WARNING,replay
2025-02-26T10:00:00,AWS-DEL-011,26.0,996.5,46.0,False,,low,1.2,19.8,993.38,60.08,WARNING,replay
2025-02-26T11:00:00,AWS-DEL-011,27.8,996.3,40.0,False,drift,low,34.8,20.01,993.43,59.44,WARNING,replay
2025-02-26T12:00:00,AWS-DEL-011,29.0,995.2,36.0,False,drift,low,34.6,20.22,993.47,58.9,OFFLINE,replay
2025-02-26T13:00:00,AWS-DEL-011,29.8,993.9,33.0,False,drift,low,35.9,20.22,993.47,58.9,OFFLINE,replay
2025-02-26T14:00:00,AWS-DEL-011,30.1,992.5,32.0,False,drift,low,40.0,20.22,993.47,58.9,OFFLINE,replay
2025-02-26T15:00:00,AWS-DEL-011,29.8,991.7,31.0,False,,low,13.2,20.22,993.47,58.9,OFFLINE,replay
2025-02-26T16:00:00,AWS-DEL-011,29.4,991.6,33.0,False,,low,9.1,20.22,993.47,58.9,OFFLINE,replay
2025-02-26T17:00:00,AWS-DEL-011,28.2,991.5,39.0,False,,low,2.9,20.22,993.47,58.9,HEALTHY,replay
2025-02-26T18:00:00,AWS-DEL-011,26.6,992.0,48.0,False,,low,1.7,20.38,993.39,58.54,OFFLINE,replay
2025-02-26T19:00:00,AWS-DEL-011,25.7,992.6,58.0,False,,low,16.4,20.38,993.39,58.54,OFFLINE,replay
2025-02-26T20:00:00,AWS-DEL-011,25.3,992.8,60.0,False,,low,15.3,20.38,993.39,58.54,OFFLINE,replay
2025-02-26T21:00:00,AWS-DEL-011,24.5,992.9,62.0,False,,low,17.2,20.38,993.39,58.54,HEALTHY,replay
2025-02-26T22:00:00,AWS-DEL-011,23.5,992.4,62.0,False,,low,0.9,20.42,993.35,58.85,WARNING,replay
2025-02-26T23:00:00,AWS-DEL-011,22.6,991.9,66.0,False,,low,0.5,20.43,993.37,59.31,WARNING,replay
2025-02-27T00:00:00,AWS-DEL-011,21.9,991.4,69.0,False,,low,0.1,20.5,993.34,59.38,WARNING,replay
2025-02-27T01:00:00,AWS-DEL-011,21.7,991.0,70.0,False,,low,0.1,20.58,993.3,59.46,WARNING,replay
2025-02-27T02:00:00,AWS-DEL-011,22.2,990.5,68.0,False,,low,0.3,20.66,993.25,59.54,WARNING,replay
2025-02-27T03:00:00,AWS-DEL-011,21.6,990.1,70.0,False,,low,0.2,20.76,993.2,59.54,WARNING,replay
2025-02-27T04:00:00,AWS-DEL-011,20.6,990.3,72.0,False,,low,0.3,20.87,993.16,59.54,WARNING,replay
2025-02-27T05:00:00,AWS-DEL-011,20.6,990.5,69.0,False,,low,0.3,20.97,993.13,59.52,WARNING,replay
2025-02-27T06:00:00,AWS-DEL-011,21.1,990.2,75.0,False,,low,1.0,20.99,993.01,59.73,WARNING,replay
2025-02-27T07:00:00,AWS-DEL-011,21.0,992.5,72.0,False,,low,1.3,20.88,992.94,60.73,WARNING,replay
2025-02-27T08:00:00,AWS-DEL-011,19.1,993.3,73.0,False,,low,1.6,20.76,992.94,61.73,WARNING,replay
2025-02-27T09:00:00,AWS-DEL-011,19.7,993.4,78.0,False,,low,1.3,20.6,992.97,62.77,WARNING,replay
2025-02-27T10:00:00,AWS-DEL-011,20.4,993.3,82.0,False,,low,1.4,20.46,993.01,63.9,WARNING,replay
2025-02-27T11:00:00,AWS-DEL-011,20.2,992.9,84.0,False,drift,low,34.9,20.37,993.04,64.98,WARNING,replay
2025-02-27T12:00:00,AWS-DEL-011,20.7,992.4,76.0,False,,low,2.2,20.31,993.04,65.81,HEALTHY,replay
2025-02-27T13:00:00,AWS-DEL-011,22.1,991.0,67.0,False,,low,4.7,20.29,993.01,66.27,HEALTHY,replay
2025-02-27T14:00:00,AWS-DEL-011,23.4,989.7,62.0,False,,low,8.0,20.32,992.94,66.42,HEALTHY,replay
2025-02-27T15:00:00,AWS-DEL-011,23.0,989.0,63.0,False,,low,3.9,20.39,992.85,66.35,HEALTHY,replay
2025-02-27T16:00:00,AWS-DEL-011,22.4,989.0,64.0,False,,low,1.8,20.46,992.74,66.31,HEALTHY,replay
2025-02-27T17:00:00,AWS-DEL-011,22.1,988.7,60.0,False,,low,1.8,20.53,992.64,66.25,HEALTHY,replay
2025-02-27T18:00:00,AWS-DEL-011,21.7,989.4,62.0,False,,low,0.4,20.61,992.55,66.08,HEALTHY,replay
2025-02-27T19:00:00,AWS-DEL-011,21.2,989.7,64.0,False,,low,0.4,20.69,992.48,65.96,HEALTHY,replay
2025-02-27T20:00:00,AWS-DEL-011,20.2,989.9,69.0,False,,low,0.4,20.78,992.44,65.77,HEALTHY,replay
2025-02-27T21:00:00,AWS-DEL-011,20.1,990.1,70.0,False,drift,low,34.2,20.87,992.4,65.6,HEALTHY,replay
2025-02-27T22:00:00,AWS-DEL-011,20.0,989.5,68.0,False,,low,0.3,20.98,992.37,65.35,HEALTHY,replay
2025-02-27T23:00:00,AWS-DEL-011,19.8,989.0,65.0,False,,low,0.3,21.09,992.33,65.0,HEALTHY,replay
2025-02-28T00:00:00,AWS-DEL-011,19.5,988.2,63.0,False,,low,0.7,21.2,992.26,64.5,HEALTHY,replay
2025-02-28T01:00:00,AWS-DEL-011,19.3,987.6,62.0,False,drift,low,35.2,21.3,992.17,64.04,HEALTHY,replay
2025-02-28T02:00:00,AWS-DEL-011,19.3,986.8,64.0,False,,low,1.2,21.33,992.03,63.81,HEALTHY,replay
2025-02-28T03:00:00,AWS-DEL-011,19.2,986.3,66.0,False,,low,0.5,21.3,991.85,63.94,HEALTHY,replay
2025-02-28T04:00:00,AWS-DEL-011,19.1,985.7,69.0,False,,low,0.7,21.2,991.66,64.42,HEALTHY,replay
2025-02-28T05:00:00,AWS-DEL-011,18.9,985.7,70.0,False,drift,low,34.4,21.05,991.5,65.23,WARNING,replay
2025-02-28T06:00:00,AWS-DEL-011,19.4,986.4,68.0,False,,low,0.6,21.0,991.32,65.62,WARNING,replay
2025-02-28T07:00:00,AWS-DEL-011,19.1,987.3,69.0,False,,low,0.4,20.97,991.15,65.98,WARNING,replay
2025-02-28T08:00:00,AWS-DEL-011,18.8,988.8,70.0,False,,low,1.5,20.93,991.01,66.35,WARNING,replay
2025-02-28T09:00:00,AWS-DEL-011,18.2,990.0,76.0,False,,low,3.8,20.91,990.91,66.6,WARNING,replay
2025-02-28T10:00:00,AWS-DEL-011,18.3,990.1,82.0,False,drift,low,36.3,20.9,990.85,66.85,WARNING,replay
2025-02-28T11:00:00,AWS-DEL-011,19.6,989.8,77.0,False,,low,0.9,20.9,990.8,67.15,WARNING,replay
2025-02-28T12:00:00,AWS-DEL-011,20.0,989.0,74.0,False,,low,0.8,20.93,990.75,67.31,WARNING,replay
2025-02-28T13:00:00,AWS-DEL-011,21.1,987.7,71.0,False,drift,low,36.0,20.97,990.66,67.4,WARNING,replay
2025-02-28T14:00:00,AWS-DEL-011,22.1,986.3,69.0,False,drift,low,35.7,21.03,990.57,67.48,WARNING,replay
2025-02-28T15:00:00,AWS-DEL-011,23.3,985.6,65.0,False,,low,2.2,21.1,990.41,67.4,WARNING,replay
2025-02-28T16:00:00,AWS-DEL-011,23.4,985.2,65.0,False,,low,2.3,21.19,990.22,67.19,WARNING,replay
2025-02-28T17:00:00,AWS-DEL-011,22.9,985.0,69.0,False,,low,0.3,21.27,990.01,67.15,WARNING,replay
2025-02-28T18:00:00,AWS-DEL-011,22.3,986.0,74.0,False,,low,0.4,21.27,989.79,67.42,WARNING,replay
2025-02-28T19:00:00,AWS-DEL-011,21.4,986.3,83.0,False,,low,0.9,21.19,989.57,68.0,WARNING,replay
2025-02-28T20:00:00,AWS-DEL-011,20.9,987.3,85.0,False,drift,low,35.1,21.06,989.36,68.9,WARNING,replay
2025-02-28T21:00:00,AWS-DEL-011,18.5,988.4,90.0,True,drift,low,51.0,20.91,989.27,69.85,WARNING,replay
2025-02-28T22:00:00,AWS-DEL-011,18.5,988.1,90.0,True,drift,low,50.1,20.91,989.27,69.85,OFFLINE,replay
2025-02-28T23:00:00,AWS-DEL-011,18.4,988.3,91.0,True,drift,medium,56.8,20.91,989.27,69.85,OFFLINE,replay
2025-03-01T00:00:00,AWS-DEL-011,17.4,988.1,87.0,True,drift,medium,57.9,20.91,989.27,69.85,OFFLINE,replay
2025-03-01T01:00:00,AWS-DEL-011,16.8,987.9,87.0,True,drift,medium,56.4,20.91,989.27,69.85,OFFLINE,replay
2025-03-01T02:00:00,AWS-DEL-011,16.3,987.4,89.0,True,drift,low,55.0,20.91,989.27,69.85,OFFLINE,replay
2025-03-01T03:00:00,AWS-DEL-011,15.9,987.5,90.0,True,drift,medium,56.5,20.91,989.27,69.85,OFFLINE,replay
2025-03-01T04:00:00,AWS-DEL-011,15.7,987.2,90.0,True,drift,low,51.5,20.91,989.27,69.85,OFFLINE,replay
2025-03-01T05:00:00,AWS-DEL-011,15.5,987.5,89.0,True,drift,low,52.8,20.91,989.27,69.85,OFFLINE,replay
2025-03-01T06:00:00,AWS-DEL-011,16.8,988.2,93.0,True,drift,low,53.1,20.91,989.27,69.85,OFFLINE,replay
2025-03-01T07:00:00,AWS-DEL-011,16.6,988.9,91.0,False,,low,40.1,20.91,989.27,69.85,OFFLINE,replay
2025-03-01T08:00:00,AWS-DEL-011,17.4,989.7,90.0,False,,low,43.2,20.91,989.27,69.85,OFFLINE,replay
2025-03-01T09:00:00,AWS-DEL-011,18.5,990.6,83.0,False,,low,21.8,20.91,989.27,69.85,HEALTHY,replay
2025-03-01T10:00:00,AWS-DEL-011,19.5,990.7,79.0,False,,low,0.8,20.78,989.22,70.29,OFFLINE,replay
2025-03-01T11:00:00,AWS-DEL-011,21.1,990.6,75.0,False,,low,1.9,20.78,989.22,70.29,OFFLINE,replay
2025-03-01T12:00:00,AWS-DEL-011,22.6,989.6,71.0,False,,low,7.1,20.78,989.22,70.29,OFFLINE,replay
2025-03-01T13:00:00,AWS-DEL-011,23.7,988.3,67.0,False,,low,11.9,20.78,989.22,70.29,HEALTHY,replay
2025-03-01T14:00:00,AWS-DEL-011,24.0,987.4,65.0,False,,low,1.2,20.79,989.14,70.4,WARNING,replay
2025-03-01T15:00:00,AWS-DEL-011,24.1,986.8,66.0,False,,low,2.4,20.81,989.05,70.38,WARNING,replay
2025-03-01T16:00:00,AWS-DEL-011,23.3,986.8,67.0,False,,low,0.5,20.86,988.95,70.31,WARNING,replay
2025-03-01T17:00:00,AWS-DEL-011,22.6,986.7,70.0,False,,low,0.3,20.89,988.86,70.25,WARNING,replay
2025-03-01T18:00:00,AWS-DEL-011,21.9,987.7,77.0,False,drift,low,34.6,20.9,988.78,70.29,WARNING,replay
2025-03-01T19:00:00,AWS-DEL-011,21.0,988.3,81.0,False,drift,low,34.8,20.91,988.73,70.44,WARNING,replay
2025-03-01T20:00:00,AWS-DEL-011,20.3,989.1,83.0,False,drift,low,34.7,20.92,988.69,70.62,WARNING,replay
2025-03-01T21:00:00,AWS-DEL-011,20.0,989.4,84.0,False,drift,low,34.4,20.91,988.66,70.92,OFFLINE,replay
2025-03-01T22:00:00,AWS-DEL-011,19.2,989.2,85.0,False,drift,low,34.9,20.91,988.66,70.92,OFFLINE,replay
2025-03-01T23:00:00,AWS-DEL-011,18.4,989.0,86.0,False,drift,low,38.5,20.91,988.66,70.92,OFFLINE,replay
2025-03-02T00:00:00,AWS-DEL-011,17.7,988.4,88.0,False,drift,low,42.3,20.91,988.66,70.92,OFFLINE,replay
2025-03-02T01:00:00,AWS-DEL-011,17.2,987.9,89.0,True,drift,low,54.3,20.91,988.66,70.92,OFFLINE,replay
2025-03-02T02:00:00,AWS-DEL-011,16.8,987.2,89.0,True,drift,low,53.6,20.91,988.66,70.92,OFFLINE,replay
2025-03-02T03:00:00,AWS-DEL-011,16.5,986.8,88.0,True,drift,low,52.9,20.91,988.66,70.92,OFFLINE,replay
2025-03-02T04:00:00,AWS-DEL-011,16.0,986.4,88.0,True,drift,low,51.9,20.91,988.66,70.92,OFFLINE,replay
2025-03-02T05:00:00,AWS-DEL-011,15.4,986.7,89.0,False,,low,23.7,20.91,988.66,70.92,OFFLINE,replay
2025-03-02T06:00:00,AWS-DEL-011,16.0,987.8,88.0,False,drift,low,48.3,20.91,988.66,70.92,OFFLINE,replay
2025-03-02T07:00:00,AWS-DEL-011,16.1,988.6,87.0,False,,low,11.2,20.91,988.66,70.92,OFFLINE,replay
2025-03-02T08:00:00,AWS-DEL-011,17.5,989.4,82.0,False,,low,6.2,20.91,988.66,70.92,OFFLINE,replay
2025-03-02T09:00:00,AWS-DEL-011,19.3,990.1,74.0,False,,low,2.1,20.91,988.66,70.92,HEALTHY,replay
2025-03-02T10:00:00,AWS-DEL-011,21.3,990.2,63.0,False,,low,0.7,20.87,988.66,70.9,OFFLINE,replay
2025-03-02T11:00:00,AWS-DEL-011,23.3,989.8,44.0,False,,low,21.9,20.87,988.66,70.9,OFFLINE,replay
2025-03-02T12:00:00,AWS-DEL-011,24.2,988.8,37.0,False,,low,41.4,20.87,988.66,70.9,OFFLINE,replay
2025-03-02T13:00:00,AWS-DEL-011,24.6,987.7,35.0,False,,low,46.9,20.87,988.66,70.9,HEALTHY,replay
2025-03-02T14:00:00,AWS-DEL-011,24.5,986.7,35.0,False,,low,5.5,20.95,988.56,70.12,WARNING,replay
2025-03-02T15:00:00,AWS-DEL-011,24.0,986.0,37.0,False,,low,10.9,21.06,988.42,69.33,WARNING,replay
2025-03-02T16:00:00,AWS-DEL-011,23.2,985.8,41.0,False,,low,1.5,21.15,988.27,68.48,WARNING,replay
2025-03-02T17:00:00,AWS-DEL-011,21.9,985.8,48.0,False,,low,1.8,21.21,988.11,67.62,WARNING,replay
2025-03-02T18:00:00,AWS-DEL-011,19.6,986.3,59.0,False,drift,low,41.0,21.24,987.96,66.88,WARNING,replay
2025-03-02T19:00:00,AWS-DEL-011,18.3,986.6,65.0,False,drift,low,36.3,21.22,987.84,66.52,WARNING,replay
2025-03-02T20:00:00,AWS-DEL-011,17.1,986.9,71.0,False,drift,low,38.2,21.14,987.75,66.48,WARNING,replay
2025-03-02T21:00:00,AWS-DEL-011,16.4,987.4,73.0,False,drift,low,35.6,21.01,987.69,66.67,OFFLINE,replay
2025-03-02T22:00:00,AWS-DEL-011,15.9,987.6,71.0,False,,low,2.8,21.01,987.69,66.67,OFFLINE,replay
2025-03-02T23:00:00,AWS-DEL-011,15.5,987.5,69.0,False,,low,2.8,21.01,987.69,66.67,OFFLINE,replay
2025-03-03T00:00:00,AWS-DEL-011,14.9,987.5,69.0,False,,low,6.2,21.01,987.69,66.67,HEALTHY,replay
2025-03-03T01:00:00,AWS-DEL-011,14.3,987.0,70.0,False,,low,1.2,20.84,987.66,66.79,OFFLINE,replay
2025-03-03T02:00:00,AWS-DEL-011,13.6,986.4,73.0,False,,low,3.1,20.84,987.66,66.79,OFFLINE,replay
2025-03-03T03:00:00,AWS-DEL-011,13.3,986.0,73.0,False,,low,6.3,20.84,987.66,66.79,OFFLINE,replay
2025-03-03T04:00:00,AWS-DEL-011,13.0,986.1,74.0,False,,low,8.6,20.84,987.66,66.79,HEALTHY,replay
2025-03-03T05:00:00,AWS-DEL-011,12.8,986.6,75.0,False,,low,2.5,20.65,987.6,67.0,WARNING,replay
2025-03-03T06:00:00,AWS-DEL-011,13.1,987.2,77.0,False,,low,4.6,20.45,987.55,67.31,WARNING,replay
2025-03-03T07:00:00,AWS-DEL-011,13.8,987.9,78.0,False,,low,5.4,20.27,987.51,67.62,WARNING,replay
2025-03-03T08:00:00,AWS-DEL-011,16.4,988.7,69.0,False,,low,7.2,20.12,987.47,67.92,WARNING,replay
2025-03-03T09:00:00,AWS-DEL-011,19.4,989.5,60.0,False,,low,6.1,20.04,987.44,67.92,WARNING,replay
2025-03-03T10:00:00,AWS-DEL-011,22.1,989.6,44.0,False,,low,19.8,20.03,987.43,67.71,WARNING,replay
2025-03-03T11:00:00,AWS-DEL-011,24.2,989.0,34.0,False,drift,low,49.4,20.07,987.43,67.21,WARNING,replay
2025-03-03T12:00:00,AWS-DEL-011,25.7,988.1,31.0,False,drift,low,43.2,20.16,987.43,66.56,WARNING,replay
2025-03-03T13:00:00,AWS-DEL-011,26.6,987.0,34.0,False,,low,3.8,20.29,987.43,65.9,WARNING,replay
2025-03-03T14:00:00,AWS-DEL-011,26.9,985.8,37.0,False,,low,4.1,20.44,987.42,65.31,WARNING,replay
2025-03-03T15:00:00,AWS-DEL-011,26.3,985.0,40.0,False,,low,1.9,20.6,987.4,64.75,WARNING,replay
2025-03-03T16:00:00,AWS-DEL-011,25.6,984.7,45.0,False,,low,1.1,20.75,987.37,64.21,WARNING,replay
2025-03-03T17:00:00,AWS-DEL-011,24.3,984.4,54.0,False,drift,low,35.0,20.88,987.35,63.71,WARNING,replay
2025-03-03T18:00:00,AWS-DEL-011,23.2,984.9,57.0,False,drift,low,34.9,21.0,987.32,63.38,OFFLINE,replay
2025-03-03T19:00:00,AWS-DEL-011,22.2,984.8,60.0,False,drift,low,35.6,21.0,987.32,63.38,OFFLINE,replay
2025-03-03T20:00:00,AWS-DEL-011,21.5,985.3,64.0,False,drift,low,38.0,21.0,987.32,63.38,OFFLINE,replay
2025-03-03T21:00:00,AWS-DEL-011,21.3,985.5,63.0,False,drift,low,36.9,21.0,987.32,63.38,OFFLINE,replay
2025-03-03T22:00:00,AWS-DEL-011,20.4,985.4,67.0,False,drift,low,40.6,21.0,987.32,63.38,OFFLINE,replay
2025-03-03T23:00:00,AWS-DEL-011,19.7,985.2,69.0,False,drift,low,46.2,21.0,987.32,63.38,OFFLINE,replay
2025-03-04T00:00:00,AWS-DEL-011,19.0,985.0,71.0,False,drift,low,49.1,21.0,987.32,63.38,OFFLINE,replay
2025-03-04T01:00:00,AWS-DEL-011,18.6,984.5,72.0,False,drift,low,48.1,21.0,987.32,63.38,OFFLINE,replay
2025-03-04T02:00:00,AWS-DEL-011,18.3,984.5,72.0,True,drift,low,50.2,21.0,987.32,63.38,OFFLINE,replay
2025-03-04T03:00:00,AWS-DEL-011,17.1,984.4,78.0,False,,low,19.7,21.0,987.32,63.38,OFFLINE,replay
2025-03-04T04:00:00,AWS-DEL-011,15.9,984.4,83.0,False,,low,27.2,21.0,987.32,63.38,OFFLINE,replay
2025-03-04T05:00:00,AWS-DEL-011,15.6,984.8,83.0,False,,low,30.1,21.0,987.32,63.38,HEALTHY,replay
2025-03-04T06:00:00,AWS-DEL-011,16.5,986.0,82.0,False,,low,10.4,20.92,987.29,63.69,OFFLINE,replay
2025-03-04T07:00:00,AWS-DEL-011,16.9,986.9,80.0,False,,low,15.2,20.92,987.29,63.69,OFFLINE,replay
2025-03-04T08:00:00,AWS-DEL-011,18.2,988.3,76.0,False,,low,23.7,20.92,987.29,63.69,OFFLINE,replay
2025-03-04T09:00:00,AWS-DEL-011,19.8,989.5,67.0,False,,low,31.4,20.92,987.29,63.69,HEALTHY,replay
2025-03-04T10:00:00,AWS-DEL-011,21.5,989.9,57.0,False,,low,2.3,20.93,987.34,63.65,WARNING,replay
2025-03-04T11:00:00,AWS-DEL-011,22.9,990.1,53.0,False,,low,2.9,20.99,987.36,63.38,WARNING,replay
2025-03-04T12:00:00,AWS-DEL-011,24.0,989.7,47.0,False,drift,low,35.0,21.09,987.36,62.9,WARNING,replay
2025-03-04T13:00:00,AWS-DEL-011,24.4,989.1,42.0,False,drift,low,34.4,21.2,987.35,62.17,WARNING,replay
2025-03-04T14:00:00,AWS-DEL-011,24.4,988.5,40.0,False,drift,low,34.2,21.3,987.34,61.44,WARNING,replay
2025-03-04T15:00:00,AWS-DEL-011,24.4,988.3,41.0,False,,low,0.1,21.4,987.33,60.73,WARNING,replay
2025-03-04T16:00:00,AWS-DEL-011,23.8,988.4,41.0,False,,low,0.1,21.46,987.34,60.1,WARNING,replay
2025-03-04T17:00:00,AWS-DEL-011,22.5,988.6,45.0,False,,low,0.1,21.5,987.38,59.52,WARNING,replay
2025-03-04T18:00:00,AWS-DEL-011,21.0,989.7,51.0,False,,low,0.6,21.48,987.45,59.1,WARNING,replay
2025-03-04T19:00:00,AWS-DEL-011,20.1,990.1,52.0,False,,low,0.3,21.43,987.54,58.81,WARNING,replay
2025-03-04T20:00:00,AWS-DEL-011,19.2,990.6,50.0,False,,low,0.4,21.38,987.65,58.46,WARNING,replay
2025-03-04T21:00:00,AWS-DEL-011,18.1,990.9,51.0,False,,low,0.2,21.31,987.74,57.96,WARNING,replay
2025-03-04T22:00:00,AWS-DEL-011,17.3,991.3,53.0,False,,low,0.2,21.24,987.84,57.29,WARNING,replay
2025-03-04T23:00:00,AWS-DEL-011,16.6,991.0,55.0,False,,low,0.1,21.17,987.92,56.62,WARNING,replay
2025-03-05T00:00:00,AWS-DEL-011,15.8,990.6,57.0,False,drift,low,34.1,21.13,987.93,56.04,WARNING,replay
2025-03-05T01:00:00,AWS-DEL-011,15.2,990.4,60.0,False,drift,low,34.2,20.96,987.98,55.83,WARNING,replay
2025-03-05T02:00:00,AWS-DEL-011,14.6,989.9,62.0,False,drift,low,34.3,20.78,988.04,55.73,WARNING,replay
2025-03-05T03:00:00,AWS-DEL-011,13.9,989.6,63.0,False,drift,low,34.2,20.58,988.1,55.65,OFFLINE,replay
2025-03-05T04:00:00,AWS-DEL-011,13.3,989.3,61.0,False,,low,1.0,20.58,988.1,55.65,OFFLINE,replay
2025-03-05T05:00:00,AWS-DEL-011,13.0,989.4,56.0,False,,low,3.6,20.58,988.1,55.65,OFFLINE,replay
2025-03-05T06:00:00,AWS-DEL-011,12.6,989.9,63.0,False,drift,low,35.4,20.58,988.1,55.65,OFFLINE,replay
2025-03-05T07:00:00,AWS-DEL-011,12.7,990.1,63.0,False,,low,1.7,20.58,988.1,55.65,OFFLINE,replay
2025-03-05T08:00:00,AWS-DEL-011,13.9,990.4,60.0,False,,low,0.9,20.58,988.1,55.65,OFFLINE,replay
2025-03-05T09:00:00,AWS-DEL-011,15.9,991.3,53.0,False,,low,2.6,20.58,988.1,55.65,HEALTHY,replay
2025-03-05T10:00:00,AWS-DEL-011,18.1,991.2,46.0,False,,low,0.6,20.43,988.2,55.35,OFFLINE,replay
2025-03-05T11:00:00,AWS-DEL-011,19.8,990.8,40.0,False,,low,1.8,20.43,988.2,55.35,OFFLINE,replay
2025-03-05T12:00:00,AWS-DEL-011,21.3,989.8,34.0,False,,low,6.3,20.43,988.2,55.35,OFFLINE,replay
2025-03-05T13:00:00,AWS-DEL-011,22.2,988.9,30.0,False,,low,12.9,20.43,988.2,55.35,HEALTHY,replay
2025-03-05T14:00:00,AWS-DEL-011,22.8,988.0,27.0,False,,low,2.2,20.42,988.24,54.52,WARNING,replay
2025-03-05T15:00:00,AWS-DEL-011,22.8,987.3,28.0,False,,low,1.6,20.44,988.25,53.48,WARNING,replay
2025-03-05T16:00:00,AWS-DEL-011,22.3,986.9,31.0,False,,low,0.3,20.47,988.23,52.38,WARNING,replay
2025-03-05T17:00:00,AWS-DEL-011,21.6,987.0,30.0,False,,low,0.3,20.52,988.18,51.29,WARNING,replay
2025-03-05T18:00:00,AWS-DEL-011,20.9,987.7,34.0,False,,low,0.2,20.56,988.12,50.38,WARNING,replay
2025-03-05T19:00:00,AWS-DEL-011,20.2,987.8,35.0,False,,low,0.2,20.49,988.12,50.35,WARNING,replay
2025-03-05T20:00:00,AWS-DEL-011,19.3,988.1,36.0,False,,low,0.2,20.4,988.14,50.35,WARNING,replay
2025-03-05T21:00:00,AWS-DEL-011,18.6,988.7,38.0,False,drift,low,34.1,20.3,988.19,50.33,WARNING,replay
2025-03-05T22:00:00,AWS-DEL-011,18.3,988.6,38.0,False,,low,0.1,20.2,988.25,50.27,WARNING,replay
2025-03-05T23:00:00,AWS-DEL-011,17.7,988.3,39.0,False,,low,0.1,20.13,988.3,50.06,WARNING,replay
2025-03-06T00:00:00,AWS-DEL-011,16.9,987.8,42.0,False,,low,0.1,20.09,988.35,49.65,WARNING,replay
2025-03-06T01:00:00,AWS-DEL-011,15.8,987.8,45.0,False,,low,0.1,20.06,988.37,49.17,WARNING,replay
2025-03-06T02:00:00,AWS-DEL-011,15.1,987.0,46.0,False,drift,low,34.2,20.03,988.39,48.62,WARNING,replay
2025-03-06T03:00:00,AWS-DEL-011,14.7,986.3,46.0,False,drift,low,34.2,20.04,988.38,48.15,HEALTHY,replay
2025-03-06T04:00:00,AWS-DEL-011,14.3,986.1,47.0,False,drift,low,34.2,20.07,988.38,47.56,HEALTHY,replay
2025-03-06T05:00:00,AWS-DEL-011,13.8,985.9,48.0,False,drift,low,34.3,20.1,988.37,46.98,OFFLINE,replay
2025-03-06T06:00:00,AWS-DEL-011,12.8,986.1,58.0,False,,low,1.8,20.1,988.37,46.98,OFFLINE,replay
2025-03-06T07:00:00,AWS-DEL-011,13.2,986.6,56.0,False,,low,0.9,20.1,988.37,46.98,OFFLINE,replay
2025-03-06T08:00:00,AWS-DEL-011,15.0,988.4,54.0,False,,low,4.5,20.1,988.37,46.98,HEALTHY,replay
2025-03-06T09:00:00,AWS-DEL-011,17.5,988.8,47.0,False,,low,0.5,20.14,988.4,46.5,OFFLINE,replay
2025-03-06T10:00:00,AWS-DEL-011,20.2,988.8,41.0,False,,low,2.2,20.14,988.4,46.5,OFFLINE,replay
2025-03-06T11:00:00,AWS-DEL-011,22.5,988.6,34.0,False,,low,4.4,20.14,988.4,46.5,OFFLINE,replay
2025-03-06T12:00:00,AWS-DEL-011,24.2,988.0,29.0,False,,low,6.8,20.14,988.4,46.5,HEALTHY,replay
2025-03-06T13:00:00,AWS-DEL-011,25.5,987.3,25.0,False,,low,2.7,20.36,988.4,45.48,WARNING,replay
2025-03-06T14:00:00,AWS-DEL-011,26.3,986.9,24.0,False,,low,3.9,20.55,988.37,44.56,WARNING,replay
2025-03-06T15:00:00,AWS-DEL-011,26.6,986.6,23.0,False,,low,0.7,20.69,988.32,43.81,WARNING,replay
2025-03-06T16:00:00,AWS-DEL-011,26.2,986.3,23.0,False,,low,0.6,20.79,988.25,43.38,WARNING,replay
2025-03-06T17:00:00,AWS-DEL-011,24.9,986.3,30.0,False,,low,0.4,20.83,988.2,43.15,WARNING,replay
2025-03-06T18:00:00,AWS-DEL-011,22.8,986.7,42.0,False,,low,2.1,20.81,988.16,43.12,WARNING,replay
2025-03-06T19:00:00,AWS-DEL-011,22.2,986.8,43.0,False,,low,0.2,20.73,988.15,43.29,WARNING,replay
2025-03-06T20:00:00,AWS-DEL-011,21.6,987.5,43.0,False,,low,0.1,20.64,988.18,43.42,WARNING,replay
2025-03-06T21:00:00,AWS-DEL-011,20.5,987.7,46.0,False,,low,0.1,20.54,988.23,43.48,WARNING,replay
2025-03-06T22:00:00,AWS-DEL-011,19.6,987.4,49.0,False,,low,0.1,20.43,988.29,43.5,WARNING,replay
2025-03-06T23:00:00,AWS-DEL-011,18.6,987.3,52.0,False,,low,0.1,20.33,988.35,43.4,WARNING,replay
2025-03-07T00:00:00,AWS-DEL-011,17.7,986.9,55.0,False,drift,low,34.3,20.4,988.4,42.75,WARNING,replay
2025-03-07T01:00:00,AWS-DEL-011,16.7,986.6,59.0,False,drift,low,34.6,20.35,988.35,42.5,WARNING,replay
2025-03-07T02:00:00,AWS-DEL-011,15.5,986.2,62.0,False,drift,low,34.6,20.25,988.28,42.54,HEALTHY,replay
2025-03-07T03:00:00,AWS-DEL-011,15.2,985.5,61.0,False,,low,0.4,20.1,988.2,42.73,HEALTHY,replay
2025-03-07T04:00:00,AWS-DEL-011,15.1,985.2,60.0,False,,low,0.3,19.91,988.11,43.02,HEALTHY,replay
2025-03-07T05:00:00,AWS-DEL-011,13.8,985.2,66.0,False,,low,0.3,19.72,988.03,43.4,HEALTHY,replay
2025-03-07T06:00:00,AWS-DEL-011,12.5,986.2,75.0,False,,low,2.6,19.5,987.96,43.94,HEALTHY,replay
2025-03-07T07:00:00,AWS-DEL-011,13.2,986.8,72.0,False,,low,0.6,19.25,987.92,44.65,HEALTHY,replay
2025-03-07T08:00:00,AWS-DEL-011,16.0,987.5,61.0,False,,low,0.7,19.03,987.89,45.29,HEALTHY,replay
2025-03-07T09:00:00,AWS-DEL-011,19.8,987.9,47.0,False,,low,1.2,18.9,987.86,45.62,HEALTHY,replay
2025-03-07T10:00:00,AWS-DEL-011,23.4,987.8,33.0,False,drift,low,38.4,18.87,987.82,45.54,WARNING,replay
2025-03-07T11:00:00,AWS-DEL-011,25.7,987.5,24.0,False,drift,low,39.4,18.94,987.78,45.15,WARNING,replay
2025-03-07T12:00:00,AWS-DEL-011,27.2,986.4,20.0,False,drift,low,42.6,19.07,987.71,44.6,WARNING,replay
2025-03-07T13:00:00,AWS-DEL-011,28.1,985.3,19.0,False,drift,low,36.9,19.26,987.62,43.96,OFFLINE,replay
2025-03-07T14:00:00,AWS-DEL-011,28.4,984.8,21.0,False,,low,9.0,19.26,987.62,43.96,OFFLINE,replay
2025-03-07T15:00:00,AWS-DEL-011,28.3,984.3,22.0,False,,low,11.0,19.26,987.62,43.96,OFFLINE,replay
2025-03-07T16:00:00,AWS-DEL-011,27.8,984.2,23.0,False,,low,7.1,19.26,987.62,43.96,HEALTHY,replay
2025-03-07T17:00:00,AWS-DEL-011,26.6,984.1,25.0,False,,low,1.6,19.48,987.47,43.33,OFFLINE,replay
2025-03-07T18:00:00,AWS-DEL-011,24.2,984.6,33.0,False,,low,4.8,19.48,987.47,43.33,OFFLINE,replay
2025-03-07T19:00:00,AWS-DEL-011,22.9,984.3,39.0,False,,low,10.6,19.48,987.47,43.33,OFFLINE,replay
2025-03-07T20:00:00,AWS-DEL-011,22.3,984.7,38.0,False,,low,8.5,19.48,987.47,43.33,HEALTHY,replay
2025-03-07T21:00:00,AWS-DEL-011,21.4,984.8,45.0,False,,low,1.2,19.6,987.34,42.98,WARNING,replay
2025-03-07T22:00:00,AWS-DEL-011,20.2,984.7,46.0,False,drift,low,34.9,19.72,987.22,42.73,WARNING,replay
2025-03-07T23:00:00,AWS-DEL-011,19.2,984.8,49.0,False,drift,low,34.2,19.82,987.1,42.44,WARNING,replay
2025-03-08T00:00:00,AWS-DEL-011,18.4,985.1,51.0,False,drift,low,34.1,19.92,986.99,42.17,WARNING,replay
2025-03-08T01:00:00,AWS-DEL-011,17.4,984.9,54.0,False,drift,low,34.2,19.97,986.86,42.12,OFFLINE,replay
2025-03-08T02:00:00,AWS-DEL-011,16.6,983.9,56.0,False,drift,low,35.4,19.97,986.86,42.12,OFFLINE,replay
2025-03-08T03:00:00,AWS-DEL-011,15.7,982.9,59.0,False,drift,low,38.4,19.97,986.86,42.12,OFFLINE,replay
2025-03-08T04:00:00,AWS-DEL-011,15.2,982.7,61.0,False,drift,low,40.9,19.97,986.86,42.12,OFFLINE,replay
2025-03-08T05:00:00,AWS-DEL-011,14.6,983.0,62.0,False,drift,low,41.4,19.97,986.86,42.12,OFFLINE,replay
2025-03-08T06:00:00,AWS-DEL-011,14.7,983.6,66.0,False,drift,low,48.7,19.97,986.86,42.12,OFFLINE,replay
2025-03-08T07:00:00,AWS-DEL-011,15.5,984.5,62.0,False,,low,2.3,19.97,986.86,42.12,OFFLINE,replay
2025-03-08T08:00:00,AWS-DEL-011,18.0,985.2,54.0,False,,low,0.2,19.97,986.86,42.12,OFFLINE,replay
2025-03-08T09:00:00,AWS-DEL-011,21.4,986.0,43.0,False,,low,0.9,19.97,986.86,42.12,HEALTHY,replay
2025-03-08T10:00:00,AWS-DEL-011,24.6,986.2,36.0,False,,low,1.5,19.95,986.8,42.4,OFFLINE,replay
2025-03-08T11:00:00,AWS-DEL-011,27.4,985.5,27.0,False,,low,12.7,19.95,986.8,42.4,OFFLINE,replay
2025-03-08T12:00:00,AWS-DEL-011,29.1,985.0,21.0,False,,low,33.7,19.95,986.8,42.4,OFFLINE,replay
2025-03-08T13:00:00,AWS-DEL-011,29.8,984.1,20.0,True,statistical_anomaly,low,50.4,19.95,986.8,42.4,HEALTHY,replay
2025-03-08T14:00:00,AWS-DEL-011,30.1,983.4,20.0,True,statistical_anomaly,low,54.5,19.95,986.8,42.4,WARNING,replay
2025-03-08T15:00:00,AWS-DEL-011,29.9,983.0,21.0,True,statistical_anomaly,low,54.3,19.95,986.8,42.4,WARNING,replay
2025-03-08T16:00:00,AWS-DEL-011,29.3,982.9,23.0,False,,low,50.0,19.95,986.8,42.4,WARNING,replay
2025-03-08T17:00:00,AWS-DEL-011,28.3,982.9,25.0,False,,low,11.4,20.09,986.7,42.31,WARNING,replay
2025-03-08T18:00:00,AWS-DEL-011,26.2,983.6,35.0,False,,low,4.0,20.2,986.61,42.25,WARNING,replay
2025-03-08T19:00:00,AWS-DEL-011,24.7,983.9,42.0,False,,low,0.5,20.29,986.54,42.33,WARNING,replay
2025-03-08T20:00:00,AWS-DEL-011,23.3,984.6,50.0,False,drift,low,35.0,20.35,986.47,42.58,WARNING,replay
2025-03-08T21:00:00,AWS-DEL-011,22.6,985.2,51.0,False,drift,low,34.2,20.4,986.41,42.92,WARNING,replay
2025-03-08T22:00:00,AWS-DEL-011,22.5,985.6,50.0,False,drift,low,34.1,20.45,986.35,43.25,WARNING,replay
2025-03-08T23:00:00,AWS-DEL-011,21.9,985.3,51.0,False,drift,low,34.1,20.52,986.3,43.54,WARNING,replay
2025-03-09T00:00:00,AWS-DEL-011,20.9,985.4,53.0,False,drift,low,34.1,20.59,986.23,43.81,WARNING,replay
2025-03-09T01:00:00,AWS-DEL-011,21.3,985.3,54.0,False,,low,0.1,20.64,986.16,44.12,WARNING,replay
2025-03-09T02:00:00,AWS-DEL-011,20.5,985.4,55.0,False,drift,low,34.1,20.71,986.1,44.44,WARNING,replay
2025-03-09T03:00:00,AWS-DEL-011,18.8,984.9,60.0,False,drift,low,34.2,20.79,986.05,44.71,OFFLINE,replay
2025-03-09T04:00:00,AWS-DEL-011,17.6,984.6,65.0,False,drift,low,34.8,20.79,986.05,44.71,OFFLINE,replay
2025-03-09T05:00:00,AWS-DEL-011,17.2,985.0,64.0,False,drift,low,35.0,20.79,986.05,44.71,OFFLINE,replay
2025-03-09T06:00:00,AWS-DEL-011,16.8,985.9,73.0,False,drift,low,41.3,20.79,986.05,44.71,OFFLINE,replay
2025-03-09T07:00:00,AWS-DEL-011,18.2,987.0,66.0,False,,low,5.9,20.79,986.05,44.71,OFFLINE,replay
2025-03-09T08:00:00,AWS-DEL-011,21.1,988.4,56.0,False,,low,1.2,20.79,986.05,44.71,OFFLINE,replay
2025-03-09T09:00:00,AWS-DEL-011,24.6,989.3,45.0,False,,low,11.1,20.79,986.05,44.71,HEALTHY,replay
2025-03-09T10:00:00,AWS-DEL-011,27.5,989.5,33.0,False,,low,3.3,20.97,986.08,44.71,OFFLINE,replay
2025-03-09T11:00:00,AWS-DEL-011,29.3,989.4,27.0,False,,low,17.5,20.97,986.08,44.71,OFFLINE,replay
2025-03-09T12:00:00,AWS-DEL-011,30.6,989.0,24.0,False,,low,35.3,20.97,986.08,44.71,OFFLINE,replay
2025-03-09T13:00:00,AWS-DEL-011,31.4,987.9,22.0,False,,low,47.9,20.97,986.08,44.71,HEALTHY,replay
2025-03-09T14:00:00,AWS-DEL-011,31.8,987.2,21.0,False,,low,5.4,21.31,986.1,44.21,WARNING,replay
2025-03-09T15:00:00,AWS-DEL-011,31.8,986.8,22.0,False,,low,2.6,21.67,986.12,43.69,WARNING,replay
2025-03-09T16:00:00,AWS-DEL-011,31.3,986.7,23.0,False,,low,1.3,22.03,986.14,43.17,WARNING,replay
2025-03-09T17:00:00,AWS-DEL-011,30.2,986.9,26.0,False,,low,1.5,22.37,986.1,42.52,WARNING,replay
2025-03-09T18:00:00,AWS-DEL-011,28.5,988.0,31.0,False,drift,low,35.7,22.5,986.08,42.46,WARNING,replay
2025-03-09T19:00:00,AWS-DEL-011,26.8,988.7,36.0,False,drift,low,34.4,22.56,986.09,42.58,WARNING,replay
2025-03-09T20:00:00,AWS-DEL-011,25.8,989.4,40.0,False,drift,low,34.7,22.57,986.13,42.83,WARNING,replay
2025-03-09T21:00:00,AWS-DEL-011,25.1,989.6,43.0,False,drift,low,34.3,22.55,986.19,43.19,OFFLINE,replay
2025-03-09T22:00:00,AWS-DEL-011,24.0,989.6,47.0,False,drift,low,35.4,22.55,986.19,43.19,OFFLINE,replay
2025-03-09T23:00:00,AWS-DEL-011,22.7,989.8,51.0,False,drift,low,38.9,22.55,986.19,43.19,OFFLINE,replay
2025-03-10T00:00:00,AWS-DEL-011,21.9,989.7,53.0,False,drift,low,45.0,22.55,986.19,43.19,OFFLINE,replay
2025-03-10T01:00:00,AWS-DEL-011,21.0,989.5,55.0,False,drift,low,45.4,22.55,986.19,43.19,OFFLINE,replay
2025-03-10T02:00:00,AWS-DEL-011,20.4,989.0,58.0,True,drift,low,54.6,22.55,986.19,43.19,OFFLINE,replay
2025-03-10T03:00:00,AWS-DEL-011,19.9,988.7,61.0,False,,low,30.4,22.55,986.19,43.19,OFFLINE,replay
2025-03-10T04:00:00,AWS-DEL-011,19.4,988.9,62.0,False,,low,32.0,22.55,986.19,43.19,OFFLINE,replay
2025-03-10T05:00:00,AWS-DEL-011,19.0,989.5,64.0,False,,low,28.9,22.55,986.19,43.19,HEALTHY,replay
2025-03-10T06:00:00,AWS-DEL-011,19.3,990.9,66.0,False,,low,12.4,22.4,986.25,44.04,OFFLINE,replay
2025-03-10T07:00:00,AWS-DEL-011,19.7,991.8,64.0,False,,low,12.0,22.4,986.25,44.04,OFFLINE,replay
2025-03-10T08:00:00,AWS-DEL-011,21.4,992.9,58.0,False,,low,12.3,22.4,986.25,44.04,OFFLINE,replay
2025-03-10T09:00:00,AWS-DEL-011,24.1,993.8,50.0,False,,low,26.0,22.4,986.25,44.04,HEALTHY,replay
2025-03-10T10:00:00,AWS-DEL-011,26.8,994.0,42.0,False,,low,1.7,22.39,986.41,44.46,WARNING,replay
2025-03-10T11:00:00,AWS-DEL-011,29.0,993.6,35.0,False,,low,7.7,22.47,986.56,44.46,WARNING,replay
2025-03-10T12:00:00,AWS-DEL-011,30.3,992.6,31.0,False,drift,low,37.1,22.61,986.7,44.29,WARNING,replay
2025-03-10T13:00:00,AWS-DEL-011,31.1,991.7,29.0,False,drift,low,35.3,22.79,986.81,44.04,WARNING,replay
2025-03-10T14:00:00,AWS-DEL-011,31.6,990.5,28.0,False,drift,low,36.9,23.01,986.89,43.69,WARNING,replay
2025-03-10T15:00:00,AWS-DEL-011,31.7,989.7,27.0,False,,low,2.7,23.26,986.96,43.25,WARNING,replay
2025-03-10T16:00:00,AWS-DEL-011,31.2,989.1,28.0,False,,low,1.3,23.54,987.01,42.73,WARNING,replay
2025-03-10T17:00:00,AWS-DEL-011,30.3,989.1,30.0,False,,low,0.8,23.82,987.05,42.17,WARNING,replay
2025-03-10T18:00:00,AWS-DEL-011,29.3,989.7,31.0,False,,low,0.5,24.1,987.11,41.56,WARNING,replay
2025-03-10T19:00:00,AWS-DEL-011,27.4,990.0,39.0,False,drift,low,34.8,24.39,987.18,40.92,OFFLINE,replay
2025-03-10T20:00:00,AWS-DEL-011,26.2,990.8,44.0,False,drift,low,43.0,24.39,987.18,40.92,OFFLINE,replay
2025-03-10T21:00:00,AWS-DEL-011,25.3,990.8,46.0,False,drift,low,46.3,24.39,987.18,40.92,OFFLINE,replay
2025-03-10T22:00:00,AWS-DEL-011,24.9,990.7,47.0,True,drift,low,52.2,24.39,987.18,40.92,OFFLINE,replay
2025-03-10T23:00:00,AWS-DEL-011,24.1,990.1,50.0,True,drift,low,52.2,24.39,987.18,40.92,OFFLINE,replay
2025-03-11T00:00:00,AWS-DEL-011,23.2,989.6,53.0,False,,low,23.2,24.39,987.18,40.92,OFFLINE,replay
2025-03-11T01:00:00,AWS-DEL-011,22.2,989.2,57.0,False,,low,34.3,24.39,987.18,40.92,OFFLINE,replay
2025-03-11T02:00:00,AWS-DEL-011,21.3,988.6,62.0,False,,low,45.6,24.39,987.18,40.92,HEALTHY,replay
2025-03-11T03:00:00,AWS-DEL-011,20.6,988.2,64.0,False,,low,1.5,24.52,987.24,40.94,OFFLINE,replay
2025-03-11T04:00:00,AWS-DEL-011,19.9,988.2,67.0,False,,low,4.3,24.52,987.24,40.94,OFFLINE,replay
2025-03-11T05:00:00,AWS-DEL-011,19.5,988.5,70.0,False,,low,5.6,24.52,987.24,40.94,OFFLINE,replay
2025-03-11T06:00:00,AWS-DEL-011,19.7,989.1,75.0,False,,low,15.3,24.52,987.24,40.94,HEALTHY,replay
2025-03-11T07:00:00,AWS-DEL-011,20.8,989.7,70.0,False,,low,2.9,24.61,987.32,41.25,WARNING,replay
2025-03-11T08:00:00,AWS-DEL-011,23.7,990.8,56.0,False,,low,1.2,24.76,987.42,41.33,WARNING,replay
2025-03-11T09:00:00,AWS-DEL-011,27.2,991.3,42.0,False,,low,1.4,24.99,987.51,40.94,WARNING,replay
2025-03-11T10:00:00,AWS-DEL-011,30.1,991.3,32.0,False,drift,low,37.6,25.28,987.61,40.31,WARNING,replay
2025-03-11T11:00:00,AWS-DEL-011,32.2,990.9,26.0,False,drift,low,38.0,25.58,987.69,39.71,WARNING,replay
2025-03-11T12:00:00,AWS-DEL-011,33.6,989.9,23.0,False,drift,low,38.1,25.84,987.75,39.27,WARNING,replay
2025-03-11T13:00:00,AWS-DEL-011,34.3,988.6,22.0,False,drift,low,37.0,26.05,987.79,39.06,OFFLINE,replay
2025-03-11T14:00:00,AWS-DEL-011,34.3,987.5,22.0,False,drift,low,41.6,26.05,987.79,39.06,OFFLINE,replay
2025-03-11T15:00:00,AWS-DEL-011,34.4,986.8,21.0,False,,low,9.7,26.05,987.79,39.06,OFFLINE,replay
2025-03-11T16:00:00,AWS-DEL-011,34.0,986.3,21.0,False,,low,13.0,26.05,987.79,39.06,OFFLINE,replay
2025-03-11T17:00:00,AWS-DEL-011,32.6,986.5,24.0,False,,low,5.9,26.05,987.79,39.06,HEALTHY,replay
2025-03-11T18:00:00,AWS-DEL-011,29.8,987.2,35.0,False,,low,7.4,26.19,987.77,39.06,OFFLINE,replay
2025-03-11T19:00:00,AWS-DEL-011,28.8,987.2,39.0,False,,low,19.8,26.19,987.77,39.06,OFFLINE,replay
2025-03-11T20:00:00,AWS-DEL-011,27.5,987.5,49.0,False,,low,45.9,26.19,987.77,39.06,OFFLINE,replay
2025-03-11T21:00:00,AWS-DEL-011,26.3,987.5,54.0,False,,low,48.3,26.19,987.77,39.06,HEALTHY,replay
2025-03-11T22:00:00,AWS-DEL-011,25.3,987.4,59.0,False,,low,5.2,26.17,987.8,39.77,WARNING,replay
2025-03-11T23:00:00,AWS-DEL-011,24.4,986.7,60.0,False,drift,low,37.8,26.12,987.86,40.52,WARNING,replay
2025-03-12T00:00:00,AWS-DEL-011,23.7,986.5,62.0,False,drift,low,34.2,26.16,987.9,40.98,WARNING,replay
2025-03-12T01:00:00,AWS-DEL-011,22.9,986.1,64.0,False,drift,low,34.5,26.21,987.94,41.33,WARNING,replay
2025-03-12T02:00:00,AWS-DEL-011,22.0,985.2,68.0,False,drift,low,34.9,26.27,987.97,41.71,OFFLINE,replay
2025-03-12T03:00:00,AWS-DEL-011,21.3,984.7,72.0,False,drift,low,37.0,26.27,987.97,41.71,OFFLINE,replay
2025-03-12T04:00:00,AWS-DEL-011,20.7,984.4,74.0,False,drift,low,43.4,26.27,987.97,41.71,OFFLINE,replay
2025-03-12T05:00:00,AWS-DEL-011,20.4,984.2,73.0,False,drift,low,38.1,26.27,987.97,41.71,OFFLINE,replay
2025-03-12T06:00:00,AWS-DEL-011,19.8,985.2,79.0,True,drift,low,52.3,26.27,987.97,41.71,OFFLINE,replay
2025-03-12T07:00:00,AWS-DEL-011,20.7,985.5,75.0,False,,low,7.3,26.27,987.97,41.71,OFFLINE,replay
2025-03-12T08:00:00,AWS-DEL-011,22.9,986.3,66.0,False,,low,0.4,26.27,987.97,41.71,OFFLINE,replay
2025-03-12T09:00:00,AWS-DEL-011,26.0,986.7,52.0,False,,low,2.1,26.27,987.97,41.71,HEALTHY,replay
2025-03-12T10:00:00,AWS-DEL-011,28.8,986.8,39.0,False,,low,2.7,26.41,988.01,41.77,OFFLINE,replay
2025-03-12T11:00:00,AWS-DEL-011,30.5,986.5,32.0,False,,low,16.3,26.41,988.01,41.77,OFFLINE,replay
2025-03-12T12:00:00,AWS-DEL-011,31.8,985.6,28.0,False,,low,30.5,26.41,988.01,41.77,OFFLINE,replay
2025-03-12T13:00:00,AWS-DEL-011,32.8,984.6,25.0,False,,low,47.1,26.41,988.01,41.77,HEALTHY,replay
2025-03-12T14:00:00,AWS-DEL-011,32.9,983.7,25.0,False,,low,7.1,26.71,988.0,41.23,WARNING,replay
2025-03-12T15:00:00,AWS-DEL-011,32.7,983.2,25.0,False,,low,7.7,26.95,987.95,40.85,WARNING,replay
2025-03-12T16:00:00,AWS-DEL-011,31.8,982.7,27.0,False,,low,1.5,27.02,987.96,40.9,WARNING,replay
2025-03-12T17:00:00,AWS-DEL-011,30.7,982.5,30.0,False,,low,1.1,27.09,987.95,40.94,WARNING,replay
2025-03-12T18:00:00,AWS-DEL-011,29.3,982.9,37.0,False,,low,0.9,27.19,987.93,40.83,WARNING,replay
2025-03-12T19:00:00,AWS-DEL-011,28.4,983.2,42.0,False,drift,low,34.7,27.28,987.91,40.73,WARNING,replay
2025-03-12T20:00:00,AWS-DEL-011,27.1,983.6,47.0,False,drift,low,34.5,27.39,987.88,40.56,WARNING,replay
2025-03-12T21:00:00,AWS-DEL-011,26.2,984.0,50.0,False,drift,low,34.2,27.48,987.85,40.48,WARNING,replay
2025-03-12T22:00:00,AWS-DEL-011,25.5,984.3,51.0,False,drift,low,34.1,27.56,987.81,40.48,OFFLINE,replay
2025-03-12T23:00:00,AWS-DEL-011,25.0,984.1,52.0,False,drift,low,34.2,27.56,987.81,40.48,OFFLINE,replay
2025-03-13T00:00:00,AWS-DEL-011,23.9,983.7,54.0,False,drift,low,34.6,27.56,987.81,40.48,OFFLINE,replay
2025-03-13T01:00:00,AWS-DEL-011,23.1,983.0,56.0,False,drift,low,36.6,27.56,987.81,40.48,OFFLINE,replay
2025-03-13T02:00:00,AWS-DEL-011,22.6,982.2,57.0,False,drift,low,37.5,27.56,987.81,40.48,OFFLINE,replay
2025-03-13T03:00:00,AWS-DEL-011,22.5,981.8,58.0,False,drift,low,37.3,27.56,987.81,40.48,OFFLINE,replay
2025-03-13T04:00:00,AWS-DEL-011,21.8,981.9,58.0,False,drift,low,38.1,27.56,987.81,40.48,OFFLINE,replay
2025-03-13T05:00:00,AWS-DEL-011,21.5,982.0,58.0,False,drift,low,38.0,27.56,987.81,40.48,OFFLINE,replay
2025-03-13T06:00:00,AWS-DEL-011,21.0,983.2,71.0,True,drift,low,54.7,27.56,987.81,40.48,OFFLINE,replay
2025-03-13T07:00:00,AWS-DEL-011,21.4,983.9,69.0,False,,low,10.5,27.56,987.81,40.48,OFFLINE,replay
2025-03-13T08:00:00,AWS-DEL-011,23.4,984.9,63.0,False,,low,8.2,27.56,987.81,40.48,OFFLINE,replay
2025-03-13T09:00:00,AWS-DEL-011,26.2,985.7,53.0,False,drift,low,35.0,27.56,987.81,40.48,OFFLINE,replay
2025-03-13T10:00:00,AWS-DEL-011,28.3,985.8,44.0,False,,low,2.1,27.56,987.81,40.48,OFFLINE,replay
2025-03-13T11:00:00,AWS-DEL-011,26.4,985.9,51.0,False,drift,low,35.0,27.56,987.81,40.48,OFFLINE,replay
2025-03-13T12:00:00,AWS-DEL-011,29.6,984.5,36.0,False,,low,2.3,27.56,987.81,40.48,OFFLINE,replay
2025-03-13T13:00:00,AWS-DEL-011,31.2,983.2,32.0,False,,low,10.3,27.56,987.81,40.48,OFFLINE,replay
2025-03-13T14:00:00,AWS-DEL-011,32.0,981.9,31.0,False,,low,12.9,27.56,987.81,40.48,HEALTHY,replay
2025-03-13T15:00:00,AWS-DEL-011,31.0,981.7,33.0,False,,low,1.4,27.77,987.74,40.06,WARNING,replay
2025-03-13T16:00:00,AWS-DEL-011,30.5,981.6,33.0,False,,low,2.0,27.98,987.66,39.65,WARNING,replay
2025-03-13T17:00:00,AWS-DEL-011,22.5,983.3,72.0,True,statistical_anomaly,low,53.9,28.17,987.59,39.21,WARNING,replay
2025-03-13T18:00:00,AWS-DEL-011,26.3,981.2,54.0,False,,low,27.6,28.17,987.59,39.21,WARNING,replay
2025-03-13T19:00:00,AWS-DEL-011,25.5,981.7,54.0,False,,low,1.1,28.29,987.5,39.19,WARNING,replay
2025-03-13T20:00:00,AWS-DEL-011,24.4,982.4,58.0,False,,low,1.5,28.31,987.34,39.38,WARNING,replay
2025-03-13T21:00:00,AWS-DEL-011,23.9,983.1,58.0,False,,low,0.3,28.17,987.23,40.12,WARNING,replay
2025-03-13T22:00:00,AWS-DEL-011,23.3,983.0,62.0,False,,low,0.3,28.0,987.14,40.9,WARNING,replay
2025-03-13T23:00:00,AWS-DEL-011,22.8,982.8,62.0,False,,low,0.3,27.83,987.06,41.73,WARNING,replay
2025-03-14T00:00:00,AWS-DEL-011,22.1,982.5,65.0,False,,low,0.4,27.65,986.98,42.54,WARNING,replay
2025-03-14T01:00:00,AWS-DEL-011,21.9,982.5,64.0,False,,low,0.4,27.48,986.89,43.35,WARNING,replay
2025-03-14T02:00:00,AWS-DEL-011,21.1,982.2,66.0,False,,low,0.4,27.34,986.77,44.04,WARNING,replay
2025-03-14T03:00:00,AWS-DEL-011,20.5,981.9,68.0,False,,low,0.4,27.22,986.64,44.67,WARNING,replay
2025-03-14T04:00:00,AWS-DEL-011,19.6,982.1,71.0,False,,low,0.4,27.11,986.48,45.25,WARNING,replay
2025-03-14T05:00:00,AWS-DEL-011,19.0,982.7,75.0,False,drift,low,34.7,27.12,986.33,45.4,WARNING,replay
2025-03-14T06:00:00,AWS-DEL-011,19.5,983.8,83.0,False,drift,low,49.4,27.02,986.1,45.92,WARNING,replay
2025-03-14T07:00:00,AWS-DEL-011,20.4,984.6,79.0,False,,low,1.4,26.87,985.89,46.77,WARNING,replay
2025-03-14T08:00:00,AWS-DEL-011,23.3,985.7,70.0,False,,low,1.6,26.69,985.7,47.69,WARNING,replay
2025-03-14T09:00:00,AWS-DEL-011,26.5,986.8,55.0,False,,low,1.8,26.54,985.55,48.5,HEALTHY,replay
2025-03-14T10:00:00,AWS-DEL-011,28.9,986.6,44.0,False,drift,low,35.4,26.45,985.45,49.04,WARNING,replay
2025-03-14T11:00:00,AWS-DEL-011,30.7,986.4,37.0,False,drift,low,35.0,26.39,985.37,49.38,OFFLINE,replay
2025-03-14T12:00:00,AWS-DEL-011,32.1,985.6,26.0,True,drift,medium,66.8,26.39,985.37,49.38,OFFLINE,replay
2025-03-14T13:00:00,AWS-DEL-011,32.8,984.4,22.0,True,drift,high,86.3,26.39,985.37,49.38,OFFLINE,replay
2025-03-14T14:00:00,AWS-DEL-011,33.0,983.4,20.0,True,drift,high,85.9,26.39,985.37,49.38,OFFLINE,replay
2025-03-14T15:00:00,AWS-DEL-011,33.2,982.7,19.0,True,statistical_anomaly,low,53.4,26.39,985.37,49.38,OFFLINE,replay
2025-03-14T16:00:00,AWS-DEL-011,31.7,982.7,21.0,True,statistical_anomaly,low,51.9,26.39,985.37,49.38,OFFLINE,replay
2025-03-14T17:00:00,AWS-DEL-011,30.4,982.9,26.0,True,drift,high,71.8,26.39,985.37,49.38,OFFLINE,replay
2025-03-14T18:00:00,AWS-DEL-011,28.0,983.9,41.0,False,,low,4.6,26.39,985.37,49.38,OFFLINE,replay
2025-03-14T19:00:00,AWS-DEL-011,27.3,984.6,49.0,False,,low,2.0,26.39,985.37,49.38,OFFLINE,replay
2025-03-14T20:00:00,AWS-DEL-011,26.3,985.0,42.0,False,,low,4.7,26.39,985.37,49.38,HEALTHY,replay
2025-03-14T21:00:00,AWS-DEL-011,24.2,985.9,58.0,False,,low,4.4,26.28,985.27,49.69,OFFLINE,replay
2025-03-14T22:00:00,AWS-DEL-011,22.9,985.4,61.0,False,,low,4.0,26.28,985.27,49.69,OFFLINE,replay
2025-03-14T23:00:00,AWS-DEL-011,22.6,984.9,59.0,False,,low,1.6,26.28,985.27,49.69,OFFLINE,replay
2025-03-15T00:00:00,AWS-DEL-011,21.7,984.9,64.0,False,,low,3.7,26.28,985.27,49.69,HEALTHY,replay
2025-03-15T01:00:00,AWS-DEL-011,20.9,984.6,66.0,False,,low,0.4,26.08,985.19,50.44,WARNING,replay
2025-03-15T02:00:00,AWS-DEL-011,20.3,983.6,66.0,False,,low,0.8,25.88,985.09,51.19,WARNING,replay
2025-03-15T03:00:00,AWS-DEL-011,19.9,983.8,66.0,False,,low,0.1,25.7,984.96,51.92,WARNING,replay
2025-03-15T04:00:00,AWS-DEL-011,19.6,984.0,65.0,False,,low,0.1,25.67,984.86,52.0,WARNING,replay
2025-03-15T05:00:00,AWS-DEL-011,19.0,984.5,66.0,False,,low,0.1,25.66,984.76,51.79,WARNING,replay
2025-03-15T06:00:00,AWS-DEL-011,19.1,986.0,71.0,False,,low,1.2,25.63,984.65,51.71,WARNING,replay
2025-03-15T07:00:00,AWS-DEL-011,19.5,986.8,68.0,False,,low,0.3,25.53,984.55,52.02,WARNING,replay
2025-03-15T08:00:00,AWS-DEL-011,20.9,987.4,63.0,False,,low,0.5,25.37,984.46,52.56,WARNING,replay
2025-03-15T09:00:00,AWS-DEL-011,23.0,987.8,55.0,False,,low,0.3,25.18,984.38,53.21,WARNING,replay
2025-03-15T10:00:00,AWS-DEL-011,25.4,987.7,46.0,False,drift,low,34.3,24.99,984.31,53.81,WARNING,replay
2025-03-15T11:00:00,AWS-DEL-011,27.2,987.3,42.0,False,drift,low,34.5,24.82,984.26,54.29,WARNING,replay
2025-03-15T12:00:00,AWS-DEL-011,28.8,986.7,40.0,False,drift,low,34.8,24.7,984.28,54.67,WARNING,replay
2025-03-15T13:00:00,AWS-DEL-011,30.2,985.9,36.0,False,drift,low,34.8,24.76,984.26,54.38,OFFLINE,replay
2025-03-15T14:00:00,AWS-DEL-011,30.3,985.2,38.0,False,drift,low,36.2,24.76,984.26,54.38,OFFLINE,replay
2025-03-15T15:00:00,AWS-DEL-011,30.3,984.6,38.0,False,,low,3.1,24.76,984.26,54.38,OFFLINE,replay
2025-03-15T16:00:00,AWS-DEL-011,29.6,984.7,36.0,False,,low,2.6,24.76,984.26,54.38,OFFLINE,replay
2025-03-15T17:00:00,AWS-DEL-011,28.9,984.3,38.0,False,,low,2.8,24.76,984.26,54.38,HEALTHY,replay
2025-03-15T18:00:00,AWS-DEL-011,26.6,985.1,52.0,False,,low,12.3,24.83,984.2,53.94,OFFLINE,replay
2025-03-15T19:00:00,AWS-DEL-011,25.9,986.1,51.0,False,,low,9.1,24.83,984.2,53.94,OFFLINE,replay
2025-03-15T20:00:00,AWS-DEL-011,24.6,986.7,57.0,False,,low,27.2,24.83,984.2,53.94,OFFLINE,replay
2025-03-15T21:00:00,AWS-DEL-011,23.2,987.3,62.0,False,,low,37.1,24.83,984.2,53.94,WARNING,replay
2025-03-15T22:00:00,AWS-DEL-011,22.4,987.5,63.0,False,,low,1.3,24.81,984.21,53.98,WARNING,replay
2025-03-15T23:00:00,AWS-DEL-011,21.6,987.4,64.0,False,,low,2.2,24.78,984.23,54.0,WARNING,replay
2025-03-16T00:00:00,AWS-DEL-011,20.8,987.3,66.0,False,drift,low,34.2,24.75,984.26,54.0,WARNING,replay
2025-03-16T01:00:00,AWS-DEL-011,20.2,987.0,67.0,False,drift,low,34.3,24.64,984.27,54.29,WARNING,replay
2025-03-16T02:00:00,AWS-DEL-011,19.4,986.8,70.0,False,drift,low,34.4,24.38,984.32,55.17,WARNING,replay
2025-03-16T03:00:00,AWS-DEL-011,18.9,986.5,72.0,False,drift,low,34.2,24.1,984.39,56.1,OFFLINE,replay
2025-03-16T04:00:00,AWS-DEL-011,18.3,986.8,74.0,False,drift,low,34.6,24.1,984.39,56.1,OFFLINE,replay
2025-03-16T05:00:00,AWS-DEL-011,18.0,987.4,73.0,False,drift,low,35.3,24.1,984.39,56.1,OFFLINE,replay
2025-03-16T06:00:00,AWS-DEL-011,19.2,987.3,73.0,False,drift,low,34.5,24.1,984.39,56.1,OFFLINE,replay
2025-03-16T07:00:00,AWS-DEL-011,19.7,987.9,70.0,False,,low,0.5,24.1,984.39,56.1,OFFLINE,replay
2025-03-16T08:00:00,AWS-DEL-011,21.5,988.7,63.0,False,,low,2.1,24.1,984.39,56.1,OFFLINE,replay
2025-03-16T09:00:00,AWS-DEL-011,23.0,989.5,57.0,False,,low,4.2,24.1,984.39,56.1,HEALTHY,replay
2025-03-16T10:00:00,AWS-DEL-011,25.5,989.6,49.0,False,,low,1.1,23.9,984.52,56.77,OFFLINE,replay
2025-03-16T11:00:00,AWS-DEL-011,27.4,989.3,42.0,False,,low,6.2,23.9,984.52,56.77,OFFLINE,replay
2025-03-16T12:00:00,AWS-DEL-011,29.0,988.2,32.0,False,,low,21.4,23.9,984.52,56.77,OFFLINE,replay
2025-03-16T13:00:00,AWS-DEL-011,29.9,987.4,24.0,True,statistical_anomaly,low,52.2,23.9,984.52,56.77,HEALTHY,replay
2025-03-16T14:00:00,AWS-DEL-011,29.7,986.4,23.0,True,statistical_anomaly,low,52.1,23.9,984.52,56.77,WARNING,replay
2025-03-16T15:00:00,AWS-DEL-011,29.4,985.6,24.0,False,,low,49.3,23.9,984.52,56.77,WARNING,replay
2025-03-16T16:00:00,AWS-DEL-011,28.5,985.4,25.0,False,,low,6.6,23.85,984.58,56.71,WARNING,replay
2025-03-16T17:00:00,AWS-DEL-011,27.3,985.4,28.0,False,,low,6.0,23.8,984.64,56.6,WARNING,replay
2025-03-16T18:00:00,AWS-DEL-011,26.5,985.7,30.0,False,,low,0.4,23.76,984.69,56.42,WARNING,replay
2025-03-16T19:00:00,AWS-DEL-011,25.3,986.4,35.0,False,drift,low,34.9,23.72,984.74,56.17,WARNING,replay
2025-03-16T20:00:00,AWS-DEL-011,24.2,987.0,38.0,False,drift,low,35.0,23.68,984.8,55.92,WARNING,replay
2025-03-16T21:00:00,AWS-DEL-011,23.4,987.3,40.0,False,drift,low,34.6,23.64,984.86,55.67,WARNING,replay
2025-03-16T22:00:00,AWS-DEL-011,22.5,987.5,41.0,False,drift,low,34.8,23.46,984.98,55.85,OFFLINE,replay
2025-03-16T23:00:00,AWS-DEL-011,21.4,987.2,43.0,False,drift,low,35.3,23.46,984.98,55.85,OFFLINE,replay
2025-03-17T00:00:00,AWS-DEL-011,20.8,987.1,44.0,False,drift,low,36.6,23.46,984.98,55.85,OFFLINE,replay
2025-03-17T01:00:00,AWS-DEL-011,20.0,987.0,46.0,False,drift,low,39.0,23.46,984.98,55.85,OFFLINE,replay
2025-03-17T02:00:00,AWS-DEL-011,19.2,986.8,49.0,False,drift,low,42.3,23.46,984.98,55.85,OFFLINE,replay
2025-03-17T03:00:00,AWS-DEL-011,18.6,986.5,51.0,False,drift,low,42.3,23.46,984.98,55.85,OFFLINE,replay
2025-03-17T04:00:00,AWS-DEL-011,17.7,986.5,57.0,True,drift,low,53.8,23.46,984.98,55.85,OFFLINE,replay
2025-03-17T05:00:00,AWS-DEL-011,17.6,986.8,56.0,False,,low,18.1,23.46,984.98,55.85,OFFLINE,replay
2025-03-17T06:00:00,AWS-DEL-011,18.6,987.5,76.0,True,drift,high,82.1,23.46,984.98,55.85,OFFLINE,replay
2025-03-17T07:00:00,AWS-DEL-011,19.3,988.3,72.0,True,multivariate_inconsistency,medium,67.8,23.46,984.98,55.85,OFFLINE,replay
2025-03-17T08:00:00,AWS-DEL-011,21.0,989.2,64.0,True,drift,high,84.1,23.46,984.98,55.85,OFFLINE,replay
2025-03-17T09:00:00,AWS-DEL-011,23.5,989.8,54.0,True,drift,high,70.1,23.46,984.98,55.85,OFFLINE,replay
2025-03-17T10:00:00,AWS-DEL-011,25.9,989.9,42.0,False,drift,low,46.2,23.46,984.98,55.85,OFFLINE,replay
2025-03-17T11:00:00,AWS-DEL-011,27.3,989.8,32.0,False,,low,10.0,23.46,984.98,55.85,OFFLINE,replay
2025-03-17T12:00:00,AWS-DEL-011,27.9,989.0,28.0,False,,low,18.0,23.46,984.98,55.85,OFFLINE,replay
2025-03-17T13:00:00,AWS-DEL-011,28.2,988.1,28.0,False,,low,9.6,23.46,984.98,55.85,HEALTHY,replay
2025-03-17T14:00:00,AWS-DEL-011,28.3,987.3,29.0,False,,low,0.8,23.4,985.11,55.75,OFFLINE,replay
2025-03-17T15:00:00,AWS-DEL-011,27.9,986.7,29.0,False,,low,1.3,23.4,985.11,55.75,OFFLINE,replay
2025-03-17T16:00:00,AWS-DEL-011,27.4,986.7,30.0,False,,low,1.7,23.4,985.11,55.75,OFFLINE,replay
2025-03-17T17:00:00,AWS-DEL-011,26.4,986.9,32.0,False,,low,1.5,23.4,985.11,55.75,HEALTHY,replay
2025-03-17T18:00:00,AWS-DEL-011,25.6,987.8,33.0,False,,low,0.5,23.32,985.22,55.73,WARNING,replay
2025-03-17T19:00:00,AWS-DEL-011,24.5,988.7,38.0,False,,low,0.7,23.3,985.36,55.29,WARNING,replay
2025-03-17T20:00:00,AWS-DEL-011,23.6,989.2,41.0,False,drift,low,34.6,23.28,985.5,54.96,WARNING,replay
2025-03-17T21:00:00,AWS-DEL-011,22.7,989.5,43.0,False,drift,low,34.5,23.27,985.65,54.6,WARNING,replay
2025-03-17T22:00:00,AWS-DEL-011,22.3,989.6,44.0,False,drift,low,34.4,23.24,985.78,54.29,WARNING,replay
2025-03-17T23:00:00,AWS-DEL-011,21.2,989.1,47.0,False,drift,low,34.3,23.22,985.92,53.92,OFFLINE,replay
2025-03-18T00:00:00,AWS-DEL-011,20.2,988.7,51.0,False,drift,low,35.4,23.22,985.92,53.92,OFFLINE,replay
2025-03-18T01:00:00,AWS-DEL-011,19.7,988.5,52.0,False,drift,low,35.8,23.22,985.92,53.92,OFFLINE,replay
2025-03-18T02:00:00,AWS-DEL-011,18.7,987.6,55.0,False,drift,low,37.8,23.22,985.92,53.92,OFFLINE,replay
2025-03-18T03:00:00,AWS-DEL-011,18.1,987.0,57.0,False,drift,low,42.1,23.22,985.92,53.92,OFFLINE,replay
2025-03-18T04:00:00,AWS-DEL-011,17.6,986.9,59.0,False,drift,low,42.3,23.22,985.92,53.92,OFFLINE,replay
2025-03-18T05:00:00,AWS-DEL-011,17.1,986.9,60.0,False,,low,10.3,23.22,985.92,53.92,OFFLINE,replay
2025-03-18T06:00:00,AWS-DEL-011,17.6,987.8,73.0,True,drift,high,78.5,23.22,985.92,53.92,OFFLINE,replay
2025-03-18T07:00:00,AWS-DEL-011,18.6,988.8,68.0,False,,low,34.8,23.22,985.92,53.92,OFFLINE,replay
2025-03-18T08:00:00,AWS-DEL-011,20.8,989.3,59.0,False,,low,7.8,23.22,985.92,53.92,OFFLINE,replay
2025-03-18T09:00:00,AWS-DEL-011,23.5,989.8,47.0,False,drift,low,34.9,23.22,985.92,53.92,OFFLINE,replay
2025-03-18T10:00:00,AWS-DEL-011,26.2,989.9,35.0,False,,low,2.7,23.22,985.92,53.92,OFFLINE,replay
2025-03-18T11:00:00,AWS-DEL-011,27.8,989.3,29.0,False,,low,8.2,23.22,985.92,53.92,OFFLINE,replay
2025-03-18T12:00:00,AWS-DEL-011,28.9,988.5,26.0,False,,low,20.7,23.22,985.92,53.92,WARNING,replay
2025-03-18T13:00:00,AWS-DEL-011,29.6,987.7,24.0,False,,low,4.0,23.35,986.04,53.17,WARNING,replay
2025-03-18T14:00:00,AWS-DEL-011,29.9,986.9,23.0,False,,low,4.9,23.5,986.14,52.31,WARNING,replay
2025-03-18T15:00:00,AWS-DEL-011,29.7,986.5,23.0,False,,low,1.9,23.67,986.24,51.46,WARNING,replay
2025-03-18T16:00:00,AWS-DEL-011,29.0,986.4,25.0,False,,low,1.6,23.85,986.32,50.56,WARNING,replay
2025-03-18T17:00:00,AWS-DEL-011,27.9,986.4,28.0,False,,low,1.2,24.03,986.42,49.67,WARNING,replay
2025-03-18T18:00:00,AWS-DEL-011,26.8,987.2,33.0,False,,low,1.3,24.2,986.51,48.77,WARNING,replay
2025-03-18T19:00:00,AWS-DEL-011,25.5,987.6,39.0,False,drift,low,34.6,24.36,986.6,47.9,WARNING,replay
2025-03-18T20:00:00,AWS-DEL-011,24.3,987.8,43.0,False,drift,low,34.4,24.49,986.68,46.98,WARNING,replay
2025-03-18T21:00:00,AWS-DEL-011,23.4,988.2,44.0,False,drift,low,34.1,24.57,986.75,46.23,WARNING,replay
2025-03-18T22:00:00,AWS-DEL-011,22.6,988.2,44.0,False,,low,0.1,24.57,986.8,45.69,WARNING,replay
2025-03-18T23:00:00,AWS-DEL-011,22.3,988.3,43.0,False,,low,0.2,24.49,986.83,45.46,WARNING,replay
2025-03-19T00:00:00,AWS-DEL-011,22.1,988.2,42.0,False,,low,0.2,24.35,986.86,45.44,WARNING,replay
2025-03-19T01:00:00,AWS-DEL-011,21.0,988.1,46.0,False,,low,0.2,24.26,986.93,45.44,WARNING,replay
2025-03-19T02:00:00,AWS-DEL-011,19.7,987.4,52.0,False,,low,0.4,24.25,987.0,45.06,WARNING,replay
2025-03-19T03:00:00,AWS-DEL-011,18.9,987.0,55.0,False,,low,0.4,24.22,987.06,44.77,WARNING,replay
2025-03-19T04:00:00,AWS-DEL-011,18.3,986.9,58.0,False,drift,low,34.4,24.2,987.13,44.54,OFFLINE,replay
2025-03-19T05:00:00,AWS-DEL-011,17.8,987.0,61.0,False,drift,low,34.7,24.2,987.13,44.54,OFFLINE,replay
2025-03-19T06:00:00,AWS-DEL-011,17.7,987.7,68.0,False,drift,low,47.5,24.2,987.13,44.54,OFFLINE,replay
2025-03-19T07:00:00,AWS-DEL-011,19.0,988.7,63.0,False,,low,7.7,24.2,987.13,44.54,OFFLINE,replay
2025-03-19T08:00:00,AWS-DEL-011,22.1,989.3,51.0,False,,low,3.0,24.2,987.13,44.54,OFFLINE,replay
2025-03-19T09:00:00,AWS-DEL-011,25.7,990.2,39.0,False,,low,12.2,24.2,987.13,44.54,HEALTHY,replay
2025-03-19T10:00:00,AWS-DEL-011,28.4,990.5,28.0,False,,low,13.0,24.32,987.26,43.98,WARNING,replay
2025-03-19T11:00:00,AWS-DEL-011,30.2,990.2,22.0,False,,low,17.8,24.5,987.4,43.21,WARNING,replay
2025-03-19T12:00:00,AWS-DEL-011,31.5,989.8,19.0,False,drift,low,38.5,24.73,987.51,42.29,OFFLINE,replay
2025-03-19T13:00:00,AWS-DEL-011,32.1,988.8,18.0,False,drift,low,41.1,24.73,987.51,42.29,OFFLINE,replay
2025-03-19T14:00:00,AWS-DEL-011,32.3,988.1,17.0,False,drift,low,47.6,24.73,987.51,42.29,OFFLINE,replay
2025-03-19T15:00:00,AWS-DEL-011,31.8,987.7,18.0,False,,low,9.3,24.73,987.51,42.29,OFFLINE,replay
2025-03-19T16:00:00,AWS-DEL-011,30.8,987.6,22.0,False,,low,4.3,24.73,987.51,42.29,OFFLINE,replay
2025-03-19T17:00:00,AWS-DEL-011,29.6,987.8,26.0,False,,low,3.7,24.73,987.51,42.29,HEALTHY,replay
2025-03-19T18:00:00,AWS-DEL-011,28.9,988.3,23.0,False,,low,2.0,24.95,987.55,41.35,WARNING,replay
2025-03-19T19:00:00,AWS-DEL-011,27.5,989.1,29.0,False,,low,1.5,25.15,987.58,40.42,WARNING,replay
2025-03-19T20:00:00,AWS-DEL-011,25.9,989.4,34.0,False,,low,1.7,25.29,987.62,39.71,WARNING,replay
2025-03-19T21:00:00,AWS-DEL-011,24.9,990.1,36.0,False,,low,0.5,25.35,987.65,39.27,WARNING,replay
2025-03-19T22:00:00,AWS-DEL-011,24.6,990.2,35.0,False,,low,0.3,25.34,987.7,39.06,WARNING,replay
2025-03-19T23:00:00,AWS-DEL-011,24.0,990.4,35.0,False,,low,0.2,25.28,987.76,38.92,WARNING,replay
2025-03-20T00:00:00,AWS-DEL-011,23.1,990.1,37.0,False,,low,0.2,25.18,987.84,38.81,WARNING,replay
2025-03-20T01:00:00,AWS-DEL-011,22.3,989.9,38.0,False,,low,0.2,25.06,987.96,38.79,WARNING,replay
2025-03-20T02:00:00,AWS-DEL-011,21.0,989.4,41.0,False,,low,0.3,25.04,988.01,38.29,WARNING,replay
2025-03-20T03:00:00,AWS-DEL-011,20.2,988.9,44.0,False,drift,low,34.3,25.01,988.05,37.83,WARNING,replay
2025-03-20T04:00:00,AWS-DEL-011,19.6,988.7,45.0,False,drift,low,34.6,24.98,988.09,37.42,WARNING,replay
2025-03-20T05:00:00,AWS-DEL-011,19.1,989.0,46.0,False,drift,low,34.7,24.96,988.11,36.98,WARNING,replay
2025-03-20T06:00:00,AWS-DEL-011,20.6,989.8,62.0,True,drift,high,73.5,24.94,988.16,36.54,OFFLINE,replay
2025-03-20T07:00:00,AWS-DEL-011,21.6,990.7,55.0,False,,low,36.1,24.94,988.16,36.54,OFFLINE,replay
2025-03-20T08:00:00,AWS-DEL-011,24.0,991.5,47.0,False,,low,29.2,24.94,988.16,36.54,OFFLINE,replay
2025-03-20T09:00:00,AWS-DEL-011,27.5,992.0,35.0,False,,low,19.0,24.94,988.16,36.54,HEALTHY,replay
2025-03-20T10:00:00,AWS-DEL-011,30.3,992.4,22.0,False,,low,39.8,25.1,988.26,35.81,OFFLINE,replay
2025-03-20T11:00:00,AWS-DEL-011,31.8,992.1,17.0,True,statistical_anomaly,low,52.9,25.1,988.26,35.81,OFFLINE,replay
2025-03-20T12:00:00,AWS-DEL-011,32.9,991.2,15.0,True,statistical_anomaly,medium,57.7,25.1,988.26,35.81,OFFLINE,replay
2025-03-20T13:00:00,AWS-DEL-011,33.0,990.1,14.0,True,statistical_anomaly,medium,58.1,25.1,988.26,35.81,HEALTHY,replay
2025-03-20T14:00:00,AWS-DEL-011,32.6,989.3,15.0,True,statistical_anomaly,medium,57.7,25.1,988.26,35.81,WARNING,replay
2025-03-20T15:00:00,AWS-DEL-011,32.1,988.5,17.0,True,statistical_anomaly,low,54.5,25.1,988.26,35.81,WARNING,replay
2025-03-20T16:00:00,AWS-DEL-011,31.4,988.1,18.0,True,statistical_anomaly,low,53.1,25.1,988.26,35.81,WARNING,replay
2025-03-20T17:00:00,AWS-DEL-011,30.1,988.1,21.0,False,,low,48.1,25.1,988.26,35.81,WARNING,replay
2025-03-20T18:00:00,AWS-DEL-011,29.1,988.3,19.0,False,,low,16.7,25.25,988.24,35.06,WARNING,replay
2025-03-20T19:00:00,AWS-DEL-011,27.3,988.6,23.0,False,,low,5.5,25.25,988.29,34.96,WARNING,replay
2025-03-20T20:00:00,AWS-DEL-011,26.4,989.5,29.0,False,,low,1.6,25.22,988.36,34.92,WARNING,replay
2025-03-20T21:00:00,AWS-DEL-011,25.2,990.2,39.0,False,drift,low,37.4,25.2,988.44,34.94,WARNING,replay
2025-03-20T22:00:00,AWS-DEL-011,24.6,990.3,41.0,False,drift,low,34.4,25.17,988.54,35.12,WARNING,replay
2025-03-20T23:00:00,AWS-DEL-011,23.6,990.5,37.0,False,drift,low,34.5,25.16,988.62,35.25,WARNING,replay
2025-03-21T00:00:00,AWS-DEL-011,22.7,990.0,35.0,False,drift,low,34.3,25.15,988.69,35.23,OFFLINE,replay
2025-03-21T01:00:00,AWS-DEL-011,21.8,989.6,36.0,False,drift,low,34.8,25.15,988.69,35.23,OFFLINE,replay
2025-03-21T02:00:00,AWS-DEL-011,21.3,989.1,37.0,False,,low,1.0,25.15,988.69,35.23,OFFLINE,replay
2025-03-21T03:00:00,AWS-DEL-011,20.6,988.5,39.0,False,,low,1.8,25.15,988.69,35.23,OFFLINE,replay
2025-03-21T04:00:00,AWS-DEL-011,20.2,988.5,40.0,False,,low,2.2,25.15,988.69,35.23,HEALTHY,replay
2025-03-21T05:00:00,AWS-DEL-011,19.9,988.7,41.0,False,,low,0.4,25.08,988.72,35.23,OFFLINE,replay
2025-03-21T06:00:00,AWS-DEL-011,19.4,989.7,60.0,False,,low,19.7,25.08,988.72,35.23,OFFLINE,replay
2025-03-21T07:00:00,AWS-DEL-011,20.4,990.3,57.0,False,,low,34.6,25.08,988.72,35.23,OFFLINE,replay
2025-03-21T08:00:00,AWS-DEL-011,22.5,991.2,50.0,False,,low,20.1,25.08,988.72,35.23,HEALTHY,replay
2025-03-21T09:00:00,AWS-DEL-011,25.1,992.0,42.0,False,,low,0.6,24.96,988.78,35.69,WARNING,replay
2025-03-21T10:00:00,AWS-DEL-011,27.7,992.1,34.0,False,,low,1.4,24.94,988.89,35.9,WARNING,replay
2025-03-21T11:00:00,AWS-DEL-011,30.0,991.7,24.0,False,,low,5.4,24.98,988.98,35.92,WARNING,replay
2025-03-21T12:00:00,AWS-DEL-011,31.5,990.8,18.0,False,drift,low,41.2,25.09,989.04,35.62,WARNING,replay
2025-03-21T13:00:00,AWS-DEL-011,31.9,989.7,16.0,False,drift,low,39.7,25.26,989.07,35.15,WARNING,replay
2025-03-21T14:00:00,AWS-DEL-011,32.0,988.5,15.0,False,drift,low,39.2,25.45,989.08,34.58,WARNING,replay
2025-03-21T15:00:00,AWS-DEL-011,31.6,987.8,15.0,False,,low,2.8,25.65,989.05,33.98,WARNING,replay
2025-03-21T16:00:00,AWS-DEL-011,30.9,987.3,17.0,False,,low,6.4,25.71,989.04,33.75,WARNING,replay
2025-03-21T17:00:00,AWS-DEL-011,29.7,987.1,20.0,False,,low,5.4,25.74,989.03,33.6,WARNING,replay
2025-03-21T18:00:00,AWS-DEL-011,28.4,988.0,23.0,False,,low,3.8,25.73,989.04,33.54,WARNING,replay
2025-03-21T19:00:00,AWS-DEL-011,26.9,988.5,27.0,False,drift,low,35.6,25.7,989.07,33.54,OFFLINE,replay
2025-03-21T20:00:00,AWS-DEL-011,25.7,988.9,30.0,False,drift,low,36.8,25.7,989.07,33.54,OFFLINE,replay
2025-03-21T21:00:00,AWS-DEL-011,24.6,989.1,32.0,False,drift,low,36.8,25.7,989.07,33.54,OFFLINE,replay
2025-03-21T22:00:00,AWS-DEL-011,23.5,989.0,33.0,False,drift,low,38.2,25.7,989.07,33.54,OFFLINE,replay
2025-03-21T23:00:00,AWS-DEL-011,22.8,988.8,34.0,False,drift,low,38.6,25.7,989.07,33.54,OFFLINE,replay
2025-03-22T00:00:00,AWS-DEL-011,21.7,988.1,36.0,False,drift,low,38.7,25.7,989.07,33.54,OFFLINE,replay
2025-03-22T01:00:00,AWS-DEL-011,21.0,987.5,37.0,False,drift,low,38.6,25.7,989.07,33.54,OFFLINE,replay
2025-03-22T02:00:00,AWS-DEL-011,20.6,986.6,39.0,True,drift,low,50.4,25.7,989.07,33.54,OFFLINE,replay
2025-03-22T03:00:00,AWS-DEL-011,20.1,986.4,38.0,False,drift,low,46.1,25.7,989.07,33.54,OFFLINE,replay
2025-03-22T04:00:00,AWS-DEL-011,18.6,986.3,44.0,False,,low,34.0,25.7,989.07,33.54,OFFLINE,replay
2025-03-22T05:00:00,AWS-DEL-011,18.0,986.5,46.0,False,,low,38.4,25.7,989.07,33.54,OFFLINE,replay
2025-03-22T06:00:00,AWS-DEL-011,19.4,987.7,52.0,True,drift,high,81.8,25.7,989.07,33.54,OFFLINE,replay
2025-03-22T07:00:00,AWS-DEL-011,20.7,988.4,48.0,False,,low,40.4,25.7,989.07,33.54,OFFLINE,replay
2025-03-22T08:00:00,AWS-DEL-011,23.1,989.4,41.0,True,drift,medium,64.7,25.7,989.07,33.54,OFFLINE,replay
2025-03-22T09:00:00,AWS-DEL-011,26.2,990.4,33.0,False,drift,low,43.2,25.7,989.07,33.54,OFFLINE,replay
2025-03-22T10:00:00,AWS-DEL-011,28.9,990.1,27.0,False,drift,low,48.3,25.7,989.07,33.54,OFFLINE,replay
2025-03-22T11:00:00,AWS-DEL-011,30.5,989.8,23.0,False,,low,14.4,25.7,989.07,33.54,OFFLINE,replay
2025-03-22T12:00:00,AWS-DEL-011,31.3,989.0,20.0,False,,low,11.7,25.7,989.07,33.54,OFFLINE,replay
2025-03-22T13:00:00,AWS-DEL-011,30.8,988.5,20.0,False,,low,8.8,25.7,989.07,33.54,HEALTHY,replay
2025-03-22T14:00:00,AWS-DEL-011,31.2,987.7,19.0,False,,low,4.2,25.74,989.11,33.44,OFFLINE,replay
2025-03-22T15:00:00,AWS-DEL-011,31.2,987.4,19.0,False,,low,4.8,25.74,989.11,33.44,OFFLINE,replay
2025-03-22T16:00:00,AWS-DEL-011,30.9,987.3,19.0,False,,low,8.0,25.74,989.11,33.44,OFFLINE,replay
2025-03-22T17:00:00,AWS-DEL-011,29.6,987.2,20.0,False,,low,5.8,25.74,989.11,33.44,HEALTHY,replay
2025-03-22T18:00:00,AWS-DEL-011,28.5,987.8,22.0,False,,low,2.4,25.78,989.13,33.27,WARNING,replay
2025-03-22T19:00:00,AWS-DEL-011,26.9,988.4,27.0,False,,low,1.9,25.81,989.14,33.04,WARNING,replay
2025-03-22T20:00:00,AWS-DEL-011,25.4,988.9,34.0,False,,low,1.4,25.84,989.16,32.79,WARNING,replay
2025-03-22T21:00:00,AWS-DEL-011,24.5,989.2,39.0,False,drift,low,34.5,25.86,989.18,32.6,WARNING,replay
2025-03-22T22:00:00,AWS-DEL-011,23.6,989.2,40.0,False,drift,low,34.3,25.89,989.2,32.5,WARNING,replay
2025-03-22T23:00:00,AWS-DEL-011,22.9,989.1,43.0,False,drift,low,34.2,25.91,989.22,32.42,WARNING,replay
2025-03-23T00:00:00,AWS-DEL-011,22.3,988.9,44.0,False,drift,low,34.1,25.92,989.24,32.42,OFFLINE,replay
2025-03-23T01:00:00,AWS-DEL-011,21.5,988.6,46.0,False,drift,low,34.3,25.92,989.24,32.42,OFFLINE,replay
2025-03-23T02:00:00,AWS-DEL-011,20.5,988.1,49.0,False,drift,low,35.8,25.92,989.24,32.42,OFFLINE,replay
2025-03-23T03:00:00,AWS-DEL-011,19.8,988.0,51.0,False,drift,low,36.8,25.92,989.24,32.42,OFFLINE,replay
2025-03-23T04:00:00,AWS-DEL-011,18.9,988.3,53.0,False,drift,low,37.5,25.92,989.24,32.42,OFFLINE,replay
2025-03-23T05:00:00,AWS-DEL-011,18.5,988.5,54.0,False,,low,3.6,25.92,989.24,32.42,OFFLINE,replay
2025-03-23T06:00:00,AWS-DEL-011,18.6,989.4,62.0,False,drift,low,49.3,25.92,989.24,32.42,OFFLINE,replay
2025-03-23T07:00:00,AWS-DEL-011,20.8,990.4,52.0,False,,low,3.0,25.92,989.24,32.42,OFFLINE,replay
2025-03-23T08:00:00,AWS-DEL-011,24.1,991.6,41.0,False,,low,0.8,25.92,989.24,32.42,OFFLINE,replay
2025-03-23T09:00:00,AWS-DEL-011,27.3,992.3,31.0,False,,low,7.3,25.92,989.24,32.42,HEALTHY,replay
2025-03-23T10:00:00,AWS-DEL-011,29.3,992.3,25.0,False,,low,2.6,26.03,989.32,32.19,OFFLINE,replay
2025-03-23T11:00:00,AWS-DEL-011,30.4,992.0,23.0,False,,low,6.6,26.03,989.32,32.19,OFFLINE,replay
2025-03-23T12:00:00,AWS-DEL-011,31.3,991.3,21.0,False,,low,18.3,26.03,989.32,32.19,OFFLINE,replay
2025-03-23T13:00:00,AWS-DEL-011,32.1,990.3,19.0,False,,low,31.2,26.03,989.32,32.19,HEALTHY,replay
2025-03-23T14:00:00,AWS-DEL-011,32.6,989.5,18.0,False,,low,6.1,26.26,989.37,31.62,WARNING,replay
2025-03-23T15:00:00,AWS-DEL-011,32.7,988.8,17.0,False,,low,3.4,26.53,989.41,30.92,WARNING,replay
2025-03-23T16:00:00,AWS-DEL-011,32.3,988.7,17.0,False,,low,1.7,26.82,989.45,30.12,WARNING,replay
2025-03-23T17:00:00,AWS-DEL-011,31.1,988.6,17.0,False,,low,2.2,26.95,989.42,29.67,WARNING,replay
2025-03-23T18:00:00,AWS-DEL-011,29.7,989.5,21.0,False,,low,2.4,27.01,989.38,29.44,WARNING,replay
2025-03-23T19:00:00,AWS-DEL-011,28.3,989.9,23.0,False,,low,0.7,27.0,989.36,29.42,WARNING,replay
2025-03-23T20:00:00,AWS-DEL-011,27.0,990.0,27.0,False,,low,0.5,26.97,989.41,29.35,WARNING,replay
2025-03-23T21:00:00,AWS-DEL-011,25.8,990.1,30.0,False,drift,low,34.2,26.93,989.44,29.44,WARNING,replay
2025-03-23T22:00:00,AWS-DEL-011,25.2,990.2,32.0,False,drift,low,34.2,26.9,989.46,29.46,WARNING,replay
2025-03-23T23:00:00,AWS-DEL-011,24.1,989.9,37.0,False,drift,low,34.2,26.88,989.48,29.42,WARNING,replay
2025-03-24T00:00:00,AWS-DEL-011,23.3,989.3,39.0,False,drift,low,34.2,26.87,989.48,29.44,OFFLINE,replay
2025-03-24T01:00:00,AWS-DEL-011,22.5,989.0,42.0,False,drift,low,35.1,26.87,989.48,29.44,OFFLINE,replay
2025-03-24T02:00:00,AWS-DEL-011,22.2,988.1,42.0,False,drift,low,36.6,26.87,989.48,29.44,OFFLINE,replay
2025-03-24T03:00:00,AWS-DEL-011,22.2,987.8,43.0,False,drift,low,37.0,26.87,989.48,29.44,OFFLINE,replay
2025-03-24T04:00:00,AWS-DEL-011,21.5,987.8,44.0,False,drift,low,38.8,26.87,989.48,29.44,OFFLINE,replay
2025-03-24T05:00:00,AWS-DEL-011,20.0,988.2,49.0,False,,low,8.9,26.87,989.48,29.44,OFFLINE,replay
2025-03-24T06:00:00,AWS-DEL-011,20.1,989.9,55.0,True,drift,medium,70.0,26.87,989.48,29.44,OFFLINE,replay
2025-03-24T07:00:00,AWS-DEL-011,21.1,990.7,52.0,False,,low,27.5,26.87,989.48,29.44,OFFLINE,replay
2025-03-24T08:00:00,AWS-DEL-011,24.0,991.7,43.0,False,,low,2.8,26.87,989.48,29.44,OFFLINE,replay
2025-03-24T09:00:00,AWS-DEL-011,27.5,992.1,34.0,False,,low,5.5,26.87,989.48,29.44,HEALTHY,replay
2025-03-24T10:00:00,AWS-DEL-011,30.1,992.1,26.0,False,,low,2.1,26.93,989.52,29.42,OFFLINE,replay
2025-03-24T11:00:00,AWS-DEL-011,31.6,991.8,21.0,False,,low,16.2,26.93,989.52,29.42,OFFLINE,replay
2025-03-24T12:00:00,AWS-DEL-011,32.7,990.7,19.0,False,,low,29.8,26.93,989.52,29.42,OFFLINE,replay
2025-03-24T13:00:00,AWS-DEL-011,33.5,989.4,17.0,False,,low,38.8,26.93,989.52,29.42,HEALTHY,replay
2025-03-24T14:00:00,AWS-DEL-011,33.9,988.2,16.0,False,,low,7.8,27.12,989.5,29.04,WARNING,replay
2025-03-24T15:00:00,AWS-DEL-011,33.9,987.8,16.0,False,,low,7.3,27.35,989.46,28.6,WARNING,replay
2025-03-24T16:00:00,AWS-DEL-011,33.5,987.3,16.0,False,,low,1.6,27.59,989.41,28.15,WARNING,replay
2025-03-24T17:00:00,AWS-DEL-011,32.7,987.3,17.0,False,,low,2.3,27.85,989.37,27.62,WARNING,replay
2025-03-24T18:00:00,AWS-DEL-011,31.1,987.2,19.0,False,,low,1.7,28.11,989.34,27.06,WARNING,replay
2025-03-24T19:00:00,AWS-DEL-011,29.4,987.6,21.0,False,,low,1.3,28.35,989.3,26.52,WARNING,replay
2025-03-24T20:00:00,AWS-DEL-011,28.3,988.5,26.0,False,drift,low,35.1,28.57,989.27,26.0,WARNING,replay
2025-03-24T21:00:00,AWS-DEL-011,27.3,988.9,30.0,False,drift,low,34.3,28.58,989.2,25.81,WARNING,replay
2025-03-24T22:00:00,AWS-DEL-011,26.4,988.8,34.0,False,drift,low,34.3,28.53,989.22,26.0,WARNING,replay
2025-03-24T23:00:00,AWS-DEL-011,25.0,988.2,39.0,False,drift,low,34.9,28.47,989.23,26.31,OFFLINE,replay
2025-03-25T00:00:00,AWS-DEL-011,24.2,987.3,41.0,False,drift,low,38.4,28.47,989.23,26.31,OFFLINE,replay
2025-03-25T01:00:00,AWS-DEL-011,23.5,986.8,43.0,False,drift,low,40.3,28.47,989.23,26.31,OFFLINE,replay
2025-03-25T02:00:00,AWS-DEL-011,22.6,986.0,47.0,True,drift,medium,59.5,28.47,989.23,26.31,OFFLINE,replay
2025-03-25T03:00:00,AWS-DEL-011,21.8,985.5,51.0,True,statistical_anomaly,low,51.8,28.47,989.23,26.31,OFFLINE,replay
2025-03-25T04:00:00,AWS-DEL-011,21.2,985.3,53.0,False,,low,49.1,28.47,989.23,26.31,OFFLINE,replay
2025-03-25T05:00:00,AWS-DEL-011,20.9,985.2,53.0,False,,low,48.1,28.47,989.23,26.31,HEALTHY,replay
2025-03-25T06:00:00,AWS-DEL-011,21.0,986.1,55.0,False,,low,6.8,28.34,989.16,26.94,OFFLINE,replay
2025-03-25T07:00:00,AWS-DEL-011,22.2,986.7,49.0,False,,low,10.5,28.34,989.16,26.94,OFFLINE,replay
2025-03-25T08:00:00,AWS-DEL-011,25.2,987.5,41.0,False,,low,8.4,28.34,989.16,26.94,OFFLINE,replay
2025-03-25T09:00:00,AWS-DEL-011,29.0,988.1,30.0,False,,low,9.2,28.34,989.16,26.94,HEALTHY,replay
2025-03-25T10:00:00,AWS-DEL-011,31.8,987.9,22.0,False,,low,8.4,28.39,989.13,26.96,WARNING,replay
2025-03-25T11:00:00,AWS-DEL-011,33.6,987.0,19.0,False,,low,13.1,28.53,989.08,26.6,WARNING,replay
2025-03-25T12:00:00,AWS-DEL-011,34.9,986.2,17.0,False,drift,low,44.5,28.71,989.01,26.15,WARNING,replay
2025-03-25T13:00:00,AWS-DEL-011,35.8,985.0,15.0,True,drift,medium,61.9,28.95,988.92,25.73,WARNING,replay
2025-03-25T14:00:00,AWS-DEL-011,36.4,983.8,14.0,True,drift,high,87.3,28.95,988.92,25.73,WARNING,replay
2025-03-25T15:00:00,AWS-DEL-011,36.4,983.0,13.0,True,statistical_anomaly,medium,56.4,28.95,988.92,25.73,WARNING,replay
2025-03-25T16:00:00,AWS-DEL-011,35.9,982.6,12.0,True,statistical_anomaly,medium,56.8,28.95,988.92,25.73,WARNING,replay
2025-03-25T17:00:00,AWS-DEL-011,35.2,982.5,12.0,True,statistical_anomaly,medium,56.9,28.95,988.92,25.73,WARNING,replay
2025-03-25T18:00:00,AWS-DEL-011,33.1,983.0,16.0,False,,low,37.9,28.95,988.92,25.73,WARNING,replay
2025-03-25T19:00:00,AWS-DEL-011,31.3,983.4,23.0,False,,low,41.3,29.22,988.81,25.23,WARNING,replay
2025-03-25T20:00:00,AWS-DEL-011,29.9,983.9,26.0,False,,low,19.4,29.4,988.65,24.67,WARNING,replay
2025-03-25T21:00:00,AWS-DEL-011,28.8,984.3,31.0,False,,low,13.2,29.5,988.48,24.33,WARNING,replay
2025-03-25T22:00:00,AWS-DEL-011,27.2,984.0,37.0,False,drift,low,42.4,29.53,988.31,24.27,WARNING,replay
2025-03-25T23:00:00,AWS-DEL-011,26.5,983.4,39.0,False,drift,low,37.6,29.47,988.15,24.54,WARNING,replay
2025-03-26T00:00:00,AWS-DEL-011,25.1,982.8,43.0,False,drift,low,39.9,29.36,988.0,24.98,WARNING,replay
2025-03-26T01:00:00,AWS-DEL-011,24.1,982.2,45.0,False,drift,low,40.9,29.22,987.86,25.54,OFFLINE,replay
2025-03-26T02:00:00,AWS-DEL-011,23.6,981.5,45.0,True,drift,medium,58.3,29.22,987.86,25.54,OFFLINE,replay
2025-03-26T03:00:00,AWS-DEL-011,22.7,981.1,47.0,True,drift,medium,69.8,29.22,987.86,25.54,OFFLINE,replay
2025-03-26T04:00:00,AWS-DEL-011,22.6,981.2,48.0,True,drift,medium,66.8,29.22,987.86,25.54,OFFLINE,replay
2025-03-26T05:00:00,AWS-DEL-011,22.3,981.4,49.0,True,drift,medium,67.2,29.22,987.86,25.54,OFFLINE,replay
2025-03-26T06:00:00,AWS-DEL-011,21.8,982.0,56.0,True,drift,high,75.5,29.22,987.86,25.54,OFFLINE,replay
2025-03-26T07:00:00,AWS-DEL-011,23.4,982.9,50.0,False,,low,11.3,29.22,987.86,25.54,OFFLINE,replay
2025-03-26T08:00:00,AWS-DEL-011,27.6,984.0,38.0,False,,low,9.1,29.22,987.86,25.54,OFFLINE,replay
2025-03-26T09:00:00,AWS-DEL-011,31.2,984.9,29.0,False,,low,36.4,29.22,987.86,25.54,HEALTHY,replay
2025-03-26T10:00:00,AWS-DEL-011,34.0,984.9,20.0,False,,low,30.3,29.2,987.78,25.83,OFFLINE,replay
2025-03-26T11:00:00,AWS-DEL-011,35.7,984.7,16.0,True,statistical_anomaly,low,55.0,29.2,987.78,25.83,OFFLINE,replay
2025-03-26T12:00:00,AWS-DEL-011,36.8,983.9,14.0,True,statistical_anomaly,medium,56.3,29.2,987.78,25.83,OFFLINE,replay
2025-03-26T13:00:00,AWS-DEL-011,37.6,982.7,12.0,True,statistical_anomaly,medium,59.2,29.2,987.78,25.83,HEALTHY,replay
2025-03-26T14:00:00,AWS-DEL-011,37.9,981.6,12.0,True,statistical_anomaly,medium,59.7,29.2,987.78,25.83,WARNING,replay
2025-03-26T15:00:00,AWS-DEL-011,37.8,980.9,11.0,True,statistical_anomaly,medium,59.8,29.2,987.78,25.83,WARNING,replay
2025-03-26T16:00:00,AWS-DEL-011,37.0,980.7,11.0,True,statistical_anomaly,medium,59.8,29.2,987.78,25.83,WARNING,replay
2025-03-26T17:00:00,AWS-DEL-011,36.0,980.7,13.0,True,statistical_anomaly,medium,59.5,29.2,987.78,25.83,WARNING,replay
2025-03-26T18:00:00,AWS-DEL-011,34.2,980.8,16.0,True,statistical_anomaly,medium,58.7,29.2,987.78,25.83,WARNING,replay
2025-03-26T19:00:00,AWS-DEL-011,32.8,981.3,16.0,True,statistical_anomaly,medium,57.6,29.2,987.78,25.83,WARNING,replay
2025-03-26T20:00:00,AWS-DEL-011,31.3,982.1,18.0,True,statistical_anomaly,medium,55.2,29.2,987.78,25.83,WARNING,replay
2025-03-26T21:00:00,AWS-DEL-011,30.2,982.8,24.0,False,,low,31.8,29.2,987.78,25.83,WARNING,replay
2025-03-26T22:00:00,AWS-DEL-011,28.5,982.7,29.0,False,,low,8.5,29.17,987.68,26.02,WARNING,replay
2025-03-26T23:00:00,AWS-DEL-011,27.2,982.4,32.0,False,,low,2.9,29.12,987.58,26.27,WARNING,replay
2025-03-27T00:00:00,AWS-DEL-011,26.5,982.3,34.0,False,,low,3.1,29.07,987.48,26.52,WARNING,replay
2025-03-27T01:00:00,AWS-DEL-011,26.0,981.9,35.0,False,drift,low,37.6,29.03,987.36,26.75,WARNING,replay
2025-03-27T02:00:00,AWS-DEL-011,25.6,981.2,36.0,False,drift,low,37.0,28.93,987.23,27.06,WARNING,replay
2025-03-27T03:00:00,AWS-DEL-011,25.2,981.0,37.0,False,drift,low,37.1,28.85,987.1,27.4,WARNING,replay
2025-03-27T04:00:00,AWS-DEL-011,25.0,981.0,36.0,False,,low,2.9,28.78,986.96,27.71,WARNING,replay
2025-03-27T05:00:00,AWS-DEL-011,24.2,981.5,37.0,False,,low,3.1,28.74,986.81,27.9,WARNING,replay
2025-03-27T06:00:00,AWS-DEL-011,24.1,982.4,41.0,False,,low,4.1,28.72,986.65,27.96,HEALTHY,replay
2025-03-27T07:00:00,AWS-DEL-011,24.7,983.0,39.0,False,,low,1.8,28.71,986.51,28.0,HEALTHY,replay
2025-03-27T08:00:00,AWS-DEL-011,27.2,983.9,33.0,False,,low,3.7,28.73,986.38,27.98,HEALTHY,replay
2025-03-27T09:00:00,AWS-DEL-011,30.4,984.5,27.0,False,,low,9.8,28.82,986.27,27.77,HEALTHY,replay
2025-03-27T10:00:00,AWS-DEL-011,32.6,984.7,23.0,False,drift,low,44.3,28.89,986.11,27.69,OFFLINE,replay
2025-03-27T11:00:00,AWS-DEL-011,34.3,984.5,21.0,True,drift,low,53.1,28.89,986.11,27.69,OFFLINE,replay
2025-03-27T12:00:00,AWS-DEL-011,35.6,983.7,19.0,True,drift,high,73.5,28.89,986.11,27.69,OFFLINE,replay
2025-03-27T13:00:00,AWS-DEL-011,36.2,982.9,17.0,True,drift,high,85.3,28.89,986.11,27.69,OFFLINE,replay
2025-03-27T14:00:00,AWS-DEL-011,36.2,982.0,16.0,True,drift,high,89.1,28.89,986.11,27.69,OFFLINE,replay
2025-03-27T15:00:00,AWS-DEL-011,35.9,981.1,16.0,True,statistical_anomaly,medium,55.7,28.89,986.11,27.69,OFFLINE,replay
2025-03-27T16:00:00,AWS-DEL-011,35.7,980.6,17.0,True,statistical_anomaly,low,54.7,28.89,986.11,27.69,OFFLINE,replay
2025-03-27T17:00:00,AWS-DEL-011,34.9,980.4,18.0,True,drift,high,88.3,28.89,986.11,27.69,OFFLINE,replay
2025-03-27T18:00:00,AWS-DEL-011,33.4,980.4,20.0,False,,low,46.3,28.89,986.11,27.69,OFFLINE,replay
2025-03-27T19:00:00,AWS-DEL-011,31.9,980.8,22.0,False,,low,39.4,28.89,986.11,27.69,OFFLINE,replay
2025-03-27T20:00:00,AWS-DEL-011,30.4,981.2,26.0,False,,low,13.3,28.89,986.11,27.69,HEALTHY,replay
2025-03-27T21:00:00,AWS-DEL-011,29.3,981.6,28.0,False,,low,2.2,28.85,985.92,27.83,OFFLINE,replay
2025-03-27T22:00:00,AWS-DEL-011,29.1,981.7,30.0,False,,low,2.4,28.85,985.92,27.83,OFFLINE,replay
2025-03-27T23:00:00,AWS-DEL-011,28.1,981.9,31.0,False,,low,1.9,28.85,985.92,27.83,OFFLINE,replay
2025-03-28T00:00:00,AWS-DEL-011,26.7,981.9,33.0,False,,low,1.6,28.85,985.92,27.83,HEALTHY,replay
2025-03-28T01:00:00,AWS-DEL-011,25.1,981.6,38.0,False,,low,3.1,28.73,985.76,28.15,WARNING,replay
2025-03-28T02:00:00,AWS-DEL-011,24.0,981.5,44.0,False,,low,3.5,28.57,985.61,28.58,WARNING,replay
2025-03-28T03:00:00,AWS-DEL-011,23.6,981.6,39.0,False,,low,2.9,28.4,985.46,29.15,WARNING,replay
2025-03-28T04:00:00,AWS-DEL-011,22.7,982.4,29.0,False,,low,11.5,28.24,985.32,29.6,WARNING,replay
2025-03-28T05:00:00,AWS-DEL-011,22.0,983.3,31.0,False,,low,1.6,28.09,985.17,29.77,WARNING,replay
2025-03-28T06:00:00,AWS-DEL-011,21.8,984.3,37.0,False,,low,2.8,27.96,985.03,29.94,WARNING,replay
2025-03-28T07:00:00,AWS-DEL-011,22.8,985.2,34.0,False,,low,1.0,27.85,984.91,30.15,WARNING,replay
2025-03-28T08:00:00,AWS-DEL-011,24.6,986.3,30.0,False,,low,1.1,27.79,984.81,30.23,WARNING,replay
2025-03-28T09:00:00,AWS-DEL-011,26.3,987.2,28.0,False,,low,2.2,27.78,984.73,30.19,WARNING,replay
2025-03-28T10:00:00,AWS-DEL-011,27.9,987.4,25.0,False,drift,low,35.3,27.82,984.67,30.0,WARNING,replay
2025-03-28T11:00:00,AWS-DEL-011,29.7,987.1,19.0,False,drift,low,37.7,27.83,984.57,29.81,WARNING,replay
2025-03-28T12:00:00,AWS-DEL-011,30.7,986.6,14.0,False,drift,low,38.2,27.75,984.53,29.85,WARNING,replay
2025-03-28T13:00:00,AWS-DEL-011,31.0,985.9,12.0,False,drift,low,37.4,27.69,984.49,29.81,OFFLINE,replay
2025-03-28T14:00:00,AWS-DEL-011,31.0,984.9,12.0,False,drift,low,41.9,27.69,984.49,29.81,OFFLINE,replay
2025-03-28T15:00:00,AWS-DEL-011,30.5,984.0,12.0,False,,low,8.9,27.69,984.49,29.81,OFFLINE,replay
2025-03-28T16:00:00,AWS-DEL-011,29.8,984.0,12.0,False,,low,9.5,27.69,984.49,29.81,OFFLINE,replay
2025-03-28T17:00:00,AWS-DEL-011,28.7,983.8,13.0,False,,low,7.9,27.69,984.49,29.81,HEALTHY,replay
2025-03-28T18:00:00,AWS-DEL-011,27.7,984.3,19.0,False,,low,3.3,27.58,984.41,29.75,OFFLINE,replay
2025-03-28T19:00:00,AWS-DEL-011,26.3,985.0,23.0,False,,low,10.4,27.58,984.41,29.75,OFFLINE,replay
2025-03-28T20:00:00,AWS-DEL-011,25.2,985.9,24.0,False,,low,14.7,27.58,984.41,29.75,OFFLINE,replay
2025-03-28T21:00:00,AWS-DEL-011,24.0,986.5,22.0,False,,low,9.8,27.58,984.41,29.75,HEALTHY,replay
2025-03-28T22:00:00,AWS-DEL-011,23.0,986.7,20.0,False,,low,2.6,27.38,984.39,29.88,WARNING,replay
2025-03-28T23:00:00,AWS-DEL-011,22.1,986.5,19.0,False,,low,3.1,27.18,984.38,29.94,WARNING,replay
2025-03-29T00:00:00,AWS-DEL-011,21.2,986.4,18.0,False,,low,3.9,26.99,984.37,29.94,WARNING,replay
2025-03-29T01:00:00,AWS-DEL-011,20.3,985.7,18.0,False,,low,4.0,26.82,984.34,29.88,WARNING,replay
2025-03-29T02:00:00,AWS-DEL-011,19.5,985.1,19.0,False,,low,2.3,26.65,984.28,29.71,WARNING,replay
2025-03-29T03:00:00,AWS-DEL-011,18.6,984.8,21.0,False,,low,2.9,26.49,984.2,29.48,WARNING,replay
2025-03-29T04:00:00,AWS-DEL-011,17.9,984.7,23.0,False,,low,3.1,26.33,984.12,29.21,WARNING,replay
2025-03-29T05:00:00,AWS-DEL-011,17.4,984.8,24.0,False,drift,low,36.1,26.27,984.11,28.58,WARNING,replay
2025-03-29T06:00:00,AWS-DEL-011,16.2,985.4,32.0,False,drift,low,39.6,26.02,984.04,28.46,WARNING,replay
2025-03-29T07:00:00,AWS-DEL-011,16.8,986.0,32.0,False,,low,3.7,25.7,983.99,28.67,WARNING,replay
2025-03-29T08:00:00,AWS-DEL-011,18.9,986.6,29.0,False,,low,5.8,25.35,983.97,28.94,WARNING,replay
2025-03-29T09:00:00,AWS-DEL-011,21.4,987.3,26.0,False,,low,4.1,25.02,983.98,29.19,WARNING,replay
2025-03-29T10:00:00,AWS-DEL-011,23.9,987.5,22.0,False,,low,7.5,24.77,984.07,29.4,WARNING,replay
2025-03-29T11:00:00,AWS-DEL-011,25.9,987.0,19.0,False,drift,low,40.5,24.62,984.15,29.38,WARNING,replay
2025-03-29T12:00:00,AWS-DEL-011,27.3,986.2,17.0,False,drift,low,37.9,24.54,984.22,29.23,OFFLINE,replay
2025-03-29T13:00:00,AWS-DEL-011,28.5,985.2,16.0,False,drift,low,43.8,24.54,984.22,29.23,OFFLINE,replay
2025-03-29T14:00:00,AWS-DEL-011,28.8,984.4,17.0,False,drift,low,47.4,24.54,984.22,29.23,OFFLINE,replay
2025-03-29T15:00:00,AWS-DEL-011,28.9,983.8,19.0,False,,low,15.5,24.54,984.22,29.23,OFFLINE,replay
2025-03-29T16:00:00,AWS-DEL-011,28.5,983.3,20.0,False,,low,28.7,24.54,984.22,29.23,OFFLINE,replay
2025-03-29T17:00:00,AWS-DEL-011,27.5,983.2,19.0,False,,low,17.8,24.54,984.22,29.23,HEALTHY,replay
2025-03-29T18:00:00,AWS-DEL-011,26.0,984.1,21.0,False,,low,2.1,24.51,984.19,28.98,OFFLINE,replay
2025-03-29T19:00:00,AWS-DEL-011,25.3,984.6,23.0,False,,low,3.7,24.51,984.19,28.98,OFFLINE,replay
2025-03-29T20:00:00,AWS-DEL-011,24.7,985.3,22.0,False,,low,4.1,24.51,984.19,28.98,OFFLINE,replay
2025-03-29T21:00:00,AWS-DEL-011,24.0,985.9,20.0,False,,low,6.5,24.51,984.19,28.98,HEALTHY,replay
2025-03-29T22:00:00,AWS-DEL-011,23.1,985.9,21.0,False,,low,1.5,24.44,984.23,28.62,WARNING,replay
2025-03-29T23:00:00,AWS-DEL-011,22.6,985.8,21.0,False,,low,1.4,24.37,984.29,28.25,WARNING,replay
2025-03-30T00:00:00,AWS-DEL-011,22.0,985.4,22.0,False,,low,1.2,24.32,984.35,27.79,WARNING,replay
2025-03-30T01:00:00,AWS-DEL-011,21.1,984.9,23.0,False,,low,0.8,24.13,984.36,27.65,WARNING,replay
2025-03-30T02:00:00,AWS-DEL-011,20.2,984.3,25.0,False,,low,0.5,23.94,984.4,27.62,WARNING,replay
2025-03-30T03:00:00,AWS-DEL-011,19.4,984.0,26.0,False,drift,low,34.8,23.76,984.44,27.54,WARNING,replay
2025-03-30T04:00:00,AWS-DEL-011,18.6,984.0,27.0,False,drift,low,34.7,23.6,984.47,27.42,WARNING,replay
2025-03-30T05:00:00,AWS-DEL-011,18.0,984.4,28.0,False,drift,low,34.6,23.44,984.5,27.27,WARNING,replay
2025-03-30T06:00:00,AWS-DEL-011,17.5,985.2,33.0,False,drift,low,36.0,23.27,984.56,27.12,OFFLINE,replay
2025-03-30T07:00:00,AWS-DEL-011,18.7,986.0,31.0,False,,low,5.6,23.27,984.56,27.12,OFFLINE,replay
2025-03-30T08:00:00,AWS-DEL-011,21.1,986.9,28.0,False,,low,8.5,23.27,984.56,27.12,OFFLINE,replay
2025-03-30T09:00:00,AWS-DEL-011,24.1,987.9,23.0,False,,low,28.4,23.27,984.56,27.12,HEALTHY,replay
2025-03-30T10:00:00,AWS-DEL-011,27.0,988.2,18.0,False,,low,9.7,23.24,984.7,26.85,OFFLINE,replay
2025-03-30T11:00:00,AWS-DEL-011,29.1,988.1,14.0,False,,low,28.6,23.24,984.7,26.85,OFFLINE,replay
2025-03-30T12:00:00,AWS-DEL-011,30.4,987.5,13.0,False,,low,40.1,23.24,984.7,26.85,OFFLINE,replay
2025-03-30T13:00:00,AWS-DEL-011,31.1,986.6,14.0,False,,low,39.1,23.24,984.7,26.85,HEALTHY,replay
2025-03-30T14:00:00,AWS-DEL-011,31.5,985.6,14.0,False,,low,13.8,23.36,984.81,26.38,WARNING,replay
2025-03-30T15:00:00,AWS-DEL-011,31.4,985.2,14.0,False,,low,9.2,23.5,984.91,25.92,WARNING,replay
2025-03-30T16:00:00,AWS-DEL-011,30.7,984.8,16.0,False,,low,5.6,23.65,984.99,25.44,WARNING,replay
2025-03-30T17:00:00,AWS-DEL-011,29.7,984.7,17.0,False,,low,4.8,23.79,985.04,24.92,WARNING,replay
2025-03-30T18:00:00,AWS-DEL-011,28.2,985.1,19.0,False,,low,2.9,23.89,985.07,24.46,WARNING,replay
2025-03-30T19:00:00,AWS-DEL-011,27.0,985.5,21.0,False,drift,low,36.1,23.91,985.1,24.17,WARNING,replay
2025-03-30T20:00:00,AWS-DEL-011,25.9,986.2,23.0,False,drift,low,35.5,23.84,985.12,24.04,WARNING,replay
2025-03-30T21:00:00,AWS-DEL-011,25.0,986.8,24.0,False,drift,low,34.7,23.75,985.22,23.98,WARNING,replay
2025-03-30T22:00:00,AWS-DEL-011,24.3,987.0,24.0,False,,low,0.7,23.71,985.32,23.79,WARNING,replay
2025-03-30T23:00:00,AWS-DEL-011,23.7,986.8,24.0,False,,low,0.8,23.69,985.44,23.5,WARNING,replay
2025-03-31T00:00:00,AWS-DEL-011,22.4,986.7,25.0,False,,low,1.2,23.69,985.55,23.08,WARNING,replay
2025-03-31T01:00:00,AWS-DEL-011,21.3,986.1,26.0,False,,low,0.9,23.66,985.65,22.79,WARNING,replay
2025-03-31T02:00:00,AWS-DEL-011,20.6,985.5,27.0,False,,low,1.0,23.63,985.73,22.73,WARNING,replay
2025-03-31T03:00:00,AWS-DEL-011,19.8,985.2,27.0,False,,low,1.8,23.6,985.77,22.65,WARNING,replay
2025-03-31T04:00:00,AWS-DEL-011,19.1,985.2,28.0,False,drift,low,36.1,23.56,985.79,22.44,WARNING,replay
2025-03-31T05:00:00,AWS-DEL-011,18.3,985.4,30.0,False,drift,low,37.4,23.49,985.79,22.31,WARNING,replay
2025-03-31T06:00:00,AWS-DEL-011,17.6,986.2,37.0,False,,low,12.4,23.35,985.78,22.31,HEALTHY,replay
2025-03-31T07:00:00,AWS-DEL-011,19.2,987.0,34.0,False,,low,6.3,23.17,985.75,22.5,HEALTHY,replay
2025-03-31T08:00:00,AWS-DEL-011,22.0,987.9,30.0,False,,low,6.2,22.99,985.75,22.69,HEALTHY,replay
2025-03-31T09:00:00,AWS-DEL-011,25.5,988.3,25.0,False,,low,7.7,22.83,985.76,22.92,HEALTHY,replay
2025-03-31T10:00:00,AWS-DEL-011,28.8,988.5,20.0,True,drift,low,50.4,22.72,985.8,23.15,WARNING,replay
2025-03-31T11:00:00,AWS-DEL-011,31.1,988.2,15.0,True,drift,high,77.2,22.72,985.8,23.15,WARNING,replay
2025-03-31T12:00:00,AWS-DEL-011,32.7,987.5,13.0,True,drift,high,85.3,22.72,985.8,23.15,WARNING,replay
2025-03-31T13:00:00,AWS-DEL-011,33.6,986.7,12.0,True,drift,critical,90.7,22.72,985.8,23.15,OFFLINE,replay
2025-03-31T14:00:00,AWS-DEL-011,33.9,985.7,12.0,True,statistical_anomaly,medium,57.5,22.72,985.8,23.15,OFFLINE,replay
2025-03-31T15:00:00,AWS-DEL-011,33.7,984.8,11.0,True,statistical_anomaly,medium,58.3,22.72,985.8,23.15,OFFLINE,replay
2025-03-31T16:00:00,AWS-DEL-011,33.0,984.5,11.0,True,statistical_anomaly,medium,58.4,22.72,985.8,23.15,HEALTHY,replay
2025-03-31T17:00:00,AWS-DEL-011,31.8,984.2,13.0,True,drift,high,89.7,22.72,985.8,23.15,OFFLINE,replay
2025-03-31T18:00:00,AWS-DEL-011,30.6,984.7,14.0,True,drift,high,88.6,22.72,985.8,23.15,OFFLINE,replay
2025-03-31T19:00:00,AWS-DEL-011,28.5,985.2,19.0,False,,low,42.2,22.72,985.8,23.15,OFFLINE,replay
2025-03-31T20:00:00,AWS-DEL-011,27.3,985.6,21.0,False,,low,25.8,22.72,985.8,23.15,OFFLINE,replay
2025-03-31T21:00:00,AWS-DEL-011,26.5,985.8,20.0,False,,low,26.0,22.72,985.8,23.15,HEALTHY,replay
2025-03-31T22:00:00,AWS-DEL-011,26.4,985.7,18.0,False,,low,6.8,22.68,985.84,23.29,WARNING,replay
2025-03-31T23:00:00,AWS-DEL-011,25.0,985.4,20.0,False,,low,2.8,22.73,985.82,23.21,WARNING,replay
2026-09-18T01:15:00+00:00,AWS-DEL-011,24.6,984.1,83.0,False,,low,0.0,,,,HEALTHY,live
