timestamp,station_id,temperature_c,pressure_hpa,humidity_pct,is_anomaly,fault_type,severity,anomaly_score_pct,suggested_temperature_c,suggested_pressure_hpa,suggested_humidity_pct,health_status,source
2026-09-11 14:15:37.683387+00:00,AWS-BHO-103,25.4,957.3,88.0,False,,low,0.0,,,,HEALTHY,live
2026-09-11 14:16:36.576033+00:00,AWS-BHO-103,25.4,957.3,88.0,False,,low,0.0,,,,HEALTHY,live
2026-09-11 14:32:59.646686+00:00,AWS-BHO-103,25.2,957.3,90.0,False,,low,0.0,,,,HEALTHY,live
2026-09-11 14:36:32.128972+00:00,AWS-BHO-103,25.2,957.3,90.0,False,,low,0.0,,,,HEALTHY,live
2026-09-11 14:50:02.101281+00:00,AWS-BHO-103,25.0,957.5,92.0,False,,low,0.0,,,,HEALTHY,live
2026-09-11 14:57:15.559343+00:00,AWS-BHO-103,25.0,957.5,92.0,False,,low,0.0,,,,HEALTHY,live
2026-09-11 15:02:17.682691+00:00,AWS-BHO-103,24.9,957.5,93.0,False,,low,0.0,,,,HEALTHY,live
2026-09-11 15:06:54.515310+00:00,AWS-BHO-103,24.9,957.5,93.0,False,,low,0.0,,,,HEALTHY,live
2025-01-01T00:00:00,AWS-BHO-103,13.0,966.2,96.0,False,,low,0.0,,,,HEALTHY,replay
2025-01-01T01:00:00,AWS-BHO-103,12.4,965.8,97.0,False,,low,0.0,,,,HEALTHY,replay
2025-01-01T02:00:00,AWS-BHO-103,11.8,965.2,98.0,False,,low,0.0,,,,HEALTHY,replay
2025-01-01T03:00:00,AWS-BHO-103,11.4,964.8,98.0,False,,low,0.0,,,,HEALTHY,replay
2025-01-01T04:00:00,AWS-BHO-103,10.9,964.6,98.0,False,,low,0.0,,,,HEALTHY,replay
2025-01-01T05:00:00,AWS-BHO-103,10.4,964.7,99.0,False,,low,0.0,,,,HEALTHY,replay
2025-01-01T06:00:00,AWS-BHO-103,9.6,965.5,100.0,False,,low,0.0,11.65,965.22,97.67,HEALTHY,replay
2025-01-01T07:00:00,AWS-BHO-103,10.0,966.4,99.0,False,,low,0.0,11.36,965.26,98.0,HEALTHY,replay
2025-01-01T08:00:00,AWS-BHO-103,12.4,967.5,92.0,False,,low,0.0,11.19,965.4,98.12,HEALTHY,replay
2025-01-01T09:00:00,AWS-BHO-103,14.8,968.6,84.0,False,,low,0.0,11.32,965.63,97.44,HEALTHY,replay
2025-01-01T10:00:00,AWS-BHO-103,17.2,968.7,74.0,False,,low,0.0,11.67,965.93,96.1,HEALTHY,replay
2025-01-01T11:00:00,AWS-BHO-103,18.8,968.2,68.0,False,,low,0.0,12.17,966.18,94.09,HEALTHY,replay
2025-01-01T12:00:00,AWS-BHO-103,19.8,967.3,64.0,False,,low,0.0,12.72,966.35,91.92,HEALTHY,replay
2025-01-01T13:00:00,AWS-BHO-103,20.5,966.3,59.0,False,,low,0.0,13.27,966.42,89.77,HEALTHY,replay
2025-01-01T14:00:00,AWS-BHO-103,20.8,965.5,56.0,True,drift,critical,95.0,13.79,966.41,87.57,HEALTHY,replay
2025-01-01T15:00:00,AWS-BHO-103,20.6,965.1,57.0,True,drift,critical,95.0,13.79,966.41,87.57,HEALTHY,replay
2025-01-01T16:00:00,AWS-BHO-103,19.6,965.0,63.0,False,,low,0.0,13.79,966.41,87.57,HEALTHY,replay
2025-01-01T17:00:00,AWS-BHO-103,16.6,964.4,77.0,False,,low,0.0,14.17,966.32,85.93,HEALTHY,replay
2025-01-01T18:00:00,AWS-BHO-103,14.4,964.8,84.0,False,,low,0.0,14.33,966.2,85.38,HEALTHY,replay
2025-01-01T19:00:00,AWS-BHO-103,13.4,965.2,87.0,False,,low,0.0,14.33,966.12,85.29,HEALTHY,replay
2025-01-01T20:00:00,AWS-BHO-103,12.4,966.0,89.0,False,,low,0.0,14.28,966.07,85.39,HEALTHY,replay
2025-01-01T21:00:00,AWS-BHO-103,11.6,966.3,91.0,False,,low,0.0,14.18,966.06,85.58,HEALTHY,replay
2025-01-01T22:00:00,AWS-BHO-103,11.1,966.3,93.0,False,,low,0.0,14.05,966.08,85.85,HEALTHY,replay
2025-01-01T23:00:00,AWS-BHO-103,11.0,966.1,93.0,False,,low,0.0,13.91,966.09,86.19,HEALTHY,replay
2025-01-02T00:00:00,AWS-BHO-103,10.9,965.5,93.0,False,,low,0.0,13.78,966.09,86.5,HEALTHY,replay
2025-01-02T01:00:00,AWS-BHO-103,10.3,964.8,93.0,False,,low,0.0,13.65,966.06,86.78,HEALTHY,replay
2025-01-02T02:00:00,AWS-BHO-103,9.4,964.2,94.0,False,,low,0.0,13.51,966.01,87.04,HEALTHY,replay
2025-01-02T03:00:00,AWS-BHO-103,8.8,963.8,94.0,False,,low,0.0,13.35,965.94,87.32,HEALTHY,replay
2025-01-02T04:00:00,AWS-BHO-103,8.6,963.9,93.0,False,,low,0.0,13.17,965.85,87.58,HEALTHY,replay
2025-01-02T05:00:00,AWS-BHO-103,8.1,964.2,93.0,False,,low,0.0,13.0,965.78,87.78,HEALTHY,replay
2025-01-02T06:00:00,AWS-BHO-103,8.4,965.2,91.0,False,,low,0.0,12.83,965.73,87.96,HEALTHY,replay
2025-01-02T07:00:00,AWS-BHO-103,8.8,965.9,90.0,False,,low,0.0,12.68,965.71,88.07,HEALTHY,replay
2025-01-02T08:00:00,AWS-BHO-103,11.6,967.3,84.0,False,,low,0.0,12.55,965.71,88.13,HEALTHY,replay
2025-01-02T09:00:00,AWS-BHO-103,14.9,968.2,72.0,False,,low,0.0,12.52,965.76,88.0,HEALTHY,replay
2025-01-02T10:00:00,AWS-BHO-103,17.6,968.7,56.0,False,,low,0.0,12.59,965.84,87.5,HEALTHY,replay
2025-01-02T11:00:00,AWS-BHO-103,19.6,968.3,48.0,False,,low,0.0,12.74,965.93,86.55,HEALTHY,replay
2025-01-02T12:00:00,AWS-BHO-103,21.0,967.3,45.0,False,,low,0.0,12.94,966.0,85.41,HEALTHY,replay
2025-01-02T13:00:00,AWS-BHO-103,21.9,966.3,45.0,False,,low,0.0,13.17,966.03,84.26,HEALTHY,replay
2025-01-02T14:00:00,AWS-BHO-103,22.2,965.8,45.0,False,,low,0.0,13.42,966.04,83.17,HEALTHY,replay
2025-01-02T15:00:00,AWS-BHO-103,21.9,965.6,47.0,False,,low,0.0,13.65,966.04,82.14,HEALTHY,replay
2025-01-02T16:00:00,AWS-BHO-103,20.7,965.4,62.0,False,,low,0.0,13.87,966.02,81.21,HEALTHY,replay
2025-01-02T17:00:00,AWS-BHO-103,17.7,965.3,72.0,False,,low,0.0,14.05,966.01,80.72,HEALTHY,replay
2025-01-02T18:00:00,AWS-BHO-103,16.5,965.7,76.0,False,,low,0.0,14.14,965.99,80.5,HEALTHY,replay
2025-01-02T19:00:00,AWS-BHO-103,15.5,966.3,77.0,False,,low,0.0,14.2,965.98,80.39,HEALTHY,replay
2025-01-02T20:00:00,AWS-BHO-103,14.3,966.9,82.0,False,,low,0.0,14.23,965.99,80.31,HEALTHY,replay
2025-01-02T21:00:00,AWS-BHO-103,13.3,966.6,84.0,False,,low,0.0,14.23,966.01,80.35,HEALTHY,replay
2025-01-02T22:00:00,AWS-BHO-103,12.6,966.5,83.0,False,,low,0.0,14.21,966.02,80.43,HEALTHY,replay
2025-01-02T23:00:00,AWS-BHO-103,11.9,965.8,83.0,False,,low,0.0,14.17,966.04,80.49,HEALTHY,replay
2025-01-03T00:00:00,AWS-BHO-103,11.3,965.2,82.0,False,,low,0.0,14.12,966.03,80.54,HEALTHY,replay
2025-01-03T01:00:00,AWS-BHO-103,11.3,964.8,80.0,False,,low,0.0,14.06,966.01,80.57,HEALTHY,replay
2025-01-03T02:00:00,AWS-BHO-103,11.1,964.5,80.0,False,,low,0.0,14.0,965.99,80.56,HEALTHY,replay
2025-01-03T03:00:00,AWS-BHO-103,11.0,964.4,81.0,False,,low,0.0,13.96,965.95,80.23,HEALTHY,replay
2025-01-03T04:00:00,AWS-BHO-103,10.9,964.3,80.0,False,,low,0.0,13.94,965.92,79.9,HEALTHY,replay
2025-01-03T05:00:00,AWS-BHO-103,10.3,964.4,82.0,False,,low,0.0,13.92,965.9,79.52,HEALTHY,replay
2025-01-03T06:00:00,AWS-BHO-103,10.1,965.3,84.0,False,,low,0.0,13.89,965.9,79.19,HEALTHY,replay
2025-01-03T07:00:00,AWS-BHO-103,10.3,965.9,86.0,False,,low,9.2,13.88,965.91,78.9,HEALTHY,replay
2025-01-03T08:00:00,AWS-BHO-103,13.1,967.2,81.0,False,,low,38.1,13.88,965.94,78.62,HEALTHY,replay
2025-01-03T09:00:00,AWS-BHO-103,16.7,968.3,75.0,False,,low,40.0,13.95,965.97,78.23,HEALTHY,replay
2025-01-03T10:00:00,AWS-BHO-103,19.5,969.0,64.0,False,,low,44.2,14.09,966.01,77.73,HEALTHY,replay
2025-01-03T11:00:00,AWS-BHO-103,21.5,968.4,53.0,False,,low,44.0,14.24,966.04,77.15,HEALTHY,replay
2025-01-03T12:00:00,AWS-BHO-103,22.7,967.6,49.0,False,,low,31.7,14.38,966.04,76.5,HEALTHY,replay
2025-01-03T13:00:00,AWS-BHO-103,23.5,966.5,47.0,False,,low,20.8,14.49,966.01,75.98,HEALTHY,replay
2025-01-03T14:00:00,AWS-BHO-103,23.8,965.8,46.0,False,,low,17.0,14.59,965.98,75.54,HEALTHY,replay
2025-01-03T15:00:00,AWS-BHO-103,23.6,965.4,49.0,False,,low,17.1,14.67,965.95,75.17,HEALTHY,replay
2025-01-03T16:00:00,AWS-BHO-103,22.2,965.1,63.0,False,,low,28.6,14.74,965.93,74.96,HEALTHY,replay
2025-01-03T17:00:00,AWS-BHO-103,18.5,964.7,74.0,False,,low,53.1,14.79,965.93,74.96,HEALTHY,replay
2025-01-03T18:00:00,AWS-BHO-103,17.1,965.0,78.0,False,,low,50.6,14.83,965.94,74.9,HEALTHY,replay
2025-01-03T19:00:00,AWS-BHO-103,15.9,965.4,82.0,False,,low,33.8,14.89,965.94,74.77,HEALTHY,replay
2025-01-03T20:00:00,AWS-BHO-103,14.8,965.8,84.0,False,,low,14.2,14.94,965.95,74.67,HEALTHY,replay
2025-01-03T21:00:00,AWS-BHO-103,13.9,965.7,86.0,False,,low,9.3,14.99,965.94,74.56,HEALTHY,replay
2025-01-03T22:00:00,AWS-BHO-103,13.3,965.6,86.0,False,,low,5.0,15.04,965.93,74.46,HEALTHY,replay
2026-09-11T15:30:05.981025+00:00,AWS-BHO-103,24.7,957.8,96.0,False,,low,0.0,,,,HEALTHY,live
2025-01-01T00:00:00,AWS-BHO-103,13.0,966.2,96.0,False,,low,0.0,,,,HEALTHY,replay
2025-01-01T01:00:00,AWS-BHO-103,12.4,965.8,97.0,False,,low,0.0,,,,HEALTHY,replay
2025-01-01T02:00:00,AWS-BHO-103,11.8,965.2,98.0,False,,low,0.0,,,,HEALTHY,replay
2025-01-01T03:00:00,AWS-BHO-103,11.4,964.8,98.0,False,,low,0.0,,,,HEALTHY,replay
2025-01-01T04:00:00,AWS-BHO-103,10.9,964.6,98.0,False,,low,0.0,,,,HEALTHY,replay
2025-01-01T05:00:00,AWS-BHO-103,10.4,964.7,99.0,False,,low,0.0,,,,HEALTHY,replay
2025-01-01T06:00:00,AWS-BHO-103,9.6,965.5,100.0,False,,low,0.0,11.65,965.22,97.67,HEALTHY,replay
2025-01-01T07:00:00,AWS-BHO-103,10.0,966.4,99.0,False,,low,0.0,11.36,965.26,98.0,HEALTHY,replay
2025-01-01T08:00:00,AWS-BHO-103,12.4,967.5,92.0,False,,low,0.0,11.19,965.4,98.12,HEALTHY,replay
2025-01-01T09:00:00,AWS-BHO-103,14.8,968.6,84.0,False,,low,0.0,11.32,965.63,97.44,HEALTHY,replay
2025-01-01T10:00:00,AWS-BHO-103,17.2,968.7,74.0,False,,low,0.0,11.67,965.93,96.1,HEALTHY,replay
2025-01-01T11:00:00,AWS-BHO-103,18.8,968.2,68.0,False,,low,0.0,12.17,966.18,94.09,HEALTHY,replay
2025-01-01T12:00:00,AWS-BHO-103,19.8,967.3,64.0,False,,low,0.0,12.72,966.35,91.92,HEALTHY,replay
2025-01-01T13:00:00,AWS-BHO-103,20.5,966.3,59.0,False,,low,0.0,13.27,966.42,89.77,HEALTHY,replay
2025-01-01T14:00:00,AWS-BHO-103,20.8,965.5,56.0,True,drift,critical,95.0,13.79,966.41,87.57,HEALTHY,replay
2025-01-01T15:00:00,AWS-BHO-103,20.6,965.1,57.0,True,drift,critical,95.0,13.79,966.41,87.57,HEALTHY,replay
2025-01-01T16:00:00,AWS-BHO-103,19.6,965.0,63.0,False,,low,0.0,13.79,966.41,87.57,HEALTHY,replay
2025-01-01T17:00:00,AWS-BHO-103,16.6,964.4,77.0,False,,low,0.0,14.17,966.32,85.93,HEALTHY,replay
2025-01-01T18:00:00,AWS-BHO-103,14.4,964.8,84.0,False,,low,0.0,14.33,966.2,85.38,HEALTHY,replay
2025-01-01T19:00:00,AWS-BHO-103,13.4,965.2,87.0,False,,low,0.0,14.33,966.12,85.29,HEALTHY,replay
2025-01-01T20:00:00,AWS-BHO-103,12.4,966.0,89.0,False,,low,0.0,14.28,966.07,85.39,HEALTHY,replay
2025-01-01T21:00:00,AWS-BHO-103,11.6,966.3,91.0,False,,low,0.0,14.18,966.06,85.58,HEALTHY,replay
2025-01-01T22:00:00,AWS-BHO-103,11.1,966.3,93.0,False,,low,0.0,14.05,966.08,85.85,HEALTHY,replay
2025-01-01T23:00:00,AWS-BHO-103,11.0,966.1,93.0,False,,low,0.0,13.91,966.09,86.19,HEALTHY,replay
2025-01-02T00:00:00,AWS-BHO-103,10.9,965.5,93.0,False,,low,0.0,13.78,966.09,86.5,HEALTHY,replay
2025-01-02T01:00:00,AWS-BHO-103,10.3,964.8,93.0,False,,low,0.0,13.65,966.06,86.78,HEALTHY,replay
2025-01-02T02:00:00,AWS-BHO-103,9.4,964.2,94.0,False,,low,0.0,13.51,966.01,87.04,HEALTHY,replay
2025-01-02T03:00:00,AWS-BHO-103,8.8,963.8,94.0,False,,low,0.0,13.35,965.94,87.32,HEALTHY,replay
2025-01-02T04:00:00,AWS-BHO-103,8.6,963.9,93.0,False,,low,0.0,13.17,965.85,87.58,HEALTHY,replay
2025-01-02T05:00:00,AWS-BHO-103,8.1,964.2,93.0,False,,low,0.0,13.0,965.78,87.78,HEALTHY,replay
2025-01-02T06:00:00,AWS-BHO-103,8.4,965.2,91.0,False,,low,0.0,12.83,965.73,87.96,HEALTHY,replay
2025-01-02T07:00:00,AWS-BHO-103,8.8,965.9,90.0,False,,low,0.0,12.68,965.71,88.07,HEALTHY,replay
2025-01-02T08:00:00,AWS-BHO-103,11.6,967.3,84.0,False,,low,0.0,12.55,965.71,88.13,HEALTHY,replay
2025-01-02T09:00:00,AWS-BHO-103,14.9,968.2,72.0,False,,low,0.0,12.52,965.76,88.0,HEALTHY,replay
2025-01-02T10:00:00,AWS-BHO-103,17.6,968.7,56.0,False,,low,0.0,12.59,965.84,87.5,HEALTHY,replay
2025-01-02T11:00:00,AWS-BHO-103,19.6,968.3,48.0,False,,low,0.0,12.74,965.93,86.55,HEALTHY,replay
2025-01-02T12:00:00,AWS-BHO-103,21.0,967.3,45.0,False,,low,0.0,12.94,966.0,85.41,HEALTHY,replay
2025-01-02T13:00:00,AWS-BHO-103,21.9,966.3,45.0,False,,low,0.0,13.17,966.03,84.26,HEALTHY,replay
2025-01-02T14:00:00,AWS-BHO-103,22.2,965.8,45.0,False,,low,0.0,13.42,966.04,83.17,HEALTHY,replay
2025-01-02T15:00:00,AWS-BHO-103,21.9,965.6,47.0,False,,low,0.0,13.65,966.04,82.14,HEALTHY,replay
2025-01-02T16:00:00,AWS-BHO-103,20.7,965.4,62.0,False,,low,0.0,13.87,966.02,81.21,HEALTHY,replay
2025-01-02T17:00:00,AWS-BHO-103,17.7,965.3,72.0,False,,low,0.0,14.05,966.01,80.72,HEALTHY,replay
2025-01-02T18:00:00,AWS-BHO-103,16.5,965.7,76.0,False,,low,0.0,14.14,965.99,80.5,HEALTHY,replay
2025-01-02T19:00:00,AWS-BHO-103,15.5,966.3,77.0,False,,low,0.0,14.2,965.98,80.39,HEALTHY,replay
2025-01-02T20:00:00,AWS-BHO-103,14.3,966.9,82.0,False,,low,0.0,14.23,965.99,80.31,HEALTHY,replay
2025-01-02T21:00:00,AWS-BHO-103,13.3,966.6,84.0,False,,low,0.0,14.23,966.01,80.35,HEALTHY,replay
2025-01-02T22:00:00,AWS-BHO-103,12.6,966.5,83.0,False,,low,0.0,14.21,966.02,80.43,HEALTHY,replay
2025-01-02T23:00:00,AWS-BHO-103,11.9,965.8,83.0,False,,low,0.0,14.17,966.04,80.49,HEALTHY,replay
2025-01-03T00:00:00,AWS-BHO-103,11.3,965.2,82.0,False,,low,0.0,14.12,966.03,80.54,HEALTHY,replay
2025-01-03T01:00:00,AWS-BHO-103,11.3,964.8,80.0,False,,low,0.0,14.06,966.01,80.57,HEALTHY,replay
2025-01-03T02:00:00,AWS-BHO-103,11.1,964.5,80.0,False,,low,0.0,14.0,965.99,80.56,HEALTHY,replay
2025-01-03T03:00:00,AWS-BHO-103,11.0,964.4,81.0,False,,low,0.0,13.96,965.95,80.23,HEALTHY,replay
2025-01-03T04:00:00,AWS-BHO-103,10.9,964.3,80.0,False,,low,0.0,13.94,965.92,79.9,HEALTHY,replay
2025-01-03T05:00:00,AWS-BHO-103,10.3,964.4,82.0,False,,low,0.0,13.92,965.9,79.52,HEALTHY,replay
2025-01-03T06:00:00,AWS-BHO-103,10.1,965.3,84.0,False,,low,0.0,13.89,965.9,79.19,HEALTHY,replay
2025-01-03T07:00:00,AWS-BHO-103,10.3,965.9,86.0,False,,low,9.2,13.88,965.91,78.9,HEALTHY,replay
2025-01-03T08:00:00,AWS-BHO-103,13.1,967.2,81.0,False,,low,38.1,13.88,965.94,78.62,HEALTHY,replay
2025-01-03T09:00:00,AWS-BHO-103,16.7,968.3,75.0,False,,low,40.0,13.95,965.97,78.23,HEALTHY,replay
2025-01-03T10:00:00,AWS-BHO-103,19.5,969.0,64.0,False,,low,44.2,14.09,966.01,77.73,HEALTHY,replay
2025-01-03T11:00:00,AWS-BHO-103,21.5,968.4,53.0,False,,low,44.0,14.24,966.04,77.15,HEALTHY,replay
2025-01-03T12:00:00,AWS-BHO-103,22.7,967.6,49.0,False,,low,31.7,14.38,966.04,76.5,HEALTHY,replay
2025-01-03T13:00:00,AWS-BHO-103,23.5,966.5,47.0,False,,low,20.8,14.49,966.01,75.98,HEALTHY,replay
2025-01-03T14:00:00,AWS-BHO-103,23.8,965.8,46.0,False,,low,17.0,14.59,965.98,75.54,HEALTHY,replay
2025-01-01T00:00:00,AWS-BHO-103,13.0,966.2,96.0,False,,low,0.0,,,,HEALTHY,replay
2025-01-01T01:00:00,AWS-BHO-103,12.4,965.8,97.0,False,,low,0.0,,,,HEALTHY,replay
2025-01-01T02:00:00,AWS-BHO-103,11.8,965.2,98.0,False,,low,0.0,,,,HEALTHY,replay
2025-01-01T03:00:00,AWS-BHO-103,11.4,964.8,98.0,False,,low,0.0,,,,HEALTHY,replay
2025-01-01T04:00:00,AWS-BHO-103,10.9,964.6,98.0,False,,low,0.0,,,,HEALTHY,replay
2025-01-01T05:00:00,AWS-BHO-103,10.4,964.7,99.0,False,,low,0.0,,,,HEALTHY,replay
2025-01-01T06:00:00,AWS-BHO-103,9.6,965.5,100.0,False,,low,0.0,11.65,965.22,97.67,HEALTHY,replay
2025-01-01T07:00:00,AWS-BHO-103,10.0,966.4,99.0,False,,low,0.0,11.36,965.26,98.0,HEALTHY,replay
2025-01-01T08:00:00,AWS-BHO-103,12.4,967.5,92.0,False,,low,0.0,11.19,965.4,98.12,HEALTHY,replay
2025-01-01T09:00:00,AWS-BHO-103,14.8,968.6,84.0,False,,low,0.0,11.32,965.63,97.44,HEALTHY,replay
2025-01-01T10:00:00,AWS-BHO-103,17.2,968.7,74.0,False,,low,0.0,11.67,965.93,96.1,HEALTHY,replay
2025-01-01T11:00:00,AWS-BHO-103,18.8,968.2,68.0,False,,low,0.0,12.17,966.18,94.09,HEALTHY,replay
2025-01-01T12:00:00,AWS-BHO-103,19.8,967.3,64.0,False,,low,0.0,12.72,966.35,91.92,HEALTHY,replay
2025-01-01T13:00:00,AWS-BHO-103,20.5,966.3,59.0,False,,low,0.0,13.27,966.42,89.77,HEALTHY,replay
2025-01-01T14:00:00,AWS-BHO-103,20.8,965.5,56.0,True,drift,critical,95.0,13.79,966.41,87.57,HEALTHY,replay
2025-01-01T15:00:00,AWS-BHO-103,20.6,965.1,57.0,True,drift,critical,95.0,13.79,966.41,87.57,HEALTHY,replay
2025-01-01T16:00:00,AWS-BHO-103,19.6,965.0,63.0,False,,low,0.0,13.79,966.41,87.57,HEALTHY,replay
2025-01-01T17:00:00,AWS-BHO-103,16.6,964.4,77.0,False,,low,0.0,14.17,966.32,85.93,HEALTHY,replay
2025-01-01T18:00:00,AWS-BHO-103,14.4,964.8,84.0,False,,low,0.0,14.33,966.2,85.38,HEALTHY,replay
2025-01-01T19:00:00,AWS-BHO-103,13.4,965.2,87.0,False,,low,0.0,14.33,966.12,85.29,HEALTHY,replay
2025-01-01T20:00:00,AWS-BHO-103,12.4,966.0,89.0,False,,low,0.0,14.28,966.07,85.39,HEALTHY,replay
2025-01-01T21:00:00,AWS-BHO-103,11.6,966.3,91.0,False,,low,0.0,14.18,966.06,85.58,HEALTHY,replay
2025-01-01T22:00:00,AWS-BHO-103,11.1,966.3,93.0,False,,low,0.0,14.05,966.08,85.85,HEALTHY,replay
2025-01-01T23:00:00,AWS-BHO-103,11.0,966.1,93.0,False,,low,0.0,13.91,966.09,86.19,HEALTHY,replay
2025-01-02T00:00:00,AWS-BHO-103,10.9,965.5,93.0,False,,low,0.0,13.78,966.09,86.5,HEALTHY,replay
2025-01-02T01:00:00,AWS-BHO-103,10.3,964.8,93.0,False,,low,0.0,13.65,966.06,86.78,HEALTHY,replay
2025-01-02T02:00:00,AWS-BHO-103,9.4,964.2,94.0,False,,low,0.0,13.51,966.01,87.04,HEALTHY,replay
2025-01-02T03:00:00,AWS-BHO-103,8.8,963.8,94.0,False,,low,0.0,13.35,965.94,87.32,HEALTHY,replay
2025-01-02T04:00:00,AWS-BHO-103,8.6,963.9,93.0,False,,low,0.0,13.17,965.85,87.58,HEALTHY,replay
2025-01-02T05:00:00,AWS-BHO-103,8.1,964.2,93.0,False,,low,0.0,13.0,965.78,87.78,HEALTHY,replay
2025-01-02T06:00:00,AWS-BHO-103,8.4,965.2,91.0,False,,low,0.0,12.83,965.73,87.96,HEALTHY,replay
2025-01-02T07:00:00,AWS-BHO-103,8.8,965.9,90.0,False,,low,0.0,12.68,965.71,88.07,HEALTHY,replay
2025-01-02T08:00:00,AWS-BHO-103,11.6,967.3,84.0,False,,low,0.0,12.55,965.71,88.13,HEALTHY,replay
2025-01-02T09:00:00,AWS-BHO-103,14.9,968.2,72.0,False,,low,0.0,12.52,965.76,88.0,HEALTHY,replay
2025-01-02T10:00:00,AWS-BHO-103,17.6,968.7,56.0,False,,low,0.0,12.59,965.84,87.5,HEALTHY,replay
2025-01-02T11:00:00,AWS-BHO-103,19.6,968.3,48.0,False,,low,0.0,12.74,965.93,86.55,HEALTHY,replay
2025-01-02T12:00:00,AWS-BHO-103,21.0,967.3,45.0,False,,low,0.0,12.94,966.0,85.41,HEALTHY,replay
2026-09-11T15:45:00+00:00,AWS-BHO-103,24.7,957.9,96.0,False,,low,0.0,,,,HEALTHY,live
2026-09-11T16:30:00+00:00,AWS-BHO-103,24.6,958.1,95.0,False,,low,0.0,,,,HEALTHY,live
2026-09-11T16:45:00+00:00,AWS-BHO-103,24.6,958.0,94.0,False,,low,0.0,,,,HEALTHY,live
2026-09-11T17:00:00+00:00,AWS-BHO-103,24.5,958.0,94.0,False,,low,0.0,,,,HEALTHY,live
2025-01-03T23:00:00,AWS-BHO-103,12.9,965.0,85.0,False,,low,10.4,15.08,965.91,74.31,HEALTHY,replay
2025-01-04T00:00:00,AWS-BHO-103,12.7,964.4,84.0,False,,low,9.0,15.12,965.89,74.15,HEALTHY,replay
2025-01-04T01:00:00,AWS-BHO-103,12.3,963.7,84.0,False,,low,9.5,15.16,965.87,73.96,HEALTHY,replay
2025-01-04T02:00:00,AWS-BHO-103,11.8,963.1,84.0,False,,low,13.2,15.2,965.85,73.77,HEALTHY,replay
2025-01-04T03:00:00,AWS-BHO-103,11.4,962.8,84.0,False,,low,9.1,15.25,965.82,73.56,HEALTHY,replay
2025-01-04T04:00:00,AWS-BHO-103,10.9,962.4,85.0,False,,low,15.5,15.3,965.8,73.35,HEALTHY,replay
2025-01-04T05:00:00,AWS-BHO-103,10.5,962.5,85.0,False,,low,10.7,15.35,965.77,73.19,HEALTHY,replay
2025-01-04T06:00:00,AWS-BHO-103,10.6,963.3,81.0,False,,low,20.2,15.4,965.74,73.02,HEALTHY,replay
2025-01-04T07:00:00,AWS-BHO-103,10.4,964.2,84.0,False,,low,13.5,15.45,965.7,72.81,HEALTHY,replay
2025-01-04T08:00:00,AWS-BHO-103,13.4,965.6,79.0,False,,low,42.6,15.48,965.66,72.69,HEALTHY,replay
2025-01-04T09:00:00,AWS-BHO-103,16.9,966.7,73.0,False,,low,40.1,15.52,965.62,72.58,HEALTHY,replay
2025-01-04T10:00:00,AWS-BHO-103,19.7,967.3,63.0,False,,low,45.6,15.56,965.59,72.6,HEALTHY,replay
2025-01-04T11:00:00,AWS-BHO-103,21.9,966.9,51.0,False,,low,35.5,15.6,965.56,72.75,HEALTHY,replay
2025-01-04T12:00:00,AWS-BHO-103,23.1,965.8,45.0,False,,low,35.5,15.65,965.54,72.81,HEALTHY,replay
2025-01-04T13:00:00,AWS-BHO-103,23.8,964.9,44.0,False,,low,21.4,15.7,965.5,72.81,HEALTHY,replay
2025-01-04T14:00:00,AWS-BHO-103,24.0,963.9,44.0,False,,low,29.5,15.74,965.47,72.79,HEALTHY,replay
2025-01-04T15:00:00,AWS-BHO-103,23.8,963.4,46.0,False,,low,19.3,15.77,965.44,72.77,HEALTHY,replay
2025-01-04T16:00:00,AWS-BHO-103,22.4,962.9,68.0,False,,low,41.3,15.81,965.39,72.75,HEALTHY,replay
2025-01-04T17:00:00,AWS-BHO-103,19.4,962.6,71.0,False,,low,47.0,15.85,965.34,72.88,HEALTHY,replay
2025-01-04T18:00:00,AWS-BHO-103,18.0,963.2,75.0,False,,low,48.2,15.88,965.28,72.85,HEALTHY,replay
2025-01-04T19:00:00,AWS-BHO-103,16.8,963.9,79.0,False,,low,26.4,15.91,965.23,72.83,HEALTHY,replay
2025-01-04T20:00:00,AWS-BHO-103,15.8,964.4,82.0,False,,low,17.8,15.94,965.18,72.88,HEALTHY,replay
2025-01-04T21:00:00,AWS-BHO-103,15.1,964.3,83.0,False,,low,11.0,15.97,965.13,72.88,HEALTHY,replay
2025-01-04T22:00:00,AWS-BHO-103,14.5,964.2,83.0,False,,low,5.5,16.01,965.08,72.85,HEALTHY,replay
2025-01-04T23:00:00,AWS-BHO-103,13.8,963.6,83.0,False,,low,8.6,16.05,965.03,72.85,HEALTHY,replay
2025-01-05T00:00:00,AWS-BHO-103,12.9,962.8,84.0,False,,low,14.2,16.09,964.99,72.85,HEALTHY,replay
2025-01-05T01:00:00,AWS-BHO-103,12.1,962.3,81.0,False,,low,14.2,16.12,964.94,72.9,HEALTHY,replay
2025-01-05T02:00:00,AWS-BHO-103,11.4,961.6,74.0,False,,low,34.2,16.14,964.88,72.92,HEALTHY,replay
2025-01-05T03:00:00,AWS-BHO-103,11.2,961.4,67.0,False,,low,37.2,16.15,964.82,72.79,HEALTHY,replay
2025-01-05T04:00:00,AWS-BHO-103,11.2,961.4,64.0,False,,low,21.5,16.15,964.76,72.5,HEALTHY,replay
2025-01-05T05:00:00,AWS-BHO-103,11.3,961.7,65.0,False,,low,21.4,16.16,964.7,72.17,HEALTHY,replay
2025-01-05T06:00:00,AWS-BHO-103,11.3,962.5,71.0,False,,low,21.3,16.18,964.64,71.81,HEALTHY,replay
2025-01-05T07:00:00,AWS-BHO-103,12.5,963.1,69.0,False,,low,19.3,16.2,964.59,71.54,HEALTHY,replay
2025-01-05T08:00:00,AWS-BHO-103,14.7,964.4,68.0,False,,low,35.2,16.25,964.53,71.19,HEALTHY,replay
2025-01-05T09:00:00,AWS-BHO-103,17.0,965.6,66.0,False,,low,31.4,16.28,964.47,70.92,HEALTHY,replay
2025-01-05T10:00:00,AWS-BHO-103,19.2,965.9,61.0,False,,low,30.9,16.29,964.41,70.73,HEALTHY,replay
2025-01-05T11:00:00,AWS-BHO-103,20.8,965.2,58.0,False,,low,13.9,16.28,964.35,70.67,HEALTHY,replay
2025-01-05T12:00:00,AWS-BHO-103,20.7,964.5,59.0,False,,low,13.4,16.27,964.28,70.77,HEALTHY,replay
2025-01-05T13:00:00,AWS-BHO-103,22.3,963.6,54.0,False,,low,14.5,16.22,964.22,70.98,HEALTHY,replay
2025-01-05T14:00:00,AWS-BHO-103,21.9,963.0,57.0,False,,low,11.6,16.2,964.16,71.12,HEALTHY,replay
2025-01-05T15:00:00,AWS-BHO-103,21.3,962.5,64.0,False,,low,15.2,16.16,964.1,71.35,HEALTHY,replay
2025-01-05T16:00:00,AWS-BHO-103,19.8,961.7,75.0,False,,low,52.4,16.11,964.04,71.67,HEALTHY,replay
2025-01-05T17:00:00,AWS-BHO-103,18.4,961.5,77.0,False,,low,48.5,16.06,963.97,71.92,HEALTHY,replay
2025-01-05T18:00:00,AWS-BHO-103,17.7,962.4,73.0,False,,low,45.8,16.06,963.9,71.98,HEALTHY,replay
2025-01-05T19:00:00,AWS-BHO-103,17.1,963.0,73.0,False,,low,32.9,16.07,963.85,71.88,HEALTHY,replay
2025-01-05T20:00:00,AWS-BHO-103,16.3,963.1,81.0,False,,low,30.0,16.1,963.8,71.69,HEALTHY,replay
2025-01-05T21:00:00,AWS-BHO-103,15.8,963.2,84.0,False,,low,15.1,16.13,963.74,71.62,HEALTHY,replay
2025-01-05T22:00:00,AWS-BHO-103,15.4,963.1,82.0,False,,low,16.7,16.17,963.69,71.58,HEALTHY,replay
2025-01-05T23:00:00,AWS-BHO-103,14.4,962.5,80.0,False,,low,17.2,16.21,963.64,71.5,HEALTHY,replay
2025-01-06T00:00:00,AWS-BHO-103,14.2,962.2,76.0,False,,low,17.2,16.24,963.58,71.4,HEALTHY,replay
2025-01-06T01:00:00,AWS-BHO-103,14.2,961.9,73.0,False,,low,19.0,16.27,963.54,71.23,HEALTHY,replay
2025-01-06T02:00:00,AWS-BHO-103,14.0,961.4,71.0,False,,low,18.1,16.31,963.5,71.0,HEALTHY,replay
2025-01-06T03:00:00,AWS-BHO-103,13.4,960.9,71.0,False,,low,11.5,16.36,963.46,70.73,HEALTHY,replay
2025-01-06T04:00:00,AWS-BHO-103,13.2,961.0,72.0,False,,low,6.9,16.4,963.42,70.46,HEALTHY,replay
2025-01-06T05:00:00,AWS-BHO-103,12.5,961.2,75.0,False,,low,8.9,16.45,963.4,70.19,HEALTHY,replay
2025-01-06T06:00:00,AWS-BHO-103,12.3,961.9,78.0,False,,low,13.6,16.49,963.37,69.98,HEALTHY,replay
2025-01-06T07:00:00,AWS-BHO-103,12.2,962.3,81.0,False,,low,10.6,16.53,963.34,69.92,HEALTHY,replay
2025-01-06T08:00:00,AWS-BHO-103,14.7,963.6,77.0,False,,low,40.4,16.56,963.3,69.85,HEALTHY,replay
2025-01-06T09:00:00,AWS-BHO-103,18.1,965.1,71.0,False,,low,39.8,16.59,963.26,69.81,HEALTHY,replay
2025-01-06T10:00:00,AWS-BHO-103,20.9,965.4,62.0,False,,low,41.8,16.62,963.22,69.77,HEALTHY,replay
2025-01-06T11:00:00,AWS-BHO-103,23.0,965.0,55.0,False,,low,36.9,16.64,963.19,69.75,HEALTHY,replay
2025-01-06T12:00:00,AWS-BHO-103,24.2,964.1,50.0,False,,low,36.6,16.66,963.15,69.83,HEALTHY,replay
2025-01-06T13:00:00,AWS-BHO-103,24.9,963.2,47.0,False,,low,29.9,16.69,963.11,69.94,HEALTHY,replay
2025-01-06T14:00:00,AWS-BHO-103,25.2,962.6,46.0,False,,low,31.4,16.71,963.07,70.0,HEALTHY,replay
2025-01-06T15:00:00,AWS-BHO-103,25.0,962.3,48.0,False,,low,32.6,16.74,963.05,70.04,HEALTHY,replay
2025-01-06T16:00:00,AWS-BHO-103,24.1,962.0,62.0,False,,low,43.6,16.76,963.02,70.08,HEALTHY,replay
2025-01-06T17:00:00,AWS-BHO-103,21.2,961.8,73.0,False,,low,54.1,16.8,963.01,69.96,HEALTHY,replay
2025-01-06T18:00:00,AWS-BHO-103,18.8,962.3,84.0,False,,medium,58.6,16.83,962.99,70.0,HEALTHY,replay
2025-01-06T19:00:00,AWS-BHO-103,18.1,962.9,87.0,False,,low,51.6,16.85,962.97,70.19,HEALTHY,replay
2025-01-06T20:00:00,AWS-BHO-103,17.2,963.7,91.0,False,,low,49.3,16.88,962.95,70.35,HEALTHY,replay
2025-01-06T21:00:00,AWS-BHO-103,16.4,964.2,87.0,False,,low,31.4,16.91,962.94,70.54,HEALTHY,replay
2025-01-06T22:00:00,AWS-BHO-103,15.3,964.7,89.0,False,,low,39.0,16.93,962.93,70.62,HEALTHY,replay
2025-01-06T23:00:00,AWS-BHO-103,14.3,964.7,92.0,False,,low,36.6,16.95,962.94,70.75,HEALTHY,replay
2025-01-07T00:00:00,AWS-BHO-103,13.5,964.6,96.0,False,,low,25.3,16.96,962.97,70.94,HEALTHY,replay
2025-01-07T01:00:00,AWS-BHO-103,13.0,964.6,97.0,False,,low,16.1,16.97,963.0,71.19,HEALTHY,replay
2025-01-07T02:00:00,AWS-BHO-103,12.4,964.5,97.0,False,,low,12.8,16.99,963.05,71.52,HEALTHY,replay
2025-01-07T03:00:00,AWS-BHO-103,11.7,964.7,98.0,False,,low,35.4,17.01,963.11,72.0,HEALTHY,replay
2025-01-07T04:00:00,AWS-BHO-103,11.1,964.8,99.0,False,,low,43.2,17.02,963.18,72.65,HEALTHY,replay
2025-01-07T05:00:00,AWS-BHO-103,10.8,965.2,100.0,False,,low,39.1,17.02,963.25,73.38,HEALTHY,replay
2025-01-07T06:00:00,AWS-BHO-103,10.4,966.3,96.0,False,,low,49.3,17.01,963.32,74.1,HEALTHY,replay
2025-01-07T07:00:00,AWS-BHO-103,9.9,966.8,98.0,False,,low,44.0,16.99,963.4,74.62,HEALTHY,replay
2025-01-07T08:00:00,AWS-BHO-103,10.7,968.1,93.0,False,,medium,56.2,16.94,963.48,75.23,HEALTHY,replay
2025-01-07T09:00:00,AWS-BHO-103,12.5,968.8,85.0,False,,medium,56.7,16.85,963.56,75.75,HEALTHY,replay
2025-01-07T10:00:00,AWS-BHO-103,14.7,968.7,78.0,False,,medium,55.7,16.76,963.62,76.15,HEALTHY,replay
2025-01-07T11:00:00,AWS-BHO-103,16.6,967.9,73.0,False,,low,49.6,16.67,963.68,76.5,HEALTHY,replay
2025-01-07T12:00:00,AWS-BHO-103,18.2,966.7,68.0,False,,low,44.4,16.58,963.74,76.81,HEALTHY,replay
2025-01-07T13:00:00,AWS-BHO-103,19.3,965.7,63.0,False,,low,36.7,16.53,963.79,77.0,HEALTHY,replay
2025-01-07T14:00:00,AWS-BHO-103,19.8,964.6,57.0,False,,low,39.4,16.46,963.83,77.19,HEALTHY,replay
2025-01-07T15:00:00,AWS-BHO-103,19.6,964.1,56.0,False,,low,27.8,16.42,963.86,77.19,HEALTHY,replay
2025-01-07T16:00:00,AWS-BHO-103,18.7,963.9,59.0,False,,low,22.6,16.39,963.9,77.02,HEALTHY,replay
2025-01-07T17:00:00,AWS-BHO-103,15.9,963.5,75.0,False,,low,43.1,16.36,963.94,76.69,HEALTHY,replay
2025-01-07T18:00:00,AWS-BHO-103,14.4,964.1,81.0,False,,low,43.0,16.31,963.98,76.65,HEALTHY,replay
2025-01-07T19:00:00,AWS-BHO-103,13.8,964.4,83.0,False,,low,24.4,16.24,964.02,76.81,HEALTHY,replay
2025-01-07T20:00:00,AWS-BHO-103,12.8,964.8,87.0,False,,low,18.8,16.17,964.05,77.02,HEALTHY,replay
2025-01-07T21:00:00,AWS-BHO-103,12.2,965.3,91.0,False,,low,12.5,16.1,964.08,77.15,HEALTHY,replay
2025-01-07T22:00:00,AWS-BHO-103,11.7,965.4,94.0,False,,low,8.8,16.03,964.13,77.29,HEALTHY,replay
2025-01-07T23:00:00,AWS-BHO-103,11.0,964.7,93.0,False,,low,15.1,15.95,964.17,77.54,HEALTHY,replay
2025-01-08T00:00:00,AWS-BHO-103,10.1,964.3,93.0,False,,low,11.3,15.88,964.22,77.81,HEALTHY,replay
2025-01-08T01:00:00,AWS-BHO-103,9.2,963.7,94.0,False,,low,29.0,15.79,964.26,78.17,HEALTHY,replay
2025-01-08T02:00:00,AWS-BHO-103,8.5,963.1,96.0,False,,low,29.7,15.69,964.3,78.6,HEALTHY,replay
2025-01-08T03:00:00,AWS-BHO-103,7.6,963.0,99.0,False,,low,33.5,15.57,964.34,79.12,HEALTHY,replay
2025-01-08T04:00:00,AWS-BHO-103,7.2,963.0,99.0,False,,low,25.4,15.45,964.38,79.71,HEALTHY,replay
2025-01-08T05:00:00,AWS-BHO-103,7.0,963.3,100.0,False,,low,22.9,15.33,964.42,80.27,HEALTHY,replay
2025-01-08T06:00:00,AWS-BHO-103,6.4,963.7,100.0,False,,low,30.2,15.21,964.47,80.79,HEALTHY,replay
2025-01-08T07:00:00,AWS-BHO-103,7.2,964.6,100.0,False,,low,28.9,15.09,964.5,81.25,HEALTHY,replay
2025-01-08T08:00:00,AWS-BHO-103,9.0,966.2,97.0,False,,low,48.3,14.99,964.55,81.65,HEALTHY,replay
2025-01-08T09:00:00,AWS-BHO-103,11.4,967.6,92.0,False,,medium,55.3,14.87,964.61,82.06,HEALTHY,replay
2025-01-08T10:00:00,AWS-BHO-103,13.9,967.8,79.0,False,,low,50.0,14.73,964.66,82.5,HEALTHY,replay
2025-01-08T11:00:00,AWS-BHO-103,15.7,967.1,66.0,False,,low,38.0,14.58,964.71,82.85,HEALTHY,replay
2025-01-08T12:00:00,AWS-BHO-103,17.1,966.1,59.0,False,,low,34.6,14.43,964.75,83.08,HEALTHY,replay
2025-01-08T13:00:00,AWS-BHO-103,18.2,965.2,54.0,False,,low,23.5,14.28,964.79,83.27,HEALTHY,replay
2025-01-08T14:00:00,AWS-BHO-103,18.7,964.5,52.0,False,,low,11.6,14.14,964.84,83.42,HEALTHY,replay
2025-01-08T15:00:00,AWS-BHO-103,18.7,964.2,51.0,False,,low,14.2,14.01,964.88,83.54,HEALTHY,replay
2025-01-08T16:00:00,AWS-BHO-103,17.8,964.2,55.0,False,,low,13.6,13.88,964.91,83.6,HEALTHY,replay
2025-01-08T17:00:00,AWS-BHO-103,14.8,963.9,70.0,False,,low,51.3,13.74,964.96,83.46,HEALTHY,replay
2025-01-08T18:00:00,AWS-BHO-103,13.0,963.9,79.0,False,,low,47.6,13.61,965.0,83.4,HEALTHY,replay
2025-01-08T19:00:00,AWS-BHO-103,11.9,964.4,82.0,False,,low,42.8,13.49,965.04,83.29,HEALTHY,replay
2025-01-08T20:00:00,AWS-BHO-103,11.1,964.8,82.0,False,,low,18.5,13.36,965.07,83.19,HEALTHY,replay
2025-01-08T21:00:00,AWS-BHO-103,10.5,964.8,83.0,False,,low,10.2,13.23,965.09,83.0,HEALTHY,replay
2025-01-08T22:00:00,AWS-BHO-103,10.0,964.7,84.0,False,,low,6.0,13.11,965.1,82.92,HEALTHY,replay
2025-01-08T23:00:00,AWS-BHO-103,9.6,964.3,85.0,False,,low,9.0,13.0,965.1,82.81,HEALTHY,replay
2025-01-09T00:00:00,AWS-BHO-103,9.4,964.0,82.0,False,,low,16.5,12.9,965.1,82.67,HEALTHY,replay
2025-01-09T01:00:00,AWS-BHO-103,9.0,963.7,80.0,False,,low,20.1,12.82,965.08,82.38,HEALTHY,replay
2025-01-09T02:00:00,AWS-BHO-103,8.5,963.4,80.0,False,,low,16.2,12.73,965.06,82.02,HEALTHY,replay
2025-01-09T03:00:00,AWS-BHO-103,8.1,962.9,81.0,False,,low,13.6,12.65,965.04,81.67,HEALTHY,replay
2025-01-09T04:00:00,AWS-BHO-103,8.0,963.0,84.0,False,,low,9.5,12.58,965.0,81.31,HEALTHY,replay
2025-01-09T05:00:00,AWS-BHO-103,8.0,963.5,88.0,False,,low,17.3,12.51,964.97,81.0,HEALTHY,replay
2025-01-09T06:00:00,AWS-BHO-103,7.9,964.4,92.0,False,,low,23.8,12.45,964.93,80.75,HEALTHY,replay
2025-01-09T07:00:00,AWS-BHO-103,8.3,965.3,93.0,False,,low,23.5,12.4,964.89,80.67,HEALTHY,replay
2025-01-09T08:00:00,AWS-BHO-103,11.7,966.9,84.0,False,,low,48.4,12.37,964.86,80.56,HEALTHY,replay
2025-01-09T09:00:00,AWS-BHO-103,14.8,968.2,74.0,False,,low,51.1,12.39,964.84,80.38,HEALTHY,replay
2025-01-09T10:00:00,AWS-BHO-103,17.3,968.3,65.0,False,,low,43.8,12.44,964.82,80.15,HEALTHY,replay
2025-01-09T11:00:00,AWS-BHO-103,19.2,967.6,56.0,False,,low,42.8,12.49,964.81,79.88,HEALTHY,replay
2025-01-09T12:00:00,AWS-BHO-103,20.4,966.5,49.0,False,,low,43.2,12.55,964.81,79.52,HEALTHY,replay
2025-01-09T13:00:00,AWS-BHO-103,21.2,965.6,44.0,False,,low,34.8,12.59,964.8,79.12,HEALTHY,replay
2025-01-09T14:00:00,AWS-BHO-103,21.5,964.8,42.0,False,,low,23.8,12.63,964.8,78.73,HEALTHY,replay
2025-01-09T15:00:00,AWS-BHO-103,21.4,964.5,42.0,False,,low,23.5,12.67,964.81,78.42,HEALTHY,replay
2025-01-09T16:00:00,AWS-BHO-103,20.4,964.3,57.0,False,,low,44.2,12.7,964.81,78.12,HEALTHY,replay
2025-01-09T17:00:00,AWS-BHO-103,17.4,964.2,66.0,False,,low,52.5,12.74,964.82,78.08,HEALTHY,replay
2025-01-09T18:00:00,AWS-BHO-103,15.9,964.9,75.0,False,,medium,55.4,12.77,964.84,77.9,HEALTHY,replay
2025-01-09T19:00:00,AWS-BHO-103,14.7,965.3,77.0,False,,low,50.0,12.8,964.85,77.77,HEALTHY,replay
2025-01-09T20:00:00,AWS-BHO-103,13.2,966.0,83.0,False,,low,47.1,12.82,964.87,77.65,HEALTHY,replay
2025-01-09T21:00:00,AWS-BHO-103,11.9,966.4,83.0,False,,low,29.4,12.83,964.9,77.56,HEALTHY,replay
2025-01-09T22:00:00,AWS-BHO-103,11.1,966.7,81.0,False,,low,15.8,12.82,964.92,77.4,HEALTHY,replay
2025-01-09T23:00:00,AWS-BHO-103,10.5,966.4,77.0,False,,low,8.8,12.81,964.95,77.12,HEALTHY,replay
2025-01-10T00:00:00,AWS-BHO-103,10.1,966.2,75.0,False,,low,7.6,12.8,964.98,76.79,HEALTHY,replay
2025-01-10T01:00:00,AWS-BHO-103,10.0,965.7,77.0,False,,low,4.4,12.8,965.02,76.42,HEALTHY,replay
2025-01-10T02:00:00,AWS-BHO-103,10.0,965.4,78.0,False,,low,3.4,12.82,965.06,76.06,HEALTHY,replay
2025-01-10T03:00:00,AWS-BHO-103,10.0,965.2,78.0,False,,low,3.1,12.85,965.11,75.69,HEALTHY,replay
2025-01-10T04:00:00,AWS-BHO-103,9.6,964.9,81.0,False,,low,4.2,12.9,965.16,75.25,HEALTHY,replay
2025-01-10T05:00:00,AWS-BHO-103,8.9,965.0,84.0,False,,low,7.6,12.95,965.2,74.88,HEALTHY,replay
2025-01-10T06:00:00,AWS-BHO-103,8.7,965.7,85.0,False,,low,13.7,12.99,965.23,74.54,HEALTHY,replay
2025-01-10T07:00:00,AWS-BHO-103,9.3,966.6,83.0,False,,low,13.4,13.04,965.28,74.23,HEALTHY,replay
2025-01-10T08:00:00,AWS-BHO-103,12.1,968.1,77.0,False,,low,47.2,13.08,965.32,73.88,HEALTHY,replay
2025-01-10T09:00:00,AWS-BHO-103,15.1,969.3,68.0,False,,low,45.6,13.14,965.36,73.46,HEALTHY,replay
2025-01-10T10:00:00,AWS-BHO-103,17.5,969.5,61.0,False,,low,41.0,13.22,965.39,72.96,HEALTHY,replay
2025-01-10T11:00:00,AWS-BHO-103,19.7,968.9,57.0,False,,low,34.9,13.3,965.43,72.58,HEALTHY,replay
2025-01-10T12:00:00,AWS-BHO-103,21.3,967.9,51.0,False,,low,31.5,13.38,965.46,72.4,HEALTHY,replay
2025-01-10T13:00:00,AWS-BHO-103,22.3,967.0,45.0,False,,low,26.8,13.47,965.5,72.23,HEALTHY,replay
2025-01-10T14:00:00,AWS-BHO-103,22.7,966.2,43.0,False,,low,19.4,13.55,965.54,72.04,HEALTHY,replay
2025-01-10T15:00:00,AWS-BHO-103,22.5,965.5,44.0,False,,low,21.3,13.64,965.57,71.85,HEALTHY,replay
2025-01-10T16:00:00,AWS-BHO-103,21.4,965.2,57.0,False,,low,21.2,13.71,965.6,71.71,HEALTHY,replay
2025-01-10T17:00:00,AWS-BHO-103,18.2,964.6,66.0,False,,low,49.0,13.79,965.62,71.75,HEALTHY,replay
2025-01-10T18:00:00,AWS-BHO-103,17.1,964.5,66.0,False,,low,33.3,13.86,965.64,71.67,HEALTHY,replay
2025-01-10T19:00:00,AWS-BHO-103,15.4,964.8,73.0,False,,low,36.7,13.95,965.65,71.4,HEALTHY,replay
2025-01-10T20:00:00,AWS-BHO-103,14.2,965.0,79.0,False,,low,12.7,14.02,965.66,71.21,HEALTHY,replay
2025-01-10T21:00:00,AWS-BHO-103,13.2,965.6,82.0,False,,low,12.2,14.08,965.66,71.15,HEALTHY,replay
2025-01-10T22:00:00,AWS-BHO-103,12.8,965.9,77.0,False,,low,4.2,14.14,965.68,71.12,HEALTHY,replay
2025-01-10T23:00:00,AWS-BHO-103,12.5,965.5,75.0,False,,low,4.6,14.2,965.7,70.98,HEALTHY,replay
2025-01-11T00:00:00,AWS-BHO-103,13.0,965.2,76.0,False,,low,7.4,14.26,965.73,70.77,HEALTHY,replay
2025-01-11T01:00:00,AWS-BHO-103,13.0,964.9,79.0,False,,low,3.4,14.33,965.75,70.65,HEALTHY,replay
2025-01-11T02:00:00,AWS-BHO-103,12.5,964.4,81.0,False,,low,2.8,14.42,965.78,70.62,HEALTHY,replay
2025-01-11T03:00:00,AWS-BHO-103,11.9,964.0,84.0,False,,low,3.5,14.5,965.8,70.65,HEALTHY,replay
2025-01-11T04:00:00,AWS-BHO-103,11.2,963.9,84.0,False,,low,3.7,14.58,965.82,70.71,HEALTHY,replay
2025-01-11T05:00:00,AWS-BHO-103,11.1,964.0,82.0,False,,low,3.8,14.65,965.84,70.71,HEALTHY,replay
2025-01-11T06:00:00,AWS-BHO-103,10.9,964.7,81.0,False,,low,7.4,14.71,965.85,70.58,HEALTHY,replay
2025-01-11T07:00:00,AWS-BHO-103,11.1,965.2,81.0,False,,low,8.7,14.77,965.86,70.35,HEALTHY,replay
2025-01-11T08:00:00,AWS-BHO-103,13.8,966.6,74.0,False,,low,35.0,14.83,965.86,70.1,HEALTHY,replay
2025-01-11T09:00:00,AWS-BHO-103,16.7,967.4,68.0,False,,low,22.0,14.88,965.85,69.9,HEALTHY,replay
2025-01-11T10:00:00,AWS-BHO-103,19.3,967.8,61.0,False,,low,35.4,14.91,965.83,69.77,HEALTHY,replay
2025-01-11T11:00:00,AWS-BHO-103,21.3,967.2,55.0,False,,low,23.7,14.96,965.82,69.69,HEALTHY,replay
2025-01-11T12:00:00,AWS-BHO-103,22.6,966.0,51.0,False,,low,28.1,15.0,965.81,69.67,HEALTHY,replay
2025-01-11T13:00:00,AWS-BHO-103,23.5,965.0,48.0,False,,low,24.7,15.05,965.8,69.71,HEALTHY,replay
2025-01-11T14:00:00,AWS-BHO-103,24.0,964.1,47.0,False,,low,24.8,15.09,965.79,69.79,HEALTHY,replay
2025-01-11T15:00:00,AWS-BHO-103,24.1,963.6,49.0,False,,low,22.7,15.15,965.78,69.9,HEALTHY,replay
2025-01-11T16:00:00,AWS-BHO-103,23.3,963.5,61.0,False,,low,26.7,15.2,965.76,70.04,HEALTHY,replay
2025-01-11T17:00:00,AWS-BHO-103,20.8,963.0,73.0,False,,low,44.7,15.26,965.74,70.12,HEALTHY,replay
2025-01-11T18:00:00,AWS-BHO-103,17.7,962.9,78.0,False,,medium,55.1,15.33,965.72,70.27,HEALTHY,replay
2025-01-11T19:00:00,AWS-BHO-103,17.0,963.5,75.0,False,,low,36.5,15.37,965.68,70.33,HEALTHY,replay
2025-01-11T20:00:00,AWS-BHO-103,16.8,964.0,73.0,False,,low,23.6,15.42,965.64,70.29,HEALTHY,replay
2025-01-11T21:00:00,AWS-BHO-103,16.6,964.4,73.0,False,,low,12.6,15.49,965.6,70.08,HEALTHY,replay
2025-01-11T22:00:00,AWS-BHO-103,15.7,964.5,77.0,False,,low,7.4,15.59,965.55,69.88,HEALTHY,replay
2025-01-11T23:00:00,AWS-BHO-103,15.6,964.4,77.0,False,,low,5.0,15.69,965.51,69.79,HEALTHY,replay
2025-01-12T00:00:00,AWS-BHO-103,15.6,964.1,77.0,False,,low,5.5,15.79,965.47,69.79,HEALTHY,replay
2025-01-12T01:00:00,AWS-BHO-103,15.6,964.0,77.0,False,,low,6.2,15.91,965.42,69.83,HEALTHY,replay
2025-01-12T02:00:00,AWS-BHO-103,15.2,963.7,79.0,False,,low,3.0,16.02,965.39,69.83,HEALTHY,replay
2025-01-12T03:00:00,AWS-BHO-103,14.9,963.7,81.0,False,,low,2.7,16.13,965.35,69.85,HEALTHY,replay
2025-01-12T04:00:00,AWS-BHO-103,14.6,963.9,84.0,False,,low,3.9,16.24,965.32,69.92,HEALTHY,replay
2025-01-12T05:00:00,AWS-BHO-103,14.4,964.1,88.0,False,,low,4.7,16.34,965.3,69.98,HEALTHY,replay
2025-01-12T06:00:00,AWS-BHO-103,14.5,965.0,92.0,False,,low,11.9,16.45,965.28,70.06,HEALTHY,replay
2025-01-12T07:00:00,AWS-BHO-103,15.0,965.8,91.0,False,,low,18.0,16.57,965.27,70.21,HEALTHY,replay
2025-01-12T08:00:00,AWS-BHO-103,16.3,966.6,87.0,False,,low,23.4,16.69,965.25,70.38,HEALTHY,replay
2025-01-12T09:00:00,AWS-BHO-103,18.5,967.8,79.0,False,,low,33.3,16.78,965.22,70.58,HEALTHY,replay
2025-01-12T10:00:00,AWS-BHO-103,20.2,968.1,72.0,False,,low,25.1,16.85,965.19,70.81,HEALTHY,replay
2025-01-12T11:00:00,AWS-BHO-103,21.5,967.4,68.0,False,,low,20.5,16.91,965.16,71.04,HEALTHY,replay
2025-01-12T12:00:00,AWS-BHO-103,22.2,966.4,66.0,False,,low,12.4,16.95,965.13,71.27,HEALTHY,replay
2025-01-12T13:00:00,AWS-BHO-103,22.8,965.3,64.0,False,,low,10.4,16.96,965.1,71.58,HEALTHY,replay
2025-01-12T14:00:00,AWS-BHO-103,22.9,964.5,61.0,False,,low,17.4,16.97,965.06,71.98,HEALTHY,replay
2025-01-12T15:00:00,AWS-BHO-103,22.1,964.3,63.0,False,,low,13.9,16.98,965.02,72.35,HEALTHY,replay
2025-01-12T16:00:00,AWS-BHO-103,21.6,964.5,65.0,False,,low,12.9,16.97,965.0,72.75,HEALTHY,replay
2025-01-12T17:00:00,AWS-BHO-103,19.8,964.3,74.0,False,,low,38.4,16.97,964.99,72.92,HEALTHY,replay
2025-01-12T18:00:00,AWS-BHO-103,17.2,965.2,89.0,False,,medium,57.7,17.01,964.98,73.08,HEALTHY,replay
2025-01-12T19:00:00,AWS-BHO-103,16.1,965.6,91.0,False,,low,53.2,17.01,964.99,73.56,HEALTHY,replay
2025-01-12T20:00:00,AWS-BHO-103,15.3,966.3,93.0,False,,low,53.4,17.03,965.01,73.94,HEALTHY,replay
2025-01-12T21:00:00,AWS-BHO-103,15.0,966.8,91.0,False,,low,28.7,17.05,965.04,74.23,HEALTHY,replay
2025-01-12T22:00:00,AWS-BHO-103,14.1,967.0,79.0,False,,low,28.9,17.09,965.06,74.42,HEALTHY,replay
2025-01-12T23:00:00,AWS-BHO-103,12.8,966.4,84.0,False,,low,11.8,17.11,965.09,74.46,HEALTHY,replay
2025-01-13T00:00:00,AWS-BHO-103,12.0,966.0,89.0,False,,low,15.9,17.12,965.1,74.65,HEALTHY,replay
2025-01-13T01:00:00,AWS-BHO-103,11.5,965.7,92.0,False,,low,12.2,17.1,965.12,74.92,HEALTHY,replay
2025-01-13T02:00:00,AWS-BHO-103,11.1,965.3,93.0,False,,low,6.7,17.07,965.14,75.19,HEALTHY,replay
2025-01-13T03:00:00,AWS-BHO-103,10.6,965.2,94.0,False,,low,7.1,17.04,965.16,75.44,HEALTHY,replay
2025-01-13T04:00:00,AWS-BHO-103,10.1,965.2,95.0,False,,low,12.1,17.01,965.18,75.65,HEALTHY,replay
2025-01-13T05:00:00,AWS-BHO-103,9.9,965.4,96.0,False,,low,13.5,16.99,965.21,75.88,HEALTHY,replay
2025-01-13T06:00:00,AWS-BHO-103,9.1,966.0,98.0,False,,low,34.6,16.96,965.24,76.17,HEALTHY,replay
2025-01-13T07:00:00,AWS-BHO-103,9.4,966.6,98.0,False,,low,26.7,16.93,965.26,76.52,HEALTHY,replay
2025-01-13T08:00:00,AWS-BHO-103,11.6,967.9,94.0,False,,low,48.0,16.89,965.29,76.88,HEALTHY,replay
2025-01-13T09:00:00,AWS-BHO-103,13.2,968.5,90.0,False,,low,35.0,16.84,965.32,77.29,HEALTHY,replay
2025-01-13T10:00:00,AWS-BHO-103,15.2,968.6,81.0,False,,low,30.2,16.77,965.34,77.75,HEALTHY,replay
2025-01-13T11:00:00,AWS-BHO-103,16.8,968.1,71.0,False,,low,24.0,16.69,965.36,78.17,HEALTHY,replay
2025-01-13T12:00:00,AWS-BHO-103,17.8,966.6,63.0,False,,low,34.9,16.59,965.38,78.5,HEALTHY,replay
2025-01-13T13:00:00,AWS-BHO-103,18.5,965.3,58.0,False,,low,25.1,16.49,965.39,78.75,HEALTHY,replay
2025-01-13T14:00:00,AWS-BHO-103,18.9,964.7,55.0,False,,low,25.9,16.39,965.4,78.96,HEALTHY,replay
2025-01-13T15:00:00,AWS-BHO-103,18.8,964.3,55.0,False,,low,14.2,16.28,965.41,79.12,HEALTHY,replay
2025-01-13T16:00:00,AWS-BHO-103,18.1,964.4,57.0,False,,low,12.3,16.17,965.43,79.25,HEALTHY,replay
2025-01-13T17:00:00,AWS-BHO-103,15.9,964.3,68.0,False,,low,14.2,16.06,965.44,79.17,HEALTHY,replay
2025-01-13T18:00:00,AWS-BHO-103,13.9,964.9,74.0,False,,low,25.3,15.96,965.47,79.06,HEALTHY,replay
2025-01-13T19:00:00,AWS-BHO-103,12.8,965.2,81.0,False,,low,23.6,15.88,965.51,78.98,HEALTHY,replay
2025-01-13T20:00:00,AWS-BHO-103,12.4,965.7,86.0,False,,low,19.2,15.79,965.55,79.1,HEALTHY,replay
2025-01-13T21:00:00,AWS-BHO-103,11.6,965.7,87.0,False,,low,6.3,15.7,965.58,79.38,HEALTHY,replay
2025-01-13T22:00:00,AWS-BHO-103,11.0,965.7,89.0,False,,low,5.1,15.6,965.61,79.67,HEALTHY,replay
2025-01-13T23:00:00,AWS-BHO-103,10.6,965.2,90.0,False,,low,3.1,15.5,965.64,79.92,HEALTHY,replay
2025-01-14T00:00:00,AWS-BHO-103,9.8,964.7,93.0,False,,low,9.4,15.4,965.65,80.19,HEALTHY,replay
2025-01-14T01:00:00,AWS-BHO-103,9.2,964.6,93.0,False,,low,8.1,15.27,965.66,80.52,HEALTHY,replay
2025-01-14T02:00:00,AWS-BHO-103,8.8,964.0,94.0,False,,low,23.1,15.14,965.68,80.85,HEALTHY,replay
2025-01-14T03:00:00,AWS-BHO-103,8.4,963.8,96.0,False,,low,19.9,15.01,965.68,81.17,HEALTHY,replay
2025-01-14T04:00:00,AWS-BHO-103,7.9,963.7,97.0,False,,low,23.6,14.87,965.69,81.48,HEALTHY,replay
2025-01-14T05:00:00,AWS-BHO-103,7.9,964.1,97.0,False,,low,21.8,14.73,965.68,81.75,HEALTHY,replay
2025-01-14T06:00:00,AWS-BHO-103,7.4,965.6,99.0,False,,low,44.0,14.6,965.68,81.94,HEALTHY,replay
2025-01-14T07:00:00,AWS-BHO-103,8.0,966.3,98.0,False,,low,35.3,14.45,965.69,82.08,HEALTHY,replay
2025-01-14T08:00:00,AWS-BHO-103,11.1,967.4,88.0,False,,low,48.1,14.3,965.7,82.23,HEALTHY,replay
2025-01-14T09:00:00,AWS-BHO-103,14.3,968.5,78.0,False,,low,50.6,14.2,965.72,82.25,HEALTHY,replay
2025-01-14T10:00:00,AWS-BHO-103,17.1,968.9,68.0,False,,low,49.1,14.11,965.74,82.23,HEALTHY,replay
2025-01-14T11:00:00,AWS-BHO-103,19.0,968.4,63.0,False,,low,41.5,14.04,965.75,82.15,HEALTHY,replay
2025-01-14T12:00:00,AWS-BHO-103,20.2,967.0,60.0,False,,low,27.3,13.99,965.77,82.04,HEALTHY,replay
2025-01-14T13:00:00,AWS-BHO-103,21.0,966.0,59.0,False,,low,16.1,13.95,965.79,81.92,HEALTHY,replay
2025-01-14T14:00:00,AWS-BHO-103,21.4,965.2,59.0,False,,low,16.5,13.91,965.8,81.81,HEALTHY,replay
2025-01-14T15:00:00,AWS-BHO-103,21.4,964.9,60.0,False,,low,12.0,13.88,965.81,81.77,HEALTHY,replay
2025-01-14T16:00:00,AWS-BHO-103,21.0,965.0,63.0,False,,low,6.8,13.87,965.83,81.71,HEALTHY,replay
2025-01-14T17:00:00,AWS-BHO-103,18.6,965.1,76.0,False,,low,21.5,13.85,965.84,81.67,HEALTHY,replay
2025-01-14T18:00:00,AWS-BHO-103,16.8,965.5,82.0,False,,low,20.9,13.83,965.85,81.71,HEALTHY,replay
2025-01-14T19:00:00,AWS-BHO-103,16.0,965.9,82.0,False,,low,18.5,13.82,965.86,81.56,HEALTHY,replay
2025-01-14T20:00:00,AWS-BHO-103,15.5,966.5,82.0,False,,low,8.3,13.82,965.87,81.38,HEALTHY,replay
2025-01-14T21:00:00,AWS-BHO-103,14.5,966.6,86.0,False,,low,4.1,13.82,965.87,81.15,HEALTHY,replay
2025-01-14T22:00:00,AWS-BHO-103,13.4,966.8,91.0,False,,low,4.1,13.81,965.87,81.04,HEALTHY,replay
2025-01-14T23:00:00,AWS-BHO-103,12.6,966.6,93.0,False,,low,6.2,13.8,965.86,81.29,HEALTHY,replay
2025-01-15T00:00:00,AWS-BHO-103,12.0,966.4,93.0,False,,low,3.8,13.79,965.87,81.48,HEALTHY,replay
2025-01-15T01:00:00,AWS-BHO-103,12.2,966.2,93.0,False,,low,3.6,13.79,965.88,81.56,HEALTHY,replay
2025-01-15T02:00:00,AWS-BHO-103,11.9,965.4,91.0,False,,low,3.7,13.81,965.89,81.58,HEALTHY,replay
2025-01-15T03:00:00,AWS-BHO-103,11.6,964.9,89.0,False,,low,5.7,13.83,965.89,81.54,HEALTHY,replay
2025-01-15T04:00:00,AWS-BHO-103,11.7,964.8,85.0,False,,low,8.9,13.85,965.88,81.44,HEALTHY,replay
2025-01-15T05:00:00,AWS-BHO-103,11.9,965.2,83.0,False,,low,8.2,13.88,965.87,81.23,HEALTHY,replay
2025-01-15T06:00:00,AWS-BHO-103,12.2,966.2,81.0,False,,low,10.5,13.92,965.87,80.96,HEALTHY,replay
2025-01-15T07:00:00,AWS-BHO-103,12.5,966.7,81.0,False,,low,7.8,13.99,965.87,80.6,HEALTHY,replay
2025-01-15T08:00:00,AWS-BHO-103,15.1,967.6,75.0,False,,low,28.6,14.05,965.88,80.25,HEALTHY,replay
2025-01-15T09:00:00,AWS-BHO-103,17.6,968.1,69.0,False,,low,17.5,14.12,965.87,79.85,HEALTHY,replay
2025-01-15T10:00:00,AWS-BHO-103,20.0,968.4,66.0,False,,low,25.6,14.21,965.86,79.42,HEALTHY,replay
2025-01-15T11:00:00,AWS-BHO-103,21.9,968.1,61.0,False,,low,28.1,14.31,965.86,79.1,HEALTHY,replay
2025-01-15T12:00:00,AWS-BHO-103,23.3,966.8,57.0,False,,low,29.3,14.42,965.86,78.9,HEALTHY,replay
2025-01-15T13:00:00,AWS-BHO-103,24.1,965.9,54.0,False,,low,16.3,14.54,965.86,78.77,HEALTHY,replay
2025-01-15T14:00:00,AWS-BHO-103,24.6,965.2,52.0,False,,low,16.2,14.65,965.87,78.69,HEALTHY,replay
2025-01-15T15:00:00,AWS-BHO-103,24.6,964.5,52.0,False,,low,19.5,14.77,965.88,78.62,HEALTHY,replay
2025-01-15T16:00:00,AWS-BHO-103,23.8,964.3,61.0,False,,low,21.0,14.89,965.89,78.56,HEALTHY,replay
2025-01-15T17:00:00,AWS-BHO-103,21.2,963.9,72.0,False,,low,42.2,15.01,965.89,78.65,HEALTHY,replay
2025-01-15T18:00:00,AWS-BHO-103,18.7,964.6,79.0,False,,low,54.2,15.12,965.88,78.73,HEALTHY,replay
2025-01-15T19:00:00,AWS-BHO-103,17.7,965.1,79.0,False,,low,36.2,15.22,965.87,78.83,HEALTHY,replay
2025-01-15T20:00:00,AWS-BHO-103,17.3,965.4,79.0,False,,low,16.7,15.32,965.87,78.79,HEALTHY,replay
2025-01-15T21:00:00,AWS-BHO-103,17.1,965.6,78.0,False,,low,6.8,15.43,965.86,78.65,HEALTHY,replay
2025-01-15T22:00:00,AWS-BHO-103,16.8,965.9,78.0,False,,low,2.2,15.54,965.86,78.46,HEALTHY,replay
2025-01-15T23:00:00,AWS-BHO-103,16.4,965.7,80.0,False,,low,3.5,15.66,965.86,78.23,HEALTHY,replay
2025-01-16T00:00:00,AWS-BHO-103,16.1,965.2,81.0,False,,low,4.9,15.78,965.88,78.02,HEALTHY,replay
2025-01-16T01:00:00,AWS-BHO-103,16.0,964.9,80.0,False,,low,6.2,15.91,965.89,77.77,HEALTHY,replay
2025-01-16T02:00:00,AWS-BHO-103,15.7,964.6,80.0,False,,low,4.0,16.05,965.89,77.5,HEALTHY,replay
2025-01-16T03:00:00,AWS-BHO-103,15.3,964.0,81.0,False,,low,7.9,16.2,965.9,77.21,HEALTHY,replay
2025-01-16T04:00:00,AWS-BHO-103,15.0,963.6,81.0,False,,low,6.3,16.34,965.91,76.9,HEALTHY,replay
2025-01-16T05:00:00,AWS-BHO-103,14.3,963.7,85.0,False,,low,3.8,16.49,965.91,76.56,HEALTHY,replay
2025-01-16T06:00:00,AWS-BHO-103,13.8,964.9,88.0,False,,low,7.3,16.62,965.9,76.31,HEALTHY,replay
2025-01-16T07:00:00,AWS-BHO-103,14.7,965.9,84.0,False,,low,10.7,16.76,965.88,76.08,HEALTHY,replay
2025-01-16T08:00:00,AWS-BHO-103,16.2,966.7,81.0,False,,low,23.5,16.9,965.88,75.79,HEALTHY,replay
2025-01-16T09:00:00,AWS-BHO-103,17.7,967.7,79.0,False,,low,14.5,17.0,965.86,75.65,HEALTHY,replay
2025-01-16T10:00:00,AWS-BHO-103,18.4,968.0,78.0,False,,low,12.8,17.07,965.84,75.67,HEALTHY,replay
2025-01-16T11:00:00,AWS-BHO-103,20.0,967.9,73.0,False,,low,18.4,17.1,965.82,75.88,HEALTHY,replay
2025-01-16T12:00:00,AWS-BHO-103,21.4,967.0,70.0,False,,low,17.0,17.12,965.81,76.08,HEALTHY,replay
2025-01-16T13:00:00,AWS-BHO-103,22.8,966.2,66.0,False,,low,10.8,17.15,965.81,76.29,HEALTHY,replay
2025-01-16T14:00:00,AWS-BHO-103,23.0,965.8,67.0,False,,low,11.2,17.18,965.82,76.44,HEALTHY,replay
2025-01-16T15:00:00,AWS-BHO-103,21.9,965.7,73.0,False,,low,10.9,17.22,965.83,76.6,HEALTHY,replay
2025-01-16T16:00:00,AWS-BHO-103,19.9,965.8,88.0,False,,low,34.4,17.23,965.85,76.88,HEALTHY,replay
2025-01-16T17:00:00,AWS-BHO-103,18.1,965.8,91.0,False,,low,38.1,17.2,965.86,77.4,HEALTHY,replay
2025-01-16T18:00:00,AWS-BHO-103,18.1,966.9,89.0,False,,low,21.7,17.19,965.88,77.71,HEALTHY,replay
2025-01-16T19:00:00,AWS-BHO-103,18.1,967.4,88.0,False,,low,14.7,17.22,965.91,77.85,HEALTHY,replay
2025-01-16T20:00:00,AWS-BHO-103,17.6,968.2,89.0,False,,low,11.3,17.26,965.94,77.98,HEALTHY,replay
2025-01-16T21:00:00,AWS-BHO-103,16.6,968.6,91.0,False,,low,8.7,17.31,965.97,78.12,HEALTHY,replay
2025-01-16T22:00:00,AWS-BHO-103,15.5,969.1,93.0,False,,low,20.5,17.35,966.02,78.23,HEALTHY,replay
2025-01-16T23:00:00,AWS-BHO-103,14.7,968.8,94.0,False,,low,18.0,17.4,966.06,78.27,HEALTHY,replay
2025-01-17T00:00:00,AWS-BHO-103,14.1,968.4,94.0,False,,low,7.3,17.44,966.11,78.29,HEALTHY,replay
2025-01-17T01:00:00,AWS-BHO-103,13.7,968.0,94.0,False,,low,10.8,17.48,966.15,78.31,HEALTHY,replay
2025-01-17T02:00:00,AWS-BHO-103,13.1,967.4,95.0,False,,low,10.8,17.51,966.19,78.33,HEALTHY,replay
2025-01-17T03:00:00,AWS-BHO-103,12.5,966.9,95.0,False,,low,8.7,17.54,966.23,78.42,HEALTHY,replay
2025-01-17T04:00:00,AWS-BHO-103,12.2,967.0,95.0,False,,low,9.3,17.56,966.27,78.54,HEALTHY,replay
2025-01-17T05:00:00,AWS-BHO-103,11.7,967.3,95.0,False,,low,11.2,17.57,966.32,78.75,HEALTHY,replay
2025-01-17T06:00:00,AWS-BHO-103,11.5,968.0,94.0,False,,low,19.9,17.56,966.36,79.0,HEALTHY,replay
2025-01-17T07:00:00,AWS-BHO-103,11.3,968.4,94.0,False,,low,19.0,17.55,966.4,79.27,HEALTHY,replay
2025-01-17T08:00:00,AWS-BHO-103,12.9,969.0,87.0,False,,low,28.3,17.53,966.44,79.54,HEALTHY,replay
2025-01-17T09:00:00,AWS-BHO-103,15.0,969.4,81.0,False,,low,21.6,17.48,966.46,79.79,HEALTHY,replay
2025-01-17T10:00:00,AWS-BHO-103,17.3,969.4,75.0,False,,low,21.6,17.43,966.49,80.04,HEALTHY,replay
2025-01-17T11:00:00,AWS-BHO-103,19.0,968.7,71.0,False,,low,18.4,17.37,966.51,80.23,HEALTHY,replay
2025-01-17T12:00:00,AWS-BHO-103,20.3,967.4,69.0,False,,low,18.4,17.31,966.52,80.44,HEALTHY,replay
2025-01-17T13:00:00,AWS-BHO-103,21.3,966.4,67.0,False,,low,23.4,17.25,966.54,80.69,HEALTHY,replay
2025-01-17T14:00:00,AWS-BHO-103,21.5,965.4,67.0,False,,low,23.6,17.19,966.55,80.96,HEALTHY,replay
2025-01-17T15:00:00,AWS-BHO-103,21.2,965.1,68.0,False,,low,6.5,17.12,966.55,81.27,HEALTHY,replay
2025-01-17T16:00:00,AWS-BHO-103,20.4,964.9,72.0,False,,low,7.0,17.05,966.56,81.6,HEALTHY,replay
2025-01-17T17:00:00,AWS-BHO-103,18.8,964.8,79.0,False,,low,14.8,16.98,966.58,81.83,HEALTHY,replay
2025-01-17T18:00:00,AWS-BHO-103,16.9,965.4,85.0,False,,low,38.7,16.93,966.6,81.98,HEALTHY,replay
2025-01-17T19:00:00,AWS-BHO-103,16.1,965.9,86.0,False,,low,22.4,16.89,966.61,82.1,HEALTHY,replay
2025-01-17T20:00:00,AWS-BHO-103,15.2,966.6,88.0,False,,low,22.2,16.86,966.63,82.25,HEALTHY,replay
2025-01-17T21:00:00,AWS-BHO-103,14.4,966.7,92.0,False,,low,5.4,16.82,966.65,82.44,HEALTHY,replay
2025-01-17T22:00:00,AWS-BHO-103,13.7,966.8,94.0,False,,low,5.3,16.76,966.68,82.73,HEALTHY,replay
2025-01-17T23:00:00,AWS-BHO-103,13.1,966.3,95.0,False,,low,7.0,16.7,966.7,83.06,HEALTHY,replay
2025-01-18T00:00:00,AWS-BHO-103,12.3,965.8,97.0,False,,low,16.7,16.63,966.71,83.38,HEALTHY,replay
2025-01-18T01:00:00,AWS-BHO-103,11.8,965.2,97.0,False,,low,19.4,16.55,966.72,83.71,HEALTHY,replay
2025-01-18T02:00:00,AWS-BHO-103,11.4,965.0,97.0,False,,low,5.9,16.46,966.73,84.06,HEALTHY,replay
2025-01-18T03:00:00,AWS-BHO-103,11.1,964.8,98.0,False,,low,14.0,16.37,966.74,84.42,HEALTHY,replay
2025-01-18T04:00:00,AWS-BHO-103,11.1,964.5,97.0,False,,low,19.1,16.28,966.75,84.77,HEALTHY,replay
2025-01-18T05:00:00,AWS-BHO-103,10.9,964.8,97.0,False,,low,11.0,16.2,966.77,85.1,HEALTHY,replay
2025-01-18T06:00:00,AWS-BHO-103,10.7,965.8,96.0,False,,low,21.7,16.13,966.79,85.35,HEALTHY,replay
2025-01-18T07:00:00,AWS-BHO-103,10.8,966.4,97.0,False,,low,13.4,16.07,966.81,85.52,HEALTHY,replay
2025-01-18T08:00:00,AWS-BHO-103,13.2,967.5,90.0,False,,low,38.0,15.99,966.82,85.79,HEALTHY,replay
2025-01-18T09:00:00,AWS-BHO-103,15.9,968.6,81.0,False,,low,41.4,15.92,966.84,85.98,HEALTHY,replay
2025-01-18T10:00:00,AWS-BHO-103,18.5,968.6,73.0,False,,low,43.1,15.89,966.86,86.02,HEALTHY,replay
2025-01-18T11:00:00,AWS-BHO-103,20.4,968.2,68.0,False,,low,37.0,15.89,966.87,85.92,HEALTHY,replay
2025-01-18T12:00:00,AWS-BHO-103,21.9,966.9,65.0,False,,low,28.0,15.9,966.88,85.81,HEALTHY,replay
2025-01-18T13:00:00,AWS-BHO-103,22.9,965.9,62.0,False,,low,30.5,15.91,966.88,85.71,HEALTHY,replay
2025-01-18T14:00:00,AWS-BHO-103,23.3,965.1,61.0,False,,low,30.7,15.91,966.87,85.62,HEALTHY,replay
2025-01-18T15:00:00,AWS-BHO-103,23.3,964.5,60.0,False,,low,30.5,15.91,966.85,85.5,HEALTHY,replay
2025-01-18T16:00:00,AWS-BHO-103,22.7,964.2,63.0,False,,low,17.6,15.94,966.83,85.23,HEALTHY,replay
2025-01-18T17:00:00,AWS-BHO-103,20.7,963.9,76.0,False,,low,34.7,16.0,966.8,84.71,HEALTHY,replay
2025-01-18T18:00:00,AWS-BHO-103,18.7,964.5,81.0,False,,low,38.7,16.06,966.76,84.4,HEALTHY,replay
2025-01-18T19:00:00,AWS-BHO-103,17.4,964.8,85.0,False,,low,29.2,16.07,966.71,84.23,HEALTHY,replay
2025-01-18T20:00:00,AWS-BHO-103,17.0,965.5,85.0,False,,low,11.6,16.05,966.65,84.17,HEALTHY,replay
2025-01-18T21:00:00,AWS-BHO-103,16.5,965.9,86.0,False,,low,4.7,16.04,966.6,84.08,HEALTHY,replay
2025-01-18T22:00:00,AWS-BHO-103,15.6,966.1,89.0,False,,low,3.4,16.04,966.54,83.98,HEALTHY,replay
2025-01-18T23:00:00,AWS-BHO-103,14.8,965.4,91.0,False,,low,7.6,16.04,966.48,83.9,HEALTHY,replay
2025-01-19T00:00:00,AWS-BHO-103,14.0,965.2,94.0,False,,low,4.3,16.04,966.41,83.83,HEALTHY,replay
2025-01-19T01:00:00,AWS-BHO-103,13.5,964.9,94.0,False,,low,2.7,16.04,966.34,83.83,HEALTHY,replay
2025-01-19T02:00:00,AWS-BHO-103,13.3,964.3,92.0,False,,low,7.8,16.04,966.27,83.83,HEALTHY,replay
2025-01-19T03:00:00,AWS-BHO-103,12.8,964.2,94.0,False,,low,2.5,16.04,966.21,83.77,HEALTHY,replay
2025-01-19T04:00:00,AWS-BHO-103,11.7,963.9,98.0,False,,low,8.0,16.05,966.15,83.75,HEALTHY,replay
2025-01-19T05:00:00,AWS-BHO-103,10.8,964.0,100.0,False,,low,10.0,16.04,966.09,83.81,HEALTHY,replay
2025-01-19T06:00:00,AWS-BHO-103,10.7,965.1,100.0,False,,low,16.9,16.02,966.02,83.92,HEALTHY,replay
2025-01-19T07:00:00,AWS-BHO-103,10.9,965.5,100.0,False,,low,9.9,16.0,965.96,84.04,HEALTHY,replay
2025-01-19T08:00:00,AWS-BHO-103,14.1,966.6,92.0,False,,low,40.5,15.99,965.9,84.17,HEALTHY,replay
2025-01-19T09:00:00,AWS-BHO-103,17.8,968.1,79.0,False,,low,50.1,16.02,965.85,84.27,HEALTHY,replay
2025-01-19T10:00:00,AWS-BHO-103,20.2,968.7,70.0,False,,low,50.8,16.08,965.82,84.23,HEALTHY,replay
2025-01-19T11:00:00,AWS-BHO-103,22.0,968.2,63.0,False,,low,39.9,16.14,965.81,84.12,HEALTHY,replay
2025-01-19T12:00:00,AWS-BHO-103,23.3,967.2,57.0,False,,low,35.4,16.2,965.8,83.96,HEALTHY,replay
2025-01-19T13:00:00,AWS-BHO-103,24.0,966.4,52.0,False,,low,16.1,16.26,965.79,83.71,HEALTHY,replay
2025-01-19T14:00:00,AWS-BHO-103,24.3,965.6,49.0,False,,low,15.9,16.32,965.79,83.4,HEALTHY,replay
2025-01-19T15:00:00,AWS-BHO-103,24.0,965.0,49.0,False,,low,18.9,16.38,965.8,83.02,HEALTHY,replay
2025-01-19T16:00:00,AWS-BHO-103,23.1,964.6,57.0,False,,low,17.9,16.44,965.8,82.62,HEALTHY,replay
2025-01-19T17:00:00,AWS-BHO-103,20.6,964.1,69.0,False,,low,46.6,16.49,965.79,82.31,HEALTHY,replay
2025-01-19T18:00:00,AWS-BHO-103,18.1,964.1,75.0,False,,low,48.2,16.53,965.77,82.1,HEALTHY,replay
2025-01-19T19:00:00,AWS-BHO-103,16.9,964.5,73.0,False,,low,29.0,16.55,965.75,81.9,HEALTHY,replay
2025-01-19T20:00:00,AWS-BHO-103,16.1,964.8,73.0,False,,low,12.7,16.57,965.72,81.62,HEALTHY,replay
2025-01-19T21:00:00,AWS-BHO-103,15.3,964.8,78.0,False,,low,3.5,16.59,965.68,81.31,HEALTHY,replay
2025-01-19T22:00:00,AWS-BHO-103,14.6,964.7,82.0,False,,low,2.6,16.61,965.64,81.02,HEALTHY,replay
2025-01-19T23:00:00,AWS-BHO-103,13.8,964.4,85.0,False,,low,3.9,16.63,965.6,80.77,HEALTHY,replay
2025-01-20T00:00:00,AWS-BHO-103,13.6,964.0,84.0,False,,low,4.1,16.64,965.56,80.56,HEALTHY,replay
2025-01-20T01:00:00,AWS-BHO-103,13.6,963.4,83.0,False,,low,8.1,16.67,965.52,80.29,HEALTHY,replay
2025-01-20T02:00:00,AWS-BHO-103,13.4,963.1,85.0,False,,low,4.1,16.71,965.48,80.0,HEALTHY,replay
2025-01-20T03:00:00,AWS-BHO-103,13.1,962.8,86.0,False,,low,3.9,16.75,965.44,79.75,HEALTHY,replay
2025-01-20T04:00:00,AWS-BHO-103,12.9,962.6,87.0,False,,low,4.7,16.79,965.4,79.5,HEALTHY,replay
2025-01-20T05:00:00,AWS-BHO-103,12.8,962.8,87.0,False,,low,4.4,16.83,965.36,79.29,HEALTHY,replay
2025-01-20T06:00:00,AWS-BHO-103,12.6,963.9,88.0,False,,low,7.7,16.87,965.32,79.08,HEALTHY,replay
2025-01-20T07:00:00,AWS-BHO-103,12.7,964.4,89.0,False,,low,6.4,16.91,965.28,78.92,HEALTHY,replay
2025-01-20T08:00:00,AWS-BHO-103,15.5,965.7,84.0,False,,low,35.0,16.95,965.24,78.75,HEALTHY,replay
2025-01-20T09:00:00,AWS-BHO-103,18.5,966.8,77.0,False,,low,27.0,16.99,965.2,78.62,HEALTHY,replay
2025-01-20T10:00:00,AWS-BHO-103,21.1,967.2,67.0,False,,low,29.9,17.05,965.16,78.54,HEALTHY,replay
2025-01-20T11:00:00,AWS-BHO-103,22.7,966.8,57.0,False,,low,29.6,17.1,965.14,78.42,HEALTHY,replay
2025-01-20T12:00:00,AWS-BHO-103,23.7,966.0,53.0,False,,low,18.6,17.15,965.11,78.19,HEALTHY,replay
2025-01-20T13:00:00,AWS-BHO-103,24.4,965.0,51.0,False,,low,9.1,17.19,965.09,77.94,HEALTHY,replay
2025-01-20T14:00:00,AWS-BHO-103,24.6,964.1,51.0,False,,low,9.0,17.22,965.07,77.71,HEALTHY,replay
2025-01-20T15:00:00,AWS-BHO-103,24.2,963.6,52.0,False,,low,6.2,17.25,965.05,77.5,HEALTHY,replay
2025-01-20T16:00:00,AWS-BHO-103,23.3,963.4,59.0,False,,low,10.8,17.26,965.03,77.33,HEALTHY,replay
2025-01-20T17:00:00,AWS-BHO-103,20.6,963.0,74.0,False,,low,36.8,17.28,965.01,77.25,HEALTHY,replay
2025-01-20T18:00:00,AWS-BHO-103,18.6,962.9,79.0,False,,low,33.3,17.28,964.99,77.21,HEALTHY,replay
2025-01-20T19:00:00,AWS-BHO-103,17.5,963.2,80.0,False,,low,14.8,17.27,964.96,77.17,HEALTHY,replay
2025-01-20T20:00:00,AWS-BHO-103,17.0,963.6,77.0,False,,low,4.6,17.28,964.93,77.06,HEALTHY,replay
2025-01-20T21:00:00,AWS-BHO-103,16.5,963.7,79.0,False,,low,2.0,17.27,964.89,76.9,HEALTHY,replay
2025-01-20T22:00:00,AWS-BHO-103,15.9,963.8,82.0,False,,low,1.9,17.28,964.84,76.75,HEALTHY,replay
2025-01-20T23:00:00,AWS-BHO-103,15.5,963.4,83.0,False,,low,2.4,17.28,964.79,76.6,HEALTHY,replay
2025-01-21T00:00:00,AWS-BHO-103,14.6,962.9,86.0,False,,low,3.5,17.3,964.75,76.44,HEALTHY,replay
2025-01-21T01:00:00,AWS-BHO-103,14.4,962.2,86.0,False,,low,6.2,17.31,964.7,76.27,HEALTHY,replay
2025-01-21T02:00:00,AWS-BHO-103,14.2,961.6,85.0,False,,low,8.6,17.33,964.65,76.1,HEALTHY,replay
2025-01-21T03:00:00,AWS-BHO-103,14.1,961.4,85.0,False,,low,5.1,17.35,964.59,75.96,HEALTHY,replay
2025-01-21T04:00:00,AWS-BHO-103,13.7,961.4,85.0,False,,low,2.8,17.37,964.53,75.77,HEALTHY,replay
2025-01-21T05:00:00,AWS-BHO-103,12.9,961.3,88.0,False,,low,6.8,17.41,964.48,75.5,HEALTHY,replay
2025-01-21T06:00:00,AWS-BHO-103,12.4,962.3,90.0,False,,low,8.6,17.46,964.43,75.25,HEALTHY,replay
2025-01-21T07:00:00,AWS-BHO-103,12.1,963.0,93.0,False,,low,13.8,17.49,964.37,75.04,HEALTHY,replay
2025-01-21T08:00:00,AWS-BHO-103,15.1,964.4,87.0,False,,low,43.7,17.52,964.31,74.9,HEALTHY,replay
2025-01-21T09:00:00,AWS-BHO-103,18.7,965.4,77.0,False,,low,30.8,17.54,964.27,74.79,HEALTHY,replay
2025-01-21T10:00:00,AWS-BHO-103,21.2,965.9,68.0,False,,low,42.2,17.56,964.21,74.75,HEALTHY,replay
2025-01-21T11:00:00,AWS-BHO-103,23.0,965.4,60.0,False,,low,32.0,17.58,964.15,74.71,HEALTHY,replay
2025-01-21T12:00:00,AWS-BHO-103,24.1,964.5,55.0,False,,low,20.3,17.6,964.1,74.65,HEALTHY,replay
2025-01-21T13:00:00,AWS-BHO-103,24.8,963.6,51.0,False,,low,15.0,17.62,964.04,74.6,HEALTHY,replay
2025-01-21T14:00:00,AWS-BHO-103,25.1,962.5,49.0,False,,low,23.2,17.63,963.98,74.58,HEALTHY,replay
2025-01-21T15:00:00,AWS-BHO-103,24.9,962.0,48.0,False,,low,17.5,17.65,963.92,74.58,HEALTHY,replay
2025-01-21T16:00:00,AWS-BHO-103,23.9,961.9,55.0,False,,low,20.1,17.67,963.85,74.56,HEALTHY,replay
2025-01-21T17:00:00,AWS-BHO-103,21.0,961.6,68.0,False,,low,42.8,17.69,963.8,74.52,HEALTHY,replay
2025-01-21T18:00:00,AWS-BHO-103,18.9,961.6,73.0,False,,low,43.1,17.69,963.75,74.5,HEALTHY,replay
2025-01-21T19:00:00,AWS-BHO-103,17.7,962.0,78.0,False,,low,24.5,17.71,963.69,74.46,HEALTHY,replay
2025-01-21T20:00:00,AWS-BHO-103,16.8,962.6,79.0,False,,low,6.6,17.73,963.64,74.56,HEALTHY,replay
2025-01-21T21:00:00,AWS-BHO-103,16.4,962.8,80.0,False,,low,4.5,17.74,963.6,74.69,HEALTHY,replay
2025-01-21T22:00:00,AWS-BHO-103,15.9,962.6,81.0,False,,low,2.6,17.76,963.55,74.73,HEALTHY,replay
2025-01-21T23:00:00,AWS-BHO-103,15.3,961.9,80.0,False,,low,4.5,17.79,963.51,74.71,HEALTHY,replay
2025-01-22T00:00:00,AWS-BHO-103,14.9,961.6,81.0,False,,low,2.0,17.82,963.46,74.6,HEALTHY,replay
2025-01-22T01:00:00,AWS-BHO-103,14.4,961.1,84.0,False,,low,3.1,17.85,963.41,74.54,HEALTHY,replay
2025-01-22T02:00:00,AWS-BHO-103,14.1,960.8,87.0,False,,low,2.1,17.87,963.36,74.56,HEALTHY,replay
2025-01-22T03:00:00,AWS-BHO-103,13.9,960.5,85.0,False,,low,2.8,17.88,963.31,74.6,HEALTHY,replay
2025-01-22T04:00:00,AWS-BHO-103,13.8,960.4,85.0,False,,low,3.2,17.9,963.26,74.58,HEALTHY,replay
2025-01-22T05:00:00,AWS-BHO-103,13.4,960.4,87.0,False,,low,2.0,17.92,963.22,74.54,HEALTHY,replay
2025-01-22T06:00:00,AWS-BHO-103,13.4,961.6,89.0,False,,low,9.4,17.93,963.17,74.54,HEALTHY,replay
2025-01-22T07:00:00,AWS-BHO-103,13.6,962.3,91.0,False,,low,10.5,17.95,963.12,74.56,HEALTHY,replay
2025-01-22T08:00:00,AWS-BHO-103,16.4,963.7,86.0,False,,low,42.8,17.96,963.08,74.6,HEALTHY,replay
2025-01-22T09:00:00,AWS-BHO-103,19.3,964.9,78.0,False,,low,23.2,17.98,963.04,74.65,HEALTHY,replay
2025-01-22T10:00:00,AWS-BHO-103,21.7,965.1,70.0,False,,low,24.0,18.0,963.0,74.67,HEALTHY,replay
2025-01-22T11:00:00,AWS-BHO-103,23.6,964.7,61.0,False,,low,24.7,18.01,962.95,74.73,HEALTHY,replay
2025-01-22T12:00:00,AWS-BHO-103,24.9,963.6,54.0,False,,low,24.6,18.03,962.91,74.81,HEALTHY,replay
2025-01-22T13:00:00,AWS-BHO-103,25.8,962.5,49.0,False,,low,21.5,18.06,962.86,74.83,HEALTHY,replay
2025-01-22T14:00:00,AWS-BHO-103,26.3,961.6,45.0,False,,low,23.1,18.09,962.81,74.79,HEALTHY,replay
2025-01-22T15:00:00,AWS-BHO-103,25.9,961.0,48.0,False,,low,17.8,18.12,962.75,74.67,HEALTHY,replay
2025-01-22T16:00:00,AWS-BHO-103,25.0,961.0,57.0,False,,low,17.5,18.16,962.7,74.58,HEALTHY,replay
2025-01-22T17:00:00,AWS-BHO-103,23.3,960.7,66.0,False,,low,22.1,18.19,962.65,74.54,HEALTHY,replay
2025-01-22T18:00:00,AWS-BHO-103,21.3,961.1,67.0,False,,low,25.5,18.25,962.6,74.38,HEALTHY,replay
2025-01-22T19:00:00,AWS-BHO-103,19.3,961.6,76.0,False,,low,19.6,18.3,962.56,74.12,HEALTHY,replay
2025-01-22T20:00:00,AWS-BHO-103,18.4,962.2,78.0,False,,low,13.0,18.34,962.53,74.04,HEALTHY,replay
2025-01-22T21:00:00,AWS-BHO-103,18.0,962.4,78.0,False,,low,6.7,18.37,962.5,74.06,HEALTHY,replay
2025-01-22T22:00:00,AWS-BHO-103,17.5,962.5,79.0,False,,low,4.2,18.4,962.48,74.04,HEALTHY,replay
2025-01-22T23:00:00,AWS-BHO-103,16.4,962.2,82.0,False,,low,1.5,18.44,962.45,73.98,HEALTHY,replay
2025-01-23T00:00:00,AWS-BHO-103,15.9,961.9,82.0,False,,low,1.0,18.45,962.42,73.96,HEALTHY,replay
2025-01-23T01:00:00,AWS-BHO-103,14.9,961.6,86.0,False,,low,1.4,18.48,962.4,73.88,HEALTHY,replay
2025-01-23T02:00:00,AWS-BHO-103,14.5,960.6,88.0,False,,low,2.9,18.49,962.39,73.88,HEALTHY,replay
2025-01-23T03:00:00,AWS-BHO-103,14.2,960.1,88.0,False,,low,3.0,18.5,962.37,73.94,HEALTHY,replay
2025-01-23T04:00:00,AWS-BHO-103,14.2,960.1,88.0,False,,low,3.2,18.5,962.34,74.0,HEALTHY,replay
2025-01-23T05:00:00,AWS-BHO-103,14.2,960.3,88.0,False,,low,2.5,18.51,962.31,74.06,HEALTHY,replay
2025-01-23T06:00:00,AWS-BHO-103,14.5,961.4,90.0,False,,low,6.9,18.54,962.29,74.06,HEALTHY,replay
2025-01-23T07:00:00,AWS-BHO-103,14.7,962.0,90.0,False,,low,4.2,18.58,962.27,74.06,HEALTHY,replay
2025-01-23T08:00:00,AWS-BHO-103,17.4,963.2,81.0,False,,low,31.1,18.64,962.25,74.0,HEALTHY,replay
2025-01-23T09:00:00,AWS-BHO-103,20.3,964.5,74.0,False,,low,24.1,18.68,962.23,73.88,HEALTHY,replay
2025-01-23T10:00:00,AWS-BHO-103,22.9,965.0,65.0,False,,low,33.7,18.72,962.21,73.81,HEALTHY,replay
2025-01-23T11:00:00,AWS-BHO-103,24.8,964.6,57.0,False,,low,24.7,18.75,962.19,73.75,HEALTHY,replay
2025-01-23T12:00:00,AWS-BHO-103,26.2,963.6,49.0,False,,low,30.0,18.79,962.18,73.69,HEALTHY,replay
2025-01-23T13:00:00,AWS-BHO-103,27.0,962.5,45.0,False,,low,16.9,18.83,962.16,73.56,HEALTHY,replay
2025-01-23T14:00:00,AWS-BHO-103,27.3,961.7,43.0,False,,low,12.1,18.88,962.13,73.44,HEALTHY,replay
2025-01-23T15:00:00,AWS-BHO-103,26.9,961.4,45.0,False,,low,13.2,18.93,962.12,73.31,HEALTHY,replay
2025-01-23T16:00:00,AWS-BHO-103,25.6,961.2,56.0,False,,low,16.2,18.97,962.1,73.25,HEALTHY,replay
2025-01-23T17:00:00,AWS-BHO-103,23.0,960.8,66.0,False,,low,34.6,19.0,962.09,73.27,HEALTHY,replay
2025-01-23T18:00:00,AWS-BHO-103,22.2,961.0,59.0,False,,low,29.7,19.04,962.07,73.23,HEALTHY,replay
2025-01-23T19:00:00,AWS-BHO-103,20.3,961.5,68.0,False,,low,21.0,19.11,962.06,72.94,HEALTHY,replay
2025-01-23T20:00:00,AWS-BHO-103,19.0,962.1,78.0,False,,low,17.0,19.17,962.05,72.73,HEALTHY,replay
2025-01-23T21:00:00,AWS-BHO-103,18.6,962.9,81.0,False,,low,21.3,19.21,962.04,72.71,HEALTHY,replay
2025-01-23T22:00:00,AWS-BHO-103,18.6,963.2,77.0,False,,low,3.7,19.26,962.04,72.73,HEALTHY,replay
2025-01-23T23:00:00,AWS-BHO-103,17.7,963.4,82.0,False,,low,2.9,19.31,962.05,72.65,HEALTHY,replay
2025-01-24T00:00:00,AWS-BHO-103,17.0,963.0,84.0,False,,low,2.5,19.36,962.09,72.69,HEALTHY,replay
2025-01-24T01:00:00,AWS-BHO-103,16.1,962.6,90.0,False,,low,2.7,19.41,962.11,72.75,HEALTHY,replay
2025-01-24T02:00:00,AWS-BHO-103,15.4,962.2,95.0,False,,low,2.9,19.44,962.15,72.88,HEALTHY,replay
2025-01-24T03:00:00,AWS-BHO-103,15.0,962.2,96.0,False,,low,2.4,19.47,962.18,73.04,HEALTHY,replay
2025-01-24T04:00:00,AWS-BHO-103,14.6,962.1,97.0,False,,low,2.8,19.49,962.21,73.27,HEALTHY,replay
2025-01-24T05:00:00,AWS-BHO-103,14.2,962.5,96.0,False,,low,3.9,19.51,962.25,73.52,HEALTHY,replay
2025-01-24T06:00:00,AWS-BHO-103,14.0,963.2,96.0,False,,low,8.6,19.53,962.29,73.71,HEALTHY,replay
2025-01-24T07:00:00,AWS-BHO-103,13.9,963.8,94.0,False,,low,11.5,19.54,962.32,73.85,HEALTHY,replay
2025-01-24T08:00:00,AWS-BHO-103,15.4,964.8,86.0,False,,low,18.7,19.55,962.35,73.92,HEALTHY,replay
2025-01-24T09:00:00,AWS-BHO-103,17.4,965.7,77.0,False,,low,20.0,19.53,962.38,73.92,HEALTHY,replay
2025-01-24T10:00:00,AWS-BHO-103,19.4,966.1,70.0,False,,low,25.3,19.49,962.39,73.9,HEALTHY,replay
2025-01-24T11:00:00,AWS-BHO-103,21.1,965.6,65.0,False,,low,13.8,19.44,962.41,73.9,HEALTHY,replay
2025-01-24T12:00:00,AWS-BHO-103,22.3,964.7,62.0,False,,low,12.4,19.39,962.43,73.98,HEALTHY,replay
2025-01-24T13:00:00,AWS-BHO-103,23.1,963.7,61.0,False,,low,7.5,19.33,962.46,74.15,HEALTHY,replay
2025-01-24T14:00:00,AWS-BHO-103,23.4,962.9,61.0,False,,low,6.3,19.28,962.48,74.4,HEALTHY,replay
2025-01-24T15:00:00,AWS-BHO-103,23.3,962.5,61.0,False,,low,2.8,19.21,962.51,74.73,HEALTHY,replay
2025-01-24T16:00:00,AWS-BHO-103,22.6,962.4,62.0,False,,low,2.4,19.16,962.54,75.0,HEALTHY,replay
2025-01-24T17:00:00,AWS-BHO-103,20.9,962.7,66.0,False,,low,3.8,19.11,962.57,75.1,HEALTHY,replay
2025-01-24T18:00:00,AWS-BHO-103,19.0,963.4,72.0,False,,low,19.5,19.06,962.61,75.1,HEALTHY,replay
2025-01-24T19:00:00,AWS-BHO-103,18.3,964.0,72.0,False,,low,17.9,19.01,962.66,75.21,HEALTHY,replay
2025-01-24T20:00:00,AWS-BHO-103,17.4,964.3,72.0,False,,low,7.3,18.99,962.71,75.12,HEALTHY,replay
2025-01-24T21:00:00,AWS-BHO-103,16.5,964.5,74.0,False,,low,3.4,18.97,962.75,75.0,HEALTHY,replay
2025-01-24T22:00:00,AWS-BHO-103,15.5,964.6,78.0,False,,low,3.2,18.94,962.8,74.92,HEALTHY,replay
2025-01-24T23:00:00,AWS-BHO-103,14.5,964.2,82.0,False,,low,5.5,18.9,962.84,74.9,HEALTHY,replay
2025-01-25T00:00:00,AWS-BHO-103,13.4,963.7,88.0,False,,low,9.9,18.86,962.88,74.9,HEALTHY,replay
2025-01-25T01:00:00,AWS-BHO-103,12.7,963.4,89.0,False,,low,5.8,18.81,962.92,75.02,HEALTHY,replay
2025-01-25T02:00:00,AWS-BHO-103,12.3,962.8,91.0,False,,low,4.7,18.76,962.96,75.08,HEALTHY,replay
2025-01-25T03:00:00,AWS-BHO-103,11.9,962.6,91.0,False,,low,2.2,18.71,963.0,75.15,HEALTHY,replay
2025-01-25T04:00:00,AWS-BHO-103,11.3,962.4,92.0,False,,low,5.4,18.67,963.05,75.21,HEALTHY,replay
2025-01-25T05:00:00,AWS-BHO-103,10.8,962.4,92.0,False,,low,4.4,18.61,963.1,75.29,HEALTHY,replay
2025-01-25T06:00:00,AWS-BHO-103,10.7,963.2,94.0,False,,low,9.4,18.54,963.15,75.38,HEALTHY,replay
2025-01-25T07:00:00,AWS-BHO-103,11.1,963.9,93.0,False,,low,9.0,18.46,963.18,75.46,HEALTHY,replay
2025-01-25T08:00:00,AWS-BHO-103,13.8,965.1,82.0,False,,low,31.5,18.38,963.22,75.52,HEALTHY,replay
2025-01-25T09:00:00,AWS-BHO-103,16.9,966.1,68.0,False,,low,39.8,18.31,963.26,75.54,HEALTHY,replay
2025-01-25T10:00:00,AWS-BHO-103,19.6,966.5,57.0,False,,low,44.1,18.24,963.3,75.42,HEALTHY,replay
2025-01-25T11:00:00,AWS-BHO-103,21.3,966.1,52.0,False,,low,24.1,18.17,963.33,75.25,HEALTHY,replay
2025-01-25T12:00:00,AWS-BHO-103,22.5,965.2,50.0,False,,low,12.2,18.09,963.36,75.15,HEALTHY,replay
2025-01-25T13:00:00,AWS-BHO-103,23.3,964.3,49.0,False,,low,6.9,18.02,963.39,75.17,HEALTHY,replay
2025-01-25T14:00:00,AWS-BHO-103,23.6,963.5,48.0,False,,low,6.1,17.94,963.43,75.25,HEALTHY,replay
2025-01-25T15:00:00,AWS-BHO-103,23.4,963.2,49.0,False,,low,3.4,17.86,963.47,75.35,HEALTHY,replay
2025-01-25T16:00:00,AWS-BHO-103,22.7,963.1,53.0,False,,low,3.5,17.79,963.5,75.44,HEALTHY,replay
2025-01-25T17:00:00,AWS-BHO-103,20.4,963.1,62.0,False,,low,12.8,17.73,963.54,75.38,HEALTHY,replay
2025-01-25T18:00:00,AWS-BHO-103,18.4,963.2,67.0,False,,low,19.0,17.68,963.59,75.29,HEALTHY,replay
2025-01-25T19:00:00,AWS-BHO-103,16.8,963.4,70.0,False,,low,22.3,17.6,963.64,75.46,HEALTHY,replay
2025-01-25T20:00:00,AWS-BHO-103,16.1,963.8,72.0,False,,low,13.8,17.52,963.68,75.5,HEALTHY,replay
2025-01-25T21:00:00,AWS-BHO-103,15.5,964.0,75.0,False,,low,5.7,17.46,963.71,75.38,HEALTHY,replay
2025-01-25T22:00:00,AWS-BHO-103,15.2,964.0,77.0,False,,low,5.0,17.4,963.74,75.25,HEALTHY,replay
2025-01-25T23:00:00,AWS-BHO-103,14.4,963.6,79.0,False,,low,4.6,17.33,963.75,75.25,HEALTHY,replay
2025-01-26T00:00:00,AWS-BHO-103,13.8,963.1,83.0,False,,low,2.5,17.26,963.76,75.19,HEALTHY,replay
2025-01-26T01:00:00,AWS-BHO-103,13.1,962.7,85.0,False,,low,2.9,17.19,963.76,75.17,HEALTHY,replay
2025-01-26T02:00:00,AWS-BHO-103,12.5,962.1,86.0,False,,low,6.6,17.13,963.76,75.06,HEALTHY,replay
2025-01-26T03:00:00,AWS-BHO-103,11.7,961.7,89.0,False,,low,6.0,17.07,963.76,74.88,HEALTHY,replay
2025-01-26T04:00:00,AWS-BHO-103,11.0,961.6,89.0,False,,low,10.3,17.0,963.75,74.73,HEALTHY,replay
2025-01-26T05:00:00,AWS-BHO-103,10.6,961.8,88.0,False,,low,7.1,16.93,963.74,74.56,HEALTHY,replay
2025-01-26T06:00:00,AWS-BHO-103,10.6,962.8,91.0,False,,low,12.9,16.85,963.72,74.4,HEALTHY,replay
2025-01-26T07:00:00,AWS-BHO-103,11.0,963.5,87.0,False,,low,11.8,16.78,963.71,74.29,HEALTHY,replay
2025-01-26T08:00:00,AWS-BHO-103,13.9,964.9,75.0,False,,low,31.2,16.72,963.71,74.15,HEALTHY,replay
2025-01-26T09:00:00,AWS-BHO-103,17.0,966.1,65.0,False,,low,43.1,16.69,963.71,73.92,HEALTHY,replay
2025-01-26T10:00:00,AWS-BHO-103,19.9,966.8,55.0,False,,low,50.9,16.68,963.72,73.67,HEALTHY,replay
2025-01-26T11:00:00,AWS-BHO-103,21.7,966.2,51.0,False,,low,31.7,16.69,963.73,73.35,HEALTHY,replay
2025-01-26T12:00:00,AWS-BHO-103,22.9,965.1,48.0,False,,low,14.5,16.7,963.75,73.06,HEALTHY,replay
2025-01-26T13:00:00,AWS-BHO-103,23.7,963.9,46.0,False,,low,9.8,16.71,963.75,72.77,HEALTHY,replay
2025-01-26T14:00:00,AWS-BHO-103,24.0,963.0,46.0,False,,low,7.8,16.73,963.76,72.46,HEALTHY,replay
2025-01-26T15:00:00,AWS-BHO-103,23.7,962.4,47.0,False,,low,4.5,16.74,963.76,72.15,HEALTHY,replay
2025-01-26T16:00:00,AWS-BHO-103,22.9,962.1,51.0,False,,low,3.3,16.75,963.76,71.85,HEALTHY,replay
2025-01-26T17:00:00,AWS-BHO-103,20.2,961.8,64.0,False,,low,32.7,16.75,963.75,71.62,HEALTHY,replay
2025-01-26T18:00:00,AWS-BHO-103,18.2,961.7,63.0,False,,low,26.0,16.74,963.73,71.58,HEALTHY,replay
2025-01-26T19:00:00,AWS-BHO-103,16.6,962.1,65.0,False,,low,13.6,16.72,963.7,71.4,HEALTHY,replay
2025-01-26T20:00:00,AWS-BHO-103,15.8,962.5,68.0,False,,low,4.9,16.69,963.66,71.25,HEALTHY,replay
2025-01-26T21:00:00,AWS-BHO-103,14.7,962.7,72.0,False,,low,3.3,16.65,963.62,71.17,HEALTHY,replay
2025-01-26T22:00:00,AWS-BHO-103,14.0,962.5,72.0,False,,low,1.8,16.62,963.58,71.12,HEALTHY,replay
2025-01-26T23:00:00,AWS-BHO-103,12.8,962.1,75.0,False,,low,3.4,16.59,963.54,71.0,HEALTHY,replay
2025-01-27T00:00:00,AWS-BHO-103,12.3,961.6,75.0,False,,low,3.0,16.55,963.5,70.85,HEALTHY,replay
2025-01-27T01:00:00,AWS-BHO-103,12.0,961.2,76.0,False,,low,2.9,16.53,963.45,70.58,HEALTHY,replay
2025-01-27T02:00:00,AWS-BHO-103,11.9,960.9,75.0,False,,low,4.2,16.51,963.41,70.31,HEALTHY,replay
2025-01-27T03:00:00,AWS-BHO-103,11.3,960.7,79.0,False,,low,3.2,16.5,963.37,69.98,HEALTHY,replay
2025-01-27T04:00:00,AWS-BHO-103,10.8,960.8,80.0,False,,low,3.8,16.49,963.33,69.73,HEALTHY,replay
2025-01-27T05:00:00,AWS-BHO-103,9.7,960.7,86.0,False,,low,13.2,16.48,963.29,69.48,HEALTHY,replay
2025-01-27T06:00:00,AWS-BHO-103,9.2,961.2,93.0,False,,low,29.3,16.46,963.26,69.35,HEALTHY,replay
2025-01-27T07:00:00,AWS-BHO-103,9.3,962.0,93.0,False,,low,30.3,16.43,963.22,69.33,HEALTHY,replay
2025-01-27T08:00:00,AWS-BHO-103,12.3,963.2,82.0,False,,low,37.3,16.39,963.18,69.33,HEALTHY,replay
2025-01-27T09:00:00,AWS-BHO-103,16.3,964.5,72.0,False,,low,41.0,16.36,963.14,69.33,HEALTHY,replay
2025-01-27T10:00:00,AWS-BHO-103,19.5,964.8,60.0,False,,low,49.9,16.35,963.1,69.42,HEALTHY,replay
2025-01-27T11:00:00,AWS-BHO-103,21.6,964.3,51.0,False,,low,28.8,16.34,963.07,69.48,HEALTHY,replay
2025-01-27T12:00:00,AWS-BHO-103,22.8,963.2,46.0,False,,low,20.1,16.35,963.03,69.46,HEALTHY,replay
2025-01-27T13:00:00,AWS-BHO-103,23.4,962.1,44.0,False,,low,10.2,16.36,962.99,69.38,HEALTHY,replay
2025-01-27T14:00:00,AWS-BHO-103,23.7,961.2,43.0,False,,low,9.2,16.36,962.94,69.27,HEALTHY,replay
2025-01-27T15:00:00,AWS-BHO-103,23.6,960.8,43.0,False,,low,5.5,16.36,962.9,69.17,HEALTHY,replay
2025-01-27T16:00:00,AWS-BHO-103,22.8,960.6,48.0,False,,low,5.3,16.36,962.85,69.04,HEALTHY,replay
2025-01-27T17:00:00,AWS-BHO-103,19.9,960.5,60.0,False,,low,25.9,16.37,962.79,68.94,HEALTHY,replay
2025-01-27T18:00:00,AWS-BHO-103,17.3,960.3,59.0,False,,low,29.3,16.36,962.74,68.9,HEALTHY,replay
2025-01-27T19:00:00,AWS-BHO-103,16.1,960.5,60.0,False,,low,11.6,16.33,962.68,68.73,HEALTHY,replay
2025-01-27T20:00:00,AWS-BHO-103,15.6,961.0,62.0,False,,low,7.3,16.32,962.62,68.52,HEALTHY,replay
2025-01-27T21:00:00,AWS-BHO-103,15.1,961.4,64.0,False,,low,2.1,16.31,962.56,68.31,HEALTHY,replay
2025-01-27T22:00:00,AWS-BHO-103,14.0,961.2,71.0,False,,low,3.1,16.3,962.51,68.08,HEALTHY,replay
2025-01-27T23:00:00,AWS-BHO-103,12.9,960.7,77.0,False,,low,3.7,16.27,962.45,67.96,HEALTHY,replay
2025-01-28T00:00:00,AWS-BHO-103,12.4,960.1,77.0,False,,low,3.9,16.24,962.39,67.92,HEALTHY,replay
2025-01-28T01:00:00,AWS-BHO-103,12.2,959.8,75.0,False,,low,3.1,16.21,962.32,67.79,HEALTHY,replay
2025-01-28T02:00:00,AWS-BHO-103,11.9,959.3,75.0,False,,low,3.7,16.2,962.26,67.58,HEALTHY,replay
2025-01-28T03:00:00,AWS-BHO-103,11.6,959.1,75.0,False,,low,3.2,16.18,962.21,67.35,HEALTHY,replay
2025-01-28T04:00:00,AWS-BHO-103,11.1,959.1,77.0,False,,low,2.8,16.18,962.15,67.06,HEALTHY,replay
2025-01-28T05:00:00,AWS-BHO-103,9.6,959.4,86.0,False,,low,20.9,16.18,962.1,66.81,HEALTHY,replay
2025-01-28T06:00:00,AWS-BHO-103,9.3,960.5,88.0,False,,low,31.3,16.16,962.05,66.77,HEALTHY,replay
2025-01-28T07:00:00,AWS-BHO-103,10.6,961.2,82.0,False,,low,16.4,16.14,962.0,66.71,HEALTHY,replay
2025-01-28T08:00:00,AWS-BHO-103,13.7,962.7,77.0,False,,low,39.3,16.13,961.95,66.6,HEALTHY,replay
2025-01-28T09:00:00,AWS-BHO-103,17.7,964.1,65.0,False,,low,43.0,16.12,961.91,66.65,HEALTHY,replay
2025-01-28T10:00:00,AWS-BHO-103,20.2,964.5,55.0,False,,low,38.2,16.14,961.87,66.65,HEALTHY,replay
2025-01-28T11:00:00,AWS-BHO-103,22.1,964.1,50.0,False,,low,23.9,16.14,961.82,66.65,HEALTHY,replay
2025-01-28T12:00:00,AWS-BHO-103,23.3,963.3,46.0,False,,low,16.3,16.15,961.77,66.62,HEALTHY,replay
2025-01-28T13:00:00,AWS-BHO-103,24.1,962.6,42.0,False,,low,10.8,16.16,961.74,66.58,HEALTHY,replay
2025-01-28T14:00:00,AWS-BHO-103,24.5,961.9,41.0,False,,low,7.4,16.17,961.71,66.5,HEALTHY,replay
2025-01-28T15:00:00,AWS-BHO-103,24.4,961.4,40.0,False,,low,7.4,16.18,961.69,66.4,HEALTHY,replay
2025-01-28T16:00:00,AWS-BHO-103,23.6,961.1,49.0,False,,low,12.8,16.19,961.67,66.25,HEALTHY,replay
2025-01-28T17:00:00,AWS-BHO-103,21.1,960.9,63.0,False,,low,35.5,16.21,961.65,66.21,HEALTHY,replay
2025-01-28T18:00:00,AWS-BHO-103,18.9,960.9,64.0,False,,low,31.9,16.23,961.63,66.19,HEALTHY,replay
2025-01-28T19:00:00,AWS-BHO-103,17.2,961.5,68.0,False,,low,29.3,16.24,961.61,66.21,HEALTHY,replay
2026-09-11T17:30:00+00:00,AWS-BHO-103,24.4,957.8,96.0,False,,low,0.0,,,,HEALTHY,live
2026-09-11T17:45:00+00:00,AWS-BHO-103,24.3,957.6,96.0,False,,low,0.0,24.4,957.8,96.0,HEALTHY,live
2026-09-11T18:00:00+00:00,AWS-BHO-103,24.2,957.5,97.0,False,,low,0.0,24.3,957.6,96.0,HEALTHY,live
2026-09-12T05:45:00+00:00,AWS-BHO-103,27.2,958.6,80.0,False,,low,0.0,,,,HEALTHY,live
2026-09-12T06:00:00+00:00,AWS-BHO-103,27.2,958.4,80.0,False,,low,0.0,27.2,958.6,80.0,HEALTHY,live
2026-09-12T06:15:00+00:00,AWS-BHO-103,27.3,958.1,80.0,False,,low,0.0,,,,HEALTHY,live
2026-09-12T06:30:00+00:00,AWS-BHO-103,28.3,957.1,74.0,False,,low,0.0,27.3,958.1,80.0,HEALTHY,live
2026-09-13T07:15:00+00:00,AWS-BHO-103,28.2,957.0,76.0,False,,low,0.0,,,,HEALTHY,live
2026-09-13T07:30:00+00:00,AWS-BHO-103,28.4,956.9,76.0,False,,low,0.0,28.2,957.0,76.0,HEALTHY,live
2026-09-13T08:00:00+00:00,AWS-BHO-103,28.4,956.5,77.0,False,,low,0.0,28.4,956.9,76.0,HEALTHY,live
2026-09-13T08:15:00+00:00,AWS-BHO-103,27.9,956.4,79.0,False,,low,0.0,28.4,956.5,77.0,HEALTHY,live
2026-09-13T08:30:00+00:00,AWS-BHO-103,27.1,956.5,82.0,False,,low,0.0,,,,HEALTHY,live
2026-09-13T08:45:00+00:00,AWS-BHO-103,26.3,956.4,86.0,False,,low,0.0,27.1,956.5,82.0,HEALTHY,live
2026-09-13T09:00:00+00:00,AWS-BHO-103,25.7,956.3,88.0,False,,low,0.0,26.3,956.4,86.0,HEALTHY,live
2026-09-13T09:15:00+00:00,AWS-BHO-103,25.4,956.1,91.0,False,,low,0.0,25.7,956.3,88.0,HEALTHY,live
2026-09-13T16:15:00+00:00,AWS-BHO-103,23.7,959.8,99.0,False,,low,0.0,25.4,956.1,91.0,HEALTHY,live
2026-09-17T16:15:00+00:00,AWS-BHO-103,23.9,961.4,97.0,False,,low,0.0,,,,HEALTHY,live
2026-09-17T17:00:00+00:00,AWS-BHO-103,23.9,961.2,97.0,False,,low,0.0,23.9,961.4,97.0,HEALTHY,live
2026-09-17T17:15:00+00:00,AWS-BHO-103,23.8,961.0,97.0,False,,low,0.0,,,,HEALTHY,live
2026-09-17T17:30:00+00:00,AWS-BHO-103,23.8,960.8,97.0,False,,low,0.0,,,,HEALTHY,live
2026-09-17T17:45:00+00:00,AWS-BHO-103,23.7,960.6,97.0,False,,low,0.0,23.8,960.8,97.0,HEALTHY,live
2026-09-17T22:15:00+00:00,AWS-BHO-103,22.8,959.1,98.0,False,,low,0.0,,,,HEALTHY,live
2026-09-17T22:30:00+00:00,AWS-BHO-103,22.9,959.4,98.0,False,,low,0.0,,,,HEALTHY,live
2026-09-17T23:00:00+00:00,AWS-BHO-103,22.9,959.8,98.0,False,,low,0.0,22.9,959.4,98.0,HEALTHY,live
2025-01-28T20:00:00,AWS-BHO-103,16.2,962.2,70.0,False,drift,low,34.2,17.89,962.02,62.94,WARNING,replay
2025-01-28T21:00:00,AWS-BHO-103,15.3,962.6,74.0,False,drift,low,34.1,17.84,962.0,63.0,OFFLINE,replay
2025-01-28T22:00:00,AWS-BHO-103,14.6,962.6,77.0,False,drift,low,34.5,17.84,962.0,63.0,OFFLINE,replay
2025-01-28T23:00:00,AWS-BHO-103,14.4,962.3,76.0,False,drift,low,34.5,17.84,962.0,63.0,OFFLINE,replay
2025-01-29T00:00:00,AWS-BHO-103,14.1,962.0,77.0,False,drift,low,34.5,17.84,962.0,63.0,OFFLINE,replay
2025-01-29T01:00:00,AWS-BHO-103,13.6,961.5,77.0,False,drift,low,35.1,17.84,962.0,63.0,OFFLINE,replay
2025-01-29T02:00:00,AWS-BHO-103,13.3,961.1,70.0,False,,low,2.4,17.84,962.0,63.0,OFFLINE,replay
2025-01-29T03:00:00,AWS-BHO-103,12.9,960.6,63.0,False,multivariate_inconsistency,low,25.7,17.84,962.0,63.0,OFFLINE,replay
2025-01-29T04:00:00,AWS-BHO-103,12.5,960.7,60.0,False,multivariate_inconsistency,low,26.9,17.84,962.0,63.0,HEALTHY,replay
2025-01-29T05:00:00,AWS-BHO-103,12.4,960.8,58.0,False,,low,0.6,17.75,961.94,62.79,OFFLINE,replay
2025-01-29T06:00:00,AWS-BHO-103,12.1,961.8,57.0,False,,low,1.8,17.75,961.94,62.79,OFFLINE,replay
2025-01-29T07:00:00,AWS-BHO-103,11.6,962.7,64.0,False,,low,2.4,17.75,961.94,62.79,OFFLINE,replay
2025-01-29T08:00:00,AWS-BHO-103,14.9,963.9,58.0,False,,low,4.9,17.75,961.94,62.79,HEALTHY,replay
2025-01-29T09:00:00,AWS-BHO-103,18.7,965.2,53.0,False,,low,9.0,17.73,961.94,62.5,WARNING,replay
2025-01-29T10:00:00,AWS-BHO-103,21.3,965.9,48.0,False,drift,low,38.7,17.79,961.97,62.04,WARNING,replay
2025-01-29T11:00:00,AWS-BHO-103,23.6,965.7,45.0,False,drift,low,36.7,17.92,962.01,61.44,WARNING,replay
2025-01-29T12:00:00,AWS-BHO-103,25.2,964.6,44.0,False,drift,low,35.6,18.11,962.05,60.73,OFFLINE,replay
2025-01-29T13:00:00,AWS-BHO-103,26.3,963.3,43.0,False,drift,low,38.7,18.11,962.05,60.73,OFFLINE,replay
2025-01-29T14:00:00,AWS-BHO-103,26.9,962.4,40.0,False,drift,low,42.6,18.11,962.05,60.73,OFFLINE,replay
2025-01-29T15:00:00,AWS-BHO-103,26.9,961.9,40.0,False,,low,10.1,18.11,962.05,60.73,OFFLINE,replay
2025-01-29T16:00:00,AWS-BHO-103,26.0,961.4,54.0,False,,low,30.5,18.11,962.05,60.73,OFFLINE,replay
2025-01-29T17:00:00,AWS-BHO-103,23.0,961.0,67.0,False,multivariate_inconsistency,low,37.0,18.11,962.05,60.73,OFFLINE,replay
2025-01-29T18:00:00,AWS-BHO-103,21.0,960.6,65.0,False,,low,23.2,18.11,962.05,60.73,OFFLINE,replay
2025-01-29T19:00:00,AWS-BHO-103,20.0,961.0,64.0,False,,low,15.9,18.11,962.05,60.73,OFFLINE,replay
2025-01-29T20:00:00,AWS-BHO-103,19.3,961.7,66.0,False,,low,14.3,18.11,962.05,60.73,OFFLINE,replay
2025-01-29T21:00:00,AWS-BHO-103,18.5,961.8,70.0,False,,low,13.3,18.11,962.05,60.73,WARNING,replay
2025-01-29T22:00:00,AWS-BHO-103,17.9,961.7,74.0,False,,low,2.0,18.21,962.02,60.46,WARNING,replay
2025-01-29T23:00:00,AWS-BHO-103,17.4,961.3,77.0,False,,low,3.8,18.31,962.0,60.23,WARNING,replay
2025-01-30T00:00:00,AWS-BHO-103,16.6,960.9,82.0,False,,low,0.3,18.18,961.95,60.88,WARNING,replay
2025-01-30T01:00:00,AWS-BHO-103,15.7,960.5,88.0,False,,low,0.7,18.02,961.91,61.62,WARNING,replay
2025-01-30T02:00:00,AWS-BHO-103,15.0,959.6,91.0,False,,low,2.0,17.86,961.87,62.48,WARNING,replay
2025-01-30T03:00:00,AWS-BHO-103,14.7,959.1,91.0,False,,low,1.0,17.69,961.81,63.31,WARNING,replay
2025-01-30T04:00:00,AWS-BHO-103,14.5,958.9,92.0,False,,low,0.6,17.58,961.76,63.88,WARNING,replay
2025-01-30T05:00:00,AWS-BHO-103,14.4,958.9,91.0,False,,low,0.8,17.5,961.7,64.48,WARNING,replay
2025-01-30T06:00:00,AWS-BHO-103,13.9,960.1,93.0,False,,low,2.4,17.46,961.63,65.02,WARNING,replay
2025-01-30T07:00:00,AWS-BHO-103,14.8,961.1,92.0,False,,low,1.7,17.42,961.58,65.54,WARNING,replay
2025-01-30T08:00:00,AWS-BHO-103,17.6,962.3,82.0,False,,low,3.3,17.42,961.55,65.96,WARNING,replay
2025-01-30T09:00:00,AWS-BHO-103,20.4,963.2,70.0,False,,low,5.0,17.49,961.55,66.17,WARNING,replay
2025-01-30T10:00:00,AWS-BHO-103,22.9,963.7,59.0,False,drift,low,42.1,17.65,961.57,66.06,WARNING,replay
2025-01-30T11:00:00,AWS-BHO-103,25.0,963.3,50.0,False,drift,low,37.3,17.87,961.61,65.73,WARNING,replay
2025-01-30T12:00:00,AWS-BHO-103,26.4,962.4,44.0,False,drift,low,37.9,18.14,961.66,65.19,WARNING,replay
2025-01-30T13:00:00,AWS-BHO-103,27.2,961.3,38.0,False,drift,low,39.5,18.45,961.69,64.54,OFFLINE,replay
2025-01-30T14:00:00,AWS-BHO-103,27.5,960.2,31.0,True,drift,medium,64.9,18.45,961.69,64.54,OFFLINE,replay
2025-01-30T15:00:00,AWS-BHO-103,27.3,959.6,30.0,False,,low,38.3,18.45,961.69,64.54,OFFLINE,replay
2025-01-30T16:00:00,AWS-BHO-103,25.9,959.2,42.0,False,,low,7.0,18.45,961.69,64.54,OFFLINE,replay
2025-01-30T17:00:00,AWS-BHO-103,22.6,958.9,52.0,False,,low,12.7,18.45,961.69,64.54,HEALTHY,replay
2025-01-30T18:00:00,AWS-BHO-103,20.6,958.8,44.0,False,,low,6.1,18.72,961.62,63.69,OFFLINE,replay
2025-01-30T19:00:00,AWS-BHO-103,19.1,958.9,47.0,False,,low,12.0,18.72,961.62,63.69,OFFLINE,replay
2025-01-30T20:00:00,AWS-BHO-103,17.4,959.5,61.0,False,,low,24.2,18.72,961.62,63.69,OFFLINE,replay
2025-01-30T21:00:00,AWS-BHO-103,17.0,960.0,74.0,False,,low,15.3,18.72,961.62,63.69,HEALTHY,replay
2025-01-30T22:00:00,AWS-BHO-103,16.9,960.2,77.0,False,,low,3.4,18.63,961.53,64.17,WARNING,replay
2025-01-30T23:00:00,AWS-BHO-103,16.2,959.8,78.0,False,drift,low,36.1,18.5,961.47,64.81,WARNING,replay
2025-01-31T00:00:00,AWS-BHO-103,15.4,959.0,77.0,False,,low,0.6,18.35,961.42,65.52,WARNING,replay
2025-01-31T01:00:00,AWS-BHO-103,14.7,958.5,76.0,False,,low,0.7,18.18,961.38,66.23,WARNING,replay
2025-01-31T02:00:00,AWS-BHO-103,13.8,958.0,77.0,False,,low,1.0,18.0,961.33,66.92,WARNING,replay
2025-01-31T03:00:00,AWS-BHO-103,13.0,957.7,77.0,False,,low,2.6,17.81,961.27,67.52,WARNING,replay
2025-01-31T04:00:00,AWS-BHO-103,12.8,957.7,75.0,False,,low,1.6,17.66,961.22,67.88,WARNING,replay
2025-01-31T05:00:00,AWS-BHO-103,12.6,958.0,74.0,False,,low,1.7,17.57,961.16,68.21,WARNING,replay
2025-01-31T06:00:00,AWS-BHO-103,12.6,959.0,78.0,False,,low,0.9,17.5,961.11,68.5,WARNING,replay
2025-01-31T07:00:00,AWS-BHO-103,12.9,959.9,78.0,False,,low,0.4,17.44,961.07,68.83,WARNING,replay
2025-01-31T08:00:00,AWS-BHO-103,15.9,961.5,71.0,False,,low,6.1,17.39,961.04,69.12,WARNING,replay
2025-01-31T09:00:00,AWS-BHO-103,19.4,963.0,64.0,False,,low,14.4,17.43,961.04,69.12,WARNING,replay
2025-01-31T10:00:00,AWS-BHO-103,22.3,963.5,53.0,False,drift,low,36.2,17.56,961.09,68.85,WARNING,replay
2025-01-31T11:00:00,AWS-BHO-103,24.2,963.0,46.0,False,drift,low,35.0,17.77,961.16,68.35,WARNING,replay
2025-01-31T12:00:00,AWS-BHO-103,25.6,962.3,40.0,False,drift,low,34.9,18.02,961.23,67.75,WARNING,replay
2025-01-31T13:00:00,AWS-BHO-103,26.4,961.2,36.0,False,drift,low,35.0,18.33,961.25,66.88,OFFLINE,replay
2025-01-31T14:00:00,AWS-BHO-103,26.5,960.6,37.0,False,drift,low,35.4,18.33,961.25,66.88,OFFLINE,replay
2025-01-31T15:00:00,AWS-BHO-103,26.3,960.0,40.0,False,,low,1.4,18.33,961.25,66.88,OFFLINE,replay
2025-01-31T16:00:00,AWS-BHO-103,25.5,959.7,48.0,False,,low,10.4,18.33,961.25,66.88,OFFLINE,replay
2025-01-31T17:00:00,AWS-BHO-103,22.9,959.4,61.0,False,,low,25.3,18.33,961.25,66.88,HEALTHY,replay
2025-01-31T18:00:00,AWS-BHO-103,20.1,959.3,56.0,False,,low,2.4,18.35,961.15,67.1,OFFLINE,replay
2025-01-31T19:00:00,AWS-BHO-103,18.9,959.8,59.0,False,,low,4.4,18.35,961.15,67.1,OFFLINE,replay
2025-01-31T20:00:00,AWS-BHO-103,17.5,960.4,64.0,False,multivariate_inconsistency,low,25.8,18.35,961.15,67.1,OFFLINE,replay
2025-01-31T21:00:00,AWS-BHO-103,16.7,960.7,67.0,False,multivariate_inconsistency,low,24.6,18.35,961.15,67.1,OFFLINE,replay
2025-01-31T22:00:00,AWS-BHO-103,16.5,960.7,70.0,False,multivariate_inconsistency,low,30.2,18.35,961.15,67.1,OFFLINE,replay
2025-01-31T23:00:00,AWS-BHO-103,16.1,960.2,73.0,False,multivariate_inconsistency,low,27.3,18.35,961.15,67.1,OFFLINE,replay
2025-02-01T00:00:00,AWS-BHO-103,15.9,959.8,73.0,False,multivariate_inconsistency,low,27.7,18.35,961.15,67.1,OFFLINE,replay
2025-02-01T01:00:00,AWS-BHO-103,15.3,959.3,74.0,False,multivariate_inconsistency,low,29.2,18.35,961.15,67.1,OFFLINE,replay
2025-02-01T02:00:00,AWS-BHO-103,14.8,958.9,75.0,False,multivariate_inconsistency,low,44.6,18.35,961.15,67.1,OFFLINE,replay
2025-02-01T03:00:00,AWS-BHO-103,13.9,958.6,79.0,True,multivariate_inconsistency,medium,61.2,18.35,961.15,67.1,OFFLINE,replay
2025-02-01T04:00:00,AWS-BHO-103,13.7,958.8,79.0,True,multivariate_inconsistency,medium,61.7,18.35,961.15,67.1,OFFLINE,replay
2025-02-01T05:00:00,AWS-BHO-103,13.3,959.1,80.0,False,,low,38.6,18.35,961.15,67.1,OFFLINE,replay
2025-02-01T06:00:00,AWS-BHO-103,12.9,960.1,85.0,False,,low,39.8,18.35,961.15,67.1,OFFLINE,replay
2025-02-01T07:00:00,AWS-BHO-103,13.5,960.9,83.0,False,,low,47.1,18.35,961.15,67.1,WARNING,replay
2025-02-01T08:00:00,AWS-BHO-103,16.7,962.4,76.0,False,,low,12.6,18.15,961.1,67.88,OFFLINE,replay
2025-02-01T09:00:00,AWS-BHO-103,20.0,963.6,69.0,False,,low,40.5,18.15,961.1,67.88,OFFLINE,replay
2025-02-01T10:00:00,AWS-BHO-103,22.6,964.2,57.0,False,,low,28.3,18.15,961.1,67.88,OFFLINE,replay
2025-02-01T11:00:00,AWS-BHO-103,24.2,964.0,50.0,False,,low,17.1,18.15,961.1,67.88,HEALTHY,replay
2025-02-01T12:00:00,AWS-BHO-103,25.3,963.3,47.0,False,,low,0.8,18.15,961.13,68.04,WARNING,replay
2025-02-01T13:00:00,AWS-BHO-103,26.1,962.5,44.0,False,,low,2.6,18.16,961.16,68.17,WARNING,replay
2025-02-01T14:00:00,AWS-BHO-103,26.4,961.6,43.0,False,drift,low,34.3,18.2,961.19,68.25,WARNING,replay
2025-02-01T15:00:00,AWS-BHO-103,26.3,961.2,45.0,False,,low,0.3,18.26,961.2,68.12,WARNING,replay
2025-02-01T16:00:00,AWS-BHO-103,25.7,961.1,52.0,False,,low,0.4,18.37,961.2,67.75,WARNING,replay
2025-02-01T17:00:00,AWS-BHO-103,24.0,961.2,66.0,False,,low,2.2,18.51,961.21,67.5,WARNING,replay
2025-02-01T18:00:00,AWS-BHO-103,22.4,961.2,63.0,False,,low,0.6,18.65,961.2,67.46,WARNING,replay
2025-02-01T19:00:00,AWS-BHO-103,20.3,961.6,69.0,False,,low,0.3,18.78,961.18,67.31,WARNING,replay
2025-02-01T20:00:00,AWS-BHO-103,18.8,962.2,71.0,False,,low,0.6,18.94,961.2,67.5,WARNING,replay
2025-02-01T21:00:00,AWS-BHO-103,18.3,962.6,69.0,False,,low,0.1,19.02,961.16,67.77,WARNING,replay
2025-02-01T22:00:00,AWS-BHO-103,17.1,962.5,72.0,False,drift,low,34.1,19.01,961.11,68.1,WARNING,replay
2025-02-01T23:00:00,AWS-BHO-103,16.4,962.2,72.0,False,drift,low,34.1,18.93,961.04,68.6,WARNING,replay
2025-02-02T00:00:00,AWS-BHO-103,15.6,961.8,67.0,False,drift,low,34.4,18.78,960.96,69.17,WARNING,replay
2025-02-02T01:00:00,AWS-BHO-103,14.9,961.6,67.0,False,drift,low,34.1,18.72,960.96,69.1,OFFLINE,replay
2025-02-02T02:00:00,AWS-BHO-103,14.3,960.9,68.0,False,drift,low,34.8,18.72,960.96,69.1,OFFLINE,replay
2025-02-02T03:00:00,AWS-BHO-103,13.6,960.6,72.0,False,drift,low,35.9,18.72,960.96,69.1,OFFLINE,replay
2025-02-02T04:00:00,AWS-BHO-103,13.5,960.5,74.0,False,,low,1.2,18.72,960.96,69.1,OFFLINE,replay
2025-02-02T05:00:00,AWS-BHO-103,13.4,960.6,74.0,False,,low,1.7,18.72,960.96,69.1,OFFLINE,replay
2025-02-02T06:00:00,AWS-BHO-103,13.3,961.8,79.0,False,,low,1.5,18.72,960.96,69.1,HEALTHY,replay
2025-02-02T07:00:00,AWS-BHO-103,13.8,962.5,78.0,False,,low,0.3,18.62,960.97,69.21,OFFLINE,replay
2025-02-02T08:00:00,AWS-BHO-103,16.7,964.1,69.0,False,,low,10.5,18.62,960.97,69.21,OFFLINE,replay
2025-02-02T09:00:00,AWS-BHO-103,20.0,965.5,62.0,False,,low,42.9,18.62,960.97,69.21,OFFLINE,replay
2025-02-02T10:00:00,AWS-BHO-103,22.6,966.2,52.0,False,,low,33.8,18.62,960.97,69.21,HEALTHY,replay
2025-02-02T11:00:00,AWS-BHO-103,24.4,965.6,44.0,False,,low,5.2,18.73,961.07,68.69,WARNING,replay
2025-02-02T12:00:00,AWS-BHO-103,25.4,964.7,41.0,False,,low,6.0,18.89,961.17,67.9,WARNING,replay
2025-02-02T13:00:00,AWS-BHO-103,26.0,963.7,41.0,False,,low,0.4,19.09,961.25,66.92,WARNING,replay
2025-02-02T14:00:00,AWS-BHO-103,26.3,962.9,41.0,False,,low,0.3,19.32,961.34,65.88,WARNING,replay
2025-02-02T15:00:00,AWS-BHO-103,26.2,962.5,42.0,False,,low,0.2,19.56,961.42,64.83,WARNING,replay
2025-02-02T16:00:00,AWS-BHO-103,25.4,962.4,47.0,False,,low,0.3,19.81,961.49,63.79,WARNING,replay
2025-02-02T17:00:00,AWS-BHO-103,22.9,962.3,60.0,False,,low,2.2,20.04,961.57,62.88,WARNING,replay
2025-02-02T18:00:00,AWS-BHO-103,20.6,962.3,60.0,False,,low,0.8,20.22,961.61,62.19,WARNING,replay
2025-02-02T19:00:00,AWS-BHO-103,20.3,962.6,56.0,False,,low,0.4,20.35,961.64,61.52,WARNING,replay
2025-02-02T20:00:00,AWS-BHO-103,19.1,962.8,59.0,False,,low,0.2,20.4,961.64,60.98,WARNING,replay
2025-02-02T21:00:00,AWS-BHO-103,18.5,962.9,61.0,False,,low,0.1,20.38,961.64,60.75,WARNING,replay
2025-02-02T22:00:00,AWS-BHO-103,17.9,963.1,65.0,False,drift,low,34.1,20.28,961.62,60.79,WARNING,replay
2025-02-02T23:00:00,AWS-BHO-103,17.2,962.8,69.0,False,drift,low,34.1,20.14,961.61,61.1,WARNING,replay
2025-02-03T00:00:00,AWS-BHO-103,16.5,962.2,70.0,False,drift,low,34.1,19.94,961.62,61.62,WARNING,replay
2025-02-03T01:00:00,AWS-BHO-103,16.2,961.6,69.0,False,drift,low,34.1,19.82,961.69,62.0,OFFLINE,replay
2025-02-03T02:00:00,AWS-BHO-103,15.7,960.9,72.0,False,drift,low,34.3,19.82,961.69,62.0,OFFLINE,replay
2025-02-03T03:00:00,AWS-BHO-103,15.5,960.6,72.0,False,drift,low,34.7,19.82,961.69,62.0,OFFLINE,replay
2025-02-03T04:00:00,AWS-BHO-103,15.6,960.4,72.0,False,drift,low,34.5,19.82,961.69,62.0,OFFLINE,replay
2025-02-03T05:00:00,AWS-BHO-103,15.1,960.6,74.0,False,drift,low,35.3,19.82,961.69,62.0,OFFLINE,replay
2025-02-03T06:00:00,AWS-BHO-103,15.2,961.7,77.0,False,drift,low,34.4,19.82,961.69,62.0,OFFLINE,replay
2025-02-03T07:00:00,AWS-BHO-103,15.3,962.5,80.0,False,,low,1.5,19.82,961.69,62.0,OFFLINE,replay
2025-02-03T08:00:00,AWS-BHO-103,18.1,963.6,71.0,False,,low,1.7,19.82,961.69,62.0,OFFLINE,replay
2025-02-03T09:00:00,AWS-BHO-103,21.0,964.9,62.0,False,,low,17.3,19.82,961.69,62.0,OFFLINE,replay
2025-02-03T10:00:00,AWS-BHO-103,23.3,965.4,57.0,False,,low,25.3,19.82,961.69,62.0,OFFLINE,replay
2025-02-03T11:00:00,AWS-BHO-103,25.3,964.7,54.0,False,,low,30.1,19.82,961.69,62.0,OFFLINE,replay
2025-02-03T12:00:00,AWS-BHO-103,26.9,963.7,51.0,False,,low,34.4,19.82,961.69,62.0,OFFLINE,replay
2025-02-03T13:00:00,AWS-BHO-103,27.9,962.5,50.0,False,,low,22.4,19.82,961.69,62.0,WARNING,replay
2025-02-03T14:00:00,AWS-BHO-103,28.7,961.7,49.0,False,,low,2.0,20.04,961.74,61.5,WARNING,replay
2025-02-03T15:00:00,AWS-BHO-103,28.9,961.3,49.0,False,,low,1.4,20.29,961.77,60.92,WARNING,replay
2025-02-03T16:00:00,AWS-BHO-103,28.4,961.3,54.0,False,,low,0.5,20.55,961.81,60.31,WARNING,replay
2025-02-03T17:00:00,AWS-BHO-103,26.1,961.1,66.0,False,,low,1.4,20.82,961.85,59.83,WARNING,replay
2025-02-03T18:00:00,AWS-BHO-103,24.5,961.9,57.0,False,,low,1.2,21.06,961.91,59.62,WARNING,replay
2025-02-03T19:00:00,AWS-BHO-103,22.7,962.1,63.0,False,,low,0.5,21.29,961.99,59.21,WARNING,replay
2025-02-03T20:00:00,AWS-BHO-103,21.4,962.6,69.0,False,,low,0.4,21.49,962.08,58.92,WARNING,replay
2025-02-03T21:00:00,AWS-BHO-103,20.8,963.0,71.0,False,,low,0.5,21.67,962.18,58.79,WARNING,replay
2025-02-03T22:00:00,AWS-BHO-103,20.3,963.1,73.0,False,drift,low,34.5,21.84,962.29,58.73,WARNING,replay
2025-02-03T23:00:00,AWS-BHO-103,18.6,963.0,83.0,False,drift,low,40.8,22.0,962.37,58.62,WARNING,replay
2025-02-04T00:00:00,AWS-BHO-103,18.1,962.6,87.0,False,drift,low,35.9,22.12,962.44,58.73,WARNING,replay
2025-02-04T01:00:00,AWS-BHO-103,18.4,962.2,87.0,False,,low,1.9,22.16,962.46,59.06,WARNING,replay
2025-02-04T02:00:00,AWS-BHO-103,18.0,961.5,85.0,False,,low,1.1,22.14,962.44,59.54,WARNING,replay
2025-02-04T03:00:00,AWS-BHO-103,17.2,961.3,85.0,False,,low,1.0,22.05,962.4,60.21,WARNING,replay
2025-02-04T04:00:00,AWS-BHO-103,17.1,961.1,83.0,False,,low,0.4,21.91,962.37,61.02,WARNING,replay
2025-02-04T05:00:00,AWS-BHO-103,16.9,961.2,84.0,False,drift,low,34.3,21.73,962.34,61.92,OFFLINE,replay
2025-02-04T06:00:00,AWS-BHO-103,16.7,962.0,86.0,False,drift,low,34.7,21.73,962.34,61.92,OFFLINE,replay
2025-02-04T07:00:00,AWS-BHO-103,17.2,962.7,84.0,False,,low,1.3,21.73,962.34,61.92,OFFLINE,replay
2025-02-04T08:00:00,AWS-BHO-103,20.1,964.0,75.0,False,,low,7.8,21.73,962.34,61.92,OFFLINE,replay
2025-02-04T09:00:00,AWS-BHO-103,22.8,965.2,68.0,False,,low,48.1,21.73,962.34,61.92,HEALTHY,replay
2025-02-04T10:00:00,AWS-BHO-103,25.3,965.7,62.0,False,,low,7.5,21.73,962.46,62.06,WARNING,replay
2025-02-04T11:00:00,AWS-BHO-103,27.3,965.5,57.0,False,drift,low,41.2,21.97,962.56,61.62,WARNING,replay
2025-02-04T12:00:00,AWS-BHO-103,28.6,964.3,52.0,False,drift,low,35.5,22.04,962.59,61.77,WARNING,replay
2025-02-04T13:00:00,AWS-BHO-103,29.6,963.1,48.0,False,drift,low,35.1,22.11,962.61,61.88,WARNING,replay
2025-02-04T14:00:00,AWS-BHO-103,29.7,962.1,45.0,False,drift,low,34.9,22.18,962.63,61.96,OFFLINE,replay
2025-02-04T15:00:00,AWS-BHO-103,29.4,961.5,43.0,False,,low,4.2,22.18,962.63,61.96,OFFLINE,replay
2025-02-04T16:00:00,AWS-BHO-103,28.5,961.0,48.0,False,,low,3.4,22.18,962.63,61.96,OFFLINE,replay
2025-02-04T17:00:00,AWS-BHO-103,26.1,960.9,59.0,False,,low,4.5,22.18,962.63,61.96,WARNING,replay
2025-02-04T18:00:00,AWS-BHO-103,23.1,961.1,69.0,False,,low,1.0,22.17,962.61,62.29,OFFLINE,replay
2025-02-04T19:00:00,AWS-BHO-103,21.8,961.4,78.0,False,,low,15.2,22.17,962.61,62.29,OFFLINE,replay
2025-02-04T20:00:00,AWS-BHO-103,21.8,962.0,82.0,False,,low,33.7,22.17,962.61,62.29,OFFLINE,replay
2025-02-04T21:00:00,AWS-BHO-103,21.1,962.2,86.0,False,,low,40.3,22.17,962.61,62.29,WARNING,replay
2025-02-04T22:00:00,AWS-BHO-103,20.7,962.1,86.0,False,,low,2.5,22.06,962.63,63.15,WARNING,replay
2025-02-04T23:00:00,AWS-BHO-103,20.8,961.8,79.0,False,,low,1.1,21.96,962.65,63.85,WARNING,replay
2025-02-05T00:00:00,AWS-BHO-103,20.2,961.5,67.0,False,,low,1.6,21.89,962.67,64.12,WARNING,replay
2025-02-05T01:00:00,AWS-BHO-103,19.4,961.2,67.0,False,,low,0.2,21.85,962.67,64.21,WARNING,replay
2025-02-05T02:00:00,AWS-BHO-103,18.2,961.1,72.0,False,,low,0.1,21.83,962.66,64.17,WARNING,replay
2025-02-05T03:00:00,AWS-BHO-103,17.1,961.0,77.0,False,,low,0.2,21.82,962.64,64.19,WARNING,replay
2025-02-05T04:00:00,AWS-BHO-103,16.9,961.1,81.0,False,,low,0.2,21.79,962.61,64.35,WARNING,replay
2025-02-05T05:00:00,AWS-BHO-103,16.5,961.3,85.0,False,drift,low,34.3,21.79,962.58,64.54,WARNING,replay
2025-02-05T06:00:00,AWS-BHO-103,15.8,962.5,92.0,False,drift,low,38.2,21.79,962.56,64.81,WARNING,replay
2025-02-05T07:00:00,AWS-BHO-103,15.8,963.3,93.0,False,,low,1.9,21.79,962.58,65.33,WARNING,replay
2025-02-05T08:00:00,AWS-BHO-103,17.9,964.7,85.0,False,,low,6.2,21.85,962.61,65.62,WARNING,replay
2025-02-05T09:00:00,AWS-BHO-103,20.1,965.5,76.0,False,,low,2.0,21.75,962.57,66.31,WARNING,replay
2025-02-05T10:00:00,AWS-BHO-103,22.1,965.9,68.0,False,,low,1.1,21.66,962.57,66.98,WARNING,replay
2025-02-05T11:00:00,AWS-BHO-103,23.6,965.5,61.0,False,drift,low,34.6,21.59,962.6,67.54,WARNING,replay
2025-02-05T12:00:00,AWS-BHO-103,24.7,964.5,55.0,False,drift,low,34.6,21.54,962.64,67.96,OFFLINE,replay
2025-02-05T13:00:00,AWS-BHO-103,25.4,963.5,52.0,False,drift,low,35.3,21.54,962.64,67.96,OFFLINE,replay
2025-02-05T14:00:00,AWS-BHO-103,25.6,962.6,49.0,False,drift,low,39.1,21.54,962.64,67.96,OFFLINE,replay
2025-02-05T15:00:00,AWS-BHO-103,25.5,962.1,48.0,False,,low,7.2,21.54,962.64,67.96,OFFLINE,replay
2025-02-05T16:00:00,AWS-BHO-103,24.9,962.3,50.0,False,,low,5.5,21.54,962.64,67.96,OFFLINE,replay
2025-02-05T17:00:00,AWS-BHO-103,22.9,962.1,61.0,False,,low,1.5,21.54,962.64,67.96,HEALTHY,replay
2025-02-05T18:00:00,AWS-BHO-103,20.1,962.4,64.0,False,,low,1.1,21.47,962.62,68.38,OFFLINE,replay
2025-02-05T19:00:00,AWS-BHO-103,19.3,963.0,66.0,False,,low,2.6,21.47,962.62,68.38,OFFLINE,replay
2025-02-05T20:00:00,AWS-BHO-103,19.5,963.8,62.0,False,,low,6.9,21.47,962.62,68.38,OFFLINE,replay
2025-02-05T21:00:00,AWS-BHO-103,18.6,964.5,57.0,False,multivariate_inconsistency,low,30.0,21.47,962.62,68.38,OFFLINE,replay
2025-02-05T22:00:00,AWS-BHO-103,17.5,964.5,62.0,False,multivariate_inconsistency,low,29.5,21.47,962.62,68.38,OFFLINE,replay
2025-02-05T23:00:00,AWS-BHO-103,16.7,964.4,69.0,False,multivariate_inconsistency,low,29.1,21.47,962.62,68.38,OFFLINE,replay
2025-02-06T00:00:00,AWS-BHO-103,16.1,964.2,73.0,False,multivariate_inconsistency,low,30.5,21.47,962.62,68.38,OFFLINE,replay
2025-02-06T01:00:00,AWS-BHO-103,15.5,964.2,71.0,False,multivariate_inconsistency,low,31.0,21.47,962.62,68.38,OFFLINE,replay
2025-02-06T02:00:00,AWS-BHO-103,14.9,963.6,67.0,False,multivariate_inconsistency,low,30.1,21.47,962.62,68.38,OFFLINE,replay
2025-02-06T03:00:00,AWS-BHO-103,14.3,963.3,62.0,False,multivariate_inconsistency,low,27.5,21.47,962.62,68.38,OFFLINE,replay
2025-02-06T04:00:00,AWS-BHO-103,13.8,963.3,57.0,False,multivariate_inconsistency,low,31.3,21.47,962.62,68.38,OFFLINE,replay
2025-02-06T05:00:00,AWS-BHO-103,13.3,963.7,53.0,False,multivariate_inconsistency,low,40.6,21.47,962.62,68.38,OFFLINE,replay
2025-02-06T06:00:00,AWS-BHO-103,12.5,964.7,58.0,False,multivariate_inconsistency,low,40.6,21.47,962.62,68.38,OFFLINE,replay
2025-02-06T07:00:00,AWS-BHO-103,12.4,965.5,58.0,False,multivariate_inconsistency,low,40.7,21.47,962.62,68.38,OFFLINE,replay
2025-02-06T08:00:00,AWS-BHO-103,14.1,966.7,56.0,False,multivariate_inconsistency,low,44.5,21.47,962.62,68.38,OFFLINE,replay
2025-02-06T09:00:00,AWS-BHO-103,16.4,967.4,47.0,True,multivariate_inconsistency,low,50.6,21.47,962.62,68.38,OFFLINE,replay
2025-02-06T10:00:00,AWS-BHO-103,18.6,968.0,41.0,True,multivariate_inconsistency,low,50.5,21.47,962.62,68.38,OFFLINE,replay
2025-02-06T11:00:00,AWS-BHO-103,20.3,967.6,36.0,False,multivariate_inconsistency,low,42.9,21.47,962.62,68.38,OFFLINE,replay
2025-02-06T12:00:00,AWS-BHO-103,21.5,966.9,33.0,False,multivariate_inconsistency,low,45.8,21.47,962.62,68.38,OFFLINE,replay
2025-02-06T13:00:00,AWS-BHO-103,22.2,965.9,33.0,False,multivariate_inconsistency,low,41.0,21.47,962.62,68.38,OFFLINE,replay
2025-02-06T14:00:00,AWS-BHO-103,22.5,964.8,32.0,False,multivariate_inconsistency,low,38.1,21.47,962.62,68.38,OFFLINE,replay
2025-02-06T15:00:00,AWS-BHO-103,22.3,964.0,33.0,False,multivariate_inconsistency,low,33.0,21.47,962.62,68.38,OFFLINE,replay
2025-02-06T16:00:00,AWS-BHO-103,21.6,963.6,36.0,False,multivariate_inconsistency,low,32.7,21.47,962.62,68.38,OFFLINE,replay
2025-02-06T17:00:00,AWS-BHO-103,19.6,963.5,43.0,False,multivariate_inconsistency,low,29.6,21.47,962.62,68.38,OFFLINE,replay
2025-02-06T18:00:00,AWS-BHO-103,17.2,964.2,45.0,True,multivariate_inconsistency,low,51.0,21.47,962.62,68.38,OFFLINE,replay
2025-02-06T19:00:00,AWS-BHO-103,16.5,964.6,47.0,True,multivariate_inconsistency,low,54.6,21.47,962.62,68.38,OFFLINE,replay
2025-02-06T20:00:00,AWS-BHO-103,16.2,965.4,47.0,True,multivariate_inconsistency,medium,56.8,21.47,962.62,68.38,OFFLINE,replay
2025-02-06T21:00:00,AWS-BHO-103,15.7,965.7,48.0,True,multivariate_inconsistency,low,53.2,21.47,962.62,68.38,OFFLINE,replay
2025-02-06T22:00:00,AWS-BHO-103,15.1,965.6,51.0,True,multivariate_inconsistency,low,54.7,21.47,962.62,68.38,OFFLINE,replay
2025-02-06T23:00:00,AWS-BHO-103,14.1,965.3,56.0,False,multivariate_inconsistency,low,43.0,21.47,962.62,68.38,OFFLINE,replay
2025-02-07T00:00:00,AWS-BHO-103,13.5,965.0,58.0,False,multivariate_inconsistency,low,35.5,21.47,962.62,68.38,OFFLINE,replay
2025-02-07T01:00:00,AWS-BHO-103,13.1,964.4,58.0,False,multivariate_inconsistency,low,39.1,21.47,962.62,68.38,OFFLINE,replay
2025-02-07T02:00:00,AWS-BHO-103,13.4,963.9,55.0,False,multivariate_inconsistency,low,41.5,21.47,962.62,68.38,OFFLINE,replay
2025-02-07T03:00:00,AWS-BHO-103,13.2,963.7,55.0,False,multivariate_inconsistency,low,41.3,21.47,962.62,68.38,OFFLINE,replay
2025-02-07T04:00:00,AWS-BHO-103,12.8,963.9,56.0,False,multivariate_inconsistency,low,40.4,21.47,962.62,68.38,OFFLINE,replay
2025-02-07T05:00:00,AWS-BHO-103,12.4,964.3,55.0,False,multivariate_inconsistency,low,42.8,21.47,962.62,68.38,OFFLINE,replay
2025-02-07T06:00:00,AWS-BHO-103,12.3,965.6,59.0,False,multivariate_inconsistency,low,41.2,21.47,962.62,68.38,OFFLINE,replay
2025-02-07T07:00:00,AWS-BHO-103,12.1,966.6,62.0,False,multivariate_inconsistency,low,43.1,21.47,962.62,68.38,OFFLINE,replay
2025-02-07T08:00:00,AWS-BHO-103,13.8,967.8,61.0,False,multivariate_inconsistency,low,49.1,21.47,962.62,68.38,OFFLINE,replay
2025-02-07T09:00:00,AWS-BHO-103,16.1,968.7,54.0,False,multivariate_inconsistency,low,46.0,21.47,962.62,68.38,OFFLINE,replay
2025-02-07T10:00:00,AWS-BHO-103,18.3,969.2,47.0,False,multivariate_inconsistency,low,48.8,21.47,962.62,68.38,OFFLINE,replay
2025-02-07T11:00:00,AWS-BHO-103,20.2,968.8,38.0,False,multivariate_inconsistency,low,43.8,21.47,962.62,68.38,OFFLINE,replay
2025-02-07T12:00:00,AWS-BHO-103,21.6,967.9,33.0,False,multivariate_inconsistency,low,44.9,21.47,962.62,68.38,OFFLINE,replay
2025-02-07T13:00:00,AWS-BHO-103,22.6,966.7,31.0,False,multivariate_inconsistency,low,42.8,21.47,962.62,68.38,OFFLINE,replay
2025-02-07T14:00:00,AWS-BHO-103,23.1,965.5,31.0,False,multivariate_inconsistency,low,42.5,21.47,962.62,68.38,OFFLINE,replay
2025-02-07T15:00:00,AWS-BHO-103,23.1,965.1,32.0,False,multivariate_inconsistency,low,36.4,21.47,962.62,68.38,OFFLINE,replay
2025-02-07T16:00:00,AWS-BHO-103,22.6,964.9,36.0,False,multivariate_inconsistency,low,34.6,21.47,962.62,68.38,OFFLINE,replay
2025-02-07T17:00:00,AWS-BHO-103,20.3,964.4,52.0,False,,low,8.8,21.47,962.62,68.38,OFFLINE,replay
2025-02-07T18:00:00,AWS-BHO-103,17.6,964.5,47.0,True,multivariate_inconsistency,low,50.1,21.47,962.62,68.38,OFFLINE,replay
2025-02-07T19:00:00,AWS-BHO-103,16.6,964.8,47.0,True,multivariate_inconsistency,low,54.6,21.47,962.62,68.38,OFFLINE,replay
2025-02-07T20:00:00,AWS-BHO-103,16.1,965.4,48.0,True,multivariate_inconsistency,medium,55.8,21.47,962.62,68.38,OFFLINE,replay
2025-02-07T21:00:00,AWS-BHO-103,15.5,965.4,49.0,True,multivariate_inconsistency,low,53.8,21.47,962.62,68.38,OFFLINE,replay
2025-02-07T22:00:00,AWS-BHO-103,15.1,965.3,51.0,True,multivariate_inconsistency,low,54.0,21.47,962.62,68.38,OFFLINE,replay
2025-02-07T23:00:00,AWS-BHO-103,14.3,964.9,55.0,False,multivariate_inconsistency,low,43.5,21.47,962.62,68.38,OFFLINE,replay
2025-02-08T00:00:00,AWS-BHO-103,13.6,964.2,58.0,False,multivariate_inconsistency,low,32.8,21.47,962.62,68.38,OFFLINE,replay
2025-02-08T01:00:00,AWS-BHO-103,12.9,963.6,60.0,False,multivariate_inconsistency,low,35.5,21.47,962.62,68.38,OFFLINE,replay
2025-02-08T02:00:00,AWS-BHO-103,12.0,963.0,62.0,False,multivariate_inconsistency,low,29.9,21.47,962.62,68.38,OFFLINE,replay
2025-02-08T03:00:00,AWS-BHO-103,11.7,962.7,63.0,False,multivariate_inconsistency,low,28.1,21.47,962.62,68.38,OFFLINE,replay
2025-02-08T04:00:00,AWS-BHO-103,11.2,962.5,64.0,False,multivariate_inconsistency,low,29.3,21.47,962.62,68.38,OFFLINE,replay
2025-02-08T05:00:00,AWS-BHO-103,10.9,962.8,64.0,False,multivariate_inconsistency,low,30.5,21.47,962.62,68.38,OFFLINE,replay
2025-02-08T06:00:00,AWS-BHO-103,10.4,963.5,69.0,False,multivariate_inconsistency,low,39.6,21.47,962.62,68.38,OFFLINE,replay
2025-02-08T07:00:00,AWS-BHO-103,10.7,964.5,70.0,False,multivariate_inconsistency,low,47.7,21.47,962.62,68.38,OFFLINE,replay
2025-02-08T08:00:00,AWS-BHO-103,13.6,965.9,63.0,False,multivariate_inconsistency,low,40.6,21.47,962.62,68.38,OFFLINE,replay
2025-02-08T09:00:00,AWS-BHO-103,16.9,967.2,55.0,False,multivariate_inconsistency,low,47.1,21.47,962.62,68.38,OFFLINE,replay
2025-02-08T10:00:00,AWS-BHO-103,19.9,967.9,46.0,False,multivariate_inconsistency,low,32.6,21.47,962.62,68.38,OFFLINE,replay
2025-02-08T11:00:00,AWS-BHO-103,22.1,967.4,38.0,False,multivariate_inconsistency,low,36.8,21.47,962.62,68.38,OFFLINE,replay
2025-02-08T12:00:00,AWS-BHO-103,23.7,966.5,34.0,False,multivariate_inconsistency,low,40.2,21.47,962.62,68.38,WARNING,replay
2025-02-08T13:00:00,AWS-BHO-103,24.7,965.4,31.0,False,,low,2.2,21.42,962.7,68.21,OFFLINE,replay
2025-02-08T14:00:00,AWS-BHO-103,25.2,964.4,30.0,False,,low,4.1,21.42,962.7,68.21,OFFLINE,replay
2025-02-08T15:00:00,AWS-BHO-103,25.1,963.8,31.0,False,,low,4.0,21.42,962.7,68.21,OFFLINE,replay
2025-02-08T16:00:00,AWS-BHO-103,24.4,963.7,37.0,False,,low,4.0,21.42,962.7,68.21,WARNING,replay
2025-02-08T17:00:00,AWS-BHO-103,21.6,963.6,51.0,False,,low,2.8,21.4,962.73,68.0,WARNING,replay
2025-02-08T18:00:00,AWS-BHO-103,18.7,963.4,49.0,False,,low,4.1,21.37,962.76,67.81,WARNING,replay
2025-02-08T19:00:00,AWS-BHO-103,17.4,963.9,53.0,False,,low,0.6,21.33,962.78,67.58,WARNING,replay
2025-02-08T20:00:00,AWS-BHO-103,16.6,964.3,55.0,False,,low,0.5,21.27,962.81,67.52,WARNING,replay
2025-02-08T21:00:00,AWS-BHO-103,15.9,964.4,56.0,False,,low,0.4,21.22,962.84,67.44,WARNING,replay
2025-02-08T22:00:00,AWS-BHO-103,15.0,964.3,56.0,False,,low,0.5,21.16,962.87,67.33,WARNING,replay
2025-02-08T23:00:00,AWS-BHO-103,14.4,964.0,56.0,False,drift,low,34.6,21.1,962.89,67.15,WARNING,replay
2025-02-09T00:00:00,AWS-BHO-103,14.2,963.3,57.0,False,drift,low,34.4,21.04,962.92,66.88,WARNING,replay
2025-02-09T01:00:00,AWS-BHO-103,13.8,962.7,61.0,False,drift,low,34.2,21.0,962.94,66.6,WARNING,replay
2025-02-09T02:00:00,AWS-BHO-103,13.5,962.2,63.0,False,drift,low,34.2,20.7,962.95,66.83,OFFLINE,replay
2025-02-09T03:00:00,AWS-BHO-103,13.3,961.9,65.0,False,drift,low,34.4,20.7,962.95,66.83,OFFLINE,replay
2025-02-09T04:00:00,AWS-BHO-103,13.2,961.8,64.0,False,drift,low,34.5,20.7,962.95,66.83,OFFLINE,replay
2025-02-09T05:00:00,AWS-BHO-103,13.1,961.9,64.0,False,drift,low,34.3,20.7,962.95,66.83,OFFLINE,replay
2025-02-09T06:00:00,AWS-BHO-103,12.8,962.6,68.0,False,drift,low,34.4,20.7,962.95,66.83,OFFLINE,replay
2025-02-09T07:00:00,AWS-BHO-103,13.3,963.4,70.0,False,,low,1.1,20.7,962.95,66.83,OFFLINE,replay
2025-02-09T08:00:00,AWS-BHO-103,16.6,964.7,62.0,False,,low,8.9,20.7,962.95,66.83,OFFLINE,replay
2025-02-09T09:00:00,AWS-BHO-103,20.0,965.9,56.0,False,,low,27.4,20.7,962.95,66.83,HEALTHY,replay
2025-02-09T10:00:00,AWS-BHO-103,22.9,966.4,50.0,False,,low,2.1,20.52,963.03,66.98,OFFLINE,replay
2025-02-09T11:00:00,AWS-BHO-103,25.1,965.9,42.0,False,,low,5.9,20.52,963.03,66.98,OFFLINE,replay
2025-02-09T12:00:00,AWS-BHO-103,26.4,964.9,39.0,False,,low,10.5,20.52,963.03,66.98,OFFLINE,replay
2025-02-09T13:00:00,AWS-BHO-103,27.2,963.8,39.0,False,,low,16.9,20.52,963.03,66.98,HEALTHY,replay
2025-02-09T14:00:00,AWS-BHO-103,27.5,962.7,39.0,False,,low,2.2,20.49,963.09,66.77,WARNING,replay
2025-02-09T15:00:00,AWS-BHO-103,27.6,962.2,39.0,False,,low,1.3,20.47,963.11,66.46,WARNING,replay
2025-02-09T16:00:00,AWS-BHO-103,27.3,962.0,43.0,False,,low,0.4,20.5,963.14,65.9,WARNING,replay
2025-02-09T17:00:00,AWS-BHO-103,24.6,961.8,66.0,False,,low,8.7,20.56,963.14,65.6,WARNING,replay
2025-02-09T18:00:00,AWS-BHO-103,21.4,961.6,62.0,False,,low,2.7,20.6,963.13,65.67,WARNING,replay
2025-02-09T19:00:00,AWS-BHO-103,20.7,962.1,60.0,False,,low,0.6,20.6,963.11,65.52,WARNING,replay
2025-02-09T20:00:00,AWS-BHO-103,20.1,962.6,62.0,False,,low,0.2,20.59,963.09,65.29,WARNING,replay
2025-02-09T21:00:00,AWS-BHO-103,19.9,963.0,63.0,False,,low,0.1,20.59,963.08,65.06,WARNING,replay
2025-02-09T22:00:00,AWS-BHO-103,18.6,962.9,69.0,False,,low,0.1,20.62,963.08,64.65,WARNING,replay
2025-02-09T23:00:00,AWS-BHO-103,18.2,962.2,70.0,False,drift,low,34.1,20.63,963.09,64.27,WARNING,replay
2025-02-10T00:00:00,AWS-BHO-103,18.2,962.0,69.0,False,,low,0.1,20.62,963.09,63.92,WARNING,replay
2025-02-10T01:00:00,AWS-BHO-103,17.6,961.5,72.0,False,,low,0.1,20.63,963.1,63.58,WARNING,replay
2025-02-10T02:00:00,AWS-BHO-103,17.1,960.9,74.0,False,,low,0.1,20.64,963.1,63.31,WARNING,replay
2025-02-10T03:00:00,AWS-BHO-103,16.5,960.6,77.0,False,,low,0.1,20.64,963.1,63.12,WARNING,replay
2025-02-10T04:00:00,AWS-BHO-103,15.9,960.5,80.0,False,drift,low,34.1,20.5,963.0,63.31,WARNING,replay
2025-02-10T05:00:00,AWS-BHO-103,15.7,960.7,80.0,False,drift,low,34.1,20.31,962.9,63.69,WARNING,replay
2025-02-10T06:00:00,AWS-BHO-103,15.0,961.8,83.0,False,drift,low,34.7,20.07,962.8,64.17,OFFLINE,replay
2025-02-10T07:00:00,AWS-BHO-103,15.7,962.8,83.0,False,,low,1.4,20.07,962.8,64.17,OFFLINE,replay
2025-02-10T08:00:00,AWS-BHO-103,19.3,964.2,74.0,False,,low,12.0,20.07,962.8,64.17,OFFLINE,replay
2025-02-10T09:00:00,AWS-BHO-103,23.0,965.7,68.0,False,,low,38.2,20.07,962.8,64.17,HEALTHY,replay
2025-02-10T10:00:00,AWS-BHO-103,25.8,966.6,59.0,False,,low,3.9,19.95,962.82,64.5,WARNING,replay
2025-02-10T11:00:00,AWS-BHO-103,27.5,966.0,52.0,False,,low,3.2,19.87,962.9,64.73,WARNING,replay
2025-02-10T12:00:00,AWS-BHO-103,28.5,965.1,48.0,False,drift,low,35.0,19.9,963.0,64.58,WARNING,replay
2025-02-10T13:00:00,AWS-BHO-103,29.0,964.0,43.0,False,drift,low,35.0,20.05,963.06,63.79,WARNING,replay
2025-02-10T14:00:00,AWS-BHO-103,29.5,962.8,37.0,False,drift,low,35.4,20.23,963.1,62.9,WARNING,replay
2025-02-10T15:00:00,AWS-BHO-103,29.3,962.3,38.0,False,,low,0.4,20.41,963.12,62.02,WARNING,replay
2025-02-10T16:00:00,AWS-BHO-103,28.4,962.0,44.0,False,,low,0.4,20.6,963.14,61.42,WARNING,replay
2025-02-10T17:00:00,AWS-BHO-103,25.8,961.7,57.0,False,,low,2.6,20.79,963.16,60.94,WARNING,replay
2025-02-10T18:00:00,AWS-BHO-103,22.3,961.9,57.0,False,,low,2.1,20.94,963.17,60.62,WARNING,replay
2025-02-10T19:00:00,AWS-BHO-103,20.6,962.3,56.0,False,,low,0.4,21.05,963.19,60.21,WARNING,replay
2025-02-10T20:00:00,AWS-BHO-103,19.4,963.1,54.0,False,,low,0.3,21.13,963.21,59.69,WARNING,replay
2025-02-10T21:00:00,AWS-BHO-103,18.6,963.4,52.0,False,,low,0.2,21.19,963.25,59.04,WARNING,replay
2025-02-10T22:00:00,AWS-BHO-103,17.3,963.8,57.0,False,,low,0.3,21.25,963.27,58.21,WARNING,replay
2025-02-10T23:00:00,AWS-BHO-103,16.5,963.4,58.0,False,drift,low,34.1,21.28,963.28,57.46,WARNING,replay
2025-02-11T00:00:00,AWS-BHO-103,16.2,962.8,58.0,False,drift,low,34.1,21.25,963.25,56.9,WARNING,replay
2025-02-11T01:00:00,AWS-BHO-103,16.1,962.2,57.0,False,drift,low,34.2,21.17,963.2,56.52,WARNING,replay
2025-02-11T02:00:00,AWS-BHO-103,15.6,961.6,57.0,False,drift,low,34.2,21.04,963.12,56.29,OFFLINE,replay
2025-02-11T03:00:00,AWS-BHO-103,15.8,961.2,55.0,False,drift,low,34.6,21.04,963.12,56.29,OFFLINE,replay
2025-02-11T04:00:00,AWS-BHO-103,15.7,961.1,55.0,False,drift,low,34.8,21.04,963.12,56.29,OFFLINE,replay
2025-02-11T05:00:00,AWS-BHO-103,15.2,961.2,58.0,False,drift,low,34.5,21.04,963.12,56.29,OFFLINE,replay
2025-02-11T06:00:00,AWS-BHO-103,14.4,962.0,64.0,False,,low,0.2,21.04,963.12,56.29,OFFLINE,replay
2025-02-11T07:00:00,AWS-BHO-103,15.0,962.5,66.0,False,,low,0.5,21.04,963.12,56.29,OFFLINE,replay
2025-02-11T08:00:00,AWS-BHO-103,18.0,963.8,64.0,False,,low,10.4,21.04,963.12,56.29,HEALTHY,replay
2025-02-11T09:00:00,AWS-BHO-103,21.6,965.1,60.0,False,,low,6.9,20.93,963.09,56.35,OFFLINE,replay
2025-02-11T10:00:00,AWS-BHO-103,24.7,966.0,52.0,False,,low,31.3,20.93,963.09,56.35,OFFLINE,replay
2025-02-11T11:00:00,AWS-BHO-103,26.9,965.6,40.0,False,,low,21.5,20.93,963.09,56.35,OFFLINE,replay
2025-02-11T12:00:00,AWS-BHO-103,28.0,964.9,34.0,False,,low,17.1,20.93,963.09,56.35,HEALTHY,replay
2025-02-11T13:00:00,AWS-BHO-103,28.6,963.8,32.0,False,,low,1.7,21.03,963.14,55.79,WARNING,replay
2025-02-11T14:00:00,AWS-BHO-103,28.7,962.9,32.0,False,,low,2.4,21.14,963.09,55.75,WARNING,replay
2025-02-11T15:00:00,AWS-BHO-103,28.7,962.1,33.0,False,,low,0.5,21.23,963.07,55.65,WARNING,replay
2025-02-11T16:00:00,AWS-BHO-103,27.9,961.6,44.0,False,,low,2.9,21.37,963.04,55.27,WARNING,replay
2025-02-11T17:00:00,AWS-BHO-103,25.9,961.4,55.0,False,,low,1.6,21.56,963.0,55.17,WARNING,replay
2025-02-11T18:00:00,AWS-BHO-103,22.1,961.2,57.0,False,drift,low,38.8,21.74,962.95,55.21,WARNING,replay
2025-02-11T19:00:00,AWS-BHO-103,20.0,961.7,57.0,False,,low,0.7,21.86,962.89,55.25,WARNING,replay
2025-02-11T20:00:00,AWS-BHO-103,19.1,962.3,58.0,False,,low,0.1,21.94,962.83,55.27,WARNING,replay
2025-02-11T21:00:00,AWS-BHO-103,18.9,962.8,60.0,False,,low,0.1,22.03,962.79,55.31,WARNING,replay
2025-02-11T22:00:00,AWS-BHO-103,18.7,963.1,60.0,False,drift,low,34.1,22.12,962.76,55.4,WARNING,replay
2025-02-11T23:00:00,AWS-BHO-103,17.6,962.6,62.0,False,drift,low,34.1,22.21,962.76,55.46,WARNING,replay
2025-02-12T00:00:00,AWS-BHO-103,17.1,961.9,63.0,False,drift,low,34.1,22.29,962.76,55.48,WARNING,replay
2025-02-12T01:00:00,AWS-BHO-103,17.0,961.5,58.0,False,drift,low,34.4,22.23,962.67,55.62,OFFLINE,replay
2025-02-12T02:00:00,AWS-BHO-103,17.0,961.2,52.0,False,drift,low,37.9,22.23,962.67,55.62,OFFLINE,replay
2025-02-12T03:00:00,AWS-BHO-103,16.5,960.9,50.0,False,drift,low,44.3,22.23,962.67,55.62,OFFLINE,replay
2025-02-12T04:00:00,AWS-BHO-103,15.9,961.4,51.0,False,drift,low,38.3,22.23,962.67,55.62,OFFLINE,replay
2025-02-12T05:00:00,AWS-BHO-103,15.5,961.8,53.0,False,drift,low,36.5,22.23,962.67,55.62,OFFLINE,replay
2025-02-12T06:00:00,AWS-BHO-103,14.8,962.8,61.0,False,,low,2.0,22.23,962.67,55.62,OFFLINE,replay
2025-02-12T07:00:00,AWS-BHO-103,14.8,963.4,65.0,False,,low,3.5,22.23,962.67,55.62,OFFLINE,replay
2025-02-12T08:00:00,AWS-BHO-103,17.3,964.7,65.0,False,,low,1.3,22.23,962.67,55.62,HEALTHY,replay
2025-02-12T09:00:00,AWS-BHO-103,20.1,966.2,58.0,False,,low,3.5,22.03,962.69,56.17,OFFLINE,replay
2025-02-12T10:00:00,AWS-BHO-103,22.7,966.7,52.0,False,,low,24.6,22.03,962.69,56.17,OFFLINE,replay
2025-02-12T11:00:00,AWS-BHO-103,24.7,966.3,48.0,False,,low,22.7,22.03,962.69,56.17,OFFLINE,replay
2025-02-12T12:00:00,AWS-BHO-103,26.0,965.4,44.0,False,,low,12.2,22.03,962.69,56.17,HEALTHY,replay
2025-02-12T13:00:00,AWS-BHO-103,26.8,964.5,40.0,False,,low,0.8,22.0,962.75,56.27,WARNING,replay
2025-02-12T14:00:00,AWS-BHO-103,27.0,963.6,38.0,False,,low,0.9,21.98,962.8,56.29,WARNING,replay
2025-02-12T15:00:00,AWS-BHO-103,26.8,963.2,39.0,False,,low,0.2,21.97,962.83,56.19,WARNING,replay
2025-02-12T16:00:00,AWS-BHO-103,26.3,963.1,44.0,False,,low,0.3,22.02,962.86,55.62,WARNING,replay
2025-02-12T17:00:00,AWS-BHO-103,24.8,962.9,55.0,False,,low,0.7,22.12,962.89,55.25,WARNING,replay
2025-02-12T18:00:00,AWS-BHO-103,23.1,963.0,53.0,False,,low,0.3,22.21,962.91,55.15,WARNING,replay
2025-02-12T19:00:00,AWS-BHO-103,20.5,963.4,55.0,False,,low,0.4,22.27,962.91,54.96,WARNING,replay
2025-02-12T20:00:00,AWS-BHO-103,20.4,964.0,40.0,False,,low,2.2,22.28,962.92,54.79,WARNING,replay
2025-02-12T21:00:00,AWS-BHO-103,19.7,964.6,38.0,False,,low,0.4,22.32,962.95,54.19,WARNING,replay
2025-02-12T22:00:00,AWS-BHO-103,18.2,965.0,42.0,False,drift,low,34.8,22.35,963.0,53.52,WARNING,replay
2025-02-12T23:00:00,AWS-BHO-103,16.6,964.6,47.0,False,drift,low,34.5,22.35,963.06,52.96,WARNING,replay
2025-02-13T00:00:00,AWS-BHO-103,16.0,964.2,49.0,False,drift,low,34.2,22.33,963.12,52.44,WARNING,replay
2025-02-13T01:00:00,AWS-BHO-103,15.0,963.9,54.0,False,drift,low,34.2,22.31,963.19,51.92,OFFLINE,replay
2025-02-13T02:00:00,AWS-BHO-103,14.5,963.4,55.0,False,drift,low,34.7,22.31,963.19,51.92,OFFLINE,replay
2025-02-13T03:00:00,AWS-BHO-103,14.4,963.0,53.0,False,drift,low,35.0,22.31,963.19,51.92,OFFLINE,replay
2025-02-13T04:00:00,AWS-BHO-103,13.7,962.9,55.0,False,drift,low,35.9,22.31,963.19,51.92,OFFLINE,replay
2025-02-13T05:00:00,AWS-BHO-103,12.7,963.1,57.0,False,drift,low,36.9,22.31,963.19,51.92,OFFLINE,replay
2025-02-13T06:00:00,AWS-BHO-103,10.9,963.9,71.0,True,drift,medium,56.4,22.31,963.19,51.92,OFFLINE,replay
2025-02-13T07:00:00,AWS-BHO-103,11.6,964.5,73.0,False,,low,33.0,22.31,963.19,51.92,OFFLINE,replay
2025-02-13T08:00:00,AWS-BHO-103,15.4,966.1,61.0,True,drift,low,52.1,22.31,963.19,51.92,OFFLINE,replay
2025-02-13T09:00:00,AWS-BHO-103,19.0,967.5,52.0,True,drift,low,54.0,22.31,963.19,51.92,OFFLINE,replay
2025-02-13T10:00:00,AWS-BHO-103,21.7,968.1,42.0,False,,low,17.5,22.31,963.19,51.92,OFFLINE,replay
2025-02-13T11:00:00,AWS-BHO-103,23.4,967.8,33.0,False,,low,17.8,22.31,963.19,51.92,OFFLINE,replay
2025-02-13T12:00:00,AWS-BHO-103,24.3,966.8,31.0,False,,low,13.8,22.31,963.19,51.92,WARNING,replay
2025-02-13T13:00:00,AWS-BHO-103,24.7,965.5,31.0,False,,low,1.0,22.47,963.32,50.96,OFFLINE,replay
2025-02-13T14:00:00,AWS-BHO-103,24.8,964.6,31.0,False,,low,1.1,22.47,963.32,50.96,OFFLINE,replay
2025-02-13T15:00:00,AWS-BHO-103,24.5,963.8,35.0,False,,low,1.5,22.47,963.32,50.96,OFFLINE,replay
2025-02-13T16:00:00,AWS-BHO-103,23.8,963.5,41.0,False,,low,6.0,22.47,963.32,50.96,WARNING,replay
2025-02-13T17:00:00,AWS-BHO-103,22.5,963.3,55.0,False,,low,2.6,22.63,963.38,50.15,WARNING,replay
2025-02-13T18:00:00,AWS-BHO-103,20.1,963.6,53.0,False,,low,2.5,22.77,963.44,49.62,WARNING,replay
2025-02-13T19:00:00,AWS-BHO-103,19.2,964.0,55.0,False,drift,low,34.2,22.71,963.39,49.31,WARNING,replay
2025-02-13T20:00:00,AWS-BHO-103,17.3,964.6,63.0,False,drift,low,35.4,22.58,963.34,49.23,WARNING,replay
2025-02-13T21:00:00,AWS-BHO-103,16.6,964.6,58.0,False,drift,low,35.0,22.36,963.31,49.46,WARNING,replay
2025-02-13T22:00:00,AWS-BHO-103,16.0,964.7,52.0,False,drift,low,35.3,22.12,963.3,49.67,OFFLINE,replay
2025-02-13T23:00:00,AWS-BHO-103,14.9,964.5,54.0,False,drift,low,35.7,22.12,963.3,49.67,OFFLINE,replay
2025-02-14T00:00:00,AWS-BHO-103,14.0,964.0,57.0,False,drift,low,38.1,22.12,963.3,49.67,OFFLINE,replay
2025-02-14T01:00:00,AWS-BHO-103,13.4,963.3,59.0,False,,low,4.8,22.12,963.3,49.67,OFFLINE,replay
2025-02-14T02:00:00,AWS-BHO-103,12.9,962.6,61.0,False,,low,5.9,22.12,963.3,49.67,OFFLINE,replay
2025-02-14T03:00:00,AWS-BHO-103,12.7,962.1,61.0,False,,low,10.8,22.12,963.3,49.67,WARNING,replay
2025-02-14T04:00:00,AWS-BHO-103,12.7,961.9,60.0,False,,low,0.6,21.78,963.26,50.04,OFFLINE,replay
2025-02-14T05:00:00,AWS-BHO-103,12.4,962.0,61.0,False,,low,0.4,21.78,963.26,50.04,OFFLINE,replay
2025-02-14T06:00:00,AWS-BHO-103,11.2,963.4,70.0,False,,low,3.6,21.78,963.26,50.04,OFFLINE,replay
2025-02-14T07:00:00,AWS-BHO-103,12.4,964.3,69.0,False,,low,5.0,21.78,963.26,50.04,HEALTHY,replay
2025-02-14T08:00:00,AWS-BHO-103,15.8,965.3,68.0,False,,low,14.9,21.42,963.29,50.71,WARNING,replay
2025-02-14T09:00:00,AWS-BHO-103,19.6,966.6,55.0,False,,low,15.1,21.14,963.35,51.33,WARNING,replay
2025-02-14T10:00:00,AWS-BHO-103,22.2,967.1,45.0,False,,low,4.6,20.96,963.45,51.56,WARNING,replay
2025-02-14T11:00:00,AWS-BHO-103,24.1,966.6,36.0,False,drift,low,38.0,20.88,963.56,51.31,WARNING,replay
2025-02-14T12:00:00,AWS-BHO-103,25.3,965.5,31.0,False,drift,low,35.8,20.92,963.66,50.88,WARNING,replay
2025-02-14T13:00:00,AWS-BHO-103,26.0,964.4,30.0,False,drift,low,34.6,21.02,963.73,50.35,WARNING,replay
2025-02-14T14:00:00,AWS-BHO-103,26.2,963.5,30.0,False,drift,low,34.3,21.15,963.75,49.85,OFFLINE,replay
2025-02-14T15:00:00,AWS-BHO-103,26.2,962.8,31.0,False,,low,1.1,21.15,963.75,49.85,OFFLINE,replay
2025-02-14T16:00:00,AWS-BHO-103,25.7,962.4,36.0,False,,low,3.0,21.15,963.75,49.85,OFFLINE,replay
2025-02-14T17:00:00,AWS-BHO-103,24.5,962.0,47.0,False,,low,20.9,21.15,963.75,49.85,HEALTHY,replay
2025-02-14T18:00:00,AWS-BHO-103,22.5,961.9,41.0,False,,low,1.6,21.28,963.73,49.75,OFFLINE,replay
2025-02-14T19:00:00,AWS-BHO-103,19.2,962.3,51.0,False,,low,6.5,21.28,963.73,49.75,OFFLINE,replay
2025-02-14T20:00:00,AWS-BHO-103,17.7,962.7,59.0,False,,low,21.4,21.28,963.73,49.75,OFFLINE,replay
2025-02-14T21:00:00,AWS-BHO-103,17.1,962.8,62.0,False,,low,21.3,21.28,963.73,49.75,HEALTHY,replay
2025-02-14T22:00:00,AWS-BHO-103,16.8,963.1,62.0,False,,low,2.0,21.27,963.7,49.85,WARNING,replay
2025-02-14T23:00:00,AWS-BHO-103,16.5,962.7,64.0,False,,low,0.6,21.28,963.7,49.94,WARNING,replay
2025-02-15T00:00:00,AWS-BHO-103,16.1,962.0,64.0,False,,low,0.5,21.29,963.7,50.06,WARNING,replay
2025-02-15T01:00:00,AWS-BHO-103,16.0,961.3,63.0,False,,low,0.6,21.29,963.69,50.21,WARNING,replay
2025-02-15T02:00:00,AWS-BHO-103,15.7,960.5,63.0,False,,low,0.7,21.24,963.64,50.19,WARNING,replay
2025-02-15T03:00:00,AWS-BHO-103,15.4,960.0,63.0,False,,low,0.5,20.99,963.55,50.79,WARNING,replay
2025-02-15T04:00:00,AWS-BHO-103,15.3,959.8,62.0,False,,low,0.5,20.71,963.47,51.44,WARNING,replay
2025-02-15T05:00:00,AWS-BHO-103,15.2,959.9,60.0,False,,low,0.5,20.43,963.4,52.06,WARNING,replay
2025-02-15T06:00:00,AWS-BHO-103,14.9,961.3,64.0,False,,low,1.6,20.15,963.36,52.62,WARNING,replay
2025-02-15T07:00:00,AWS-BHO-103,15.5,962.2,63.0,False,,low,0.4,19.88,963.35,53.04,WARNING,replay
2025-02-15T08:00:00,AWS-BHO-103,18.3,963.5,62.0,False,,low,8.0,19.66,963.37,53.21,WARNING,replay
2025-02-15T09:00:00,AWS-BHO-103,21.4,964.4,58.0,False,,low,4.9,19.59,963.42,53.31,WARNING,replay
2025-02-15T10:00:00,AWS-BHO-103,24.4,964.6,48.0,False,drift,low,36.1,19.61,963.47,53.33,WARNING,replay
2025-02-15T11:00:00,AWS-BHO-103,26.5,964.0,41.0,False,drift,low,35.4,19.73,963.52,53.12,WARNING,replay
2025-02-15T12:00:00,AWS-BHO-103,28.0,963.3,36.0,False,drift,low,36.4,19.88,963.55,52.73,WARNING,replay
2025-02-15T13:00:00,AWS-BHO-103,29.1,962.2,30.0,False,drift,low,37.2,20.08,963.55,52.23,OFFLINE,replay
2025-02-15T14:00:00,AWS-BHO-103,29.4,961.2,29.0,False,drift,low,48.1,20.08,963.55,52.23,OFFLINE,replay
2025-02-15T15:00:00,AWS-BHO-103,29.3,960.3,31.0,False,,low,10.8,20.08,963.55,52.23,OFFLINE,replay
2025-02-15T16:00:00,AWS-BHO-103,28.4,960.0,42.0,False,,low,9.5,20.08,963.55,52.23,OFFLINE,replay
2025-02-15T17:00:00,AWS-BHO-103,26.5,959.7,53.0,False,,low,34.7,20.08,963.55,52.23,OFFLINE,replay
2025-02-15T18:00:00,AWS-BHO-103,23.2,959.6,53.0,False,,low,22.1,20.08,963.55,52.23,OFFLINE,replay
2025-02-15T19:00:00,AWS-BHO-103,21.0,960.0,62.0,False,,low,23.5,20.08,963.55,52.23,OFFLINE,replay
2025-02-15T20:00:00,AWS-BHO-103,20.6,960.6,58.0,False,,low,13.1,20.08,963.55,52.23,OFFLINE,replay
2025-02-15T21:00:00,AWS-BHO-103,20.4,961.0,53.0,False,,low,10.2,20.08,963.55,52.23,WARNING,replay
2025-02-15T22:00:00,AWS-BHO-103,19.5,961.1,54.0,False,,low,0.7,20.14,963.52,52.04,WARNING,replay
2025-02-15T23:00:00,AWS-BHO-103,19.6,960.7,50.0,False,,low,1.3,20.19,963.5,51.85,WARNING,replay
2025-02-16T00:00:00,AWS-BHO-103,19.1,960.3,50.0,False,,low,0.2,20.23,963.42,51.54,WARNING,replay
2025-02-16T01:00:00,AWS-BHO-103,18.4,959.6,52.0,False,,low,0.3,20.09,963.31,51.67,WARNING,replay
2025-02-16T02:00:00,AWS-BHO-103,17.1,959.2,54.0,False,,low,0.4,19.91,963.21,51.92,WARNING,replay
2025-02-16T03:00:00,AWS-BHO-103,16.2,959.0,56.0,False,,low,0.3,19.71,963.12,52.25,WARNING,replay
2025-02-16T04:00:00,AWS-BHO-103,15.9,959.2,55.0,False,,low,0.3,19.49,963.03,52.6,WARNING,replay
2025-02-16T05:00:00,AWS-BHO-103,15.5,959.7,57.0,False,,low,0.2,19.27,962.95,52.83,WARNING,replay
2025-02-16T06:00:00,AWS-BHO-103,15.2,961.1,62.0,False,,low,2.0,19.08,962.88,52.88,WARNING,replay
2025-02-16T07:00:00,AWS-BHO-103,16.0,961.7,64.0,False,,low,1.1,18.91,962.84,53.06,WARNING,replay
2025-02-16T08:00:00,AWS-BHO-103,19.1,963.1,62.0,False,,low,17.9,18.82,962.81,53.25,WARNING,replay
2025-02-16T09:00:00,AWS-BHO-103,21.9,964.1,57.0,False,,low,4.1,18.79,962.79,53.71,WARNING,replay
2025-02-16T10:00:00,AWS-BHO-103,23.9,964.5,52.0,False,drift,low,36.7,18.84,962.78,54.1,WARNING,replay
2025-02-16T11:00:00,AWS-BHO-103,25.8,964.0,48.0,False,drift,low,35.0,18.96,962.77,54.31,WARNING,replay
2025-02-16T12:00:00,AWS-BHO-103,27.3,963.2,43.0,False,drift,low,35.0,19.15,962.75,54.33,WARNING,replay
2025-02-16T13:00:00,AWS-BHO-103,28.3,962.1,36.0,False,drift,low,36.5,19.38,962.73,54.21,OFFLINE,replay
2025-02-16T14:00:00,AWS-BHO-103,28.6,961.4,35.0,False,drift,low,41.6,19.38,962.73,54.21,OFFLINE,replay
2025-02-16T15:00:00,AWS-BHO-103,28.7,960.9,36.0,False,,low,6.4,19.38,962.73,54.21,OFFLINE,replay
2025-02-16T16:00:00,AWS-BHO-103,28.4,960.8,40.0,False,,low,3.0,19.38,962.73,54.21,OFFLINE,replay
2025-02-16T17:00:00,AWS-BHO-103,26.0,960.7,53.0,False,,low,5.7,19.38,962.73,54.21,OFFLINE,replay
2025-02-16T18:00:00,AWS-BHO-103,24.3,960.9,43.0,False,,low,6.7,19.38,962.73,54.21,OFFLINE,replay
2025-02-16T19:00:00,AWS-BHO-103,21.2,961.2,56.0,False,,low,5.4,19.38,962.73,54.21,OFFLINE,replay
2025-02-16T20:00:00,AWS-BHO-103,20.7,962.0,65.0,False,,low,6.0,19.38,962.73,54.21,OFFLINE,replay
2025-02-16T21:00:00,AWS-BHO-103,20.2,962.5,66.0,False,,low,3.3,19.38,962.73,54.21,WARNING,replay
2025-02-16T22:00:00,AWS-BHO-103,19.1,962.2,70.0,False,,low,1.2,19.3,962.64,54.94,WARNING,replay
2025-02-16T23:00:00,AWS-BHO-103,18.8,962.2,72.0,False,,low,1.3,19.2,962.62,55.54,WARNING,replay
2025-02-17T00:00:00,AWS-BHO-103,18.5,961.6,72.0,False,,low,0.1,19.12,962.59,55.9,WARNING,replay
2025-02-17T01:00:00,AWS-BHO-103,18.1,961.4,71.0,False,,low,0.1,19.09,962.55,56.29,WARNING,replay
2025-02-17T02:00:00,AWS-BHO-103,17.2,961.1,74.0,False,,low,0.1,19.07,962.5,56.62,WARNING,replay
2025-02-17T03:00:00,AWS-BHO-103,16.3,960.9,76.0,False,,low,0.1,19.06,962.43,56.85,WARNING,replay
2025-02-17T04:00:00,AWS-BHO-103,15.8,961.0,76.0,False,,low,0.1,19.06,962.35,57.23,WARNING,replay
2025-02-17T05:00:00,AWS-BHO-103,15.7,961.0,75.0,False,,low,0.1,19.12,962.32,57.54,WARNING,replay
2025-02-17T06:00:00,AWS-BHO-103,15.7,962.1,80.0,False,,low,0.7,19.19,962.26,57.67,WARNING,replay
2025-02-17T07:00:00,AWS-BHO-103,15.9,963.1,82.0,False,,low,0.5,19.19,962.19,57.92,WARNING,replay
2025-02-17T08:00:00,AWS-BHO-103,18.9,964.5,73.0,False,,low,3.0,19.11,962.12,58.48,WARNING,replay
2025-02-17T09:00:00,AWS-BHO-103,21.8,965.6,62.0,False,,low,3.2,19.04,962.06,59.06,WARNING,replay
2025-02-17T10:00:00,AWS-BHO-103,24.2,965.8,54.0,False,drift,low,37.8,19.0,962.04,59.6,WARNING,replay
2025-02-17T11:00:00,AWS-BHO-103,26.1,965.4,49.0,False,drift,low,35.4,18.97,962.05,60.08,WARNING,replay
2025-02-17T12:00:00,AWS-BHO-103,27.5,964.8,45.0,False,drift,low,35.1,18.98,962.07,60.48,WARNING,replay
2025-02-17T13:00:00,AWS-BHO-103,28.4,964.0,42.0,False,drift,low,34.5,19.04,962.13,60.44,OFFLINE,replay
2025-02-17T14:00:00,AWS-BHO-103,28.8,963.2,39.0,False,drift,low,38.1,19.04,962.13,60.44,OFFLINE,replay
2025-02-17T15:00:00,AWS-BHO-103,28.9,962.6,37.0,False,,low,8.7,19.04,962.13,60.44,OFFLINE,replay
2025-02-17T16:00:00,AWS-BHO-103,28.7,962.4,37.0,False,,low,9.0,19.04,962.13,60.44,OFFLINE,replay
2025-02-17T17:00:00,AWS-BHO-103,26.4,962.2,58.0,False,,low,8.4,19.04,962.13,60.44,OFFLINE,replay
2025-02-17T18:00:00,AWS-BHO-103,22.8,962.1,52.0,False,,low,3.6,19.04,962.13,60.44,OFFLINE,replay
2025-02-17T19:00:00,AWS-BHO-103,21.5,962.4,55.0,False,,low,3.3,19.04,962.13,60.44,OFFLINE,replay
2025-02-17T20:00:00,AWS-BHO-103,21.2,963.2,61.0,False,,low,6.7,19.04,962.13,60.44,OFFLINE,replay
2025-02-17T21:00:00,AWS-BHO-103,19.8,963.3,68.0,False,,low,4.2,19.04,962.13,60.44,WARNING,replay
2025-02-17T22:00:00,AWS-BHO-103,19.4,963.6,70.0,False,,low,0.5,19.09,962.14,60.56,WARNING,replay
2025-02-17T23:00:00,AWS-BHO-103,18.2,963.7,74.0,False,,low,2.3,19.15,962.15,60.73,WARNING,replay
2025-02-18T00:00:00,AWS-BHO-103,18.5,962.9,70.0,False,,low,0.4,19.18,962.17,60.94,WARNING,replay
2025-02-18T01:00:00,AWS-BHO-103,17.7,962.4,69.0,False,,low,0.2,19.23,962.19,61.06,WARNING,replay
2025-02-18T02:00:00,AWS-BHO-103,17.4,961.8,67.0,False,,low,0.3,19.27,962.21,61.19,WARNING,replay
2025-02-18T03:00:00,AWS-BHO-103,16.8,961.6,69.0,False,,low,0.1,19.3,962.24,61.27,WARNING,replay
2025-02-18T04:00:00,AWS-BHO-103,16.4,961.3,70.0,False,,low,0.2,19.33,962.27,61.4,WARNING,replay
2025-02-18T05:00:00,AWS-BHO-103,16.4,961.4,70.0,False,,low,0.1,19.36,962.3,61.56,WARNING,replay
2025-02-18T06:00:00,AWS-BHO-103,16.3,962.8,73.0,False,,low,0.9,19.38,962.33,61.77,WARNING,replay
2025-02-18T07:00:00,AWS-BHO-103,17.3,963.4,71.0,False,,low,0.2,19.41,962.36,61.96,WARNING,replay
2025-02-18T08:00:00,AWS-BHO-103,20.3,964.4,66.0,False,,low,1.8,19.45,962.39,62.12,WARNING,replay
2025-02-18T09:00:00,AWS-BHO-103,23.0,965.2,57.0,False,,low,0.9,19.49,962.41,62.21,WARNING,replay
2025-02-18T10:00:00,AWS-BHO-103,25.4,965.9,50.0,False,drift,low,35.9,19.52,962.43,62.19,WARNING,replay
2025-02-18T11:00:00,AWS-BHO-103,27.1,965.6,45.0,False,drift,low,35.8,19.54,962.45,62.23,WARNING,replay
2025-02-18T12:00:00,AWS-BHO-103,28.2,964.6,41.0,False,drift,low,34.9,19.56,962.49,62.31,WARNING,replay
2025-02-18T13:00:00,AWS-BHO-103,29.1,963.6,38.0,False,drift,low,34.9,19.56,962.51,62.42,OFFLINE,replay
2025-02-18T14:00:00,AWS-BHO-103,29.4,962.6,36.0,False,drift,low,39.0,19.56,962.51,62.42,OFFLINE,replay
2025-02-18T15:00:00,AWS-BHO-103,29.2,961.9,37.0,False,,low,5.4,19.56,962.51,62.42,OFFLINE,replay
2025-02-18T16:00:00,AWS-BHO-103,28.5,961.6,43.0,False,,low,2.5,19.56,962.51,62.42,OFFLINE,replay
2025-02-18T17:00:00,AWS-BHO-103,27.2,961.7,57.0,False,,low,25.0,19.56,962.51,62.42,HEALTHY,replay
2025-02-18T18:00:00,AWS-BHO-103,25.0,961.8,52.0,False,,low,3.1,19.7,962.53,62.5,OFFLINE,replay
2025-02-18T19:00:00,AWS-BHO-103,22.8,962.0,55.0,False,,low,3.2,19.7,962.53,62.5,OFFLINE,replay
2025-02-18T20:00:00,AWS-BHO-103,22.2,962.5,56.0,False,multivariate_inconsistency,low,21.5,19.7,962.53,62.5,OFFLINE,replay
2025-02-18T21:00:00,AWS-BHO-103,21.0,963.0,61.0,False,multivariate_inconsistency,low,21.2,19.7,962.53,62.5,OFFLINE,replay
2025-02-18T22:00:00,AWS-BHO-103,20.4,963.5,62.0,False,multivariate_inconsistency,low,24.5,19.7,962.53,62.5,OFFLINE,replay
2025-02-18T23:00:00,AWS-BHO-103,19.1,962.9,69.0,False,multivariate_inconsistency,low,27.1,19.7,962.53,62.5,OFFLINE,replay
2025-02-19T00:00:00,AWS-BHO-103,18.1,962.4,75.0,False,multivariate_inconsistency,low,39.7,19.7,962.53,62.5,OFFLINE,replay
2025-02-19T01:00:00,AWS-BHO-103,17.4,962.1,80.0,False,,low,33.6,19.7,962.53,62.5,WARNING,replay
2025-02-19T02:00:00,AWS-BHO-103,17.0,961.2,82.0,False,,low,2.8,19.66,962.55,63.04,WARNING,replay
2025-02-19T03:00:00,AWS-BHO-103,16.4,960.9,84.0,False,,low,1.0,19.6,962.56,63.71,WARNING,replay
2025-02-19T04:00:00,AWS-BHO-103,16.3,960.7,82.0,False,,low,0.2,19.55,962.57,64.42,WARNING,replay
2025-02-19T05:00:00,AWS-BHO-103,16.1,960.9,81.0,False,,low,0.1,19.5,962.59,65.04,WARNING,replay
2025-02-19T06:00:00,AWS-BHO-103,15.5,962.0,88.0,False,,low,1.8,19.48,962.63,65.6,WARNING,replay
2025-02-19T07:00:00,AWS-BHO-103,16.4,962.9,85.0,False,,low,0.5,19.47,962.69,66.27,WARNING,replay
2025-02-19T08:00:00,AWS-BHO-103,19.4,964.0,74.0,False,,low,2.7,19.48,962.77,66.9,WARNING,replay
2025-02-19T09:00:00,AWS-BHO-103,22.0,965.0,63.0,False,,low,3.0,19.56,962.86,67.25,WARNING,replay
2025-02-19T10:00:00,AWS-BHO-103,24.3,965.1,56.0,False,drift,low,36.3,19.7,962.94,67.27,WARNING,replay
2025-02-19T11:00:00,AWS-BHO-103,26.1,964.6,50.0,False,drift,low,35.3,19.88,963.01,67.1,WARNING,replay
2025-02-19T12:00:00,AWS-BHO-103,27.3,963.4,45.0,False,drift,low,34.8,20.02,963.04,66.85,WARNING,replay
2025-02-19T13:00:00,AWS-BHO-103,27.8,962.3,42.0,False,drift,low,34.8,20.13,963.03,66.6,OFFLINE,replay
2025-02-19T14:00:00,AWS-BHO-103,28.0,961.0,41.0,False,drift,low,37.3,20.13,963.03,66.6,OFFLINE,replay
2025-02-19T15:00:00,AWS-BHO-103,28.0,960.5,39.0,False,,low,5.9,20.13,963.03,66.6,OFFLINE,replay
2025-02-19T16:00:00,AWS-BHO-103,27.6,960.1,42.0,False,,low,4.1,20.13,963.03,66.6,OFFLINE,replay
2025-02-19T17:00:00,AWS-BHO-103,26.1,960.1,60.0,False,,low,16.2,20.13,963.03,66.6,HEALTHY,replay
2025-02-19T18:00:00,AWS-BHO-103,23.6,960.1,56.0,False,,low,2.2,20.18,962.94,66.77,OFFLINE,replay
2025-02-19T19:00:00,AWS-BHO-103,22.2,960.4,57.0,False,,low,5.5,20.18,962.94,66.77,OFFLINE,replay
2025-02-19T20:00:00,AWS-BHO-103,21.3,961.3,59.0,False,multivariate_inconsistency,low,24.2,20.18,962.94,66.77,OFFLINE,replay
2025-02-19T21:00:00,AWS-BHO-103,20.3,961.6,64.0,False,multivariate_inconsistency,low,22.9,20.18,962.94,66.77,OFFLINE,replay
2025-02-19T22:00:00,AWS-BHO-103,20.5,962.1,62.0,False,multivariate_inconsistency,low,23.9,20.18,962.94,66.77,OFFLINE,replay
2025-02-19T23:00:00,AWS-BHO-103,19.4,961.7,66.0,False,multivariate_inconsistency,low,23.4,20.18,962.94,66.77,OFFLINE,replay
2025-02-20T00:00:00,AWS-BHO-103,18.3,961.0,71.0,False,multivariate_inconsistency,low,24.7,20.18,962.94,66.77,OFFLINE,replay
2025-02-20T01:00:00,AWS-BHO-103,17.6,960.6,73.0,False,multivariate_inconsistency,low,28.1,20.18,962.94,66.77,WARNING,replay
2025-02-20T02:00:00,AWS-BHO-103,17.1,960.3,75.0,False,,low,1.0,20.01,962.86,67.29,WARNING,replay
2025-02-20T03:00:00,AWS-BHO-103,17.1,960.0,75.0,False,,low,0.2,19.8,962.8,67.96,WARNING,replay
2025-02-20T04:00:00,AWS-BHO-103,16.8,960.2,76.0,False,,low,0.1,19.73,962.75,68.15,WARNING,replay
2025-02-20T05:00:00,AWS-BHO-103,16.2,960.5,79.0,False,,low,0.1,19.68,962.71,68.27,WARNING,replay
2025-02-20T06:00:00,AWS-BHO-103,16.2,961.9,81.0,False,,low,0.8,19.63,962.68,68.42,WARNING,replay
2025-02-20T07:00:00,AWS-BHO-103,17.5,962.8,78.0,False,,low,0.3,19.58,962.68,68.6,WARNING,replay
2025-02-20T08:00:00,AWS-BHO-103,20.4,964.1,70.0,False,,low,1.9,19.57,962.71,68.75,WARNING,replay
2025-02-20T09:00:00,AWS-BHO-103,23.1,965.2,61.0,False,,low,1.5,19.64,962.77,68.67,WARNING,replay
2025-02-20T10:00:00,AWS-BHO-103,25.5,965.6,52.0,False,drift,low,36.2,19.78,962.86,68.35,WARNING,replay
2025-02-20T11:00:00,AWS-BHO-103,27.2,965.5,43.0,False,drift,low,36.2,19.98,962.96,67.85,WARNING,replay
2025-02-20T12:00:00,AWS-BHO-103,28.2,964.6,37.0,False,drift,low,36.9,20.22,963.05,67.19,WARNING,replay
2025-02-20T13:00:00,AWS-BHO-103,28.8,963.7,34.0,False,drift,low,36.5,20.48,963.1,66.29,OFFLINE,replay
2025-02-20T14:00:00,AWS-BHO-103,29.1,962.8,32.0,False,drift,low,41.4,20.48,963.1,66.29,OFFLINE,replay
2025-02-20T15:00:00,AWS-BHO-103,29.4,962.2,31.0,False,,low,12.4,20.48,963.1,66.29,OFFLINE,replay
2025-02-20T16:00:00,AWS-BHO-103,28.6,961.8,38.0,False,,low,5.4,20.48,963.1,66.29,OFFLINE,replay
2025-02-20T17:00:00,AWS-BHO-103,27.4,961.7,51.0,False,,low,20.5,20.48,963.1,66.29,HEALTHY,replay
2025-02-20T18:00:00,AWS-BHO-103,22.8,961.8,51.0,False,,low,5.8,20.72,963.07,65.65,OFFLINE,replay
2025-02-20T19:00:00,AWS-BHO-103,21.9,962.5,45.0,False,multivariate_inconsistency,low,26.1,20.72,963.07,65.65,OFFLINE,replay
2025-02-20T20:00:00,AWS-BHO-103,21.6,963.4,52.0,False,multivariate_inconsistency,low,29.8,20.72,963.07,65.65,OFFLINE,replay
2025-02-20T21:00:00,AWS-BHO-103,21.3,963.6,55.0,False,,low,9.5,20.72,963.07,65.65,OFFLINE,replay
2025-02-20T22:00:00,AWS-BHO-103,20.4,963.8,58.0,False,,low,11.0,20.72,963.07,65.65,OFFLINE,replay
2025-02-20T23:00:00,AWS-BHO-103,18.9,963.5,62.0,False,multivariate_inconsistency,low,38.4,20.72,963.07,65.65,WARNING,replay
2025-02-21T00:00:00,AWS-BHO-103,18.1,963.0,63.0,False,,low,0.6,20.72,963.05,65.42,WARNING,replay
2025-02-21T01:00:00,AWS-BHO-103,18.2,962.3,60.0,False,,low,0.3,20.64,963.0,65.44,WARNING,replay
2025-02-21T02:00:00,AWS-BHO-103,17.5,961.9,62.0,False,,low,0.1,20.52,962.93,65.56,WARNING,replay
2025-02-21T03:00:00,AWS-BHO-103,15.9,961.8,63.0,False,,low,0.2,20.34,962.85,65.83,WARNING,replay
2025-02-21T04:00:00,AWS-BHO-103,15.2,962.1,59.0,False,,low,0.3,20.1,962.79,66.21,WARNING,replay
2025-02-21T05:00:00,AWS-BHO-103,15.1,962.6,52.0,False,,low,1.7,20.0,962.77,66.02,WARNING,replay
2025-02-21T06:00:00,AWS-BHO-103,14.4,963.6,59.0,False,,low,0.8,19.91,962.75,65.65,WARNING,replay
2025-02-21T07:00:00,AWS-BHO-103,15.6,964.6,58.0,False,,low,0.7,19.83,962.74,65.33,WARNING,replay
2025-02-21T08:00:00,AWS-BHO-103,19.5,966.1,54.0,False,,low,12.8,19.77,962.78,65.08,WARNING,replay
2025-02-21T09:00:00,AWS-BHO-103,22.9,967.1,51.0,False,,low,8.4,19.81,962.86,64.77,WARNING,replay
2025-02-21T10:00:00,AWS-BHO-103,25.5,967.3,44.0,False,drift,low,36.9,19.92,962.97,64.44,WARNING,replay
2025-02-21T11:00:00,AWS-BHO-103,27.3,967.1,38.0,False,drift,low,35.4,20.1,963.09,63.92,WARNING,replay
2025-02-21T12:00:00,AWS-BHO-103,28.4,966.2,29.0,False,drift,low,38.4,20.33,963.21,63.25,WARNING,replay
2025-02-21T13:00:00,AWS-BHO-103,28.8,965.3,27.0,False,drift,low,38.5,20.58,963.31,62.4,OFFLINE,replay
2025-02-21T14:00:00,AWS-BHO-103,28.7,964.4,28.0,False,drift,low,38.4,20.58,963.31,62.4,OFFLINE,replay
2025-02-21T15:00:00,AWS-BHO-103,28.3,963.6,30.0,False,,low,3.8,20.58,963.31,62.4,OFFLINE,replay
2025-02-21T16:00:00,AWS-BHO-103,27.5,963.3,35.0,False,,low,6.3,20.58,963.31,62.4,OFFLINE,replay
2025-02-21T17:00:00,AWS-BHO-103,25.6,963.0,52.0,False,,low,24.5,20.58,963.31,62.4,HEALTHY,replay
2025-02-21T18:00:00,AWS-BHO-103,23.7,963.2,39.0,False,,low,5.0,20.78,963.31,61.96,OFFLINE,replay
2025-02-21T19:00:00,AWS-BHO-103,23.0,963.7,40.0,False,multivariate_inconsistency,low,23.3,20.78,963.31,61.96,OFFLINE,replay
2025-02-21T20:00:00,AWS-BHO-103,22.0,964.6,43.0,False,multivariate_inconsistency,low,34.8,20.78,963.31,61.96,OFFLINE,replay
2025-02-21T21:00:00,AWS-BHO-103,20.4,964.8,48.0,False,multivariate_inconsistency,low,34.0,20.78,963.31,61.96,OFFLINE,replay
2025-02-21T22:00:00,AWS-BHO-103,19.8,965.5,49.0,False,multivariate_inconsistency,low,33.9,20.78,963.31,61.96,OFFLINE,replay
2025-02-21T23:00:00,AWS-BHO-103,20.0,965.4,47.0,False,multivariate_inconsistency,low,34.5,20.78,963.31,61.96,OFFLINE,replay
2025-02-22T00:00:00,AWS-BHO-103,18.5,964.6,52.0,False,multivariate_inconsistency,low,31.9,20.78,963.31,61.96,OFFLINE,replay
2025-02-22T01:00:00,AWS-BHO-103,17.7,964.1,55.0,False,multivariate_inconsistency,low,31.3,20.78,963.31,61.96,OFFLINE,replay
2025-02-22T02:00:00,AWS-BHO-103,17.1,963.6,57.0,False,multivariate_inconsistency,low,33.2,20.78,963.31,61.96,OFFLINE,replay
2025-02-22T03:00:00,AWS-BHO-103,16.6,963.4,59.0,False,multivariate_inconsistency,low,34.9,20.78,963.31,61.96,OFFLINE,replay
2025-02-22T04:00:00,AWS-BHO-103,16.2,963.3,60.0,False,multivariate_inconsistency,low,41.8,20.78,963.31,61.96,OFFLINE,replay
2025-02-22T05:00:00,AWS-BHO-103,15.9,963.7,63.0,False,multivariate_inconsistency,low,37.2,20.78,963.31,61.96,OFFLINE,replay
2025-02-22T06:00:00,AWS-BHO-103,15.2,964.3,67.0,True,multivariate_inconsistency,medium,57.0,20.78,963.31,61.96,OFFLINE,replay
2025-02-22T07:00:00,AWS-BHO-103,16.4,965.4,66.0,True,multivariate_inconsistency,medium,56.7,20.78,963.31,61.96,OFFLINE,replay
2025-02-22T08:00:00,AWS-BHO-103,19.1,966.9,62.0,False,,low,38.5,20.78,963.31,61.96,OFFLINE,replay
2025-02-22T09:00:00,AWS-BHO-103,21.7,968.2,55.0,False,,low,11.3,20.78,963.31,61.96,OFFLINE,replay
2025-02-22T10:00:00,AWS-BHO-103,24.0,968.5,48.0,False,,low,5.1,20.78,963.31,61.96,WARNING,replay
2025-02-22T11:00:00,AWS-BHO-103,25.8,968.2,39.0,False,,low,2.4,20.91,963.42,61.48,OFFLINE,replay
2025-02-22T12:00:00,AWS-BHO-103,26.8,967.5,34.0,False,,low,7.0,20.91,963.42,61.48,OFFLINE,replay
2025-02-22T13:00:00,AWS-BHO-103,27.5,966.6,31.0,False,,low,13.0,20.91,963.42,61.48,OFFLINE,replay
2025-02-22T14:00:00,AWS-BHO-103,27.7,965.8,30.0,False,,low,13.5,20.91,963.42,61.48,WARNING,replay
2025-02-22T15:00:00,AWS-BHO-103,27.4,965.1,32.0,False,,low,0.6,21.07,963.45,60.73,WARNING,replay
2025-02-22T16:00:00,AWS-BHO-103,26.7,965.1,35.0,False,,low,0.7,21.16,963.44,60.21,WARNING,replay
2025-02-22T17:00:00,AWS-BHO-103,24.6,964.8,53.0,False,,low,10.6,21.19,963.43,59.9,WARNING,replay
2025-02-22T18:00:00,AWS-BHO-103,22.8,965.1,47.0,False,,low,1.8,21.14,963.41,60.06,WARNING,replay
2025-02-22T19:00:00,AWS-BHO-103,20.9,965.4,50.0,False,,low,0.9,21.02,963.42,60.19,WARNING,replay
2025-02-22T20:00:00,AWS-BHO-103,20.3,965.9,50.0,False,,low,0.8,20.89,963.5,60.04,WARNING,replay
2025-02-22T21:00:00,AWS-BHO-103,19.6,966.2,52.0,False,drift,low,34.3,20.95,963.58,59.42,WARNING,replay
2025-02-22T22:00:00,AWS-BHO-103,18.9,966.1,54.0,False,drift,low,34.2,21.01,963.68,58.79,WARNING,replay
2025-02-22T23:00:00,AWS-BHO-103,18.1,965.7,56.0,False,drift,low,34.2,21.06,963.79,58.17,WARNING,replay
2025-02-23T00:00:00,AWS-BHO-103,17.5,965.1,58.0,False,drift,low,34.1,21.1,963.89,57.62,OFFLINE,replay
2025-02-23T01:00:00,AWS-BHO-103,16.9,964.9,60.0,False,drift,low,34.2,21.1,963.89,57.62,OFFLINE,replay
2025-02-23T02:00:00,AWS-BHO-103,16.6,964.3,61.0,False,drift,low,34.5,21.1,963.89,57.62,OFFLINE,replay
2025-02-23T03:00:00,AWS-BHO-103,15.7,963.9,63.0,False,drift,low,35.2,21.1,963.89,57.62,OFFLINE,replay
2025-02-23T04:00:00,AWS-BHO-103,14.9,964.0,67.0,False,drift,low,36.2,21.1,963.89,57.62,OFFLINE,replay
2025-02-23T05:00:00,AWS-BHO-103,14.8,964.6,68.0,False,drift,low,35.2,21.1,963.89,57.62,OFFLINE,replay
2025-02-23T06:00:00,AWS-BHO-103,14.8,965.4,71.0,False,drift,low,39.9,21.1,963.89,57.62,OFFLINE,replay
2025-02-23T07:00:00,AWS-BHO-103,15.3,966.5,73.0,False,,low,10.3,21.1,963.89,57.62,OFFLINE,replay
2025-02-23T08:00:00,AWS-BHO-103,18.8,968.1,61.0,False,,low,1.8,21.1,963.89,57.62,OFFLINE,replay
2025-02-23T09:00:00,AWS-BHO-103,22.1,969.1,50.0,False,,low,10.5,21.1,963.89,57.62,HEALTHY,replay
2025-02-23T10:00:00,AWS-BHO-103,24.8,969.5,40.0,False,,low,1.6,21.22,964.06,56.98,OFFLINE,replay
2025-02-23T11:00:00,AWS-BHO-103,26.3,968.8,36.0,False,,low,5.5,21.22,964.06,56.98,OFFLINE,replay
2025-02-23T12:00:00,AWS-BHO-103,27.3,967.8,34.0,False,,low,11.0,21.22,964.06,56.98,OFFLINE,replay
2025-02-23T13:00:00,AWS-BHO-103,27.9,966.9,31.0,False,,low,16.2,21.22,964.06,56.98,WARNING,replay
2025-02-23T14:00:00,AWS-BHO-103,28.0,965.7,30.0,False,,low,2.3,21.48,964.17,55.79,WARNING,replay
2025-02-23T15:00:00,AWS-BHO-103,27.8,964.9,29.0,False,,low,2.1,21.72,964.23,54.65,WARNING,replay
2025-02-23T16:00:00,AWS-BHO-103,27.4,964.6,32.0,False,,low,0.7,21.9,964.24,53.71,WARNING,replay
2025-02-23T17:00:00,AWS-BHO-103,25.1,964.5,49.0,False,,low,7.4,22.01,964.24,53.06,WARNING,replay
2025-02-23T18:00:00,AWS-BHO-103,22.1,964.1,43.0,False,,low,1.3,22.03,964.22,52.92,WARNING,replay
2025-02-23T19:00:00,AWS-BHO-103,21.6,964.9,43.0,False,,low,0.3,21.94,964.21,52.77,WARNING,replay
2025-02-23T20:00:00,AWS-BHO-103,20.4,965.7,47.0,False,,low,0.3,21.82,964.24,52.73,WARNING,replay
2025-02-23T21:00:00,AWS-BHO-103,19.7,966.0,48.0,False,,low,0.1,21.7,964.36,52.46,WARNING,replay
2025-02-23T22:00:00,AWS-BHO-103,19.4,965.8,49.0,False,drift,low,34.1,21.75,964.47,51.94,WARNING,replay
2025-02-23T23:00:00,AWS-BHO-103,17.9,965.4,53.0,False,drift,low,34.1,21.8,964.59,51.4,WARNING,replay
2025-02-24T00:00:00,AWS-BHO-103,16.7,965.3,55.0,False,drift,low,34.2,21.81,964.7,50.94,WARNING,replay
2025-02-24T01:00:00,AWS-BHO-103,16.1,964.8,58.0,False,drift,low,34.2,21.81,964.81,50.5,OFFLINE,replay
2025-02-24T02:00:00,AWS-BHO-103,15.4,964.7,62.0,False,drift,low,34.5,21.81,964.81,50.5,OFFLINE,replay
2025-02-24T03:00:00,AWS-BHO-103,14.7,964.5,65.0,False,drift,low,35.5,21.81,964.81,50.5,OFFLINE,replay
2025-02-24T04:00:00,AWS-BHO-103,14.4,964.3,67.0,False,,low,3.2,21.81,964.81,50.5,OFFLINE,replay
2025-02-24T05:00:00,AWS-BHO-103,14.7,965.1,66.0,False,drift,low,35.4,21.81,964.81,50.5,OFFLINE,replay
2025-02-24T06:00:00,AWS-BHO-103,14.3,966.2,74.0,True,drift,medium,66.0,21.81,964.81,50.5,OFFLINE,replay
2025-02-24T07:00:00,AWS-BHO-103,15.5,967.4,74.0,False,,low,43.8,21.81,964.81,50.5,OFFLINE,replay
2025-02-24T08:00:00,AWS-BHO-103,19.3,969.0,63.0,True,drift,medium,59.3,21.81,964.81,50.5,OFFLINE,replay
2025-02-24T09:00:00,AWS-BHO-103,22.3,969.8,53.0,False,,low,34.4,21.81,964.81,50.5,OFFLINE,replay
2025-02-24T10:00:00,AWS-BHO-103,24.9,969.9,45.0,False,,low,39.9,21.81,964.81,50.5,OFFLINE,replay
2025-02-24T11:00:00,AWS-BHO-103,26.8,969.5,37.0,False,,low,28.3,21.81,964.81,50.5,WARNING,replay
2025-02-24T12:00:00,AWS-BHO-103,27.9,968.4,33.0,False,,low,3.3,22.03,964.99,49.62,OFFLINE,replay
2025-02-24T13:00:00,AWS-BHO-103,28.4,967.2,30.0,False,,low,4.6,22.03,964.99,49.62,OFFLINE,replay
2025-02-24T14:00:00,AWS-BHO-103,28.7,965.8,29.0,False,,low,5.0,22.03,964.99,49.62,OFFLINE,replay
2025-02-24T15:00:00,AWS-BHO-103,28.7,965.2,29.0,False,,low,6.1,22.03,964.99,49.62,WARNING,replay
2025-02-24T16:00:00,AWS-BHO-103,27.9,965.0,33.0,False,,low,2.2,22.29,965.06,48.54,WARNING,replay
2025-02-24T17:00:00,AWS-BHO-103,25.3,965.0,43.0,False,,low,2.9,22.51,965.11,47.6,WARNING,replay
2025-02-24T18:00:00,AWS-BHO-103,21.6,965.3,46.0,False,,low,6.4,22.61,965.13,47.04,WARNING,replay
2025-02-24T19:00:00,AWS-BHO-103,20.7,965.9,47.0,False,drift,low,35.8,22.58,965.13,46.73,WARNING,replay
2025-02-24T20:00:00,AWS-BHO-103,20.2,966.7,43.0,False,drift,low,35.1,22.48,965.14,46.62,WARNING,replay
2025-02-24T21:00:00,AWS-BHO-103,19.0,967.1,43.0,False,drift,low,34.3,22.33,965.16,46.62,WARNING,replay
2025-02-24T22:00:00,AWS-BHO-103,18.7,967.5,44.0,False,drift,low,34.4,22.14,965.21,46.75,OFFLINE,replay
2025-02-24T23:00:00,AWS-BHO-103,18.3,967.4,49.0,False,drift,low,34.5,22.14,965.21,46.75,OFFLINE,replay
2025-02-25T00:00:00,AWS-BHO-103,17.8,966.6,51.0,False,drift,low,34.6,22.14,965.21,46.75,OFFLINE,replay
2025-02-25T01:00:00,AWS-BHO-103,16.1,966.2,58.0,False,,low,6.3,22.14,965.21,46.75,OFFLINE,replay
2025-02-25T02:00:00,AWS-BHO-103,16.0,965.7,58.0,False,,low,4.2,22.14,965.21,46.75,OFFLINE,replay
2025-02-25T03:00:00,AWS-BHO-103,15.5,965.4,60.0,False,,low,9.4,22.14,965.21,46.75,WARNING,replay
2025-02-25T04:00:00,AWS-BHO-103,15.0,965.3,62.0,False,,low,1.0,21.89,965.29,46.94,OFFLINE,replay
2025-02-25T05:00:00,AWS-BHO-103,14.2,965.4,65.0,False,,low,1.5,21.89,965.29,46.94,OFFLINE,replay
2025-02-25T06:00:00,AWS-BHO-103,14.2,966.6,70.0,False,,low,11.3,21.89,965.29,46.94,OFFLINE,replay
2025-02-25T07:00:00,AWS-BHO-103,15.4,967.3,68.0,False,,low,20.5,21.89,965.29,46.94,HEALTHY,replay
2025-02-25T08:00:00,AWS-BHO-103,18.9,969.0,59.0,False,,low,14.7,21.82,965.37,47.06,WARNING,replay
2025-02-25T09:00:00,AWS-BHO-103,21.9,970.1,49.0,False,,low,4.1,21.84,965.49,46.98,WARNING,replay
2025-02-25T10:00:00,AWS-BHO-103,24.5,970.7,42.0,False,,low,2.3,21.91,965.66,46.75,WARNING,replay
2025-02-25T11:00:00,AWS-BHO-103,26.4,970.4,35.0,False,drift,low,36.1,22.06,965.84,46.33,WARNING,replay
2025-02-25T12:00:00,AWS-BHO-103,27.6,969.5,32.0,False,drift,low,34.7,22.28,966.02,45.75,WARNING,replay
2025-02-25T13:00:00,AWS-BHO-103,28.2,968.3,30.0,False,drift,low,34.6,22.54,966.17,45.19,WARNING,replay
2025-02-25T14:00:00,AWS-BHO-103,28.6,967.3,29.0,False,drift,low,34.3,22.81,966.29,44.73,OFFLINE,replay
2025-02-25T15:00:00,AWS-BHO-103,28.7,966.7,28.0,False,,low,1.1,22.81,966.29,44.73,OFFLINE,replay
2025-02-25T16:00:00,AWS-BHO-103,28.2,966.5,33.0,False,,low,1.4,22.81,966.29,44.73,OFFLINE,replay
2025-02-25T17:00:00,AWS-BHO-103,25.5,966.4,49.0,False,,low,12.8,22.81,966.29,44.73,HEALTHY,replay
2025-02-25T18:00:00,AWS-BHO-103,22.1,966.9,46.0,False,,low,3.1,23.04,966.35,44.52,OFFLINE,replay
2025-02-25T19:00:00,AWS-BHO-103,20.6,967.6,44.0,False,multivariate_inconsistency,low,27.2,23.04,966.35,44.52,OFFLINE,replay
2025-02-25T20:00:00,AWS-BHO-103,20.4,968.3,42.0,False,multivariate_inconsistency,low,31.4,23.04,966.35,44.52,OFFLINE,replay
2025-02-25T21:00:00,AWS-BHO-103,19.7,968.7,42.0,False,multivariate_inconsistency,low,31.1,23.04,966.35,44.52,OFFLINE,replay
2025-02-25T22:00:00,AWS-BHO-103,18.8,968.9,46.0,False,multivariate_inconsistency,low,29.8,23.04,966.35,44.52,OFFLINE,replay
2025-02-25T23:00:00,AWS-BHO-103,17.8,968.2,51.0,False,multivariate_inconsistency,low,30.9,23.04,966.35,44.52,OFFLINE,replay
2025-02-26T00:00:00,AWS-BHO-103,17.2,967.8,55.0,False,multivariate_inconsistency,low,42.9,23.04,966.35,44.52,OFFLINE,replay
2025-02-26T01:00:00,AWS-BHO-103,16.9,967.0,57.0,False,multivariate_inconsistency,low,42.7,23.04,966.35,44.52,OFFLINE,replay
2025-02-26T02:00:00,AWS-BHO-103,16.7,966.5,57.0,False,multivariate_inconsistency,low,36.1,23.04,966.35,44.52,OFFLINE,replay
2025-02-26T03:00:00,AWS-BHO-103,16.7,966.1,57.0,False,multivariate_inconsistency,low,36.9,23.04,966.35,44.52,OFFLINE,replay
2025-02-26T04:00:00,AWS-BHO-103,15.9,966.0,60.0,False,multivariate_inconsistency,low,40.9,23.04,966.35,44.52,OFFLINE,replay
2025-02-26T05:00:00,AWS-BHO-103,14.7,966.2,67.0,True,multivariate_inconsistency,medium,58.5,23.04,966.35,44.52,OFFLINE,replay
2025-02-26T06:00:00,AWS-BHO-103,14.6,967.3,73.0,True,multivariate_inconsistency,medium,64.1,23.04,966.35,44.52,OFFLINE,replay
2025-02-26T07:00:00,AWS-BHO-103,16.1,968.5,71.0,True,statistical_anomaly,low,51.2,23.04,966.35,44.52,OFFLINE,replay
2025-02-26T08:00:00,AWS-BHO-103,19.3,970.1,64.0,False,,low,46.9,23.04,966.35,44.52,OFFLINE,replay
2025-02-26T09:00:00,AWS-BHO-103,22.4,971.0,54.0,False,,low,6.4,23.04,966.35,44.52,WARNING,replay
2025-02-26T10:00:00,AWS-BHO-103,25.1,971.5,46.0,False,,low,2.1,23.18,966.48,44.44,OFFLINE,replay
2025-02-26T11:00:00,AWS-BHO-103,27.1,970.8,39.0,False,,low,9.4,23.18,966.48,44.44,OFFLINE,replay
2025-02-26T12:00:00,AWS-BHO-103,28.5,969.6,34.0,False,,low,13.1,23.18,966.48,44.44,OFFLINE,replay
2025-02-26T13:00:00,AWS-BHO-103,29.3,968.3,31.0,False,,low,11.6,23.18,966.48,44.44,HEALTHY,replay
2025-02-26T14:00:00,AWS-BHO-103,29.7,967.3,31.0,False,,low,0.6,23.39,966.53,43.96,WARNING,replay
2025-02-26T15:00:00,AWS-BHO-103,29.8,966.4,30.0,False,,low,2.2,23.53,966.53,43.54,WARNING,replay
2025-02-26T16:00:00,AWS-BHO-103,29.5,965.9,33.0,False,,low,0.3,23.62,966.51,43.25,WARNING,replay
2025-02-26T17:00:00,AWS-BHO-103,28.1,965.6,49.0,False,,low,7.2,23.66,966.49,43.15,WARNING,replay
2025-02-26T18:00:00,AWS-BHO-103,25.5,965.7,46.0,False,,low,0.8,23.66,966.48,43.56,WARNING,replay
2025-02-26T19:00:00,AWS-BHO-103,23.5,966.3,48.0,False,,low,0.4,23.66,966.53,43.44,WARNING,replay
2025-02-26T20:00:00,AWS-BHO-103,21.8,966.9,50.0,False,,low,0.3,23.65,966.49,43.44,WARNING,replay
2025-02-26T21:00:00,AWS-BHO-103,20.8,967.1,52.0,False,,low,0.1,23.52,966.51,43.85,WARNING,replay
2025-02-26T22:00:00,AWS-BHO-103,19.3,967.2,54.0,False,drift,low,34.3,23.39,966.55,44.27,WARNING,replay
2025-02-26T23:00:00,AWS-BHO-103,18.9,966.6,52.0,False,drift,low,34.3,23.23,966.6,44.67,WARNING,replay
2025-02-27T00:00:00,AWS-BHO-103,18.3,965.9,54.0,False,drift,low,34.3,23.11,966.63,44.65,WARNING,replay
2025-02-27T01:00:00,AWS-BHO-103,17.6,965.4,56.0,False,drift,low,34.3,23.02,966.65,44.79,WARNING,replay
2025-02-27T02:00:00,AWS-BHO-103,17.3,964.7,57.0,False,drift,low,34.3,22.95,966.65,44.92,OFFLINE,replay
2025-02-27T03:00:00,AWS-BHO-103,16.8,964.3,59.0,False,drift,low,34.6,22.95,966.65,44.92,OFFLINE,replay
2025-02-27T04:00:00,AWS-BHO-103,16.6,964.1,60.0,False,drift,low,35.0,22.95,966.65,44.92,OFFLINE,replay
2025-02-27T05:00:00,AWS-BHO-103,15.9,964.4,63.0,False,drift,low,35.2,22.95,966.65,44.92,OFFLINE,replay
2025-02-27T06:00:00,AWS-BHO-103,16.1,965.5,67.0,False,,low,2.5,22.95,966.65,44.92,OFFLINE,replay
2025-02-27T07:00:00,AWS-BHO-103,17.4,966.4,65.0,False,,low,2.0,22.95,966.65,44.92,OFFLINE,replay
2025-02-27T08:00:00,AWS-BHO-103,20.8,967.7,60.0,False,,low,19.8,22.95,966.65,44.92,HEALTHY,replay
2025-02-27T09:00:00,AWS-BHO-103,23.8,968.4,52.0,False,,low,0.9,22.96,966.69,45.12,OFFLINE,replay
2025-02-27T10:00:00,AWS-BHO-103,26.4,968.4,44.0,False,,low,4.1,22.96,966.69,45.12,OFFLINE,replay
2025-02-27T11:00:00,AWS-BHO-103,28.5,967.8,36.0,False,,low,3.2,22.96,966.69,45.12,OFFLINE,replay
2025-02-27T12:00:00,AWS-BHO-103,30.0,966.5,32.0,False,,low,14.1,22.96,966.69,45.12,HEALTHY,replay
2025-02-27T13:00:00,AWS-BHO-103,31.1,965.2,29.0,False,,low,5.6,23.18,966.69,44.71,WARNING,replay
2025-02-27T14:00:00,AWS-BHO-103,31.6,963.9,27.0,False,,low,16.7,23.43,966.68,44.19,WARNING,replay
2025-02-27T15:00:00,AWS-BHO-103,31.5,963.0,26.0,False,,low,2.8,23.71,966.64,43.58,WARNING,replay
2025-02-27T16:00:00,AWS-BHO-103,30.5,962.6,31.0,False,,low,3.2,23.91,966.51,43.08,WARNING,replay
2025-02-27T17:00:00,AWS-BHO-103,28.6,962.3,49.0,False,,low,19.9,23.96,966.42,43.08,WARNING,replay
2025-02-27T18:00:00,AWS-BHO-103,26.1,962.4,42.0,False,,low,4.9,23.97,966.35,43.48,WARNING,replay
2025-02-27T19:00:00,AWS-BHO-103,23.5,962.8,47.0,False,,low,1.6,23.94,966.3,43.75,WARNING,replay
2025-02-27T20:00:00,AWS-BHO-103,21.9,963.1,49.0,False,,low,0.8,23.86,966.26,44.06,WARNING,replay
2025-02-27T21:00:00,AWS-BHO-103,21.7,963.2,49.0,False,,low,0.2,23.79,966.23,44.06,WARNING,replay
2025-02-27T22:00:00,AWS-BHO-103,22.4,963.3,44.0,False,,low,0.4,23.78,966.21,44.19,WARNING,replay
2025-02-27T23:00:00,AWS-BHO-103,21.2,962.8,45.0,False,,low,0.2,23.8,966.18,44.21,WARNING,replay
2025-02-28T00:00:00,AWS-BHO-103,20.3,962.4,49.0,False,,low,0.2,23.82,966.12,44.17,WARNING,replay
2025-02-28T01:00:00,AWS-BHO-103,19.3,961.8,52.0,False,,low,0.3,23.83,966.04,44.19,WARNING,replay
2025-02-28T02:00:00,AWS-BHO-103,19.1,961.1,56.0,False,drift,low,34.6,23.83,965.96,44.25,WARNING,replay
2025-02-28T03:00:00,AWS-BHO-103,17.8,960.6,60.0,False,drift,low,35.0,23.85,965.87,44.31,WARNING,replay
2025-02-28T04:00:00,AWS-BHO-103,17.6,960.2,61.0,False,drift,low,34.4,23.88,965.77,44.42,WARNING,replay
2025-02-28T05:00:00,AWS-BHO-103,18.0,960.3,60.0,False,,low,0.4,23.68,965.58,44.92,HEALTHY,replay
2025-02-28T06:00:00,AWS-BHO-103,18.4,961.3,61.0,False,,low,0.8,23.46,965.48,45.56,HEALTHY,replay
2025-02-28T07:00:00,AWS-BHO-103,19.6,962.4,60.0,False,,low,1.4,23.26,965.4,46.15,HEALTHY,replay
2025-02-28T08:00:00,AWS-BHO-103,23.1,964.1,54.0,False,,low,8.7,23.14,965.35,46.5,HEALTHY,replay
2025-02-28T09:00:00,AWS-BHO-103,26.6,965.4,47.0,False,,low,9.4,23.18,965.32,46.67,HEALTHY,replay
2025-02-28T10:00:00,AWS-BHO-103,29.1,966.0,39.0,False,drift,low,36.1,23.3,965.31,46.67,OFFLINE,replay
2025-02-28T11:00:00,AWS-BHO-103,31.1,965.6,28.0,True,drift,low,53.5,23.3,965.31,46.67,OFFLINE,replay
2025-02-28T12:00:00,AWS-BHO-103,31.8,964.5,25.0,True,drift,high,75.6,23.3,965.31,46.67,OFFLINE,replay
2025-02-28T13:00:00,AWS-BHO-103,32.3,963.2,25.0,True,drift,high,80.0,23.3,965.31,46.67,OFFLINE,replay
2025-02-28T14:00:00,AWS-BHO-103,32.4,961.9,25.0,False,,low,48.0,23.3,965.31,46.67,OFFLINE,replay
2025-02-28T15:00:00,AWS-BHO-103,32.1,961.0,27.0,False,,low,41.5,23.3,965.31,46.67,OFFLINE,replay
2025-02-28T16:00:00,AWS-BHO-103,31.2,960.8,30.0,False,,low,33.8,23.3,965.31,46.67,WARNING,replay
2025-02-28T17:00:00,AWS-BHO-103,28.8,960.5,36.0,False,,low,4.4,23.53,965.19,46.4,OFFLINE,replay
2025-02-28T18:00:00,AWS-BHO-103,27.0,961.2,34.0,False,,low,7.9,23.53,965.19,46.4,OFFLINE,replay
2025-02-28T19:00:00,AWS-BHO-103,25.8,961.5,36.0,False,,low,6.8,23.53,965.19,46.4,OFFLINE,replay
2025-02-28T20:00:00,AWS-BHO-103,25.6,962.3,36.0,False,,low,14.9,23.53,965.19,46.4,WARNING,replay
2025-02-28T21:00:00,AWS-BHO-103,24.7,962.6,37.0,False,,low,1.4,23.66,965.09,46.25,WARNING,replay
2025-02-28T22:00:00,AWS-BHO-103,24.2,962.6,38.0,False,,low,0.5,23.86,965.03,45.77,WARNING,replay
2025-02-28T23:00:00,AWS-BHO-103,23.2,962.0,41.0,False,drift,low,34.3,24.04,964.93,45.15,WARNING,replay
2025-03-01T00:00:00,AWS-BHO-103,23.0,961.6,42.0,False,drift,low,34.4,24.13,964.79,44.77,WARNING,replay
2025-03-01T01:00:00,AWS-BHO-103,22.4,961.3,45.0,False,drift,low,34.2,24.15,964.61,44.62,WARNING,replay
2025-03-01T02:00:00,AWS-BHO-103,21.9,960.6,47.0,False,drift,low,34.2,24.11,964.41,44.69,OFFLINE,replay
2025-03-01T03:00:00,AWS-BHO-103,20.8,959.9,51.0,False,drift,low,34.7,24.11,964.41,44.69,OFFLINE,replay
2025-03-01T04:00:00,AWS-BHO-103,19.7,959.8,55.0,False,,low,4.5,24.11,964.41,44.69,OFFLINE,replay
2025-03-01T05:00:00,AWS-BHO-103,18.6,960.0,59.0,False,,low,5.9,24.11,964.41,44.69,OFFLINE,replay
2025-03-01T06:00:00,AWS-BHO-103,19.1,961.3,60.0,False,drift,low,43.0,24.11,964.41,44.69,OFFLINE,replay
2025-03-01T07:00:00,AWS-BHO-103,19.6,962.4,63.0,False,,low,19.6,24.11,964.41,44.69,OFFLINE,replay
2025-03-01T08:00:00,AWS-BHO-103,23.0,963.8,53.0,False,drift,low,37.8,24.11,964.41,44.69,OFFLINE,replay
2025-03-01T09:00:00,AWS-BHO-103,25.6,964.9,44.0,False,,low,4.9,24.11,964.41,44.69,OFFLINE,replay
2025-03-01T10:00:00,AWS-BHO-103,27.9,965.3,40.0,False,,low,17.0,24.11,964.41,44.69,OFFLINE,replay
2025-03-01T11:00:00,AWS-BHO-103,29.5,964.9,35.0,False,,low,16.0,24.11,964.41,44.69,HEALTHY,replay
2025-03-01T12:00:00,AWS-BHO-103,30.6,963.7,32.0,False,,low,1.1,24.17,964.3,44.69,WARNING,replay
2025-03-01T13:00:00,AWS-BHO-103,31.5,962.4,29.0,False,,low,2.4,24.24,964.18,44.69,WARNING,replay
2025-03-01T14:00:00,AWS-BHO-103,31.7,961.4,27.0,False,drift,low,35.2,24.3,964.05,44.67,WARNING,replay
2025-03-01T15:00:00,AWS-BHO-103,31.2,960.6,28.0,False,,low,0.6,24.43,963.95,44.21,WARNING,replay
2025-03-01T16:00:00,AWS-BHO-103,30.6,960.6,31.0,False,,low,0.5,24.62,963.73,43.67,WARNING,replay
2025-03-01T17:00:00,AWS-BHO-103,28.3,960.4,44.0,False,,low,1.8,24.64,963.57,43.67,WARNING,replay
2025-03-01T18:00:00,AWS-BHO-103,26.3,960.9,42.0,False,,low,0.5,24.61,963.43,43.94,WARNING,replay
2025-03-01T19:00:00,AWS-BHO-103,24.5,961.1,48.0,False,,low,0.4,24.54,963.31,44.19,WARNING,replay
2025-03-01T20:00:00,AWS-BHO-103,23.6,961.6,48.0,False,,low,0.2,24.44,963.21,44.5,WARNING,replay
2025-03-01T21:00:00,AWS-BHO-103,22.4,961.9,50.0,False,,low,0.1,24.34,963.13,44.48,WARNING,replay
2025-03-01T22:00:00,AWS-BHO-103,21.4,961.7,54.0,False,,low,0.1,24.28,963.05,44.56,WARNING,replay
2025-03-01T23:00:00,AWS-BHO-103,21.2,961.2,52.0,False,drift,low,34.1,24.24,962.96,44.69,WARNING,replay
2025-03-02T00:00:00,AWS-BHO-103,21.6,960.7,49.0,False,,low,0.2,24.22,962.84,44.73,WARNING,replay
2025-03-02T01:00:00,AWS-BHO-103,21.5,960.0,47.0,False,,low,0.3,24.24,962.7,44.67,WARNING,replay
2025-03-02T02:00:00,AWS-BHO-103,21.2,959.6,45.0,False,drift,low,34.3,24.29,962.55,44.52,WARNING,replay
2025-03-02T03:00:00,AWS-BHO-103,19.6,959.0,49.0,False,,low,0.4,24.33,962.41,44.38,WARNING,replay
2025-03-02T04:00:00,AWS-BHO-103,18.6,958.6,53.0,False,drift,low,34.3,24.36,962.26,44.27,WARNING,replay
2025-03-02T05:00:00,AWS-BHO-103,17.6,959.0,56.0,False,drift,low,34.3,24.38,962.12,44.21,OFFLINE,replay
2025-03-02T06:00:00,AWS-BHO-103,17.9,960.2,59.0,False,drift,low,35.8,24.38,962.12,44.21,OFFLINE,replay
2025-03-02T07:00:00,AWS-BHO-103,19.1,961.1,56.0,False,,low,1.0,24.38,962.12,44.21,OFFLINE,replay
2025-03-02T08:00:00,AWS-BHO-103,22.2,962.2,51.0,False,,low,3.2,24.38,962.12,44.21,OFFLINE,replay
2025-03-02T09:00:00,AWS-BHO-103,25.0,963.4,44.0,False,,low,11.9,24.38,962.12,44.21,HEALTHY,replay
2025-03-02T10:00:00,AWS-BHO-103,27.6,963.8,38.0,False,,low,1.8,24.47,962.03,43.88,OFFLINE,replay
2025-03-02T11:00:00,AWS-BHO-103,29.4,963.6,31.0,False,,low,7.8,24.47,962.03,43.88,OFFLINE,replay
2025-03-02T12:00:00,AWS-BHO-103,30.3,962.7,29.0,False,,low,13.4,24.47,962.03,43.88,OFFLINE,replay
2025-03-02T13:00:00,AWS-BHO-103,30.8,961.3,27.0,False,,low,23.5,24.47,962.03,43.88,HEALTHY,replay
2025-03-02T14:00:00,AWS-BHO-103,31.5,960.2,26.0,False,,low,6.7,24.49,961.92,43.77,WARNING,replay
2025-03-02T15:00:00,AWS-BHO-103,31.5,959.3,24.0,False,,low,8.7,24.49,961.82,43.71,WARNING,replay
2025-03-02T16:00:00,AWS-BHO-103,30.7,959.1,26.0,False,,low,0.8,24.49,961.72,43.65,WARNING,replay
2025-03-02T17:00:00,AWS-BHO-103,28.2,958.8,46.0,False,,low,15.6,24.47,961.64,43.65,WARNING,replay
2025-03-02T18:00:00,AWS-BHO-103,24.9,959.1,36.0,False,,low,4.8,24.43,961.56,43.96,WARNING,replay
2025-03-02T19:00:00,AWS-BHO-103,23.6,959.7,39.0,False,,low,0.5,24.35,961.5,43.69,WARNING,replay
2025-03-02T20:00:00,AWS-BHO-103,22.2,960.3,45.0,False,,low,0.3,24.3,961.44,43.62,WARNING,replay
2025-03-02T21:00:00,AWS-BHO-103,20.7,961.1,47.0,False,,low,0.3,24.27,961.39,43.58,WARNING,replay
2025-03-02T22:00:00,AWS-BHO-103,19.7,961.3,50.0,False,drift,low,34.3,24.25,961.35,43.54,WARNING,replay
2025-03-02T23:00:00,AWS-BHO-103,20.6,961.3,45.0,False,,low,0.8,24.2,961.31,43.56,WARNING,replay
2025-03-03T00:00:00,AWS-BHO-103,19.4,960.7,49.0,False,,low,0.2,24.17,961.27,43.58,WARNING,replay
2025-03-03T01:00:00,AWS-BHO-103,19.4,960.3,48.0,False,,low,0.1,24.13,961.22,43.67,WARNING,replay
2025-03-03T02:00:00,AWS-BHO-103,19.4,959.9,48.0,False,,low,0.1,24.11,961.18,43.65,HEALTHY,replay
2025-03-03T03:00:00,AWS-BHO-103,18.7,959.7,51.0,False,,low,0.2,24.11,961.14,43.56,HEALTHY,replay
2025-03-03T04:00:00,AWS-BHO-103,17.8,959.9,57.0,False,,low,0.3,24.1,961.11,43.46,HEALTHY,replay
2025-03-03T05:00:00,AWS-BHO-103,17.2,960.4,65.0,False,,low,0.5,24.1,961.1,43.4,HEALTHY,replay
2025-03-03T06:00:00,AWS-BHO-103,16.2,960.8,84.0,True,drift,high,73.5,24.1,961.1,43.48,HEALTHY,replay
2025-03-03T07:00:00,AWS-BHO-103,17.6,962.5,81.0,False,,low,49.4,24.1,961.1,43.48,HEALTHY,replay
2025-03-03T08:00:00,AWS-BHO-103,20.7,963.8,70.0,False,,low,8.6,24.09,961.15,43.92,HEALTHY,replay
2025-03-03T09:00:00,AWS-BHO-103,24.0,965.1,58.0,False,,low,10.7,24.14,961.2,44.1,HEALTHY,replay
2025-03-03T10:00:00,AWS-BHO-103,26.5,965.5,48.0,False,drift,low,36.0,24.23,961.25,44.06,HEALTHY,replay
2025-03-03T11:00:00,AWS-BHO-103,28.3,965.1,38.0,False,drift,low,37.7,24.3,961.28,43.94,HEALTHY,replay
2025-03-03T12:00:00,AWS-BHO-103,29.5,964.0,32.0,False,drift,low,35.3,24.33,961.28,43.75,OFFLINE,replay
2025-03-03T13:00:00,AWS-BHO-103,30.2,962.8,30.0,False,drift,low,37.3,24.33,961.28,43.75,OFFLINE,replay
2025-03-03T14:00:00,AWS-BHO-103,30.5,961.9,29.0,False,drift,low,42.0,24.33,961.28,43.75,OFFLINE,replay
2025-03-03T15:00:00,AWS-BHO-103,30.5,961.0,30.0,False,,low,12.8,24.33,961.28,43.75,OFFLINE,replay
2025-03-03T16:00:00,AWS-BHO-103,30.0,960.8,32.0,False,,low,8.1,24.33,961.28,43.75,OFFLINE,replay
2025-03-03T17:00:00,AWS-BHO-103,28.1,960.6,52.0,False,,low,25.0,24.33,961.28,43.75,OFFLINE,replay
2025-03-03T18:00:00,AWS-BHO-103,26.3,961.0,46.0,False,,low,9.1,24.33,961.28,43.75,OFFLINE,replay
2025-03-03T19:00:00,AWS-BHO-103,24.9,961.2,45.0,False,,low,11.1,24.33,961.28,43.75,OFFLINE,replay
2025-03-03T20:00:00,AWS-BHO-103,22.7,961.8,52.0,False,,low,7.5,24.33,961.28,43.75,OFFLINE,replay
2025-03-03T21:00:00,AWS-BHO-103,22.8,962.1,53.0,False,,low,7.3,24.33,961.28,43.75,WARNING,replay
2025-03-03T22:00:00,AWS-BHO-103,22.1,961.8,55.0,False,,low,0.4,24.16,961.3,44.23,WARNING,replay
2025-03-03T23:00:00,AWS-BHO-103,20.9,961.5,58.0,False,,low,0.7,24.09,961.29,44.62,WARNING,replay
2025-03-04T00:00:00,AWS-BHO-103,20.1,960.8,60.0,False,,low,0.2,24.01,961.27,45.06,WARNING,replay
2025-03-04T01:00:00,AWS-BHO-103,20.2,960.4,61.0,False,,low,0.1,23.92,961.23,45.52,WARNING,replay
2025-03-04T02:00:00,AWS-BHO-103,20.0,959.5,61.0,False,,low,0.5,23.86,961.2,45.94,WARNING,replay
2025-03-04T03:00:00,AWS-BHO-103,20.0,959.5,59.0,False,,low,0.3,23.8,961.16,46.33,WARNING,replay
2025-03-04T04:00:00,AWS-BHO-103,20.0,959.7,55.0,False,,low,0.7,23.75,961.12,46.62,WARNING,replay
2025-03-04T05:00:00,AWS-BHO-103,20.2,960.2,50.0,False,,low,1.0,23.55,961.01,47.04,WARNING,replay
2025-03-04T06:00:00,AWS-BHO-103,19.6,961.7,53.0,False,,low,1.7,23.33,960.94,47.42,WARNING,replay
2025-03-04T07:00:00,AWS-BHO-103,20.5,962.7,51.0,False,,low,0.5,23.08,960.92,47.92,WARNING,replay
2025-03-04T08:00:00,AWS-BHO-103,22.9,964.1,48.0,False,,low,2.2,22.85,960.95,48.42,WARNING,replay
2025-03-04T09:00:00,AWS-BHO-103,25.2,965.1,42.0,False,,low,1.3,22.68,961.02,48.83,WARNING,replay
2025-03-04T10:00:00,AWS-BHO-103,27.2,965.5,35.0,False,drift,low,36.4,22.56,961.12,49.06,OFFLINE,replay
2025-03-04T11:00:00,AWS-BHO-103,28.7,965.4,30.0,True,drift,low,50.3,22.56,961.12,49.06,OFFLINE,replay
2025-03-04T12:00:00,AWS-BHO-103,29.8,964.4,27.0,True,drift,medium,65.9,22.56,961.12,49.06,OFFLINE,replay
2025-03-04T13:00:00,AWS-BHO-103,30.4,963.6,25.0,True,drift,high,78.4,22.56,961.12,49.06,OFFLINE,replay
2025-03-04T14:00:00,AWS-BHO-103,30.4,962.8,25.0,False,,low,44.7,22.56,961.12,49.06,OFFLINE,replay
2025-03-04T15:00:00,AWS-BHO-103,30.0,962.1,24.0,False,,low,44.5,22.56,961.12,49.06,OFFLINE,replay
2025-03-04T16:00:00,AWS-BHO-103,29.1,962.1,25.0,False,,low,40.6,22.56,961.12,49.06,WARNING,replay
2025-03-04T17:00:00,AWS-BHO-103,27.4,962.1,28.0,False,,low,4.0,22.58,961.15,48.67,OFFLINE,replay
2025-03-04T18:00:00,AWS-BHO-103,24.3,963.2,31.0,False,,low,8.5,22.58,961.15,48.67,OFFLINE,replay
2025-03-04T19:00:00,AWS-BHO-103,23.2,963.6,31.0,False,,low,17.4,22.58,961.15,48.67,OFFLINE,replay
2025-03-04T20:00:00,AWS-BHO-103,22.2,964.4,32.0,False,,low,21.3,22.58,961.15,48.67,WARNING,replay
2025-03-04T21:00:00,AWS-BHO-103,21.7,964.9,32.0,False,,low,2.6,22.5,961.22,48.46,WARNING,replay
2025-03-04T22:00:00,AWS-BHO-103,20.8,965.1,32.0,False,,low,3.8,22.44,961.3,48.12,WARNING,replay
2025-03-04T23:00:00,AWS-BHO-103,19.6,964.9,32.0,False,,low,3.9,22.38,961.38,47.79,WARNING,replay
2025-03-05T00:00:00,AWS-BHO-103,18.4,964.4,31.0,False,,low,5.6,22.32,961.44,47.42,WARNING,replay
2025-03-05T01:00:00,AWS-BHO-103,17.2,963.9,30.0,False,,low,4.1,22.26,961.5,46.94,WARNING,replay
2025-03-05T02:00:00,AWS-BHO-103,16.2,963.2,30.0,False,,low,3.3,22.18,961.55,46.48,WARNING,replay
2025-03-05T03:00:00,AWS-BHO-103,15.4,962.9,29.0,False,,low,3.1,22.06,961.6,46.08,WARNING,replay
2025-03-05T04:00:00,AWS-BHO-103,14.9,963.1,26.0,False,,low,3.6,21.94,961.66,45.71,WARNING,replay
2025-03-05T05:00:00,AWS-BHO-103,14.4,963.5,25.0,False,,low,1.9,21.8,961.74,45.31,WARNING,replay
2025-03-05T06:00:00,AWS-BHO-103,14.3,964.7,37.0,False,,low,21.0,21.7,961.83,44.81,WARNING,replay
2025-03-05T07:00:00,AWS-BHO-103,15.0,965.5,43.0,False,,low,3.4,21.61,961.96,44.48,WARNING,replay
2025-03-05T08:00:00,AWS-BHO-103,17.0,966.3,43.0,False,,low,2.3,21.4,962.0,44.46,WARNING,replay
2025-03-05T09:00:00,AWS-BHO-103,19.5,966.8,39.0,False,,low,0.7,21.11,962.11,44.79,WARNING,replay
2025-03-05T10:00:00,AWS-BHO-103,21.6,967.2,30.0,False,drift,low,35.6,20.86,962.24,45.06,HEALTHY,replay
2025-03-05T11:00:00,AWS-BHO-103,23.6,966.7,25.0,False,drift,low,35.5,20.65,962.41,45.19,HEALTHY,replay
2025-03-05T12:00:00,AWS-BHO-103,25.2,965.7,20.0,False,drift,low,38.5,20.51,962.57,45.17,HEALTHY,replay
2025-03-05T13:00:00,AWS-BHO-103,26.3,964.3,18.0,False,drift,low,40.4,20.44,962.71,44.62,OFFLINE,replay
2025-03-05T14:00:00,AWS-BHO-103,26.9,963.5,17.0,False,drift,low,49.0,20.44,962.71,44.62,OFFLINE,replay
2025-03-05T15:00:00,AWS-BHO-103,26.9,962.8,15.0,False,,low,28.4,20.44,962.71,44.62,OFFLINE,replay
2025-03-05T16:00:00,AWS-BHO-103,26.4,962.6,15.0,False,,low,29.2,20.44,962.71,44.62,HEALTHY,replay
2025-03-05T17:00:00,AWS-BHO-103,24.7,962.4,18.0,False,,low,11.6,20.47,962.78,44.19,OFFLINE,replay
2025-03-05T18:00:00,AWS-BHO-103,21.2,962.4,23.0,False,,low,15.0,20.47,962.78,44.19,OFFLINE,replay
2025-03-05T19:00:00,AWS-BHO-103,20.1,962.8,23.0,False,,low,18.3,20.47,962.78,44.19,OFFLINE,replay
2025-03-05T20:00:00,AWS-BHO-103,19.0,963.5,23.0,False,,low,12.7,20.47,962.78,44.19,HEALTHY,replay
2025-03-05T21:00:00,AWS-BHO-103,18.2,964.2,22.0,False,,low,2.0,20.38,962.86,43.85,WARNING,replay
2025-03-05T22:00:00,AWS-BHO-103,17.5,964.6,24.0,False,,low,2.0,20.3,962.94,43.38,WARNING,replay
2025-03-05T23:00:00,AWS-BHO-103,16.5,964.1,28.0,False,,low,1.2,20.23,963.02,42.9,WARNING,replay
2025-03-06T00:00:00,AWS-BHO-103,15.7,963.7,32.0,False,,low,1.0,20.16,963.08,42.44,WARNING,replay
2025-03-06T01:00:00,AWS-BHO-103,14.9,963.3,35.0,False,drift,low,34.6,20.06,963.12,42.17,WARNING,replay
2025-03-06T02:00:00,AWS-BHO-103,14.1,962.6,39.0,False,drift,low,34.5,19.97,963.18,41.88,WARNING,replay
2025-03-06T03:00:00,AWS-BHO-103,13.4,962.1,42.0,False,drift,low,34.4,19.86,963.23,41.69,WARNING,replay
2025-03-06T04:00:00,AWS-BHO-103,12.9,962.0,44.0,False,drift,low,34.3,19.73,963.27,41.56,OFFLINE,replay
2025-03-06T05:00:00,AWS-BHO-103,12.4,962.0,47.0,False,drift,low,34.5,19.73,963.27,41.56,OFFLINE,replay
2025-03-06T06:00:00,AWS-BHO-103,11.8,962.6,53.0,False,drift,low,37.4,19.73,963.27,41.56,OFFLINE,replay
2025-03-06T07:00:00,AWS-BHO-103,13.8,963.8,53.0,False,,low,10.3,19.73,963.27,41.56,OFFLINE,replay
2025-03-06T08:00:00,AWS-BHO-103,18.2,965.6,46.0,False,,low,22.5,19.73,963.27,41.56,OFFLINE,replay
2025-03-06T09:00:00,AWS-BHO-103,21.9,966.4,34.0,False,,low,25.5,19.73,963.27,41.56,WARNING,replay
2025-03-06T10:00:00,AWS-BHO-103,24.2,966.7,24.0,False,,low,3.7,19.8,963.41,41.21,OFFLINE,replay
2025-03-06T11:00:00,AWS-BHO-103,25.8,966.2,21.0,False,,low,18.9,19.8,963.41,41.21,OFFLINE,replay
2025-03-06T12:00:00,AWS-BHO-103,27.1,965.5,18.0,False,,low,31.2,19.8,963.41,41.21,OFFLINE,replay
2025-03-06T13:00:00,AWS-BHO-103,27.8,964.8,18.0,False,,low,38.9,19.8,963.41,41.21,HEALTHY,replay
2025-03-06T14:00:00,AWS-BHO-103,28.3,964.2,17.0,False,,low,13.8,20.01,963.51,40.4,WARNING,replay
2025-03-06T15:00:00,AWS-BHO-103,28.6,963.5,15.0,False,,low,11.6,20.24,963.59,39.4,WARNING,replay
2025-03-06T16:00:00,AWS-BHO-103,28.1,962.7,16.0,False,,low,3.1,20.47,963.61,38.02,WARNING,replay
2025-03-06T17:00:00,AWS-BHO-103,25.5,962.2,33.0,False,,low,7.2,20.62,963.59,36.9,WARNING,replay
2025-03-06T18:00:00,AWS-BHO-103,23.2,962.5,24.0,False,,low,4.2,20.65,963.53,36.38,WARNING,replay
2025-03-06T19:00:00,AWS-BHO-103,22.3,962.6,24.0,False,,low,0.4,20.58,963.47,35.88,WARNING,replay
2025-03-06T20:00:00,AWS-BHO-103,21.1,962.8,25.0,False,,low,0.5,20.46,963.42,35.58,WARNING,replay
2025-03-06T21:00:00,AWS-BHO-103,20.0,962.7,25.0,False,,low,0.3,20.42,963.43,35.0,WARNING,replay
2025-03-06T22:00:00,AWS-BHO-103,19.6,962.4,24.0,False,drift,low,34.3,20.38,963.45,34.38,WARNING,replay
2025-03-06T23:00:00,AWS-BHO-103,18.8,962.0,26.0,False,drift,low,34.3,20.35,963.47,33.67,WARNING,replay
2025-03-07T00:00:00,AWS-BHO-103,17.1,961.5,31.0,False,drift,low,34.6,20.32,963.49,32.96,WARNING,replay
2025-03-07T01:00:00,AWS-BHO-103,16.1,961.0,34.0,False,drift,low,34.5,20.26,963.52,32.33,OFFLINE,replay
2025-03-07T02:00:00,AWS-BHO-103,15.3,960.5,33.0,False,drift,low,35.9,20.26,963.52,32.33,OFFLINE,replay
2025-03-07T03:00:00,AWS-BHO-103,14.5,960.2,34.0,False,,low,4.0,20.26,963.52,32.33,OFFLINE,replay
2025-03-07T04:00:00,AWS-BHO-103,14.2,959.8,34.0,False,,low,4.5,20.26,963.52,32.33,OFFLINE,replay
2025-03-07T05:00:00,AWS-BHO-103,14.3,960.0,33.0,False,,low,3.4,20.26,963.52,32.33,HEALTHY,replay
2025-03-07T06:00:00,AWS-BHO-103,13.9,960.6,36.0,False,drift,low,34.7,20.14,963.53,31.75,OFFLINE,replay
2025-03-07T07:00:00,AWS-BHO-103,15.9,961.8,47.0,False,,low,37.8,20.14,963.53,31.75,OFFLINE,replay
2025-03-07T08:00:00,AWS-BHO-103,19.8,963.6,35.0,False,,low,27.5,20.14,963.53,31.75,OFFLINE,replay
2025-03-07T09:00:00,AWS-BHO-103,24.2,964.7,28.0,False,,low,37.2,20.14,963.53,31.75,HEALTHY,replay
2025-03-07T10:00:00,AWS-BHO-103,27.3,964.7,21.0,False,,low,11.0,20.23,963.64,31.1,WARNING,replay
2025-03-07T11:00:00,AWS-BHO-103,29.0,964.3,17.0,False,,low,22.8,20.38,963.74,30.4,WARNING,replay
2025-03-07T12:00:00,AWS-BHO-103,30.0,963.1,16.0,False,drift,low,47.9,20.56,963.83,29.71,WARNING,replay
2025-03-07T13:00:00,AWS-BHO-103,30.7,962.0,16.0,False,,low,15.0,20.78,963.85,28.94,WARNING,replay
2025-03-07T14:00:00,AWS-BHO-103,31.1,961.0,16.0,False,,low,14.6,20.99,963.84,28.21,WARNING,replay
2025-03-07T15:00:00,AWS-BHO-103,31.2,960.1,16.0,False,,low,7.1,21.16,963.77,27.54,WARNING,replay
2025-03-07T16:00:00,AWS-BHO-103,30.9,959.8,19.0,False,,low,6.3,21.29,963.67,27.0,WARNING,replay
2025-03-07T17:00:00,AWS-BHO-103,28.8,959.4,37.0,False,,low,29.3,21.33,963.62,26.88,WARNING,replay
2025-03-07T18:00:00,AWS-BHO-103,25.7,959.2,27.0,False,,low,19.1,21.46,963.52,26.98,WARNING,replay
2025-03-07T19:00:00,AWS-BHO-103,23.5,959.6,31.0,False,,low,2.1,21.55,963.4,26.88,WARNING,replay
2025-03-07T20:00:00,AWS-BHO-103,21.8,960.0,34.0,False,,low,1.9,21.6,963.29,26.85,WARNING,replay
2025-03-07T21:00:00,AWS-BHO-103,21.9,960.1,32.0,False,,low,1.3,21.65,963.18,26.9,WARNING,replay
2025-03-07T22:00:00,AWS-BHO-103,20.8,960.1,34.0,False,,low,0.8,21.72,963.09,26.92,WARNING,replay
2025-03-07T23:00:00,AWS-BHO-103,20.0,959.6,35.0,False,,low,2.2,21.8,963.01,27.0,HEALTHY,replay
2025-03-08T00:00:00,AWS-BHO-103,19.2,959.3,37.0,False,,low,1.2,21.88,962.94,27.1,HEALTHY,replay
2025-03-08T01:00:00,AWS-BHO-103,19.1,958.8,37.0,False,drift,low,34.9,21.96,962.86,27.27,HEALTHY,replay
2025-03-08T02:00:00,AWS-BHO-103,18.9,958.1,38.0,False,drift,low,35.6,22.04,962.78,27.5,HEALTHY,replay
2025-03-08T03:00:00,AWS-BHO-103,17.8,957.2,42.0,False,drift,low,36.9,22.14,962.66,27.77,HEALTHY,replay
2025-03-08T04:00:00,AWS-BHO-103,16.9,956.8,44.0,False,drift,low,35.6,22.21,962.51,27.88,OFFLINE,replay
2025-03-08T05:00:00,AWS-BHO-103,16.1,957.0,45.0,False,drift,low,37.1,22.21,962.51,27.88,OFFLINE,replay
2025-03-08T06:00:00,AWS-BHO-103,15.3,957.9,53.0,False,,low,15.7,22.21,962.51,27.88,OFFLINE,replay
2025-03-08T07:00:00,AWS-BHO-103,17.4,958.8,50.0,False,,low,14.1,22.21,962.51,27.88,OFFLINE,replay
2025-03-08T08:00:00,AWS-BHO-103,21.7,960.4,42.0,False,,low,22.4,22.21,962.51,27.88,HEALTHY,replay
2025-03-08T09:00:00,AWS-BHO-103,25.7,961.6,34.0,False,,low,16.2,22.35,962.4,27.85,OFFLINE,replay
2025-03-08T10:00:00,AWS-BHO-103,28.8,961.9,26.0,False,,low,29.7,22.35,962.4,27.85,OFFLINE,replay
2025-03-08T11:00:00,AWS-BHO-103,30.7,961.7,21.0,False,,low,43.4,22.35,962.4,27.85,OFFLINE,replay
2025-03-08T12:00:00,AWS-BHO-103,31.7,960.8,18.0,False,,low,41.2,22.35,962.4,27.85,HEALTHY,replay
2025-03-08T13:00:00,AWS-BHO-103,32.1,959.8,18.0,False,,low,21.7,22.66,962.29,27.33,WARNING,replay
2025-03-08T14:00:00,AWS-BHO-103,32.0,958.9,18.0,False,,low,11.5,22.92,962.14,26.9,WARNING,replay
2025-03-08T15:00:00,AWS-BHO-103,31.8,958.4,18.0,False,,low,1.1,23.14,961.97,26.65,WARNING,replay
2025-03-08T16:00:00,AWS-BHO-103,31.1,958.3,20.0,False,,low,1.6,23.31,961.79,26.5,WARNING,replay
2025-03-08T17:00:00,AWS-BHO-103,28.6,958.1,30.0,False,,low,2.8,23.43,961.64,26.5,WARNING,replay
2025-03-08T18:00:00,AWS-BHO-103,24.8,958.2,30.0,False,,low,2.8,23.47,961.55,26.81,WARNING,replay
2025-03-08T19:00:00,AWS-BHO-103,23.6,958.6,27.0,False,,low,1.3,23.6,961.44,26.96,WARNING,replay
2025-03-08T20:00:00,AWS-BHO-103,22.6,959.2,27.0,False,,low,0.7,23.71,961.32,27.06,WARNING,replay
2025-03-08T21:00:00,AWS-BHO-103,21.3,959.4,27.0,False,,low,0.3,23.81,961.21,27.12,WARNING,replay
2025-03-08T22:00:00,AWS-BHO-103,20.7,960.2,28.0,False,drift,low,34.2,23.91,961.11,27.1,WARNING,replay
2025-03-08T23:00:00,AWS-BHO-103,19.3,959.9,38.0,False,drift,low,35.5,24.02,961.04,27.02,WARNING,replay
2025-03-09T00:00:00,AWS-BHO-103,18.2,959.6,45.0,False,drift,low,35.4,24.11,960.96,27.08,WARNING,replay
2025-03-09T01:00:00,AWS-BHO-103,17.2,959.5,48.0,False,drift,low,36.0,24.2,960.9,27.21,OFFLINE,replay
2025-03-09T02:00:00,AWS-BHO-103,17.3,958.9,47.0,False,drift,low,36.6,24.2,960.9,27.21,OFFLINE,replay
2025-03-09T03:00:00,AWS-BHO-103,16.8,958.8,50.0,False,drift,low,41.0,24.2,960.9,27.21,OFFLINE,replay
2025-03-09T04:00:00,AWS-BHO-103,16.3,958.8,53.0,True,drift,low,50.6,24.2,960.9,27.21,OFFLINE,replay
2025-03-09T05:00:00,AWS-BHO-103,15.8,959.3,55.0,False,,low,17.6,24.2,960.9,27.21,OFFLINE,replay
2025-03-09T06:00:00,AWS-BHO-103,16.1,960.1,56.0,False,drift,low,47.5,24.2,960.9,27.21,OFFLINE,replay
2025-03-09T07:00:00,AWS-BHO-103,18.7,961.4,50.0,False,,low,8.2,24.2,960.9,27.21,OFFLINE,replay
2025-03-09T08:00:00,AWS-BHO-103,22.9,962.9,44.0,False,,low,15.6,24.2,960.9,27.21,OFFLINE,replay
2025-03-09T09:00:00,AWS-BHO-103,26.4,964.1,36.0,False,,low,20.3,24.2,960.9,27.21,OFFLINE,replay
2025-03-09T10:00:00,AWS-BHO-103,29.0,964.4,29.0,False,,low,29.2,24.2,960.9,27.21,OFFLINE,replay
2025-03-09T11:00:00,AWS-BHO-103,30.7,964.5,22.0,False,,low,37.6,24.2,960.9,27.21,OFFLINE,replay
2025-03-09T12:00:00,AWS-BHO-103,31.6,963.6,20.0,False,,low,32.8,24.2,960.9,27.21,OFFLINE,replay
2025-03-09T13:00:00,AWS-BHO-103,32.2,962.6,19.0,False,,low,31.7,24.2,960.9,27.21,WARNING,replay
2025-03-09T14:00:00,AWS-BHO-103,32.5,961.8,19.0,False,,low,5.1,24.59,960.91,26.73,WARNING,replay
2025-03-09T15:00:00,AWS-BHO-103,32.5,961.1,19.0,False,,low,4.9,24.81,960.82,26.42,WARNING,replay
2025-03-09T16:00:00,AWS-BHO-103,31.9,960.9,20.0,False,,low,1.2,24.91,960.74,26.44,WARNING,replay
2025-03-09T17:00:00,AWS-BHO-103,29.6,960.9,29.0,False,,low,1.6,24.98,960.67,26.5,WARNING,replay
2025-03-09T18:00:00,AWS-BHO-103,26.9,961.4,31.0,False,,low,0.8,25.0,960.62,26.79,WARNING,replay
2025-03-09T19:00:00,AWS-BHO-103,26.3,962.0,31.0,False,,low,0.3,24.98,960.59,27.1,WARNING,replay
2025-03-09T20:00:00,AWS-BHO-103,23.5,962.8,34.0,False,,low,1.0,24.99,960.59,27.06,WARNING,replay
2025-03-09T21:00:00,AWS-BHO-103,22.0,963.4,32.0,False,,low,0.5,25.0,960.59,27.27,WARNING,replay
2025-03-09T22:00:00,AWS-BHO-103,21.7,963.9,30.0,False,drift,low,34.4,24.99,960.61,27.44,WARNING,replay
2025-03-09T23:00:00,AWS-BHO-103,22.2,963.7,28.0,False,,low,0.3,25.01,960.63,27.54,WARNING,replay
2025-03-10T00:00:00,AWS-BHO-103,20.2,963.2,33.0,False,,low,0.6,25.05,960.65,27.6,WARNING,replay
2025-03-10T01:00:00,AWS-BHO-103,19.9,962.8,34.0,False,,low,0.2,25.06,960.67,27.79,WARNING,replay
2025-03-10T02:00:00,AWS-BHO-103,19.7,962.5,35.0,False,,low,0.2,25.09,960.69,27.96,HEALTHY,replay
2025-03-10T03:00:00,AWS-BHO-103,19.3,962.1,37.0,False,drift,low,34.2,25.14,960.71,28.04,HEALTHY,replay
2025-03-10T04:00:00,AWS-BHO-103,19.0,962.3,38.0,False,drift,low,34.3,25.25,960.75,28.12,HEALTHY,replay
2025-03-10T05:00:00,AWS-BHO-103,18.4,962.8,40.0,False,drift,low,34.5,25.14,960.7,28.33,OFFLINE,replay
2025-03-10T06:00:00,AWS-BHO-103,18.9,964.2,41.0,False,drift,low,37.3,25.14,960.7,28.33,OFFLINE,replay
2025-03-10T07:00:00,AWS-BHO-103,20.4,965.0,40.0,False,,low,4.1,25.14,960.7,28.33,OFFLINE,replay
2025-03-10T08:00:00,AWS-BHO-103,23.6,966.4,37.0,False,,low,15.6,25.14,960.7,28.33,OFFLINE,replay
2025-03-10T09:00:00,AWS-BHO-103,26.7,967.3,31.0,False,,low,28.1,25.14,960.7,28.33,HEALTHY,replay
2025-03-10T10:00:00,AWS-BHO-103,29.6,967.7,26.0,False,,low,6.8,25.12,960.75,28.54,OFFLINE,replay
2025-03-10T11:00:00,AWS-BHO-103,31.8,967.2,21.0,False,,low,28.9,25.12,960.75,28.54,OFFLINE,replay
2025-03-10T12:00:00,AWS-BHO-103,33.1,966.2,19.0,False,,low,37.9,25.12,960.75,28.54,OFFLINE,replay
2025-03-10T13:00:00,AWS-BHO-103,33.8,965.1,18.0,False,,low,44.6,25.12,960.75,28.54,HEALTHY,replay
2025-03-10T14:00:00,AWS-BHO-103,34.0,964.1,18.0,False,,low,7.7,25.22,960.77,28.56,WARNING,replay
2025-03-10T15:00:00,AWS-BHO-103,34.0,963.5,18.0,False,,low,6.0,25.31,960.79,28.6,WARNING,replay
2025-03-10T16:00:00,AWS-BHO-103,33.5,963.2,19.0,False,,low,1.8,25.38,960.82,28.65,WARNING,replay
2025-03-10T17:00:00,AWS-BHO-103,31.0,963.0,34.0,False,,low,21.4,25.43,960.87,28.71,WARNING,replay
2025-03-10T18:00:00,AWS-BHO-103,27.6,963.2,34.0,False,,low,4.9,25.42,960.93,29.08,WARNING,replay
2025-03-10T19:00:00,AWS-BHO-103,25.5,963.6,36.0,False,,low,2.8,25.35,961.0,29.4,WARNING,replay
2025-03-10T20:00:00,AWS-BHO-103,25.0,964.5,35.0,False,,low,1.5,25.29,961.09,29.38,WARNING,replay
2025-03-10T21:00:00,AWS-BHO-103,23.8,964.7,34.0,False,,low,0.9,25.27,961.2,29.54,WARNING,replay
2025-03-10T22:00:00,AWS-BHO-103,22.5,964.6,31.0,False,,low,1.2,25.28,961.3,29.6,WARNING,replay
2025-03-10T23:00:00,AWS-BHO-103,21.7,964.1,33.0,False,drift,low,34.3,25.29,961.4,29.54,WARNING,replay
2025-03-11T00:00:00,AWS-BHO-103,20.7,963.6,36.0,False,drift,low,34.7,25.29,961.48,29.56,WARNING,replay
2025-03-11T01:00:00,AWS-BHO-103,20.2,963.3,39.0,False,drift,low,35.2,25.29,961.56,29.6,WARNING,replay
2025-03-11T02:00:00,AWS-BHO-103,19.7,962.8,40.0,False,drift,low,35.0,25.29,961.63,29.69,OFFLINE,replay
2025-03-11T03:00:00,AWS-BHO-103,19.6,962.4,41.0,False,drift,low,35.3,25.29,961.63,29.69,OFFLINE,replay
2025-03-11T04:00:00,AWS-BHO-103,18.9,962.4,43.0,False,drift,low,36.4,25.29,961.63,29.69,OFFLINE,replay
2025-03-11T05:00:00,AWS-BHO-103,18.5,962.7,45.0,False,drift,low,37.4,25.29,961.63,29.69,OFFLINE,replay
2025-03-11T06:00:00,AWS-BHO-103,18.0,963.7,50.0,True,drift,medium,55.2,25.29,961.63,29.69,OFFLINE,replay
2025-03-11T07:00:00,AWS-BHO-103,20.1,965.1,48.0,False,,low,30.3,25.29,961.63,29.69,OFFLINE,replay
2025-03-11T08:00:00,AWS-BHO-103,24.4,966.6,40.0,False,,low,33.6,25.29,961.63,29.69,OFFLINE,replay
2025-03-11T09:00:00,AWS-BHO-103,27.9,967.5,32.0,False,,low,34.2,25.29,961.63,29.69,OFFLINE,replay
2025-03-11T10:00:00,AWS-BHO-103,30.9,967.3,26.0,False,,low,46.1,25.29,961.63,29.69,OFFLINE,replay
2025-03-11T11:00:00,AWS-BHO-103,33.0,966.6,21.0,False,,low,47.3,25.29,961.63,29.69,OFFLINE,replay
2025-03-11T12:00:00,AWS-BHO-103,34.2,965.7,19.0,False,,low,49.2,25.29,961.63,29.69,OFFLINE,replay
2025-03-11T13:00:00,AWS-BHO-103,34.9,964.4,18.0,True,statistical_anomaly,low,50.3,25.29,961.63,29.69,WARNING,replay
2025-03-11T14:00:00,AWS-BHO-103,35.2,963.4,17.0,False,,low,44.7,25.29,961.63,29.69,WARNING,replay
2025-03-11T15:00:00,AWS-BHO-103,35.0,962.6,16.0,False,,low,17.4,25.62,961.72,29.27,WARNING,replay
2025-03-11T16:00:00,AWS-BHO-103,34.3,962.2,17.0,False,,low,4.9,25.95,961.8,28.83,WARNING,replay
2025-03-11T17:00:00,AWS-BHO-103,31.9,962.0,37.0,False,,low,26.3,26.28,961.88,28.4,WARNING,replay
2025-03-11T18:00:00,AWS-BHO-103,29.7,962.0,28.0,False,drift,low,38.0,26.57,961.98,28.29,WARNING,replay
2025-03-11T19:00:00,AWS-BHO-103,27.9,962.1,26.0,False,drift,low,35.4,26.74,962.02,28.0,WARNING,replay
2025-03-11T20:00:00,AWS-BHO-103,26.5,962.5,27.0,False,drift,low,34.6,26.66,962.04,28.17,WARNING,replay
2025-03-11T21:00:00,AWS-BHO-103,25.7,962.5,28.0,False,drift,low,34.2,26.54,962.1,28.35,OFFLINE,replay
2025-03-11T22:00:00,AWS-BHO-103,24.1,962.3,31.0,False,drift,low,34.3,26.54,962.1,28.35,OFFLINE,replay
2025-03-11T23:00:00,AWS-BHO-103,22.5,961.4,38.0,False,drift,low,39.0,26.54,962.1,28.35,OFFLINE,replay
2025-03-12T00:00:00,AWS-BHO-103,22.1,960.9,39.0,False,,low,5.7,26.54,962.1,28.35,OFFLINE,replay
2025-03-12T01:00:00,AWS-BHO-103,21.7,960.3,41.0,False,,low,8.8,26.54,962.1,28.35,OFFLINE,replay
2025-03-12T02:00:00,AWS-BHO-103,20.4,959.8,44.0,False,,low,20.4,26.54,962.1,28.35,WARNING,replay
2025-03-12T03:00:00,AWS-BHO-103,20.2,959.5,44.0,False,,low,0.9,26.3,962.12,28.9,OFFLINE,replay
2025-03-12T04:00:00,AWS-BHO-103,19.3,959.2,46.0,False,,low,3.3,26.3,962.12,28.9,OFFLINE,replay
2025-03-12T05:00:00,AWS-BHO-103,19.1,959.2,46.0,False,,low,3.0,26.3,962.12,28.9,OFFLINE,replay
2025-03-12T06:00:00,AWS-BHO-103,19.9,960.2,45.0,False,,low,0.9,26.3,962.12,28.9,HEALTHY,replay
2025-03-12T07:00:00,AWS-BHO-103,21.8,961.0,43.0,False,,low,0.9,26.05,962.16,29.46,WARNING,replay
2025-03-12T08:00:00,AWS-BHO-103,25.9,962.8,38.0,False,,low,7.7,25.86,962.21,29.94,WARNING,replay
2025-03-12T09:00:00,AWS-BHO-103,29.6,963.6,31.0,False,,low,5.0,25.8,962.31,30.1,WARNING,replay
2025-03-12T10:00:00,AWS-BHO-103,32.5,963.9,25.0,False,drift,low,38.6,25.9,962.42,30.12,WARNING,replay
2025-03-12T11:00:00,AWS-BHO-103,34.2,963.2,21.0,False,drift,low,37.7,26.09,962.53,30.08,WARNING,replay
2025-03-12T12:00:00,AWS-BHO-103,35.5,962.1,18.0,False,drift,low,38.0,26.33,962.62,29.96,WARNING,replay
2025-03-12T13:00:00,AWS-BHO-103,36.4,960.7,16.0,False,drift,low,47.6,26.62,962.67,29.77,OFFLINE,replay
2025-03-12T14:00:00,AWS-BHO-103,36.7,959.5,14.0,True,drift,medium,65.9,26.62,962.67,29.77,OFFLINE,replay
2025-03-12T15:00:00,AWS-BHO-103,36.4,958.7,13.0,False,,low,49.7,26.62,962.67,29.77,OFFLINE,replay
2025-03-12T16:00:00,AWS-BHO-103,36.2,958.1,14.0,True,statistical_anomaly,low,50.2,26.62,962.67,29.77,OFFLINE,replay
2025-03-12T17:00:00,AWS-BHO-103,32.9,957.6,30.0,False,,low,42.4,26.62,962.67,29.77,HEALTHY,replay
2025-03-12T18:00:00,AWS-BHO-103,29.2,957.4,26.0,False,,low,22.2,26.88,962.62,29.81,OFFLINE,replay
2025-03-12T19:00:00,AWS-BHO-103,26.2,957.8,28.0,False,,low,29.2,26.88,962.62,29.81,OFFLINE,replay
2025-03-12T20:00:00,AWS-BHO-103,25.5,958.4,24.0,True,multivariate_inconsistency,low,53.8,26.88,962.62,29.81,OFFLINE,replay
2025-03-12T21:00:00,AWS-BHO-103,25.2,958.9,25.0,False,multivariate_inconsistency,low,45.1,26.88,962.62,29.81,OFFLINE,replay
2025-03-12T22:00:00,AWS-BHO-103,22.9,959.4,29.0,False,multivariate_inconsistency,low,30.8,26.88,962.62,29.81,OFFLINE,replay
2025-03-12T23:00:00,AWS-BHO-103,22.7,959.4,31.0,False,multivariate_inconsistency,low,28.3,26.88,962.62,29.81,OFFLINE,replay
2025-03-13T00:00:00,AWS-BHO-103,22.0,958.9,30.0,False,multivariate_inconsistency,low,30.9,26.88,962.62,29.81,OFFLINE,replay
2025-03-13T01:00:00,AWS-BHO-103,21.0,958.5,31.0,False,multivariate_inconsistency,low,30.8,26.88,962.62,29.81,OFFLINE,replay
2025-03-13T02:00:00,AWS-BHO-103,21.4,958.0,27.0,False,multivariate_inconsistency,low,42.5,26.88,962.62,29.81,OFFLINE,replay
2025-03-13T03:00:00,AWS-BHO-103,21.6,957.8,27.0,False,multivariate_inconsistency,low,40.1,26.88,962.62,29.81,OFFLINE,replay
2025-03-13T04:00:00,AWS-BHO-103,20.6,957.7,30.0,False,multivariate_inconsistency,low,33.2,26.88,962.62,29.81,OFFLINE,replay
2025-03-13T05:00:00,AWS-BHO-103,19.8,958.1,33.0,False,multivariate_inconsistency,low,32.9,26.88,962.62,29.81,OFFLINE,replay
2025-03-13T06:00:00,AWS-BHO-103,20.1,959.1,37.0,False,multivariate_inconsistency,low,38.9,26.88,962.62,29.81,OFFLINE,replay
2025-03-13T07:00:00,AWS-BHO-103,22.5,960.2,35.0,False,multivariate_inconsistency,low,31.5,26.88,962.62,29.81,OFFLINE,replay
2025-03-13T08:00:00,AWS-BHO-103,26.3,961.5,32.0,False,,low,8.7,26.88,962.62,29.81,OFFLINE,replay
2025-03-13T09:00:00,AWS-BHO-103,29.8,962.5,27.0,False,,low,5.6,26.88,962.62,29.81,OFFLINE,replay
2025-03-13T10:00:00,AWS-BHO-103,33.1,962.6,20.0,False,,low,15.5,26.88,962.62,29.81,WARNING,replay
2025-03-13T11:00:00,AWS-BHO-103,34.4,962.0,16.0,False,,low,6.8,27.16,962.67,29.44,OFFLINE,replay
2025-03-13T12:00:00,AWS-BHO-103,35.8,961.0,12.0,False,,low,37.8,27.16,962.67,29.44,OFFLINE,replay
2025-03-13T13:00:00,AWS-BHO-103,36.1,959.3,12.0,False,,low,39.7,27.16,962.67,29.44,OFFLINE,replay
2025-03-13T14:00:00,AWS-BHO-103,36.4,957.9,11.0,True,statistical_anomaly,medium,57.2,27.16,962.67,29.44,HEALTHY,replay
2025-03-13T15:00:00,AWS-BHO-103,36.3,957.0,10.0,True,statistical_anomaly,medium,58.2,27.16,962.67,29.44,WARNING,replay
2025-03-13T16:00:00,AWS-BHO-103,35.4,956.7,11.0,True,statistical_anomaly,medium,57.7,27.16,962.67,29.44,WARNING,replay
2025-03-13T17:00:00,AWS-BHO-103,33.4,956.6,13.0,True,statistical_anomaly,low,50.7,27.16,962.67,29.44,WARNING,replay
2025-03-13T18:00:00,AWS-BHO-103,31.3,956.6,11.0,True,statistical_anomaly,low,53.0,27.16,962.67,29.44,WARNING,replay
2025-03-13T19:00:00,AWS-BHO-103,29.8,957.1,12.0,True,statistical_anomaly,low,53.5,27.16,962.67,29.44,WARNING,replay
2025-03-13T20:00:00,AWS-BHO-103,27.7,957.8,14.0,False,,low,47.5,27.16,962.67,29.44,WARNING,replay
2025-03-13T21:00:00,AWS-BHO-103,26.2,958.4,15.0,False,,low,9.2,27.36,962.64,28.79,WARNING,replay
2025-03-13T22:00:00,AWS-BHO-103,25.4,958.7,16.0,False,,low,4.7,27.24,962.55,28.71,WARNING,replay
2025-03-13T23:00:00,AWS-BHO-103,25.5,958.7,15.0,False,,low,4.2,27.09,962.49,28.65,WARNING,replay
2025-03-14T00:00:00,AWS-BHO-103,24.1,958.4,17.0,False,,low,2.2,26.94,962.44,28.56,WARNING,replay
2025-03-14T01:00:00,AWS-BHO-103,24.1,958.0,18.0,False,,low,2.6,26.78,962.38,28.5,WARNING,replay
2025-03-14T02:00:00,AWS-BHO-103,24.2,957.5,19.0,False,,low,3.2,26.67,962.32,28.27,WARNING,replay
2025-03-14T03:00:00,AWS-BHO-103,24.0,957.3,21.0,False,drift,low,37.1,26.61,962.24,28.02,WARNING,replay
2025-03-14T04:00:00,AWS-BHO-103,23.2,957.6,23.0,False,drift,low,38.2,26.56,962.14,27.81,HEALTHY,replay
2025-03-14T05:00:00,AWS-BHO-103,22.3,958.3,27.0,False,drift,low,35.8,26.56,962.04,27.58,HEALTHY,replay
2025-03-14T06:00:00,AWS-BHO-103,19.8,959.4,39.0,True,drift,medium,60.5,26.56,961.93,27.48,OFFLINE,replay
2025-03-14T07:00:00,AWS-BHO-103,21.6,960.6,41.0,False,,low,31.6,26.56,961.93,27.48,OFFLINE,replay
2025-03-14T08:00:00,AWS-BHO-103,25.8,962.3,34.0,True,drift,high,77.5,26.56,961.93,27.48,OFFLINE,replay
2025-03-14T09:00:00,AWS-BHO-103,29.1,963.4,27.0,False,,low,44.3,26.56,961.93,27.48,OFFLINE,replay
2025-03-14T10:00:00,AWS-BHO-103,31.5,963.4,24.0,False,,low,47.6,26.56,961.93,27.48,OFFLINE,replay
2025-03-14T11:00:00,AWS-BHO-103,33.3,963.1,22.0,True,statistical_anomaly,low,50.8,26.56,961.93,27.48,HEALTHY,replay
2025-03-14T12:00:00,AWS-BHO-103,34.5,962.0,20.0,True,statistical_anomaly,low,54.0,26.56,961.93,27.48,OFFLINE,replay
2025-03-14T13:00:00,AWS-BHO-103,35.3,960.8,19.0,True,statistical_anomaly,low,53.9,26.56,961.93,27.48,OFFLINE,replay
2025-03-14T14:00:00,AWS-BHO-103,36.2,959.4,18.0,True,statistical_anomaly,low,55.0,26.56,961.93,27.48,OFFLINE,replay
2025-03-14T15:00:00,AWS-BHO-103,36.5,958.2,16.0,True,statistical_anomaly,low,51.7,26.56,961.93,27.48,HEALTHY,replay
2025-03-14T16:00:00,AWS-BHO-103,35.8,958.0,16.0,True,statistical_anomaly,low,52.8,26.56,961.93,27.48,WARNING,replay
2025-03-14T17:00:00,AWS-BHO-103,33.8,957.8,22.0,False,,low,48.3,26.56,961.93,27.48,WARNING,replay
2025-03-14T18:00:00,AWS-BHO-103,30.7,958.3,26.0,False,,low,25.2,26.81,961.8,27.31,WARNING,replay
2025-03-14T19:00:00,AWS-BHO-103,28.5,958.6,29.0,False,,low,7.8,26.99,961.69,27.27,WARNING,replay
2025-03-14T20:00:00,AWS-BHO-103,26.5,959.4,28.0,False,,low,5.2,27.16,961.59,27.19,WARNING,replay
2025-03-14T21:00:00,AWS-BHO-103,25.0,959.8,29.0,False,drift,low,34.6,27.3,961.52,27.06,WARNING,replay
2025-03-14T22:00:00,AWS-BHO-103,26.9,960.2,24.0,False,,low,6.3,27.41,961.47,26.94,WARNING,replay
2025-03-14T23:00:00,AWS-BHO-103,25.6,960.1,26.0,False,,low,1.5,27.57,961.43,26.67,WARNING,replay
2025-03-15T00:00:00,AWS-BHO-103,24.8,959.6,27.0,False,,low,1.1,27.71,961.38,26.42,WARNING,replay
2025-03-15T01:00:00,AWS-BHO-103,24.5,959.3,26.0,False,,low,0.7,27.67,961.22,26.33,WARNING,replay
2025-03-15T02:00:00,AWS-BHO-103,23.6,958.9,27.0,False,drift,low,34.7,27.47,961.1,26.5,WARNING,replay
2025-03-15T03:00:00,AWS-BHO-103,22.4,958.6,29.0,False,drift,low,34.5,27.26,960.99,26.69,WARNING,replay
2025-03-15T04:00:00,AWS-BHO-103,21.2,958.6,31.0,False,drift,low,34.9,27.02,960.89,26.92,OFFLINE,replay
2025-03-15T05:00:00,AWS-BHO-103,20.7,958.9,33.0,False,drift,low,34.8,27.02,960.89,26.92,OFFLINE,replay
2025-03-15T06:00:00,AWS-BHO-103,19.8,960.0,42.0,False,,low,23.1,27.02,960.89,26.92,OFFLINE,replay
2025-03-15T07:00:00,AWS-BHO-103,22.1,961.2,40.0,False,,low,16.2,27.02,960.89,26.92,OFFLINE,replay
2025-03-15T08:00:00,AWS-BHO-103,26.2,962.8,34.0,False,,low,35.1,27.02,960.89,26.92,HEALTHY,replay
2025-03-15T09:00:00,AWS-BHO-103,29.5,963.7,29.0,False,,low,9.3,26.86,960.88,27.23,OFFLINE,replay
2025-03-15T10:00:00,AWS-BHO-103,32.1,963.8,24.0,False,,low,21.8,26.86,960.88,27.23,OFFLINE,replay
2025-03-15T11:00:00,AWS-BHO-103,33.9,963.3,20.0,False,,low,38.2,26.86,960.88,27.23,OFFLINE,replay
2025-03-15T12:00:00,AWS-BHO-103,35.1,962.7,18.0,False,,low,45.3,26.86,960.88,27.23,HEALTHY,replay
2025-03-15T13:00:00,AWS-BHO-103,36.0,961.8,16.0,False,,low,25.9,26.95,960.88,26.9,WARNING,replay
2025-03-15T14:00:00,AWS-BHO-103,36.4,961.0,16.0,False,,low,12.7,27.12,960.85,26.52,WARNING,replay
2025-03-15T15:00:00,AWS-BHO-103,35.9,960.1,16.0,False,,low,7.8,27.35,960.79,26.1,WARNING,replay
2025-03-15T16:00:00,AWS-BHO-103,34.9,959.9,17.0,False,,low,3.7,27.58,960.7,25.71,WARNING,replay
2025-03-15T17:00:00,AWS-BHO-103,34.0,960.0,18.0,False,,low,2.5,27.81,960.6,25.35,WARNING,replay
2025-03-15T18:00:00,AWS-BHO-103,31.8,960.5,20.0,False,,low,2.2,28.05,960.5,25.08,WARNING,replay
2025-03-15T19:00:00,AWS-BHO-103,30.4,960.7,21.0,False,drift,low,35.2,28.26,960.43,24.81,WARNING,replay
2025-03-15T20:00:00,AWS-BHO-103,29.9,961.5,22.0,False,drift,low,36.1,28.46,960.37,24.5,WARNING,replay
2025-03-15T21:00:00,AWS-BHO-103,29.2,962.0,23.0,False,drift,low,35.0,28.66,960.33,24.15,WARNING,replay
2025-03-15T22:00:00,AWS-BHO-103,28.4,962.0,24.0,False,drift,low,35.0,28.54,960.3,24.27,OFFLINE,replay
2025-03-15T23:00:00,AWS-BHO-103,28.6,961.6,24.0,False,drift,low,34.8,28.54,960.3,24.27,OFFLINE,replay
2025-03-16T00:00:00,AWS-BHO-103,28.4,961.3,24.0,False,drift,low,34.8,28.54,960.3,24.27,OFFLINE,replay
2025-03-16T01:00:00,AWS-BHO-103,27.9,961.1,25.0,False,drift,low,34.9,28.54,960.3,24.27,OFFLINE,replay
2025-03-16T02:00:00,AWS-BHO-103,27.0,960.9,27.0,False,drift,low,35.5,28.54,960.3,24.27,OFFLINE,replay
2025-03-16T03:00:00,AWS-BHO-103,25.8,960.4,32.0,False,,low,4.6,28.54,960.3,24.27,OFFLINE,replay
2025-03-16T04:00:00,AWS-BHO-103,24.6,960.4,36.0,False,,low,13.6,28.54,960.3,24.27,OFFLINE,replay
2025-03-16T05:00:00,AWS-BHO-103,22.9,960.5,40.0,False,,low,25.5,28.54,960.3,24.27,OFFLINE,replay
2025-03-16T06:00:00,AWS-BHO-103,22.8,961.5,41.0,True,drift,medium,69.4,28.54,960.3,24.27,OFFLINE,replay
2025-03-16T07:00:00,AWS-BHO-103,24.3,962.5,39.0,False,,low,31.2,28.54,960.3,24.27,OFFLINE,replay
2025-03-16T08:00:00,AWS-BHO-103,27.2,963.6,33.0,True,drift,low,52.3,28.54,960.3,24.27,OFFLINE,replay
2025-03-16T09:00:00,AWS-BHO-103,29.9,964.3,26.0,False,drift,low,45.0,28.54,960.3,24.27,OFFLINE,replay
2025-03-16T10:00:00,AWS-BHO-103,31.7,964.5,22.0,False,,low,19.3,28.54,960.3,24.27,OFFLINE,replay
2025-03-16T11:00:00,AWS-BHO-103,33.0,964.2,20.0,False,,low,24.2,28.54,960.3,24.27,OFFLINE,replay
2025-03-16T12:00:00,AWS-BHO-103,33.9,963.1,20.0,False,,low,21.4,28.54,960.3,24.27,WARNING,replay
2025-03-16T13:00:00,AWS-BHO-103,34.6,961.7,18.0,False,,low,4.4,28.52,960.31,24.35,WARNING,replay
2025-03-16T14:00:00,AWS-BHO-103,35.0,960.5,16.0,False,,low,5.8,28.52,960.3,24.38,WARNING,replay
2025-03-16T15:00:00,AWS-BHO-103,34.6,959.7,16.0,False,,low,2.9,28.59,960.27,23.94,WARNING,replay
2025-03-16T16:00:00,AWS-BHO-103,33.8,959.5,17.0,False,,low,1.6,28.69,960.22,23.69,WARNING,replay
2025-03-16T17:00:00,AWS-BHO-103,32.4,959.3,19.0,False,,low,1.8,28.81,960.17,23.5,WARNING,replay
2025-03-16T18:00:00,AWS-BHO-103,29.5,959.5,24.0,False,,low,3.5,28.94,960.1,23.33,WARNING,replay
2025-03-16T19:00:00,AWS-BHO-103,27.2,959.4,29.0,False,,low,3.4,29.12,960.1,22.92,WARNING,replay
2025-03-16T20:00:00,AWS-BHO-103,27.3,960.0,26.0,False,,low,3.5,29.28,960.08,22.58,WARNING,replay
2025-03-16T21:00:00,AWS-BHO-103,25.7,960.2,30.0,False,,low,2.1,29.39,960.06,22.23,WARNING,replay
2025-03-16T22:00:00,AWS-BHO-103,24.3,960.1,33.0,False,,low,3.5,29.39,960.0,22.06,WARNING,replay
2025-03-16T23:00:00,AWS-BHO-103,23.2,960.0,36.0,False,,low,3.2,29.28,959.93,22.1,WARNING,replay
2025-03-17T00:00:00,AWS-BHO-103,23.8,960.0,33.0,False,,low,3.2,29.08,959.85,22.33,WARNING,replay
2025-03-17T01:00:00,AWS-BHO-103,24.2,960.0,31.0,False,,low,3.7,28.87,959.78,22.58,WARNING,replay
2025-03-17T02:00:00,AWS-BHO-103,23.4,959.4,33.0,False,,low,1.5,28.63,959.74,22.85,HEALTHY,replay
2025-03-17T03:00:00,AWS-BHO-103,22.5,959.2,36.0,False,,low,2.0,28.43,959.78,22.92,HEALTHY,replay
2025-03-17T04:00:00,AWS-BHO-103,21.7,959.6,41.0,False,,low,3.5,28.21,959.71,23.25,HEALTHY,replay
2025-03-17T05:00:00,AWS-BHO-103,20.9,960.3,46.0,False,drift,low,37.2,28.09,959.74,23.81,WARNING,replay
2025-03-17T06:00:00,AWS-BHO-103,21.1,961.4,59.0,True,drift,high,75.2,27.98,959.78,24.46,WARNING,replay
2025-03-17T07:00:00,AWS-BHO-103,22.1,962.5,59.0,True,statistical_anomaly,low,52.5,27.98,959.78,24.46,WARNING,replay
2025-03-17T08:00:00,AWS-BHO-103,24.2,963.7,53.0,True,drift,high,88.4,27.98,959.78,24.46,WARNING,replay
2025-03-17T09:00:00,AWS-BHO-103,26.6,964.5,44.0,True,statistical_anomaly,low,52.5,27.98,959.78,24.46,HEALTHY,replay
2025-03-17T10:00:00,AWS-BHO-103,28.9,964.7,36.0,False,,low,49.8,27.98,959.78,24.46,HEALTHY,replay
2025-03-17T11:00:00,AWS-BHO-103,30.5,964.3,30.0,False,,low,11.1,28.05,959.91,24.88,HEALTHY,replay
2025-03-17T12:00:00,AWS-BHO-103,31.7,963.3,25.0,False,,low,11.4,28.15,960.02,25.19,HEALTHY,replay
2025-03-17T13:00:00,AWS-BHO-103,32.2,962.2,25.0,False,,low,3.1,28.31,960.13,25.35,HEALTHY,replay
2025-03-17T14:00:00,AWS-BHO-103,32.2,961.2,25.0,False,,low,5.3,28.48,960.21,25.5,HEALTHY,replay
2025-03-17T15:00:00,AWS-BHO-103,32.2,960.4,25.0,False,,low,4.3,28.65,960.29,25.62,HEALTHY,replay
2025-03-17T16:00:00,AWS-BHO-103,32.3,960.2,23.0,False,,low,4.5,28.82,960.36,25.71,HEALTHY,replay
2025-03-17T17:00:00,AWS-BHO-103,31.6,960.2,21.0,False,,low,4.0,29.01,960.41,25.71,HEALTHY,replay
2025-03-17T18:00:00,AWS-BHO-103,27.6,960.7,31.0,False,,low,9.2,29.2,960.45,25.58,HEALTHY,replay
2025-03-17T19:00:00,AWS-BHO-103,26.1,961.4,32.0,False,,low,1.1,29.07,960.51,25.77,HEALTHY,replay
2025-03-17T20:00:00,AWS-BHO-103,25.1,962.1,31.0,False,,low,1.0,28.98,960.57,25.9,HEALTHY,replay
2025-03-17T21:00:00,AWS-BHO-103,23.7,962.4,34.0,False,,low,1.1,28.91,960.65,25.94,HEALTHY,replay
2025-03-17T22:00:00,AWS-BHO-103,23.6,962.4,32.0,False,drift,low,35.0,28.85,960.71,26.06,HEALTHY,replay
2025-03-17T23:00:00,AWS-BHO-103,23.7,962.5,30.0,False,,low,1.0,28.82,960.76,26.12,HEALTHY,replay
2025-03-18T00:00:00,AWS-BHO-103,22.6,962.4,33.0,False,,low,1.3,28.75,960.81,26.25,HEALTHY,replay
2025-03-18T01:00:00,AWS-BHO-103,21.8,962.1,38.0,False,,low,1.9,28.69,960.86,26.4,HEALTHY,replay
2025-03-18T02:00:00,AWS-BHO-103,21.1,961.4,44.0,False,,low,3.9,28.63,960.91,26.62,HEALTHY,replay
2025-03-18T03:00:00,AWS-BHO-103,20.5,961.2,47.0,False,drift,low,36.7,28.56,960.96,27.0,WARNING,replay
2025-03-18T04:00:00,AWS-BHO-103,19.9,961.1,49.0,False,drift,low,36.4,28.49,961.0,27.42,WARNING,replay
2025-03-18T05:00:00,AWS-BHO-103,19.4,961.4,50.0,False,drift,low,35.8,28.44,961.06,27.83,OFFLINE,replay
2025-03-18T06:00:00,AWS-BHO-103,19.5,962.2,54.0,False,drift,low,41.8,28.44,961.06,27.83,OFFLINE,replay
2025-03-18T07:00:00,AWS-BHO-103,21.0,963.2,50.0,False,,low,19.0,28.44,961.06,27.83,OFFLINE,replay
2025-03-18T08:00:00,AWS-BHO-103,23.9,964.2,41.0,False,,low,17.3,28.44,961.06,27.83,OFFLINE,replay
2025-03-18T09:00:00,AWS-BHO-103,26.9,964.7,34.0,False,,low,18.7,28.44,961.06,27.83,HEALTHY,replay
2025-03-18T10:00:00,AWS-BHO-103,29.3,964.6,28.0,False,,low,7.0,28.45,961.1,27.83,OFFLINE,replay
2025-03-18T11:00:00,AWS-BHO-103,31.0,964.1,25.0,False,,low,18.7,28.45,961.1,27.83,OFFLINE,replay
2025-03-18T12:00:00,AWS-BHO-103,32.1,963.2,22.0,False,,low,42.1,28.45,961.1,27.83,OFFLINE,replay
2025-03-18T13:00:00,AWS-BHO-103,32.9,962.0,20.0,False,,low,42.1,28.45,961.1,27.83,HEALTHY,replay
2025-03-18T14:00:00,AWS-BHO-103,33.3,961.2,19.0,False,,low,8.7,28.41,961.08,27.88,WARNING,replay
2025-03-18T15:00:00,AWS-BHO-103,33.1,960.6,19.0,False,,low,7.0,28.35,961.07,27.94,WARNING,replay
2025-03-18T16:00:00,AWS-BHO-103,32.5,960.7,20.0,False,,low,1.8,28.28,961.06,28.0,WARNING,replay
2025-03-18T17:00:00,AWS-BHO-103,31.2,960.7,22.0,False,,low,2.4,28.21,961.07,28.08,WARNING,replay
2025-03-18T18:00:00,AWS-BHO-103,28.3,960.9,25.0,False,,low,2.0,28.14,961.09,28.19,WARNING,replay
2025-03-18T19:00:00,AWS-BHO-103,26.9,961.0,28.0,False,,low,0.5,28.02,961.11,28.33,WARNING,replay
2025-03-18T20:00:00,AWS-BHO-103,25.4,961.5,30.0,False,,low,0.4,27.91,961.12,28.5,WARNING,replay
2025-03-18T21:00:00,AWS-BHO-103,24.3,961.9,31.0,False,,low,0.3,27.81,961.14,28.69,WARNING,replay
2025-03-18T22:00:00,AWS-BHO-103,23.8,962.3,30.0,False,,low,0.3,27.69,961.14,28.88,WARNING,replay
2025-03-18T23:00:00,AWS-BHO-103,22.9,962.0,31.0,False,drift,low,34.3,27.58,961.15,29.02,WARNING,replay
2025-03-19T00:00:00,AWS-BHO-103,21.4,961.3,35.0,False,drift,low,34.4,27.35,961.13,29.25,WARNING,replay
2025-03-19T01:00:00,AWS-BHO-103,20.5,961.1,40.0,False,drift,low,34.7,27.08,961.12,29.6,WARNING,replay
2025-03-19T02:00:00,AWS-BHO-103,20.1,960.3,42.0,False,drift,low,34.9,26.78,961.13,30.1,OFFLINE,replay
2025-03-19T03:00:00,AWS-BHO-103,19.6,960.4,43.0,False,drift,low,35.0,26.78,961.13,30.1,OFFLINE,replay
2025-03-19T04:00:00,AWS-BHO-103,18.9,960.4,43.0,False,drift,low,35.5,26.78,961.13,30.1,OFFLINE,replay
2025-03-19T05:00:00,AWS-BHO-103,18.6,960.8,44.0,False,drift,low,35.9,26.78,961.13,30.1,OFFLINE,replay
2025-03-19T06:00:00,AWS-BHO-103,18.6,962.0,48.0,False,drift,low,41.6,26.78,961.13,30.1,OFFLINE,replay
2025-03-19T07:00:00,AWS-BHO-103,21.3,963.2,42.0,False,,low,4.3,26.78,961.13,30.1,OFFLINE,replay
2025-03-19T08:00:00,AWS-BHO-103,24.8,964.4,34.0,False,,low,11.3,26.78,961.13,30.1,OFFLINE,replay
2025-03-19T09:00:00,AWS-BHO-103,28.0,964.9,28.0,False,,low,24.3,26.78,961.13,30.1,OFFLINE,replay
2025-03-19T10:00:00,AWS-BHO-103,30.8,965.0,24.0,False,,low,33.3,26.78,961.13,30.1,OFFLINE,replay
2025-03-19T11:00:00,AWS-BHO-103,32.8,964.5,22.0,False,,low,40.8,26.78,961.13,30.1,OFFLINE,replay
2025-03-19T12:00:00,AWS-BHO-103,34.2,963.6,21.0,False,,low,46.0,26.78,961.13,30.1,OFFLINE,replay
2025-03-19T13:00:00,AWS-BHO-103,35.1,962.6,20.0,False,,low,45.2,26.78,961.13,30.1,WARNING,replay
2025-03-19T14:00:00,AWS-BHO-103,35.3,961.4,19.0,False,,low,9.9,26.79,961.19,30.19,WARNING,replay
2025-03-19T15:00:00,AWS-BHO-103,35.6,960.6,19.0,False,,low,11.8,26.82,961.23,30.23,WARNING,replay
2025-03-19T16:00:00,AWS-BHO-103,35.0,960.3,20.0,False,,low,3.9,26.88,961.26,30.23,WARNING,replay
2025-03-19T17:00:00,AWS-BHO-103,33.5,959.9,24.0,False,,low,2.8,27.0,961.27,30.15,WARNING,replay
2025-03-19T18:00:00,AWS-BHO-103,30.6,960.2,25.0,False,,low,3.0,27.13,961.29,30.04,WARNING,replay
2025-03-19T19:00:00,AWS-BHO-103,29.3,960.7,27.0,False,drift,low,34.6,27.2,961.29,30.02,WARNING,replay
2025-03-19T20:00:00,AWS-BHO-103,28.1,961.3,29.0,False,drift,low,34.5,27.27,961.3,29.96,WARNING,replay
2025-03-19T21:00:00,AWS-BHO-103,26.5,962.6,30.0,False,drift,low,34.7,27.35,961.32,29.88,WARNING,replay
2025-03-19T22:00:00,AWS-BHO-103,25.7,963.0,34.0,False,drift,low,34.4,27.42,961.38,29.75,OFFLINE,replay
2025-03-19T23:00:00,AWS-BHO-103,25.0,963.2,35.0,False,drift,low,34.7,27.42,961.38,29.75,OFFLINE,replay
2025-03-20T00:00:00,AWS-BHO-103,23.7,963.0,36.0,False,drift,low,35.4,27.42,961.38,29.75,OFFLINE,replay
2025-03-20T01:00:00,AWS-BHO-103,23.3,962.3,36.0,False,drift,low,35.2,27.42,961.38,29.75,OFFLINE,replay
2025-03-20T02:00:00,AWS-BHO-103,21.9,961.9,40.0,False,,low,5.0,27.42,961.38,29.75,OFFLINE,replay
2025-03-20T03:00:00,AWS-BHO-103,22.3,962.1,37.0,False,drift,low,37.2,27.42,961.38,29.75,OFFLINE,replay
2025-03-20T04:00:00,AWS-BHO-103,22.3,961.9,37.0,False,,low,3.2,27.42,961.38,29.75,OFFLINE,replay
2025-03-20T05:00:00,AWS-BHO-103,22.0,962.3,39.0,False,,low,4.1,27.42,961.38,29.75,OFFLINE,replay
2025-03-20T06:00:00,AWS-BHO-103,22.1,963.1,42.0,False,drift,low,45.2,27.42,961.38,29.75,OFFLINE,replay
2025-03-20T07:00:00,AWS-BHO-103,23.4,964.1,40.0,False,,low,14.0,27.42,961.38,29.75,OFFLINE,replay
2025-03-20T08:00:00,AWS-BHO-103,25.6,965.0,35.0,False,drift,low,41.9,27.42,961.38,29.75,OFFLINE,replay
2025-03-20T09:00:00,AWS-BHO-103,27.8,965.4,33.0,False,drift,low,46.9,27.42,961.38,29.75,OFFLINE,replay
2025-03-20T10:00:00,AWS-BHO-103,30.4,965.7,29.0,False,,low,29.3,27.42,961.38,29.75,OFFLINE,replay
2025-03-20T11:00:00,AWS-BHO-103,32.3,965.1,26.0,False,,low,27.2,27.42,961.38,29.75,OFFLINE,replay
2025-03-20T12:00:00,AWS-BHO-103,33.6,964.1,24.0,False,,low,27.6,27.42,961.38,29.75,HEALTHY,replay
2025-03-20T13:00:00,AWS-BHO-103,34.4,962.9,21.0,False,,low,6.7,27.62,961.46,29.56,WARNING,replay
2025-03-20T14:00:00,AWS-BHO-103,35.1,961.8,19.0,False,,low,6.6,27.84,961.53,29.35,WARNING,replay
2025-03-20T15:00:00,AWS-BHO-103,35.1,960.8,19.0,False,,low,7.4,28.08,961.57,29.06,WARNING,replay
2025-03-20T16:00:00,AWS-BHO-103,34.0,960.6,20.0,False,,low,4.3,28.34,961.61,28.71,WARNING,replay
2025-03-20T17:00:00,AWS-BHO-103,32.1,960.4,23.0,False,,low,2.7,28.6,961.63,28.27,WARNING,replay
2025-03-20T18:00:00,AWS-BHO-103,30.5,961.1,24.0,False,,low,2.2,28.83,961.63,27.79,WARNING,replay
2025-03-20T19:00:00,AWS-BHO-103,28.2,961.7,30.0,False,drift,low,35.3,28.87,961.56,27.54,WARNING,replay
2025-03-20T20:00:00,AWS-BHO-103,26.7,962.6,34.0,False,drift,low,35.0,28.82,961.5,27.54,WARNING,replay
2025-03-20T21:00:00,AWS-BHO-103,25.5,963.1,35.0,False,drift,low,35.0,28.71,961.49,27.73,WARNING,replay
2025-03-20T22:00:00,AWS-BHO-103,23.7,963.5,50.0,False,,low,42.3,28.58,961.51,27.94,WARNING,replay
2025-03-20T23:00:00,AWS-BHO-103,22.6,962.7,55.0,False,drift,low,40.2,28.4,961.55,28.46,WARNING,replay
2025-03-21T00:00:00,AWS-BHO-103,21.8,962.4,59.0,False,drift,low,43.1,28.2,961.6,29.08,WARNING,replay
2025-03-21T01:00:00,AWS-BHO-103,20.9,962.1,64.0,False,drift,low,41.3,27.98,961.65,29.83,WARNING,replay
2025-03-21T02:00:00,AWS-BHO-103,20.5,961.5,65.0,False,drift,low,40.1,27.76,961.69,30.73,OFFLINE,replay
2025-03-21T03:00:00,AWS-BHO-103,20.5,961.1,63.0,False,drift,low,48.2,27.76,961.69,30.73,OFFLINE,replay
2025-03-21T04:00:00,AWS-BHO-103,20.1,961.1,61.0,True,drift,low,53.3,27.76,961.69,30.73,OFFLINE,replay
2025-03-21T05:00:00,AWS-BHO-103,19.5,961.8,57.0,True,drift,medium,60.5,27.76,961.69,30.73,OFFLINE,replay
2025-03-21T06:00:00,AWS-BHO-103,18.8,962.8,82.0,True,statistical_anomaly,medium,55.4,27.76,961.69,30.73,OFFLINE,replay
2025-03-21T07:00:00,AWS-BHO-103,21.4,963.7,69.0,False,,low,44.9,27.76,961.69,30.73,OFFLINE,replay
2025-03-21T08:00:00,AWS-BHO-103,25.1,965.0,50.0,False,,low,42.7,27.76,961.69,30.73,WARNING,replay
2025-03-21T09:00:00,AWS-BHO-103,27.6,965.6,42.0,False,,low,8.2,27.7,961.78,31.12,OFFLINE,replay
2025-03-21T10:00:00,AWS-BHO-103,29.5,965.9,36.0,False,,low,28.5,27.7,961.78,31.12,OFFLINE,replay
2025-03-21T11:00:00,AWS-BHO-103,31.2,965.3,28.0,False,,low,46.4,27.7,961.78,31.12,OFFLINE,replay
2025-03-21T12:00:00,AWS-BHO-103,32.3,964.2,25.0,True,statistical_anomaly,low,50.9,27.7,961.78,31.12,HEALTHY,replay
2025-03-21T13:00:00,AWS-BHO-103,33.0,963.0,21.0,True,statistical_anomaly,medium,56.3,27.7,961.78,31.12,WARNING,replay
2025-03-21T14:00:00,AWS-BHO-103,33.6,961.8,16.0,True,statistical_anomaly,medium,57.3,27.7,961.78,31.12,WARNING,replay
2025-03-21T15:00:00,AWS-BHO-103,33.7,960.8,13.0,True,statistical_anomaly,medium,58.5,27.7,961.78,31.12,WARNING,replay
2025-03-21T16:00:00,AWS-BHO-103,33.2,960.4,11.0,True,multivariate_inconsistency,high,77.3,27.7,961.78,31.12,WARNING,replay
2025-03-21T17:00:00,AWS-BHO-103,32.0,960.4,13.0,True,multivariate_inconsistency,high,76.8,27.7,961.78,31.12,WARNING,replay
2025-03-21T18:00:00,AWS-BHO-103,28.6,961.0,25.0,True,statistical_anomaly,low,53.7,27.7,961.78,31.12,WARNING,replay
2025-03-21T19:00:00,AWS-BHO-103,27.4,961.7,26.0,True,statistical_anomaly,low,53.1,27.7,961.78,31.12,WARNING,replay
2025-03-21T20:00:00,AWS-BHO-103,27.0,962.7,26.0,True,statistical_anomaly,low,50.5,27.7,961.78,31.12,WARNING,replay
2025-03-21T21:00:00,AWS-BHO-103,26.0,963.2,28.0,False,,low,44.8,27.7,961.78,31.12,WARNING,replay
2025-03-21T22:00:00,AWS-BHO-103,24.6,963.3,30.0,False,,low,5.9,27.7,961.81,31.04,WARNING,replay
2025-03-21T23:00:00,AWS-BHO-103,22.8,962.9,33.0,False,,low,2.4,27.69,961.84,31.02,WARNING,replay
2025-03-22T00:00:00,AWS-BHO-103,22.0,962.7,35.0,False,,low,0.6,27.67,961.85,31.0,WARNING,replay
2025-03-22T01:00:00,AWS-BHO-103,21.8,962.4,35.0,False,,low,0.4,27.64,961.86,31.06,WARNING,replay
2025-03-22T02:00:00,AWS-BHO-103,21.2,961.9,35.0,False,,low,0.6,27.6,961.85,31.17,WARNING,replay
2025-03-22T03:00:00,AWS-BHO-103,20.8,962.1,36.0,False,,low,0.6,27.57,961.84,31.21,WARNING,replay
2025-03-22T04:00:00,AWS-BHO-103,19.3,962.0,40.0,False,,low,1.2,27.55,961.84,31.17,HEALTHY,replay
2025-03-22T05:00:00,AWS-BHO-103,18.7,962.2,41.0,False,,low,0.8,27.51,961.86,31.08,HEALTHY,replay
2025-03-22T06:00:00,AWS-BHO-103,18.4,962.9,56.0,True,drift,high,70.3,27.47,961.88,30.96,HEALTHY,replay
2025-03-22T07:00:00,AWS-BHO-103,21.3,964.3,48.0,False,,low,43.4,27.47,961.88,30.96,HEALTHY,replay
2025-03-22T08:00:00,AWS-BHO-103,25.3,965.7,41.0,False,,low,18.6,27.5,961.94,30.94,HEALTHY,replay
2025-03-22T09:00:00,AWS-BHO-103,28.4,966.2,32.0,False,,low,6.5,27.47,961.96,31.08,HEALTHY,replay
2025-03-22T10:00:00,AWS-BHO-103,30.6,966.2,24.0,True,drift,low,51.3,27.38,962.05,31.33,HEALTHY,replay
2025-03-22T11:00:00,AWS-BHO-103,32.0,965.6,20.0,False,,low,35.6,27.38,962.05,31.33,HEALTHY,replay
2025-03-22T12:00:00,AWS-BHO-103,33.1,964.6,18.0,False,drift,low,42.3,27.35,962.14,31.35,WARNING,replay
2025-03-22T13:00:00,AWS-BHO-103,34.2,963.2,14.0,True,drift,medium,58.1,27.35,962.23,31.33,WARNING,replay
2025-03-22T14:00:00,AWS-BHO-103,33.1,962.3,16.0,True,drift,low,53.3,27.35,962.23,31.33,OFFLINE,replay
2025-03-22T15:00:00,AWS-BHO-103,32.3,962.0,14.0,False,,low,30.7,27.35,962.23,31.33,OFFLINE,replay
2025-03-22T16:00:00,AWS-BHO-103,32.8,961.6,14.0,False,,low,38.1,27.35,962.23,31.33,OFFLINE,replay
2025-03-22T17:00:00,AWS-BHO-103,31.6,961.3,16.0,True,drift,high,74.1,27.35,962.23,31.33,OFFLINE,replay
2025-03-22T18:00:00,AWS-BHO-103,27.8,961.7,19.0,False,,low,43.3,27.35,962.23,31.33,OFFLINE,replay
2025-03-22T19:00:00,AWS-BHO-103,27.6,962.4,18.0,False,,low,45.2,27.35,962.23,31.33,OFFLINE,replay
2025-03-22T20:00:00,AWS-BHO-103,25.0,962.6,24.0,False,,low,28.5,27.35,962.23,31.33,HEALTHY,replay
2025-03-22T21:00:00,AWS-BHO-103,23.9,962.9,26.0,False,,low,1.7,27.19,962.27,31.42,OFFLINE,replay
2025-03-22T22:00:00,AWS-BHO-103,23.2,963.2,26.0,False,,low,3.5,27.19,962.27,31.42,OFFLINE,replay
2025-03-22T23:00:00,AWS-BHO-103,22.8,963.3,26.0,False,,low,4.0,27.19,962.27,31.42,OFFLINE,replay
2025-03-23T00:00:00,AWS-BHO-103,21.6,963.1,28.0,False,,low,6.2,27.19,962.27,31.42,HEALTHY,replay
2025-03-23T01:00:00,AWS-BHO-103,20.9,962.5,32.0,False,,low,2.3,26.99,962.32,31.54,WARNING,replay
2025-03-23T02:00:00,AWS-BHO-103,20.1,962.3,32.0,False,,low,1.1,26.84,962.35,31.69,WARNING,replay
2025-03-23T03:00:00,AWS-BHO-103,18.9,962.1,35.0,False,,low,0.7,26.7,962.38,31.77,WARNING,replay
2025-03-23T04:00:00,AWS-BHO-103,18.6,962.3,36.0,False,,low,0.6,26.56,962.39,31.88,WARNING,replay
2025-03-23T05:00:00,AWS-BHO-103,18.4,962.7,38.0,False,,low,0.6,26.44,962.4,31.98,WARNING,replay
2025-03-23T06:00:00,AWS-BHO-103,18.5,963.1,44.0,False,drift,low,37.7,26.33,962.41,32.15,WARNING,replay
2025-03-23T07:00:00,AWS-BHO-103,21.4,964.6,39.0,False,,low,8.1,26.24,962.43,32.42,WARNING,replay
2025-03-23T08:00:00,AWS-BHO-103,25.2,966.0,33.0,False,,low,11.5,26.24,962.5,32.5,WARNING,replay
2025-03-23T09:00:00,AWS-BHO-103,28.3,966.7,28.0,False,,low,12.4,26.34,962.6,32.35,WARNING,replay
2025-03-23T10:00:00,AWS-BHO-103,30.9,967.0,20.0,True,drift,medium,56.2,26.2,962.69,32.52,WARNING,replay
2025-03-23T11:00:00,AWS-BHO-103,32.6,966.3,14.0,True,drift,high,75.7,26.2,962.69,32.52,WARNING,replay
2025-03-23T12:00:00,AWS-BHO-103,33.5,965.3,12.0,True,drift,high,85.3,26.2,962.69,32.52,OFFLINE,replay
2025-03-23T13:00:00,AWS-BHO-103,33.8,964.2,12.0,True,drift,high,85.6,26.2,962.69,32.52,OFFLINE,replay
2025-03-23T14:00:00,AWS-BHO-103,34.2,963.1,11.0,True,statistical_anomaly,medium,56.1,26.2,962.69,32.52,OFFLINE,replay
2025-03-23T15:00:00,AWS-BHO-103,34.0,962.4,11.0,True,statistical_anomaly,medium,55.7,26.2,962.69,32.52,OFFLINE,replay
2025-03-23T16:00:00,AWS-BHO-103,33.4,962.2,9.0,True,statistical_anomaly,medium,58.6,26.2,962.69,32.52,HEALTHY,replay
2025-03-23T17:00:00,AWS-BHO-103,32.0,962.2,11.0,True,drift,high,90.0,26.2,962.69,32.52,OFFLINE,replay
2025-03-23T18:00:00,AWS-BHO-103,27.6,962.6,15.0,False,,low,31.6,26.2,962.69,32.52,OFFLINE,replay
2025-03-23T19:00:00,AWS-BHO-103,25.7,963.1,18.0,False,,low,31.5,26.2,962.69,32.52,OFFLINE,replay
2025-03-23T20:00:00,AWS-BHO-103,24.4,963.6,19.0,False,,low,36.8,26.2,962.69,32.52,HEALTHY,replay
2025-03-23T21:00:00,AWS-BHO-103,24.0,963.9,18.0,False,,low,2.8,25.97,962.73,32.52,WARNING,replay
2025-03-23T22:00:00,AWS-BHO-103,24.1,964.6,17.0,False,,low,4.4,25.73,962.8,32.5,WARNING,replay
2025-03-23T23:00:00,AWS-BHO-103,22.2,964.3,23.0,False,,low,3.3,25.5,962.89,32.44,WARNING,replay
2025-03-24T00:00:00,AWS-BHO-103,20.9,963.9,30.0,False,,low,1.1,25.26,962.98,32.42,WARNING,replay
2025-03-24T01:00:00,AWS-BHO-103,19.8,963.2,37.0,False,,low,1.2,25.06,963.06,32.52,WARNING,replay
2025-03-24T02:00:00,AWS-BHO-103,18.7,962.7,42.0,False,drift,low,35.9,24.86,963.11,32.73,WARNING,replay
2025-03-24T03:00:00,AWS-BHO-103,18.4,962.6,44.0,False,drift,low,34.7,24.67,963.14,33.0,WARNING,replay
2025-03-24T04:00:00,AWS-BHO-103,18.0,962.5,46.0,False,drift,low,34.4,24.5,963.14,33.29,WARNING,replay
2025-03-24T05:00:00,AWS-BHO-103,17.7,962.9,46.0,False,,low,0.5,24.18,963.11,33.75,WARNING,replay
2025-03-24T06:00:00,AWS-BHO-103,18.7,964.0,49.0,False,,low,3.3,23.83,963.11,34.27,WARNING,replay
2025-03-24T07:00:00,AWS-BHO-103,21.6,965.4,43.0,False,,low,3.4,23.49,963.15,34.9,WARNING,replay
2025-03-24T08:00:00,AWS-BHO-103,25.1,967.0,36.0,False,,low,15.9,23.2,963.25,35.4,WARNING,replay
2025-03-24T09:00:00,AWS-BHO-103,28.3,967.4,29.0,False,,low,12.1,23.02,963.38,35.73,WARNING,replay
2025-03-24T10:00:00,AWS-BHO-103,30.8,967.2,21.0,True,drift,medium,67.6,22.94,963.53,35.85,OFFLINE,replay
2025-03-24T11:00:00,AWS-BHO-103,32.4,966.5,17.0,True,drift,high,84.1,22.94,963.53,35.85,OFFLINE,replay
2025-03-24T12:00:00,AWS-BHO-103,33.5,965.3,15.0,True,drift,high,87.6,22.94,963.53,35.85,OFFLINE,replay
2025-03-24T13:00:00,AWS-BHO-103,34.4,964.0,14.0,True,drift,high,89.9,22.94,963.53,35.85,OFFLINE,replay
2025-03-24T14:00:00,AWS-BHO-103,34.8,962.8,12.0,True,statistical_anomaly,medium,58.3,22.94,963.53,35.85,OFFLINE,replay
2025-03-24T15:00:00,AWS-BHO-103,34.3,962.2,12.0,True,statistical_anomaly,medium,58.2,22.94,963.53,35.85,OFFLINE,replay
2025-03-24T16:00:00,AWS-BHO-103,33.6,962.0,13.0,True,statistical_anomaly,medium,57.3,22.94,963.53,35.85,HEALTHY,replay
2025-03-24T17:00:00,AWS-BHO-103,32.3,961.9,14.0,True,drift,critical,90.7,22.94,963.53,35.85,OFFLINE,replay
2025-03-24T18:00:00,AWS-BHO-103,27.9,961.9,18.0,False,,low,40.8,22.94,963.53,35.85,OFFLINE,replay
2025-03-24T19:00:00,AWS-BHO-103,26.4,962.4,18.0,False,,low,37.2,22.94,963.53,35.85,OFFLINE,replay
2025-03-24T20:00:00,AWS-BHO-103,25.5,962.8,20.0,False,,low,32.3,22.94,963.53,35.85,HEALTHY,replay
2025-03-24T21:00:00,AWS-BHO-103,24.1,963.0,22.0,False,,low,6.0,22.84,963.56,35.77,WARNING,replay
2025-03-24T22:00:00,AWS-BHO-103,23.9,963.0,22.0,False,,low,6.0,22.75,963.59,35.6,WARNING,replay
2025-03-24T23:00:00,AWS-BHO-103,21.9,962.1,25.0,False,,low,2.6,22.69,963.6,35.35,WARNING,replay
2025-03-25T00:00:00,AWS-BHO-103,21.0,961.7,28.0,False,,low,1.2,22.62,963.58,35.15,WARNING,replay
2025-03-25T01:00:00,AWS-BHO-103,20.6,961.0,29.0,False,,low,1.7,22.56,963.54,34.69,WARNING,replay
2025-03-25T02:00:00,AWS-BHO-103,19.9,960.3,32.0,False,drift,low,35.0,22.52,963.5,34.15,WARNING,replay
2025-03-25T03:00:00,AWS-BHO-103,19.1,960.1,34.0,False,drift,low,35.2,22.48,963.46,33.58,WARNING,replay
2025-03-25T04:00:00,AWS-BHO-103,18.9,960.1,36.0,False,drift,low,35.4,22.44,963.42,32.96,WARNING,replay
2025-03-25T05:00:00,AWS-BHO-103,18.9,960.2,36.0,False,,low,1.4,22.31,963.32,32.67,WARNING,replay
2025-03-25T06:00:00,AWS-BHO-103,18.7,961.0,43.0,False,,low,3.7,22.16,963.25,32.83,WARNING,replay
2025-03-25T07:00:00,AWS-BHO-103,21.9,962.3,38.0,False,,low,3.9,22.04,963.21,33.1,WARNING,replay
2025-03-25T08:00:00,AWS-BHO-103,25.7,963.4,32.0,False,,low,9.9,22.02,963.19,33.21,WARNING,replay
2025-03-25T09:00:00,AWS-BHO-103,29.2,964.0,25.0,False,,low,18.4,22.1,963.21,33.15,WARNING,replay
2025-03-25T10:00:00,AWS-BHO-103,31.9,963.9,19.0,True,drift,medium,59.4,22.25,963.24,32.94,OFFLINE,replay
2025-03-25T11:00:00,AWS-BHO-103,33.5,963.2,16.0,True,drift,high,83.2,22.25,963.24,32.94,OFFLINE,replay
2025-03-25T12:00:00,AWS-BHO-103,34.6,962.1,15.0,True,drift,critical,90.2,22.25,963.24,32.94,OFFLINE,replay
2025-03-25T13:00:00,AWS-BHO-103,35.3,960.8,14.0,True,drift,critical,91.8,22.25,963.24,32.94,OFFLINE,replay
2025-03-25T14:00:00,AWS-BHO-103,36.0,959.7,13.0,True,statistical_anomaly,medium,58.9,22.25,963.24,32.94,OFFLINE,replay
2025-03-25T15:00:00,AWS-BHO-103,36.1,958.6,13.0,True,statistical_anomaly,medium,59.5,22.25,963.24,32.94,OFFLINE,replay
2025-03-25T16:00:00,AWS-BHO-103,35.4,958.3,13.0,True,statistical_anomaly,medium,59.7,22.25,963.24,32.94,HEALTHY,replay
2025-03-25T17:00:00,AWS-BHO-103,33.3,958.2,18.0,True,drift,critical,92.7,22.25,963.24,32.94,OFFLINE,replay
2025-03-25T18:00:00,AWS-BHO-103,30.1,958.3,21.0,True,statistical_anomaly,medium,55.4,22.25,963.24,32.94,OFFLINE,replay
2025-03-25T19:00:00,AWS-BHO-103,27.7,958.3,20.0,True,statistical_anomaly,low,52.4,22.25,963.24,32.94,OFFLINE,replay
2025-03-25T20:00:00,AWS-BHO-103,26.8,958.8,20.0,True,statistical_anomaly,low,50.3,22.25,963.24,32.94,HEALTHY,replay
2025-03-25T21:00:00,AWS-BHO-103,27.1,959.1,20.0,False,,low,44.3,22.25,963.24,32.94,WARNING,replay
2025-03-25T22:00:00,AWS-BHO-103,26.0,959.2,22.0,False,,low,7.3,22.38,963.18,32.62,WARNING,replay
2025-03-25T23:00:00,AWS-BHO-103,23.7,958.6,25.0,False,,low,7.1,22.49,963.12,32.33,WARNING,replay
2025-03-26T00:00:00,AWS-BHO-103,23.6,958.2,25.0,False,,low,3.0,22.58,963.05,32.02,WARNING,replay
2025-03-26T01:00:00,AWS-BHO-103,22.4,957.5,29.0,False,,low,2.5,22.68,962.97,31.69,WARNING,replay
2025-03-26T02:00:00,AWS-BHO-103,21.9,956.6,32.0,False,,low,3.1,22.7,962.83,31.29,WARNING,replay
2025-03-26T03:00:00,AWS-BHO-103,21.0,956.4,36.0,False,,low,2.3,22.63,962.64,31.1,WARNING,replay
2025-03-26T04:00:00,AWS-BHO-103,20.7,956.6,37.0,False,drift,low,34.9,22.48,962.43,31.19,WARNING,replay
2025-03-26T05:00:00,AWS-BHO-103,19.9,956.8,38.0,False,drift,low,35.2,22.24,962.25,31.54,WARNING,replay
2025-03-26T06:00:00,AWS-BHO-103,20.2,957.5,41.0,False,drift,low,36.0,21.97,962.08,31.96,WARNING,replay
2025-03-26T07:00:00,AWS-BHO-103,23.5,959.3,36.0,False,,low,21.8,21.87,961.98,32.31,WARNING,replay
2025-03-26T08:00:00,AWS-BHO-103,27.1,960.7,30.0,False,,low,39.2,21.91,961.9,32.48,WARNING,replay
2025-03-26T09:00:00,AWS-BHO-103,30.8,961.4,23.0,False,,low,45.6,22.04,961.86,32.44,WARNING,replay
2025-03-26T10:00:00,AWS-BHO-103,33.7,961.5,18.0,True,drift,high,74.0,22.26,961.84,32.25,OFFLINE,replay
2025-03-26T11:00:00,AWS-BHO-103,35.5,961.1,14.0,True,drift,critical,90.8,22.26,961.84,32.25,OFFLINE,replay
2025-03-26T12:00:00,AWS-BHO-103,36.4,960.2,13.0,True,drift,critical,92.2,22.26,961.84,32.25,OFFLINE,replay
2025-03-26T13:00:00,AWS-BHO-103,36.9,959.0,12.0,True,drift,critical,93.2,22.26,961.84,32.25,OFFLINE,replay
2025-03-26T14:00:00,AWS-BHO-103,37.1,957.9,12.0,True,statistical_anomaly,medium,59.3,22.26,961.84,32.25,OFFLINE,replay
2025-03-26T15:00:00,AWS-BHO-103,36.8,957.4,12.0,True,statistical_anomaly,medium,59.3,22.26,961.84,32.25,OFFLINE,replay
2025-03-26T16:00:00,AWS-BHO-103,36.3,957.0,12.0,True,statistical_anomaly,medium,59.3,22.26,961.84,32.25,HEALTHY,replay
2025-03-26T17:00:00,AWS-BHO-103,34.4,956.9,32.0,True,statistical_anomaly,medium,58.0,22.26,961.84,32.25,OFFLINE,replay
2025-03-26T18:00:00,AWS-BHO-103,30.9,956.6,20.0,False,,low,44.9,22.26,961.84,32.25,OFFLINE,replay
2025-03-26T19:00:00,AWS-BHO-103,29.1,956.7,21.0,False,,low,44.2,22.26,961.84,32.25,OFFLINE,replay
2025-03-26T20:00:00,AWS-BHO-103,27.7,957.3,22.0,False,,low,38.4,22.26,961.84,32.25,HEALTHY,replay
2025-03-26T21:00:00,AWS-BHO-103,25.9,957.8,25.0,False,,low,9.8,22.44,961.74,31.98,WARNING,replay
2025-03-26T22:00:00,AWS-BHO-103,24.9,957.9,28.0,False,,low,4.2,22.59,961.65,31.75,WARNING,replay
2025-03-26T23:00:00,AWS-BHO-103,24.9,957.7,27.0,False,,low,5.1,22.73,961.55,31.54,WARNING,replay
2025-03-27T00:00:00,AWS-BHO-103,23.8,957.6,28.0,False,,low,3.3,22.86,961.44,31.19,WARNING,replay
2025-03-27T01:00:00,AWS-BHO-103,22.8,957.1,30.0,False,,low,2.0,22.91,961.29,30.96,WARNING,replay
2025-03-27T02:00:00,AWS-BHO-103,22.7,956.3,30.0,False,,low,2.4,22.86,961.1,30.9,WARNING,replay
2025-03-27T03:00:00,AWS-BHO-103,22.7,956.6,30.0,False,,low,1.2,22.75,960.89,30.94,WARNING,replay
2025-03-27T04:00:00,AWS-BHO-103,21.0,956.9,33.0,False,,low,0.6,22.71,960.74,31.17,WARNING,replay
2025-03-27T05:00:00,AWS-BHO-103,20.9,957.3,33.0,False,,low,0.5,22.65,960.6,31.48,WARNING,replay
2025-03-27T06:00:00,AWS-BHO-103,20.7,958.2,38.0,False,,low,1.0,22.58,960.44,31.81,WARNING,replay
2025-03-27T07:00:00,AWS-BHO-103,23.9,959.2,33.0,False,,low,2.6,22.55,960.32,32.12,WARNING,replay
2025-03-27T08:00:00,AWS-BHO-103,27.8,960.5,27.0,False,,low,24.9,22.61,960.22,32.19,WARNING,replay
2025-03-27T09:00:00,AWS-BHO-103,31.3,961.0,22.0,False,,low,32.2,22.78,960.16,31.98,WARNING,replay
2025-03-27T10:00:00,AWS-BHO-103,34.7,961.3,18.0,True,drift,high,75.6,23.04,960.13,31.56,WARNING,replay
2025-03-27T11:00:00,AWS-BHO-103,36.7,960.5,14.0,True,drift,critical,90.5,23.04,960.13,31.56,WARNING,replay
2025-03-27T12:00:00,AWS-BHO-103,37.6,959.5,13.0,True,drift,critical,93.1,23.04,960.13,31.56,WARNING,replay
2025-03-27T13:00:00,AWS-BHO-103,37.9,958.7,13.0,True,drift,critical,93.0,23.04,960.13,31.56,OFFLINE,replay
2025-03-27T14:00:00,AWS-BHO-103,37.6,957.8,13.0,True,statistical_anomaly,medium,59.0,23.04,960.13,31.56,OFFLINE,replay
2025-03-27T15:00:00,AWS-BHO-103,37.4,957.2,13.0,True,statistical_anomaly,medium,59.0,23.04,960.13,31.56,OFFLINE,replay
2025-03-27T16:00:00,AWS-BHO-103,36.4,956.7,14.0,True,statistical_anomaly,medium,58.4,23.04,960.13,31.56,HEALTHY,replay
2025-03-27T17:00:00,AWS-BHO-103,34.9,956.4,16.0,True,drift,critical,91.5,23.04,960.13,31.56,OFFLINE,replay
2025-03-27T18:00:00,AWS-BHO-103,31.8,955.8,18.0,False,,low,45.0,23.04,960.13,31.56,OFFLINE,replay
2025-03-27T19:00:00,AWS-BHO-103,29.7,956.1,20.0,False,,low,40.1,23.04,960.13,31.56,OFFLINE,replay
2025-03-27T20:00:00,AWS-BHO-103,29.1,957.2,22.0,False,,low,35.0,23.04,960.13,31.56,HEALTHY,replay
2025-03-27T21:00:00,AWS-BHO-103,27.2,958.0,25.0,False,,low,5.3,23.26,960.01,31.1,WARNING,replay
2025-03-27T22:00:00,AWS-BHO-103,27.4,958.2,25.0,False,,low,4.6,23.46,959.92,30.67,WARNING,replay
2025-03-27T23:00:00,AWS-BHO-103,25.9,958.2,27.0,False,,low,0.9,23.66,959.82,30.23,WARNING,replay
2025-03-28T00:00:00,AWS-BHO-103,24.5,957.7,29.0,False,,low,0.7,23.81,959.7,29.77,WARNING,replay
2025-03-28T01:00:00,AWS-BHO-103,24.4,957.5,29.0,False,,low,0.7,23.87,959.54,29.48,WARNING,replay
2025-03-28T02:00:00,AWS-BHO-103,24.3,957.2,30.0,False,,low,0.7,23.85,959.34,29.33,WARNING,replay
2025-03-28T03:00:00,AWS-BHO-103,24.4,957.3,31.0,False,,low,1.7,23.77,959.13,29.35,WARNING,replay
2025-03-28T04:00:00,AWS-BHO-103,24.3,957.7,36.0,False,,low,2.0,23.75,959.02,29.58,WARNING,replay
2025-03-28T05:00:00,AWS-BHO-103,23.8,958.5,39.0,False,,low,1.1,23.75,958.91,29.88,WARNING,replay
2025-03-28T06:00:00,AWS-BHO-103,24.1,959.4,40.0,False,,low,1.4,23.75,958.81,30.23,WARNING,replay
2025-03-28T07:00:00,AWS-BHO-103,25.5,960.3,36.0,False,,low,2.6,23.8,958.76,30.54,WARNING,replay
2025-03-28T08:00:00,AWS-BHO-103,28.1,961.7,29.0,False,,low,20.3,23.89,958.73,30.71,WARNING,replay
2025-03-28T09:00:00,AWS-BHO-103,30.6,962.2,22.0,False,,low,31.9,24.05,958.74,30.71,WARNING,replay
2025-03-28T10:00:00,AWS-BHO-103,32.6,962.6,17.0,True,drift,high,70.9,24.27,958.78,30.5,WARNING,replay
2025-03-28T11:00:00,AWS-BHO-103,34.0,962.0,15.0,True,drift,high,83.0,24.27,958.78,30.5,WARNING,replay
2025-03-28T12:00:00,AWS-BHO-103,35.0,961.3,15.0,True,drift,high,88.4,24.27,958.78,30.5,WARNING,replay
2025-03-28T13:00:00,AWS-BHO-103,35.7,960.2,15.0,True,drift,critical,90.8,24.27,958.78,30.5,OFFLINE,replay
2025-03-28T14:00:00,AWS-BHO-103,35.8,959.0,15.0,True,statistical_anomaly,medium,57.5,24.27,958.78,30.5,OFFLINE,replay
2025-03-28T15:00:00,AWS-BHO-103,35.6,958.1,16.0,True,statistical_anomaly,medium,55.6,24.27,958.78,30.5,OFFLINE,replay
2025-03-28T16:00:00,AWS-BHO-103,34.9,958.0,16.0,True,statistical_anomaly,medium,55.9,24.27,958.78,30.5,HEALTHY,replay
2025-03-28T17:00:00,AWS-BHO-103,33.6,958.0,19.0,True,drift,high,82.8,24.27,958.78,30.5,OFFLINE,replay
2025-03-28T18:00:00,AWS-BHO-103,30.1,958.0,22.0,False,,low,17.8,24.27,958.78,30.5,OFFLINE,replay
2025-03-28T19:00:00,AWS-BHO-103,28.8,958.3,23.0,False,,low,19.3,24.27,958.78,30.5,OFFLINE,replay
2025-03-28T20:00:00,AWS-BHO-103,28.2,959.6,22.0,False,,low,29.2,24.27,958.78,30.5,HEALTHY,replay
2025-03-28T21:00:00,AWS-BHO-103,27.3,960.1,20.0,False,,low,6.1,24.46,958.77,30.25,WARNING,replay
2025-03-28T22:00:00,AWS-BHO-103,26.4,960.6,18.0,False,,low,6.4,24.63,958.77,29.92,WARNING,replay
2025-03-28T23:00:00,AWS-BHO-103,25.1,960.4,17.0,False,,low,7.0,24.79,958.78,29.54,WARNING,replay
2025-03-29T00:00:00,AWS-BHO-103,23.9,959.9,18.0,False,,low,7.8,24.92,958.77,29.0,WARNING,replay
2025-03-29T01:00:00,AWS-BHO-103,23.3,959.3,18.0,False,,low,2.5,24.96,958.72,28.58,WARNING,replay
2025-03-29T02:00:00,AWS-BHO-103,22.6,958.8,16.0,False,,low,4.7,24.91,958.63,28.29,WARNING,replay
2025-03-29T03:00:00,AWS-BHO-103,21.9,958.3,14.0,False,,low,8.7,24.78,958.52,28.1,WARNING,replay
2025-03-29T04:00:00,AWS-BHO-103,21.1,958.5,14.0,False,,low,9.1,24.67,958.51,27.98,WARNING,replay
2025-03-29T05:00:00,AWS-BHO-103,20.1,958.8,15.0,False,,low,7.7,24.57,958.49,27.81,WARNING,replay
2025-03-29T06:00:00,AWS-BHO-103,19.4,959.9,17.0,False,,low,10.8,24.49,958.5,27.6,WARNING,replay
2025-03-29T07:00:00,AWS-BHO-103,21.0,961.0,18.0,False,,low,19.1,24.4,958.53,27.44,WARNING,replay
2025-03-29T08:00:00,AWS-BHO-103,23.4,962.3,16.0,False,,low,29.8,24.38,958.6,27.21,WARNING,replay
2025-03-29T09:00:00,AWS-BHO-103,26.0,963.1,16.0,False,,low,28.6,24.41,958.72,26.88,WARNING,replay
2025-03-29T10:00:00,AWS-BHO-103,28.5,963.2,14.0,False,,low,30.9,24.51,958.86,26.46,WARNING,replay
2025-03-29T11:00:00,AWS-BHO-103,30.5,962.7,12.0,True,drift,medium,65.2,24.67,959.0,25.98,HEALTHY,replay
2025-03-29T12:00:00,AWS-BHO-103,32.0,961.8,11.0,False,,low,44.9,24.67,959.0,25.98,HEALTHY,replay
2025-03-29T13:00:00,AWS-BHO-103,33.2,960.7,10.0,False,,low,39.0,24.93,959.1,25.42,HEALTHY,replay
2025-03-29T14:00:00,AWS-BHO-103,33.8,959.8,10.0,False,,low,39.5,25.2,959.17,24.77,HEALTHY,replay
2025-03-29T15:00:00,AWS-BHO-103,33.8,959.0,10.0,False,,low,39.3,25.41,959.18,24.23,HEALTHY,replay
2025-03-29T16:00:00,AWS-BHO-103,33.3,958.9,10.0,False,,low,32.1,25.55,959.15,23.81,HEALTHY,replay
2025-03-29T17:00:00,AWS-BHO-103,31.8,958.5,17.0,False,,low,31.8,25.6,959.09,23.54,HEALTHY,replay
2025-03-29T18:00:00,AWS-BHO-103,29.2,958.8,16.0,False,,low,13.8,25.69,959.12,23.44,HEALTHY,replay
2025-03-29T19:00:00,AWS-BHO-103,26.4,959.1,17.0,False,,low,10.9,25.76,959.14,23.25,HEALTHY,replay
2025-03-29T20:00:00,AWS-BHO-103,25.4,959.8,12.0,False,,low,16.3,25.79,959.16,23.02,HEALTHY,replay
2025-03-29T21:00:00,AWS-BHO-103,24.2,960.5,11.0,False,,low,11.4,25.8,959.21,22.71,HEALTHY,replay
2025-03-29T22:00:00,AWS-BHO-103,23.5,960.8,11.0,False,,low,14.1,25.81,959.27,22.35,HEALTHY,replay
2025-03-29T23:00:00,AWS-BHO-103,22.6,960.5,11.0,False,,low,8.2,25.82,959.35,21.96,HEALTHY,replay
2025-03-30T00:00:00,AWS-BHO-103,21.2,959.9,13.0,False,drift,low,44.6,25.82,959.43,21.56,HEALTHY,replay
2025-03-30T01:00:00,AWS-BHO-103,19.8,959.2,14.0,False,drift,low,44.7,25.79,959.5,21.21,HEALTHY,replay
2025-03-30T02:00:00,AWS-BHO-103,18.8,958.6,16.0,False,drift,low,46.2,25.76,959.55,20.81,WARNING,replay
2025-03-30T03:00:00,AWS-BHO-103,18.7,958.2,16.0,False,drift,low,46.2,25.72,959.58,20.46,OFFLINE,replay
2025-03-30T04:00:00,AWS-BHO-103,18.4,958.3,17.0,False,drift,low,43.1,25.72,959.58,20.46,OFFLINE,replay
2025-03-30T05:00:00,AWS-BHO-103,18.0,958.9,18.0,False,drift,low,39.9,25.72,959.58,20.46,OFFLINE,replay
2025-03-30T06:00:00,AWS-BHO-103,18.2,960.0,22.0,True,drift,low,50.6,25.72,959.58,20.46,OFFLINE,replay
2025-03-30T07:00:00,AWS-BHO-103,20.5,961.4,24.0,False,,low,38.6,25.72,959.58,20.46,OFFLINE,replay
2025-03-30T08:00:00,AWS-BHO-103,24.1,963.0,22.0,True,drift,high,87.1,25.72,959.58,20.46,OFFLINE,replay
2025-03-30T09:00:00,AWS-BHO-103,27.6,963.7,17.0,True,drift,high,84.8,25.72,959.58,20.46,OFFLINE,replay
2025-03-30T10:00:00,AWS-BHO-103,30.3,963.9,13.0,True,statistical_anomaly,medium,56.7,25.72,959.58,20.46,OFFLINE,replay
2025-03-30T11:00:00,AWS-BHO-103,32.2,963.7,12.0,True,statistical_anomaly,medium,58.0,25.72,959.58,20.46,OFFLINE,replay
2025-03-30T12:00:00,AWS-BHO-103,33.7,962.7,10.0,True,statistical_anomaly,medium,59.1,25.72,959.58,20.46,OFFLINE,replay
2025-03-30T13:00:00,AWS-BHO-103,34.7,961.7,10.0,True,statistical_anomaly,medium,58.7,25.72,959.58,20.46,OFFLINE,replay
2025-03-30T14:00:00,AWS-BHO-103,35.3,960.5,10.0,True,statistical_anomaly,medium,58.6,25.72,959.58,20.46,OFFLINE,replay
2025-03-30T15:00:00,AWS-BHO-103,35.3,959.9,10.0,True,statistical_anomaly,medium,58.6,25.72,959.58,20.46,OFFLINE,replay
2025-03-30T16:00:00,AWS-BHO-103,34.9,959.5,10.0,True,statistical_anomaly,medium,57.7,25.72,959.58,20.46,WARNING,replay
2025-03-30T17:00:00,AWS-BHO-103,33.3,959.4,17.0,True,drift,high,89.3,25.72,959.58,20.46,WARNING,replay
2025-03-30T18:00:00,AWS-BHO-103,29.1,959.3,17.0,True,drift,high,79.0,25.72,959.58,20.46,WARNING,replay
2025-03-30T19:00:00,AWS-BHO-103,27.6,959.7,19.0,True,drift,high,79.2,25.72,959.58,20.46,WARNING,replay
2025-03-30T20:00:00,AWS-BHO-103,26.3,960.2,19.0,True,drift,high,75.0,25.72,959.58,20.46,OFFLINE,replay
2025-03-30T21:00:00,AWS-BHO-103,26.0,960.8,17.0,True,drift,high,70.2,25.72,959.58,20.46,OFFLINE,replay
2025-03-30T22:00:00,AWS-BHO-103,25.3,960.9,17.0,True,drift,medium,69.5,25.72,959.58,20.46,OFFLINE,replay
2025-03-30T23:00:00,AWS-BHO-103,24.0,961.0,19.0,True,drift,medium,70.0,25.72,959.58,20.46,OFFLINE,replay
2025-03-31T00:00:00,AWS-BHO-103,22.9,960.4,23.0,True,drift,high,83.3,25.72,959.58,20.46,OFFLINE,replay
2025-03-31T01:00:00,AWS-BHO-103,22.1,959.8,25.0,True,drift,medium,70.0,25.72,959.58,20.46,OFFLINE,replay
2025-03-31T02:00:00,AWS-BHO-103,20.8,959.1,28.0,False,,low,31.1,25.72,959.58,20.46,OFFLINE,replay
2025-03-31T03:00:00,AWS-BHO-103,20.3,958.9,30.0,False,,low,36.8,25.72,959.58,20.46,OFFLINE,replay
2025-03-31T04:00:00,AWS-BHO-103,20.2,959.2,31.0,False,,low,40.1,25.72,959.58,20.46,HEALTHY,replay
2025-03-31T05:00:00,AWS-BHO-103,19.6,959.4,32.0,False,,low,3.3,25.71,959.6,20.31,OFFLINE,replay
2025-03-31T06:00:00,AWS-BHO-103,20.4,960.6,35.0,False,,low,18.8,25.71,959.6,20.31,OFFLINE,replay
2025-03-31T07:00:00,AWS-BHO-103,23.2,961.9,28.0,False,,low,25.0,25.71,959.6,20.31,OFFLINE,replay
2025-03-31T08:00:00,AWS-BHO-103,26.1,963.3,22.0,False,,low,41.8,25.71,959.6,20.31,HEALTHY,replay
2025-03-31T09:00:00,AWS-BHO-103,28.5,963.6,19.0,False,,low,30.4,25.75,959.68,20.08,WARNING,replay
2025-03-31T10:00:00,AWS-BHO-103,31.8,963.7,14.0,False,,low,43.4,25.77,959.75,19.92,WARNING,replay
2025-03-31T11:00:00,AWS-BHO-103,34.3,963.1,12.0,True,drift,medium,66.1,25.78,959.8,19.75,WARNING,replay
2025-03-31T12:00:00,AWS-BHO-103,35.7,962.4,11.0,True,drift,high,84.6,25.78,959.8,19.75,WARNING,replay
2025-03-31T13:00:00,AWS-BHO-103,36.5,961.1,11.0,True,drift,high,88.3,25.78,959.8,19.75,WARNING,replay
2025-03-31T14:00:00,AWS-BHO-103,36.9,960.1,11.0,True,drift,critical,90.3,25.78,959.8,19.75,OFFLINE,replay
2025-03-31T15:00:00,AWS-BHO-103,36.9,959.0,11.0,True,statistical_anomaly,medium,57.9,25.78,959.8,19.75,OFFLINE,replay
2025-03-31T16:00:00,AWS-BHO-103,36.5,958.8,11.0,True,statistical_anomaly,medium,58.0,25.78,959.8,19.75,OFFLINE,replay
2025-03-31T17:00:00,AWS-BHO-103,35.0,958.4,12.0,True,drift,critical,91.4,25.78,959.8,19.75,OFFLINE,replay
2025-03-31T18:00:00,AWS-BHO-103,31.4,958.6,13.0,False,,low,37.1,25.78,959.8,19.75,OFFLINE,replay
2025-03-31T19:00:00,AWS-BHO-103,29.4,958.9,15.0,False,,low,28.9,25.78,959.8,19.75,OFFLINE,replay
2025-03-31T20:00:00,AWS-BHO-103,28.4,959.7,15.0,False,,low,23.9,25.78,959.8,19.75,HEALTHY,replay
2025-03-31T21:00:00,AWS-BHO-103,27.8,960.3,18.0,False,,low,3.3,25.76,959.86,19.6,OFFLINE,replay
2025-03-31T22:00:00,AWS-BHO-103,26.0,960.2,21.0,False,,low,7.2,25.76,959.86,19.6,OFFLINE,replay
2025-03-31T23:00:00,AWS-BHO-103,25.1,959.3,22.0,False,,low,9.9,25.76,959.86,19.6,OFFLINE,replay
