timestamp,station_id,temperature_c,pressure_hpa,humidity_pct,is_anomaly,fault_type,severity,anomaly_score_pct,decision_basis,suggested_temperature_c,suggested_pressure_hpa,suggested_humidity_pct,health_status,source,model_confidence_pct,rule_confidence_pct
2026-09-22 06:45:00+00:00,AWS-VAR-101,32.5,998.2,68.0,False,,low,0.0,NORMAL,31.7,998.3,74.0,HEALTHY,live,,0.0
2026-09-22T07:00:00+00:00,AWS-VAR-101,32.6,997.8,67.0,False,,low,0.0,NORMAL,31.7,997.9,74.0,HEALTHY,live,,0.0
2025-01-01T00:00:00+00:00,AWS-VAR-101,11.0,1009.0,96.0,False,,low,0.0,NORMAL,10.9,1008.9,95.0,HEALTHY,replay,,0.0
2025-01-01T01:00:00+00:00,AWS-VAR-101,10.1,1008.4,97.0,False,,low,0.0,NORMAL,10.2,1008.4,96.0,HEALTHY,replay,,0.0
2025-01-01T02:00:00+00:00,AWS-VAR-101,10.0,1008.1,98.0,False,,low,0.0,NORMAL,10.1,1008.1,96.0,HEALTHY,replay,,0.0
2025-01-01T03:00:00+00:00,AWS-VAR-101,9.4,1007.7,99.0,False,,low,0.0,NORMAL,9.8,1007.6,97.0,HEALTHY,replay,,0.0
2025-01-01T04:00:00+00:00,AWS-VAR-101,9.4,1007.6,100.0,False,,low,0.0,NORMAL,9.6,1007.6,97.0,HEALTHY,replay,,0.0
2025-01-01T05:00:00+00:00,AWS-VAR-101,9.4,1007.7,100.0,False,,low,0.0,NORMAL,9.5,1007.6,98.0,HEALTHY,replay,,0.0
2025-01-01T06:00:00+00:00,AWS-VAR-101,10.2,1009.3,99.0,False,,low,0.0,NORMAL,9.9,1009.3,98.0,HEALTHY,replay,,0.0
2025-01-01T07:00:00+00:00,AWS-VAR-101,10.6,1009.9,99.0,False,,low,0.0,NORMAL,10.3,1009.9,98.0,HEALTHY,replay,,0.0
2025-01-01T08:00:00+00:00,AWS-VAR-101,12.4,1010.6,90.0,False,,low,0.0,NORMAL,12.0,1010.6,91.0,HEALTHY,replay,,0.0
2025-01-01T09:00:00+00:00,AWS-VAR-101,14.3,1010.9,77.0,False,,low,0.0,NORMAL,13.9,1010.9,81.0,HEALTHY,replay,,0.0
2025-01-01T10:00:00+00:00,AWS-VAR-101,15.8,1010.6,65.0,False,,low,0.0,NORMAL,15.5,1010.6,69.0,HEALTHY,replay,,0.0
2025-01-01T11:00:00+00:00,AWS-VAR-101,16.7,1009.8,62.0,False,,low,0.0,NORMAL,16.5,1009.9,63.0,HEALTHY,replay,,0.0
2025-01-01T12:00:00+00:00,AWS-VAR-101,17.5,1008.8,59.0,False,,low,0.0,NORMAL,17.3,1008.7,61.0,HEALTHY,replay,,0.0
2025-01-01T13:00:00+00:00,AWS-VAR-101,18.1,1007.3,58.0,False,,low,0.0,NORMAL,17.9,1007.2,60.0,HEALTHY,replay,,0.0
2025-01-01T14:00:00+00:00,AWS-VAR-101,18.4,1006.3,58.0,False,,low,0.0,NORMAL,18.2,1006.3,60.0,HEALTHY,replay,,0.0
2025-01-01T15:00:00+00:00,AWS-VAR-101,18.1,1006.1,59.0,False,,low,0.0,NORMAL,18.0,1006.0,61.0,HEALTHY,replay,,0.0
2025-01-01T16:00:00+00:00,AWS-VAR-101,17.2,1006.0,64.0,False,,low,0.0,NORMAL,17.1,1006.0,67.0,HEALTHY,replay,,0.0
2025-01-01T17:00:00+00:00,AWS-VAR-101,14.8,1006.1,76.0,False,,low,0.0,NORMAL,14.5,1006.1,77.0,HEALTHY,replay,,0.0
2025-01-01T18:00:00+00:00,AWS-VAR-101,12.9,1007.8,83.0,False,,low,0.0,NORMAL,12.4,1007.8,84.0,HEALTHY,replay,,0.0
2025-01-01T19:00:00+00:00,AWS-VAR-101,12.4,1008.0,87.0,False,,low,0.0,NORMAL,11.6,1008.1,87.0,HEALTHY,replay,,0.0
2025-01-01T20:00:00+00:00,AWS-VAR-101,11.9,1008.7,89.0,False,,low,0.0,NORMAL,11.4,1008.7,89.0,HEALTHY,replay,,0.0
2025-01-01T21:00:00+00:00,AWS-VAR-101,11.1,1008.5,92.0,False,,low,0.0,NORMAL,10.7,1008.6,92.0,HEALTHY,replay,,0.0
2025-01-01T22:00:00+00:00,AWS-VAR-101,10.4,1008.4,93.0,False,,low,0.0,NORMAL,10.2,1008.4,93.0,HEALTHY,replay,,0.0
2025-01-01T23:00:00+00:00,AWS-VAR-101,10.1,1008.3,94.0,False,,low,0.0,NORMAL,9.7,1008.2,94.0,HEALTHY,replay,,0.0
2025-01-02T00:00:00+00:00,AWS-VAR-101,9.9,1007.9,95.0,False,,low,0.5,NORMAL,9.5,1007.9,95.0,HEALTHY,replay,0.8,0.0
2025-01-02T01:00:00+00:00,AWS-VAR-101,9.7,1007.5,96.0,False,,low,0.3,NORMAL,9.4,1007.4,95.0,HEALTHY,replay,0.5,0.0
2025-01-02T02:00:00+00:00,AWS-VAR-101,9.8,1006.9,97.0,False,,low,0.3,NORMAL,9.3,1006.9,96.0,HEALTHY,replay,0.5,0.0
2025-01-02T03:00:00+00:00,AWS-VAR-101,9.6,1006.5,98.0,False,,low,0.5,NORMAL,9.3,1006.4,96.0,HEALTHY,replay,0.9,0.0
2025-01-02T04:00:00+00:00,AWS-VAR-101,9.4,1006.6,98.0,False,,low,0.4,NORMAL,9.2,1006.6,96.0,HEALTHY,replay,0.7,0.0
2025-01-02T05:00:00+00:00,AWS-VAR-101,9.3,1007.0,98.0,False,,low,0.5,NORMAL,9.0,1006.9,97.0,HEALTHY,replay,0.8,0.0
2025-01-02T06:00:00+00:00,AWS-VAR-101,9.4,1008.6,99.0,False,,low,0.8,NORMAL,9.1,1008.6,97.0,HEALTHY,replay,1.3,0.0
2025-01-02T07:00:00+00:00,AWS-VAR-101,9.8,1009.4,99.0,False,,low,1.3,NORMAL,9.6,1009.4,98.0,OFFLINE,replay,2.1,0.0
2025-01-02T08:00:00+00:00,AWS-VAR-101,11.4,1010.1,93.0,False,,low,1.8,NORMAL,11.1,1010.1,93.0,OFFLINE,replay,3.0,0.0
2025-01-02T09:00:00+00:00,AWS-VAR-101,13.3,1010.5,85.0,False,,low,20.6,NORMAL,13.2,1010.5,86.0,OFFLINE,replay,34.3,0.0
2025-01-02T10:00:00+00:00,AWS-VAR-101,15.4,1010.2,75.0,False,,low,41.1,NORMAL,15.3,1010.2,77.0,HEALTHY,replay,68.6,0.0
2025-01-02T11:00:00+00:00,AWS-VAR-101,17.2,1009.5,63.0,False,,low,25.5,NORMAL,17.6,1009.5,62.0,OFFLINE,replay,42.4,0.0
2025-01-02T12:00:00+00:00,AWS-VAR-101,17.9,1008.6,61.0,True,REGIONAL_EVENT,high,72.8,FUSED_CONSENSUS,18.2,1008.6,62.0,OFFLINE,replay,61.4,90.0
2025-01-02T13:00:00+00:00,AWS-VAR-101,18.7,1007.5,57.0,True,REGIONAL_EVENT,high,75.7,RULE_ENGINE_BYPASS,18.7,1007.5,60.0,OFFLINE,replay,66.0,90.2
2025-01-02T14:00:00+00:00,AWS-VAR-101,19.0,1006.7,58.0,True,REGIONAL_EVENT,high,81.7,RULE_ENGINE_BYPASS,18.9,1006.7,61.0,OFFLINE,replay,76.0,90.2
2025-01-02T15:00:00+00:00,AWS-VAR-101,18.8,1006.2,60.0,True,REGIONAL_EVENT,high,84.8,RULE_ENGINE_BYPASS,18.7,1006.2,63.0,OFFLINE,replay,81.2,90.2
2025-01-02T16:00:00+00:00,AWS-VAR-101,17.9,1006.6,66.0,True,REGIONAL_EVENT,high,81.1,RULE_ENGINE_BYPASS,17.7,1006.5,69.0,OFFLINE,replay,75.1,90.2
2025-01-02T17:00:00+00:00,AWS-VAR-101,15.6,1006.7,79.0,False,,low,22.0,NORMAL,15.7,1006.7,76.0,OFFLINE,replay,36.7,0.0
2025-01-02T18:00:00+00:00,AWS-VAR-101,14.8,1007.9,80.0,False,,low,10.9,NORMAL,14.3,1007.9,80.0,OFFLINE,replay,18.1,0.0
2025-01-02T19:00:00+00:00,AWS-VAR-101,14.1,1008.3,83.0,False,,low,10.4,NORMAL,13.5,1008.4,84.0,OFFLINE,replay,17.4,0.0
2025-01-02T20:00:00+00:00,AWS-VAR-101,13.2,1008.8,87.0,False,,low,7.6,NORMAL,12.9,1008.8,88.0,OFFLINE,replay,12.7,0.0
2025-01-02T21:00:00+00:00,AWS-VAR-101,12.6,1009.0,90.0,False,,low,6.7,NORMAL,12.1,1008.9,91.0,OFFLINE,replay,11.1,0.0
2025-01-02T22:00:00+00:00,AWS-VAR-101,11.9,1008.8,93.0,False,,low,8.0,NORMAL,11.3,1008.8,93.0,OFFLINE,replay,13.3,0.0
2025-01-02T23:00:00+00:00,AWS-VAR-101,11.2,1008.2,95.0,False,,low,13.9,NORMAL,10.7,1008.3,94.0,OFFLINE,replay,23.2,0.0
2025-01-03T00:00:00+00:00,AWS-VAR-101,10.5,1007.7,97.0,False,,low,18.8,NORMAL,10.2,1007.8,95.0,OFFLINE,replay,31.3,0.0
2025-01-03T01:00:00+00:00,AWS-VAR-101,10.1,1007.5,97.0,False,,low,25.2,NORMAL,9.9,1007.5,96.0,WARNING,replay,42.1,0.0
2025-01-03T02:00:00+00:00,AWS-VAR-101,9.7,1007.2,98.0,False,,low,7.0,NORMAL,9.7,1007.2,97.0,WARNING,replay,11.7,0.0
2025-01-03T03:00:00+00:00,AWS-VAR-101,9.4,1006.9,100.0,False,,low,31.1,NORMAL,9.3,1006.9,98.0,WARNING,replay,51.8,0.0
2025-01-03T04:00:00+00:00,AWS-VAR-101,8.9,1007.1,100.0,False,,low,14.6,NORMAL,8.9,1007.1,99.0,WARNING,replay,24.4,0.0
2025-01-03T05:00:00+00:00,AWS-VAR-101,9.2,1007.5,100.0,False,,low,8.1,NORMAL,9.1,1007.5,99.0,WARNING,replay,13.4,0.0
2025-01-03T06:00:00+00:00,AWS-VAR-101,9.1,1008.9,100.0,False,,low,6.4,NORMAL,8.9,1008.9,100.0,WARNING,replay,10.6,0.0
2025-01-03T07:00:00+00:00,AWS-VAR-101,9.4,1009.4,100.0,False,,low,9.8,NORMAL,9.3,1009.4,99.0,WARNING,replay,16.3,0.0
2025-01-03T08:00:00+00:00,AWS-VAR-101,10.9,1010.2,99.0,False,,low,19.9,NORMAL,11.2,1010.2,97.0,WARNING,replay,33.1,0.0
2025-01-03T09:00:00+00:00,AWS-VAR-101,13.3,1010.4,90.0,False,,low,14.8,NORMAL,13.7,1010.4,89.0,WARNING,replay,24.7,0.0
2025-01-03T10:00:00+00:00,AWS-VAR-101,15.9,1010.1,78.0,False,,low,12.3,NORMAL,16.4,1010.1,80.0,WARNING,replay,20.5,0.0
2025-01-03T11:00:00+00:00,AWS-VAR-101,17.8,1009.2,68.0,False,,low,27.0,NORMAL,18.1,1009.1,71.0,WARNING,replay,45.0,0.0
2025-01-03T12:00:00+00:00,AWS-VAR-101,18.9,1007.8,64.0,False,,low,24.2,NORMAL,19.2,1007.8,67.0,WARNING,replay,40.4,0.0
2025-01-03T13:00:00+00:00,AWS-VAR-101,19.7,1006.7,62.0,False,,low,31.3,NORMAL,20.0,1006.7,65.0,WARNING,replay,52.1,0.0
2025-01-03T14:00:00+00:00,AWS-VAR-101,20.0,1006.0,63.0,False,,low,24.6,NORMAL,20.3,1006.0,64.0,WARNING,replay,40.9,0.0
2025-01-03T15:00:00+00:00,AWS-VAR-101,19.8,1005.7,64.0,False,,low,15.7,NORMAL,20.0,1005.7,65.0,HEALTHY,replay,26.2,0.0
2025-01-03T16:00:00+00:00,AWS-VAR-101,18.9,1005.6,70.0,False,,low,5.8,NORMAL,18.8,1005.6,75.0,HEALTHY,replay,9.7,0.0
2025-01-03T17:00:00+00:00,AWS-VAR-101,16.3,1005.5,82.0,False,,low,13.9,NORMAL,16.5,1005.6,81.0,HEALTHY,replay,23.2,0.0
2025-01-03T18:00:00+00:00,AWS-VAR-101,14.3,1006.9,88.0,False,,low,6.3,NORMAL,13.9,1006.9,89.0,HEALTHY,replay,10.6,0.0
2026-09-22T07:00:00+00:00,AWS-VAR-101,32.6,997.8,67.0,True,spike,high,89.9,FUSED_CONSENSUS,31.7,997.9,74.0,HEALTHY,live,,89.9
2026-09-22T07:30:00+00:00,AWS-VAR-101,32.8,996.8,68.0,False,,low,0.0,NORMAL,32.3,996.9,72.0,HEALTHY,live,,0.0
2025-01-01T00:00:00+00:00,AWS-VAR-101,11.0,1009.0,96.0,False,,low,0.0,NORMAL,10.9,1008.9,95.0,HEALTHY,replay,,0.0
2025-01-01T01:00:00+00:00,AWS-VAR-101,10.1,1008.4,97.0,False,,low,0.0,NORMAL,10.2,1008.4,96.0,HEALTHY,replay,,0.0
2025-01-01T02:00:00+00:00,AWS-VAR-101,10.0,1008.1,98.0,False,,low,0.0,NORMAL,10.1,1008.1,96.0,HEALTHY,replay,,0.0
2025-01-01T03:00:00+00:00,AWS-VAR-101,9.4,1007.7,99.0,False,,low,0.0,NORMAL,9.8,1007.6,97.0,HEALTHY,replay,,0.0
2025-01-01T04:00:00+00:00,AWS-VAR-101,9.4,1007.6,100.0,False,,low,0.0,NORMAL,9.6,1007.6,97.0,HEALTHY,replay,,0.0
2025-01-01T05:00:00+00:00,AWS-VAR-101,9.4,1007.7,100.0,False,,low,0.0,NORMAL,9.5,1007.6,98.0,HEALTHY,replay,,0.0
2025-01-01T06:00:00+00:00,AWS-VAR-101,10.2,1009.3,99.0,False,,low,0.0,NORMAL,9.9,1009.3,98.0,HEALTHY,replay,,0.0
2025-01-01T07:00:00+00:00,AWS-VAR-101,10.6,1009.9,99.0,False,,low,0.0,NORMAL,10.3,1009.9,98.0,HEALTHY,replay,,0.0
2025-01-01T08:00:00+00:00,AWS-VAR-101,12.4,1010.6,90.0,False,,low,0.0,NORMAL,12.0,1010.6,91.0,HEALTHY,replay,,0.0
2025-01-01T09:00:00+00:00,AWS-VAR-101,14.3,1010.9,77.0,False,,low,0.0,NORMAL,13.9,1010.9,81.0,HEALTHY,replay,,0.0
2025-01-01T10:00:00+00:00,AWS-VAR-101,15.8,1010.6,65.0,False,,low,0.0,NORMAL,15.5,1010.6,69.0,HEALTHY,replay,,0.0
2025-01-01T11:00:00+00:00,AWS-VAR-101,16.7,1009.8,62.0,False,,low,0.0,NORMAL,16.5,1009.9,63.0,HEALTHY,replay,,0.0
2025-01-01T12:00:00+00:00,AWS-VAR-101,17.5,1008.8,59.0,False,,low,0.0,NORMAL,17.3,1008.7,61.0,HEALTHY,replay,,0.0
2025-01-01T13:00:00+00:00,AWS-VAR-101,18.1,1007.3,58.0,False,,low,0.0,NORMAL,17.9,1007.2,60.0,HEALTHY,replay,,0.0
2025-01-01T14:00:00+00:00,AWS-VAR-101,18.4,1006.3,58.0,False,,low,0.0,NORMAL,18.2,1006.3,60.0,HEALTHY,replay,,0.0
2025-01-01T15:00:00+00:00,AWS-VAR-101,18.1,1006.1,59.0,False,,low,0.0,NORMAL,18.0,1006.0,61.0,HEALTHY,replay,,0.0
2025-01-01T16:00:00+00:00,AWS-VAR-101,17.2,1006.0,64.0,False,,low,0.0,NORMAL,17.1,1006.0,67.0,HEALTHY,replay,,0.0
2025-01-01T17:00:00+00:00,AWS-VAR-101,14.8,1006.1,76.0,False,,low,0.0,NORMAL,14.5,1006.1,77.0,HEALTHY,replay,,0.0
2025-01-01T18:00:00+00:00,AWS-VAR-101,12.9,1007.8,83.0,False,,low,0.0,NORMAL,12.4,1007.8,84.0,HEALTHY,replay,,0.0
2025-01-01T19:00:00+00:00,AWS-VAR-101,12.4,1008.0,87.0,False,,low,0.0,NORMAL,11.6,1008.1,87.0,HEALTHY,replay,,0.0
2025-01-01T20:00:00+00:00,AWS-VAR-101,11.9,1008.7,89.0,False,,low,0.0,NORMAL,11.4,1008.7,89.0,HEALTHY,replay,,0.0
2025-01-01T21:00:00+00:00,AWS-VAR-101,11.1,1008.5,92.0,False,,low,0.0,NORMAL,10.7,1008.6,92.0,HEALTHY,replay,,0.0
2025-01-01T22:00:00+00:00,AWS-VAR-101,10.4,1008.4,93.0,False,,low,0.0,NORMAL,10.2,1008.4,93.0,HEALTHY,replay,,0.0
2025-01-01T23:00:00+00:00,AWS-VAR-101,10.1,1008.3,94.0,False,,low,0.0,NORMAL,9.7,1008.2,94.0,HEALTHY,replay,,0.0
2025-01-02T00:00:00+00:00,AWS-VAR-101,9.9,1007.9,95.0,False,,low,0.5,NORMAL,9.5,1007.9,95.0,HEALTHY,replay,0.8,0.0
2025-01-02T01:00:00+00:00,AWS-VAR-101,9.7,1007.5,96.0,False,,low,0.3,NORMAL,9.4,1007.4,95.0,HEALTHY,replay,0.5,0.0
2025-01-02T02:00:00+00:00,AWS-VAR-101,9.8,1006.9,97.0,False,,low,0.3,NORMAL,9.3,1006.9,96.0,HEALTHY,replay,0.5,0.0
2025-01-02T03:00:00+00:00,AWS-VAR-101,9.6,1006.5,98.0,False,,low,0.5,NORMAL,9.3,1006.4,96.0,HEALTHY,replay,0.9,0.0
2025-01-02T04:00:00+00:00,AWS-VAR-101,9.4,1006.6,98.0,False,,low,0.4,NORMAL,9.2,1006.6,96.0,HEALTHY,replay,0.7,0.0
2025-01-02T05:00:00+00:00,AWS-VAR-101,9.3,1007.0,98.0,False,,low,0.5,NORMAL,9.0,1006.9,97.0,HEALTHY,replay,0.8,0.0
2025-01-02T06:00:00+00:00,AWS-VAR-101,9.4,1008.6,99.0,False,,low,0.8,NORMAL,9.1,1008.6,97.0,HEALTHY,replay,1.3,0.0
2025-01-02T07:00:00+00:00,AWS-VAR-101,9.8,1009.4,99.0,False,,low,1.3,NORMAL,9.6,1009.4,98.0,OFFLINE,replay,2.1,0.0
2025-01-02T08:00:00+00:00,AWS-VAR-101,11.4,1010.1,93.0,False,,low,1.8,NORMAL,11.1,1010.1,93.0,OFFLINE,replay,3.0,0.0
2025-01-02T09:00:00+00:00,AWS-VAR-101,13.3,1010.5,85.0,False,,low,20.6,NORMAL,13.2,1010.5,86.0,OFFLINE,replay,34.3,0.0
2025-01-02T10:00:00+00:00,AWS-VAR-101,15.4,1010.2,75.0,False,,low,41.1,NORMAL,15.3,1010.2,77.0,HEALTHY,replay,68.6,0.0
2025-01-02T11:00:00+00:00,AWS-VAR-101,17.2,1009.5,63.0,False,,low,25.5,NORMAL,17.6,1009.5,62.0,OFFLINE,replay,42.4,0.0
2025-01-02T12:00:00+00:00,AWS-VAR-101,17.9,1008.6,61.0,True,REGIONAL_EVENT,high,72.8,FUSED_CONSENSUS,18.2,1008.6,62.0,OFFLINE,replay,61.4,90.0
2025-01-02T13:00:00+00:00,AWS-VAR-101,18.7,1007.5,57.0,True,REGIONAL_EVENT,high,75.7,RULE_ENGINE_BYPASS,18.7,1007.5,60.0,OFFLINE,replay,66.0,90.2
2025-01-02T14:00:00+00:00,AWS-VAR-101,19.0,1006.7,58.0,True,REGIONAL_EVENT,high,81.7,RULE_ENGINE_BYPASS,18.9,1006.7,61.0,OFFLINE,replay,76.0,90.2
2025-01-02T15:00:00+00:00,AWS-VAR-101,18.8,1006.2,60.0,True,REGIONAL_EVENT,high,84.8,RULE_ENGINE_BYPASS,18.7,1006.2,63.0,OFFLINE,replay,81.2,90.2
2025-01-02T16:00:00+00:00,AWS-VAR-101,17.9,1006.6,66.0,True,REGIONAL_EVENT,high,81.1,RULE_ENGINE_BYPASS,17.7,1006.5,69.0,OFFLINE,replay,75.1,90.2
2025-01-02T17:00:00+00:00,AWS-VAR-101,15.6,1006.7,79.0,False,,low,22.0,NORMAL,15.7,1006.7,76.0,OFFLINE,replay,36.7,0.0
2025-01-02T18:00:00+00:00,AWS-VAR-101,14.8,1007.9,80.0,False,,low,10.9,NORMAL,14.3,1007.9,80.0,OFFLINE,replay,18.1,0.0
2025-01-02T19:00:00+00:00,AWS-VAR-101,14.1,1008.3,83.0,False,,low,10.4,NORMAL,13.5,1008.4,84.0,OFFLINE,replay,17.4,0.0
2025-01-02T20:00:00+00:00,AWS-VAR-101,13.2,1008.8,87.0,False,,low,7.6,NORMAL,12.9,1008.8,88.0,OFFLINE,replay,12.7,0.0
2025-01-02T21:00:00+00:00,AWS-VAR-101,12.6,1009.0,90.0,False,,low,6.7,NORMAL,12.1,1008.9,91.0,OFFLINE,replay,11.1,0.0
2025-01-02T22:00:00+00:00,AWS-VAR-101,11.9,1008.8,93.0,False,,low,8.0,NORMAL,11.3,1008.8,93.0,OFFLINE,replay,13.3,0.0
2025-01-02T23:00:00+00:00,AWS-VAR-101,11.2,1008.2,95.0,False,,low,13.9,NORMAL,10.7,1008.3,94.0,OFFLINE,replay,23.2,0.0
2025-01-03T00:00:00+00:00,AWS-VAR-101,10.5,1007.7,97.0,False,,low,18.8,NORMAL,10.2,1007.8,95.0,OFFLINE,replay,31.3,0.0
2025-01-03T01:00:00+00:00,AWS-VAR-101,10.1,1007.5,97.0,False,,low,25.2,NORMAL,9.9,1007.5,96.0,WARNING,replay,42.1,0.0
2025-01-03T02:00:00+00:00,AWS-VAR-101,9.7,1007.2,98.0,False,,low,7.0,NORMAL,9.7,1007.2,97.0,WARNING,replay,11.7,0.0
2025-01-03T03:00:00+00:00,AWS-VAR-101,9.4,1006.9,100.0,False,,low,31.1,NORMAL,9.3,1006.9,98.0,WARNING,replay,51.8,0.0
2025-01-03T04:00:00+00:00,AWS-VAR-101,8.9,1007.1,100.0,False,,low,14.6,NORMAL,8.9,1007.1,99.0,WARNING,replay,24.4,0.0
2025-01-03T05:00:00+00:00,AWS-VAR-101,9.2,1007.5,100.0,False,,low,8.1,NORMAL,9.1,1007.5,99.0,WARNING,replay,13.4,0.0
2025-01-03T06:00:00+00:00,AWS-VAR-101,9.1,1008.9,100.0,False,,low,6.4,NORMAL,8.9,1008.9,100.0,WARNING,replay,10.6,0.0
2025-01-03T07:00:00+00:00,AWS-VAR-101,9.4,1009.4,100.0,False,,low,9.8,NORMAL,9.3,1009.4,99.0,WARNING,replay,16.3,0.0
2025-01-03T08:00:00+00:00,AWS-VAR-101,10.9,1010.2,99.0,False,,low,19.9,NORMAL,11.2,1010.2,97.0,WARNING,replay,33.1,0.0
2025-01-03T09:00:00+00:00,AWS-VAR-101,13.3,1010.4,90.0,False,,low,14.8,NORMAL,13.7,1010.4,89.0,WARNING,replay,24.7,0.0
2025-01-03T10:00:00+00:00,AWS-VAR-101,15.9,1010.1,78.0,False,,low,12.3,NORMAL,16.4,1010.1,80.0,WARNING,replay,20.5,0.0
2025-01-03T11:00:00+00:00,AWS-VAR-101,17.8,1009.2,68.0,False,,low,27.0,NORMAL,18.1,1009.1,71.0,WARNING,replay,45.0,0.0
2025-01-03T12:00:00+00:00,AWS-VAR-101,18.9,1007.8,64.0,False,,low,24.2,NORMAL,19.2,1007.8,67.0,WARNING,replay,40.4,0.0
2025-01-03T13:00:00+00:00,AWS-VAR-101,19.7,1006.7,62.0,False,,low,31.3,NORMAL,20.0,1006.7,65.0,WARNING,replay,52.1,0.0
2025-01-03T14:00:00+00:00,AWS-VAR-101,20.0,1006.0,63.0,False,,low,24.6,NORMAL,20.3,1006.0,64.0,WARNING,replay,40.9,0.0
2025-01-03T15:00:00+00:00,AWS-VAR-101,19.8,1005.7,64.0,False,,low,15.7,NORMAL,20.0,1005.7,65.0,HEALTHY,replay,26.2,0.0
2025-01-03T16:00:00+00:00,AWS-VAR-101,18.9,1005.6,70.0,False,,low,5.8,NORMAL,18.8,1005.6,75.0,HEALTHY,replay,9.7,0.0
2025-01-03T17:00:00+00:00,AWS-VAR-101,16.3,1005.5,82.0,False,,low,13.9,NORMAL,16.5,1005.6,81.0,HEALTHY,replay,23.2,0.0
2025-01-03T18:00:00+00:00,AWS-VAR-101,14.3,1006.9,88.0,False,,low,6.3,NORMAL,13.9,1006.9,89.0,HEALTHY,replay,10.6,0.0
2025-01-03T19:00:00+00:00,AWS-VAR-101,13.4,1007.2,91.0,False,,low,1.9,NORMAL,13.2,1007.2,91.0,HEALTHY,replay,3.1,0.0
2025-01-03T20:00:00+00:00,AWS-VAR-101,12.7,1007.3,92.0,False,,low,0.9,NORMAL,12.9,1007.3,92.0,HEALTHY,replay,1.5,0.0
2025-01-03T21:00:00+00:00,AWS-VAR-101,12.4,1007.2,93.0,False,,low,0.6,NORMAL,12.4,1007.2,94.0,HEALTHY,replay,1.0,0.0
2025-01-03T22:00:00+00:00,AWS-VAR-101,11.7,1007.3,96.0,False,,low,0.4,NORMAL,11.4,1007.3,96.0,HEALTHY,replay,0.7,0.0
2025-01-03T23:00:00+00:00,AWS-VAR-101,10.7,1007.0,99.0,False,,low,0.5,NORMAL,10.3,1007.1,98.0,HEALTHY,replay,0.8,0.0
2025-01-04T00:00:00+00:00,AWS-VAR-101,10.5,1006.7,100.0,False,,low,3.0,NORMAL,9.9,1006.7,100.0,HEALTHY,replay,4.9,0.0
2025-01-04T01:00:00+00:00,AWS-VAR-101,10.0,1006.2,100.0,False,,low,0.4,NORMAL,9.7,1006.2,100.0,HEALTHY,replay,0.7,0.0
2025-01-04T02:00:00+00:00,AWS-VAR-101,9.5,1005.7,100.0,False,,low,0.5,NORMAL,9.3,1004.7,100.0,HEALTHY,replay,0.9,0.0
2025-01-04T03:00:00+00:00,AWS-VAR-101,9.4,1005.4,100.0,False,,low,1.2,NORMAL,8.9,1004.4,100.0,HEALTHY,replay,2.0,0.0
2025-01-04T04:00:00+00:00,AWS-VAR-101,9.7,1005.5,100.0,False,,low,1.6,NORMAL,8.9,1004.5,100.0,HEALTHY,replay,2.7,0.0
2025-01-04T05:00:00+00:00,AWS-VAR-101,9.4,1005.9,100.0,False,,low,0.5,NORMAL,9.3,1004.9,100.0,HEALTHY,replay,0.8,0.0
2025-01-04T06:00:00+00:00,AWS-VAR-101,10.1,1007.1,100.0,False,,low,0.8,NORMAL,10.0,1007.2,98.0,WARNING,replay,1.4,0.0
2025-01-04T07:00:00+00:00,AWS-VAR-101,10.1,1007.9,99.0,False,,low,0.7,NORMAL,10.2,1007.9,98.0,HEALTHY,replay,1.2,0.0
2025-01-04T08:00:00+00:00,AWS-VAR-101,11.1,1008.8,98.0,False,,low,0.5,NORMAL,11.4,1008.8,98.0,HEALTHY,replay,0.9,0.0
2025-01-04T09:00:00+00:00,AWS-VAR-101,12.7,1009.3,96.0,False,,low,0.9,NORMAL,12.7,1009.3,97.0,HEALTHY,replay,1.6,0.0
2025-01-04T10:00:00+00:00,AWS-VAR-101,14.7,1009.1,87.0,False,,low,1.5,NORMAL,14.0,1009.1,89.0,HEALTHY,replay,2.5,0.0
2025-01-04T11:00:00+00:00,AWS-VAR-101,17.1,1008.2,74.0,False,,low,5.8,NORMAL,16.3,1008.1,82.0,HEALTHY,replay,9.6,0.0
2025-01-04T12:00:00+00:00,AWS-VAR-101,18.4,1007.0,69.0,False,,low,5.5,NORMAL,17.8,1006.9,71.0,HEALTHY,replay,9.2,0.0
2025-01-04T13:00:00+00:00,AWS-VAR-101,19.0,1005.7,67.0,False,,low,6.9,NORMAL,18.5,1005.7,70.0,HEALTHY,replay,11.5,0.0
2025-01-04T14:00:00+00:00,AWS-VAR-101,19.2,1004.8,66.0,False,,low,4.8,NORMAL,18.9,1004.8,70.0,HEALTHY,replay,8.0,0.0
2025-01-04T15:00:00+00:00,AWS-VAR-101,19.0,1004.4,67.0,False,,low,2.5,NORMAL,18.8,1004.4,69.0,HEALTHY,replay,4.1,0.0
2025-01-04T16:00:00+00:00,AWS-VAR-101,18.2,1004.3,72.0,False,,low,0.6,NORMAL,18.2,1004.3,76.0,HEALTHY,replay,1.0,0.0
2025-01-04T17:00:00+00:00,AWS-VAR-101,15.8,1004.5,82.0,False,,low,0.5,NORMAL,15.8,1004.6,84.0,HEALTHY,replay,0.8,0.0
2025-01-04T18:00:00+00:00,AWS-VAR-101,13.0,1006.1,91.0,False,,low,4.5,NORMAL,12.8,1006.2,90.0,HEALTHY,replay,7.6,0.0
2025-01-04T19:00:00+00:00,AWS-VAR-101,12.1,1006.6,94.0,False,,low,0.8,NORMAL,11.8,1006.7,92.0,HEALTHY,replay,1.4,0.0
2025-01-04T20:00:00+00:00,AWS-VAR-101,11.5,1007.1,95.0,False,,low,0.2,NORMAL,11.5,1007.2,92.0,HEALTHY,replay,0.4,0.0
2025-01-04T21:00:00+00:00,AWS-VAR-101,11.1,1007.3,96.0,False,,low,0.2,NORMAL,10.9,1007.3,93.0,HEALTHY,replay,0.3,0.0
2025-01-04T22:00:00+00:00,AWS-VAR-101,10.7,1007.3,99.0,False,,low,0.2,NORMAL,10.1,1007.3,95.0,HEALTHY,replay,0.3,0.0
2025-01-04T23:00:00+00:00,AWS-VAR-101,10.2,1007.0,100.0,False,,low,0.2,NORMAL,9.5,1007.1,97.0,HEALTHY,replay,0.4,0.0
2025-01-05T00:00:00+00:00,AWS-VAR-101,9.8,1006.5,100.0,False,,low,0.4,NORMAL,8.8,1006.5,100.0,HEALTHY,replay,0.6,0.0
2025-01-05T01:00:00+00:00,AWS-VAR-101,9.6,1006.2,100.0,False,,low,0.2,NORMAL,8.9,1006.2,100.0,HEALTHY,replay,0.4,0.0
2025-01-05T02:00:00+00:00,AWS-VAR-101,9.6,1005.7,100.0,False,,low,0.3,NORMAL,9.1,1005.7,100.0,HEALTHY,replay,0.4,0.0
2025-01-05T03:00:00+00:00,AWS-VAR-101,9.7,1005.6,100.0,False,,low,0.2,NORMAL,8.9,1005.6,100.0,WARNING,replay,0.4,0.0
2025-01-05T04:00:00+00:00,AWS-VAR-101,9.7,1005.4,100.0,False,,low,0.3,NORMAL,8.9,1005.4,100.0,WARNING,replay,0.5,0.0
2025-01-05T05:00:00+00:00,AWS-VAR-101,9.6,1005.8,100.0,False,,low,0.4,NORMAL,9.0,1005.8,100.0,WARNING,replay,0.7,0.0
2025-01-05T06:00:00+00:00,AWS-VAR-101,9.7,1007.4,100.0,False,,low,0.5,NORMAL,8.5,1007.3,98.0,OFFLINE,replay,0.8,0.0
2025-01-05T07:00:00+00:00,AWS-VAR-101,10.0,1008.1,100.0,False,,low,0.8,NORMAL,8.9,1008.1,99.0,OFFLINE,replay,1.3,0.0
2025-01-05T08:00:00+00:00,AWS-VAR-101,10.5,1009.0,98.0,False,,low,1.7,NORMAL,10.0,1009.0,97.0,OFFLINE,replay,2.9,0.0
2025-01-05T09:00:00+00:00,AWS-VAR-101,11.5,1009.6,97.0,False,,low,4.5,NORMAL,11.2,1009.7,97.0,OFFLINE,replay,7.6,0.0
2025-01-05T10:00:00+00:00,AWS-VAR-101,13.9,1009.3,86.0,False,,low,16.0,NORMAL,14.0,1009.3,87.0,HEALTHY,replay,26.7,0.0
2025-01-05T11:00:00+00:00,AWS-VAR-101,16.7,1008.4,78.0,False,,low,10.9,NORMAL,16.4,1008.4,81.0,OFFLINE,replay,18.2,0.0
2025-01-05T12:00:00+00:00,AWS-VAR-101,18.2,1007.1,72.0,True,REGIONAL_EVENT,high,75.1,FUSED_CONSENSUS,17.7,1007.1,77.0,OFFLINE,replay,65.4,89.5
2025-01-05T13:00:00+00:00,AWS-VAR-101,19.4,1005.9,68.0,True,REGIONAL_EVENT,high,78.9,FUSED_CONSENSUS,18.8,1006.0,74.0,OFFLINE,replay,71.9,89.5
2025-01-05T14:00:00+00:00,AWS-VAR-101,19.6,1005.3,69.0,True,REGIONAL_EVENT,high,84.8,FUSED_CONSENSUS,19.1,1005.3,72.0,OFFLINE,replay,81.6,89.5
2025-01-05T15:00:00+00:00,AWS-VAR-101,19.5,1005.0,70.0,True,REGIONAL_EVENT,high,87.7,FUSED_CONSENSUS,19.1,1004.9,73.0,OFFLINE,replay,86.4,89.5
2025-01-05T16:00:00+00:00,AWS-VAR-101,18.6,1004.6,75.0,True,REGIONAL_EVENT,high,88.0,FUSED_CONSENSUS,18.3,1004.7,77.0,OFFLINE,replay,87.0,89.5
2025-01-05T17:00:00+00:00,AWS-VAR-101,16.7,1004.9,84.0,True,REGIONAL_EVENT,high,82.8,FUSED_CONSENSUS,16.4,1004.9,85.0,OFFLINE,replay,78.3,89.5
2025-01-05T18:00:00+00:00,AWS-VAR-101,14.9,1006.1,93.0,False,,low,28.2,NORMAL,14.5,1006.1,93.0,OFFLINE,replay,47.0,0.0
2025-01-05T19:00:00+00:00,AWS-VAR-101,14.4,1006.5,94.0,False,,low,21.3,NORMAL,14.0,1006.5,95.0,OFFLINE,replay,35.4,0.0
2025-01-05T20:00:00+00:00,AWS-VAR-101,14.0,1007.0,95.0,False,,low,19.0,NORMAL,13.7,1007.0,96.0,OFFLINE,replay,31.6,0.0
2025-01-05T21:00:00+00:00,AWS-VAR-101,13.5,1007.0,96.0,False,,low,17.8,NORMAL,12.9,1007.1,96.0,OFFLINE,replay,29.6,0.0
2025-01-05T22:00:00+00:00,AWS-VAR-101,13.4,1006.5,97.0,False,,low,21.8,NORMAL,12.8,1006.6,96.0,OFFLINE,replay,36.3,0.0
2025-01-05T23:00:00+00:00,AWS-VAR-101,13.0,1006.0,98.0,False,,low,22.5,NORMAL,12.5,1006.0,96.0,OFFLINE,replay,37.5,0.0
2025-01-06T00:00:00+00:00,AWS-VAR-101,13.1,1005.3,98.0,False,,low,30.0,NORMAL,12.2,1005.5,97.0,OFFLINE,replay,49.9,0.0
2025-01-06T01:00:00+00:00,AWS-VAR-101,12.2,1005.6,99.0,False,,low,16.6,NORMAL,12.2,1005.6,98.0,OFFLINE,replay,27.7,0.0
2025-01-06T02:00:00+00:00,AWS-VAR-101,12.5,1005.2,99.0,False,,low,19.5,NORMAL,12.4,1005.2,98.0,WARNING,replay,32.4,0.0
2025-01-06T03:00:00+00:00,AWS-VAR-101,12.7,1004.6,98.0,False,,low,7.1,NORMAL,12.3,1004.6,98.0,WARNING,replay,11.8,0.0
2025-01-06T04:00:00+00:00,AWS-VAR-101,12.5,1004.7,98.0,False,,low,9.7,NORMAL,12.1,1004.7,98.0,WARNING,replay,16.2,0.0
2025-01-06T05:00:00+00:00,AWS-VAR-101,12.4,1005.1,98.0,False,,low,6.6,NORMAL,12.2,1005.0,97.0,WARNING,replay,11.1,0.0
2025-01-06T06:00:00+00:00,AWS-VAR-101,12.0,1005.9,99.0,False,,low,3.6,NORMAL,11.9,1005.9,99.0,WARNING,replay,6.1,0.0
2025-01-06T07:00:00+00:00,AWS-VAR-101,12.5,1006.6,100.0,False,,low,4.3,NORMAL,12.5,1006.6,99.0,WARNING,replay,7.1,0.0
2025-01-06T08:00:00+00:00,AWS-VAR-101,13.4,1007.2,97.0,False,,low,4.0,NORMAL,13.5,1007.1,96.0,WARNING,replay,6.7,0.0
2025-01-06T09:00:00+00:00,AWS-VAR-101,15.8,1007.9,88.0,False,,low,9.1,NORMAL,15.7,1007.9,90.0,WARNING,replay,15.2,0.0
2025-01-06T10:00:00+00:00,AWS-VAR-101,17.9,1007.6,82.0,False,,low,15.4,NORMAL,17.6,1007.7,83.0,WARNING,replay,25.6,0.0
2025-01-06T11:00:00+00:00,AWS-VAR-101,19.8,1006.8,76.0,False,,low,11.0,NORMAL,20.0,1006.8,74.0,WARNING,replay,18.3,0.0
2025-01-06T12:00:00+00:00,AWS-VAR-101,21.2,1005.5,72.0,False,,low,15.3,NORMAL,20.8,1005.5,73.0,WARNING,replay,25.5,0.0
2025-01-06T13:00:00+00:00,AWS-VAR-101,22.2,1004.2,69.0,False,,low,32.8,NORMAL,21.8,1004.2,72.0,WARNING,replay,54.7,0.0
2025-01-06T14:00:00+00:00,AWS-VAR-101,22.7,1003.4,67.0,False,,low,28.4,NORMAL,22.4,1003.4,71.0,WARNING,replay,47.4,0.0
2025-01-06T15:00:00+00:00,AWS-VAR-101,22.6,1003.1,68.0,False,,low,13.6,NORMAL,22.4,1003.1,71.0,WARNING,replay,22.7,0.0
2025-01-06T16:00:00+00:00,AWS-VAR-101,21.4,1002.8,81.0,False,,low,20.2,NORMAL,21.4,1002.8,80.0,WARNING,replay,33.7,0.0
2025-01-06T17:00:00+00:00,AWS-VAR-101,18.6,1002.8,87.0,False,,low,14.9,NORMAL,18.6,1002.8,88.0,WARNING,replay,24.9,0.0
2025-01-06T18:00:00+00:00,AWS-VAR-101,16.5,1003.5,94.0,False,,low,11.1,NORMAL,16.7,1003.4,91.0,HEALTHY,replay,18.5,0.0
2025-01-06T19:00:00+00:00,AWS-VAR-101,16.1,1004.2,94.0,False,,low,3.7,NORMAL,15.7,1004.1,93.0,HEALTHY,replay,6.2,0.0
2025-01-06T20:00:00+00:00,AWS-VAR-101,15.4,1004.7,95.0,False,,low,1.6,NORMAL,14.8,1004.7,95.0,HEALTHY,replay,2.6,0.0
2025-01-06T21:00:00+00:00,AWS-VAR-101,15.1,1005.2,95.0,False,,low,0.8,NORMAL,14.3,1005.2,94.0,HEALTHY,replay,1.4,0.0
2025-01-06T22:00:00+00:00,AWS-VAR-101,14.8,1005.4,95.0,False,,low,0.9,NORMAL,14.1,1005.4,96.0,HEALTHY,replay,1.5,0.0
2025-01-06T23:00:00+00:00,AWS-VAR-101,14.2,1005.4,95.0,False,,low,0.9,NORMAL,13.8,1005.3,96.0,HEALTHY,replay,1.5,0.0
2025-01-07T00:00:00+00:00,AWS-VAR-101,13.6,1005.2,96.0,False,,low,1.4,NORMAL,13.2,1005.1,97.0,HEALTHY,replay,2.4,0.0
2025-01-07T01:00:00+00:00,AWS-VAR-101,13.1,1004.9,98.0,False,,low,1.8,NORMAL,12.7,1004.9,98.0,HEALTHY,replay,3.0,0.0
2025-01-07T02:00:00+00:00,AWS-VAR-101,12.7,1005.0,99.0,False,,low,0.4,NORMAL,12.7,1005.0,98.0,HEALTHY,replay,0.6,0.0
2025-01-07T03:00:00+00:00,AWS-VAR-101,12.4,1005.0,99.0,False,,low,0.5,NORMAL,12.5,1004.9,99.0,HEALTHY,replay,0.9,0.0
2025-01-07T04:00:00+00:00,AWS-VAR-101,12.2,1005.0,100.0,False,,low,0.6,NORMAL,12.2,1005.0,99.0,HEALTHY,replay,1.0,0.0
2025-01-07T05:00:00+00:00,AWS-VAR-101,11.9,1005.6,100.0,False,,low,0.6,NORMAL,12.0,1005.5,99.0,HEALTHY,replay,1.0,0.0
2025-01-07T06:00:00+00:00,AWS-VAR-101,12.6,1006.9,100.0,False,,low,0.9,NORMAL,12.7,1006.8,99.0,HEALTHY,replay,1.5,0.0
2025-01-07T07:00:00+00:00,AWS-VAR-101,12.9,1007.6,99.0,False,,low,1.9,NORMAL,13.0,1007.5,98.0,HEALTHY,replay,3.1,0.0
2025-01-07T08:00:00+00:00,AWS-VAR-101,13.2,1008.5,98.0,False,,low,2.3,NORMAL,13.5,1008.4,96.0,HEALTHY,replay,3.9,0.0
2025-01-07T09:00:00+00:00,AWS-VAR-101,14.2,1009.0,93.0,False,,low,3.4,NORMAL,14.5,1009.0,93.0,HEALTHY,replay,5.7,0.0
2025-01-07T10:00:00+00:00,AWS-VAR-101,15.6,1008.6,85.0,False,,low,2.5,NORMAL,15.8,1008.5,85.0,HEALTHY,replay,4.2,0.0
2025-01-07T11:00:00+00:00,AWS-VAR-101,16.6,1007.8,81.0,False,,low,1.2,NORMAL,17.1,1007.8,79.0,HEALTHY,replay,1.9,0.0
2025-01-07T12:00:00+00:00,AWS-VAR-101,18.0,1006.5,72.0,False,,low,7.1,NORMAL,17.9,1006.5,74.0,HEALTHY,replay,11.8,0.0
2025-01-07T13:00:00+00:00,AWS-VAR-101,18.9,1005.3,64.0,False,,low,9.9,NORMAL,18.8,1005.3,68.0,HEALTHY,replay,16.5,0.0
2025-01-07T14:00:00+00:00,AWS-VAR-101,19.5,1004.5,62.0,False,,low,7.8,NORMAL,19.2,1004.3,65.0,HEALTHY,replay,13.1,0.0
2025-01-07T15:00:00+00:00,AWS-VAR-101,19.1,1003.9,64.0,False,,low,3.8,NORMAL,18.8,1003.8,66.0,HEALTHY,replay,6.4,0.0
2025-01-07T16:00:00+00:00,AWS-VAR-101,18.1,1003.7,70.0,False,,low,1.6,NORMAL,17.9,1003.7,72.0,HEALTHY,replay,2.7,0.0
2025-01-07T17:00:00+00:00,AWS-VAR-101,16.2,1003.8,80.0,False,,low,1.2,NORMAL,16.3,1003.8,80.0,HEALTHY,replay,1.9,0.0
2025-01-07T18:00:00+00:00,AWS-VAR-101,15.0,1005.9,80.0,False,,low,2.1,NORMAL,15.1,1005.9,80.0,HEALTHY,replay,3.5,0.0
2025-01-07T19:00:00+00:00,AWS-VAR-101,15.0,1006.5,80.0,False,,low,1.2,NORMAL,14.9,1006.5,81.0,HEALTHY,replay,1.9,0.0
2025-01-07T20:00:00+00:00,AWS-VAR-101,14.3,1006.7,82.0,False,,low,0.3,NORMAL,14.7,1006.6,80.0,HEALTHY,replay,0.6,0.0
2025-01-07T21:00:00+00:00,AWS-VAR-101,13.1,1006.6,89.0,False,,low,0.3,NORMAL,13.3,1006.6,87.0,HEALTHY,replay,0.5,0.0
2025-01-07T22:00:00+00:00,AWS-VAR-101,12.7,1006.4,91.0,False,,low,0.2,NORMAL,12.5,1006.4,91.0,HEALTHY,replay,0.4,0.0
2025-01-07T23:00:00+00:00,AWS-VAR-101,12.0,1005.9,94.0,False,,low,0.2,NORMAL,11.8,1005.8,93.0,HEALTHY,replay,0.3,0.0
2025-01-08T00:00:00+00:00,AWS-VAR-101,11.5,1005.5,96.0,False,,low,0.1,NORMAL,11.4,1004.5,95.0,HEALTHY,replay,0.2,0.0
2025-01-08T01:00:00+00:00,AWS-VAR-101,11.1,1005.1,97.0,False,,low,0.1,NORMAL,11.1,1005.1,96.0,HEALTHY,replay,0.2,0.0
2025-01-08T02:00:00+00:00,AWS-VAR-101,10.9,1004.6,98.0,False,,low,0.2,NORMAL,10.8,1004.6,97.0,HEALTHY,replay,0.4,0.0
2025-01-08T03:00:00+00:00,AWS-VAR-101,11.1,1004.7,97.0,False,,low,0.2,NORMAL,10.7,1004.7,97.0,HEALTHY,replay,0.4,0.0
2025-01-08T04:00:00+00:00,AWS-VAR-101,11.6,1004.9,96.0,False,,low,0.3,NORMAL,11.2,1004.9,96.0,HEALTHY,replay,0.5,0.0
2025-01-08T05:00:00+00:00,AWS-VAR-101,12.1,1005.2,94.0,False,,low,0.4,NORMAL,11.7,1005.2,95.0,HEALTHY,replay,0.6,0.0
2025-01-08T06:00:00+00:00,AWS-VAR-101,12.1,1006.7,83.0,False,,low,5.6,NORMAL,11.8,1006.6,89.0,HEALTHY,replay,9.4,0.0
2025-01-08T07:00:00+00:00,AWS-VAR-101,11.8,1007.5,83.0,False,,low,1.2,NORMAL,11.6,1007.4,86.0,HEALTHY,replay,2.0,0.0
2025-01-08T08:00:00+00:00,AWS-VAR-101,13.0,1008.6,69.0,False,,low,14.6,NORMAL,12.8,1008.6,75.0,HEALTHY,replay,24.3,0.0
2025-01-08T09:00:00+00:00,AWS-VAR-101,14.1,1009.4,64.0,False,,low,7.1,NORMAL,14.2,1009.4,69.0,HEALTHY,replay,11.9,0.0
2025-01-08T10:00:00+00:00,AWS-VAR-101,15.2,1009.3,63.0,False,,low,2.7,NORMAL,15.4,1009.3,64.0,HEALTHY,replay,4.5,0.0
2025-01-08T11:00:00+00:00,AWS-VAR-101,16.3,1008.7,61.0,False,,low,0.8,NORMAL,16.1,1008.7,63.0,HEALTHY,replay,1.3,0.0
2025-01-08T12:00:00+00:00,AWS-VAR-101,16.8,1007.6,62.0,False,,low,0.6,NORMAL,17.0,1007.5,63.0,HEALTHY,replay,1.0,0.0
2025-01-08T13:00:00+00:00,AWS-VAR-101,17.4,1006.4,59.0,False,,low,1.3,NORMAL,17.3,1006.4,63.0,HEALTHY,replay,2.2,0.0
2025-01-08T14:00:00+00:00,AWS-VAR-101,17.6,1005.6,58.0,False,,low,1.2,NORMAL,17.4,1005.6,62.0,OFFLINE,replay,2.0,0.0
2025-01-08T15:00:00+00:00,AWS-VAR-101,17.3,1005.3,56.0,False,,low,2.5,NORMAL,17.2,1005.3,61.0,OFFLINE,replay,4.2,0.0
2025-01-08T16:00:00+00:00,AWS-VAR-101,16.4,1005.4,60.0,False,,low,3.7,NORMAL,16.4,1005.4,65.0,OFFLINE,replay,6.2,0.0
2025-01-08T17:00:00+00:00,AWS-VAR-101,14.2,1005.7,69.0,False,,low,3.2,NORMAL,14.1,1005.7,72.0,OFFLINE,replay,5.4,0.0
2025-01-08T18:00:00+00:00,AWS-VAR-101,13.4,1006.7,74.0,False,,low,4.6,NORMAL,12.4,1006.7,82.0,OFFLINE,replay,7.6,0.0
2025-01-08T19:00:00+00:00,AWS-VAR-101,12.8,1007.3,77.0,False,,low,17.1,NORMAL,11.6,1007.3,85.0,OFFLINE,replay,28.5,0.0
2025-01-08T20:00:00+00:00,AWS-VAR-101,12.2,1007.7,82.0,False,,low,26.2,NORMAL,11.2,1007.7,85.0,OFFLINE,replay,43.6,0.0
2025-01-08T21:00:00+00:00,AWS-VAR-101,11.3,1008.1,86.0,False,,low,37.1,NORMAL,10.7,1008.1,85.0,OFFLINE,replay,61.9,0.0
2025-01-08T22:00:00+00:00,AWS-VAR-101,11.2,1008.1,86.0,False,,low,39.5,NORMAL,10.5,1008.1,87.0,OFFLINE,replay,65.8,0.0
2025-01-08T23:00:00+00:00,AWS-VAR-101,10.1,1007.9,91.0,False,,low,40.3,NORMAL,9.7,1007.8,90.0,OFFLINE,replay,67.1,0.0
2025-01-09T00:00:00+00:00,AWS-VAR-101,9.6,1007.5,95.0,False,,low,30.8,NORMAL,9.0,1007.5,93.0,OFFLINE,replay,51.4,0.0
2025-01-09T01:00:00+00:00,AWS-VAR-101,9.0,1007.3,97.0,False,,low,32.9,NORMAL,8.6,1007.3,94.0,OFFLINE,replay,54.9,0.0
2025-01-09T02:00:00+00:00,AWS-VAR-101,8.8,1007.2,98.0,False,,low,33.7,NORMAL,8.5,1007.2,95.0,OFFLINE,replay,56.2,0.0
2025-01-09T03:00:00+00:00,AWS-VAR-101,8.8,1007.2,97.0,False,,low,26.5,NORMAL,8.4,1007.1,96.0,OFFLINE,replay,44.2,0.0
2025-01-09T04:00:00+00:00,AWS-VAR-101,8.5,1007.2,97.0,False,,low,26.1,NORMAL,8.3,1007.2,95.0,OFFLINE,replay,43.5,0.0
2025-01-09T05:00:00+00:00,AWS-VAR-101,8.4,1007.6,97.0,False,,low,37.1,NORMAL,8.2,1007.6,96.0,OFFLINE,replay,61.8,0.0
2025-01-09T06:00:00+00:00,AWS-VAR-101,8.6,1008.7,98.0,False,,low,44.8,NORMAL,8.3,1008.7,96.0,OFFLINE,replay,74.7,0.0
2025-01-09T07:00:00+00:00,AWS-VAR-101,9.6,1009.7,97.0,False,,low,37.1,NORMAL,9.3,1009.7,94.0,OFFLINE,replay,61.8,0.0
2025-01-09T08:00:00+00:00,AWS-VAR-101,12.0,1010.9,87.0,False,,low,35.6,NORMAL,12.0,1010.66,87.0,OFFLINE,replay,59.4,0.0
2025-01-09T09:00:00+00:00,AWS-VAR-101,15.0,1011.5,76.0,False,,low,34.5,NORMAL,15.1,1011.16,79.0,OFFLINE,replay,57.5,0.0
2025-01-09T10:00:00+00:00,AWS-VAR-101,17.0,1011.2,65.0,False,,low,15.8,NORMAL,17.0,1011.12,68.0,OFFLINE,replay,26.3,0.0
2025-01-09T11:00:00+00:00,AWS-VAR-101,18.2,1010.2,60.0,False,,low,13.8,NORMAL,18.4,1009.46,63.0,OFFLINE,replay,23.0,0.0
2025-01-09T12:00:00+00:00,AWS-VAR-101,19.2,1008.9,54.0,False,,low,15.6,NORMAL,19.1,1008.85,58.0,OFFLINE,replay,25.9,0.0
2025-01-09T13:00:00+00:00,AWS-VAR-101,19.4,1007.9,54.0,False,,low,11.3,NORMAL,19.3,1007.9,57.0,OFFLINE,replay,18.8,0.0
2025-01-09T14:00:00+00:00,AWS-VAR-101,19.6,1007.3,54.0,False,,low,13.5,NORMAL,19.4,1007.3,57.0,HEALTHY,replay,22.4,0.0
2025-01-09T15:00:00+00:00,AWS-VAR-101,19.4,1006.9,56.0,False,,low,2.7,NORMAL,19.3,1006.9,57.0,OFFLINE,replay,4.5,0.0
2025-01-09T16:00:00+00:00,AWS-VAR-101,18.3,1006.9,73.0,False,,low,20.6,NORMAL,18.2,1006.9,65.0,OFFLINE,replay,34.4,0.0
2025-01-09T17:00:00+00:00,AWS-VAR-101,16.2,1007.0,73.0,False,,low,15.7,NORMAL,15.8,1007.0,73.0,OFFLINE,replay,26.2,0.0
2025-01-09T18:00:00+00:00,AWS-VAR-101,14.7,1008.0,81.0,False,,low,20.3,NORMAL,14.5,1008.1,81.0,HEALTHY,replay,33.9,0.0
2025-01-09T19:00:00+00:00,AWS-VAR-101,13.9,1008.7,85.0,False,,low,4.8,NORMAL,13.8,1008.8,82.0,WARNING,replay,8.1,0.0
2025-01-09T20:00:00+00:00,AWS-VAR-101,13.4,1009.7,85.0,False,,low,5.2,NORMAL,12.8,1009.8,85.0,WARNING,replay,8.6,0.0
2025-01-09T21:00:00+00:00,AWS-VAR-101,12.8,1010.3,87.0,False,,low,1.9,NORMAL,12.4,1010.4,85.0,WARNING,replay,3.2,0.0
2025-01-09T22:00:00+00:00,AWS-VAR-101,12.5,1010.4,88.0,False,,low,2.1,NORMAL,12.3,1010.5,84.0,WARNING,replay,3.5,0.0
2025-01-09T23:00:00+00:00,AWS-VAR-101,11.4,1010.2,93.0,False,,low,3.0,NORMAL,12.0,1010.4,87.0,WARNING,replay,5.0,0.0
2025-01-10T00:00:00+00:00,AWS-VAR-101,10.6,1009.9,95.0,False,,low,2.4,NORMAL,10.9,1010.1,92.0,WARNING,replay,4.0,0.0
2025-01-10T01:00:00+00:00,AWS-VAR-101,10.2,1009.7,95.0,False,,low,2.1,NORMAL,9.6,1009.8,94.0,WARNING,replay,3.5,0.0
2025-01-10T02:00:00+00:00,AWS-VAR-101,9.7,1009.5,97.0,False,,low,1.3,NORMAL,9.4,1009.6,94.0,WARNING,replay,2.1,0.0
2025-01-10T03:00:00+00:00,AWS-VAR-101,9.2,1009.3,99.0,False,,low,0.8,NORMAL,9.1,1009.4,95.0,WARNING,replay,1.3,0.0
2025-01-10T04:00:00+00:00,AWS-VAR-101,8.7,1009.4,99.0,False,,low,1.2,NORMAL,8.7,1009.6,96.0,WARNING,replay,2.0,0.0
2025-01-10T05:00:00+00:00,AWS-VAR-101,8.5,1009.6,99.0,False,,low,2.0,NORMAL,8.5,1009.9,96.0,WARNING,replay,3.3,0.0
2025-01-10T06:00:00+00:00,AWS-VAR-101,8.6,1010.7,98.0,False,,low,1.3,NORMAL,8.5,1011.0,97.0,WARNING,replay,2.2,0.0
2025-01-10T07:00:00+00:00,AWS-VAR-101,9.4,1011.7,98.0,False,,low,4.5,NORMAL,9.1,1011.8,97.0,WARNING,replay,7.5,0.0
2025-01-10T08:00:00+00:00,AWS-VAR-101,11.6,1012.4,91.0,False,,low,3.4,NORMAL,11.6,1012.5,91.0,HEALTHY,replay,5.7,0.0
2025-01-10T09:00:00+00:00,AWS-VAR-101,14.8,1013.0,79.0,False,,low,8.7,NORMAL,14.9,1013.2,80.0,HEALTHY,replay,14.6,0.0
2025-01-10T10:00:00+00:00,AWS-VAR-101,17.3,1012.7,68.0,False,,low,18.8,NORMAL,17.3,1012.8,69.0,HEALTHY,replay,31.3,0.0
2025-01-10T11:00:00+00:00,AWS-VAR-101,18.7,1011.9,60.0,False,,low,9.5,NORMAL,18.5,1011.9,62.0,HEALTHY,replay,15.8,0.0
2025-01-10T12:00:00+00:00,AWS-VAR-101,19.4,1010.8,58.0,False,,low,3.5,NORMAL,19.1,1010.8,59.0,HEALTHY,replay,5.8,0.0
2025-01-10T13:00:00+00:00,AWS-VAR-101,19.8,1009.7,57.0,False,,low,5.0,NORMAL,19.5,1009.7,59.0,HEALTHY,replay,8.3,0.0
2025-01-10T14:00:00+00:00,AWS-VAR-101,19.9,1008.9,57.0,False,,low,1.6,NORMAL,19.6,1009.1,60.0,HEALTHY,replay,2.6,0.0
2025-01-10T15:00:00+00:00,AWS-VAR-101,19.6,1008.5,58.0,False,,low,0.9,NORMAL,19.4,1008.6,61.0,HEALTHY,replay,1.5,0.0
2025-01-10T16:00:00+00:00,AWS-VAR-101,18.5,1008.5,71.0,False,,low,1.0,NORMAL,18.4,1008.6,69.0,HEALTHY,replay,1.7,0.0
2025-01-10T17:00:00+00:00,AWS-VAR-101,15.9,1008.4,77.0,False,,low,1.4,NORMAL,15.6,1008.4,79.0,HEALTHY,replay,2.4,0.0
2025-01-10T18:00:00+00:00,AWS-VAR-101,14.8,1008.5,84.0,False,,low,0.4,NORMAL,14.5,1008.6,84.0,HEALTHY,replay,0.7,0.0
2025-01-10T19:00:00+00:00,AWS-VAR-101,14.1,1008.9,86.0,False,,low,0.2,NORMAL,13.5,1009.0,84.0,HEALTHY,replay,0.4,0.0
2025-01-10T20:00:00+00:00,AWS-VAR-101,13.6,1009.4,84.0,False,,low,0.1,NORMAL,12.8,1009.4,85.0,HEALTHY,replay,0.2,0.0
2025-01-10T21:00:00+00:00,AWS-VAR-101,12.7,1009.9,88.0,False,,low,0.1,NORMAL,11.7,1009.9,88.0,HEALTHY,replay,0.1,0.0
2025-01-10T22:00:00+00:00,AWS-VAR-101,12.1,1010.0,90.0,False,,low,0.1,NORMAL,11.3,1010.0,91.0,HEALTHY,replay,0.1,0.0
2025-01-10T23:00:00+00:00,AWS-VAR-101,11.4,1009.8,94.0,False,,low,0.1,NORMAL,10.5,1009.8,93.0,HEALTHY,replay,0.2,0.0
2025-01-11T00:00:00+00:00,AWS-VAR-101,10.2,1009.5,98.0,False,,low,0.2,NORMAL,9.8,1009.5,96.0,HEALTHY,replay,0.3,0.0
2025-01-11T01:00:00+00:00,AWS-VAR-101,10.0,1009.3,99.0,False,,low,0.2,NORMAL,9.3,1009.3,98.0,HEALTHY,replay,0.3,0.0
2025-01-11T02:00:00+00:00,AWS-VAR-101,9.5,1008.9,100.0,False,,low,0.1,NORMAL,9.1,1008.9,98.0,HEALTHY,replay,0.2,0.0
2025-01-11T03:00:00+00:00,AWS-VAR-101,9.1,1008.9,100.0,False,,low,0.2,NORMAL,8.7,1008.9,100.0,HEALTHY,replay,0.3,0.0
2025-01-11T04:00:00+00:00,AWS-VAR-101,8.7,1009.0,100.0,False,,low,0.3,NORMAL,8.5,1009.0,100.0,HEALTHY,replay,0.5,0.0
2025-01-11T05:00:00+00:00,AWS-VAR-101,8.0,1009.5,100.0,False,,low,0.4,NORMAL,8.3,1009.5,100.0,HEALTHY,replay,0.7,0.0
2025-01-11T06:00:00+00:00,AWS-VAR-101,7.8,1010.3,100.0,False,,low,0.4,NORMAL,7.7,1010.3,100.0,HEALTHY,replay,0.6,0.0
2025-01-11T07:00:00+00:00,AWS-VAR-101,8.7,1010.9,100.0,False,,low,0.4,NORMAL,8.1,1010.9,99.0,HEALTHY,replay,0.7,0.0
2025-01-11T08:00:00+00:00,AWS-VAR-101,10.7,1012.1,97.0,False,,low,1.3,NORMAL,10.4,1012.1,98.0,HEALTHY,replay,2.1,0.0
2025-01-11T09:00:00+00:00,AWS-VAR-101,12.7,1012.7,96.0,False,,low,4.2,NORMAL,12.8,1012.6,95.0,HEALTHY,replay,7.1,0.0
2025-01-11T10:00:00+00:00,AWS-VAR-101,15.6,1012.3,84.0,False,,low,6.1,NORMAL,15.8,1012.3,83.0,HEALTHY,replay,10.2,0.0
2025-01-11T11:00:00+00:00,AWS-VAR-101,18.2,1011.0,71.0,False,,low,3.3,NORMAL,17.9,1010.9,74.0,HEALTHY,replay,5.5,0.0
2025-01-11T12:00:00+00:00,AWS-VAR-101,19.7,1009.7,62.0,False,,low,5.0,NORMAL,19.3,1009.7,64.0,HEALTHY,replay,8.3,0.0
2025-01-11T13:00:00+00:00,AWS-VAR-101,20.6,1008.4,55.0,False,,low,6.1,NORMAL,20.2,1008.4,60.0,HEALTHY,replay,10.2,0.0
2025-01-11T14:00:00+00:00,AWS-VAR-101,21.0,1007.4,51.0,False,,low,7.6,NORMAL,21.4,1006.5,47.0,HEALTHY,replay,12.7,0.0
2025-01-11T15:00:00+00:00,AWS-VAR-101,21.0,1006.9,51.0,False,,low,3.2,NORMAL,20.2,1007.0,60.0,HEALTHY,replay,5.3,0.0
2025-01-11T16:00:00+00:00,AWS-VAR-101,19.6,1006.6,68.0,False,,low,8.1,NORMAL,19.4,1005.7,66.0,HEALTHY,replay,13.6,0.0
2025-01-11T17:00:00+00:00,AWS-VAR-101,16.1,1006.5,79.0,False,,low,9.8,NORMAL,16.0,1005.5,80.0,HEALTHY,replay,16.3,0.0
2025-01-11T18:00:00+00:00,AWS-VAR-101,16.5,1006.6,82.0,False,,low,2.6,NORMAL,15.0,1006.8,84.0,HEALTHY,replay,4.4,0.0
2025-01-11T19:00:00+00:00,AWS-VAR-101,15.6,1007.0,84.0,False,,low,1.1,NORMAL,14.0,1007.2,86.0,HEALTHY,replay,1.8,0.0
2025-01-11T20:00:00+00:00,AWS-VAR-101,15.0,1007.7,84.0,False,,low,0.3,NORMAL,14.1,1006.5,88.0,HEALTHY,replay,0.6,0.0
2025-01-11T21:00:00+00:00,AWS-VAR-101,14.2,1008.2,86.0,False,,low,0.1,NORMAL,13.3,1007.1,91.0,HEALTHY,replay,0.2,0.0
2025-01-11T22:00:00+00:00,AWS-VAR-101,12.7,1008.6,90.0,False,,low,0.1,NORMAL,12.5,1008.6,91.0,HEALTHY,replay,0.2,0.0
2025-01-11T23:00:00+00:00,AWS-VAR-101,12.5,1008.5,91.0,False,,low,0.1,NORMAL,11.9,1007.4,93.0,HEALTHY,replay,0.2,0.0
2025-01-12T00:00:00+00:00,AWS-VAR-101,12.6,1008.2,91.0,False,,low,0.2,NORMAL,11.5,1008.4,94.0,HEALTHY,replay,0.4,0.0
2025-01-12T01:00:00+00:00,AWS-VAR-101,12.4,1008.1,92.0,False,,low,0.3,NORMAL,11.6,1007.1,93.0,HEALTHY,replay,0.4,0.0
2025-01-12T02:00:00+00:00,AWS-VAR-101,12.1,1008.0,93.0,False,,low,0.7,NORMAL,11.5,1006.9,95.0,HEALTHY,replay,1.1,0.0
2025-01-12T03:00:00+00:00,AWS-VAR-101,11.9,1007.5,93.0,False,,low,0.3,NORMAL,11.1,1007.6,94.0,HEALTHY,replay,0.6,0.0
2025-01-12T04:00:00+00:00,AWS-VAR-101,11.8,1007.4,93.0,False,,low,0.5,NORMAL,11.8,1007.4,94.0,HEALTHY,replay,0.8,0.0
2025-01-12T05:00:00+00:00,AWS-VAR-101,11.8,1007.4,93.0,False,,low,2.0,NORMAL,12.0,1007.3,92.0,HEALTHY,replay,3.4,0.0
2025-01-12T06:00:00+00:00,AWS-VAR-101,12.1,1008.1,94.0,False,,low,2.0,NORMAL,12.1,1008.1,93.0,HEALTHY,replay,3.3,0.0
2025-01-12T07:00:00+00:00,AWS-VAR-101,12.6,1008.7,94.0,False,,low,0.9,NORMAL,12.6,1008.7,92.0,HEALTHY,replay,1.4,0.0
2025-01-12T08:00:00+00:00,AWS-VAR-101,14.5,1009.4,88.0,False,,low,1.5,NORMAL,14.6,1009.4,88.0,HEALTHY,replay,2.4,0.0
2025-01-12T09:00:00+00:00,AWS-VAR-101,17.1,1009.8,80.0,False,,low,6.3,NORMAL,17.2,1009.8,82.0,HEALTHY,replay,10.5,0.0
2025-01-12T10:00:00+00:00,AWS-VAR-101,19.8,1009.5,71.0,False,,low,6.9,NORMAL,19.6,1009.6,75.0,HEALTHY,replay,11.5,0.0
2025-01-12T11:00:00+00:00,AWS-VAR-101,22.0,1008.3,63.0,False,,low,10.1,NORMAL,21.7,1008.3,67.0,HEALTHY,replay,16.8,0.0
2025-01-12T12:00:00+00:00,AWS-VAR-101,23.7,1007.2,55.0,False,,low,18.4,NORMAL,23.2,1007.1,62.0,HEALTHY,replay,30.6,0.0
2025-01-12T13:00:00+00:00,AWS-VAR-101,24.5,1006.2,53.0,False,,low,11.4,NORMAL,23.8,1006.0,61.0,HEALTHY,replay,19.0,0.0
2025-01-12T14:00:00+00:00,AWS-VAR-101,24.1,1005.5,59.0,False,,low,7.1,NORMAL,23.5,1005.4,64.0,HEALTHY,replay,11.9,0.0
2025-01-12T15:00:00+00:00,AWS-VAR-101,23.3,1005.4,64.0,False,,low,1.2,NORMAL,22.7,1005.4,67.0,HEALTHY,replay,2.0,0.0
2025-01-12T16:00:00+00:00,AWS-VAR-101,21.7,1005.9,73.0,False,,low,1.4,NORMAL,21.1,1005.7,77.0,HEALTHY,replay,2.3,0.0
2025-01-12T17:00:00+00:00,AWS-VAR-101,19.7,1006.8,82.0,False,,low,2.7,NORMAL,19.4,1006.5,84.0,HEALTHY,replay,4.5,0.0
2025-01-12T18:00:00+00:00,AWS-VAR-101,17.8,1007.1,88.0,False,,low,1.0,NORMAL,17.7,1007.1,89.0,HEALTHY,replay,1.7,0.0
2025-01-12T19:00:00+00:00,AWS-VAR-101,17.3,1007.4,90.0,False,,low,0.3,NORMAL,17.4,1007.2,90.0,HEALTHY,replay,0.4,0.0
2025-01-12T20:00:00+00:00,AWS-VAR-101,16.7,1007.9,94.0,False,,low,0.2,NORMAL,17.1,1007.9,92.0,HEALTHY,replay,0.3,0.0
2025-01-12T21:00:00+00:00,AWS-VAR-101,16.9,1008.0,93.0,False,,low,0.3,NORMAL,16.9,1007.9,94.0,HEALTHY,replay,0.5,0.0
2025-01-12T22:00:00+00:00,AWS-VAR-101,15.8,1008.1,96.0,False,,low,0.4,NORMAL,16.1,1008.1,95.0,HEALTHY,replay,0.6,0.0
2025-01-12T23:00:00+00:00,AWS-VAR-101,15.1,1007.9,98.0,False,,low,0.5,NORMAL,15.3,1007.8,98.0,HEALTHY,replay,0.8,0.0
2025-01-13T00:00:00+00:00,AWS-VAR-101,14.3,1007.4,98.0,False,,low,0.4,NORMAL,14.5,1007.4,98.0,HEALTHY,replay,0.6,0.0
2025-01-13T01:00:00+00:00,AWS-VAR-101,13.9,1007.1,98.0,False,,low,0.2,NORMAL,14.1,1007.1,98.0,HEALTHY,replay,0.4,0.0
2025-01-13T02:00:00+00:00,AWS-VAR-101,13.3,1006.7,99.0,False,,low,0.1,NORMAL,13.4,1006.7,100.0,HEALTHY,replay,0.2,0.0
2025-01-13T03:00:00+00:00,AWS-VAR-101,12.9,1006.6,100.0,False,,low,0.1,NORMAL,12.9,1006.7,100.0,HEALTHY,replay,0.2,0.0
2025-01-13T04:00:00+00:00,AWS-VAR-101,12.5,1006.8,100.0,False,,low,0.1,NORMAL,12.5,1006.8,100.0,HEALTHY,replay,0.2,0.0
2025-01-13T05:00:00+00:00,AWS-VAR-101,12.6,1007.3,100.0,False,,low,0.3,NORMAL,12.3,1007.2,100.0,HEALTHY,replay,0.6,0.0
2025-01-13T06:00:00+00:00,AWS-VAR-101,13.3,1008.2,99.0,False,,low,0.2,NORMAL,13.1,1008.2,99.0,HEALTHY,replay,0.4,0.0
2025-01-13T07:00:00+00:00,AWS-VAR-101,13.3,1008.9,99.0,False,,low,0.2,NORMAL,13.2,1008.9,98.0,HEALTHY,replay,0.3,0.0
2025-01-13T08:00:00+00:00,AWS-VAR-101,13.6,1009.6,97.0,False,,low,0.3,NORMAL,13.4,1009.5,98.0,HEALTHY,replay,0.6,0.0
2025-01-13T09:00:00+00:00,AWS-VAR-101,15.0,1010.0,91.0,False,,low,0.5,NORMAL,14.7,1010.0,91.0,HEALTHY,replay,0.8,0.0
2025-01-13T10:00:00+00:00,AWS-VAR-101,17.2,1009.6,79.0,False,,low,1.1,NORMAL,17.0,1009.5,80.0,HEALTHY,replay,1.8,0.0
2025-01-13T11:00:00+00:00,AWS-VAR-101,18.9,1008.6,73.0,False,,low,1.1,NORMAL,18.8,1008.6,72.0,HEALTHY,replay,1.9,0.0
2025-01-13T12:00:00+00:00,AWS-VAR-101,20.1,1007.3,68.0,False,,low,2.3,NORMAL,19.9,1007.3,66.0,HEALTHY,replay,3.9,0.0
2025-01-13T13:00:00+00:00,AWS-VAR-101,20.7,1006.1,66.0,False,,low,2.7,NORMAL,20.6,1006.0,67.0,HEALTHY,replay,4.6,0.0
2025-01-13T14:00:00+00:00,AWS-VAR-101,21.0,1005.3,65.0,False,,low,2.5,NORMAL,20.9,1005.2,67.0,HEALTHY,replay,4.2,0.0
2025-01-13T15:00:00+00:00,AWS-VAR-101,20.8,1005.1,66.0,False,,low,1.8,NORMAL,20.7,1005.0,69.0,HEALTHY,replay,3.1,0.0
2025-01-13T16:00:00+00:00,AWS-VAR-101,19.9,1005.2,71.0,False,,low,0.7,NORMAL,19.9,1005.2,74.0,HEALTHY,replay,1.2,0.0
2025-01-13T17:00:00+00:00,AWS-VAR-101,17.9,1005.6,81.0,False,,low,0.7,NORMAL,17.8,1005.6,81.0,HEALTHY,replay,1.1,0.0
2025-01-13T18:00:00+00:00,AWS-VAR-101,17.1,1006.4,85.0,False,,low,0.4,NORMAL,16.7,1006.4,87.0,HEALTHY,replay,0.6,0.0
2025-01-13T19:00:00+00:00,AWS-VAR-101,16.4,1006.9,88.0,False,,low,0.2,NORMAL,16.2,1007.0,89.0,HEALTHY,replay,0.3,0.0
2025-01-13T20:00:00+00:00,AWS-VAR-101,16.1,1007.3,88.0,False,,low,0.2,NORMAL,15.9,1007.4,89.0,HEALTHY,replay,0.3,0.0
2025-01-13T21:00:00+00:00,AWS-VAR-101,15.6,1007.7,90.0,False,,low,0.1,NORMAL,15.5,1007.7,90.0,HEALTHY,replay,0.2,0.0
2025-01-13T22:00:00+00:00,AWS-VAR-101,14.7,1007.9,92.0,False,,low,0.1,NORMAL,14.7,1007.8,93.0,HEALTHY,replay,0.2,0.0
2025-01-13T23:00:00+00:00,AWS-VAR-101,13.4,1007.7,94.0,False,,low,0.2,NORMAL,13.5,1007.7,95.0,HEALTHY,replay,0.4,0.0
2025-01-14T00:00:00+00:00,AWS-VAR-101,13.2,1007.6,96.0,False,,low,0.2,NORMAL,12.9,1007.5,96.0,HEALTHY,replay,0.3,0.0
2025-01-14T01:00:00+00:00,AWS-VAR-101,12.4,1007.6,97.0,False,,low,0.3,NORMAL,12.8,1007.6,97.0,HEALTHY,replay,0.5,0.0
2025-01-14T02:00:00+00:00,AWS-VAR-101,12.0,1007.3,98.0,False,,low,0.3,NORMAL,12.2,1007.3,97.0,HEALTHY,replay,0.4,0.0
2025-01-14T03:00:00+00:00,AWS-VAR-101,11.6,1007.2,99.0,False,,low,0.3,NORMAL,11.7,1007.1,98.0,HEALTHY,replay,0.5,0.0
2025-01-14T04:00:00+00:00,AWS-VAR-101,11.4,1007.4,99.0,False,,low,0.4,NORMAL,11.3,1007.3,98.0,HEALTHY,replay,0.7,0.0
2025-01-14T05:00:00+00:00,AWS-VAR-101,11.1,1008.0,99.0,False,,low,0.4,NORMAL,11.1,1008.0,97.0,HEALTHY,replay,0.7,0.0
2025-01-14T06:00:00+00:00,AWS-VAR-101,12.0,1009.1,100.0,False,,low,0.5,NORMAL,12.2,1009.1,99.0,HEALTHY,replay,0.8,0.0
2025-01-14T07:00:00+00:00,AWS-VAR-101,12.0,1010.1,99.0,False,,low,1.6,NORMAL,12.1,1010.1,99.0,HEALTHY,replay,2.7,0.0
2025-01-14T08:00:00+00:00,AWS-VAR-101,12.9,1011.2,98.0,False,,low,3.9,NORMAL,12.9,1011.2,97.0,HEALTHY,replay,6.5,0.0
2025-01-14T09:00:00+00:00,AWS-VAR-101,15.0,1012.1,90.0,False,,low,5.5,NORMAL,14.9,1012.1,90.0,HEALTHY,replay,9.2,0.0
2025-01-14T10:00:00+00:00,AWS-VAR-101,17.7,1012.4,79.0,False,,low,12.0,NORMAL,17.3,1012.4,82.61,HEALTHY,replay,20.0,0.0
2025-01-14T11:00:00+00:00,AWS-VAR-101,19.7,1011.5,69.0,False,,low,9.5,NORMAL,19.3,1011.6,73.22,HEALTHY,replay,15.9,0.0
2025-01-14T12:00:00+00:00,AWS-VAR-101,20.8,1010.2,61.0,False,,low,11.7,NORMAL,20.4,1010.1,61.0,HEALTHY,replay,19.5,0.0
2025-01-14T13:00:00+00:00,AWS-VAR-101,21.3,1008.9,56.0,False,,low,14.6,NORMAL,21.0,1008.9,57.0,HEALTHY,replay,24.3,0.0
2025-01-14T14:00:00+00:00,AWS-VAR-101,21.4,1008.0,53.0,False,,low,14.9,NORMAL,21.2,1008.0,55.04,HEALTHY,replay,24.8,0.0
2025-01-14T15:00:00+00:00,AWS-VAR-101,21.2,1007.7,54.0,False,,low,4.2,NORMAL,21.0,1007.8,55.0,HEALTHY,replay,6.9,0.0
2025-01-14T16:00:00+00:00,AWS-VAR-101,20.2,1007.7,70.0,False,,low,2.2,NORMAL,20.3,1007.7,62.0,HEALTHY,replay,3.6,0.0
2025-01-14T17:00:00+00:00,AWS-VAR-101,17.9,1008.2,70.0,False,,low,2.4,NORMAL,17.7,1008.2,72.0,HEALTHY,replay,4.1,0.0
2025-01-14T18:00:00+00:00,AWS-VAR-101,15.7,1009.2,79.0,False,,low,2.7,NORMAL,15.1,1009.2,79.0,HEALTHY,replay,4.5,0.0
2025-01-14T19:00:00+00:00,AWS-VAR-101,15.1,1009.7,81.0,False,,low,0.7,NORMAL,14.5,1009.8,79.0,HEALTHY,replay,1.2,0.0
2025-01-14T20:00:00+00:00,AWS-VAR-101,14.4,1010.0,83.0,False,,low,0.5,NORMAL,14.2,1010.2,79.0,HEALTHY,replay,0.8,0.0
2025-01-14T21:00:00+00:00,AWS-VAR-101,13.5,1010.5,87.0,False,,low,0.3,NORMAL,13.7,1010.5,79.0,HEALTHY,replay,0.6,0.0
2025-01-14T22:00:00+00:00,AWS-VAR-101,12.6,1010.5,92.0,False,,low,0.4,NORMAL,12.8,1010.5,82.0,HEALTHY,replay,0.6,0.0
2025-01-14T23:00:00+00:00,AWS-VAR-101,11.7,1010.3,96.0,False,,low,0.4,NORMAL,12.0,1010.4,87.0,HEALTHY,replay,0.7,0.0
2025-01-15T00:00:00+00:00,AWS-VAR-101,11.1,1010.0,98.0,False,,low,0.5,NORMAL,11.3,1010.0,91.0,HEALTHY,replay,0.8,0.0
2025-01-15T01:00:00+00:00,AWS-VAR-101,10.7,1010.0,100.0,False,,low,0.3,NORMAL,10.8,1010.0,91.73,HEALTHY,replay,0.5,0.0
2025-01-15T02:00:00+00:00,AWS-VAR-101,10.2,1009.4,100.0,False,,low,0.2,NORMAL,10.4,1009.4,93.34,HEALTHY,replay,0.4,0.0
2025-01-15T03:00:00+00:00,AWS-VAR-101,10.0,1009.4,100.0,False,,low,0.3,NORMAL,9.9,1009.4,94.0,HEALTHY,replay,0.5,0.0
2025-01-15T04:00:00+00:00,AWS-VAR-101,9.6,1009.6,100.0,False,,low,0.3,NORMAL,9.7,1009.6,96.0,HEALTHY,replay,0.5,0.0
2025-01-15T05:00:00+00:00,AWS-VAR-101,8.7,1010.1,100.0,False,,low,0.4,NORMAL,9.2,1010.2,99.0,HEALTHY,replay,0.7,0.0
2025-01-15T06:00:00+00:00,AWS-VAR-101,10.1,1011.5,100.0,False,,low,1.2,NORMAL,10.3,1011.5,98.0,HEALTHY,replay,2.0,0.0
2025-01-15T07:00:00+00:00,AWS-VAR-101,10.5,1012.2,99.0,False,,low,0.8,NORMAL,10.7,1012.2,99.0,HEALTHY,replay,1.3,0.0
2025-01-15T08:00:00+00:00,AWS-VAR-101,12.2,1013.1,98.0,False,,low,1.1,NORMAL,12.2,1013.1,92.0,HEALTHY,replay,1.8,0.0
2025-01-15T09:00:00+00:00,AWS-VAR-101,14.7,1013.6,93.0,False,,low,1.2,NORMAL,14.4,1013.6,87.6,HEALTHY,replay,2.0,0.0
2025-01-15T10:00:00+00:00,AWS-VAR-101,17.3,1013.1,81.0,False,,low,2.8,NORMAL,17.0,1013.2,75.21,HEALTHY,replay,4.7,0.0
2025-01-15T11:00:00+00:00,AWS-VAR-101,19.5,1011.7,68.0,False,,low,3.5,NORMAL,19.2,1011.7,62.0,HEALTHY,replay,5.9,0.0
2025-01-15T12:00:00+00:00,AWS-VAR-101,20.8,1010.1,59.0,False,,low,6.2,NORMAL,20.3,1010.1,57.0,HEALTHY,replay,10.3,0.0
2025-01-15T13:00:00+00:00,AWS-VAR-101,21.3,1009.0,55.0,False,,low,7.9,NORMAL,20.9,1009.0,55.0,HEALTHY,replay,13.1,0.0
2025-01-15T14:00:00+00:00,AWS-VAR-101,21.5,1008.4,53.0,False,,low,5.5,NORMAL,21.1,1008.4,55.0,HEALTHY,replay,9.2,0.0
2025-01-15T15:00:00+00:00,AWS-VAR-101,21.3,1007.8,53.0,False,,low,3.0,NORMAL,20.9,1007.9,55.0,HEALTHY,replay,4.9,0.0
2025-01-15T16:00:00+00:00,AWS-VAR-101,20.1,1007.6,66.0,False,,low,1.5,NORMAL,19.9,1007.6,62.0,HEALTHY,replay,2.5,0.0
2025-01-15T17:00:00+00:00,AWS-VAR-101,16.9,1007.6,77.0,False,,low,2.4,NORMAL,17.2,1007.7,69.0,HEALTHY,replay,3.9,0.0
2025-01-15T18:00:00+00:00,AWS-VAR-101,14.1,1009.5,86.0,False,,low,11.9,NORMAL,14.3,1009.6,72.0,HEALTHY,replay,19.8,0.0
2025-01-15T19:00:00+00:00,AWS-VAR-101,13.8,1009.6,87.0,False,,low,1.2,NORMAL,13.2,1009.7,77.0,HEALTHY,replay,2.1,0.0
2025-01-15T20:00:00+00:00,AWS-VAR-101,13.2,1009.9,87.0,False,,low,0.3,NORMAL,12.4,1010.0,78.0,HEALTHY,replay,0.5,0.0
2025-01-15T21:00:00+00:00,AWS-VAR-101,12.4,1009.8,86.0,False,,low,0.2,NORMAL,11.6,1009.8,82.0,HEALTHY,replay,0.3,0.0
2025-01-15T22:00:00+00:00,AWS-VAR-101,11.6,1009.9,90.0,False,,low,0.2,NORMAL,10.7,1010.0,85.0,HEALTHY,replay,0.3,0.0
2025-01-15T23:00:00+00:00,AWS-VAR-101,11.0,1009.5,93.0,False,,low,0.2,NORMAL,10.4,1009.5,88.0,HEALTHY,replay,0.4,0.0
2025-01-16T00:00:00+00:00,AWS-VAR-101,10.7,1009.1,94.0,False,,low,0.2,NORMAL,10.0,1009.2,91.0,HEALTHY,replay,0.3,0.0
2025-01-16T01:00:00+00:00,AWS-VAR-101,10.1,1009.1,98.0,False,,low,0.2,NORMAL,9.6,1009.1,94.0,HEALTHY,replay,0.3,0.0
2025-01-16T02:00:00+00:00,AWS-VAR-101,9.6,1008.7,100.0,False,,low,0.2,NORMAL,9.3,1008.7,97.0,HEALTHY,replay,0.3,0.0
2025-01-16T03:00:00+00:00,AWS-VAR-101,9.4,1008.4,100.0,False,,low,0.2,NORMAL,9.0,1008.4,98.0,HEALTHY,replay,0.3,0.0
2025-01-16T04:00:00+00:00,AWS-VAR-101,9.2,1008.2,100.0,False,,low,0.3,NORMAL,8.7,1008.2,99.0,HEALTHY,replay,0.5,0.0
2025-01-16T05:00:00+00:00,AWS-VAR-101,8.5,1008.5,100.0,False,,low,0.3,NORMAL,8.3,1008.5,100.0,HEALTHY,replay,0.6,0.0
2025-01-16T06:00:00+00:00,AWS-VAR-101,9.6,1009.8,100.0,False,,low,0.6,NORMAL,9.6,1009.8,99.0,HEALTHY,replay,1.0,0.0
2025-01-16T07:00:00+00:00,AWS-VAR-101,10.0,1010.6,100.0,False,,low,0.8,NORMAL,10.11,1010.6,99.0,HEALTHY,replay,1.4,0.0
2025-01-16T08:00:00+00:00,AWS-VAR-101,11.5,1011.3,97.0,False,,low,0.6,NORMAL,10.3,1011.3,98.0,HEALTHY,replay,0.9,0.0
2025-01-16T09:00:00+00:00,AWS-VAR-101,14.0,1012.2,89.0,False,,low,1.3,NORMAL,12.4,1012.3,94.0,HEALTHY,replay,2.1,0.0
2025-01-16T10:00:00+00:00,AWS-VAR-101,16.8,1012.0,74.0,False,,low,2.5,NORMAL,16.2,1012.0,81.0,HEALTHY,replay,4.1,0.0
2025-01-16T11:00:00+00:00,AWS-VAR-101,18.2,1010.9,66.0,False,,low,1.3,NORMAL,17.8,1010.9,71.0,HEALTHY,replay,2.2,0.0
2025-01-16T12:00:00+00:00,AWS-VAR-101,19.4,1009.5,61.0,False,,low,1.9,NORMAL,19.0,1009.5,64.0,HEALTHY,replay,3.1,0.0
2025-01-16T13:00:00+00:00,AWS-VAR-101,20.2,1008.5,58.0,False,,low,1.4,NORMAL,19.8,1008.6,62.0,HEALTHY,replay,2.3,0.0
2025-01-16T14:00:00+00:00,AWS-VAR-101,20.5,1007.9,59.0,False,,low,0.6,NORMAL,20.2,1008.0,61.0,HEALTHY,replay,1.0,0.0
2025-01-16T15:00:00+00:00,AWS-VAR-101,20.4,1007.8,60.0,False,,low,0.4,NORMAL,20.1,1007.8,61.0,HEALTHY,replay,0.6,0.0
2025-01-16T16:00:00+00:00,AWS-VAR-101,19.5,1008.0,67.0,False,,low,0.3,NORMAL,19.3,1007.9,70.0,HEALTHY,replay,0.5,0.0
2025-01-16T17:00:00+00:00,AWS-VAR-101,16.8,1008.3,79.0,False,,low,0.7,NORMAL,16.2,1008.3,77.0,HEALTHY,replay,1.1,0.0
2025-01-16T18:00:00+00:00,AWS-VAR-101,15.7,1009.8,82.0,False,,low,0.5,NORMAL,15.1,1009.8,82.0,HEALTHY,replay,0.8,0.0
2025-01-16T19:00:00+00:00,AWS-VAR-101,14.6,1010.2,86.0,False,,low,0.3,NORMAL,14.6,1010.3,82.0,HEALTHY,replay,0.5,0.0
2025-01-16T20:00:00+00:00,AWS-VAR-101,13.6,1010.3,88.0,False,,low,0.1,NORMAL,13.2,1010.3,87.0,HEALTHY,replay,0.2,0.0
2025-01-16T21:00:00+00:00,AWS-VAR-101,13.1,1010.4,90.0,False,,low,0.1,NORMAL,12.6,1010.4,90.0,HEALTHY,replay,0.2,0.0
2025-01-16T22:00:00+00:00,AWS-VAR-101,12.9,1010.7,92.0,False,,low,0.1,NORMAL,12.2,1010.6,91.0,HEALTHY,replay,0.1,0.0
2025-01-16T23:00:00+00:00,AWS-VAR-101,12.2,1010.4,94.0,False,,low,0.1,NORMAL,11.6,1010.4,94.0,HEALTHY,replay,0.1,0.0
2025-01-17T00:00:00+00:00,AWS-VAR-101,11.5,1010.0,95.0,False,,low,0.1,NORMAL,11.1,1010.1,96.0,HEALTHY,replay,0.2,0.0
2025-01-17T01:00:00+00:00,AWS-VAR-101,11.4,1009.7,97.0,False,,low,0.1,NORMAL,10.8,1009.7,97.0,HEALTHY,replay,0.2,0.0
2025-01-17T02:00:00+00:00,AWS-VAR-101,11.2,1009.2,98.0,False,,low,0.1,NORMAL,10.7,1009.2,97.0,HEALTHY,replay,0.2,0.0
2025-01-17T03:00:00+00:00,AWS-VAR-101,11.0,1008.6,98.0,False,,low,0.2,NORMAL,10.5,1008.6,98.0,HEALTHY,replay,0.3,0.0
2025-01-17T04:00:00+00:00,AWS-VAR-101,11.0,1008.5,98.0,False,,low,0.2,NORMAL,10.3,1008.5,98.0,HEALTHY,replay,0.3,0.0
2025-01-17T05:00:00+00:00,AWS-VAR-101,11.0,1009.0,98.0,False,,low,0.2,NORMAL,10.6,1008.9,98.0,HEALTHY,replay,0.3,0.0
2025-01-17T06:00:00+00:00,AWS-VAR-101,11.4,1010.1,100.0,False,,low,0.2,NORMAL,11.3,1010.1,99.0,HEALTHY,replay,0.3,0.0
2025-01-17T07:00:00+00:00,AWS-VAR-101,11.7,1011.0,99.0,False,,low,0.2,NORMAL,11.8,1011.0,98.0,OFFLINE,replay,0.4,0.0
2025-01-17T08:00:00+00:00,AWS-VAR-101,13.2,1011.1,93.0,False,,low,0.5,NORMAL,13.2,1011.0,93.0,OFFLINE,replay,0.9,0.0
2025-01-17T09:00:00+00:00,AWS-VAR-101,15.0,1011.3,87.0,False,,low,7.5,NORMAL,15.0,1011.3,87.0,OFFLINE,replay,12.5,0.0
2025-01-17T10:00:00+00:00,AWS-VAR-101,16.9,1011.2,79.0,False,,low,18.0,NORMAL,16.8,1011.2,81.0,HEALTHY,replay,30.1,0.0
2025-01-17T11:00:00+00:00,AWS-VAR-101,18.6,1010.2,72.0,False,,low,7.9,NORMAL,18.5,1010.0,74.0,OFFLINE,replay,13.1,0.0
2025-01-17T12:00:00+00:00,AWS-VAR-101,19.9,1009.0,66.0,False,,low,29.5,NORMAL,19.8,1008.9,65.0,OFFLINE,replay,49.2,0.0
2025-01-17T13:00:00+00:00,AWS-VAR-101,20.7,1007.7,61.0,False,,low,43.0,NORMAL,20.6,1007.5,61.0,OFFLINE,replay,71.7,0.0
2025-01-17T14:00:00+00:00,AWS-VAR-101,21.0,1006.8,59.0,False,,low,47.6,NORMAL,21.1,1006.7,58.0,OFFLINE,replay,79.4,0.0
2025-01-17T15:00:00+00:00,AWS-VAR-101,20.8,1006.3,59.0,True,unstructured_anomaly,critical,90.3,ML_MODEL_ISOLATION,21.1,1006.3,58.0,OFFLINE,replay,90.3,0.0
2025-01-17T16:00:00+00:00,AWS-VAR-101,19.8,1006.5,66.0,False,,low,47.5,NORMAL,20.1,1006.4,68.0,OFFLINE,replay,79.1,0.0
2025-01-17T17:00:00+00:00,AWS-VAR-101,17.8,1006.6,74.0,False,,low,47.2,NORMAL,17.7,1006.5,77.0,OFFLINE,replay,78.6,0.0
2025-01-17T18:00:00+00:00,AWS-VAR-101,16.9,1007.1,76.0,False,,low,44.1,NORMAL,16.8,1007.1,78.0,OFFLINE,replay,73.5,0.0
2025-01-17T19:00:00+00:00,AWS-VAR-101,16.2,1007.5,80.0,False,,low,40.2,NORMAL,15.9,1007.5,79.0,OFFLINE,replay,67.0,0.0
2025-01-17T20:00:00+00:00,AWS-VAR-101,15.3,1008.1,83.0,False,,low,32.2,NORMAL,15.0,1008.1,82.0,OFFLINE,replay,53.6,0.0
2025-01-17T21:00:00+00:00,AWS-VAR-101,14.6,1008.5,85.0,False,,low,28.0,NORMAL,14.4,1008.5,86.0,HEALTHY,replay,46.6,0.0
2025-01-17T22:00:00+00:00,AWS-VAR-101,13.9,1008.9,88.0,False,,low,2.1,NORMAL,14.1,1008.9,87.0,OFFLINE,replay,3.5,0.0
2025-01-17T23:00:00+00:00,AWS-VAR-101,13.4,1008.7,90.0,False,,low,3.9,NORMAL,13.5,1008.7,89.0,OFFLINE,replay,6.6,0.0
2025-01-18T00:00:00+00:00,AWS-VAR-101,12.9,1008.3,91.0,False,,low,9.2,NORMAL,12.8,1008.3,91.0,OFFLINE,replay,15.3,0.0
2025-01-18T01:00:00+00:00,AWS-VAR-101,12.4,1008.0,92.0,False,,low,17.0,NORMAL,12.3,1008.0,92.0,HEALTHY,replay,28.3,0.0
2025-01-18T02:00:00+00:00,AWS-VAR-101,12.0,1007.6,93.0,False,,low,16.7,NORMAL,12.0,1007.6,93.0,WARNING,replay,27.9,0.0
2025-01-18T03:00:00+00:00,AWS-VAR-101,11.7,1007.4,94.0,False,,low,4.5,NORMAL,11.6,1007.4,94.0,WARNING,replay,7.5,0.0
2025-01-18T04:00:00+00:00,AWS-VAR-101,11.3,1007.5,95.0,False,,low,2.8,NORMAL,11.3,1007.5,94.0,WARNING,replay,4.6,0.0
2025-01-18T05:00:00+00:00,AWS-VAR-101,10.9,1007.5,96.0,False,,low,2.8,NORMAL,10.9,1007.5,95.0,WARNING,replay,4.7,0.0
2025-01-18T06:00:00+00:00,AWS-VAR-101,11.0,1008.4,98.0,False,,low,2.2,NORMAL,10.9,1008.3,96.0,WARNING,replay,3.7,0.0
2025-01-18T07:00:00+00:00,AWS-VAR-101,11.3,1009.2,98.0,False,,low,2.0,NORMAL,11.2,1009.2,97.0,WARNING,replay,3.3,0.0
2025-01-18T08:00:00+00:00,AWS-VAR-101,13.1,1010.3,93.0,False,,low,4.8,NORMAL,13.1,1010.2,92.0,WARNING,replay,8.0,0.0
2025-01-18T09:00:00+00:00,AWS-VAR-101,15.6,1011.0,85.0,False,,low,3.9,NORMAL,15.5,1011.0,85.0,WARNING,replay,6.5,0.0
2025-01-18T10:00:00+00:00,AWS-VAR-101,18.0,1011.1,73.0,False,,low,8.4,NORMAL,17.7,1011.0,76.0,WARNING,replay,13.9,0.0
2025-01-18T11:00:00+00:00,AWS-VAR-101,19.6,1010.1,63.0,False,,low,35.6,NORMAL,19.3,1010.1,66.0,WARNING,replay,59.3,0.0
2025-01-18T12:00:00+00:00,AWS-VAR-101,20.6,1008.9,59.0,False,,low,21.9,NORMAL,20.2,1008.8,62.0,WARNING,replay,36.5,0.0
2025-01-18T13:00:00+00:00,AWS-VAR-101,21.1,1007.4,58.0,False,,low,29.7,NORMAL,20.8,1007.4,60.0,WARNING,replay,49.5,0.0
2025-01-18T14:00:00+00:00,AWS-VAR-101,21.2,1006.4,56.0,False,,low,39.5,NORMAL,20.9,1006.3,59.0,WARNING,replay,65.8,0.0
2025-01-18T15:00:00+00:00,AWS-VAR-101,20.7,1005.9,57.0,False,,low,29.0,NORMAL,20.6,1005.9,60.0,HEALTHY,replay,48.3,0.0
2025-01-18T16:00:00+00:00,AWS-VAR-101,19.6,1006.0,64.0,False,,low,9.4,NORMAL,19.6,1005.9,67.0,HEALTHY,replay,15.6,0.0
2025-01-18T17:00:00+00:00,AWS-VAR-101,16.6,1005.8,78.0,False,,low,13.3,NORMAL,17.0,1005.8,76.0,HEALTHY,replay,22.1,0.0
2025-01-18T18:00:00+00:00,AWS-VAR-101,16.7,1006.6,76.0,False,,low,4.6,NORMAL,16.3,1006.6,77.0,HEALTHY,replay,7.7,0.0
2025-01-18T19:00:00+00:00,AWS-VAR-101,15.6,1007.0,79.0,False,,low,1.2,NORMAL,15.8,1007.1,77.0,HEALTHY,replay,1.9,0.0
2025-01-18T20:00:00+00:00,AWS-VAR-101,14.1,1007.3,85.0,False,,low,0.6,NORMAL,14.8,1007.3,80.0,HEALTHY,replay,1.1,0.0
2025-01-18T21:00:00+00:00,AWS-VAR-101,13.0,1007.3,88.0,False,,low,0.4,NORMAL,13.4,1007.4,86.0,HEALTHY,replay,0.6,0.0
2025-01-18T22:00:00+00:00,AWS-VAR-101,12.7,1007.4,89.0,False,,low,0.3,NORMAL,12.6,1007.4,88.0,HEALTHY,replay,0.4,0.0
2025-01-18T23:00:00+00:00,AWS-VAR-101,12.5,1007.4,91.0,False,,low,0.7,NORMAL,12.1,1007.4,90.0,HEALTHY,replay,1.2,0.0
2025-01-19T00:00:00+00:00,AWS-VAR-101,11.9,1007.1,92.0,False,,low,0.2,NORMAL,11.6,1007.0,92.0,HEALTHY,replay,0.3,0.0
2025-01-19T01:00:00+00:00,AWS-VAR-101,11.4,1006.9,93.0,False,,low,0.1,NORMAL,11.2,1006.9,94.0,HEALTHY,replay,0.2,0.0
2026-09-22T08:30:00+00:00,AWS-VAR-101,31.6,995.5,73.0,False,,low,0.0,NORMAL,32.2,995.5,70.0,HEALTHY,live,,0.0
2025-01-01T00:00:00+00:00,AWS-VAR-101,11.0,1009.0,96.0,False,,low,0.0,NORMAL,10.9,1008.9,95.0,HEALTHY,replay,,0.0
2025-01-01T01:00:00+00:00,AWS-VAR-101,10.1,1008.4,97.0,False,,low,0.0,NORMAL,10.2,1008.4,96.0,HEALTHY,replay,,0.0
2025-01-01T02:00:00+00:00,AWS-VAR-101,10.0,1008.1,98.0,False,,low,0.0,NORMAL,10.1,1008.1,96.0,HEALTHY,replay,,0.0
2025-01-01T03:00:00+00:00,AWS-VAR-101,9.4,1007.7,99.0,False,,low,0.0,NORMAL,9.8,1007.6,97.0,HEALTHY,replay,,0.0
2025-01-01T04:00:00+00:00,AWS-VAR-101,9.4,1007.6,100.0,False,,low,0.0,NORMAL,9.6,1007.6,97.0,HEALTHY,replay,,0.0
2025-01-01T05:00:00+00:00,AWS-VAR-101,9.4,1007.7,100.0,False,,low,0.0,NORMAL,9.5,1007.6,98.0,HEALTHY,replay,,0.0
2025-01-01T06:00:00+00:00,AWS-VAR-101,10.2,1009.3,99.0,False,,low,0.0,NORMAL,9.9,1009.3,98.0,HEALTHY,replay,,0.0
2025-01-01T07:00:00+00:00,AWS-VAR-101,10.6,1009.9,99.0,False,,low,0.0,NORMAL,10.3,1009.9,98.0,HEALTHY,replay,,0.0
2025-01-01T08:00:00+00:00,AWS-VAR-101,12.4,1010.6,90.0,False,,low,0.0,NORMAL,12.0,1010.6,91.0,HEALTHY,replay,,0.0
2025-01-01T09:00:00+00:00,AWS-VAR-101,14.3,1010.9,77.0,False,,low,0.0,NORMAL,13.9,1010.9,81.0,HEALTHY,replay,,0.0
2025-01-01T10:00:00+00:00,AWS-VAR-101,15.8,1010.6,65.0,False,,low,0.0,NORMAL,15.5,1010.6,69.0,HEALTHY,replay,,0.0
2025-01-01T11:00:00+00:00,AWS-VAR-101,16.7,1009.8,62.0,False,,low,0.0,NORMAL,16.5,1009.9,63.0,HEALTHY,replay,,0.0
2025-01-01T12:00:00+00:00,AWS-VAR-101,17.5,1008.8,59.0,False,,low,0.0,NORMAL,17.3,1008.7,61.0,HEALTHY,replay,,0.0
2025-01-01T13:00:00+00:00,AWS-VAR-101,18.1,1007.3,58.0,False,,low,0.0,NORMAL,17.9,1007.2,60.0,HEALTHY,replay,,0.0
2025-01-01T14:00:00+00:00,AWS-VAR-101,18.4,1006.3,58.0,False,,low,0.0,NORMAL,18.2,1006.3,60.0,HEALTHY,replay,,0.0
2025-01-01T15:00:00+00:00,AWS-VAR-101,18.1,1006.1,59.0,False,,low,0.0,NORMAL,18.0,1006.0,61.0,HEALTHY,replay,,0.0
2025-01-01T16:00:00+00:00,AWS-VAR-101,17.2,1006.0,64.0,False,,low,0.0,NORMAL,17.1,1006.0,67.0,HEALTHY,replay,,0.0
2025-01-01T17:00:00+00:00,AWS-VAR-101,14.8,1006.1,76.0,False,,low,0.0,NORMAL,14.5,1006.1,77.0,HEALTHY,replay,,0.0
2025-01-01T18:00:00+00:00,AWS-VAR-101,12.9,1007.8,83.0,False,,low,0.0,NORMAL,12.4,1007.8,84.0,HEALTHY,replay,,0.0
2025-01-01T19:00:00+00:00,AWS-VAR-101,12.4,1008.0,87.0,False,,low,0.0,NORMAL,11.6,1008.1,87.0,HEALTHY,replay,,0.0
2025-01-01T20:00:00+00:00,AWS-VAR-101,11.9,1008.7,89.0,False,,low,0.0,NORMAL,11.4,1008.7,89.0,HEALTHY,replay,,0.0
2025-01-01T21:00:00+00:00,AWS-VAR-101,11.1,1008.5,92.0,False,,low,0.0,NORMAL,10.7,1008.6,92.0,HEALTHY,replay,,0.0
2025-01-01T22:00:00+00:00,AWS-VAR-101,10.4,1008.4,93.0,False,,low,0.0,NORMAL,10.2,1008.4,93.0,HEALTHY,replay,,0.0
2025-01-01T23:00:00+00:00,AWS-VAR-101,10.1,1008.3,94.0,False,,low,0.0,NORMAL,9.7,1008.2,94.0,HEALTHY,replay,,0.0
2025-01-02T00:00:00+00:00,AWS-VAR-101,9.9,1007.9,95.0,False,,low,0.5,NORMAL,9.5,1007.9,95.0,HEALTHY,replay,0.8,0.0
2025-01-02T01:00:00+00:00,AWS-VAR-101,9.7,1007.5,96.0,False,,low,0.3,NORMAL,9.4,1007.4,95.0,HEALTHY,replay,0.5,0.0
2025-01-02T02:00:00+00:00,AWS-VAR-101,9.8,1006.9,97.0,False,,low,0.3,NORMAL,9.3,1006.9,96.0,HEALTHY,replay,0.5,0.0
2025-01-02T03:00:00+00:00,AWS-VAR-101,9.6,1006.5,98.0,False,,low,0.5,NORMAL,9.3,1006.4,96.0,HEALTHY,replay,0.9,0.0
2025-01-02T04:00:00+00:00,AWS-VAR-101,9.4,1006.6,98.0,False,,low,0.4,NORMAL,9.2,1006.6,96.0,HEALTHY,replay,0.7,0.0
2025-01-02T05:00:00+00:00,AWS-VAR-101,9.3,1007.0,98.0,False,,low,0.5,NORMAL,9.0,1006.9,97.0,HEALTHY,replay,0.8,0.0
2025-01-02T06:00:00+00:00,AWS-VAR-101,9.4,1008.6,99.0,False,,low,0.8,NORMAL,9.1,1008.6,97.0,HEALTHY,replay,1.3,0.0
2025-01-02T07:00:00+00:00,AWS-VAR-101,9.8,1009.4,99.0,False,,low,1.3,NORMAL,9.6,1009.4,98.0,HEALTHY,replay,2.1,0.0
2025-01-02T08:00:00+00:00,AWS-VAR-101,11.4,1010.1,93.0,False,,low,1.4,NORMAL,11.1,1010.1,93.0,HEALTHY,replay,2.3,0.0
2025-01-02T09:00:00+00:00,AWS-VAR-101,13.3,1010.5,85.0,False,,low,1.4,NORMAL,13.2,1010.5,86.0,HEALTHY,replay,2.3,0.0
2025-01-02T10:00:00+00:00,AWS-VAR-101,15.4,1010.2,75.0,False,,low,2.5,NORMAL,15.3,1010.2,77.0,HEALTHY,replay,4.2,0.0
2025-01-02T11:00:00+00:00,AWS-VAR-101,17.2,1009.5,63.0,False,,low,6.3,NORMAL,17.6,1009.5,62.0,HEALTHY,replay,10.6,0.0
2025-01-02T12:00:00+00:00,AWS-VAR-101,17.9,1008.6,61.0,False,,low,3.0,NORMAL,18.2,1008.6,62.0,HEALTHY,replay,5.0,0.0
2025-01-02T13:00:00+00:00,AWS-VAR-101,18.7,1007.5,57.0,False,,low,3.6,NORMAL,18.7,1007.5,60.0,HEALTHY,replay,6.0,0.0
2025-01-02T14:00:00+00:00,AWS-VAR-101,19.0,1006.7,58.0,False,,low,2.2,NORMAL,18.9,1006.7,61.0,HEALTHY,replay,3.7,0.0
2025-01-02T15:00:00+00:00,AWS-VAR-101,18.8,1006.2,60.0,False,,low,1.1,NORMAL,18.7,1006.2,63.0,HEALTHY,replay,1.9,0.0
2025-01-02T16:00:00+00:00,AWS-VAR-101,17.9,1006.6,66.0,False,,low,0.5,NORMAL,17.7,1006.5,69.0,HEALTHY,replay,0.8,0.0
2025-01-02T17:00:00+00:00,AWS-VAR-101,15.6,1006.7,79.0,False,,low,0.8,NORMAL,15.7,1006.7,76.0,HEALTHY,replay,1.3,0.0
2025-01-02T18:00:00+00:00,AWS-VAR-101,14.8,1007.9,80.0,False,,low,0.4,NORMAL,14.3,1007.9,80.0,HEALTHY,replay,0.6,0.0
2025-01-02T19:00:00+00:00,AWS-VAR-101,14.1,1008.3,83.0,False,,low,0.3,NORMAL,13.5,1008.4,84.0,HEALTHY,replay,0.5,0.0
2025-01-02T20:00:00+00:00,AWS-VAR-101,13.2,1008.8,87.0,False,,low,0.2,NORMAL,12.9,1008.8,88.0,HEALTHY,replay,0.3,0.0
2025-01-02T21:00:00+00:00,AWS-VAR-101,12.6,1009.0,90.0,False,,low,0.1,NORMAL,12.1,1008.9,91.0,HEALTHY,replay,0.2,0.0
2025-01-02T22:00:00+00:00,AWS-VAR-101,11.9,1008.8,93.0,False,,low,0.1,NORMAL,11.3,1008.8,93.0,HEALTHY,replay,0.2,0.0
2025-01-02T23:00:00+00:00,AWS-VAR-101,11.2,1008.2,95.0,False,,low,0.1,NORMAL,10.7,1008.3,94.0,HEALTHY,replay,0.2,0.0
2025-01-03T00:00:00+00:00,AWS-VAR-101,10.5,1007.7,97.0,False,,low,0.1,NORMAL,10.2,1007.8,95.0,HEALTHY,replay,0.2,0.0
2025-01-03T01:00:00+00:00,AWS-VAR-101,10.1,1007.5,97.0,False,,low,0.1,NORMAL,9.9,1007.5,96.0,HEALTHY,replay,0.2,0.0
2025-01-03T02:00:00+00:00,AWS-VAR-101,9.7,1007.2,98.0,False,,low,0.1,NORMAL,9.7,1007.2,97.0,HEALTHY,replay,0.2,0.0
2025-01-03T03:00:00+00:00,AWS-VAR-101,9.4,1006.9,100.0,False,,low,0.2,NORMAL,9.3,1006.9,98.0,HEALTHY,replay,0.3,0.0
2025-01-03T04:00:00+00:00,AWS-VAR-101,8.9,1007.1,100.0,False,,low,0.2,NORMAL,8.9,1007.1,99.0,HEALTHY,replay,0.4,0.0
2025-01-03T05:00:00+00:00,AWS-VAR-101,9.2,1007.5,100.0,False,,low,0.4,NORMAL,9.1,1007.5,99.0,HEALTHY,replay,0.7,0.0
2025-01-03T06:00:00+00:00,AWS-VAR-101,9.1,1008.9,100.0,False,,low,0.3,NORMAL,8.9,1008.9,100.0,HEALTHY,replay,0.5,0.0
2025-01-03T07:00:00+00:00,AWS-VAR-101,9.4,1009.4,100.0,False,,low,0.4,NORMAL,9.3,1009.4,99.0,HEALTHY,replay,0.6,0.0
2025-01-03T08:00:00+00:00,AWS-VAR-101,10.9,1010.2,99.0,False,,low,0.9,NORMAL,11.2,1010.2,97.0,HEALTHY,replay,1.5,0.0
2025-01-03T09:00:00+00:00,AWS-VAR-101,13.3,1010.4,90.0,False,,low,1.2,NORMAL,13.7,1010.4,89.0,HEALTHY,replay,2.0,0.0
2025-01-03T10:00:00+00:00,AWS-VAR-101,15.9,1010.1,78.0,False,,low,1.6,NORMAL,16.4,1010.1,80.0,HEALTHY,replay,2.7,0.0
2025-01-03T11:00:00+00:00,AWS-VAR-101,17.8,1009.2,68.0,False,,low,2.0,NORMAL,18.1,1009.1,71.0,HEALTHY,replay,3.4,0.0
2025-01-03T12:00:00+00:00,AWS-VAR-101,18.9,1007.8,64.0,False,,low,1.9,NORMAL,19.2,1007.8,67.0,HEALTHY,replay,3.2,0.0
2025-01-03T13:00:00+00:00,AWS-VAR-101,19.7,1006.7,62.0,False,,low,3.2,NORMAL,20.0,1006.7,65.0,HEALTHY,replay,5.4,0.0
2025-01-03T14:00:00+00:00,AWS-VAR-101,20.0,1006.0,63.0,False,,low,2.2,NORMAL,20.3,1006.0,64.0,HEALTHY,replay,3.7,0.0
2025-01-03T15:00:00+00:00,AWS-VAR-101,19.8,1005.7,64.0,False,,low,0.8,NORMAL,20.0,1005.7,65.0,HEALTHY,replay,1.3,0.0
2025-01-03T16:00:00+00:00,AWS-VAR-101,18.9,1005.6,70.0,False,,low,0.4,NORMAL,18.8,1005.6,75.0,HEALTHY,replay,0.7,0.0
2025-01-03T17:00:00+00:00,AWS-VAR-101,16.3,1005.5,82.0,False,,low,1.2,NORMAL,16.5,1005.6,81.0,HEALTHY,replay,2.0,0.0
2025-01-03T18:00:00+00:00,AWS-VAR-101,14.3,1006.9,88.0,False,,low,0.8,NORMAL,13.9,1006.9,89.0,HEALTHY,replay,1.4,0.0
2025-01-03T19:00:00+00:00,AWS-VAR-101,13.4,1007.2,91.0,False,,low,0.5,NORMAL,13.2,1007.2,91.0,HEALTHY,replay,0.8,0.0
2025-01-03T20:00:00+00:00,AWS-VAR-101,12.7,1007.3,92.0,False,,low,0.2,NORMAL,12.9,1007.3,92.0,HEALTHY,replay,0.3,0.0
2025-01-03T21:00:00+00:00,AWS-VAR-101,12.4,1007.2,93.0,False,,low,0.2,NORMAL,12.4,1007.2,94.0,HEALTHY,replay,0.3,0.0
2025-01-03T22:00:00+00:00,AWS-VAR-101,11.7,1007.3,96.0,False,,low,0.1,NORMAL,11.4,1007.3,96.0,HEALTHY,replay,0.2,0.0
2025-01-03T23:00:00+00:00,AWS-VAR-101,10.7,1007.0,99.0,False,,low,0.3,NORMAL,10.3,1007.1,98.0,HEALTHY,replay,0.4,0.0
2025-01-04T00:00:00+00:00,AWS-VAR-101,10.5,1006.7,100.0,False,,low,0.2,NORMAL,9.9,1006.7,100.0,HEALTHY,replay,0.4,0.0
2025-01-04T01:00:00+00:00,AWS-VAR-101,10.0,1006.2,100.0,False,,low,0.2,NORMAL,9.7,1006.2,100.0,HEALTHY,replay,0.3,0.0
2025-01-04T02:00:00+00:00,AWS-VAR-101,9.5,1005.7,100.0,False,,low,0.2,NORMAL,9.3,1004.7,100.0,HEALTHY,replay,0.3,0.0
2025-01-04T03:00:00+00:00,AWS-VAR-101,9.4,1005.4,100.0,False,,low,0.2,NORMAL,8.9,1004.4,100.0,HEALTHY,replay,0.4,0.0
2025-01-04T04:00:00+00:00,AWS-VAR-101,9.7,1005.5,100.0,False,,low,0.3,NORMAL,8.9,1004.5,100.0,HEALTHY,replay,0.5,0.0
2025-01-04T05:00:00+00:00,AWS-VAR-101,9.4,1005.9,100.0,False,,low,0.3,NORMAL,9.3,1004.9,100.0,HEALTHY,replay,0.6,0.0
2025-01-04T06:00:00+00:00,AWS-VAR-101,10.1,1007.1,100.0,False,,low,0.5,NORMAL,10.0,1007.2,98.0,HEALTHY,replay,0.9,0.0
2025-01-04T07:00:00+00:00,AWS-VAR-101,10.1,1007.9,99.0,False,,low,0.5,NORMAL,10.2,1007.9,98.0,HEALTHY,replay,0.8,0.0
2025-01-04T08:00:00+00:00,AWS-VAR-101,11.1,1008.8,98.0,False,,low,0.3,NORMAL,11.4,1008.8,98.0,HEALTHY,replay,0.5,0.0
2025-01-04T09:00:00+00:00,AWS-VAR-101,12.7,1009.3,96.0,False,,low,0.5,NORMAL,12.7,1009.3,97.0,HEALTHY,replay,0.9,0.0
2025-01-04T10:00:00+00:00,AWS-VAR-101,14.7,1009.1,87.0,False,,low,1.1,NORMAL,14.0,1009.1,89.0,HEALTHY,replay,1.8,0.0
2025-01-04T11:00:00+00:00,AWS-VAR-101,17.1,1008.2,74.0,False,,low,1.6,NORMAL,16.3,1008.1,82.0,HEALTHY,replay,2.7,0.0
2025-01-04T12:00:00+00:00,AWS-VAR-101,18.4,1007.0,69.0,False,,low,1.8,NORMAL,17.8,1006.9,71.0,HEALTHY,replay,3.1,0.0
2025-01-04T13:00:00+00:00,AWS-VAR-101,19.0,1005.7,67.0,False,,low,2.2,NORMAL,18.5,1005.7,70.0,HEALTHY,replay,3.7,0.0
2025-01-04T14:00:00+00:00,AWS-VAR-101,19.2,1004.8,66.0,False,,low,1.8,NORMAL,18.9,1004.8,70.0,HEALTHY,replay,3.1,0.0
2025-01-04T15:00:00+00:00,AWS-VAR-101,19.0,1004.4,67.0,False,,low,1.4,NORMAL,18.8,1004.4,69.0,HEALTHY,replay,2.4,0.0
2025-01-04T16:00:00+00:00,AWS-VAR-101,18.2,1004.3,72.0,False,,low,0.4,NORMAL,18.2,1004.3,76.0,HEALTHY,replay,0.7,0.0
2025-01-04T17:00:00+00:00,AWS-VAR-101,15.8,1004.5,82.0,False,,low,0.6,NORMAL,15.8,1004.6,84.0,HEALTHY,replay,1.0,0.0
2025-01-04T18:00:00+00:00,AWS-VAR-101,13.0,1006.1,91.0,False,,low,4.4,NORMAL,12.8,1006.2,90.0,HEALTHY,replay,7.3,0.0
2025-01-04T19:00:00+00:00,AWS-VAR-101,12.1,1006.6,94.0,False,,low,1.0,NORMAL,11.8,1006.7,92.0,HEALTHY,replay,1.6,0.0
2025-01-04T20:00:00+00:00,AWS-VAR-101,11.5,1007.1,95.0,False,,low,0.3,NORMAL,11.5,1007.2,92.0,HEALTHY,replay,0.4,0.0
2025-01-04T21:00:00+00:00,AWS-VAR-101,11.1,1007.3,96.0,False,,low,0.2,NORMAL,10.9,1007.3,93.0,HEALTHY,replay,0.3,0.0
2025-01-04T22:00:00+00:00,AWS-VAR-101,10.7,1007.3,99.0,False,,low,0.2,NORMAL,10.1,1007.3,95.0,HEALTHY,replay,0.3,0.0
2025-01-04T23:00:00+00:00,AWS-VAR-101,10.2,1007.0,100.0,False,,low,0.2,NORMAL,9.5,1007.1,97.0,HEALTHY,replay,0.4,0.0
2025-01-05T00:00:00+00:00,AWS-VAR-101,9.8,1006.5,100.0,False,,low,0.4,NORMAL,8.8,1006.5,100.0,HEALTHY,replay,0.6,0.0
2025-01-05T01:00:00+00:00,AWS-VAR-101,9.6,1006.2,100.0,False,,low,0.2,NORMAL,8.9,1006.2,100.0,HEALTHY,replay,0.4,0.0
2025-01-05T02:00:00+00:00,AWS-VAR-101,9.6,1005.7,100.0,False,,low,0.3,NORMAL,9.1,1005.7,100.0,HEALTHY,replay,0.5,0.0
2025-01-05T03:00:00+00:00,AWS-VAR-101,9.7,1005.6,100.0,False,,low,0.2,NORMAL,8.9,1005.6,100.0,HEALTHY,replay,0.4,0.0
2025-01-05T04:00:00+00:00,AWS-VAR-101,9.7,1005.4,100.0,False,,low,0.3,NORMAL,8.9,1005.4,100.0,HEALTHY,replay,0.5,0.0
2025-01-05T05:00:00+00:00,AWS-VAR-101,9.6,1005.8,100.0,False,,low,0.5,NORMAL,9.0,1005.8,100.0,HEALTHY,replay,0.8,0.0
2025-01-05T06:00:00+00:00,AWS-VAR-101,9.7,1007.4,100.0,False,,low,0.5,NORMAL,8.5,1007.3,98.0,HEALTHY,replay,0.8,0.0
2025-01-05T07:00:00+00:00,AWS-VAR-101,10.0,1008.1,100.0,False,,low,0.5,NORMAL,8.9,1008.1,99.0,HEALTHY,replay,0.8,0.0
2025-01-05T08:00:00+00:00,AWS-VAR-101,10.5,1009.0,98.0,False,,low,0.6,NORMAL,10.0,1009.0,97.0,HEALTHY,replay,1.0,0.0
2025-01-05T09:00:00+00:00,AWS-VAR-101,11.5,1009.6,97.0,False,,low,1.0,NORMAL,11.2,1009.7,97.0,HEALTHY,replay,1.6,0.0
2025-01-05T10:00:00+00:00,AWS-VAR-101,13.9,1009.3,86.0,False,,low,1.3,NORMAL,14.0,1009.3,87.0,HEALTHY,replay,2.1,0.0
2025-01-05T11:00:00+00:00,AWS-VAR-101,16.7,1008.4,78.0,False,,low,2.5,NORMAL,16.4,1008.4,81.0,HEALTHY,replay,4.1,0.0
2025-01-05T12:00:00+00:00,AWS-VAR-101,18.2,1007.1,72.0,False,,low,5.7,NORMAL,17.7,1007.1,77.0,HEALTHY,replay,9.5,0.0
2025-01-05T13:00:00+00:00,AWS-VAR-101,19.4,1005.9,68.0,False,,low,4.2,NORMAL,18.8,1006.0,74.0,HEALTHY,replay,7.1,0.0
2025-01-05T14:00:00+00:00,AWS-VAR-101,19.6,1005.3,69.0,False,,low,3.2,NORMAL,19.1,1005.3,72.0,HEALTHY,replay,5.4,0.0
2025-01-05T15:00:00+00:00,AWS-VAR-101,19.5,1005.0,70.0,False,,low,2.5,NORMAL,19.1,1004.9,73.0,HEALTHY,replay,4.1,0.0
2025-01-05T16:00:00+00:00,AWS-VAR-101,18.6,1004.6,75.0,False,,low,0.8,NORMAL,18.3,1004.7,77.0,HEALTHY,replay,1.3,0.0
2025-01-05T17:00:00+00:00,AWS-VAR-101,16.7,1004.9,84.0,False,,low,0.9,NORMAL,16.4,1004.9,85.0,HEALTHY,replay,1.4,0.0
2025-01-05T18:00:00+00:00,AWS-VAR-101,14.9,1006.1,93.0,False,,low,1.0,NORMAL,14.5,1006.1,93.0,HEALTHY,replay,1.7,0.0
2025-01-05T19:00:00+00:00,AWS-VAR-101,14.4,1006.5,94.0,False,,low,0.6,NORMAL,14.0,1006.5,95.0,HEALTHY,replay,1.0,0.0
2025-01-05T20:00:00+00:00,AWS-VAR-101,14.0,1007.0,95.0,False,,low,0.4,NORMAL,13.7,1007.0,96.0,HEALTHY,replay,0.6,0.0
2025-01-05T21:00:00+00:00,AWS-VAR-101,13.5,1007.0,96.0,False,,low,0.3,NORMAL,12.9,1007.1,96.0,HEALTHY,replay,0.4,0.0
2025-01-05T22:00:00+00:00,AWS-VAR-101,13.4,1006.5,97.0,False,,low,0.4,NORMAL,12.8,1006.6,96.0,HEALTHY,replay,0.6,0.0
2025-01-05T23:00:00+00:00,AWS-VAR-101,13.0,1006.0,98.0,False,,low,0.9,NORMAL,12.5,1006.0,96.0,HEALTHY,replay,1.5,0.0
2025-01-06T00:00:00+00:00,AWS-VAR-101,13.1,1005.3,98.0,False,,low,1.3,NORMAL,12.2,1005.5,97.0,HEALTHY,replay,2.1,0.0
2025-01-06T01:00:00+00:00,AWS-VAR-101,12.2,1005.6,99.0,False,,low,0.4,NORMAL,12.2,1005.6,98.0,HEALTHY,replay,0.7,0.0
2025-01-06T02:00:00+00:00,AWS-VAR-101,12.5,1005.2,99.0,False,,low,0.8,NORMAL,12.4,1005.2,98.0,HEALTHY,replay,1.4,0.0
2025-01-06T03:00:00+00:00,AWS-VAR-101,12.7,1004.6,98.0,False,,low,0.9,NORMAL,12.3,1004.6,98.0,HEALTHY,replay,1.5,0.0
2025-01-06T04:00:00+00:00,AWS-VAR-101,12.5,1004.7,98.0,False,,low,0.7,NORMAL,12.1,1004.7,98.0,HEALTHY,replay,1.1,0.0
2025-01-06T05:00:00+00:00,AWS-VAR-101,12.4,1005.1,98.0,False,,low,1.0,NORMAL,12.2,1005.0,97.0,HEALTHY,replay,1.7,0.0
2025-01-06T06:00:00+00:00,AWS-VAR-101,12.0,1005.9,99.0,False,,low,0.5,NORMAL,11.9,1005.9,99.0,HEALTHY,replay,0.9,0.0
2025-01-06T07:00:00+00:00,AWS-VAR-101,12.5,1006.6,100.0,False,,low,0.7,NORMAL,12.5,1006.6,99.0,HEALTHY,replay,1.2,0.0
2025-01-06T08:00:00+00:00,AWS-VAR-101,13.4,1007.2,97.0,False,,low,1.4,NORMAL,13.5,1007.1,96.0,HEALTHY,replay,2.4,0.0
2025-01-06T09:00:00+00:00,AWS-VAR-101,15.8,1007.9,88.0,False,,low,4.7,NORMAL,15.7,1007.9,90.0,HEALTHY,replay,7.9,0.0
2025-01-06T10:00:00+00:00,AWS-VAR-101,17.9,1007.6,82.0,False,,low,6.8,NORMAL,17.6,1007.7,83.0,HEALTHY,replay,11.4,0.0
2025-01-06T11:00:00+00:00,AWS-VAR-101,19.8,1006.8,76.0,False,,low,8.5,NORMAL,20.0,1006.8,74.0,HEALTHY,replay,14.2,0.0
2025-01-06T12:00:00+00:00,AWS-VAR-101,21.2,1005.5,72.0,False,,low,10.4,NORMAL,20.8,1005.5,73.0,HEALTHY,replay,17.3,0.0
2025-01-06T13:00:00+00:00,AWS-VAR-101,22.2,1004.2,69.0,False,,low,12.8,NORMAL,21.8,1004.2,72.0,HEALTHY,replay,21.3,0.0
2025-01-06T14:00:00+00:00,AWS-VAR-101,22.7,1003.4,67.0,False,,low,9.1,NORMAL,22.4,1003.4,71.0,HEALTHY,replay,15.2,0.0
2025-01-06T15:00:00+00:00,AWS-VAR-101,22.6,1003.1,68.0,False,,low,5.0,NORMAL,22.4,1003.1,71.0,HEALTHY,replay,8.4,0.0
2025-01-06T16:00:00+00:00,AWS-VAR-101,21.4,1002.8,81.0,False,,low,6.3,NORMAL,21.4,1002.8,80.0,HEALTHY,replay,10.6,0.0
2025-01-06T17:00:00+00:00,AWS-VAR-101,18.6,1002.8,87.0,False,,low,9.2,NORMAL,18.6,1002.8,88.0,HEALTHY,replay,15.3,0.0
2025-01-06T18:00:00+00:00,AWS-VAR-101,16.5,1003.5,94.0,False,,low,3.1,NORMAL,16.7,1003.4,91.0,HEALTHY,replay,5.1,0.0
2025-01-06T19:00:00+00:00,AWS-VAR-101,16.1,1004.2,94.0,False,,low,0.7,NORMAL,15.7,1004.1,93.0,HEALTHY,replay,1.2,0.0
2025-01-06T20:00:00+00:00,AWS-VAR-101,15.4,1004.7,95.0,False,,low,0.4,NORMAL,14.8,1004.7,95.0,HEALTHY,replay,0.6,0.0
2025-01-06T21:00:00+00:00,AWS-VAR-101,15.1,1005.2,95.0,False,,low,0.2,NORMAL,14.3,1005.2,94.0,HEALTHY,replay,0.4,0.0
2025-01-06T22:00:00+00:00,AWS-VAR-101,14.8,1005.4,95.0,False,,low,0.2,NORMAL,14.1,1005.4,96.0,HEALTHY,replay,0.4,0.0
2025-01-06T23:00:00+00:00,AWS-VAR-101,14.2,1005.4,95.0,False,,low,0.2,NORMAL,13.8,1005.3,96.0,HEALTHY,replay,0.4,0.0
2025-01-07T00:00:00+00:00,AWS-VAR-101,13.6,1005.2,96.0,False,,low,0.3,NORMAL,13.2,1005.1,97.0,HEALTHY,replay,0.5,0.0
2025-01-07T01:00:00+00:00,AWS-VAR-101,13.1,1004.9,98.0,False,,low,0.4,NORMAL,12.7,1004.9,98.0,HEALTHY,replay,0.7,0.0
2025-01-07T02:00:00+00:00,AWS-VAR-101,12.7,1005.0,99.0,False,,low,0.3,NORMAL,12.7,1005.0,98.0,HEALTHY,replay,0.5,0.0
2025-01-07T03:00:00+00:00,AWS-VAR-101,12.4,1005.0,99.0,False,,low,0.5,NORMAL,12.5,1004.9,99.0,HEALTHY,replay,0.8,0.0
2025-01-07T04:00:00+00:00,AWS-VAR-101,12.2,1005.0,100.0,False,,low,0.6,NORMAL,12.2,1005.0,99.0,HEALTHY,replay,1.0,0.0
2025-01-07T05:00:00+00:00,AWS-VAR-101,11.9,1005.6,100.0,False,,low,0.5,NORMAL,12.0,1005.5,99.0,HEALTHY,replay,0.9,0.0
2025-01-07T06:00:00+00:00,AWS-VAR-101,12.6,1006.9,100.0,False,,low,0.6,NORMAL,12.7,1006.8,99.0,HEALTHY,replay,1.0,0.0
2025-01-07T07:00:00+00:00,AWS-VAR-101,12.9,1007.6,99.0,False,,low,0.8,NORMAL,13.0,1007.5,98.0,HEALTHY,replay,1.3,0.0
2025-01-07T08:00:00+00:00,AWS-VAR-101,13.2,1008.5,98.0,False,,low,1.4,NORMAL,13.5,1008.4,96.0,HEALTHY,replay,2.3,0.0
2025-01-07T09:00:00+00:00,AWS-VAR-101,14.2,1009.0,93.0,False,,low,2.6,NORMAL,14.5,1009.0,93.0,HEALTHY,replay,4.3,0.0
2025-01-07T10:00:00+00:00,AWS-VAR-101,15.6,1008.6,85.0,False,,low,3.2,NORMAL,15.8,1008.5,85.0,HEALTHY,replay,5.3,0.0
2025-01-07T11:00:00+00:00,AWS-VAR-101,16.6,1007.8,81.0,False,,low,1.1,NORMAL,17.1,1007.8,79.0,HEALTHY,replay,1.8,0.0
2025-01-07T12:00:00+00:00,AWS-VAR-101,18.0,1006.5,72.0,False,,low,5.9,NORMAL,17.9,1006.5,74.0,HEALTHY,replay,9.8,0.0
2025-01-07T13:00:00+00:00,AWS-VAR-101,18.9,1005.3,64.0,False,,low,9.4,NORMAL,18.8,1005.3,68.0,HEALTHY,replay,15.7,0.0
2025-01-07T14:00:00+00:00,AWS-VAR-101,19.5,1004.5,62.0,False,,low,9.2,NORMAL,19.2,1004.3,65.0,HEALTHY,replay,15.4,0.0
2025-01-07T15:00:00+00:00,AWS-VAR-101,19.1,1003.9,64.0,False,,low,4.3,NORMAL,18.8,1003.8,66.0,HEALTHY,replay,7.1,0.0
2025-01-07T16:00:00+00:00,AWS-VAR-101,18.1,1003.7,70.0,False,,low,1.8,NORMAL,17.9,1003.7,72.0,HEALTHY,replay,3.0,0.0
2025-01-07T17:00:00+00:00,AWS-VAR-101,16.2,1003.8,80.0,False,,low,1.2,NORMAL,16.3,1003.8,80.0,HEALTHY,replay,1.9,0.0
2025-01-07T18:00:00+00:00,AWS-VAR-101,15.0,1005.9,80.0,False,,low,2.3,NORMAL,15.1,1005.9,80.0,HEALTHY,replay,3.9,0.0
2025-01-07T19:00:00+00:00,AWS-VAR-101,15.0,1006.5,80.0,False,,low,1.5,NORMAL,14.9,1006.5,81.0,HEALTHY,replay,2.4,0.0
2025-01-07T20:00:00+00:00,AWS-VAR-101,14.3,1006.7,82.0,False,,low,0.4,NORMAL,14.7,1006.6,80.0,HEALTHY,replay,0.6,0.0
2025-01-07T21:00:00+00:00,AWS-VAR-101,13.1,1006.6,89.0,False,,low,0.3,NORMAL,13.3,1006.6,87.0,HEALTHY,replay,0.5,0.0
2025-01-07T22:00:00+00:00,AWS-VAR-101,12.7,1006.4,91.0,False,,low,0.3,NORMAL,12.5,1006.4,91.0,HEALTHY,replay,0.4,0.0
2025-01-07T23:00:00+00:00,AWS-VAR-101,12.0,1005.9,94.0,False,,low,0.2,NORMAL,11.8,1005.8,93.0,HEALTHY,replay,0.4,0.0
2025-01-08T00:00:00+00:00,AWS-VAR-101,11.5,1005.5,96.0,False,,low,0.1,NORMAL,11.4,1004.5,95.0,HEALTHY,replay,0.2,0.0
2025-01-08T01:00:00+00:00,AWS-VAR-101,11.1,1005.1,97.0,False,,low,0.1,NORMAL,11.1,1005.1,96.0,HEALTHY,replay,0.2,0.0
2025-01-08T02:00:00+00:00,AWS-VAR-101,10.9,1004.6,98.0,False,,low,0.3,NORMAL,10.8,1004.6,97.0,HEALTHY,replay,0.4,0.0
2025-01-08T03:00:00+00:00,AWS-VAR-101,11.1,1004.7,97.0,False,,low,0.3,NORMAL,10.7,1004.7,97.0,HEALTHY,replay,0.4,0.0
2025-01-08T04:00:00+00:00,AWS-VAR-101,11.6,1004.9,96.0,False,,low,0.3,NORMAL,11.2,1004.9,96.0,HEALTHY,replay,0.5,0.0
2025-01-08T05:00:00+00:00,AWS-VAR-101,12.1,1005.2,94.0,False,,low,0.4,NORMAL,11.7,1005.2,95.0,HEALTHY,replay,0.6,0.0
2025-01-08T06:00:00+00:00,AWS-VAR-101,12.1,1006.7,83.0,False,,low,5.2,NORMAL,11.8,1006.6,89.0,HEALTHY,replay,8.6,0.0
2025-01-08T07:00:00+00:00,AWS-VAR-101,11.8,1007.5,83.0,False,,low,1.2,NORMAL,11.6,1007.4,86.0,HEALTHY,replay,1.9,0.0
2025-01-08T08:00:00+00:00,AWS-VAR-101,13.0,1008.6,69.0,False,,low,13.5,NORMAL,12.8,1008.6,75.0,HEALTHY,replay,22.5,0.0
2025-01-08T09:00:00+00:00,AWS-VAR-101,14.1,1009.4,64.0,False,,low,7.0,NORMAL,14.2,1009.4,69.0,HEALTHY,replay,11.6,0.0
2025-01-08T10:00:00+00:00,AWS-VAR-101,15.2,1009.3,63.0,False,,low,3.2,NORMAL,15.4,1009.3,64.0,HEALTHY,replay,5.4,0.0
2025-01-08T11:00:00+00:00,AWS-VAR-101,16.3,1008.7,61.0,False,,low,1.0,NORMAL,16.1,1008.7,63.0,HEALTHY,replay,1.6,0.0
2025-01-08T12:00:00+00:00,AWS-VAR-101,16.8,1007.6,62.0,False,,low,0.8,NORMAL,17.0,1007.5,63.0,HEALTHY,replay,1.3,0.0
2025-01-08T13:00:00+00:00,AWS-VAR-101,17.4,1006.4,59.0,False,,low,1.5,NORMAL,17.3,1006.4,63.0,HEALTHY,replay,2.4,0.0
2025-01-08T14:00:00+00:00,AWS-VAR-101,17.6,1005.6,58.0,False,,low,1.3,NORMAL,17.4,1005.6,62.0,HEALTHY,replay,2.2,0.0
2025-01-08T15:00:00+00:00,AWS-VAR-101,17.3,1005.3,56.0,False,,low,1.3,NORMAL,17.2,1005.3,61.0,HEALTHY,replay,2.2,0.0
2025-01-08T16:00:00+00:00,AWS-VAR-101,16.4,1005.4,60.0,False,,low,0.6,NORMAL,16.4,1005.4,65.0,HEALTHY,replay,1.0,0.0
2025-01-08T17:00:00+00:00,AWS-VAR-101,14.2,1005.7,69.0,False,,low,0.9,NORMAL,14.1,1005.7,72.0,HEALTHY,replay,1.6,0.0
2025-01-08T18:00:00+00:00,AWS-VAR-101,13.4,1006.7,74.0,False,,low,0.8,NORMAL,12.4,1006.7,82.0,HEALTHY,replay,1.3,0.0
2025-01-08T19:00:00+00:00,AWS-VAR-101,12.8,1007.3,77.0,False,,low,0.5,NORMAL,11.6,1007.3,85.0,HEALTHY,replay,0.8,0.0
2025-01-08T20:00:00+00:00,AWS-VAR-101,12.2,1007.7,82.0,False,,low,0.4,NORMAL,11.2,1007.7,85.0,HEALTHY,replay,0.6,0.0
2025-01-08T21:00:00+00:00,AWS-VAR-101,11.3,1008.1,86.0,False,,low,0.3,NORMAL,10.7,1008.1,85.0,HEALTHY,replay,0.5,0.0
2025-01-08T22:00:00+00:00,AWS-VAR-101,11.2,1008.1,86.0,False,,low,0.3,NORMAL,10.5,1008.1,87.0,HEALTHY,replay,0.6,0.0
2025-01-08T23:00:00+00:00,AWS-VAR-101,10.1,1007.9,91.0,False,,low,0.4,NORMAL,9.7,1007.8,90.0,HEALTHY,replay,0.7,0.0
2025-01-09T00:00:00+00:00,AWS-VAR-101,9.6,1007.5,95.0,False,,low,0.5,NORMAL,9.0,1007.5,93.0,HEALTHY,replay,0.8,0.0
2025-01-09T01:00:00+00:00,AWS-VAR-101,9.0,1007.3,97.0,False,,low,0.4,NORMAL,8.6,1007.3,94.0,HEALTHY,replay,0.7,0.0
2025-01-09T02:00:00+00:00,AWS-VAR-101,8.8,1007.2,98.0,False,,low,0.5,NORMAL,8.5,1007.2,95.0,HEALTHY,replay,0.9,0.0
2025-01-09T03:00:00+00:00,AWS-VAR-101,8.8,1007.2,97.0,False,,low,0.6,NORMAL,8.4,1007.1,96.0,HEALTHY,replay,1.0,0.0
2025-01-09T04:00:00+00:00,AWS-VAR-101,8.5,1007.2,97.0,False,,low,0.7,NORMAL,8.3,1007.2,95.0,HEALTHY,replay,1.2,0.0
2025-01-09T05:00:00+00:00,AWS-VAR-101,8.4,1007.6,97.0,False,,low,0.9,NORMAL,8.2,1007.6,96.0,HEALTHY,replay,1.5,0.0
2025-01-09T06:00:00+00:00,AWS-VAR-101,8.6,1008.7,98.0,False,,low,1.2,NORMAL,8.3,1008.7,96.0,HEALTHY,replay,2.0,0.0
2025-01-09T07:00:00+00:00,AWS-VAR-101,9.6,1009.7,97.0,False,,low,0.9,NORMAL,9.3,1009.7,94.0,HEALTHY,replay,1.6,0.0
2025-01-09T08:00:00+00:00,AWS-VAR-101,12.0,1010.9,87.0,False,,low,3.6,NORMAL,12.0,1010.66,87.0,HEALTHY,replay,5.9,0.0
2025-01-09T09:00:00+00:00,AWS-VAR-101,15.0,1011.5,76.0,False,,low,5.7,NORMAL,15.1,1011.16,79.0,HEALTHY,replay,9.5,0.0
2025-01-09T10:00:00+00:00,AWS-VAR-101,17.0,1011.2,65.0,False,,low,5.1,NORMAL,17.0,1011.12,68.0,HEALTHY,replay,8.5,0.0
2025-01-09T11:00:00+00:00,AWS-VAR-101,18.2,1010.2,60.0,False,,low,2.7,NORMAL,18.4,1009.46,63.0,HEALTHY,replay,4.5,0.0
2025-01-09T12:00:00+00:00,AWS-VAR-101,19.2,1008.9,54.0,False,,low,4.9,NORMAL,19.1,1008.85,58.0,HEALTHY,replay,8.2,0.0
2025-01-09T13:00:00+00:00,AWS-VAR-101,19.4,1007.9,54.0,False,,low,2.5,NORMAL,19.3,1007.9,57.0,HEALTHY,replay,4.2,0.0
2025-01-09T14:00:00+00:00,AWS-VAR-101,19.6,1007.3,54.0,False,,low,1.2,NORMAL,19.4,1007.3,57.0,HEALTHY,replay,1.9,0.0
2025-01-09T15:00:00+00:00,AWS-VAR-101,19.4,1006.9,56.0,False,,low,1.1,NORMAL,19.3,1006.9,57.0,HEALTHY,replay,1.9,0.0
2025-01-09T16:00:00+00:00,AWS-VAR-101,18.3,1006.9,73.0,False,,low,5.0,NORMAL,18.2,1006.9,65.0,HEALTHY,replay,8.4,0.0
2025-01-09T17:00:00+00:00,AWS-VAR-101,16.2,1007.0,73.0,False,,low,1.2,NORMAL,15.8,1007.0,73.0,HEALTHY,replay,2.0,0.0
2025-01-09T18:00:00+00:00,AWS-VAR-101,14.7,1008.0,81.0,False,,low,0.8,NORMAL,14.5,1008.1,81.0,HEALTHY,replay,1.3,0.0
2025-01-09T19:00:00+00:00,AWS-VAR-101,13.9,1008.7,85.0,False,,low,0.4,NORMAL,13.8,1008.8,82.0,HEALTHY,replay,0.7,0.0
2025-01-09T20:00:00+00:00,AWS-VAR-101,13.4,1009.7,85.0,False,,low,0.4,NORMAL,12.8,1009.8,85.0,HEALTHY,replay,0.7,0.0
2025-01-09T21:00:00+00:00,AWS-VAR-101,12.8,1010.3,87.0,False,,low,0.3,NORMAL,12.4,1010.4,85.0,HEALTHY,replay,0.5,0.0
2025-01-09T22:00:00+00:00,AWS-VAR-101,12.5,1010.4,88.0,False,,low,0.2,NORMAL,12.3,1010.5,84.0,HEALTHY,replay,0.4,0.0
2025-01-09T23:00:00+00:00,AWS-VAR-101,11.4,1010.2,93.0,False,,low,0.3,NORMAL,12.0,1010.4,87.0,HEALTHY,replay,0.4,0.0
2025-01-10T00:00:00+00:00,AWS-VAR-101,10.6,1009.9,95.0,False,,low,0.2,NORMAL,10.9,1010.1,92.0,HEALTHY,replay,0.4,0.0
2025-01-10T01:00:00+00:00,AWS-VAR-101,10.2,1009.7,95.0,False,,low,0.4,NORMAL,9.6,1009.8,94.0,HEALTHY,replay,0.6,0.0
2025-01-10T02:00:00+00:00,AWS-VAR-101,9.7,1009.5,97.0,False,,low,0.2,NORMAL,9.4,1009.6,94.0,HEALTHY,replay,0.3,0.0
2025-01-10T03:00:00+00:00,AWS-VAR-101,9.2,1009.3,99.0,False,,low,0.1,NORMAL,9.1,1009.4,95.0,HEALTHY,replay,0.2,0.0
2025-01-10T04:00:00+00:00,AWS-VAR-101,8.7,1009.4,99.0,False,,low,0.2,NORMAL,8.7,1009.6,96.0,HEALTHY,replay,0.4,0.0
2025-01-10T05:00:00+00:00,AWS-VAR-101,8.5,1009.6,99.0,False,,low,0.4,NORMAL,8.5,1009.9,96.0,HEALTHY,replay,0.6,0.0
2025-01-10T06:00:00+00:00,AWS-VAR-101,8.6,1010.7,98.0,False,,low,0.2,NORMAL,8.5,1011.0,97.0,HEALTHY,replay,0.4,0.0
2025-01-10T07:00:00+00:00,AWS-VAR-101,9.4,1011.7,98.0,False,,low,0.5,NORMAL,9.1,1011.8,97.0,HEALTHY,replay,0.8,0.0
2025-01-10T08:00:00+00:00,AWS-VAR-101,11.6,1012.4,91.0,False,,low,0.5,NORMAL,11.6,1012.5,91.0,HEALTHY,replay,0.8,0.0
2025-01-10T09:00:00+00:00,AWS-VAR-101,14.8,1013.0,79.0,False,,low,3.1,NORMAL,14.9,1013.2,80.0,HEALTHY,replay,5.1,0.0
2025-01-10T10:00:00+00:00,AWS-VAR-101,17.3,1012.7,68.0,False,,low,3.8,NORMAL,17.3,1012.8,69.0,HEALTHY,replay,6.3,0.0
2025-01-10T11:00:00+00:00,AWS-VAR-101,18.7,1011.9,60.0,False,,low,2.1,NORMAL,18.5,1011.9,62.0,HEALTHY,replay,3.5,0.0
2025-01-10T12:00:00+00:00,AWS-VAR-101,19.4,1010.8,58.0,False,,low,1.2,NORMAL,19.1,1010.8,59.0,HEALTHY,replay,2.0,0.0
2025-01-10T13:00:00+00:00,AWS-VAR-101,19.8,1009.7,57.0,False,,low,2.0,NORMAL,19.5,1009.7,59.0,HEALTHY,replay,3.3,0.0
2025-01-10T14:00:00+00:00,AWS-VAR-101,19.9,1008.9,57.0,False,,low,0.8,NORMAL,19.6,1009.1,60.0,HEALTHY,replay,1.4,0.0
2025-01-10T15:00:00+00:00,AWS-VAR-101,19.6,1008.5,58.0,False,,low,0.6,NORMAL,19.4,1008.6,61.0,HEALTHY,replay,0.9,0.0
2025-01-10T16:00:00+00:00,AWS-VAR-101,18.5,1008.5,71.0,False,,low,1.1,NORMAL,18.4,1008.6,69.0,HEALTHY,replay,1.8,0.0
2025-01-10T17:00:00+00:00,AWS-VAR-101,15.9,1008.4,77.0,False,,low,0.8,NORMAL,15.6,1008.4,79.0,HEALTHY,replay,1.3,0.0
2025-01-10T18:00:00+00:00,AWS-VAR-101,14.8,1008.5,84.0,False,,low,0.6,NORMAL,14.5,1008.6,84.0,HEALTHY,replay,1.0,0.0
2025-01-10T19:00:00+00:00,AWS-VAR-101,14.1,1008.9,86.0,False,,low,0.2,NORMAL,13.5,1009.0,84.0,HEALTHY,replay,0.4,0.0
2025-01-10T20:00:00+00:00,AWS-VAR-101,13.6,1009.4,84.0,False,,low,0.1,NORMAL,12.8,1009.4,85.0,HEALTHY,replay,0.2,0.0
2025-01-10T21:00:00+00:00,AWS-VAR-101,12.7,1009.9,88.0,False,,low,0.1,NORMAL,11.7,1009.9,88.0,HEALTHY,replay,0.1,0.0
2025-01-10T22:00:00+00:00,AWS-VAR-101,12.1,1010.0,90.0,False,,low,0.1,NORMAL,11.3,1010.0,91.0,HEALTHY,replay,0.1,0.0
2025-01-10T23:00:00+00:00,AWS-VAR-101,11.4,1009.8,94.0,False,,low,0.1,NORMAL,10.5,1009.8,93.0,HEALTHY,replay,0.1,0.0
2025-01-11T00:00:00+00:00,AWS-VAR-101,10.2,1009.5,98.0,False,,low,0.2,NORMAL,9.8,1009.5,96.0,HEALTHY,replay,0.3,0.0
2025-01-11T01:00:00+00:00,AWS-VAR-101,10.0,1009.3,99.0,False,,low,0.2,NORMAL,9.3,1009.3,98.0,HEALTHY,replay,0.3,0.0
2025-01-11T02:00:00+00:00,AWS-VAR-101,9.5,1008.9,100.0,False,,low,0.1,NORMAL,9.1,1008.9,98.0,HEALTHY,replay,0.2,0.0
2025-01-11T03:00:00+00:00,AWS-VAR-101,9.1,1008.9,100.0,False,,low,0.1,NORMAL,8.7,1008.9,100.0,HEALTHY,replay,0.2,0.0
2025-01-11T04:00:00+00:00,AWS-VAR-101,8.7,1009.0,100.0,False,,low,0.3,NORMAL,8.5,1009.0,100.0,HEALTHY,replay,0.5,0.0
2025-01-11T05:00:00+00:00,AWS-VAR-101,8.0,1009.5,100.0,False,,low,0.4,NORMAL,8.3,1009.5,100.0,HEALTHY,replay,0.6,0.0
2025-01-11T06:00:00+00:00,AWS-VAR-101,7.8,1010.3,100.0,False,,low,0.3,NORMAL,7.7,1010.3,100.0,HEALTHY,replay,0.5,0.0
2025-01-11T07:00:00+00:00,AWS-VAR-101,8.7,1010.9,100.0,False,,low,0.5,NORMAL,8.1,1010.9,99.0,HEALTHY,replay,0.8,0.0
2025-01-11T08:00:00+00:00,AWS-VAR-101,10.7,1012.1,97.0,False,,low,1.0,NORMAL,10.4,1012.1,98.0,HEALTHY,replay,1.6,0.0
2025-01-11T09:00:00+00:00,AWS-VAR-101,12.7,1012.7,96.0,False,,low,3.6,NORMAL,12.8,1012.6,95.0,HEALTHY,replay,6.1,0.0
2025-01-11T10:00:00+00:00,AWS-VAR-101,15.6,1012.3,84.0,False,,low,7.4,NORMAL,15.8,1012.3,83.0,HEALTHY,replay,12.3,0.0
2025-01-11T11:00:00+00:00,AWS-VAR-101,18.2,1011.0,71.0,False,,low,4.0,NORMAL,17.9,1010.9,74.0,HEALTHY,replay,6.7,0.0
2025-01-11T12:00:00+00:00,AWS-VAR-101,19.7,1009.7,62.0,False,,low,4.3,NORMAL,19.3,1009.7,64.0,HEALTHY,replay,7.1,0.0
2025-01-11T13:00:00+00:00,AWS-VAR-101,20.6,1008.4,55.0,False,,low,6.9,NORMAL,20.2,1008.4,60.0,HEALTHY,replay,11.4,0.0
2025-01-11T14:00:00+00:00,AWS-VAR-101,21.0,1007.4,51.0,False,,low,6.5,NORMAL,21.4,1006.5,47.0,HEALTHY,replay,10.8,0.0
2025-01-11T15:00:00+00:00,AWS-VAR-101,21.0,1006.9,51.0,False,,low,3.4,NORMAL,20.2,1007.0,60.0,HEALTHY,replay,5.7,0.0
2025-01-11T16:00:00+00:00,AWS-VAR-101,19.6,1006.6,68.0,False,,low,8.9,NORMAL,19.4,1005.7,66.0,HEALTHY,replay,14.9,0.0
2025-01-11T17:00:00+00:00,AWS-VAR-101,16.1,1006.5,79.0,False,,low,9.7,NORMAL,16.0,1005.5,80.0,HEALTHY,replay,16.2,0.0
2025-01-11T18:00:00+00:00,AWS-VAR-101,16.5,1006.6,82.0,False,,low,2.7,NORMAL,15.0,1006.8,84.0,HEALTHY,replay,4.6,0.0
2025-01-11T19:00:00+00:00,AWS-VAR-101,15.6,1007.0,84.0,False,,low,1.1,NORMAL,14.0,1007.2,86.0,HEALTHY,replay,1.9,0.0
2025-01-11T20:00:00+00:00,AWS-VAR-101,15.0,1007.7,84.0,False,,low,0.4,NORMAL,14.1,1006.5,88.0,HEALTHY,replay,0.6,0.0
2025-01-11T21:00:00+00:00,AWS-VAR-101,14.2,1008.2,86.0,False,,low,0.1,NORMAL,13.3,1007.1,91.0,HEALTHY,replay,0.2,0.0
2025-01-11T22:00:00+00:00,AWS-VAR-101,12.7,1008.6,90.0,False,,low,0.1,NORMAL,12.5,1008.6,91.0,HEALTHY,replay,0.2,0.0
2025-01-11T23:00:00+00:00,AWS-VAR-101,12.5,1008.5,91.0,False,,low,0.1,NORMAL,11.9,1007.4,93.0,HEALTHY,replay,0.2,0.0
2025-01-12T00:00:00+00:00,AWS-VAR-101,12.6,1008.2,91.0,False,,low,0.3,NORMAL,11.5,1008.4,94.0,HEALTHY,replay,0.4,0.0
2025-01-12T01:00:00+00:00,AWS-VAR-101,12.4,1008.1,92.0,False,,low,0.3,NORMAL,11.6,1007.1,93.0,HEALTHY,replay,0.5,0.0
2025-01-12T02:00:00+00:00,AWS-VAR-101,12.1,1008.0,93.0,False,,low,0.7,NORMAL,11.5,1006.9,95.0,HEALTHY,replay,1.2,0.0
2025-01-12T03:00:00+00:00,AWS-VAR-101,11.9,1007.5,93.0,False,,low,0.4,NORMAL,11.1,1007.6,94.0,HEALTHY,replay,0.6,0.0
2025-01-12T04:00:00+00:00,AWS-VAR-101,11.8,1007.4,93.0,False,,low,0.5,NORMAL,11.8,1007.4,94.0,HEALTHY,replay,0.9,0.0
2025-01-12T05:00:00+00:00,AWS-VAR-101,11.8,1007.4,93.0,False,,low,2.1,NORMAL,12.0,1007.3,92.0,HEALTHY,replay,3.4,0.0
2025-01-12T06:00:00+00:00,AWS-VAR-101,12.1,1008.1,94.0,False,,low,2.1,NORMAL,12.1,1008.1,93.0,HEALTHY,replay,3.4,0.0
2025-01-12T07:00:00+00:00,AWS-VAR-101,12.6,1008.7,94.0,False,,low,0.9,NORMAL,12.6,1008.7,92.0,HEALTHY,replay,1.4,0.0
2025-01-12T08:00:00+00:00,AWS-VAR-101,14.5,1009.4,88.0,False,,low,1.4,NORMAL,14.6,1009.4,88.0,HEALTHY,replay,2.3,0.0
2025-01-12T09:00:00+00:00,AWS-VAR-101,17.1,1009.8,80.0,False,,low,5.6,NORMAL,17.2,1009.8,82.0,HEALTHY,replay,9.3,0.0
2025-01-12T10:00:00+00:00,AWS-VAR-101,19.8,1009.5,71.0,False,,low,6.5,NORMAL,19.6,1009.6,75.0,HEALTHY,replay,10.8,0.0
2025-01-12T11:00:00+00:00,AWS-VAR-101,22.0,1008.3,63.0,False,,low,11.0,NORMAL,21.7,1008.3,67.0,HEALTHY,replay,18.3,0.0
2025-01-12T12:00:00+00:00,AWS-VAR-101,23.7,1007.2,55.0,False,,low,18.2,NORMAL,23.2,1007.1,62.0,HEALTHY,replay,30.4,0.0
2025-01-12T13:00:00+00:00,AWS-VAR-101,24.5,1006.2,53.0,False,,low,11.0,NORMAL,23.8,1006.0,61.0,HEALTHY,replay,18.3,0.0
2025-01-12T14:00:00+00:00,AWS-VAR-101,24.1,1005.5,59.0,False,,low,8.3,NORMAL,23.5,1005.4,64.0,HEALTHY,replay,13.9,0.0
2025-01-12T15:00:00+00:00,AWS-VAR-101,23.3,1005.4,64.0,False,,low,1.2,NORMAL,22.7,1005.4,67.0,HEALTHY,replay,2.0,0.0
2025-01-12T16:00:00+00:00,AWS-VAR-101,21.7,1005.9,73.0,False,,low,1.4,NORMAL,21.1,1005.7,77.0,HEALTHY,replay,2.4,0.0
2025-01-12T17:00:00+00:00,AWS-VAR-101,19.7,1006.8,82.0,False,,low,3.5,NORMAL,19.4,1006.5,84.0,HEALTHY,replay,5.9,0.0
2025-01-12T18:00:00+00:00,AWS-VAR-101,17.8,1007.1,88.0,False,,low,1.2,NORMAL,17.7,1007.1,89.0,HEALTHY,replay,2.1,0.0
2025-01-12T19:00:00+00:00,AWS-VAR-101,17.3,1007.4,90.0,False,,low,0.3,NORMAL,17.4,1007.2,90.0,HEALTHY,replay,0.5,0.0
2025-01-12T20:00:00+00:00,AWS-VAR-101,16.7,1007.9,94.0,False,,low,0.2,NORMAL,17.1,1007.9,92.0,HEALTHY,replay,0.3,0.0
2025-01-12T21:00:00+00:00,AWS-VAR-101,16.9,1008.0,93.0,False,,low,0.3,NORMAL,16.9,1007.9,94.0,HEALTHY,replay,0.5,0.0
2025-01-12T22:00:00+00:00,AWS-VAR-101,15.8,1008.1,96.0,False,,low,0.4,NORMAL,16.1,1008.1,95.0,HEALTHY,replay,0.7,0.0
2025-01-12T23:00:00+00:00,AWS-VAR-101,15.1,1007.9,98.0,False,,low,0.5,NORMAL,15.3,1007.8,98.0,HEALTHY,replay,0.8,0.0
2025-01-13T00:00:00+00:00,AWS-VAR-101,14.3,1007.4,98.0,False,,low,0.4,NORMAL,14.5,1007.4,98.0,HEALTHY,replay,0.7,0.0
2025-01-13T01:00:00+00:00,AWS-VAR-101,13.9,1007.1,98.0,False,,low,0.3,NORMAL,14.1,1007.1,98.0,HEALTHY,replay,0.4,0.0
2025-01-13T02:00:00+00:00,AWS-VAR-101,13.3,1006.7,99.0,False,,low,0.2,NORMAL,13.4,1006.7,100.0,HEALTHY,replay,0.3,0.0
2025-01-13T03:00:00+00:00,AWS-VAR-101,12.9,1006.6,100.0,False,,low,0.1,NORMAL,12.9,1006.7,100.0,HEALTHY,replay,0.2,0.0
2025-01-13T04:00:00+00:00,AWS-VAR-101,12.5,1006.8,100.0,False,,low,0.2,NORMAL,12.5,1006.8,100.0,HEALTHY,replay,0.3,0.0
2025-01-13T05:00:00+00:00,AWS-VAR-101,12.6,1007.3,100.0,False,,low,0.3,NORMAL,12.3,1007.2,100.0,HEALTHY,replay,0.6,0.0
2025-01-13T06:00:00+00:00,AWS-VAR-101,13.3,1008.2,99.0,False,,low,0.3,NORMAL,13.1,1008.2,99.0,HEALTHY,replay,0.4,0.0
2025-01-13T07:00:00+00:00,AWS-VAR-101,13.3,1008.9,99.0,False,,low,0.2,NORMAL,13.2,1008.9,98.0,HEALTHY,replay,0.3,0.0
2025-01-13T08:00:00+00:00,AWS-VAR-101,13.6,1009.6,97.0,False,,low,0.3,NORMAL,13.4,1009.5,98.0,HEALTHY,replay,0.5,0.0
2025-01-13T09:00:00+00:00,AWS-VAR-101,15.0,1010.0,91.0,False,,low,0.5,NORMAL,14.7,1010.0,91.0,HEALTHY,replay,0.8,0.0
2025-01-13T10:00:00+00:00,AWS-VAR-101,17.2,1009.6,79.0,False,,low,1.1,NORMAL,17.0,1009.5,80.0,HEALTHY,replay,1.8,0.0
2025-01-13T11:00:00+00:00,AWS-VAR-101,18.9,1008.6,73.0,False,,low,1.1,NORMAL,18.8,1008.6,72.0,HEALTHY,replay,1.9,0.0
2025-01-13T12:00:00+00:00,AWS-VAR-101,20.1,1007.3,68.0,False,,low,2.3,NORMAL,19.9,1007.3,66.0,HEALTHY,replay,3.9,0.0
2025-01-13T13:00:00+00:00,AWS-VAR-101,20.7,1006.1,66.0,False,,low,2.7,NORMAL,20.6,1006.0,67.0,HEALTHY,replay,4.6,0.0
2025-01-13T14:00:00+00:00,AWS-VAR-101,21.0,1005.3,65.0,False,,low,2.5,NORMAL,20.9,1005.2,67.0,HEALTHY,replay,4.2,0.0
2025-01-13T15:00:00+00:00,AWS-VAR-101,20.8,1005.1,66.0,False,,low,1.8,NORMAL,20.7,1005.0,69.0,HEALTHY,replay,3.1,0.0
2025-01-13T16:00:00+00:00,AWS-VAR-101,19.9,1005.2,71.0,False,,low,0.7,NORMAL,19.9,1005.2,74.0,HEALTHY,replay,1.2,0.0
2025-01-13T17:00:00+00:00,AWS-VAR-101,17.9,1005.6,81.0,False,,low,0.7,NORMAL,17.8,1005.6,81.0,HEALTHY,replay,1.2,0.0
2025-01-13T18:00:00+00:00,AWS-VAR-101,17.1,1006.4,85.0,False,,low,0.4,NORMAL,16.7,1006.4,87.0,HEALTHY,replay,0.7,0.0
2025-01-13T19:00:00+00:00,AWS-VAR-101,16.4,1006.9,88.0,False,,low,0.2,NORMAL,16.2,1007.0,89.0,HEALTHY,replay,0.3,0.0
2025-01-13T20:00:00+00:00,AWS-VAR-101,16.1,1007.3,88.0,False,,low,0.2,NORMAL,15.9,1007.4,89.0,HEALTHY,replay,0.3,0.0
2025-01-13T21:00:00+00:00,AWS-VAR-101,15.6,1007.7,90.0,False,,low,0.1,NORMAL,15.5,1007.7,90.0,HEALTHY,replay,0.2,0.0
2025-01-13T22:00:00+00:00,AWS-VAR-101,14.7,1007.9,92.0,False,,low,0.1,NORMAL,14.7,1007.8,93.0,HEALTHY,replay,0.2,0.0
2025-01-13T23:00:00+00:00,AWS-VAR-101,13.4,1007.7,94.0,False,,low,0.2,NORMAL,13.5,1007.7,95.0,HEALTHY,replay,0.4,0.0
2025-01-14T00:00:00+00:00,AWS-VAR-101,13.2,1007.6,96.0,False,,low,0.2,NORMAL,12.9,1007.5,96.0,HEALTHY,replay,0.3,0.0
2025-01-14T01:00:00+00:00,AWS-VAR-101,12.4,1007.6,97.0,False,,low,0.3,NORMAL,12.8,1007.6,97.0,HEALTHY,replay,0.5,0.0
2025-01-14T02:00:00+00:00,AWS-VAR-101,12.0,1007.3,98.0,False,,low,0.3,NORMAL,12.2,1007.3,97.0,HEALTHY,replay,0.4,0.0
2025-01-14T03:00:00+00:00,AWS-VAR-101,11.6,1007.2,99.0,False,,low,0.3,NORMAL,11.7,1007.1,98.0,HEALTHY,replay,0.5,0.0
2025-01-14T04:00:00+00:00,AWS-VAR-101,11.4,1007.4,99.0,False,,low,0.4,NORMAL,11.3,1007.3,98.0,HEALTHY,replay,0.7,0.0
2025-01-14T05:00:00+00:00,AWS-VAR-101,11.1,1008.0,99.0,False,,low,0.4,NORMAL,11.1,1008.0,97.0,HEALTHY,replay,0.7,0.0
2025-01-14T06:00:00+00:00,AWS-VAR-101,12.0,1009.1,100.0,False,,low,0.5,NORMAL,12.2,1009.1,99.0,HEALTHY,replay,0.8,0.0
2025-01-14T07:00:00+00:00,AWS-VAR-101,12.0,1010.1,99.0,False,,low,1.5,NORMAL,12.1,1010.1,99.0,HEALTHY,replay,2.6,0.0
2025-01-14T08:00:00+00:00,AWS-VAR-101,12.9,1011.2,98.0,False,,low,3.8,NORMAL,12.9,1011.2,97.0,HEALTHY,replay,6.3,0.0
2025-01-14T09:00:00+00:00,AWS-VAR-101,15.0,1012.1,90.0,False,,low,5.6,NORMAL,14.9,1012.1,90.0,HEALTHY,replay,9.3,0.0
2025-01-14T10:00:00+00:00,AWS-VAR-101,17.7,1012.4,79.0,False,,low,12.1,NORMAL,17.3,1012.4,82.61,HEALTHY,replay,20.2,0.0
2025-01-14T11:00:00+00:00,AWS-VAR-101,19.7,1011.5,69.0,False,,low,9.2,NORMAL,19.3,1011.6,73.22,HEALTHY,replay,15.3,0.0
2025-01-14T12:00:00+00:00,AWS-VAR-101,20.8,1010.2,61.0,False,,low,13.5,NORMAL,20.4,1010.1,61.0,HEALTHY,replay,22.5,0.0
2025-01-14T13:00:00+00:00,AWS-VAR-101,21.3,1008.9,56.0,False,,low,15.0,NORMAL,21.0,1008.9,57.0,HEALTHY,replay,25.0,0.0
2025-01-14T14:00:00+00:00,AWS-VAR-101,21.4,1008.0,53.0,False,,low,16.7,NORMAL,21.2,1008.0,55.04,HEALTHY,replay,27.8,0.0
2025-01-14T15:00:00+00:00,AWS-VAR-101,21.2,1007.7,54.0,False,,low,4.3,NORMAL,21.0,1007.8,55.0,HEALTHY,replay,7.2,0.0
2025-01-14T16:00:00+00:00,AWS-VAR-101,20.2,1007.7,70.0,False,,low,2.2,NORMAL,20.3,1007.7,62.0,HEALTHY,replay,3.7,0.0
2025-01-14T17:00:00+00:00,AWS-VAR-101,17.9,1008.2,70.0,False,,low,2.4,NORMAL,17.7,1008.2,72.0,HEALTHY,replay,4.1,0.0
2025-01-14T18:00:00+00:00,AWS-VAR-101,15.7,1009.2,79.0,False,,low,2.7,NORMAL,15.1,1009.2,79.0,HEALTHY,replay,4.5,0.0
2025-01-14T19:00:00+00:00,AWS-VAR-101,15.1,1009.7,81.0,False,,low,0.7,NORMAL,14.5,1009.8,79.0,HEALTHY,replay,1.2,0.0
2025-01-14T20:00:00+00:00,AWS-VAR-101,14.4,1010.0,83.0,False,,low,0.5,NORMAL,14.2,1010.2,79.0,HEALTHY,replay,0.8,0.0
2025-01-14T21:00:00+00:00,AWS-VAR-101,13.5,1010.5,87.0,False,,low,0.3,NORMAL,13.7,1010.5,79.0,HEALTHY,replay,0.6,0.0
2025-01-14T22:00:00+00:00,AWS-VAR-101,12.6,1010.5,92.0,False,,low,0.4,NORMAL,12.8,1010.5,82.0,HEALTHY,replay,0.6,0.0
2025-01-14T23:00:00+00:00,AWS-VAR-101,11.7,1010.3,96.0,False,,low,0.4,NORMAL,12.0,1010.4,87.0,HEALTHY,replay,0.7,0.0
2025-01-15T00:00:00+00:00,AWS-VAR-101,11.1,1010.0,98.0,False,,low,0.5,NORMAL,11.3,1010.0,91.0,HEALTHY,replay,0.8,0.0
2025-01-15T01:00:00+00:00,AWS-VAR-101,10.7,1010.0,100.0,False,,low,0.3,NORMAL,10.8,1010.0,91.73,HEALTHY,replay,0.5,0.0
2025-01-15T02:00:00+00:00,AWS-VAR-101,10.2,1009.4,100.0,False,,low,0.3,NORMAL,10.4,1009.4,93.34,HEALTHY,replay,0.5,0.0
2025-01-15T03:00:00+00:00,AWS-VAR-101,10.0,1009.4,100.0,False,,low,0.3,NORMAL,9.9,1009.4,94.0,HEALTHY,replay,0.4,0.0
2025-01-15T04:00:00+00:00,AWS-VAR-101,9.6,1009.6,100.0,False,,low,0.3,NORMAL,9.7,1009.6,96.0,HEALTHY,replay,0.6,0.0
2025-01-15T05:00:00+00:00,AWS-VAR-101,8.7,1010.1,100.0,False,,low,0.4,NORMAL,9.2,1010.2,99.0,HEALTHY,replay,0.7,0.0
2025-01-15T06:00:00+00:00,AWS-VAR-101,10.1,1011.5,100.0,False,,low,1.2,NORMAL,10.3,1011.5,98.0,HEALTHY,replay,2.0,0.0
2025-01-15T07:00:00+00:00,AWS-VAR-101,10.5,1012.2,99.0,False,,low,0.9,NORMAL,10.7,1012.2,99.0,HEALTHY,replay,1.5,0.0
2025-01-15T08:00:00+00:00,AWS-VAR-101,12.2,1013.1,98.0,False,,low,1.0,NORMAL,12.2,1013.1,92.0,HEALTHY,replay,1.7,0.0
2025-01-15T09:00:00+00:00,AWS-VAR-101,14.7,1013.6,93.0,False,,low,1.2,NORMAL,14.4,1013.6,87.6,HEALTHY,replay,2.0,0.0
2025-01-15T10:00:00+00:00,AWS-VAR-101,17.3,1013.1,81.0,False,,low,2.5,NORMAL,17.0,1013.2,75.21,HEALTHY,replay,4.1,0.0
2025-01-15T11:00:00+00:00,AWS-VAR-101,19.5,1011.7,68.0,False,,low,3.2,NORMAL,19.2,1011.7,62.0,HEALTHY,replay,5.3,0.0
2025-01-15T12:00:00+00:00,AWS-VAR-101,20.8,1010.1,59.0,False,,low,6.3,NORMAL,20.3,1010.1,57.0,HEALTHY,replay,10.5,0.0
2025-01-15T13:00:00+00:00,AWS-VAR-101,21.3,1009.0,55.0,False,,low,8.0,NORMAL,20.9,1009.0,55.0,HEALTHY,replay,13.3,0.0
2025-01-15T14:00:00+00:00,AWS-VAR-101,21.5,1008.4,53.0,False,,low,5.6,NORMAL,21.1,1008.4,55.0,HEALTHY,replay,9.3,0.0
2025-01-15T15:00:00+00:00,AWS-VAR-101,21.3,1007.8,53.0,False,,low,3.0,NORMAL,20.9,1007.9,55.0,HEALTHY,replay,5.1,0.0
2025-01-15T16:00:00+00:00,AWS-VAR-101,20.1,1007.6,66.0,False,,low,1.5,NORMAL,19.9,1007.6,62.0,HEALTHY,replay,2.5,0.0
2025-01-15T17:00:00+00:00,AWS-VAR-101,16.9,1007.6,77.0,False,,low,2.5,NORMAL,17.2,1007.7,69.0,HEALTHY,replay,4.2,0.0
2025-01-15T18:00:00+00:00,AWS-VAR-101,14.1,1009.5,86.0,False,,low,11.2,NORMAL,14.3,1009.6,72.0,HEALTHY,replay,18.7,0.0
2025-01-15T19:00:00+00:00,AWS-VAR-101,13.8,1009.6,87.0,False,,low,1.4,NORMAL,13.2,1009.7,77.0,HEALTHY,replay,2.4,0.0
2025-01-15T20:00:00+00:00,AWS-VAR-101,13.2,1009.9,87.0,False,,low,0.3,NORMAL,12.4,1010.0,78.0,HEALTHY,replay,0.5,0.0
2025-01-15T21:00:00+00:00,AWS-VAR-101,12.4,1009.8,86.0,False,,low,0.2,NORMAL,11.6,1009.8,82.0,HEALTHY,replay,0.4,0.0
2025-01-15T22:00:00+00:00,AWS-VAR-101,11.6,1009.9,90.0,False,,low,0.2,NORMAL,10.7,1010.0,85.0,HEALTHY,replay,0.3,0.0
2025-01-15T23:00:00+00:00,AWS-VAR-101,11.0,1009.5,93.0,False,,low,0.2,NORMAL,10.4,1009.5,88.0,HEALTHY,replay,0.4,0.0
2025-01-16T00:00:00+00:00,AWS-VAR-101,10.7,1009.1,94.0,False,,low,0.2,NORMAL,10.0,1009.2,91.0,HEALTHY,replay,0.3,0.0
2025-01-16T01:00:00+00:00,AWS-VAR-101,10.1,1009.1,98.0,False,,low,0.2,NORMAL,9.6,1009.1,94.0,HEALTHY,replay,0.4,0.0
2025-01-16T02:00:00+00:00,AWS-VAR-101,9.6,1008.7,100.0,False,,low,0.2,NORMAL,9.3,1008.7,97.0,HEALTHY,replay,0.3,0.0
2025-01-16T03:00:00+00:00,AWS-VAR-101,9.4,1008.4,100.0,False,,low,0.2,NORMAL,9.0,1008.4,98.0,HEALTHY,replay,0.3,0.0
2025-01-16T04:00:00+00:00,AWS-VAR-101,9.2,1008.2,100.0,False,,low,0.3,NORMAL,8.7,1008.2,99.0,HEALTHY,replay,0.5,0.0
2025-01-16T05:00:00+00:00,AWS-VAR-101,8.5,1008.5,100.0,False,,low,0.3,NORMAL,8.3,1008.5,100.0,HEALTHY,replay,0.6,0.0
2025-01-16T06:00:00+00:00,AWS-VAR-101,9.6,1009.8,100.0,False,,low,0.7,NORMAL,9.6,1009.8,99.0,HEALTHY,replay,1.1,0.0
2025-01-16T07:00:00+00:00,AWS-VAR-101,10.0,1010.6,100.0,False,,low,1.0,NORMAL,10.11,1010.6,99.0,HEALTHY,replay,1.6,0.0
2025-01-16T08:00:00+00:00,AWS-VAR-101,11.5,1011.3,97.0,False,,low,0.7,NORMAL,10.3,1011.3,98.0,HEALTHY,replay,1.1,0.0
2025-01-16T09:00:00+00:00,AWS-VAR-101,14.0,1012.2,89.0,False,,low,1.5,NORMAL,12.4,1012.3,94.0,HEALTHY,replay,2.5,0.0
2025-01-16T10:00:00+00:00,AWS-VAR-101,16.8,1012.0,74.0,False,,low,2.7,NORMAL,16.2,1012.0,81.0,HEALTHY,replay,4.5,0.0
2025-01-16T11:00:00+00:00,AWS-VAR-101,18.2,1010.9,66.0,False,,low,1.7,NORMAL,17.8,1010.9,71.0,HEALTHY,replay,2.8,0.0
2025-01-16T12:00:00+00:00,AWS-VAR-101,19.4,1009.5,61.0,False,,low,2.3,NORMAL,19.0,1009.5,64.0,HEALTHY,replay,3.9,0.0
2025-01-16T13:00:00+00:00,AWS-VAR-101,20.2,1008.5,58.0,False,,low,1.5,NORMAL,19.8,1008.6,62.0,HEALTHY,replay,2.6,0.0
2025-01-16T14:00:00+00:00,AWS-VAR-101,20.5,1007.9,59.0,False,,low,0.6,NORMAL,20.2,1008.0,61.0,HEALTHY,replay,1.0,0.0
2025-01-16T15:00:00+00:00,AWS-VAR-101,20.4,1007.8,60.0,False,,low,0.4,NORMAL,20.1,1007.8,61.0,HEALTHY,replay,0.6,0.0
2025-01-16T16:00:00+00:00,AWS-VAR-101,19.5,1008.0,67.0,False,,low,0.3,NORMAL,19.3,1007.9,70.0,HEALTHY,replay,0.5,0.0
2025-01-16T17:00:00+00:00,AWS-VAR-101,16.8,1008.3,79.0,False,,low,0.7,NORMAL,16.2,1008.3,77.0,HEALTHY,replay,1.2,0.0
2025-01-16T18:00:00+00:00,AWS-VAR-101,15.7,1009.8,82.0,False,,low,0.5,NORMAL,15.1,1009.8,82.0,HEALTHY,replay,0.8,0.0
2025-01-16T19:00:00+00:00,AWS-VAR-101,14.6,1010.2,86.0,False,,low,0.3,NORMAL,14.6,1010.3,82.0,HEALTHY,replay,0.5,0.0
2025-01-16T20:00:00+00:00,AWS-VAR-101,13.6,1010.3,88.0,False,,low,0.1,NORMAL,13.2,1010.3,87.0,HEALTHY,replay,0.2,0.0
2025-01-16T21:00:00+00:00,AWS-VAR-101,13.1,1010.4,90.0,False,,low,0.1,NORMAL,12.6,1010.4,90.0,HEALTHY,replay,0.2,0.0
2025-01-16T22:00:00+00:00,AWS-VAR-101,12.9,1010.7,92.0,False,,low,0.1,NORMAL,12.2,1010.6,91.0,HEALTHY,replay,0.2,0.0
2025-01-16T23:00:00+00:00,AWS-VAR-101,12.2,1010.4,94.0,False,,low,0.1,NORMAL,11.6,1010.4,94.0,HEALTHY,replay,0.2,0.0
2025-01-17T00:00:00+00:00,AWS-VAR-101,11.5,1010.0,95.0,False,,low,0.1,NORMAL,11.1,1010.1,96.0,HEALTHY,replay,0.2,0.0
2025-01-17T01:00:00+00:00,AWS-VAR-101,11.4,1009.7,97.0,False,,low,0.1,NORMAL,10.8,1009.7,97.0,HEALTHY,replay,0.2,0.0
2025-01-17T02:00:00+00:00,AWS-VAR-101,11.2,1009.2,98.0,False,,low,0.1,NORMAL,10.7,1009.2,97.0,HEALTHY,replay,0.2,0.0
2025-01-17T03:00:00+00:00,AWS-VAR-101,11.0,1008.6,98.0,False,,low,0.2,NORMAL,10.5,1008.6,98.0,HEALTHY,replay,0.3,0.0
2025-01-17T04:00:00+00:00,AWS-VAR-101,11.0,1008.5,98.0,False,,low,0.2,NORMAL,10.3,1008.5,98.0,HEALTHY,replay,0.3,0.0
2025-01-17T05:00:00+00:00,AWS-VAR-101,11.0,1009.0,98.0,False,,low,0.2,NORMAL,10.6,1008.9,98.0,HEALTHY,replay,0.3,0.0
2025-01-17T06:00:00+00:00,AWS-VAR-101,11.4,1010.1,100.0,False,,low,0.2,NORMAL,11.3,1010.1,99.0,HEALTHY,replay,0.3,0.0
2025-01-17T07:00:00+00:00,AWS-VAR-101,11.7,1011.0,99.0,False,,low,0.2,NORMAL,11.8,1011.0,98.0,HEALTHY,replay,0.4,0.0
2025-01-17T08:00:00+00:00,AWS-VAR-101,13.2,1011.1,93.0,False,,low,0.2,NORMAL,13.2,1011.0,93.0,HEALTHY,replay,0.3,0.0
2025-01-17T09:00:00+00:00,AWS-VAR-101,15.0,1011.3,87.0,False,,low,0.3,NORMAL,15.0,1011.3,87.0,HEALTHY,replay,0.5,0.0
2025-01-17T10:00:00+00:00,AWS-VAR-101,16.9,1011.2,79.0,False,,low,0.7,NORMAL,16.8,1011.2,81.0,HEALTHY,replay,1.2,0.0
2025-01-17T11:00:00+00:00,AWS-VAR-101,18.6,1010.2,72.0,False,,low,1.9,NORMAL,18.5,1010.0,74.0,HEALTHY,replay,3.1,0.0
2025-01-17T12:00:00+00:00,AWS-VAR-101,19.9,1009.0,66.0,False,,low,2.3,NORMAL,19.8,1008.9,65.0,HEALTHY,replay,3.9,0.0
2025-01-17T13:00:00+00:00,AWS-VAR-101,20.7,1007.7,61.0,False,,low,2.7,NORMAL,20.6,1007.5,61.0,HEALTHY,replay,4.6,0.0
2025-01-17T14:00:00+00:00,AWS-VAR-101,21.0,1006.8,59.0,False,,low,2.6,NORMAL,21.1,1006.7,58.0,HEALTHY,replay,4.3,0.0
2025-01-17T15:00:00+00:00,AWS-VAR-101,20.8,1006.3,59.0,False,,low,1.8,NORMAL,21.1,1006.3,58.0,HEALTHY,replay,2.9,0.0
2025-01-17T16:00:00+00:00,AWS-VAR-101,19.8,1006.5,66.0,False,,low,0.5,NORMAL,20.1,1006.4,68.0,HEALTHY,replay,0.8,0.0
2025-01-17T17:00:00+00:00,AWS-VAR-101,17.8,1006.6,74.0,False,,low,0.6,NORMAL,17.7,1006.5,77.0,HEALTHY,replay,1.0,0.0
2025-01-17T18:00:00+00:00,AWS-VAR-101,16.9,1007.1,76.0,False,,low,0.3,NORMAL,16.8,1007.1,78.0,HEALTHY,replay,0.5,0.0
2025-01-17T19:00:00+00:00,AWS-VAR-101,16.2,1007.5,80.0,False,,low,0.2,NORMAL,15.9,1007.5,79.0,HEALTHY,replay,0.4,0.0
2025-01-17T20:00:00+00:00,AWS-VAR-101,15.3,1008.1,83.0,False,,low,0.1,NORMAL,15.0,1008.1,82.0,HEALTHY,replay,0.2,0.0
2025-01-17T21:00:00+00:00,AWS-VAR-101,14.6,1008.5,85.0,False,,low,0.1,NORMAL,14.4,1008.5,86.0,HEALTHY,replay,0.2,0.0
2025-01-17T22:00:00+00:00,AWS-VAR-101,13.9,1008.9,88.0,False,,low,0.1,NORMAL,14.1,1008.9,87.0,HEALTHY,replay,0.1,0.0
2025-01-17T23:00:00+00:00,AWS-VAR-101,13.4,1008.7,90.0,False,,low,0.1,NORMAL,13.5,1008.7,89.0,HEALTHY,replay,0.2,0.0
2025-01-18T00:00:00+00:00,AWS-VAR-101,12.9,1008.3,91.0,False,,low,0.1,NORMAL,12.8,1008.3,91.0,HEALTHY,replay,0.2,0.0
2025-01-18T01:00:00+00:00,AWS-VAR-101,12.4,1008.0,92.0,False,,low,0.1,NORMAL,12.3,1008.0,92.0,HEALTHY,replay,0.2,0.0
2025-01-18T02:00:00+00:00,AWS-VAR-101,12.0,1007.6,93.0,False,,low,0.1,NORMAL,12.0,1007.6,93.0,HEALTHY,replay,0.2,0.0
2025-01-18T03:00:00+00:00,AWS-VAR-101,11.7,1007.4,94.0,False,,low,0.1,NORMAL,11.6,1007.4,94.0,HEALTHY,replay,0.1,0.0
2025-01-18T04:00:00+00:00,AWS-VAR-101,11.3,1007.5,95.0,False,,low,0.1,NORMAL,11.3,1007.5,94.0,HEALTHY,replay,0.2,0.0
2025-01-18T05:00:00+00:00,AWS-VAR-101,10.9,1007.5,96.0,False,,low,0.2,NORMAL,10.9,1007.5,95.0,HEALTHY,replay,0.3,0.0
2025-01-18T06:00:00+00:00,AWS-VAR-101,11.0,1008.4,98.0,False,,low,0.2,NORMAL,10.9,1008.3,96.0,HEALTHY,replay,0.4,0.0
2025-01-18T07:00:00+00:00,AWS-VAR-101,11.3,1009.2,98.0,False,,low,0.2,NORMAL,11.2,1009.2,97.0,HEALTHY,replay,0.4,0.0
2025-01-18T08:00:00+00:00,AWS-VAR-101,13.1,1010.3,93.0,False,,low,0.3,NORMAL,13.1,1010.2,92.0,HEALTHY,replay,0.5,0.0
2025-01-18T09:00:00+00:00,AWS-VAR-101,15.6,1011.0,85.0,False,,low,0.6,NORMAL,15.5,1011.0,85.0,HEALTHY,replay,0.9,0.0
2025-01-18T10:00:00+00:00,AWS-VAR-101,18.0,1011.1,73.0,False,,low,0.9,NORMAL,17.7,1011.0,76.0,HEALTHY,replay,1.4,0.0
2025-01-18T11:00:00+00:00,AWS-VAR-101,19.6,1010.1,63.0,False,,low,1.4,NORMAL,19.3,1010.1,66.0,HEALTHY,replay,2.3,0.0
2025-01-18T12:00:00+00:00,AWS-VAR-101,20.6,1008.9,59.0,False,,low,1.3,NORMAL,20.2,1008.8,62.0,HEALTHY,replay,2.2,0.0
2025-01-18T13:00:00+00:00,AWS-VAR-101,21.1,1007.4,58.0,False,,low,1.7,NORMAL,20.8,1007.4,60.0,HEALTHY,replay,2.8,0.0
