timestamp,station_id,temperature_c,pressure_hpa,humidity_pct,is_anomaly,fault_type,severity,anomaly_score_pct,decision_basis,suggested_temperature_c,suggested_pressure_hpa,suggested_humidity_pct,health_status,source,model_confidence_pct,rule_confidence_pct
2026-09-22 06:45:00+00:00,AWS-CHN-103,33.2,1001.5,59.0,False,,low,0.0,NORMAL,33.0,1004.4,60.0,HEALTHY,live,,0.0
2026-09-22T07:00:00+00:00,AWS-CHN-103,33.3,1001.1,58.0,False,,low,0.0,NORMAL,33.1,1004.1,59.0,HEALTHY,live,,0.0
2025-01-01T00:00:00+00:00,AWS-CHN-103,23.2,1009.4,96.0,False,,low,0.0,NORMAL,23.9,1012.4,90.0,HEALTHY,replay,,0.0
2025-01-01T01:00:00+00:00,AWS-CHN-103,22.9,1008.5,97.0,False,,low,0.0,NORMAL,23.7,1011.5,90.0,HEALTHY,replay,,0.0
2025-01-01T02:00:00+00:00,AWS-CHN-103,22.8,1007.8,97.0,False,,low,0.0,NORMAL,23.5,1010.7,91.0,HEALTHY,replay,,0.0
2025-01-01T03:00:00+00:00,AWS-CHN-103,22.5,1007.2,97.0,False,,low,0.0,NORMAL,23.1,1010.1,92.0,HEALTHY,replay,,0.0
2025-01-01T04:00:00+00:00,AWS-CHN-103,22.4,1006.9,97.0,False,,low,0.0,NORMAL,22.9,1010.0,93.0,HEALTHY,replay,,0.0
2025-01-01T05:00:00+00:00,AWS-CHN-103,22.1,1007.3,97.0,False,,low,0.0,NORMAL,22.5,1010.3,94.0,HEALTHY,replay,,0.0
2025-01-01T06:00:00+00:00,AWS-CHN-103,22.5,1008.0,99.0,False,,low,0.0,NORMAL,22.3,1011.1,99.0,HEALTHY,replay,,0.0
2025-01-01T07:00:00+00:00,AWS-CHN-103,23.0,1008.9,98.0,False,,low,0.0,NORMAL,23.1,1012.0,96.0,HEALTHY,replay,,0.0
2025-01-01T08:00:00+00:00,AWS-CHN-103,24.3,1009.7,91.0,False,,low,0.0,NORMAL,24.8,1012.8,90.0,HEALTHY,replay,,0.0
2025-01-01T09:00:00+00:00,AWS-CHN-103,26.2,1009.8,80.0,False,,low,0.0,NORMAL,27.0,1012.9,76.0,HEALTHY,replay,,0.0
2025-01-01T10:00:00+00:00,AWS-CHN-103,27.7,1009.8,70.0,False,,low,0.0,NORMAL,27.9,1012.8,68.0,HEALTHY,replay,,0.0
2025-01-01T11:00:00+00:00,AWS-CHN-103,28.9,1009.4,62.0,False,,low,0.0,NORMAL,28.3,1012.6,66.0,HEALTHY,replay,,0.0
2025-01-01T12:00:00+00:00,AWS-CHN-103,29.3,1008.3,60.0,False,,low,0.0,NORMAL,28.5,1011.5,64.0,HEALTHY,replay,,0.0
2025-01-01T13:00:00+00:00,AWS-CHN-103,29.4,1007.2,58.0,False,,low,0.0,NORMAL,28.4,1010.5,66.0,HEALTHY,replay,,0.0
2025-01-01T14:00:00+00:00,AWS-CHN-103,29.1,1006.2,59.0,False,,low,0.0,NORMAL,28.1,1009.5,67.0,HEALTHY,replay,,0.0
2025-01-01T15:00:00+00:00,AWS-CHN-103,28.4,1005.8,62.0,False,,low,0.0,NORMAL,27.7,1009.0,69.0,HEALTHY,replay,,0.0
2025-01-01T16:00:00+00:00,AWS-CHN-103,27.4,1005.7,65.0,False,,low,0.0,NORMAL,26.9,1008.9,72.0,HEALTHY,replay,,0.0
2025-01-01T17:00:00+00:00,AWS-CHN-103,26.3,1006.0,72.0,False,,low,0.0,NORMAL,25.8,1009.2,78.0,HEALTHY,replay,,0.0
2025-01-01T18:00:00+00:00,AWS-CHN-103,25.2,1006.6,81.0,False,,low,0.0,NORMAL,25.1,1009.8,84.0,HEALTHY,replay,,0.0
2025-01-01T19:00:00+00:00,AWS-CHN-103,24.2,1007.9,88.0,False,,low,0.0,NORMAL,24.7,1011.1,88.0,HEALTHY,replay,,0.0
2025-01-01T20:00:00+00:00,AWS-CHN-103,23.8,1008.5,91.0,False,,low,0.0,NORMAL,24.5,1011.7,88.0,HEALTHY,replay,,0.0
2025-01-01T21:00:00+00:00,AWS-CHN-103,23.4,1009.2,93.0,False,,low,0.0,NORMAL,24.2,1012.4,90.0,HEALTHY,replay,,0.0
2025-01-01T22:00:00+00:00,AWS-CHN-103,23.0,1009.2,95.0,False,,low,0.0,NORMAL,23.8,1012.2,90.0,HEALTHY,replay,,0.0
2025-01-01T23:00:00+00:00,AWS-CHN-103,22.5,1008.6,96.0,False,,low,0.0,NORMAL,23.4,1011.6,90.0,HEALTHY,replay,,0.0
2025-01-02T00:00:00+00:00,AWS-CHN-103,22.1,1008.0,95.0,False,,low,0.3,NORMAL,23.3,1011.0,89.0,HEALTHY,replay,0.6,0.0
2025-01-02T01:00:00+00:00,AWS-CHN-103,22.1,1007.3,94.0,False,,low,0.4,NORMAL,23.2,1010.4,94.0,HEALTHY,replay,0.7,0.0
2025-01-02T02:00:00+00:00,AWS-CHN-103,22.2,1006.7,93.0,False,,low,0.4,NORMAL,22.5,1009.7,94.0,HEALTHY,replay,0.7,0.0
2025-01-02T03:00:00+00:00,AWS-CHN-103,22.1,1006.4,94.0,False,,low,0.4,NORMAL,22.2,1009.4,93.0,HEALTHY,replay,0.6,0.0
2025-01-02T04:00:00+00:00,AWS-CHN-103,21.4,1006.3,95.0,False,,low,0.6,NORMAL,21.8,1009.4,93.0,HEALTHY,replay,1.1,0.0
2025-01-02T05:00:00+00:00,AWS-CHN-103,20.9,1006.8,96.0,False,,low,0.8,NORMAL,21.5,1009.8,92.0,HEALTHY,replay,1.3,0.0
2025-01-02T06:00:00+00:00,AWS-CHN-103,22.2,1007.6,97.0,False,,low,0.9,NORMAL,22.5,1010.7,95.0,HEALTHY,replay,1.6,0.0
2025-01-02T07:00:00+00:00,AWS-CHN-103,23.1,1008.7,93.0,False,,low,0.7,NORMAL,23.4,1011.7,91.0,HEALTHY,replay,1.1,0.0
2025-01-02T08:00:00+00:00,AWS-CHN-103,24.8,1009.5,86.0,False,,low,0.9,NORMAL,25.3,1012.7,83.0,HEALTHY,replay,1.5,0.0
2025-01-02T09:00:00+00:00,AWS-CHN-103,26.4,1009.9,73.0,False,,low,2.1,NORMAL,26.7,1013.1,67.0,HEALTHY,replay,3.5,0.0
2025-01-02T10:00:00+00:00,AWS-CHN-103,27.4,1009.9,65.0,False,,low,4.1,NORMAL,27.4,1013.0,61.0,HEALTHY,replay,6.9,0.0
2025-01-02T11:00:00+00:00,AWS-CHN-103,28.2,1009.3,58.0,False,,low,4.9,NORMAL,27.8,1012.5,59.0,HEALTHY,replay,8.2,0.0
2025-01-02T12:00:00+00:00,AWS-CHN-103,28.3,1008.5,57.0,False,,low,4.2,NORMAL,28.1,1011.7,58.0,HEALTHY,replay,6.9,0.0
2025-01-02T13:00:00+00:00,AWS-CHN-103,28.5,1007.5,55.0,False,,low,3.8,NORMAL,27.9,1010.8,57.0,HEALTHY,replay,6.3,0.0
2025-01-02T14:00:00+00:00,AWS-CHN-103,28.3,1006.6,55.0,False,,low,2.9,NORMAL,27.7,1009.9,57.0,HEALTHY,replay,4.9,0.0
2025-01-02T15:00:00+00:00,AWS-CHN-103,27.8,1006.4,56.0,False,,low,1.2,NORMAL,27.1,1009.6,59.0,HEALTHY,replay,2.0,0.0
2025-01-02T16:00:00+00:00,AWS-CHN-103,26.9,1006.4,59.0,False,,low,0.8,NORMAL,26.7,1009.6,61.0,HEALTHY,replay,1.4,0.0
2025-01-02T17:00:00+00:00,AWS-CHN-103,25.7,1006.8,66.0,False,,low,0.5,NORMAL,25.7,1010.1,67.0,HEALTHY,replay,0.8,0.0
2025-01-02T18:00:00+00:00,AWS-CHN-103,24.8,1007.2,72.0,False,,low,0.3,NORMAL,24.8,1010.4,77.0,HEALTHY,replay,0.5,0.0
2025-01-02T19:00:00+00:00,AWS-CHN-103,23.7,1008.4,78.0,False,,low,0.4,NORMAL,23.9,1011.5,82.0,HEALTHY,replay,0.6,0.0
2025-01-02T20:00:00+00:00,AWS-CHN-103,23.1,1009.0,81.0,False,,low,0.4,NORMAL,23.5,1012.1,82.0,HEALTHY,replay,0.7,0.0
2025-01-02T21:00:00+00:00,AWS-CHN-103,23.2,1009.4,81.0,False,,low,0.2,NORMAL,23.3,1012.5,82.0,HEALTHY,replay,0.4,0.0
2025-01-02T22:00:00+00:00,AWS-CHN-103,22.8,1009.4,82.0,False,,low,0.2,NORMAL,23.0,1012.5,84.0,HEALTHY,replay,0.4,0.0
2025-01-02T23:00:00+00:00,AWS-CHN-103,22.3,1009.3,84.0,False,,low,0.3,NORMAL,23.0,1012.3,86.0,HEALTHY,replay,0.5,0.0
2025-01-03T00:00:00+00:00,AWS-CHN-103,22.5,1008.9,83.0,False,,low,0.5,NORMAL,22.9,1011.9,86.0,HEALTHY,replay,0.8,0.0
2025-01-03T01:00:00+00:00,AWS-CHN-103,22.6,1008.1,82.0,False,,low,0.4,NORMAL,22.3,1011.2,87.0,HEALTHY,replay,0.7,0.0
2025-01-03T02:00:00+00:00,AWS-CHN-103,22.5,1007.5,83.0,False,,low,0.3,NORMAL,22.0,1010.6,86.0,HEALTHY,replay,0.5,0.0
2025-01-03T03:00:00+00:00,AWS-CHN-103,22.1,1007.0,84.0,False,,low,0.3,NORMAL,22.0,1010.0,87.0,HEALTHY,replay,0.5,0.0
2025-01-03T04:00:00+00:00,AWS-CHN-103,21.4,1006.9,88.0,False,,low,0.3,NORMAL,21.7,1010.0,87.0,HEALTHY,replay,0.4,0.0
2025-01-03T05:00:00+00:00,AWS-CHN-103,21.0,1007.2,89.0,False,,low,0.3,NORMAL,21.4,1010.2,91.0,HEALTHY,replay,0.6,0.0
2025-01-03T06:00:00+00:00,AWS-CHN-103,21.8,1008.5,89.0,False,,low,0.4,NORMAL,21.7,1011.5,93.0,HEALTHY,replay,0.7,0.0
2025-01-03T07:00:00+00:00,AWS-CHN-103,22.7,1009.6,85.0,False,,low,0.8,NORMAL,22.8,1012.6,88.0,HEALTHY,replay,1.4,0.0
2025-01-03T08:00:00+00:00,AWS-CHN-103,24.6,1010.3,77.0,False,,low,0.8,NORMAL,24.6,1013.4,80.0,HEALTHY,replay,1.3,0.0
2025-01-03T09:00:00+00:00,AWS-CHN-103,26.5,1010.7,66.0,False,,low,1.1,NORMAL,26.3,1013.9,71.0,HEALTHY,replay,1.9,0.0
2025-01-03T10:00:00+00:00,AWS-CHN-103,27.4,1010.5,60.0,False,,low,1.0,NORMAL,27.5,1013.5,63.0,HEALTHY,replay,1.7,0.0
2025-01-03T11:00:00+00:00,AWS-CHN-103,28.0,1010.0,58.0,False,,low,0.4,NORMAL,28.1,1013.0,56.0,HEALTHY,replay,0.7,0.0
2025-01-03T12:00:00+00:00,AWS-CHN-103,28.5,1008.8,55.0,False,,low,0.8,NORMAL,28.5,1011.9,53.0,HEALTHY,replay,1.4,0.0
2025-01-03T13:00:00+00:00,AWS-CHN-103,28.8,1007.9,53.0,False,,low,0.8,NORMAL,28.3,1011.1,53.0,HEALTHY,replay,1.3,0.0
2025-01-03T14:00:00+00:00,AWS-CHN-103,28.6,1006.9,53.0,False,,low,1.0,NORMAL,28.1,1010.1,53.0,HEALTHY,replay,1.7,0.0
2025-01-03T15:00:00+00:00,AWS-CHN-103,27.8,1006.5,54.0,False,,low,0.6,NORMAL,27.7,1009.7,54.0,HEALTHY,replay,1.0,0.0
2025-01-03T16:00:00+00:00,AWS-CHN-103,27.0,1006.4,56.0,False,,low,0.4,NORMAL,27.0,1009.6,56.0,HEALTHY,replay,0.6,0.0
2025-01-03T17:00:00+00:00,AWS-CHN-103,25.7,1006.4,63.0,False,,low,0.3,NORMAL,25.6,1009.7,62.0,HEALTHY,replay,0.5,0.0
2025-01-03T18:00:00+00:00,AWS-CHN-103,24.3,1007.1,71.0,False,,low,0.4,NORMAL,24.0,1010.2,74.0,HEALTHY,replay,0.6,0.0
2025-01-03T19:00:00+00:00,AWS-CHN-103,23.3,1007.8,77.0,False,,low,0.3,NORMAL,23.6,1010.9,80.0,HEALTHY,replay,0.5,0.0
2026-09-22T07:00:00+00:00,AWS-CHN-103,33.3,1001.1,58.0,False,,low,0.0,NORMAL,33.1,1004.1,59.0,HEALTHY,live,,0.0
2026-09-22T07:30:00+00:00,AWS-CHN-103,33.4,1000.5,56.0,False,,low,0.0,NORMAL,33.1,1003.5,57.0,HEALTHY,live,,0.0
2025-01-01T00:00:00+00:00,AWS-CHN-103,23.2,1009.4,96.0,False,,low,0.0,NORMAL,23.9,1012.4,90.0,HEALTHY,replay,,0.0
2025-01-01T01:00:00+00:00,AWS-CHN-103,22.9,1008.5,97.0,False,,low,0.0,NORMAL,23.7,1011.5,90.0,HEALTHY,replay,,0.0
2025-01-01T02:00:00+00:00,AWS-CHN-103,22.8,1007.8,97.0,False,,low,0.0,NORMAL,23.5,1010.7,91.0,HEALTHY,replay,,0.0
2025-01-01T03:00:00+00:00,AWS-CHN-103,22.5,1007.2,97.0,False,,low,0.0,NORMAL,23.1,1010.1,92.0,HEALTHY,replay,,0.0
2025-01-01T04:00:00+00:00,AWS-CHN-103,22.4,1006.9,97.0,False,,low,0.0,NORMAL,22.9,1010.0,93.0,HEALTHY,replay,,0.0
2025-01-01T05:00:00+00:00,AWS-CHN-103,22.1,1007.3,97.0,False,,low,0.0,NORMAL,22.5,1010.3,94.0,HEALTHY,replay,,0.0
2025-01-01T06:00:00+00:00,AWS-CHN-103,22.5,1008.0,99.0,False,,low,0.0,NORMAL,22.3,1011.1,99.0,HEALTHY,replay,,0.0
2025-01-01T07:00:00+00:00,AWS-CHN-103,23.0,1008.9,98.0,False,,low,0.0,NORMAL,23.1,1012.0,96.0,HEALTHY,replay,,0.0
2025-01-01T08:00:00+00:00,AWS-CHN-103,24.3,1009.7,91.0,False,,low,0.0,NORMAL,24.8,1012.8,90.0,HEALTHY,replay,,0.0
2025-01-01T09:00:00+00:00,AWS-CHN-103,26.2,1009.8,80.0,False,,low,0.0,NORMAL,27.0,1012.9,76.0,HEALTHY,replay,,0.0
2025-01-01T10:00:00+00:00,AWS-CHN-103,27.7,1009.8,70.0,False,,low,0.0,NORMAL,27.9,1012.8,68.0,HEALTHY,replay,,0.0
2025-01-01T11:00:00+00:00,AWS-CHN-103,28.9,1009.4,62.0,False,,low,0.0,NORMAL,28.3,1012.6,66.0,HEALTHY,replay,,0.0
2025-01-01T12:00:00+00:00,AWS-CHN-103,29.3,1008.3,60.0,False,,low,0.0,NORMAL,28.5,1011.5,64.0,HEALTHY,replay,,0.0
2025-01-01T13:00:00+00:00,AWS-CHN-103,29.4,1007.2,58.0,False,,low,0.0,NORMAL,28.4,1010.5,66.0,HEALTHY,replay,,0.0
2025-01-01T14:00:00+00:00,AWS-CHN-103,29.1,1006.2,59.0,False,,low,0.0,NORMAL,28.1,1009.5,67.0,HEALTHY,replay,,0.0
2025-01-01T15:00:00+00:00,AWS-CHN-103,28.4,1005.8,62.0,False,,low,0.0,NORMAL,27.7,1009.0,69.0,HEALTHY,replay,,0.0
2025-01-01T16:00:00+00:00,AWS-CHN-103,27.4,1005.7,65.0,False,,low,0.0,NORMAL,26.9,1008.9,72.0,HEALTHY,replay,,0.0
2025-01-01T17:00:00+00:00,AWS-CHN-103,26.3,1006.0,72.0,False,,low,0.0,NORMAL,25.8,1009.2,78.0,HEALTHY,replay,,0.0
2025-01-01T18:00:00+00:00,AWS-CHN-103,25.2,1006.6,81.0,False,,low,0.0,NORMAL,25.1,1009.8,84.0,HEALTHY,replay,,0.0
2025-01-01T19:00:00+00:00,AWS-CHN-103,24.2,1007.9,88.0,False,,low,0.0,NORMAL,24.7,1011.1,88.0,HEALTHY,replay,,0.0
2025-01-01T20:00:00+00:00,AWS-CHN-103,23.8,1008.5,91.0,False,,low,0.0,NORMAL,24.5,1011.7,88.0,HEALTHY,replay,,0.0
2025-01-01T21:00:00+00:00,AWS-CHN-103,23.4,1009.2,93.0,False,,low,0.0,NORMAL,24.2,1012.4,90.0,HEALTHY,replay,,0.0
2025-01-01T22:00:00+00:00,AWS-CHN-103,23.0,1009.2,95.0,False,,low,0.0,NORMAL,23.8,1012.2,90.0,HEALTHY,replay,,0.0
2025-01-01T23:00:00+00:00,AWS-CHN-103,22.5,1008.6,96.0,False,,low,0.0,NORMAL,23.4,1011.6,90.0,HEALTHY,replay,,0.0
2025-01-02T00:00:00+00:00,AWS-CHN-103,22.1,1008.0,95.0,False,,low,0.3,NORMAL,23.3,1011.0,89.0,HEALTHY,replay,0.6,0.0
2025-01-02T01:00:00+00:00,AWS-CHN-103,22.1,1007.3,94.0,False,,low,0.4,NORMAL,23.2,1010.4,94.0,HEALTHY,replay,0.7,0.0
2025-01-02T02:00:00+00:00,AWS-CHN-103,22.2,1006.7,93.0,False,,low,0.4,NORMAL,22.5,1009.7,94.0,HEALTHY,replay,0.7,0.0
2025-01-02T03:00:00+00:00,AWS-CHN-103,22.1,1006.4,94.0,False,,low,0.4,NORMAL,22.2,1009.4,93.0,HEALTHY,replay,0.6,0.0
2025-01-02T04:00:00+00:00,AWS-CHN-103,21.4,1006.3,95.0,False,,low,0.6,NORMAL,21.8,1009.4,93.0,HEALTHY,replay,1.1,0.0
2025-01-02T05:00:00+00:00,AWS-CHN-103,20.9,1006.8,96.0,False,,low,0.8,NORMAL,21.5,1009.8,92.0,HEALTHY,replay,1.3,0.0
2025-01-02T06:00:00+00:00,AWS-CHN-103,22.2,1007.6,97.0,False,,low,0.9,NORMAL,22.5,1010.7,95.0,HEALTHY,replay,1.6,0.0
2025-01-02T07:00:00+00:00,AWS-CHN-103,23.1,1008.7,93.0,False,,low,0.7,NORMAL,23.4,1011.7,91.0,HEALTHY,replay,1.1,0.0
2025-01-02T08:00:00+00:00,AWS-CHN-103,24.8,1009.5,86.0,False,,low,0.9,NORMAL,25.3,1012.7,83.0,HEALTHY,replay,1.5,0.0
2025-01-02T09:00:00+00:00,AWS-CHN-103,26.4,1009.9,73.0,False,,low,2.1,NORMAL,26.7,1013.1,67.0,HEALTHY,replay,3.5,0.0
2025-01-02T10:00:00+00:00,AWS-CHN-103,27.4,1009.9,65.0,False,,low,4.1,NORMAL,27.4,1013.0,61.0,HEALTHY,replay,6.9,0.0
2025-01-02T11:00:00+00:00,AWS-CHN-103,28.2,1009.3,58.0,False,,low,4.9,NORMAL,27.8,1012.5,59.0,HEALTHY,replay,8.2,0.0
2025-01-02T12:00:00+00:00,AWS-CHN-103,28.3,1008.5,57.0,False,,low,4.2,NORMAL,28.1,1011.7,58.0,HEALTHY,replay,6.9,0.0
2025-01-02T13:00:00+00:00,AWS-CHN-103,28.5,1007.5,55.0,False,,low,3.8,NORMAL,27.9,1010.8,57.0,HEALTHY,replay,6.3,0.0
2025-01-02T14:00:00+00:00,AWS-CHN-103,28.3,1006.6,55.0,False,,low,2.9,NORMAL,27.7,1009.9,57.0,HEALTHY,replay,4.9,0.0
2025-01-02T15:00:00+00:00,AWS-CHN-103,27.8,1006.4,56.0,False,,low,1.2,NORMAL,27.1,1009.6,59.0,HEALTHY,replay,2.0,0.0
2025-01-02T16:00:00+00:00,AWS-CHN-103,26.9,1006.4,59.0,False,,low,0.8,NORMAL,26.7,1009.6,61.0,HEALTHY,replay,1.4,0.0
2025-01-02T17:00:00+00:00,AWS-CHN-103,25.7,1006.8,66.0,False,,low,0.5,NORMAL,25.7,1010.1,67.0,HEALTHY,replay,0.8,0.0
2025-01-02T18:00:00+00:00,AWS-CHN-103,24.8,1007.2,72.0,False,,low,0.3,NORMAL,24.8,1010.4,77.0,HEALTHY,replay,0.5,0.0
2025-01-02T19:00:00+00:00,AWS-CHN-103,23.7,1008.4,78.0,False,,low,0.4,NORMAL,23.9,1011.5,82.0,HEALTHY,replay,0.6,0.0
2025-01-02T20:00:00+00:00,AWS-CHN-103,23.1,1009.0,81.0,False,,low,0.4,NORMAL,23.5,1012.1,82.0,HEALTHY,replay,0.7,0.0
2025-01-02T21:00:00+00:00,AWS-CHN-103,23.2,1009.4,81.0,False,,low,0.2,NORMAL,23.3,1012.5,82.0,HEALTHY,replay,0.4,0.0
2025-01-02T22:00:00+00:00,AWS-CHN-103,22.8,1009.4,82.0,False,,low,0.2,NORMAL,23.0,1012.5,84.0,HEALTHY,replay,0.4,0.0
2025-01-02T23:00:00+00:00,AWS-CHN-103,22.3,1009.3,84.0,False,,low,0.3,NORMAL,23.0,1012.3,86.0,HEALTHY,replay,0.5,0.0
2025-01-03T00:00:00+00:00,AWS-CHN-103,22.5,1008.9,83.0,False,,low,0.5,NORMAL,22.9,1011.9,86.0,HEALTHY,replay,0.8,0.0
2025-01-03T01:00:00+00:00,AWS-CHN-103,22.6,1008.1,82.0,False,,low,0.4,NORMAL,22.3,1011.2,87.0,HEALTHY,replay,0.7,0.0
2025-01-03T02:00:00+00:00,AWS-CHN-103,22.5,1007.5,83.0,False,,low,0.3,NORMAL,22.0,1010.6,86.0,HEALTHY,replay,0.5,0.0
2025-01-03T03:00:00+00:00,AWS-CHN-103,22.1,1007.0,84.0,False,,low,0.3,NORMAL,22.0,1010.0,87.0,HEALTHY,replay,0.5,0.0
2025-01-03T04:00:00+00:00,AWS-CHN-103,21.4,1006.9,88.0,False,,low,0.3,NORMAL,21.7,1010.0,87.0,HEALTHY,replay,0.4,0.0
2025-01-03T05:00:00+00:00,AWS-CHN-103,21.0,1007.2,89.0,False,,low,0.3,NORMAL,21.4,1010.2,91.0,HEALTHY,replay,0.6,0.0
2025-01-03T06:00:00+00:00,AWS-CHN-103,21.8,1008.5,89.0,False,,low,0.4,NORMAL,21.7,1011.5,93.0,HEALTHY,replay,0.7,0.0
2025-01-03T07:00:00+00:00,AWS-CHN-103,22.7,1009.6,85.0,False,,low,0.8,NORMAL,22.8,1012.6,88.0,HEALTHY,replay,1.4,0.0
2025-01-03T08:00:00+00:00,AWS-CHN-103,24.6,1010.3,77.0,False,,low,0.8,NORMAL,24.6,1013.4,80.0,HEALTHY,replay,1.3,0.0
2025-01-03T09:00:00+00:00,AWS-CHN-103,26.5,1010.7,66.0,False,,low,1.1,NORMAL,26.3,1013.9,71.0,HEALTHY,replay,1.9,0.0
2025-01-03T10:00:00+00:00,AWS-CHN-103,27.4,1010.5,60.0,False,,low,1.0,NORMAL,27.5,1013.5,63.0,HEALTHY,replay,1.7,0.0
2025-01-03T11:00:00+00:00,AWS-CHN-103,28.0,1010.0,58.0,False,,low,0.4,NORMAL,28.1,1013.0,56.0,HEALTHY,replay,0.7,0.0
2025-01-03T12:00:00+00:00,AWS-CHN-103,28.5,1008.8,55.0,False,,low,0.8,NORMAL,28.5,1011.9,53.0,HEALTHY,replay,1.4,0.0
2025-01-03T13:00:00+00:00,AWS-CHN-103,28.8,1007.9,53.0,False,,low,0.8,NORMAL,28.3,1011.1,53.0,HEALTHY,replay,1.3,0.0
2025-01-03T14:00:00+00:00,AWS-CHN-103,28.6,1006.9,53.0,False,,low,1.0,NORMAL,28.1,1010.1,53.0,HEALTHY,replay,1.7,0.0
2025-01-03T15:00:00+00:00,AWS-CHN-103,27.8,1006.5,54.0,False,,low,0.6,NORMAL,27.7,1009.7,54.0,HEALTHY,replay,1.0,0.0
2025-01-03T16:00:00+00:00,AWS-CHN-103,27.0,1006.4,56.0,False,,low,0.4,NORMAL,27.0,1009.6,56.0,HEALTHY,replay,0.6,0.0
2025-01-03T17:00:00+00:00,AWS-CHN-103,25.7,1006.4,63.0,False,,low,0.3,NORMAL,25.6,1009.7,62.0,HEALTHY,replay,0.5,0.0
2025-01-03T18:00:00+00:00,AWS-CHN-103,24.3,1007.1,71.0,False,,low,0.4,NORMAL,24.0,1010.2,74.0,HEALTHY,replay,0.6,0.0
2025-01-03T19:00:00+00:00,AWS-CHN-103,23.3,1007.8,77.0,False,,low,0.3,NORMAL,23.6,1010.9,80.0,HEALTHY,replay,0.5,0.0
2025-01-03T20:00:00+00:00,AWS-CHN-103,22.7,1008.2,81.0,False,,low,0.2,NORMAL,23.0,1011.3,84.0,HEALTHY,replay,0.3,0.0
2025-01-03T21:00:00+00:00,AWS-CHN-103,22.4,1008.4,83.0,False,,low,0.2,NORMAL,22.8,1011.5,84.0,HEALTHY,replay,0.4,0.0
2025-01-03T22:00:00+00:00,AWS-CHN-103,21.8,1008.4,87.0,False,,low,0.2,NORMAL,22.6,1011.4,83.0,HEALTHY,replay,0.4,0.0
2025-01-03T23:00:00+00:00,AWS-CHN-103,21.4,1008.0,89.0,False,,low,0.2,NORMAL,22.0,1011.0,85.0,HEALTHY,replay,0.4,0.0
2025-01-04T00:00:00+00:00,AWS-CHN-103,20.7,1007.4,92.0,False,,low,0.2,NORMAL,21.6,1010.5,86.0,HEALTHY,replay,0.4,0.0
2025-01-04T01:00:00+00:00,AWS-CHN-103,20.4,1007.1,93.0,False,,low,0.2,NORMAL,21.3,1010.2,88.0,HEALTHY,replay,0.3,0.0
2025-01-04T02:00:00+00:00,AWS-CHN-103,20.3,1006.4,93.0,False,,low,0.2,NORMAL,21.2,1009.5,89.0,HEALTHY,replay,0.4,0.0
2025-01-04T03:00:00+00:00,AWS-CHN-103,20.3,1005.9,93.0,False,,low,0.3,NORMAL,20.8,1009.1,93.0,HEALTHY,replay,0.5,0.0
2025-01-04T04:00:00+00:00,AWS-CHN-103,20.1,1006.0,93.0,False,,low,0.3,NORMAL,20.5,1009.2,95.0,HEALTHY,replay,0.4,0.0
2025-01-04T05:00:00+00:00,AWS-CHN-103,19.9,1006.6,93.0,False,,low,0.2,NORMAL,20.6,1009.8,96.0,HEALTHY,replay,0.3,0.0
2025-01-04T06:00:00+00:00,AWS-CHN-103,20.8,1007.6,92.0,False,,low,0.3,NORMAL,21.3,1010.8,95.0,HEALTHY,replay,0.6,0.0
2025-01-04T07:00:00+00:00,AWS-CHN-103,21.8,1008.5,90.0,False,,low,0.3,NORMAL,21.9,1011.6,93.0,HEALTHY,replay,0.5,0.0
2025-01-04T08:00:00+00:00,AWS-CHN-103,23.9,1009.3,82.0,False,,low,0.3,NORMAL,23.9,1012.4,84.0,HEALTHY,replay,0.5,0.0
2025-01-04T09:00:00+00:00,AWS-CHN-103,25.6,1009.9,73.0,False,,low,0.5,NORMAL,25.7,1013.0,74.0,HEALTHY,replay,0.8,0.0
2025-01-04T10:00:00+00:00,AWS-CHN-103,26.7,1009.8,64.0,False,,low,0.7,NORMAL,26.9,1012.8,64.0,HEALTHY,replay,1.2,0.0
2025-01-04T11:00:00+00:00,AWS-CHN-103,27.3,1008.9,60.0,False,,low,0.4,NORMAL,27.6,1012.0,58.0,HEALTHY,replay,0.7,0.0
2025-01-04T12:00:00+00:00,AWS-CHN-103,27.7,1007.8,58.0,False,,low,0.7,NORMAL,27.8,1011.0,55.0,HEALTHY,replay,1.1,0.0
2025-01-04T13:00:00+00:00,AWS-CHN-103,28.2,1006.7,55.0,False,,low,1.3,NORMAL,27.8,1009.9,55.0,HEALTHY,replay,2.1,0.0
2025-01-04T14:00:00+00:00,AWS-CHN-103,28.0,1005.7,54.0,False,,low,1.3,NORMAL,27.6,1008.9,54.0,HEALTHY,replay,2.1,0.0
2025-01-04T15:00:00+00:00,AWS-CHN-103,27.5,1005.4,54.0,False,,low,0.5,NORMAL,27.3,1008.6,54.0,HEALTHY,replay,0.8,0.0
2025-01-04T16:00:00+00:00,AWS-CHN-103,26.8,1005.4,56.0,False,,low,0.2,NORMAL,26.7,1008.6,57.0,HEALTHY,replay,0.4,0.0
2025-01-04T17:00:00+00:00,AWS-CHN-103,25.4,1005.5,62.0,False,,low,0.2,NORMAL,25.4,1008.8,63.0,HEALTHY,replay,0.3,0.0
2025-01-04T18:00:00+00:00,AWS-CHN-103,23.9,1006.1,71.0,False,,low,0.5,NORMAL,24.4,1009.3,72.0,HEALTHY,replay,0.8,0.0
2025-01-04T19:00:00+00:00,AWS-CHN-103,23.3,1007.4,75.0,False,,low,0.3,NORMAL,23.7,1010.6,76.0,HEALTHY,replay,0.4,0.0
2025-01-04T20:00:00+00:00,AWS-CHN-103,22.8,1008.0,77.0,False,,low,0.2,NORMAL,23.1,1011.1,80.0,HEALTHY,replay,0.4,0.0
2025-01-04T21:00:00+00:00,AWS-CHN-103,22.3,1008.5,80.0,False,,low,0.1,NORMAL,23.0,1011.6,81.0,HEALTHY,replay,0.2,0.0
2025-01-04T22:00:00+00:00,AWS-CHN-103,21.7,1008.7,83.0,False,,low,0.1,NORMAL,22.7,1011.7,83.0,HEALTHY,replay,0.2,0.0
2025-01-04T23:00:00+00:00,AWS-CHN-103,21.1,1008.2,86.0,False,,low,0.1,NORMAL,22.5,1011.3,83.0,HEALTHY,replay,0.1,0.0
2025-01-05T00:00:00+00:00,AWS-CHN-103,20.9,1007.6,87.0,False,,low,0.1,NORMAL,22.5,1010.8,83.0,HEALTHY,replay,0.2,0.0
2025-01-05T01:00:00+00:00,AWS-CHN-103,20.7,1007.1,88.0,False,,low,0.1,NORMAL,22.3,1010.3,83.0,HEALTHY,replay,0.1,0.0
2025-01-05T02:00:00+00:00,AWS-CHN-103,20.8,1006.9,87.0,False,,low,0.1,NORMAL,21.6,1009.9,85.0,HEALTHY,replay,0.2,0.0
2025-01-05T03:00:00+00:00,AWS-CHN-103,20.7,1006.7,87.0,False,,low,0.1,NORMAL,21.1,1009.8,89.0,HEALTHY,replay,0.2,0.0
2025-01-05T04:00:00+00:00,AWS-CHN-103,19.8,1006.7,91.0,False,,low,0.1,NORMAL,21.1,1009.9,91.0,HEALTHY,replay,0.2,0.0
2025-01-05T05:00:00+00:00,AWS-CHN-103,19.4,1007.1,92.0,False,,low,0.2,NORMAL,21.2,1010.4,91.0,HEALTHY,replay,0.3,0.0
2025-01-05T06:00:00+00:00,AWS-CHN-103,20.7,1007.9,94.0,False,,low,0.3,NORMAL,21.2,1011.1,95.0,HEALTHY,replay,0.5,0.0
2025-01-05T07:00:00+00:00,AWS-CHN-103,21.5,1008.9,90.0,False,,low,0.2,NORMAL,22.2,1012.1,91.0,HEALTHY,replay,0.3,0.0
2025-01-05T08:00:00+00:00,AWS-CHN-103,23.8,1009.7,83.0,False,,low,0.4,NORMAL,24.2,1012.9,84.0,HEALTHY,replay,0.7,0.0
2025-01-05T09:00:00+00:00,AWS-CHN-103,25.8,1009.8,71.0,False,,low,0.5,NORMAL,26.0,1013.0,73.0,HEALTHY,replay,0.9,0.0
2025-01-05T10:00:00+00:00,AWS-CHN-103,27.0,1009.6,63.0,False,,low,0.4,NORMAL,27.2,1012.7,64.0,HEALTHY,replay,0.7,0.0
2025-01-05T11:00:00+00:00,AWS-CHN-103,27.4,1009.0,60.0,False,,low,0.2,NORMAL,27.9,1012.1,60.0,HEALTHY,replay,0.4,0.0
2025-01-05T12:00:00+00:00,AWS-CHN-103,27.7,1007.9,58.0,False,,low,0.4,NORMAL,28.3,1011.1,57.0,HEALTHY,replay,0.7,0.0
2025-01-05T13:00:00+00:00,AWS-CHN-103,28.1,1006.8,56.0,False,,low,0.6,NORMAL,28.1,1010.0,54.0,HEALTHY,replay,1.0,0.0
2025-01-05T14:00:00+00:00,AWS-CHN-103,28.2,1005.7,55.0,False,,low,0.8,NORMAL,27.9,1009.0,54.0,HEALTHY,replay,1.4,0.0
2025-01-05T15:00:00+00:00,AWS-CHN-103,27.9,1005.2,54.0,False,,low,0.5,NORMAL,27.6,1008.6,54.0,HEALTHY,replay,0.9,0.0
2025-01-05T16:00:00+00:00,AWS-CHN-103,27.0,1005.4,56.0,False,,low,0.2,NORMAL,26.8,1008.7,56.0,HEALTHY,replay,0.4,0.0
2025-01-05T17:00:00+00:00,AWS-CHN-103,25.5,1005.9,62.0,False,,low,0.2,NORMAL,25.3,1009.2,62.0,HEALTHY,replay,0.3,0.0
2025-01-05T18:00:00+00:00,AWS-CHN-103,24.8,1006.1,70.0,False,,low,0.2,NORMAL,24.6,1009.3,70.0,HEALTHY,replay,0.4,0.0
2025-01-05T19:00:00+00:00,AWS-CHN-103,23.7,1007.1,75.0,False,,low,0.2,NORMAL,23.9,1010.3,77.0,HEALTHY,replay,0.3,0.0
2025-01-05T20:00:00+00:00,AWS-CHN-103,23.0,1008.0,77.0,False,,low,0.2,NORMAL,23.3,1011.2,80.0,HEALTHY,replay,0.3,0.0
2025-01-05T21:00:00+00:00,AWS-CHN-103,22.3,1008.6,82.0,False,,low,0.2,NORMAL,22.8,1011.7,83.0,HEALTHY,replay,0.3,0.0
2025-01-05T22:00:00+00:00,AWS-CHN-103,21.7,1008.9,85.0,False,,low,0.1,NORMAL,23.3,1012.0,76.0,HEALTHY,replay,0.2,0.0
2025-01-05T23:00:00+00:00,AWS-CHN-103,21.4,1008.2,85.0,False,,low,0.1,NORMAL,22.6,1011.3,77.0,HEALTHY,replay,0.1,0.0
2025-01-06T00:00:00+00:00,AWS-CHN-103,21.1,1007.7,83.0,False,,low,0.1,NORMAL,22.4,1010.7,77.0,HEALTHY,replay,0.2,0.0
2025-01-06T01:00:00+00:00,AWS-CHN-103,20.4,1006.9,84.0,False,,low,0.1,NORMAL,22.1,1010.0,79.0,HEALTHY,replay,0.2,0.0
2025-01-06T02:00:00+00:00,AWS-CHN-103,20.1,1006.4,84.0,False,,low,0.1,NORMAL,21.6,1009.5,79.0,HEALTHY,replay,0.2,0.0
2025-01-06T03:00:00+00:00,AWS-CHN-103,19.3,1006.0,88.0,False,,low,0.1,NORMAL,20.9,1009.2,82.0,HEALTHY,replay,0.2,0.0
2025-01-06T04:00:00+00:00,AWS-CHN-103,19.2,1006.0,90.0,False,,low,0.1,NORMAL,20.2,1009.2,89.0,HEALTHY,replay,0.2,0.0
2025-01-06T05:00:00+00:00,AWS-CHN-103,19.4,1006.5,90.0,False,,low,0.1,NORMAL,20.1,1009.6,89.0,HEALTHY,replay,0.2,0.0
2025-01-06T06:00:00+00:00,AWS-CHN-103,22.5,1007.1,82.0,False,,low,0.6,NORMAL,22.3,1010.1,87.0,HEALTHY,replay,1.0,0.0
2025-01-06T07:00:00+00:00,AWS-CHN-103,22.9,1008.1,82.0,False,,low,0.3,NORMAL,22.4,1011.1,87.0,HEALTHY,replay,0.4,0.0
2025-01-06T08:00:00+00:00,AWS-CHN-103,24.3,1009.1,77.0,False,,low,0.3,NORMAL,24.6,1012.1,79.0,HEALTHY,replay,0.5,0.0
2025-01-06T09:00:00+00:00,AWS-CHN-103,26.1,1009.5,67.0,False,,low,0.5,NORMAL,25.7,1012.6,74.0,HEALTHY,replay,0.9,0.0
2025-01-06T10:00:00+00:00,AWS-CHN-103,27.2,1009.3,60.0,False,,low,0.5,NORMAL,27.2,1012.4,63.0,HEALTHY,replay,0.9,0.0
2025-01-06T11:00:00+00:00,AWS-CHN-103,27.2,1008.5,60.0,False,,low,0.3,NORMAL,26.7,1011.6,63.0,HEALTHY,replay,0.5,0.0
2025-01-06T12:00:00+00:00,AWS-CHN-103,27.0,1007.4,65.0,False,,low,0.7,NORMAL,27.7,1010.4,62.0,HEALTHY,replay,1.1,0.0
2025-01-06T13:00:00+00:00,AWS-CHN-103,27.6,1006.0,62.0,False,,low,1.4,NORMAL,27.8,1009.1,53.0,HEALTHY,replay,2.3,0.0
2025-01-06T14:00:00+00:00,AWS-CHN-103,28.1,1005.1,59.0,False,,low,1.7,NORMAL,28.9,1008.1,50.0,HEALTHY,replay,2.9,0.0
2025-01-06T15:00:00+00:00,AWS-CHN-103,28.0,1005.0,58.0,False,,low,0.5,NORMAL,28.4,1008.1,52.0,HEALTHY,replay,0.8,0.0
2025-01-06T16:00:00+00:00,AWS-CHN-103,27.5,1005.0,59.0,False,,low,0.4,NORMAL,27.7,1008.2,55.0,HEALTHY,replay,0.7,0.0
2025-01-06T17:00:00+00:00,AWS-CHN-103,26.3,1005.4,67.0,False,,low,0.3,NORMAL,26.1,1008.6,65.0,HEALTHY,replay,0.6,0.0
2025-01-06T18:00:00+00:00,AWS-CHN-103,24.9,1005.8,74.0,False,,low,0.3,NORMAL,24.7,1009.2,73.0,HEALTHY,replay,0.5,0.0
2025-01-06T19:00:00+00:00,AWS-CHN-103,23.9,1006.9,77.0,False,,low,0.2,NORMAL,24.1,1010.1,76.0,HEALTHY,replay,0.3,0.0
2025-01-06T20:00:00+00:00,AWS-CHN-103,23.1,1007.6,80.0,False,,low,0.2,NORMAL,23.6,1010.8,80.0,HEALTHY,replay,0.3,0.0
2025-01-06T21:00:00+00:00,AWS-CHN-103,22.6,1008.1,83.0,False,,low,0.1,NORMAL,23.3,1011.2,82.0,HEALTHY,replay,0.2,0.0
2025-01-06T22:00:00+00:00,AWS-CHN-103,22.3,1008.0,84.0,False,,low,0.1,NORMAL,22.9,1011.1,83.0,HEALTHY,replay,0.2,0.0
2025-01-06T23:00:00+00:00,AWS-CHN-103,21.9,1007.7,86.0,False,,low,0.1,NORMAL,22.5,1010.7,85.0,HEALTHY,replay,0.1,0.0
2025-01-07T00:00:00+00:00,AWS-CHN-103,21.3,1007.3,89.0,False,,low,0.1,NORMAL,22.5,1010.3,90.0,HEALTHY,replay,0.2,0.0
2025-01-07T01:00:00+00:00,AWS-CHN-103,21.1,1007.0,91.0,False,,low,0.1,NORMAL,22.5,1010.0,91.0,HEALTHY,replay,0.2,0.0
2025-01-07T02:00:00+00:00,AWS-CHN-103,21.1,1006.6,93.0,False,,low,0.1,NORMAL,22.4,1009.5,91.0,HEALTHY,replay,0.2,0.0
2025-01-07T03:00:00+00:00,AWS-CHN-103,21.1,1006.3,94.0,False,,low,0.1,NORMAL,22.0,1009.3,93.0,HEALTHY,replay,0.2,0.0
2025-01-07T04:00:00+00:00,AWS-CHN-103,21.1,1006.3,95.0,False,,low,0.1,NORMAL,21.8,1009.3,94.0,HEALTHY,replay,0.2,0.0
2025-01-07T05:00:00+00:00,AWS-CHN-103,21.2,1006.9,94.0,False,,low,0.2,NORMAL,21.9,1010.0,93.0,HEALTHY,replay,0.3,0.0
2025-01-07T06:00:00+00:00,AWS-CHN-103,22.2,1007.6,96.0,False,,low,0.3,NORMAL,22.3,1010.7,97.0,HEALTHY,replay,0.6,0.0
2025-01-07T07:00:00+00:00,AWS-CHN-103,22.7,1008.5,94.0,False,,low,0.2,NORMAL,22.9,1011.6,94.0,HEALTHY,replay,0.3,0.0
2025-01-07T08:00:00+00:00,AWS-CHN-103,24.3,1009.2,86.0,False,,low,0.3,NORMAL,24.0,1012.4,88.0,HEALTHY,replay,0.5,0.0
2025-01-07T09:00:00+00:00,AWS-CHN-103,25.8,1009.2,75.0,False,,low,0.5,NORMAL,25.4,1012.5,79.0,HEALTHY,replay,0.9,0.0
2025-01-07T10:00:00+00:00,AWS-CHN-103,27.0,1009.2,67.0,False,,low,0.6,NORMAL,26.4,1012.4,73.0,HEALTHY,replay,1.0,0.0
2025-01-07T11:00:00+00:00,AWS-CHN-103,27.8,1008.5,63.0,False,,low,0.3,NORMAL,27.1,1011.7,68.0,HEALTHY,replay,0.5,0.0
2025-01-07T12:00:00+00:00,AWS-CHN-103,28.3,1007.3,60.0,False,,low,0.6,NORMAL,27.3,1010.6,67.0,HEALTHY,replay,1.1,0.0
2025-01-07T13:00:00+00:00,AWS-CHN-103,28.6,1006.1,57.0,False,,low,1.2,NORMAL,27.0,1009.5,67.75,HEALTHY,replay,2.0,0.0
2025-01-07T14:00:00+00:00,AWS-CHN-103,28.8,1005.1,56.0,False,,low,1.4,NORMAL,27.3,1008.7,64.5,HEALTHY,replay,2.3,0.0
2025-01-07T15:00:00+00:00,AWS-CHN-103,28.1,1004.8,57.0,False,,low,0.4,NORMAL,26.9,1008.2,64.25,HEALTHY,replay,0.7,0.0
2025-01-07T16:00:00+00:00,AWS-CHN-103,26.9,1005.0,64.0,False,,low,0.3,NORMAL,26.5,1008.3,65.0,HEALTHY,replay,0.5,0.0
2025-01-07T17:00:00+00:00,AWS-CHN-103,25.8,1005.3,68.0,False,,low,0.2,NORMAL,25.5,1008.5,69.0,HEALTHY,replay,0.3,0.0
2025-01-07T18:00:00+00:00,AWS-CHN-103,24.8,1005.7,76.0,False,,low,0.2,NORMAL,24.7,1009.1,77.0,HEALTHY,replay,0.3,0.0
2025-01-07T19:00:00+00:00,AWS-CHN-103,24.0,1006.5,78.0,False,,low,0.2,NORMAL,24.1,1009.7,80.24,HEALTHY,replay,0.3,0.0
2025-01-07T20:00:00+00:00,AWS-CHN-103,23.5,1007.1,81.0,False,,low,0.2,NORMAL,23.9,1010.4,82.0,HEALTHY,replay,0.3,0.0
2025-01-07T21:00:00+00:00,AWS-CHN-103,23.0,1007.5,83.0,False,,low,0.1,NORMAL,23.7,1010.7,82.0,HEALTHY,replay,0.2,0.0
2025-01-07T22:00:00+00:00,AWS-CHN-103,22.6,1007.4,85.0,False,,low,0.1,NORMAL,23.4,1010.4,82.49,HEALTHY,replay,0.2,0.0
2025-01-07T23:00:00+00:00,AWS-CHN-103,22.2,1007.3,85.0,False,,low,0.1,NORMAL,23.1,1010.3,83.24,HEALTHY,replay,0.2,0.0
2025-01-08T00:00:00+00:00,AWS-CHN-103,21.8,1006.9,85.0,False,,low,0.1,NORMAL,22.7,1009.9,83.99,HEALTHY,replay,0.2,0.0
2025-01-08T01:00:00+00:00,AWS-CHN-103,21.3,1006.3,87.0,False,,low,0.1,NORMAL,22.3,1009.3,85.74,HEALTHY,replay,0.2,0.0
2025-01-08T02:00:00+00:00,AWS-CHN-103,20.8,1005.6,90.0,False,,low,0.1,NORMAL,21.7,1008.6,87.49,HEALTHY,replay,0.2,0.0
2025-01-08T03:00:00+00:00,AWS-CHN-103,19.9,1005.1,93.0,False,,low,0.2,NORMAL,20.7,1008.3,90.24,HEALTHY,replay,0.3,0.0
2025-01-08T04:00:00+00:00,AWS-CHN-103,19.1,1005.0,94.0,False,,low,0.1,NORMAL,20.0,1008.1,92.0,HEALTHY,replay,0.2,0.0
2025-01-08T05:00:00+00:00,AWS-CHN-103,18.6,1005.5,95.0,False,,low,0.1,NORMAL,19.8,1008.7,95.0,HEALTHY,replay,0.2,0.0
2025-01-08T06:00:00+00:00,AWS-CHN-103,19.6,1006.2,95.0,False,,low,0.3,NORMAL,20.6,1009.3,97.0,HEALTHY,replay,0.5,0.0
2025-01-08T07:00:00+00:00,AWS-CHN-103,20.9,1007.5,91.0,False,,low,0.3,NORMAL,21.1,1010.5,95.0,HEALTHY,replay,0.6,0.0
2025-01-08T08:00:00+00:00,AWS-CHN-103,23.1,1008.9,83.0,False,,low,1.7,NORMAL,23.3,1011.9,89.98,HEALTHY,replay,2.9,0.0
2025-01-08T09:00:00+00:00,AWS-CHN-103,25.1,1009.3,75.0,False,,low,0.7,NORMAL,25.4,1012.3,75.0,HEALTHY,replay,1.2,0.0
2025-01-08T10:00:00+00:00,AWS-CHN-103,26.4,1009.3,65.0,False,,low,0.6,NORMAL,26.8,1012.3,63.0,HEALTHY,replay,0.9,0.0
2025-01-08T11:00:00+00:00,AWS-CHN-103,27.3,1008.7,59.0,False,,low,0.6,NORMAL,27.8,1011.7,53.0,HEALTHY,replay,0.9,0.0
2025-01-08T12:00:00+00:00,AWS-CHN-103,28.1,1007.4,53.0,False,,low,1.1,NORMAL,28.1,1010.6,51.0,HEALTHY,replay,1.8,0.0
2025-01-08T13:00:00+00:00,AWS-CHN-103,28.3,1006.3,49.0,False,,low,1.2,NORMAL,28.1,1009.6,51.0,HEALTHY,replay,1.9,0.0
2025-01-08T14:00:00+00:00,AWS-CHN-103,28.1,1005.6,50.0,False,,low,0.5,NORMAL,28.0,1008.8,51.0,HEALTHY,replay,0.8,0.0
2025-01-08T15:00:00+00:00,AWS-CHN-103,27.5,1005.3,51.0,False,,low,0.4,NORMAL,27.4,1008.5,53.0,HEALTHY,replay,0.6,0.0
2025-01-08T16:00:00+00:00,AWS-CHN-103,26.8,1005.4,52.0,False,,low,0.2,NORMAL,26.7,1008.7,56.0,HEALTHY,replay,0.4,0.0
2025-01-08T17:00:00+00:00,AWS-CHN-103,25.3,1006.3,64.0,False,,low,0.5,NORMAL,25.7,1009.5,60.0,HEALTHY,replay,0.9,0.0
2025-01-08T18:00:00+00:00,AWS-CHN-103,23.8,1007.0,70.0,False,,low,0.3,NORMAL,24.2,1010.2,68.0,HEALTHY,replay,0.6,0.0
2025-01-08T19:00:00+00:00,AWS-CHN-103,22.9,1008.0,76.0,False,,low,0.4,NORMAL,23.6,1011.1,75.0,HEALTHY,replay,0.6,0.0
2025-01-08T20:00:00+00:00,AWS-CHN-103,22.2,1008.3,80.0,False,,low,0.2,NORMAL,23.3,1011.3,77.0,HEALTHY,replay,0.4,0.0
2025-01-08T21:00:00+00:00,AWS-CHN-103,21.9,1008.7,81.0,False,,low,0.3,NORMAL,23.0,1011.8,77.0,HEALTHY,replay,0.4,0.0
2025-01-08T22:00:00+00:00,AWS-CHN-103,21.6,1008.7,81.0,False,,low,0.2,NORMAL,23.0,1011.7,77.0,HEALTHY,replay,0.3,0.0
2025-01-08T23:00:00+00:00,AWS-CHN-103,21.5,1008.1,81.0,False,,low,0.1,NORMAL,22.9,1011.1,76.0,HEALTHY,replay,0.2,0.0
2025-01-09T00:00:00+00:00,AWS-CHN-103,20.9,1007.5,84.0,False,,low,0.1,NORMAL,22.3,1010.5,79.0,HEALTHY,replay,0.2,0.0
2025-01-09T01:00:00+00:00,AWS-CHN-103,20.4,1006.8,86.0,False,,low,0.1,NORMAL,22.6,1009.9,78.0,HEALTHY,replay,0.2,0.0
2025-01-09T02:00:00+00:00,AWS-CHN-103,20.2,1006.1,87.0,False,,low,0.1,NORMAL,22.6,1009.2,78.0,HEALTHY,replay,0.2,0.0
2025-01-09T03:00:00+00:00,AWS-CHN-103,20.0,1005.9,89.0,False,,low,0.1,NORMAL,22.3,1008.9,78.0,HEALTHY,replay,0.2,0.0
2025-01-09T04:00:00+00:00,AWS-CHN-103,20.1,1006.0,88.0,False,,low,0.2,NORMAL,22.4,1009.0,78.0,HEALTHY,replay,0.3,0.0
2025-01-09T05:00:00+00:00,AWS-CHN-103,20.3,1006.5,87.0,False,,low,0.2,NORMAL,22.3,1009.6,80.0,HEALTHY,replay,0.3,0.0
2025-01-09T06:00:00+00:00,AWS-CHN-103,21.4,1007.6,88.0,False,,low,0.4,NORMAL,21.7,1010.6,90.0,HEALTHY,replay,0.6,0.0
2025-01-09T07:00:00+00:00,AWS-CHN-103,21.7,1008.5,88.0,False,,low,0.3,NORMAL,23.1,1011.5,85.0,HEALTHY,replay,0.5,0.0
2025-01-09T08:00:00+00:00,AWS-CHN-103,23.6,1009.5,81.0,False,,low,0.4,NORMAL,24.8,1012.5,79.0,HEALTHY,replay,0.6,0.0
2025-01-09T09:00:00+00:00,AWS-CHN-103,25.3,1010.0,74.0,False,,low,0.3,NORMAL,26.4,1013.0,68.0,HEALTHY,replay,0.6,0.0
2025-01-09T10:00:00+00:00,AWS-CHN-103,26.3,1009.5,69.0,False,,low,0.2,NORMAL,27.3,1012.6,57.0,HEALTHY,replay,0.4,0.0
2025-01-09T11:00:00+00:00,AWS-CHN-103,27.8,1008.7,57.0,False,,low,0.8,NORMAL,28.0,1011.9,53.0,HEALTHY,replay,1.3,0.0
2025-01-09T12:00:00+00:00,AWS-CHN-103,28.2,1007.8,51.0,False,,low,1.4,NORMAL,28.6,1011.0,50.0,HEALTHY,replay,2.4,0.0
2025-01-09T13:00:00+00:00,AWS-CHN-103,28.3,1006.8,51.0,False,,low,0.5,NORMAL,28.5,1010.1,50.0,HEALTHY,replay,0.9,0.0
2025-01-09T14:00:00+00:00,AWS-CHN-103,28.2,1006.2,50.0,False,,low,0.5,NORMAL,28.3,1009.5,50.0,HEALTHY,replay,0.8,0.0
2025-01-09T15:00:00+00:00,AWS-CHN-103,27.6,1006.1,51.0,False,,low,0.3,NORMAL,27.9,1009.3,49.0,HEALTHY,replay,0.5,0.0
2025-01-09T16:00:00+00:00,AWS-CHN-103,27.0,1006.2,52.0,False,,low,0.4,NORMAL,27.5,1009.4,49.0,HEALTHY,replay,0.7,0.0
2025-01-09T17:00:00+00:00,AWS-CHN-103,25.6,1006.8,59.0,False,,low,0.4,NORMAL,26.2,1010.0,54.0,HEALTHY,replay,0.6,0.0
2025-01-09T18:00:00+00:00,AWS-CHN-103,24.7,1007.7,66.0,False,,low,0.3,NORMAL,25.4,1010.7,62.0,HEALTHY,replay,0.5,0.0
2025-01-09T19:00:00+00:00,AWS-CHN-103,23.9,1008.7,70.0,False,,low,0.3,NORMAL,24.0,1011.8,70.0,HEALTHY,replay,0.5,0.0
2025-01-09T20:00:00+00:00,AWS-CHN-103,23.4,1009.5,70.0,False,,low,0.4,NORMAL,23.4,1012.6,75.0,HEALTHY,replay,0.6,0.0
2025-01-09T21:00:00+00:00,AWS-CHN-103,22.9,1010.1,72.0,False,,low,0.3,NORMAL,23.3,1013.1,76.0,HEALTHY,replay,0.5,0.0
2025-01-09T22:00:00+00:00,AWS-CHN-103,22.6,1010.5,74.0,False,,low,0.2,NORMAL,23.2,1013.5,77.0,HEALTHY,replay,0.3,0.0
2025-01-09T23:00:00+00:00,AWS-CHN-103,22.1,1010.1,77.0,False,,low,0.2,NORMAL,22.9,1013.1,80.0,HEALTHY,replay,0.3,0.0
2025-01-10T00:00:00+00:00,AWS-CHN-103,21.4,1009.5,81.0,False,,low,0.2,NORMAL,22.5,1012.6,82.0,HEALTHY,replay,0.3,0.0
2025-01-10T01:00:00+00:00,AWS-CHN-103,21.4,1008.9,81.0,False,,low,0.2,NORMAL,22.3,1011.9,82.0,HEALTHY,replay,0.3,0.0
2025-01-10T02:00:00+00:00,AWS-CHN-103,21.7,1008.1,79.0,False,,low,0.4,NORMAL,22.6,1011.2,79.0,HEALTHY,replay,0.6,0.0
2025-01-10T03:00:00+00:00,AWS-CHN-103,21.6,1007.7,79.0,False,,low,0.2,NORMAL,22.3,1010.8,82.0,HEALTHY,replay,0.3,0.0
2025-01-10T04:00:00+00:00,AWS-CHN-103,21.4,1007.6,79.0,False,,low,0.2,NORMAL,21.9,1010.7,85.0,HEALTHY,replay,0.4,0.0
2025-01-10T05:00:00+00:00,AWS-CHN-103,21.3,1008.1,79.0,False,,low,0.1,NORMAL,21.7,1011.1,85.0,HEALTHY,replay,0.2,0.0
2025-01-10T06:00:00+00:00,AWS-CHN-103,21.7,1008.5,85.0,False,,low,0.2,NORMAL,21.9,1011.6,90.0,HEALTHY,replay,0.4,0.0
2025-01-10T07:00:00+00:00,AWS-CHN-103,22.7,1009.4,82.0,False,,low,0.2,NORMAL,22.8,1012.4,87.0,HEALTHY,replay,0.4,0.0
2025-01-10T08:00:00+00:00,AWS-CHN-103,24.8,1010.2,76.0,False,,low,0.3,NORMAL,24.9,1013.4,80.0,HEALTHY,replay,0.5,0.0
2025-01-10T09:00:00+00:00,AWS-CHN-103,26.6,1010.8,69.0,False,,low,0.6,NORMAL,26.8,1014.0,73.0,HEALTHY,replay,1.1,0.0
2025-01-10T10:00:00+00:00,AWS-CHN-103,27.5,1010.8,65.0,False,,low,0.4,NORMAL,28.1,1013.9,64.0,HEALTHY,replay,0.6,0.0
2025-01-10T11:00:00+00:00,AWS-CHN-103,27.6,1010.1,66.0,False,,low,0.3,NORMAL,27.9,1013.2,64.0,HEALTHY,replay,0.5,0.0
2025-01-10T12:00:00+00:00,AWS-CHN-103,27.8,1009.2,64.0,False,,low,0.7,NORMAL,27.8,1012.5,64.0,HEALTHY,replay,1.1,0.0
2025-01-10T13:00:00+00:00,AWS-CHN-103,26.8,1008.4,69.0,False,,low,0.4,NORMAL,27.6,1011.5,66.0,OFFLINE,replay,0.7,0.0
2025-01-10T14:00:00+00:00,AWS-CHN-103,27.8,1007.4,66.0,False,,low,1.9,NORMAL,27.6,1010.7,65.0,OFFLINE,replay,3.1,0.0
2025-01-10T15:00:00+00:00,AWS-CHN-103,27.5,1007.2,65.0,False,,low,3.0,NORMAL,27.4,1010.4,66.0,OFFLINE,replay,5.0,0.0
2025-01-10T16:00:00+00:00,AWS-CHN-103,26.7,1007.3,68.0,False,,low,3.6,NORMAL,26.8,1010.5,68.0,OFFLINE,replay,6.0,0.0
2025-01-10T17:00:00+00:00,AWS-CHN-103,25.9,1008.0,72.0,False,,low,6.2,NORMAL,26.2,1011.2,70.0,OFFLINE,replay,10.4,0.0
2025-01-10T18:00:00+00:00,AWS-CHN-103,23.9,1008.8,87.0,False,,low,25.8,NORMAL,24.9,1011.9,82.0,OFFLINE,replay,42.9,0.0
2025-01-10T19:00:00+00:00,AWS-CHN-103,24.1,1009.8,86.0,False,,low,23.0,NORMAL,24.9,1012.9,79.0,OFFLINE,replay,38.3,0.0
2025-01-10T20:00:00+00:00,AWS-CHN-103,23.7,1010.5,87.0,False,,low,28.9,NORMAL,24.7,1013.5,78.0,OFFLINE,replay,48.2,0.0
2025-01-10T21:00:00+00:00,AWS-CHN-103,23.5,1010.6,87.0,False,,low,28.4,NORMAL,24.0,1013.7,81.0,OFFLINE,replay,47.3,0.0
2025-01-10T22:00:00+00:00,AWS-CHN-103,23.1,1010.6,87.0,False,,low,31.8,NORMAL,23.7,1013.7,83.0,OFFLINE,replay,53.0,0.0
2025-01-10T23:00:00+00:00,AWS-CHN-103,23.5,1010.1,85.0,False,,low,25.0,NORMAL,24.1,1013.3,82.0,OFFLINE,replay,41.6,0.0
2025-01-11T00:00:00+00:00,AWS-CHN-103,23.7,1009.5,85.0,False,,low,22.0,NORMAL,24.8,1012.6,81.0,OFFLINE,replay,36.7,0.0
2025-01-11T01:00:00+00:00,AWS-CHN-103,23.6,1008.8,86.0,False,,low,21.5,NORMAL,24.7,1012.0,81.0,OFFLINE,replay,35.8,0.0
2025-01-11T02:00:00+00:00,AWS-CHN-103,23.3,1008.2,87.0,False,,low,25.9,NORMAL,24.4,1011.5,81.0,OFFLINE,replay,43.1,0.0
2025-01-11T03:00:00+00:00,AWS-CHN-103,22.3,1008.0,92.0,False,,low,25.1,NORMAL,23.8,1011.1,84.0,OFFLINE,replay,41.8,0.0
2025-01-11T04:00:00+00:00,AWS-CHN-103,22.4,1008.0,92.0,False,,low,21.2,NORMAL,23.8,1011.1,84.0,OFFLINE,replay,35.3,0.0
2025-01-11T05:00:00+00:00,AWS-CHN-103,22.1,1008.2,92.0,False,,low,28.2,NORMAL,23.8,1011.2,84.0,OFFLINE,replay,46.9,0.0
2025-01-11T06:00:00+00:00,AWS-CHN-103,22.8,1008.2,89.0,False,,low,30.5,NORMAL,24.5,1011.3,78.0,OFFLINE,replay,50.8,0.0
2025-01-11T07:00:00+00:00,AWS-CHN-103,23.8,1009.1,83.0,False,,low,22.0,NORMAL,25.1,1012.3,75.0,OFFLINE,replay,36.7,0.0
2025-01-11T08:00:00+00:00,AWS-CHN-103,25.8,1010.3,75.0,False,,low,13.1,NORMAL,26.5,1013.4,69.0,OFFLINE,replay,21.8,0.0
2025-01-11T09:00:00+00:00,AWS-CHN-103,27.1,1011.0,65.0,False,,low,7.7,NORMAL,27.4,1014.1,65.0,OFFLINE,replay,12.9,0.0
2025-01-11T10:00:00+00:00,AWS-CHN-103,27.9,1010.8,61.0,False,,low,10.2,NORMAL,27.9,1014.0,62.0,OFFLINE,replay,17.0,0.0
2025-01-11T11:00:00+00:00,AWS-CHN-103,28.3,1010.6,60.0,False,,low,9.6,NORMAL,28.3,1013.9,61.0,OFFLINE,replay,15.9,0.0
2025-01-11T12:00:00+00:00,AWS-CHN-103,27.6,1009.4,61.0,False,,low,5.3,NORMAL,28.4,1012.6,59.0,OFFLINE,replay,8.9,0.0
2025-01-11T13:00:00+00:00,AWS-CHN-103,28.0,1008.1,59.0,False,,low,10.4,NORMAL,28.2,1011.3,58.0,OFFLINE,replay,17.3,0.0
2025-01-11T14:00:00+00:00,AWS-CHN-103,27.9,1007.3,59.0,False,,low,10.8,NORMAL,28.2,1010.5,58.0,OFFLINE,replay,17.9,0.0
2025-01-11T15:00:00+00:00,AWS-CHN-103,27.4,1007.0,60.0,False,,low,14.7,NORMAL,27.7,1010.3,58.0,HEALTHY,replay,24.5,0.0
2025-01-11T16:00:00+00:00,AWS-CHN-103,26.5,1007.3,61.0,False,,low,6.6,NORMAL,26.9,1010.4,60.0,OFFLINE,replay,10.9,0.0
2025-01-11T17:00:00+00:00,AWS-CHN-103,25.6,1007.7,66.0,False,,low,10.9,NORMAL,25.9,1010.9,64.0,OFFLINE,replay,18.2,0.0
2025-01-11T18:00:00+00:00,AWS-CHN-103,24.2,1008.0,73.0,False,,low,14.0,NORMAL,24.6,1011.3,71.0,OFFLINE,replay,23.3,0.0
2025-01-11T19:00:00+00:00,AWS-CHN-103,23.4,1009.0,77.0,False,,low,17.9,NORMAL,24.0,1012.2,75.0,WARNING,replay,29.8,0.0
2025-01-11T20:00:00+00:00,AWS-CHN-103,23.0,1009.7,79.0,False,,low,5.4,NORMAL,23.7,1012.8,78.0,WARNING,replay,9.0,0.0
2025-01-11T21:00:00+00:00,AWS-CHN-103,22.7,1010.4,81.0,False,,low,12.3,NORMAL,23.7,1013.4,78.0,WARNING,replay,20.5,0.0
2025-01-11T22:00:00+00:00,AWS-CHN-103,22.4,1010.4,82.0,False,,low,3.7,NORMAL,23.6,1013.4,79.0,WARNING,replay,6.2,0.0
2025-01-11T23:00:00+00:00,AWS-CHN-103,22.1,1010.2,83.0,False,,low,2.3,NORMAL,23.1,1013.3,81.0,WARNING,replay,3.8,0.0
2025-01-12T00:00:00+00:00,AWS-CHN-103,21.9,1009.8,84.0,False,,low,1.2,NORMAL,22.9,1012.8,82.0,WARNING,replay,2.1,0.0
2025-01-12T01:00:00+00:00,AWS-CHN-103,21.7,1008.8,85.0,False,,low,2.1,NORMAL,22.7,1011.8,82.0,WARNING,replay,3.4,0.0
2025-01-12T02:00:00+00:00,AWS-CHN-103,21.5,1008.0,85.0,False,,low,3.5,NORMAL,22.4,1011.1,84.0,WARNING,replay,5.8,0.0
2025-01-12T03:00:00+00:00,AWS-CHN-103,21.4,1007.7,84.0,False,,low,2.6,NORMAL,22.1,1010.7,85.0,WARNING,replay,4.3,0.0
2025-01-12T04:00:00+00:00,AWS-CHN-103,21.7,1007.7,81.0,False,,low,1.4,NORMAL,22.0,1010.6,85.0,WARNING,replay,2.3,0.0
2025-01-12T05:00:00+00:00,AWS-CHN-103,22.1,1008.2,79.0,False,,low,1.1,NORMAL,22.4,1011.2,83.0,WARNING,replay,1.9,0.0
2025-01-12T06:00:00+00:00,AWS-CHN-103,23.6,1008.2,80.0,False,,low,3.3,NORMAL,23.8,1011.2,84.0,WARNING,replay,5.6,0.0
2025-01-12T07:00:00+00:00,AWS-CHN-103,23.9,1009.0,80.0,False,,low,1.6,NORMAL,24.0,1012.1,86.0,WARNING,replay,2.7,0.0
2025-01-12T08:00:00+00:00,AWS-CHN-103,24.8,1010.0,78.0,False,,low,2.6,NORMAL,24.8,1013.2,84.0,WARNING,replay,4.4,0.0
2025-01-12T09:00:00+00:00,AWS-CHN-103,25.6,1010.5,75.0,False,,low,4.4,NORMAL,25.4,1013.7,79.0,WARNING,replay,7.3,0.0
2025-01-12T10:00:00+00:00,AWS-CHN-103,26.3,1010.0,69.0,False,,low,13.0,NORMAL,25.7,1013.2,79.0,WARNING,replay,21.7,0.0
2025-01-12T11:00:00+00:00,AWS-CHN-103,26.6,1009.7,70.0,False,,low,10.3,NORMAL,25.6,1012.9,80.0,OFFLINE,replay,17.2,0.0
2025-01-12T12:00:00+00:00,AWS-CHN-103,25.9,1008.7,74.0,False,,low,11.1,NORMAL,26.3,1011.9,73.0,OFFLINE,replay,18.5,0.0
2025-01-12T13:00:00+00:00,AWS-CHN-103,25.9,1007.7,74.0,False,,low,21.6,NORMAL,25.9,1010.9,75.0,OFFLINE,replay,36.0,0.0
2025-01-12T14:00:00+00:00,AWS-CHN-103,26.1,1006.9,71.0,False,,low,35.5,NORMAL,26.2,1010.0,73.0,OFFLINE,replay,59.2,0.0
2025-01-12T15:00:00+00:00,AWS-CHN-103,26.3,1006.5,70.0,False,,low,48.2,NORMAL,26.0,1009.7,73.0,OFFLINE,replay,80.3,0.0
2025-01-12T16:00:00+00:00,AWS-CHN-103,26.2,1006.5,71.0,False,,low,48.3,NORMAL,25.9,1009.7,74.0,OFFLINE,replay,80.5,0.0
2025-01-12T17:00:00+00:00,AWS-CHN-103,25.6,1007.0,75.0,False,,low,36.6,NORMAL,25.5,1010.2,77.0,HEALTHY,replay,61.0,0.0
2025-01-12T18:00:00+00:00,AWS-CHN-103,25.3,1007.5,80.0,False,,low,13.5,NORMAL,25.2,1010.7,81.0,OFFLINE,replay,22.4,0.0
2025-01-12T19:00:00+00:00,AWS-CHN-103,24.8,1008.3,83.0,False,,low,6.2,NORMAL,25.0,1011.6,83.0,OFFLINE,replay,10.3,0.0
2025-01-12T20:00:00+00:00,AWS-CHN-103,24.3,1009.0,85.0,False,,low,7.7,NORMAL,24.8,1012.2,84.0,OFFLINE,replay,12.8,0.0
2025-01-12T21:00:00+00:00,AWS-CHN-103,23.9,1009.4,88.0,False,,low,16.4,NORMAL,24.9,1012.6,85.0,HEALTHY,replay,27.4,0.0
2025-01-12T22:00:00+00:00,AWS-CHN-103,23.8,1009.2,90.0,False,,low,4.2,NORMAL,24.4,1012.4,87.0,WARNING,replay,7.0,0.0
2025-01-12T23:00:00+00:00,AWS-CHN-103,23.5,1008.9,92.0,False,,low,8.9,NORMAL,24.1,1012.1,90.0,WARNING,replay,14.9,0.0
2025-01-13T00:00:00+00:00,AWS-CHN-103,23.3,1008.3,93.0,False,,low,9.5,NORMAL,24.2,1011.4,89.0,WARNING,replay,15.9,0.0
2025-01-13T01:00:00+00:00,AWS-CHN-103,23.2,1007.2,93.0,False,,low,14.1,NORMAL,23.6,1010.3,92.0,WARNING,replay,23.6,0.0
2025-01-13T02:00:00+00:00,AWS-CHN-103,23.0,1006.7,94.0,False,,low,11.4,NORMAL,23.3,1009.9,94.0,WARNING,replay,18.9,0.0
2025-01-13T03:00:00+00:00,AWS-CHN-103,22.7,1006.0,95.0,False,,low,6.0,NORMAL,22.9,1009.2,94.0,WARNING,replay,10.0,0.0
2025-01-13T04:00:00+00:00,AWS-CHN-103,22.4,1006.0,97.0,False,,low,2.8,NORMAL,23.1,1009.1,94.0,WARNING,replay,4.7,0.0
2025-01-13T05:00:00+00:00,AWS-CHN-103,22.5,1006.3,98.0,False,,low,4.0,NORMAL,23.3,1009.4,95.0,WARNING,replay,6.6,0.0
2025-01-13T06:00:00+00:00,AWS-CHN-103,23.5,1006.7,95.0,False,,low,4.5,NORMAL,23.5,1009.9,97.0,WARNING,replay,7.6,0.0
2025-01-13T07:00:00+00:00,AWS-CHN-103,23.9,1007.7,94.0,False,,low,2.3,NORMAL,24.0,1010.9,95.0,WARNING,replay,3.9,0.0
2025-01-13T08:00:00+00:00,AWS-CHN-103,24.6,1008.7,91.0,False,,low,3.0,NORMAL,25.1,1011.8,90.0,WARNING,replay,5.0,0.0
2025-01-13T09:00:00+00:00,AWS-CHN-103,25.9,1009.0,85.0,False,,low,7.5,NORMAL,25.9,1012.2,82.0,WARNING,replay,12.5,0.0
2025-01-13T10:00:00+00:00,AWS-CHN-103,27.9,1008.4,73.0,False,,low,32.6,NORMAL,26.0,1011.8,82.0,WARNING,replay,54.4,0.0
2025-01-13T11:00:00+00:00,AWS-CHN-103,26.3,1007.9,79.0,False,,low,12.2,NORMAL,26.9,1011.0,78.0,WARNING,replay,20.3,0.0
2025-01-13T12:00:00+00:00,AWS-CHN-103,26.8,1006.7,80.0,False,,low,17.9,NORMAL,26.4,1009.8,80.0,WARNING,replay,29.8,0.0
2025-01-13T13:00:00+00:00,AWS-CHN-103,26.1,1005.5,80.0,False,,low,25.9,NORMAL,26.7,1008.7,78.0,OFFLINE,replay,43.2,0.0
2025-01-13T14:00:00+00:00,AWS-CHN-103,26.7,1004.9,80.0,False,,low,34.5,NORMAL,27.0,1008.0,77.0,OFFLINE,replay,57.5,0.0
2025-01-13T15:00:00+00:00,AWS-CHN-103,27.0,1004.4,76.0,False,,low,45.9,NORMAL,26.4,1007.7,79.0,OFFLINE,replay,76.4,0.0
2025-01-13T16:00:00+00:00,AWS-CHN-103,26.3,1004.9,77.0,False,,low,35.2,NORMAL,26.2,1008.1,81.0,OFFLINE,replay,58.7,0.0
2025-01-13T17:00:00+00:00,AWS-CHN-103,25.4,1005.2,83.0,False,,low,39.3,NORMAL,25.4,1008.5,82.0,HEALTHY,replay,65.6,0.0
2025-01-13T18:00:00+00:00,AWS-CHN-103,24.8,1006.4,87.0,False,,low,5.7,NORMAL,25.5,1009.5,82.0,WARNING,replay,9.4,0.0
2025-01-13T19:00:00+00:00,AWS-CHN-103,24.7,1007.5,86.0,False,,low,2.8,NORMAL,25.6,1010.6,81.0,WARNING,replay,4.7,0.0
2025-01-13T20:00:00+00:00,AWS-CHN-103,24.4,1007.9,87.0,False,,low,1.1,NORMAL,25.5,1011.0,82.0,OFFLINE,replay,1.8,0.0
2025-01-13T21:00:00+00:00,AWS-CHN-103,23.6,1008.7,91.0,False,,low,1.3,NORMAL,25.0,1011.8,84.0,OFFLINE,replay,2.2,0.0
2025-01-13T22:00:00+00:00,AWS-CHN-103,23.4,1008.8,93.0,False,,low,3.8,NORMAL,24.7,1011.9,85.0,OFFLINE,replay,6.3,0.0
2025-01-13T23:00:00+00:00,AWS-CHN-103,23.5,1008.4,92.0,False,,low,2.1,NORMAL,24.4,1011.4,87.0,HEALTHY,replay,3.4,0.0
2025-01-14T00:00:00+00:00,AWS-CHN-103,23.2,1007.9,94.0,False,,low,2.7,NORMAL,24.1,1010.9,88.0,WARNING,replay,4.5,0.0
2025-01-14T01:00:00+00:00,AWS-CHN-103,22.9,1007.0,94.0,False,,low,4.8,NORMAL,23.6,1010.2,90.0,WARNING,replay,8.0,0.0
2025-01-14T02:00:00+00:00,AWS-CHN-103,22.7,1006.4,94.0,False,,low,5.8,NORMAL,23.4,1009.5,91.0,WARNING,replay,9.6,0.0
2025-01-14T03:00:00+00:00,AWS-CHN-103,22.6,1005.7,95.0,False,,low,2.7,NORMAL,23.3,1008.9,91.0,WARNING,replay,4.5,0.0
2025-01-14T04:00:00+00:00,AWS-CHN-103,22.5,1006.0,94.0,False,,low,2.5,NORMAL,23.3,1009.1,90.0,WARNING,replay,4.2,0.0
2025-01-14T05:00:00+00:00,AWS-CHN-103,22.4,1006.6,94.0,False,,low,2.1,NORMAL,23.3,1009.7,90.0,WARNING,replay,3.6,0.0
2025-01-14T06:00:00+00:00,AWS-CHN-103,23.5,1007.7,92.0,False,,low,1.5,NORMAL,24.0,1010.9,87.0,WARNING,replay,2.6,0.0
2025-01-14T07:00:00+00:00,AWS-CHN-103,24.1,1008.8,89.0,False,,low,2.3,NORMAL,24.7,1011.9,84.0,WARNING,replay,3.9,0.0
2025-01-14T08:00:00+00:00,AWS-CHN-103,25.7,1009.6,83.0,False,,low,8.0,NORMAL,26.4,1012.8,75.0,WARNING,replay,13.3,0.0
2025-01-14T09:00:00+00:00,AWS-CHN-103,27.2,1010.3,71.0,False,,low,45.9,NORMAL,27.3,1013.4,69.0,WARNING,replay,76.6,0.0
2025-01-14T10:00:00+00:00,AWS-CHN-103,28.2,1009.9,64.0,False,,low,34.7,NORMAL,27.8,1013.1,67.0,WARNING,replay,57.9,0.0
2025-01-14T11:00:00+00:00,AWS-CHN-103,28.7,1009.7,62.0,False,,low,20.2,NORMAL,28.2,1012.9,66.0,WARNING,replay,33.7,0.0
2025-01-14T12:00:00+00:00,AWS-CHN-103,28.9,1008.7,61.0,False,,low,22.5,NORMAL,28.4,1012.0,65.0,OFFLINE,replay,37.5,0.0
2025-01-14T13:00:00+00:00,AWS-CHN-103,28.9,1007.5,61.0,False,,low,23.5,NORMAL,28.4,1010.8,65.0,OFFLINE,replay,39.2,0.0
2025-01-14T14:00:00+00:00,AWS-CHN-103,28.8,1006.8,59.0,False,,low,35.4,NORMAL,27.5,1010.2,69.0,OFFLINE,replay,59.1,0.0
2025-01-14T15:00:00+00:00,AWS-CHN-103,28.0,1006.5,61.0,False,,low,38.4,NORMAL,27.1,1009.8,70.0,OFFLINE,replay,63.9,0.0
2025-01-14T16:00:00+00:00,AWS-CHN-103,27.0,1006.8,67.0,False,,low,28.5,NORMAL,27.1,1010.0,68.0,OFFLINE,replay,47.4,0.0
2025-01-14T17:00:00+00:00,AWS-CHN-103,26.3,1007.4,71.0,False,,low,28.4,NORMAL,26.4,1010.5,71.0,OFFLINE,replay,47.3,0.0
2025-01-14T18:00:00+00:00,AWS-CHN-103,25.3,1008.3,80.0,False,,low,17.1,NORMAL,25.5,1011.4,79.0,OFFLINE,replay,28.5,0.0
2025-01-14T19:00:00+00:00,AWS-CHN-103,24.8,1009.0,81.0,False,,low,14.9,NORMAL,25.2,1012.1,80.0,OFFLINE,replay,24.8,0.0
2025-01-14T20:00:00+00:00,AWS-CHN-103,24.3,1009.9,84.0,False,,low,18.4,NORMAL,25.0,1013.0,80.0,OFFLINE,replay,30.6,0.0
2025-01-14T21:00:00+00:00,AWS-CHN-103,23.8,1010.1,86.0,False,,low,12.6,NORMAL,24.9,1013.2,81.0,OFFLINE,replay,21.0,0.0
2025-01-14T22:00:00+00:00,AWS-CHN-103,23.5,1010.0,88.0,False,,low,13.7,NORMAL,24.7,1013.2,81.0,OFFLINE,replay,22.8,0.0
2025-01-14T23:00:00+00:00,AWS-CHN-103,23.4,1009.7,87.0,False,,low,13.5,NORMAL,24.3,1012.8,83.0,OFFLINE,replay,22.4,0.0
2025-01-15T00:00:00+00:00,AWS-CHN-103,23.3,1009.1,86.0,False,,low,14.5,NORMAL,24.3,1012.2,84.0,OFFLINE,replay,24.1,0.0
2025-01-15T01:00:00+00:00,AWS-CHN-103,23.2,1008.4,86.0,False,,low,12.3,NORMAL,24.0,1011.6,84.0,OFFLINE,replay,20.5,0.0
2025-01-15T02:00:00+00:00,AWS-CHN-103,22.9,1007.7,87.0,False,,low,8.9,NORMAL,23.8,1010.8,84.0,OFFLINE,replay,14.9,0.0
2025-01-15T03:00:00+00:00,AWS-CHN-103,22.9,1007.5,86.0,False,,low,11.1,NORMAL,23.9,1010.6,83.0,OFFLINE,replay,18.5,0.0
2025-01-15T04:00:00+00:00,AWS-CHN-103,22.9,1007.6,86.0,False,,low,11.3,NORMAL,24.2,1010.7,81.0,OFFLINE,replay,18.8,0.0
2025-01-15T05:00:00+00:00,AWS-CHN-103,22.6,1008.2,87.0,False,,low,10.7,NORMAL,24.0,1011.3,82.0,OFFLINE,replay,17.9,0.0
2025-01-15T06:00:00+00:00,AWS-CHN-103,23.1,1009.0,90.0,False,,low,11.4,NORMAL,24.2,1012.1,83.0,OFFLINE,replay,19.0,0.0
2025-01-15T07:00:00+00:00,AWS-CHN-103,23.9,1009.9,87.0,False,,low,21.0,NORMAL,25.1,1013.0,80.0,OFFLINE,replay,35.0,0.0
2025-01-15T08:00:00+00:00,AWS-CHN-103,25.8,1010.7,79.0,False,,low,49.2,NORMAL,26.6,1013.9,73.0,OFFLINE,replay,82.0,0.0
2025-01-15T09:00:00+00:00,AWS-CHN-103,27.3,1011.3,69.0,False,,low,52.4,NORMAL,27.9,1014.3,64.0,OFFLINE,replay,87.4,0.0
2025-01-15T10:00:00+00:00,AWS-CHN-103,28.5,1011.0,61.0,False,,low,50.3,NORMAL,28.7,1014.2,60.0,OFFLINE,replay,83.8,0.0
2025-01-15T11:00:00+00:00,AWS-CHN-103,29.1,1010.4,58.0,True,unstructured_anomaly,high,88.4,ML_MODEL_ISOLATION,29.1,1013.7,59.0,OFFLINE,replay,88.4,0.0
2025-01-15T12:00:00+00:00,AWS-CHN-103,29.4,1009.3,56.0,False,,low,52.3,NORMAL,29.3,1012.5,58.0,OFFLINE,replay,87.2,0.0
2025-01-15T13:00:00+00:00,AWS-CHN-103,29.4,1008.1,55.0,False,,low,51.4,NORMAL,29.2,1011.4,58.0,OFFLINE,replay,85.7,0.0
2025-01-15T14:00:00+00:00,AWS-CHN-103,29.1,1007.1,55.0,True,unstructured_anomaly,high,89.8,ML_MODEL_ISOLATION,28.9,1010.4,58.0,HEALTHY,replay,89.8,0.0
2025-01-15T15:00:00+00:00,AWS-CHN-103,28.5,1006.8,57.0,True,unstructured_anomaly,high,90.0,ML_MODEL_ISOLATION,28.3,1010.0,60.0,OFFLINE,replay,90.0,0.0
2025-01-15T16:00:00+00:00,AWS-CHN-103,27.6,1007.0,58.0,True,unstructured_anomaly,critical,92.6,ML_MODEL_ISOLATION,27.7,1010.2,61.0,OFFLINE,replay,92.6,0.0
2025-01-15T17:00:00+00:00,AWS-CHN-103,26.5,1007.6,65.0,False,,low,46.4,NORMAL,26.7,1010.8,65.0,OFFLINE,replay,77.3,0.0
2025-01-15T18:00:00+00:00,AWS-CHN-103,25.2,1008.6,78.0,False,,low,37.6,NORMAL,25.5,1011.8,77.0,OFFLINE,replay,62.6,0.0
2025-01-15T19:00:00+00:00,AWS-CHN-103,24.7,1009.4,79.0,False,,low,32.1,NORMAL,25.3,1012.5,77.0,OFFLINE,replay,53.5,0.0
2025-01-15T20:00:00+00:00,AWS-CHN-103,24.4,1010.1,80.0,False,,low,33.9,NORMAL,25.2,1013.2,77.0,OFFLINE,replay,56.4,0.0
2025-01-15T21:00:00+00:00,AWS-CHN-103,24.1,1010.7,80.0,False,,low,40.1,NORMAL,25.0,1013.8,77.0,OFFLINE,replay,66.8,0.0
2025-01-15T22:00:00+00:00,AWS-CHN-103,23.7,1010.7,82.0,False,,low,43.9,NORMAL,24.6,1013.8,78.0,OFFLINE,replay,73.2,0.0
2025-01-15T23:00:00+00:00,AWS-CHN-103,23.3,1010.3,83.0,False,,low,45.4,NORMAL,24.2,1013.4,79.0,OFFLINE,replay,75.6,0.0
2025-01-16T00:00:00+00:00,AWS-CHN-103,23.0,1009.9,84.0,False,,low,43.0,NORMAL,23.9,1012.9,80.0,OFFLINE,replay,71.7,0.0
2025-01-16T01:00:00+00:00,AWS-CHN-103,22.4,1008.9,86.0,False,,low,34.6,NORMAL,23.6,1012.0,80.0,OFFLINE,replay,57.6,0.0
2025-01-16T02:00:00+00:00,AWS-CHN-103,22.2,1008.0,87.0,False,,low,36.1,NORMAL,23.6,1011.1,80.0,OFFLINE,replay,60.2,0.0
2025-01-16T03:00:00+00:00,AWS-CHN-103,22.1,1007.3,87.0,False,,low,29.9,NORMAL,23.6,1010.4,79.0,OFFLINE,replay,49.8,0.0
2025-01-16T04:00:00+00:00,AWS-CHN-103,21.7,1007.1,88.0,False,,low,25.6,NORMAL,23.3,1010.2,80.0,OFFLINE,replay,42.7,0.0
2025-01-16T05:00:00+00:00,AWS-CHN-103,21.6,1007.4,89.0,False,,low,23.8,NORMAL,23.3,1010.5,79.0,OFFLINE,replay,39.7,0.0
2025-01-16T06:00:00+00:00,AWS-CHN-103,22.5,1008.5,92.0,False,,low,23.8,NORMAL,23.9,1011.6,82.0,OFFLINE,replay,39.7,0.0
2025-01-16T07:00:00+00:00,AWS-CHN-103,23.3,1009.3,88.0,True,spike,high,89.9,FUSED_CONSENSUS,24.7,1012.4,78.0,OFFLINE,replay,,89.9
2025-01-16T08:00:00+00:00,AWS-CHN-103,25.3,1010.3,79.0,True,spike,high,85.4,FUSED_CONSENSUS,26.4,1013.4,69.0,OFFLINE,replay,,85.4
2025-01-16T09:00:00+00:00,AWS-CHN-103,26.8,1010.6,68.0,False,,low,0.0,NORMAL,27.5,1013.7,61.0,OFFLINE,replay,,0.0
2025-01-16T10:00:00+00:00,AWS-CHN-103,28.3,1010.4,58.0,False,,low,0.0,NORMAL,28.1,1013.5,60.0,OFFLINE,replay,,0.0
2025-01-16T11:00:00+00:00,AWS-CHN-103,28.5,1009.9,57.0,False,,low,0.0,NORMAL,28.5,1013.1,59.0,OFFLINE,replay,,0.0
2025-01-16T12:00:00+00:00,AWS-CHN-103,28.8,1009.0,54.0,False,,low,0.0,NORMAL,28.8,1012.3,57.0,OFFLINE,replay,,0.0
2025-01-16T13:00:00+00:00,AWS-CHN-103,28.5,1007.8,55.0,False,,low,0.0,NORMAL,28.6,1011.0,57.0,OFFLINE,replay,,0.0
2025-01-16T14:00:00+00:00,AWS-CHN-103,28.5,1007.0,55.0,False,,low,0.0,NORMAL,28.3,1010.4,59.0,OFFLINE,replay,,0.0
2025-01-16T15:00:00+00:00,AWS-CHN-103,27.4,1007.0,61.0,False,,low,0.0,NORMAL,27.3,1010.2,62.0,OFFLINE,replay,,0.0
2025-01-16T16:00:00+00:00,AWS-CHN-103,26.8,1007.0,63.0,False,,low,0.0,NORMAL,26.9,1010.2,62.0,OFFLINE,replay,,0.0
2025-01-16T17:00:00+00:00,AWS-CHN-103,25.9,1007.5,67.0,False,,low,0.0,NORMAL,25.9,1010.7,67.0,OFFLINE,replay,,0.0
2025-01-16T18:00:00+00:00,AWS-CHN-103,25.1,1007.9,71.0,False,,low,0.0,NORMAL,25.1,1011.2,71.0,OFFLINE,replay,,0.0
2025-01-16T19:00:00+00:00,AWS-CHN-103,24.0,1009.1,76.0,False,,low,0.0,NORMAL,24.4,1012.3,77.0,OFFLINE,replay,,0.0
2025-01-16T20:00:00+00:00,AWS-CHN-103,23.5,1010.1,79.0,True,spike,high,85.4,FUSED_CONSENSUS,24.0,1013.2,79.0,OFFLINE,replay,,85.4
2025-01-16T21:00:00+00:00,AWS-CHN-103,23.1,1010.9,80.0,True,spike,high,86.0,FUSED_CONSENSUS,23.8,1014.0,80.0,OFFLINE,replay,,86.0
2025-01-16T22:00:00+00:00,AWS-CHN-103,23.0,1011.1,80.0,True,spike,high,86.0,FUSED_CONSENSUS,23.7,1014.2,79.0,OFFLINE,replay,,86.0
2025-01-16T23:00:00+00:00,AWS-CHN-103,22.8,1010.4,79.0,True,spike,high,85.7,FUSED_CONSENSUS,23.3,1013.6,80.0,OFFLINE,replay,,85.7
2025-01-17T00:00:00+00:00,AWS-CHN-103,22.3,1010.0,81.0,True,spike,high,86.6,FUSED_CONSENSUS,23.3,1012.9,83.0,OFFLINE,replay,,86.6
2025-01-17T01:00:00+00:00,AWS-CHN-103,21.8,1008.9,84.0,True,spike,high,88.4,FUSED_CONSENSUS,23.0,1011.9,81.0,OFFLINE,replay,,88.4
2025-01-17T02:00:00+00:00,AWS-CHN-103,21.6,1007.8,85.0,True,spike,high,89.0,FUSED_CONSENSUS,23.2,1010.8,80.0,OFFLINE,replay,,89.0
2025-01-17T03:00:00+00:00,AWS-CHN-103,21.4,1007.1,85.0,True,spike,high,89.0,FUSED_CONSENSUS,22.1,1010.1,81.0,OFFLINE,replay,,89.0
2025-01-17T04:00:00+00:00,AWS-CHN-103,21.1,1006.9,87.0,True,spike,high,89.9,FUSED_CONSENSUS,22.4,1009.9,85.0,OFFLINE,replay,,89.9
2025-01-17T05:00:00+00:00,AWS-CHN-103,20.7,1007.2,90.0,True,spike,high,89.9,FUSED_CONSENSUS,22.0,1010.3,87.0,OFFLINE,replay,,89.9
2025-01-17T06:00:00+00:00,AWS-CHN-103,21.5,1008.1,92.0,True,spike,high,89.9,FUSED_CONSENSUS,22.6,1011.1,90.0,OFFLINE,replay,,89.9
2025-01-17T07:00:00+00:00,AWS-CHN-103,22.7,1008.7,89.0,True,spike,high,89.9,FUSED_CONSENSUS,23.7,1011.8,86.0,OFFLINE,replay,,89.9
2025-01-17T08:00:00+00:00,AWS-CHN-103,24.6,1009.4,82.0,True,spike,high,87.2,FUSED_CONSENSUS,25.6,1012.5,75.0,OFFLINE,replay,,87.2
2025-01-17T09:00:00+00:00,AWS-CHN-103,26.4,1009.4,72.0,False,,low,0.0,NORMAL,26.6,1012.6,68.0,OFFLINE,replay,,0.0
2025-01-17T10:00:00+00:00,AWS-CHN-103,27.5,1009.0,62.0,False,,low,0.0,NORMAL,27.2,1012.2,65.0,OFFLINE,replay,,0.0
2025-01-17T11:00:00+00:00,AWS-CHN-103,27.8,1008.4,60.0,False,,low,0.0,NORMAL,27.6,1011.6,62.0,OFFLINE,replay,,0.0
2025-01-17T12:00:00+00:00,AWS-CHN-103,28.3,1007.4,57.0,False,,low,0.0,NORMAL,27.3,1010.7,63.0,OFFLINE,replay,,0.0
2025-01-17T13:00:00+00:00,AWS-CHN-103,27.7,1006.6,61.0,False,,low,0.0,NORMAL,27.1,1009.9,63.0,OFFLINE,replay,,0.0
2025-01-17T14:00:00+00:00,AWS-CHN-103,27.3,1005.7,62.0,False,,low,0.0,NORMAL,26.9,1009.0,65.0,OFFLINE,replay,,0.0
2025-01-17T15:00:00+00:00,AWS-CHN-103,26.7,1005.7,66.0,False,,low,0.0,NORMAL,27.0,1008.9,64.0,OFFLINE,replay,,0.0
2025-01-17T16:00:00+00:00,AWS-CHN-103,26.2,1005.8,67.0,False,,low,0.0,NORMAL,26.6,1009.0,65.0,OFFLINE,replay,,0.0
2025-01-17T17:00:00+00:00,AWS-CHN-103,25.6,1006.1,70.0,False,,low,0.0,NORMAL,25.6,1009.4,69.0,OFFLINE,replay,,0.0
2025-01-17T18:00:00+00:00,AWS-CHN-103,24.9,1006.8,72.0,False,,low,0.0,NORMAL,25.2,1010.0,69.0,OFFLINE,replay,,0.0
2025-01-17T19:00:00+00:00,AWS-CHN-103,23.8,1007.7,77.0,False,,low,0.0,NORMAL,24.4,1010.9,73.0,OFFLINE,replay,,0.0
2025-01-17T20:00:00+00:00,AWS-CHN-103,23.1,1008.1,80.0,True,spike,high,86.0,FUSED_CONSENSUS,24.1,1011.3,75.0,OFFLINE,replay,,86.0
2025-01-17T21:00:00+00:00,AWS-CHN-103,22.8,1008.9,81.0,True,spike,high,86.6,FUSED_CONSENSUS,24.1,1012.1,77.0,OFFLINE,replay,,86.6
2025-01-17T22:00:00+00:00,AWS-CHN-103,22.7,1008.9,81.0,True,spike,high,86.6,FUSED_CONSENSUS,23.8,1012.0,78.0,OFFLINE,replay,,86.6
2025-01-17T23:00:00+00:00,AWS-CHN-103,22.5,1008.7,83.0,True,spike,high,87.8,FUSED_CONSENSUS,23.5,1011.7,78.0,OFFLINE,replay,,87.8
2025-01-18T00:00:00+00:00,AWS-CHN-103,22.1,1008.1,84.0,True,spike,high,88.4,FUSED_CONSENSUS,23.3,1011.1,80.0,OFFLINE,replay,,88.4
2025-01-18T01:00:00+00:00,AWS-CHN-103,21.8,1007.2,85.0,True,spike,high,89.0,FUSED_CONSENSUS,22.7,1010.2,80.0,OFFLINE,replay,,89.0
2025-01-18T02:00:00+00:00,AWS-CHN-103,21.3,1006.7,86.0,True,spike,high,89.7,FUSED_CONSENSUS,22.4,1009.7,81.0,OFFLINE,replay,,89.7
2025-01-18T03:00:00+00:00,AWS-CHN-103,20.9,1006.1,87.0,True,spike,high,89.9,FUSED_CONSENSUS,22.1,1009.1,83.0,OFFLINE,replay,,89.9
2025-01-18T04:00:00+00:00,AWS-CHN-103,20.7,1006.0,88.0,True,spike,high,89.9,FUSED_CONSENSUS,21.8,1008.9,84.0,OFFLINE,replay,,89.9
2025-01-18T05:00:00+00:00,AWS-CHN-103,20.4,1006.1,89.0,True,spike,high,89.9,FUSED_CONSENSUS,21.6,1009.2,85.0,OFFLINE,replay,,89.9
2025-01-18T06:00:00+00:00,AWS-CHN-103,21.7,1006.7,88.0,True,spike,high,89.9,FUSED_CONSENSUS,22.5,1009.7,84.0,OFFLINE,replay,,89.9
2025-01-18T07:00:00+00:00,AWS-CHN-103,22.5,1007.8,85.0,True,spike,high,89.0,FUSED_CONSENSUS,23.5,1010.8,80.0,OFFLINE,replay,,89.0
2025-01-18T08:00:00+00:00,AWS-CHN-103,24.5,1008.4,78.0,False,,low,0.0,NORMAL,25.7,1011.4,69.0,OFFLINE,replay,,0.0
2025-01-18T09:00:00+00:00,AWS-CHN-103,26.3,1008.9,67.0,False,,low,0.0,NORMAL,27.3,1012.0,61.0,OFFLINE,replay,,0.0
2025-01-18T10:00:00+00:00,AWS-CHN-103,27.5,1008.9,61.0,False,,low,0.0,NORMAL,28.2,1011.8,57.0,OFFLINE,replay,,0.0
2025-01-18T11:00:00+00:00,AWS-CHN-103,27.9,1008.3,58.0,False,,low,0.0,NORMAL,27.3,1011.5,61.0,OFFLINE,replay,,0.0
2025-01-18T12:00:00+00:00,AWS-CHN-103,27.5,1007.5,60.0,False,,low,0.0,NORMAL,27.1,1010.7,65.0,OFFLINE,replay,,0.0
2025-01-18T13:00:00+00:00,AWS-CHN-103,27.1,1006.2,63.0,False,,low,0.0,NORMAL,27.1,1009.3,65.0,OFFLINE,replay,,0.0
2025-01-18T14:00:00+00:00,AWS-CHN-103,27.0,1005.2,65.0,False,,low,0.0,NORMAL,26.9,1008.4,67.0,OFFLINE,replay,,0.0
2025-01-18T15:00:00+00:00,AWS-CHN-103,26.5,1004.8,67.0,False,,low,0.0,NORMAL,26.9,1007.9,66.0,OFFLINE,replay,,0.0
2025-01-18T16:00:00+00:00,AWS-CHN-103,26.4,1004.8,67.0,False,,low,0.0,NORMAL,26.3,1008.0,71.0,OFFLINE,replay,,0.0
2025-01-18T17:00:00+00:00,AWS-CHN-103,26.2,1005.1,69.0,False,,low,0.0,NORMAL,26.1,1008.3,72.0,OFFLINE,replay,,0.0
2025-01-18T18:00:00+00:00,AWS-CHN-103,25.4,1005.9,72.0,False,,low,0.0,NORMAL,25.5,1009.1,76.0,OFFLINE,replay,,0.0
2025-01-18T19:00:00+00:00,AWS-CHN-103,25.1,1006.8,74.0,False,,low,0.0,NORMAL,25.0,1009.9,80.0,OFFLINE,replay,,0.0
2025-01-18T20:00:00+00:00,AWS-CHN-103,24.9,1007.6,77.0,False,,low,0.0,NORMAL,24.6,1010.7,82.0,OFFLINE,replay,,0.0
2025-01-18T21:00:00+00:00,AWS-CHN-103,24.4,1008.1,81.0,True,spike,high,86.6,FUSED_CONSENSUS,24.3,1011.1,85.0,OFFLINE,replay,,86.6
2025-01-18T22:00:00+00:00,AWS-CHN-103,24.1,1007.8,84.0,True,spike,high,88.4,FUSED_CONSENSUS,23.9,1011.0,89.0,OFFLINE,replay,,88.4
2025-01-18T23:00:00+00:00,AWS-CHN-103,23.1,1007.5,94.0,True,spike,high,89.9,FUSED_CONSENSUS,23.6,1010.5,94.0,OFFLINE,replay,,89.9
2025-01-19T00:00:00+00:00,AWS-CHN-103,22.9,1007.3,96.0,True,spike,high,89.9,FUSED_CONSENSUS,23.5,1010.2,95.0,OFFLINE,replay,,89.9
2025-01-19T01:00:00+00:00,AWS-CHN-103,22.9,1006.5,97.0,True,spike,high,89.9,FUSED_CONSENSUS,23.7,1009.6,94.0,OFFLINE,replay,,89.9
2025-01-19T02:00:00+00:00,AWS-CHN-103,22.9,1005.9,97.0,True,spike,high,89.9,FUSED_CONSENSUS,23.2,1009.0,96.0,OFFLINE,replay,,89.9
2026-09-22T08:30:00+00:00,AWS-CHN-103,33.4,999.4,54.0,False,,low,0.0,NORMAL,33.2,1002.4,57.0,HEALTHY,live,,0.0
2025-01-01T00:00:00+00:00,AWS-CHN-103,23.2,1009.4,96.0,False,,low,0.0,NORMAL,23.9,1012.4,90.0,HEALTHY,replay,,0.0
2025-01-01T01:00:00+00:00,AWS-CHN-103,22.9,1008.5,97.0,False,,low,0.0,NORMAL,23.7,1011.5,90.0,HEALTHY,replay,,0.0
2025-01-01T02:00:00+00:00,AWS-CHN-103,22.8,1007.8,97.0,False,,low,0.0,NORMAL,23.5,1010.7,91.0,HEALTHY,replay,,0.0
2025-01-01T03:00:00+00:00,AWS-CHN-103,22.5,1007.2,97.0,False,,low,0.0,NORMAL,23.1,1010.1,92.0,HEALTHY,replay,,0.0
2025-01-01T04:00:00+00:00,AWS-CHN-103,22.4,1006.9,97.0,False,,low,0.0,NORMAL,22.9,1010.0,93.0,HEALTHY,replay,,0.0
2025-01-01T05:00:00+00:00,AWS-CHN-103,22.1,1007.3,97.0,False,,low,0.0,NORMAL,22.5,1010.3,94.0,HEALTHY,replay,,0.0
2025-01-01T06:00:00+00:00,AWS-CHN-103,22.5,1008.0,99.0,False,,low,0.0,NORMAL,22.3,1011.1,99.0,HEALTHY,replay,,0.0
2025-01-01T07:00:00+00:00,AWS-CHN-103,23.0,1008.9,98.0,False,,low,0.0,NORMAL,23.1,1012.0,96.0,HEALTHY,replay,,0.0
2025-01-01T08:00:00+00:00,AWS-CHN-103,24.3,1009.7,91.0,False,,low,0.0,NORMAL,24.8,1012.8,90.0,HEALTHY,replay,,0.0
2025-01-01T09:00:00+00:00,AWS-CHN-103,26.2,1009.8,80.0,False,,low,0.0,NORMAL,27.0,1012.9,76.0,HEALTHY,replay,,0.0
2025-01-01T10:00:00+00:00,AWS-CHN-103,27.7,1009.8,70.0,False,,low,0.0,NORMAL,27.9,1012.8,68.0,HEALTHY,replay,,0.0
2025-01-01T11:00:00+00:00,AWS-CHN-103,28.9,1009.4,62.0,False,,low,0.0,NORMAL,28.3,1012.6,66.0,HEALTHY,replay,,0.0
2025-01-01T12:00:00+00:00,AWS-CHN-103,29.3,1008.3,60.0,False,,low,0.0,NORMAL,28.5,1011.5,64.0,HEALTHY,replay,,0.0
2025-01-01T13:00:00+00:00,AWS-CHN-103,29.4,1007.2,58.0,False,,low,0.0,NORMAL,28.4,1010.5,66.0,HEALTHY,replay,,0.0
2025-01-01T14:00:00+00:00,AWS-CHN-103,29.1,1006.2,59.0,False,,low,0.0,NORMAL,28.1,1009.5,67.0,HEALTHY,replay,,0.0
2025-01-01T15:00:00+00:00,AWS-CHN-103,28.4,1005.8,62.0,False,,low,0.0,NORMAL,27.7,1009.0,69.0,HEALTHY,replay,,0.0
2025-01-01T16:00:00+00:00,AWS-CHN-103,27.4,1005.7,65.0,False,,low,0.0,NORMAL,26.9,1008.9,72.0,HEALTHY,replay,,0.0
2025-01-01T17:00:00+00:00,AWS-CHN-103,26.3,1006.0,72.0,False,,low,0.0,NORMAL,25.8,1009.2,78.0,HEALTHY,replay,,0.0
2025-01-01T18:00:00+00:00,AWS-CHN-103,25.2,1006.6,81.0,False,,low,0.0,NORMAL,25.1,1009.8,84.0,HEALTHY,replay,,0.0
2025-01-01T19:00:00+00:00,AWS-CHN-103,24.2,1007.9,88.0,False,,low,0.0,NORMAL,24.7,1011.1,88.0,HEALTHY,replay,,0.0
2025-01-01T20:00:00+00:00,AWS-CHN-103,23.8,1008.5,91.0,False,,low,0.0,NORMAL,24.5,1011.7,88.0,HEALTHY,replay,,0.0
2025-01-01T21:00:00+00:00,AWS-CHN-103,23.4,1009.2,93.0,False,,low,0.0,NORMAL,24.2,1012.4,90.0,HEALTHY,replay,,0.0
2025-01-01T22:00:00+00:00,AWS-CHN-103,23.0,1009.2,95.0,False,,low,0.0,NORMAL,23.8,1012.2,90.0,HEALTHY,replay,,0.0
2025-01-01T23:00:00+00:00,AWS-CHN-103,22.5,1008.6,96.0,False,,low,0.0,NORMAL,23.4,1011.6,90.0,HEALTHY,replay,,0.0
2025-01-02T00:00:00+00:00,AWS-CHN-103,22.1,1008.0,95.0,False,,low,0.3,NORMAL,23.3,1011.0,89.0,HEALTHY,replay,0.6,0.0
2025-01-02T01:00:00+00:00,AWS-CHN-103,22.1,1007.3,94.0,False,,low,0.4,NORMAL,23.2,1010.4,94.0,HEALTHY,replay,0.7,0.0
2025-01-02T02:00:00+00:00,AWS-CHN-103,22.2,1006.7,93.0,False,,low,0.4,NORMAL,22.5,1009.7,94.0,HEALTHY,replay,0.7,0.0
2025-01-02T03:00:00+00:00,AWS-CHN-103,22.1,1006.4,94.0,False,,low,0.4,NORMAL,22.2,1009.4,93.0,HEALTHY,replay,0.6,0.0
2025-01-02T04:00:00+00:00,AWS-CHN-103,21.4,1006.3,95.0,False,,low,0.6,NORMAL,21.8,1009.4,93.0,HEALTHY,replay,1.1,0.0
2025-01-02T05:00:00+00:00,AWS-CHN-103,20.9,1006.8,96.0,False,,low,0.8,NORMAL,21.5,1009.8,92.0,HEALTHY,replay,1.3,0.0
2025-01-02T06:00:00+00:00,AWS-CHN-103,22.2,1007.6,97.0,False,,low,0.9,NORMAL,22.5,1010.7,95.0,HEALTHY,replay,1.6,0.0
2025-01-02T07:00:00+00:00,AWS-CHN-103,23.1,1008.7,93.0,False,,low,0.7,NORMAL,23.4,1011.7,91.0,HEALTHY,replay,1.1,0.0
2025-01-02T08:00:00+00:00,AWS-CHN-103,24.8,1009.5,86.0,False,,low,0.9,NORMAL,25.3,1012.7,83.0,HEALTHY,replay,1.5,0.0
2025-01-02T09:00:00+00:00,AWS-CHN-103,26.4,1009.9,73.0,False,,low,2.1,NORMAL,26.7,1013.1,67.0,HEALTHY,replay,3.5,0.0
2025-01-02T10:00:00+00:00,AWS-CHN-103,27.4,1009.9,65.0,False,,low,4.1,NORMAL,27.4,1013.0,61.0,HEALTHY,replay,6.9,0.0
2025-01-02T11:00:00+00:00,AWS-CHN-103,28.2,1009.3,58.0,False,,low,4.9,NORMAL,27.8,1012.5,59.0,HEALTHY,replay,8.2,0.0
2025-01-02T12:00:00+00:00,AWS-CHN-103,28.3,1008.5,57.0,False,,low,4.2,NORMAL,28.1,1011.7,58.0,HEALTHY,replay,6.9,0.0
2025-01-02T13:00:00+00:00,AWS-CHN-103,28.5,1007.5,55.0,False,,low,3.8,NORMAL,27.9,1010.8,57.0,HEALTHY,replay,6.3,0.0
2025-01-02T14:00:00+00:00,AWS-CHN-103,28.3,1006.6,55.0,False,,low,2.9,NORMAL,27.7,1009.9,57.0,HEALTHY,replay,4.9,0.0
2025-01-02T15:00:00+00:00,AWS-CHN-103,27.8,1006.4,56.0,False,,low,1.2,NORMAL,27.1,1009.6,59.0,HEALTHY,replay,2.0,0.0
2025-01-02T16:00:00+00:00,AWS-CHN-103,26.9,1006.4,59.0,False,,low,0.8,NORMAL,26.7,1009.6,61.0,HEALTHY,replay,1.4,0.0
2025-01-02T17:00:00+00:00,AWS-CHN-103,25.7,1006.8,66.0,False,,low,0.5,NORMAL,25.7,1010.1,67.0,HEALTHY,replay,0.8,0.0
2025-01-02T18:00:00+00:00,AWS-CHN-103,24.8,1007.2,72.0,False,,low,0.3,NORMAL,24.8,1010.4,77.0,HEALTHY,replay,0.5,0.0
2025-01-02T19:00:00+00:00,AWS-CHN-103,23.7,1008.4,78.0,False,,low,0.4,NORMAL,23.9,1011.5,82.0,HEALTHY,replay,0.6,0.0
2025-01-02T20:00:00+00:00,AWS-CHN-103,23.1,1009.0,81.0,False,,low,0.4,NORMAL,23.5,1012.1,82.0,HEALTHY,replay,0.7,0.0
2025-01-02T21:00:00+00:00,AWS-CHN-103,23.2,1009.4,81.0,False,,low,0.2,NORMAL,23.3,1012.5,82.0,HEALTHY,replay,0.4,0.0
2025-01-02T22:00:00+00:00,AWS-CHN-103,22.8,1009.4,82.0,False,,low,0.2,NORMAL,23.0,1012.5,84.0,HEALTHY,replay,0.4,0.0
2025-01-02T23:00:00+00:00,AWS-CHN-103,22.3,1009.3,84.0,False,,low,0.3,NORMAL,23.0,1012.3,86.0,HEALTHY,replay,0.5,0.0
2025-01-03T00:00:00+00:00,AWS-CHN-103,22.5,1008.9,83.0,False,,low,0.5,NORMAL,22.9,1011.9,86.0,HEALTHY,replay,0.8,0.0
2025-01-03T01:00:00+00:00,AWS-CHN-103,22.6,1008.1,82.0,False,,low,0.4,NORMAL,22.3,1011.2,87.0,HEALTHY,replay,0.7,0.0
2025-01-03T02:00:00+00:00,AWS-CHN-103,22.5,1007.5,83.0,False,,low,0.3,NORMAL,22.0,1010.6,86.0,HEALTHY,replay,0.5,0.0
2025-01-03T03:00:00+00:00,AWS-CHN-103,22.1,1007.0,84.0,False,,low,0.3,NORMAL,22.0,1010.0,87.0,HEALTHY,replay,0.5,0.0
2025-01-03T04:00:00+00:00,AWS-CHN-103,21.4,1006.9,88.0,False,,low,0.3,NORMAL,21.7,1010.0,87.0,HEALTHY,replay,0.4,0.0
2025-01-03T05:00:00+00:00,AWS-CHN-103,21.0,1007.2,89.0,False,,low,0.3,NORMAL,21.4,1010.2,91.0,HEALTHY,replay,0.6,0.0
2025-01-03T06:00:00+00:00,AWS-CHN-103,21.8,1008.5,89.0,False,,low,0.4,NORMAL,21.7,1011.5,93.0,HEALTHY,replay,0.7,0.0
2025-01-03T07:00:00+00:00,AWS-CHN-103,22.7,1009.6,85.0,False,,low,0.8,NORMAL,22.8,1012.6,88.0,HEALTHY,replay,1.4,0.0
2025-01-03T08:00:00+00:00,AWS-CHN-103,24.6,1010.3,77.0,False,,low,0.8,NORMAL,24.6,1013.4,80.0,HEALTHY,replay,1.3,0.0
2025-01-03T09:00:00+00:00,AWS-CHN-103,26.5,1010.7,66.0,False,,low,1.1,NORMAL,26.3,1013.9,71.0,HEALTHY,replay,1.9,0.0
2025-01-03T10:00:00+00:00,AWS-CHN-103,27.4,1010.5,60.0,False,,low,1.0,NORMAL,27.5,1013.5,63.0,HEALTHY,replay,1.7,0.0
2025-01-03T11:00:00+00:00,AWS-CHN-103,28.0,1010.0,58.0,False,,low,0.4,NORMAL,28.1,1013.0,56.0,HEALTHY,replay,0.7,0.0
2025-01-03T12:00:00+00:00,AWS-CHN-103,28.5,1008.8,55.0,False,,low,0.8,NORMAL,28.5,1011.9,53.0,HEALTHY,replay,1.4,0.0
2025-01-03T13:00:00+00:00,AWS-CHN-103,28.8,1007.9,53.0,False,,low,0.8,NORMAL,28.3,1011.1,53.0,HEALTHY,replay,1.3,0.0
2025-01-03T14:00:00+00:00,AWS-CHN-103,28.6,1006.9,53.0,False,,low,1.0,NORMAL,28.1,1010.1,53.0,HEALTHY,replay,1.7,0.0
2025-01-03T15:00:00+00:00,AWS-CHN-103,27.8,1006.5,54.0,False,,low,0.6,NORMAL,27.7,1009.7,54.0,HEALTHY,replay,1.0,0.0
2025-01-03T16:00:00+00:00,AWS-CHN-103,27.0,1006.4,56.0,False,,low,0.4,NORMAL,27.0,1009.6,56.0,HEALTHY,replay,0.6,0.0
2025-01-03T17:00:00+00:00,AWS-CHN-103,25.7,1006.4,63.0,False,,low,0.3,NORMAL,25.6,1009.7,62.0,HEALTHY,replay,0.5,0.0
2025-01-03T18:00:00+00:00,AWS-CHN-103,24.3,1007.1,71.0,False,,low,0.4,NORMAL,24.0,1010.2,74.0,HEALTHY,replay,0.6,0.0
2025-01-03T19:00:00+00:00,AWS-CHN-103,23.3,1007.8,77.0,False,,low,0.3,NORMAL,23.6,1010.9,80.0,HEALTHY,replay,0.5,0.0
2025-01-03T20:00:00+00:00,AWS-CHN-103,22.7,1008.2,81.0,False,,low,0.2,NORMAL,23.0,1011.3,84.0,HEALTHY,replay,0.3,0.0
2025-01-03T21:00:00+00:00,AWS-CHN-103,22.4,1008.4,83.0,False,,low,0.2,NORMAL,22.8,1011.5,84.0,HEALTHY,replay,0.4,0.0
2025-01-03T22:00:00+00:00,AWS-CHN-103,21.8,1008.4,87.0,False,,low,0.2,NORMAL,22.6,1011.4,83.0,HEALTHY,replay,0.4,0.0
2025-01-03T23:00:00+00:00,AWS-CHN-103,21.4,1008.0,89.0,False,,low,0.2,NORMAL,22.0,1011.0,85.0,HEALTHY,replay,0.4,0.0
2025-01-04T00:00:00+00:00,AWS-CHN-103,20.7,1007.4,92.0,False,,low,0.2,NORMAL,21.6,1010.5,86.0,HEALTHY,replay,0.4,0.0
2025-01-04T01:00:00+00:00,AWS-CHN-103,20.4,1007.1,93.0,False,,low,0.2,NORMAL,21.3,1010.2,88.0,HEALTHY,replay,0.3,0.0
2025-01-04T02:00:00+00:00,AWS-CHN-103,20.3,1006.4,93.0,False,,low,0.2,NORMAL,21.2,1009.5,89.0,HEALTHY,replay,0.4,0.0
2025-01-04T03:00:00+00:00,AWS-CHN-103,20.3,1005.9,93.0,False,,low,0.3,NORMAL,20.8,1009.1,93.0,HEALTHY,replay,0.5,0.0
2025-01-04T04:00:00+00:00,AWS-CHN-103,20.1,1006.0,93.0,False,,low,0.3,NORMAL,20.5,1009.2,95.0,HEALTHY,replay,0.4,0.0
2025-01-04T05:00:00+00:00,AWS-CHN-103,19.9,1006.6,93.0,False,,low,0.2,NORMAL,20.6,1009.8,96.0,HEALTHY,replay,0.3,0.0
2025-01-04T06:00:00+00:00,AWS-CHN-103,20.8,1007.6,92.0,False,,low,0.3,NORMAL,21.3,1010.8,95.0,HEALTHY,replay,0.6,0.0
2025-01-04T07:00:00+00:00,AWS-CHN-103,21.8,1008.5,90.0,False,,low,0.3,NORMAL,21.9,1011.6,93.0,HEALTHY,replay,0.5,0.0
2025-01-04T08:00:00+00:00,AWS-CHN-103,23.9,1009.3,82.0,False,,low,0.3,NORMAL,23.9,1012.4,84.0,HEALTHY,replay,0.5,0.0
2025-01-04T09:00:00+00:00,AWS-CHN-103,25.6,1009.9,73.0,False,,low,0.5,NORMAL,25.7,1013.0,74.0,HEALTHY,replay,0.8,0.0
2025-01-04T10:00:00+00:00,AWS-CHN-103,26.7,1009.8,64.0,False,,low,0.7,NORMAL,26.9,1012.8,64.0,HEALTHY,replay,1.2,0.0
2025-01-04T11:00:00+00:00,AWS-CHN-103,27.3,1008.9,60.0,False,,low,0.4,NORMAL,27.6,1012.0,58.0,HEALTHY,replay,0.7,0.0
2025-01-04T12:00:00+00:00,AWS-CHN-103,27.7,1007.8,58.0,False,,low,0.7,NORMAL,27.8,1011.0,55.0,HEALTHY,replay,1.1,0.0
2025-01-04T13:00:00+00:00,AWS-CHN-103,28.2,1006.7,55.0,False,,low,1.3,NORMAL,27.8,1009.9,55.0,HEALTHY,replay,2.1,0.0
2025-01-04T14:00:00+00:00,AWS-CHN-103,28.0,1005.7,54.0,False,,low,1.3,NORMAL,27.6,1008.9,54.0,HEALTHY,replay,2.1,0.0
2025-01-04T15:00:00+00:00,AWS-CHN-103,27.5,1005.4,54.0,False,,low,0.5,NORMAL,27.3,1008.6,54.0,HEALTHY,replay,0.8,0.0
2025-01-04T16:00:00+00:00,AWS-CHN-103,26.8,1005.4,56.0,False,,low,0.2,NORMAL,26.7,1008.6,57.0,HEALTHY,replay,0.4,0.0
2025-01-04T17:00:00+00:00,AWS-CHN-103,25.4,1005.5,62.0,False,,low,0.2,NORMAL,25.4,1008.8,63.0,HEALTHY,replay,0.3,0.0
2025-01-04T18:00:00+00:00,AWS-CHN-103,23.9,1006.1,71.0,False,,low,0.5,NORMAL,24.4,1009.3,72.0,HEALTHY,replay,0.8,0.0
2025-01-04T19:00:00+00:00,AWS-CHN-103,23.3,1007.4,75.0,False,,low,0.3,NORMAL,23.7,1010.6,76.0,HEALTHY,replay,0.4,0.0
2025-01-04T20:00:00+00:00,AWS-CHN-103,22.8,1008.0,77.0,False,,low,0.2,NORMAL,23.1,1011.1,80.0,HEALTHY,replay,0.4,0.0
2025-01-04T21:00:00+00:00,AWS-CHN-103,22.3,1008.5,80.0,False,,low,0.1,NORMAL,23.0,1011.6,81.0,HEALTHY,replay,0.2,0.0
2025-01-04T22:00:00+00:00,AWS-CHN-103,21.7,1008.7,83.0,False,,low,0.1,NORMAL,22.7,1011.7,83.0,HEALTHY,replay,0.2,0.0
2025-01-04T23:00:00+00:00,AWS-CHN-103,21.1,1008.2,86.0,False,,low,0.1,NORMAL,22.5,1011.3,83.0,HEALTHY,replay,0.1,0.0
2025-01-05T00:00:00+00:00,AWS-CHN-103,20.9,1007.6,87.0,False,,low,0.1,NORMAL,22.5,1010.8,83.0,HEALTHY,replay,0.2,0.0
2025-01-05T01:00:00+00:00,AWS-CHN-103,20.7,1007.1,88.0,False,,low,0.1,NORMAL,22.3,1010.3,83.0,HEALTHY,replay,0.1,0.0
2025-01-05T02:00:00+00:00,AWS-CHN-103,20.8,1006.9,87.0,False,,low,0.1,NORMAL,21.6,1009.9,85.0,HEALTHY,replay,0.2,0.0
2025-01-05T03:00:00+00:00,AWS-CHN-103,20.7,1006.7,87.0,False,,low,0.1,NORMAL,21.1,1009.8,89.0,HEALTHY,replay,0.2,0.0
2025-01-05T04:00:00+00:00,AWS-CHN-103,19.8,1006.7,91.0,False,,low,0.1,NORMAL,21.1,1009.9,91.0,HEALTHY,replay,0.2,0.0
2025-01-05T05:00:00+00:00,AWS-CHN-103,19.4,1007.1,92.0,False,,low,0.2,NORMAL,21.2,1010.4,91.0,HEALTHY,replay,0.3,0.0
2025-01-05T06:00:00+00:00,AWS-CHN-103,20.7,1007.9,94.0,False,,low,0.3,NORMAL,21.2,1011.1,95.0,HEALTHY,replay,0.5,0.0
2025-01-05T07:00:00+00:00,AWS-CHN-103,21.5,1008.9,90.0,False,,low,0.2,NORMAL,22.2,1012.1,91.0,HEALTHY,replay,0.3,0.0
2025-01-05T08:00:00+00:00,AWS-CHN-103,23.8,1009.7,83.0,False,,low,0.4,NORMAL,24.2,1012.9,84.0,HEALTHY,replay,0.7,0.0
2025-01-05T09:00:00+00:00,AWS-CHN-103,25.8,1009.8,71.0,False,,low,0.5,NORMAL,26.0,1013.0,73.0,HEALTHY,replay,0.9,0.0
2025-01-05T10:00:00+00:00,AWS-CHN-103,27.0,1009.6,63.0,False,,low,0.4,NORMAL,27.2,1012.7,64.0,HEALTHY,replay,0.7,0.0
2025-01-05T11:00:00+00:00,AWS-CHN-103,27.4,1009.0,60.0,False,,low,0.2,NORMAL,27.9,1012.1,60.0,HEALTHY,replay,0.4,0.0
2025-01-05T12:00:00+00:00,AWS-CHN-103,27.7,1007.9,58.0,False,,low,0.4,NORMAL,28.3,1011.1,57.0,HEALTHY,replay,0.7,0.0
2025-01-05T13:00:00+00:00,AWS-CHN-103,28.1,1006.8,56.0,False,,low,0.6,NORMAL,28.1,1010.0,54.0,HEALTHY,replay,1.0,0.0
2025-01-05T14:00:00+00:00,AWS-CHN-103,28.2,1005.7,55.0,False,,low,0.8,NORMAL,27.9,1009.0,54.0,HEALTHY,replay,1.4,0.0
2025-01-05T15:00:00+00:00,AWS-CHN-103,27.9,1005.2,54.0,False,,low,0.5,NORMAL,27.6,1008.6,54.0,HEALTHY,replay,0.9,0.0
2025-01-05T16:00:00+00:00,AWS-CHN-103,27.0,1005.4,56.0,False,,low,0.2,NORMAL,26.8,1008.7,56.0,HEALTHY,replay,0.4,0.0
2025-01-05T17:00:00+00:00,AWS-CHN-103,25.5,1005.9,62.0,False,,low,0.2,NORMAL,25.3,1009.2,62.0,HEALTHY,replay,0.3,0.0
2025-01-05T18:00:00+00:00,AWS-CHN-103,24.8,1006.1,70.0,False,,low,0.2,NORMAL,24.6,1009.3,70.0,HEALTHY,replay,0.4,0.0
2025-01-05T19:00:00+00:00,AWS-CHN-103,23.7,1007.1,75.0,False,,low,0.2,NORMAL,23.9,1010.3,77.0,HEALTHY,replay,0.3,0.0
2025-01-05T20:00:00+00:00,AWS-CHN-103,23.0,1008.0,77.0,False,,low,0.2,NORMAL,23.3,1011.2,80.0,HEALTHY,replay,0.3,0.0
2025-01-05T21:00:00+00:00,AWS-CHN-103,22.3,1008.6,82.0,False,,low,0.2,NORMAL,22.8,1011.7,83.0,HEALTHY,replay,0.3,0.0
2025-01-05T22:00:00+00:00,AWS-CHN-103,21.7,1008.9,85.0,False,,low,0.1,NORMAL,23.3,1012.0,76.0,HEALTHY,replay,0.2,0.0
2025-01-05T23:00:00+00:00,AWS-CHN-103,21.4,1008.2,85.0,False,,low,0.1,NORMAL,22.6,1011.3,77.0,HEALTHY,replay,0.1,0.0
2025-01-06T00:00:00+00:00,AWS-CHN-103,21.1,1007.7,83.0,False,,low,0.1,NORMAL,22.4,1010.7,77.0,HEALTHY,replay,0.2,0.0
2025-01-06T01:00:00+00:00,AWS-CHN-103,20.4,1006.9,84.0,False,,low,0.1,NORMAL,22.1,1010.0,79.0,HEALTHY,replay,0.2,0.0
2025-01-06T02:00:00+00:00,AWS-CHN-103,20.1,1006.4,84.0,False,,low,0.1,NORMAL,21.6,1009.5,79.0,HEALTHY,replay,0.2,0.0
2025-01-06T03:00:00+00:00,AWS-CHN-103,19.3,1006.0,88.0,False,,low,0.1,NORMAL,20.9,1009.2,82.0,HEALTHY,replay,0.2,0.0
2025-01-06T04:00:00+00:00,AWS-CHN-103,19.2,1006.0,90.0,False,,low,0.1,NORMAL,20.2,1009.2,89.0,HEALTHY,replay,0.2,0.0
2025-01-06T05:00:00+00:00,AWS-CHN-103,19.4,1006.5,90.0,False,,low,0.1,NORMAL,20.1,1009.6,89.0,HEALTHY,replay,0.2,0.0
2025-01-06T06:00:00+00:00,AWS-CHN-103,22.5,1007.1,82.0,False,,low,0.6,NORMAL,22.3,1010.1,87.0,HEALTHY,replay,1.0,0.0
2025-01-06T07:00:00+00:00,AWS-CHN-103,22.9,1008.1,82.0,False,,low,0.3,NORMAL,22.4,1011.1,87.0,HEALTHY,replay,0.4,0.0
2025-01-06T08:00:00+00:00,AWS-CHN-103,24.3,1009.1,77.0,False,,low,0.3,NORMAL,24.6,1012.1,79.0,HEALTHY,replay,0.5,0.0
2025-01-06T09:00:00+00:00,AWS-CHN-103,26.1,1009.5,67.0,False,,low,0.5,NORMAL,25.7,1012.6,74.0,HEALTHY,replay,0.9,0.0
2025-01-06T10:00:00+00:00,AWS-CHN-103,27.2,1009.3,60.0,False,,low,0.5,NORMAL,27.2,1012.4,63.0,HEALTHY,replay,0.9,0.0
2025-01-06T11:00:00+00:00,AWS-CHN-103,27.2,1008.5,60.0,False,,low,0.3,NORMAL,26.7,1011.6,63.0,HEALTHY,replay,0.5,0.0
2025-01-06T12:00:00+00:00,AWS-CHN-103,27.0,1007.4,65.0,False,,low,0.7,NORMAL,27.7,1010.4,62.0,HEALTHY,replay,1.1,0.0
2025-01-06T13:00:00+00:00,AWS-CHN-103,27.6,1006.0,62.0,False,,low,1.4,NORMAL,27.8,1009.1,53.0,HEALTHY,replay,2.3,0.0
2025-01-06T14:00:00+00:00,AWS-CHN-103,28.1,1005.1,59.0,False,,low,1.7,NORMAL,28.9,1008.1,50.0,HEALTHY,replay,2.9,0.0
2025-01-06T15:00:00+00:00,AWS-CHN-103,28.0,1005.0,58.0,False,,low,0.5,NORMAL,28.4,1008.1,52.0,HEALTHY,replay,0.8,0.0
2025-01-06T16:00:00+00:00,AWS-CHN-103,27.5,1005.0,59.0,False,,low,0.4,NORMAL,27.7,1008.2,55.0,HEALTHY,replay,0.7,0.0
2025-01-06T17:00:00+00:00,AWS-CHN-103,26.3,1005.4,67.0,False,,low,0.3,NORMAL,26.1,1008.6,65.0,HEALTHY,replay,0.6,0.0
2025-01-06T18:00:00+00:00,AWS-CHN-103,24.9,1005.8,74.0,False,,low,0.3,NORMAL,24.7,1009.2,73.0,HEALTHY,replay,0.5,0.0
2025-01-06T19:00:00+00:00,AWS-CHN-103,23.9,1006.9,77.0,False,,low,0.2,NORMAL,24.1,1010.1,76.0,HEALTHY,replay,0.3,0.0
2025-01-06T20:00:00+00:00,AWS-CHN-103,23.1,1007.6,80.0,False,,low,0.2,NORMAL,23.6,1010.8,80.0,HEALTHY,replay,0.3,0.0
2025-01-06T21:00:00+00:00,AWS-CHN-103,22.6,1008.1,83.0,False,,low,0.1,NORMAL,23.3,1011.2,82.0,HEALTHY,replay,0.2,0.0
2025-01-06T22:00:00+00:00,AWS-CHN-103,22.3,1008.0,84.0,False,,low,0.1,NORMAL,22.9,1011.1,83.0,HEALTHY,replay,0.2,0.0
2025-01-06T23:00:00+00:00,AWS-CHN-103,21.9,1007.7,86.0,False,,low,0.1,NORMAL,22.5,1010.7,85.0,HEALTHY,replay,0.1,0.0
2025-01-07T00:00:00+00:00,AWS-CHN-103,21.3,1007.3,89.0,False,,low,0.1,NORMAL,22.5,1010.3,90.0,HEALTHY,replay,0.2,0.0
2025-01-07T01:00:00+00:00,AWS-CHN-103,21.1,1007.0,91.0,False,,low,0.1,NORMAL,22.5,1010.0,91.0,HEALTHY,replay,0.2,0.0
2025-01-07T02:00:00+00:00,AWS-CHN-103,21.1,1006.6,93.0,False,,low,0.1,NORMAL,22.4,1009.5,91.0,HEALTHY,replay,0.2,0.0
2025-01-07T03:00:00+00:00,AWS-CHN-103,21.1,1006.3,94.0,False,,low,0.1,NORMAL,22.0,1009.3,93.0,HEALTHY,replay,0.2,0.0
2025-01-07T04:00:00+00:00,AWS-CHN-103,21.1,1006.3,95.0,False,,low,0.1,NORMAL,21.8,1009.3,94.0,HEALTHY,replay,0.2,0.0
2025-01-07T05:00:00+00:00,AWS-CHN-103,21.2,1006.9,94.0,False,,low,0.2,NORMAL,21.9,1010.0,93.0,HEALTHY,replay,0.3,0.0
2025-01-07T06:00:00+00:00,AWS-CHN-103,22.2,1007.6,96.0,False,,low,0.3,NORMAL,22.3,1010.7,97.0,HEALTHY,replay,0.6,0.0
2025-01-07T07:00:00+00:00,AWS-CHN-103,22.7,1008.5,94.0,False,,low,0.2,NORMAL,22.9,1011.6,94.0,HEALTHY,replay,0.3,0.0
2025-01-07T08:00:00+00:00,AWS-CHN-103,24.3,1009.2,86.0,False,,low,0.3,NORMAL,24.0,1012.4,88.0,HEALTHY,replay,0.5,0.0
2025-01-07T09:00:00+00:00,AWS-CHN-103,25.8,1009.2,75.0,False,,low,0.5,NORMAL,25.4,1012.5,79.0,HEALTHY,replay,0.9,0.0
2025-01-07T10:00:00+00:00,AWS-CHN-103,27.0,1009.2,67.0,False,,low,0.6,NORMAL,26.4,1012.4,73.0,HEALTHY,replay,1.0,0.0
2025-01-07T11:00:00+00:00,AWS-CHN-103,27.8,1008.5,63.0,False,,low,0.3,NORMAL,27.1,1011.7,68.0,HEALTHY,replay,0.5,0.0
2025-01-07T12:00:00+00:00,AWS-CHN-103,28.3,1007.3,60.0,False,,low,0.6,NORMAL,27.3,1010.6,67.0,HEALTHY,replay,1.1,0.0
2025-01-07T13:00:00+00:00,AWS-CHN-103,28.6,1006.1,57.0,False,,low,1.2,NORMAL,27.0,1009.5,67.75,HEALTHY,replay,2.0,0.0
2025-01-07T14:00:00+00:00,AWS-CHN-103,28.8,1005.1,56.0,False,,low,1.4,NORMAL,27.3,1008.7,64.5,HEALTHY,replay,2.3,0.0
2025-01-07T15:00:00+00:00,AWS-CHN-103,28.1,1004.8,57.0,False,,low,0.4,NORMAL,26.9,1008.2,64.25,HEALTHY,replay,0.7,0.0
2025-01-07T16:00:00+00:00,AWS-CHN-103,26.9,1005.0,64.0,False,,low,0.3,NORMAL,26.5,1008.3,65.0,HEALTHY,replay,0.5,0.0
2025-01-07T17:00:00+00:00,AWS-CHN-103,25.8,1005.3,68.0,False,,low,0.2,NORMAL,25.5,1008.5,69.0,HEALTHY,replay,0.3,0.0
2025-01-07T18:00:00+00:00,AWS-CHN-103,24.8,1005.7,76.0,False,,low,0.2,NORMAL,24.7,1009.1,77.0,HEALTHY,replay,0.3,0.0
2025-01-07T19:00:00+00:00,AWS-CHN-103,24.0,1006.5,78.0,False,,low,0.2,NORMAL,24.1,1009.7,80.24,HEALTHY,replay,0.3,0.0
2025-01-07T20:00:00+00:00,AWS-CHN-103,23.5,1007.1,81.0,False,,low,0.2,NORMAL,23.9,1010.4,82.0,HEALTHY,replay,0.3,0.0
2025-01-07T21:00:00+00:00,AWS-CHN-103,23.0,1007.5,83.0,False,,low,0.1,NORMAL,23.7,1010.7,82.0,HEALTHY,replay,0.2,0.0
2025-01-07T22:00:00+00:00,AWS-CHN-103,22.6,1007.4,85.0,False,,low,0.1,NORMAL,23.4,1010.4,82.49,HEALTHY,replay,0.2,0.0
2025-01-07T23:00:00+00:00,AWS-CHN-103,22.2,1007.3,85.0,False,,low,0.1,NORMAL,23.1,1010.3,83.24,HEALTHY,replay,0.2,0.0
2025-01-08T00:00:00+00:00,AWS-CHN-103,21.8,1006.9,85.0,False,,low,0.1,NORMAL,22.7,1009.9,83.99,HEALTHY,replay,0.2,0.0
2025-01-08T01:00:00+00:00,AWS-CHN-103,21.3,1006.3,87.0,False,,low,0.1,NORMAL,22.3,1009.3,85.74,HEALTHY,replay,0.2,0.0
2025-01-08T02:00:00+00:00,AWS-CHN-103,20.8,1005.6,90.0,False,,low,0.1,NORMAL,21.7,1008.6,87.49,HEALTHY,replay,0.2,0.0
2025-01-08T03:00:00+00:00,AWS-CHN-103,19.9,1005.1,93.0,False,,low,0.2,NORMAL,20.7,1008.3,90.24,HEALTHY,replay,0.3,0.0
2025-01-08T04:00:00+00:00,AWS-CHN-103,19.1,1005.0,94.0,False,,low,0.1,NORMAL,20.0,1008.1,92.0,HEALTHY,replay,0.2,0.0
2025-01-08T05:00:00+00:00,AWS-CHN-103,18.6,1005.5,95.0,False,,low,0.1,NORMAL,19.8,1008.7,95.0,HEALTHY,replay,0.2,0.0
2025-01-08T06:00:00+00:00,AWS-CHN-103,19.6,1006.2,95.0,False,,low,0.3,NORMAL,20.6,1009.3,97.0,HEALTHY,replay,0.5,0.0
2025-01-08T07:00:00+00:00,AWS-CHN-103,20.9,1007.5,91.0,False,,low,0.3,NORMAL,21.1,1010.5,95.0,HEALTHY,replay,0.6,0.0
2025-01-08T08:00:00+00:00,AWS-CHN-103,23.1,1008.9,83.0,False,,low,1.7,NORMAL,23.3,1011.9,89.98,HEALTHY,replay,2.9,0.0
2025-01-08T09:00:00+00:00,AWS-CHN-103,25.1,1009.3,75.0,False,,low,0.7,NORMAL,25.4,1012.3,75.0,HEALTHY,replay,1.2,0.0
2025-01-08T10:00:00+00:00,AWS-CHN-103,26.4,1009.3,65.0,False,,low,0.6,NORMAL,26.8,1012.3,63.0,HEALTHY,replay,0.9,0.0
2025-01-08T11:00:00+00:00,AWS-CHN-103,27.3,1008.7,59.0,False,,low,0.6,NORMAL,27.8,1011.7,53.0,HEALTHY,replay,0.9,0.0
2025-01-08T12:00:00+00:00,AWS-CHN-103,28.1,1007.4,53.0,False,,low,1.1,NORMAL,28.1,1010.6,51.0,HEALTHY,replay,1.8,0.0
2025-01-08T13:00:00+00:00,AWS-CHN-103,28.3,1006.3,49.0,False,,low,1.2,NORMAL,28.1,1009.6,51.0,HEALTHY,replay,1.9,0.0
2025-01-08T14:00:00+00:00,AWS-CHN-103,28.1,1005.6,50.0,False,,low,0.5,NORMAL,28.0,1008.8,51.0,HEALTHY,replay,0.8,0.0
2025-01-08T15:00:00+00:00,AWS-CHN-103,27.5,1005.3,51.0,False,,low,0.4,NORMAL,27.4,1008.5,53.0,HEALTHY,replay,0.6,0.0
2025-01-08T16:00:00+00:00,AWS-CHN-103,26.8,1005.4,52.0,False,,low,0.2,NORMAL,26.7,1008.7,56.0,HEALTHY,replay,0.4,0.0
2025-01-08T17:00:00+00:00,AWS-CHN-103,25.3,1006.3,64.0,False,,low,0.5,NORMAL,25.7,1009.5,60.0,HEALTHY,replay,0.9,0.0
2025-01-08T18:00:00+00:00,AWS-CHN-103,23.8,1007.0,70.0,False,,low,0.3,NORMAL,24.2,1010.2,68.0,HEALTHY,replay,0.6,0.0
2025-01-08T19:00:00+00:00,AWS-CHN-103,22.9,1008.0,76.0,False,,low,0.4,NORMAL,23.6,1011.1,75.0,HEALTHY,replay,0.6,0.0
2025-01-08T20:00:00+00:00,AWS-CHN-103,22.2,1008.3,80.0,False,,low,0.2,NORMAL,23.3,1011.3,77.0,HEALTHY,replay,0.4,0.0
2025-01-08T21:00:00+00:00,AWS-CHN-103,21.9,1008.7,81.0,False,,low,0.3,NORMAL,23.0,1011.8,77.0,HEALTHY,replay,0.4,0.0
2025-01-08T22:00:00+00:00,AWS-CHN-103,21.6,1008.7,81.0,False,,low,0.2,NORMAL,23.0,1011.7,77.0,HEALTHY,replay,0.3,0.0
2025-01-08T23:00:00+00:00,AWS-CHN-103,21.5,1008.1,81.0,False,,low,0.1,NORMAL,22.9,1011.1,76.0,HEALTHY,replay,0.2,0.0
2025-01-09T00:00:00+00:00,AWS-CHN-103,20.9,1007.5,84.0,False,,low,0.1,NORMAL,22.3,1010.5,79.0,HEALTHY,replay,0.2,0.0
2025-01-09T01:00:00+00:00,AWS-CHN-103,20.4,1006.8,86.0,False,,low,0.1,NORMAL,22.6,1009.9,78.0,HEALTHY,replay,0.2,0.0
2025-01-09T02:00:00+00:00,AWS-CHN-103,20.2,1006.1,87.0,False,,low,0.1,NORMAL,22.6,1009.2,78.0,HEALTHY,replay,0.2,0.0
2025-01-09T03:00:00+00:00,AWS-CHN-103,20.0,1005.9,89.0,False,,low,0.1,NORMAL,22.3,1008.9,78.0,HEALTHY,replay,0.2,0.0
2025-01-09T04:00:00+00:00,AWS-CHN-103,20.1,1006.0,88.0,False,,low,0.2,NORMAL,22.4,1009.0,78.0,HEALTHY,replay,0.3,0.0
2025-01-09T05:00:00+00:00,AWS-CHN-103,20.3,1006.5,87.0,False,,low,0.2,NORMAL,22.3,1009.6,80.0,HEALTHY,replay,0.3,0.0
2025-01-09T06:00:00+00:00,AWS-CHN-103,21.4,1007.6,88.0,False,,low,0.4,NORMAL,21.7,1010.6,90.0,HEALTHY,replay,0.6,0.0
2025-01-09T07:00:00+00:00,AWS-CHN-103,21.7,1008.5,88.0,False,,low,0.3,NORMAL,23.1,1011.5,85.0,HEALTHY,replay,0.5,0.0
2025-01-09T08:00:00+00:00,AWS-CHN-103,23.6,1009.5,81.0,False,,low,0.4,NORMAL,24.8,1012.5,79.0,HEALTHY,replay,0.6,0.0
2025-01-09T09:00:00+00:00,AWS-CHN-103,25.3,1010.0,74.0,False,,low,0.3,NORMAL,26.4,1013.0,68.0,HEALTHY,replay,0.6,0.0
2025-01-09T10:00:00+00:00,AWS-CHN-103,26.3,1009.5,69.0,False,,low,0.2,NORMAL,27.3,1012.6,57.0,HEALTHY,replay,0.4,0.0
2025-01-09T11:00:00+00:00,AWS-CHN-103,27.8,1008.7,57.0,False,,low,0.8,NORMAL,28.0,1011.9,53.0,HEALTHY,replay,1.3,0.0
2025-01-09T12:00:00+00:00,AWS-CHN-103,28.2,1007.8,51.0,False,,low,1.4,NORMAL,28.6,1011.0,50.0,HEALTHY,replay,2.4,0.0
2025-01-09T13:00:00+00:00,AWS-CHN-103,28.3,1006.8,51.0,False,,low,0.5,NORMAL,28.5,1010.1,50.0,HEALTHY,replay,0.9,0.0
2025-01-09T14:00:00+00:00,AWS-CHN-103,28.2,1006.2,50.0,False,,low,0.5,NORMAL,28.3,1009.5,50.0,HEALTHY,replay,0.8,0.0
2025-01-09T15:00:00+00:00,AWS-CHN-103,27.6,1006.1,51.0,False,,low,0.3,NORMAL,27.9,1009.3,49.0,HEALTHY,replay,0.5,0.0
2025-01-09T16:00:00+00:00,AWS-CHN-103,27.0,1006.2,52.0,False,,low,0.4,NORMAL,27.5,1009.4,49.0,HEALTHY,replay,0.7,0.0
2025-01-09T17:00:00+00:00,AWS-CHN-103,25.6,1006.8,59.0,False,,low,0.4,NORMAL,26.2,1010.0,54.0,HEALTHY,replay,0.6,0.0
2025-01-09T18:00:00+00:00,AWS-CHN-103,24.7,1007.7,66.0,False,,low,0.3,NORMAL,25.4,1010.7,62.0,HEALTHY,replay,0.5,0.0
2025-01-09T19:00:00+00:00,AWS-CHN-103,23.9,1008.7,70.0,False,,low,0.3,NORMAL,24.0,1011.8,70.0,HEALTHY,replay,0.5,0.0
2025-01-09T20:00:00+00:00,AWS-CHN-103,23.4,1009.5,70.0,False,,low,0.4,NORMAL,23.4,1012.6,75.0,HEALTHY,replay,0.6,0.0
2025-01-09T21:00:00+00:00,AWS-CHN-103,22.9,1010.1,72.0,False,,low,0.3,NORMAL,23.3,1013.1,76.0,HEALTHY,replay,0.5,0.0
2025-01-09T22:00:00+00:00,AWS-CHN-103,22.6,1010.5,74.0,False,,low,0.2,NORMAL,23.2,1013.5,77.0,HEALTHY,replay,0.3,0.0
2025-01-09T23:00:00+00:00,AWS-CHN-103,22.1,1010.1,77.0,False,,low,0.2,NORMAL,22.9,1013.1,80.0,HEALTHY,replay,0.3,0.0
2025-01-10T00:00:00+00:00,AWS-CHN-103,21.4,1009.5,81.0,False,,low,0.2,NORMAL,22.5,1012.6,82.0,HEALTHY,replay,0.3,0.0
2025-01-10T01:00:00+00:00,AWS-CHN-103,21.4,1008.9,81.0,False,,low,0.2,NORMAL,22.3,1011.9,82.0,HEALTHY,replay,0.3,0.0
2025-01-10T02:00:00+00:00,AWS-CHN-103,21.7,1008.1,79.0,False,,low,0.4,NORMAL,22.6,1011.2,79.0,HEALTHY,replay,0.6,0.0
2025-01-10T03:00:00+00:00,AWS-CHN-103,21.6,1007.7,79.0,False,,low,0.2,NORMAL,22.3,1010.8,82.0,HEALTHY,replay,0.3,0.0
2025-01-10T04:00:00+00:00,AWS-CHN-103,21.4,1007.6,79.0,False,,low,0.2,NORMAL,21.9,1010.7,85.0,HEALTHY,replay,0.4,0.0
2025-01-10T05:00:00+00:00,AWS-CHN-103,21.3,1008.1,79.0,False,,low,0.1,NORMAL,21.7,1011.1,85.0,HEALTHY,replay,0.2,0.0
2025-01-10T06:00:00+00:00,AWS-CHN-103,21.7,1008.5,85.0,False,,low,0.2,NORMAL,21.9,1011.6,90.0,HEALTHY,replay,0.4,0.0
2025-01-10T07:00:00+00:00,AWS-CHN-103,22.7,1009.4,82.0,False,,low,0.2,NORMAL,22.8,1012.4,87.0,HEALTHY,replay,0.4,0.0
2025-01-10T08:00:00+00:00,AWS-CHN-103,24.8,1010.2,76.0,False,,low,0.3,NORMAL,24.9,1013.4,80.0,HEALTHY,replay,0.5,0.0
2025-01-10T09:00:00+00:00,AWS-CHN-103,26.6,1010.8,69.0,False,,low,0.6,NORMAL,26.8,1014.0,73.0,HEALTHY,replay,1.1,0.0
2025-01-10T10:00:00+00:00,AWS-CHN-103,27.5,1010.8,65.0,False,,low,0.4,NORMAL,28.1,1013.9,64.0,HEALTHY,replay,0.6,0.0
2025-01-10T11:00:00+00:00,AWS-CHN-103,27.6,1010.1,66.0,False,,low,0.3,NORMAL,27.9,1013.2,64.0,HEALTHY,replay,0.5,0.0
2025-01-10T12:00:00+00:00,AWS-CHN-103,27.8,1009.2,64.0,False,,low,0.7,NORMAL,27.8,1012.5,64.0,HEALTHY,replay,1.1,0.0
2025-01-10T13:00:00+00:00,AWS-CHN-103,26.8,1008.4,69.0,False,,low,0.4,NORMAL,27.6,1011.5,66.0,HEALTHY,replay,0.7,0.0
2025-01-10T14:00:00+00:00,AWS-CHN-103,27.8,1007.4,66.0,False,,low,1.2,NORMAL,27.6,1010.7,65.0,HEALTHY,replay,2.0,0.0
2025-01-10T15:00:00+00:00,AWS-CHN-103,27.5,1007.2,65.0,False,,low,0.5,NORMAL,27.4,1010.4,66.0,HEALTHY,replay,0.8,0.0
2025-01-10T16:00:00+00:00,AWS-CHN-103,26.7,1007.3,68.0,False,,low,0.9,NORMAL,26.8,1010.5,68.0,HEALTHY,replay,1.5,0.0
2025-01-10T17:00:00+00:00,AWS-CHN-103,25.9,1008.0,72.0,False,,low,0.6,NORMAL,26.2,1011.2,70.0,HEALTHY,replay,1.1,0.0
2025-01-10T18:00:00+00:00,AWS-CHN-103,23.9,1008.8,87.0,False,,low,3.3,NORMAL,24.9,1011.9,82.0,HEALTHY,replay,5.4,0.0
2025-01-10T19:00:00+00:00,AWS-CHN-103,24.1,1009.8,86.0,False,,low,1.2,NORMAL,24.9,1012.9,79.0,HEALTHY,replay,2.0,0.0
2025-01-10T20:00:00+00:00,AWS-CHN-103,23.7,1010.5,87.0,False,,low,0.8,NORMAL,24.7,1013.5,78.0,HEALTHY,replay,1.3,0.0
2025-01-10T21:00:00+00:00,AWS-CHN-103,23.5,1010.6,87.0,False,,low,0.4,NORMAL,24.0,1013.7,81.0,HEALTHY,replay,0.7,0.0
2025-01-10T22:00:00+00:00,AWS-CHN-103,23.1,1010.6,87.0,False,,low,0.4,NORMAL,23.7,1013.7,83.0,HEALTHY,replay,0.6,0.0
2025-01-10T23:00:00+00:00,AWS-CHN-103,23.5,1010.1,85.0,False,,low,0.5,NORMAL,24.1,1013.3,82.0,HEALTHY,replay,0.8,0.0
2025-01-11T00:00:00+00:00,AWS-CHN-103,23.7,1009.5,85.0,False,,low,0.9,NORMAL,24.8,1012.6,81.0,HEALTHY,replay,1.4,0.0
2025-01-11T01:00:00+00:00,AWS-CHN-103,23.6,1008.8,86.0,False,,low,0.9,NORMAL,24.7,1012.0,81.0,HEALTHY,replay,1.5,0.0
2025-01-11T02:00:00+00:00,AWS-CHN-103,23.3,1008.2,87.0,False,,low,0.5,NORMAL,24.4,1011.5,81.0,HEALTHY,replay,0.8,0.0
2025-01-11T03:00:00+00:00,AWS-CHN-103,22.3,1008.0,92.0,False,,low,0.2,NORMAL,23.8,1011.1,84.0,HEALTHY,replay,0.4,0.0
2025-01-11T04:00:00+00:00,AWS-CHN-103,22.4,1008.0,92.0,False,,low,0.3,NORMAL,23.8,1011.1,84.0,HEALTHY,replay,0.6,0.0
2025-01-11T05:00:00+00:00,AWS-CHN-103,22.1,1008.2,92.0,False,,low,0.5,NORMAL,23.8,1011.2,84.0,HEALTHY,replay,0.8,0.0
2025-01-11T06:00:00+00:00,AWS-CHN-103,22.8,1008.2,89.0,False,,low,1.2,NORMAL,24.5,1011.3,78.0,HEALTHY,replay,1.9,0.0
2025-01-11T07:00:00+00:00,AWS-CHN-103,23.8,1009.1,83.0,False,,low,0.8,NORMAL,25.1,1012.3,75.0,HEALTHY,replay,1.4,0.0
2025-01-11T08:00:00+00:00,AWS-CHN-103,25.8,1010.3,75.0,False,,low,1.1,NORMAL,26.5,1013.4,69.0,HEALTHY,replay,1.8,0.0
2025-01-11T09:00:00+00:00,AWS-CHN-103,27.1,1011.0,65.0,False,,low,2.1,NORMAL,27.4,1014.1,65.0,HEALTHY,replay,3.6,0.0
2025-01-11T10:00:00+00:00,AWS-CHN-103,27.9,1010.8,61.0,False,,low,0.8,NORMAL,27.9,1014.0,62.0,HEALTHY,replay,1.3,0.0
2025-01-11T11:00:00+00:00,AWS-CHN-103,28.3,1010.6,60.0,False,,low,0.8,NORMAL,28.3,1013.9,61.0,HEALTHY,replay,1.4,0.0
2025-01-11T12:00:00+00:00,AWS-CHN-103,27.6,1009.4,61.0,False,,low,0.6,NORMAL,28.4,1012.6,59.0,HEALTHY,replay,1.0,0.0
2025-01-11T13:00:00+00:00,AWS-CHN-103,28.0,1008.1,59.0,False,,low,1.5,NORMAL,28.2,1011.3,58.0,HEALTHY,replay,2.6,0.0
2025-01-11T14:00:00+00:00,AWS-CHN-103,27.9,1007.3,59.0,False,,low,1.3,NORMAL,28.2,1010.5,58.0,HEALTHY,replay,2.2,0.0
2025-01-11T15:00:00+00:00,AWS-CHN-103,27.4,1007.0,60.0,False,,low,1.0,NORMAL,27.7,1010.3,58.0,HEALTHY,replay,1.6,0.0
2025-01-11T16:00:00+00:00,AWS-CHN-103,26.5,1007.3,61.0,False,,low,0.7,NORMAL,26.9,1010.4,60.0,HEALTHY,replay,1.1,0.0
2025-01-11T17:00:00+00:00,AWS-CHN-103,25.6,1007.7,66.0,False,,low,0.6,NORMAL,25.9,1010.9,64.0,HEALTHY,replay,0.9,0.0
2025-01-11T18:00:00+00:00,AWS-CHN-103,24.2,1008.0,73.0,False,,low,0.5,NORMAL,24.6,1011.3,71.0,HEALTHY,replay,0.9,0.0
2025-01-11T19:00:00+00:00,AWS-CHN-103,23.4,1009.0,77.0,False,,low,0.4,NORMAL,24.0,1012.2,75.0,HEALTHY,replay,0.7,0.0
2025-01-11T20:00:00+00:00,AWS-CHN-103,23.0,1009.7,79.0,False,,low,0.5,NORMAL,23.7,1012.8,78.0,HEALTHY,replay,0.8,0.0
2025-01-11T21:00:00+00:00,AWS-CHN-103,22.7,1010.4,81.0,False,,low,0.6,NORMAL,23.7,1013.4,78.0,HEALTHY,replay,1.0,0.0
2025-01-11T22:00:00+00:00,AWS-CHN-103,22.4,1010.4,82.0,False,,low,0.4,NORMAL,23.6,1013.4,79.0,HEALTHY,replay,0.6,0.0
2025-01-11T23:00:00+00:00,AWS-CHN-103,22.1,1010.2,83.0,False,,low,0.4,NORMAL,23.1,1013.3,81.0,HEALTHY,replay,0.6,0.0
2025-01-12T00:00:00+00:00,AWS-CHN-103,21.9,1009.8,84.0,False,,low,0.4,NORMAL,22.9,1012.8,82.0,HEALTHY,replay,0.6,0.0
2025-01-12T01:00:00+00:00,AWS-CHN-103,21.7,1008.8,85.0,False,,low,0.4,NORMAL,22.7,1011.8,82.0,HEALTHY,replay,0.7,0.0
2025-01-12T02:00:00+00:00,AWS-CHN-103,21.5,1008.0,85.0,False,,low,0.7,NORMAL,22.4,1011.1,84.0,HEALTHY,replay,1.1,0.0
2025-01-12T03:00:00+00:00,AWS-CHN-103,21.4,1007.7,84.0,False,,low,0.4,NORMAL,22.1,1010.7,85.0,HEALTHY,replay,0.7,0.0
2025-01-12T04:00:00+00:00,AWS-CHN-103,21.7,1007.7,81.0,False,,low,0.6,NORMAL,22.0,1010.6,85.0,HEALTHY,replay,0.9,0.0
2025-01-12T05:00:00+00:00,AWS-CHN-103,22.1,1008.2,79.0,False,,low,0.5,NORMAL,22.4,1011.2,83.0,HEALTHY,replay,0.8,0.0
2025-01-12T06:00:00+00:00,AWS-CHN-103,23.6,1008.2,80.0,False,,low,1.3,NORMAL,23.8,1011.2,84.0,HEALTHY,replay,2.1,0.0
2025-01-12T07:00:00+00:00,AWS-CHN-103,23.9,1009.0,80.0,False,,low,0.6,NORMAL,24.0,1012.1,86.0,HEALTHY,replay,0.9,0.0
2025-01-12T08:00:00+00:00,AWS-CHN-103,24.8,1010.0,78.0,False,,low,0.7,NORMAL,24.8,1013.2,84.0,HEALTHY,replay,1.2,0.0
2025-01-12T09:00:00+00:00,AWS-CHN-103,25.6,1010.5,75.0,False,,low,0.9,NORMAL,25.4,1013.7,79.0,HEALTHY,replay,1.5,0.0
2025-01-12T10:00:00+00:00,AWS-CHN-103,26.3,1010.0,69.0,False,,low,1.3,NORMAL,25.7,1013.2,79.0,HEALTHY,replay,2.2,0.0
2025-01-12T11:00:00+00:00,AWS-CHN-103,26.6,1009.7,70.0,False,,low,1.1,NORMAL,25.6,1012.9,80.0,HEALTHY,replay,1.8,0.0
2025-01-12T12:00:00+00:00,AWS-CHN-103,25.9,1008.7,74.0,False,,low,1.2,NORMAL,26.3,1011.9,73.0,HEALTHY,replay,2.1,0.0
2025-01-12T13:00:00+00:00,AWS-CHN-103,25.9,1007.7,74.0,False,,low,1.9,NORMAL,25.9,1010.9,75.0,HEALTHY,replay,3.1,0.0
2025-01-12T14:00:00+00:00,AWS-CHN-103,26.1,1006.9,71.0,False,,low,3.6,NORMAL,26.2,1010.0,73.0,HEALTHY,replay,6.0,0.0
2025-01-12T15:00:00+00:00,AWS-CHN-103,26.3,1006.5,70.0,False,,low,2.6,NORMAL,26.0,1009.7,73.0,HEALTHY,replay,4.3,0.0
2025-01-12T16:00:00+00:00,AWS-CHN-103,26.2,1006.5,71.0,False,,low,2.2,NORMAL,25.9,1009.7,74.0,HEALTHY,replay,3.6,0.0
2025-01-12T17:00:00+00:00,AWS-CHN-103,25.6,1007.0,75.0,False,,low,1.7,NORMAL,25.5,1010.2,77.0,HEALTHY,replay,2.9,0.0
2025-01-12T18:00:00+00:00,AWS-CHN-103,25.3,1007.5,80.0,False,,low,1.3,NORMAL,25.2,1010.7,81.0,HEALTHY,replay,2.1,0.0
2025-01-12T19:00:00+00:00,AWS-CHN-103,24.8,1008.3,83.0,False,,low,1.0,NORMAL,25.0,1011.6,83.0,HEALTHY,replay,1.7,0.0
2025-01-12T20:00:00+00:00,AWS-CHN-103,24.3,1009.0,85.0,False,,low,0.8,NORMAL,24.8,1012.2,84.0,HEALTHY,replay,1.3,0.0
2025-01-12T21:00:00+00:00,AWS-CHN-103,23.9,1009.4,88.0,False,,low,0.6,NORMAL,24.9,1012.6,85.0,HEALTHY,replay,1.0,0.0
2025-01-12T22:00:00+00:00,AWS-CHN-103,23.8,1009.2,90.0,False,,low,0.6,NORMAL,24.4,1012.4,87.0,HEALTHY,replay,0.9,0.0
2025-01-12T23:00:00+00:00,AWS-CHN-103,23.5,1008.9,92.0,False,,low,0.7,NORMAL,24.1,1012.1,90.0,HEALTHY,replay,1.2,0.0
2025-01-13T00:00:00+00:00,AWS-CHN-103,23.3,1008.3,93.0,False,,low,0.9,NORMAL,24.2,1011.4,89.0,HEALTHY,replay,1.6,0.0
2025-01-13T01:00:00+00:00,AWS-CHN-103,23.2,1007.2,93.0,False,,low,1.9,NORMAL,23.6,1010.3,92.0,HEALTHY,replay,3.2,0.0
2025-01-13T02:00:00+00:00,AWS-CHN-103,23.0,1006.7,94.0,False,,low,1.6,NORMAL,23.3,1009.9,94.0,HEALTHY,replay,2.6,0.0
2025-01-13T03:00:00+00:00,AWS-CHN-103,22.7,1006.0,95.0,False,,low,1.1,NORMAL,22.9,1009.2,94.0,HEALTHY,replay,1.8,0.0
2025-01-13T04:00:00+00:00,AWS-CHN-103,22.4,1006.0,97.0,False,,low,0.6,NORMAL,23.1,1009.1,94.0,HEALTHY,replay,1.0,0.0
2025-01-13T05:00:00+00:00,AWS-CHN-103,22.5,1006.3,98.0,False,,low,1.1,NORMAL,23.3,1009.4,95.0,HEALTHY,replay,1.9,0.0
2025-01-13T06:00:00+00:00,AWS-CHN-103,23.5,1006.7,95.0,False,,low,1.1,NORMAL,23.5,1009.9,97.0,HEALTHY,replay,1.8,0.0
2025-01-13T07:00:00+00:00,AWS-CHN-103,23.9,1007.7,94.0,False,,low,0.7,NORMAL,24.0,1010.9,95.0,HEALTHY,replay,1.2,0.0
2025-01-13T08:00:00+00:00,AWS-CHN-103,24.6,1008.7,91.0,False,,low,0.7,NORMAL,25.1,1011.8,90.0,HEALTHY,replay,1.2,0.0
2025-01-13T09:00:00+00:00,AWS-CHN-103,25.9,1009.0,85.0,False,,low,1.0,NORMAL,25.9,1012.2,82.0,HEALTHY,replay,1.6,0.0
2025-01-13T10:00:00+00:00,AWS-CHN-103,27.9,1008.4,73.0,False,,low,3.7,NORMAL,26.0,1011.8,82.0,HEALTHY,replay,6.1,0.0
2025-01-13T11:00:00+00:00,AWS-CHN-103,26.3,1007.9,79.0,False,,low,1.2,NORMAL,26.9,1011.0,78.0,HEALTHY,replay,2.0,0.0
2025-01-13T12:00:00+00:00,AWS-CHN-103,26.8,1006.7,80.0,False,,low,2.8,NORMAL,26.4,1009.8,80.0,HEALTHY,replay,4.6,0.0
2025-01-13T13:00:00+00:00,AWS-CHN-103,26.1,1005.5,80.0,False,,low,9.0,NORMAL,26.7,1008.7,78.0,HEALTHY,replay,15.1,0.0
2025-01-13T14:00:00+00:00,AWS-CHN-103,26.7,1004.9,80.0,False,,low,6.0,NORMAL,27.0,1008.0,77.0,HEALTHY,replay,10.0,0.0
2025-01-13T15:00:00+00:00,AWS-CHN-103,27.0,1004.4,76.0,False,,low,4.7,NORMAL,26.4,1007.7,79.0,HEALTHY,replay,7.8,0.0
2025-01-13T16:00:00+00:00,AWS-CHN-103,26.3,1004.9,77.0,False,,low,2.7,NORMAL,26.2,1008.1,81.0,HEALTHY,replay,4.5,0.0
2025-01-13T17:00:00+00:00,AWS-CHN-103,25.4,1005.2,83.0,False,,low,3.0,NORMAL,25.4,1008.5,82.0,HEALTHY,replay,5.0,0.0
2025-01-13T18:00:00+00:00,AWS-CHN-103,24.8,1006.4,87.0,False,,low,1.9,NORMAL,25.5,1009.5,82.0,HEALTHY,replay,3.1,0.0
2025-01-13T19:00:00+00:00,AWS-CHN-103,24.7,1007.5,86.0,False,,low,2.7,NORMAL,25.6,1010.6,81.0,HEALTHY,replay,4.5,0.0
2025-01-13T20:00:00+00:00,AWS-CHN-103,24.4,1007.9,87.0,False,,low,1.4,NORMAL,25.5,1011.0,82.0,HEALTHY,replay,2.3,0.0
2025-01-13T21:00:00+00:00,AWS-CHN-103,23.6,1008.7,91.0,False,,low,1.3,NORMAL,25.0,1011.8,84.0,HEALTHY,replay,2.1,0.0
2025-01-13T22:00:00+00:00,AWS-CHN-103,23.4,1008.8,93.0,False,,low,1.0,NORMAL,24.7,1011.9,85.0,HEALTHY,replay,1.6,0.0
2025-01-13T23:00:00+00:00,AWS-CHN-103,23.5,1008.4,92.0,False,,low,1.0,NORMAL,24.4,1011.4,87.0,HEALTHY,replay,1.6,0.0
2025-01-14T00:00:00+00:00,AWS-CHN-103,23.2,1007.9,94.0,False,,low,0.6,NORMAL,24.1,1010.9,88.0,HEALTHY,replay,1.0,0.0
2025-01-14T01:00:00+00:00,AWS-CHN-103,22.9,1007.0,94.0,False,,low,0.7,NORMAL,23.6,1010.2,90.0,HEALTHY,replay,1.1,0.0
2025-01-14T02:00:00+00:00,AWS-CHN-103,22.7,1006.4,94.0,False,,low,0.9,NORMAL,23.4,1009.5,91.0,HEALTHY,replay,1.6,0.0
2025-01-14T03:00:00+00:00,AWS-CHN-103,22.6,1005.7,95.0,False,,low,1.2,NORMAL,23.3,1008.9,91.0,HEALTHY,replay,2.0,0.0
2025-01-14T04:00:00+00:00,AWS-CHN-103,22.5,1006.0,94.0,False,,low,0.7,NORMAL,23.3,1009.1,90.0,HEALTHY,replay,1.2,0.0
2025-01-14T05:00:00+00:00,AWS-CHN-103,22.4,1006.6,94.0,False,,low,0.7,NORMAL,23.3,1009.7,90.0,HEALTHY,replay,1.2,0.0
2025-01-14T06:00:00+00:00,AWS-CHN-103,23.5,1007.7,92.0,False,,low,1.0,NORMAL,24.0,1010.9,87.0,HEALTHY,replay,1.7,0.0
2025-01-14T07:00:00+00:00,AWS-CHN-103,24.1,1008.8,89.0,False,,low,2.0,NORMAL,24.7,1011.9,84.0,HEALTHY,replay,3.4,0.0
2025-01-14T08:00:00+00:00,AWS-CHN-103,25.7,1009.6,83.0,False,,low,2.7,NORMAL,26.4,1012.8,75.0,HEALTHY,replay,4.4,0.0
2025-01-14T09:00:00+00:00,AWS-CHN-103,27.2,1010.3,71.0,False,,low,15.9,NORMAL,27.3,1013.4,69.0,HEALTHY,replay,26.5,0.0
2025-01-14T10:00:00+00:00,AWS-CHN-103,28.2,1009.9,64.0,False,,low,3.8,NORMAL,27.8,1013.1,67.0,HEALTHY,replay,6.3,0.0
2025-01-14T11:00:00+00:00,AWS-CHN-103,28.7,1009.7,62.0,False,,low,5.6,NORMAL,28.2,1012.9,66.0,HEALTHY,replay,9.4,0.0
2025-01-14T12:00:00+00:00,AWS-CHN-103,28.9,1008.7,61.0,False,,low,8.1,NORMAL,28.4,1012.0,65.0,HEALTHY,replay,13.6,0.0
2025-01-14T13:00:00+00:00,AWS-CHN-103,28.9,1007.5,61.0,False,,low,7.9,NORMAL,28.4,1010.8,65.0,HEALTHY,replay,13.1,0.0
2025-01-14T14:00:00+00:00,AWS-CHN-103,28.8,1006.8,59.0,False,,low,5.7,NORMAL,27.5,1010.2,69.0,HEALTHY,replay,9.4,0.0
2025-01-14T15:00:00+00:00,AWS-CHN-103,28.0,1006.5,61.0,False,,low,1.5,NORMAL,27.1,1009.8,70.0,HEALTHY,replay,2.6,0.0
2025-01-14T16:00:00+00:00,AWS-CHN-103,27.0,1006.8,67.0,False,,low,0.6,NORMAL,27.1,1010.0,68.0,HEALTHY,replay,0.9,0.0
2025-01-14T17:00:00+00:00,AWS-CHN-103,26.3,1007.4,71.0,False,,low,0.6,NORMAL,26.4,1010.5,71.0,HEALTHY,replay,1.1,0.0
2025-01-14T18:00:00+00:00,AWS-CHN-103,25.3,1008.3,80.0,False,,low,0.8,NORMAL,25.5,1011.4,79.0,HEALTHY,replay,1.4,0.0
2025-01-14T19:00:00+00:00,AWS-CHN-103,24.8,1009.0,81.0,False,,low,0.3,NORMAL,25.2,1012.1,80.0,HEALTHY,replay,0.6,0.0
2025-01-14T20:00:00+00:00,AWS-CHN-103,24.3,1009.9,84.0,False,,low,0.7,NORMAL,25.0,1013.0,80.0,HEALTHY,replay,1.2,0.0
2025-01-14T21:00:00+00:00,AWS-CHN-103,23.8,1010.1,86.0,False,,low,0.3,NORMAL,24.9,1013.2,81.0,HEALTHY,replay,0.5,0.0
2025-01-14T22:00:00+00:00,AWS-CHN-103,23.5,1010.0,88.0,False,,low,0.3,NORMAL,24.7,1013.2,81.0,HEALTHY,replay,0.5,0.0
2025-01-14T23:00:00+00:00,AWS-CHN-103,23.4,1009.7,87.0,False,,low,0.4,NORMAL,24.3,1012.8,83.0,HEALTHY,replay,0.6,0.0
2025-01-15T00:00:00+00:00,AWS-CHN-103,23.3,1009.1,86.0,False,,low,0.6,NORMAL,24.3,1012.2,84.0,HEALTHY,replay,1.0,0.0
2025-01-15T01:00:00+00:00,AWS-CHN-103,23.2,1008.4,86.0,False,,low,0.4,NORMAL,24.0,1011.6,84.0,HEALTHY,replay,0.7,0.0
2025-01-15T02:00:00+00:00,AWS-CHN-103,22.9,1007.7,87.0,False,,low,0.5,NORMAL,23.8,1010.8,84.0,HEALTHY,replay,0.9,0.0
2025-01-15T03:00:00+00:00,AWS-CHN-103,22.9,1007.5,86.0,False,,low,0.6,NORMAL,23.9,1010.6,83.0,HEALTHY,replay,1.0,0.0
2025-01-15T04:00:00+00:00,AWS-CHN-103,22.9,1007.6,86.0,False,,low,0.7,NORMAL,24.2,1010.7,81.0,HEALTHY,replay,1.1,0.0
2025-01-15T05:00:00+00:00,AWS-CHN-103,22.6,1008.2,87.0,False,,low,0.4,NORMAL,24.0,1011.3,82.0,HEALTHY,replay,0.7,0.0
2025-01-15T06:00:00+00:00,AWS-CHN-103,23.1,1009.0,90.0,False,,low,0.6,NORMAL,24.2,1012.1,83.0,HEALTHY,replay,1.0,0.0
2025-01-15T07:00:00+00:00,AWS-CHN-103,23.9,1009.9,87.0,False,,low,0.6,NORMAL,25.1,1013.0,80.0,HEALTHY,replay,1.0,0.0
2025-01-15T08:00:00+00:00,AWS-CHN-103,25.8,1010.7,79.0,False,,low,1.5,NORMAL,26.6,1013.9,73.0,HEALTHY,replay,2.4,0.0
2025-01-15T09:00:00+00:00,AWS-CHN-103,27.3,1011.3,69.0,False,,low,4.1,NORMAL,27.9,1014.3,64.0,HEALTHY,replay,6.8,0.0
2025-01-15T10:00:00+00:00,AWS-CHN-103,28.5,1011.0,61.0,False,,low,3.5,NORMAL,28.7,1014.2,60.0,HEALTHY,replay,5.8,0.0
2025-01-15T11:00:00+00:00,AWS-CHN-103,29.1,1010.4,58.0,False,,low,2.5,NORMAL,29.1,1013.7,59.0,HEALTHY,replay,4.1,0.0
2025-01-15T12:00:00+00:00,AWS-CHN-103,29.4,1009.3,56.0,False,,low,3.3,NORMAL,29.3,1012.5,58.0,HEALTHY,replay,5.6,0.0
2025-01-15T13:00:00+00:00,AWS-CHN-103,29.4,1008.1,55.0,False,,low,4.4,NORMAL,29.2,1011.4,58.0,HEALTHY,replay,7.4,0.0
2025-01-15T14:00:00+00:00,AWS-CHN-103,29.1,1007.1,55.0,False,,low,3.9,NORMAL,28.9,1010.4,58.0,HEALTHY,replay,6.5,0.0
2025-01-15T15:00:00+00:00,AWS-CHN-103,28.5,1006.8,57.0,False,,low,0.7,NORMAL,28.3,1010.0,60.0,HEALTHY,replay,1.2,0.0
2025-01-15T16:00:00+00:00,AWS-CHN-103,27.6,1007.0,58.0,False,,low,0.4,NORMAL,27.7,1010.2,61.0,HEALTHY,replay,0.7,0.0
2025-01-15T17:00:00+00:00,AWS-CHN-103,26.5,1007.6,65.0,False,,low,0.3,NORMAL,26.7,1010.8,65.0,HEALTHY,replay,0.5,0.0
2025-01-15T18:00:00+00:00,AWS-CHN-103,25.2,1008.6,78.0,False,,low,0.8,NORMAL,25.5,1011.8,77.0,HEALTHY,replay,1.3,0.0
2025-01-15T19:00:00+00:00,AWS-CHN-103,24.7,1009.4,79.0,False,,low,0.3,NORMAL,25.3,1012.5,77.0,HEALTHY,replay,0.6,0.0
2025-01-15T20:00:00+00:00,AWS-CHN-103,24.4,1010.1,80.0,False,,low,0.3,NORMAL,25.2,1013.2,77.0,HEALTHY,replay,0.4,0.0
2025-01-15T21:00:00+00:00,AWS-CHN-103,24.1,1010.7,80.0,False,,low,0.2,NORMAL,25.0,1013.8,77.0,HEALTHY,replay,0.4,0.0
2025-01-15T22:00:00+00:00,AWS-CHN-103,23.7,1010.7,82.0,False,,low,0.2,NORMAL,24.6,1013.8,78.0,HEALTHY,replay,0.3,0.0
2025-01-15T23:00:00+00:00,AWS-CHN-103,23.3,1010.3,83.0,False,,low,0.2,NORMAL,24.2,1013.4,79.0,HEALTHY,replay,0.3,0.0
2025-01-16T00:00:00+00:00,AWS-CHN-103,23.0,1009.9,84.0,False,,low,0.2,NORMAL,23.9,1012.9,80.0,HEALTHY,replay,0.3,0.0
2025-01-16T01:00:00+00:00,AWS-CHN-103,22.4,1008.9,86.0,False,,low,0.2,NORMAL,23.6,1012.0,80.0,HEALTHY,replay,0.3,0.0
2025-01-16T02:00:00+00:00,AWS-CHN-103,22.2,1008.0,87.0,False,,low,0.2,NORMAL,23.6,1011.1,80.0,HEALTHY,replay,0.4,0.0
2025-01-16T03:00:00+00:00,AWS-CHN-103,22.1,1007.3,87.0,False,,low,0.2,NORMAL,23.6,1010.4,79.0,HEALTHY,replay,0.4,0.0
2025-01-16T04:00:00+00:00,AWS-CHN-103,21.7,1007.1,88.0,False,,low,0.2,NORMAL,23.3,1010.2,80.0,HEALTHY,replay,0.3,0.0
2025-01-16T05:00:00+00:00,AWS-CHN-103,21.6,1007.4,89.0,False,,low,0.2,NORMAL,23.3,1010.5,79.0,HEALTHY,replay,0.3,0.0
2025-01-16T06:00:00+00:00,AWS-CHN-103,22.5,1008.5,92.0,False,,low,0.3,NORMAL,23.9,1011.6,82.0,HEALTHY,replay,0.4,0.0
2025-01-16T07:00:00+00:00,AWS-CHN-103,23.3,1009.3,88.0,False,,low,0.2,NORMAL,24.7,1012.4,78.0,HEALTHY,replay,0.3,0.0
2025-01-16T08:00:00+00:00,AWS-CHN-103,25.3,1010.3,79.0,False,,low,0.4,NORMAL,26.4,1013.4,69.0,HEALTHY,replay,0.7,0.0
2025-01-16T09:00:00+00:00,AWS-CHN-103,26.8,1010.6,68.0,False,,low,0.5,NORMAL,27.5,1013.7,61.0,HEALTHY,replay,0.9,0.0
2025-01-16T10:00:00+00:00,AWS-CHN-103,28.3,1010.4,58.0,False,,low,1.7,NORMAL,28.1,1013.5,60.0,HEALTHY,replay,2.8,0.0
2025-01-16T11:00:00+00:00,AWS-CHN-103,28.5,1009.9,57.0,False,,low,0.4,NORMAL,28.5,1013.1,59.0,HEALTHY,replay,0.7,0.0
2025-01-16T12:00:00+00:00,AWS-CHN-103,28.8,1009.0,54.0,False,,low,0.9,NORMAL,28.8,1012.3,57.0,HEALTHY,replay,1.5,0.0
2025-01-16T13:00:00+00:00,AWS-CHN-103,28.5,1007.8,55.0,False,,low,1.0,NORMAL,28.6,1011.0,57.0,HEALTHY,replay,1.7,0.0
2025-01-16T14:00:00+00:00,AWS-CHN-103,28.5,1007.0,55.0,False,,low,0.9,NORMAL,28.3,1010.4,59.0,HEALTHY,replay,1.4,0.0
2025-01-16T15:00:00+00:00,AWS-CHN-103,27.4,1007.0,61.0,False,,low,0.4,NORMAL,27.3,1010.2,62.0,HEALTHY,replay,0.7,0.0
2025-01-16T16:00:00+00:00,AWS-CHN-103,26.8,1007.0,63.0,False,,low,0.4,NORMAL,26.9,1010.2,62.0,HEALTHY,replay,0.6,0.0
2025-01-16T17:00:00+00:00,AWS-CHN-103,25.9,1007.5,67.0,False,,low,0.2,NORMAL,25.9,1010.7,67.0,HEALTHY,replay,0.3,0.0
2025-01-16T18:00:00+00:00,AWS-CHN-103,25.1,1007.9,71.0,False,,low,0.1,NORMAL,25.1,1011.2,71.0,HEALTHY,replay,0.2,0.0
2025-01-16T19:00:00+00:00,AWS-CHN-103,24.0,1009.1,76.0,False,,low,0.2,NORMAL,24.4,1012.3,77.0,HEALTHY,replay,0.3,0.0
2025-01-16T20:00:00+00:00,AWS-CHN-103,23.5,1010.1,79.0,False,,low,0.5,NORMAL,24.0,1013.2,79.0,HEALTHY,replay,0.8,0.0
2025-01-16T21:00:00+00:00,AWS-CHN-103,23.1,1010.9,80.0,False,,low,0.5,NORMAL,23.8,1014.0,80.0,HEALTHY,replay,0.9,0.0
2025-01-16T22:00:00+00:00,AWS-CHN-103,23.0,1011.1,80.0,False,,low,0.4,NORMAL,23.7,1014.2,79.0,HEALTHY,replay,0.7,0.0
2025-01-16T23:00:00+00:00,AWS-CHN-103,22.8,1010.4,79.0,False,,low,0.3,NORMAL,23.3,1013.6,80.0,HEALTHY,replay,0.4,0.0
2025-01-17T00:00:00+00:00,AWS-CHN-103,22.3,1010.0,81.0,False,,low,0.1,NORMAL,23.3,1012.9,83.0,HEALTHY,replay,0.2,0.0
2025-01-17T01:00:00+00:00,AWS-CHN-103,21.8,1008.9,84.0,False,,low,0.2,NORMAL,23.0,1011.9,81.0,HEALTHY,replay,0.4,0.0
2025-01-17T02:00:00+00:00,AWS-CHN-103,21.6,1007.8,85.0,False,,low,0.6,NORMAL,23.2,1010.8,80.0,HEALTHY,replay,0.9,0.0
2025-01-17T03:00:00+00:00,AWS-CHN-103,21.4,1007.1,85.0,False,,low,0.4,NORMAL,22.1,1010.1,81.0,HEALTHY,replay,0.6,0.0
2025-01-17T04:00:00+00:00,AWS-CHN-103,21.1,1006.9,87.0,False,,low,0.2,NORMAL,22.4,1009.9,85.0,HEALTHY,replay,0.3,0.0
2025-01-17T05:00:00+00:00,AWS-CHN-103,20.7,1007.2,90.0,False,,low,0.2,NORMAL,22.0,1010.3,87.0,HEALTHY,replay,0.3,0.0
2025-01-17T06:00:00+00:00,AWS-CHN-103,21.5,1008.1,92.0,False,,low,0.3,NORMAL,22.6,1011.1,90.0,HEALTHY,replay,0.5,0.0
2025-01-17T07:00:00+00:00,AWS-CHN-103,22.7,1008.7,89.0,False,,low,0.3,NORMAL,23.7,1011.8,86.0,HEALTHY,replay,0.4,0.0
2025-01-17T08:00:00+00:00,AWS-CHN-103,24.6,1009.4,82.0,False,,low,0.3,NORMAL,25.6,1012.5,75.0,HEALTHY,replay,0.5,0.0
2025-01-17T09:00:00+00:00,AWS-CHN-103,26.4,1009.4,72.0,False,,low,0.6,NORMAL,26.6,1012.6,68.0,HEALTHY,replay,0.9,0.0
2025-01-17T10:00:00+00:00,AWS-CHN-103,27.5,1009.0,62.0,False,,low,1.0,NORMAL,27.2,1012.2,65.0,HEALTHY,replay,1.6,0.0
2025-01-17T11:00:00+00:00,AWS-CHN-103,27.8,1008.4,60.0,False,,low,0.5,NORMAL,27.6,1011.6,62.0,HEALTHY,replay,0.8,0.0
2025-01-17T12:00:00+00:00,AWS-CHN-103,28.3,1007.4,57.0,False,,low,0.8,NORMAL,27.3,1010.7,63.0,HEALTHY,replay,1.3,0.0
2025-01-17T13:00:00+00:00,AWS-CHN-103,27.7,1006.6,61.0,False,,low,0.6,NORMAL,27.1,1009.9,63.0,HEALTHY,replay,1.0,0.0
2025-01-17T14:00:00+00:00,AWS-CHN-103,27.3,1005.7,62.0,False,,low,0.5,NORMAL,26.9,1009.0,65.0,HEALTHY,replay,0.9,0.0
2025-01-17T15:00:00+00:00,AWS-CHN-103,26.7,1005.7,66.0,False,,low,0.2,NORMAL,27.0,1008.9,64.0,HEALTHY,replay,0.4,0.0
2025-01-17T16:00:00+00:00,AWS-CHN-103,26.2,1005.8,67.0,False,,low,0.2,NORMAL,26.6,1009.0,65.0,HEALTHY,replay,0.3,0.0
2025-01-17T17:00:00+00:00,AWS-CHN-103,25.6,1006.1,70.0,False,,low,0.2,NORMAL,25.6,1009.4,69.0,HEALTHY,replay,0.3,0.0
2025-01-17T18:00:00+00:00,AWS-CHN-103,24.9,1006.8,72.0,False,,low,0.1,NORMAL,25.2,1010.0,69.0,HEALTHY,replay,0.2,0.0
2025-01-17T19:00:00+00:00,AWS-CHN-103,23.8,1007.7,77.0,False,,low,0.1,NORMAL,24.4,1010.9,73.0,HEALTHY,replay,0.2,0.0
2025-01-17T20:00:00+00:00,AWS-CHN-103,23.1,1008.1,80.0,False,,low,0.2,NORMAL,24.1,1011.3,75.0,HEALTHY,replay,0.4,0.0
2025-01-17T21:00:00+00:00,AWS-CHN-103,22.8,1008.9,81.0,False,,low,0.2,NORMAL,24.1,1012.1,77.0,HEALTHY,replay,0.3,0.0
2025-01-17T22:00:00+00:00,AWS-CHN-103,22.7,1008.9,81.0,False,,low,0.1,NORMAL,23.8,1012.0,78.0,HEALTHY,replay,0.2,0.0
2025-01-17T23:00:00+00:00,AWS-CHN-103,22.5,1008.7,83.0,False,,low,0.1,NORMAL,23.5,1011.7,78.0,HEALTHY,replay,0.2,0.0
2025-01-18T00:00:00+00:00,AWS-CHN-103,22.1,1008.1,84.0,False,,low,0.2,NORMAL,23.3,1011.1,80.0,HEALTHY,replay,0.3,0.0
2025-01-18T01:00:00+00:00,AWS-CHN-103,21.8,1007.2,85.0,False,,low,0.3,NORMAL,22.7,1010.2,80.0,HEALTHY,replay,0.4,0.0
2025-01-18T02:00:00+00:00,AWS-CHN-103,21.3,1006.7,86.0,False,,low,0.1,NORMAL,22.4,1009.7,81.0,HEALTHY,replay,0.2,0.0
2025-01-18T03:00:00+00:00,AWS-CHN-103,20.9,1006.1,87.0,False,,low,0.1,NORMAL,22.1,1009.1,83.0,HEALTHY,replay,0.2,0.0
2025-01-18T04:00:00+00:00,AWS-CHN-103,20.7,1006.0,88.0,False,,low,0.1,NORMAL,21.8,1008.9,84.0,HEALTHY,replay,0.2,0.0
2025-01-18T05:00:00+00:00,AWS-CHN-103,20.4,1006.1,89.0,False,,low,0.2,NORMAL,21.6,1009.2,85.0,HEALTHY,replay,0.4,0.0
2025-01-18T06:00:00+00:00,AWS-CHN-103,21.7,1006.7,88.0,False,,low,0.4,NORMAL,22.5,1009.7,84.0,HEALTHY,replay,0.6,0.0
2025-01-18T07:00:00+00:00,AWS-CHN-103,22.5,1007.8,85.0,False,,low,0.3,NORMAL,23.5,1010.8,80.0,HEALTHY,replay,0.4,0.0
2025-01-18T08:00:00+00:00,AWS-CHN-103,24.5,1008.4,78.0,False,,low,0.4,NORMAL,25.7,1011.4,69.0,HEALTHY,replay,0.6,0.0
2025-01-18T09:00:00+00:00,AWS-CHN-103,26.3,1008.9,67.0,False,,low,0.9,NORMAL,27.3,1012.0,61.0,HEALTHY,replay,1.5,0.0
2025-01-18T10:00:00+00:00,AWS-CHN-103,27.5,1008.9,61.0,False,,low,0.9,NORMAL,28.2,1011.8,57.0,HEALTHY,replay,1.5,0.0
2025-01-18T11:00:00+00:00,AWS-CHN-103,27.9,1008.3,58.0,False,,low,0.4,NORMAL,27.3,1011.5,61.0,HEALTHY,replay,0.7,0.0
2025-01-18T12:00:00+00:00,AWS-CHN-103,27.5,1007.5,60.0,False,,low,0.6,NORMAL,27.1,1010.7,65.0,HEALTHY,replay,1.0,0.0
2025-01-18T13:00:00+00:00,AWS-CHN-103,27.1,1006.2,63.0,False,,low,0.8,NORMAL,27.1,1009.3,65.0,HEALTHY,replay,1.3,0.0
