timestamp,station_id,temperature_c,pressure_hpa,humidity_pct,is_anomaly,fault_type,severity,anomaly_score_pct,suggested_temperature_c,suggested_pressure_hpa,suggested_humidity_pct,health_status,source
2026-09-12T05:45:00+00:00,AWS-RAN-102,27.7,972.0,83.0,False,,low,0.0,,,,HEALTHY,live
2025-01-01T00:00:00,AWS-RAN-102,11.3,977.1,94.0,False,,low,0.0,,,,HEALTHY,replay
2025-01-01T01:00:00,AWS-RAN-102,10.9,976.7,95.0,False,,low,0.0,11.3,977.1,94.0,HEALTHY,replay
2026-09-12T06:00:00+00:00,AWS-RAN-102,27.9,971.8,82.0,False,,low,0.0,,,,HEALTHY,live
2025-01-01T02:00:00,AWS-RAN-102,10.5,976.0,96.0,False,,low,0.0,10.9,976.7,95.0,HEALTHY,replay
2025-01-01T03:00:00,AWS-RAN-102,10.3,975.5,96.0,False,,low,0.0,10.5,976.0,96.0,HEALTHY,replay
2025-01-01T04:00:00,AWS-RAN-102,10.2,975.9,97.0,False,,low,0.0,10.3,975.5,96.0,HEALTHY,replay
2025-01-01T05:00:00,AWS-RAN-102,10.0,976.2,97.0,False,,low,0.0,10.2,975.9,97.0,HEALTHY,replay
2025-01-01T06:00:00,AWS-RAN-102,11.5,977.5,93.0,False,,low,0.0,10.53,976.23,95.83,HEALTHY,replay
2025-01-01T07:00:00,AWS-RAN-102,12.3,978.0,86.0,False,,low,0.0,10.67,976.41,95.43,HEALTHY,replay
2025-01-01T08:00:00,AWS-RAN-102,13.3,978.7,79.0,False,,low,0.0,10.88,976.61,94.25,HEALTHY,replay
2025-01-01T09:00:00,AWS-RAN-102,15.1,979.0,69.0,False,,low,0.0,11.14,976.84,92.56,HEALTHY,replay
2025-01-01T10:00:00,AWS-RAN-102,16.9,978.4,61.0,False,,low,0.0,11.54,977.06,90.2,HEALTHY,replay
2025-01-01T11:00:00,AWS-RAN-102,18.7,977.6,54.0,False,,low,0.0,12.03,977.18,87.55,HEALTHY,replay
2025-01-01T12:00:00,AWS-RAN-102,20.3,976.5,48.0,False,,low,0.0,12.58,977.22,84.75,HEALTHY,replay
2025-01-01T13:00:00,AWS-RAN-102,21.3,975.2,45.0,True,drift,critical,95.0,13.18,977.16,81.92,HEALTHY,replay
2025-01-01T14:00:00,AWS-RAN-102,21.7,974.4,43.0,True,drift,critical,95.0,13.18,977.16,81.92,HEALTHY,replay
2025-01-01T15:00:00,AWS-RAN-102,21.4,974.1,44.0,True,drift,critical,95.0,13.18,977.16,81.92,HEALTHY,replay
2025-01-01T16:00:00,AWS-RAN-102,20.0,974.2,50.0,False,,low,0.0,13.18,977.16,81.92,HEALTHY,replay
2025-01-01T17:00:00,AWS-RAN-102,17.4,974.2,59.0,False,,low,0.0,13.66,976.95,79.64,HEALTHY,replay
2025-01-01T18:00:00,AWS-RAN-102,15.5,975.4,71.0,False,,low,0.0,13.91,976.77,78.27,HEALTHY,replay
2025-01-01T19:00:00,AWS-RAN-102,14.0,976.0,79.0,False,,low,0.0,14.01,976.68,77.81,HEALTHY,replay
2025-01-01T20:00:00,AWS-RAN-102,12.8,976.4,86.0,False,,low,0.0,14.01,976.64,77.88,HEALTHY,replay
2025-01-01T21:00:00,AWS-RAN-102,11.8,976.6,91.0,False,,low,0.0,13.94,976.63,78.33,HEALTHY,replay
2025-01-01T22:00:00,AWS-RAN-102,11.1,977.0,93.0,False,,low,0.0,13.83,976.63,79.0,HEALTHY,replay
2025-01-01T23:00:00,AWS-RAN-102,10.5,976.9,94.0,False,,low,0.0,13.69,976.65,79.7,HEALTHY,replay
2025-01-02T00:00:00,AWS-RAN-102,10.0,976.5,94.0,False,,low,0.0,13.54,976.66,80.38,HEALTHY,replay
2025-01-02T01:00:00,AWS-RAN-102,9.5,975.9,95.0,False,,low,0.0,13.38,976.65,81.0,HEALTHY,replay
2025-01-02T02:00:00,AWS-RAN-102,9.0,975.1,96.0,False,,low,0.0,13.21,976.62,81.61,HEALTHY,replay
2025-01-02T03:00:00,AWS-RAN-102,8.6,974.6,97.0,False,,low,0.0,13.04,976.55,82.21,HEALTHY,replay
2025-01-02T04:00:00,AWS-RAN-102,8.4,974.9,97.0,False,,low,0.0,12.86,976.48,82.8,HEALTHY,replay
2025-01-02T05:00:00,AWS-RAN-102,8.4,975.3,96.0,False,,low,0.0,12.69,976.42,83.35,HEALTHY,replay
2025-01-02T06:00:00,AWS-RAN-102,8.6,977.1,96.0,False,,low,0.0,12.53,976.37,83.81,HEALTHY,replay
2025-01-02T07:00:00,AWS-RAN-102,9.7,977.7,92.0,False,,low,0.0,12.39,976.4,84.25,HEALTHY,replay
2025-01-02T08:00:00,AWS-RAN-102,12.3,978.4,78.0,False,,low,0.0,12.3,976.44,84.52,HEALTHY,replay
2025-01-02T09:00:00,AWS-RAN-102,14.9,978.7,65.0,False,,low,0.0,12.3,976.51,84.3,HEALTHY,replay
2025-01-02T10:00:00,AWS-RAN-102,17.3,978.4,54.0,False,,low,0.0,12.38,976.58,83.68,HEALTHY,replay
2025-01-02T11:00:00,AWS-RAN-102,19.0,977.7,48.0,False,,low,0.0,12.53,976.64,82.75,HEALTHY,replay
2025-01-02T12:00:00,AWS-RAN-102,20.2,976.4,45.0,False,,low,0.0,12.73,976.67,81.7,HEALTHY,replay
2025-01-02T13:00:00,AWS-RAN-102,21.0,975.5,44.0,False,,low,0.0,12.95,976.66,80.62,HEALTHY,replay
2025-01-02T14:00:00,AWS-RAN-102,21.2,975.1,43.0,False,,low,0.0,13.18,976.63,79.57,HEALTHY,replay
2025-01-02T15:00:00,AWS-RAN-102,20.7,974.6,45.0,False,,low,0.0,13.4,976.59,78.56,HEALTHY,replay
2025-01-02T16:00:00,AWS-RAN-102,19.3,974.7,52.0,False,,low,0.0,13.6,976.53,77.65,HEALTHY,replay
2025-01-02T17:00:00,AWS-RAN-102,16.2,974.7,64.0,False,,low,0.0,13.75,976.48,76.97,HEALTHY,replay
2025-01-02T18:00:00,AWS-RAN-102,15.1,975.7,72.0,False,,low,0.0,13.81,976.44,76.64,HEALTHY,replay
2025-01-02T19:00:00,AWS-RAN-102,13.9,976.5,78.0,False,,low,0.0,13.84,976.42,76.53,HEALTHY,replay
2025-01-02T20:00:00,AWS-RAN-102,13.0,977.0,82.0,False,,low,0.0,13.85,976.42,76.56,HEALTHY,replay
2025-01-02T21:00:00,AWS-RAN-102,12.3,977.3,86.0,False,,low,0.0,13.83,976.44,76.69,HEALTHY,replay
2025-01-02T22:00:00,AWS-RAN-102,11.7,977.4,88.0,False,,low,0.0,13.79,976.46,76.91,HEALTHY,replay
2025-01-02T23:00:00,AWS-RAN-102,11.2,977.1,90.0,False,,low,0.0,13.74,976.48,77.16,HEALTHY,replay
2025-01-03T00:00:00,AWS-RAN-102,10.7,976.7,92.0,False,,low,0.0,13.69,976.49,77.44,HEALTHY,replay
2025-01-03T01:00:00,AWS-RAN-102,10.2,976.4,94.0,False,,low,0.0,13.62,976.5,77.76,HEALTHY,replay
2025-01-03T02:00:00,AWS-RAN-102,9.8,975.8,95.0,False,,low,0.0,13.55,976.49,78.11,HEALTHY,replay
2025-01-03T03:00:00,AWS-RAN-102,9.4,975.4,96.0,False,,low,0.0,13.47,976.48,78.46,HEALTHY,replay
2025-01-03T04:00:00,AWS-RAN-102,9.2,975.5,96.0,False,,low,0.0,13.43,976.44,78.5,HEALTHY,replay
2025-01-03T05:00:00,AWS-RAN-102,9.1,975.9,96.0,False,,low,0.0,13.4,976.42,78.52,HEALTHY,replay
2025-01-03T06:00:00,AWS-RAN-102,9.2,977.1,96.0,False,,low,0.0,13.37,976.42,78.52,HEALTHY,replay
2025-01-03T07:00:00,AWS-RAN-102,10.3,977.6,93.0,False,,low,0.0,13.34,976.45,78.52,HEALTHY,replay
2025-01-03T08:00:00,AWS-RAN-102,12.9,978.6,81.0,False,,low,46.4,13.35,976.49,78.44,HEALTHY,replay
2025-01-03T09:00:00,AWS-RAN-102,15.5,978.8,70.0,False,,low,30.5,13.41,976.54,78.1,HEALTHY,replay
2025-01-03T10:00:00,AWS-RAN-102,18.0,978.3,63.0,False,,low,24.6,13.49,976.56,77.62,HEALTHY,replay
2025-01-03T11:00:00,AWS-RAN-102,20.0,977.6,56.0,False,,low,18.3,13.61,976.57,77.15,HEALTHY,replay
2025-01-03T12:00:00,AWS-RAN-102,21.4,976.4,50.0,False,,low,25.2,13.75,976.55,76.67,HEALTHY,replay
2025-01-03T13:00:00,AWS-RAN-102,22.1,975.2,47.0,False,,low,26.5,13.88,976.49,76.27,HEALTHY,replay
2025-01-03T14:00:00,AWS-RAN-102,22.4,974.6,46.0,False,,low,20.1,13.99,976.43,75.98,HEALTHY,replay
2025-01-03T15:00:00,AWS-RAN-102,22.1,974.4,46.0,False,,low,12.4,14.06,976.36,75.81,HEALTHY,replay
2025-01-03T16:00:00,AWS-RAN-102,21.0,974.4,59.0,False,,low,13.1,14.1,976.32,75.77,HEALTHY,replay
2025-01-03T17:00:00,AWS-RAN-102,18.4,974.3,60.0,False,,low,23.3,14.12,976.32,75.96,HEALTHY,replay
2025-01-03T18:00:00,AWS-RAN-102,15.7,975.1,75.0,False,,low,52.7,14.14,976.33,75.98,HEALTHY,replay
2025-01-03T19:00:00,AWS-RAN-102,14.1,975.7,82.0,False,,low,32.0,14.15,976.32,76.06,HEALTHY,replay
2025-01-03T20:00:00,AWS-RAN-102,13.0,976.1,86.0,False,,low,26.2,14.15,976.31,76.12,HEALTHY,replay
2025-01-03T21:00:00,AWS-RAN-102,12.3,976.3,90.0,False,,low,7.8,14.15,976.31,76.12,HEALTHY,replay
2025-01-03T22:00:00,AWS-RAN-102,11.7,975.9,93.0,False,,low,6.4,14.16,976.3,76.1,HEALTHY,replay
2025-01-03T23:00:00,AWS-RAN-102,11.2,975.6,96.0,False,,low,6.3,14.18,976.28,76.1,HEALTHY,replay
2025-01-04T00:00:00,AWS-RAN-102,10.6,975.1,97.0,False,,low,6.6,14.19,976.25,76.15,HEALTHY,replay
2025-01-04T01:00:00,AWS-RAN-102,10.3,974.6,97.0,False,,low,5.6,14.2,976.22,76.21,HEALTHY,replay
2025-01-04T02:00:00,AWS-RAN-102,10.0,974.1,98.0,False,,low,10.0,14.22,976.19,76.25,HEALTHY,replay
2025-01-04T03:00:00,AWS-RAN-102,9.8,973.9,98.0,False,,low,8.1,14.24,976.17,76.29,HEALTHY,replay
2025-01-04T04:00:00,AWS-RAN-102,9.6,974.1,98.0,False,,low,6.8,14.27,976.16,76.31,HEALTHY,replay
2025-01-04T05:00:00,AWS-RAN-102,9.4,974.5,98.0,False,,low,8.4,14.29,976.14,76.33,HEALTHY,replay
2025-01-04T06:00:00,AWS-RAN-102,9.4,975.4,99.0,False,,low,13.6,14.31,976.12,76.38,HEALTHY,replay
2025-01-04T07:00:00,AWS-RAN-102,10.4,976.4,96.0,False,,low,30.1,14.33,976.09,76.44,HEALTHY,replay
2025-01-04T08:00:00,AWS-RAN-102,12.8,977.9,86.0,False,,low,50.2,14.34,976.06,76.52,HEALTHY,replay
2025-01-04T09:00:00,AWS-RAN-102,15.9,978.3,73.0,False,,low,36.4,14.35,976.05,76.69,HEALTHY,replay
2025-01-04T10:00:00,AWS-RAN-102,18.4,977.8,62.0,False,,low,33.6,14.38,976.04,76.85,HEALTHY,replay
2025-01-04T11:00:00,AWS-RAN-102,20.2,976.9,55.0,False,,low,18.8,14.4,976.03,77.02,HEALTHY,replay
2025-01-04T12:00:00,AWS-RAN-102,21.3,975.8,51.0,False,,low,18.1,14.42,976.01,77.17,HEALTHY,replay
2025-01-04T13:00:00,AWS-RAN-102,21.9,974.4,49.0,False,,low,21.9,14.45,976.0,77.29,HEALTHY,replay
2025-01-04T14:00:00,AWS-RAN-102,22.3,973.7,48.0,False,,low,15.6,14.46,975.98,77.4,HEALTHY,replay
2025-01-04T15:00:00,AWS-RAN-102,22.2,973.2,48.0,False,,low,13.5,14.49,975.95,77.5,HEALTHY,replay
2025-01-04T16:00:00,AWS-RAN-102,20.9,973.1,61.0,False,,low,24.5,14.52,975.92,77.56,HEALTHY,replay
2025-01-04T17:00:00,AWS-RAN-102,18.0,973.2,62.0,False,,low,40.0,14.55,975.89,77.75,HEALTHY,replay
2025-01-04T18:00:00,AWS-RAN-102,17.7,974.1,63.0,False,,low,21.9,14.59,975.86,77.71,HEALTHY,replay
2025-01-04T19:00:00,AWS-RAN-102,15.3,974.8,79.0,False,,low,48.6,14.64,975.82,77.52,HEALTHY,replay
2025-01-04T20:00:00,AWS-RAN-102,14.1,975.6,88.0,False,,low,35.8,14.67,975.79,77.54,HEALTHY,replay
2025-01-04T21:00:00,AWS-RAN-102,13.5,976.1,91.0,False,,low,18.6,14.7,975.76,77.67,HEALTHY,replay
2025-01-04T22:00:00,AWS-RAN-102,13.1,976.1,93.0,False,,low,4.0,14.72,975.73,77.77,HEALTHY,replay
2025-01-04T23:00:00,AWS-RAN-102,12.4,975.7,95.0,False,,low,3.7,14.75,975.71,77.88,HEALTHY,replay
2025-01-05T00:00:00,AWS-RAN-102,11.8,975.3,97.0,False,,low,4.5,14.78,975.68,77.98,HEALTHY,replay
2025-01-05T01:00:00,AWS-RAN-102,11.2,974.7,99.0,False,,low,5.4,14.8,975.65,78.08,HEALTHY,replay
2025-01-05T02:00:00,AWS-RAN-102,10.8,974.3,99.0,False,,low,3.7,14.82,975.61,78.19,HEALTHY,replay
2025-01-05T03:00:00,AWS-RAN-102,10.6,974.3,99.0,False,,low,3.5,14.84,975.58,78.27,HEALTHY,replay
2025-01-05T04:00:00,AWS-RAN-102,10.5,974.2,99.0,False,,low,2.9,14.86,975.56,78.33,HEALTHY,replay
2025-01-05T05:00:00,AWS-RAN-102,10.3,974.7,99.0,False,,low,5.7,14.89,975.53,78.4,HEALTHY,replay
2025-01-05T06:00:00,AWS-RAN-102,10.3,975.6,100.0,False,,low,10.8,14.92,975.51,78.46,HEALTHY,replay
2025-01-05T07:00:00,AWS-RAN-102,11.0,976.6,97.0,False,,low,25.2,14.94,975.48,78.54,HEALTHY,replay
2025-01-05T08:00:00,AWS-RAN-102,12.3,978.0,95.0,False,,low,43.9,14.95,975.45,78.62,HEALTHY,replay
2025-01-05T09:00:00,AWS-RAN-102,15.6,978.7,82.0,False,,low,44.1,14.94,975.44,78.92,HEALTHY,replay
2025-01-05T10:00:00,AWS-RAN-102,19.1,978.3,67.0,False,,low,46.8,14.94,975.44,79.17,HEALTHY,replay
2025-01-05T11:00:00,AWS-RAN-102,21.3,977.5,59.0,False,,low,39.4,14.97,975.44,79.25,HEALTHY,replay
2025-01-05T12:00:00,AWS-RAN-102,22.3,976.2,55.0,False,,low,25.4,14.99,975.44,79.31,HEALTHY,replay
2025-01-05T13:00:00,AWS-RAN-102,22.8,975.2,53.0,False,,low,10.8,15.01,975.43,79.42,HEALTHY,replay
2025-01-05T14:00:00,AWS-RAN-102,23.0,974.6,51.0,False,,low,11.5,15.03,975.43,79.54,HEALTHY,replay
2025-01-05T15:00:00,AWS-RAN-102,22.6,974.0,50.0,False,,low,8.0,15.04,975.43,79.65,HEALTHY,replay
2025-01-05T16:00:00,AWS-RAN-102,21.3,974.0,57.0,False,,low,8.3,15.05,975.43,79.73,HEALTHY,replay
2025-01-05T17:00:00,AWS-RAN-102,18.3,974.1,70.0,False,,low,30.6,15.06,975.42,79.69,HEALTHY,replay
2025-01-05T18:00:00,AWS-RAN-102,17.8,974.9,72.0,False,,low,14.4,15.05,975.41,79.9,HEALTHY,replay
2025-01-05T19:00:00,AWS-RAN-102,17.5,975.3,73.0,False,,low,4.3,15.1,975.41,79.83,HEALTHY,replay
2025-01-05T20:00:00,AWS-RAN-102,16.9,975.6,76.0,False,,low,3.9,15.17,975.4,79.65,HEALTHY,replay
2025-01-05T21:00:00,AWS-RAN-102,16.2,976.0,77.0,False,,low,2.8,15.25,975.39,79.44,HEALTHY,replay
2025-01-05T22:00:00,AWS-RAN-102,15.0,975.7,83.0,False,,low,2.2,15.33,975.38,79.17,HEALTHY,replay
2025-01-05T23:00:00,AWS-RAN-102,13.9,975.3,88.0,False,,low,6.9,15.4,975.38,78.96,HEALTHY,replay
2025-01-06T00:00:00,AWS-RAN-102,13.4,974.8,89.0,False,,low,4.9,15.46,975.37,78.79,HEALTHY,replay
2025-01-06T01:00:00,AWS-RAN-102,12.8,974.5,92.0,False,,low,4.0,15.51,975.37,78.62,HEALTHY,replay
2025-01-06T02:00:00,AWS-RAN-102,12.6,973.7,93.0,False,,low,4.4,15.57,975.36,78.52,HEALTHY,replay
2025-01-06T03:00:00,AWS-RAN-102,12.4,973.4,94.0,False,,low,2.1,15.62,975.36,78.42,HEALTHY,replay
2025-01-06T04:00:00,AWS-RAN-102,12.3,973.3,95.0,False,,low,2.5,15.67,975.35,78.33,HEALTHY,replay
2025-01-06T05:00:00,AWS-RAN-102,11.9,973.7,96.0,False,,low,2.9,15.73,975.33,78.27,HEALTHY,replay
2025-01-06T06:00:00,AWS-RAN-102,11.5,974.3,96.0,False,,low,5.4,15.78,975.31,78.23,HEALTHY,replay
2025-01-06T07:00:00,AWS-RAN-102,12.8,975.7,93.0,False,,low,23.1,15.83,975.29,78.17,HEALTHY,replay
2025-01-06T08:00:00,AWS-RAN-102,15.8,977.0,83.0,False,,low,39.1,15.88,975.27,78.1,HEALTHY,replay
2025-01-06T09:00:00,AWS-RAN-102,18.6,977.7,75.0,False,,low,39.2,15.94,975.26,78.04,HEALTHY,replay
2025-01-06T10:00:00,AWS-RAN-102,20.8,977.3,68.0,False,,low,31.5,16.0,975.24,78.08,HEALTHY,replay
2025-01-06T11:00:00,AWS-RAN-102,22.0,976.4,60.0,False,,low,14.4,16.05,975.23,78.21,HEALTHY,replay
2025-01-06T12:00:00,AWS-RAN-102,22.9,975.2,53.0,False,,low,19.7,16.08,975.22,78.31,HEALTHY,replay
2025-01-06T13:00:00,AWS-RAN-102,23.5,973.9,48.0,False,,low,32.5,16.12,975.21,78.35,HEALTHY,replay
2025-01-06T14:00:00,AWS-RAN-102,23.6,973.1,46.0,False,,low,20.1,16.15,975.2,78.33,HEALTHY,replay
2025-01-06T15:00:00,AWS-RAN-102,23.3,972.8,45.0,False,,low,23.9,16.18,975.19,78.29,HEALTHY,replay
2025-01-06T16:00:00,AWS-RAN-102,22.4,972.8,58.0,False,,low,18.1,16.2,975.18,78.23,HEALTHY,replay
2025-01-06T17:00:00,AWS-RAN-102,20.1,972.6,57.0,False,,low,19.2,16.23,975.17,78.17,HEALTHY,replay
2025-01-06T18:00:00,AWS-RAN-102,19.0,972.6,56.0,False,,low,24.8,16.27,975.16,78.06,HEALTHY,replay
2025-01-06T19:00:00,AWS-RAN-102,18.0,973.2,61.0,False,,low,11.4,16.3,975.13,77.92,HEALTHY,replay
2025-01-06T20:00:00,AWS-RAN-102,17.0,973.6,65.0,False,,low,3.5,16.36,975.1,77.54,HEALTHY,replay
2025-01-06T21:00:00,AWS-RAN-102,15.1,973.9,78.0,False,,low,14.3,16.42,975.05,77.06,HEALTHY,replay
2025-01-06T22:00:00,AWS-RAN-102,14.2,974.0,83.0,False,,low,4.7,16.45,975.01,76.79,HEALTHY,replay
2025-01-06T23:00:00,AWS-RAN-102,13.7,973.5,83.0,False,,low,4.0,16.47,974.96,76.58,HEALTHY,replay
2025-01-07T00:00:00,AWS-RAN-102,12.7,973.2,88.0,False,,low,6.2,16.5,974.92,76.33,HEALTHY,replay
2025-01-07T01:00:00,AWS-RAN-102,12.1,973.0,92.0,False,,low,3.4,16.52,974.88,76.15,HEALTHY,replay
2025-01-07T02:00:00,AWS-RAN-102,12.1,972.9,91.0,False,,low,3.0,16.54,974.84,76.0,HEALTHY,replay
2025-01-07T03:00:00,AWS-RAN-102,12.2,972.8,92.0,False,,low,1.9,16.57,974.81,75.83,HEALTHY,replay
2025-01-07T04:00:00,AWS-RAN-102,12.0,972.9,95.0,False,,low,2.2,16.6,974.78,75.69,HEALTHY,replay
2025-01-07T05:00:00,AWS-RAN-102,12.3,973.5,96.0,False,,low,5.3,16.63,974.75,75.6,HEALTHY,replay
2025-01-07T06:00:00,AWS-RAN-102,12.2,974.7,93.0,False,,low,10.2,16.67,974.73,75.54,HEALTHY,replay
2025-01-07T07:00:00,AWS-RAN-102,13.9,975.8,90.0,False,,low,20.8,16.71,974.71,75.4,HEALTHY,replay
2025-01-07T08:00:00,AWS-RAN-102,16.1,976.6,82.0,False,,low,28.9,16.77,974.69,75.25,HEALTHY,replay
2025-01-07T09:00:00,AWS-RAN-102,18.5,976.8,75.0,False,,low,25.6,16.85,974.66,74.98,HEALTHY,replay
2025-01-07T10:00:00,AWS-RAN-102,20.5,976.4,68.0,False,,low,16.6,16.91,974.62,74.83,HEALTHY,replay
2025-01-07T11:00:00,AWS-RAN-102,21.8,975.4,60.0,False,,low,14.4,16.94,974.58,74.85,HEALTHY,replay
2025-01-07T12:00:00,AWS-RAN-102,22.4,974.2,55.0,False,,low,15.3,16.95,974.54,74.88,HEALTHY,replay
2025-01-07T13:00:00,AWS-RAN-102,22.9,973.2,51.0,False,,low,13.5,16.95,974.5,74.88,HEALTHY,replay
2025-01-07T14:00:00,AWS-RAN-102,22.8,972.4,50.0,False,,low,11.5,16.96,974.46,74.83,HEALTHY,replay
2025-01-07T15:00:00,AWS-RAN-102,22.2,972.2,51.0,False,,low,10.8,16.95,974.41,74.81,HEALTHY,replay
2025-01-07T16:00:00,AWS-RAN-102,20.8,972.3,55.0,False,,low,10.4,16.94,974.37,74.83,HEALTHY,replay
2025-01-07T17:00:00,AWS-RAN-102,18.4,972.4,64.0,False,,low,16.9,16.93,974.34,74.79,HEALTHY,replay
2025-01-07T18:00:00,AWS-RAN-102,16.4,973.1,76.0,False,,low,24.7,16.94,974.3,74.67,HEALTHY,replay
2025-01-07T19:00:00,AWS-RAN-102,15.4,973.7,81.0,False,,low,12.6,16.91,974.26,74.75,HEALTHY,replay
2025-01-07T20:00:00,AWS-RAN-102,14.6,974.3,83.0,False,,low,8.2,16.86,974.23,74.92,HEALTHY,replay
2025-01-07T21:00:00,AWS-RAN-102,13.7,974.8,87.0,False,,low,4.9,16.81,974.2,75.06,HEALTHY,replay
2025-01-07T22:00:00,AWS-RAN-102,12.9,975.0,92.0,False,,low,5.3,16.76,974.18,75.27,HEALTHY,replay
2025-01-07T23:00:00,AWS-RAN-102,12.3,974.7,94.0,False,,low,3.2,16.72,974.16,75.46,HEALTHY,replay
2025-01-08T00:00:00,AWS-RAN-102,11.7,974.2,95.0,False,,low,4.0,16.69,974.15,75.58,HEALTHY,replay
2025-01-08T01:00:00,AWS-RAN-102,11.3,973.7,96.0,False,,low,4.3,16.65,974.14,75.71,HEALTHY,replay
2025-01-08T02:00:00,AWS-RAN-102,11.0,973.1,97.0,False,,low,4.7,16.62,974.12,75.79,HEALTHY,replay
2025-01-08T03:00:00,AWS-RAN-102,11.0,972.8,98.0,False,,low,4.9,16.59,974.11,75.88,HEALTHY,replay
2025-01-08T04:00:00,AWS-RAN-102,11.2,973.2,95.0,False,,low,5.5,16.56,974.1,75.96,HEALTHY,replay
2025-01-08T05:00:00,AWS-RAN-102,10.7,973.7,94.0,False,,low,7.5,16.53,974.1,75.96,HEALTHY,replay
2025-01-08T06:00:00,AWS-RAN-102,11.3,975.0,90.0,False,,low,31.4,16.51,974.1,75.92,HEALTHY,replay
2025-01-08T07:00:00,AWS-RAN-102,11.8,976.2,81.0,False,,low,47.8,16.5,974.11,75.79,HEALTHY,replay
2025-01-08T08:00:00,AWS-RAN-102,12.9,977.1,75.0,False,,low,47.2,16.48,974.12,75.54,HEALTHY,replay
2025-01-08T09:00:00,AWS-RAN-102,14.7,977.6,68.0,False,,low,25.2,16.42,974.12,75.38,HEALTHY,replay
2025-01-08T10:00:00,AWS-RAN-102,16.5,977.3,60.0,False,,low,20.0,16.34,974.12,75.23,HEALTHY,replay
2025-01-08T11:00:00,AWS-RAN-102,18.3,976.6,54.0,False,,low,12.8,16.25,974.12,75.06,HEALTHY,replay
2025-01-08T12:00:00,AWS-RAN-102,19.9,975.7,48.0,False,,low,18.3,16.18,974.12,74.94,HEALTHY,replay
2025-01-08T13:00:00,AWS-RAN-102,21.0,974.6,43.0,False,,low,13.5,16.11,974.14,74.83,HEALTHY,replay
2025-01-08T14:00:00,AWS-RAN-102,21.5,974.0,41.0,False,,low,10.1,16.06,974.15,74.73,HEALTHY,replay
2025-01-08T15:00:00,AWS-RAN-102,21.3,973.7,40.0,False,,low,13.8,16.02,974.17,74.62,HEALTHY,replay
2025-01-08T16:00:00,AWS-RAN-102,20.0,973.7,45.0,False,,low,9.3,15.97,974.19,74.52,HEALTHY,replay
2025-01-08T17:00:00,AWS-RAN-102,16.8,973.7,54.0,False,,low,50.2,15.92,974.21,74.25,HEALTHY,replay
2025-01-08T18:00:00,AWS-RAN-102,15.6,974.8,65.0,False,,low,53.1,15.86,974.23,74.19,HEALTHY,replay
2025-01-08T19:00:00,AWS-RAN-102,13.8,975.6,75.0,False,,low,53.2,15.79,974.28,74.38,HEALTHY,replay
2025-01-08T20:00:00,AWS-RAN-102,12.1,976.3,84.0,False,,medium,55.9,15.7,974.32,74.67,HEALTHY,replay
2025-01-08T21:00:00,AWS-RAN-102,11.1,976.7,88.0,False,,low,33.2,15.6,974.38,75.06,HEALTHY,replay
2025-01-08T22:00:00,AWS-RAN-102,10.5,976.9,89.0,False,,low,8.6,15.51,974.44,75.27,HEALTHY,replay
2025-01-08T23:00:00,AWS-RAN-102,10.0,976.7,90.0,False,,low,6.9,15.44,974.5,75.4,HEALTHY,replay
2025-01-09T00:00:00,AWS-RAN-102,9.2,976.2,94.0,False,,low,12.0,15.36,974.57,75.54,HEALTHY,replay
2025-01-09T01:00:00,AWS-RAN-102,9.0,976.0,96.0,False,,low,9.7,15.29,974.63,75.67,HEALTHY,replay
2025-01-09T02:00:00,AWS-RAN-102,8.6,975.8,98.0,False,,low,7.7,15.22,974.69,75.75,HEALTHY,replay
2025-01-09T03:00:00,AWS-RAN-102,8.3,975.7,98.0,False,,low,5.9,15.15,974.75,75.9,HEALTHY,replay
2025-01-09T04:00:00,AWS-RAN-102,7.9,975.9,99.0,False,,low,13.2,15.07,974.81,76.02,HEALTHY,replay
2025-01-09T05:00:00,AWS-RAN-102,7.6,976.5,98.0,False,,low,28.8,14.98,974.88,76.1,HEALTHY,replay
2025-01-09T06:00:00,AWS-RAN-102,7.8,977.5,98.0,False,,low,38.3,14.88,974.94,76.15,HEALTHY,replay
2025-01-09T07:00:00,AWS-RAN-102,9.3,978.7,93.0,False,,low,47.7,14.79,975.0,76.25,HEALTHY,replay
2025-01-09T08:00:00,AWS-RAN-102,11.8,980.0,80.0,False,,medium,55.4,14.7,975.06,76.31,HEALTHY,replay
2025-01-09T09:00:00,AWS-RAN-102,14.3,980.4,70.0,False,,low,40.7,14.61,975.13,76.27,HEALTHY,replay
2025-01-09T10:00:00,AWS-RAN-102,16.6,979.9,60.0,False,,low,33.8,14.52,975.2,76.17,HEALTHY,replay
2025-01-09T11:00:00,AWS-RAN-102,18.4,978.8,52.0,False,,low,38.0,14.44,975.28,76.0,HEALTHY,replay
2025-01-09T12:00:00,AWS-RAN-102,19.7,977.5,46.0,False,,low,31.6,14.37,975.35,75.83,HEALTHY,replay
2025-01-09T13:00:00,AWS-RAN-102,20.8,976.5,42.0,False,,low,25.6,14.31,975.41,75.65,HEALTHY,replay
2025-01-09T14:00:00,AWS-RAN-102,21.3,975.9,37.0,False,,low,28.0,14.27,975.48,75.46,HEALTHY,replay
2025-01-09T15:00:00,AWS-RAN-102,21.1,975.4,36.0,False,,low,22.5,14.24,975.56,75.19,HEALTHY,replay
2025-01-09T16:00:00,AWS-RAN-102,19.7,975.5,44.0,False,,low,16.2,14.21,975.62,74.88,HEALTHY,replay
2025-01-09T17:00:00,AWS-RAN-102,16.2,975.3,57.0,False,,low,41.6,14.19,975.69,74.65,HEALTHY,replay
2025-01-09T18:00:00,AWS-RAN-102,15.5,975.9,65.0,False,,low,27.6,14.14,975.75,74.5,HEALTHY,replay
2025-01-09T19:00:00,AWS-RAN-102,14.0,977.0,73.0,False,,low,47.8,14.12,975.81,74.27,HEALTHY,replay
2025-01-09T20:00:00,AWS-RAN-102,12.0,978.1,83.0,False,,low,54.0,14.1,975.88,74.1,HEALTHY,replay
2025-01-09T21:00:00,AWS-RAN-102,11.1,979.1,87.0,False,,low,48.2,14.04,975.96,74.1,HEALTHY,replay
2025-01-09T22:00:00,AWS-RAN-102,10.5,979.3,90.0,False,,low,13.8,13.99,976.05,74.1,HEALTHY,replay
2025-01-09T23:00:00,AWS-RAN-102,10.1,979.2,92.0,False,,low,5.1,13.94,976.14,74.06,HEALTHY,replay
2025-01-10T00:00:00,AWS-RAN-102,9.4,978.8,94.0,False,,low,5.9,13.89,976.23,74.02,HEALTHY,replay
2025-01-10T01:00:00,AWS-RAN-102,9.2,978.4,95.0,False,,low,5.0,13.84,976.32,74.0,HEALTHY,replay
2025-01-10T02:00:00,AWS-RAN-102,9.0,978.3,96.0,False,,low,5.5,13.8,976.42,73.98,HEALTHY,replay
2025-01-10T03:00:00,AWS-RAN-102,8.8,978.1,97.0,False,,low,7.4,13.76,976.53,73.96,HEALTHY,replay
2025-01-10T04:00:00,AWS-RAN-102,8.5,978.2,97.0,False,,low,6.0,13.71,976.64,73.94,HEALTHY,replay
2025-01-10T05:00:00,AWS-RAN-102,8.3,978.6,98.0,False,,low,8.3,13.66,976.75,73.98,HEALTHY,replay
2025-01-10T06:00:00,AWS-RAN-102,8.3,979.5,98.0,False,,low,17.7,13.61,976.85,74.06,HEALTHY,replay
2025-01-10T07:00:00,AWS-RAN-102,9.2,980.4,95.0,False,,low,25.1,13.54,976.94,74.23,HEALTHY,replay
2025-01-10T08:00:00,AWS-RAN-102,12.2,981.3,81.0,False,,low,48.0,13.49,977.03,74.52,HEALTHY,replay
2025-01-10T09:00:00,AWS-RAN-102,15.4,981.8,66.0,False,,low,41.9,13.48,977.12,74.65,HEALTHY,replay
2025-01-10T10:00:00,AWS-RAN-102,17.8,981.2,57.0,False,,low,33.4,13.49,977.2,74.6,HEALTHY,replay
2025-01-10T11:00:00,AWS-RAN-102,19.6,980.3,51.0,False,,low,25.0,13.52,977.29,74.54,HEALTHY,replay
2025-01-10T12:00:00,AWS-RAN-102,20.9,979.0,47.0,False,,low,18.8,13.54,977.36,74.48,HEALTHY,replay
2025-01-10T13:00:00,AWS-RAN-102,21.9,978.1,44.0,False,,low,13.4,13.56,977.43,74.46,HEALTHY,replay
2025-01-10T14:00:00,AWS-RAN-102,22.5,977.6,41.0,False,,low,11.4,13.58,977.5,74.48,HEALTHY,replay
2025-01-10T15:00:00,AWS-RAN-102,22.4,977.4,40.0,False,,low,5.8,13.6,977.58,74.48,HEALTHY,replay
2025-01-10T16:00:00,AWS-RAN-102,20.8,977.2,49.0,False,,low,7.1,13.63,977.66,74.48,HEALTHY,replay
2025-01-10T17:00:00,AWS-RAN-102,17.4,976.9,58.0,False,,low,20.3,13.64,977.73,74.56,HEALTHY,replay
2025-01-10T18:00:00,AWS-RAN-102,15.6,976.8,68.0,False,,low,29.4,13.66,977.8,74.65,HEALTHY,replay
2025-01-10T19:00:00,AWS-RAN-102,14.0,977.5,76.0,False,,low,24.5,13.66,977.84,74.71,HEALTHY,replay
2025-01-10T20:00:00,AWS-RAN-102,12.9,978.2,81.0,False,,low,11.5,13.66,977.88,74.73,HEALTHY,replay
2025-01-10T21:00:00,AWS-RAN-102,11.7,978.6,86.0,False,,low,12.7,13.68,977.92,74.67,HEALTHY,replay
2025-01-10T22:00:00,AWS-RAN-102,10.9,978.7,89.0,False,,low,5.3,13.69,977.96,74.62,HEALTHY,replay
2025-01-10T23:00:00,AWS-RAN-102,10.2,978.4,93.0,False,,low,5.2,13.7,977.99,74.62,HEALTHY,replay
2025-01-11T00:00:00,AWS-RAN-102,9.6,977.8,95.0,False,,low,4.6,13.7,978.03,74.69,HEALTHY,replay
2025-01-11T01:00:00,AWS-RAN-102,9.2,977.8,95.0,False,,low,4.0,13.71,978.06,74.71,HEALTHY,replay
2025-01-11T02:00:00,AWS-RAN-102,8.9,977.6,96.0,False,,low,4.7,13.71,978.1,74.69,HEALTHY,replay
2025-01-11T03:00:00,AWS-RAN-102,8.5,977.4,97.0,False,,low,6.5,13.72,978.14,74.65,HEALTHY,replay
2025-01-11T04:00:00,AWS-RAN-102,8.2,977.3,98.0,False,,low,5.7,13.72,978.17,74.62,HEALTHY,replay
2025-01-11T05:00:00,AWS-RAN-102,8.0,978.1,98.0,False,,low,14.3,13.73,978.2,74.6,HEALTHY,replay
2025-01-11T06:00:00,AWS-RAN-102,8.3,979.1,97.0,False,,low,19.4,13.74,978.24,74.6,HEALTHY,replay
2025-01-11T07:00:00,AWS-RAN-102,9.7,980.0,94.0,False,,low,23.9,13.75,978.27,74.58,HEALTHY,replay
2025-01-11T08:00:00,AWS-RAN-102,12.7,981.3,80.0,False,,low,48.6,13.76,978.3,74.6,HEALTHY,replay
2025-01-11T09:00:00,AWS-RAN-102,16.0,982.1,66.0,False,,low,40.1,13.78,978.32,74.6,HEALTHY,replay
2025-01-11T10:00:00,AWS-RAN-102,18.5,981.6,55.0,False,,low,37.2,13.81,978.36,74.52,HEALTHY,replay
2025-01-11T11:00:00,AWS-RAN-102,20.4,980.4,46.0,False,,low,26.9,13.85,978.39,74.42,HEALTHY,replay
2025-01-11T12:00:00,AWS-RAN-102,21.8,979.0,41.0,False,,low,26.5,13.89,978.43,74.29,HEALTHY,replay
2025-01-11T13:00:00,AWS-RAN-102,22.6,977.9,37.0,False,,low,18.0,13.94,978.46,74.19,HEALTHY,replay
2025-01-11T14:00:00,AWS-RAN-102,23.1,977.1,31.0,False,,low,30.3,13.97,978.49,74.08,HEALTHY,replay
2025-01-11T15:00:00,AWS-RAN-102,22.8,976.6,30.0,False,,low,17.4,14.01,978.51,73.96,HEALTHY,replay
2025-01-11T16:00:00,AWS-RAN-102,20.9,976.3,50.0,False,,low,15.4,14.05,978.54,73.83,HEALTHY,replay
2025-01-11T17:00:00,AWS-RAN-102,17.3,976.0,51.0,False,,low,43.4,14.07,978.55,73.96,HEALTHY,replay
2025-01-11T18:00:00,AWS-RAN-102,16.4,976.0,56.0,False,,low,39.6,14.1,978.57,73.83,HEALTHY,replay
2025-01-11T19:00:00,AWS-RAN-102,15.2,976.4,60.0,False,,low,15.1,14.11,978.57,73.65,HEALTHY,replay
2025-01-11T20:00:00,AWS-RAN-102,14.8,977.2,59.0,False,,low,14.9,14.14,978.56,73.38,HEALTHY,replay
2025-01-11T21:00:00,AWS-RAN-102,14.6,977.7,58.0,False,,low,6.4,14.2,978.54,72.88,HEALTHY,replay
2025-01-11T22:00:00,AWS-RAN-102,14.3,977.9,59.0,False,,low,2.7,14.27,978.51,72.27,HEALTHY,replay
2025-01-11T23:00:00,AWS-RAN-102,13.7,977.7,59.0,False,,low,1.9,14.35,978.48,71.62,HEALTHY,replay
2025-01-12T00:00:00,AWS-RAN-102,12.8,977.3,62.0,False,,low,2.5,14.42,978.45,70.94,HEALTHY,replay
2025-01-12T01:00:00,AWS-RAN-102,11.9,977.2,66.0,False,,low,3.9,14.5,978.42,70.27,HEALTHY,replay
2025-01-12T02:00:00,AWS-RAN-102,11.3,976.8,70.0,False,,low,4.6,14.55,978.39,69.67,HEALTHY,replay
2025-01-12T03:00:00,AWS-RAN-102,11.0,976.4,74.0,False,,low,3.3,14.6,978.36,69.12,HEALTHY,replay
2025-01-12T04:00:00,AWS-RAN-102,10.7,976.5,75.0,False,,low,2.4,14.65,978.33,68.65,HEALTHY,replay
2025-01-12T05:00:00,AWS-RAN-102,10.7,976.9,74.0,False,,low,1.9,14.69,978.29,68.19,HEALTHY,replay
2025-01-12T06:00:00,AWS-RAN-102,10.4,977.5,74.0,False,,low,4.1,14.74,978.26,67.69,HEALTHY,replay
2025-01-12T07:00:00,AWS-RAN-102,11.9,978.7,69.0,False,,low,22.0,14.79,978.21,67.19,HEALTHY,replay
2025-01-12T08:00:00,AWS-RAN-102,15.0,979.8,62.0,False,,low,26.1,14.84,978.18,66.65,HEALTHY,replay
2025-01-12T09:00:00,AWS-RAN-102,18.3,980.4,52.0,False,,low,34.6,14.9,978.15,66.25,HEALTHY,replay
2025-01-12T10:00:00,AWS-RAN-102,21.1,979.9,44.0,False,,low,29.0,14.96,978.12,65.96,HEALTHY,replay
2025-01-12T11:00:00,AWS-RAN-102,22.8,978.8,40.0,False,,low,15.4,15.03,978.09,65.69,HEALTHY,replay
2025-01-12T12:00:00,AWS-RAN-102,23.8,977.4,38.0,False,,low,24.2,15.1,978.06,65.46,HEALTHY,replay
2025-01-12T13:00:00,AWS-RAN-102,24.4,976.2,37.0,False,,low,16.0,15.16,978.03,65.27,HEALTHY,replay
2025-01-12T14:00:00,AWS-RAN-102,24.6,975.2,36.0,False,,low,17.6,15.21,977.99,65.12,HEALTHY,replay
2025-01-12T15:00:00,AWS-RAN-102,24.3,974.8,35.0,False,,low,12.0,15.25,977.94,65.02,HEALTHY,replay
2025-01-12T16:00:00,AWS-RAN-102,22.3,974.7,49.0,False,,low,18.6,15.29,977.88,64.92,HEALTHY,replay
2025-01-12T17:00:00,AWS-RAN-102,19.4,974.8,53.0,False,,low,25.6,15.32,977.83,64.92,HEALTHY,replay
2025-01-12T18:00:00,AWS-RAN-102,18.8,975.3,56.0,False,,low,12.4,15.36,977.79,64.81,HEALTHY,replay
2025-01-12T19:00:00,AWS-RAN-102,17.5,975.7,61.0,False,,low,6.3,15.43,977.76,64.56,HEALTHY,replay
2025-01-12T20:00:00,AWS-RAN-102,16.8,976.2,63.0,False,,low,3.1,15.5,977.72,64.25,HEALTHY,replay
2025-01-12T21:00:00,AWS-RAN-102,15.4,976.6,70.0,False,,low,2.9,15.59,977.68,63.88,HEALTHY,replay
2025-01-12T22:00:00,AWS-RAN-102,14.5,976.5,75.0,False,,low,2.4,15.66,977.64,63.54,HEALTHY,replay
2025-01-12T23:00:00,AWS-RAN-102,14.0,976.3,81.0,False,,low,5.2,15.74,977.59,63.25,HEALTHY,replay
2025-01-13T00:00:00,AWS-RAN-102,13.4,976.1,85.0,False,,low,3.9,15.82,977.55,63.0,HEALTHY,replay
2025-01-13T01:00:00,AWS-RAN-102,13.1,975.7,87.0,False,,low,1.7,15.9,977.51,62.79,HEALTHY,replay
2025-01-13T02:00:00,AWS-RAN-102,12.9,975.1,89.0,False,,low,3.4,15.98,977.47,62.62,HEALTHY,replay
2025-01-13T03:00:00,AWS-RAN-102,12.9,974.8,89.0,False,,low,2.3,16.06,977.41,62.48,HEALTHY,replay
2025-01-13T04:00:00,AWS-RAN-102,12.6,974.9,91.0,False,,low,2.0,16.15,977.36,62.31,HEALTHY,replay
2025-01-13T05:00:00,AWS-RAN-102,12.5,975.4,92.0,False,,low,3.3,16.24,977.31,62.17,HEALTHY,replay
2025-01-13T06:00:00,AWS-RAN-102,13.0,976.0,92.0,False,,low,6.2,16.34,977.25,62.04,HEALTHY,replay
2025-01-13T07:00:00,AWS-RAN-102,14.3,977.0,87.0,False,,low,15.8,16.44,977.19,61.94,HEALTHY,replay
2025-01-13T08:00:00,AWS-RAN-102,17.2,978.0,77.0,False,,low,36.0,16.53,977.13,61.79,HEALTHY,replay
2025-01-13T09:00:00,AWS-RAN-102,20.1,978.6,64.0,False,,low,36.8,16.62,977.06,61.73,HEALTHY,replay
2025-01-13T10:00:00,AWS-RAN-102,22.1,978.0,57.0,False,,low,20.6,16.71,976.99,61.69,HEALTHY,replay
2025-01-13T11:00:00,AWS-RAN-102,23.6,977.0,50.0,False,,low,15.8,16.79,976.91,61.73,HEALTHY,replay
2025-01-13T12:00:00,AWS-RAN-102,24.6,975.7,44.0,False,,low,31.3,16.85,976.84,61.81,HEALTHY,replay
2025-01-13T13:00:00,AWS-RAN-102,24.6,974.6,44.0,False,,low,25.9,16.91,976.77,61.88,HEALTHY,replay
2025-01-13T14:00:00,AWS-RAN-102,24.4,974.0,44.0,False,,low,14.7,16.95,976.7,62.02,HEALTHY,replay
2025-01-13T15:00:00,AWS-RAN-102,23.8,973.8,47.0,False,,low,11.8,16.98,976.64,62.29,HEALTHY,replay
2025-01-13T16:00:00,AWS-RAN-102,22.9,973.9,51.0,False,,low,8.7,17.0,976.58,62.65,HEALTHY,replay
2025-01-13T17:00:00,AWS-RAN-102,20.2,974.0,61.0,False,,low,28.9,17.04,976.53,62.67,HEALTHY,replay
2025-01-13T18:00:00,AWS-RAN-102,18.2,974.6,69.0,False,,low,23.9,17.1,976.49,62.88,HEALTHY,replay
2025-01-13T19:00:00,AWS-RAN-102,16.8,975.5,77.0,False,,low,41.0,17.14,976.46,63.15,HEALTHY,replay
2025-01-13T20:00:00,AWS-RAN-102,15.6,976.3,84.0,False,,low,39.1,17.17,976.44,63.5,HEALTHY,replay
2025-01-13T21:00:00,AWS-RAN-102,14.9,976.5,87.0,False,,low,10.9,17.19,976.42,64.02,HEALTHY,replay
2025-01-13T22:00:00,AWS-RAN-102,14.3,977.0,89.0,False,,low,6.0,17.2,976.4,64.62,HEALTHY,replay
2025-01-13T23:00:00,AWS-RAN-102,13.9,976.7,92.0,False,,low,3.2,17.2,976.38,65.25,HEALTHY,replay
2025-01-14T00:00:00,AWS-RAN-102,13.7,976.6,93.0,False,,low,2.9,17.2,976.36,65.94,HEALTHY,replay
2025-01-14T01:00:00,AWS-RAN-102,13.4,976.4,95.0,False,,low,2.4,17.22,976.34,66.58,HEALTHY,replay
2025-01-14T02:00:00,AWS-RAN-102,13.1,976.2,96.0,False,,low,3.2,17.25,976.32,67.19,HEALTHY,replay
2025-01-14T03:00:00,AWS-RAN-102,12.8,976.2,96.0,False,,low,3.0,17.29,976.31,67.73,HEALTHY,replay
2025-01-14T04:00:00,AWS-RAN-102,12.4,976.4,97.0,False,,low,2.7,17.32,976.31,68.19,HEALTHY,replay
2025-01-14T05:00:00,AWS-RAN-102,11.9,977.0,98.0,False,,low,4.5,17.36,976.31,68.65,HEALTHY,replay
2025-01-14T06:00:00,AWS-RAN-102,12.2,978.4,98.0,False,,low,26.3,17.39,976.31,69.15,HEALTHY,replay
2025-01-14T07:00:00,AWS-RAN-102,12.7,979.4,97.0,False,,low,35.9,17.42,976.33,69.65,HEALTHY,replay
2025-01-14T08:00:00,AWS-RAN-102,13.8,980.5,92.0,False,,low,33.4,17.44,976.34,70.23,HEALTHY,replay
2025-01-14T09:00:00,AWS-RAN-102,15.9,981.3,81.0,False,,low,43.2,17.41,976.36,70.85,HEALTHY,replay
2025-01-14T10:00:00,AWS-RAN-102,18.6,981.2,70.0,False,,low,36.7,17.36,976.38,71.46,HEALTHY,replay
2025-01-14T11:00:00,AWS-RAN-102,20.9,980.1,61.0,False,,low,44.7,17.31,976.4,72.0,HEALTHY,replay
2025-01-14T12:00:00,AWS-RAN-102,22.4,978.8,53.0,False,,low,37.3,17.27,976.43,72.44,HEALTHY,replay
2025-01-14T13:00:00,AWS-RAN-102,23.3,977.6,49.0,False,,low,20.2,17.24,976.46,72.75,HEALTHY,replay
2025-01-14T14:00:00,AWS-RAN-102,23.7,976.8,42.0,False,,low,22.7,17.22,976.49,73.0,HEALTHY,replay
2025-01-14T15:00:00,AWS-RAN-102,23.4,976.6,39.0,False,,low,15.1,17.2,976.52,73.12,HEALTHY,replay
2025-01-14T16:00:00,AWS-RAN-102,22.1,976.7,41.0,False,,low,8.4,17.18,976.56,73.21,HEALTHY,replay
2025-01-14T17:00:00,AWS-RAN-102,19.0,976.9,51.0,False,,low,26.1,17.18,976.6,73.04,HEALTHY,replay
2025-01-14T18:00:00,AWS-RAN-102,17.2,977.3,65.0,False,,low,26.0,17.17,976.64,73.0,HEALTHY,replay
2025-01-14T19:00:00,AWS-RAN-102,16.2,978.4,71.0,False,,low,32.3,17.14,976.69,73.19,HEALTHY,replay
2025-01-14T20:00:00,AWS-RAN-102,14.8,979.0,81.0,False,,low,30.4,17.11,976.74,73.4,HEALTHY,replay
2025-01-14T21:00:00,AWS-RAN-102,14.4,979.6,86.0,False,,low,13.6,17.07,976.8,73.77,HEALTHY,replay
2025-01-14T22:00:00,AWS-RAN-102,13.4,979.7,91.0,False,,low,12.0,17.05,976.86,74.1,HEALTHY,replay
2025-01-14T23:00:00,AWS-RAN-102,12.8,979.4,91.0,False,,low,6.4,17.02,976.93,74.44,HEALTHY,replay
2025-01-15T00:00:00,AWS-RAN-102,12.2,979.1,94.0,False,,low,7.2,17.0,976.99,74.65,HEALTHY,replay
2025-01-15T01:00:00,AWS-RAN-102,11.9,978.6,96.0,False,,low,5.6,16.98,977.06,74.83,HEALTHY,replay
2025-01-15T02:00:00,AWS-RAN-102,11.6,978.0,96.0,False,,low,2.9,16.95,977.12,75.02,HEALTHY,replay
2025-01-15T03:00:00,AWS-RAN-102,11.1,977.8,96.0,False,,low,2.4,16.92,977.18,75.17,HEALTHY,replay
2025-01-15T04:00:00,AWS-RAN-102,10.9,978.1,96.0,False,,low,2.8,16.89,977.24,75.31,HEALTHY,replay
2025-01-15T05:00:00,AWS-RAN-102,10.8,978.9,95.0,False,,low,6.9,16.85,977.31,75.42,HEALTHY,replay
2025-01-15T06:00:00,AWS-RAN-102,10.7,980.0,97.0,False,,low,16.9,16.81,977.38,75.48,HEALTHY,replay
2025-01-15T07:00:00,AWS-RAN-102,12.0,980.7,93.0,False,,low,21.0,16.77,977.46,75.58,HEALTHY,replay
2025-01-15T08:00:00,AWS-RAN-102,14.4,981.8,82.0,False,,low,43.1,16.72,977.54,75.71,HEALTHY,replay
2025-01-15T09:00:00,AWS-RAN-102,17.1,982.3,70.0,False,,low,32.1,16.66,977.62,75.81,HEALTHY,replay
2025-01-15T10:00:00,AWS-RAN-102,19.5,981.9,57.0,False,,low,34.2,16.6,977.7,75.94,HEALTHY,replay
2025-01-15T11:00:00,AWS-RAN-102,21.4,980.7,49.0,False,,low,26.4,16.54,977.78,75.94,HEALTHY,replay
2025-01-15T12:00:00,AWS-RAN-102,22.6,979.0,45.0,False,,low,35.0,16.5,977.85,75.92,HEALTHY,replay
2025-01-15T13:00:00,AWS-RAN-102,23.3,977.7,42.0,False,,low,12.1,16.46,977.92,75.94,HEALTHY,replay
2025-01-15T14:00:00,AWS-RAN-102,23.6,977.0,41.0,False,,low,9.8,16.43,977.99,75.9,HEALTHY,replay
2025-01-15T15:00:00,AWS-RAN-102,23.4,976.7,41.0,False,,low,4.3,16.41,978.05,75.83,HEALTHY,replay
2025-01-15T16:00:00,AWS-RAN-102,22.3,976.6,45.0,False,,low,2.9,16.4,978.11,75.71,HEALTHY,replay
2025-01-15T17:00:00,AWS-RAN-102,19.1,976.5,56.0,False,,low,24.5,16.39,978.17,75.58,HEALTHY,replay
2025-01-15T18:00:00,AWS-RAN-102,17.5,977.8,64.0,False,,low,24.9,16.37,978.22,75.48,HEALTHY,replay
2025-01-15T19:00:00,AWS-RAN-102,15.4,978.2,71.0,False,,low,15.7,16.35,978.29,75.38,HEALTHY,replay
2025-01-15T20:00:00,AWS-RAN-102,14.3,978.8,76.0,False,,low,23.5,16.32,978.34,75.25,HEALTHY,replay
2025-01-15T21:00:00,AWS-RAN-102,13.2,978.8,82.0,False,,low,8.2,16.3,978.39,75.08,HEALTHY,replay
2025-01-15T22:00:00,AWS-RAN-102,12.2,978.7,86.0,False,,low,5.9,16.26,978.44,74.98,HEALTHY,replay
2025-01-15T23:00:00,AWS-RAN-102,11.3,978.3,89.0,False,,low,5.6,16.22,978.48,74.92,HEALTHY,replay
2025-01-16T00:00:00,AWS-RAN-102,10.5,977.9,93.0,False,,low,8.9,16.16,978.51,74.85,HEALTHY,replay
2025-01-16T01:00:00,AWS-RAN-102,10.7,977.5,93.0,False,,low,5.4,16.1,978.54,74.85,HEALTHY,replay
2025-01-16T02:00:00,AWS-RAN-102,10.5,977.0,94.0,False,,low,5.8,16.04,978.56,74.81,HEALTHY,replay
2025-01-16T03:00:00,AWS-RAN-102,10.5,976.6,95.0,False,,low,10.8,15.99,978.58,74.77,HEALTHY,replay
2025-01-16T04:00:00,AWS-RAN-102,10.2,976.7,96.0,False,,low,6.9,15.94,978.59,74.75,HEALTHY,replay
2025-01-16T05:00:00,AWS-RAN-102,10.0,977.1,96.0,False,,low,4.0,15.89,978.59,74.73,HEALTHY,replay
2025-01-16T06:00:00,AWS-RAN-102,10.4,978.5,97.0,False,,low,17.4,15.85,978.59,74.69,HEALTHY,replay
2025-01-16T07:00:00,AWS-RAN-102,11.3,979.3,93.0,False,,low,18.9,15.82,978.6,74.67,HEALTHY,replay
2025-01-16T08:00:00,AWS-RAN-102,14.2,980.3,78.0,False,,low,39.9,15.79,978.59,74.58,HEALTHY,replay
2025-01-16T09:00:00,AWS-RAN-102,16.7,981.0,65.0,False,,low,24.3,15.8,978.59,74.29,HEALTHY,replay
2025-01-16T10:00:00,AWS-RAN-102,18.7,980.6,54.0,False,,low,24.6,15.81,978.58,73.96,HEALTHY,replay
2025-01-16T11:00:00,AWS-RAN-102,20.3,979.6,46.0,False,,low,14.7,15.81,978.57,73.62,HEALTHY,replay
2025-01-16T12:00:00,AWS-RAN-102,21.5,978.3,41.0,False,,low,16.4,15.8,978.56,73.31,HEALTHY,replay
2025-01-16T13:00:00,AWS-RAN-102,22.5,977.3,36.0,False,,low,18.9,15.78,978.55,73.06,HEALTHY,replay
2025-01-16T14:00:00,AWS-RAN-102,22.9,976.6,34.0,False,,low,9.0,15.77,978.54,72.79,HEALTHY,replay
2025-01-16T15:00:00,AWS-RAN-102,22.8,976.4,34.0,False,,low,7.7,15.75,978.54,72.62,HEALTHY,replay
2025-01-16T16:00:00,AWS-RAN-102,21.5,976.4,55.0,False,,low,5.3,15.74,978.54,72.52,HEALTHY,replay
2025-01-16T17:00:00,AWS-RAN-102,18.9,976.5,49.0,False,,low,15.7,15.73,978.53,72.81,HEALTHY,replay
2025-01-16T18:00:00,AWS-RAN-102,16.5,977.2,60.0,False,,low,40.2,15.72,978.52,72.77,HEALTHY,replay
2025-01-16T19:00:00,AWS-RAN-102,16.3,978.4,61.0,False,,low,27.9,15.71,978.52,72.67,HEALTHY,replay
2025-01-16T20:00:00,AWS-RAN-102,15.1,978.8,69.0,False,,low,7.7,15.71,978.52,72.46,HEALTHY,replay
2025-01-16T21:00:00,AWS-RAN-102,14.1,978.8,74.0,False,,low,2.0,15.72,978.51,72.21,HEALTHY,replay
2025-01-16T22:00:00,AWS-RAN-102,13.1,978.7,79.0,False,,low,2.8,15.71,978.5,71.96,HEALTHY,replay
2025-01-16T23:00:00,AWS-RAN-102,12.1,978.6,84.0,False,,low,4.6,15.7,978.48,71.71,HEALTHY,replay
2025-01-17T00:00:00,AWS-RAN-102,11.7,978.3,86.0,False,,low,2.5,15.69,978.46,71.56,HEALTHY,replay
2025-01-17T01:00:00,AWS-RAN-102,11.5,978.1,87.0,False,,low,1.6,15.68,978.44,71.4,HEALTHY,replay
2025-01-17T02:00:00,AWS-RAN-102,11.1,977.8,87.0,False,,low,1.2,15.67,978.43,71.21,HEALTHY,replay
2025-01-17T03:00:00,AWS-RAN-102,10.5,977.2,89.0,False,,low,1.8,15.66,978.43,71.02,HEALTHY,replay
2025-01-17T04:00:00,AWS-RAN-102,9.8,976.9,92.0,False,,low,2.1,15.65,978.42,70.88,HEALTHY,replay
2025-01-17T05:00:00,AWS-RAN-102,10.3,977.3,88.0,False,,low,3.1,15.62,978.39,70.79,HEALTHY,replay
2025-01-17T06:00:00,AWS-RAN-102,10.6,978.1,89.0,False,,low,3.7,15.61,978.36,70.65,HEALTHY,replay
2025-01-17T07:00:00,AWS-RAN-102,11.9,978.6,82.0,False,,low,17.7,15.61,978.32,70.48,HEALTHY,replay
2025-01-17T08:00:00,AWS-RAN-102,14.2,979.1,73.0,False,,low,16.2,15.61,978.27,70.25,HEALTHY,replay
2025-01-17T09:00:00,AWS-RAN-102,16.4,979.5,62.0,False,,low,16.7,15.61,978.22,70.06,HEALTHY,replay
2025-01-17T10:00:00,AWS-RAN-102,18.7,979.4,51.0,False,,low,22.4,15.59,978.16,69.9,HEALTHY,replay
2025-01-17T11:00:00,AWS-RAN-102,20.1,978.5,46.0,False,,low,11.5,15.58,978.11,69.77,HEALTHY,replay
2025-01-17T12:00:00,AWS-RAN-102,20.9,977.6,42.0,False,,low,12.2,15.55,978.06,69.71,HEALTHY,replay
2025-01-17T13:00:00,AWS-RAN-102,22.1,976.5,35.0,False,,low,24.3,15.51,978.03,69.65,HEALTHY,replay
2025-01-17T14:00:00,AWS-RAN-102,22.7,975.4,33.0,False,,low,29.1,15.49,978.01,69.5,HEALTHY,replay
2025-01-17T15:00:00,AWS-RAN-102,22.6,975.4,34.0,False,,low,18.7,15.47,977.97,69.33,HEALTHY,replay
2026-09-12T06:15:00+00:00,AWS-RAN-102,28.3,971.6,80.0,False,,low,0.0,,,,HEALTHY,live
2026-09-12T06:30:00+00:00,AWS-RAN-102,28.8,970.6,77.0,False,,low,0.0,28.3,971.6,80.0,HEALTHY,live
2026-09-13T07:15:00+00:00,AWS-RAN-102,30.7,972.5,61.0,False,,low,0.0,,,,HEALTHY,live
2026-09-13T07:30:00+00:00,AWS-RAN-102,30.7,972.2,61.0,False,,low,0.0,30.7,972.5,61.0,HEALTHY,live
2026-09-13T08:00:00+00:00,AWS-RAN-102,30.4,971.6,62.0,False,,low,0.0,30.7,972.2,61.0,HEALTHY,live
2026-09-13T08:15:00+00:00,AWS-RAN-102,30.2,971.4,63.0,False,,low,0.0,30.4,971.6,62.0,HEALTHY,live
2026-09-13T08:30:00+00:00,AWS-RAN-102,29.8,971.3,65.0,False,,low,0.0,,,,HEALTHY,live
2026-09-13T08:45:00+00:00,AWS-RAN-102,29.4,971.2,67.0,False,,low,0.0,29.8,971.3,65.0,HEALTHY,live
2026-09-13T09:00:00+00:00,AWS-RAN-102,29.1,971.1,69.0,False,,low,0.0,29.4,971.2,67.0,HEALTHY,live
2026-09-13T09:15:00+00:00,AWS-RAN-102,28.9,970.9,71.0,False,,low,0.0,29.1,971.1,69.0,HEALTHY,live
2026-09-13T16:15:00+00:00,AWS-RAN-102,25.0,974.3,90.0,False,,low,0.0,28.9,970.9,71.0,HEALTHY,live
2026-09-17T16:15:00+00:00,AWS-RAN-102,25.0,970.0,98.0,False,,low,0.0,,,,HEALTHY,live
2026-09-17T17:00:00+00:00,AWS-RAN-102,24.8,970.3,98.0,False,,low,0.0,25.0,970.0,98.0,HEALTHY,live
2026-09-17T17:15:00+00:00,AWS-RAN-102,24.8,970.3,98.0,False,,low,0.0,,,,HEALTHY,live
2025-01-17T16:00:00,AWS-RAN-102,21.4,975.4,44.0,False,,low,2.2,15.45,977.95,69.19,HEALTHY,replay
2025-01-17T17:00:00,AWS-RAN-102,18.2,975.4,52.0,False,,low,2.6,15.43,977.92,69.17,HEALTHY,replay
2025-01-17T18:00:00,AWS-RAN-102,16.8,975.8,60.0,False,,low,2.0,15.41,977.9,69.08,HEALTHY,replay
2025-01-17T19:00:00,AWS-RAN-102,15.4,976.5,68.0,False,,low,1.4,15.4,977.86,69.0,HEALTHY,replay
2025-01-17T20:00:00,AWS-RAN-102,14.2,977.0,76.0,False,,low,1.2,15.4,977.82,68.94,HEALTHY,replay
2025-01-17T21:00:00,AWS-RAN-102,13.6,977.2,80.0,False,,low,0.2,15.4,977.79,68.94,HEALTHY,replay
2025-01-17T22:00:00,AWS-RAN-102,13.0,977.3,85.0,False,,low,0.3,15.41,977.75,68.9,HEALTHY,replay
2025-01-17T23:00:00,AWS-RAN-102,12.3,977.0,89.0,False,,low,0.4,15.42,977.72,68.88,HEALTHY,replay
2025-01-18T00:00:00,AWS-RAN-102,12.0,976.7,90.0,False,,low,0.3,15.44,977.7,68.88,HEALTHY,replay
2025-01-18T01:00:00,AWS-RAN-102,11.7,976.4,91.0,False,,low,0.3,15.47,977.67,68.81,HEALTHY,replay
2025-01-18T02:00:00,AWS-RAN-102,11.6,976.0,91.0,False,,low,0.4,15.5,977.65,68.77,HEALTHY,replay
2025-01-18T03:00:00,AWS-RAN-102,11.3,975.8,92.0,False,,low,0.3,15.52,977.63,68.71,HEALTHY,replay
2025-01-18T04:00:00,AWS-RAN-102,11.0,975.6,92.0,False,,low,0.3,15.54,977.61,68.65,HEALTHY,replay
2025-01-18T05:00:00,AWS-RAN-102,10.7,975.9,93.0,False,,low,0.2,15.55,977.59,68.56,HEALTHY,replay
2025-01-18T06:00:00,AWS-RAN-102,11.6,977.1,89.0,False,,low,0.9,15.57,977.56,68.5,HEALTHY,replay
2025-01-18T07:00:00,AWS-RAN-102,12.6,978.0,84.0,False,,low,0.5,15.59,977.53,68.33,HEALTHY,replay
2025-01-18T08:00:00,AWS-RAN-102,15.5,979.0,72.0,False,,low,1.6,15.62,977.51,68.15,HEALTHY,replay
2025-01-18T09:00:00,AWS-RAN-102,18.2,979.6,61.0,False,,low,1.5,15.65,977.48,68.02,HEALTHY,replay
2025-01-18T10:00:00,AWS-RAN-102,20.6,979.5,53.0,False,,low,0.9,15.68,977.45,67.94,HEALTHY,replay
2025-01-18T11:00:00,AWS-RAN-102,22.6,978.6,48.0,False,,low,1.5,15.72,977.43,67.92,HEALTHY,replay
2025-01-18T12:00:00,AWS-RAN-102,24.1,977.2,43.0,False,,low,3.6,15.76,977.41,67.96,HEALTHY,replay
2025-01-18T13:00:00,AWS-RAN-102,25.0,976.1,40.0,False,,low,1.7,15.82,977.38,68.0,HEALTHY,replay
2025-01-18T14:00:00,AWS-RAN-102,25.4,975.1,38.0,False,,low,1.1,15.87,977.36,68.08,HEALTHY,replay
2025-01-18T15:00:00,AWS-RAN-102,25.1,974.6,38.0,False,,low,0.5,15.92,977.33,68.17,HEALTHY,replay
2025-01-18T16:00:00,AWS-RAN-102,23.7,974.7,44.0,False,,low,0.5,15.97,977.29,68.25,HEALTHY,replay
2025-01-18T17:00:00,AWS-RAN-102,20.4,974.5,56.0,False,,low,1.6,16.02,977.25,68.02,HEALTHY,replay
2025-01-18T18:00:00,AWS-RAN-102,18.4,975.2,62.0,False,,low,1.5,16.05,977.21,68.17,HEALTHY,replay
2025-01-18T19:00:00,AWS-RAN-102,16.5,975.9,72.0,False,,low,1.7,16.09,977.17,68.21,HEALTHY,replay
2025-01-18T20:00:00,AWS-RAN-102,14.7,976.1,81.0,False,,low,1.4,16.09,977.12,68.44,HEALTHY,replay
2025-01-18T21:00:00,AWS-RAN-102,13.8,976.2,86.0,False,,low,0.9,16.08,977.06,68.69,HEALTHY,replay
2025-01-18T22:00:00,AWS-RAN-102,13.2,976.4,87.0,False,,low,0.4,16.08,977.01,68.94,HEALTHY,replay
2025-01-18T23:00:00,AWS-RAN-102,12.6,976.0,88.0,False,,low,0.3,16.08,976.96,69.1,HEALTHY,replay
2025-01-19T00:00:00,AWS-RAN-102,11.9,975.4,91.0,False,,low,0.3,16.09,976.91,69.19,HEALTHY,replay
2025-01-19T01:00:00,AWS-RAN-102,11.3,974.9,93.0,False,,low,0.4,16.09,976.85,69.29,HEALTHY,replay
2025-01-19T02:00:00,AWS-RAN-102,10.8,974.5,93.0,False,,low,0.7,16.09,976.78,69.42,HEALTHY,replay
2025-01-19T03:00:00,AWS-RAN-102,10.6,974.4,92.0,False,,low,0.5,16.08,976.71,69.54,HEALTHY,replay
2025-01-19T04:00:00,AWS-RAN-102,10.4,974.6,91.0,False,,low,0.4,16.09,976.65,69.6,HEALTHY,replay
2025-01-19T05:00:00,AWS-RAN-102,10.1,975.2,90.0,False,,low,0.4,16.1,976.6,69.58,HEALTHY,replay
2025-01-19T06:00:00,AWS-RAN-102,9.9,976.5,91.0,False,,low,1.5,16.09,976.56,69.62,HEALTHY,replay
2025-01-19T07:00:00,AWS-RAN-102,11.1,977.4,86.0,False,,low,1.1,16.08,976.53,69.67,HEALTHY,replay
2025-01-19T08:00:00,AWS-RAN-102,14.1,978.5,76.0,False,,low,2.4,16.06,976.5,69.75,HEALTHY,replay
2025-01-19T09:00:00,AWS-RAN-102,17.2,978.9,67.0,False,,low,2.0,16.06,976.49,69.81,HEALTHY,replay
2025-01-19T10:00:00,AWS-RAN-102,19.7,978.6,56.0,False,,low,1.2,16.08,976.48,69.92,HEALTHY,replay
2025-01-19T11:00:00,AWS-RAN-102,21.7,977.5,44.0,False,,low,2.9,16.1,976.46,70.02,HEALTHY,replay
2025-01-19T12:00:00,AWS-RAN-102,23.0,976.0,41.0,False,,low,2.1,16.13,976.44,69.98,HEALTHY,replay
2025-01-19T13:00:00,AWS-RAN-102,24.1,974.9,38.0,False,,low,1.6,16.18,976.41,69.96,HEALTHY,replay
2025-01-19T14:00:00,AWS-RAN-102,24.6,974.1,35.0,False,,low,0.5,16.22,976.37,70.02,HEALTHY,replay
2026-09-17T17:30:00+00:00,AWS-RAN-102,24.7,970.4,99.0,False,,low,0.0,,,,HEALTHY,live
2026-09-17T17:45:00+00:00,AWS-RAN-102,24.6,970.4,99.0,False,,low,0.0,24.7,970.4,99.0,HEALTHY,live
2026-09-17T22:15:00+00:00,AWS-RAN-102,23.8,969.4,97.0,False,,low,0.0,,,,HEALTHY,live
2026-09-17T22:30:00+00:00,AWS-RAN-102,23.8,969.5,97.0,False,,low,0.0,,,,HEALTHY,live
2026-09-17T23:00:00+00:00,AWS-RAN-102,23.6,969.6,97.0,False,,low,0.0,23.8,969.5,97.0,HEALTHY,live
2025-01-19T15:00:00,AWS-RAN-102,24.5,973.6,33.0,False,drift,low,37.4,18.69,977.26,59.19,WARNING,replay
2025-01-19T16:00:00,AWS-RAN-102,23.1,973.5,38.0,False,,low,0.4,18.71,977.18,58.85,WARNING,replay
2025-01-19T17:00:00,AWS-RAN-102,19.7,973.3,46.0,False,,low,1.0,18.8,977.11,58.58,WARNING,replay
2025-01-19T18:00:00,AWS-RAN-102,18.7,973.6,49.0,False,,low,0.3,18.85,977.03,58.19,WARNING,replay
2025-01-19T19:00:00,AWS-RAN-102,17.2,974.1,51.0,False,drift,low,34.6,18.9,976.93,57.73,WARNING,replay
2025-01-19T20:00:00,AWS-RAN-102,15.8,974.3,54.0,False,drift,low,34.5,18.95,976.83,57.1,WARNING,replay
2025-01-19T21:00:00,AWS-RAN-102,14.8,974.5,54.0,False,drift,low,34.4,18.98,976.71,56.44,WARNING,replay
2025-01-19T22:00:00,AWS-RAN-102,14.0,974.3,57.0,False,drift,low,34.3,19.01,976.61,55.67,WARNING,replay
2025-01-19T23:00:00,AWS-RAN-102,13.3,974.0,63.0,False,drift,low,34.4,19.04,976.5,54.96,WARNING,replay
2025-01-20T00:00:00,AWS-RAN-102,12.7,973.5,68.0,False,drift,low,34.5,19.06,976.39,54.31,OFFLINE,replay
2025-01-20T01:00:00,AWS-RAN-102,12.2,973.2,71.0,False,drift,low,35.3,19.06,976.39,54.31,OFFLINE,replay
2025-01-20T02:00:00,AWS-RAN-102,11.9,973.0,71.0,False,drift,low,36.5,19.06,976.39,54.31,OFFLINE,replay
2025-01-20T03:00:00,AWS-RAN-102,11.5,972.7,73.0,False,,low,7.0,19.06,976.39,54.31,OFFLINE,replay
2025-01-20T04:00:00,AWS-RAN-102,11.1,972.5,76.0,False,,low,15.5,19.06,976.39,54.31,OFFLINE,replay
2025-01-20T05:00:00,AWS-RAN-102,11.0,972.8,76.0,False,,low,10.0,19.06,976.39,54.31,WARNING,replay
2025-01-20T06:00:00,AWS-RAN-102,10.6,973.8,81.0,False,drift,low,40.9,19.04,976.23,53.96,OFFLINE,replay
2025-01-20T07:00:00,AWS-RAN-102,12.0,974.8,74.0,False,,low,6.7,19.04,976.23,53.96,OFFLINE,replay
2025-01-20T08:00:00,AWS-RAN-102,14.9,975.8,64.0,False,,low,13.3,19.04,976.23,53.96,OFFLINE,replay
2025-01-20T09:00:00,AWS-RAN-102,18.1,976.2,56.0,False,,low,24.0,19.04,976.23,53.96,WARNING,replay
2025-01-20T10:00:00,AWS-RAN-102,21.3,975.9,49.0,False,,low,2.7,18.97,976.14,54.1,WARNING,replay
2025-01-20T11:00:00,AWS-RAN-102,23.7,975.2,44.0,False,,low,6.1,18.94,976.07,54.19,WARNING,replay
2025-01-20T12:00:00,AWS-RAN-102,25.2,974.1,39.0,False,drift,low,36.8,18.95,976.02,54.23,WARNING,replay
2025-01-20T13:00:00,AWS-RAN-102,25.9,973.2,37.0,False,drift,low,35.3,18.98,975.96,54.19,WARNING,replay
2025-01-20T14:00:00,AWS-RAN-102,26.0,972.4,36.0,False,drift,low,34.9,19.04,975.89,54.1,OFFLINE,replay
2025-01-20T15:00:00,AWS-RAN-102,25.4,971.9,38.0,False,,low,1.3,19.04,975.89,54.1,OFFLINE,replay
2025-01-20T16:00:00,AWS-RAN-102,24.1,971.8,44.0,False,,low,3.8,19.04,975.89,54.1,OFFLINE,replay
2025-01-20T17:00:00,AWS-RAN-102,21.0,971.8,54.0,False,,low,7.2,19.04,975.89,54.1,WARNING,replay
2025-01-20T18:00:00,AWS-RAN-102,20.1,972.2,59.0,False,,low,0.8,19.01,975.79,54.29,WARNING,replay
2025-01-20T19:00:00,AWS-RAN-102,19.1,972.8,65.0,False,,low,1.1,19.03,975.7,54.35,WARNING,replay
2025-01-20T20:00:00,AWS-RAN-102,18.0,973.0,71.0,False,drift,low,34.4,19.06,975.59,54.38,OFFLINE,replay
2025-01-20T21:00:00,AWS-RAN-102,17.3,973.1,73.0,False,drift,low,35.5,19.06,975.59,54.38,OFFLINE,replay
2025-01-20T22:00:00,AWS-RAN-102,16.6,973.1,75.0,False,drift,low,36.9,19.06,975.59,54.38,OFFLINE,replay
2025-01-20T23:00:00,AWS-RAN-102,16.0,972.9,77.0,False,drift,low,39.7,19.06,975.59,54.38,OFFLINE,replay
2025-01-21T00:00:00,AWS-RAN-102,15.3,972.5,79.0,False,drift,low,47.4,19.06,975.59,54.38,OFFLINE,replay
2025-01-21T01:00:00,AWS-RAN-102,14.8,972.0,79.0,True,drift,low,54.8,19.06,975.59,54.38,OFFLINE,replay
2025-01-21T02:00:00,AWS-RAN-102,14.3,971.4,81.0,True,drift,medium,68.4,19.06,975.59,54.38,OFFLINE,replay
2025-01-21T03:00:00,AWS-RAN-102,13.9,971.3,83.0,True,drift,high,74.3,19.06,975.59,54.38,OFFLINE,replay
2025-01-21T04:00:00,AWS-RAN-102,13.6,971.4,85.0,False,,low,46.4,19.06,975.59,54.38,OFFLINE,replay
2025-01-21T05:00:00,AWS-RAN-102,13.4,971.7,87.0,False,,low,41.5,19.06,975.59,54.38,OFFLINE,replay
2025-01-21T06:00:00,AWS-RAN-102,12.6,972.4,91.0,False,,low,47.1,19.06,975.59,54.38,HEALTHY,replay
2025-01-21T07:00:00,AWS-RAN-102,14.0,973.3,86.0,False,,low,4.0,19.0,975.47,54.79,OFFLINE,replay
2025-01-21T08:00:00,AWS-RAN-102,17.0,974.4,75.0,False,,low,23.6,19.0,975.47,54.79,OFFLINE,replay
2025-01-21T09:00:00,AWS-RAN-102,20.0,975.2,65.0,False,,low,20.4,19.0,975.47,54.79,OFFLINE,replay
2025-01-21T10:00:00,AWS-RAN-102,22.4,975.1,56.0,False,,low,27.9,19.0,975.47,54.79,HEALTHY,replay
2025-01-21T11:00:00,AWS-RAN-102,24.2,974.4,49.0,False,,low,0.9,19.05,975.38,55.0,WARNING,replay
2025-01-21T12:00:00,AWS-RAN-102,25.7,973.4,42.0,False,,low,10.8,19.08,975.34,55.31,WARNING,replay
2025-01-21T13:00:00,AWS-RAN-102,26.6,972.3,37.0,False,drift,low,35.9,19.16,975.27,55.04,WARNING,replay
2025-01-21T14:00:00,AWS-RAN-102,26.9,971.5,35.0,False,drift,low,34.9,19.32,975.19,54.79,WARNING,replay
2025-01-21T15:00:00,AWS-RAN-102,26.6,971.4,34.0,False,drift,low,34.8,19.54,975.07,54.27,WARNING,replay
2025-01-21T16:00:00,AWS-RAN-102,25.1,971.4,39.0,False,,low,0.9,19.76,974.92,53.71,WARNING,replay
2025-01-21T17:00:00,AWS-RAN-102,21.8,971.3,47.0,False,,low,1.8,19.96,974.77,53.08,WARNING,replay
2025-01-21T18:00:00,AWS-RAN-102,20.4,972.1,54.0,False,,low,1.1,20.12,974.61,52.52,WARNING,replay
2025-01-21T19:00:00,AWS-RAN-102,19.1,972.6,58.0,False,drift,low,34.4,20.28,974.47,52.0,OFFLINE,replay
2025-01-21T20:00:00,AWS-RAN-102,17.7,973.0,62.0,False,drift,low,36.5,20.28,974.47,52.0,OFFLINE,replay
2025-01-21T21:00:00,AWS-RAN-102,16.9,973.0,64.0,False,drift,low,38.9,20.28,974.47,52.0,OFFLINE,replay
2025-01-21T22:00:00,AWS-RAN-102,16.4,973.0,65.0,False,drift,low,42.4,20.28,974.47,52.0,OFFLINE,replay
2025-01-21T23:00:00,AWS-RAN-102,15.9,972.9,67.0,False,drift,low,45.0,20.28,974.47,52.0,OFFLINE,replay
2025-01-22T00:00:00,AWS-RAN-102,15.4,972.7,69.0,False,drift,low,46.1,20.28,974.47,52.0,OFFLINE,replay
2025-01-22T01:00:00,AWS-RAN-102,14.5,972.4,72.0,True,drift,medium,56.1,20.28,974.47,52.0,OFFLINE,replay
2025-01-22T02:00:00,AWS-RAN-102,13.4,972.0,77.0,True,drift,medium,65.0,20.28,974.47,52.0,OFFLINE,replay
2025-01-22T03:00:00,AWS-RAN-102,12.4,971.7,81.0,False,,low,37.1,20.28,974.47,52.0,OFFLINE,replay
2025-01-22T04:00:00,AWS-RAN-102,11.9,971.8,84.0,False,,low,40.3,20.28,974.47,52.0,OFFLINE,replay
2025-01-22T05:00:00,AWS-RAN-102,11.7,972.5,83.0,False,,low,36.0,20.28,974.47,52.0,HEALTHY,replay
2025-01-22T06:00:00,AWS-RAN-102,11.2,973.4,87.0,False,,low,8.1,20.13,974.33,52.67,OFFLINE,replay
2025-01-22T07:00:00,AWS-RAN-102,12.8,974.1,80.0,False,,low,21.8,20.13,974.33,52.67,OFFLINE,replay
2025-01-22T08:00:00,AWS-RAN-102,16.2,975.5,67.0,False,,low,24.1,20.13,974.33,52.67,OFFLINE,replay
2025-01-22T09:00:00,AWS-RAN-102,19.7,976.3,54.0,False,,low,23.8,20.13,974.33,52.67,HEALTHY,replay
2025-01-22T10:00:00,AWS-RAN-102,22.6,976.0,45.0,False,,low,1.8,20.07,974.35,53.1,WARNING,replay
2025-01-22T11:00:00,AWS-RAN-102,24.8,975.3,37.0,False,,low,5.9,20.07,974.36,53.33,WARNING,replay
2025-01-22T12:00:00,AWS-RAN-102,26.4,974.0,32.0,False,drift,low,37.8,20.14,974.36,53.19,WARNING,replay
2025-01-22T13:00:00,AWS-RAN-102,27.5,973.0,31.0,False,drift,low,35.3,20.31,974.33,52.77,WARNING,replay
2025-01-22T14:00:00,AWS-RAN-102,27.9,972.2,30.0,False,drift,low,34.5,20.53,974.27,52.17,WARNING,replay
2025-01-22T15:00:00,AWS-RAN-102,27.6,971.8,30.0,False,,low,0.4,20.79,974.18,51.38,WARNING,replay
2025-01-22T16:00:00,AWS-RAN-102,25.8,971.7,38.0,False,,low,0.8,21.07,974.07,50.42,WARNING,replay
2025-01-22T17:00:00,AWS-RAN-102,21.9,971.5,48.0,False,,low,5.5,21.18,973.91,50.1,WARNING,replay
2025-01-22T18:00:00,AWS-RAN-102,20.8,972.2,52.0,False,,low,0.8,21.11,973.84,50.31,WARNING,replay
2025-01-22T19:00:00,AWS-RAN-102,18.7,972.7,59.0,False,drift,low,34.7,21.02,973.79,50.6,OFFLINE,replay
2025-01-22T20:00:00,AWS-RAN-102,16.3,973.4,71.0,True,drift,medium,67.3,21.02,973.79,50.6,OFFLINE,replay
2025-01-22T21:00:00,AWS-RAN-102,15.6,974.0,74.0,True,drift,high,79.3,21.02,973.79,50.6,OFFLINE,replay
2025-01-22T22:00:00,AWS-RAN-102,14.9,973.9,75.0,True,drift,high,77.8,21.02,973.79,50.6,OFFLINE,replay
2025-01-22T23:00:00,AWS-RAN-102,14.3,973.8,79.0,True,drift,high,81.5,21.02,973.79,50.6,OFFLINE,replay
2025-01-23T00:00:00,AWS-RAN-102,13.6,973.5,83.0,True,drift,high,82.8,21.02,973.79,50.6,OFFLINE,replay
2025-01-23T01:00:00,AWS-RAN-102,13.0,973.1,87.0,False,,low,41.5,21.02,973.79,50.6,OFFLINE,replay
2025-01-23T02:00:00,AWS-RAN-102,12.8,972.4,88.0,False,,low,36.0,21.02,973.79,50.6,OFFLINE,replay
2025-01-23T03:00:00,AWS-RAN-102,12.7,972.2,88.0,False,,low,35.9,21.02,973.79,50.6,HEALTHY,replay
2025-01-23T04:00:00,AWS-RAN-102,12.7,972.3,88.0,False,,low,6.3,20.79,973.73,51.52,OFFLINE,replay
2025-01-23T05:00:00,AWS-RAN-102,12.5,972.9,89.0,False,,low,4.8,20.79,973.73,51.52,OFFLINE,replay
2025-01-23T06:00:00,AWS-RAN-102,12.3,973.9,92.0,False,,low,27.0,20.79,973.73,51.52,OFFLINE,replay
2025-01-23T07:00:00,AWS-RAN-102,13.8,974.8,86.0,False,,low,22.7,20.79,973.73,51.52,HEALTHY,replay
2025-01-23T08:00:00,AWS-RAN-102,17.1,976.1,73.0,False,,low,20.7,20.65,973.74,52.15,WARNING,replay
2025-01-23T09:00:00,AWS-RAN-102,20.5,976.8,59.0,False,,low,8.3,20.62,973.76,52.38,WARNING,replay
2025-01-23T10:00:00,AWS-RAN-102,23.3,976.5,49.0,False,drift,low,37.4,20.71,973.78,52.1,WARNING,replay
2025-01-23T11:00:00,AWS-RAN-102,25.3,975.7,42.0,False,drift,low,36.4,20.89,973.79,51.44,WARNING,replay
2025-01-23T12:00:00,AWS-RAN-102,26.6,974.4,39.0,False,drift,low,36.0,21.13,973.78,50.52,WARNING,replay
2025-01-23T13:00:00,AWS-RAN-102,27.6,973.3,36.0,False,drift,low,35.1,21.32,973.68,49.94,OFFLINE,replay
2025-01-23T14:00:00,AWS-RAN-102,28.0,972.5,35.0,False,drift,low,38.4,21.32,973.68,49.94,OFFLINE,replay
2025-01-23T15:00:00,AWS-RAN-102,27.8,971.9,33.0,False,,low,5.7,21.32,973.68,49.94,OFFLINE,replay
2025-01-23T16:00:00,AWS-RAN-102,26.5,971.6,38.0,False,,low,3.8,21.32,973.68,49.94,OFFLINE,replay
2025-01-23T17:00:00,AWS-RAN-102,23.4,971.6,48.0,False,,low,5.2,21.32,973.68,49.94,OFFLINE,replay
2025-01-23T18:00:00,AWS-RAN-102,20.4,972.2,59.0,False,,low,9.8,21.32,973.68,49.94,OFFLINE,replay
2025-01-23T19:00:00,AWS-RAN-102,19.1,973.1,64.0,False,,low,8.4,21.32,973.68,49.94,OFFLINE,replay
2025-01-23T20:00:00,AWS-RAN-102,18.1,973.5,68.0,False,,low,13.0,21.32,973.68,49.94,OFFLINE,replay
2025-01-23T21:00:00,AWS-RAN-102,16.8,973.9,73.0,False,,low,15.5,21.32,973.68,49.94,WARNING,replay
2025-01-23T22:00:00,AWS-RAN-102,15.6,974.0,80.0,False,,low,5.4,21.17,973.66,50.67,WARNING,replay
2025-01-23T23:00:00,AWS-RAN-102,15.1,973.7,83.0,False,,low,5.3,20.98,973.66,51.6,WARNING,replay
2025-01-24T00:00:00,AWS-RAN-102,14.7,973.3,85.0,False,drift,low,34.5,20.79,973.66,52.65,WARNING,replay
2025-01-24T01:00:00,AWS-RAN-102,14.0,972.6,89.0,False,drift,low,34.8,20.61,973.66,53.62,WARNING,replay
2025-01-24T02:00:00,AWS-RAN-102,13.7,972.0,91.0,False,drift,low,35.0,20.49,973.64,54.52,WARNING,replay
2025-01-24T03:00:00,AWS-RAN-102,13.7,971.9,91.0,False,,low,0.9,20.39,973.61,55.4,WARNING,replay
2025-01-24T04:00:00,AWS-RAN-102,13.8,972.0,89.0,False,,low,0.9,20.32,973.56,56.23,WARNING,replay
2025-01-24T05:00:00,AWS-RAN-102,13.5,972.3,90.0,False,,low,0.7,20.28,973.51,56.96,WARNING,replay
2025-01-24T06:00:00,AWS-RAN-102,13.0,972.9,93.0,False,,low,1.3,20.25,973.47,57.71,WARNING,replay
2025-01-24T07:00:00,AWS-RAN-102,14.4,973.9,87.0,False,,low,3.2,20.23,973.44,58.46,WARNING,replay
2025-01-24T08:00:00,AWS-RAN-102,17.6,975.1,74.0,False,,low,4.2,20.25,973.44,58.96,WARNING,replay
2025-01-24T09:00:00,AWS-RAN-102,21.1,975.6,61.0,False,,low,3.4,20.39,973.49,58.92,WARNING,replay
2025-01-24T10:00:00,AWS-RAN-102,23.8,975.4,50.0,False,drift,low,36.2,20.45,973.47,59.02,WARNING,replay
2025-01-24T11:00:00,AWS-RAN-102,25.5,974.6,43.0,False,drift,low,35.5,20.5,973.46,59.04,WARNING,replay
2025-01-24T12:00:00,AWS-RAN-102,26.6,973.4,39.0,False,drift,low,35.5,20.54,973.45,59.02,OFFLINE,replay
2025-01-24T13:00:00,AWS-RAN-102,27.3,972.4,38.0,False,drift,low,38.6,20.54,973.45,59.02,OFFLINE,replay
2025-01-24T14:00:00,AWS-RAN-102,27.7,971.7,37.0,False,drift,low,45.5,20.54,973.45,59.02,OFFLINE,replay
2025-01-24T15:00:00,AWS-RAN-102,27.4,971.3,37.0,False,,low,9.3,20.54,973.45,59.02,OFFLINE,replay
2025-01-24T16:00:00,AWS-RAN-102,26.2,971.2,42.0,False,,low,4.7,20.54,973.45,59.02,OFFLINE,replay
2025-01-24T17:00:00,AWS-RAN-102,22.9,971.3,51.0,False,,low,4.5,20.54,973.45,59.02,OFFLINE,replay
2025-01-24T18:00:00,AWS-RAN-102,21.2,972.6,57.0,False,,low,4.8,20.54,973.45,59.02,OFFLINE,replay
2025-01-24T19:00:00,AWS-RAN-102,18.7,973.1,66.0,False,,low,3.3,20.54,973.45,59.02,OFFLINE,replay
2025-01-24T20:00:00,AWS-RAN-102,17.9,974.2,69.0,False,,low,3.0,20.54,973.45,59.02,OFFLINE,replay
2025-01-24T21:00:00,AWS-RAN-102,17.1,974.3,73.0,False,,low,3.2,20.54,973.45,59.02,WARNING,replay
2025-01-24T22:00:00,AWS-RAN-102,16.1,974.4,79.0,False,,low,2.4,20.37,973.45,59.73,WARNING,replay
2025-01-24T23:00:00,AWS-RAN-102,15.2,973.9,84.0,False,,low,3.4,20.17,973.48,60.6,WARNING,replay
2025-01-25T00:00:00,AWS-RAN-102,14.8,973.8,87.0,False,drift,low,34.4,20.05,973.52,61.23,WARNING,replay
2025-01-25T01:00:00,AWS-RAN-102,14.5,973.4,89.0,False,drift,low,34.3,19.94,973.56,61.81,WARNING,replay
2025-01-25T02:00:00,AWS-RAN-102,14.0,973.0,91.0,False,drift,low,34.3,19.84,973.57,62.31,WARNING,replay
2025-01-25T03:00:00,AWS-RAN-102,13.5,972.9,93.0,False,drift,low,34.5,19.87,973.58,62.31,OFFLINE,replay
2025-01-25T04:00:00,AWS-RAN-102,13.1,972.9,94.0,False,drift,low,34.9,19.87,973.58,62.31,OFFLINE,replay
2025-01-25T05:00:00,AWS-RAN-102,12.9,973.5,94.0,False,drift,low,35.9,19.87,973.58,62.31,OFFLINE,replay
2025-01-25T06:00:00,AWS-RAN-102,12.7,974.6,95.0,False,drift,low,49.6,19.87,973.58,62.31,OFFLINE,replay
2025-01-25T07:00:00,AWS-RAN-102,14.0,975.7,91.0,False,,low,6.2,19.87,973.58,62.31,OFFLINE,replay
2025-01-25T08:00:00,AWS-RAN-102,16.8,976.6,79.0,False,,low,6.0,19.87,973.58,62.31,OFFLINE,replay
2025-01-25T09:00:00,AWS-RAN-102,19.2,977.1,69.0,False,,low,20.8,19.87,973.58,62.31,WARNING,replay
2025-01-25T10:00:00,AWS-RAN-102,21.2,976.8,58.0,False,,low,2.0,19.8,973.62,62.58,OFFLINE,replay
2025-01-25T11:00:00,AWS-RAN-102,23.0,976.1,50.0,False,,low,11.3,19.8,973.62,62.58,OFFLINE,replay
2025-01-25T12:00:00,AWS-RAN-102,24.2,974.8,43.0,False,,low,33.0,19.8,973.62,62.58,OFFLINE,replay
2025-01-25T13:00:00,AWS-RAN-102,24.7,973.8,39.0,False,,low,43.0,19.8,973.62,62.58,HEALTHY,replay
2025-01-25T14:00:00,AWS-RAN-102,24.9,973.1,34.0,False,,low,7.1,19.81,973.61,62.38,WARNING,replay
2025-01-25T15:00:00,AWS-RAN-102,24.4,972.9,31.0,False,drift,low,37.3,19.8,973.6,62.21,WARNING,replay
2025-01-25T16:00:00,AWS-RAN-102,23.1,972.9,31.0,False,,low,0.3,19.75,973.62,62.08,WARNING,replay
2025-01-25T17:00:00,AWS-RAN-102,20.1,973.0,34.0,False,,low,0.7,19.67,973.65,62.0,WARNING,replay
2025-01-25T18:00:00,AWS-RAN-102,18.9,973.5,39.0,False,,low,0.4,19.54,973.68,62.0,WARNING,replay
2025-01-25T19:00:00,AWS-RAN-102,17.7,973.9,42.0,False,,low,0.4,19.41,973.72,62.0,WARNING,replay
2025-01-25T20:00:00,AWS-RAN-102,15.9,974.3,50.0,False,drift,low,35.3,19.32,973.78,61.9,WARNING,replay
2025-01-25T21:00:00,AWS-RAN-102,14.3,974.7,60.0,False,drift,low,36.6,19.23,973.82,61.81,WARNING,replay
2025-01-25T22:00:00,AWS-RAN-102,13.3,974.9,67.0,False,drift,low,35.7,19.28,973.87,61.33,OFFLINE,replay
2025-01-25T23:00:00,AWS-RAN-102,12.6,974.5,70.0,False,drift,low,38.7,19.28,973.87,61.33,OFFLINE,replay
2025-01-26T00:00:00,AWS-RAN-102,11.8,974.1,75.0,True,drift,low,50.6,19.28,973.87,61.33,OFFLINE,replay
2025-01-26T01:00:00,AWS-RAN-102,11.2,973.8,80.0,True,drift,medium,69.9,19.28,973.87,61.33,OFFLINE,replay
2025-01-26T02:00:00,AWS-RAN-102,10.7,973.6,83.0,True,drift,medium,69.2,19.28,973.87,61.33,OFFLINE,replay
2025-01-26T03:00:00,AWS-RAN-102,10.3,973.3,85.0,True,drift,high,73.9,19.28,973.87,61.33,OFFLINE,replay
2025-01-26T04:00:00,AWS-RAN-102,9.9,973.3,86.0,True,drift,medium,69.9,19.28,973.87,61.33,OFFLINE,replay
2025-01-26T05:00:00,AWS-RAN-102,9.3,973.8,86.0,False,,low,32.2,19.28,973.87,61.33,OFFLINE,replay
2025-01-26T06:00:00,AWS-RAN-102,9.7,974.9,88.0,True,drift,medium,69.1,19.28,973.87,61.33,OFFLINE,replay
2025-01-26T07:00:00,AWS-RAN-102,11.1,975.8,80.0,True,drift,medium,66.0,19.28,973.87,61.33,OFFLINE,replay
2025-01-26T08:00:00,AWS-RAN-102,14.8,977.1,63.0,False,drift,low,41.6,19.28,973.87,61.33,OFFLINE,replay
2025-01-26T09:00:00,AWS-RAN-102,18.1,977.8,49.0,False,,low,13.2,19.28,973.87,61.33,OFFLINE,replay
2025-01-26T10:00:00,AWS-RAN-102,20.1,977.5,41.0,False,,low,15.5,19.28,973.87,61.33,OFFLINE,replay
2025-01-26T11:00:00,AWS-RAN-102,21.4,976.7,38.0,False,,low,15.4,19.28,973.87,61.33,WARNING,replay
2025-01-26T12:00:00,AWS-RAN-102,22.3,975.1,36.0,False,,low,1.8,19.32,973.88,61.0,OFFLINE,replay
2025-01-26T13:00:00,AWS-RAN-102,23.0,974.1,35.0,False,,low,2.5,19.32,973.88,61.0,OFFLINE,replay
2025-01-26T14:00:00,AWS-RAN-102,23.4,973.1,34.0,False,,low,3.2,19.32,973.88,61.0,OFFLINE,replay
2025-01-26T15:00:00,AWS-RAN-102,23.4,972.4,32.0,False,,low,4.2,19.32,973.88,61.0,WARNING,replay
2025-01-26T16:00:00,AWS-RAN-102,22.6,972.1,35.0,False,,low,2.1,19.33,973.8,60.73,WARNING,replay
2025-01-26T17:00:00,AWS-RAN-102,19.6,971.6,43.0,False,,low,2.7,19.29,973.74,60.69,WARNING,replay
2025-01-26T18:00:00,AWS-RAN-102,17.8,971.8,51.0,False,,low,0.5,19.15,973.69,60.92,WARNING,replay
2025-01-26T19:00:00,AWS-RAN-102,16.1,972.7,56.0,False,drift,low,34.6,18.94,973.66,61.33,WARNING,replay
2025-01-26T20:00:00,AWS-RAN-102,14.4,972.9,61.0,False,drift,low,34.8,18.7,973.67,61.88,WARNING,replay
2025-01-26T21:00:00,AWS-RAN-102,13.7,973.4,67.0,False,drift,low,35.0,18.42,973.69,62.52,WARNING,replay
2025-01-26T22:00:00,AWS-RAN-102,12.9,973.3,71.0,False,drift,low,34.9,18.17,973.73,63.12,OFFLINE,replay
2025-01-26T23:00:00,AWS-RAN-102,12.2,973.1,74.0,False,drift,low,36.5,18.17,973.73,63.12,OFFLINE,replay
2025-01-27T00:00:00,AWS-RAN-102,11.4,972.4,77.0,False,drift,low,46.9,18.17,973.73,63.12,OFFLINE,replay
2025-01-27T01:00:00,AWS-RAN-102,10.8,972.1,80.0,True,drift,medium,62.2,18.17,973.73,63.12,OFFLINE,replay
2025-01-27T02:00:00,AWS-RAN-102,10.3,971.6,82.0,True,drift,medium,67.4,18.17,973.73,63.12,OFFLINE,replay
2025-01-27T03:00:00,AWS-RAN-102,10.1,971.6,81.0,True,drift,high,74.2,18.17,973.73,63.12,OFFLINE,replay
2025-01-27T04:00:00,AWS-RAN-102,9.9,971.6,79.0,True,drift,medium,67.7,18.17,973.73,63.12,OFFLINE,replay
2025-01-27T05:00:00,AWS-RAN-102,9.5,972.0,80.0,True,drift,high,74.6,18.17,973.73,63.12,OFFLINE,replay
2025-01-27T06:00:00,AWS-RAN-102,9.1,972.6,84.0,True,drift,medium,68.8,18.17,973.73,63.12,OFFLINE,replay
2025-01-27T07:00:00,AWS-RAN-102,10.5,973.5,78.0,False,drift,low,42.3,18.17,973.73,63.12,OFFLINE,replay
2025-01-27T08:00:00,AWS-RAN-102,13.8,974.7,66.0,False,,low,2.5,18.17,973.73,63.12,OFFLINE,replay
2025-01-27T09:00:00,AWS-RAN-102,17.2,975.1,52.0,False,,low,13.8,18.17,973.73,63.12,OFFLINE,replay
2025-01-27T10:00:00,AWS-RAN-102,19.8,975.0,41.0,False,,low,29.7,18.17,973.73,63.12,WARNING,replay
2025-01-27T11:00:00,AWS-RAN-102,21.7,974.1,35.0,False,,low,7.2,18.13,973.8,62.98,OFFLINE,replay
2025-01-27T12:00:00,AWS-RAN-102,23.2,972.9,29.0,False,,low,42.7,18.13,973.8,62.98,OFFLINE,replay
2025-01-27T13:00:00,AWS-RAN-102,24.0,971.9,25.0,True,statistical_anomaly,low,53.8,18.13,973.8,62.98,OFFLINE,replay
2025-01-27T14:00:00,AWS-RAN-102,24.0,970.9,24.0,True,statistical_anomaly,medium,55.2,18.13,973.8,62.98,WARNING,replay
2025-01-27T15:00:00,AWS-RAN-102,23.6,970.6,25.0,True,statistical_anomaly,low,53.2,18.13,973.8,62.98,WARNING,replay
2025-01-27T16:00:00,AWS-RAN-102,22.3,970.5,30.0,False,,low,41.5,18.13,973.8,62.98,WARNING,replay
2025-01-27T17:00:00,AWS-RAN-102,17.9,970.4,43.0,False,,low,29.0,18.16,973.77,62.52,WARNING,replay
2025-01-27T18:00:00,AWS-RAN-102,16.5,970.0,53.0,False,,low,6.0,18.27,973.73,61.58,WARNING,replay
2025-01-27T19:00:00,AWS-RAN-102,14.5,970.7,62.0,False,,low,3.6,18.32,973.63,60.9,WARNING,replay
2025-01-27T20:00:00,AWS-RAN-102,13.3,971.1,68.0,False,drift,low,35.1,18.27,973.52,60.67,WARNING,replay
2025-01-27T21:00:00,AWS-RAN-102,12.1,971.6,73.0,False,drift,low,34.8,18.12,973.4,60.85,WARNING,replay
2025-01-27T22:00:00,AWS-RAN-102,11.4,971.8,73.0,False,drift,low,34.8,17.89,973.3,61.35,WARNING,replay
2025-01-27T23:00:00,AWS-RAN-102,10.8,971.5,71.0,False,drift,low,35.1,17.6,973.21,62.0,OFFLINE,replay
2025-01-28T00:00:00,AWS-RAN-102,10.3,971.3,73.0,False,drift,low,36.1,17.6,973.21,62.0,OFFLINE,replay
2025-01-28T01:00:00,AWS-RAN-102,10.1,971.0,77.0,False,drift,low,36.3,17.6,973.21,62.0,OFFLINE,replay
2025-01-28T02:00:00,AWS-RAN-102,9.7,970.7,82.0,False,drift,low,38.7,17.6,973.21,62.0,OFFLINE,replay
2025-01-28T03:00:00,AWS-RAN-102,9.4,970.4,85.0,False,,low,12.8,17.6,973.21,62.0,OFFLINE,replay
2025-01-28T04:00:00,AWS-RAN-102,9.2,970.4,84.0,False,,low,9.1,17.6,973.21,62.0,OFFLINE,replay
2025-01-28T05:00:00,AWS-RAN-102,9.0,970.8,82.0,False,,low,6.4,17.6,973.21,62.0,WARNING,replay
2025-01-28T06:00:00,AWS-RAN-102,8.9,972.2,83.0,False,,low,2.5,17.23,973.14,62.9,OFFLINE,replay
2025-01-28T07:00:00,AWS-RAN-102,10.4,973.7,78.0,False,,low,5.4,17.23,973.14,62.9,OFFLINE,replay
2025-01-28T08:00:00,AWS-RAN-102,13.7,975.0,67.0,False,,low,26.3,17.23,973.14,62.9,OFFLINE,replay
2025-01-28T09:00:00,AWS-RAN-102,17.3,976.0,56.0,False,,low,34.9,17.23,973.14,62.9,HEALTHY,replay
2025-01-28T10:00:00,AWS-RAN-102,19.9,976.1,43.0,False,,low,5.2,17.24,973.18,62.54,WARNING,replay
2025-01-28T11:00:00,AWS-RAN-102,21.6,975.1,36.0,False,,low,6.4,17.33,973.23,61.77,WARNING,replay
2025-01-28T12:00:00,AWS-RAN-102,22.9,974.1,34.0,False,drift,low,34.8,17.46,973.26,60.79,WARNING,replay
2025-01-28T13:00:00,AWS-RAN-102,23.8,973.1,33.0,False,drift,low,34.5,17.64,973.27,59.73,WARNING,replay
2025-01-28T14:00:00,AWS-RAN-102,24.3,972.4,31.0,False,drift,low,34.2,17.84,973.28,58.56,WARNING,replay
2025-01-28T15:00:00,AWS-RAN-102,24.3,972.0,31.0,False,,low,0.2,18.06,973.29,57.31,WARNING,replay
2025-01-28T16:00:00,AWS-RAN-102,23.2,972.1,37.0,False,,low,0.2,18.28,973.29,56.06,WARNING,replay
2025-01-28T17:00:00,AWS-RAN-102,19.2,972.0,47.0,False,,low,1.1,18.48,973.3,54.98,WARNING,replay
2025-01-28T18:00:00,AWS-RAN-102,18.3,972.4,50.0,False,,low,0.7,18.6,973.29,54.08,WARNING,replay
2025-01-28T19:00:00,AWS-RAN-102,15.7,972.9,60.0,False,drift,low,38.1,18.71,973.28,53.19,OFFLINE,replay
2025-01-28T20:00:00,AWS-RAN-102,14.4,973.8,66.0,True,drift,high,74.8,18.71,973.28,53.19,OFFLINE,replay
2025-01-28T21:00:00,AWS-RAN-102,13.7,974.5,66.0,True,drift,high,73.4,18.71,973.28,53.19,OFFLINE,replay
2025-01-28T22:00:00,AWS-RAN-102,12.4,974.9,72.0,True,drift,high,82.2,18.71,973.28,53.19,OFFLINE,replay
2025-01-28T23:00:00,AWS-RAN-102,11.4,974.7,78.0,True,drift,high,82.6,18.71,973.28,53.19,OFFLINE,replay
2025-01-29T00:00:00,AWS-RAN-102,11.2,974.7,80.0,True,drift,high,86.5,18.71,973.28,53.19,OFFLINE,replay
2025-01-29T01:00:00,AWS-RAN-102,10.6,974.4,79.0,True,drift,high,84.4,18.71,973.28,53.19,OFFLINE,replay
2025-01-29T02:00:00,AWS-RAN-102,10.3,974.0,77.0,True,drift,high,86.0,18.71,973.28,53.19,OFFLINE,replay
2025-01-29T03:00:00,AWS-RAN-102,10.5,973.9,73.0,True,drift,high,86.1,18.71,973.28,53.19,OFFLINE,replay
2025-01-29T04:00:00,AWS-RAN-102,10.4,973.8,73.0,True,drift,high,85.0,18.71,973.28,53.19,OFFLINE,replay
2025-01-29T05:00:00,AWS-RAN-102,10.5,974.4,72.0,True,statistical_anomaly,low,52.6,18.71,973.28,53.19,OFFLINE,replay
2025-01-29T06:00:00,AWS-RAN-102,10.2,975.1,76.0,True,drift,high,89.1,18.71,973.28,53.19,OFFLINE,replay
2025-01-29T07:00:00,AWS-RAN-102,12.1,976.4,70.0,True,drift,high,88.1,18.71,973.28,53.19,OFFLINE,replay
2025-01-29T08:00:00,AWS-RAN-102,15.5,977.7,60.0,True,drift,medium,61.3,18.71,973.28,53.19,OFFLINE,replay
2025-01-29T09:00:00,AWS-RAN-102,18.4,978.5,52.0,False,drift,low,43.1,18.71,973.28,53.19,OFFLINE,replay
2025-01-29T10:00:00,AWS-RAN-102,20.8,978.5,49.0,False,,low,14.6,18.71,973.28,53.19,OFFLINE,replay
2025-01-29T11:00:00,AWS-RAN-102,22.6,977.7,46.0,False,,low,27.0,18.71,973.28,53.19,OFFLINE,replay
2025-01-29T12:00:00,AWS-RAN-102,24.1,976.2,41.0,False,,low,30.0,18.71,973.28,53.19,HEALTHY,replay
2025-01-29T13:00:00,AWS-RAN-102,25.2,974.8,36.0,False,,low,1.9,18.91,973.33,52.23,OFFLINE,replay
2025-01-29T14:00:00,AWS-RAN-102,25.8,973.7,31.0,False,,low,2.9,18.91,973.33,52.23,OFFLINE,replay
2025-01-29T15:00:00,AWS-RAN-102,25.8,973.3,29.0,False,,low,6.3,18.91,973.33,52.23,OFFLINE,replay
2025-01-29T16:00:00,AWS-RAN-102,24.4,972.7,38.0,False,,low,1.7,18.91,973.33,52.23,HEALTHY,replay
2025-01-29T17:00:00,AWS-RAN-102,21.3,972.5,41.0,False,,low,0.7,19.05,973.28,51.48,WARNING,replay
2025-01-29T18:00:00,AWS-RAN-102,19.9,972.5,54.0,False,,low,3.0,19.05,973.21,51.06,WARNING,replay
2025-01-29T19:00:00,AWS-RAN-102,18.6,973.1,66.0,False,,low,2.7,18.97,973.15,51.15,WARNING,replay
2025-01-29T20:00:00,AWS-RAN-102,18.3,973.5,68.0,False,drift,low,34.5,18.83,973.12,51.62,WARNING,replay
2025-01-29T21:00:00,AWS-RAN-102,16.0,973.3,75.0,False,drift,low,35.3,18.85,973.1,51.52,WARNING,replay
2025-01-29T22:00:00,AWS-RAN-102,14.4,973.4,82.0,False,drift,low,34.8,18.85,973.08,51.44,WARNING,replay
2025-01-29T23:00:00,AWS-RAN-102,13.7,972.9,89.0,False,drift,low,35.8,18.84,973.07,51.4,OFFLINE,replay
2025-01-30T00:00:00,AWS-RAN-102,13.5,972.3,91.0,False,drift,low,39.4,18.84,973.07,51.4,OFFLINE,replay
2025-01-30T01:00:00,AWS-RAN-102,13.0,971.7,92.0,True,drift,low,51.7,18.84,973.07,51.4,OFFLINE,replay
2025-01-30T02:00:00,AWS-RAN-102,12.5,970.9,94.0,True,drift,medium,66.5,18.84,973.07,51.4,OFFLINE,replay
2025-01-30T03:00:00,AWS-RAN-102,12.1,970.4,95.0,True,drift,high,73.1,18.84,973.07,51.4,OFFLINE,replay
2025-01-30T04:00:00,AWS-RAN-102,11.9,970.0,95.0,True,drift,high,70.7,18.84,973.07,51.4,OFFLINE,replay
2025-01-30T05:00:00,AWS-RAN-102,11.7,970.2,95.0,True,drift,high,71.0,18.84,973.07,51.4,OFFLINE,replay
2025-01-30T06:00:00,AWS-RAN-102,11.4,971.2,95.0,True,drift,medium,65.4,18.84,973.07,51.4,OFFLINE,replay
2025-01-30T07:00:00,AWS-RAN-102,13.4,972.3,88.0,False,drift,low,36.4,18.84,973.07,51.4,OFFLINE,replay
2025-01-30T08:00:00,AWS-RAN-102,17.1,973.4,72.0,False,,low,0.9,18.84,973.07,51.4,OFFLINE,replay
2025-01-30T09:00:00,AWS-RAN-102,20.6,974.1,58.0,False,,low,1.9,18.84,973.07,51.4,OFFLINE,replay
2025-01-30T10:00:00,AWS-RAN-102,23.8,973.9,46.0,False,,low,2.7,18.84,973.07,51.4,WARNING,replay
2025-01-30T11:00:00,AWS-RAN-102,26.6,973.3,36.0,False,,low,3.3,19.02,973.07,50.54,OFFLINE,replay
2025-01-30T12:00:00,AWS-RAN-102,28.0,971.9,36.0,False,,low,26.8,19.02,973.07,50.54,OFFLINE,replay
2025-01-30T13:00:00,AWS-RAN-102,28.6,970.7,35.0,False,,low,32.6,19.02,973.07,50.54,OFFLINE,replay
2025-01-30T14:00:00,AWS-RAN-102,28.8,969.7,32.0,False,,low,43.8,19.02,973.07,50.54,WARNING,replay
2025-01-30T15:00:00,AWS-RAN-102,28.3,969.3,31.0,False,,low,13.7,19.32,973.0,49.35,WARNING,replay
2025-01-30T16:00:00,AWS-RAN-102,26.7,969.2,35.0,False,,low,3.7,19.62,972.92,48.1,WARNING,replay
2025-01-30T17:00:00,AWS-RAN-102,23.4,969.2,42.0,False,,low,3.3,19.78,972.75,47.4,WARNING,replay
2025-01-30T18:00:00,AWS-RAN-102,21.3,969.4,50.0,False,,low,1.5,19.75,972.66,47.46,WARNING,replay
2025-01-30T19:00:00,AWS-RAN-102,19.9,969.9,54.0,False,drift,low,35.2,19.67,972.58,47.79,WARNING,replay
2025-01-30T20:00:00,AWS-RAN-102,18.1,970.5,62.0,False,drift,low,35.5,19.58,972.52,48.27,WARNING,replay
2025-01-30T21:00:00,AWS-RAN-102,17.3,970.6,65.0,False,drift,low,34.3,19.47,972.47,48.92,WARNING,replay
2025-01-30T22:00:00,AWS-RAN-102,16.2,970.6,69.0,False,drift,low,34.4,19.42,972.42,49.56,OFFLINE,replay
2025-01-30T23:00:00,AWS-RAN-102,15.2,970.3,75.0,False,drift,low,37.4,19.42,972.42,49.56,OFFLINE,replay
2025-01-31T00:00:00,AWS-RAN-102,14.5,969.8,80.0,False,drift,low,43.1,19.42,972.42,49.56,OFFLINE,replay
2025-01-31T01:00:00,AWS-RAN-102,14.3,969.6,81.0,False,drift,low,49.7,19.42,972.42,49.56,OFFLINE,replay
2025-01-31T02:00:00,AWS-RAN-102,14.3,969.2,81.0,True,drift,low,51.5,19.42,972.42,49.56,OFFLINE,replay
2025-01-31T03:00:00,AWS-RAN-102,13.8,969.1,83.0,True,drift,medium,68.9,19.42,972.42,49.56,OFFLINE,replay
2025-01-31T04:00:00,AWS-RAN-102,13.4,969.2,87.0,False,,low,42.6,19.42,972.42,49.56,OFFLINE,replay
2025-01-31T05:00:00,AWS-RAN-102,13.1,969.9,89.0,False,,low,39.6,19.42,972.42,49.56,OFFLINE,replay
2025-01-31T06:00:00,AWS-RAN-102,13.3,970.9,89.0,True,drift,medium,66.7,19.42,972.42,49.56,OFFLINE,replay
2025-01-31T07:00:00,AWS-RAN-102,15.3,972.2,80.0,True,drift,medium,56.4,19.42,972.42,49.56,OFFLINE,replay
2025-01-31T08:00:00,AWS-RAN-102,18.8,973.5,68.0,False,drift,low,40.4,19.42,972.42,49.56,OFFLINE,replay
2025-01-31T09:00:00,AWS-RAN-102,22.2,974.6,55.0,False,,low,11.7,19.42,972.42,49.56,OFFLINE,replay
2025-01-31T10:00:00,AWS-RAN-102,25.0,974.6,46.0,False,,low,16.9,19.42,972.42,49.56,OFFLINE,replay
2025-01-31T11:00:00,AWS-RAN-102,26.8,973.6,40.0,False,,low,20.1,19.42,972.42,49.56,WARNING,replay
2025-01-31T12:00:00,AWS-RAN-102,28.1,972.7,36.0,False,,low,1.8,19.58,972.42,49.58,OFFLINE,replay
2025-01-31T13:00:00,AWS-RAN-102,29.0,971.7,31.0,False,,low,13.0,19.58,972.42,49.58,OFFLINE,replay
2025-01-31T14:00:00,AWS-RAN-102,29.4,971.0,29.0,False,,low,23.0,19.58,972.42,49.58,OFFLINE,replay
2025-01-31T15:00:00,AWS-RAN-102,29.0,970.5,25.0,False,,low,39.3,19.58,972.42,49.58,WARNING,replay
2025-01-31T16:00:00,AWS-RAN-102,27.6,970.5,30.0,False,,low,7.6,19.82,972.35,49.23,WARNING,replay
2025-01-31T17:00:00,AWS-RAN-102,23.2,970.6,41.0,False,,low,2.9,20.06,972.27,48.81,WARNING,replay
2025-01-31T18:00:00,AWS-RAN-102,21.1,971.0,47.0,False,,low,0.9,20.25,972.19,48.42,WARNING,replay
2025-01-31T19:00:00,AWS-RAN-102,19.6,971.3,48.0,False,drift,low,34.4,20.24,972.07,48.6,WARNING,replay
2025-01-31T20:00:00,AWS-RAN-102,18.3,972.1,55.0,False,drift,low,34.2,20.16,972.04,48.94,WARNING,replay
2025-01-31T21:00:00,AWS-RAN-102,18.1,973.1,56.0,False,drift,low,34.2,20.07,972.04,49.35,WARNING,replay
2025-01-31T22:00:00,AWS-RAN-102,17.0,972.8,60.0,False,drift,low,34.1,20.04,972.07,49.62,OFFLINE,replay
2025-01-31T23:00:00,AWS-RAN-102,15.9,972.4,68.0,False,drift,low,35.8,20.04,972.07,49.62,OFFLINE,replay
2025-02-01T00:00:00,AWS-RAN-102,15.2,972.0,71.0,False,drift,low,39.4,20.04,972.07,49.62,OFFLINE,replay
2025-02-01T01:00:00,AWS-RAN-102,14.7,971.5,73.0,False,drift,low,42.7,20.04,972.07,49.62,OFFLINE,replay
2025-02-01T02:00:00,AWS-RAN-102,14.1,971.0,76.0,False,drift,low,46.7,20.04,972.07,49.62,OFFLINE,replay
2025-02-01T03:00:00,AWS-RAN-102,13.8,970.7,77.0,True,drift,medium,57.3,20.04,972.07,49.62,OFFLINE,replay
2025-02-01T04:00:00,AWS-RAN-102,13.8,970.7,76.0,False,drift,low,48.5,20.04,972.07,49.62,OFFLINE,replay
2025-02-01T05:00:00,AWS-RAN-102,13.5,971.4,77.0,False,,low,13.0,20.04,972.07,49.62,OFFLINE,replay
2025-02-01T06:00:00,AWS-RAN-102,13.7,972.3,77.0,False,drift,low,46.4,20.04,972.07,49.62,OFFLINE,replay
2025-02-01T07:00:00,AWS-RAN-102,15.6,973.5,71.0,False,drift,low,41.5,20.04,972.07,49.62,OFFLINE,replay
2025-02-01T08:00:00,AWS-RAN-102,19.2,974.8,61.0,False,drift,low,37.5,20.04,972.07,49.62,OFFLINE,replay
2025-02-01T09:00:00,AWS-RAN-102,22.1,976.0,51.0,False,,low,14.6,20.04,972.07,49.62,OFFLINE,replay
2025-02-01T10:00:00,AWS-RAN-102,24.3,975.8,46.0,False,,low,20.0,20.04,972.07,49.62,OFFLINE,replay
2025-02-01T11:00:00,AWS-RAN-102,26.2,975.0,43.0,False,,low,30.9,20.04,972.07,49.62,WARNING,replay
2025-02-01T12:00:00,AWS-RAN-102,27.5,973.8,41.0,False,,low,1.1,20.21,972.14,49.46,OFFLINE,replay
2025-02-01T13:00:00,AWS-RAN-102,28.3,972.7,39.0,False,,low,2.1,20.21,972.14,49.46,OFFLINE,replay
2025-02-01T14:00:00,AWS-RAN-102,28.7,971.9,37.0,False,,low,2.8,20.21,972.14,49.46,OFFLINE,replay
2025-02-01T15:00:00,AWS-RAN-102,29.0,971.8,34.0,False,,low,5.2,20.21,972.14,49.46,WARNING,replay
2025-02-01T16:00:00,AWS-RAN-102,28.3,971.8,35.0,False,,low,0.5,20.48,972.12,49.0,WARNING,replay
2025-02-01T17:00:00,AWS-RAN-102,24.6,971.7,46.0,False,,low,1.8,20.77,972.1,48.46,WARNING,replay
2025-02-01T18:00:00,AWS-RAN-102,22.6,971.8,53.0,False,,low,0.3,21.0,972.06,48.02,WARNING,replay
2025-02-01T19:00:00,AWS-RAN-102,21.0,972.7,61.0,False,drift,low,35.7,21.06,972.0,48.27,WARNING,replay
2025-02-01T20:00:00,AWS-RAN-102,20.0,973.3,65.0,False,drift,low,34.3,21.03,972.04,48.92,WARNING,replay
2025-02-01T21:00:00,AWS-RAN-102,18.9,973.6,69.0,False,drift,low,34.2,21.07,972.1,49.38,WARNING,replay
2025-02-01T22:00:00,AWS-RAN-102,17.9,973.3,74.0,False,drift,low,34.2,21.12,972.18,49.71,OFFLINE,replay
2025-02-01T23:00:00,AWS-RAN-102,16.9,972.8,79.0,False,drift,low,35.3,21.12,972.18,49.71,OFFLINE,replay
2025-02-02T00:00:00,AWS-RAN-102,16.4,972.5,81.0,False,drift,low,36.9,21.12,972.18,49.71,OFFLINE,replay
2025-02-02T01:00:00,AWS-RAN-102,16.5,972.1,80.0,False,drift,low,36.5,21.12,972.18,49.71,OFFLINE,replay
2025-02-02T02:00:00,AWS-RAN-102,16.4,971.5,80.0,False,drift,low,36.7,21.12,972.18,49.71,OFFLINE,replay
2025-02-02T03:00:00,AWS-RAN-102,15.9,971.3,82.0,False,drift,low,39.9,21.12,972.18,49.71,OFFLINE,replay
2025-02-02T04:00:00,AWS-RAN-102,15.7,971.2,83.0,False,drift,low,41.5,21.12,972.18,49.71,OFFLINE,replay
2025-02-02T05:00:00,AWS-RAN-102,15.4,971.7,85.0,False,,low,10.8,21.12,972.18,49.71,OFFLINE,replay
2025-02-02T06:00:00,AWS-RAN-102,15.5,973.0,87.0,True,drift,low,54.2,21.12,972.18,49.71,OFFLINE,replay
2025-02-02T07:00:00,AWS-RAN-102,17.2,974.3,80.0,False,drift,low,39.3,21.12,972.18,49.71,OFFLINE,replay
2025-02-02T08:00:00,AWS-RAN-102,20.0,975.4,69.0,False,,low,2.3,21.12,972.18,49.71,OFFLINE,replay
2025-02-02T09:00:00,AWS-RAN-102,22.9,976.3,57.0,False,,low,13.3,21.12,972.18,49.71,OFFLINE,replay
2025-02-02T10:00:00,AWS-RAN-102,25.1,976.1,49.0,False,,low,11.9,21.12,972.18,49.71,WARNING,replay
2025-02-02T11:00:00,AWS-RAN-102,26.8,975.1,44.0,False,,low,0.6,21.35,972.29,49.44,OFFLINE,replay
2025-02-02T12:00:00,AWS-RAN-102,28.0,974.0,40.0,False,,low,1.6,21.35,972.29,49.44,OFFLINE,replay
2025-02-02T13:00:00,AWS-RAN-102,29.0,972.9,36.0,False,,low,4.0,21.35,972.29,49.44,OFFLINE,replay
2025-02-02T14:00:00,AWS-RAN-102,29.5,972.1,35.0,False,,low,10.7,21.35,972.29,49.44,WARNING,replay
2025-02-02T15:00:00,AWS-RAN-102,29.1,971.8,35.0,False,,low,0.8,21.68,972.31,48.75,WARNING,replay
2025-02-02T16:00:00,AWS-RAN-102,28.1,971.8,38.0,False,,low,0.6,22.04,972.32,47.96,WARNING,replay
2025-02-02T17:00:00,AWS-RAN-102,25.1,971.6,47.0,False,,low,0.5,22.39,972.32,47.23,WARNING,replay
2025-02-02T18:00:00,AWS-RAN-102,23.2,971.8,53.0,False,,low,0.5,22.72,972.33,46.5,WARNING,replay
2025-02-02T19:00:00,AWS-RAN-102,20.7,972.1,61.0,False,drift,low,40.7,22.84,972.25,46.44,WARNING,replay
2025-02-02T20:00:00,AWS-RAN-102,19.6,972.9,67.0,False,drift,low,42.1,22.86,972.16,46.81,WARNING,replay
2025-02-02T21:00:00,AWS-RAN-102,18.9,973.2,72.0,False,drift,low,38.2,22.82,972.12,47.46,WARNING,replay
2025-02-02T22:00:00,AWS-RAN-102,18.1,973.3,75.0,False,drift,low,35.5,22.74,972.1,48.25,OFFLINE,replay
2025-02-02T23:00:00,AWS-RAN-102,17.4,972.9,78.0,False,drift,low,38.9,22.74,972.1,48.25,OFFLINE,replay
2025-02-03T00:00:00,AWS-RAN-102,16.6,972.7,81.0,False,drift,low,43.3,22.74,972.1,48.25,OFFLINE,replay
2025-02-03T01:00:00,AWS-RAN-102,15.8,972.4,85.0,True,drift,high,70.3,22.74,972.1,48.25,OFFLINE,replay
2025-02-03T02:00:00,AWS-RAN-102,15.1,972.0,89.0,True,drift,high,76.8,22.74,972.1,48.25,OFFLINE,replay
2025-02-03T03:00:00,AWS-RAN-102,14.6,971.8,91.0,True,drift,high,85.5,22.74,972.1,48.25,OFFLINE,replay
2025-02-03T04:00:00,AWS-RAN-102,14.4,971.9,91.0,True,statistical_anomaly,low,50.8,22.74,972.1,48.25,OFFLINE,replay
2025-02-03T05:00:00,AWS-RAN-102,14.3,972.3,91.0,False,,low,47.3,22.74,972.1,48.25,OFFLINE,replay
2025-02-03T06:00:00,AWS-RAN-102,14.3,973.6,92.0,True,drift,high,81.7,22.74,972.1,48.25,OFFLINE,replay
2025-02-03T07:00:00,AWS-RAN-102,15.9,974.6,85.0,True,drift,high,79.4,22.74,972.1,48.25,OFFLINE,replay
2025-02-03T08:00:00,AWS-RAN-102,19.2,975.8,72.0,False,,low,9.8,22.74,972.1,48.25,OFFLINE,replay
2025-02-03T09:00:00,AWS-RAN-102,22.4,976.8,57.0,False,,low,20.6,22.74,972.1,48.25,OFFLINE,replay
2025-02-03T10:00:00,AWS-RAN-102,24.4,976.8,48.0,False,,low,30.7,22.74,972.1,48.25,WARNING,replay
2025-02-03T11:00:00,AWS-RAN-102,25.8,975.7,43.0,False,,low,1.1,22.75,972.17,48.56,OFFLINE,replay
2025-02-03T12:00:00,AWS-RAN-102,27.0,974.5,39.0,False,,low,4.8,22.75,972.17,48.56,OFFLINE,replay
2025-02-03T13:00:00,AWS-RAN-102,27.8,973.4,38.0,False,,low,5.2,22.75,972.17,48.56,OFFLINE,replay
2025-02-03T14:00:00,AWS-RAN-102,28.1,972.7,37.0,False,,low,9.4,22.75,972.17,48.56,WARNING,replay
2025-02-03T15:00:00,AWS-RAN-102,28.1,972.6,36.0,False,,low,1.9,22.83,972.18,48.69,WARNING,replay
2025-02-03T16:00:00,AWS-RAN-102,27.2,972.6,38.0,False,,low,1.0,22.91,972.19,48.79,WARNING,replay
2025-02-03T17:00:00,AWS-RAN-102,23.2,972.7,51.0,False,,low,2.5,22.99,972.2,48.81,WARNING,replay
2025-02-03T18:00:00,AWS-RAN-102,21.1,973.4,58.0,False,,low,1.1,23.07,972.22,48.9,WARNING,replay
2025-02-03T19:00:00,AWS-RAN-102,19.5,974.3,65.0,False,drift,low,38.5,23.13,972.24,49.06,WARNING,replay
2025-02-03T20:00:00,AWS-RAN-102,18.2,975.1,70.0,False,drift,low,38.1,23.04,972.2,49.56,WARNING,replay
2025-02-03T21:00:00,AWS-RAN-102,17.2,975.5,75.0,False,drift,low,35.2,22.91,972.25,50.23,WARNING,replay
2025-02-03T22:00:00,AWS-RAN-102,16.5,975.4,77.0,False,drift,low,34.6,22.82,972.31,50.94,OFFLINE,replay
2025-02-03T23:00:00,AWS-RAN-102,15.9,975.3,80.0,False,drift,low,35.4,22.82,972.31,50.94,OFFLINE,replay
2025-02-04T00:00:00,AWS-RAN-102,15.3,975.0,82.0,False,drift,low,38.7,22.82,972.31,50.94,OFFLINE,replay
2025-02-04T01:00:00,AWS-RAN-102,14.8,974.5,84.0,False,drift,low,45.8,22.82,972.31,50.94,OFFLINE,replay
2025-02-04T02:00:00,AWS-RAN-102,14.4,973.7,85.0,False,drift,low,44.6,22.82,972.31,50.94,OFFLINE,replay
2025-02-04T03:00:00,AWS-RAN-102,13.8,973.3,88.0,True,drift,medium,64.2,22.82,972.31,50.94,OFFLINE,replay
2025-02-04T04:00:00,AWS-RAN-102,13.7,973.0,88.0,True,drift,medium,56.5,22.82,972.31,50.94,OFFLINE,replay
2025-02-04T05:00:00,AWS-RAN-102,13.2,973.2,91.0,False,,low,30.6,22.82,972.31,50.94,OFFLINE,replay
2025-02-04T06:00:00,AWS-RAN-102,13.4,974.2,91.0,True,drift,medium,65.0,22.82,972.31,50.94,OFFLINE,replay
2025-02-04T07:00:00,AWS-RAN-102,15.1,975.1,82.0,False,drift,low,39.9,22.82,972.31,50.94,OFFLINE,replay
2025-02-04T08:00:00,AWS-RAN-102,18.6,976.2,68.0,False,,low,0.9,22.82,972.31,50.94,OFFLINE,replay
2025-02-04T09:00:00,AWS-RAN-102,22.0,976.8,54.0,False,,low,3.9,22.82,972.31,50.94,OFFLINE,replay
2025-02-04T10:00:00,AWS-RAN-102,24.7,976.8,43.0,False,,low,5.8,22.82,972.31,50.94,WARNING,replay
2025-02-04T11:00:00,AWS-RAN-102,26.8,975.9,37.0,False,,low,0.8,22.92,972.4,50.71,OFFLINE,replay
2025-02-04T12:00:00,AWS-RAN-102,28.2,974.7,34.0,False,,low,3.3,22.92,972.4,50.71,OFFLINE,replay
2025-02-04T13:00:00,AWS-RAN-102,29.1,973.6,32.0,False,,low,12.1,22.92,972.4,50.71,OFFLINE,replay
2025-02-04T14:00:00,AWS-RAN-102,29.2,972.8,29.0,False,,low,28.1,22.92,972.4,50.71,WARNING,replay
2025-02-04T15:00:00,AWS-RAN-102,28.6,972.4,30.0,False,,low,2.1,23.14,972.4,49.94,WARNING,replay
2025-02-04T16:00:00,AWS-RAN-102,27.2,972.4,35.0,False,,low,0.8,23.36,972.37,49.15,WARNING,replay
2025-02-04T17:00:00,AWS-RAN-102,23.6,972.3,45.0,False,,low,0.6,23.59,972.35,48.31,WARNING,replay
2025-02-04T18:00:00,AWS-RAN-102,21.7,972.2,51.0,False,drift,low,34.4,23.78,972.33,47.54,WARNING,replay
2025-02-04T19:00:00,AWS-RAN-102,20.2,972.6,55.0,False,drift,low,34.4,23.74,972.3,47.65,WARNING,replay
2025-02-04T20:00:00,AWS-RAN-102,19.3,973.0,59.0,False,drift,low,34.3,23.56,972.36,48.12,WARNING,replay
2025-02-04T21:00:00,AWS-RAN-102,18.5,973.0,63.0,False,drift,low,34.2,23.37,972.43,48.71,OFFLINE,replay
2025-02-04T22:00:00,AWS-RAN-102,17.5,972.7,68.0,False,drift,low,35.2,23.37,972.43,48.71,OFFLINE,replay
2025-02-04T23:00:00,AWS-RAN-102,16.5,972.1,74.0,False,drift,low,45.3,23.37,972.43,48.71,OFFLINE,replay
2025-02-05T00:00:00,AWS-RAN-102,15.9,971.9,78.0,True,drift,medium,56.8,23.37,972.43,48.71,OFFLINE,replay
2025-02-05T01:00:00,AWS-RAN-102,15.6,971.6,80.0,True,drift,medium,58.6,23.37,972.43,48.71,OFFLINE,replay
2025-02-05T02:00:00,AWS-RAN-102,15.5,971.2,82.0,False,,low,41.9,23.37,972.43,48.71,OFFLINE,replay
2025-02-05T03:00:00,AWS-RAN-102,15.3,971.1,83.0,False,,low,44.8,23.37,972.43,48.71,OFFLINE,replay
2025-02-05T04:00:00,AWS-RAN-102,15.2,971.1,82.0,False,,low,40.3,23.37,972.43,48.71,OFFLINE,replay
2025-02-05T05:00:00,AWS-RAN-102,15.2,971.6,81.0,False,,low,32.0,23.37,972.43,48.71,OFFLINE,replay
2025-02-05T06:00:00,AWS-RAN-102,14.7,972.1,83.0,False,,low,35.6,23.37,972.43,48.71,OFFLINE,replay
2025-02-05T07:00:00,AWS-RAN-102,16.4,973.0,76.0,False,drift,low,46.7,23.37,972.43,48.71,OFFLINE,replay
2025-02-05T08:00:00,AWS-RAN-102,19.8,974.0,63.0,False,drift,low,34.7,23.37,972.43,48.71,OFFLINE,replay
2025-02-05T09:00:00,AWS-RAN-102,23.6,975.0,50.0,False,,low,10.7,23.37,972.43,48.71,OFFLINE,replay
2025-02-05T10:00:00,AWS-RAN-102,26.8,974.7,41.0,False,,low,15.0,23.37,972.43,48.71,OFFLINE,replay
2025-02-05T11:00:00,AWS-RAN-102,29.1,973.8,37.0,False,,low,12.9,23.37,972.43,48.71,WARNING,replay
2025-02-05T12:00:00,AWS-RAN-102,30.6,972.6,34.0,False,,low,2.9,23.42,972.53,48.75,WARNING,replay
2025-02-05T13:00:00,AWS-RAN-102,31.2,971.5,32.0,False,,low,3.5,23.57,972.6,48.58,WARNING,replay
2025-02-05T14:00:00,AWS-RAN-102,31.4,970.6,31.0,False,drift,low,34.4,23.78,972.64,48.21,WARNING,replay
2025-02-05T15:00:00,AWS-RAN-102,30.8,970.5,31.0,False,,low,0.3,24.02,972.66,47.73,WARNING,replay
2025-02-05T16:00:00,AWS-RAN-102,29.4,970.2,36.0,False,,low,0.5,24.28,972.66,47.08,WARNING,replay
2025-02-05T17:00:00,AWS-RAN-102,26.3,970.5,44.0,False,,low,0.7,24.53,972.65,46.48,WARNING,replay
2025-02-05T18:00:00,AWS-RAN-102,24.4,970.9,51.0,False,,low,0.4,24.52,972.59,46.56,WARNING,replay
2025-02-05T19:00:00,AWS-RAN-102,22.8,971.8,58.0,False,drift,low,35.1,24.43,972.59,47.1,WARNING,replay
2025-02-05T20:00:00,AWS-RAN-102,21.0,972.5,66.0,False,drift,low,36.5,24.33,972.62,47.69,WARNING,replay
2025-02-05T21:00:00,AWS-RAN-102,20.1,972.8,71.0,False,drift,low,34.6,24.28,972.66,48.21,OFFLINE,replay
2025-02-05T22:00:00,AWS-RAN-102,19.6,973.2,72.0,False,drift,low,35.0,24.28,972.66,48.21,OFFLINE,replay
2025-02-05T23:00:00,AWS-RAN-102,19.3,973.1,72.0,False,drift,low,35.6,24.28,972.66,48.21,OFFLINE,replay
2025-02-06T00:00:00,AWS-RAN-102,18.8,973.0,74.0,False,drift,low,36.3,24.28,972.66,48.21,OFFLINE,replay
2025-02-06T01:00:00,AWS-RAN-102,18.4,972.6,77.0,False,drift,low,37.9,24.28,972.66,48.21,OFFLINE,replay
2025-02-06T02:00:00,AWS-RAN-102,18.0,972.3,78.0,False,drift,low,38.0,24.28,972.66,48.21,OFFLINE,replay
2025-02-06T03:00:00,AWS-RAN-102,17.8,972.1,78.0,False,drift,low,40.6,24.28,972.66,48.21,OFFLINE,replay
2025-02-06T04:00:00,AWS-RAN-102,17.5,972.1,79.0,False,drift,low,45.3,24.28,972.66,48.21,OFFLINE,replay
2025-02-06T05:00:00,AWS-RAN-102,17.1,972.7,81.0,False,,low,22.5,24.28,972.66,48.21,OFFLINE,replay
2025-02-06T06:00:00,AWS-RAN-102,16.8,973.7,85.0,True,drift,medium,67.1,24.28,972.66,48.21,OFFLINE,replay
2025-02-06T07:00:00,AWS-RAN-102,17.9,974.7,81.0,True,drift,high,80.9,24.28,972.66,48.21,OFFLINE,replay
2025-02-06T08:00:00,AWS-RAN-102,19.9,975.4,71.0,False,drift,low,40.9,24.28,972.66,48.21,OFFLINE,replay
2025-02-06T09:00:00,AWS-RAN-102,21.9,976.0,64.0,False,,low,5.0,24.28,972.66,48.21,OFFLINE,replay
2025-02-06T10:00:00,AWS-RAN-102,23.9,975.5,56.0,False,,low,3.7,24.28,972.66,48.21,OFFLINE,replay
2025-02-06T11:00:00,AWS-RAN-102,25.8,975.1,47.0,False,,low,7.9,24.28,972.66,48.21,HEALTHY,replay
2025-02-06T12:00:00,AWS-RAN-102,27.0,974.1,38.0,False,,low,0.8,24.38,972.75,48.21,OFFLINE,replay
2025-02-06T13:00:00,AWS-RAN-102,27.5,973.1,33.0,False,,low,3.0,24.38,972.75,48.21,OFFLINE,replay
2025-02-06T14:00:00,AWS-RAN-102,27.6,972.5,26.0,False,,low,18.3,24.38,972.75,48.21,OFFLINE,replay
2025-02-06T15:00:00,AWS-RAN-102,26.9,972.1,22.0,False,multivariate_inconsistency,low,49.0,24.38,972.75,48.21,OFFLINE,replay
2025-02-06T16:00:00,AWS-RAN-102,25.6,972.1,23.0,False,multivariate_inconsistency,low,35.2,24.38,972.75,48.21,OFFLINE,replay
2025-02-06T17:00:00,AWS-RAN-102,22.7,972.4,26.0,False,multivariate_inconsistency,low,44.5,24.38,972.75,48.21,OFFLINE,replay
2025-02-06T18:00:00,AWS-RAN-102,20.6,973.1,29.0,False,multivariate_inconsistency,low,34.6,24.38,972.75,48.21,OFFLINE,replay
2025-02-06T19:00:00,AWS-RAN-102,18.6,973.8,35.0,False,multivariate_inconsistency,low,38.3,24.38,972.75,48.21,OFFLINE,replay
2025-02-06T20:00:00,AWS-RAN-102,17.2,974.3,38.0,False,multivariate_inconsistency,low,33.0,24.38,972.75,48.21,OFFLINE,replay
2025-02-06T21:00:00,AWS-RAN-102,16.2,974.4,38.0,False,multivariate_inconsistency,low,35.0,24.38,972.75,48.21,OFFLINE,replay
2025-02-06T22:00:00,AWS-RAN-102,15.6,974.5,37.0,False,multivariate_inconsistency,low,41.1,24.38,972.75,48.21,OFFLINE,replay
2025-02-06T23:00:00,AWS-RAN-102,15.0,974.5,36.0,False,multivariate_inconsistency,low,42.3,24.38,972.75,48.21,OFFLINE,replay
2025-02-07T00:00:00,AWS-RAN-102,14.3,974.0,37.0,False,multivariate_inconsistency,low,45.9,24.38,972.75,48.21,OFFLINE,replay
2025-02-07T01:00:00,AWS-RAN-102,13.8,973.6,39.0,False,multivariate_inconsistency,low,38.8,24.38,972.75,48.21,OFFLINE,replay
2025-02-07T02:00:00,AWS-RAN-102,13.3,973.1,42.0,False,multivariate_inconsistency,low,36.1,24.38,972.75,48.21,OFFLINE,replay
2025-02-07T03:00:00,AWS-RAN-102,12.8,973.0,45.0,False,multivariate_inconsistency,low,27.7,24.38,972.75,48.21,OFFLINE,replay
2025-02-07T04:00:00,AWS-RAN-102,12.5,973.0,47.0,False,multivariate_inconsistency,low,24.6,24.38,972.75,48.21,OFFLINE,replay
2025-02-07T05:00:00,AWS-RAN-102,12.3,973.5,49.0,False,multivariate_inconsistency,low,27.1,24.38,972.75,48.21,OFFLINE,replay
2025-02-07T06:00:00,AWS-RAN-102,12.1,974.5,58.0,False,multivariate_inconsistency,low,31.8,24.38,972.75,48.21,OFFLINE,replay
2025-02-07T07:00:00,AWS-RAN-102,13.4,975.5,57.0,False,multivariate_inconsistency,low,36.7,24.38,972.75,48.21,OFFLINE,replay
2025-02-07T08:00:00,AWS-RAN-102,16.0,976.7,51.0,False,multivariate_inconsistency,low,47.5,24.38,972.75,48.21,OFFLINE,replay
2025-02-07T09:00:00,AWS-RAN-102,18.7,977.5,43.0,False,multivariate_inconsistency,low,43.0,24.38,972.75,48.21,OFFLINE,replay
2025-02-07T10:00:00,AWS-RAN-102,21.2,977.3,37.0,False,multivariate_inconsistency,low,38.4,24.38,972.75,48.21,OFFLINE,replay
2025-02-07T11:00:00,AWS-RAN-102,23.3,976.5,31.0,False,multivariate_inconsistency,low,34.7,24.38,972.75,48.21,OFFLINE,replay
2025-02-07T12:00:00,AWS-RAN-102,24.9,975.4,26.0,False,multivariate_inconsistency,low,35.2,24.38,972.75,48.21,OFFLINE,replay
2025-02-07T13:00:00,AWS-RAN-102,26.0,974.7,22.0,False,multivariate_inconsistency,low,43.4,24.38,972.75,48.21,OFFLINE,replay
2025-02-07T14:00:00,AWS-RAN-102,26.4,973.8,19.0,True,multivariate_inconsistency,low,53.0,24.38,972.75,48.21,OFFLINE,replay
2025-02-07T15:00:00,AWS-RAN-102,26.0,973.5,18.0,False,multivariate_inconsistency,low,47.4,24.38,972.75,48.21,OFFLINE,replay
2025-02-07T16:00:00,AWS-RAN-102,24.6,973.5,22.0,False,multivariate_inconsistency,low,38.2,24.38,972.75,48.21,OFFLINE,replay
2025-02-07T17:00:00,AWS-RAN-102,21.2,973.2,29.0,False,multivariate_inconsistency,low,33.4,24.38,972.75,48.21,OFFLINE,replay
2025-02-07T18:00:00,AWS-RAN-102,19.4,973.7,34.0,False,multivariate_inconsistency,low,33.3,24.38,972.75,48.21,OFFLINE,replay
2025-02-07T19:00:00,AWS-RAN-102,18.2,974.5,34.0,False,multivariate_inconsistency,low,35.0,24.38,972.75,48.21,OFFLINE,replay
2025-02-07T20:00:00,AWS-RAN-102,17.0,974.9,38.0,False,multivariate_inconsistency,low,34.3,24.38,972.75,48.21,OFFLINE,replay
2025-02-07T21:00:00,AWS-RAN-102,15.8,975.1,44.0,False,multivariate_inconsistency,low,27.6,24.38,972.75,48.21,OFFLINE,replay
2025-02-07T22:00:00,AWS-RAN-102,15.0,975.4,47.0,False,multivariate_inconsistency,low,34.4,24.38,972.75,48.21,OFFLINE,replay
2025-02-07T23:00:00,AWS-RAN-102,14.1,975.1,49.0,False,multivariate_inconsistency,low,28.1,24.38,972.75,48.21,OFFLINE,replay
2025-02-08T00:00:00,AWS-RAN-102,13.1,974.4,53.0,False,multivariate_inconsistency,low,26.0,24.38,972.75,48.21,OFFLINE,replay
2025-02-08T01:00:00,AWS-RAN-102,12.3,973.7,57.0,False,multivariate_inconsistency,low,30.3,24.38,972.75,48.21,OFFLINE,replay
2025-02-08T02:00:00,AWS-RAN-102,11.7,973.2,60.0,False,multivariate_inconsistency,low,26.3,24.38,972.75,48.21,OFFLINE,replay
2025-02-08T03:00:00,AWS-RAN-102,11.2,973.3,62.0,False,multivariate_inconsistency,low,26.9,24.38,972.75,48.21,OFFLINE,replay
2025-02-08T04:00:00,AWS-RAN-102,10.9,973.3,63.0,False,multivariate_inconsistency,low,26.1,24.38,972.75,48.21,OFFLINE,replay
2025-02-08T05:00:00,AWS-RAN-102,10.8,973.8,63.0,False,multivariate_inconsistency,low,31.1,24.38,972.75,48.21,OFFLINE,replay
2025-02-08T06:00:00,AWS-RAN-102,10.7,974.9,67.0,False,multivariate_inconsistency,low,38.6,24.38,972.75,48.21,OFFLINE,replay
2025-02-08T07:00:00,AWS-RAN-102,12.5,976.1,63.0,False,multivariate_inconsistency,low,45.0,24.38,972.75,48.21,OFFLINE,replay
2025-02-08T08:00:00,AWS-RAN-102,15.7,977.1,53.0,False,multivariate_inconsistency,low,48.2,24.38,972.75,48.21,OFFLINE,replay
2025-02-08T09:00:00,AWS-RAN-102,18.8,978.0,42.0,False,multivariate_inconsistency,low,45.1,24.38,972.75,48.21,OFFLINE,replay
2025-02-08T10:00:00,AWS-RAN-102,21.1,977.9,35.0,False,multivariate_inconsistency,low,46.7,24.38,972.75,48.21,OFFLINE,replay
2025-02-08T11:00:00,AWS-RAN-102,22.8,977.1,29.0,False,multivariate_inconsistency,low,44.2,24.38,972.75,48.21,OFFLINE,replay
2025-02-08T12:00:00,AWS-RAN-102,24.2,976.1,26.0,False,multivariate_inconsistency,low,48.2,24.38,972.75,48.21,OFFLINE,replay
2025-02-08T13:00:00,AWS-RAN-102,24.9,974.9,25.0,False,multivariate_inconsistency,low,29.8,24.38,972.75,48.21,OFFLINE,replay
2025-02-08T14:00:00,AWS-RAN-102,25.3,973.8,24.0,False,multivariate_inconsistency,low,34.6,24.38,972.75,48.21,OFFLINE,replay
2025-02-08T15:00:00,AWS-RAN-102,25.3,973.4,23.0,False,multivariate_inconsistency,low,33.6,24.38,972.75,48.21,OFFLINE,replay
2025-02-08T16:00:00,AWS-RAN-102,24.4,973.2,25.0,False,multivariate_inconsistency,low,29.5,24.38,972.75,48.21,OFFLINE,replay
2025-02-08T17:00:00,AWS-RAN-102,21.1,973.2,30.0,False,multivariate_inconsistency,low,30.0,24.38,972.75,48.21,OFFLINE,replay
2025-02-08T18:00:00,AWS-RAN-102,19.2,973.6,34.0,False,multivariate_inconsistency,low,31.8,24.38,972.75,48.21,OFFLINE,replay
2025-02-08T19:00:00,AWS-RAN-102,17.2,974.3,42.0,False,multivariate_inconsistency,low,26.3,24.38,972.75,48.21,OFFLINE,replay
2025-02-08T20:00:00,AWS-RAN-102,15.4,974.8,51.0,False,multivariate_inconsistency,low,31.8,24.38,972.75,48.21,OFFLINE,replay
2025-02-08T21:00:00,AWS-RAN-102,14.3,975.0,55.0,False,multivariate_inconsistency,low,30.2,24.38,972.75,48.21,OFFLINE,replay
2025-02-08T22:00:00,AWS-RAN-102,13.2,975.3,57.0,False,multivariate_inconsistency,low,35.5,24.38,972.75,48.21,OFFLINE,replay
2025-02-08T23:00:00,AWS-RAN-102,12.5,975.1,56.0,False,multivariate_inconsistency,low,29.2,24.38,972.75,48.21,OFFLINE,replay
2025-02-09T00:00:00,AWS-RAN-102,11.7,974.6,60.0,False,multivariate_inconsistency,low,29.1,24.38,972.75,48.21,OFFLINE,replay
2025-02-09T01:00:00,AWS-RAN-102,11.1,973.9,62.0,False,multivariate_inconsistency,low,29.0,24.38,972.75,48.21,OFFLINE,replay
2025-02-09T02:00:00,AWS-RAN-102,10.8,973.3,61.0,False,multivariate_inconsistency,low,25.3,24.38,972.75,48.21,OFFLINE,replay
2025-02-09T03:00:00,AWS-RAN-102,10.7,973.0,60.0,False,multivariate_inconsistency,low,26.5,24.38,972.75,48.21,OFFLINE,replay
2025-02-09T04:00:00,AWS-RAN-102,10.4,973.0,63.0,False,multivariate_inconsistency,low,25.0,24.38,972.75,48.21,OFFLINE,replay
2025-02-09T05:00:00,AWS-RAN-102,10.1,973.3,66.0,False,multivariate_inconsistency,low,28.9,24.38,972.75,48.21,OFFLINE,replay
2025-02-09T06:00:00,AWS-RAN-102,10.1,974.1,73.0,False,multivariate_inconsistency,low,41.7,24.38,972.75,48.21,OFFLINE,replay
2025-02-09T07:00:00,AWS-RAN-102,12.0,975.1,67.0,False,multivariate_inconsistency,low,35.5,24.38,972.75,48.21,OFFLINE,replay
2025-02-09T08:00:00,AWS-RAN-102,15.8,976.3,56.0,False,multivariate_inconsistency,low,41.8,24.38,972.75,48.21,OFFLINE,replay
2025-02-09T09:00:00,AWS-RAN-102,19.6,977.1,40.0,False,multivariate_inconsistency,low,36.1,24.38,972.75,48.21,OFFLINE,replay
2025-02-09T10:00:00,AWS-RAN-102,22.6,976.8,31.0,False,multivariate_inconsistency,low,43.2,24.38,972.75,48.21,OFFLINE,replay
2025-02-09T11:00:00,AWS-RAN-102,24.5,975.9,28.0,False,multivariate_inconsistency,low,37.0,24.38,972.75,48.21,OFFLINE,replay
2025-02-09T12:00:00,AWS-RAN-102,25.8,974.6,27.0,False,,low,9.9,24.38,972.75,48.21,WARNING,replay
2025-02-09T13:00:00,AWS-RAN-102,26.9,973.5,25.0,False,,low,2.9,24.51,972.81,47.77,OFFLINE,replay
2025-02-09T14:00:00,AWS-RAN-102,27.3,972.7,23.0,False,,low,11.6,24.51,972.81,47.77,OFFLINE,replay
2025-02-09T15:00:00,AWS-RAN-102,27.1,972.3,23.0,False,,low,9.0,24.51,972.81,47.77,OFFLINE,replay
2025-02-09T16:00:00,AWS-RAN-102,26.0,972.4,27.0,False,,low,3.7,24.51,972.81,47.77,HEALTHY,replay
2025-02-09T17:00:00,AWS-RAN-102,21.8,972.2,37.0,False,,low,3.7,24.67,972.82,47.19,WARNING,replay
2025-02-09T18:00:00,AWS-RAN-102,20.6,972.6,39.0,False,,low,0.5,24.75,972.8,46.79,WARNING,replay
2025-02-09T19:00:00,AWS-RAN-102,18.8,973.2,42.0,False,,low,0.8,24.63,972.75,46.71,WARNING,replay
2025-02-09T20:00:00,AWS-RAN-102,16.6,973.6,51.0,False,drift,low,35.7,24.42,972.78,46.88,WARNING,replay
2025-02-09T21:00:00,AWS-RAN-102,15.4,974.2,56.0,False,drift,low,34.7,24.17,972.82,47.21,WARNING,replay
2025-02-09T22:00:00,AWS-RAN-102,14.5,974.3,58.0,False,drift,low,34.6,23.98,972.87,47.42,WARNING,replay
2025-02-09T23:00:00,AWS-RAN-102,13.8,973.9,62.0,False,drift,low,34.7,23.81,972.92,47.52,OFFLINE,replay
2025-02-10T00:00:00,AWS-RAN-102,13.5,973.4,65.0,False,drift,low,36.4,23.81,972.92,47.52,OFFLINE,replay
2025-02-10T01:00:00,AWS-RAN-102,12.9,972.8,67.0,False,drift,low,37.2,23.81,972.92,47.52,OFFLINE,replay
2025-02-10T02:00:00,AWS-RAN-102,12.4,972.4,68.0,False,drift,low,38.7,23.81,972.92,47.52,OFFLINE,replay
2025-02-10T03:00:00,AWS-RAN-102,11.7,972.1,71.0,False,drift,low,47.8,23.81,972.92,47.52,OFFLINE,replay
2025-02-10T04:00:00,AWS-RAN-102,11.4,972.1,70.0,False,drift,low,45.1,23.81,972.92,47.52,OFFLINE,replay
2025-02-10T05:00:00,AWS-RAN-102,11.2,972.7,69.0,False,drift,low,41.1,23.81,972.92,47.52,OFFLINE,replay
2025-02-10T06:00:00,AWS-RAN-102,11.7,974.0,71.0,False,drift,low,44.5,23.81,972.92,47.52,OFFLINE,replay
2025-02-10T07:00:00,AWS-RAN-102,13.7,975.0,66.0,False,drift,low,39.2,23.81,972.92,47.52,OFFLINE,replay
2025-02-10T08:00:00,AWS-RAN-102,17.4,976.2,57.0,False,,low,20.7,23.81,972.92,47.52,OFFLINE,replay
2025-02-10T09:00:00,AWS-RAN-102,21.7,977.3,44.0,False,,low,34.0,23.81,972.92,47.52,OFFLINE,replay
2025-02-10T10:00:00,AWS-RAN-102,24.7,977.2,34.0,False,,low,33.3,23.81,972.92,47.52,WARNING,replay
2025-02-10T11:00:00,AWS-RAN-102,26.7,976.6,28.0,False,,low,7.8,23.89,973.02,46.96,OFFLINE,replay
2025-02-10T12:00:00,AWS-RAN-102,28.1,975.4,24.0,False,,low,27.6,23.89,973.02,46.96,OFFLINE,replay
2025-02-10T13:00:00,AWS-RAN-102,28.8,974.3,22.0,False,,low,34.2,23.89,973.02,46.96,OFFLINE,replay
2025-02-10T14:00:00,AWS-RAN-102,28.9,973.2,21.0,False,,low,41.7,23.89,973.02,46.96,WARNING,replay
2025-02-10T15:00:00,AWS-RAN-102,28.5,972.9,22.0,False,,low,5.6,24.07,973.01,46.04,WARNING,replay
2025-02-10T16:00:00,AWS-RAN-102,27.3,972.8,26.0,False,,low,2.6,24.28,973.0,45.06,WARNING,replay
2025-02-10T17:00:00,AWS-RAN-102,23.7,972.4,34.0,False,,low,1.1,24.32,972.93,44.58,WARNING,replay
2025-02-10T18:00:00,AWS-RAN-102,21.6,972.5,37.0,False,drift,low,34.5,24.2,972.94,44.56,WARNING,replay
2025-02-10T19:00:00,AWS-RAN-102,20.0,973.2,40.0,False,drift,low,34.5,24.04,972.95,44.6,WARNING,replay
2025-02-10T20:00:00,AWS-RAN-102,18.0,973.6,49.0,False,drift,low,34.9,23.88,972.98,44.65,WARNING,replay
2025-02-10T21:00:00,AWS-RAN-102,17.1,974.0,54.0,False,drift,low,34.4,23.73,973.02,44.69,OFFLINE,replay
2025-02-10T22:00:00,AWS-RAN-102,16.2,974.0,59.0,False,drift,low,37.9,23.73,973.02,44.69,OFFLINE,replay
2025-02-10T23:00:00,AWS-RAN-102,15.6,973.7,62.0,False,drift,low,42.6,23.73,973.02,44.69,OFFLINE,replay
2025-02-11T00:00:00,AWS-RAN-102,15.1,973.2,65.0,False,drift,low,46.4,23.73,973.02,44.69,OFFLINE,replay
2025-02-11T01:00:00,AWS-RAN-102,14.9,972.4,66.0,True,drift,low,53.0,23.73,973.02,44.69,OFFLINE,replay
2025-02-11T02:00:00,AWS-RAN-102,14.5,971.8,67.0,True,drift,low,53.2,23.73,973.02,44.69,OFFLINE,replay
2025-02-11T03:00:00,AWS-RAN-102,14.2,971.4,68.0,True,drift,medium,61.2,23.73,973.02,44.69,OFFLINE,replay
2025-02-11T04:00:00,AWS-RAN-102,13.8,971.4,70.0,False,,low,30.3,23.73,973.02,44.69,OFFLINE,replay
2025-02-11T05:00:00,AWS-RAN-102,13.4,971.9,73.0,False,,low,24.5,23.73,973.02,44.69,OFFLINE,replay
2025-02-11T06:00:00,AWS-RAN-102,13.4,972.8,78.0,False,,low,39.2,23.73,973.02,44.69,OFFLINE,replay
2025-02-11T07:00:00,AWS-RAN-102,15.6,973.8,68.0,True,drift,medium,60.4,23.73,973.02,44.69,OFFLINE,replay
2025-02-11T08:00:00,AWS-RAN-102,19.4,975.1,56.0,True,drift,low,53.0,23.73,973.02,44.69,OFFLINE,replay
2025-02-11T09:00:00,AWS-RAN-102,23.1,976.0,44.0,False,,low,14.3,23.73,973.02,44.69,OFFLINE,replay
2025-02-11T10:00:00,AWS-RAN-102,26.1,976.0,37.0,False,,low,21.8,23.73,973.02,44.69,OFFLINE,replay
2025-02-11T11:00:00,AWS-RAN-102,27.7,975.3,32.0,False,,low,19.4,23.73,973.02,44.69,WARNING,replay
2025-02-11T12:00:00,AWS-RAN-102,28.6,974.3,27.0,False,,low,2.7,23.82,973.1,44.25,WARNING,replay
2025-02-11T13:00:00,AWS-RAN-102,29.2,973.3,24.0,False,,low,2.3,23.99,973.14,43.54,WARNING,replay
2025-02-11T14:00:00,AWS-RAN-102,29.1,972.4,23.0,False,drift,low,34.9,24.19,973.15,42.65,WARNING,replay
2025-02-11T15:00:00,AWS-RAN-102,28.8,971.8,21.0,False,drift,low,35.1,24.4,973.13,41.62,OFFLINE,replay
2025-02-11T16:00:00,AWS-RAN-102,27.7,971.7,24.0,False,,low,0.6,24.4,973.13,41.62,OFFLINE,replay
2025-02-11T17:00:00,AWS-RAN-102,24.3,971.5,31.0,False,,low,2.3,24.4,973.13,41.62,OFFLINE,replay
2025-02-11T18:00:00,AWS-RAN-102,22.7,972.0,35.0,False,,low,1.7,24.4,973.13,41.62,WARNING,replay
2025-02-11T19:00:00,AWS-RAN-102,21.1,972.5,40.0,False,,low,0.5,24.36,973.03,41.35,WARNING,replay
2025-02-11T20:00:00,AWS-RAN-102,19.3,972.9,47.0,False,,low,1.8,24.22,973.03,41.42,WARNING,replay
2025-02-11T21:00:00,AWS-RAN-102,18.5,973.1,50.0,False,drift,low,34.3,24.03,973.04,41.65,WARNING,replay
2025-02-11T22:00:00,AWS-RAN-102,17.8,973.2,53.0,False,drift,low,34.2,23.85,973.05,41.9,OFFLINE,replay
2025-02-11T23:00:00,AWS-RAN-102,17.3,973.1,55.0,False,drift,low,34.3,23.85,973.05,41.9,OFFLINE,replay
2025-02-12T00:00:00,AWS-RAN-102,16.7,972.8,55.0,False,drift,low,34.4,23.85,973.05,41.9,OFFLINE,replay
2025-02-12T01:00:00,AWS-RAN-102,15.8,972.1,58.0,False,drift,low,34.9,23.85,973.05,41.9,OFFLINE,replay
2025-02-12T02:00:00,AWS-RAN-102,15.0,971.5,62.0,False,drift,low,38.1,23.85,973.05,41.9,OFFLINE,replay
2025-02-12T03:00:00,AWS-RAN-102,14.8,971.3,63.0,False,drift,low,40.9,23.85,973.05,41.9,OFFLINE,replay
2025-02-12T04:00:00,AWS-RAN-102,14.4,971.2,65.0,False,drift,low,44.1,23.85,973.05,41.9,OFFLINE,replay
2025-02-12T05:00:00,AWS-RAN-102,13.8,971.8,69.0,False,,low,18.9,23.85,973.05,41.9,OFFLINE,replay
2025-02-12T06:00:00,AWS-RAN-102,13.5,972.7,75.0,False,,low,24.3,23.85,973.05,41.9,OFFLINE,replay
2025-02-12T07:00:00,AWS-RAN-102,15.8,973.7,67.0,True,drift,low,50.6,23.85,973.05,41.9,OFFLINE,replay
2025-02-12T08:00:00,AWS-RAN-102,19.6,975.2,56.0,False,drift,low,42.9,23.85,973.05,41.9,OFFLINE,replay
2025-02-12T09:00:00,AWS-RAN-102,23.3,976.2,43.0,False,,low,12.3,23.85,973.05,41.9,OFFLINE,replay
2025-02-12T10:00:00,AWS-RAN-102,26.2,976.2,34.0,False,,low,17.5,23.85,973.05,41.9,OFFLINE,replay
2025-02-12T11:00:00,AWS-RAN-102,28.1,975.3,30.0,False,,low,17.2,23.85,973.05,41.9,HEALTHY,replay
2025-02-12T12:00:00,AWS-RAN-102,29.2,974.2,26.0,False,,low,2.0,23.95,973.1,41.46,OFFLINE,replay
2025-02-12T13:00:00,AWS-RAN-102,29.7,972.9,24.0,False,,low,4.5,23.95,973.1,41.46,OFFLINE,replay
2025-02-12T14:00:00,AWS-RAN-102,29.6,971.8,23.0,False,,low,8.9,23.95,973.1,41.46,OFFLINE,replay
2025-02-12T15:00:00,AWS-RAN-102,29.1,971.4,22.0,False,,low,8.2,23.95,973.1,41.46,HEALTHY,replay
2025-02-12T16:00:00,AWS-RAN-102,27.9,971.4,26.0,False,,low,3.8,24.12,973.06,40.71,WARNING,replay
2025-02-12T17:00:00,AWS-RAN-102,24.6,971.2,31.0,False,,low,1.3,24.3,973.0,39.9,WARNING,replay
2025-02-12T18:00:00,AWS-RAN-102,23.2,971.8,32.0,False,,low,0.6,24.43,972.92,39.08,WARNING,replay
2025-02-12T19:00:00,AWS-RAN-102,22.1,972.2,35.0,False,drift,low,34.8,24.55,972.84,38.19,WARNING,replay
2025-02-12T20:00:00,AWS-RAN-102,19.5,972.7,45.0,False,drift,low,40.6,24.5,972.74,38.02,WARNING,replay
2025-02-12T21:00:00,AWS-RAN-102,18.8,973.3,49.0,False,drift,low,35.4,24.3,972.74,38.35,WARNING,replay
2025-02-12T22:00:00,AWS-RAN-102,18.3,973.4,51.0,False,drift,low,34.9,24.09,972.76,38.75,OFFLINE,replay
2025-02-12T23:00:00,AWS-RAN-102,17.5,973.2,54.0,False,drift,low,36.7,24.09,972.76,38.75,OFFLINE,replay
2025-02-13T00:00:00,AWS-RAN-102,16.1,972.6,61.0,False,drift,low,49.9,24.09,972.76,38.75,OFFLINE,replay
2025-02-13T01:00:00,AWS-RAN-102,14.9,972.2,68.0,True,drift,high,81.3,24.09,972.76,38.75,OFFLINE,replay
2025-02-13T02:00:00,AWS-RAN-102,14.6,971.6,69.0,True,drift,high,82.0,24.09,972.76,38.75,OFFLINE,replay
2025-02-13T03:00:00,AWS-RAN-102,14.2,971.1,70.0,True,statistical_anomaly,low,51.3,24.09,972.76,38.75,OFFLINE,replay
2025-02-13T04:00:00,AWS-RAN-102,13.7,971.2,74.0,True,statistical_anomaly,low,51.1,24.09,972.76,38.75,OFFLINE,replay
2025-02-13T05:00:00,AWS-RAN-102,13.6,971.7,74.0,False,,low,46.5,24.09,972.76,38.75,OFFLINE,replay
2025-02-13T06:00:00,AWS-RAN-102,14.3,972.9,72.0,False,,low,41.8,24.09,972.76,38.75,OFFLINE,replay
2025-02-13T07:00:00,AWS-RAN-102,16.4,974.0,64.0,True,drift,medium,66.9,24.09,972.76,38.75,OFFLINE,replay
2025-02-13T08:00:00,AWS-RAN-102,19.6,975.1,55.0,True,drift,low,52.3,24.09,972.76,38.75,OFFLINE,replay
2025-02-13T09:00:00,AWS-RAN-102,22.2,976.0,46.0,False,,low,8.9,24.09,972.76,38.75,OFFLINE,replay
2025-02-13T10:00:00,AWS-RAN-102,23.7,975.7,37.0,False,,low,14.8,24.09,972.76,38.75,OFFLINE,replay
2025-02-13T11:00:00,AWS-RAN-102,25.1,974.8,31.0,False,,low,14.1,24.09,972.76,38.75,WARNING,replay
2025-02-13T12:00:00,AWS-RAN-102,26.1,973.5,25.0,False,,low,2.2,24.05,972.81,38.67,WARNING,replay
2025-02-13T13:00:00,AWS-RAN-102,26.8,972.6,21.0,False,,low,2.4,24.1,972.84,38.25,WARNING,replay
2025-02-13T14:00:00,AWS-RAN-102,27.0,971.7,17.0,False,drift,low,38.2,24.21,972.84,37.62,WARNING,replay
2025-02-13T15:00:00,AWS-RAN-102,26.5,971.1,16.0,False,drift,low,36.1,24.35,972.82,36.83,OFFLINE,replay
2025-02-13T16:00:00,AWS-RAN-102,25.2,971.1,19.0,False,,low,3.4,24.35,972.82,36.83,OFFLINE,replay
2025-02-13T17:00:00,AWS-RAN-102,22.3,971.3,24.0,False,,low,4.9,24.35,972.82,36.83,OFFLINE,replay
2025-02-13T18:00:00,AWS-RAN-102,19.9,971.7,33.0,False,,low,12.4,24.35,972.82,36.83,WARNING,replay
2025-02-13T19:00:00,AWS-RAN-102,18.6,972.6,36.0,False,,low,1.3,24.36,972.8,36.29,WARNING,replay
2025-02-13T20:00:00,AWS-RAN-102,17.3,973.2,42.0,False,,low,3.6,24.14,972.77,36.27,WARNING,replay
2025-02-13T21:00:00,AWS-RAN-102,16.5,973.5,45.0,False,drift,low,34.9,23.87,972.79,36.44,WARNING,replay
2025-02-13T22:00:00,AWS-RAN-102,16.0,973.8,47.0,False,drift,low,34.4,23.56,972.83,36.71,OFFLINE,replay
2025-02-13T23:00:00,AWS-RAN-102,15.2,973.6,50.0,False,drift,low,34.9,23.56,972.83,36.71,OFFLINE,replay
2025-02-14T00:00:00,AWS-RAN-102,14.7,973.4,52.0,False,drift,low,36.0,23.56,972.83,36.71,OFFLINE,replay
2025-02-14T01:00:00,AWS-RAN-102,14.4,972.4,52.0,False,drift,low,36.4,23.56,972.83,36.71,OFFLINE,replay
2025-02-14T02:00:00,AWS-RAN-102,14.1,971.5,52.0,False,drift,low,37.8,23.56,972.83,36.71,OFFLINE,replay
2025-02-14T03:00:00,AWS-RAN-102,13.5,971.5,55.0,False,drift,low,43.8,23.56,972.83,36.71,OFFLINE,replay
2025-02-14T04:00:00,AWS-RAN-102,13.2,971.0,58.0,True,drift,low,50.5,23.56,972.83,36.71,OFFLINE,replay
2025-02-14T05:00:00,AWS-RAN-102,13.0,971.2,61.0,False,,low,21.7,23.56,972.83,36.71,OFFLINE,replay
2025-02-14T06:00:00,AWS-RAN-102,12.4,972.8,68.0,False,,low,42.1,23.56,972.83,36.71,OFFLINE,replay
2025-02-14T07:00:00,AWS-RAN-102,14.3,973.9,61.0,True,drift,medium,57.1,23.56,972.83,36.71,OFFLINE,replay
2025-02-14T08:00:00,AWS-RAN-102,17.5,975.1,51.0,False,drift,low,45.5,23.56,972.83,36.71,OFFLINE,replay
2025-02-14T09:00:00,AWS-RAN-102,20.8,975.6,41.0,False,,low,11.2,23.56,972.83,36.71,OFFLINE,replay
2025-02-14T10:00:00,AWS-RAN-102,23.4,975.5,29.0,False,,low,16.1,23.56,972.83,36.71,OFFLINE,replay
2025-02-14T11:00:00,AWS-RAN-102,25.0,974.4,20.0,False,,low,17.3,23.56,972.83,36.71,HEALTHY,replay
2025-02-14T12:00:00,AWS-RAN-102,25.9,973.0,18.0,False,,low,3.4,23.43,972.91,36.48,OFFLINE,replay
2025-02-14T13:00:00,AWS-RAN-102,26.6,971.8,16.0,False,,low,11.2,23.43,972.91,36.48,OFFLINE,replay
2025-02-14T14:00:00,AWS-RAN-102,26.8,971.0,16.0,False,,low,13.5,23.43,972.91,36.48,OFFLINE,replay
2025-02-14T15:00:00,AWS-RAN-102,26.5,970.7,16.0,False,,low,16.2,23.43,972.91,36.48,HEALTHY,replay
2025-02-14T16:00:00,AWS-RAN-102,25.3,970.7,20.0,False,,low,7.1,23.34,972.91,36.17,WARNING,replay
2025-02-14T17:00:00,AWS-RAN-102,22.6,971.0,26.0,False,,low,3.8,23.25,972.92,35.83,WARNING,replay
2025-02-14T18:00:00,AWS-RAN-102,20.5,971.3,32.0,False,,low,1.2,23.18,972.93,35.46,WARNING,replay
2025-02-14T19:00:00,AWS-RAN-102,19.2,971.8,36.0,False,drift,low,34.5,23.09,972.94,35.06,WARNING,replay
2025-02-14T20:00:00,AWS-RAN-102,18.0,972.6,39.0,False,drift,low,34.7,23.02,972.94,34.6,WARNING,replay
2025-02-14T21:00:00,AWS-RAN-102,16.6,973.0,44.0,False,drift,low,35.5,22.96,972.94,34.04,WARNING,replay
2025-02-14T22:00:00,AWS-RAN-102,15.1,973.0,50.0,False,drift,low,37.5,22.76,972.9,33.98,OFFLINE,replay
2025-02-14T23:00:00,AWS-RAN-102,14.2,972.6,55.0,True,drift,low,53.3,22.76,972.9,33.98,OFFLINE,replay
2025-02-15T00:00:00,AWS-RAN-102,13.9,972.2,57.0,True,drift,medium,60.6,22.76,972.9,33.98,OFFLINE,replay
2025-02-15T01:00:00,AWS-RAN-102,13.8,971.8,56.0,True,drift,medium,57.3,22.76,972.9,33.98,OFFLINE,replay
2025-02-15T02:00:00,AWS-RAN-102,13.8,971.4,55.0,True,drift,medium,57.1,22.76,972.9,33.98,OFFLINE,replay
2025-02-15T03:00:00,AWS-RAN-102,13.9,971.0,55.0,True,drift,medium,55.2,22.76,972.9,33.98,OFFLINE,replay
2025-02-15T04:00:00,AWS-RAN-102,13.9,971.0,56.0,True,drift,low,53.4,22.76,972.9,33.98,OFFLINE,replay
2025-02-15T05:00:00,AWS-RAN-102,13.4,971.5,58.0,False,,low,27.0,22.76,972.9,33.98,OFFLINE,replay
2025-02-15T06:00:00,AWS-RAN-102,12.4,972.6,65.0,False,,low,46.0,22.76,972.9,33.98,OFFLINE,replay
2025-02-15T07:00:00,AWS-RAN-102,14.9,973.7,58.0,True,drift,medium,66.3,22.76,972.9,33.98,OFFLINE,replay
2025-02-15T08:00:00,AWS-RAN-102,18.7,974.7,48.0,True,drift,low,53.6,22.76,972.9,33.98,OFFLINE,replay
2025-02-15T09:00:00,AWS-RAN-102,22.1,975.4,38.0,False,,low,26.2,22.76,972.9,33.98,OFFLINE,replay
2025-02-15T10:00:00,AWS-RAN-102,24.8,975.2,30.0,False,,low,28.8,22.76,972.9,33.98,OFFLINE,replay
2025-02-15T11:00:00,AWS-RAN-102,26.5,974.1,25.0,False,,low,21.7,22.76,972.9,33.98,WARNING,replay
2025-02-15T12:00:00,AWS-RAN-102,27.2,972.9,24.0,False,,low,2.1,22.78,972.89,33.94,OFFLINE,replay
2025-02-15T13:00:00,AWS-RAN-102,27.9,971.7,24.0,False,,low,3.7,22.78,972.89,33.94,OFFLINE,replay
2025-02-15T14:00:00,AWS-RAN-102,28.4,970.7,21.0,False,,low,9.7,22.78,972.89,33.94,OFFLINE,replay
2025-02-15T15:00:00,AWS-RAN-102,28.1,970.4,22.0,False,,low,8.3,22.78,972.89,33.94,WARNING,replay
2025-02-15T16:00:00,AWS-RAN-102,27.1,970.7,25.0,False,,low,3.2,22.82,972.85,33.83,WARNING,replay
2025-02-15T17:00:00,AWS-RAN-102,24.2,970.8,30.0,False,,low,1.6,22.93,972.81,33.58,WARNING,replay
2025-02-15T18:00:00,AWS-RAN-102,22.5,970.8,33.0,False,,low,0.4,23.01,972.78,33.4,WARNING,replay
2025-02-15T19:00:00,AWS-RAN-102,20.0,971.3,40.0,False,drift,low,35.4,23.09,972.73,33.21,WARNING,replay
2025-02-15T20:00:00,AWS-RAN-102,17.8,971.8,49.0,False,drift,low,38.4,23.16,972.68,32.98,WARNING,replay
2025-02-15T21:00:00,AWS-RAN-102,17.1,972.0,51.0,False,drift,low,34.8,23.21,972.63,32.83,WARNING,replay
2025-02-15T22:00:00,AWS-RAN-102,16.0,972.5,57.0,False,drift,low,36.4,23.26,972.58,32.69,OFFLINE,replay
2025-02-15T23:00:00,AWS-RAN-102,15.6,972.1,59.0,False,drift,low,40.6,23.26,972.58,32.69,OFFLINE,replay
2025-02-16T00:00:00,AWS-RAN-102,14.9,971.6,61.0,False,drift,low,41.8,23.26,972.58,32.69,OFFLINE,replay
2025-02-16T01:00:00,AWS-RAN-102,13.8,970.5,65.0,True,drift,medium,65.5,23.26,972.58,32.69,OFFLINE,replay
2025-02-16T02:00:00,AWS-RAN-102,12.9,969.9,69.0,False,,low,42.5,23.26,972.58,32.69,OFFLINE,replay
2025-02-16T03:00:00,AWS-RAN-102,12.6,969.5,72.0,False,,low,49.1,23.26,972.58,32.69,OFFLINE,replay
2025-02-16T04:00:00,AWS-RAN-102,12.2,969.7,75.0,False,,low,48.9,23.26,972.58,32.69,OFFLINE,replay
2025-02-16T05:00:00,AWS-RAN-102,12.6,970.4,74.0,False,,low,45.4,23.26,972.58,32.69,OFFLINE,replay
2025-02-16T06:00:00,AWS-RAN-102,12.6,971.6,75.0,False,,low,38.8,23.26,972.58,32.69,OFFLINE,replay
2025-02-16T07:00:00,AWS-RAN-102,15.0,972.9,66.0,True,drift,medium,62.2,23.26,972.58,32.69,OFFLINE,replay
2025-02-16T08:00:00,AWS-RAN-102,18.6,974.0,57.0,True,drift,medium,55.6,23.26,972.58,32.69,OFFLINE,replay
2025-02-16T09:00:00,AWS-RAN-102,22.0,974.7,46.0,False,,low,19.1,23.26,972.58,32.69,OFFLINE,replay
2025-02-16T10:00:00,AWS-RAN-102,25.0,974.6,37.0,False,,low,22.1,23.26,972.58,32.69,OFFLINE,replay
2025-02-16T11:00:00,AWS-RAN-102,27.5,973.9,31.0,False,,low,18.4,23.26,972.58,32.69,WARNING,replay
2025-02-16T12:00:00,AWS-RAN-102,29.7,972.6,27.0,False,,low,3.0,23.32,972.51,32.62,WARNING,replay
2025-02-16T13:00:00,AWS-RAN-102,30.7,971.5,20.0,False,,low,13.0,23.34,972.5,32.75,WARNING,replay
2025-02-16T14:00:00,AWS-RAN-102,30.5,970.8,20.0,False,,low,1.5,23.38,972.47,32.71,WARNING,replay
2025-02-16T15:00:00,AWS-RAN-102,30.2,970.4,20.0,False,,low,0.8,23.45,972.43,32.58,WARNING,replay
2025-02-16T16:00:00,AWS-RAN-102,29.0,970.4,25.0,False,,low,1.0,23.58,972.39,32.29,WARNING,replay
2025-02-16T17:00:00,AWS-RAN-102,25.7,970.4,30.0,False,,low,0.6,23.74,972.34,32.04,WARNING,replay
2025-02-16T18:00:00,AWS-RAN-102,23.9,971.0,33.0,False,,low,0.4,23.86,972.29,31.83,WARNING,replay
2025-02-16T19:00:00,AWS-RAN-102,22.0,972.2,39.0,False,drift,low,35.7,23.98,972.23,31.5,WARNING,replay
2025-02-16T20:00:00,AWS-RAN-102,21.0,973.1,43.0,False,drift,low,34.6,23.86,972.17,31.65,WARNING,replay
2025-02-16T21:00:00,AWS-RAN-102,20.3,973.7,46.0,False,drift,low,35.0,23.7,972.14,31.98,WARNING,replay
2025-02-16T22:00:00,AWS-RAN-102,18.3,974.0,55.0,False,drift,low,41.1,23.52,972.15,32.44,OFFLINE,replay
2025-02-16T23:00:00,AWS-RAN-102,17.7,974.0,62.0,True,drift,high,75.1,23.52,972.15,32.44,OFFLINE,replay
2025-02-17T00:00:00,AWS-RAN-102,17.6,973.7,62.0,True,drift,high,72.0,23.52,972.15,32.44,OFFLINE,replay
2025-02-17T01:00:00,AWS-RAN-102,16.8,973.3,64.0,True,drift,medium,66.0,23.52,972.15,32.44,OFFLINE,replay
2025-02-17T02:00:00,AWS-RAN-102,16.2,972.6,67.0,False,,low,34.0,23.52,972.15,32.44,OFFLINE,replay
2025-02-17T03:00:00,AWS-RAN-102,15.4,972.4,71.0,False,,low,45.2,23.52,972.15,32.44,OFFLINE,replay
2025-02-17T04:00:00,AWS-RAN-102,14.8,972.5,75.0,False,,low,45.1,23.52,972.15,32.44,OFFLINE,replay
2025-02-17T05:00:00,AWS-RAN-102,14.4,973.2,77.0,False,,low,46.7,23.52,972.15,32.44,OFFLINE,replay
2025-02-17T06:00:00,AWS-RAN-102,14.4,974.2,82.0,True,statistical_anomaly,low,54.4,23.52,972.15,32.44,OFFLINE,replay
2025-02-17T07:00:00,AWS-RAN-102,16.9,975.6,74.0,True,drift,high,90.0,23.52,972.15,32.44,OFFLINE,replay
2025-02-17T08:00:00,AWS-RAN-102,20.8,976.7,58.0,True,drift,high,75.9,23.52,972.15,32.44,OFFLINE,replay
2025-02-17T09:00:00,AWS-RAN-102,23.0,977.3,52.0,True,drift,medium,62.2,23.52,972.15,32.44,OFFLINE,replay
2025-02-17T10:00:00,AWS-RAN-102,25.0,976.9,50.0,True,drift,high,79.0,23.52,972.15,32.44,OFFLINE,replay
2025-02-17T11:00:00,AWS-RAN-102,26.9,976.0,44.0,False,,low,44.8,23.52,972.15,32.44,OFFLINE,replay
2025-02-17T12:00:00,AWS-RAN-102,28.5,974.8,38.0,False,,low,23.6,23.52,972.15,32.44,OFFLINE,replay
2025-02-17T13:00:00,AWS-RAN-102,29.4,973.8,33.0,False,,low,10.0,23.52,972.15,32.44,WARNING,replay
2025-02-17T14:00:00,AWS-RAN-102,29.5,972.9,31.0,False,,low,0.7,23.52,972.18,32.65,OFFLINE,replay
2025-02-17T15:00:00,AWS-RAN-102,29.6,972.4,28.0,False,,low,2.9,23.52,972.18,32.65,OFFLINE,replay
2025-02-17T16:00:00,AWS-RAN-102,29.0,972.4,28.0,False,,low,3.3,23.52,972.18,32.65,OFFLINE,replay
2025-02-17T17:00:00,AWS-RAN-102,25.4,972.3,36.0,False,,low,2.1,23.52,972.18,32.65,WARNING,replay
2025-02-17T18:00:00,AWS-RAN-102,24.1,973.4,45.0,False,,low,4.1,23.58,972.19,32.67,WARNING,replay
2025-02-17T19:00:00,AWS-RAN-102,21.4,974.1,56.0,False,,low,9.8,23.64,972.2,32.77,WARNING,replay
2025-02-17T20:00:00,AWS-RAN-102,20.5,974.8,59.0,False,drift,low,39.8,23.69,972.23,32.96,WARNING,replay
2025-02-17T21:00:00,AWS-RAN-102,19.4,975.4,65.0,False,drift,low,39.9,23.73,972.26,33.15,WARNING,replay
2025-02-17T22:00:00,AWS-RAN-102,18.5,975.5,70.0,False,drift,low,41.7,23.55,972.27,33.88,WARNING,replay
2025-02-17T23:00:00,AWS-RAN-102,17.8,975.3,74.0,False,drift,low,42.1,23.32,972.35,34.88,OFFLINE,replay
2025-02-18T00:00:00,AWS-RAN-102,17.1,974.9,79.0,True,drift,medium,63.6,23.32,972.35,34.88,OFFLINE,replay
2025-02-18T01:00:00,AWS-RAN-102,16.6,974.3,80.0,True,drift,high,71.9,23.32,972.35,34.88,OFFLINE,replay
2025-02-18T02:00:00,AWS-RAN-102,16.0,973.6,83.0,True,drift,high,77.2,23.32,972.35,34.88,OFFLINE,replay
2025-02-18T03:00:00,AWS-RAN-102,15.0,973.1,88.0,True,drift,high,86.2,23.32,972.35,34.88,OFFLINE,replay
2025-02-18T04:00:00,AWS-RAN-102,14.2,972.9,91.0,True,statistical_anomaly,low,53.7,23.32,972.35,34.88,OFFLINE,replay
2025-02-18T05:00:00,AWS-RAN-102,13.8,973.3,93.0,True,statistical_anomaly,low,53.7,23.32,972.35,34.88,OFFLINE,replay
2025-02-18T06:00:00,AWS-RAN-102,13.9,974.5,94.0,True,statistical_anomaly,low,54.3,23.32,972.35,34.88,OFFLINE,replay
2025-02-18T07:00:00,AWS-RAN-102,16.3,975.6,83.0,True,drift,high,81.4,23.32,972.35,34.88,OFFLINE,replay
2025-02-18T08:00:00,AWS-RAN-102,20.0,977.0,69.0,False,,low,23.9,23.32,972.35,34.88,OFFLINE,replay
2025-02-18T09:00:00,AWS-RAN-102,23.0,977.5,57.0,False,,low,34.9,23.32,972.35,34.88,OFFLINE,replay
2025-02-18T10:00:00,AWS-RAN-102,25.1,977.6,46.0,False,,low,36.2,23.32,972.35,34.88,WARNING,replay
2025-02-18T11:00:00,AWS-RAN-102,26.7,976.5,37.0,False,,low,23.2,23.27,972.48,35.29,WARNING,replay
2025-02-18T12:00:00,AWS-RAN-102,27.8,975.2,34.0,False,,low,7.8,23.31,972.59,35.42,WARNING,replay
2025-02-18T13:00:00,AWS-RAN-102,28.4,974.1,31.0,False,drift,low,37.0,23.41,972.66,35.46,WARNING,replay
2025-02-18T14:00:00,AWS-RAN-102,28.8,973.3,27.0,False,drift,low,37.7,23.54,972.7,35.38,WARNING,replay
2025-02-18T15:00:00,AWS-RAN-102,28.8,972.7,26.0,False,drift,low,37.2,23.73,972.71,35.0,OFFLINE,replay
2025-02-18T16:00:00,AWS-RAN-102,28.1,972.6,28.0,False,,low,4.5,23.73,972.71,35.0,OFFLINE,replay
2025-02-18T17:00:00,AWS-RAN-102,24.9,972.4,37.0,False,,low,17.0,23.73,972.71,35.0,OFFLINE,replay
2025-02-18T18:00:00,AWS-RAN-102,25.0,972.5,34.0,False,,low,8.2,23.73,972.71,35.0,WARNING,replay
2025-02-18T19:00:00,AWS-RAN-102,21.9,973.0,46.0,False,,low,25.1,23.86,972.7,34.69,WARNING,replay
2025-02-18T20:00:00,AWS-RAN-102,21.7,974.0,50.0,False,,low,4.4,23.79,972.66,35.0,WARNING,replay
2025-02-18T21:00:00,AWS-RAN-102,21.0,974.5,50.0,False,,low,1.0,23.7,972.67,35.52,WARNING,replay
2025-02-18T22:00:00,AWS-RAN-102,19.4,974.2,55.0,False,,low,2.1,23.58,972.71,36.12,WARNING,replay
2025-02-18T23:00:00,AWS-RAN-102,18.3,974.1,60.0,False,,low,1.6,23.42,972.76,36.92,WARNING,replay
2025-02-19T00:00:00,AWS-RAN-102,17.5,973.7,65.0,False,,low,2.2,23.39,972.81,37.48,WARNING,replay
2025-02-19T01:00:00,AWS-RAN-102,17.5,973.2,67.0,False,drift,low,35.0,23.37,972.84,38.08,WARNING,replay
2025-02-19T02:00:00,AWS-RAN-102,16.5,972.6,71.0,False,drift,low,36.0,23.37,972.84,38.6,WARNING,replay
2025-02-19T03:00:00,AWS-RAN-102,16.6,972.5,68.0,False,,low,1.1,23.37,972.82,39.15,WARNING,replay
2025-02-19T04:00:00,AWS-RAN-102,15.8,972.4,72.0,False,,low,0.7,23.2,972.78,40.15,WARNING,replay
2025-02-19T05:00:00,AWS-RAN-102,15.0,972.7,79.0,False,,low,1.6,22.97,972.81,41.31,WARNING,replay
2025-02-19T06:00:00,AWS-RAN-102,15.2,973.8,83.0,False,,low,8.1,22.76,972.85,42.54,WARNING,replay
2025-02-19T07:00:00,AWS-RAN-102,17.9,974.7,74.0,False,,low,5.6,22.6,972.91,43.73,WARNING,replay
2025-02-19T08:00:00,AWS-RAN-102,21.5,975.9,60.0,False,,low,9.2,22.55,972.98,44.6,WARNING,replay
2025-02-19T09:00:00,AWS-RAN-102,24.1,976.4,51.0,False,,low,5.9,22.6,973.07,45.1,WARNING,replay
2025-02-19T10:00:00,AWS-RAN-102,26.0,976.1,44.0,False,drift,low,35.3,22.72,973.15,45.35,WARNING,replay
2025-02-19T11:00:00,AWS-RAN-102,27.3,975.1,39.0,False,drift,low,35.4,22.92,973.21,45.35,WARNING,replay
2025-02-19T12:00:00,AWS-RAN-102,28.0,974.1,37.0,False,drift,low,35.2,22.94,973.23,45.65,WARNING,replay
2025-02-19T13:00:00,AWS-RAN-102,28.3,972.7,35.0,False,drift,low,35.6,22.94,973.31,45.96,OFFLINE,replay
2025-02-19T14:00:00,AWS-RAN-102,28.5,971.7,33.0,False,drift,low,37.3,22.94,973.31,45.96,OFFLINE,replay
2025-02-19T15:00:00,AWS-RAN-102,28.7,971.1,31.0,False,,low,6.2,22.94,973.31,45.96,OFFLINE,replay
2025-02-19T16:00:00,AWS-RAN-102,28.2,970.8,32.0,False,,low,7.3,22.94,973.31,45.96,OFFLINE,replay
2025-02-19T17:00:00,AWS-RAN-102,25.6,970.9,42.0,False,,low,3.2,22.94,973.31,45.96,HEALTHY,replay
2025-02-19T18:00:00,AWS-RAN-102,24.3,971.5,42.0,False,,low,1.3,22.9,973.31,46.31,OFFLINE,replay
2025-02-19T19:00:00,AWS-RAN-102,22.4,972.0,50.0,False,,low,3.7,22.9,973.31,46.31,OFFLINE,replay
2025-02-19T20:00:00,AWS-RAN-102,20.9,973.1,56.0,False,,low,7.8,22.9,973.31,46.31,OFFLINE,replay
2025-02-19T21:00:00,AWS-RAN-102,20.9,973.9,56.0,False,,low,5.2,22.9,973.31,46.31,HEALTHY,replay
2025-02-19T22:00:00,AWS-RAN-102,20.2,974.3,58.0,False,,low,0.3,22.84,973.38,46.85,WARNING,replay
2025-02-19T23:00:00,AWS-RAN-102,19.5,974.2,60.0,False,drift,low,34.2,22.79,973.45,47.38,WARNING,replay
2025-02-20T00:00:00,AWS-RAN-102,18.8,973.7,64.0,False,drift,low,34.1,22.78,973.51,47.79,WARNING,replay
2025-02-20T01:00:00,AWS-RAN-102,17.7,973.2,71.0,False,drift,low,34.2,22.8,973.55,48.1,WARNING,replay
2025-02-20T02:00:00,AWS-RAN-102,17.8,972.7,71.0,False,,low,0.1,22.81,973.58,48.52,WARNING,replay
2025-02-20T03:00:00,AWS-RAN-102,17.5,973.3,72.0,False,,low,0.1,22.61,973.55,49.35,WARNING,replay
2025-02-20T04:00:00,AWS-RAN-102,17.2,972.8,76.0,False,,low,0.1,22.35,973.57,50.29,WARNING,replay
2025-02-20T05:00:00,AWS-RAN-102,16.8,973.6,80.0,False,,low,0.2,22.07,973.59,51.46,WARNING,replay
2025-02-20T06:00:00,AWS-RAN-102,17.2,974.6,84.0,False,drift,low,35.0,21.79,973.65,52.71,OFFLINE,replay
2025-02-20T07:00:00,AWS-RAN-102,18.7,975.6,77.0,False,,low,2.8,21.79,973.65,52.71,OFFLINE,replay
2025-02-20T08:00:00,AWS-RAN-102,20.7,976.7,71.0,False,,low,7.6,21.79,973.65,52.71,OFFLINE,replay
2025-02-20T09:00:00,AWS-RAN-102,23.1,977.1,64.0,False,,low,29.7,21.79,973.65,52.71,WARNING,replay
2025-02-20T10:00:00,AWS-RAN-102,25.7,977.0,57.0,False,,low,2.5,21.64,973.79,53.62,WARNING,replay
2025-02-20T11:00:00,AWS-RAN-102,27.0,976.3,44.0,False,,low,4.6,21.57,973.93,54.29,WARNING,replay
2025-02-20T12:00:00,AWS-RAN-102,27.7,975.2,40.0,False,drift,low,34.7,21.6,974.05,54.58,WARNING,replay
2025-02-20T13:00:00,AWS-RAN-102,28.1,973.8,40.0,False,,low,0.6,21.68,974.14,54.73,WARNING,replay
2025-02-20T14:00:00,AWS-RAN-102,28.1,972.9,39.0,False,,low,0.4,21.8,974.17,54.75,WARNING,replay
2025-02-20T15:00:00,AWS-RAN-102,25.3,973.5,49.0,False,,low,0.9,21.95,974.17,54.67,WARNING,replay
2025-02-20T16:00:00,AWS-RAN-102,22.8,972.8,64.0,False,,low,4.8,22.06,974.16,54.73,WARNING,replay
2025-02-20T17:00:00,AWS-RAN-102,22.6,973.2,68.0,False,,low,0.7,21.92,974.14,55.38,WARNING,replay
2025-02-20T18:00:00,AWS-RAN-102,20.6,973.7,77.0,False,drift,low,35.6,21.86,974.16,56.04,WARNING,replay
2025-02-20T19:00:00,AWS-RAN-102,20.1,974.7,81.0,False,drift,low,34.5,21.79,974.17,56.71,WARNING,replay
2025-02-20T20:00:00,AWS-RAN-102,18.7,975.4,89.0,False,drift,low,37.4,21.76,974.18,57.23,OFFLINE,replay
2025-02-20T21:00:00,AWS-RAN-102,18.4,976.0,92.0,True,drift,low,53.7,21.76,974.18,57.23,OFFLINE,replay
2025-02-20T22:00:00,AWS-RAN-102,17.8,976.4,93.0,True,drift,medium,62.9,21.76,974.18,57.23,OFFLINE,replay
2025-02-20T23:00:00,AWS-RAN-102,18.0,976.1,91.0,True,drift,medium,59.4,21.76,974.18,57.23,OFFLINE,replay
2025-02-21T00:00:00,AWS-RAN-102,17.4,975.3,94.0,True,drift,low,51.9,21.76,974.18,57.23,OFFLINE,replay
2025-02-21T01:00:00,AWS-RAN-102,16.5,974.5,97.0,True,drift,medium,65.7,21.76,974.18,57.23,OFFLINE,replay
2025-02-21T02:00:00,AWS-RAN-102,15.9,973.8,99.0,True,drift,high,72.3,21.76,974.18,57.23,OFFLINE,replay
2025-02-21T03:00:00,AWS-RAN-102,16.2,973.7,99.0,True,drift,high,71.4,21.76,974.18,57.23,OFFLINE,replay
2025-02-21T04:00:00,AWS-RAN-102,16.2,973.9,98.0,True,drift,medium,61.8,21.76,974.18,57.23,OFFLINE,replay
2025-02-21T05:00:00,AWS-RAN-102,16.2,974.6,97.0,False,,low,25.3,21.76,974.18,57.23,OFFLINE,replay
2025-02-21T06:00:00,AWS-RAN-102,15.9,975.3,97.0,True,drift,medium,61.7,21.76,974.18,57.23,OFFLINE,replay
2025-02-21T07:00:00,AWS-RAN-102,17.9,976.8,90.0,True,drift,medium,65.1,21.76,974.18,57.23,OFFLINE,replay
2025-02-21T08:00:00,AWS-RAN-102,21.1,977.8,75.0,False,,low,2.2,21.76,974.18,57.23,OFFLINE,replay
2025-02-21T09:00:00,AWS-RAN-102,24.6,978.1,59.0,False,,low,9.0,21.76,974.18,57.23,OFFLINE,replay
2025-02-21T10:00:00,AWS-RAN-102,27.7,977.9,42.0,False,,low,15.7,21.76,974.18,57.23,HEALTHY,replay
2025-02-21T11:00:00,AWS-RAN-102,29.1,977.2,31.0,False,,low,14.4,21.91,974.25,56.88,OFFLINE,replay
2025-02-21T12:00:00,AWS-RAN-102,29.8,976.0,28.0,False,,low,27.8,21.91,974.25,56.88,OFFLINE,replay
2025-02-21T13:00:00,AWS-RAN-102,30.6,974.8,26.0,False,,low,30.3,21.91,974.25,56.88,OFFLINE,replay
2025-02-21T14:00:00,AWS-RAN-102,30.8,973.7,24.0,False,,low,48.0,21.91,974.25,56.88,HEALTHY,replay
2025-02-21T15:00:00,AWS-RAN-102,30.5,973.0,24.0,False,,low,7.0,22.15,974.21,56.02,WARNING,replay
2025-02-21T16:00:00,AWS-RAN-102,29.4,972.7,27.0,False,,low,1.8,22.4,974.16,55.06,WARNING,replay
2025-02-21T17:00:00,AWS-RAN-102,26.8,972.9,32.0,False,,low,0.7,22.49,974.06,54.67,WARNING,replay
2025-02-21T18:00:00,AWS-RAN-102,24.4,973.1,37.0,False,,low,0.5,22.49,973.98,54.56,WARNING,replay
2025-02-21T19:00:00,AWS-RAN-102,22.4,973.8,45.0,False,drift,low,34.9,22.42,973.94,54.62,WARNING,replay
2025-02-21T20:00:00,AWS-RAN-102,20.6,974.3,52.0,False,drift,low,34.3,22.29,973.93,54.92,WARNING,replay
2025-02-21T21:00:00,AWS-RAN-102,20.1,975.1,55.0,False,drift,low,34.1,22.12,973.95,55.44,WARNING,replay
2025-02-21T22:00:00,AWS-RAN-102,19.3,975.3,58.0,False,drift,low,34.1,22.02,974.01,55.88,OFFLINE,replay
2025-02-21T23:00:00,AWS-RAN-102,18.4,975.0,62.0,False,drift,low,34.2,22.02,974.01,55.88,OFFLINE,replay
2025-02-22T00:00:00,AWS-RAN-102,17.8,974.5,66.0,False,drift,low,35.1,22.02,974.01,55.88,OFFLINE,replay
2025-02-22T01:00:00,AWS-RAN-102,17.0,973.9,70.0,False,drift,low,39.1,22.02,974.01,55.88,OFFLINE,replay
2025-02-22T02:00:00,AWS-RAN-102,16.4,973.6,72.0,False,drift,low,40.5,22.02,974.01,55.88,OFFLINE,replay
2025-02-22T03:00:00,AWS-RAN-102,16.2,973.5,72.0,False,drift,low,40.6,22.02,974.01,55.88,OFFLINE,replay
2025-02-22T04:00:00,AWS-RAN-102,15.6,973.7,75.0,False,drift,low,46.4,22.02,974.01,55.88,OFFLINE,replay
2025-02-22T05:00:00,AWS-RAN-102,14.9,974.0,80.0,False,,low,17.8,22.02,974.01,55.88,OFFLINE,replay
2025-02-22T06:00:00,AWS-RAN-102,16.4,974.9,80.0,True,drift,high,70.1,22.02,974.01,55.88,OFFLINE,replay
2025-02-22T07:00:00,AWS-RAN-102,18.9,975.9,70.0,False,drift,low,42.7,22.02,974.01,55.88,OFFLINE,replay
2025-02-22T08:00:00,AWS-RAN-102,22.5,977.3,58.0,False,drift,low,44.9,22.02,974.01,55.88,OFFLINE,replay
2025-02-22T09:00:00,AWS-RAN-102,25.3,977.8,47.0,False,,low,11.1,22.02,974.01,55.88,OFFLINE,replay
2025-02-22T10:00:00,AWS-RAN-102,27.2,977.8,40.0,False,,low,14.3,22.02,974.01,55.88,OFFLINE,replay
2025-02-22T11:00:00,AWS-RAN-102,28.3,977.0,36.0,False,,low,8.7,22.02,974.01,55.88,WARNING,replay
2025-02-22T12:00:00,AWS-RAN-102,28.5,976.1,35.0,False,,low,0.7,22.15,974.09,55.67,OFFLINE,replay
2025-02-22T13:00:00,AWS-RAN-102,29.0,975.0,34.0,False,,low,0.9,22.15,974.09,55.67,OFFLINE,replay
2025-02-22T14:00:00,AWS-RAN-102,29.1,973.6,33.0,False,,low,1.4,22.15,974.09,55.67,OFFLINE,replay
2025-02-22T15:00:00,AWS-RAN-102,29.1,973.4,33.0,False,,low,1.4,22.15,974.09,55.67,WARNING,replay
2025-02-22T16:00:00,AWS-RAN-102,28.0,973.5,35.0,False,,low,0.7,22.31,974.08,55.31,WARNING,replay
2025-02-22T17:00:00,AWS-RAN-102,25.3,973.3,47.0,False,,low,1.8,22.45,974.06,55.0,WARNING,replay
2025-02-22T18:00:00,AWS-RAN-102,22.6,974.2,55.0,False,,low,0.7,22.58,974.04,54.83,WARNING,replay
2025-02-22T19:00:00,AWS-RAN-102,22.4,975.2,55.0,False,drift,low,34.5,22.67,974.04,54.73,WARNING,replay
2025-02-22T20:00:00,AWS-RAN-102,21.4,975.8,62.0,False,drift,low,34.4,22.77,974.07,54.52,WARNING,replay
2025-02-22T21:00:00,AWS-RAN-102,19.6,976.4,69.0,False,drift,low,34.4,22.85,974.12,54.42,WARNING,replay
2025-02-22T22:00:00,AWS-RAN-102,19.0,976.4,70.0,False,drift,low,34.2,22.91,974.2,54.38,OFFLINE,replay
2025-02-22T23:00:00,AWS-RAN-102,18.6,976.4,70.0,False,drift,low,34.3,22.91,974.2,54.38,OFFLINE,replay
2025-02-23T00:00:00,AWS-RAN-102,17.8,976.0,73.0,False,drift,low,34.7,22.91,974.2,54.38,OFFLINE,replay
2025-02-23T01:00:00,AWS-RAN-102,17.3,975.5,74.0,False,drift,low,35.5,22.91,974.2,54.38,OFFLINE,replay
2025-02-23T02:00:00,AWS-RAN-102,16.9,975.0,77.0,False,,low,3.5,22.91,974.2,54.38,OFFLINE,replay
2025-02-23T03:00:00,AWS-RAN-102,16.4,974.6,79.0,False,,low,6.6,22.91,974.2,54.38,OFFLINE,replay
2025-02-23T04:00:00,AWS-RAN-102,16.1,974.9,81.0,False,,low,9.1,22.91,974.2,54.38,HEALTHY,replay
2025-02-23T05:00:00,AWS-RAN-102,15.6,975.4,84.0,False,drift,low,34.8,22.9,974.25,54.65,OFFLINE,replay
2025-02-23T06:00:00,AWS-RAN-102,16.7,976.4,84.0,False,drift,low,42.1,22.9,974.25,54.65,OFFLINE,replay
2025-02-23T07:00:00,AWS-RAN-102,18.7,977.8,76.0,False,,low,5.5,22.9,974.25,54.65,OFFLINE,replay
2025-02-23T08:00:00,AWS-RAN-102,22.2,979.1,62.0,False,,low,10.8,22.9,974.25,54.65,HEALTHY,replay
2025-02-23T09:00:00,AWS-RAN-102,25.0,979.6,49.0,False,,low,1.2,23.04,974.39,54.44,WARNING,replay
2025-02-23T10:00:00,AWS-RAN-102,26.3,979.4,42.0,False,,low,2.8,23.25,974.54,53.81,WARNING,replay
2025-02-23T11:00:00,AWS-RAN-102,27.2,978.4,37.0,False,drift,low,34.8,23.48,974.65,52.96,WARNING,replay
2025-02-23T12:00:00,AWS-RAN-102,27.7,977.2,34.0,False,drift,low,35.0,23.67,974.73,52.19,OFFLINE,replay
2025-02-23T13:00:00,AWS-RAN-102,27.9,976.3,32.0,False,drift,low,35.4,23.67,974.73,52.19,OFFLINE,replay
2025-02-23T14:00:00,AWS-RAN-102,27.9,975.3,31.0,False,drift,low,37.5,23.67,974.73,52.19,OFFLINE,replay
2025-02-23T15:00:00,AWS-RAN-102,27.8,974.6,30.0,False,,low,6.7,23.67,974.73,52.19,OFFLINE,replay
2025-02-23T16:00:00,AWS-RAN-102,27.2,974.5,30.0,False,,low,8.8,23.67,974.73,52.19,OFFLINE,replay
2025-02-23T17:00:00,AWS-RAN-102,24.8,974.8,34.0,False,drift,low,41.2,23.67,974.73,52.19,OFFLINE,replay
2025-02-23T18:00:00,AWS-RAN-102,23.1,975.4,35.0,False,,low,19.7,23.67,974.73,52.19,OFFLINE,replay
2025-02-23T19:00:00,AWS-RAN-102,21.7,976.3,38.0,False,,low,13.3,23.67,974.73,52.19,OFFLINE,replay
2025-02-23T20:00:00,AWS-RAN-102,19.3,977.1,49.0,False,,low,13.1,23.67,974.73,52.19,OFFLINE,replay
2025-02-23T21:00:00,AWS-RAN-102,18.6,977.7,52.0,False,,low,10.4,23.67,974.73,52.19,OFFLINE,replay
2025-02-23T22:00:00,AWS-RAN-102,17.7,978.2,59.0,False,,low,8.7,23.67,974.73,52.19,OFFLINE,replay
2025-02-23T23:00:00,AWS-RAN-102,17.2,977.8,61.0,False,,low,9.5,23.67,974.73,52.19,OFFLINE,replay
2025-02-24T00:00:00,AWS-RAN-102,16.5,977.3,64.0,False,,low,20.9,23.67,974.73,52.19,WARNING,replay
2025-02-24T01:00:00,AWS-RAN-102,15.8,976.8,68.0,False,,low,3.4,23.57,974.76,52.27,WARNING,replay
2025-02-24T02:00:00,AWS-RAN-102,15.2,976.5,70.0,False,,low,2.2,23.39,974.77,52.62,WARNING,replay
2025-02-24T03:00:00,AWS-RAN-102,14.7,976.3,73.0,False,,low,0.3,23.17,974.78,53.17,WARNING,replay
2025-02-24T04:00:00,AWS-RAN-102,14.2,976.6,75.0,False,drift,low,34.3,22.91,974.8,53.88,WARNING,replay
2025-02-24T05:00:00,AWS-RAN-102,13.6,977.4,79.0,False,drift,low,34.6,22.62,974.85,54.67,WARNING,replay
2025-02-24T06:00:00,AWS-RAN-102,14.3,978.4,83.0,False,drift,low,39.7,22.37,974.99,55.44,WARNING,replay
2025-02-24T07:00:00,AWS-RAN-102,16.8,979.6,74.0,False,,low,5.0,22.23,975.08,56.0,WARNING,replay
2025-02-24T08:00:00,AWS-RAN-102,20.4,980.8,60.0,False,,low,12.0,22.16,975.19,56.33,WARNING,replay
2025-02-24T09:00:00,AWS-RAN-102,23.3,981.3,49.0,False,,low,6.6,22.18,975.33,56.33,WARNING,replay
2025-02-24T10:00:00,AWS-RAN-102,25.0,981.0,37.0,False,drift,low,43.9,22.27,975.49,56.02,OFFLINE,replay
2025-02-24T11:00:00,AWS-RAN-102,26.3,980.1,30.0,True,drift,medium,68.0,22.27,975.49,56.02,OFFLINE,replay
2025-02-24T12:00:00,AWS-RAN-102,27.4,978.6,27.0,True,drift,high,86.7,22.27,975.49,56.02,OFFLINE,replay
2025-02-24T13:00:00,AWS-RAN-102,28.2,977.2,23.0,True,drift,high,89.4,22.27,975.49,56.02,OFFLINE,replay
2025-02-24T14:00:00,AWS-RAN-102,28.4,975.7,20.0,True,drift,critical,92.4,22.27,975.49,56.02,OFFLINE,replay
2025-02-24T15:00:00,AWS-RAN-102,28.0,975.1,19.0,True,statistical_anomaly,medium,58.1,22.27,975.49,56.02,OFFLINE,replay
2025-02-24T16:00:00,AWS-RAN-102,27.2,975.1,22.0,True,statistical_anomaly,medium,57.6,22.27,975.49,56.02,OFFLINE,replay
2025-02-24T17:00:00,AWS-RAN-102,24.7,975.2,26.0,True,drift,high,87.9,22.27,975.49,56.02,OFFLINE,replay
2025-02-24T18:00:00,AWS-RAN-102,23.1,975.7,28.0,True,multivariate_inconsistency,medium,67.2,22.27,975.49,56.02,OFFLINE,replay
2025-02-24T19:00:00,AWS-RAN-102,21.0,976.6,34.0,True,multivariate_inconsistency,medium,56.4,22.27,975.49,56.02,OFFLINE,replay
2025-02-24T20:00:00,AWS-RAN-102,19.6,977.7,41.0,True,multivariate_inconsistency,low,54.0,22.27,975.49,56.02,OFFLINE,replay
2025-02-24T21:00:00,AWS-RAN-102,18.8,978.2,44.0,True,multivariate_inconsistency,medium,56.5,22.27,975.49,56.02,OFFLINE,replay
2025-02-24T22:00:00,AWS-RAN-102,17.8,978.6,50.0,False,,low,21.2,22.27,975.49,56.02,OFFLINE,replay
2025-02-24T23:00:00,AWS-RAN-102,17.3,978.4,56.0,False,,low,24.1,22.27,975.49,56.02,WARNING,replay
2025-02-25T00:00:00,AWS-RAN-102,16.8,978.0,58.0,False,,low,1.0,22.26,975.6,55.71,OFFLINE,replay
2025-02-25T01:00:00,AWS-RAN-102,16.0,977.3,60.0,False,,low,4.7,22.26,975.6,55.71,OFFLINE,replay
2025-02-25T02:00:00,AWS-RAN-102,15.5,976.6,62.0,False,,low,7.4,22.26,975.6,55.71,OFFLINE,replay
2025-02-25T03:00:00,AWS-RAN-102,14.9,976.5,64.0,False,,low,6.8,22.26,975.6,55.71,WARNING,replay
2025-02-25T04:00:00,AWS-RAN-102,14.4,976.6,67.0,False,,low,2.0,22.2,975.68,55.56,WARNING,replay
2025-02-25T05:00:00,AWS-RAN-102,13.8,976.9,71.0,False,,low,1.1,22.14,975.75,55.46,WARNING,replay
2025-02-25T06:00:00,AWS-RAN-102,14.3,978.6,75.0,False,,low,10.6,22.07,975.83,55.35,WARNING,replay
2025-02-25T07:00:00,AWS-RAN-102,16.9,979.7,66.0,False,,low,4.4,22.02,975.94,55.25,WARNING,replay
2025-02-25T08:00:00,AWS-RAN-102,20.5,980.8,53.0,False,,low,7.7,21.89,975.99,55.29,WARNING,replay
2025-02-25T09:00:00,AWS-RAN-102,23.3,981.5,42.0,False,,low,3.8,21.78,976.07,55.21,WARNING,replay
2025-02-25T10:00:00,AWS-RAN-102,25.3,981.1,36.0,False,drift,low,34.9,21.7,976.18,55.17,WARNING,replay
2025-02-25T11:00:00,AWS-RAN-102,26.6,980.2,34.0,False,drift,low,34.7,21.65,976.3,55.08,WARNING,replay
2025-02-25T12:00:00,AWS-RAN-102,27.6,979.0,32.0,False,drift,low,34.8,21.62,976.43,54.96,WARNING,replay
2025-02-25T13:00:00,AWS-RAN-102,28.3,978.1,31.0,False,drift,low,34.5,21.61,976.56,54.81,OFFLINE,replay
2025-02-25T14:00:00,AWS-RAN-102,28.7,976.9,30.0,False,drift,low,35.9,21.61,976.56,54.81,OFFLINE,replay
2025-02-25T15:00:00,AWS-RAN-102,28.6,976.5,29.0,False,drift,low,36.0,21.61,976.56,54.81,OFFLINE,replay
2025-02-25T16:00:00,AWS-RAN-102,27.9,976.3,29.0,False,,low,3.8,21.61,976.56,54.81,OFFLINE,replay
2025-02-25T17:00:00,AWS-RAN-102,25.2,976.4,41.0,False,,low,5.4,21.61,976.56,54.81,OFFLINE,replay
2025-02-25T18:00:00,AWS-RAN-102,23.2,977.7,47.0,False,,low,6.3,21.61,976.56,54.81,OFFLINE,replay
2025-02-25T19:00:00,AWS-RAN-102,22.0,978.9,49.0,False,,low,5.3,21.61,976.56,54.81,OFFLINE,replay
2025-02-25T20:00:00,AWS-RAN-102,20.2,979.8,51.0,False,,low,8.1,21.61,976.56,54.81,OFFLINE,replay
2025-02-25T21:00:00,AWS-RAN-102,19.0,979.8,54.0,False,,low,4.4,21.61,976.56,54.81,OFFLINE,replay
2025-02-25T22:00:00,AWS-RAN-102,18.1,979.9,57.0,False,,low,9.7,21.61,976.56,54.81,WARNING,replay
2025-02-25T23:00:00,AWS-RAN-102,17.3,979.7,61.0,False,,low,1.1,21.46,976.69,54.98,WARNING,replay
2025-02-26T00:00:00,AWS-RAN-102,16.9,979.0,63.0,False,,low,1.7,21.35,976.84,54.92,WARNING,replay
2025-02-26T01:00:00,AWS-RAN-102,16.5,978.4,65.0,False,drift,low,34.1,21.23,976.96,54.81,WARNING,replay
2025-02-26T02:00:00,AWS-RAN-102,15.5,977.7,69.0,False,drift,low,34.2,21.14,977.06,54.56,WARNING,replay
2025-02-26T03:00:00,AWS-RAN-102,15.0,977.5,72.0,False,drift,low,34.1,21.05,977.12,54.31,WARNING,replay
2025-02-26T04:00:00,AWS-RAN-102,14.6,977.7,74.0,False,drift,low,34.1,20.78,977.11,54.94,OFFLINE,replay
2025-02-26T05:00:00,AWS-RAN-102,14.1,978.2,77.0,False,drift,low,34.4,20.78,977.11,54.94,OFFLINE,replay
2025-02-26T06:00:00,AWS-RAN-102,14.5,979.4,78.0,False,drift,low,36.6,20.78,977.11,54.94,OFFLINE,replay
2025-02-26T07:00:00,AWS-RAN-102,17.2,980.7,70.0,False,,low,3.5,20.78,977.11,54.94,OFFLINE,replay
2025-02-26T08:00:00,AWS-RAN-102,20.8,981.7,55.0,False,,low,15.1,20.78,977.11,54.94,OFFLINE,replay
2025-02-26T09:00:00,AWS-RAN-102,23.3,982.1,47.0,False,,low,23.4,20.78,977.11,54.94,WARNING,replay
2025-02-26T10:00:00,AWS-RAN-102,25.2,982.0,41.0,False,,low,0.9,20.62,977.29,55.42,OFFLINE,replay
2025-02-26T11:00:00,AWS-RAN-102,26.4,980.7,38.0,False,,low,4.8,20.62,977.29,55.42,OFFLINE,replay
2025-02-26T12:00:00,AWS-RAN-102,27.3,979.4,36.0,False,,low,6.8,20.62,977.29,55.42,OFFLINE,replay
2025-02-26T13:00:00,AWS-RAN-102,27.4,978.1,34.0,False,,low,9.7,20.62,977.29,55.42,HEALTHY,replay
2025-02-26T14:00:00,AWS-RAN-102,27.6,976.9,31.0,False,,low,2.9,20.56,977.39,55.62,WARNING,replay
2025-02-26T15:00:00,AWS-RAN-102,27.8,976.3,29.0,False,drift,low,34.8,20.52,977.48,55.71,WARNING,replay
2025-02-26T16:00:00,AWS-RAN-102,27.6,976.1,29.0,False,,low,0.5,20.54,977.55,55.65,WARNING,replay
2025-02-26T17:00:00,AWS-RAN-102,25.6,975.8,38.0,False,,low,0.7,20.61,977.61,55.48,WARNING,replay
2025-02-26T18:00:00,AWS-RAN-102,23.3,976.0,38.0,False,,low,0.5,20.68,977.65,55.33,WARNING,replay
2025-02-26T19:00:00,AWS-RAN-102,22.1,976.6,40.0,False,,low,0.1,20.73,977.69,55.04,WARNING,replay
2025-02-26T20:00:00,AWS-RAN-102,20.0,977.2,47.0,False,drift,low,34.2,20.78,977.72,54.73,WARNING,replay
2025-02-26T21:00:00,AWS-RAN-102,18.9,977.4,52.0,False,drift,low,34.1,20.6,977.72,54.96,WARNING,replay
2025-02-26T22:00:00,AWS-RAN-102,18.0,977.8,59.0,False,drift,low,34.3,20.39,977.81,55.35,WARNING,replay
2025-02-26T23:00:00,AWS-RAN-102,16.7,977.8,68.0,False,drift,low,34.4,20.18,977.9,55.85,OFFLINE,replay
2025-02-27T00:00:00,AWS-RAN-102,16.0,977.2,72.0,False,drift,low,36.8,20.18,977.9,55.85,OFFLINE,replay
2025-02-27T01:00:00,AWS-RAN-102,15.6,976.4,72.0,False,drift,low,37.4,20.18,977.9,55.85,OFFLINE,replay
2025-02-27T02:00:00,AWS-RAN-102,15.3,975.9,70.0,False,drift,low,36.3,20.18,977.9,55.85,OFFLINE,replay
2025-02-27T03:00:00,AWS-RAN-102,14.7,975.7,70.0,False,drift,low,38.2,20.18,977.9,55.85,OFFLINE,replay
2025-02-27T04:00:00,AWS-RAN-102,14.5,975.9,68.0,False,drift,low,36.5,20.18,977.9,55.85,OFFLINE,replay
2025-02-27T05:00:00,AWS-RAN-102,14.1,976.3,69.0,False,drift,low,38.8,20.18,977.9,55.85,OFFLINE,replay
2025-02-27T06:00:00,AWS-RAN-102,14.2,977.0,80.0,True,drift,low,52.6,20.18,977.9,55.85,OFFLINE,replay
2025-02-27T07:00:00,AWS-RAN-102,17.0,978.0,68.0,False,drift,low,34.5,20.18,977.9,55.85,OFFLINE,replay
2025-02-27T08:00:00,AWS-RAN-102,20.7,978.8,56.0,False,,low,0.6,20.18,977.9,55.85,OFFLINE,replay
2025-02-27T09:00:00,AWS-RAN-102,23.7,979.5,49.0,False,,low,6.8,20.18,977.9,55.85,OFFLINE,replay
2025-02-27T10:00:00,AWS-RAN-102,25.9,979.3,39.0,False,,low,6.5,20.18,977.9,55.85,WARNING,replay
2025-02-27T11:00:00,AWS-RAN-102,27.4,977.9,34.0,False,,low,1.6,20.19,978.02,55.69,OFFLINE,replay
2025-02-27T12:00:00,AWS-RAN-102,28.8,976.6,31.0,False,,low,6.0,20.19,978.02,55.69,OFFLINE,replay
2025-02-27T13:00:00,AWS-RAN-102,29.5,975.1,30.0,False,,low,10.7,20.19,978.02,55.69,OFFLINE,replay
2025-02-27T14:00:00,AWS-RAN-102,29.9,973.7,28.0,False,,low,37.3,20.19,978.02,55.69,WARNING,replay
2025-02-27T15:00:00,AWS-RAN-102,29.8,973.2,27.0,False,,low,9.5,20.35,978.01,55.12,WARNING,replay
2025-02-27T16:00:00,AWS-RAN-102,28.8,973.4,29.0,False,,low,1.3,20.5,977.97,54.54,WARNING,replay
2025-02-27T17:00:00,AWS-RAN-102,26.0,973.5,36.0,False,,low,0.7,20.65,977.92,53.85,WARNING,replay
2025-02-27T18:00:00,AWS-RAN-102,23.1,974.1,45.0,False,,low,1.0,20.79,977.86,53.17,WARNING,replay
2025-02-27T19:00:00,AWS-RAN-102,21.6,974.9,50.0,False,drift,low,34.5,20.93,977.84,52.42,WARNING,replay
2025-02-27T20:00:00,AWS-RAN-102,20.3,975.8,55.0,False,drift,low,34.3,20.92,977.76,52.17,WARNING,replay
2025-02-27T21:00:00,AWS-RAN-102,19.2,976.1,62.0,False,drift,low,34.1,20.82,977.68,52.29,WARNING,replay
2025-02-27T22:00:00,AWS-RAN-102,18.3,976.0,67.0,False,drift,low,34.1,20.68,977.61,52.71,OFFLINE,replay
2025-02-27T23:00:00,AWS-RAN-102,17.3,975.5,72.0,False,drift,low,35.2,20.68,977.61,52.71,OFFLINE,replay
2025-02-28T00:00:00,AWS-RAN-102,17.0,975.0,73.0,False,drift,low,36.6,20.68,977.61,52.71,OFFLINE,replay
2025-02-28T01:00:00,AWS-RAN-102,16.5,974.2,74.0,False,drift,low,38.2,20.68,977.61,52.71,OFFLINE,replay
2025-02-28T02:00:00,AWS-RAN-102,15.8,973.8,79.0,False,drift,low,48.8,20.68,977.61,52.71,OFFLINE,replay
2025-02-28T03:00:00,AWS-RAN-102,15.5,973.8,80.0,False,drift,low,49.4,20.68,977.61,52.71,OFFLINE,replay
2025-02-28T04:00:00,AWS-RAN-102,15.3,973.7,80.0,True,drift,low,50.3,20.68,977.61,52.71,OFFLINE,replay
2025-02-28T05:00:00,AWS-RAN-102,15.2,974.1,79.0,False,,low,13.1,20.68,977.61,52.71,OFFLINE,replay
2025-02-28T06:00:00,AWS-RAN-102,14.4,974.8,90.0,True,drift,high,73.2,20.68,977.61,52.71,OFFLINE,replay
2025-02-28T07:00:00,AWS-RAN-102,17.5,975.9,77.0,False,drift,low,44.2,20.68,977.61,52.71,OFFLINE,replay
2025-02-28T08:00:00,AWS-RAN-102,21.5,976.9,62.0,False,,low,0.5,20.68,977.61,52.71,OFFLINE,replay
2025-02-28T09:00:00,AWS-RAN-102,24.9,977.6,52.0,False,,low,5.9,20.68,977.61,52.71,OFFLINE,replay
2025-02-28T10:00:00,AWS-RAN-102,27.6,977.6,42.0,False,,low,8.6,20.68,977.61,52.71,WARNING,replay
2025-02-28T11:00:00,AWS-RAN-102,29.4,976.7,34.0,False,,low,2.1,20.68,977.59,52.81,OFFLINE,replay
2025-02-28T12:00:00,AWS-RAN-102,30.5,975.3,32.0,False,,low,10.2,20.68,977.59,52.81,OFFLINE,replay
2025-02-28T13:00:00,AWS-RAN-102,31.1,973.9,31.0,False,,low,20.8,20.68,977.59,52.81,OFFLINE,replay
2025-02-28T14:00:00,AWS-RAN-102,31.1,972.6,31.0,False,,low,28.0,20.68,977.59,52.81,WARNING,replay
2025-02-28T15:00:00,AWS-RAN-102,30.3,972.0,32.0,False,,low,6.5,20.99,977.49,52.12,WARNING,replay
2025-02-28T16:00:00,AWS-RAN-102,29.6,971.9,33.0,False,,low,2.7,21.29,977.39,51.38,WARNING,replay
2025-02-28T17:00:00,AWS-RAN-102,26.8,971.9,41.0,False,,low,4.4,21.59,977.3,50.6,WARNING,replay
2025-02-28T18:00:00,AWS-RAN-102,24.7,972.4,48.0,False,drift,low,37.6,21.84,977.21,49.94,WARNING,replay
2025-02-28T19:00:00,AWS-RAN-102,23.5,973.3,52.0,False,drift,low,35.5,22.06,977.12,49.38,WARNING,replay
2025-02-28T20:00:00,AWS-RAN-102,22.7,974.3,56.0,False,drift,low,35.0,22.27,977.03,48.81,WARNING,replay
2025-02-28T21:00:00,AWS-RAN-102,21.4,974.6,60.0,False,drift,low,34.6,22.44,976.95,48.25,OFFLINE,replay
2025-02-28T22:00:00,AWS-RAN-102,21.1,974.1,60.0,False,drift,low,34.8,22.44,976.95,48.25,OFFLINE,replay
2025-02-28T23:00:00,AWS-RAN-102,20.2,973.5,63.0,False,drift,low,36.8,22.44,976.95,48.25,OFFLINE,replay
2025-03-01T00:00:00,AWS-RAN-102,19.0,972.9,69.0,False,drift,low,49.9,22.44,976.95,48.25,OFFLINE,replay
2025-03-01T01:00:00,AWS-RAN-102,17.8,972.1,76.0,True,drift,medium,64.3,22.44,976.95,48.25,OFFLINE,replay
2025-03-01T02:00:00,AWS-RAN-102,16.7,971.4,83.0,False,,low,47.0,22.44,976.95,48.25,OFFLINE,replay
2025-03-01T03:00:00,AWS-RAN-102,16.0,970.8,87.0,True,statistical_anomaly,low,51.3,22.44,976.95,48.25,OFFLINE,replay
2025-03-01T04:00:00,AWS-RAN-102,16.2,970.5,84.0,False,,low,48.0,22.44,976.95,48.25,OFFLINE,replay
2025-03-01T05:00:00,AWS-RAN-102,16.5,971.0,80.0,False,,low,36.8,22.44,976.95,48.25,OFFLINE,replay
2025-03-01T06:00:00,AWS-RAN-102,17.5,972.1,75.0,True,drift,high,70.5,22.44,976.95,48.25,OFFLINE,replay
2025-03-01T07:00:00,AWS-RAN-102,21.6,973.3,60.0,False,drift,low,35.0,22.44,976.95,48.25,OFFLINE,replay
2025-03-01T08:00:00,AWS-RAN-102,26.2,974.6,46.0,False,,low,2.2,22.44,976.95,48.25,OFFLINE,replay
2025-03-01T09:00:00,AWS-RAN-102,29.8,974.9,37.0,False,,low,16.0,22.44,976.95,48.25,OFFLINE,replay
2025-03-01T10:00:00,AWS-RAN-102,32.5,974.5,27.0,False,,low,34.8,22.44,976.95,48.25,WARNING,replay
2025-03-01T11:00:00,AWS-RAN-102,33.8,973.2,22.0,False,,low,20.8,22.77,976.84,47.27,WARNING,replay
2025-03-01T12:00:00,AWS-RAN-102,34.7,971.8,19.0,False,,low,33.4,23.05,976.68,46.48,WARNING,replay
2025-03-01T13:00:00,AWS-RAN-102,35.1,970.4,20.0,False,,low,19.7,23.29,976.49,45.85,WARNING,replay
2025-03-01T14:00:00,AWS-RAN-102,34.7,969.2,20.0,False,,low,15.3,23.66,976.32,45.1,WARNING,replay
2025-03-01T15:00:00,AWS-RAN-102,33.5,968.8,22.0,False,,low,4.1,24.07,976.17,44.19,WARNING,replay
2025-03-01T16:00:00,AWS-RAN-102,30.1,969.5,30.0,False,,low,7.3,24.47,976.0,43.25,WARNING,replay
2025-03-01T17:00:00,AWS-RAN-102,26.9,969.7,45.0,False,,low,17.8,24.81,975.85,42.4,WARNING,replay
2025-03-01T18:00:00,AWS-RAN-102,26.0,970.3,41.0,False,,low,2.8,25.07,975.66,41.77,WARNING,replay
2025-03-01T19:00:00,AWS-RAN-102,24.1,971.3,46.0,False,,low,3.3,25.26,975.47,41.25,WARNING,replay
2025-03-01T20:00:00,AWS-RAN-102,22.5,971.7,52.0,False,,low,0.8,25.33,975.27,41.1,WARNING,replay
2025-03-01T21:00:00,AWS-RAN-102,21.6,971.8,56.0,False,drift,low,34.4,25.32,975.07,41.31,WARNING,replay
2025-03-01T22:00:00,AWS-RAN-102,20.2,971.8,61.0,False,drift,low,34.6,25.24,974.87,41.73,WARNING,replay
2025-03-01T23:00:00,AWS-RAN-102,19.8,971.4,63.0,False,drift,low,34.2,25.11,974.7,42.29,WARNING,replay
2025-03-02T00:00:00,AWS-RAN-102,19.4,970.9,63.0,False,drift,low,34.2,24.94,974.54,42.94,OFFLINE,replay
2025-03-02T01:00:00,AWS-RAN-102,19.3,970.3,62.0,False,drift,low,34.3,24.94,974.54,42.94,OFFLINE,replay
2025-03-02T02:00:00,AWS-RAN-102,19.2,969.9,64.0,False,drift,low,34.4,24.94,974.54,42.94,OFFLINE,replay
2025-03-02T03:00:00,AWS-RAN-102,19.0,969.3,68.0,False,drift,low,34.9,24.94,974.54,42.94,OFFLINE,replay
2025-03-02T04:00:00,AWS-RAN-102,18.5,969.3,72.0,False,drift,low,35.6,24.94,974.54,42.94,OFFLINE,replay
2025-03-02T05:00:00,AWS-RAN-102,18.1,969.8,75.0,False,drift,low,40.4,24.94,974.54,42.94,OFFLINE,replay
2025-03-02T06:00:00,AWS-RAN-102,18.8,970.5,78.0,True,drift,low,51.6,24.94,974.54,42.94,OFFLINE,replay
2025-03-02T07:00:00,AWS-RAN-102,21.1,971.6,71.0,False,drift,low,36.9,24.94,974.54,42.94,OFFLINE,replay
2025-03-02T08:00:00,AWS-RAN-102,24.6,972.6,58.0,False,,low,11.0,24.94,974.54,42.94,OFFLINE,replay
2025-03-02T09:00:00,AWS-RAN-102,27.7,973.1,49.0,False,,low,26.7,24.94,974.54,42.94,OFFLINE,replay
2025-03-02T10:00:00,AWS-RAN-102,30.1,973.0,35.0,False,,low,19.0,24.94,974.54,42.94,OFFLINE,replay
2025-03-02T11:00:00,AWS-RAN-102,31.6,972.1,28.0,False,,low,10.7,24.94,974.54,42.94,OFFLINE,replay
2025-03-02T12:00:00,AWS-RAN-102,32.3,970.9,26.0,False,,low,18.7,24.94,974.54,42.94,OFFLINE,replay
2025-03-02T13:00:00,AWS-RAN-102,32.6,969.6,25.0,False,,low,32.2,24.94,974.54,42.94,OFFLINE,replay
2025-03-02T14:00:00,AWS-RAN-102,32.3,968.7,25.0,False,,low,36.5,24.94,974.54,42.94,WARNING,replay
2025-03-02T15:00:00,AWS-RAN-102,31.9,968.3,25.0,False,,low,5.3,25.24,974.31,42.27,WARNING,replay
2025-03-02T16:00:00,AWS-RAN-102,31.0,968.1,28.0,False,,low,7.7,25.54,974.07,41.52,WARNING,replay
2025-03-02T17:00:00,AWS-RAN-102,29.1,968.1,32.0,False,,low,0.7,25.84,973.84,40.79,WARNING,replay
2025-03-02T18:00:00,AWS-RAN-102,26.4,968.6,39.0,False,drift,low,35.0,26.1,973.63,40.1,WARNING,replay
2025-03-02T19:00:00,AWS-RAN-102,24.7,969.4,45.0,False,drift,low,35.0,26.33,973.44,39.48,WARNING,replay
2025-03-02T20:00:00,AWS-RAN-102,23.0,970.5,51.0,False,drift,low,36.5,26.53,973.27,38.92,WARNING,replay
2025-03-02T21:00:00,AWS-RAN-102,22.1,971.4,55.0,False,drift,low,34.5,26.52,973.03,39.0,OFFLINE,replay
2025-03-02T22:00:00,AWS-RAN-102,21.3,971.7,58.0,False,drift,low,37.1,26.52,973.03,39.0,OFFLINE,replay
2025-03-02T23:00:00,AWS-RAN-102,20.5,971.4,63.0,False,drift,low,47.6,26.52,973.03,39.0,OFFLINE,replay
2025-03-03T00:00:00,AWS-RAN-102,19.3,970.8,68.0,True,drift,medium,64.2,26.52,973.03,39.0,OFFLINE,replay
2025-03-03T01:00:00,AWS-RAN-102,18.9,970.5,70.0,True,drift,high,72.2,26.52,973.03,39.0,OFFLINE,replay
2025-03-03T02:00:00,AWS-RAN-102,18.6,969.9,72.0,True,drift,high,75.1,26.52,973.03,39.0,OFFLINE,replay
2025-03-03T03:00:00,AWS-RAN-102,18.3,970.0,74.0,False,,low,40.3,26.52,973.03,39.0,OFFLINE,replay
2025-03-03T04:00:00,AWS-RAN-102,17.7,970.4,77.0,False,,low,44.5,26.52,973.03,39.0,OFFLINE,replay
2025-03-03T05:00:00,AWS-RAN-102,17.0,971.0,81.0,False,,low,43.5,26.52,973.03,39.0,OFFLINE,replay
2025-03-03T06:00:00,AWS-RAN-102,17.9,972.3,80.0,True,statistical_anomaly,medium,56.6,26.52,973.03,39.0,OFFLINE,replay
2025-03-03T07:00:00,AWS-RAN-102,20.7,973.7,70.0,True,drift,high,83.7,26.52,973.03,39.0,OFFLINE,replay
2025-03-03T08:00:00,AWS-RAN-102,23.9,974.5,55.0,False,drift,low,37.4,26.52,973.03,39.0,OFFLINE,replay
2025-03-03T09:00:00,AWS-RAN-102,26.4,974.9,45.0,False,,low,5.3,26.52,973.03,39.0,OFFLINE,replay
2025-03-03T10:00:00,AWS-RAN-102,28.3,975.0,40.0,False,,low,13.4,26.52,973.03,39.0,OFFLINE,replay
2025-03-03T11:00:00,AWS-RAN-102,29.8,974.0,36.0,False,,low,16.7,26.52,973.03,39.0,WARNING,replay
2025-03-03T12:00:00,AWS-RAN-102,31.0,972.5,31.0,False,,low,2.9,26.57,972.94,39.04,WARNING,replay
2025-03-03T13:00:00,AWS-RAN-102,31.5,971.4,27.0,False,,low,4.8,26.64,972.85,39.04,WARNING,replay
2025-03-03T14:00:00,AWS-RAN-102,31.6,970.5,25.0,False,drift,low,35.8,26.72,972.75,39.0,WARNING,replay
2025-03-03T15:00:00,AWS-RAN-102,31.2,969.5,23.0,False,drift,low,36.2,26.8,972.63,38.92,OFFLINE,replay
2025-03-03T16:00:00,AWS-RAN-102,30.0,969.7,25.0,False,,low,2.1,26.8,972.63,38.92,OFFLINE,replay
2025-03-03T17:00:00,AWS-RAN-102,28.0,969.9,29.0,False,,low,1.5,26.8,972.63,38.92,OFFLINE,replay
2025-03-03T18:00:00,AWS-RAN-102,25.7,970.5,31.0,False,,low,2.2,26.8,972.63,38.92,WARNING,replay
2025-03-03T19:00:00,AWS-RAN-102,24.5,971.1,34.0,False,,low,0.4,26.81,972.52,38.77,WARNING,replay
2025-03-03T20:00:00,AWS-RAN-102,23.0,971.5,39.0,False,,low,0.5,26.83,972.42,38.69,WARNING,replay
2025-03-03T21:00:00,AWS-RAN-102,22.0,971.9,42.0,False,drift,low,34.1,26.85,972.31,38.67,WARNING,replay
2025-03-03T22:00:00,AWS-RAN-102,20.9,972.2,46.0,False,drift,low,34.2,26.89,972.2,38.56,OFFLINE,replay
2025-03-03T23:00:00,AWS-RAN-102,19.7,972.0,50.0,False,drift,low,34.9,26.89,972.2,38.56,OFFLINE,replay
2025-03-04T00:00:00,AWS-RAN-102,18.9,971.6,53.0,False,drift,low,37.7,26.89,972.2,38.56,OFFLINE,replay
2025-03-04T01:00:00,AWS-RAN-102,18.1,971.0,55.0,False,drift,low,41.2,26.89,972.2,38.56,OFFLINE,replay
2025-03-04T02:00:00,AWS-RAN-102,17.6,970.4,55.0,False,drift,low,41.1,26.89,972.2,38.56,OFFLINE,replay
2025-03-04T03:00:00,AWS-RAN-102,17.1,969.9,58.0,True,drift,low,51.1,26.89,972.2,38.56,OFFLINE,replay
2025-03-04T04:00:00,AWS-RAN-102,16.6,970.3,60.0,False,,low,15.0,26.89,972.2,38.56,OFFLINE,replay
2025-03-04T05:00:00,AWS-RAN-102,16.0,971.0,63.0,False,,low,17.7,26.89,972.2,38.56,OFFLINE,replay
2025-03-04T06:00:00,AWS-RAN-102,15.7,972.1,70.0,False,,low,32.7,26.89,972.2,38.56,HEALTHY,replay
2025-03-04T07:00:00,AWS-RAN-102,18.5,973.4,61.0,False,,low,6.0,26.83,972.09,38.94,OFFLINE,replay
2025-03-04T08:00:00,AWS-RAN-102,21.9,974.2,48.0,False,,low,5.3,26.83,972.09,38.94,OFFLINE,replay
2025-03-04T09:00:00,AWS-RAN-102,25.0,974.6,39.0,False,,low,3.0,26.83,972.09,38.94,OFFLINE,replay
2025-03-04T10:00:00,AWS-RAN-102,27.6,974.8,31.0,False,,low,5.9,26.83,972.09,38.94,HEALTHY,replay
2025-03-04T11:00:00,AWS-RAN-102,29.6,973.8,28.0,False,,low,1.1,27.03,972.03,38.35,WARNING,replay
2025-03-04T12:00:00,AWS-RAN-102,31.1,972.4,26.0,False,,low,9.9,27.1,971.91,38.12,WARNING,replay
2025-03-04T13:00:00,AWS-RAN-102,32.1,971.2,22.0,False,drift,low,35.9,27.13,971.89,38.08,WARNING,replay
2025-03-04T14:00:00,AWS-RAN-102,32.3,970.4,22.0,False,,low,1.3,27.18,971.85,37.98,WARNING,replay
2025-03-04T15:00:00,AWS-RAN-102,31.7,969.9,24.0,False,,low,0.6,27.25,971.78,37.83,WARNING,replay
2025-03-04T16:00:00,AWS-RAN-102,30.8,969.7,25.0,False,,low,0.5,27.37,971.71,37.58,WARNING,replay
2025-03-04T17:00:00,AWS-RAN-102,28.3,969.7,29.0,False,,low,0.7,27.53,971.62,37.17,WARNING,replay
2025-03-04T18:00:00,AWS-RAN-102,26.7,969.9,29.0,False,,low,0.5,27.67,971.51,36.73,WARNING,replay
2025-03-04T19:00:00,AWS-RAN-102,23.3,970.4,41.0,False,,low,2.3,27.8,971.39,36.19,WARNING,replay
2025-03-04T20:00:00,AWS-RAN-102,22.1,971.4,47.0,False,,low,1.2,27.89,971.27,35.75,WARNING,replay
2025-03-04T21:00:00,AWS-RAN-102,21.3,971.8,52.0,False,drift,low,36.9,27.77,971.14,35.85,WARNING,replay
2025-03-04T22:00:00,AWS-RAN-102,20.7,972.1,55.0,False,drift,low,34.9,27.57,971.12,36.29,WARNING,replay
2025-03-04T23:00:00,AWS-RAN-102,20.4,971.9,58.0,False,drift,low,34.7,27.37,971.12,36.77,WARNING,replay
2025-03-05T00:00:00,AWS-RAN-102,20.3,971.5,61.0,False,drift,low,34.5,27.18,971.12,37.29,OFFLINE,replay
2025-03-05T01:00:00,AWS-RAN-102,19.8,971.0,64.0,False,drift,low,34.7,27.18,971.12,37.29,OFFLINE,replay
2025-03-05T02:00:00,AWS-RAN-102,19.1,970.5,67.0,False,drift,low,35.4,27.18,971.12,37.29,OFFLINE,replay
2025-03-05T03:00:00,AWS-RAN-102,18.3,969.7,70.0,False,drift,low,40.3,27.18,971.12,37.29,OFFLINE,replay
2025-03-05T04:00:00,AWS-RAN-102,17.7,969.9,72.0,False,drift,low,46.0,27.18,971.12,37.29,OFFLINE,replay
2025-03-05T05:00:00,AWS-RAN-102,17.3,970.3,71.0,False,,low,8.8,27.18,971.12,37.29,OFFLINE,replay
2025-03-05T06:00:00,AWS-RAN-102,17.4,971.4,71.0,False,drift,low,40.7,27.18,971.12,37.29,OFFLINE,replay
2025-03-05T07:00:00,AWS-RAN-102,19.5,972.7,62.0,False,drift,low,34.6,27.18,971.12,37.29,OFFLINE,replay
2025-03-05T08:00:00,AWS-RAN-102,22.2,973.3,49.0,False,,low,1.9,27.18,971.12,37.29,OFFLINE,replay
2025-03-05T09:00:00,AWS-RAN-102,23.8,973.7,36.0,False,,low,10.2,27.18,971.12,37.29,OFFLINE,replay
2025-03-05T10:00:00,AWS-RAN-102,25.2,973.8,31.0,False,,low,20.8,27.18,971.12,37.29,WARNING,replay
2025-03-05T11:00:00,AWS-RAN-102,26.2,972.5,28.0,False,,low,1.6,27.14,971.16,37.08,OFFLINE,replay
2025-03-05T12:00:00,AWS-RAN-102,27.2,971.4,24.0,False,,low,5.1,27.14,971.16,37.08,OFFLINE,replay
2025-03-05T13:00:00,AWS-RAN-102,27.5,970.4,23.0,False,,low,9.1,27.14,971.16,37.08,OFFLINE,replay
2025-03-05T14:00:00,AWS-RAN-102,27.8,969.4,22.0,False,,low,11.0,27.14,971.16,37.08,WARNING,replay
2025-03-05T15:00:00,AWS-RAN-102,27.7,968.8,22.0,False,,low,6.7,27.21,971.1,36.54,WARNING,replay
2025-03-05T16:00:00,AWS-RAN-102,26.9,968.8,23.0,False,,low,3.1,27.29,971.01,35.92,WARNING,replay
2025-03-05T17:00:00,AWS-RAN-102,25.1,969.0,25.0,False,,low,0.9,27.38,970.89,35.23,WARNING,replay
2025-03-05T18:00:00,AWS-RAN-102,22.5,969.8,31.0,False,,low,1.0,27.23,970.78,35.19,WARNING,replay
2025-03-05T19:00:00,AWS-RAN-102,21.1,970.5,34.0,False,drift,low,34.7,26.99,970.71,35.38,WARNING,replay
2025-03-05T20:00:00,AWS-RAN-102,19.6,971.0,39.0,False,drift,low,34.6,26.71,970.68,35.69,WARNING,replay
2025-03-05T21:00:00,AWS-RAN-102,18.3,971.5,45.0,False,drift,low,35.3,26.39,970.69,36.08,WARNING,replay
2025-03-05T22:00:00,AWS-RAN-102,17.6,972.0,46.0,False,drift,low,34.4,26.04,970.74,36.6,OFFLINE,replay
2025-03-05T23:00:00,AWS-RAN-102,16.5,972.0,46.0,False,drift,low,35.0,26.04,970.74,36.6,OFFLINE,replay
2025-03-06T00:00:00,AWS-RAN-102,15.6,971.8,46.0,False,drift,low,35.6,26.04,970.74,36.6,OFFLINE,replay
2025-03-06T01:00:00,AWS-RAN-102,15.0,971.4,45.0,False,,low,2.1,26.04,970.74,36.6,OFFLINE,replay
2025-03-06T02:00:00,AWS-RAN-102,14.4,971.0,45.0,False,,low,2.5,26.04,970.74,36.6,OFFLINE,replay
2025-03-06T03:00:00,AWS-RAN-102,13.8,970.8,47.0,False,drift,low,37.5,26.04,970.74,36.6,OFFLINE,replay
2025-03-06T04:00:00,AWS-RAN-102,13.4,971.1,49.0,False,drift,low,38.0,26.04,970.74,36.6,OFFLINE,replay
2025-03-06T05:00:00,AWS-RAN-102,12.9,971.4,52.0,False,drift,low,38.7,26.04,970.74,36.6,OFFLINE,replay
2025-03-06T06:00:00,AWS-RAN-102,13.3,972.9,57.0,True,drift,medium,59.0,26.04,970.74,36.6,OFFLINE,replay
2025-03-06T07:00:00,AWS-RAN-102,16.0,973.9,52.0,False,drift,low,42.6,26.04,970.74,36.6,OFFLINE,replay
2025-03-06T08:00:00,AWS-RAN-102,18.9,974.8,40.0,False,,low,3.4,26.04,970.74,36.6,OFFLINE,replay
2025-03-06T09:00:00,AWS-RAN-102,21.2,975.3,33.0,False,,low,8.7,26.04,970.74,36.6,OFFLINE,replay
2025-03-06T10:00:00,AWS-RAN-102,23.2,975.2,26.0,False,,low,18.4,26.04,970.74,36.6,WARNING,replay
2025-03-06T11:00:00,AWS-RAN-102,24.7,974.6,22.0,False,,low,5.5,25.83,970.87,36.69,OFFLINE,replay
2025-03-06T12:00:00,AWS-RAN-102,26.0,973.6,20.0,False,,low,8.3,25.83,970.87,36.69,OFFLINE,replay
2025-03-06T13:00:00,AWS-RAN-102,26.9,972.8,19.0,False,,low,9.5,25.83,970.87,36.69,OFFLINE,replay
2025-03-06T14:00:00,AWS-RAN-102,27.3,971.9,18.0,False,,low,13.9,25.83,970.87,36.69,WARNING,replay
2025-03-06T15:00:00,AWS-RAN-102,27.2,971.6,17.0,False,,low,3.6,25.77,970.92,36.44,WARNING,replay
2025-03-06T16:00:00,AWS-RAN-102,26.5,971.6,18.0,False,,low,1.7,25.78,970.96,35.85,WARNING,replay
2025-03-06T17:00:00,AWS-RAN-102,24.3,971.6,21.0,False,,low,1.6,25.79,970.99,35.38,WARNING,replay
2025-03-06T18:00:00,AWS-RAN-102,21.6,971.5,26.0,False,,low,1.5,25.79,971.0,34.85,WARNING,replay
2025-03-06T19:00:00,AWS-RAN-102,19.7,971.6,30.0,False,drift,low,35.2,25.77,970.99,34.31,WARNING,replay
2025-03-06T20:00:00,AWS-RAN-102,18.8,972.5,32.0,False,drift,low,34.7,25.73,970.99,33.77,WARNING,replay
2025-03-06T21:00:00,AWS-RAN-102,17.9,972.6,36.0,False,drift,low,34.5,25.7,971.0,33.17,WARNING,replay
2025-03-06T22:00:00,AWS-RAN-102,16.6,972.6,42.0,False,drift,low,35.1,25.66,971.03,32.6,OFFLINE,replay
2025-03-06T23:00:00,AWS-RAN-102,15.4,972.1,47.0,False,drift,low,42.0,25.66,971.03,32.6,OFFLINE,replay
2025-03-07T00:00:00,AWS-RAN-102,14.7,971.7,50.0,True,drift,low,54.2,25.66,971.03,32.6,OFFLINE,replay
2025-03-07T01:00:00,AWS-RAN-102,14.2,971.2,52.0,True,drift,medium,56.8,25.66,971.03,32.6,OFFLINE,replay
2025-03-07T02:00:00,AWS-RAN-102,13.4,970.7,55.0,True,drift,medium,63.3,25.66,971.03,32.6,OFFLINE,replay
2025-03-07T03:00:00,AWS-RAN-102,12.9,970.1,59.0,False,,low,44.3,25.66,971.03,32.6,OFFLINE,replay
2025-03-07T04:00:00,AWS-RAN-102,12.3,970.3,64.0,False,,low,49.8,25.66,971.03,32.6,OFFLINE,replay
2025-03-07T05:00:00,AWS-RAN-102,11.9,970.7,67.0,True,statistical_anomaly,low,50.1,25.66,971.03,32.6,OFFLINE,replay
2025-03-07T06:00:00,AWS-RAN-102,12.4,971.3,69.0,True,statistical_anomaly,low,52.2,25.66,971.03,32.6,OFFLINE,replay
2025-03-07T07:00:00,AWS-RAN-102,15.5,972.3,60.0,True,drift,high,78.1,25.66,971.03,32.6,OFFLINE,replay
2025-03-07T08:00:00,AWS-RAN-102,19.3,973.3,45.0,False,drift,low,41.9,25.66,971.03,32.6,OFFLINE,replay
2025-03-07T09:00:00,AWS-RAN-102,22.9,973.3,33.0,False,,low,2.7,25.66,971.03,32.6,OFFLINE,replay
2025-03-07T10:00:00,AWS-RAN-102,25.6,973.3,27.0,False,,low,4.3,25.66,971.03,32.6,OFFLINE,replay
2025-03-07T11:00:00,AWS-RAN-102,27.6,972.5,22.0,False,,low,8.6,25.66,971.03,32.6,WARNING,replay
2025-03-07T12:00:00,AWS-RAN-102,28.8,971.4,19.0,False,,low,4.7,25.57,971.11,32.54,WARNING,replay
2025-03-07T13:00:00,AWS-RAN-102,29.4,970.3,17.0,False,,low,8.4,25.5,971.17,32.42,WARNING,replay
2025-03-07T14:00:00,AWS-RAN-102,29.6,969.3,16.0,False,drift,low,36.4,25.47,971.22,32.19,WARNING,replay
2025-03-07T15:00:00,AWS-RAN-102,29.2,969.0,17.0,False,,low,0.9,25.48,971.24,31.85,WARNING,replay
2025-03-07T16:00:00,AWS-RAN-102,28.3,969.1,19.0,False,,low,0.7,25.54,971.25,31.4,WARNING,replay
2025-03-07T17:00:00,AWS-RAN-102,25.4,968.9,25.0,False,,low,1.5,25.61,971.24,30.85,WARNING,replay
2025-03-07T18:00:00,AWS-RAN-102,22.7,969.1,29.0,False,drift,low,35.3,25.66,971.21,30.31,WARNING,replay
2025-03-07T19:00:00,AWS-RAN-102,21.0,969.6,34.0,False,drift,low,35.6,25.51,971.11,30.17,WARNING,replay
2025-03-07T20:00:00,AWS-RAN-102,19.2,970.2,40.0,False,drift,low,35.3,25.31,971.05,30.23,OFFLINE,replay
2025-03-07T21:00:00,AWS-RAN-102,18.5,970.5,42.0,False,drift,low,39.0,25.31,971.05,30.23,OFFLINE,replay
2025-03-07T22:00:00,AWS-RAN-102,17.8,970.3,44.0,False,drift,low,46.6,25.31,971.05,30.23,OFFLINE,replay
2025-03-07T23:00:00,AWS-RAN-102,17.1,970.3,46.0,True,drift,low,53.1,25.31,971.05,30.23,OFFLINE,replay
2025-03-08T00:00:00,AWS-RAN-102,16.0,970.2,50.0,True,drift,high,73.6,25.31,971.05,30.23,OFFLINE,replay
2025-03-08T01:00:00,AWS-RAN-102,15.3,969.5,52.0,True,drift,high,73.4,25.31,971.05,30.23,OFFLINE,replay
2025-03-08T02:00:00,AWS-RAN-102,14.5,968.9,55.0,False,,low,45.2,25.31,971.05,30.23,OFFLINE,replay
2025-03-08T03:00:00,AWS-RAN-102,13.8,968.3,59.0,False,,low,48.7,25.31,971.05,30.23,OFFLINE,replay
2025-03-08T04:00:00,AWS-RAN-102,12.9,968.4,65.0,False,,low,49.3,25.31,971.05,30.23,HEALTHY,replay
2025-03-08T05:00:00,AWS-RAN-102,12.7,969.0,67.0,False,,low,6.0,24.92,970.99,31.02,OFFLINE,replay
2025-03-08T06:00:00,AWS-RAN-102,14.0,969.5,64.0,False,,low,9.7,24.92,970.99,31.02,OFFLINE,replay
2025-03-08T07:00:00,AWS-RAN-102,16.9,970.7,58.0,False,,low,18.0,24.92,970.99,31.02,OFFLINE,replay
2025-03-08T08:00:00,AWS-RAN-102,20.9,971.9,47.0,False,,low,10.2,24.92,970.99,31.02,HEALTHY,replay
2025-03-08T09:00:00,AWS-RAN-102,24.7,972.1,36.0,False,,low,1.2,24.7,971.01,31.48,WARNING,replay
2025-03-08T10:00:00,AWS-RAN-102,27.4,972.1,28.0,False,,low,5.4,24.68,971.05,31.58,WARNING,replay
2025-03-08T11:00:00,AWS-RAN-102,29.2,971.5,21.0,False,drift,low,37.1,24.74,971.07,31.46,WARNING,replay
2025-03-08T12:00:00,AWS-RAN-102,30.4,970.5,19.0,False,drift,low,36.2,24.86,971.07,31.08,WARNING,replay
2025-03-08T13:00:00,AWS-RAN-102,30.5,969.5,19.0,False,drift,low,35.8,25.04,971.04,30.6,WARNING,replay
2025-03-08T14:00:00,AWS-RAN-102,30.9,968.6,18.0,False,drift,low,34.9,25.35,970.99,29.54,OFFLINE,replay
2025-03-08T15:00:00,AWS-RAN-102,30.9,968.2,18.0,False,,low,1.5,25.35,970.99,29.54,OFFLINE,replay
2025-03-08T16:00:00,AWS-RAN-102,29.7,968.3,20.0,False,,low,1.6,25.35,970.99,29.54,OFFLINE,replay
2025-03-08T17:00:00,AWS-RAN-102,27.3,968.6,23.0,False,,low,2.0,25.35,970.99,29.54,WARNING,replay
2025-03-08T18:00:00,AWS-RAN-102,24.5,969.1,27.0,False,,low,0.7,25.34,970.86,29.38,OFFLINE,replay
2025-03-08T19:00:00,AWS-RAN-102,21.8,969.7,34.0,False,,low,3.6,25.34,970.86,29.38,OFFLINE,replay
2025-03-08T20:00:00,AWS-RAN-102,20.6,970.5,39.0,False,,low,18.4,25.34,970.86,29.38,OFFLINE,replay
2025-03-08T21:00:00,AWS-RAN-102,20.2,971.3,40.0,False,,low,15.3,25.34,970.86,29.38,WARNING,replay
2025-03-08T22:00:00,AWS-RAN-102,19.5,971.7,43.0,False,,low,1.2,25.15,970.8,29.62,WARNING,replay
2025-03-08T23:00:00,AWS-RAN-102,19.0,971.6,45.0,False,drift,low,35.5,24.9,970.79,29.98,WARNING,replay
2025-03-09T00:00:00,AWS-RAN-102,17.6,971.5,49.0,False,drift,low,34.7,24.63,970.8,30.46,WARNING,replay
2025-03-09T01:00:00,AWS-RAN-102,16.2,971.2,54.0,False,drift,low,34.8,24.32,970.82,31.02,WARNING,replay
2025-03-09T02:00:00,AWS-RAN-102,15.5,970.8,57.0,False,drift,low,34.4,24.0,970.85,31.65,OFFLINE,replay
2025-03-09T03:00:00,AWS-RAN-102,15.3,970.7,59.0,False,drift,low,35.0,24.0,970.85,31.65,OFFLINE,replay
2025-03-09T04:00:00,AWS-RAN-102,15.1,971.0,59.0,False,drift,low,34.8,24.0,970.85,31.65,OFFLINE,replay
2025-03-09T05:00:00,AWS-RAN-102,14.6,971.8,60.0,False,drift,low,35.7,24.0,970.85,31.65,OFFLINE,replay
2025-03-09T06:00:00,AWS-RAN-102,15.0,972.7,65.0,True,drift,low,50.9,24.0,970.85,31.65,OFFLINE,replay
2025-03-09T07:00:00,AWS-RAN-102,18.6,974.2,56.0,True,drift,low,51.8,24.0,970.85,31.65,OFFLINE,replay
2025-03-09T08:00:00,AWS-RAN-102,22.6,975.6,43.0,False,,low,14.4,24.0,970.85,31.65,OFFLINE,replay
2025-03-09T09:00:00,AWS-RAN-102,25.1,975.9,41.0,False,,low,30.8,24.0,970.85,31.65,OFFLINE,replay
2025-03-09T10:00:00,AWS-RAN-102,27.4,976.2,36.0,False,,low,36.6,24.0,970.85,31.65,WARNING,replay
2025-03-09T11:00:00,AWS-RAN-102,29.2,975.5,30.0,False,,low,4.4,23.93,970.98,31.88,OFFLINE,replay
2025-03-09T12:00:00,AWS-RAN-102,30.3,974.5,27.0,False,,low,13.3,23.93,970.98,31.88,OFFLINE,replay
2025-03-09T13:00:00,AWS-RAN-102,31.0,973.5,24.0,False,,low,21.2,23.93,970.98,31.88,OFFLINE,replay
2025-03-09T14:00:00,AWS-RAN-102,31.4,972.6,22.0,False,,low,35.7,23.93,970.98,31.88,HEALTHY,replay
2025-03-09T15:00:00,AWS-RAN-102,31.3,972.3,21.0,False,,low,4.3,24.0,971.04,31.73,WARNING,replay
2025-03-09T16:00:00,AWS-RAN-102,30.6,972.1,21.0,False,,low,3.0,24.09,971.09,31.56,WARNING,replay
2025-03-09T17:00:00,AWS-RAN-102,27.1,972.1,30.0,False,,low,1.5,24.24,971.13,31.15,WARNING,replay
2025-03-09T18:00:00,AWS-RAN-102,25.2,972.7,38.0,False,drift,low,34.6,24.35,971.14,30.79,WARNING,replay
2025-03-09T19:00:00,AWS-RAN-102,24.1,973.6,39.0,False,drift,low,34.4,24.43,971.16,30.5,WARNING,replay
2025-03-09T20:00:00,AWS-RAN-102,23.2,974.2,40.0,False,drift,low,34.5,24.5,971.19,30.17,WARNING,replay
2025-03-09T21:00:00,AWS-RAN-102,21.5,974.8,42.0,False,drift,low,34.8,24.56,971.24,29.79,OFFLINE,replay
2025-03-09T22:00:00,AWS-RAN-102,21.1,975.7,50.0,True,drift,low,51.9,24.56,971.24,29.79,OFFLINE,replay
2025-03-09T23:00:00,AWS-RAN-102,20.2,975.7,47.0,False,drift,low,43.2,24.56,971.24,29.79,OFFLINE,replay
2025-03-10T00:00:00,AWS-RAN-102,19.8,975.6,50.0,True,drift,low,50.2,24.56,971.24,29.79,OFFLINE,replay
2025-03-10T01:00:00,AWS-RAN-102,19.1,975.2,53.0,True,drift,medium,58.6,24.56,971.24,29.79,OFFLINE,replay
2025-03-10T02:00:00,AWS-RAN-102,18.8,974.8,55.0,True,drift,medium,59.4,24.56,971.24,29.79,OFFLINE,replay
2025-03-10T03:00:00,AWS-RAN-102,18.0,974.7,58.0,False,,low,39.1,24.56,971.24,29.79,OFFLINE,replay
2025-03-10T04:00:00,AWS-RAN-102,17.1,974.8,61.0,False,,low,40.9,24.56,971.24,29.79,OFFLINE,replay
2025-03-10T05:00:00,AWS-RAN-102,16.6,975.3,63.0,False,,low,46.1,24.56,971.24,29.79,OFFLINE,replay
2025-03-10T06:00:00,AWS-RAN-102,17.6,976.4,69.0,True,statistical_anomaly,medium,58.4,24.56,971.24,29.79,OFFLINE,replay
2025-03-10T07:00:00,AWS-RAN-102,20.4,977.3,61.0,True,drift,critical,90.7,24.56,971.24,29.79,OFFLINE,replay
2025-03-10T08:00:00,AWS-RAN-102,23.4,978.3,55.0,True,drift,high,79.6,24.56,971.24,29.79,OFFLINE,replay
2025-03-10T09:00:00,AWS-RAN-102,26.2,978.6,49.0,True,drift,high,79.9,24.56,971.24,29.79,OFFLINE,replay
2025-03-10T10:00:00,AWS-RAN-102,28.7,978.5,44.0,True,drift,high,79.8,24.56,971.24,29.79,OFFLINE,replay
2025-03-10T11:00:00,AWS-RAN-102,31.0,977.3,38.0,False,,low,39.0,24.56,971.24,29.79,OFFLINE,replay
2025-03-10T12:00:00,AWS-RAN-102,32.7,975.8,29.0,False,,low,36.9,24.56,971.24,29.79,OFFLINE,replay
2025-03-10T13:00:00,AWS-RAN-102,33.6,974.6,25.0,False,,low,27.7,24.56,971.24,29.79,WARNING,replay
2025-03-10T14:00:00,AWS-RAN-102,33.8,973.6,22.0,False,,low,4.7,24.73,971.26,29.67,OFFLINE,replay
2025-03-10T15:00:00,AWS-RAN-102,33.8,972.8,21.0,False,,low,9.4,24.73,971.26,29.67,OFFLINE,replay
2025-03-10T16:00:00,AWS-RAN-102,32.8,972.5,23.0,False,,low,7.8,24.73,971.26,29.67,OFFLINE,replay
2025-03-10T17:00:00,AWS-RAN-102,29.8,972.6,30.0,False,,low,5.9,24.73,971.26,29.67,WARNING,replay
2025-03-10T18:00:00,AWS-RAN-102,26.4,973.1,32.0,False,,low,3.3,24.78,971.32,29.83,WARNING,replay
2025-03-10T19:00:00,AWS-RAN-102,26.2,974.4,39.0,False,,low,4.3,24.75,971.41,30.04,WARNING,replay
2025-03-10T20:00:00,AWS-RAN-102,23.6,975.2,55.0,True,drift,high,72.9,24.73,971.53,30.38,WARNING,replay
2025-03-10T21:00:00,AWS-RAN-102,22.6,975.3,60.0,True,drift,critical,90.4,24.73,971.53,30.38,WARNING,replay
2025-03-10T22:00:00,AWS-RAN-102,21.5,975.2,66.0,True,drift,critical,90.6,24.73,971.53,30.38,WARNING,replay
2025-03-10T23:00:00,AWS-RAN-102,20.5,974.8,69.0,True,drift,high,89.9,24.73,971.53,30.38,OFFLINE,replay
2025-03-11T00:00:00,AWS-RAN-102,20.3,974.8,72.0,True,statistical_anomaly,medium,56.1,24.73,971.53,30.38,OFFLINE,replay
2025-03-11T01:00:00,AWS-RAN-102,19.6,974.2,75.0,True,statistical_anomaly,medium,56.2,24.73,971.53,30.38,OFFLINE,replay
2025-03-11T02:00:00,AWS-RAN-102,18.9,973.6,76.0,True,statistical_anomaly,low,54.8,24.73,971.53,30.38,HEALTHY,replay
2025-03-11T03:00:00,AWS-RAN-102,18.3,973.7,79.0,True,statistical_anomaly,low,54.5,24.73,971.53,30.38,OFFLINE,replay
2025-03-11T04:00:00,AWS-RAN-102,18.0,974.0,81.0,True,statistical_anomaly,medium,55.1,24.73,971.53,30.38,OFFLINE,replay
2025-03-11T05:00:00,AWS-RAN-102,17.5,974.0,84.0,True,statistical_anomaly,low,54.9,24.73,971.53,30.38,OFFLINE,replay
2025-03-11T06:00:00,AWS-RAN-102,18.3,975.5,87.0,True,multivariate_inconsistency,high,75.9,24.73,971.53,30.38,OFFLINE,replay
2025-03-11T07:00:00,AWS-RAN-102,20.7,976.6,77.0,True,drift,critical,92.9,24.73,971.53,30.38,OFFLINE,replay
2025-03-11T08:00:00,AWS-RAN-102,23.9,977.7,64.0,True,drift,critical,91.1,24.73,971.53,30.38,OFFLINE,replay
2025-03-11T09:00:00,AWS-RAN-102,26.7,977.7,48.0,True,drift,high,77.2,24.73,971.53,30.38,OFFLINE,replay
2025-03-11T10:00:00,AWS-RAN-102,28.7,977.2,34.0,False,,low,13.2,24.73,971.53,30.38,OFFLINE,replay
2025-03-11T11:00:00,AWS-RAN-102,30.1,976.1,29.0,False,,low,19.9,24.73,971.53,30.38,OFFLINE,replay
2025-03-11T12:00:00,AWS-RAN-102,31.0,974.6,27.0,False,,low,13.2,24.73,971.53,30.38,HEALTHY,replay
2025-03-11T13:00:00,AWS-RAN-102,31.5,973.5,27.0,False,,low,3.9,24.86,971.65,30.42,OFFLINE,replay
2025-03-11T14:00:00,AWS-RAN-102,32.1,972.5,25.0,False,,low,4.5,24.86,971.65,30.42,OFFLINE,replay
2025-03-11T15:00:00,AWS-RAN-102,32.2,971.7,23.0,False,,low,7.9,24.86,971.65,30.42,OFFLINE,replay
2025-03-11T16:00:00,AWS-RAN-102,31.5,971.5,24.0,False,,low,10.0,24.86,971.65,30.42,HEALTHY,replay
2025-03-11T17:00:00,AWS-RAN-102,28.4,971.6,32.0,False,,low,3.9,25.04,971.68,30.27,WARNING,replay
2025-03-11T18:00:00,AWS-RAN-102,25.2,972.0,39.0,False,,low,2.6,25.2,971.71,30.23,WARNING,replay
2025-03-11T19:00:00,AWS-RAN-102,23.6,972.5,44.0,False,,low,3.4,25.31,971.73,30.23,WARNING,replay
2025-03-11T20:00:00,AWS-RAN-102,22.4,973.0,49.0,False,drift,low,34.5,25.42,971.75,30.21,WARNING,replay
2025-03-11T21:00:00,AWS-RAN-102,21.4,973.0,54.0,False,drift,low,34.5,25.41,971.7,30.69,WARNING,replay
2025-03-11T22:00:00,AWS-RAN-102,20.5,972.7,56.0,False,drift,low,34.4,25.28,971.73,31.44,WARNING,replay
2025-03-11T23:00:00,AWS-RAN-102,19.6,972.1,60.0,False,drift,low,34.3,25.14,971.75,32.25,OFFLINE,replay
2025-03-12T00:00:00,AWS-RAN-102,18.8,971.6,63.0,False,drift,low,35.8,25.14,971.75,32.25,OFFLINE,replay
2025-03-12T01:00:00,AWS-RAN-102,18.1,970.8,64.0,False,drift,low,36.9,25.14,971.75,32.25,OFFLINE,replay
2025-03-12T02:00:00,AWS-RAN-102,17.4,970.2,66.0,False,drift,low,42.8,25.14,971.75,32.25,OFFLINE,replay
2025-03-12T03:00:00,AWS-RAN-102,16.5,969.7,70.0,True,drift,low,52.6,25.14,971.75,32.25,OFFLINE,replay
2025-03-12T04:00:00,AWS-RAN-102,16.1,969.5,72.0,True,drift,medium,59.8,25.14,971.75,32.25,OFFLINE,replay
2025-03-12T05:00:00,AWS-RAN-102,16.0,970.0,72.0,False,,low,25.0,25.14,971.75,32.25,OFFLINE,replay
2025-03-12T06:00:00,AWS-RAN-102,17.1,971.3,71.0,False,drift,low,46.1,25.14,971.75,32.25,OFFLINE,replay
2025-03-12T07:00:00,AWS-RAN-102,20.6,972.0,60.0,False,drift,low,34.9,25.14,971.75,32.25,OFFLINE,replay
2025-03-12T08:00:00,AWS-RAN-102,24.7,972.8,48.0,False,,low,1.8,25.14,971.75,32.25,OFFLINE,replay
2025-03-12T09:00:00,AWS-RAN-102,29.0,973.1,34.0,False,,low,3.9,25.14,971.75,32.25,OFFLINE,replay
2025-03-12T10:00:00,AWS-RAN-102,31.8,972.8,26.0,False,,low,9.0,25.14,971.75,32.25,WARNING,replay
2025-03-12T11:00:00,AWS-RAN-102,33.3,971.6,22.0,False,,low,6.0,25.25,971.77,32.42,OFFLINE,replay
2025-03-12T12:00:00,AWS-RAN-102,33.7,970.3,21.0,False,,low,17.5,25.25,971.77,32.42,OFFLINE,replay
2025-03-12T13:00:00,AWS-RAN-102,34.6,969.1,19.0,False,,low,37.0,25.25,971.77,32.42,OFFLINE,replay
2025-03-12T14:00:00,AWS-RAN-102,34.7,968.0,17.0,False,,low,45.5,25.25,971.77,32.42,WARNING,replay
2025-03-12T15:00:00,AWS-RAN-102,34.3,967.3,18.0,False,,low,25.8,25.47,971.7,32.33,WARNING,replay
2025-03-12T16:00:00,AWS-RAN-102,33.1,967.2,20.0,False,,low,7.8,25.74,971.61,32.17,WARNING,replay
2025-03-12T17:00:00,AWS-RAN-102,31.2,967.1,22.0,False,,low,6.0,26.01,971.52,31.96,WARNING,replay
2025-03-12T18:00:00,AWS-RAN-102,30.2,967.5,22.0,False,drift,low,39.7,26.27,971.41,31.75,WARNING,replay
2025-03-12T19:00:00,AWS-RAN-102,29.2,968.1,23.0,False,drift,low,37.1,26.53,971.3,31.46,WARNING,replay
2025-03-12T20:00:00,AWS-RAN-102,24.9,968.8,33.0,False,drift,low,38.7,26.56,971.21,31.48,WARNING,replay
2025-03-12T21:00:00,AWS-RAN-102,24.1,969.3,36.0,False,drift,low,34.5,26.48,971.15,31.77,OFFLINE,replay
2025-03-12T22:00:00,AWS-RAN-102,23.2,969.4,38.0,False,drift,low,34.9,26.48,971.15,31.77,OFFLINE,replay
2025-03-12T23:00:00,AWS-RAN-102,21.3,969.0,46.0,False,drift,low,49.8,26.48,971.15,31.77,OFFLINE,replay
2025-03-13T00:00:00,AWS-RAN-102,19.8,968.4,53.0,False,,low,46.1,26.48,971.15,31.77,OFFLINE,replay
2025-03-13T01:00:00,AWS-RAN-102,18.8,967.7,57.0,False,,low,48.3,26.48,971.15,31.77,OFFLINE,replay
2025-03-13T02:00:00,AWS-RAN-102,18.8,967.3,56.0,False,,low,48.4,26.48,971.15,31.77,WARNING,replay
2025-03-13T03:00:00,AWS-RAN-102,18.7,967.2,54.0,False,,low,10.2,26.26,971.09,32.58,OFFLINE,replay
2025-03-13T04:00:00,AWS-RAN-102,18.4,967.5,54.0,False,,low,11.1,26.26,971.09,32.58,OFFLINE,replay
2025-03-13T05:00:00,AWS-RAN-102,18.5,968.2,51.0,False,,low,12.9,26.26,971.09,32.58,OFFLINE,replay
2025-03-13T06:00:00,AWS-RAN-102,19.3,969.4,56.0,False,,low,18.7,26.26,971.09,32.58,HEALTHY,replay
2025-03-13T07:00:00,AWS-RAN-102,22.3,970.5,48.0,False,,low,2.5,26.05,971.09,33.42,WARNING,replay
2025-03-13T08:00:00,AWS-RAN-102,26.2,971.6,39.0,False,,low,5.2,25.9,971.12,34.06,WARNING,replay
2025-03-13T09:00:00,AWS-RAN-102,29.7,972.1,32.0,False,drift,low,38.2,25.86,971.18,34.48,WARNING,replay
2025-03-13T10:00:00,AWS-RAN-102,32.0,971.5,28.0,False,drift,low,37.6,25.95,971.24,34.62,WARNING,replay
2025-03-13T11:00:00,AWS-RAN-102,33.6,970.6,25.0,False,drift,low,37.8,26.14,971.29,34.6,WARNING,replay
2025-03-13T12:00:00,AWS-RAN-102,34.6,969.4,23.0,False,drift,low,38.1,26.4,971.31,34.42,OFFLINE,replay
2025-03-13T13:00:00,AWS-RAN-102,35.2,968.2,19.0,True,drift,low,52.5,26.4,971.31,34.42,OFFLINE,replay
2025-03-13T14:00:00,AWS-RAN-102,35.2,967.0,18.0,True,drift,medium,61.3,26.4,971.31,34.42,OFFLINE,replay
2025-03-13T15:00:00,AWS-RAN-102,34.6,966.5,18.0,False,,low,22.3,26.4,971.31,34.42,OFFLINE,replay
2025-03-13T16:00:00,AWS-RAN-102,33.6,966.7,20.0,False,,low,21.5,26.4,971.31,34.42,OFFLINE,replay
2025-03-13T17:00:00,AWS-RAN-102,31.4,966.5,22.0,True,drift,low,53.6,26.4,971.31,34.42,OFFLINE,replay
2025-03-13T18:00:00,AWS-RAN-102,29.7,966.9,23.0,False,,low,24.0,26.4,971.31,34.42,OFFLINE,replay
2025-03-13T19:00:00,AWS-RAN-102,26.1,967.3,33.0,False,,low,8.7,26.4,971.31,34.42,OFFLINE,replay
2025-03-13T20:00:00,AWS-RAN-102,24.8,968.4,38.0,False,,low,6.6,26.4,971.31,34.42,HEALTHY,replay
2025-03-13T21:00:00,AWS-RAN-102,24.1,968.9,41.0,False,,low,0.4,26.65,971.31,33.85,OFFLINE,replay
2025-03-13T22:00:00,AWS-RAN-102,23.5,969.3,43.0,False,,low,0.8,26.65,971.31,33.85,OFFLINE,replay
2025-03-13T23:00:00,AWS-RAN-102,22.4,969.0,46.0,False,,low,2.8,26.65,971.31,33.85,OFFLINE,replay
2025-03-14T00:00:00,AWS-RAN-102,21.5,968.8,49.0,False,,low,14.2,26.65,971.31,33.85,WARNING,replay
2025-03-14T01:00:00,AWS-RAN-102,20.0,968.1,55.0,False,,low,11.8,26.66,971.25,33.9,WARNING,replay
2025-03-14T02:00:00,AWS-RAN-102,19.1,967.9,59.0,False,drift,low,36.0,26.57,971.17,34.29,WARNING,replay
2025-03-14T03:00:00,AWS-RAN-102,18.9,968.1,61.0,False,drift,low,34.6,26.39,971.08,34.94,WARNING,replay
2025-03-14T04:00:00,AWS-RAN-102,18.4,968.5,63.0,False,drift,low,34.4,26.18,971.01,35.77,WARNING,replay
2025-03-14T05:00:00,AWS-RAN-102,18.1,969.0,64.0,False,drift,low,34.3,25.93,970.97,36.69,OFFLINE,replay
2025-03-14T06:00:00,AWS-RAN-102,19.1,970.3,69.0,False,drift,low,41.4,25.93,970.97,36.69,OFFLINE,replay
2025-03-14T07:00:00,AWS-RAN-102,22.2,971.6,60.0,False,,low,21.3,25.93,970.97,36.69,OFFLINE,replay
2025-03-14T08:00:00,AWS-RAN-102,26.1,972.8,49.0,False,,low,30.2,25.93,970.97,36.69,OFFLINE,replay
2025-03-14T09:00:00,AWS-RAN-102,29.6,973.1,38.0,False,,low,23.2,25.93,970.97,36.69,WARNING,replay
2025-03-14T10:00:00,AWS-RAN-102,32.2,972.9,29.0,False,,low,8.2,25.91,971.04,37.08,OFFLINE,replay
2025-03-14T11:00:00,AWS-RAN-102,33.8,972.3,24.0,False,,low,36.8,25.91,971.04,37.08,OFFLINE,replay
2025-03-14T12:00:00,AWS-RAN-102,34.8,971.1,21.0,True,statistical_anomaly,low,51.6,25.91,971.04,37.08,OFFLINE,replay
2025-03-14T13:00:00,AWS-RAN-102,35.6,970.2,20.0,True,statistical_anomaly,low,52.6,25.91,971.04,37.08,HEALTHY,replay
2025-03-14T14:00:00,AWS-RAN-102,35.6,969.1,17.0,True,statistical_anomaly,medium,56.1,25.91,971.04,37.08,WARNING,replay
2025-03-14T15:00:00,AWS-RAN-102,35.6,968.2,16.0,True,statistical_anomaly,medium,57.0,25.91,971.04,37.08,WARNING,replay
2025-03-14T16:00:00,AWS-RAN-102,34.8,967.8,17.0,True,statistical_anomaly,low,54.4,25.91,971.04,37.08,WARNING,replay
2025-03-14T17:00:00,AWS-RAN-102,30.7,967.5,24.0,False,,low,44.6,25.91,971.04,37.08,WARNING,replay
2025-03-14T18:00:00,AWS-RAN-102,28.7,968.6,24.0,False,,low,20.7,25.98,971.02,37.1,WARNING,replay
2025-03-14T19:00:00,AWS-RAN-102,26.4,969.5,35.0,False,,low,6.3,26.16,970.96,36.77,WARNING,replay
2025-03-14T20:00:00,AWS-RAN-102,25.6,970.2,38.0,False,,low,0.6,26.3,970.92,36.6,WARNING,replay
2025-03-14T21:00:00,AWS-RAN-102,24.4,970.9,42.0,False,drift,low,34.5,26.44,970.89,36.46,WARNING,replay
2025-03-14T22:00:00,AWS-RAN-102,23.3,971.1,45.0,False,drift,low,34.5,26.58,970.88,36.31,WARNING,replay
2025-03-14T23:00:00,AWS-RAN-102,22.3,970.9,48.0,False,drift,low,34.5,26.73,970.87,36.12,WARNING,replay
2025-03-15T00:00:00,AWS-RAN-102,21.1,970.6,52.0,False,drift,low,34.4,26.62,970.76,36.38,OFFLINE,replay
2025-03-15T01:00:00,AWS-RAN-102,20.6,970.1,53.0,False,drift,low,34.7,26.62,970.76,36.38,OFFLINE,replay
2025-03-15T02:00:00,AWS-RAN-102,20.0,969.5,55.0,False,drift,low,35.5,26.62,970.76,36.38,OFFLINE,replay
2025-03-15T03:00:00,AWS-RAN-102,19.1,969.2,60.0,False,drift,low,39.1,26.62,970.76,36.38,OFFLINE,replay
2025-03-15T04:00:00,AWS-RAN-102,18.6,969.4,63.0,False,drift,low,41.3,26.62,970.76,36.38,OFFLINE,replay
2025-03-15T05:00:00,AWS-RAN-102,18.3,969.8,64.0,False,,low,9.9,26.62,970.76,36.38,OFFLINE,replay
2025-03-15T06:00:00,AWS-RAN-102,19.5,971.2,68.0,True,drift,medium,56.9,26.62,970.76,36.38,OFFLINE,replay
2025-03-15T07:00:00,AWS-RAN-102,22.7,972.8,59.0,True,drift,low,50.0,26.62,970.76,36.38,OFFLINE,replay
2025-03-15T08:00:00,AWS-RAN-102,26.8,973.9,48.0,False,,low,21.3,26.62,970.76,36.38,OFFLINE,replay
2025-03-15T09:00:00,AWS-RAN-102,30.2,974.5,39.0,False,,low,22.5,26.62,970.76,36.38,OFFLINE,replay
2025-03-15T10:00:00,AWS-RAN-102,32.3,974.2,33.0,False,,low,30.1,26.62,970.76,36.38,WARNING,replay
2025-03-15T11:00:00,AWS-RAN-102,34.0,973.7,26.0,False,,low,8.3,26.64,970.8,36.6,OFFLINE,replay
2025-03-15T12:00:00,AWS-RAN-102,35.3,972.5,23.0,False,,low,36.7,26.64,970.8,36.6,OFFLINE,replay
2025-03-15T13:00:00,AWS-RAN-102,36.2,971.6,20.0,False,,low,47.2,26.64,970.8,36.6,OFFLINE,replay
2025-03-15T14:00:00,AWS-RAN-102,36.8,970.7,16.0,True,statistical_anomaly,low,53.9,26.64,970.8,36.6,WARNING,replay
2025-03-15T15:00:00,AWS-RAN-102,36.2,970.1,16.0,True,statistical_anomaly,medium,55.6,26.64,970.8,36.6,WARNING,replay
2025-03-15T16:00:00,AWS-RAN-102,35.2,969.7,18.0,True,statistical_anomaly,low,50.6,26.64,970.8,36.6,WARNING,replay
2025-03-15T17:00:00,AWS-RAN-102,32.4,969.6,20.0,False,,low,38.1,26.64,970.8,36.6,WARNING,replay
2025-03-15T18:00:00,AWS-RAN-102,29.0,970.0,25.0,False,,low,9.1,26.66,970.74,36.58,WARNING,replay
2025-03-15T19:00:00,AWS-RAN-102,28.1,971.1,27.0,False,,low,2.3,26.63,970.7,36.67,WARNING,replay
2025-03-15T20:00:00,AWS-RAN-102,27.1,972.0,29.0,False,,low,1.0,26.65,970.68,36.6,WARNING,replay
2025-03-15T21:00:00,AWS-RAN-102,25.0,972.6,36.0,False,drift,low,34.9,26.69,970.66,36.42,WARNING,replay
2025-03-15T22:00:00,AWS-RAN-102,23.0,972.7,45.0,False,drift,low,35.4,26.71,970.64,36.35,WARNING,replay
2025-03-15T23:00:00,AWS-RAN-102,22.3,972.6,47.0,False,drift,low,34.3,26.71,970.61,36.46,WARNING,replay
2025-03-16T00:00:00,AWS-RAN-102,21.9,971.9,47.0,False,drift,low,34.3,26.47,970.57,36.92,WARNING,replay
2025-03-16T01:00:00,AWS-RAN-102,20.8,971.1,49.0,False,drift,low,34.3,26.31,970.55,37.27,OFFLINE,replay
2025-03-16T02:00:00,AWS-RAN-102,20.5,970.4,50.0,False,drift,low,34.8,26.31,970.55,37.27,OFFLINE,replay
2025-03-16T03:00:00,AWS-RAN-102,20.0,970.1,56.0,False,,low,2.3,26.31,970.55,37.27,OFFLINE,replay
2025-03-16T04:00:00,AWS-RAN-102,20.2,970.3,57.0,False,,low,2.8,26.31,970.55,37.27,OFFLINE,replay
2025-03-16T05:00:00,AWS-RAN-102,20.3,970.7,54.0,False,,low,0.9,26.31,970.55,37.27,WARNING,replay
2025-03-16T06:00:00,AWS-RAN-102,21.1,971.2,63.0,False,,low,4.1,26.18,970.5,37.73,OFFLINE,replay
2025-03-16T07:00:00,AWS-RAN-102,24.0,972.2,55.0,False,,low,7.6,26.18,970.5,37.73,OFFLINE,replay
2025-03-16T08:00:00,AWS-RAN-102,28.1,973.1,46.0,False,,low,22.4,26.18,970.5,37.73,OFFLINE,replay
2025-03-16T09:00:00,AWS-RAN-102,31.8,973.5,36.0,False,,low,28.5,26.18,970.5,37.73,HEALTHY,replay
2025-03-16T10:00:00,AWS-RAN-102,34.1,973.5,28.0,False,,low,5.6,26.3,970.48,37.67,WARNING,replay
2025-03-16T11:00:00,AWS-RAN-102,35.3,972.7,24.0,False,,low,9.0,26.36,970.46,37.69,WARNING,replay
2025-03-16T12:00:00,AWS-RAN-102,36.2,971.5,21.0,False,drift,low,40.0,26.44,970.49,37.69,WARNING,replay
2025-03-16T13:00:00,AWS-RAN-102,37.0,970.0,18.0,False,drift,low,47.7,26.6,970.48,37.46,WARNING,replay
2025-03-16T14:00:00,AWS-RAN-102,37.1,968.6,18.0,False,,low,15.2,26.85,970.44,37.02,WARNING,replay
2025-03-16T15:00:00,AWS-RAN-102,36.7,968.1,17.0,False,,low,6.9,27.13,970.36,36.48,WARNING,replay
2025-03-16T16:00:00,AWS-RAN-102,34.7,968.3,23.0,False,,low,8.1,27.43,970.26,35.81,WARNING,replay
2025-03-16T17:00:00,AWS-RAN-102,29.8,969.2,35.0,False,,low,4.9,27.7,970.16,35.17,WARNING,replay
2025-03-16T18:00:00,AWS-RAN-102,28.2,970.1,41.0,False,,low,1.5,27.9,970.09,34.73,WARNING,replay
2025-03-16T19:00:00,AWS-RAN-102,27.5,970.5,45.0,False,drift,low,34.6,27.82,970.03,35.04,WARNING,replay
2025-03-16T20:00:00,AWS-RAN-102,26.4,970.9,46.0,False,drift,low,34.3,27.67,970.08,35.62,OFFLINE,replay
2025-03-16T21:00:00,AWS-RAN-102,25.1,970.9,50.0,False,drift,low,34.6,27.67,970.08,35.62,OFFLINE,replay
2025-03-16T22:00:00,AWS-RAN-102,24.0,971.0,54.0,False,drift,low,37.1,27.67,970.08,35.62,OFFLINE,replay
2025-03-16T23:00:00,AWS-RAN-102,23.4,970.7,56.0,False,drift,low,36.2,27.67,970.08,35.62,OFFLINE,replay
2025-03-17T00:00:00,AWS-RAN-102,23.0,970.2,57.0,False,drift,low,37.4,27.67,970.08,35.62,OFFLINE,replay
2025-03-17T01:00:00,AWS-RAN-102,22.5,969.7,59.0,False,drift,low,44.5,27.67,970.08,35.62,OFFLINE,replay
2025-03-17T02:00:00,AWS-RAN-102,21.8,969.2,61.0,False,drift,low,47.3,27.67,970.08,35.62,OFFLINE,replay
2025-03-17T03:00:00,AWS-RAN-102,20.8,969.0,66.0,False,,low,24.1,27.67,970.08,35.62,OFFLINE,replay
2025-03-17T04:00:00,AWS-RAN-102,20.3,969.1,70.0,False,,low,32.2,27.67,970.08,35.62,OFFLINE,replay
2025-03-17T05:00:00,AWS-RAN-102,20.0,969.8,73.0,False,,low,33.3,27.67,970.08,35.62,HEALTHY,replay
2025-03-17T06:00:00,AWS-RAN-102,21.6,971.2,73.0,False,,low,21.3,27.38,970.14,36.77,OFFLINE,replay
2025-03-17T07:00:00,AWS-RAN-102,23.8,971.9,64.0,False,,low,12.9,27.38,970.14,36.77,OFFLINE,replay
2025-03-17T08:00:00,AWS-RAN-102,27.3,972.8,51.0,False,,low,17.9,27.38,970.14,36.77,OFFLINE,replay
2025-03-17T09:00:00,AWS-RAN-102,30.1,973.1,42.0,False,,low,13.1,27.38,970.14,36.77,HEALTHY,replay
2025-03-17T10:00:00,AWS-RAN-102,32.1,973.8,34.0,False,,low,1.6,27.31,970.26,37.23,WARNING,replay
2025-03-17T11:00:00,AWS-RAN-102,26.1,973.6,56.0,False,,low,27.2,27.33,970.4,37.48,WARNING,replay
2025-03-17T12:00:00,AWS-RAN-102,28.7,972.7,48.0,False,,low,1.8,27.25,970.53,38.19,WARNING,replay
2025-03-17T13:00:00,AWS-RAN-102,31.2,971.0,39.0,False,,low,3.6,27.24,970.62,38.71,WARNING,replay
2025-03-17T14:00:00,AWS-RAN-102,32.4,970.1,34.0,False,,low,2.1,27.37,970.67,38.83,WARNING,replay
2025-03-17T15:00:00,AWS-RAN-102,30.5,969.6,40.0,False,,low,1.8,27.65,970.72,38.38,WARNING,replay
2025-03-17T16:00:00,AWS-RAN-102,30.6,969.5,39.0,False,,low,1.2,27.88,970.73,38.04,WARNING,replay
2025-03-17T17:00:00,AWS-RAN-102,28.8,969.1,54.0,False,,low,18.5,28.06,970.71,37.85,WARNING,replay
2025-03-17T18:00:00,AWS-RAN-102,27.3,969.7,49.0,False,,low,1.8,28.11,970.66,38.17,WARNING,replay
2025-03-17T19:00:00,AWS-RAN-102,26.5,970.1,52.0,False,,low,0.4,28.06,970.61,38.52,WARNING,replay
2025-03-17T20:00:00,AWS-RAN-102,25.2,970.6,57.0,False,drift,low,34.4,27.95,970.58,39.02,WARNING,replay
2025-03-17T21:00:00,AWS-RAN-102,24.8,971.6,53.0,False,drift,low,34.4,27.77,970.58,39.69,WARNING,replay
2025-03-17T22:00:00,AWS-RAN-102,23.9,972.2,54.0,False,drift,low,34.2,27.77,970.64,40.0,WARNING,replay
2025-03-17T23:00:00,AWS-RAN-102,23.0,972.0,57.0,False,drift,low,34.2,27.82,970.71,40.1,OFFLINE,replay
2025-03-18T00:00:00,AWS-RAN-102,22.5,971.9,58.0,False,drift,low,34.5,27.82,970.71,40.1,OFFLINE,replay
2025-03-18T01:00:00,AWS-RAN-102,21.8,971.3,61.0,False,drift,low,34.9,27.82,970.71,40.1,OFFLINE,replay
2025-03-18T02:00:00,AWS-RAN-102,21.1,971.1,62.0,False,,low,1.5,27.82,970.71,40.1,OFFLINE,replay
2025-03-18T03:00:00,AWS-RAN-102,20.6,970.8,62.0,False,,low,2.9,27.82,970.71,40.1,OFFLINE,replay
2025-03-18T04:00:00,AWS-RAN-102,20.3,971.0,62.0,False,,low,2.4,27.82,970.71,40.1,HEALTHY,replay
2025-03-18T05:00:00,AWS-RAN-102,19.7,971.2,62.0,False,,low,0.6,27.83,970.78,40.25,OFFLINE,replay
2025-03-18T06:00:00,AWS-RAN-102,20.1,972.4,62.0,False,,low,2.9,27.83,970.78,40.25,OFFLINE,replay
2025-03-18T07:00:00,AWS-RAN-102,22.5,973.4,55.0,False,,low,4.5,27.83,970.78,40.25,OFFLINE,replay
2025-03-18T08:00:00,AWS-RAN-102,25.3,974.2,41.0,False,,low,10.0,27.83,970.78,40.25,HEALTHY,replay
2025-03-18T09:00:00,AWS-RAN-102,27.7,974.5,33.0,False,,low,1.5,27.96,970.91,39.88,WARNING,replay
2025-03-18T10:00:00,AWS-RAN-102,29.6,974.3,28.0,False,,low,5.9,28.14,971.04,39.29,WARNING,replay
2025-03-18T11:00:00,AWS-RAN-102,30.8,973.3,27.0,False,drift,low,36.1,28.37,971.16,38.56,WARNING,replay
2025-03-18T12:00:00,AWS-RAN-102,31.8,972.4,25.0,False,drift,low,36.3,28.4,971.16,38.33,WARNING,replay
2025-03-18T13:00:00,AWS-RAN-102,32.4,971.4,23.0,False,drift,low,36.5,28.42,971.27,38.35,WARNING,replay
2025-03-18T14:00:00,AWS-RAN-102,32.6,970.7,22.0,False,drift,low,38.7,28.5,971.33,38.33,OFFLINE,replay
2025-03-18T15:00:00,AWS-RAN-102,32.4,970.3,21.0,False,drift,low,40.3,28.5,971.33,38.33,OFFLINE,replay
2025-03-18T16:00:00,AWS-RAN-102,31.5,970.2,23.0,False,,low,5.1,28.5,971.33,38.33,OFFLINE,replay
2025-03-18T17:00:00,AWS-RAN-102,29.0,970.4,27.0,False,,low,6.6,28.5,971.33,38.33,OFFLINE,replay
2025-03-18T18:00:00,AWS-RAN-102,26.7,971.0,32.0,False,,low,4.5,28.5,971.33,38.33,OFFLINE,replay
2025-03-18T19:00:00,AWS-RAN-102,25.6,971.7,31.0,False,,low,7.0,28.5,971.33,38.33,OFFLINE,replay
2025-03-18T20:00:00,AWS-RAN-102,24.1,972.6,35.0,False,,low,14.1,28.5,971.33,38.33,OFFLINE,replay
2025-03-18T21:00:00,AWS-RAN-102,22.7,972.9,39.0,False,,low,21.1,28.5,971.33,38.33,OFFLINE,replay
2025-03-18T22:00:00,AWS-RAN-102,21.5,973.2,43.0,False,,low,30.0,28.5,971.33,38.33,WARNING,replay
2025-03-18T23:00:00,AWS-RAN-102,20.5,973.2,47.0,False,,low,2.4,28.4,971.4,38.5,WARNING,replay
2025-03-19T00:00:00,AWS-RAN-102,19.3,973.0,51.0,False,,low,3.6,28.29,971.46,38.69,WARNING,replay
2025-03-19T01:00:00,AWS-RAN-102,18.8,972.6,53.0,False,drift,low,34.5,28.18,971.51,38.88,WARNING,replay
2025-03-19T02:00:00,AWS-RAN-102,18.3,972.2,54.0,False,drift,low,34.6,28.09,971.54,39.04,WARNING,replay
2025-03-19T03:00:00,AWS-RAN-102,17.8,972.0,56.0,False,drift,low,34.7,28.01,971.57,39.17,WARNING,replay
2025-03-19T04:00:00,AWS-RAN-102,17.6,972.3,56.0,False,,low,0.9,27.7,971.52,39.65,WARNING,replay
2025-03-19T05:00:00,AWS-RAN-102,17.3,972.9,56.0,False,,low,1.3,27.4,971.58,40.4,WARNING,replay
2025-03-19T06:00:00,AWS-RAN-102,17.9,974.6,63.0,False,,low,30.4,27.15,971.64,41.04,WARNING,replay
2025-03-19T07:00:00,AWS-RAN-102,21.5,975.6,51.0,False,,low,6.2,26.94,971.71,41.79,WARNING,replay
2025-03-19T08:00:00,AWS-RAN-102,24.6,976.5,37.0,False,,low,4.5,26.82,971.79,42.25,WARNING,replay
2025-03-19T09:00:00,AWS-RAN-102,27.1,976.9,31.0,False,,low,3.0,26.81,971.87,42.27,WARNING,replay
2025-03-19T10:00:00,AWS-RAN-102,29.1,977.1,26.0,False,drift,low,40.6,26.9,971.95,41.98,OFFLINE,replay
2025-03-19T11:00:00,AWS-RAN-102,30.8,976.4,24.0,True,drift,low,52.3,26.9,971.95,41.98,OFFLINE,replay
2025-03-19T12:00:00,AWS-RAN-102,32.2,975.3,23.0,True,drift,high,71.8,26.9,971.95,41.98,OFFLINE,replay
2025-03-19T13:00:00,AWS-RAN-102,33.2,974.2,23.0,True,drift,high,74.5,26.9,971.95,41.98,OFFLINE,replay
2025-03-19T14:00:00,AWS-RAN-102,33.8,973.3,23.0,True,drift,high,79.9,26.9,971.95,41.98,OFFLINE,replay
2025-03-19T15:00:00,AWS-RAN-102,33.8,972.7,23.0,False,,low,46.7,26.9,971.95,41.98,OFFLINE,replay
2025-03-19T16:00:00,AWS-RAN-102,32.9,972.2,24.0,False,,low,42.9,26.9,971.95,41.98,OFFLINE,replay
2025-03-19T17:00:00,AWS-RAN-102,29.8,972.0,40.0,False,,low,42.3,26.9,971.95,41.98,HEALTHY,replay
2025-03-19T18:00:00,AWS-RAN-102,26.7,972.4,44.0,False,,low,5.3,27.06,971.94,41.83,OFFLINE,replay
2025-03-19T19:00:00,AWS-RAN-102,25.6,973.5,47.0,False,,low,10.7,27.06,971.94,41.83,OFFLINE,replay
2025-03-19T20:00:00,AWS-RAN-102,24.8,974.3,46.0,False,,low,7.4,27.06,971.94,41.83,OFFLINE,replay
2025-03-19T21:00:00,AWS-RAN-102,24.4,975.2,47.0,False,,low,7.2,27.06,971.94,41.83,HEALTHY,replay
2025-03-19T22:00:00,AWS-RAN-102,23.1,975.4,51.0,False,,low,1.1,27.11,972.01,41.83,WARNING,replay
2025-03-19T23:00:00,AWS-RAN-102,22.6,975.1,52.0,False,drift,low,34.6,27.17,972.11,41.77,WARNING,replay
2025-03-20T00:00:00,AWS-RAN-102,21.3,974.9,55.0,False,drift,low,34.8,26.97,972.14,42.1,WARNING,replay
2025-03-20T01:00:00,AWS-RAN-102,20.6,974.2,59.0,False,drift,low,34.8,26.71,972.17,42.67,WARNING,replay
2025-03-20T02:00:00,AWS-RAN-102,20.5,973.9,60.0,False,drift,low,34.6,26.4,972.2,43.4,OFFLINE,replay
2025-03-20T03:00:00,AWS-RAN-102,20.3,973.9,63.0,False,drift,low,34.8,26.4,972.2,43.4,OFFLINE,replay
2025-03-20T04:00:00,AWS-RAN-102,19.9,974.3,64.0,False,drift,low,35.1,26.4,972.2,43.4,OFFLINE,replay
2025-03-20T05:00:00,AWS-RAN-102,20.3,974.8,59.0,False,,low,0.5,26.4,972.2,43.4,OFFLINE,replay
2025-03-20T06:00:00,AWS-RAN-102,21.4,976.2,58.0,False,,low,4.3,26.4,972.2,43.4,OFFLINE,replay
2025-03-20T07:00:00,AWS-RAN-102,24.2,977.4,48.0,False,,low,7.6,26.4,972.2,43.4,HEALTHY,replay
2025-03-20T08:00:00,AWS-RAN-102,26.5,978.0,37.0,False,,low,2.6,26.15,972.32,43.96,OFFLINE,replay
2025-03-20T09:00:00,AWS-RAN-102,28.0,978.7,39.0,False,,low,10.4,26.15,972.32,43.96,OFFLINE,replay
2025-03-20T10:00:00,AWS-RAN-102,29.1,978.0,40.0,False,,low,6.1,26.15,972.32,43.96,OFFLINE,replay
2025-03-20T11:00:00,AWS-RAN-102,30.8,976.9,36.0,False,,low,20.5,26.15,972.32,43.96,HEALTHY,replay
2025-03-20T12:00:00,AWS-RAN-102,29.1,977.0,46.0,False,,low,9.6,26.02,972.47,44.33,WARNING,replay
2025-03-20T13:00:00,AWS-RAN-102,30.0,974.6,43.0,False,,low,2.6,25.86,972.64,44.92,WARNING,replay
2025-03-20T14:00:00,AWS-RAN-102,31.0,974.1,39.0,False,,low,1.6,25.72,972.78,45.46,WARNING,replay
2025-03-20T15:00:00,AWS-RAN-102,28.9,973.7,45.0,False,,low,2.6,25.64,972.9,45.79,WARNING,replay
2025-03-20T16:00:00,AWS-RAN-102,27.8,973.7,52.0,False,,low,2.2,25.62,972.99,46.0,WARNING,replay
2025-03-20T17:00:00,AWS-RAN-102,27.2,973.6,51.0,False,,low,2.2,25.61,973.07,46.23,WARNING,replay
2025-03-20T18:00:00,AWS-RAN-102,25.9,974.2,56.0,False,,low,0.9,25.61,973.13,46.35,WARNING,replay
2025-03-20T19:00:00,AWS-RAN-102,24.8,975.0,59.0,False,,low,0.8,25.73,973.22,46.0,WARNING,replay
2025-03-20T20:00:00,AWS-RAN-102,23.7,975.8,65.0,False,drift,low,35.2,25.62,973.26,46.35,WARNING,replay
2025-03-20T21:00:00,AWS-RAN-102,23.1,975.9,68.0,False,drift,low,34.8,25.44,973.31,47.0,WARNING,replay
2025-03-20T22:00:00,AWS-RAN-102,22.7,976.9,71.0,False,drift,low,35.8,25.38,973.35,47.25,WARNING,replay
2025-03-20T23:00:00,AWS-RAN-102,22.0,976.7,77.0,False,drift,low,36.1,25.26,973.44,47.73,OFFLINE,replay
2025-03-21T00:00:00,AWS-RAN-102,20.9,976.0,85.0,True,drift,medium,55.2,25.26,973.44,47.73,OFFLINE,replay
2025-03-21T01:00:00,AWS-RAN-102,20.2,976.0,92.0,True,drift,high,81.0,25.26,973.44,47.73,OFFLINE,replay
2025-03-21T02:00:00,AWS-RAN-102,20.0,974.7,96.0,True,statistical_anomaly,low,54.0,25.26,973.44,47.73,OFFLINE,replay
2025-03-21T03:00:00,AWS-RAN-102,19.6,975.7,96.0,True,statistical_anomaly,medium,55.1,25.26,973.44,47.73,OFFLINE,replay
2025-03-21T04:00:00,AWS-RAN-102,19.3,975.3,96.0,True,statistical_anomaly,low,53.0,25.26,973.44,47.73,HEALTHY,replay
2025-03-21T05:00:00,AWS-RAN-102,19.1,975.9,97.0,True,statistical_anomaly,low,52.4,25.26,973.44,47.73,OFFLINE,replay
2025-03-21T06:00:00,AWS-RAN-102,19.8,976.3,88.0,True,drift,medium,66.4,25.26,973.44,47.73,OFFLINE,replay
2025-03-21T07:00:00,AWS-RAN-102,21.8,977.0,77.0,False,drift,low,36.1,25.26,973.44,47.73,OFFLINE,replay
2025-03-21T08:00:00,AWS-RAN-102,20.6,978.9,87.0,True,drift,high,81.9,25.26,973.44,47.73,OFFLINE,replay
2025-03-21T09:00:00,AWS-RAN-102,22.6,978.4,75.0,False,drift,low,44.0,25.26,973.44,47.73,OFFLINE,replay
2025-03-21T10:00:00,AWS-RAN-102,24.5,978.9,65.0,False,,low,7.1,25.26,973.44,47.73,OFFLINE,replay
2025-03-21T11:00:00,AWS-RAN-102,23.5,978.3,71.0,False,,low,5.8,25.26,973.44,47.73,OFFLINE,replay
2025-03-21T12:00:00,AWS-RAN-102,22.3,977.5,80.0,False,,low,6.4,25.26,973.44,47.73,WARNING,replay
2025-03-21T13:00:00,AWS-RAN-102,21.9,975.4,90.0,True,drift,medium,55.4,25.07,973.58,48.58,OFFLINE,replay
2025-03-21T14:00:00,AWS-RAN-102,23.0,974.1,82.0,False,,low,5.9,25.07,973.58,48.58,OFFLINE,replay
2025-03-21T15:00:00,AWS-RAN-102,25.8,973.6,66.0,False,,low,16.9,25.07,973.58,48.58,OFFLINE,replay
2025-03-21T16:00:00,AWS-RAN-102,24.8,973.1,68.0,False,,low,16.6,25.07,973.58,48.58,WARNING,replay
2025-03-21T17:00:00,AWS-RAN-102,24.4,973.7,71.0,False,,low,1.5,24.91,973.64,49.29,WARNING,replay
2025-03-21T18:00:00,AWS-RAN-102,21.7,974.8,79.0,False,,low,12.3,24.79,973.72,49.94,WARNING,replay
2025-03-21T19:00:00,AWS-RAN-102,21.2,974.3,80.0,False,,low,2.3,24.6,973.84,50.77,WARNING,replay
2025-03-21T20:00:00,AWS-RAN-102,20.6,974.8,89.0,False,drift,low,46.0,24.44,973.94,51.31,WARNING,replay
2025-03-21T21:00:00,AWS-RAN-102,20.2,974.9,89.0,False,drift,low,45.8,24.3,974.05,52.15,WARNING,replay
2025-03-21T22:00:00,AWS-RAN-102,19.9,976.4,89.0,True,drift,medium,60.7,24.17,974.15,52.92,WARNING,replay
2025-03-21T23:00:00,AWS-RAN-102,20.1,975.5,88.0,False,drift,low,40.7,24.17,974.15,52.92,OFFLINE,replay
2025-03-22T00:00:00,AWS-RAN-102,19.8,974.0,89.0,False,drift,low,40.4,24.17,974.15,52.92,OFFLINE,replay
2025-03-22T01:00:00,AWS-RAN-102,19.8,973.3,87.0,False,drift,low,41.5,24.17,974.15,52.92,OFFLINE,replay
2025-03-22T02:00:00,AWS-RAN-102,19.3,973.7,90.0,False,drift,low,44.0,24.17,974.15,52.92,OFFLINE,replay
2025-03-22T03:00:00,AWS-RAN-102,19.5,973.1,90.0,False,drift,low,40.1,24.17,974.15,52.92,OFFLINE,replay
2025-03-22T04:00:00,AWS-RAN-102,18.9,973.5,94.0,True,drift,medium,57.1,24.17,974.15,52.92,OFFLINE,replay
2025-03-22T05:00:00,AWS-RAN-102,18.0,973.5,95.0,False,,low,27.9,24.17,974.15,52.92,OFFLINE,replay
2025-03-22T06:00:00,AWS-RAN-102,17.8,975.0,95.0,False,,low,22.3,24.17,974.15,52.92,OFFLINE,replay
2025-03-22T07:00:00,AWS-RAN-102,19.0,976.1,90.0,False,,low,32.1,24.17,974.15,52.92,WARNING,replay
2025-03-22T08:00:00,AWS-RAN-102,22.6,977.3,68.0,False,,low,10.6,24.04,974.26,53.6,OFFLINE,replay
2025-03-22T09:00:00,AWS-RAN-102,25.6,977.1,56.0,False,,low,16.4,24.04,974.26,53.6,OFFLINE,replay
2025-03-22T10:00:00,AWS-RAN-102,27.8,976.9,48.0,False,,low,30.1,24.04,974.26,53.6,OFFLINE,replay
2025-03-22T11:00:00,AWS-RAN-102,29.2,975.8,43.0,False,,low,40.1,24.04,974.26,53.6,HEALTHY,replay
2025-03-22T12:00:00,AWS-RAN-102,30.1,974.7,40.0,False,,low,17.3,24.13,974.35,53.4,WARNING,replay
2025-03-22T13:00:00,AWS-RAN-102,30.6,973.5,38.0,False,,low,19.1,24.26,974.4,53.1,WARNING,replay
2025-03-22T14:00:00,AWS-RAN-102,30.4,972.7,37.0,False,drift,low,35.9,24.48,974.46,52.6,WARNING,replay
2025-03-22T15:00:00,AWS-RAN-102,25.5,972.5,48.0,False,,low,5.0,24.58,974.43,52.52,WARNING,replay
2025-03-22T16:00:00,AWS-RAN-102,26.7,972.6,43.0,False,,low,2.5,24.54,974.38,52.83,WARNING,replay
2025-03-22T17:00:00,AWS-RAN-102,24.0,973.3,59.0,False,,low,10.8,24.48,974.35,53.15,WARNING,replay
2025-03-22T18:00:00,AWS-RAN-102,22.4,973.9,63.0,False,,low,0.6,24.34,974.35,53.81,WARNING,replay
2025-03-22T19:00:00,AWS-RAN-102,21.0,974.6,67.0,False,,low,1.3,24.14,974.38,54.6,WARNING,replay
2025-03-22T20:00:00,AWS-RAN-102,20.9,975.4,68.0,False,drift,low,34.8,23.9,974.45,55.52,WARNING,replay
2025-03-22T21:00:00,AWS-RAN-102,20.0,975.6,72.0,False,drift,low,34.4,23.89,974.49,56.04,WARNING,replay
2025-03-22T22:00:00,AWS-RAN-102,18.7,975.9,79.0,False,drift,low,35.0,23.88,974.54,56.56,OFFLINE,replay
2025-03-22T23:00:00,AWS-RAN-102,17.7,975.6,87.0,False,drift,low,47.5,23.88,974.54,56.56,OFFLINE,replay
2025-03-23T00:00:00,AWS-RAN-102,17.2,975.0,89.0,True,drift,medium,56.8,23.88,974.54,56.56,OFFLINE,replay
2025-03-23T01:00:00,AWS-RAN-102,16.9,974.0,89.0,True,drift,low,54.7,23.88,974.54,56.56,OFFLINE,replay
2025-03-23T02:00:00,AWS-RAN-102,17.0,973.6,86.0,False,drift,low,43.1,23.88,974.54,56.56,OFFLINE,replay
2025-03-23T03:00:00,AWS-RAN-102,17.2,973.8,86.0,False,drift,low,43.2,23.88,974.54,56.56,OFFLINE,replay
2025-03-23T04:00:00,AWS-RAN-102,17.1,974.6,89.0,True,drift,low,54.5,23.88,974.54,56.56,OFFLINE,replay
2025-03-23T05:00:00,AWS-RAN-102,17.1,975.0,89.0,False,,low,16.3,23.88,974.54,56.56,OFFLINE,replay
2025-03-23T06:00:00,AWS-RAN-102,18.2,976.0,78.0,False,drift,low,36.4,23.88,974.54,56.56,OFFLINE,replay
2025-03-23T07:00:00,AWS-RAN-102,20.8,976.6,64.0,False,,low,1.8,23.88,974.54,56.56,OFFLINE,replay
2025-03-23T08:00:00,AWS-RAN-102,23.4,977.4,55.0,False,,low,6.2,23.88,974.54,56.56,OFFLINE,replay
2025-03-23T09:00:00,AWS-RAN-102,26.2,977.7,45.0,False,,low,13.4,23.88,974.54,56.56,WARNING,replay
2025-03-23T10:00:00,AWS-RAN-102,28.7,977.3,35.0,False,,low,3.2,24.02,974.64,56.44,OFFLINE,replay
2025-03-23T11:00:00,AWS-RAN-102,28.5,976.7,35.0,False,,low,4.7,24.02,974.64,56.44,OFFLINE,replay
2025-03-23T12:00:00,AWS-RAN-102,28.0,975.8,32.0,False,,low,14.0,24.02,974.64,56.44,OFFLINE,replay
2025-03-23T13:00:00,AWS-RAN-102,29.5,974.2,28.0,False,,low,34.3,24.02,974.64,56.44,WARNING,replay
2025-03-23T14:00:00,AWS-RAN-102,30.2,973.1,23.0,False,,low,24.6,24.25,974.67,55.92,WARNING,replay
2025-03-23T15:00:00,AWS-RAN-102,29.5,972.7,27.0,False,,low,6.9,24.49,974.69,55.27,WARNING,replay
2025-03-23T16:00:00,AWS-RAN-102,29.0,972.6,27.0,False,,low,2.1,24.74,974.71,54.67,WARNING,replay
2025-03-23T17:00:00,AWS-RAN-102,26.9,972.7,32.0,False,,low,1.8,24.98,974.71,54.06,WARNING,replay
2025-03-23T18:00:00,AWS-RAN-102,23.4,973.9,41.0,False,,low,4.3,25.17,974.71,53.56,WARNING,replay
2025-03-23T19:00:00,AWS-RAN-102,22.6,974.6,47.0,False,,low,1.8,25.29,974.69,53.1,WARNING,replay
2025-03-23T20:00:00,AWS-RAN-102,21.6,975.3,50.0,False,drift,low,35.3,25.31,974.67,53.02,WARNING,replay
2025-03-23T21:00:00,AWS-RAN-102,21.3,975.8,50.0,False,drift,low,35.1,25.25,974.65,53.29,WARNING,replay
2025-03-23T22:00:00,AWS-RAN-102,20.7,975.9,54.0,False,drift,low,34.4,25.13,974.62,53.69,WARNING,replay
2025-03-23T23:00:00,AWS-RAN-102,20.2,975.5,57.0,False,drift,low,34.3,24.94,974.71,53.98,WARNING,replay
2025-03-24T00:00:00,AWS-RAN-102,19.2,975.3,60.0,False,drift,low,34.5,24.85,974.71,54.19,OFFLINE,replay
2025-03-24T01:00:00,AWS-RAN-102,18.2,974.6,65.0,False,drift,low,35.6,24.85,974.71,54.19,OFFLINE,replay
2025-03-24T02:00:00,AWS-RAN-102,17.1,974.1,70.0,False,,low,7.7,24.85,974.71,54.19,OFFLINE,replay
2025-03-24T03:00:00,AWS-RAN-102,16.5,973.7,78.0,False,,low,29.6,24.85,974.71,54.19,OFFLINE,replay
2025-03-24T04:00:00,AWS-RAN-102,15.8,973.9,87.0,True,statistical_anomaly,low,52.7,24.85,974.71,54.19,HEALTHY,replay
2025-03-24T05:00:00,AWS-RAN-102,15.5,974.6,92.0,False,,low,49.1,24.85,974.71,54.19,OFFLINE,replay
2025-03-24T06:00:00,AWS-RAN-102,17.8,975.7,84.0,False,,low,43.7,24.85,974.71,54.19,OFFLINE,replay
2025-03-24T07:00:00,AWS-RAN-102,21.2,977.0,71.0,False,,low,20.8,24.85,974.71,54.19,OFFLINE,replay
2025-03-24T08:00:00,AWS-RAN-102,24.8,978.1,58.0,False,,low,37.9,24.85,974.71,54.19,HEALTHY,replay
2025-03-24T09:00:00,AWS-RAN-102,27.6,978.0,49.0,False,,low,2.7,24.89,974.77,54.33,WARNING,replay
2025-03-24T10:00:00,AWS-RAN-102,29.8,977.5,31.0,False,,low,9.7,24.99,974.83,54.27,WARNING,replay
2025-03-24T11:00:00,AWS-RAN-102,30.6,976.4,27.0,False,drift,low,38.3,25.17,974.88,53.77,WARNING,replay
2025-03-24T12:00:00,AWS-RAN-102,31.1,975.2,26.0,False,drift,low,36.5,25.38,974.93,53.1,WARNING,replay
2025-03-24T13:00:00,AWS-RAN-102,31.4,973.8,24.0,False,drift,low,38.1,25.52,974.88,52.65,WARNING,replay
2025-03-24T14:00:00,AWS-RAN-102,31.5,972.7,23.0,False,drift,low,37.4,25.53,974.82,52.4,OFFLINE,replay
2025-03-24T15:00:00,AWS-RAN-102,31.5,972.0,23.0,False,drift,low,42.0,25.53,974.82,52.4,OFFLINE,replay
2025-03-24T16:00:00,AWS-RAN-102,30.9,972.0,24.0,False,,low,8.7,25.53,974.82,52.4,OFFLINE,replay
2025-03-24T17:00:00,AWS-RAN-102,28.9,971.8,29.0,False,,low,6.0,25.53,974.82,52.4,OFFLINE,replay
2025-03-24T18:00:00,AWS-RAN-102,26.8,972.1,31.0,False,,low,10.5,25.53,974.82,52.4,OFFLINE,replay
2025-03-24T19:00:00,AWS-RAN-102,24.7,973.0,42.0,False,,low,11.0,25.53,974.82,52.4,OFFLINE,replay
2025-03-24T20:00:00,AWS-RAN-102,23.1,973.8,49.0,False,,low,21.9,25.53,974.82,52.4,OFFLINE,replay
2025-03-24T21:00:00,AWS-RAN-102,22.9,974.6,54.0,False,,low,27.6,25.53,974.82,52.4,OFFLINE,replay
2025-03-24T22:00:00,AWS-RAN-102,21.7,974.4,51.0,False,,low,18.6,25.53,974.82,52.4,WARNING,replay
2025-03-24T23:00:00,AWS-RAN-102,21.1,973.6,53.0,False,,low,0.7,25.38,974.76,52.5,WARNING,replay
2025-03-25T00:00:00,AWS-RAN-102,20.1,972.5,58.0,False,,low,3.6,25.19,974.74,52.71,WARNING,replay
2025-03-25T01:00:00,AWS-RAN-102,18.8,971.9,64.0,False,drift,low,35.2,24.97,974.71,53.1,WARNING,replay
2025-03-25T02:00:00,AWS-RAN-102,17.8,971.4,70.0,False,drift,low,35.8,24.76,974.67,53.5,WARNING,replay
2025-03-25T03:00:00,AWS-RAN-102,17.7,971.1,70.0,False,,low,1.0,24.55,974.62,53.88,WARNING,replay
2025-03-25T04:00:00,AWS-RAN-102,17.7,971.0,70.0,False,,low,1.8,24.35,974.57,54.27,WARNING,replay
2025-03-25T05:00:00,AWS-RAN-102,17.6,971.1,70.0,False,,low,2.4,24.18,974.51,54.56,WARNING,replay
2025-03-25T06:00:00,AWS-RAN-102,18.8,971.7,75.0,False,,low,20.3,24.03,974.42,54.79,WARNING,replay
2025-03-25T07:00:00,AWS-RAN-102,21.9,972.7,65.0,False,,low,9.6,23.93,974.34,55.0,WARNING,replay
2025-03-25T08:00:00,AWS-RAN-102,25.7,973.7,51.0,False,,low,13.0,23.9,974.27,54.94,WARNING,replay
2025-03-25T09:00:00,AWS-RAN-102,28.9,973.7,36.0,False,,low,10.9,23.96,974.21,54.52,WARNING,replay
2025-03-25T10:00:00,AWS-RAN-102,30.6,973.2,27.0,False,drift,low,48.1,24.1,974.13,53.6,WARNING,replay
2025-03-25T11:00:00,AWS-RAN-102,31.5,972.5,25.0,False,drift,low,38.7,24.22,974.13,52.75,WARNING,replay
2025-03-25T12:00:00,AWS-RAN-102,32.3,971.2,22.0,False,drift,low,47.5,24.37,974.1,51.79,WARNING,replay
2025-03-25T13:00:00,AWS-RAN-102,32.7,969.9,21.0,False,drift,low,44.8,24.59,974.03,50.6,OFFLINE,replay
2025-03-25T14:00:00,AWS-RAN-102,32.8,968.7,21.0,True,drift,medium,69.2,24.59,974.03,50.6,OFFLINE,replay
2025-03-25T15:00:00,AWS-RAN-102,32.7,968.2,21.0,True,drift,high,72.5,24.59,974.03,50.6,OFFLINE,replay
2025-03-25T16:00:00,AWS-RAN-102,32.2,967.9,21.0,False,,low,43.5,24.59,974.03,50.6,OFFLINE,replay
2025-03-25T17:00:00,AWS-RAN-102,29.6,967.9,25.0,False,,low,27.2,24.59,974.03,50.6,OFFLINE,replay
2025-03-25T18:00:00,AWS-RAN-102,27.0,968.2,30.0,False,,low,32.1,24.59,974.03,50.6,OFFLINE,replay
2025-03-25T19:00:00,AWS-RAN-102,23.9,968.8,39.0,False,,low,31.1,24.59,974.03,50.6,OFFLINE,replay
2025-03-25T20:00:00,AWS-RAN-102,22.1,969.4,49.0,False,,low,46.4,24.59,974.03,50.6,OFFLINE,replay
2025-03-25T21:00:00,AWS-RAN-102,21.0,969.7,55.0,False,,low,44.8,24.59,974.03,50.6,OFFLINE,replay
2025-03-25T22:00:00,AWS-RAN-102,20.5,969.6,54.0,False,,low,36.5,24.59,974.03,50.6,WARNING,replay
2025-03-25T23:00:00,AWS-RAN-102,20.0,969.2,54.0,False,,low,6.8,24.58,973.93,50.06,WARNING,replay
2025-03-26T00:00:00,AWS-RAN-102,19.0,968.7,59.0,False,,low,12.8,24.56,973.81,49.33,WARNING,replay
2025-03-26T01:00:00,AWS-RAN-102,18.3,968.0,61.0,False,,low,3.8,24.54,973.69,48.71,WARNING,replay
2025-03-26T02:00:00,AWS-RAN-102,17.8,967.4,62.0,False,,low,4.0,24.53,973.52,48.1,WARNING,replay
2025-03-26T03:00:00,AWS-RAN-102,18.1,967.0,60.0,False,,low,3.6,24.29,973.34,48.5,WARNING,replay
2025-03-26T04:00:00,AWS-RAN-102,18.1,967.2,59.0,False,,low,2.4,24.04,973.18,48.92,WARNING,replay
2025-03-26T05:00:00,AWS-RAN-102,17.9,967.7,60.0,False,,low,2.0,23.78,973.05,49.35,WARNING,replay
2025-03-26T06:00:00,AWS-RAN-102,19.7,968.8,58.0,False,,low,9.8,23.52,972.95,49.83,WARNING,replay
2025-03-26T07:00:00,AWS-RAN-102,23.1,970.3,51.0,False,,low,23.3,23.4,972.87,50.04,WARNING,replay
2025-03-26T08:00:00,AWS-RAN-102,26.8,971.2,40.0,False,,low,15.9,23.32,972.82,50.21,WARNING,replay
2025-03-26T09:00:00,AWS-RAN-102,29.8,971.4,33.0,False,drift,low,49.2,23.38,972.78,49.81,WARNING,replay
2025-03-26T10:00:00,AWS-RAN-102,31.9,971.3,23.0,True,drift,medium,65.0,23.53,972.73,49.19,WARNING,replay
2025-03-26T11:00:00,AWS-RAN-102,32.9,970.5,21.0,True,drift,high,81.6,23.53,972.73,49.19,WARNING,replay
2025-03-26T12:00:00,AWS-RAN-102,33.6,969.4,21.0,True,drift,high,88.7,23.53,972.73,49.19,OFFLINE,replay
2025-03-26T13:00:00,AWS-RAN-102,34.0,968.2,20.0,True,drift,high,88.8,23.53,972.73,49.19,OFFLINE,replay
2025-03-26T14:00:00,AWS-RAN-102,34.4,967.2,19.0,True,drift,critical,90.8,23.53,972.73,49.19,OFFLINE,replay
2025-03-26T15:00:00,AWS-RAN-102,34.7,966.5,16.0,True,statistical_anomaly,medium,58.8,23.53,972.73,49.19,OFFLINE,replay
2025-03-26T16:00:00,AWS-RAN-102,33.5,966.6,19.0,True,statistical_anomaly,medium,56.8,23.53,972.73,49.19,OFFLINE,replay
2025-03-26T17:00:00,AWS-RAN-102,30.4,966.7,25.0,True,drift,medium,68.9,23.53,972.73,49.19,OFFLINE,replay
2025-03-26T18:00:00,AWS-RAN-102,27.1,966.9,31.0,False,,low,25.1,23.53,972.73,49.19,OFFLINE,replay
2025-03-26T19:00:00,AWS-RAN-102,24.4,967.3,39.0,False,,low,20.8,23.53,972.73,49.19,OFFLINE,replay
2025-03-26T20:00:00,AWS-RAN-102,23.1,968.3,46.0,False,,low,9.0,23.53,972.73,49.19,HEALTHY,replay
2025-03-26T21:00:00,AWS-RAN-102,22.0,968.4,48.0,False,,low,1.1,23.58,972.59,48.75,OFFLINE,replay
2025-03-26T22:00:00,AWS-RAN-102,21.2,968.3,48.0,False,,low,3.2,23.58,972.59,48.75,OFFLINE,replay
2025-03-26T23:00:00,AWS-RAN-102,20.7,967.8,48.0,False,,low,4.5,23.58,972.59,48.75,OFFLINE,replay
2025-03-27T00:00:00,AWS-RAN-102,20.7,967.3,45.0,False,,low,14.4,23.58,972.59,48.75,HEALTHY,replay
2025-03-27T01:00:00,AWS-RAN-102,20.4,966.7,48.0,False,,low,5.9,23.57,972.43,48.27,WARNING,replay
2025-03-27T02:00:00,AWS-RAN-102,18.9,966.0,55.0,False,,low,2.9,23.58,972.24,47.77,WARNING,replay
2025-03-27T03:00:00,AWS-RAN-102,18.1,965.7,58.0,False,,low,0.8,23.43,972.0,47.98,WARNING,replay
2025-03-27T04:00:00,AWS-RAN-102,18.0,966.0,59.0,False,drift,low,34.7,23.19,971.82,48.6,WARNING,replay
2025-03-27T05:00:00,AWS-RAN-102,17.8,966.7,61.0,False,drift,low,34.5,22.94,971.67,49.35,WARNING,replay
2025-03-27T06:00:00,AWS-RAN-102,19.6,967.7,60.0,False,,low,5.4,22.69,971.55,50.06,WARNING,replay
2025-03-27T07:00:00,AWS-RAN-102,23.2,968.9,51.0,False,,low,13.0,22.5,971.44,50.75,WARNING,replay
2025-03-27T08:00:00,AWS-RAN-102,27.5,969.8,39.0,False,,low,15.9,22.42,971.36,51.15,WARNING,replay
2025-03-27T09:00:00,AWS-RAN-102,31.6,970.2,27.0,True,drift,high,72.9,22.51,971.28,51.1,WARNING,replay
2025-03-27T10:00:00,AWS-RAN-102,34.1,969.9,20.0,True,drift,high,87.7,22.51,971.28,51.1,OFFLINE,replay
2025-03-27T11:00:00,AWS-RAN-102,35.2,969.0,18.0,True,drift,critical,91.1,22.51,971.28,51.1,OFFLINE,replay
2025-03-27T12:00:00,AWS-RAN-102,36.7,967.6,14.0,True,drift,critical,93.3,22.51,971.28,51.1,OFFLINE,replay
2025-03-27T13:00:00,AWS-RAN-102,37.0,966.5,14.0,True,drift,critical,93.4,22.51,971.28,51.1,OFFLINE,replay
2025-03-27T14:00:00,AWS-RAN-102,36.8,965.6,14.0,True,drift,critical,93.2,22.51,971.28,51.1,OFFLINE,replay
2025-03-27T15:00:00,AWS-RAN-102,36.5,965.1,15.0,True,statistical_anomaly,medium,59.3,22.51,971.28,51.1,OFFLINE,replay
2025-03-27T16:00:00,AWS-RAN-102,35.3,964.8,19.0,True,statistical_anomaly,medium,58.5,22.51,971.28,51.1,OFFLINE,replay
2025-03-27T17:00:00,AWS-RAN-102,31.4,964.5,30.0,True,drift,high,82.5,22.51,971.28,51.1,OFFLINE,replay
2025-03-27T18:00:00,AWS-RAN-102,29.8,964.8,25.0,True,statistical_anomaly,low,50.5,22.51,971.28,51.1,OFFLINE,replay
2025-03-27T19:00:00,AWS-RAN-102,26.9,965.4,31.0,False,,low,17.8,22.51,971.28,51.1,OFFLINE,replay
2025-03-27T20:00:00,AWS-RAN-102,23.6,966.1,43.0,False,,low,17.1,22.51,971.28,51.1,HEALTHY,replay
2025-03-27T21:00:00,AWS-RAN-102,22.8,966.8,44.0,False,,low,1.2,22.53,971.1,51.02,OFFLINE,replay
2025-03-27T22:00:00,AWS-RAN-102,22.5,966.9,40.0,False,,low,5.7,22.53,971.1,51.02,OFFLINE,replay
2025-03-27T23:00:00,AWS-RAN-102,21.9,966.4,41.0,False,,low,4.2,22.53,971.1,51.02,OFFLINE,replay
2025-03-28T00:00:00,AWS-RAN-102,21.8,966.0,41.0,False,,low,7.3,22.53,971.1,51.02,HEALTHY,replay
2025-03-28T01:00:00,AWS-RAN-102,21.3,965.5,43.0,False,,low,3.2,22.53,970.91,50.83,WARNING,replay
2025-03-28T02:00:00,AWS-RAN-102,21.0,965.0,44.0,False,,low,0.8,22.53,970.69,50.69,WARNING,replay
2025-03-28T03:00:00,AWS-RAN-102,20.8,965.0,44.0,False,,low,0.8,22.54,970.47,50.48,WARNING,replay
2025-03-28T04:00:00,AWS-RAN-102,20.7,965.6,44.0,False,,low,0.7,22.55,970.25,50.21,WARNING,replay
2025-03-28T05:00:00,AWS-RAN-102,20.4,966.2,45.0,False,,low,0.3,22.46,969.99,49.92,WARNING,replay
2025-03-28T06:00:00,AWS-RAN-102,21.2,967.1,50.0,False,,low,1.8,22.31,969.74,49.83,WARNING,replay
2025-03-28T07:00:00,AWS-RAN-102,24.5,968.5,44.0,False,,low,7.1,22.14,969.53,50.23,WARNING,replay
2025-03-28T08:00:00,AWS-RAN-102,28.5,969.3,35.0,False,,low,13.8,22.01,969.36,50.58,WARNING,replay
2025-03-28T09:00:00,AWS-RAN-102,32.0,969.8,27.0,False,,low,20.6,21.95,969.24,50.77,WARNING,replay
2025-03-28T10:00:00,AWS-RAN-102,34.4,969.7,23.0,True,drift,medium,58.4,21.97,969.15,50.83,WARNING,replay
2025-03-28T11:00:00,AWS-RAN-102,36.2,969.0,21.0,True,drift,high,78.9,21.97,969.15,50.83,WARNING,replay
2025-03-28T12:00:00,AWS-RAN-102,36.9,968.1,18.0,True,drift,high,86.1,21.97,969.15,50.83,WARNING,replay
2025-03-28T13:00:00,AWS-RAN-102,37.3,967.0,17.0,True,drift,high,88.4,21.97,969.15,50.83,OFFLINE,replay
2025-03-28T14:00:00,AWS-RAN-102,37.3,965.9,17.0,True,drift,critical,90.1,21.97,969.15,50.83,OFFLINE,replay
2025-03-28T15:00:00,AWS-RAN-102,36.4,965.5,19.0,True,statistical_anomaly,medium,56.2,21.97,969.15,50.83,OFFLINE,replay
2025-03-28T16:00:00,AWS-RAN-102,35.7,965.4,20.0,True,statistical_anomaly,medium,55.4,21.97,969.15,50.83,OFFLINE,replay
2025-03-28T17:00:00,AWS-RAN-102,32.6,965.4,25.0,True,drift,medium,63.1,21.97,969.15,50.83,OFFLINE,replay
2025-03-28T18:00:00,AWS-RAN-102,28.6,965.2,35.0,False,,low,12.7,21.97,969.15,50.83,OFFLINE,replay
2025-03-28T19:00:00,AWS-RAN-102,27.1,966.1,40.0,False,,low,11.7,21.97,969.15,50.83,OFFLINE,replay
2025-03-28T20:00:00,AWS-RAN-102,25.8,967.0,42.0,False,,low,10.3,21.97,969.15,50.83,HEALTHY,replay
2025-03-28T21:00:00,AWS-RAN-102,24.6,967.5,45.0,False,,low,0.6,22.05,969.0,50.65,OFFLINE,replay
2025-03-28T22:00:00,AWS-RAN-102,23.6,967.5,47.0,False,,low,0.8,22.05,969.0,50.65,OFFLINE,replay
2025-03-28T23:00:00,AWS-RAN-102,22.9,967.2,48.0,False,,low,0.8,22.05,969.0,50.65,OFFLINE,replay
2025-03-29T00:00:00,AWS-RAN-102,22.6,966.8,49.0,False,,low,2.7,22.05,969.0,50.65,HEALTHY,replay
2025-03-29T01:00:00,AWS-RAN-102,22.3,966.4,50.0,False,,low,8.3,22.08,968.86,50.56,WARNING,replay
2025-03-29T02:00:00,AWS-RAN-102,22.0,966.1,50.0,False,,low,1.1,22.13,968.73,50.4,WARNING,replay
2025-03-29T03:00:00,AWS-RAN-102,21.7,966.0,50.0,False,,low,0.9,22.2,968.61,50.1,WARNING,replay
2025-03-29T04:00:00,AWS-RAN-102,21.4,966.6,52.0,False,,low,0.7,22.28,968.5,49.69,WARNING,replay
2025-03-29T05:00:00,AWS-RAN-102,20.9,967.5,53.0,False,,low,0.8,22.35,968.4,49.31,WARNING,replay
2025-03-29T06:00:00,AWS-RAN-102,21.6,968.7,56.0,False,,low,2.8,22.42,968.33,48.96,WARNING,replay
2025-03-29T07:00:00,AWS-RAN-102,24.1,969.9,51.0,False,,low,5.1,22.5,968.28,48.67,WARNING,replay
2025-03-29T08:00:00,AWS-RAN-102,27.1,970.9,41.0,False,,low,9.8,22.61,968.24,48.17,WARNING,replay
2025-03-29T09:00:00,AWS-RAN-102,29.8,971.3,29.0,False,,low,30.4,22.72,968.21,47.67,WARNING,replay
2025-03-29T10:00:00,AWS-RAN-102,31.7,971.4,22.0,True,drift,medium,68.2,22.81,968.16,47.21,WARNING,replay
2025-03-29T11:00:00,AWS-RAN-102,33.0,970.9,18.0,True,drift,high,84.2,22.81,968.16,47.21,WARNING,replay
2025-03-29T12:00:00,AWS-RAN-102,34.1,969.8,16.0,True,drift,critical,90.2,22.81,968.16,47.21,WARNING,replay
2025-03-29T13:00:00,AWS-RAN-102,34.8,968.6,14.0,True,drift,critical,91.8,22.81,968.16,47.21,OFFLINE,replay
2025-03-29T14:00:00,AWS-RAN-102,34.9,967.9,12.0,True,drift,critical,92.8,22.81,968.16,47.21,OFFLINE,replay
2025-03-29T15:00:00,AWS-RAN-102,34.4,967.5,12.0,True,statistical_anomaly,medium,59.1,22.81,968.16,47.21,OFFLINE,replay
2025-03-29T16:00:00,AWS-RAN-102,33.2,967.3,14.0,True,statistical_anomaly,medium,57.4,22.81,968.16,47.21,OFFLINE,replay
2025-03-29T17:00:00,AWS-RAN-102,30.4,967.1,17.0,True,drift,high,82.6,22.81,968.16,47.21,OFFLINE,replay
2025-03-29T18:00:00,AWS-RAN-102,27.6,967.1,22.0,False,,low,42.4,22.81,968.16,47.21,OFFLINE,replay
2025-03-29T19:00:00,AWS-RAN-102,25.9,968.0,23.0,False,,low,39.6,22.81,968.16,47.21,OFFLINE,replay
2025-03-29T20:00:00,AWS-RAN-102,24.2,969.0,27.0,False,,low,27.5,22.81,968.16,47.21,HEALTHY,replay
2025-03-29T21:00:00,AWS-RAN-102,22.7,969.4,30.0,False,,low,1.4,22.71,968.06,47.02,OFFLINE,replay
2025-03-29T22:00:00,AWS-RAN-102,22.0,969.9,32.0,False,,low,2.5,22.71,968.06,47.02,OFFLINE,replay
2025-03-29T23:00:00,AWS-RAN-102,21.2,969.7,34.0,False,,low,2.9,22.71,968.06,47.02,OFFLINE,replay
2025-03-30T00:00:00,AWS-RAN-102,20.7,969.4,35.0,False,,low,4.9,22.71,968.06,47.02,HEALTHY,replay
2025-03-30T01:00:00,AWS-RAN-102,19.9,968.8,36.0,False,,low,2.1,22.5,967.98,47.19,WARNING,replay
2025-03-30T02:00:00,AWS-RAN-102,18.8,968.3,39.0,False,,low,1.1,22.26,967.9,47.42,WARNING,replay
2025-03-30T03:00:00,AWS-RAN-102,18.0,968.2,43.0,False,drift,low,35.0,21.98,967.84,47.77,WARNING,replay
2025-03-30T04:00:00,AWS-RAN-102,17.4,968.7,44.0,False,drift,low,35.7,21.93,967.81,47.54,WARNING,replay
2025-03-30T05:00:00,AWS-RAN-102,17.1,969.6,44.0,False,,low,1.5,21.88,967.8,47.33,WARNING,replay
2025-03-30T06:00:00,AWS-RAN-102,18.4,971.0,46.0,False,,low,14.9,21.84,967.82,47.02,WARNING,replay
2025-03-30T07:00:00,AWS-RAN-102,21.5,972.4,40.0,False,,low,17.0,21.84,967.88,46.71,WARNING,replay
2025-03-30T08:00:00,AWS-RAN-102,25.0,973.6,29.0,False,,low,38.5,21.91,967.99,46.25,WARNING,replay
2025-03-30T09:00:00,AWS-RAN-102,28.2,974.0,21.0,False,,low,44.2,22.06,968.12,45.6,WARNING,replay
2025-03-30T10:00:00,AWS-RAN-102,30.5,974.0,15.0,True,drift,high,77.1,22.27,968.27,44.81,WARNING,replay
2025-03-30T11:00:00,AWS-RAN-102,32.2,973.4,13.0,True,drift,high,89.0,22.27,968.27,44.81,OFFLINE,replay
2025-03-30T12:00:00,AWS-RAN-102,33.4,972.4,12.0,True,drift,critical,90.6,22.27,968.27,44.81,OFFLINE,replay
2025-03-30T13:00:00,AWS-RAN-102,34.2,971.4,13.0,True,drift,high,89.9,22.27,968.27,44.81,OFFLINE,replay
2025-03-30T14:00:00,AWS-RAN-102,34.7,970.3,13.0,True,drift,critical,90.1,22.27,968.27,44.81,OFFLINE,replay
2025-03-30T15:00:00,AWS-RAN-102,34.5,969.6,11.0,True,statistical_anomaly,medium,58.0,22.27,968.27,44.81,OFFLINE,replay
2025-03-30T16:00:00,AWS-RAN-102,33.2,969.1,12.0,True,statistical_anomaly,medium,56.2,22.27,968.27,44.81,OFFLINE,replay
2025-03-30T17:00:00,AWS-RAN-102,30.2,968.6,17.0,True,drift,high,78.0,22.27,968.27,44.81,OFFLINE,replay
2025-03-30T18:00:00,AWS-RAN-102,27.4,968.7,22.0,False,,low,16.7,22.27,968.27,44.81,OFFLINE,replay
2025-03-30T19:00:00,AWS-RAN-102,25.7,969.5,26.0,False,,low,15.4,22.27,968.27,44.81,OFFLINE,replay
2025-03-30T20:00:00,AWS-RAN-102,23.7,970.4,30.0,False,,low,13.4,22.27,968.27,44.81,HEALTHY,replay
2025-03-30T21:00:00,AWS-RAN-102,22.3,971.0,31.0,False,,low,2.0,22.39,968.32,44.19,OFFLINE,replay
2025-03-30T22:00:00,AWS-RAN-102,21.5,971.1,32.0,False,,low,6.1,22.39,968.32,44.19,OFFLINE,replay
2025-03-30T23:00:00,AWS-RAN-102,19.9,970.9,34.0,False,,low,8.6,22.39,968.32,44.19,OFFLINE,replay
2025-03-31T00:00:00,AWS-RAN-102,18.8,970.4,38.0,False,,low,10.7,22.39,968.32,44.19,HEALTHY,replay
2025-03-31T01:00:00,AWS-RAN-102,18.2,969.7,39.0,False,,low,9.4,22.37,968.36,43.77,WARNING,replay
2025-03-31T02:00:00,AWS-RAN-102,17.7,969.4,40.0,False,drift,low,36.8,22.27,968.34,43.52,WARNING,replay
2025-03-31T03:00:00,AWS-RAN-102,17.3,969.2,41.0,False,drift,low,35.1,22.08,968.31,43.52,WARNING,replay
2025-03-31T04:00:00,AWS-RAN-102,17.1,969.5,41.0,False,,low,1.0,21.82,968.26,43.69,WARNING,replay
2025-03-31T05:00:00,AWS-RAN-102,16.8,970.1,42.0,False,,low,0.8,21.69,968.29,43.58,WARNING,replay
2025-03-31T06:00:00,AWS-RAN-102,18.3,971.2,44.0,False,,low,4.8,21.61,968.34,43.52,WARNING,replay
2025-03-31T07:00:00,AWS-RAN-102,22.0,972.3,39.0,False,,low,12.5,21.57,968.44,43.44,WARNING,replay
2025-03-31T08:00:00,AWS-RAN-102,26.5,973.3,29.0,False,,low,20.1,21.63,968.57,43.1,WARNING,replay
2025-03-31T09:00:00,AWS-RAN-102,30.3,973.7,21.0,True,statistical_anomaly,low,50.8,21.81,968.73,42.5,WARNING,replay
2025-03-31T10:00:00,AWS-RAN-102,32.5,973.6,16.0,True,statistical_anomaly,low,54.6,21.81,968.73,42.5,WARNING,replay
2025-03-31T11:00:00,AWS-RAN-102,34.0,972.9,14.0,True,statistical_anomaly,medium,56.0,21.81,968.73,42.5,WARNING,replay
2025-03-31T12:00:00,AWS-RAN-102,34.9,971.9,12.0,True,statistical_anomaly,medium,58.9,21.81,968.73,42.5,WARNING,replay
2025-03-31T13:00:00,AWS-RAN-102,35.5,970.8,11.0,True,statistical_anomaly,medium,59.3,21.81,968.73,42.5,WARNING,replay
2025-03-31T14:00:00,AWS-RAN-102,35.6,969.7,11.0,True,statistical_anomaly,medium,59.3,21.81,968.73,42.5,HEALTHY,replay
2025-03-31T15:00:00,AWS-RAN-102,35.4,969.0,10.0,True,statistical_anomaly,medium,59.3,21.81,968.73,42.5,HEALTHY,replay
2025-03-31T16:00:00,AWS-RAN-102,34.5,968.5,12.0,True,statistical_anomaly,medium,58.7,21.81,968.73,42.5,HEALTHY,replay
2025-03-31T17:00:00,AWS-RAN-102,30.8,968.0,21.0,True,statistical_anomaly,medium,57.2,21.81,968.73,42.5,HEALTHY,replay
2025-03-31T18:00:00,AWS-RAN-102,28.6,968.1,20.0,True,statistical_anomaly,low,51.4,21.81,968.73,42.5,HEALTHY,replay
2025-03-31T19:00:00,AWS-RAN-102,27.3,968.8,21.0,False,,low,43.1,21.81,968.73,42.5,HEALTHY,replay
2025-03-31T20:00:00,AWS-RAN-102,24.7,969.3,28.0,False,,low,15.2,22.0,968.79,41.71,HEALTHY,replay
2025-03-31T21:00:00,AWS-RAN-102,23.0,969.6,31.0,False,,low,2.8,22.15,968.84,41.02,HEALTHY,replay
2025-03-31T22:00:00,AWS-RAN-102,21.9,969.7,30.0,False,,low,1.9,22.22,968.88,40.42,HEALTHY,replay
2025-03-31T23:00:00,AWS-RAN-102,20.9,969.4,30.0,False,,low,1.0,22.19,968.9,39.98,HEALTHY,replay
2026-09-18T01:15:00+00:00,AWS-RAN-102,24.8,970.3,90.0,False,,low,0.0,,,,HEALTHY,live
