timestamp,temperature_c,pressure_hpa,humidity_pct,station_id,station_name,cluster_id,role,is_anomaly,fault_type
2025-01-01 00:00:00,11.0,1009.0,96.0,AWS-VAR-101,Ramnagar,VAR,neighbor,False,
2025-01-01 01:00:00,10.1,1008.4,97.0,AWS-VAR-101,Ramnagar,VAR,neighbor,False,
2025-01-01 02:00:00,10.0,1008.1,98.0,AWS-VAR-101,Ramnagar,VAR,neighbor,False,
2025-01-01 03:00:00,9.4,1007.7,99.0,AWS-VAR-101,Ramnagar,VAR,neighbor,False,
2025-01-01 04:00:00,9.4,1007.6,100.0,AWS-VAR-101,Ramnagar,VAR,neighbor,False,
2025-01-01 05:00:00,9.4,1007.7,100.0,AWS-VAR-101,Ramnagar,VAR,neighbor,False,
2025-01-01 06:00:00,10.2,1009.3,99.0,AWS-VAR-101,Ramnagar,VAR,neighbor,False,
2025-01-01 07:00:00,10.6,1009.9,99.0,AWS-VAR-101,Ramnagar,VAR,neighbor,False,
2025-01-01 08:00:00,12.4,1010.6,90.0,AWS-VAR-101,Ramnagar,VAR,neighbor,False,
2025-01-01 09:00:00,14.3,1010.9,77.0,AWS-VAR-101,Ramnagar,VAR,neighbor,False,
2025-01-01 10:00:00,15.8,1010.6,65.0,AWS-VAR-101,Ramnagar,VAR,neighbor,False,
2025-01-01 11:00:00,16.7,1009.8,62.0,AWS-VAR-101,Ramnagar,VAR,neighbor,False,
2025-01-01 12:00:00,17.5,1008.8,59.0,AWS-VAR-101,Ramnagar,VAR,neighbor,False,
2025-01-01 13:00:00,18.1,1007.3,58.0,AWS-VAR-101,Ramnagar,VAR,neighbor,False,
2025-01-01 14:00:00,18.4,1006.3,58.0,AWS-VAR-101,Ramnagar,VAR,neighbor,False,
2025-01-01 15:00:00,18.1,1006.1,59.0,AWS-VAR-101,Ramnagar,VAR,neighbor,False,
2025-01-01 16:00:00,17.2,1006.0,64.0,AWS-VAR-101,Ramnagar,VAR,neighbor,False,
2025-01-01 17:00:00,14.8,1006.1,76.0,AWS-VAR-101,Ramnagar,VAR,neighbor,False,
2025-01-01 18:00:00,12.9,1007.8,83.0,AWS-VAR-101,Ramnagar,VAR,neighbor,False,
2025-01-01 19:00:00,12.4,1008.0,87.0,AWS-VAR-101,Ramnagar,VAR,neighbor,False,
2025-01-01 20:00:00,11.9,1008.7,89.0,AWS-VAR-101,Ramnagar,VAR,neighbor,False,
2025-01-01 21:00:00,11.1,1008.5,92.0,AWS-VAR-101,Ramnagar,VAR,neighbor,False,
2025-01-01 22:00:00,10.4,1008.4,93.0,AWS-VAR-101,Ramnagar,VAR,neighbor,False,
2025-01-01 23:00:00,10.1,1008.3,94.0,AWS-VAR-101,Ramnagar,VAR,neighbor,False,
2025-01-02 00:00:00,9.9,1007.9,95.0,AWS-VAR-101,Ramnagar,VAR,neighbor,False,
2025-01-02 01:00:00,9.7,1007.5,96.0,AWS-VAR-101,Ramnagar,VAR,neighbor,False,
2025-01-02 02:00:00,9.8,1006.9,97.0,AWS-VAR-101,Ramnagar,VAR,neighbor,False,
2025-01-02 03:00:00,9.6,1006.5,98.0,AWS-VAR-101,Ramnagar,VAR,neighbor,False,
2025-01-02 04:00:00,9.4,1006.6,98.0,AWS-VAR-101,Ramnagar,VAR,neighbor,False,
2025-01-02 05:00:00,9.3,1007.0,98.0,AWS-VAR-101,Ramnagar,VAR,neighbor,False,
2025-01-02 06:00:00,9.4,1008.6,99.0,AWS-VAR-101,Ramnagar,VAR,neighbor,False,
2025-01-02 07:00:00,9.8,1009.4,99.0,AWS-VAR-101,Ramnagar,VAR,neighbor,False,
2025-01-02 08:00:00,11.4,1010.1,93.0,AWS-VAR-101,Ramnagar,VAR,neighbor,False,
2025-01-02 09:00:00,13.3,1010.5,85.0,AWS-VAR-101,Ramnagar,VAR,neighbor,False,
2025-01-02 10:00:00,15.4,1010.2,75.0,AWS-VAR-101,Ramnagar,VAR,neighbor,False,
2025-01-02 11:00:00,17.2,1009.5,63.0,AWS-VAR-101,Ramnagar,VAR,neighbor,False,
2025-01-02 12:00:00,17.9,1008.6,61.0,AWS-VAR-101,Ramnagar,VAR,neighbor,False,
2025-01-02 13:00:00,18.7,1007.5,57.0,AWS-VAR-101,Ramnagar,VAR,neighbor,False,
2025-01-02 14:00:00,19.0,1006.7,58.0,AWS-VAR-101,Ramnagar,VAR,neighbor,False,
2025-01-02 15:00:00,18.8,1006.2,60.0,AWS-VAR-101,Ramnagar,VAR,neighbor,False,
2025-01-02 16:00:00,17.9,1006.6,66.0,AWS-VAR-101,Ramnagar,VAR,neighbor,False,
2025-01-02 17:00:00,15.6,1006.7,79.0,AWS-VAR-101,Ramnagar,VAR,neighbor,False,
2025-01-02 18:00:00,14.8,1007.9,80.0,AWS-VAR-101,Ramnagar,VAR,neighbor,False,
2025-01-02 19:00:00,14.1,1008.3,83.0,AWS-VAR-101,Ramnagar,VAR,neighbor,False,
2025-01-02 20:00:00,13.2,1008.8,87.0,AWS-VAR-101,Ramnagar,VAR,neighbor,False,
2025-01-02 21:00:00,12.6,1009.0,90.0,AWS-VAR-101,Ramnagar,VAR,neighbor,False,
2025-01-02 22:00:00,11.9,1008.8,93.0,AWS-VAR-101,Ramnagar,VAR,neighbor,False,
2025-01-02 23:00:00,11.2,1008.2,95.0,AWS-VAR-101,Ramnagar,VAR,neighbor,False,
2025-01-03 00:00:00,10.5,1007.7,97.0,AWS-VAR-101,Ramnagar,VAR,neighbor,False,
2025-01-03 01:00:00,10.1,1007.5,97.0,AWS-VAR-101,Ramnagar,VAR,neighbor,False,
2025-01-03 02:00:00,9.7,1007.2,98.0,AWS-VAR-101,Ramnagar,VAR,neighbor,False,
2025-01-03 03:00:00,9.4,1006.9,100.0,AWS-VAR-101,Ramnagar,VAR,neighbor,False,
2025-01-03 04:00:00,8.9,1007.1,100.0,AWS-VAR-101,Ramnagar,VAR,neighbor,False,
2025-01-03 05:00:00,9.2,1007.5,100.0,AWS-VAR-101,Ramnagar,VAR,neighbor,False,
2025-01-03 06:00:00,9.1,1008.9,100.0,AWS-VAR-101,Ramnagar,VAR,neighbor,False,
2025-01-03 07:00:00,9.4,1009.4,100.0,AWS-VAR-101,Ramnagar,VAR,neighbor,False,
2025-01-03 08:00:00,10.9,1010.2,99.0,AWS-VAR-101,Ramnagar,VAR,neighbor,False,
2025-01-03 09:00:00,13.3,1010.4,90.0,AWS-VAR-101,Ramnagar,VAR,neighbor,False,
2025-01-03 10:00:00,15.9,1010.1,78.0,AWS-VAR-101,Ramnagar,VAR,neighbor,False,
2025-01-03 11:00:00,17.8,1009.2,68.0,AWS-VAR-101,Ramnagar,VAR,neighbor,False,
2025-01-03 12:00:00,18.9,1007.8,64.0,AWS-VAR-101,Ramnagar,VAR,neighbor,False,
2025-01-03 13:00:00,19.7,1006.7,62.0,AWS-VAR-101,Ramnagar,VAR,neighbor,False,
2025-01-03 14:00:00,20.0,1006.0,63.0,AWS-VAR-101,Ramnagar,VAR,neighbor,False,
2025-01-03 15:00:00,19.8,1005.7,64.0,AWS-VAR-101,Ramnagar,VAR,neighbor,False,
2025-01-03 16:00:00,18.9,1005.6,70.0,AWS-VAR-101,Ramnagar,VAR,neighbor,False,
2025-01-03 17:00:00,16.3,1005.5,82.0,AWS-VAR-101,Ramnagar,VAR,neighbor,False,
2025-01-03 18:00:00,14.3,1006.9,88.0,AWS-VAR-101,Ramnagar,VAR,neighbor,False,
2025-01-03 19:00:00,13.4,1007.2,91.0,AWS-VAR-101,Ramnagar,VAR,neighbor,False,
2025-01-03 20:00:00,12.7,1007.3,92.0,AWS-VAR-101,Ramnagar,VAR,neighbor,False,
2025-01-03 21:00:00,12.4,1007.2,93.0,AWS-VAR-101,Ramnagar,VAR,neighbor,False,
2025-01-03 22:00:00,11.7,1007.3,96.0,AWS-VAR-101,Ramnagar,VAR,neighbor,False,
2025-01-03 23:00:00,10.7,1007.0,99.0,AWS-VAR-101,Ramnagar,VAR,neighbor,False,
2025-01-04 00:00:00,10.5,1006.7,100.0,AWS-VAR-101,Ramnagar,VAR,neighbor,False,
2025-01-04 01:00:00,10.0,1006.2,100.0,AWS-VAR-101,Ramnagar,VAR,neighbor,False,
2025-01-04 02:00:00,9.5,1005.7,100.0,AWS-VAR-101,Ramnagar,VAR,neighbor,False,
2025-01-04 03:00:00,9.4,1005.4,100.0,AWS-VAR-101,Ramnagar,VAR,neighbor,False,
2025-01-04 04:00:00,9.7,1005.5,100.0,AWS-VAR-101,Ramnagar,VAR,neighbor,False,
2025-01-04 05:00:00,9.4,1005.9,100.0,AWS-VAR-101,Ramnagar,VAR,neighbor,False,
2025-01-04 06:00:00,10.1,1007.1,100.0,AWS-VAR-101,Ramnagar,VAR,neighbor,False,
2025-01-04 07:00:00,10.1,1007.9,99.0,AWS-VAR-101,Ramnagar,VAR,neighbor,False,
2025-01-04 08:00:00,11.1,1008.8,98.0,AWS-VAR-101,Ramnagar,VAR,neighbor,False,
2025-01-04 09:00:00,12.7,1009.3,96.0,AWS-VAR-101,Ramnagar,VAR,neighbor,False,
2025-01-04 10:00:00,14.7,1009.1,87.0,AWS-VAR-101,Ramnagar,VAR,neighbor,False,
2025-01-04 11:00:00,17.1,1008.2,74.0,AWS-VAR-101,Ramnagar,VAR,neighbor,False,
2025-01-04 12:00:00,18.4,1007.0,69.0,AWS-VAR-101,Ramnagar,VAR,neighbor,False,
2025-01-04 13:00:00,19.0,1005.7,67.0,AWS-VAR-101,Ramnagar,VAR,neighbor,False,
2025-01-04 14:00:00,19.2,1004.8,66.0,AWS-VAR-101,Ramnagar,VAR,neighbor,False,
2025-01-04 15:00:00,19.0,1004.4,67.0,AWS-VAR-101,Ramnagar,VAR,neighbor,False,
2025-01-04 16:00:00,18.2,1004.3,72.0,AWS-VAR-101,Ramnagar,VAR,neighbor,False,
2025-01-04 17:00:00,15.8,1064.5,82.0,AWS-VAR-101,Ramnagar,VAR,neighbor,True,impossible_jump
2025-01-04 18:00:00,13.0,1006.1,91.0,AWS-VAR-101,Ramnagar,VAR,neighbor,False,
2025-01-04 19:00:00,12.1,1006.6,94.0,AWS-VAR-101,Ramnagar,VAR,neighbor,False,
2025-01-04 20:00:00,11.5,1007.1,95.0,AWS-VAR-101,Ramnagar,VAR,neighbor,False,
2025-01-04 21:00:00,11.1,1007.3,96.0,AWS-VAR-101,Ramnagar,VAR,neighbor,False,
2025-01-04 22:00:00,10.7,1007.3,99.0,AWS-VAR-101,Ramnagar,VAR,neighbor,False,
2025-01-04 23:00:00,10.2,1007.0,100.0,AWS-VAR-101,Ramnagar,VAR,neighbor,False,
2025-01-05 00:00:00,9.8,1006.5,100.0,AWS-VAR-101,Ramnagar,VAR,neighbor,False,
2025-01-05 01:00:00,9.6,1006.2,100.0,AWS-VAR-101,Ramnagar,VAR,neighbor,False,
2025-01-05 02:00:00,9.6,1005.7,100.0,AWS-VAR-101,Ramnagar,VAR,neighbor,False,
2025-01-05 03:00:00,9.7,1005.6,100.0,AWS-VAR-101,Ramnagar,VAR,neighbor,False,
2025-01-05 04:00:00,9.7,,100.0,AWS-VAR-101,Ramnagar,VAR,neighbor,True,dropout
2025-01-05 05:00:00,9.6,1005.8,100.0,AWS-VAR-101,Ramnagar,VAR,neighbor,False,
2025-01-05 06:00:00,9.7,1007.4,100.0,AWS-VAR-101,Ramnagar,VAR,neighbor,False,
2025-01-05 07:00:00,10.0,1008.1,100.0,AWS-VAR-101,Ramnagar,VAR,neighbor,False,
2025-01-05 08:00:00,10.5,1009.0,98.0,AWS-VAR-101,Ramnagar,VAR,neighbor,False,
2025-01-05 09:00:00,11.5,1009.6,97.0,AWS-VAR-101,Ramnagar,VAR,neighbor,False,
2025-01-05 10:00:00,13.9,1009.3,86.0,AWS-VAR-101,Ramnagar,VAR,neighbor,False,
2025-01-05 11:00:00,16.7,1008.4,78.0,AWS-VAR-101,Ramnagar,VAR,neighbor,False,
2025-01-05 12:00:00,18.2,1007.1,72.0,AWS-VAR-101,Ramnagar,VAR,neighbor,False,
2025-01-05 13:00:00,19.4,1005.9,68.0,AWS-VAR-101,Ramnagar,VAR,neighbor,False,
2025-01-05 14:00:00,19.6,1005.3,69.0,AWS-VAR-101,Ramnagar,VAR,neighbor,False,
2025-01-05 15:00:00,19.5,1005.0,70.0,AWS-VAR-101,Ramnagar,VAR,neighbor,False,
2025-01-05 16:00:00,18.6,1004.6,75.0,AWS-VAR-101,Ramnagar,VAR,neighbor,False,
2025-01-05 17:00:00,16.7,1004.9,84.0,AWS-VAR-101,Ramnagar,VAR,neighbor,False,
2025-01-05 18:00:00,14.9,1006.1,93.0,AWS-VAR-101,Ramnagar,VAR,neighbor,False,
2025-01-05 19:00:00,14.4,1006.5,94.0,AWS-VAR-101,Ramnagar,VAR,neighbor,False,
2025-01-05 20:00:00,14.0,1007.0,95.0,AWS-VAR-101,Ramnagar,VAR,neighbor,False,
2025-01-05 21:00:00,13.5,1007.0,96.0,AWS-VAR-101,Ramnagar,VAR,neighbor,False,
2025-01-05 22:00:00,13.4,1006.5,97.0,AWS-VAR-101,Ramnagar,VAR,neighbor,False,
2025-01-05 23:00:00,13.0,1006.0,98.0,AWS-VAR-101,Ramnagar,VAR,neighbor,False,
2025-01-06 00:00:00,13.1,1005.3,98.0,AWS-VAR-101,Ramnagar,VAR,neighbor,False,
2025-01-06 01:00:00,12.2,1005.6,99.0,AWS-VAR-101,Ramnagar,VAR,neighbor,False,
2025-01-06 02:00:00,12.5,1005.2,99.0,AWS-VAR-101,Ramnagar,VAR,neighbor,False,
2025-01-06 03:00:00,12.7,1004.6,98.0,AWS-VAR-101,Ramnagar,VAR,neighbor,False,
2025-01-06 04:00:00,12.5,1004.7,98.0,AWS-VAR-101,Ramnagar,VAR,neighbor,False,
2025-01-06 05:00:00,12.4,1005.1,98.0,AWS-VAR-101,Ramnagar,VAR,neighbor,False,
2025-01-06 06:00:00,12.0,1005.9,99.0,AWS-VAR-101,Ramnagar,VAR,neighbor,False,
2025-01-06 07:00:00,12.5,1006.6,100.0,AWS-VAR-101,Ramnagar,VAR,neighbor,False,
2025-01-06 08:00:00,13.4,1007.2,97.0,AWS-VAR-101,Ramnagar,VAR,neighbor,False,
2025-01-06 09:00:00,15.8,1007.9,88.0,AWS-VAR-101,Ramnagar,VAR,neighbor,False,
2025-01-06 10:00:00,17.9,1007.6,82.0,AWS-VAR-101,Ramnagar,VAR,neighbor,False,
2025-01-06 11:00:00,19.8,1006.8,76.0,AWS-VAR-101,Ramnagar,VAR,neighbor,False,
2025-01-06 12:00:00,21.2,1005.5,72.0,AWS-VAR-101,Ramnagar,VAR,neighbor,False,
2025-01-06 13:00:00,22.2,1004.2,69.0,AWS-VAR-101,Ramnagar,VAR,neighbor,False,
2025-01-06 14:00:00,22.7,1003.4,67.0,AWS-VAR-101,Ramnagar,VAR,neighbor,False,
2025-01-06 15:00:00,22.6,1003.1,68.0,AWS-VAR-101,Ramnagar,VAR,neighbor,False,
2025-01-06 16:00:00,21.4,1002.8,81.0,AWS-VAR-101,Ramnagar,VAR,neighbor,False,
2025-01-06 17:00:00,18.6,1002.8,87.0,AWS-VAR-101,Ramnagar,VAR,neighbor,False,
2025-01-06 18:00:00,16.5,1003.5,94.0,AWS-VAR-101,Ramnagar,VAR,neighbor,False,
2025-01-06 19:00:00,16.1,1004.2,94.0,AWS-VAR-101,Ramnagar,VAR,neighbor,False,
2025-01-06 20:00:00,15.4,1004.7,95.0,AWS-VAR-101,Ramnagar,VAR,neighbor,False,
2025-01-06 21:00:00,15.1,1005.2,95.0,AWS-VAR-101,Ramnagar,VAR,neighbor,False,
2025-01-06 22:00:00,14.8,1005.4,95.0,AWS-VAR-101,Ramnagar,VAR,neighbor,False,
2025-01-06 23:00:00,14.2,1005.4,95.0,AWS-VAR-101,Ramnagar,VAR,neighbor,False,
2025-01-07 00:00:00,13.6,1005.2,96.0,AWS-VAR-101,Ramnagar,VAR,neighbor,False,
2025-01-07 01:00:00,13.1,1004.9,98.0,AWS-VAR-101,Ramnagar,VAR,neighbor,False,
2025-01-07 02:00:00,12.7,1005.0,99.0,AWS-VAR-101,Ramnagar,VAR,neighbor,False,
2025-01-07 03:00:00,12.4,1005.0,99.0,AWS-VAR-101,Ramnagar,VAR,neighbor,False,
2025-01-07 04:00:00,12.2,1005.0,100.0,AWS-VAR-101,Ramnagar,VAR,neighbor,False,
2025-01-07 05:00:00,11.9,1005.6,100.0,AWS-VAR-101,Ramnagar,VAR,neighbor,False,
2025-01-07 06:00:00,12.6,1006.9,100.0,AWS-VAR-101,Ramnagar,VAR,neighbor,False,
2025-01-07 07:00:00,12.9,1007.6,99.0,AWS-VAR-101,Ramnagar,VAR,neighbor,False,
2025-01-07 08:00:00,13.2,1008.5,98.0,AWS-VAR-101,Ramnagar,VAR,neighbor,False,
2025-01-07 09:00:00,14.2,1009.0,93.0,AWS-VAR-101,Ramnagar,VAR,neighbor,False,
2025-01-07 10:00:00,15.6,1008.6,85.0,AWS-VAR-101,Ramnagar,VAR,neighbor,False,
2025-01-07 11:00:00,16.6,1007.8,81.0,AWS-VAR-101,Ramnagar,VAR,neighbor,False,
2025-01-07 12:00:00,18.0,1006.5,72.0,AWS-VAR-101,Ramnagar,VAR,neighbor,False,
2025-01-07 13:00:00,18.9,1005.3,64.0,AWS-VAR-101,Ramnagar,VAR,neighbor,False,
2025-01-07 14:00:00,19.5,1004.5,62.0,AWS-VAR-101,Ramnagar,VAR,neighbor,False,
2025-01-07 15:00:00,19.1,1003.9,64.0,AWS-VAR-101,Ramnagar,VAR,neighbor,False,
2025-01-07 16:00:00,18.1,1003.7,70.0,AWS-VAR-101,Ramnagar,VAR,neighbor,False,
2025-01-07 17:00:00,16.2,1003.8,80.0,AWS-VAR-101,Ramnagar,VAR,neighbor,False,
2025-01-07 18:00:00,15.0,1005.9,80.0,AWS-VAR-101,Ramnagar,VAR,neighbor,False,
2025-01-07 19:00:00,15.0,1006.5,80.0,AWS-VAR-101,Ramnagar,VAR,neighbor,False,
2025-01-07 20:00:00,14.3,1006.7,82.0,AWS-VAR-101,Ramnagar,VAR,neighbor,False,
2025-01-07 21:00:00,13.1,1006.6,89.0,AWS-VAR-101,Ramnagar,VAR,neighbor,False,
2025-01-07 22:00:00,12.7,1006.4,91.0,AWS-VAR-101,Ramnagar,VAR,neighbor,False,
2025-01-07 23:00:00,12.0,1005.9,94.0,AWS-VAR-101,Ramnagar,VAR,neighbor,False,
2025-01-08 00:00:00,11.5,1005.5,96.0,AWS-VAR-101,Ramnagar,VAR,neighbor,False,
2025-01-08 01:00:00,11.1,1005.1,97.0,AWS-VAR-101,Ramnagar,VAR,neighbor,False,
2025-01-08 02:00:00,10.9,1004.6,98.0,AWS-VAR-101,Ramnagar,VAR,neighbor,False,
2025-01-08 03:00:00,11.1,1004.7,97.0,AWS-VAR-101,Ramnagar,VAR,neighbor,False,
2025-01-08 04:00:00,11.6,1004.9,96.0,AWS-VAR-101,Ramnagar,VAR,neighbor,False,
2025-01-08 05:00:00,12.1,1005.2,94.0,AWS-VAR-101,Ramnagar,VAR,neighbor,False,
2025-01-08 06:00:00,12.1,1006.7,83.0,AWS-VAR-101,Ramnagar,VAR,neighbor,False,
2025-01-08 07:00:00,11.8,1007.5,83.0,AWS-VAR-101,Ramnagar,VAR,neighbor,False,
2025-01-08 08:00:00,13.0,1008.6,69.0,AWS-VAR-101,Ramnagar,VAR,neighbor,False,
2025-01-08 09:00:00,14.1,1009.4,64.0,AWS-VAR-101,Ramnagar,VAR,neighbor,False,
2025-01-08 10:00:00,15.2,1009.3,63.0,AWS-VAR-101,Ramnagar,VAR,neighbor,False,
2025-01-08 11:00:00,16.3,1008.7,61.0,AWS-VAR-101,Ramnagar,VAR,neighbor,False,
2025-01-08 12:00:00,16.8,1007.6,62.0,AWS-VAR-101,Ramnagar,VAR,neighbor,False,
2025-01-08 13:00:00,17.4,1006.4,59.0,AWS-VAR-101,Ramnagar,VAR,neighbor,False,
2025-01-08 14:00:00,17.6,1005.6,58.0,AWS-VAR-101,Ramnagar,VAR,neighbor,False,
2025-01-08 15:00:00,17.3,1005.3,56.0,AWS-VAR-101,Ramnagar,VAR,neighbor,False,
2025-01-08 16:00:00,16.4,1005.4,60.0,AWS-VAR-101,Ramnagar,VAR,neighbor,False,
2025-01-08 17:00:00,14.2,1005.7,69.0,AWS-VAR-101,Ramnagar,VAR,neighbor,False,
2025-01-08 18:00:00,13.4,1006.7,74.0,AWS-VAR-101,Ramnagar,VAR,neighbor,False,
2025-01-08 19:00:00,12.8,1007.3,77.0,AWS-VAR-101,Ramnagar,VAR,neighbor,False,
2025-01-08 20:00:00,12.2,1007.7,82.0,AWS-VAR-101,Ramnagar,VAR,neighbor,False,
2025-01-08 21:00:00,11.3,1008.1,86.0,AWS-VAR-101,Ramnagar,VAR,neighbor,False,
2025-01-08 22:00:00,11.2,1008.1,86.0,AWS-VAR-101,Ramnagar,VAR,neighbor,False,
2025-01-08 23:00:00,10.1,1007.9,91.0,AWS-VAR-101,Ramnagar,VAR,neighbor,False,
2025-01-09 00:00:00,9.6,1007.5,95.0,AWS-VAR-101,Ramnagar,VAR,neighbor,False,
2025-01-09 01:00:00,9.0,1007.3,97.0,AWS-VAR-101,Ramnagar,VAR,neighbor,False,
2025-01-09 02:00:00,8.8,1007.2,98.0,AWS-VAR-101,Ramnagar,VAR,neighbor,False,
2025-01-09 03:00:00,8.8,1007.2,97.0,AWS-VAR-101,Ramnagar,VAR,neighbor,False,
2025-01-09 04:00:00,8.5,1007.2,97.0,AWS-VAR-101,Ramnagar,VAR,neighbor,False,
2025-01-09 05:00:00,8.4,1007.6,97.0,AWS-VAR-101,Ramnagar,VAR,neighbor,False,
2025-01-09 06:00:00,8.6,1008.7,98.0,AWS-VAR-101,Ramnagar,VAR,neighbor,False,
2025-01-09 07:00:00,9.6,1009.7,97.0,AWS-VAR-101,Ramnagar,VAR,neighbor,False,
2025-01-09 08:00:00,12.0,150.0,87.0,AWS-VAR-101,Ramnagar,VAR,neighbor,True,sensor_fail_low
2025-01-09 09:00:00,15.0,150.0,76.0,AWS-VAR-101,Ramnagar,VAR,neighbor,True,sensor_fail_low
2025-01-09 10:00:00,17.0,150.0,65.0,AWS-VAR-101,Ramnagar,VAR,neighbor,True,sensor_fail_low
2025-01-09 11:00:00,18.2,1010.2,60.0,AWS-VAR-101,Ramnagar,VAR,neighbor,False,
2025-01-09 12:00:00,19.2,1008.9,54.0,AWS-VAR-101,Ramnagar,VAR,neighbor,False,
2025-01-09 13:00:00,19.4,1007.9,54.0,AWS-VAR-101,Ramnagar,VAR,neighbor,False,
2025-01-09 14:00:00,19.6,1007.3,54.0,AWS-VAR-101,Ramnagar,VAR,neighbor,False,
2025-01-09 15:00:00,19.4,1006.9,56.0,AWS-VAR-101,Ramnagar,VAR,neighbor,False,
2025-01-09 16:00:00,18.3,1006.9,73.0,AWS-VAR-101,Ramnagar,VAR,neighbor,False,
2025-01-09 17:00:00,16.2,1007.0,73.0,AWS-VAR-101,Ramnagar,VAR,neighbor,False,
2025-01-09 18:00:00,14.7,1008.0,81.0,AWS-VAR-101,Ramnagar,VAR,neighbor,False,
2025-01-09 19:00:00,13.9,1008.7,85.0,AWS-VAR-101,Ramnagar,VAR,neighbor,False,
2025-01-09 20:00:00,13.4,1009.7,85.0,AWS-VAR-101,Ramnagar,VAR,neighbor,False,
2025-01-09 21:00:00,12.8,1010.3,87.0,AWS-VAR-101,Ramnagar,VAR,neighbor,False,
2025-01-09 22:00:00,12.5,1010.4,88.0,AWS-VAR-101,Ramnagar,VAR,neighbor,False,
2025-01-09 23:00:00,11.4,1010.2,93.0,AWS-VAR-101,Ramnagar,VAR,neighbor,False,
2025-01-10 00:00:00,10.6,1009.9,95.0,AWS-VAR-101,Ramnagar,VAR,neighbor,False,
2025-01-10 01:00:00,10.2,1009.7,95.0,AWS-VAR-101,Ramnagar,VAR,neighbor,False,
2025-01-10 02:00:00,9.7,1009.5,97.0,AWS-VAR-101,Ramnagar,VAR,neighbor,False,
2025-01-10 03:00:00,9.2,1009.3,99.0,AWS-VAR-101,Ramnagar,VAR,neighbor,False,
2025-01-10 04:00:00,8.7,1009.4,99.0,AWS-VAR-101,Ramnagar,VAR,neighbor,False,
2025-01-10 05:00:00,8.5,1009.6,99.0,AWS-VAR-101,Ramnagar,VAR,neighbor,False,
2025-01-10 06:00:00,8.6,1010.7,98.0,AWS-VAR-101,Ramnagar,VAR,neighbor,False,
2025-01-10 07:00:00,9.4,1011.7,98.0,AWS-VAR-101,Ramnagar,VAR,neighbor,False,
2025-01-10 08:00:00,11.6,1012.4,91.0,AWS-VAR-101,Ramnagar,VAR,neighbor,False,
2025-01-10 09:00:00,14.8,1013.0,79.0,AWS-VAR-101,Ramnagar,VAR,neighbor,False,
2025-01-10 10:00:00,17.3,1012.7,68.0,AWS-VAR-101,Ramnagar,VAR,neighbor,False,
2025-01-10 11:00:00,18.7,1011.9,60.0,AWS-VAR-101,Ramnagar,VAR,neighbor,False,
2025-01-10 12:00:00,19.4,1010.8,58.0,AWS-VAR-101,Ramnagar,VAR,neighbor,False,
2025-01-10 13:00:00,19.8,1009.7,57.0,AWS-VAR-101,Ramnagar,VAR,neighbor,False,
2025-01-10 14:00:00,19.9,1008.9,57.0,AWS-VAR-101,Ramnagar,VAR,neighbor,False,
2025-01-10 15:00:00,19.6,1008.5,58.0,AWS-VAR-101,Ramnagar,VAR,neighbor,False,
2025-01-10 16:00:00,18.5,1008.5,71.0,AWS-VAR-101,Ramnagar,VAR,neighbor,False,
2025-01-10 17:00:00,15.9,1008.4,77.0,AWS-VAR-101,Ramnagar,VAR,neighbor,False,
2025-01-10 18:00:00,14.8,1008.5,84.0,AWS-VAR-101,Ramnagar,VAR,neighbor,False,
2025-01-10 19:00:00,14.1,1008.9,86.0,AWS-VAR-101,Ramnagar,VAR,neighbor,False,
2025-01-10 20:00:00,13.6,1009.4,84.0,AWS-VAR-101,Ramnagar,VAR,neighbor,False,
2025-01-10 21:00:00,12.7,1009.9,88.0,AWS-VAR-101,Ramnagar,VAR,neighbor,False,
2025-01-10 22:00:00,12.1,1010.0,90.0,AWS-VAR-101,Ramnagar,VAR,neighbor,False,
2025-01-10 23:00:00,11.4,1009.8,94.0,AWS-VAR-101,Ramnagar,VAR,neighbor,False,
2025-01-11 00:00:00,10.2,1069.5,98.0,AWS-VAR-101,Ramnagar,VAR,neighbor,True,impossible_jump
2025-01-11 01:00:00,10.0,1009.3,99.0,AWS-VAR-101,Ramnagar,VAR,neighbor,False,
2025-01-11 02:00:00,9.5,1008.9,100.0,AWS-VAR-101,Ramnagar,VAR,neighbor,False,
2025-01-11 03:00:00,9.1,1008.9,100.0,AWS-VAR-101,Ramnagar,VAR,neighbor,False,
2025-01-11 04:00:00,8.7,1009.0,100.0,AWS-VAR-101,Ramnagar,VAR,neighbor,False,
2025-01-11 05:00:00,8.0,1009.5,100.0,AWS-VAR-101,Ramnagar,VAR,neighbor,False,
2025-01-11 06:00:00,7.8,1010.3,100.0,AWS-VAR-101,Ramnagar,VAR,neighbor,False,
2025-01-11 07:00:00,8.7,1010.9,100.0,AWS-VAR-101,Ramnagar,VAR,neighbor,False,
2025-01-11 08:00:00,10.7,1012.1,97.0,AWS-VAR-101,Ramnagar,VAR,neighbor,False,
2025-01-11 09:00:00,12.7,1012.7,96.0,AWS-VAR-101,Ramnagar,VAR,neighbor,False,
2025-01-11 10:00:00,15.6,1012.3,84.0,AWS-VAR-101,Ramnagar,VAR,neighbor,False,
2025-01-11 11:00:00,18.2,1011.0,71.0,AWS-VAR-101,Ramnagar,VAR,neighbor,False,
2025-01-11 12:00:00,19.7,1009.7,62.0,AWS-VAR-101,Ramnagar,VAR,neighbor,False,
2025-01-11 13:00:00,20.6,1008.4,55.0,AWS-VAR-101,Ramnagar,VAR,neighbor,False,
2025-01-11 14:00:00,21.0,1007.4,51.0,AWS-VAR-101,Ramnagar,VAR,neighbor,False,
2025-01-11 15:00:00,21.0,1006.9,51.0,AWS-VAR-101,Ramnagar,VAR,neighbor,False,
2025-01-11 16:00:00,19.6,1006.6,68.0,AWS-VAR-101,Ramnagar,VAR,neighbor,False,
2025-01-11 17:00:00,16.1,1006.5,79.0,AWS-VAR-101,Ramnagar,VAR,neighbor,False,
2025-01-11 18:00:00,16.5,1006.6,82.0,AWS-VAR-101,Ramnagar,VAR,neighbor,False,
2025-01-11 19:00:00,15.6,1007.0,84.0,AWS-VAR-101,Ramnagar,VAR,neighbor,False,
2025-01-11 20:00:00,15.0,1007.7,84.0,AWS-VAR-101,Ramnagar,VAR,neighbor,False,
2025-01-11 21:00:00,14.2,1008.2,86.0,AWS-VAR-101,Ramnagar,VAR,neighbor,False,
2025-01-11 22:00:00,12.7,1008.6,90.0,AWS-VAR-101,Ramnagar,VAR,neighbor,False,
2025-01-11 23:00:00,12.5,1008.5,91.0,AWS-VAR-101,Ramnagar,VAR,neighbor,False,
2025-01-12 00:00:00,12.6,1008.2,91.0,AWS-VAR-101,Ramnagar,VAR,neighbor,False,
2025-01-12 01:00:00,12.4,1008.1,92.0,AWS-VAR-101,Ramnagar,VAR,neighbor,False,
2025-01-12 02:00:00,12.1,1008.0,93.0,AWS-VAR-101,Ramnagar,VAR,neighbor,False,
2025-01-12 03:00:00,11.9,1007.5,93.0,AWS-VAR-101,Ramnagar,VAR,neighbor,False,
2025-01-12 04:00:00,11.8,1007.4,93.0,AWS-VAR-101,Ramnagar,VAR,neighbor,False,
2025-01-12 05:00:00,11.8,1007.4,93.0,AWS-VAR-101,Ramnagar,VAR,neighbor,False,
2025-01-12 06:00:00,12.1,1008.1,94.0,AWS-VAR-101,Ramnagar,VAR,neighbor,False,
2025-01-12 07:00:00,12.6,1008.7,94.0,AWS-VAR-101,Ramnagar,VAR,neighbor,False,
2025-01-12 08:00:00,14.5,1009.4,88.0,AWS-VAR-101,Ramnagar,VAR,neighbor,False,
2025-01-12 09:00:00,17.1,1009.8,80.0,AWS-VAR-101,Ramnagar,VAR,neighbor,False,
2025-01-12 10:00:00,19.8,1009.5,71.0,AWS-VAR-101,Ramnagar,VAR,neighbor,False,
2025-01-12 11:00:00,22.0,1008.3,63.0,AWS-VAR-101,Ramnagar,VAR,neighbor,False,
2025-01-12 12:00:00,23.7,1007.2,55.0,AWS-VAR-101,Ramnagar,VAR,neighbor,False,
2025-01-12 13:00:00,24.5,1006.2,53.0,AWS-VAR-101,Ramnagar,VAR,neighbor,False,
2025-01-12 14:00:00,24.1,1005.5,59.0,AWS-VAR-101,Ramnagar,VAR,neighbor,False,
2025-01-12 15:00:00,23.3,1005.4,64.0,AWS-VAR-101,Ramnagar,VAR,neighbor,False,
2025-01-12 16:00:00,21.7,1005.9,73.0,AWS-VAR-101,Ramnagar,VAR,neighbor,False,
2025-01-12 17:00:00,19.7,1006.8,82.0,AWS-VAR-101,Ramnagar,VAR,neighbor,False,
2025-01-12 18:00:00,17.8,1007.1,88.0,AWS-VAR-101,Ramnagar,VAR,neighbor,False,
2025-01-12 19:00:00,17.3,1007.4,90.0,AWS-VAR-101,Ramnagar,VAR,neighbor,False,
2025-01-12 20:00:00,16.7,1007.9,94.0,AWS-VAR-101,Ramnagar,VAR,neighbor,False,
2025-01-12 21:00:00,16.9,1008.0,93.0,AWS-VAR-101,Ramnagar,VAR,neighbor,False,
2025-01-12 22:00:00,15.8,1008.1,96.0,AWS-VAR-101,Ramnagar,VAR,neighbor,False,
2025-01-12 23:00:00,15.1,1007.9,98.0,AWS-VAR-101,Ramnagar,VAR,neighbor,False,
2025-01-13 00:00:00,14.3,1007.4,98.0,AWS-VAR-101,Ramnagar,VAR,neighbor,False,
2025-01-13 01:00:00,13.9,1007.1,98.0,AWS-VAR-101,Ramnagar,VAR,neighbor,False,
2025-01-13 02:00:00,13.3,1006.7,99.0,AWS-VAR-101,Ramnagar,VAR,neighbor,False,
2025-01-13 03:00:00,12.9,1006.6,100.0,AWS-VAR-101,Ramnagar,VAR,neighbor,False,
2025-01-13 04:00:00,12.5,1006.8,100.0,AWS-VAR-101,Ramnagar,VAR,neighbor,False,
2025-01-13 05:00:00,75.0,1007.3,100.0,AWS-VAR-101,Ramnagar,VAR,neighbor,True,physical_bounds
2025-01-13 06:00:00,13.3,1008.2,99.0,AWS-VAR-101,Ramnagar,VAR,neighbor,False,
2025-01-13 07:00:00,13.3,1008.9,99.0,AWS-VAR-101,Ramnagar,VAR,neighbor,False,
2025-01-13 08:00:00,13.6,1009.6,97.0,AWS-VAR-101,Ramnagar,VAR,neighbor,False,
2025-01-13 09:00:00,15.0,1010.0,91.0,AWS-VAR-101,Ramnagar,VAR,neighbor,False,
2025-01-13 10:00:00,17.2,1009.6,79.0,AWS-VAR-101,Ramnagar,VAR,neighbor,False,
2025-01-13 11:00:00,18.9,1008.6,73.0,AWS-VAR-101,Ramnagar,VAR,neighbor,False,
2025-01-13 12:00:00,20.1,1007.3,68.0,AWS-VAR-101,Ramnagar,VAR,neighbor,False,
2025-01-13 13:00:00,20.7,1006.1,66.0,AWS-VAR-101,Ramnagar,VAR,neighbor,False,
2025-01-13 14:00:00,21.0,1005.3,65.0,AWS-VAR-101,Ramnagar,VAR,neighbor,False,
2025-01-13 15:00:00,20.8,1005.1,66.0,AWS-VAR-101,Ramnagar,VAR,neighbor,False,
2025-01-13 16:00:00,19.9,1005.2,71.0,AWS-VAR-101,Ramnagar,VAR,neighbor,False,
2025-01-13 17:00:00,17.9,1005.6,81.0,AWS-VAR-101,Ramnagar,VAR,neighbor,False,
2025-01-13 18:00:00,17.1,1006.4,85.0,AWS-VAR-101,Ramnagar,VAR,neighbor,False,
2025-01-13 19:00:00,16.4,1006.9,88.0,AWS-VAR-101,Ramnagar,VAR,neighbor,False,
2025-01-13 20:00:00,16.1,1007.3,88.0,AWS-VAR-101,Ramnagar,VAR,neighbor,False,
2025-01-13 21:00:00,15.6,1007.7,90.0,AWS-VAR-101,Ramnagar,VAR,neighbor,False,
2025-01-13 22:00:00,14.7,1007.9,92.0,AWS-VAR-101,Ramnagar,VAR,neighbor,False,
2025-01-13 23:00:00,13.4,1007.7,94.0,AWS-VAR-101,Ramnagar,VAR,neighbor,False,
2025-01-14 00:00:00,13.2,1007.6,96.0,AWS-VAR-101,Ramnagar,VAR,neighbor,False,
2025-01-14 01:00:00,12.4,1007.6,97.0,AWS-VAR-101,Ramnagar,VAR,neighbor,False,
2025-01-14 02:00:00,12.0,1007.3,98.0,AWS-VAR-101,Ramnagar,VAR,neighbor,False,
2025-01-14 03:00:00,11.6,1007.2,99.0,AWS-VAR-101,Ramnagar,VAR,neighbor,False,
2025-01-14 04:00:00,11.4,1007.4,99.0,AWS-VAR-101,Ramnagar,VAR,neighbor,False,
2025-01-14 05:00:00,11.1,1008.0,99.0,AWS-VAR-101,Ramnagar,VAR,neighbor,False,
2025-01-14 06:00:00,12.0,1009.1,100.0,AWS-VAR-101,Ramnagar,VAR,neighbor,False,
2025-01-14 07:00:00,12.0,1010.1,99.0,AWS-VAR-101,Ramnagar,VAR,neighbor,False,
2025-01-14 08:00:00,12.9,1011.2,98.0,AWS-VAR-101,Ramnagar,VAR,neighbor,False,
2025-01-14 09:00:00,15.0,1012.1,90.0,AWS-VAR-101,Ramnagar,VAR,neighbor,False,
2025-01-14 10:00:00,17.7,1012.4,79.0,AWS-VAR-101,Ramnagar,VAR,neighbor,False,
2025-01-14 11:00:00,19.7,1011.5,69.0,AWS-VAR-101,Ramnagar,VAR,neighbor,False,
2025-01-14 12:00:00,20.8,1010.2,61.0,AWS-VAR-101,Ramnagar,VAR,neighbor,False,
2025-01-14 13:00:00,21.3,1008.9,56.0,AWS-VAR-101,Ramnagar,VAR,neighbor,False,
2025-01-14 14:00:00,21.4,1008.0,53.0,AWS-VAR-101,Ramnagar,VAR,neighbor,False,
2025-01-14 15:00:00,21.2,1007.7,54.0,AWS-VAR-101,Ramnagar,VAR,neighbor,False,
2025-01-14 16:00:00,20.2,1007.7,70.0,AWS-VAR-101,Ramnagar,VAR,neighbor,False,
2025-01-14 17:00:00,17.9,1008.2,70.0,AWS-VAR-101,Ramnagar,VAR,neighbor,False,
2025-01-14 18:00:00,15.7,1009.2,79.0,AWS-VAR-101,Ramnagar,VAR,neighbor,False,
2025-01-14 19:00:00,15.1,1009.7,81.0,AWS-VAR-101,Ramnagar,VAR,neighbor,False,
2025-01-14 20:00:00,14.4,1010.0,83.0,AWS-VAR-101,Ramnagar,VAR,neighbor,False,
2025-01-14 21:00:00,13.5,1010.5,87.0,AWS-VAR-101,Ramnagar,VAR,neighbor,False,
2025-01-14 22:00:00,12.6,1010.5,92.0,AWS-VAR-101,Ramnagar,VAR,neighbor,False,
2025-01-14 23:00:00,11.7,1010.3,96.0,AWS-VAR-101,Ramnagar,VAR,neighbor,False,
2025-01-15 00:00:00,11.1,1010.0,98.0,AWS-VAR-101,Ramnagar,VAR,neighbor,False,
2025-01-15 01:00:00,10.7,1010.0,100.0,AWS-VAR-101,Ramnagar,VAR,neighbor,False,
2025-01-15 02:00:00,10.2,1009.4,100.0,AWS-VAR-101,Ramnagar,VAR,neighbor,False,
2025-01-15 03:00:00,10.0,1009.4,100.0,AWS-VAR-101,Ramnagar,VAR,neighbor,False,
2025-01-15 04:00:00,9.6,1009.6,100.0,AWS-VAR-101,Ramnagar,VAR,neighbor,False,
2025-01-15 05:00:00,8.7,1010.1,100.0,AWS-VAR-101,Ramnagar,VAR,neighbor,False,
2025-01-15 06:00:00,10.1,1011.5,100.0,AWS-VAR-101,Ramnagar,VAR,neighbor,False,
2025-01-15 07:00:00,10.5,1012.2,99.0,AWS-VAR-101,Ramnagar,VAR,neighbor,False,
2025-01-15 08:00:00,12.2,1013.1,98.0,AWS-VAR-101,Ramnagar,VAR,neighbor,False,
2025-01-15 09:00:00,14.7,1013.6,93.0,AWS-VAR-101,Ramnagar,VAR,neighbor,False,
2025-01-15 10:00:00,17.3,1013.1,81.0,AWS-VAR-101,Ramnagar,VAR,neighbor,False,
2025-01-15 11:00:00,19.5,1011.7,68.0,AWS-VAR-101,Ramnagar,VAR,neighbor,False,
2025-01-15 12:00:00,20.8,1010.1,59.0,AWS-VAR-101,Ramnagar,VAR,neighbor,False,
2025-01-15 13:00:00,21.3,1009.0,55.0,AWS-VAR-101,Ramnagar,VAR,neighbor,False,
2025-01-15 14:00:00,21.5,1008.4,53.0,AWS-VAR-101,Ramnagar,VAR,neighbor,False,
2025-01-15 15:00:00,21.3,1007.8,53.0,AWS-VAR-101,Ramnagar,VAR,neighbor,False,
2025-01-15 16:00:00,20.1,1007.6,66.0,AWS-VAR-101,Ramnagar,VAR,neighbor,False,
2025-01-15 17:00:00,16.9,1007.6,77.0,AWS-VAR-101,Ramnagar,VAR,neighbor,False,
2025-01-15 18:00:00,14.1,1009.5,86.0,AWS-VAR-101,Ramnagar,VAR,neighbor,False,
2025-01-15 19:00:00,13.8,1009.6,87.0,AWS-VAR-101,Ramnagar,VAR,neighbor,False,
2025-01-15 20:00:00,13.2,1009.9,87.0,AWS-VAR-101,Ramnagar,VAR,neighbor,False,
2025-01-15 21:00:00,12.4,1009.8,86.0,AWS-VAR-101,Ramnagar,VAR,neighbor,False,
2025-01-15 22:00:00,11.6,1009.9,90.0,AWS-VAR-101,Ramnagar,VAR,neighbor,False,
2025-01-15 23:00:00,11.0,1009.5,93.0,AWS-VAR-101,Ramnagar,VAR,neighbor,False,
2025-01-16 00:00:00,10.7,1009.1,94.0,AWS-VAR-101,Ramnagar,VAR,neighbor,False,
2025-01-16 01:00:00,10.1,1009.1,98.0,AWS-VAR-101,Ramnagar,VAR,neighbor,False,
2025-01-16 02:00:00,9.6,1008.7,100.0,AWS-VAR-101,Ramnagar,VAR,neighbor,False,
2025-01-16 03:00:00,9.4,1008.4,100.0,AWS-VAR-101,Ramnagar,VAR,neighbor,False,
2025-01-16 04:00:00,9.2,1008.2,100.0,AWS-VAR-101,Ramnagar,VAR,neighbor,False,
2025-01-16 05:00:00,8.5,1008.5,100.0,AWS-VAR-101,Ramnagar,VAR,neighbor,False,
2025-01-16 06:00:00,9.6,1009.8,100.0,AWS-VAR-101,Ramnagar,VAR,neighbor,False,
2025-01-16 07:00:00,10.0,1010.6,100.0,AWS-VAR-101,Ramnagar,VAR,neighbor,False,
2025-01-16 08:00:00,11.5,1011.3,97.0,AWS-VAR-101,Ramnagar,VAR,neighbor,False,
2025-01-16 09:00:00,14.0,1012.2,89.0,AWS-VAR-101,Ramnagar,VAR,neighbor,False,
2025-01-16 10:00:00,16.8,1012.0,74.0,AWS-VAR-101,Ramnagar,VAR,neighbor,False,
2025-01-16 11:00:00,18.2,1010.9,66.0,AWS-VAR-101,Ramnagar,VAR,neighbor,False,
2025-01-16 12:00:00,19.4,1009.5,61.0,AWS-VAR-101,Ramnagar,VAR,neighbor,False,
2025-01-16 13:00:00,20.2,1008.5,58.0,AWS-VAR-101,Ramnagar,VAR,neighbor,False,
2025-01-16 14:00:00,20.5,1007.9,59.0,AWS-VAR-101,Ramnagar,VAR,neighbor,False,
2025-01-16 15:00:00,20.4,1007.8,60.0,AWS-VAR-101,Ramnagar,VAR,neighbor,False,
2025-01-16 16:00:00,19.5,1008.0,67.0,AWS-VAR-101,Ramnagar,VAR,neighbor,False,
2025-01-16 17:00:00,16.8,1008.3,79.0,AWS-VAR-101,Ramnagar,VAR,neighbor,False,
2025-01-16 18:00:00,15.7,1009.8,82.0,AWS-VAR-101,Ramnagar,VAR,neighbor,False,
2025-01-16 19:00:00,14.6,1010.2,86.0,AWS-VAR-101,Ramnagar,VAR,neighbor,False,
2025-01-16 20:00:00,13.6,1010.3,88.0,AWS-VAR-101,Ramnagar,VAR,neighbor,False,
2025-01-16 21:00:00,13.1,1010.4,90.0,AWS-VAR-101,Ramnagar,VAR,neighbor,False,
2025-01-16 22:00:00,12.9,1010.7,92.0,AWS-VAR-101,Ramnagar,VAR,neighbor,False,
2025-01-16 23:00:00,12.2,1010.4,94.0,AWS-VAR-101,Ramnagar,VAR,neighbor,False,
2025-01-17 00:00:00,11.5,1010.0,95.0,AWS-VAR-101,Ramnagar,VAR,neighbor,False,
2025-01-17 01:00:00,11.4,1009.7,97.0,AWS-VAR-101,Ramnagar,VAR,neighbor,False,
2025-01-17 02:00:00,11.2,1009.2,98.0,AWS-VAR-101,Ramnagar,VAR,neighbor,False,
2025-01-17 03:00:00,11.0,1008.6,98.0,AWS-VAR-101,Ramnagar,VAR,neighbor,False,
2025-01-17 04:00:00,11.0,1008.5,98.0,AWS-VAR-101,Ramnagar,VAR,neighbor,False,
2025-01-17 05:00:00,11.0,1009.0,98.0,AWS-VAR-101,Ramnagar,VAR,neighbor,False,
2025-01-17 06:00:00,11.4,1010.1,100.0,AWS-VAR-101,Ramnagar,VAR,neighbor,False,
2025-01-17 07:00:00,11.7,1011.0,99.0,AWS-VAR-101,Ramnagar,VAR,neighbor,False,
2025-01-17 08:00:00,13.2,1011.1,93.0,AWS-VAR-101,Ramnagar,VAR,neighbor,False,
2025-01-17 09:00:00,15.0,1011.3,87.0,AWS-VAR-101,Ramnagar,VAR,neighbor,False,
2025-01-17 10:00:00,16.9,1011.2,79.0,AWS-VAR-101,Ramnagar,VAR,neighbor,False,
2025-01-17 11:00:00,75.0,1010.2,72.0,AWS-VAR-101,Ramnagar,VAR,neighbor,True,physical_bounds
2025-01-17 12:00:00,19.9,1009.0,66.0,AWS-VAR-101,Ramnagar,VAR,neighbor,False,
2025-01-17 13:00:00,20.7,1007.7,61.0,AWS-VAR-101,Ramnagar,VAR,neighbor,False,
2025-01-17 14:00:00,21.0,1006.8,59.0,AWS-VAR-101,Ramnagar,VAR,neighbor,False,
2025-01-17 15:00:00,20.8,1006.3,59.0,AWS-VAR-101,Ramnagar,VAR,neighbor,False,
2025-01-17 16:00:00,,1006.5,66.0,AWS-VAR-101,Ramnagar,VAR,neighbor,True,dropout
2025-01-17 17:00:00,17.8,1006.6,74.0,AWS-VAR-101,Ramnagar,VAR,neighbor,False,
2025-01-17 18:00:00,16.9,1007.1,76.0,AWS-VAR-101,Ramnagar,VAR,neighbor,False,
2025-01-17 19:00:00,16.2,1007.5,80.0,AWS-VAR-101,Ramnagar,VAR,neighbor,False,
2025-01-17 20:00:00,15.3,1008.1,83.0,AWS-VAR-101,Ramnagar,VAR,neighbor,False,
2025-01-17 21:00:00,14.6,1008.5,85.0,AWS-VAR-101,Ramnagar,VAR,neighbor,False,
2025-01-17 22:00:00,13.9,1008.9,88.0,AWS-VAR-101,Ramnagar,VAR,neighbor,False,
2025-01-17 23:00:00,13.4,1008.7,90.0,AWS-VAR-101,Ramnagar,VAR,neighbor,False,
2025-01-18 00:00:00,12.9,1008.3,91.0,AWS-VAR-101,Ramnagar,VAR,neighbor,False,
2025-01-18 01:00:00,12.4,1008.0,92.0,AWS-VAR-101,Ramnagar,VAR,neighbor,False,
2025-01-18 02:00:00,12.0,1200.0,93.0,AWS-VAR-101,Ramnagar,VAR,neighbor,True,physical_bounds
2025-01-18 03:00:00,11.7,1007.4,94.0,AWS-VAR-101,Ramnagar,VAR,neighbor,False,
2025-01-18 04:00:00,11.3,1007.5,95.0,AWS-VAR-101,Ramnagar,VAR,neighbor,False,
2025-01-18 05:00:00,10.9,1007.5,96.0,AWS-VAR-101,Ramnagar,VAR,neighbor,False,
2025-01-18 06:00:00,11.0,1008.4,98.0,AWS-VAR-101,Ramnagar,VAR,neighbor,False,
2025-01-18 07:00:00,11.3,1009.2,98.0,AWS-VAR-101,Ramnagar,VAR,neighbor,False,
2025-01-18 08:00:00,13.1,1010.3,93.0,AWS-VAR-101,Ramnagar,VAR,neighbor,False,
2025-01-18 09:00:00,15.6,1011.0,85.0,AWS-VAR-101,Ramnagar,VAR,neighbor,False,
2025-01-18 10:00:00,18.0,1011.1,73.0,AWS-VAR-101,Ramnagar,VAR,neighbor,False,
2025-01-18 11:00:00,19.6,1010.1,63.0,AWS-VAR-101,Ramnagar,VAR,neighbor,False,
2025-01-18 12:00:00,20.6,1008.9,59.0,AWS-VAR-101,Ramnagar,VAR,neighbor,False,
2025-01-18 13:00:00,21.1,1007.4,58.0,AWS-VAR-101,Ramnagar,VAR,neighbor,False,
2025-01-18 14:00:00,21.2,1006.4,56.0,AWS-VAR-101,Ramnagar,VAR,neighbor,False,
2025-01-18 15:00:00,20.7,1005.9,57.0,AWS-VAR-101,Ramnagar,VAR,neighbor,False,
2025-01-18 16:00:00,19.6,1006.0,64.0,AWS-VAR-101,Ramnagar,VAR,neighbor,False,
2025-01-18 17:00:00,16.6,1005.8,78.0,AWS-VAR-101,Ramnagar,VAR,neighbor,False,
2025-01-18 18:00:00,16.7,1006.6,76.0,AWS-VAR-101,Ramnagar,VAR,neighbor,False,
2025-01-18 19:00:00,15.6,1007.0,79.0,AWS-VAR-101,Ramnagar,VAR,neighbor,False,
2025-01-18 20:00:00,14.1,1007.3,85.0,AWS-VAR-101,Ramnagar,VAR,neighbor,False,
2025-01-18 21:00:00,13.0,1007.3,88.0,AWS-VAR-101,Ramnagar,VAR,neighbor,False,
2025-01-18 22:00:00,12.7,1007.4,89.0,AWS-VAR-101,Ramnagar,VAR,neighbor,False,
2025-01-18 23:00:00,12.5,1007.4,91.0,AWS-VAR-101,Ramnagar,VAR,neighbor,False,
2025-01-19 00:00:00,11.9,1007.1,92.0,AWS-VAR-101,Ramnagar,VAR,neighbor,False,
2025-01-19 01:00:00,11.4,1006.9,93.0,AWS-VAR-101,Ramnagar,VAR,neighbor,False,
2025-01-19 02:00:00,10.8,1006.4,94.0,AWS-VAR-101,Ramnagar,VAR,neighbor,False,
2025-01-19 03:00:00,10.4,1006.2,95.0,AWS-VAR-101,Ramnagar,VAR,neighbor,False,
2025-01-19 04:00:00,10.2,1006.3,96.0,AWS-VAR-101,Ramnagar,VAR,neighbor,False,
2025-01-19 05:00:00,10.0,1006.8,96.0,AWS-VAR-101,Ramnagar,VAR,neighbor,False,
2025-01-19 06:00:00,9.6,1008.0,97.0,AWS-VAR-101,Ramnagar,VAR,neighbor,False,
2025-01-19 07:00:00,10.0,1008.7,99.0,AWS-VAR-101,Ramnagar,VAR,neighbor,False,
2025-01-19 08:00:00,11.9,1009.4,94.0,AWS-VAR-101,Ramnagar,VAR,neighbor,False,
2025-01-19 09:00:00,14.4,1009.6,84.0,AWS-VAR-101,Ramnagar,VAR,neighbor,False,
2025-01-19 10:00:00,16.9,1009.4,74.0,AWS-VAR-101,Ramnagar,VAR,neighbor,False,
2025-01-19 11:00:00,18.7,1008.6,65.0,AWS-VAR-101,Ramnagar,VAR,neighbor,False,
2025-01-19 12:00:00,19.9,1007.4,60.0,AWS-VAR-101,Ramnagar,VAR,neighbor,False,
2025-01-19 13:00:00,20.7,1006.2,53.0,AWS-VAR-101,Ramnagar,VAR,neighbor,False,
2025-01-19 14:00:00,21.1,1005.2,49.0,AWS-VAR-101,Ramnagar,VAR,neighbor,False,
2025-01-19 15:00:00,20.9,1004.6,50.0,AWS-VAR-101,Ramnagar,VAR,neighbor,False,
2025-01-19 16:00:00,19.9,1004.3,60.0,AWS-VAR-101,Ramnagar,VAR,neighbor,False,
2025-01-19 17:00:00,17.6,1004.0,68.0,AWS-VAR-101,Ramnagar,VAR,neighbor,False,
2025-01-19 18:00:00,16.3,1004.7,69.0,AWS-VAR-101,Ramnagar,VAR,neighbor,False,
2025-01-19 19:00:00,15.5,1005.1,73.0,AWS-VAR-101,Ramnagar,VAR,neighbor,False,
2025-01-19 20:00:00,14.8,1005.4,77.0,AWS-VAR-101,Ramnagar,VAR,neighbor,False,
2025-01-19 21:00:00,14.4,1005.6,77.0,AWS-VAR-101,Ramnagar,VAR,neighbor,False,
2025-01-19 22:00:00,14.0,1005.6,79.0,AWS-VAR-101,Ramnagar,VAR,neighbor,False,
2025-01-19 23:00:00,13.7,1005.2,81.0,AWS-VAR-101,Ramnagar,VAR,neighbor,False,
2025-01-20 00:00:00,13.5,1004.6,82.0,AWS-VAR-101,Ramnagar,VAR,neighbor,False,
2025-01-20 01:00:00,13.2,1004.3,84.0,AWS-VAR-101,Ramnagar,VAR,neighbor,False,
2025-01-20 02:00:00,13.0,1003.8,86.0,AWS-VAR-101,Ramnagar,VAR,neighbor,False,
2025-01-20 03:00:00,12.8,1003.5,88.0,AWS-VAR-101,Ramnagar,VAR,neighbor,False,
2025-01-20 04:00:00,12.7,1003.2,89.0,AWS-VAR-101,Ramnagar,VAR,neighbor,False,
2025-01-20 05:00:00,12.7,1003.4,89.0,AWS-VAR-101,Ramnagar,VAR,neighbor,False,
2025-01-20 06:00:00,12.2,1004.6,92.0,AWS-VAR-101,Ramnagar,VAR,neighbor,False,
2025-01-20 07:00:00,13.0,1005.4,90.0,AWS-VAR-101,Ramnagar,VAR,neighbor,False,
2025-01-20 08:00:00,15.1,1006.0,85.0,AWS-VAR-101,Ramnagar,VAR,neighbor,False,
2025-01-20 09:00:00,17.7,1006.7,78.0,AWS-VAR-101,Ramnagar,VAR,neighbor,False,
2025-01-20 10:00:00,20.1,1006.5,72.0,AWS-VAR-101,Ramnagar,VAR,neighbor,False,
2025-01-20 11:00:00,22.0,1005.8,123.0,AWS-VAR-101,Ramnagar,VAR,neighbor,True,impossible_jump
2025-01-20 12:00:00,23.3,1004.7,63.0,AWS-VAR-101,Ramnagar,VAR,neighbor,False,
2025-01-20 13:00:00,24.1,1003.7,62.0,AWS-VAR-101,Ramnagar,VAR,neighbor,False,
2025-01-20 14:00:00,24.4,1002.8,61.0,AWS-VAR-101,Ramnagar,VAR,neighbor,False,
2025-01-20 15:00:00,24.1,1002.3,62.0,AWS-VAR-101,Ramnagar,VAR,neighbor,False,
2025-01-20 16:00:00,23.0,1002.2,68.0,AWS-VAR-101,Ramnagar,VAR,neighbor,False,
2025-01-20 17:00:00,21.0,1002.2,74.0,AWS-VAR-101,Ramnagar,VAR,neighbor,False,
2025-01-20 18:00:00,20.3,1002.6,77.0,AWS-VAR-101,Ramnagar,VAR,neighbor,False,
2025-01-20 19:00:00,19.5,1003.1,79.0,AWS-VAR-101,Ramnagar,VAR,neighbor,False,
2025-01-20 20:00:00,18.8,1003.5,80.0,AWS-VAR-101,Ramnagar,VAR,neighbor,False,
2025-01-20 21:00:00,18.2,1003.7,82.0,AWS-VAR-101,Ramnagar,VAR,neighbor,False,
2025-01-20 22:00:00,17.7,1003.7,82.0,AWS-VAR-101,Ramnagar,VAR,neighbor,False,
2025-01-20 23:00:00,17.2,1003.4,82.0,AWS-VAR-101,Ramnagar,VAR,neighbor,False,
2025-01-21 00:00:00,16.6,1002.9,84.0,AWS-VAR-101,Ramnagar,VAR,neighbor,False,
2025-01-21 01:00:00,15.9,1002.6,88.0,AWS-VAR-101,Ramnagar,VAR,neighbor,False,
2025-01-21 02:00:00,15.5,1002.2,92.0,AWS-VAR-101,Ramnagar,VAR,neighbor,False,
2025-01-21 03:00:00,15.3,1002.1,94.0,AWS-VAR-101,Ramnagar,VAR,neighbor,False,
2025-01-21 04:00:00,15.1,1002.1,95.0,AWS-VAR-101,Ramnagar,VAR,neighbor,False,
2025-01-21 05:00:00,14.9,1002.3,95.0,AWS-VAR-101,Ramnagar,VAR,neighbor,False,
2025-01-21 06:00:00,14.1,1003.5,96.0,AWS-VAR-101,Ramnagar,VAR,neighbor,False,
2025-01-21 07:00:00,14.3,1004.2,97.0,AWS-VAR-101,Ramnagar,VAR,neighbor,False,
2025-01-21 08:00:00,16.0,1005.0,93.0,AWS-VAR-101,Ramnagar,VAR,neighbor,False,
2025-01-21 09:00:00,18.1,1005.8,85.0,AWS-VAR-101,Ramnagar,VAR,neighbor,False,
2025-01-21 10:00:00,20.2,1005.7,75.0,AWS-VAR-101,Ramnagar,VAR,neighbor,False,
2025-01-21 11:00:00,21.8,1004.8,66.0,AWS-VAR-101,Ramnagar,VAR,neighbor,False,
2025-01-21 12:00:00,23.0,1003.5,60.0,AWS-VAR-101,Ramnagar,VAR,neighbor,False,
2025-01-21 13:00:00,23.7,1002.5,56.0,AWS-VAR-101,Ramnagar,VAR,neighbor,False,
2025-01-21 14:00:00,24.0,1001.8,56.0,AWS-VAR-101,Ramnagar,VAR,neighbor,False,
2025-01-21 15:00:00,23.7,1001.6,57.0,AWS-VAR-101,Ramnagar,VAR,neighbor,False,
2025-01-21 16:00:00,22.6,1001.5,63.0,AWS-VAR-101,Ramnagar,VAR,neighbor,False,
2025-01-21 17:00:00,20.8,1001.4,66.0,AWS-VAR-101,Ramnagar,VAR,neighbor,False,
2025-01-21 18:00:00,19.9,1002.1,70.0,AWS-VAR-101,Ramnagar,VAR,neighbor,False,
2025-01-21 19:00:00,18.6,1002.8,75.0,AWS-VAR-101,Ramnagar,VAR,neighbor,False,
2025-01-21 20:00:00,17.6,1003.4,79.0,AWS-VAR-101,Ramnagar,VAR,neighbor,False,
2025-01-21 21:00:00,16.9,1003.7,84.0,AWS-VAR-101,Ramnagar,VAR,neighbor,False,
2025-01-21 22:00:00,16.5,1003.8,87.0,AWS-VAR-101,Ramnagar,VAR,neighbor,False,
2025-01-21 23:00:00,16.1,1003.5,89.0,AWS-VAR-101,Ramnagar,VAR,neighbor,False,
2025-01-22 00:00:00,15.7,1003.2,91.0,AWS-VAR-101,Ramnagar,VAR,neighbor,False,
2025-01-22 01:00:00,15.2,1002.9,92.0,AWS-VAR-101,Ramnagar,VAR,neighbor,False,
2025-01-22 02:00:00,14.6,1002.5,94.0,AWS-VAR-101,Ramnagar,VAR,neighbor,False,
2025-01-22 03:00:00,14.2,1002.5,95.0,AWS-VAR-101,Ramnagar,VAR,neighbor,False,
2025-01-22 04:00:00,13.7,1002.5,96.0,AWS-VAR-101,Ramnagar,VAR,neighbor,False,
2025-01-22 05:00:00,13.3,1003.0,97.0,AWS-VAR-101,Ramnagar,VAR,neighbor,False,
2025-01-22 06:00:00,13.2,1004.1,98.0,AWS-VAR-101,Ramnagar,VAR,neighbor,False,
2025-01-22 07:00:00,13.5,1004.6,98.0,AWS-VAR-101,Ramnagar,VAR,neighbor,False,
2025-01-22 08:00:00,15.5,1005.6,93.0,AWS-VAR-101,Ramnagar,VAR,neighbor,False,
2025-01-22 09:00:00,17.9,1006.4,84.0,AWS-VAR-101,Ramnagar,VAR,neighbor,False,
2025-01-22 10:00:00,20.3,1006.2,75.0,AWS-VAR-101,Ramnagar,VAR,neighbor,False,
2025-01-22 11:00:00,22.3,1005.4,65.0,AWS-VAR-101,Ramnagar,VAR,neighbor,False,
2025-01-22 12:00:00,23.7,1004.2,57.0,AWS-VAR-101,Ramnagar,VAR,neighbor,False,
2025-01-22 13:00:00,24.5,1003.1,50.0,AWS-VAR-101,Ramnagar,VAR,neighbor,False,
2025-01-22 14:00:00,24.7,1002.5,45.0,AWS-VAR-101,Ramnagar,VAR,neighbor,False,
2025-01-22 15:00:00,24.3,1001.9,46.0,AWS-VAR-101,Ramnagar,VAR,neighbor,False,
2025-01-22 16:00:00,22.9,1001.8,59.0,AWS-VAR-101,Ramnagar,VAR,neighbor,False,
2025-01-22 17:00:00,19.7,1001.7,73.0,AWS-VAR-101,Ramnagar,VAR,neighbor,False,
2025-01-22 18:00:00,18.6,1002.7,79.0,AWS-VAR-101,Ramnagar,VAR,neighbor,False,
2025-01-22 19:00:00,17.3,1003.3,84.0,AWS-VAR-101,Ramnagar,VAR,neighbor,False,
2025-01-22 20:00:00,16.6,1003.9,88.0,AWS-VAR-101,Ramnagar,VAR,neighbor,False,
2025-01-22 21:00:00,16.2,1004.3,89.0,AWS-VAR-101,Ramnagar,VAR,neighbor,False,
2025-01-22 22:00:00,15.4,1004.4,91.0,AWS-VAR-101,Ramnagar,VAR,neighbor,False,
2025-01-22 23:00:00,14.5,1004.3,94.0,AWS-VAR-101,Ramnagar,VAR,neighbor,False,
2025-01-23 00:00:00,13.9,1004.1,96.0,AWS-VAR-101,Ramnagar,VAR,neighbor,False,
2025-01-23 01:00:00,13.1,1004.0,98.0,AWS-VAR-101,Ramnagar,VAR,neighbor,False,
2025-01-23 02:00:00,12.2,1003.2,100.0,AWS-VAR-101,Ramnagar,VAR,neighbor,False,
2025-01-23 03:00:00,12.0,1002.9,100.0,AWS-VAR-101,Ramnagar,VAR,neighbor,False,
2025-01-23 04:00:00,12.0,1002.9,100.0,AWS-VAR-101,Ramnagar,VAR,neighbor,False,
2025-01-23 05:00:00,11.8,1003.4,100.0,AWS-VAR-101,Ramnagar,VAR,neighbor,False,
2025-01-23 06:00:00,11.2,1004.4,100.0,AWS-VAR-101,Ramnagar,VAR,neighbor,False,
2025-01-23 07:00:00,11.5,1005.1,99.0,AWS-VAR-101,Ramnagar,VAR,neighbor,False,
2025-01-23 08:00:00,14.1,1006.1,99.0,AWS-VAR-101,Ramnagar,VAR,neighbor,False,
2025-01-23 09:00:00,17.3,1006.6,91.0,AWS-VAR-101,Ramnagar,VAR,neighbor,False,
2025-01-23 10:00:00,21.0,1006.6,74.0,AWS-VAR-101,Ramnagar,VAR,neighbor,False,
2025-01-23 11:00:00,23.1,1005.8,63.0,AWS-VAR-101,Ramnagar,VAR,neighbor,False,
2025-01-23 12:00:00,24.4,1004.4,55.0,AWS-VAR-101,Ramnagar,VAR,neighbor,False,
2025-01-23 13:00:00,25.0,1003.4,52.0,AWS-VAR-101,Ramnagar,VAR,neighbor,False,
2025-01-23 14:00:00,25.2,1002.5,51.0,AWS-VAR-101,Ramnagar,VAR,neighbor,False,
2025-01-23 15:00:00,24.9,1002.2,53.0,AWS-VAR-101,Ramnagar,VAR,neighbor,False,
2025-01-23 16:00:00,23.8,1002.0,64.0,AWS-VAR-101,Ramnagar,VAR,neighbor,False,
2025-01-23 17:00:00,21.0,1002.2,76.0,AWS-VAR-101,Ramnagar,VAR,neighbor,False,
2025-01-23 18:00:00,18.8,1003.1,86.0,AWS-VAR-101,Ramnagar,VAR,neighbor,False,
2025-01-23 19:00:00,18.1,1003.9,88.0,AWS-VAR-101,Ramnagar,VAR,neighbor,False,
2025-01-23 20:00:00,17.1,1004.2,90.0,AWS-VAR-101,Ramnagar,VAR,neighbor,False,
2025-01-23 21:00:00,16.6,1004.4,90.0,AWS-VAR-101,Ramnagar,VAR,neighbor,False,
2025-01-23 22:00:00,15.7,1004.3,92.0,AWS-VAR-101,Ramnagar,VAR,neighbor,False,
2025-01-23 23:00:00,15.2,1003.9,93.0,AWS-VAR-101,Ramnagar,VAR,neighbor,False,
2025-01-24 00:00:00,14.7,1003.7,95.0,AWS-VAR-101,Ramnagar,VAR,neighbor,False,
2025-01-24 01:00:00,13.8,1003.6,98.0,AWS-VAR-101,Ramnagar,VAR,neighbor,False,
2025-01-24 02:00:00,14.0,1003.2,98.0,AWS-VAR-101,Ramnagar,VAR,neighbor,False,
2025-01-24 03:00:00,13.4,1003.1,98.0,AWS-VAR-101,Ramnagar,VAR,neighbor,False,
2025-01-24 04:00:00,13.8,1003.0,97.0,AWS-VAR-101,Ramnagar,VAR,neighbor,False,
2025-01-24 05:00:00,14.0,1003.4,97.0,AWS-VAR-101,Ramnagar,VAR,neighbor,False,
2025-01-24 06:00:00,14.5,1004.0,97.0,AWS-VAR-101,Ramnagar,VAR,neighbor,False,
2025-01-24 07:00:00,14.9,1004.7,96.0,AWS-VAR-101,Ramnagar,VAR,neighbor,False,
2025-01-24 08:00:00,16.6,1005.5,91.0,AWS-VAR-101,Ramnagar,VAR,neighbor,False,
2025-01-24 09:00:00,18.8,1006.2,80.0,AWS-VAR-101,Ramnagar,VAR,neighbor,False,
2025-01-24 10:00:00,20.9,1006.2,69.0,AWS-VAR-101,Ramnagar,VAR,neighbor,False,
2025-01-24 11:00:00,22.1,1005.4,63.0,AWS-VAR-101,Ramnagar,VAR,neighbor,False,
2025-01-24 12:00:00,23.1,1004.3,59.0,AWS-VAR-101,Ramnagar,VAR,neighbor,False,
2025-01-24 13:00:00,23.8,1003.2,58.0,AWS-VAR-101,Ramnagar,VAR,neighbor,False,
2025-01-24 14:00:00,24.0,1002.7,59.0,AWS-VAR-101,Ramnagar,VAR,neighbor,False,
2025-01-24 15:00:00,23.8,1002.3,59.0,AWS-VAR-101,Ramnagar,VAR,neighbor,False,
2025-01-24 16:00:00,23.0,1002.3,62.0,AWS-VAR-101,Ramnagar,VAR,neighbor,False,
2025-01-24 17:00:00,21.1,1002.5,69.0,AWS-VAR-101,Ramnagar,VAR,neighbor,False,
2025-01-24 18:00:00,19.8,1003.7,74.0,AWS-VAR-101,Ramnagar,VAR,neighbor,False,
2025-01-24 19:00:00,19.1,1004.5,69.0,AWS-VAR-101,Ramnagar,VAR,neighbor,False,
2025-01-24 20:00:00,18.4,1005.0,64.0,AWS-VAR-101,Ramnagar,VAR,neighbor,False,
2025-01-24 21:00:00,17.6,1005.1,62.0,AWS-VAR-101,Ramnagar,VAR,neighbor,False,
2025-01-24 22:00:00,16.7,1005.3,63.0,AWS-VAR-101,Ramnagar,VAR,neighbor,False,
2025-01-24 23:00:00,15.8,1004.8,65.0,AWS-VAR-101,Ramnagar,VAR,neighbor,False,
2025-01-25 00:00:00,14.8,1004.6,69.0,AWS-VAR-101,Ramnagar,VAR,neighbor,False,
2025-01-25 01:00:00,13.8,1004.4,73.0,AWS-VAR-101,Ramnagar,VAR,neighbor,False,
2025-01-25 02:00:00,12.9,1003.9,78.0,AWS-VAR-101,Ramnagar,VAR,neighbor,False,
2025-01-25 03:00:00,12.3,1003.9,81.0,AWS-VAR-101,Ramnagar,VAR,neighbor,False,
2025-01-25 04:00:00,11.9,1004.0,83.0,AWS-VAR-101,Ramnagar,VAR,neighbor,False,
2025-01-25 05:00:00,11.4,1004.4,85.0,AWS-VAR-101,Ramnagar,VAR,neighbor,False,
2025-01-25 06:00:00,11.4,1005.5,88.0,AWS-VAR-101,Ramnagar,VAR,neighbor,False,
2025-01-25 07:00:00,11.8,1006.2,86.0,AWS-VAR-101,Ramnagar,VAR,neighbor,False,
2025-01-25 08:00:00,13.9,1006.9,80.0,AWS-VAR-101,Ramnagar,VAR,neighbor,False,
2025-01-25 09:00:00,16.4,1007.5,69.0,AWS-VAR-101,Ramnagar,VAR,neighbor,False,
2025-01-25 10:00:00,18.7,1007.5,62.0,AWS-VAR-101,Ramnagar,VAR,neighbor,False,
2025-01-25 11:00:00,20.5,1006.9,53.0,AWS-VAR-101,Ramnagar,VAR,neighbor,False,
2025-01-25 12:00:00,21.6,1005.7,47.0,AWS-VAR-101,Ramnagar,VAR,neighbor,False,
2025-01-25 13:00:00,22.2,1004.8,41.0,AWS-VAR-101,Ramnagar,VAR,neighbor,False,
2025-01-25 14:00:00,22.4,1004.0,40.0,AWS-VAR-101,Ramnagar,VAR,neighbor,False,
2025-01-25 15:00:00,22.0,1003.7,43.0,AWS-VAR-101,Ramnagar,VAR,neighbor,False,
2025-01-25 16:00:00,20.8,1003.6,51.0,AWS-VAR-101,Ramnagar,VAR,neighbor,False,
2025-01-25 17:00:00,18.6,1003.6,56.0,AWS-VAR-101,Ramnagar,VAR,neighbor,False,
2025-01-25 18:00:00,18.4,1004.1,52.0,AWS-VAR-101,Ramnagar,VAR,neighbor,False,
2025-01-25 19:00:00,17.1,1004.7,57.0,AWS-VAR-101,Ramnagar,VAR,neighbor,False,
2025-01-25 20:00:00,15.9,1005.0,62.0,AWS-VAR-101,Ramnagar,VAR,neighbor,False,
2025-01-25 21:00:00,15.3,1005.3,64.0,AWS-VAR-101,Ramnagar,VAR,neighbor,False,
2025-01-25 22:00:00,14.4,1005.6,66.0,AWS-VAR-101,Ramnagar,VAR,neighbor,False,
2025-01-25 23:00:00,13.4,1005.4,71.0,AWS-VAR-101,Ramnagar,VAR,neighbor,False,
2025-01-26 00:00:00,12.7,1004.9,72.0,AWS-VAR-101,Ramnagar,VAR,neighbor,False,
2025-01-26 01:00:00,12.0,1004.6,75.0,AWS-VAR-101,Ramnagar,VAR,neighbor,False,
2025-01-26 02:00:00,11.1,1004.6,79.0,AWS-VAR-101,Ramnagar,VAR,neighbor,False,
2025-01-26 03:00:00,10.4,1004.4,82.0,AWS-VAR-101,Ramnagar,VAR,neighbor,False,
2025-01-26 04:00:00,9.9,1004.2,84.0,AWS-VAR-101,Ramnagar,VAR,neighbor,False,
2025-01-26 05:00:00,9.5,1004.8,86.0,AWS-VAR-101,Ramnagar,VAR,neighbor,False,
2025-01-26 06:00:00,9.8,1006.0,91.0,AWS-VAR-101,Ramnagar,VAR,neighbor,False,
2025-01-26 07:00:00,10.6,1006.6,90.0,AWS-VAR-101,Ramnagar,VAR,neighbor,False,
2025-01-26 08:00:00,13.0,1007.7,83.0,AWS-VAR-101,Ramnagar,VAR,neighbor,False,
2025-01-26 09:00:00,15.8,1008.3,71.0,AWS-VAR-101,Ramnagar,VAR,neighbor,False,
2025-01-26 10:00:00,18.3,1008.4,62.0,AWS-VAR-101,Ramnagar,VAR,neighbor,False,
2025-01-26 11:00:00,20.1,1007.5,56.0,AWS-VAR-101,Ramnagar,VAR,neighbor,False,
2025-01-26 12:00:00,21.3,1006.1,49.0,AWS-VAR-101,Ramnagar,VAR,neighbor,False,
2025-01-26 13:00:00,21.9,1005.0,45.0,AWS-VAR-101,Ramnagar,VAR,neighbor,False,
2025-01-26 14:00:00,22.0,1004.1,44.0,AWS-VAR-101,Ramnagar,VAR,neighbor,False,
2025-01-26 15:00:00,21.7,1003.5,44.0,AWS-VAR-101,Ramnagar,VAR,neighbor,False,
2025-01-26 16:00:00,20.6,1003.3,52.0,AWS-VAR-101,Ramnagar,VAR,neighbor,False,
2025-01-26 17:00:00,17.3,1003.2,62.0,AWS-VAR-101,Ramnagar,VAR,neighbor,False,
2025-01-26 18:00:00,17.5,1003.1,56.0,AWS-VAR-101,Ramnagar,VAR,neighbor,False,
2025-01-26 19:00:00,17.2,1003.8,57.0,AWS-VAR-101,Ramnagar,VAR,neighbor,False,
2025-01-26 20:00:00,15.6,1003.9,65.0,AWS-VAR-101,Ramnagar,VAR,neighbor,False,
2025-01-26 21:00:00,13.8,1004.4,76.0,AWS-VAR-101,Ramnagar,VAR,neighbor,False,
2025-01-26 22:00:00,12.6,1004.3,82.0,AWS-VAR-101,Ramnagar,VAR,neighbor,False,
2025-01-26 23:00:00,11.9,1004.1,85.0,AWS-VAR-101,Ramnagar,VAR,neighbor,False,
2025-01-27 00:00:00,11.4,1003.7,88.0,AWS-VAR-101,Ramnagar,VAR,neighbor,False,
2025-01-27 01:00:00,10.7,1003.4,89.0,AWS-VAR-101,Ramnagar,VAR,neighbor,False,
2025-01-27 02:00:00,10.3,1003.0,90.0,AWS-VAR-101,Ramnagar,VAR,neighbor,False,
2025-01-27 03:00:00,10.1,1002.8,91.0,AWS-VAR-101,Ramnagar,VAR,neighbor,False,
2025-01-27 04:00:00,9.9,1002.8,91.0,AWS-VAR-101,Ramnagar,VAR,neighbor,False,
2025-01-27 05:00:00,9.5,1003.0,93.0,AWS-VAR-101,Ramnagar,VAR,neighbor,False,
2025-01-27 06:00:00,9.9,1003.7,95.0,AWS-VAR-101,Ramnagar,VAR,neighbor,False,
2025-01-27 07:00:00,10.4,1004.7,94.0,AWS-VAR-101,Ramnagar,VAR,neighbor,False,
2025-01-27 08:00:00,12.6,1005.3,88.0,AWS-VAR-101,Ramnagar,VAR,neighbor,False,
2025-01-27 09:00:00,15.5,1006.1,77.0,AWS-VAR-101,Ramnagar,VAR,neighbor,False,
2025-01-27 10:00:00,18.2,1006.3,67.0,AWS-VAR-101,Ramnagar,VAR,neighbor,False,
2025-01-27 11:00:00,20.1,1005.4,59.0,AWS-VAR-101,Ramnagar,VAR,neighbor,False,
2025-01-27 12:00:00,21.2,1003.9,51.0,AWS-VAR-101,Ramnagar,VAR,neighbor,False,
2025-01-27 13:00:00,21.7,1002.9,49.0,AWS-VAR-101,Ramnagar,VAR,neighbor,False,
2025-01-27 14:00:00,21.8,1001.8,48.0,AWS-VAR-101,Ramnagar,VAR,neighbor,False,
2025-01-27 15:00:00,21.5,1001.2,50.0,AWS-VAR-101,Ramnagar,VAR,neighbor,False,
2025-01-27 16:00:00,20.7,1001.0,56.0,AWS-VAR-101,Ramnagar,VAR,neighbor,False,
2025-01-27 17:00:00,17.8,1001.1,70.0,AWS-VAR-101,Ramnagar,VAR,neighbor,False,
2025-01-27 18:00:00,16.6,1001.0,77.0,AWS-VAR-101,Ramnagar,VAR,neighbor,False,
2025-01-27 19:00:00,15.5,1001.7,83.0,AWS-VAR-101,Ramnagar,VAR,neighbor,False,
2025-01-27 20:00:00,15.5,1002.3,76.0,AWS-VAR-101,Ramnagar,VAR,neighbor,False,
2025-01-27 21:00:00,14.8,1002.8,73.0,AWS-VAR-101,Ramnagar,VAR,neighbor,False,
2025-01-27 22:00:00,13.4,1002.9,78.0,AWS-VAR-101,Ramnagar,VAR,neighbor,False,
2025-01-27 23:00:00,12.3,1002.5,83.0,AWS-VAR-101,Ramnagar,VAR,neighbor,False,
2025-01-28 00:00:00,11.7,1002.2,86.0,AWS-VAR-101,Ramnagar,VAR,neighbor,False,
2025-01-28 01:00:00,11.1,1002.2,88.0,AWS-VAR-101,Ramnagar,VAR,neighbor,False,
2025-01-28 02:00:00,10.6,1001.9,90.0,AWS-VAR-101,Ramnagar,VAR,neighbor,False,
2025-01-28 03:00:00,10.2,1001.5,91.0,AWS-VAR-101,Ramnagar,VAR,neighbor,False,
2025-01-28 04:00:00,10.2,1001.4,92.0,AWS-VAR-101,Ramnagar,VAR,neighbor,False,
2025-01-28 05:00:00,10.0,1001.9,93.0,AWS-VAR-101,Ramnagar,VAR,neighbor,False,
2025-01-28 06:00:00,9.8,1003.2,95.0,AWS-VAR-101,Ramnagar,VAR,neighbor,False,
2025-01-28 07:00:00,10.4,1004.4,94.0,AWS-VAR-101,Ramnagar,VAR,neighbor,False,
2025-01-28 08:00:00,12.7,1005.6,86.0,AWS-VAR-101,Ramnagar,VAR,neighbor,False,
2025-01-28 09:00:00,15.6,1006.5,76.0,AWS-VAR-101,Ramnagar,VAR,neighbor,False,
2025-01-28 10:00:00,18.2,1006.7,66.0,AWS-VAR-101,Ramnagar,VAR,neighbor,False,
2025-01-28 11:00:00,20.0,1005.8,57.0,AWS-VAR-101,Ramnagar,VAR,neighbor,False,
2025-01-28 12:00:00,21.0,1004.5,51.0,AWS-VAR-101,Ramnagar,VAR,neighbor,False,
2025-01-28 13:00:00,21.6,1003.5,49.0,AWS-VAR-101,Ramnagar,VAR,neighbor,False,
2025-01-28 14:00:00,21.8,1002.9,48.0,AWS-VAR-101,Ramnagar,VAR,neighbor,False,
2025-01-28 15:00:00,21.6,1002.5,48.0,AWS-VAR-101,Ramnagar,VAR,neighbor,False,
2025-01-28 16:00:00,20.8,1002.4,54.0,AWS-VAR-101,Ramnagar,VAR,neighbor,False,
2025-01-28 17:00:00,18.1,1002.5,66.0,AWS-VAR-101,Ramnagar,VAR,neighbor,False,
2025-01-28 18:00:00,17.8,1002.9,66.0,AWS-VAR-101,Ramnagar,VAR,neighbor,False,
2025-01-28 19:00:00,17.3,1003.8,66.0,AWS-VAR-101,Ramnagar,VAR,neighbor,False,
2025-01-28 20:00:00,15.9,1004.6,72.0,AWS-VAR-101,Ramnagar,VAR,neighbor,False,
2025-01-28 21:00:00,14.4,1005.3,80.0,AWS-VAR-101,Ramnagar,VAR,neighbor,False,
2025-01-28 22:00:00,13.8,1005.8,83.0,AWS-VAR-101,Ramnagar,VAR,neighbor,False,
2025-01-28 23:00:00,13.5,1005.8,83.0,AWS-VAR-101,Ramnagar,VAR,neighbor,False,
2025-01-29 00:00:00,12.6,1005.5,87.0,AWS-VAR-101,Ramnagar,VAR,neighbor,False,
2025-01-29 01:00:00,11.1,1005.4,93.0,AWS-VAR-101,Ramnagar,VAR,neighbor,False,
2025-01-29 02:00:00,10.4,1005.1,94.0,AWS-VAR-101,Ramnagar,VAR,neighbor,False,
2025-01-29 03:00:00,10.0,1004.7,94.0,AWS-VAR-101,Ramnagar,VAR,neighbor,False,
2025-01-29 04:00:00,10.0,1004.5,94.0,AWS-VAR-101,Ramnagar,VAR,neighbor,False,
2025-01-29 05:00:00,9.7,1004.9,94.0,AWS-VAR-101,Ramnagar,VAR,neighbor,False,
2025-01-29 06:00:00,10.2,1005.9,94.0,AWS-VAR-101,Ramnagar,VAR,neighbor,False,
2025-01-29 07:00:00,11.6,1007.1,91.0,AWS-VAR-101,Ramnagar,VAR,neighbor,False,
2025-01-29 08:00:00,13.7,1008.2,83.0,AWS-VAR-101,Ramnagar,VAR,neighbor,False,
2025-01-29 09:00:00,17.0,1008.9,74.0,AWS-VAR-101,Ramnagar,VAR,neighbor,False,
2025-01-29 10:00:00,17.5,1009.2,72.0,AWS-VAR-101,Ramnagar,VAR,neighbor,False,
2025-01-29 11:00:00,19.1,1008.2,65.0,AWS-VAR-101,Ramnagar,VAR,neighbor,False,
2025-01-29 12:00:00,21.5,1006.8,53.0,AWS-VAR-101,Ramnagar,VAR,neighbor,False,
2025-01-29 13:00:00,22.4,1005.4,49.0,AWS-VAR-101,Ramnagar,VAR,neighbor,False,
2025-01-29 14:00:00,22.8,1004.3,47.0,AWS-VAR-101,Ramnagar,VAR,neighbor,False,
2025-01-29 15:00:00,22.5,1003.7,47.0,AWS-VAR-101,Ramnagar,VAR,neighbor,False,
2025-01-29 16:00:00,21.6,1003.1,55.0,AWS-VAR-101,Ramnagar,VAR,neighbor,False,
2025-01-29 17:00:00,,1003.1,67.0,AWS-VAR-101,Ramnagar,VAR,neighbor,True,dropout
2025-01-29 18:00:00,17.4,1003.1,76.0,AWS-VAR-101,Ramnagar,VAR,neighbor,False,
2025-01-29 19:00:00,16.4,1003.6,80.0,AWS-VAR-101,Ramnagar,VAR,neighbor,False,
2025-01-29 20:00:00,15.3,1004.0,85.0,AWS-VAR-101,Ramnagar,VAR,neighbor,False,
2025-01-29 21:00:00,14.3,1004.2,89.0,AWS-VAR-101,Ramnagar,VAR,neighbor,False,
2025-01-29 22:00:00,13.5,1004.2,92.0,AWS-VAR-101,Ramnagar,VAR,neighbor,False,
2025-01-29 23:00:00,12.7,1003.6,94.0,AWS-VAR-101,Ramnagar,VAR,neighbor,False,
2025-01-30 00:00:00,12.0,1003.2,96.0,AWS-VAR-101,Ramnagar,VAR,neighbor,False,
2025-01-30 01:00:00,11.5,1002.8,97.0,AWS-VAR-101,Ramnagar,VAR,neighbor,False,
2025-01-30 02:00:00,11.0,1002.0,99.0,AWS-VAR-101,Ramnagar,VAR,neighbor,False,
2025-01-30 03:00:00,10.6,1001.7,99.0,AWS-VAR-101,Ramnagar,VAR,neighbor,False,
2025-01-30 04:00:00,10.3,1001.3,100.0,AWS-VAR-101,Ramnagar,VAR,neighbor,False,
2025-01-30 05:00:00,9.7,1001.3,100.0,AWS-VAR-101,Ramnagar,VAR,neighbor,False,
2025-01-30 06:00:00,8.5,1002.3,100.0,AWS-VAR-101,Ramnagar,VAR,neighbor,False,
2025-01-30 07:00:00,9.4,1003.3,100.0,AWS-VAR-101,Ramnagar,VAR,neighbor,False,
2025-01-30 08:00:00,11.4,1004.3,98.0,AWS-VAR-101,Ramnagar,VAR,neighbor,False,
2025-01-30 09:00:00,14.7,1004.6,96.0,AWS-VAR-101,Ramnagar,VAR,neighbor,False,
2025-01-30 10:00:00,18.4,1004.5,78.0,AWS-VAR-101,Ramnagar,VAR,neighbor,False,
2025-01-30 11:00:00,21.1,1003.8,67.0,AWS-VAR-101,Ramnagar,VAR,neighbor,False,
2025-01-30 12:00:00,22.8,1002.6,58.0,AWS-VAR-101,Ramnagar,VAR,neighbor,False,
2025-01-30 13:00:00,24.0,1001.1,49.0,AWS-VAR-101,Ramnagar,VAR,neighbor,False,
2025-01-30 14:00:00,24.4,1000.2,45.0,AWS-VAR-101,Ramnagar,VAR,neighbor,False,
2025-01-30 15:00:00,24.3,999.5,46.0,AWS-VAR-101,Ramnagar,VAR,neighbor,False,
2025-01-30 16:00:00,23.2,999.3,58.0,AWS-VAR-101,Ramnagar,VAR,neighbor,False,
2025-01-30 17:00:00,20.7,999.4,65.0,AWS-VAR-101,Ramnagar,VAR,neighbor,False,
2025-01-30 18:00:00,19.0,999.7,72.0,AWS-VAR-101,Ramnagar,VAR,neighbor,False,
2025-01-30 19:00:00,17.2,1000.0,79.0,AWS-VAR-101,Ramnagar,VAR,neighbor,False,
2025-01-30 20:00:00,16.3,1000.5,80.0,AWS-VAR-101,Ramnagar,VAR,neighbor,False,
2025-01-30 21:00:00,15.6,1000.9,81.0,AWS-VAR-101,Ramnagar,VAR,neighbor,False,
2025-01-30 22:00:00,14.7,1001.0,84.0,AWS-VAR-101,Ramnagar,VAR,neighbor,False,
2025-01-30 23:00:00,13.9,1000.6,88.0,AWS-VAR-101,Ramnagar,VAR,neighbor,False,
2025-01-31 00:00:00,13.1,1000.2,92.0,AWS-VAR-101,Ramnagar,VAR,neighbor,False,
2025-01-31 01:00:00,12.3,1000.0,96.0,AWS-VAR-101,Ramnagar,VAR,neighbor,False,
2025-01-31 02:00:00,11.8,999.9,97.0,AWS-VAR-101,Ramnagar,VAR,neighbor,False,
2025-01-31 03:00:00,12.1,999.9,95.0,AWS-VAR-101,Ramnagar,VAR,neighbor,False,
2025-01-31 04:00:00,12.4,999.8,94.0,AWS-VAR-101,Ramnagar,VAR,neighbor,False,
2025-01-31 05:00:00,12.4,1000.0,94.0,AWS-VAR-101,Ramnagar,VAR,neighbor,False,
2025-01-31 06:00:00,11.4,1001.0,98.0,AWS-VAR-101,Ramnagar,VAR,neighbor,False,
2025-01-31 07:00:00,12.2,1002.0,100.0,AWS-VAR-101,Ramnagar,VAR,neighbor,False,
2025-01-31 08:00:00,15.2,1003.0,88.0,AWS-VAR-101,Ramnagar,VAR,neighbor,False,
2025-01-31 09:00:00,18.9,1004.1,75.0,AWS-VAR-101,Ramnagar,VAR,neighbor,False,
2025-01-31 10:00:00,21.7,1004.2,63.0,AWS-VAR-101,Ramnagar,VAR,neighbor,False,
2025-01-31 11:00:00,23.7,1003.4,55.0,AWS-VAR-101,Ramnagar,VAR,neighbor,False,
2025-01-31 12:00:00,25.2,1002.7,48.0,AWS-VAR-101,Ramnagar,VAR,neighbor,False,
2025-01-31 13:00:00,26.3,1001.6,40.0,AWS-VAR-101,Ramnagar,VAR,neighbor,False,
2025-01-31 14:00:00,26.8,1000.8,38.0,AWS-VAR-101,Ramnagar,VAR,neighbor,False,
2025-01-31 15:00:00,26.6,1000.3,39.0,AWS-VAR-101,Ramnagar,VAR,neighbor,False,
2025-01-31 16:00:00,25.2,1000.3,53.0,AWS-VAR-101,Ramnagar,VAR,neighbor,False,
2025-01-31 17:00:00,22.0,1000.5,60.0,AWS-VAR-101,Ramnagar,VAR,neighbor,False,
2025-01-31 18:00:00,21.4,1000.9,63.0,AWS-VAR-101,Ramnagar,VAR,neighbor,False,
2025-01-31 19:00:00,20.3,1001.4,68.0,AWS-VAR-101,Ramnagar,VAR,neighbor,False,
2025-01-31 20:00:00,18.5,1002.2,77.0,AWS-VAR-101,Ramnagar,VAR,neighbor,False,
2025-01-31 21:00:00,17.3,1002.8,84.0,AWS-VAR-101,Ramnagar,VAR,neighbor,False,
2025-01-31 22:00:00,16.3,1003.0,89.0,AWS-VAR-101,Ramnagar,VAR,neighbor,False,
2025-01-31 23:00:00,16.0,1002.7,89.0,AWS-VAR-101,Ramnagar,VAR,neighbor,False,
2025-02-01 00:00:00,15.4,1002.4,90.0,AWS-VAR-101,Ramnagar,VAR,neighbor,False,
2025-02-01 01:00:00,15.1,1002.0,91.0,AWS-VAR-101,Ramnagar,VAR,neighbor,False,
2025-02-01 02:00:00,75.0,1001.7,93.0,AWS-VAR-101,Ramnagar,VAR,neighbor,True,physical_bounds
2025-02-01 03:00:00,13.9,1001.5,94.0,AWS-VAR-101,Ramnagar,VAR,neighbor,False,
2025-02-01 04:00:00,14.2,1001.3,93.0,AWS-VAR-101,Ramnagar,VAR,neighbor,False,
2025-02-01 05:00:00,14.1,1001.5,93.0,AWS-VAR-101,Ramnagar,VAR,neighbor,False,
2025-02-01 06:00:00,13.4,1002.6,96.0,AWS-VAR-101,Ramnagar,VAR,neighbor,False,
2025-02-01 07:00:00,14.5,1003.5,93.0,AWS-VAR-101,Ramnagar,VAR,neighbor,False,
2025-02-01 08:00:00,17.2,1004.3,83.0,AWS-VAR-101,Ramnagar,VAR,neighbor,False,
2025-02-01 09:00:00,20.3,1005.4,73.0,AWS-VAR-101,Ramnagar,VAR,neighbor,False,
2025-02-01 10:00:00,22.9,1005.4,61.0,AWS-VAR-101,Ramnagar,VAR,neighbor,False,
2025-02-01 11:00:00,24.9,1004.6,52.0,AWS-VAR-101,Ramnagar,VAR,neighbor,False,
2025-02-01 12:00:00,26.3,1003.6,47.0,AWS-VAR-101,Ramnagar,VAR,neighbor,False,
2025-02-01 13:00:00,27.2,1002.5,45.0,AWS-VAR-101,Ramnagar,VAR,neighbor,False,
2025-02-01 14:00:00,27.4,1001.8,46.0,AWS-VAR-101,Ramnagar,VAR,neighbor,False,
2025-02-01 15:00:00,27.0,1001.6,47.0,AWS-VAR-101,Ramnagar,VAR,neighbor,False,
2025-02-01 16:00:00,25.8,1001.7,54.0,AWS-VAR-101,Ramnagar,VAR,neighbor,False,
2025-02-01 17:00:00,23.3,1001.8,62.0,AWS-VAR-101,Ramnagar,VAR,neighbor,False,
2025-02-01 18:00:00,22.0,1002.1,67.0,AWS-VAR-101,Ramnagar,VAR,neighbor,False,
2025-02-01 19:00:00,20.7,1002.6,73.0,AWS-VAR-101,Ramnagar,VAR,neighbor,False,
2025-02-01 20:00:00,19.6,1003.0,78.0,AWS-VAR-101,Ramnagar,VAR,neighbor,False,
2025-02-01 21:00:00,18.5,1003.3,83.0,AWS-VAR-101,Ramnagar,VAR,neighbor,False,
2025-02-01 22:00:00,17.7,1003.3,86.0,AWS-VAR-101,Ramnagar,VAR,neighbor,False,
2025-02-01 23:00:00,16.7,1003.0,90.0,AWS-VAR-101,Ramnagar,VAR,neighbor,False,
2025-02-02 00:00:00,16.1,1003.0,93.0,AWS-VAR-101,Ramnagar,VAR,neighbor,False,
2025-02-02 01:00:00,16.2,1002.5,90.0,AWS-VAR-101,Ramnagar,VAR,neighbor,False,
2025-02-02 02:00:00,15.8,1002.1,92.0,AWS-VAR-101,Ramnagar,VAR,neighbor,False,
2025-02-02 03:00:00,15.4,1002.1,93.0,AWS-VAR-101,Ramnagar,VAR,neighbor,False,
2025-02-02 04:00:00,15.2,1001.9,93.0,AWS-VAR-101,Ramnagar,VAR,neighbor,False,
2025-02-02 05:00:00,14.8,1002.3,94.0,AWS-VAR-101,Ramnagar,VAR,neighbor,False,
2025-02-02 06:00:00,14.3,1003.6,97.0,AWS-VAR-101,Ramnagar,VAR,neighbor,False,
2025-02-02 07:00:00,15.1,1004.7,96.0,AWS-VAR-101,Ramnagar,VAR,neighbor,False,
2025-02-02 08:00:00,17.5,1005.5,87.0,AWS-VAR-101,Ramnagar,VAR,neighbor,False,
2025-02-02 09:00:00,20.6,1006.3,74.0,AWS-VAR-101,Ramnagar,VAR,neighbor,False,
2025-02-02 10:00:00,23.2,1006.5,63.0,AWS-VAR-101,Ramnagar,VAR,neighbor,False,
2025-02-02 11:00:00,25.1,1005.6,52.0,AWS-VAR-101,Ramnagar,VAR,neighbor,False,
2025-02-02 12:00:00,26.4,1004.5,46.0,AWS-VAR-101,Ramnagar,VAR,neighbor,False,
2025-02-02 13:00:00,27.2,1003.3,43.0,AWS-VAR-101,Ramnagar,VAR,neighbor,False,
2025-02-02 14:00:00,27.4,1002.4,41.0,AWS-VAR-101,Ramnagar,VAR,neighbor,False,
2025-02-02 15:00:00,27.0,1002.1,42.0,AWS-VAR-101,Ramnagar,VAR,neighbor,False,
2025-02-02 16:00:00,25.9,1002.1,52.0,AWS-VAR-101,Ramnagar,VAR,neighbor,False,
2025-02-02 17:00:00,23.2,1002.1,63.0,AWS-VAR-101,Ramnagar,VAR,neighbor,False,
2025-02-02 18:00:00,22.8,1002.2,55.0,AWS-VAR-101,Ramnagar,VAR,neighbor,False,
2025-02-02 19:00:00,22.4,1002.7,54.0,AWS-VAR-101,Ramnagar,VAR,neighbor,False,
2025-02-02 20:00:00,21.1,1003.2,61.0,AWS-VAR-101,Ramnagar,VAR,neighbor,False,
2025-02-02 21:00:00,19.2,1003.5,0.0,AWS-VAR-101,Ramnagar,VAR,neighbor,True,sensor_fail_low
2025-02-02 22:00:00,18.7,1003.7,0.0,AWS-VAR-101,Ramnagar,VAR,neighbor,True,sensor_fail_low
2025-02-02 23:00:00,17.7,1003.5,0.0,AWS-VAR-101,Ramnagar,VAR,neighbor,True,sensor_fail_low
2025-02-03 00:00:00,16.8,1003.2,75.0,AWS-VAR-101,Ramnagar,VAR,neighbor,False,
2025-02-03 01:00:00,15.9,1002.8,79.0,AWS-VAR-101,Ramnagar,VAR,neighbor,False,
2025-02-03 02:00:00,15.3,1002.4,82.0,AWS-VAR-101,Ramnagar,VAR,neighbor,False,
2025-02-03 03:00:00,14.8,1002.4,85.0,AWS-VAR-101,Ramnagar,VAR,neighbor,False,
2025-02-03 04:00:00,14.3,1002.2,0.0,AWS-VAR-101,Ramnagar,VAR,neighbor,True,sensor_fail_low
2025-02-03 05:00:00,13.9,1002.5,0.0,AWS-VAR-101,Ramnagar,VAR,neighbor,True,sensor_fail_low
2025-02-03 06:00:00,14.1,1003.7,0.0,AWS-VAR-101,Ramnagar,VAR,neighbor,True,sensor_fail_low
2025-02-03 07:00:00,14.8,1004.6,89.0,AWS-VAR-101,Ramnagar,VAR,neighbor,False,
2025-02-03 08:00:00,17.0,1005.7,82.0,AWS-VAR-101,Ramnagar,VAR,neighbor,False,
2025-02-03 09:00:00,19.6,1006.7,71.0,AWS-VAR-101,Ramnagar,VAR,neighbor,False,
2025-02-03 10:00:00,21.9,1007.1,62.0,AWS-VAR-101,Ramnagar,VAR,neighbor,False,
2025-02-03 11:00:00,23.6,1006.3,55.0,AWS-VAR-101,Ramnagar,VAR,neighbor,False,
2025-02-03 12:00:00,24.8,1005.1,46.0,AWS-VAR-101,Ramnagar,VAR,neighbor,False,
2025-02-03 13:00:00,25.4,1003.9,44.0,AWS-VAR-101,Ramnagar,VAR,neighbor,False,
2025-02-03 14:00:00,25.8,1003.0,42.0,AWS-VAR-101,Ramnagar,VAR,neighbor,False,
2025-02-03 15:00:00,25.6,1002.7,43.0,AWS-VAR-101,Ramnagar,VAR,neighbor,False,
2025-02-03 16:00:00,24.7,1002.6,50.0,AWS-VAR-101,Ramnagar,VAR,neighbor,False,
2025-02-03 17:00:00,22.3,1002.8,61.0,AWS-VAR-101,Ramnagar,VAR,neighbor,False,
2025-02-03 18:00:00,20.8,1003.6,67.0,AWS-VAR-101,Ramnagar,VAR,neighbor,False,
2025-02-03 19:00:00,19.9,1004.2,71.0,AWS-VAR-101,Ramnagar,VAR,neighbor,False,
2025-02-03 20:00:00,18.9,1005.1,75.0,AWS-VAR-101,Ramnagar,VAR,neighbor,False,
2025-02-03 21:00:00,18.2,1005.6,74.0,AWS-VAR-101,Ramnagar,VAR,neighbor,False,
2025-02-03 22:00:00,18.1,1005.4,67.0,AWS-VAR-101,Ramnagar,VAR,neighbor,False,
2025-02-03 23:00:00,17.6,1005.4,64.0,AWS-VAR-101,Ramnagar,VAR,neighbor,False,
2025-02-04 00:00:00,17.1,1005.1,66.0,AWS-VAR-101,Ramnagar,VAR,neighbor,False,
2025-02-04 01:00:00,15.9,1004.7,72.0,AWS-VAR-101,Ramnagar,VAR,neighbor,False,
2025-02-04 02:00:00,15.2,1003.9,78.0,AWS-VAR-101,Ramnagar,VAR,neighbor,False,
2025-02-04 03:00:00,14.4,1003.7,83.0,AWS-VAR-101,Ramnagar,VAR,neighbor,False,
2025-02-04 04:00:00,13.5,1003.4,88.0,AWS-VAR-101,Ramnagar,VAR,neighbor,False,
2025-02-04 05:00:00,12.9,1003.6,90.0,AWS-VAR-101,Ramnagar,VAR,neighbor,False,
2025-02-04 06:00:00,12.6,1004.6,92.0,AWS-VAR-101,Ramnagar,VAR,neighbor,False,
2025-02-04 07:00:00,14.2,150.0,85.0,AWS-VAR-101,Ramnagar,VAR,neighbor,True,sensor_fail_low
2025-02-04 08:00:00,17.4,150.0,72.0,AWS-VAR-101,Ramnagar,VAR,neighbor,True,sensor_fail_low
2025-02-04 09:00:00,20.5,150.0,62.0,AWS-VAR-101,Ramnagar,VAR,neighbor,True,sensor_fail_low
2025-02-04 10:00:00,22.9,1007.3,53.0,AWS-VAR-101,Ramnagar,VAR,neighbor,False,
2025-02-04 11:00:00,24.6,1006.5,49.0,AWS-VAR-101,Ramnagar,VAR,neighbor,False,
2025-02-04 12:00:00,25.9,1005.3,45.0,AWS-VAR-101,Ramnagar,VAR,neighbor,False,
2025-02-04 13:00:00,-35.0,1003.8,40.0,AWS-VAR-101,Ramnagar,VAR,neighbor,True,sensor_fail_low
2025-02-04 14:00:00,-35.0,1002.8,36.0,AWS-VAR-101,Ramnagar,VAR,neighbor,True,sensor_fail_low
2025-02-04 15:00:00,-35.0,1002.2,36.0,AWS-VAR-101,Ramnagar,VAR,neighbor,True,sensor_fail_low
2025-02-04 16:00:00,26.1,1002.1,47.0,AWS-VAR-101,Ramnagar,VAR,neighbor,False,
2025-02-04 17:00:00,24.0,1002.0,58.0,AWS-VAR-101,Ramnagar,VAR,neighbor,False,
2025-02-04 18:00:00,22.0,1002.0,70.0,AWS-VAR-101,Ramnagar,VAR,neighbor,False,
2025-02-04 19:00:00,21.1,1002.5,72.0,AWS-VAR-101,Ramnagar,VAR,neighbor,False,
2025-02-04 20:00:00,20.2,1002.8,73.0,AWS-VAR-101,Ramnagar,VAR,neighbor,False,
2025-02-04 21:00:00,19.7,1002.9,71.0,AWS-VAR-101,Ramnagar,VAR,neighbor,False,
2025-02-04 22:00:00,19.5,1002.8,68.0,AWS-VAR-101,Ramnagar,VAR,neighbor,False,
2025-02-04 23:00:00,19.3,1002.3,66.0,AWS-VAR-101,Ramnagar,VAR,neighbor,False,
2025-02-05 00:00:00,19.0,1001.9,67.0,AWS-VAR-101,Ramnagar,VAR,neighbor,False,
2025-02-05 01:00:00,17.5,1001.8,75.0,AWS-VAR-101,Ramnagar,VAR,neighbor,False,
2025-02-05 02:00:00,16.7,1001.6,81.0,AWS-VAR-101,Ramnagar,VAR,neighbor,False,
2025-02-05 03:00:00,16.5,1001.4,82.0,AWS-VAR-101,Ramnagar,VAR,neighbor,False,
2025-02-05 04:00:00,16.4,1001.2,82.0,AWS-VAR-101,Ramnagar,VAR,neighbor,False,
2025-02-05 05:00:00,16.5,1001.6,80.0,AWS-VAR-101,Ramnagar,VAR,neighbor,False,
2025-02-05 06:00:00,16.3,1002.4,83.0,AWS-VAR-101,Ramnagar,VAR,neighbor,False,
2025-02-05 07:00:00,17.0,1003.1,80.0,AWS-VAR-101,Ramnagar,VAR,neighbor,False,
2025-02-05 08:00:00,19.2,1003.9,73.0,AWS-VAR-101,Ramnagar,VAR,neighbor,False,
2025-02-05 09:00:00,22.1,1004.6,65.0,AWS-VAR-101,Ramnagar,VAR,neighbor,False,
2025-02-05 10:00:00,24.6,1004.6,59.0,AWS-VAR-101,Ramnagar,VAR,neighbor,False,
2025-02-05 11:00:00,26.6,1003.9,51.0,AWS-VAR-101,Ramnagar,VAR,neighbor,False,
2025-02-05 12:00:00,28.1,1002.8,46.0,AWS-VAR-101,Ramnagar,VAR,neighbor,False,
2025-02-05 13:00:00,29.1,1001.7,41.0,AWS-VAR-101,Ramnagar,VAR,neighbor,False,
2025-02-05 14:00:00,29.3,1000.9,40.0,AWS-VAR-101,Ramnagar,VAR,neighbor,False,
2025-02-05 15:00:00,28.9,1000.5,41.0,AWS-VAR-101,Ramnagar,VAR,neighbor,False,
2025-02-05 16:00:00,27.8,1000.5,45.0,AWS-VAR-101,Ramnagar,VAR,neighbor,False,
2025-02-05 17:00:00,25.8,1000.9,51.0,AWS-VAR-101,Ramnagar,VAR,neighbor,False,
2025-02-05 18:00:00,23.7,1001.7,59.0,AWS-VAR-101,Ramnagar,VAR,neighbor,False,
2025-02-05 19:00:00,22.7,1002.5,62.0,AWS-VAR-101,Ramnagar,VAR,neighbor,False,
2025-02-05 20:00:00,22.5,1003.3,61.0,AWS-VAR-101,Ramnagar,VAR,neighbor,False,
2025-02-05 21:00:00,21.9,1003.8,64.0,AWS-VAR-101,Ramnagar,VAR,neighbor,False,
2025-02-05 22:00:00,21.3,1004.2,68.0,AWS-VAR-101,Ramnagar,VAR,neighbor,False,
2025-02-05 23:00:00,20.5,1004.0,70.0,AWS-VAR-101,Ramnagar,VAR,neighbor,False,
2025-02-06 00:00:00,19.6,1003.9,69.0,AWS-VAR-101,Ramnagar,VAR,neighbor,False,
2025-02-06 01:00:00,18.4,1003.9,69.0,AWS-VAR-101,Ramnagar,VAR,neighbor,False,
2025-02-06 02:00:00,17.1,1003.6,68.0,AWS-VAR-101,Ramnagar,VAR,neighbor,False,
2025-02-06 03:00:00,16.1,1003.6,64.0,AWS-VAR-101,Ramnagar,VAR,neighbor,False,
2025-02-06 04:00:00,15.1,1003.6,62.0,AWS-VAR-101,Ramnagar,VAR,neighbor,False,
2025-02-06 05:00:00,14.3,1004.2,62.0,AWS-VAR-101,Ramnagar,VAR,neighbor,False,
2025-02-06 06:00:00,13.4,1005.3,73.0,AWS-VAR-101,Ramnagar,VAR,neighbor,False,
2025-02-06 07:00:00,13.6,1006.1,72.0,AWS-VAR-101,Ramnagar,VAR,neighbor,False,
2025-02-06 08:00:00,15.3,1006.9,66.0,AWS-VAR-101,Ramnagar,VAR,neighbor,False,
2025-02-06 09:00:00,17.2,1007.6,58.0,AWS-VAR-101,Ramnagar,VAR,neighbor,False,
2025-02-06 10:00:00,19.1,1007.5,51.0,AWS-VAR-101,Ramnagar,VAR,neighbor,False,
2025-02-06 11:00:00,20.7,1006.8,46.0,AWS-VAR-101,Ramnagar,VAR,neighbor,False,
2025-02-06 12:00:00,22.0,1005.5,43.0,AWS-VAR-101,Ramnagar,VAR,neighbor,False,
2025-02-06 13:00:00,23.3,1004.5,37.0,AWS-VAR-101,Ramnagar,VAR,neighbor,False,
2025-02-06 14:00:00,24.1,1003.5,30.0,AWS-VAR-101,Ramnagar,VAR,neighbor,False,
2025-02-06 15:00:00,24.3,1002.8,26.0,AWS-VAR-101,Ramnagar,VAR,neighbor,False,
2025-02-06 16:00:00,23.4,1002.6,30.0,AWS-VAR-101,Ramnagar,VAR,neighbor,False,
2025-02-06 17:00:00,21.1,1002.8,38.0,AWS-VAR-101,Ramnagar,VAR,neighbor,False,
2025-02-06 18:00:00,20.0,1003.7,39.0,AWS-VAR-101,Ramnagar,VAR,neighbor,False,
2025-02-06 19:00:00,18.8,1004.4,40.0,AWS-VAR-101,Ramnagar,VAR,neighbor,False,
2025-02-06 20:00:00,17.4,1005.2,44.0,AWS-VAR-101,Ramnagar,VAR,neighbor,False,
2025-02-06 21:00:00,16.2,1005.7,49.0,AWS-VAR-101,Ramnagar,VAR,neighbor,False,
2025-02-06 22:00:00,15.4,1005.9,52.0,AWS-VAR-101,Ramnagar,VAR,neighbor,False,
2025-02-06 23:00:00,15.0,1006.0,53.0,AWS-VAR-101,Ramnagar,VAR,neighbor,False,
2025-02-07 00:00:00,14.5,1005.6,56.0,AWS-VAR-101,Ramnagar,VAR,neighbor,False,
2025-02-07 01:00:00,14.1,1005.4,57.0,AWS-VAR-101,Ramnagar,VAR,neighbor,False,
2025-02-07 02:00:00,13.7,1004.8,58.0,AWS-VAR-101,Ramnagar,VAR,neighbor,False,
2025-02-07 03:00:00,13.2,1004.6,59.0,AWS-VAR-101,Ramnagar,VAR,neighbor,False,
2025-02-07 04:00:00,12.7,1004.4,60.0,AWS-VAR-101,Ramnagar,VAR,neighbor,False,
2025-02-07 05:00:00,12.4,1005.0,61.0,AWS-VAR-101,Ramnagar,VAR,neighbor,False,
2025-02-07 06:00:00,12.0,1006.2,71.0,AWS-VAR-101,Ramnagar,VAR,neighbor,False,
2025-02-07 07:00:00,12.4,1006.7,72.0,AWS-VAR-101,Ramnagar,VAR,neighbor,False,
2025-02-07 08:00:00,14.3,1007.7,66.0,AWS-VAR-101,Ramnagar,VAR,neighbor,False,
2025-02-07 09:00:00,16.6,1008.3,58.0,AWS-VAR-101,Ramnagar,VAR,neighbor,False,
2025-02-07 10:00:00,18.8,1008.3,50.0,AWS-VAR-101,Ramnagar,VAR,neighbor,False,
2025-02-07 11:00:00,20.7,1007.7,44.0,AWS-VAR-101,Ramnagar,VAR,neighbor,False,
2025-02-07 12:00:00,22.1,1006.2,38.0,AWS-VAR-101,Ramnagar,VAR,neighbor,False,
2025-02-07 13:00:00,23.0,1005.2,36.0,AWS-VAR-101,Ramnagar,VAR,neighbor,False,
2025-02-07 14:00:00,23.6,1004.2,33.0,AWS-VAR-101,Ramnagar,VAR,neighbor,False,
2025-02-07 15:00:00,23.6,1003.8,29.0,AWS-VAR-101,Ramnagar,VAR,neighbor,False,
2025-02-07 16:00:00,22.8,1003.6,32.0,AWS-VAR-101,Ramnagar,VAR,neighbor,False,
2025-02-07 17:00:00,20.9,1003.7,37.0,AWS-VAR-101,Ramnagar,VAR,neighbor,False,
2025-02-07 18:00:00,20.0,1004.3,37.0,AWS-VAR-101,Ramnagar,VAR,neighbor,False,
2025-02-07 19:00:00,19.2,1005.0,39.0,AWS-VAR-101,Ramnagar,VAR,neighbor,False,
2025-02-07 20:00:00,18.3,1005.6,43.0,AWS-VAR-101,Ramnagar,VAR,neighbor,False,
2025-02-07 21:00:00,17.4,1006.2,47.0,AWS-VAR-101,Ramnagar,VAR,neighbor,False,
2025-02-07 22:00:00,16.3,1006.3,52.0,AWS-VAR-101,Ramnagar,VAR,neighbor,False,
2025-02-07 23:00:00,15.3,1006.0,56.0,AWS-VAR-101,Ramnagar,VAR,neighbor,False,
2025-02-08 00:00:00,14.6,1005.3,58.0,AWS-VAR-101,Ramnagar,VAR,neighbor,False,
2025-02-08 01:00:00,13.9,1004.8,60.0,AWS-VAR-101,Ramnagar,VAR,neighbor,True,frozen_value
2025-02-08 02:00:00,13.9,1004.8,60.0,AWS-VAR-101,Ramnagar,VAR,neighbor,True,frozen_value
2025-02-08 03:00:00,13.9,1004.8,60.0,AWS-VAR-101,Ramnagar,VAR,neighbor,True,frozen_value
2025-02-08 04:00:00,13.9,1004.8,60.0,AWS-VAR-101,Ramnagar,VAR,neighbor,True,frozen_value
2025-02-08 05:00:00,13.9,1004.8,60.0,AWS-VAR-101,Ramnagar,VAR,neighbor,True,frozen_value
2025-02-08 06:00:00,13.9,1004.8,60.0,AWS-VAR-101,Ramnagar,VAR,neighbor,True,frozen_value
2025-02-08 07:00:00,13.9,1004.8,60.0,AWS-VAR-101,Ramnagar,VAR,neighbor,True,frozen_value
2025-02-08 08:00:00,13.9,1004.8,60.0,AWS-VAR-101,Ramnagar,VAR,neighbor,True,frozen_value
2025-02-08 09:00:00,13.9,1004.8,60.0,AWS-VAR-101,Ramnagar,VAR,neighbor,True,frozen_value
2025-02-08 10:00:00,13.9,1004.8,60.0,AWS-VAR-101,Ramnagar,VAR,neighbor,True,frozen_value
2025-02-08 11:00:00,13.9,1004.8,60.0,AWS-VAR-101,Ramnagar,VAR,neighbor,True,frozen_value
2025-02-08 12:00:00,13.9,1004.8,60.0,AWS-VAR-101,Ramnagar,VAR,neighbor,True,frozen_value
2025-02-08 13:00:00,13.9,1004.8,60.0,AWS-VAR-101,Ramnagar,VAR,neighbor,True,frozen_value
2025-02-08 14:00:00,13.9,1004.8,60.0,AWS-VAR-101,Ramnagar,VAR,neighbor,True,frozen_value
2025-02-08 15:00:00,13.9,1004.8,60.0,AWS-VAR-101,Ramnagar,VAR,neighbor,True,frozen_value
2025-02-08 16:00:00,13.9,1004.8,60.0,AWS-VAR-101,Ramnagar,VAR,neighbor,True,frozen_value
2025-02-08 17:00:00,13.9,1004.8,60.0,AWS-VAR-101,Ramnagar,VAR,neighbor,True,frozen_value
2025-02-08 18:00:00,13.9,1004.8,60.0,AWS-VAR-101,Ramnagar,VAR,neighbor,True,frozen_value
2025-02-08 19:00:00,13.9,1004.8,60.0,AWS-VAR-101,Ramnagar,VAR,neighbor,True,frozen_value
2025-02-08 20:00:00,13.9,1004.8,60.0,AWS-VAR-101,Ramnagar,VAR,neighbor,True,frozen_value
2025-02-08 21:00:00,13.9,1004.8,60.0,AWS-VAR-101,Ramnagar,VAR,neighbor,True,frozen_value
2025-02-08 22:00:00,13.9,1004.8,60.0,AWS-VAR-101,Ramnagar,VAR,neighbor,True,frozen_value
2025-02-08 23:00:00,13.9,1004.8,60.0,AWS-VAR-101,Ramnagar,VAR,neighbor,True,frozen_value
2025-02-09 00:00:00,13.9,1004.8,60.0,AWS-VAR-101,Ramnagar,VAR,neighbor,True,frozen_value
2025-02-09 01:00:00,13.9,1004.8,60.0,AWS-VAR-101,Ramnagar,VAR,neighbor,True,frozen_value
2025-02-09 02:00:00,13.9,1004.8,60.0,AWS-VAR-101,Ramnagar,VAR,neighbor,True,frozen_value
2025-02-09 03:00:00,13.9,1004.8,60.0,AWS-VAR-101,Ramnagar,VAR,neighbor,True,frozen_value
2025-02-09 04:00:00,13.9,1004.8,60.0,AWS-VAR-101,Ramnagar,VAR,neighbor,True,frozen_value
2025-02-09 05:00:00,13.9,1004.8,60.0,AWS-VAR-101,Ramnagar,VAR,neighbor,True,frozen_value
2025-02-09 06:00:00,13.9,1004.8,60.0,AWS-VAR-101,Ramnagar,VAR,neighbor,True,frozen_value
2025-02-09 07:00:00,12.8,1005.6,74.0,AWS-VAR-101,Ramnagar,VAR,neighbor,False,
2025-02-09 08:00:00,15.2,1006.5,67.0,AWS-VAR-101,Ramnagar,VAR,neighbor,False,
2025-02-09 09:00:00,,1007.2,58.0,AWS-VAR-101,Ramnagar,VAR,neighbor,True,dropout
2025-02-09 10:00:00,20.7,1007.0,50.0,AWS-VAR-101,Ramnagar,VAR,neighbor,False,
2025-02-09 11:00:00,22.8,1006.3,45.0,AWS-VAR-101,Ramnagar,VAR,neighbor,False,
2025-02-09 12:00:00,24.3,1005.0,41.0,AWS-VAR-101,Ramnagar,VAR,neighbor,False,
2025-02-09 13:00:00,25.1,1003.8,38.0,AWS-VAR-101,Ramnagar,VAR,neighbor,False,
2025-02-09 14:00:00,25.5,1002.8,38.0,AWS-VAR-101,Ramnagar,VAR,neighbor,False,
2025-02-09 15:00:00,25.3,1002.2,39.0,AWS-VAR-101,Ramnagar,VAR,neighbor,False,
2025-02-09 16:00:00,24.6,1002.2,41.0,AWS-VAR-101,Ramnagar,VAR,neighbor,False,
2025-02-09 17:00:00,22.8,1002.2,47.0,AWS-VAR-101,Ramnagar,VAR,neighbor,False,
2025-02-09 18:00:00,21.9,1002.7,47.0,AWS-VAR-101,Ramnagar,VAR,neighbor,False,
2025-02-09 19:00:00,20.5,1003.1,49.0,AWS-VAR-101,Ramnagar,VAR,neighbor,False,
2025-02-09 20:00:00,18.8,1063.7,55.0,AWS-VAR-101,Ramnagar,VAR,neighbor,True,impossible_jump
2025-02-09 21:00:00,17.4,1004.4,60.0,AWS-VAR-101,Ramnagar,VAR,neighbor,False,
2025-02-09 22:00:00,16.3,1004.4,65.0,AWS-VAR-101,Ramnagar,VAR,neighbor,False,
2025-02-09 23:00:00,15.1,1003.8,73.0,AWS-VAR-101,Ramnagar,VAR,neighbor,False,
2025-02-10 00:00:00,14.3,1003.3,77.0,AWS-VAR-101,Ramnagar,VAR,neighbor,False,
2025-02-10 01:00:00,13.7,1002.8,79.0,AWS-VAR-101,Ramnagar,VAR,neighbor,False,
2025-02-10 02:00:00,13.1,1002.4,81.0,AWS-VAR-101,Ramnagar,VAR,neighbor,False,
2025-02-10 03:00:00,13.1,1002.4,80.0,AWS-VAR-101,Ramnagar,VAR,neighbor,False,
2025-02-10 04:00:00,13.0,1002.5,79.0,AWS-VAR-101,Ramnagar,VAR,neighbor,False,
2025-02-10 05:00:00,12.7,1003.1,80.0,AWS-VAR-101,Ramnagar,VAR,neighbor,False,
2025-02-10 06:00:00,12.0,1004.3,88.0,AWS-VAR-101,Ramnagar,VAR,neighbor,False,
2025-02-10 07:00:00,13.5,1005.1,82.0,AWS-VAR-101,Ramnagar,VAR,neighbor,False,
2025-02-10 08:00:00,16.5,1006.0,70.0,AWS-VAR-101,Ramnagar,VAR,neighbor,False,
2025-02-10 09:00:00,20.1,1007.0,58.0,AWS-VAR-101,Ramnagar,VAR,neighbor,False,
2025-02-10 10:00:00,23.0,1007.2,49.0,AWS-VAR-101,Ramnagar,VAR,neighbor,False,
2025-02-10 11:00:00,25.2,1006.5,42.0,AWS-VAR-101,Ramnagar,VAR,neighbor,False,
2025-02-10 12:00:00,26.6,1005.4,37.0,AWS-VAR-101,Ramnagar,VAR,neighbor,False,
2025-02-10 13:00:00,27.4,1004.1,33.0,AWS-VAR-101,Ramnagar,VAR,neighbor,False,
2025-02-10 14:00:00,27.6,1002.9,33.0,AWS-VAR-101,Ramnagar,VAR,neighbor,False,
2025-02-10 15:00:00,27.4,1002.4,34.0,AWS-VAR-101,Ramnagar,VAR,neighbor,False,
2025-02-10 16:00:00,26.6,1002.2,38.0,AWS-VAR-101,Ramnagar,VAR,neighbor,False,
2025-02-10 17:00:00,23.7,1002.1,52.0,AWS-VAR-101,Ramnagar,VAR,neighbor,False,
2025-02-10 18:00:00,62.0,1002.4,55.0,AWS-VAR-101,Ramnagar,VAR,neighbor,True,impossible_jump
2025-02-10 19:00:00,20.4,1003.0,59.0,AWS-VAR-101,Ramnagar,VAR,neighbor,False,
2025-02-10 20:00:00,19.7,1003.7,63.0,AWS-VAR-101,Ramnagar,VAR,neighbor,False,
2025-02-10 21:00:00,19.3,1004.0,65.0,AWS-VAR-101,Ramnagar,VAR,neighbor,False,
2025-02-10 22:00:00,18.2,1004.1,69.0,AWS-VAR-101,Ramnagar,VAR,neighbor,False,
2025-02-10 23:00:00,16.8,1003.7,73.0,AWS-VAR-101,Ramnagar,VAR,neighbor,False,
2025-02-11 00:00:00,16.1,1003.2,73.0,AWS-VAR-101,Ramnagar,VAR,neighbor,False,
2025-02-11 01:00:00,15.3,1002.4,73.0,AWS-VAR-101,Ramnagar,VAR,neighbor,False,
2025-02-11 02:00:00,15.2,1002.1,70.0,AWS-VAR-101,Ramnagar,VAR,neighbor,False,
2025-02-11 03:00:00,15.0,1001.8,70.0,AWS-VAR-101,Ramnagar,VAR,neighbor,False,
2025-02-11 04:00:00,14.6,1002.0,72.0,AWS-VAR-101,Ramnagar,VAR,neighbor,False,
2025-02-11 05:00:00,14.4,1002.5,73.0,AWS-VAR-101,Ramnagar,VAR,neighbor,False,
2025-02-11 06:00:00,14.3,1003.5,79.0,AWS-VAR-101,Ramnagar,VAR,neighbor,False,
2025-02-11 07:00:00,15.1,1004.1,76.0,AWS-VAR-101,Ramnagar,VAR,neighbor,False,
2025-02-11 08:00:00,17.7,1005.0,69.0,AWS-VAR-101,Ramnagar,VAR,neighbor,False,
2025-02-11 09:00:00,20.8,1005.5,61.0,AWS-VAR-101,Ramnagar,VAR,neighbor,False,
2025-02-11 10:00:00,23.8,1005.6,51.0,AWS-VAR-101,Ramnagar,VAR,neighbor,False,
2025-02-11 11:00:00,25.8,1004.8,43.0,AWS-VAR-101,Ramnagar,VAR,neighbor,False,
2025-02-11 12:00:00,27.1,1003.8,38.0,AWS-VAR-101,Ramnagar,VAR,neighbor,False,
2025-02-11 13:00:00,27.9,1002.8,35.0,AWS-VAR-101,Ramnagar,VAR,neighbor,False,
2025-02-11 14:00:00,28.2,1002.0,34.0,AWS-VAR-101,Ramnagar,VAR,neighbor,False,
2025-02-11 15:00:00,28.4,1001.3,30.0,AWS-VAR-101,Ramnagar,VAR,neighbor,False,
2025-02-11 16:00:00,27.5,1001.1,34.0,AWS-VAR-101,Ramnagar,VAR,neighbor,False,
2025-02-11 17:00:00,25.3,1001.1,42.0,AWS-VAR-101,Ramnagar,VAR,neighbor,False,
2025-02-11 18:00:00,23.8,1001.7,42.0,AWS-VAR-101,Ramnagar,VAR,neighbor,False,
2025-02-11 19:00:00,22.8,1002.2,41.0,AWS-VAR-101,Ramnagar,VAR,neighbor,False,
2025-02-11 20:00:00,22.1,1002.7,41.0,AWS-VAR-101,Ramnagar,VAR,neighbor,False,
2025-02-11 21:00:00,20.6,1002.9,46.0,AWS-VAR-101,Ramnagar,VAR,neighbor,False,
2025-02-11 22:00:00,19.3,1003.2,51.0,AWS-VAR-101,Ramnagar,VAR,neighbor,False,
2025-02-11 23:00:00,18.8,1003.0,52.0,AWS-VAR-101,Ramnagar,VAR,neighbor,False,
2025-02-12 00:00:00,18.5,1002.5,52.0,AWS-VAR-101,Ramnagar,VAR,neighbor,False,
2025-02-12 01:00:00,17.3,1002.0,57.0,AWS-VAR-101,Ramnagar,VAR,neighbor,False,
2025-02-12 02:00:00,16.1,1001.4,63.0,AWS-VAR-101,Ramnagar,VAR,neighbor,False,
2025-02-12 03:00:00,15.7,1001.2,68.0,AWS-VAR-101,Ramnagar,VAR,neighbor,False,
2025-02-12 04:00:00,15.4,1001.4,73.0,AWS-VAR-101,Ramnagar,VAR,neighbor,False,
2025-02-12 05:00:00,15.0,1002.0,77.0,AWS-VAR-101,Ramnagar,VAR,neighbor,False,
2025-02-12 06:00:00,14.9,1002.9,,AWS-VAR-101,Ramnagar,VAR,neighbor,True,dropout
2025-02-12 07:00:00,15.8,1003.5,84.0,AWS-VAR-101,Ramnagar,VAR,neighbor,False,
2025-02-12 08:00:00,18.5,1004.6,73.0,AWS-VAR-101,Ramnagar,VAR,neighbor,False,
2025-02-12 09:00:00,21.6,1005.3,62.0,AWS-VAR-101,Ramnagar,VAR,neighbor,False,
2025-02-12 10:00:00,24.4,1005.5,53.0,AWS-VAR-101,Ramnagar,VAR,neighbor,False,
2025-02-12 11:00:00,26.5,1004.7,46.0,AWS-VAR-101,Ramnagar,VAR,neighbor,False,
2025-02-12 12:00:00,27.9,1003.4,42.0,AWS-VAR-101,Ramnagar,VAR,neighbor,False,
2025-02-12 13:00:00,28.7,1002.3,37.0,AWS-VAR-101,Ramnagar,VAR,neighbor,False,
2025-02-12 14:00:00,29.1,1001.5,34.0,AWS-VAR-101,Ramnagar,VAR,neighbor,False,
2025-02-12 15:00:00,28.9,1000.9,31.0,AWS-VAR-101,Ramnagar,VAR,neighbor,False,
2025-02-12 16:00:00,28.1,1000.8,33.0,AWS-VAR-101,Ramnagar,VAR,neighbor,False,
2025-02-12 17:00:00,26.6,1000.6,36.0,AWS-VAR-101,Ramnagar,VAR,neighbor,False,
2025-02-12 18:00:00,24.7,1001.3,41.0,AWS-VAR-101,Ramnagar,VAR,neighbor,False,
2025-02-12 19:00:00,23.0,1001.8,46.0,AWS-VAR-101,Ramnagar,VAR,neighbor,False,
2025-02-12 20:00:00,22.3,1002.3,41.0,AWS-VAR-101,Ramnagar,VAR,neighbor,False,
2025-02-12 21:00:00,21.9,1002.9,40.0,AWS-VAR-101,Ramnagar,VAR,neighbor,False,
2025-02-12 22:00:00,21.1,1003.5,46.0,AWS-VAR-101,Ramnagar,VAR,neighbor,False,
2025-02-12 23:00:00,,1003.3,52.0,AWS-VAR-101,Ramnagar,VAR,neighbor,True,dropout
2025-02-13 00:00:00,19.4,1002.9,56.0,AWS-VAR-101,Ramnagar,VAR,neighbor,False,
2025-02-13 01:00:00,18.5,1002.7,57.0,AWS-VAR-101,Ramnagar,VAR,neighbor,False,
2025-02-13 02:00:00,17.9,1002.5,56.0,AWS-VAR-101,Ramnagar,VAR,neighbor,False,
2025-02-13 03:00:00,17.0,1002.2,56.0,AWS-VAR-101,Ramnagar,VAR,neighbor,False,
2025-02-13 04:00:00,16.2,1002.6,57.0,AWS-VAR-101,Ramnagar,VAR,neighbor,False,
2025-02-13 05:00:00,15.5,1002.9,59.0,AWS-VAR-101,Ramnagar,VAR,neighbor,False,
2025-02-13 06:00:00,14.5,1004.2,73.0,AWS-VAR-101,Ramnagar,VAR,neighbor,False,
2025-02-13 07:00:00,15.0,1004.8,69.0,AWS-VAR-101,Ramnagar,VAR,neighbor,False,
2025-02-13 08:00:00,17.1,1005.6,62.0,AWS-VAR-101,Ramnagar,VAR,neighbor,False,
2025-02-13 09:00:00,19.5,1006.4,53.0,AWS-VAR-101,Ramnagar,VAR,neighbor,False,
2025-02-13 10:00:00,21.5,1006.1,44.0,AWS-VAR-101,Ramnagar,VAR,neighbor,False,
2025-02-13 11:00:00,22.9,1005.6,38.0,AWS-VAR-101,Ramnagar,VAR,neighbor,False,
2025-02-13 12:00:00,23.8,1004.4,37.0,AWS-VAR-101,Ramnagar,VAR,neighbor,False,
2025-02-13 13:00:00,24.8,1003.1,30.0,AWS-VAR-101,Ramnagar,VAR,neighbor,False,
2025-02-13 14:00:00,25.2,1002.0,28.0,AWS-VAR-101,Ramnagar,VAR,neighbor,False,
2025-02-13 15:00:00,25.2,1001.3,29.0,AWS-VAR-101,Ramnagar,VAR,neighbor,False,
2025-02-13 16:00:00,24.6,1001.0,30.0,AWS-VAR-101,Ramnagar,VAR,neighbor,False,
2025-02-13 17:00:00,22.7,1001.3,40.0,AWS-VAR-101,Ramnagar,VAR,neighbor,False,
2025-02-13 18:00:00,21.1,1002.3,46.0,AWS-VAR-101,Ramnagar,VAR,neighbor,False,
2025-02-13 19:00:00,20.1,1003.0,48.0,AWS-VAR-101,Ramnagar,VAR,neighbor,False,
2025-02-13 20:00:00,19.6,1003.6,49.0,AWS-VAR-101,Ramnagar,VAR,neighbor,False,
2025-02-13 21:00:00,19.1,1004.0,49.0,AWS-VAR-101,Ramnagar,VAR,neighbor,False,
2025-02-13 22:00:00,18.5,1004.2,51.0,AWS-VAR-101,Ramnagar,VAR,neighbor,False,
2025-02-13 23:00:00,17.7,1003.8,54.0,AWS-VAR-101,Ramnagar,VAR,neighbor,False,
2025-02-14 00:00:00,16.9,1003.2,57.0,AWS-VAR-101,Ramnagar,VAR,neighbor,False,
2025-02-14 01:00:00,16.5,1002.8,57.0,AWS-VAR-101,Ramnagar,VAR,neighbor,False,
2025-02-14 02:00:00,16.1,1002.2,57.0,AWS-VAR-101,Ramnagar,VAR,neighbor,False,
2025-02-14 03:00:00,15.7,1002.1,57.0,AWS-VAR-101,Ramnagar,VAR,neighbor,False,
2025-02-14 04:00:00,15.2,1001.9,58.0,AWS-VAR-101,Ramnagar,VAR,neighbor,False,
2025-02-14 05:00:00,14.7,1002.3,58.0,AWS-VAR-101,Ramnagar,VAR,neighbor,False,
2025-02-14 06:00:00,13.4,1003.7,69.0,AWS-VAR-101,Ramnagar,VAR,neighbor,False,
2025-02-14 07:00:00,14.2,1004.6,64.0,AWS-VAR-101,Ramnagar,VAR,neighbor,False,
2025-02-14 08:00:00,16.4,1005.3,58.0,AWS-VAR-101,Ramnagar,VAR,neighbor,False,
2025-02-14 09:00:00,19.1,1005.5,49.0,AWS-VAR-101,Ramnagar,VAR,neighbor,False,
2025-02-14 10:00:00,21.3,1005.1,40.0,AWS-VAR-101,Ramnagar,VAR,neighbor,False,
2025-02-14 11:00:00,23.3,1004.3,33.0,AWS-VAR-101,Ramnagar,VAR,neighbor,False,
2025-02-14 12:00:00,24.5,1003.0,31.0,AWS-VAR-101,Ramnagar,VAR,neighbor,False,
2025-02-14 13:00:00,25.8,1001.9,27.0,AWS-VAR-101,Ramnagar,VAR,neighbor,False,
2025-02-14 14:00:00,26.4,1000.9,23.0,AWS-VAR-101,Ramnagar,VAR,neighbor,False,
2025-02-14 15:00:00,26.6,1000.2,22.0,AWS-VAR-101,Ramnagar,VAR,neighbor,False,
2025-02-14 16:00:00,25.6,1000.0,26.0,AWS-VAR-101,Ramnagar,VAR,neighbor,False,
2025-02-14 17:00:00,23.6,1000.3,33.0,AWS-VAR-101,Ramnagar,VAR,neighbor,False,
2025-02-14 18:00:00,21.4,1000.9,44.0,AWS-VAR-101,Ramnagar,VAR,neighbor,False,
2025-02-14 19:00:00,20.7,1001.4,44.0,AWS-VAR-101,Ramnagar,VAR,neighbor,False,
2025-02-14 20:00:00,20.3,1002.2,43.0,AWS-VAR-101,Ramnagar,VAR,neighbor,False,
2025-02-14 21:00:00,19.8,1002.5,44.0,AWS-VAR-101,Ramnagar,VAR,neighbor,False,
2025-02-14 22:00:00,19.1,1002.7,46.0,AWS-VAR-101,Ramnagar,VAR,neighbor,False,
2025-02-14 23:00:00,18.6,1002.6,47.0,AWS-VAR-101,Ramnagar,VAR,neighbor,False,
2025-02-15 00:00:00,17.8,1002.0,49.0,AWS-VAR-101,Ramnagar,VAR,neighbor,False,
2025-02-15 01:00:00,17.2,1001.5,50.0,AWS-VAR-101,Ramnagar,VAR,neighbor,False,
2025-02-15 02:00:00,16.7,1000.9,52.0,AWS-VAR-101,Ramnagar,VAR,neighbor,False,
2025-02-15 03:00:00,16.1,1000.7,54.0,AWS-VAR-101,Ramnagar,VAR,neighbor,False,
2025-02-15 04:00:00,15.6,1000.8,56.0,AWS-VAR-101,Ramnagar,VAR,neighbor,False,
2025-02-15 05:00:00,15.1,1001.1,58.0,AWS-VAR-101,Ramnagar,VAR,neighbor,False,
2025-02-15 06:00:00,14.3,1002.4,67.0,AWS-VAR-101,Ramnagar,VAR,neighbor,False,
2025-02-15 07:00:00,15.3,1003.4,64.0,AWS-VAR-101,Ramnagar,VAR,neighbor,False,
2025-02-15 08:00:00,18.0,1004.2,58.0,AWS-VAR-101,Ramnagar,VAR,neighbor,False,
2025-02-15 09:00:00,21.2,1004.9,49.0,AWS-VAR-101,Ramnagar,VAR,neighbor,False,
2025-02-15 10:00:00,23.9,1004.5,42.0,AWS-VAR-101,Ramnagar,VAR,neighbor,False,
2025-02-15 11:00:00,25.8,1003.7,34.0,AWS-VAR-101,Ramnagar,VAR,neighbor,False,
2025-02-15 12:00:00,27.1,1002.7,28.0,AWS-VAR-101,Ramnagar,VAR,neighbor,False,
2025-02-15 13:00:00,27.7,1001.7,26.0,AWS-VAR-101,Ramnagar,VAR,neighbor,False,
2025-02-15 14:00:00,67.9,1000.7,27.0,AWS-VAR-101,Ramnagar,VAR,neighbor,True,impossible_jump
2025-02-15 15:00:00,27.6,999.9,28.0,AWS-VAR-101,Ramnagar,VAR,neighbor,False,
2025-02-15 16:00:00,26.9,999.9,30.0,AWS-VAR-101,Ramnagar,VAR,neighbor,False,
2025-02-15 17:00:00,25.0,999.8,40.0,AWS-VAR-101,Ramnagar,VAR,neighbor,False,
2025-02-15 18:00:00,23.3,1000.4,40.0,AWS-VAR-101,Ramnagar,VAR,neighbor,False,
2025-02-15 19:00:00,22.8,1000.6,44.0,AWS-VAR-101,Ramnagar,VAR,neighbor,False,
2025-02-15 20:00:00,20.8,1001.3,54.0,AWS-VAR-101,Ramnagar,VAR,neighbor,False,
2025-02-15 21:00:00,19.0,1002.0,62.0,AWS-VAR-101,Ramnagar,VAR,neighbor,False,
2025-02-15 22:00:00,17.9,1002.2,68.0,AWS-VAR-101,Ramnagar,VAR,neighbor,False,
2025-02-15 23:00:00,17.9,1001.4,68.0,AWS-VAR-101,Ramnagar,VAR,neighbor,False,
2025-02-16 00:00:00,17.5,1001.0,69.0,AWS-VAR-101,Ramnagar,VAR,neighbor,False,
2025-02-16 01:00:00,16.6,1000.3,74.0,AWS-VAR-101,Ramnagar,VAR,neighbor,False,
2025-02-16 02:00:00,16.0,999.9,77.0,AWS-VAR-101,Ramnagar,VAR,neighbor,False,
2025-02-16 03:00:00,15.9,999.8,77.0,AWS-VAR-101,Ramnagar,VAR,neighbor,False,
2025-02-16 04:00:00,15.5,1000.1,78.0,AWS-VAR-101,Ramnagar,VAR,neighbor,False,
2025-02-16 05:00:00,15.0,1000.8,80.0,AWS-VAR-101,Ramnagar,VAR,neighbor,False,
2025-02-16 06:00:00,15.3,1001.9,79.0,AWS-VAR-101,Ramnagar,VAR,neighbor,False,
2025-02-16 07:00:00,16.3,1002.5,74.0,AWS-VAR-101,Ramnagar,VAR,neighbor,False,
2025-02-16 08:00:00,18.6,1003.3,66.0,AWS-VAR-101,Ramnagar,VAR,neighbor,False,
2025-02-16 09:00:00,21.5,1004.1,57.0,AWS-VAR-101,Ramnagar,VAR,neighbor,False,
2025-02-16 10:00:00,24.2,1003.9,48.0,AWS-VAR-101,Ramnagar,VAR,neighbor,False,
2025-02-16 11:00:00,26.4,1003.3,40.0,AWS-VAR-101,Ramnagar,VAR,neighbor,False,
2025-02-16 12:00:00,27.8,1002.1,36.0,AWS-VAR-101,Ramnagar,VAR,neighbor,False,
2025-02-16 13:00:00,28.7,1000.9,35.0,AWS-VAR-101,Ramnagar,VAR,neighbor,False,
2025-02-16 14:00:00,29.1,1000.0,35.0,AWS-VAR-101,Ramnagar,VAR,neighbor,False,
2025-02-16 15:00:00,29.0,999.8,36.0,AWS-VAR-101,Ramnagar,VAR,neighbor,False,
2025-02-16 16:00:00,28.3,1000.1,38.0,AWS-VAR-101,Ramnagar,VAR,neighbor,False,
2025-02-16 17:00:00,26.3,1000.5,43.0,AWS-VAR-101,Ramnagar,VAR,neighbor,False,
2025-02-16 18:00:00,24.6,1001.3,48.0,AWS-VAR-101,Ramnagar,VAR,neighbor,False,
2025-02-16 19:00:00,23.5,1002.2,54.0,AWS-VAR-101,Ramnagar,VAR,neighbor,False,
2025-02-16 20:00:00,22.1,1003.1,60.0,AWS-VAR-101,Ramnagar,VAR,neighbor,False,
2025-02-16 21:00:00,20.9,1003.7,65.0,AWS-VAR-101,Ramnagar,VAR,neighbor,False,
2025-02-16 22:00:00,20.0,1004.0,69.0,AWS-VAR-101,Ramnagar,VAR,neighbor,False,
2025-02-16 23:00:00,19.4,1004.0,72.0,AWS-VAR-101,Ramnagar,VAR,neighbor,False,
2025-02-17 00:00:00,18.9,1004.1,72.0,AWS-VAR-101,Ramnagar,VAR,neighbor,False,
2025-02-17 01:00:00,17.8,1004.5,77.0,AWS-VAR-101,Ramnagar,VAR,neighbor,False,
2025-02-17 02:00:00,57.4,1003.8,79.0,AWS-VAR-101,Ramnagar,VAR,neighbor,True,impossible_jump
2025-02-17 03:00:00,17.3,1003.7,79.0,AWS-VAR-101,Ramnagar,VAR,neighbor,False,
2025-02-17 04:00:00,17.0,1003.6,79.0,AWS-VAR-101,Ramnagar,VAR,neighbor,False,
2025-02-17 05:00:00,16.5,1003.9,81.0,AWS-VAR-101,Ramnagar,VAR,neighbor,False,
2025-02-17 06:00:00,16.8,1004.7,81.0,AWS-VAR-101,Ramnagar,VAR,neighbor,False,
2025-02-17 07:00:00,17.6,1005.8,78.0,AWS-VAR-101,Ramnagar,VAR,neighbor,False,
2025-02-17 08:00:00,20.1,1006.5,69.0,AWS-VAR-101,Ramnagar,VAR,neighbor,False,
2025-02-17 09:00:00,22.9,1007.2,58.0,AWS-VAR-101,Ramnagar,VAR,neighbor,False,
2025-02-17 10:00:00,25.4,1006.9,49.0,AWS-VAR-101,Ramnagar,VAR,neighbor,False,
2025-02-17 11:00:00,27.3,1006.4,41.0,AWS-VAR-101,Ramnagar,VAR,neighbor,False,
2025-02-17 12:00:00,28.4,1005.4,37.0,AWS-VAR-101,Ramnagar,VAR,neighbor,False,
2025-02-17 13:00:00,28.9,1004.6,35.0,AWS-VAR-101,Ramnagar,VAR,neighbor,False,
2025-02-17 14:00:00,29.0,1003.7,34.0,AWS-VAR-101,Ramnagar,VAR,neighbor,False,
2025-02-17 15:00:00,28.9,1003.1,34.0,AWS-VAR-101,Ramnagar,VAR,neighbor,False,
2025-02-17 16:00:00,28.4,1003.1,35.0,AWS-VAR-101,Ramnagar,VAR,neighbor,False,
2025-02-17 17:00:00,26.5,1003.2,50.0,AWS-VAR-101,Ramnagar,VAR,neighbor,False,
2025-02-17 18:00:00,24.0,1003.6,50.0,AWS-VAR-101,Ramnagar,VAR,neighbor,False,
2025-02-17 19:00:00,23.1,1004.6,50.0,AWS-VAR-101,Ramnagar,VAR,neighbor,False,
2025-02-17 20:00:00,22.7,1005.2,53.0,AWS-VAR-101,Ramnagar,VAR,neighbor,False,
2025-02-17 21:00:00,21.9,1005.6,57.0,AWS-VAR-101,Ramnagar,VAR,neighbor,False,
2025-02-17 22:00:00,21.1,1005.6,59.0,AWS-VAR-101,Ramnagar,VAR,neighbor,False,
2025-02-17 23:00:00,20.0,1005.3,64.0,AWS-VAR-101,Ramnagar,VAR,neighbor,False,
2025-02-18 00:00:00,18.4,1004.5,72.0,AWS-VAR-101,Ramnagar,VAR,neighbor,False,
2025-02-18 01:00:00,17.7,1004.0,76.0,AWS-VAR-101,Ramnagar,VAR,neighbor,False,
2025-02-18 02:00:00,17.0,1003.3,79.0,AWS-VAR-101,Ramnagar,VAR,neighbor,False,
2025-02-18 03:00:00,16.5,1003.0,81.0,AWS-VAR-101,Ramnagar,VAR,neighbor,False,
2025-02-18 04:00:00,16.0,1003.2,83.0,AWS-VAR-101,Ramnagar,VAR,neighbor,False,
2025-02-18 05:00:00,16.1,1003.5,82.0,AWS-VAR-101,Ramnagar,VAR,neighbor,False,
2025-02-18 06:00:00,15.4,1005.0,89.0,AWS-VAR-101,Ramnagar,VAR,neighbor,False,
2025-02-18 07:00:00,16.6,1006.0,85.0,AWS-VAR-101,Ramnagar,VAR,neighbor,False,
2025-02-18 08:00:00,19.5,1006.6,72.0,AWS-VAR-101,Ramnagar,VAR,neighbor,False,
2025-02-18 09:00:00,22.7,1007.0,60.0,AWS-VAR-101,Ramnagar,VAR,neighbor,False,
2025-02-18 10:00:00,25.2,1007.2,50.0,AWS-VAR-101,Ramnagar,VAR,neighbor,False,
2025-02-18 11:00:00,26.8,1006.2,44.0,AWS-VAR-101,Ramnagar,VAR,neighbor,False,
2025-02-18 12:00:00,27.8,1005.0,40.0,AWS-VAR-101,Ramnagar,VAR,neighbor,False,
2025-02-18 13:00:00,28.5,1003.9,36.0,AWS-VAR-101,Ramnagar,VAR,neighbor,False,
2025-02-18 14:00:00,28.9,1002.8,32.0,AWS-VAR-101,Ramnagar,VAR,neighbor,False,
2025-02-18 15:00:00,28.8,1002.4,31.0,AWS-VAR-101,Ramnagar,VAR,neighbor,False,
2025-02-18 16:00:00,28.2,1002.3,33.0,AWS-VAR-101,Ramnagar,VAR,neighbor,False,
2025-02-18 17:00:00,26.2,1002.4,44.0,AWS-VAR-101,Ramnagar,VAR,neighbor,False,
2025-02-18 18:00:00,25.2,1002.5,49.0,AWS-VAR-101,Ramnagar,VAR,neighbor,False,
2025-02-18 19:00:00,24.2,1002.9,53.0,AWS-VAR-101,Ramnagar,VAR,neighbor,False,
2025-02-18 20:00:00,22.7,1003.2,55.0,AWS-VAR-101,Ramnagar,VAR,neighbor,False,
2025-02-18 21:00:00,22.8,1004.0,51.0,AWS-VAR-101,Ramnagar,VAR,neighbor,False,
2025-02-18 22:00:00,22.6,1004.6,51.0,AWS-VAR-101,Ramnagar,VAR,neighbor,False,
2025-02-18 23:00:00,21.9,1004.5,54.0,AWS-VAR-101,Ramnagar,VAR,neighbor,False,
2025-02-19 00:00:00,20.8,1003.8,60.0,AWS-VAR-101,Ramnagar,VAR,neighbor,False,
2025-02-19 01:00:00,19.4,1003.3,67.0,AWS-VAR-101,Ramnagar,VAR,neighbor,False,
2025-02-19 02:00:00,18.2,1002.9,71.0,AWS-VAR-101,Ramnagar,VAR,neighbor,False,
2025-02-19 03:00:00,17.2,1002.5,77.0,AWS-VAR-101,Ramnagar,VAR,neighbor,False,
2025-02-19 04:00:00,16.5,1002.5,80.0,AWS-VAR-101,Ramnagar,VAR,neighbor,False,
2025-02-19 05:00:00,16.0,1002.8,82.0,AWS-VAR-101,Ramnagar,VAR,neighbor,False,
2025-02-19 06:00:00,16.3,1004.1,87.0,AWS-VAR-101,Ramnagar,VAR,neighbor,False,
2025-02-19 07:00:00,18.0,1004.6,79.0,AWS-VAR-101,Ramnagar,VAR,neighbor,False,
2025-02-19 08:00:00,21.0,1005.6,67.0,AWS-VAR-101,Ramnagar,VAR,neighbor,False,
2025-02-19 09:00:00,23.9,1006.2,55.0,AWS-VAR-101,Ramnagar,VAR,neighbor,False,
2025-02-19 10:00:00,26.0,1005.8,42.0,AWS-VAR-101,Ramnagar,VAR,neighbor,False,
2025-02-19 11:00:00,27.3,1005.1,36.0,AWS-VAR-101,Ramnagar,VAR,neighbor,False,
2025-02-19 12:00:00,28.3,1004.0,33.0,AWS-VAR-101,Ramnagar,VAR,neighbor,False,
2025-02-19 13:00:00,28.6,1002.4,33.0,AWS-VAR-101,Ramnagar,VAR,neighbor,False,
2025-02-19 14:00:00,28.8,1001.2,33.0,AWS-VAR-101,Ramnagar,VAR,neighbor,False,
2025-02-19 15:00:00,28.6,1000.7,32.0,AWS-VAR-101,Ramnagar,VAR,neighbor,False,
2025-02-19 16:00:00,28.2,1000.5,32.0,AWS-VAR-101,Ramnagar,VAR,neighbor,False,
2025-02-19 17:00:00,26.6,1000.8,45.0,AWS-VAR-101,Ramnagar,VAR,neighbor,False,
2025-02-19 18:00:00,24.8,1001.8,41.0,AWS-VAR-101,Ramnagar,VAR,neighbor,False,
2025-02-19 19:00:00,24.6,1002.4,41.0,AWS-VAR-101,Ramnagar,VAR,neighbor,False,
2025-02-19 20:00:00,24.2,1002.9,43.0,AWS-VAR-101,Ramnagar,VAR,neighbor,False,
2025-02-19 21:00:00,23.4,1003.1,46.0,AWS-VAR-101,Ramnagar,VAR,neighbor,False,
2025-02-19 22:00:00,21.5,1003.4,52.0,AWS-VAR-101,Ramnagar,VAR,neighbor,False,
2025-02-19 23:00:00,20.4,1003.5,57.0,AWS-VAR-101,Ramnagar,VAR,neighbor,False,
2025-02-20 00:00:00,19.2,1003.4,62.0,AWS-VAR-101,Ramnagar,VAR,neighbor,False,
2025-02-20 01:00:00,-35.0,1003.1,64.0,AWS-VAR-101,Ramnagar,VAR,neighbor,True,sensor_fail_low
2025-02-20 02:00:00,-35.0,1002.5,66.0,AWS-VAR-101,Ramnagar,VAR,neighbor,True,sensor_fail_low
2025-02-20 03:00:00,-35.0,1002.5,67.0,AWS-VAR-101,Ramnagar,VAR,neighbor,True,sensor_fail_low
2025-02-20 04:00:00,17.5,1002.6,69.0,AWS-VAR-101,Ramnagar,VAR,neighbor,False,
2025-02-20 05:00:00,17.3,1003.2,69.0,AWS-VAR-101,Ramnagar,VAR,neighbor,True,frozen_value
2025-02-20 06:00:00,17.3,1003.2,69.0,AWS-VAR-101,Ramnagar,VAR,neighbor,True,frozen_value
2025-02-20 07:00:00,17.3,1003.2,69.0,AWS-VAR-101,Ramnagar,VAR,neighbor,True,frozen_value
2025-02-20 08:00:00,17.3,1003.2,69.0,AWS-VAR-101,Ramnagar,VAR,neighbor,True,frozen_value
2025-02-20 09:00:00,17.3,1003.2,69.0,AWS-VAR-101,Ramnagar,VAR,neighbor,True,frozen_value
2025-02-20 10:00:00,17.3,1003.2,69.0,AWS-VAR-101,Ramnagar,VAR,neighbor,True,frozen_value
2025-02-20 11:00:00,17.3,1003.2,69.0,AWS-VAR-101,Ramnagar,VAR,neighbor,True,frozen_value
2025-02-20 12:00:00,17.3,1003.2,69.0,AWS-VAR-101,Ramnagar,VAR,neighbor,True,frozen_value
2025-02-20 13:00:00,17.3,1003.2,69.0,AWS-VAR-101,Ramnagar,VAR,neighbor,True,frozen_value
2025-02-20 14:00:00,17.3,1003.2,69.0,AWS-VAR-101,Ramnagar,VAR,neighbor,True,frozen_value
2025-02-20 15:00:00,17.3,1003.2,69.0,AWS-VAR-101,Ramnagar,VAR,neighbor,True,frozen_value
2025-02-20 16:00:00,17.3,1003.2,69.0,AWS-VAR-101,Ramnagar,VAR,neighbor,True,frozen_value
2025-02-20 17:00:00,17.3,1003.2,69.0,AWS-VAR-101,Ramnagar,VAR,neighbor,True,frozen_value
2025-02-20 18:00:00,17.3,1003.2,69.0,AWS-VAR-101,Ramnagar,VAR,neighbor,True,frozen_value
2025-02-20 19:00:00,17.3,1003.2,69.0,AWS-VAR-101,Ramnagar,VAR,neighbor,True,frozen_value
2025-02-20 20:00:00,17.3,1003.2,69.0,AWS-VAR-101,Ramnagar,VAR,neighbor,True,frozen_value
2025-02-20 21:00:00,17.3,1003.2,69.0,AWS-VAR-101,Ramnagar,VAR,neighbor,True,frozen_value
2025-02-20 22:00:00,17.3,1003.2,69.0,AWS-VAR-101,Ramnagar,VAR,neighbor,True,frozen_value
2025-02-20 23:00:00,17.3,1003.2,69.0,AWS-VAR-101,Ramnagar,VAR,neighbor,True,frozen_value
2025-02-21 00:00:00,17.3,1003.2,69.0,AWS-VAR-101,Ramnagar,VAR,neighbor,True,frozen_value
2025-02-21 01:00:00,17.3,1003.2,69.0,AWS-VAR-101,Ramnagar,VAR,neighbor,True,frozen_value
2025-02-21 02:00:00,17.3,1003.2,69.0,AWS-VAR-101,Ramnagar,VAR,neighbor,True,frozen_value
2025-02-21 03:00:00,17.3,1003.2,69.0,AWS-VAR-101,Ramnagar,VAR,neighbor,True,frozen_value
2025-02-21 04:00:00,17.3,1003.2,69.0,AWS-VAR-101,Ramnagar,VAR,neighbor,True,frozen_value
2025-02-21 05:00:00,17.3,1003.2,69.0,AWS-VAR-101,Ramnagar,VAR,neighbor,True,frozen_value
2025-02-21 06:00:00,17.3,1200.0,69.0,AWS-VAR-101,Ramnagar,VAR,neighbor,True,physical_bounds
2025-02-21 07:00:00,17.3,1003.2,69.0,AWS-VAR-101,Ramnagar,VAR,neighbor,True,frozen_value
2025-02-21 08:00:00,17.3,1003.2,69.0,AWS-VAR-101,Ramnagar,VAR,neighbor,True,frozen_value
2025-02-21 09:00:00,17.3,1003.2,69.0,AWS-VAR-101,Ramnagar,VAR,neighbor,True,frozen_value
2025-02-21 10:00:00,17.3,1003.2,69.0,AWS-VAR-101,Ramnagar,VAR,neighbor,True,frozen_value
2025-02-21 11:00:00,17.3,1003.2,69.0,AWS-VAR-101,Ramnagar,VAR,neighbor,True,frozen_value
2025-02-21 12:00:00,17.3,1003.2,69.0,AWS-VAR-101,Ramnagar,VAR,neighbor,True,frozen_value
2025-02-21 13:00:00,17.3,1003.2,69.0,AWS-VAR-101,Ramnagar,VAR,neighbor,True,frozen_value
2025-02-21 14:00:00,17.3,1003.2,69.0,AWS-VAR-101,Ramnagar,VAR,neighbor,True,frozen_value
2025-02-21 15:00:00,17.3,1003.2,69.0,AWS-VAR-101,Ramnagar,VAR,neighbor,True,frozen_value
2025-02-21 16:00:00,17.3,1003.2,69.0,AWS-VAR-101,Ramnagar,VAR,neighbor,True,frozen_value
2025-02-21 17:00:00,17.3,1003.2,69.0,AWS-VAR-101,Ramnagar,VAR,neighbor,True,frozen_value
2025-02-21 18:00:00,17.3,1003.2,69.0,AWS-VAR-101,Ramnagar,VAR,neighbor,True,frozen_value
2025-02-21 19:00:00,17.3,1003.2,69.0,AWS-VAR-101,Ramnagar,VAR,neighbor,True,frozen_value
2025-02-21 20:00:00,17.3,1003.2,69.0,AWS-VAR-101,Ramnagar,VAR,neighbor,True,frozen_value
2025-02-21 21:00:00,17.3,1003.2,69.0,AWS-VAR-101,Ramnagar,VAR,neighbor,True,frozen_value
2025-02-21 22:00:00,17.3,1003.2,69.0,AWS-VAR-101,Ramnagar,VAR,neighbor,True,frozen_value
2025-02-21 23:00:00,17.3,1003.2,69.0,AWS-VAR-101,Ramnagar,VAR,neighbor,True,frozen_value
2025-02-22 00:00:00,17.3,1003.2,69.0,AWS-VAR-101,Ramnagar,VAR,neighbor,True,frozen_value
2025-02-22 01:00:00,19.3,1004.0,64.0,AWS-VAR-101,Ramnagar,VAR,neighbor,False,
2025-02-22 02:00:00,18.8,1003.7,67.0,AWS-VAR-101,Ramnagar,VAR,neighbor,False,
2025-02-22 03:00:00,18.1,1003.3,70.0,AWS-VAR-101,Ramnagar,VAR,neighbor,False,
2025-02-22 04:00:00,17.2,1003.6,74.0,AWS-VAR-101,Ramnagar,VAR,neighbor,False,
2025-02-22 05:00:00,16.7,1004.0,79.0,AWS-VAR-101,Ramnagar,VAR,neighbor,False,
2025-02-22 06:00:00,16.8,1005.0,87.0,AWS-VAR-101,Ramnagar,VAR,neighbor,False,
2025-02-22 07:00:00,18.5,1005.9,79.0,AWS-VAR-101,Ramnagar,VAR,neighbor,False,
2025-02-22 08:00:00,21.8,1006.8,67.0,AWS-VAR-101,Ramnagar,VAR,neighbor,False,
2025-02-22 09:00:00,24.8,1007.5,54.0,AWS-VAR-101,Ramnagar,VAR,neighbor,False,
2025-02-22 10:00:00,26.9,1007.6,101.0,AWS-VAR-101,Ramnagar,VAR,neighbor,True,impossible_jump
2025-02-22 11:00:00,28.4,1006.9,41.0,AWS-VAR-101,Ramnagar,VAR,neighbor,False,
2025-02-22 12:00:00,29.2,1006.0,37.0,AWS-VAR-101,Ramnagar,VAR,neighbor,False,
2025-02-22 13:00:00,29.2,1005.0,35.0,AWS-VAR-101,Ramnagar,VAR,neighbor,False,
2025-02-22 14:00:00,29.2,1004.0,36.0,AWS-VAR-101,Ramnagar,VAR,neighbor,False,
2025-02-22 15:00:00,28.8,1003.5,35.0,AWS-VAR-101,Ramnagar,VAR,neighbor,False,
2025-02-22 16:00:00,28.5,1003.2,35.0,AWS-VAR-101,Ramnagar,VAR,neighbor,False,
2025-02-22 17:00:00,27.3,1003.2,41.0,AWS-VAR-101,Ramnagar,VAR,neighbor,False,
2025-02-22 18:00:00,25.1,1004.1,47.0,AWS-VAR-101,Ramnagar,VAR,neighbor,False,
2025-02-22 19:00:00,24.2,1005.2,49.0,AWS-VAR-101,Ramnagar,VAR,neighbor,False,
2025-02-22 20:00:00,22.6,1005.9,55.0,AWS-VAR-101,Ramnagar,VAR,neighbor,False,
2025-02-22 21:00:00,21.6,1006.4,57.0,AWS-VAR-101,Ramnagar,VAR,neighbor,False,
2025-02-22 22:00:00,20.6,1006.8,58.0,AWS-VAR-101,Ramnagar,VAR,neighbor,False,
2025-02-22 23:00:00,20.2,1006.9,56.0,AWS-VAR-101,Ramnagar,VAR,neighbor,False,
2025-02-23 00:00:00,19.5,1006.6,59.0,AWS-VAR-101,Ramnagar,VAR,neighbor,False,
2025-02-23 01:00:00,18.6,1006.4,63.0,AWS-VAR-101,Ramnagar,VAR,neighbor,False,
2025-02-23 02:00:00,17.7,1006.0,67.0,AWS-VAR-101,Ramnagar,VAR,neighbor,False,
2025-02-23 03:00:00,16.9,1005.7,72.0,AWS-VAR-101,Ramnagar,VAR,neighbor,False,
2025-02-23 04:00:00,16.6,1005.9,73.0,AWS-VAR-101,Ramnagar,VAR,neighbor,False,
2025-02-23 05:00:00,16.3,1006.2,74.0,AWS-VAR-101,Ramnagar,VAR,neighbor,False,
2025-02-23 06:00:00,16.8,1007.2,78.0,AWS-VAR-101,Ramnagar,VAR,neighbor,False,
2025-02-23 07:00:00,17.6,1008.4,74.0,AWS-VAR-101,Ramnagar,VAR,neighbor,False,
2025-02-23 08:00:00,20.0,1009.2,65.0,AWS-VAR-101,Ramnagar,VAR,neighbor,False,
2025-02-23 09:00:00,22.6,1009.7,56.0,AWS-VAR-101,Ramnagar,VAR,neighbor,False,
2025-02-23 10:00:00,24.6,1009.6,48.0,AWS-VAR-101,Ramnagar,VAR,neighbor,False,
2025-02-23 11:00:00,26.1,1008.7,39.0,AWS-VAR-101,Ramnagar,VAR,neighbor,False,
2025-02-23 12:00:00,27.0,1007.6,34.0,AWS-VAR-101,Ramnagar,VAR,neighbor,False,
2025-02-23 13:00:00,27.5,1006.5,32.0,AWS-VAR-101,Ramnagar,VAR,neighbor,False,
2025-02-23 14:00:00,27.5,1005.5,32.0,AWS-VAR-101,Ramnagar,VAR,neighbor,False,
2025-02-23 15:00:00,27.5,1004.7,32.0,AWS-VAR-101,Ramnagar,VAR,neighbor,False,
2025-02-23 16:00:00,27.3,1004.4,30.0,AWS-VAR-101,Ramnagar,VAR,neighbor,False,
2025-02-23 17:00:00,25.9,1004.8,35.0,AWS-VAR-101,Ramnagar,VAR,neighbor,False,
2025-02-23 18:00:00,24.3,1005.7,37.0,AWS-VAR-101,Ramnagar,VAR,neighbor,False,
2025-02-23 19:00:00,23.4,1006.8,39.0,AWS-VAR-101,Ramnagar,VAR,neighbor,False,
2025-02-23 20:00:00,21.8,1007.4,44.0,AWS-VAR-101,Ramnagar,VAR,neighbor,False,
2025-02-23 21:00:00,20.7,1007.9,49.0,AWS-VAR-101,Ramnagar,VAR,neighbor,False,
2025-02-23 22:00:00,19.8,1008.2,51.0,AWS-VAR-101,Ramnagar,VAR,neighbor,False,
2025-02-23 23:00:00,18.1,1008.2,59.0,AWS-VAR-101,Ramnagar,VAR,neighbor,False,
2025-02-24 00:00:00,17.0,1007.9,64.0,AWS-VAR-101,Ramnagar,VAR,neighbor,False,
2025-02-24 01:00:00,16.7,1007.5,64.0,AWS-VAR-101,Ramnagar,VAR,neighbor,False,
2025-02-24 02:00:00,16.0,1007.1,67.0,AWS-VAR-101,Ramnagar,VAR,neighbor,False,
2025-02-24 03:00:00,15.5,1006.8,72.0,AWS-VAR-101,Ramnagar,VAR,neighbor,False,
2025-02-24 04:00:00,14.8,1006.8,77.0,AWS-VAR-101,Ramnagar,VAR,neighbor,False,
2025-02-24 05:00:00,14.7,1007.4,79.0,AWS-VAR-101,Ramnagar,VAR,neighbor,False,
2025-02-24 06:00:00,14.6,1008.6,86.0,AWS-VAR-101,Ramnagar,VAR,neighbor,False,
2025-02-24 07:00:00,16.5,1009.3,77.0,AWS-VAR-101,Ramnagar,VAR,neighbor,False,
2025-02-24 08:00:00,19.9,1010.3,63.0,AWS-VAR-101,Ramnagar,VAR,neighbor,False,
2025-02-24 09:00:00,23.4,1011.0,50.0,AWS-VAR-101,Ramnagar,VAR,neighbor,False,
2025-02-24 10:00:00,25.7,1010.7,41.0,AWS-VAR-101,Ramnagar,VAR,neighbor,False,
2025-02-24 11:00:00,26.9,1010.1,36.0,AWS-VAR-101,Ramnagar,VAR,neighbor,False,
2025-02-24 12:00:00,27.6,1008.8,32.0,AWS-VAR-101,Ramnagar,VAR,neighbor,False,
2025-02-24 13:00:00,28.1,1007.4,31.0,AWS-VAR-101,Ramnagar,VAR,neighbor,False,
2025-02-24 14:00:00,28.1,1006.1,29.0,AWS-VAR-101,Ramnagar,VAR,neighbor,False,
2025-02-24 15:00:00,27.8,1005.4,31.0,AWS-VAR-101,Ramnagar,VAR,neighbor,False,
2025-02-24 16:00:00,27.3,1005.3,32.0,AWS-VAR-101,Ramnagar,VAR,neighbor,False,
2025-02-24 17:00:00,25.8,1005.6,38.0,AWS-VAR-101,Ramnagar,VAR,neighbor,False,
2025-02-24 18:00:00,24.2,1006.4,45.0,AWS-VAR-101,Ramnagar,VAR,neighbor,False,
2025-02-24 19:00:00,23.0,1007.2,44.0,AWS-VAR-101,Ramnagar,VAR,neighbor,False,
2025-02-24 20:00:00,21.7,1007.9,48.0,AWS-VAR-101,Ramnagar,VAR,neighbor,False,
2025-02-24 21:00:00,20.8,1008.5,52.0,AWS-VAR-101,Ramnagar,VAR,neighbor,False,
2025-02-24 22:00:00,20.3,1008.9,53.0,AWS-VAR-101,Ramnagar,VAR,neighbor,False,
2025-02-24 23:00:00,18.9,1008.7,58.0,AWS-VAR-101,Ramnagar,VAR,neighbor,False,
2025-02-25 00:00:00,16.9,1008.0,70.0,AWS-VAR-101,Ramnagar,VAR,neighbor,False,
2025-02-25 01:00:00,16.5,1007.5,72.0,AWS-VAR-101,Ramnagar,VAR,neighbor,False,
2025-02-25 02:00:00,15.6,1006.9,77.0,AWS-VAR-101,Ramnagar,VAR,neighbor,False,
2025-02-25 03:00:00,15.2,1006.7,80.0,AWS-VAR-101,Ramnagar,VAR,neighbor,False,
2025-02-25 04:00:00,14.9,1006.6,82.0,AWS-VAR-101,Ramnagar,VAR,neighbor,False,
2025-02-25 05:00:00,15.0,1007.3,79.0,AWS-VAR-101,Ramnagar,VAR,neighbor,False,
2025-02-25 06:00:00,14.8,1008.5,89.0,AWS-VAR-101,Ramnagar,VAR,neighbor,False,
2025-02-25 07:00:00,16.7,1009.3,79.0,AWS-VAR-101,Ramnagar,VAR,neighbor,False,
2025-02-25 08:00:00,19.7,1010.2,65.0,AWS-VAR-101,Ramnagar,VAR,neighbor,False,
2025-02-25 09:00:00,22.2,1011.0,55.0,AWS-VAR-101,Ramnagar,VAR,neighbor,False,
2025-02-25 10:00:00,25.3,1011.0,41.0,AWS-VAR-101,Ramnagar,VAR,neighbor,False,
2025-02-25 11:00:00,26.9,1010.7,34.0,AWS-VAR-101,Ramnagar,VAR,neighbor,False,
2025-02-25 12:00:00,-35.0,1009.7,32.0,AWS-VAR-101,Ramnagar,VAR,neighbor,True,sensor_fail_low
2025-02-25 13:00:00,-35.0,1008.6,28.0,AWS-VAR-101,Ramnagar,VAR,neighbor,True,sensor_fail_low
2025-02-25 14:00:00,-35.0,1007.4,25.0,AWS-VAR-101,Ramnagar,VAR,neighbor,True,sensor_fail_low
2025-02-25 15:00:00,28.0,1007.2,28.0,AWS-VAR-101,Ramnagar,VAR,neighbor,False,
2025-02-25 16:00:00,27.3,1007.2,30.0,AWS-VAR-101,Ramnagar,VAR,neighbor,False,
2025-02-25 17:00:00,25.7,1007.3,34.0,AWS-VAR-101,Ramnagar,VAR,neighbor,False,
2025-02-25 18:00:00,23.6,1200.0,40.0,AWS-VAR-101,Ramnagar,VAR,neighbor,True,physical_bounds
2025-02-25 19:00:00,22.5,1009.4,43.0,AWS-VAR-101,Ramnagar,VAR,neighbor,False,
2025-02-25 20:00:00,22.2,1010.1,45.0,AWS-VAR-101,Ramnagar,VAR,neighbor,False,
2025-02-25 21:00:00,20.8,1010.3,49.0,AWS-VAR-101,Ramnagar,VAR,neighbor,False,
2025-02-25 22:00:00,19.8,1010.4,52.0,AWS-VAR-101,Ramnagar,VAR,neighbor,False,
2025-02-25 23:00:00,18.7,1009.9,58.0,AWS-VAR-101,Ramnagar,VAR,neighbor,False,
2025-02-26 00:00:00,16.9,1009.6,68.0,AWS-VAR-101,Ramnagar,VAR,neighbor,False,
2025-02-26 01:00:00,15.7,1008.9,77.0,AWS-VAR-101,Ramnagar,VAR,neighbor,False,
2025-02-26 02:00:00,15.0,1008.1,80.0,AWS-VAR-101,Ramnagar,VAR,neighbor,False,
2025-02-26 03:00:00,14.9,1007.9,80.0,AWS-VAR-101,Ramnagar,VAR,neighbor,False,
2025-02-26 04:00:00,15.0,1007.9,80.0,AWS-VAR-101,Ramnagar,VAR,neighbor,False,
2025-02-26 05:00:00,14.9,1008.4,81.0,AWS-VAR-101,Ramnagar,VAR,neighbor,False,
2025-02-26 06:00:00,14.4,1010.0,89.0,AWS-VAR-101,Ramnagar,VAR,neighbor,False,
2025-02-26 07:00:00,15.9,1011.1,81.0,AWS-VAR-101,Ramnagar,VAR,neighbor,False,
2025-02-26 08:00:00,19.2,1012.0,67.0,AWS-VAR-101,Ramnagar,VAR,neighbor,False,
2025-02-26 09:00:00,22.4,1012.4,53.0,AWS-VAR-101,Ramnagar,VAR,neighbor,False,
2025-02-26 10:00:00,24.7,1012.4,44.0,AWS-VAR-101,Ramnagar,VAR,neighbor,False,
2025-02-26 11:00:00,26.1,1010.9,38.0,AWS-VAR-101,Ramnagar,VAR,neighbor,False,
2025-02-26 12:00:00,27.3,1009.8,35.0,AWS-VAR-101,Ramnagar,VAR,neighbor,False,
2025-02-26 13:00:00,28.0,1007.9,32.0,AWS-VAR-101,Ramnagar,VAR,neighbor,False,
2025-02-26 14:00:00,28.3,1006.7,30.0,AWS-VAR-101,Ramnagar,VAR,neighbor,False,
2025-02-26 15:00:00,28.0,1006.3,28.0,AWS-VAR-101,Ramnagar,VAR,neighbor,False,
2025-02-26 16:00:00,27.7,1005.9,28.0,AWS-VAR-101,Ramnagar,VAR,neighbor,False,
2025-02-26 17:00:00,25.9,1005.8,34.0,AWS-VAR-101,Ramnagar,VAR,neighbor,False,
2025-02-26 18:00:00,23.8,1006.3,37.0,AWS-VAR-101,Ramnagar,VAR,neighbor,False,
2025-02-26 19:00:00,23.1,1007.2,38.0,AWS-VAR-101,Ramnagar,VAR,neighbor,False,
2025-02-26 20:00:00,21.8,1007.9,45.0,AWS-VAR-101,Ramnagar,VAR,neighbor,False,
2025-02-26 21:00:00,21.0,1008.4,54.0,AWS-VAR-101,Ramnagar,VAR,neighbor,False,
2025-02-26 22:00:00,19.8,1008.9,62.0,AWS-VAR-101,Ramnagar,VAR,neighbor,False,
2025-02-26 23:00:00,18.9,1008.5,66.0,AWS-VAR-101,Ramnagar,VAR,neighbor,False,
2025-02-27 00:00:00,17.7,1007.8,72.0,AWS-VAR-101,Ramnagar,VAR,neighbor,False,
2025-02-27 01:00:00,17.0,1007.1,76.0,AWS-VAR-101,Ramnagar,VAR,neighbor,False,
2025-02-27 02:00:00,16.7,1006.3,76.0,AWS-VAR-101,Ramnagar,VAR,neighbor,False,
2025-02-27 03:00:00,16.5,1005.9,76.0,AWS-VAR-101,Ramnagar,VAR,neighbor,False,
2025-02-27 04:00:00,16.1,1005.6,76.0,AWS-VAR-101,Ramnagar,VAR,neighbor,False,
2025-02-27 05:00:00,16.0,1005.9,75.0,AWS-VAR-101,Ramnagar,VAR,neighbor,False,
2025-02-27 06:00:00,15.5,1006.8,82.0,AWS-VAR-101,Ramnagar,VAR,neighbor,False,
2025-02-27 07:00:00,17.5,1007.7,71.0,AWS-VAR-101,Ramnagar,VAR,neighbor,False,
2025-02-27 08:00:00,21.0,1008.5,58.0,AWS-VAR-101,Ramnagar,VAR,neighbor,False,
2025-02-27 09:00:00,24.8,1009.1,46.0,AWS-VAR-101,Ramnagar,VAR,neighbor,False,
2025-02-27 10:00:00,27.4,1008.7,39.0,AWS-VAR-101,Ramnagar,VAR,neighbor,False,
2025-02-27 11:00:00,28.9,1007.6,36.0,AWS-VAR-101,Ramnagar,VAR,neighbor,False,
2025-02-27 12:00:00,29.8,1006.4,33.0,AWS-VAR-101,Ramnagar,VAR,neighbor,False,
2025-02-27 13:00:00,30.0,1005.0,33.0,AWS-VAR-101,Ramnagar,VAR,neighbor,False,
2025-02-27 14:00:00,30.6,1003.6,32.0,AWS-VAR-101,Ramnagar,VAR,neighbor,False,
2025-02-27 15:00:00,30.5,1002.9,32.0,AWS-VAR-101,Ramnagar,VAR,neighbor,False,
2025-02-27 16:00:00,30.1,1003.0,32.0,AWS-VAR-101,Ramnagar,VAR,neighbor,False,
2025-02-27 17:00:00,28.2,1003.3,42.0,AWS-VAR-101,Ramnagar,VAR,neighbor,False,
2025-02-27 18:00:00,26.8,1003.9,45.0,AWS-VAR-101,Ramnagar,VAR,neighbor,False,
2025-02-27 19:00:00,25.4,1004.7,49.0,AWS-VAR-101,Ramnagar,VAR,neighbor,False,
2025-02-27 20:00:00,24.3,1005.3,51.0,AWS-VAR-101,Ramnagar,VAR,neighbor,False,
2025-02-27 21:00:00,22.9,1005.7,59.0,AWS-VAR-101,Ramnagar,VAR,neighbor,False,
2025-02-27 22:00:00,21.7,1005.5,62.0,AWS-VAR-101,Ramnagar,VAR,neighbor,False,
2025-02-27 23:00:00,20.3,1005.0,71.0,AWS-VAR-101,Ramnagar,VAR,neighbor,False,
2025-02-28 00:00:00,20.0,1004.5,71.0,AWS-VAR-101,Ramnagar,VAR,neighbor,False,
2025-02-28 01:00:00,19.5,1003.7,72.0,AWS-VAR-101,Ramnagar,VAR,neighbor,False,
2025-02-28 02:00:00,18.8,1002.9,74.0,AWS-VAR-101,Ramnagar,VAR,neighbor,False,
2025-02-28 03:00:00,18.6,1002.2,72.0,AWS-VAR-101,Ramnagar,VAR,neighbor,False,
2025-02-28 04:00:00,18.0,1002.0,73.0,AWS-VAR-101,Ramnagar,VAR,neighbor,False,
2025-02-28 05:00:00,17.3,1002.3,76.0,AWS-VAR-101,Ramnagar,VAR,neighbor,False,
2025-02-28 06:00:00,18.2,1003.3,73.0,AWS-VAR-101,Ramnagar,VAR,neighbor,False,
2025-02-28 07:00:00,19.7,1004.3,67.0,AWS-VAR-101,Ramnagar,VAR,neighbor,False,
2025-02-28 08:00:00,22.0,1005.4,60.0,AWS-VAR-101,Ramnagar,VAR,neighbor,False,
2025-02-28 09:00:00,25.1,1005.9,50.0,AWS-VAR-101,Ramnagar,VAR,neighbor,False,
2025-02-28 10:00:00,26.4,1006.0,47.0,AWS-VAR-101,Ramnagar,VAR,neighbor,False,
2025-02-28 11:00:00,28.7,1005.1,40.0,AWS-VAR-101,Ramnagar,VAR,neighbor,False,
2025-02-28 12:00:00,30.1,1003.9,35.0,AWS-VAR-101,Ramnagar,VAR,neighbor,False,
2025-02-28 13:00:00,31.2,1002.1,32.0,AWS-VAR-101,Ramnagar,VAR,neighbor,False,
2025-02-28 14:00:00,31.8,1000.8,31.0,AWS-VAR-101,Ramnagar,VAR,neighbor,False,
2025-02-28 15:00:00,31.8,1000.0,32.0,AWS-VAR-101,Ramnagar,VAR,neighbor,False,
2025-02-28 16:00:00,30.9,1000.0,35.0,AWS-VAR-101,Ramnagar,VAR,neighbor,False,
2025-02-28 17:00:00,29.0,1000.3,41.0,AWS-VAR-101,Ramnagar,VAR,neighbor,False,
2025-02-28 18:00:00,27.5,1002.2,47.0,AWS-VAR-101,Ramnagar,VAR,neighbor,False,
2025-02-28 19:00:00,26.2,1002.7,53.0,AWS-VAR-101,Ramnagar,VAR,neighbor,False,
2025-02-28 20:00:00,25.2,1003.5,57.0,AWS-VAR-101,Ramnagar,VAR,neighbor,False,
2025-02-28 21:00:00,24.0,1003.9,61.0,AWS-VAR-101,Ramnagar,VAR,neighbor,False,
2025-02-28 22:00:00,23.6,1003.8,63.0,AWS-VAR-101,Ramnagar,VAR,neighbor,False,
2025-02-28 23:00:00,23.3,1002.9,64.0,AWS-VAR-101,Ramnagar,VAR,neighbor,False,
2025-03-01 00:00:00,22.6,1002.2,67.0,AWS-VAR-101,Ramnagar,VAR,neighbor,False,
2025-03-01 01:00:00,22.2,1001.5,69.0,AWS-VAR-101,Ramnagar,VAR,neighbor,False,
2025-03-01 02:00:00,21.8,1000.6,71.0,AWS-VAR-101,Ramnagar,VAR,neighbor,False,
2025-03-01 03:00:00,21.2,1000.0,73.0,AWS-VAR-101,Ramnagar,VAR,neighbor,False,
2025-03-01 04:00:00,20.1,1001.0,79.0,AWS-VAR-101,Ramnagar,VAR,neighbor,False,
2025-03-01 05:00:00,20.1,1001.3,81.0,AWS-VAR-101,Ramnagar,VAR,neighbor,False,
2025-03-01 06:00:00,19.9,1002.1,88.0,AWS-VAR-101,Ramnagar,VAR,neighbor,False,
2025-03-01 07:00:00,20.7,1003.0,85.0,AWS-VAR-101,Ramnagar,VAR,neighbor,False,
2025-03-01 08:00:00,21.7,1004.1,78.0,AWS-VAR-101,Ramnagar,VAR,neighbor,False,
2025-03-01 09:00:00,24.8,1003.7,67.0,AWS-VAR-101,Ramnagar,VAR,neighbor,False,
2025-03-01 10:00:00,27.3,1003.6,58.0,AWS-VAR-101,Ramnagar,VAR,neighbor,False,
2025-03-01 11:00:00,29.2,1003.1,49.0,AWS-VAR-101,Ramnagar,VAR,neighbor,False,
2025-03-01 12:00:00,29.5,1001.8,46.0,AWS-VAR-101,Ramnagar,VAR,neighbor,False,
2025-03-01 13:00:00,30.5,1000.8,45.0,AWS-VAR-101,Ramnagar,VAR,neighbor,False,
2025-03-01 14:00:00,30.0,999.6,46.0,AWS-VAR-101,Ramnagar,VAR,neighbor,False,
2025-03-01 15:00:00,29.8,999.5,45.0,AWS-VAR-101,Ramnagar,VAR,neighbor,False,
2025-03-01 16:00:00,29.5,999.6,45.0,AWS-VAR-101,Ramnagar,VAR,neighbor,False,
2025-03-01 17:00:00,28.1,1000.2,49.0,AWS-VAR-101,Ramnagar,VAR,neighbor,False,
2025-03-01 18:00:00,27.2,1000.8,53.0,AWS-VAR-101,Ramnagar,VAR,neighbor,False,
2025-03-01 19:00:00,25.7,1001.7,55.0,AWS-VAR-101,Ramnagar,VAR,neighbor,False,
2025-03-01 20:00:00,24.6,1002.3,58.0,AWS-VAR-101,Ramnagar,VAR,neighbor,False,
2025-03-01 21:00:00,23.5,1002.5,63.0,AWS-VAR-101,Ramnagar,VAR,neighbor,False,
2025-03-01 22:00:00,22.0,1002.3,69.0,AWS-VAR-101,Ramnagar,VAR,neighbor,False,
2025-03-01 23:00:00,21.4,1001.6,72.0,AWS-VAR-101,Ramnagar,VAR,neighbor,False,
2025-03-02 00:00:00,20.1,1001.1,78.0,AWS-VAR-101,Ramnagar,VAR,neighbor,False,
2025-03-02 01:00:00,19.4,1000.5,82.0,AWS-VAR-101,Ramnagar,VAR,neighbor,False,
2025-03-02 02:00:00,19.1,999.9,84.0,AWS-VAR-101,Ramnagar,VAR,neighbor,False,
2025-03-02 03:00:00,18.5,999.4,87.0,AWS-VAR-101,Ramnagar,VAR,neighbor,False,
2025-03-02 04:00:00,18.1,999.3,90.0,AWS-VAR-101,Ramnagar,VAR,neighbor,False,
2025-03-02 05:00:00,18.1,999.8,89.0,AWS-VAR-101,Ramnagar,VAR,neighbor,False,
2025-03-02 06:00:00,18.6,1000.8,91.0,AWS-VAR-101,Ramnagar,VAR,neighbor,False,
2025-03-02 07:00:00,19.7,1001.5,86.0,AWS-VAR-101,Ramnagar,VAR,neighbor,False,
2025-03-02 08:00:00,22.2,1002.2,75.0,AWS-VAR-101,Ramnagar,VAR,neighbor,False,
2025-03-02 09:00:00,25.1,1002.8,64.0,AWS-VAR-101,Ramnagar,VAR,neighbor,False,
2025-03-02 10:00:00,27.4,1002.6,54.0,AWS-VAR-101,Ramnagar,VAR,neighbor,False,
2025-03-02 11:00:00,29.1,1001.8,47.0,AWS-VAR-101,Ramnagar,VAR,neighbor,False,
2025-03-02 12:00:00,30.5,1000.4,40.0,AWS-VAR-101,Ramnagar,VAR,neighbor,False,
2025-03-02 13:00:00,31.4,999.1,34.0,AWS-VAR-101,Ramnagar,VAR,neighbor,False,
2025-03-02 14:00:00,31.5,998.1,32.0,AWS-VAR-101,Ramnagar,VAR,neighbor,False,
2025-03-02 15:00:00,31.8,997.6,29.0,AWS-VAR-101,Ramnagar,VAR,neighbor,False,
2025-03-02 16:00:00,31.4,997.4,29.0,AWS-VAR-101,Ramnagar,VAR,neighbor,False,
2025-03-02 17:00:00,29.9,997.7,33.0,AWS-VAR-101,Ramnagar,VAR,neighbor,False,
2025-03-02 18:00:00,27.8,998.6,40.0,AWS-VAR-101,Ramnagar,VAR,neighbor,False,
2025-03-02 19:00:00,26.6,999.3,42.0,AWS-VAR-101,Ramnagar,VAR,neighbor,False,
2025-03-02 20:00:00,25.8,1000.0,44.0,AWS-VAR-101,Ramnagar,VAR,neighbor,False,
2025-03-02 21:00:00,25.1,1000.4,45.0,AWS-VAR-101,Ramnagar,VAR,neighbor,False,
2025-03-02 22:00:00,24.2,1200.0,47.0,AWS-VAR-101,Ramnagar,VAR,neighbor,True,physical_bounds
2025-03-02 23:00:00,23.2,1000.6,50.0,AWS-VAR-101,Ramnagar,VAR,neighbor,False,
2025-03-03 00:00:00,22.1,1000.6,54.0,AWS-VAR-101,Ramnagar,VAR,neighbor,False,
2025-03-03 01:00:00,20.9,1000.5,59.0,AWS-VAR-101,Ramnagar,VAR,neighbor,False,
2025-03-03 02:00:00,20.6,999.9,60.0,AWS-VAR-101,Ramnagar,VAR,neighbor,False,
2025-03-03 03:00:00,19.8,1000.3,63.0,AWS-VAR-101,Ramnagar,VAR,neighbor,False,
2025-03-03 04:00:00,18.6,1000.9,71.0,AWS-VAR-101,Ramnagar,VAR,neighbor,False,
2025-03-03 05:00:00,17.8,1001.6,75.0,AWS-VAR-101,Ramnagar,VAR,neighbor,False,
2025-03-03 06:00:00,17.9,1002.5,81.0,AWS-VAR-101,Ramnagar,VAR,neighbor,False,
2025-03-03 07:00:00,19.2,1003.7,76.0,AWS-VAR-101,Ramnagar,VAR,neighbor,False,
2025-03-03 08:00:00,21.9,1004.3,63.0,AWS-VAR-101,Ramnagar,VAR,neighbor,False,
2025-03-03 09:00:00,24.3,1004.8,50.0,AWS-VAR-101,Ramnagar,VAR,neighbor,False,
2025-03-03 10:00:00,26.4,1004.9,41.0,AWS-VAR-101,Ramnagar,VAR,neighbor,False,
2025-03-03 11:00:00,27.9,1004.1,35.0,AWS-VAR-101,Ramnagar,VAR,neighbor,False,
2025-03-03 12:00:00,29.0,1002.5,33.0,AWS-VAR-101,Ramnagar,VAR,neighbor,False,
2025-03-03 13:00:00,29.6,1001.5,31.0,AWS-VAR-101,Ramnagar,VAR,neighbor,False,
2025-03-03 14:00:00,30.5,1000.2,24.0,AWS-VAR-101,Ramnagar,VAR,neighbor,False,
2025-03-03 15:00:00,30.3,999.3,22.0,AWS-VAR-101,Ramnagar,VAR,neighbor,False,
2025-03-03 16:00:00,29.9,999.4,21.0,AWS-VAR-101,Ramnagar,VAR,neighbor,False,
2025-03-03 17:00:00,27.9,999.7,27.0,AWS-VAR-101,Ramnagar,VAR,neighbor,False,
2025-03-03 18:00:00,26.2,1000.3,33.0,AWS-VAR-101,Ramnagar,VAR,neighbor,False,
2025-03-03 19:00:00,25.5,1000.7,34.0,AWS-VAR-101,Ramnagar,VAR,neighbor,False,
2025-03-03 20:00:00,24.0,1001.3,40.0,AWS-VAR-101,Ramnagar,VAR,neighbor,False,
2025-03-03 21:00:00,22.8,1001.7,46.0,AWS-VAR-101,Ramnagar,VAR,neighbor,False,
2025-03-03 22:00:00,22.0,1001.9,49.0,AWS-VAR-101,Ramnagar,VAR,neighbor,False,
2025-03-03 23:00:00,21.4,1001.6,52.0,AWS-VAR-101,Ramnagar,VAR,neighbor,False,
2025-03-04 00:00:00,20.8,1001.2,55.0,AWS-VAR-101,Ramnagar,VAR,neighbor,False,
2025-03-04 01:00:00,20.1,1000.7,58.0,AWS-VAR-101,Ramnagar,VAR,neighbor,False,
2025-03-04 02:00:00,19.5,1000.0,61.0,AWS-VAR-101,Ramnagar,VAR,neighbor,False,
2025-03-04 03:00:00,18.8,999.5,64.0,AWS-VAR-101,Ramnagar,VAR,neighbor,False,
2025-03-04 04:00:00,17.8,999.6,70.0,AWS-VAR-101,Ramnagar,VAR,neighbor,False,
2025-03-04 05:00:00,17.4,1000.0,115.0,AWS-VAR-101,Ramnagar,VAR,neighbor,True,physical_bounds
2025-03-04 06:00:00,17.2,1001.0,78.0,AWS-VAR-101,Ramnagar,VAR,neighbor,False,
2025-03-04 07:00:00,19.2,1002.0,70.0,AWS-VAR-101,Ramnagar,VAR,neighbor,False,
2025-03-04 08:00:00,22.2,1002.6,59.0,AWS-VAR-101,Ramnagar,VAR,neighbor,False,
2025-03-04 09:00:00,25.1,1003.2,49.0,AWS-VAR-101,Ramnagar,VAR,neighbor,False,
2025-03-04 10:00:00,27.7,1003.5,43.0,AWS-VAR-101,Ramnagar,VAR,neighbor,False,
2025-03-04 11:00:00,69.5,1003.1,38.0,AWS-VAR-101,Ramnagar,VAR,neighbor,True,impossible_jump
2025-03-04 12:00:00,30.8,1001.7,33.0,AWS-VAR-101,Ramnagar,VAR,neighbor,False,
2025-03-04 13:00:00,31.6,1000.7,32.0,AWS-VAR-101,Ramnagar,VAR,neighbor,False,
2025-03-04 14:00:00,31.5,1000.0,34.0,AWS-VAR-101,Ramnagar,VAR,neighbor,False,
2025-03-04 15:00:00,31.7,999.1,32.0,AWS-VAR-101,Ramnagar,VAR,neighbor,False,
2025-03-04 16:00:00,30.8,999.0,30.0,AWS-VAR-101,Ramnagar,VAR,neighbor,False,
2025-03-04 17:00:00,29.7,999.0,31.0,AWS-VAR-101,Ramnagar,VAR,neighbor,False,
2025-03-04 18:00:00,27.7,1000.3,34.0,AWS-VAR-101,Ramnagar,VAR,neighbor,False,
2025-03-04 19:00:00,26.8,1001.3,32.0,AWS-VAR-101,Ramnagar,VAR,neighbor,False,
2025-03-04 20:00:00,25.8,1001.9,33.0,AWS-VAR-101,Ramnagar,VAR,neighbor,False,
2025-03-04 21:00:00,24.4,1002.3,37.0,AWS-VAR-101,Ramnagar,VAR,neighbor,False,
2025-03-04 22:00:00,23.1,1002.4,41.0,AWS-VAR-101,Ramnagar,VAR,neighbor,False,
2025-03-04 23:00:00,22.1,1002.2,44.0,AWS-VAR-101,Ramnagar,VAR,neighbor,False,
2025-03-05 00:00:00,21.4,1001.7,45.0,AWS-VAR-101,Ramnagar,VAR,neighbor,False,
2025-03-05 01:00:00,20.4,1001.2,46.0,AWS-VAR-101,Ramnagar,VAR,neighbor,False,
2025-03-05 02:00:00,19.7,1000.8,42.0,AWS-VAR-101,Ramnagar,VAR,neighbor,False,
2025-03-05 03:00:00,19.2,1000.6,36.0,AWS-VAR-101,Ramnagar,VAR,neighbor,False,
2025-03-05 04:00:00,18.7,1060.9,35.0,AWS-VAR-101,Ramnagar,VAR,neighbor,True,impossible_jump
2025-03-05 05:00:00,17.9,1001.1,40.0,AWS-VAR-101,Ramnagar,VAR,neighbor,False,
2025-03-05 06:00:00,17.3,1002.3,59.0,AWS-VAR-101,Ramnagar,VAR,neighbor,False,
2025-03-05 07:00:00,18.2,1003.1,60.0,AWS-VAR-101,Ramnagar,VAR,neighbor,False,
2025-03-05 08:00:00,19.8,1003.7,56.0,AWS-VAR-101,Ramnagar,VAR,neighbor,False,
2025-03-05 09:00:00,21.4,1003.8,50.0,AWS-VAR-101,Ramnagar,VAR,neighbor,False,
2025-03-05 10:00:00,22.9,1003.8,41.0,AWS-VAR-101,Ramnagar,VAR,neighbor,False,
2025-03-05 11:00:00,24.3,1002.8,33.0,AWS-VAR-101,Ramnagar,VAR,neighbor,False,
2025-03-05 12:00:00,65.4,1001.7,28.0,AWS-VAR-101,Ramnagar,VAR,neighbor,True,impossible_jump
2025-03-05 13:00:00,26.2,1000.4,24.0,AWS-VAR-101,Ramnagar,VAR,neighbor,False,
2025-03-05 14:00:00,26.6,999.7,21.0,AWS-VAR-101,Ramnagar,VAR,neighbor,False,
2025-03-05 15:00:00,26.4,999.0,22.0,AWS-VAR-101,Ramnagar,VAR,neighbor,False,
2025-03-05 16:00:00,25.8,999.1,22.0,AWS-VAR-101,Ramnagar,VAR,neighbor,False,
2025-03-05 17:00:00,24.4,999.3,25.0,AWS-VAR-101,Ramnagar,VAR,neighbor,False,
2025-03-05 18:00:00,22.7,1000.3,32.0,AWS-VAR-101,Ramnagar,VAR,neighbor,False,
2025-03-05 19:00:00,21.4,1001.1,36.0,AWS-VAR-101,Ramnagar,VAR,neighbor,False,
2025-03-05 20:00:00,20.2,1001.8,40.0,AWS-VAR-101,Ramnagar,VAR,neighbor,False,
2025-03-05 21:00:00,19.4,1002.2,43.0,AWS-VAR-101,Ramnagar,VAR,neighbor,False,
2025-03-05 22:00:00,18.7,1002.3,44.0,AWS-VAR-101,Ramnagar,VAR,neighbor,False,
2025-03-05 23:00:00,18.1,1002.0,44.0,AWS-VAR-101,Ramnagar,VAR,neighbor,False,
2025-03-06 00:00:00,17.6,1001.9,46.0,AWS-VAR-101,Ramnagar,VAR,neighbor,False,
2025-03-06 01:00:00,17.0,1001.7,47.0,AWS-VAR-101,Ramnagar,VAR,neighbor,False,
2025-03-06 02:00:00,16.4,1001.3,48.0,AWS-VAR-101,Ramnagar,VAR,neighbor,False,
2025-03-06 03:00:00,16.1,1001.0,48.0,AWS-VAR-101,Ramnagar,VAR,neighbor,False,
2025-03-06 04:00:00,15.6,1001.3,48.0,AWS-VAR-101,Ramnagar,VAR,neighbor,False,
2025-03-06 05:00:00,15.2,1001.5,49.0,AWS-VAR-101,Ramnagar,VAR,neighbor,False,
2025-03-06 06:00:00,14.5,1002.4,59.0,AWS-VAR-101,Ramnagar,VAR,neighbor,False,
2025-03-06 07:00:00,15.6,1003.2,58.0,AWS-VAR-101,Ramnagar,VAR,neighbor,False,
2025-03-06 08:00:00,18.0,1004.1,49.0,AWS-VAR-101,Ramnagar,VAR,neighbor,False,
2025-03-06 09:00:00,20.4,1004.8,40.0,AWS-VAR-101,Ramnagar,VAR,neighbor,False,
2025-03-06 10:00:00,22.3,,32.0,AWS-VAR-101,Ramnagar,VAR,neighbor,True,dropout
2025-03-06 11:00:00,23.8,1004.6,29.0,AWS-VAR-101,Ramnagar,VAR,neighbor,False,
2025-03-06 12:00:00,24.8,1003.6,28.0,AWS-VAR-101,Ramnagar,VAR,neighbor,False,
2025-03-06 13:00:00,25.8,1002.9,26.0,AWS-VAR-101,Ramnagar,VAR,neighbor,False,
2025-03-06 14:00:00,26.5,1002.4,24.0,AWS-VAR-101,Ramnagar,VAR,neighbor,False,
2025-03-06 15:00:00,26.5,1001.6,23.0,AWS-VAR-101,Ramnagar,VAR,neighbor,False,
2025-03-06 16:00:00,26.1,1001.2,22.0,AWS-VAR-101,Ramnagar,VAR,neighbor,False,
2025-03-06 17:00:00,24.8,1001.4,26.0,AWS-VAR-101,Ramnagar,VAR,neighbor,False,
2025-03-06 18:00:00,23.6,1001.9,30.0,AWS-VAR-101,Ramnagar,VAR,neighbor,False,
2025-03-06 19:00:00,22.0,1002.6,36.0,AWS-VAR-101,Ramnagar,VAR,neighbor,False,
2025-03-06 20:00:00,20.3,1003.3,42.0,AWS-VAR-101,Ramnagar,VAR,neighbor,False,
2025-03-06 21:00:00,19.2,1003.6,44.0,AWS-VAR-101,Ramnagar,VAR,neighbor,False,
2025-03-06 22:00:00,18.0,1003.1,47.0,AWS-VAR-101,Ramnagar,VAR,neighbor,False,
2025-03-06 23:00:00,17.2,1002.6,51.0,AWS-VAR-101,Ramnagar,VAR,neighbor,False,
2025-03-07 00:00:00,16.5,1002.1,54.0,AWS-VAR-101,Ramnagar,VAR,neighbor,False,
2025-03-07 01:00:00,15.3,1001.6,60.0,AWS-VAR-101,Ramnagar,VAR,neighbor,False,
2025-03-07 02:00:00,14.6,1001.0,63.0,AWS-VAR-101,Ramnagar,VAR,neighbor,False,
2025-03-07 03:00:00,14.7,1000.7,60.0,AWS-VAR-101,Ramnagar,VAR,neighbor,False,
2025-03-07 04:00:00,14.4,1060.9,63.0,AWS-VAR-101,Ramnagar,VAR,neighbor,True,impossible_jump
2025-03-07 05:00:00,14.1,1001.0,66.0,AWS-VAR-101,Ramnagar,VAR,neighbor,False,
2025-03-07 06:00:00,14.0,1001.2,73.0,AWS-VAR-101,Ramnagar,VAR,neighbor,False,
2025-03-07 07:00:00,15.6,1002.0,67.0,AWS-VAR-101,Ramnagar,VAR,neighbor,False,
2025-03-07 08:00:00,19.0,1002.9,54.0,AWS-VAR-101,Ramnagar,VAR,neighbor,False,
2025-03-07 09:00:00,22.6,1003.3,43.0,AWS-VAR-101,Ramnagar,VAR,neighbor,False,
2025-03-07 10:00:00,25.4,1003.1,34.0,AWS-VAR-101,Ramnagar,VAR,neighbor,False,
2025-03-07 11:00:00,27.4,1002.4,27.0,AWS-VAR-101,Ramnagar,VAR,neighbor,False,
2025-03-07 12:00:00,28.5,1001.3,23.0,AWS-VAR-101,Ramnagar,VAR,neighbor,False,
2025-03-07 13:00:00,29.1,1000.1,23.0,AWS-VAR-101,Ramnagar,VAR,neighbor,False,
2025-03-07 14:00:00,29.6,999.2,20.0,AWS-VAR-101,Ramnagar,VAR,neighbor,False,
2025-03-07 15:00:00,29.6,998.6,19.0,AWS-VAR-101,Ramnagar,VAR,neighbor,False,
2025-03-07 16:00:00,29.0,998.2,19.0,AWS-VAR-101,Ramnagar,VAR,neighbor,False,
2025-03-07 17:00:00,27.7,998.3,22.0,AWS-VAR-101,Ramnagar,VAR,neighbor,False,
2025-03-07 18:00:00,24.8,,30.0,AWS-VAR-101,Ramnagar,VAR,neighbor,True,dropout
2025-03-07 19:00:00,23.6,999.2,34.0,AWS-VAR-101,Ramnagar,VAR,neighbor,False,
2025-03-07 20:00:00,22.3,1000.0,42.0,AWS-VAR-101,Ramnagar,VAR,neighbor,False,
2025-03-07 21:00:00,20.4,1000.3,46.0,AWS-VAR-101,Ramnagar,VAR,neighbor,False,
2025-03-07 22:00:00,19.5,1000.1,52.0,AWS-VAR-101,Ramnagar,VAR,neighbor,False,
2025-03-07 23:00:00,18.9,999.8,55.0,AWS-VAR-101,Ramnagar,VAR,neighbor,False,
2025-03-08 00:00:00,17.4,999.5,62.0,AWS-VAR-101,Ramnagar,VAR,neighbor,False,
2025-03-08 01:00:00,16.5,999.0,67.0,AWS-VAR-101,Ramnagar,VAR,neighbor,False,
2025-03-08 02:00:00,16.0,998.4,68.0,AWS-VAR-101,Ramnagar,VAR,neighbor,False,
2025-03-08 03:00:00,16.0,997.9,69.0,AWS-VAR-101,Ramnagar,VAR,neighbor,False,
2025-03-08 04:00:00,15.9,997.9,71.0,AWS-VAR-101,Ramnagar,VAR,neighbor,False,
2025-03-08 05:00:00,15.4,998.3,75.0,AWS-VAR-101,Ramnagar,VAR,neighbor,False,
2025-03-08 06:00:00,15.2,998.9,77.0,AWS-VAR-101,Ramnagar,VAR,neighbor,False,
2025-03-08 07:00:00,17.2,999.6,67.0,AWS-VAR-101,Ramnagar,VAR,neighbor,False,
2025-03-08 08:00:00,20.8,1000.5,54.0,AWS-VAR-101,Ramnagar,VAR,neighbor,False,
2025-03-08 09:00:00,24.5,1001.2,43.0,AWS-VAR-101,Ramnagar,VAR,neighbor,False,
2025-03-08 10:00:00,27.3,1001.0,34.0,AWS-VAR-101,Ramnagar,VAR,neighbor,False,
2025-03-08 11:00:00,29.2,1000.5,27.0,AWS-VAR-101,Ramnagar,VAR,neighbor,False,
2025-03-08 12:00:00,30.2,999.7,23.0,AWS-VAR-101,Ramnagar,VAR,neighbor,False,
2025-03-08 13:00:00,30.8,998.7,23.0,AWS-VAR-101,Ramnagar,VAR,neighbor,False,
2025-03-08 14:00:00,30.7,997.8,23.0,AWS-VAR-101,Ramnagar,VAR,neighbor,False,
2025-03-08 15:00:00,30.6,997.3,23.0,AWS-VAR-101,Ramnagar,VAR,neighbor,False,
2025-03-08 16:00:00,30.4,997.2,22.0,AWS-VAR-101,Ramnagar,VAR,neighbor,False,
2025-03-08 17:00:00,28.6,997.4,37.0,AWS-VAR-101,Ramnagar,VAR,neighbor,False,
2025-03-08 18:00:00,25.9,998.4,29.0,AWS-VAR-101,Ramnagar,VAR,neighbor,False,
2025-03-08 19:00:00,24.6,999.3,34.0,AWS-VAR-101,Ramnagar,VAR,neighbor,False,
2025-03-08 20:00:00,23.7,1000.1,36.0,AWS-VAR-101,Ramnagar,VAR,neighbor,False,
2025-03-08 21:00:00,22.5,1000.9,36.0,AWS-VAR-101,Ramnagar,VAR,neighbor,False,
2025-03-08 22:00:00,21.1,1001.2,0.0,AWS-VAR-101,Ramnagar,VAR,neighbor,True,sensor_fail_low
2025-03-08 23:00:00,19.7,1001.3,0.0,AWS-VAR-101,Ramnagar,VAR,neighbor,True,sensor_fail_low
2025-03-09 00:00:00,18.5,1001.3,0.0,AWS-VAR-101,Ramnagar,VAR,neighbor,True,sensor_fail_low
2025-03-09 01:00:00,18.0,1000.8,59.0,AWS-VAR-101,Ramnagar,VAR,neighbor,False,
2025-03-09 02:00:00,17.4,1000.7,62.0,AWS-VAR-101,Ramnagar,VAR,neighbor,False,
2025-03-09 03:00:00,16.4,1000.8,68.0,AWS-VAR-101,Ramnagar,VAR,neighbor,False,
2025-03-09 04:00:00,15.9,1000.8,70.0,AWS-VAR-101,Ramnagar,VAR,neighbor,False,
2025-03-09 05:00:00,15.4,1001.6,72.0,AWS-VAR-101,Ramnagar,VAR,neighbor,False,
2025-03-09 06:00:00,15.8,1002.1,75.0,AWS-VAR-101,Ramnagar,VAR,neighbor,False,
2025-03-09 07:00:00,18.2,1003.2,63.0,AWS-VAR-101,Ramnagar,VAR,neighbor,False,
2025-03-09 08:00:00,22.1,1004.3,50.0,AWS-VAR-101,Ramnagar,VAR,neighbor,False,
2025-03-09 09:00:00,26.1,1004.9,40.0,AWS-VAR-101,Ramnagar,VAR,neighbor,False,
2025-03-09 10:00:00,29.2,1005.4,28.0,AWS-VAR-101,Ramnagar,VAR,neighbor,False,
2025-03-09 11:00:00,30.5,1005.0,22.0,AWS-VAR-101,Ramnagar,VAR,neighbor,False,
2025-03-09 12:00:00,31.4,1004.0,21.0,AWS-VAR-101,Ramnagar,VAR,neighbor,False,
2025-03-09 13:00:00,31.9,1003.1,20.0,AWS-VAR-101,Ramnagar,VAR,neighbor,False,
2025-03-09 14:00:00,31.9,1002.3,20.0,AWS-VAR-101,Ramnagar,VAR,neighbor,False,
2025-03-09 15:00:00,31.5,1001.9,21.0,AWS-VAR-101,Ramnagar,VAR,neighbor,False,
2025-03-09 16:00:00,30.6,1001.8,22.0,AWS-VAR-101,Ramnagar,VAR,neighbor,False,
2025-03-09 17:00:00,29.0,1002.2,26.0,AWS-VAR-101,Ramnagar,VAR,neighbor,False,
2025-03-09 18:00:00,27.4,1003.1,30.0,AWS-VAR-101,Ramnagar,VAR,neighbor,False,
2025-03-09 19:00:00,26.2,1003.9,34.0,AWS-VAR-101,Ramnagar,VAR,neighbor,False,
2025-03-09 20:00:00,24.3,1004.7,39.0,AWS-VAR-101,Ramnagar,VAR,neighbor,False,
2025-03-09 21:00:00,23.6,1005.3,41.0,AWS-VAR-101,Ramnagar,VAR,neighbor,False,
2025-03-09 22:00:00,22.8,1006.0,43.0,AWS-VAR-101,Ramnagar,VAR,neighbor,False,
2025-03-09 23:00:00,20.8,1005.9,51.0,AWS-VAR-101,Ramnagar,VAR,neighbor,False,
2025-03-10 00:00:00,19.5,1006.1,55.0,AWS-VAR-101,Ramnagar,VAR,neighbor,False,
2025-03-10 01:00:00,18.8,1005.5,59.0,AWS-VAR-101,Ramnagar,VAR,neighbor,False,
2025-03-10 02:00:00,18.0,1005.1,61.0,AWS-VAR-101,Ramnagar,VAR,neighbor,False,
2025-03-10 03:00:00,17.3,1004.7,63.0,AWS-VAR-101,Ramnagar,VAR,neighbor,False,
2025-03-10 04:00:00,17.0,1004.8,65.0,AWS-VAR-101,Ramnagar,VAR,neighbor,False,
2025-03-10 05:00:00,16.6,1005.1,67.0,AWS-VAR-101,Ramnagar,VAR,neighbor,False,
2025-03-10 06:00:00,17.2,1006.6,71.0,AWS-VAR-101,Ramnagar,VAR,neighbor,False,
2025-03-10 07:00:00,19.1,1007.3,63.0,AWS-VAR-101,Ramnagar,VAR,neighbor,False,
2025-03-10 08:00:00,22.3,1008.2,52.0,AWS-VAR-101,Ramnagar,VAR,neighbor,False,
2025-03-10 09:00:00,25.5,1008.6,43.0,AWS-VAR-101,Ramnagar,VAR,neighbor,False,
2025-03-10 10:00:00,28.4,1008.7,34.0,AWS-VAR-101,Ramnagar,VAR,neighbor,False,
2025-03-10 11:00:00,30.4,1008.0,27.0,AWS-VAR-101,Ramnagar,VAR,neighbor,False,
2025-03-10 12:00:00,31.3,1006.5,25.0,AWS-VAR-101,Ramnagar,VAR,neighbor,False,
2025-03-10 13:00:00,31.9,1005.3,0.0,AWS-VAR-101,Ramnagar,VAR,neighbor,True,sensor_fail_low
2025-03-10 14:00:00,32.0,1004.2,0.0,AWS-VAR-101,Ramnagar,VAR,neighbor,True,sensor_fail_low
2025-03-10 15:00:00,31.5,1003.6,0.0,AWS-VAR-101,Ramnagar,VAR,neighbor,True,sensor_fail_low
2025-03-10 16:00:00,31.0,1003.3,25.0,AWS-VAR-101,Ramnagar,VAR,neighbor,False,
2025-03-10 17:00:00,29.4,1003.8,29.0,AWS-VAR-101,Ramnagar,VAR,neighbor,False,
2025-03-10 18:00:00,27.3,1004.4,34.0,AWS-VAR-101,Ramnagar,VAR,neighbor,False,
2025-03-10 19:00:00,26.2,1004.7,36.0,AWS-VAR-101,Ramnagar,VAR,neighbor,False,
2025-03-10 20:00:00,25.3,1005.4,40.0,AWS-VAR-101,Ramnagar,VAR,neighbor,False,
2025-03-10 21:00:00,23.9,1005.5,48.0,AWS-VAR-101,Ramnagar,VAR,neighbor,False,
2025-03-10 22:00:00,22.8,1005.4,54.0,AWS-VAR-101,Ramnagar,VAR,neighbor,False,
2025-03-10 23:00:00,22.2,1005.2,58.0,AWS-VAR-101,Ramnagar,VAR,neighbor,False,
2025-03-11 00:00:00,20.9,1005.1,60.0,AWS-VAR-101,Ramnagar,VAR,neighbor,False,
2025-03-11 01:00:00,19.4,1004.6,68.0,AWS-VAR-101,Ramnagar,VAR,neighbor,False,
2025-03-11 02:00:00,18.5,1003.8,71.0,AWS-VAR-101,Ramnagar,VAR,neighbor,False,
2025-03-11 03:00:00,18.3,1003.3,71.0,AWS-VAR-101,Ramnagar,VAR,neighbor,False,
2025-03-11 04:00:00,18.0,1003.4,72.0,AWS-VAR-101,Ramnagar,VAR,neighbor,False,
2025-03-11 05:00:00,17.9,1003.8,73.0,AWS-VAR-101,Ramnagar,VAR,neighbor,False,
2025-03-11 06:00:00,18.0,1005.0,78.0,AWS-VAR-101,Ramnagar,VAR,neighbor,False,
2025-03-11 07:00:00,20.0,1005.7,69.0,AWS-VAR-101,Ramnagar,VAR,neighbor,False,
2025-03-11 08:00:00,23.5,1006.6,56.0,AWS-VAR-101,Ramnagar,VAR,neighbor,False,
2025-03-11 09:00:00,27.4,1007.1,43.0,AWS-VAR-101,Ramnagar,VAR,neighbor,False,
2025-03-11 10:00:00,29.8,1006.7,35.0,AWS-VAR-101,Ramnagar,VAR,neighbor,False,
2025-03-11 11:00:00,31.3,1005.6,30.0,AWS-VAR-101,Ramnagar,VAR,neighbor,False,
2025-03-11 12:00:00,32.2,1004.3,27.0,AWS-VAR-101,Ramnagar,VAR,neighbor,False,
2025-03-11 13:00:00,32.7,1002.8,27.0,AWS-VAR-101,Ramnagar,VAR,neighbor,False,
2025-03-11 14:00:00,32.9,1001.8,26.0,AWS-VAR-101,Ramnagar,VAR,neighbor,False,
2025-03-11 15:00:00,32.6,1001.1,27.0,AWS-VAR-101,Ramnagar,VAR,neighbor,False,
2025-03-11 16:00:00,32.3,1000.7,27.0,AWS-VAR-101,Ramnagar,VAR,neighbor,False,
2025-03-11 17:00:00,31.3,1000.8,30.0,AWS-VAR-101,Ramnagar,VAR,neighbor,False,
2025-03-11 18:00:00,29.1,1001.0,36.0,AWS-VAR-101,Ramnagar,VAR,neighbor,False,
2025-03-11 19:00:00,27.4,1001.4,40.0,AWS-VAR-101,Ramnagar,VAR,neighbor,False,
2025-03-11 20:00:00,25.8,1001.8,45.0,AWS-VAR-101,Ramnagar,VAR,neighbor,False,
2025-03-11 21:00:00,24.9,1002.1,48.0,AWS-VAR-101,Ramnagar,VAR,neighbor,False,
2025-03-11 22:00:00,24.2,1001.8,50.0,AWS-VAR-101,Ramnagar,VAR,neighbor,False,
2025-03-11 23:00:00,23.5,1001.0,50.0,AWS-VAR-101,Ramnagar,VAR,neighbor,False,
2025-03-12 00:00:00,23.0,1000.5,50.0,AWS-VAR-101,Ramnagar,VAR,neighbor,False,
2025-03-12 01:00:00,22.6,999.6,51.0,AWS-VAR-101,Ramnagar,VAR,neighbor,False,
2025-03-12 02:00:00,22.1,998.9,53.0,AWS-VAR-101,Ramnagar,VAR,neighbor,False,
2025-03-12 03:00:00,21.9,998.4,54.0,AWS-VAR-101,Ramnagar,VAR,neighbor,False,
2025-03-12 04:00:00,21.7,1058.2,54.0,AWS-VAR-101,Ramnagar,VAR,neighbor,True,impossible_jump
2025-03-12 05:00:00,21.4,998.7,54.0,AWS-VAR-101,Ramnagar,VAR,neighbor,False,
2025-03-12 06:00:00,20.8,999.9,60.0,AWS-VAR-101,Ramnagar,VAR,neighbor,False,
2025-03-12 07:00:00,22.3,1000.4,55.0,AWS-VAR-101,Ramnagar,VAR,neighbor,False,
2025-03-12 08:00:00,25.3,1001.3,48.0,AWS-VAR-101,Ramnagar,VAR,neighbor,False,
2025-03-12 09:00:00,28.5,1001.6,40.0,AWS-VAR-101,Ramnagar,VAR,neighbor,False,
2025-03-12 10:00:00,31.2,1001.3,33.0,AWS-VAR-101,Ramnagar,VAR,neighbor,False,
2025-03-12 11:00:00,33.0,1000.4,30.0,AWS-VAR-101,Ramnagar,VAR,neighbor,False,
2025-03-12 12:00:00,34.2,999.0,27.0,AWS-VAR-101,Ramnagar,VAR,neighbor,False,
2025-03-12 13:00:00,34.9,997.7,25.0,AWS-VAR-101,Ramnagar,VAR,neighbor,False,
2025-03-12 14:00:00,35.2,996.4,24.0,AWS-VAR-101,Ramnagar,VAR,neighbor,False,
2025-03-12 15:00:00,35.6,995.5,21.0,AWS-VAR-101,Ramnagar,VAR,neighbor,False,
2025-03-12 16:00:00,35.4,995.0,20.0,AWS-VAR-101,Ramnagar,VAR,neighbor,False,
2025-03-12 17:00:00,33.1,995.4,26.0,AWS-VAR-101,Ramnagar,VAR,neighbor,False,
2025-03-12 18:00:00,30.7,996.1,31.0,AWS-VAR-101,Ramnagar,VAR,neighbor,False,
2025-03-12 19:00:00,29.6,996.5,32.0,AWS-VAR-101,Ramnagar,VAR,neighbor,True,frozen_value
2025-03-12 20:00:00,29.6,996.5,32.0,AWS-VAR-101,Ramnagar,VAR,neighbor,True,frozen_value
2025-03-12 21:00:00,29.6,996.5,32.0,AWS-VAR-101,Ramnagar,VAR,neighbor,True,frozen_value
2025-03-12 22:00:00,29.6,996.5,32.0,AWS-VAR-101,Ramnagar,VAR,neighbor,True,frozen_value
2025-03-12 23:00:00,29.6,996.5,32.0,AWS-VAR-101,Ramnagar,VAR,neighbor,True,frozen_value
2025-03-13 00:00:00,29.6,996.5,32.0,AWS-VAR-101,Ramnagar,VAR,neighbor,True,frozen_value
2025-03-13 01:00:00,29.6,996.5,32.0,AWS-VAR-101,Ramnagar,VAR,neighbor,True,frozen_value
2025-03-13 02:00:00,29.6,996.5,32.0,AWS-VAR-101,Ramnagar,VAR,neighbor,True,frozen_value
2025-03-13 03:00:00,29.6,,32.0,AWS-VAR-101,Ramnagar,VAR,neighbor,True,dropout
2025-03-13 04:00:00,29.6,996.5,32.0,AWS-VAR-101,Ramnagar,VAR,neighbor,True,frozen_value
2025-03-13 05:00:00,29.6,996.5,32.0,AWS-VAR-101,Ramnagar,VAR,neighbor,True,frozen_value
2025-03-13 06:00:00,29.6,996.5,32.0,AWS-VAR-101,Ramnagar,VAR,neighbor,True,frozen_value
2025-03-13 07:00:00,29.6,996.5,32.0,AWS-VAR-101,Ramnagar,VAR,neighbor,True,frozen_value
2025-03-13 08:00:00,29.6,996.5,32.0,AWS-VAR-101,Ramnagar,VAR,neighbor,True,frozen_value
2025-03-13 09:00:00,29.6,1056.5,32.0,AWS-VAR-101,Ramnagar,VAR,neighbor,True,impossible_jump
2025-03-13 10:00:00,29.6,996.5,32.0,AWS-VAR-101,Ramnagar,VAR,neighbor,True,frozen_value
2025-03-13 11:00:00,29.6,996.5,32.0,AWS-VAR-101,Ramnagar,VAR,neighbor,True,frozen_value
2025-03-13 12:00:00,29.6,996.5,32.0,AWS-VAR-101,Ramnagar,VAR,neighbor,True,frozen_value
2025-03-13 13:00:00,29.6,996.5,32.0,AWS-VAR-101,Ramnagar,VAR,neighbor,True,frozen_value
2025-03-13 14:00:00,29.6,996.5,32.0,AWS-VAR-101,Ramnagar,VAR,neighbor,True,frozen_value
2025-03-13 15:00:00,29.6,996.5,32.0,AWS-VAR-101,Ramnagar,VAR,neighbor,True,frozen_value
2025-03-13 16:00:00,29.6,996.5,32.0,AWS-VAR-101,Ramnagar,VAR,neighbor,True,frozen_value
2025-03-13 17:00:00,29.6,996.5,32.0,AWS-VAR-101,Ramnagar,VAR,neighbor,True,frozen_value
2025-03-13 18:00:00,29.6,996.5,32.0,AWS-VAR-101,Ramnagar,VAR,neighbor,True,frozen_value
2025-03-13 19:00:00,29.6,996.5,32.0,AWS-VAR-101,Ramnagar,VAR,neighbor,True,frozen_value
2025-03-13 20:00:00,29.6,996.5,32.0,AWS-VAR-101,Ramnagar,VAR,neighbor,True,frozen_value
2025-03-13 21:00:00,29.6,996.5,32.0,AWS-VAR-101,Ramnagar,VAR,neighbor,True,frozen_value
2025-03-13 22:00:00,29.6,996.5,32.0,AWS-VAR-101,Ramnagar,VAR,neighbor,True,frozen_value
2025-03-13 23:00:00,29.6,996.5,32.0,AWS-VAR-101,Ramnagar,VAR,neighbor,True,frozen_value
2025-03-14 00:00:00,29.6,996.5,32.0,AWS-VAR-101,Ramnagar,VAR,neighbor,True,frozen_value
2025-03-14 01:00:00,22.8,997.0,53.0,AWS-VAR-101,Ramnagar,VAR,neighbor,False,
2025-03-14 02:00:00,22.3,996.6,61.0,AWS-VAR-101,Ramnagar,VAR,neighbor,False,
2025-03-14 03:00:00,21.5,996.3,58.0,AWS-VAR-101,Ramnagar,VAR,neighbor,False,
2025-03-14 04:00:00,21.1,996.8,59.0,AWS-VAR-101,Ramnagar,VAR,neighbor,False,
2025-03-14 05:00:00,20.6,997.8,60.0,AWS-VAR-101,Ramnagar,VAR,neighbor,False,
2025-03-14 06:00:00,21.3,998.7,68.0,AWS-VAR-101,Ramnagar,VAR,neighbor,False,
2025-03-14 07:00:00,23.1,999.9,62.0,AWS-VAR-101,Ramnagar,VAR,neighbor,False,
2025-03-14 08:00:00,26.9,1001.0,51.0,AWS-VAR-101,Ramnagar,VAR,neighbor,False,
2025-03-14 09:00:00,30.7,1001.4,41.0,AWS-VAR-101,Ramnagar,VAR,neighbor,False,
2025-03-14 10:00:00,33.3,1001.2,32.0,AWS-VAR-101,Ramnagar,VAR,neighbor,False,
2025-03-14 11:00:00,34.7,1001.0,27.0,AWS-VAR-101,Ramnagar,VAR,neighbor,False,
2025-03-14 12:00:00,35.6,999.8,25.0,AWS-VAR-101,Ramnagar,VAR,neighbor,False,
2025-03-14 13:00:00,35.9,998.8,24.0,AWS-VAR-101,Ramnagar,VAR,neighbor,False,
2025-03-14 14:00:00,36.0,997.8,21.0,AWS-VAR-101,Ramnagar,VAR,neighbor,False,
2025-03-14 15:00:00,35.7,997.0,21.0,AWS-VAR-101,Ramnagar,VAR,neighbor,False,
2025-03-14 16:00:00,35.0,996.8,23.0,AWS-VAR-101,Ramnagar,VAR,neighbor,False,
2025-03-14 17:00:00,33.7,996.9,26.0,AWS-VAR-101,Ramnagar,VAR,neighbor,False,
2025-03-14 18:00:00,31.4,997.8,30.0,AWS-VAR-101,Ramnagar,VAR,neighbor,False,
2025-03-14 19:00:00,30.3,998.4,34.0,AWS-VAR-101,Ramnagar,VAR,neighbor,False,
2025-03-14 20:00:00,28.6,998.8,40.0,AWS-VAR-101,Ramnagar,VAR,neighbor,False,
2025-03-14 21:00:00,27.6,999.5,43.0,AWS-VAR-101,Ramnagar,VAR,neighbor,False,
2025-03-14 22:00:00,27.1,999.8,46.0,AWS-VAR-101,Ramnagar,VAR,neighbor,False,
2025-03-14 23:00:00,25.9,999.5,47.0,AWS-VAR-101,Ramnagar,VAR,neighbor,False,
2025-03-15 00:00:00,23.8,999.3,54.0,AWS-VAR-101,Ramnagar,VAR,neighbor,False,
2025-03-15 01:00:00,22.9,998.8,59.0,AWS-VAR-101,Ramnagar,VAR,neighbor,False,
2025-03-15 02:00:00,22.2,998.3,59.0,AWS-VAR-101,Ramnagar,VAR,neighbor,False,
2025-03-15 03:00:00,22.1,998.2,59.0,AWS-VAR-101,Ramnagar,VAR,neighbor,False,
2025-03-15 04:00:00,21.5,998.3,62.0,AWS-VAR-101,Ramnagar,VAR,neighbor,False,
2025-03-15 05:00:00,21.0,999.1,65.0,AWS-VAR-101,Ramnagar,VAR,neighbor,False,
2025-03-15 06:00:00,21.1,1000.0,76.0,AWS-VAR-101,Ramnagar,VAR,neighbor,False,
2025-03-15 07:00:00,23.3,1000.9,64.0,AWS-VAR-101,Ramnagar,VAR,neighbor,False,
2025-03-15 08:00:00,27.1,1001.7,51.0,AWS-VAR-101,Ramnagar,VAR,neighbor,False,
2025-03-15 09:00:00,31.0,1002.3,41.0,AWS-VAR-101,Ramnagar,VAR,neighbor,False,
2025-03-15 10:00:00,33.7,1002.0,31.0,AWS-VAR-101,Ramnagar,VAR,neighbor,False,
2025-03-15 11:00:00,35.5,1001.5,28.0,AWS-VAR-101,Ramnagar,VAR,neighbor,False,
2025-03-15 12:00:00,36.9,1000.3,25.0,AWS-VAR-101,Ramnagar,VAR,neighbor,False,
2025-03-15 13:00:00,38.0,999.3,20.0,AWS-VAR-101,Ramnagar,VAR,neighbor,False,
2025-03-15 14:00:00,38.2,998.5,16.0,AWS-VAR-101,Ramnagar,VAR,neighbor,False,
2025-03-15 15:00:00,37.9,997.9,16.0,AWS-VAR-101,Ramnagar,VAR,neighbor,False,
2025-03-15 16:00:00,37.4,997.9,14.0,AWS-VAR-101,Ramnagar,VAR,neighbor,False,
2025-03-15 17:00:00,35.4,998.1,20.0,AWS-VAR-101,Ramnagar,VAR,neighbor,False,
2025-03-15 18:00:00,32.0,999.2,30.0,AWS-VAR-101,Ramnagar,VAR,neighbor,False,
2025-03-15 19:00:00,31.6,999.9,35.0,AWS-VAR-101,Ramnagar,VAR,neighbor,False,
2025-03-15 20:00:00,30.0,1000.9,42.0,AWS-VAR-101,Ramnagar,VAR,neighbor,False,
2025-03-15 21:00:00,29.3,1001.5,43.0,AWS-VAR-101,Ramnagar,VAR,neighbor,False,
2025-03-15 22:00:00,27.9,1001.4,45.0,AWS-VAR-101,Ramnagar,VAR,neighbor,False,
2025-03-15 23:00:00,26.8,1000.8,49.0,AWS-VAR-101,Ramnagar,VAR,neighbor,False,
2025-03-16 00:00:00,25.7,1000.4,54.0,AWS-VAR-101,Ramnagar,VAR,neighbor,True,frozen_value
2025-03-16 01:00:00,25.7,1000.4,54.0,AWS-VAR-101,Ramnagar,VAR,neighbor,True,frozen_value
2025-03-16 02:00:00,25.7,1000.4,54.0,AWS-VAR-101,Ramnagar,VAR,neighbor,True,frozen_value
2025-03-16 03:00:00,25.7,1000.4,54.0,AWS-VAR-101,Ramnagar,VAR,neighbor,True,frozen_value
2025-03-16 04:00:00,25.7,1000.4,54.0,AWS-VAR-101,Ramnagar,VAR,neighbor,True,frozen_value
2025-03-16 05:00:00,25.7,1000.4,54.0,AWS-VAR-101,Ramnagar,VAR,neighbor,True,frozen_value
2025-03-16 06:00:00,25.7,,54.0,AWS-VAR-101,Ramnagar,VAR,neighbor,True,dropout
2025-03-16 07:00:00,25.7,1000.4,54.0,AWS-VAR-101,Ramnagar,VAR,neighbor,True,frozen_value
2025-03-16 08:00:00,25.7,1000.4,54.0,AWS-VAR-101,Ramnagar,VAR,neighbor,True,frozen_value
2025-03-16 09:00:00,25.7,1000.4,54.0,AWS-VAR-101,Ramnagar,VAR,neighbor,True,frozen_value
2025-03-16 10:00:00,25.7,1000.4,54.0,AWS-VAR-101,Ramnagar,VAR,neighbor,True,frozen_value
2025-03-16 11:00:00,25.7,1000.4,54.0,AWS-VAR-101,Ramnagar,VAR,neighbor,True,frozen_value
2025-03-16 12:00:00,25.7,1000.4,54.0,AWS-VAR-101,Ramnagar,VAR,neighbor,True,frozen_value
2025-03-16 13:00:00,25.7,1000.4,54.0,AWS-VAR-101,Ramnagar,VAR,neighbor,True,frozen_value
2025-03-16 14:00:00,25.7,1000.4,54.0,AWS-VAR-101,Ramnagar,VAR,neighbor,True,frozen_value
2025-03-16 15:00:00,25.7,1000.4,54.0,AWS-VAR-101,Ramnagar,VAR,neighbor,True,frozen_value
2025-03-16 16:00:00,25.7,1000.4,54.0,AWS-VAR-101,Ramnagar,VAR,neighbor,True,frozen_value
2025-03-16 17:00:00,25.7,1000.4,54.0,AWS-VAR-101,Ramnagar,VAR,neighbor,True,frozen_value
2025-03-16 18:00:00,25.7,1000.4,54.0,AWS-VAR-101,Ramnagar,VAR,neighbor,True,frozen_value
2025-03-16 19:00:00,25.7,1000.4,54.0,AWS-VAR-101,Ramnagar,VAR,neighbor,True,frozen_value
2025-03-16 20:00:00,25.7,1000.4,54.0,AWS-VAR-101,Ramnagar,VAR,neighbor,True,frozen_value
2025-03-16 21:00:00,25.7,1000.4,54.0,AWS-VAR-101,Ramnagar,VAR,neighbor,True,frozen_value
2025-03-16 22:00:00,25.7,1000.4,54.0,AWS-VAR-101,Ramnagar,VAR,neighbor,True,frozen_value
2025-03-16 23:00:00,25.7,1000.4,54.0,AWS-VAR-101,Ramnagar,VAR,neighbor,True,frozen_value
2025-03-17 00:00:00,25.7,1000.4,54.0,AWS-VAR-101,Ramnagar,VAR,neighbor,True,frozen_value
2025-03-17 01:00:00,25.7,1000.4,54.0,AWS-VAR-101,Ramnagar,VAR,neighbor,True,frozen_value
2025-03-17 02:00:00,25.7,1000.4,54.0,AWS-VAR-101,Ramnagar,VAR,neighbor,True,frozen_value
2025-03-17 03:00:00,25.7,1000.4,54.0,AWS-VAR-101,Ramnagar,VAR,neighbor,True,frozen_value
2025-03-17 04:00:00,25.7,1000.4,54.0,AWS-VAR-101,Ramnagar,VAR,neighbor,True,frozen_value
2025-03-17 05:00:00,25.7,1000.4,54.0,AWS-VAR-101,Ramnagar,VAR,neighbor,True,frozen_value
2025-03-17 06:00:00,23.0,999.1,67.0,AWS-VAR-101,Ramnagar,VAR,neighbor,False,
2025-03-17 07:00:00,24.9,1000.4,60.0,AWS-VAR-101,Ramnagar,VAR,neighbor,False,
2025-03-17 08:00:00,27.7,1001.9,48.0,AWS-VAR-101,Ramnagar,VAR,neighbor,False,
2025-03-17 09:00:00,29.3,1002.6,41.0,AWS-VAR-101,Ramnagar,VAR,neighbor,False,
2025-03-17 10:00:00,30.8,1002.8,36.0,AWS-VAR-101,Ramnagar,VAR,neighbor,False,
2025-03-17 11:00:00,32.0,1002.4,31.0,AWS-VAR-101,Ramnagar,VAR,neighbor,False,
2025-03-17 12:00:00,32.8,1001.2,28.0,AWS-VAR-101,Ramnagar,VAR,neighbor,False,
2025-03-17 13:00:00,33.4,1000.0,27.0,AWS-VAR-101,Ramnagar,VAR,neighbor,False,
2025-03-17 14:00:00,33.6,998.9,27.0,AWS-VAR-101,Ramnagar,VAR,neighbor,False,
2025-03-17 15:00:00,33.2,998.2,26.0,AWS-VAR-101,Ramnagar,VAR,neighbor,False,
2025-03-17 16:00:00,32.8,998.1,26.0,AWS-VAR-101,Ramnagar,VAR,neighbor,False,
2025-03-17 17:00:00,31.7,998.6,28.0,AWS-VAR-101,Ramnagar,VAR,neighbor,False,
2025-03-17 18:00:00,30.4,999.7,29.0,AWS-VAR-101,Ramnagar,VAR,neighbor,False,
2025-03-17 19:00:00,29.2,1000.4,29.0,AWS-VAR-101,Ramnagar,VAR,neighbor,False,
2025-03-17 20:00:00,28.3,1001.4,30.0,AWS-VAR-101,Ramnagar,VAR,neighbor,False,
2025-03-17 21:00:00,27.3,1002.0,31.0,AWS-VAR-101,Ramnagar,VAR,neighbor,False,
2025-03-17 22:00:00,26.5,1002.4,30.0,AWS-VAR-101,Ramnagar,VAR,neighbor,False,
2025-03-17 23:00:00,25.6,1002.3,31.0,AWS-VAR-101,Ramnagar,VAR,neighbor,False,
2025-03-18 00:00:00,24.3,1001.9,34.0,AWS-VAR-101,Ramnagar,VAR,neighbor,False,
2025-03-18 01:00:00,23.3,1001.3,37.0,AWS-VAR-101,Ramnagar,VAR,neighbor,False,
2025-03-18 02:00:00,22.4,1000.7,39.0,AWS-VAR-101,Ramnagar,VAR,neighbor,False,
2025-03-18 03:00:00,21.4,1000.6,42.0,AWS-VAR-101,Ramnagar,VAR,neighbor,False,
2025-03-18 04:00:00,20.3,1001.0,46.0,AWS-VAR-101,Ramnagar,VAR,neighbor,False,
2025-03-18 05:00:00,19.6,1001.3,50.0,AWS-VAR-101,Ramnagar,VAR,neighbor,False,
2025-03-18 06:00:00,19.5,1002.2,58.0,AWS-VAR-101,Ramnagar,VAR,neighbor,False,
2025-03-18 07:00:00,21.3,1002.8,54.0,AWS-VAR-101,Ramnagar,VAR,neighbor,False,
2025-03-18 08:00:00,24.3,1003.5,45.0,AWS-VAR-101,Ramnagar,VAR,neighbor,False,
2025-03-18 09:00:00,27.0,1003.7,38.0,AWS-VAR-101,Ramnagar,VAR,neighbor,False,
2025-03-18 10:00:00,29.3,1003.5,30.0,AWS-VAR-101,Ramnagar,VAR,neighbor,False,
2025-03-18 11:00:00,30.7,1002.9,26.0,AWS-VAR-101,Ramnagar,VAR,neighbor,False,
2025-03-18 12:00:00,31.7,1002.0,24.0,AWS-VAR-101,Ramnagar,VAR,neighbor,False,
2025-03-18 13:00:00,32.4,1000.7,21.0,AWS-VAR-101,Ramnagar,VAR,neighbor,False,
2025-03-18 14:00:00,32.6,999.8,19.0,AWS-VAR-101,Ramnagar,VAR,neighbor,False,
2025-03-18 15:00:00,32.6,999.4,17.0,AWS-VAR-101,Ramnagar,VAR,neighbor,False,
2025-03-18 16:00:00,31.9,999.5,18.0,AWS-VAR-101,Ramnagar,VAR,neighbor,False,
2025-03-18 17:00:00,30.6,1000.0,20.0,AWS-VAR-101,Ramnagar,VAR,neighbor,False,
2025-03-18 18:00:00,28.7,1000.7,24.0,AWS-VAR-101,Ramnagar,VAR,neighbor,False,
2025-03-18 19:00:00,27.2,1001.3,27.0,AWS-VAR-101,Ramnagar,VAR,neighbor,False,
2025-03-18 20:00:00,26.5,1002.1,28.0,AWS-VAR-101,Ramnagar,VAR,neighbor,False,
2025-03-18 21:00:00,25.8,1002.6,29.0,AWS-VAR-101,Ramnagar,VAR,neighbor,False,
2025-03-18 22:00:00,24.9,1003.2,31.0,AWS-VAR-101,Ramnagar,VAR,neighbor,False,
2025-03-18 23:00:00,23.9,1003.0,33.0,AWS-VAR-101,Ramnagar,VAR,neighbor,False,
2025-03-19 00:00:00,22.9,1002.8,34.0,AWS-VAR-101,Ramnagar,VAR,neighbor,False,
2025-03-19 01:00:00,22.0,1002.2,37.0,AWS-VAR-101,Ramnagar,VAR,neighbor,False,
2025-03-19 02:00:00,20.5,1001.6,42.0,AWS-VAR-101,Ramnagar,VAR,neighbor,False,
2025-03-19 03:00:00,19.2,1001.5,48.0,AWS-VAR-101,Ramnagar,VAR,neighbor,False,
2025-03-19 04:00:00,18.5,1002.0,54.0,AWS-VAR-101,Ramnagar,VAR,neighbor,False,
2025-03-19 05:00:00,17.9,1002.5,58.0,AWS-VAR-101,Ramnagar,VAR,neighbor,False,
2025-03-19 06:00:00,18.3,1003.7,64.0,AWS-VAR-101,Ramnagar,VAR,neighbor,False,
2025-03-19 07:00:00,20.6,1004.7,55.0,AWS-VAR-101,Ramnagar,VAR,neighbor,False,
2025-03-19 08:00:00,24.5,1005.2,43.0,AWS-VAR-101,Ramnagar,VAR,neighbor,False,
2025-03-19 09:00:00,27.7,1005.6,33.0,AWS-VAR-101,Ramnagar,VAR,neighbor,False,
2025-03-19 10:00:00,29.8,1005.8,26.0,AWS-VAR-101,Ramnagar,VAR,neighbor,False,
2025-03-19 11:00:00,31.2,1004.9,23.0,AWS-VAR-101,Ramnagar,VAR,neighbor,False,
2025-03-19 12:00:00,32.2,1004.2,21.0,AWS-VAR-101,Ramnagar,VAR,neighbor,False,
2025-03-19 13:00:00,32.8,1003.2,20.0,AWS-VAR-101,Ramnagar,VAR,neighbor,False,
2025-03-19 14:00:00,33.1,1002.4,19.0,AWS-VAR-101,Ramnagar,VAR,neighbor,False,
2025-03-19 15:00:00,33.0,1001.8,19.0,AWS-VAR-101,Ramnagar,VAR,neighbor,False,
2025-03-19 16:00:00,32.5,1001.3,21.0,AWS-VAR-101,Ramnagar,VAR,neighbor,False,
2025-03-19 17:00:00,31.6,1001.3,24.0,AWS-VAR-101,Ramnagar,VAR,neighbor,False,
2025-03-19 18:00:00,30.2,1001.9,28.0,AWS-VAR-101,Ramnagar,VAR,neighbor,False,
2025-03-19 19:00:00,28.5,1002.8,31.0,AWS-VAR-101,Ramnagar,VAR,neighbor,False,
2025-03-19 20:00:00,27.2,1003.4,32.0,AWS-VAR-101,Ramnagar,VAR,neighbor,False,
2025-03-19 21:00:00,26.5,1004.1,35.0,AWS-VAR-101,Ramnagar,VAR,neighbor,False,
2025-03-19 22:00:00,26.1,1003.9,35.0,AWS-VAR-101,Ramnagar,VAR,neighbor,False,
2025-03-19 23:00:00,25.3,1004.1,42.0,AWS-VAR-101,Ramnagar,VAR,neighbor,False,
2025-03-20 00:00:00,24.2,1004.2,45.0,AWS-VAR-101,Ramnagar,VAR,neighbor,False,
2025-03-20 01:00:00,23.2,1004.0,45.0,AWS-VAR-101,Ramnagar,VAR,neighbor,False,
2025-03-20 02:00:00,21.9,1003.8,53.0,AWS-VAR-101,Ramnagar,VAR,neighbor,False,
2025-03-20 03:00:00,21.5,1003.6,54.0,AWS-VAR-101,Ramnagar,VAR,neighbor,False,
2025-03-20 04:00:00,20.8,1003.7,60.0,AWS-VAR-101,Ramnagar,VAR,neighbor,False,
2025-03-20 05:00:00,20.5,1004.1,60.0,AWS-VAR-101,Ramnagar,VAR,neighbor,False,
2025-03-20 06:00:00,21.2,1005.2,64.0,AWS-VAR-101,Ramnagar,VAR,neighbor,False,
2025-03-20 07:00:00,23.2,1005.7,57.0,AWS-VAR-101,Ramnagar,VAR,neighbor,False,
2025-03-20 08:00:00,-35.0,1006.3,50.0,AWS-VAR-101,Ramnagar,VAR,neighbor,True,sensor_fail_low
2025-03-20 09:00:00,-35.0,1006.7,39.0,AWS-VAR-101,Ramnagar,VAR,neighbor,True,sensor_fail_low
2025-03-20 10:00:00,-35.0,1007.3,35.0,AWS-VAR-101,Ramnagar,VAR,neighbor,True,sensor_fail_low
2025-03-20 11:00:00,32.5,1006.2,29.0,AWS-VAR-101,Ramnagar,VAR,neighbor,False,
2025-03-20 12:00:00,33.3,1005.1,30.0,AWS-VAR-101,Ramnagar,VAR,neighbor,False,
2025-03-20 13:00:00,33.7,1003.6,29.0,AWS-VAR-101,Ramnagar,VAR,neighbor,False,
2025-03-20 14:00:00,33.3,1002.4,31.0,AWS-VAR-101,Ramnagar,VAR,neighbor,False,
2025-03-20 15:00:00,31.5,1001.7,37.0,AWS-VAR-101,Ramnagar,VAR,neighbor,False,
2025-03-20 16:00:00,28.8,1001.6,46.0,AWS-VAR-101,Ramnagar,VAR,neighbor,False,
2025-03-20 17:00:00,28.5,1001.3,48.0,AWS-VAR-101,Ramnagar,VAR,neighbor,False,
2025-03-20 18:00:00,27.9,1002.0,50.0,AWS-VAR-101,Ramnagar,VAR,neighbor,False,
2025-03-20 19:00:00,27.6,1002.9,50.0,AWS-VAR-101,Ramnagar,VAR,neighbor,False,
2025-03-20 20:00:00,26.9,1003.7,53.0,AWS-VAR-101,Ramnagar,VAR,neighbor,False,
2025-03-20 21:00:00,26.1,1004.5,56.0,AWS-VAR-101,Ramnagar,VAR,neighbor,False,
2025-03-20 22:00:00,25.4,1004.5,63.0,AWS-VAR-101,Ramnagar,VAR,neighbor,False,
2025-03-20 23:00:00,24.3,1003.9,69.0,AWS-VAR-101,Ramnagar,VAR,neighbor,False,
2025-03-21 00:00:00,24.1,1003.7,69.0,AWS-VAR-101,Ramnagar,VAR,neighbor,False,
2025-03-21 01:00:00,23.9,1003.1,69.0,AWS-VAR-101,Ramnagar,VAR,neighbor,False,
2025-03-21 02:00:00,23.4,1002.8,71.0,AWS-VAR-101,Ramnagar,VAR,neighbor,False,
2025-03-21 03:00:00,22.8,1002.9,73.0,AWS-VAR-101,Ramnagar,VAR,neighbor,False,
2025-03-21 04:00:00,22.9,1003.6,72.0,AWS-VAR-101,Ramnagar,VAR,neighbor,False,
2025-03-21 05:00:00,22.8,1003.6,71.0,AWS-VAR-101,Ramnagar,VAR,neighbor,False,
2025-03-21 06:00:00,22.7,1004.6,79.0,AWS-VAR-101,Ramnagar,VAR,neighbor,False,
2025-03-21 07:00:00,24.1,1005.3,72.0,AWS-VAR-101,Ramnagar,VAR,neighbor,False,
2025-03-21 08:00:00,26.3,1006.4,61.0,AWS-VAR-101,Ramnagar,VAR,neighbor,False,
2025-03-21 09:00:00,27.1,1006.4,58.0,AWS-VAR-101,Ramnagar,VAR,neighbor,False,
2025-03-21 10:00:00,30.4,1006.1,45.0,AWS-VAR-101,Ramnagar,VAR,neighbor,False,
2025-03-21 11:00:00,31.4,1004.8,39.0,AWS-VAR-101,Ramnagar,VAR,neighbor,False,
2025-03-21 12:00:00,33.1,1003.6,33.0,AWS-VAR-101,Ramnagar,VAR,neighbor,False,
2025-03-21 13:00:00,32.0,1002.7,35.0,AWS-VAR-101,Ramnagar,VAR,neighbor,False,
2025-03-21 14:00:00,31.3,1001.8,36.0,AWS-VAR-101,Ramnagar,VAR,neighbor,False,
2025-03-21 15:00:00,29.3,1001.5,46.0,AWS-VAR-101,Ramnagar,VAR,neighbor,False,
2025-03-21 16:00:00,29.5,1000.7,47.0,AWS-VAR-101,Ramnagar,VAR,neighbor,False,
2025-03-21 17:00:00,28.9,1001.0,48.0,AWS-VAR-101,Ramnagar,VAR,neighbor,False,
2025-03-21 18:00:00,29.4,1000.8,37.0,AWS-VAR-101,Ramnagar,VAR,neighbor,False,
2025-03-21 19:00:00,27.8,1001.4,43.0,AWS-VAR-101,Ramnagar,VAR,neighbor,False,
2025-03-21 20:00:00,27.2,1002.4,46.0,AWS-VAR-101,Ramnagar,VAR,neighbor,False,
2025-03-21 21:00:00,26.1,1002.8,51.0,AWS-VAR-101,Ramnagar,VAR,neighbor,False,
2025-03-21 22:00:00,24.6,1002.7,60.0,AWS-VAR-101,Ramnagar,VAR,neighbor,False,
2025-03-21 23:00:00,23.3,1002.6,68.0,AWS-VAR-101,Ramnagar,VAR,neighbor,False,
2025-03-22 00:00:00,22.4,1002.3,72.0,AWS-VAR-101,Ramnagar,VAR,neighbor,False,
2025-03-22 01:00:00,21.7,1002.0,75.0,AWS-VAR-101,Ramnagar,VAR,neighbor,False,
2025-03-22 02:00:00,21.1,1001.7,78.0,AWS-VAR-101,Ramnagar,VAR,neighbor,False,
2025-03-22 03:00:00,20.6,1001.7,80.0,AWS-VAR-101,Ramnagar,VAR,neighbor,False,
2025-03-22 04:00:00,20.1,1002.0,82.0,AWS-VAR-101,Ramnagar,VAR,neighbor,False,
2025-03-22 05:00:00,19.5,1002.5,85.0,AWS-VAR-101,Ramnagar,VAR,neighbor,False,
2025-03-22 06:00:00,19.5,1003.2,86.0,AWS-VAR-101,Ramnagar,VAR,neighbor,False,
2025-03-22 07:00:00,21.5,1004.5,76.0,AWS-VAR-101,Ramnagar,VAR,neighbor,False,
2025-03-22 08:00:00,24.4,1005.3,63.0,AWS-VAR-101,Ramnagar,VAR,neighbor,False,
2025-03-22 09:00:00,27.7,1005.4,45.0,AWS-VAR-101,Ramnagar,VAR,neighbor,False,
2025-03-22 10:00:00,30.3,1005.4,32.0,AWS-VAR-101,Ramnagar,VAR,neighbor,False,
2025-03-22 11:00:00,32.3,1004.6,24.0,AWS-VAR-101,Ramnagar,VAR,neighbor,False,
2025-03-22 12:00:00,33.6,1003.3,18.0,AWS-VAR-101,Ramnagar,VAR,neighbor,False,
2025-03-22 13:00:00,34.0,1002.1,16.0,AWS-VAR-101,Ramnagar,VAR,neighbor,False,
2025-03-22 14:00:00,34.0,1001.1,16.0,AWS-VAR-101,Ramnagar,VAR,neighbor,False,
2025-03-22 15:00:00,33.7,1000.9,16.0,AWS-VAR-101,Ramnagar,VAR,neighbor,False,
2025-03-22 16:00:00,33.0,1001.0,16.0,AWS-VAR-101,Ramnagar,VAR,neighbor,False,
2025-03-22 17:00:00,31.7,1001.3,17.0,AWS-VAR-101,Ramnagar,VAR,neighbor,False,
2025-03-22 18:00:00,27.6,1002.4,31.0,AWS-VAR-101,Ramnagar,VAR,neighbor,False,
2025-03-22 19:00:00,26.7,1003.3,34.0,AWS-VAR-101,Ramnagar,VAR,neighbor,False,
2025-03-22 20:00:00,25.4,1003.9,32.0,AWS-VAR-101,Ramnagar,VAR,neighbor,False,
2025-03-22 21:00:00,25.2,1004.2,32.0,AWS-VAR-101,Ramnagar,VAR,neighbor,False,
2025-03-22 22:00:00,24.3,1004.0,41.0,AWS-VAR-101,Ramnagar,VAR,neighbor,False,
2025-03-22 23:00:00,23.6,1004.7,32.0,AWS-VAR-101,Ramnagar,VAR,neighbor,False,
2025-03-23 00:00:00,23.4,1005.3,33.0,AWS-VAR-101,Ramnagar,VAR,neighbor,False,
2025-03-23 01:00:00,21.9,1003.8,44.0,AWS-VAR-101,Ramnagar,VAR,neighbor,False,
2025-03-23 02:00:00,22.0,1003.0,52.0,AWS-VAR-101,Ramnagar,VAR,neighbor,False,
2025-03-23 03:00:00,20.7,1002.6,50.0,AWS-VAR-101,Ramnagar,VAR,neighbor,False,
2025-03-23 04:00:00,20.1,1002.9,49.0,AWS-VAR-101,Ramnagar,VAR,neighbor,False,
2025-03-23 05:00:00,19.7,1003.5,50.0,AWS-VAR-101,Ramnagar,VAR,neighbor,False,
2025-03-23 06:00:00,21.1,1004.7,59.0,AWS-VAR-101,Ramnagar,VAR,neighbor,False,
2025-03-23 07:00:00,22.6,1006.2,51.0,AWS-VAR-101,Ramnagar,VAR,neighbor,False,
2025-03-23 08:00:00,25.4,1006.7,40.0,AWS-VAR-101,Ramnagar,VAR,neighbor,False,
2025-03-23 09:00:00,28.5,1006.8,31.0,AWS-VAR-101,Ramnagar,VAR,neighbor,False,
2025-03-23 10:00:00,30.8,1006.5,24.0,AWS-VAR-101,Ramnagar,VAR,neighbor,False,
2025-03-23 11:00:00,32.2,1005.6,20.0,AWS-VAR-101,Ramnagar,VAR,neighbor,False,
2025-03-23 12:00:00,32.9,1004.5,19.0,AWS-VAR-101,Ramnagar,VAR,neighbor,False,
2025-03-23 13:00:00,33.2,1003.1,18.0,AWS-VAR-101,Ramnagar,VAR,neighbor,False,
2025-03-23 14:00:00,33.3,1002.1,18.0,AWS-VAR-101,Ramnagar,VAR,neighbor,False,
2025-03-23 15:00:00,32.8,1001.7,18.0,AWS-VAR-101,Ramnagar,VAR,neighbor,False,
2025-03-23 16:00:00,32.1,1001.7,19.0,AWS-VAR-101,Ramnagar,VAR,neighbor,False,
2025-03-23 17:00:00,31.1,1001.9,20.0,AWS-VAR-101,Ramnagar,VAR,neighbor,False,
2025-03-23 18:00:00,28.0,1002.9,28.0,AWS-VAR-101,Ramnagar,VAR,neighbor,False,
2025-03-23 19:00:00,27.0,1003.6,31.0,AWS-VAR-101,Ramnagar,VAR,neighbor,False,
2025-03-23 20:00:00,26.2,1004.7,37.0,AWS-VAR-101,Ramnagar,VAR,neighbor,False,
2025-03-23 21:00:00,25.4,1004.8,38.0,AWS-VAR-101,Ramnagar,VAR,neighbor,False,
2025-03-23 22:00:00,23.9,1004.8,45.0,AWS-VAR-101,Ramnagar,VAR,neighbor,False,
2025-03-23 23:00:00,22.1,1004.6,53.0,AWS-VAR-101,Ramnagar,VAR,neighbor,False,
2025-03-24 00:00:00,21.4,1004.5,56.0,AWS-VAR-101,Ramnagar,VAR,neighbor,False,
2025-03-24 01:00:00,20.8,1004.1,115.0,AWS-VAR-101,Ramnagar,VAR,neighbor,True,physical_bounds
2025-03-24 02:00:00,19.7,1003.7,61.0,AWS-VAR-101,Ramnagar,VAR,neighbor,False,
2025-03-24 03:00:00,19.4,1003.5,61.0,AWS-VAR-101,Ramnagar,VAR,neighbor,False,
2025-03-24 04:00:00,18.9,1003.7,65.0,AWS-VAR-101,Ramnagar,VAR,neighbor,False,
2025-03-24 05:00:00,18.3,1004.3,69.0,AWS-VAR-101,Ramnagar,VAR,neighbor,False,
2025-03-24 06:00:00,19.3,1005.3,74.0,AWS-VAR-101,Ramnagar,VAR,neighbor,False,
2025-03-24 07:00:00,22.1,1006.3,61.0,AWS-VAR-101,Ramnagar,VAR,neighbor,False,
2025-03-24 08:00:00,25.6,1007.2,48.0,AWS-VAR-101,Ramnagar,VAR,neighbor,False,
2025-03-24 09:00:00,28.9,1007.2,38.0,AWS-VAR-101,Ramnagar,VAR,neighbor,False,
2025-03-24 10:00:00,31.3,1006.8,30.0,AWS-VAR-101,Ramnagar,VAR,neighbor,False,
2025-03-24 11:00:00,32.7,1005.8,24.0,AWS-VAR-101,Ramnagar,VAR,neighbor,False,
2025-03-24 12:00:00,33.6,1004.5,21.0,AWS-VAR-101,Ramnagar,VAR,neighbor,False,
2025-03-24 13:00:00,34.1,1003.0,20.0,AWS-VAR-101,Ramnagar,VAR,neighbor,False,
2025-03-24 14:00:00,34.3,1001.7,20.0,AWS-VAR-101,Ramnagar,VAR,neighbor,False,
2025-03-24 15:00:00,34.1,1001.1,20.0,AWS-VAR-101,Ramnagar,VAR,neighbor,False,
2025-03-24 16:00:00,33.4,1001.1,20.0,AWS-VAR-101,Ramnagar,VAR,neighbor,False,
2025-03-24 17:00:00,31.9,1001.2,22.0,AWS-VAR-101,Ramnagar,VAR,neighbor,False,
2025-03-24 18:00:00,29.6,1001.8,29.0,AWS-VAR-101,Ramnagar,VAR,neighbor,False,
2025-03-24 19:00:00,28.1,1002.7,29.0,AWS-VAR-101,Ramnagar,VAR,neighbor,False,
2025-03-24 20:00:00,27.7,1003.4,34.0,AWS-VAR-101,Ramnagar,VAR,neighbor,False,
2025-03-24 21:00:00,26.7,1004.0,38.0,AWS-VAR-101,Ramnagar,VAR,neighbor,False,
2025-03-24 22:00:00,25.2,1003.5,42.0,AWS-VAR-101,Ramnagar,VAR,neighbor,False,
2025-03-24 23:00:00,23.8,1002.9,47.0,AWS-VAR-101,Ramnagar,VAR,neighbor,False,
2025-03-25 00:00:00,22.7,1002.2,51.0,AWS-VAR-101,Ramnagar,VAR,neighbor,False,
2025-03-25 01:00:00,21.3,1001.8,56.0,AWS-VAR-101,Ramnagar,VAR,neighbor,False,
2025-03-25 02:00:00,20.8,1001.0,59.0,AWS-VAR-101,Ramnagar,VAR,neighbor,False,
2025-03-25 03:00:00,19.9,1000.6,63.0,AWS-VAR-101,Ramnagar,VAR,neighbor,False,
2025-03-25 04:00:00,19.4,1000.4,65.0,AWS-VAR-101,Ramnagar,VAR,neighbor,False,
2025-03-25 05:00:00,19.2,1000.7,66.0,AWS-VAR-101,Ramnagar,VAR,neighbor,False,
2025-03-25 06:00:00,20.1,1001.4,66.0,AWS-VAR-101,Ramnagar,VAR,neighbor,False,
2025-03-25 07:00:00,22.6,1002.2,57.0,AWS-VAR-101,Ramnagar,VAR,neighbor,False,
2025-03-25 08:00:00,26.2,1002.7,45.0,AWS-VAR-101,Ramnagar,VAR,neighbor,False,
2025-03-25 09:00:00,30.0,1002.9,35.0,AWS-VAR-101,Ramnagar,VAR,neighbor,False,
2025-03-25 10:00:00,32.6,1002.4,24.0,AWS-VAR-101,Ramnagar,VAR,neighbor,False,
2025-03-25 11:00:00,33.8,1001.4,20.0,AWS-VAR-101,Ramnagar,VAR,neighbor,False,
2025-03-25 12:00:00,34.5,1000.3,18.0,AWS-VAR-101,Ramnagar,VAR,neighbor,False,
2025-03-25 13:00:00,34.8,998.9,17.0,AWS-VAR-101,Ramnagar,VAR,neighbor,False,
2025-03-25 14:00:00,34.7,997.7,16.0,AWS-VAR-101,Ramnagar,VAR,neighbor,False,
2025-03-25 15:00:00,34.3,997.1,18.0,AWS-VAR-101,Ramnagar,VAR,neighbor,False,
2025-03-25 16:00:00,33.8,996.9,21.0,AWS-VAR-101,Ramnagar,VAR,neighbor,False,
2025-03-25 17:00:00,32.9,996.9,22.0,AWS-VAR-101,Ramnagar,VAR,neighbor,False,
2025-03-25 18:00:00,30.3,997.2,28.0,AWS-VAR-101,Ramnagar,VAR,neighbor,False,
2025-03-25 19:00:00,29.7,997.7,30.0,AWS-VAR-101,Ramnagar,VAR,neighbor,False,
2025-03-25 20:00:00,28.6,998.4,32.0,AWS-VAR-101,Ramnagar,VAR,neighbor,False,
2025-03-25 21:00:00,27.0,998.9,35.0,AWS-VAR-101,Ramnagar,VAR,neighbor,False,
2025-03-25 22:00:00,25.2,998.8,38.0,AWS-VAR-101,Ramnagar,VAR,neighbor,False,
2025-03-25 23:00:00,24.1,998.1,43.0,AWS-VAR-101,Ramnagar,VAR,neighbor,False,
2025-03-26 00:00:00,23.0,997.6,46.0,AWS-VAR-101,Ramnagar,VAR,neighbor,False,
2025-03-26 01:00:00,22.3,997.1,48.0,AWS-VAR-101,Ramnagar,VAR,neighbor,False,
2025-03-26 02:00:00,21.8,996.5,50.0,AWS-VAR-101,Ramnagar,VAR,neighbor,False,
2025-03-26 03:00:00,20.8,996.1,54.0,AWS-VAR-101,Ramnagar,VAR,neighbor,False,
2025-03-26 04:00:00,20.3,996.2,58.0,AWS-VAR-101,Ramnagar,VAR,neighbor,False,
2025-03-26 05:00:00,19.9,996.7,60.0,AWS-VAR-101,Ramnagar,VAR,neighbor,False,
2025-03-26 06:00:00,21.3,997.6,60.0,AWS-VAR-101,Ramnagar,VAR,neighbor,False,
2025-03-26 07:00:00,24.0,998.5,49.0,AWS-VAR-101,Ramnagar,VAR,neighbor,False,
2025-03-26 08:00:00,28.0,999.3,39.0,AWS-VAR-101,Ramnagar,VAR,neighbor,False,
2025-03-26 09:00:00,31.8,999.7,29.0,AWS-VAR-101,Ramnagar,VAR,neighbor,False,
2025-03-26 10:00:00,34.3,999.5,22.0,AWS-VAR-101,Ramnagar,VAR,neighbor,False,
2025-03-26 11:00:00,35.6,998.8,19.0,AWS-VAR-101,Ramnagar,VAR,neighbor,False,
2025-03-26 12:00:00,36.4,997.9,18.0,AWS-VAR-101,Ramnagar,VAR,neighbor,False,
2025-03-26 13:00:00,36.6,996.8,18.0,AWS-VAR-101,Ramnagar,VAR,neighbor,False,
2025-03-26 14:00:00,37.0,995.8,18.0,AWS-VAR-101,Ramnagar,VAR,neighbor,False,
2025-03-26 15:00:00,37.4,995.0,15.0,AWS-VAR-101,Ramnagar,VAR,neighbor,False,
2025-03-26 16:00:00,36.5,994.9,16.0,AWS-VAR-101,Ramnagar,VAR,neighbor,False,
2025-03-26 17:00:00,35.5,994.7,17.0,AWS-VAR-101,Ramnagar,VAR,neighbor,False,
2025-03-26 18:00:00,32.5,995.2,21.0,AWS-VAR-101,Ramnagar,VAR,neighbor,False,
2025-03-26 19:00:00,31.4,995.5,22.0,AWS-VAR-101,Ramnagar,VAR,neighbor,False,
2025-03-26 20:00:00,28.8,996.4,25.0,AWS-VAR-101,Ramnagar,VAR,neighbor,False,
2025-03-26 21:00:00,28.0,996.7,29.0,AWS-VAR-101,Ramnagar,VAR,neighbor,False,
2025-03-26 22:00:00,27.4,996.9,30.0,AWS-VAR-101,Ramnagar,VAR,neighbor,False,
2025-03-26 23:00:00,27.1,996.6,29.0,AWS-VAR-101,Ramnagar,VAR,neighbor,False,
2025-03-27 00:00:00,26.0,996.2,32.0,AWS-VAR-101,Ramnagar,VAR,neighbor,False,
2025-03-27 01:00:00,24.2,995.6,37.0,AWS-VAR-101,Ramnagar,VAR,neighbor,False,
2025-03-27 02:00:00,23.7,994.9,39.0,AWS-VAR-101,Ramnagar,VAR,neighbor,False,
2025-03-27 03:00:00,23.3,994.8,41.0,AWS-VAR-101,Ramnagar,VAR,neighbor,False,
2025-03-27 04:00:00,22.8,995.0,42.0,AWS-VAR-101,Ramnagar,VAR,neighbor,False,
2025-03-27 05:00:00,22.4,995.5,41.0,AWS-VAR-101,Ramnagar,VAR,neighbor,False,
2025-03-27 06:00:00,23.0,996.4,44.0,AWS-VAR-101,Ramnagar,VAR,neighbor,False,
2025-03-27 07:00:00,25.3,997.1,40.0,AWS-VAR-101,Ramnagar,VAR,neighbor,False,
2025-03-27 08:00:00,28.6,997.8,33.0,AWS-VAR-101,Ramnagar,VAR,neighbor,False,
2025-03-27 09:00:00,32.3,997.9,26.0,AWS-VAR-101,Ramnagar,VAR,neighbor,False,
2025-03-27 10:00:00,35.3,997.8,21.0,AWS-VAR-101,Ramnagar,VAR,neighbor,False,
2025-03-27 11:00:00,37.3,996.9,17.0,AWS-VAR-101,Ramnagar,VAR,neighbor,False,
2025-03-27 12:00:00,38.3,995.8,15.0,AWS-VAR-101,Ramnagar,VAR,neighbor,False,
2025-03-27 13:00:00,39.2,994.6,14.0,AWS-VAR-101,Ramnagar,VAR,neighbor,False,
2025-03-27 14:00:00,39.3,993.5,13.0,AWS-VAR-101,Ramnagar,VAR,neighbor,False,
2025-03-27 15:00:00,39.1,993.0,13.0,AWS-VAR-101,Ramnagar,VAR,neighbor,False,
2025-03-27 16:00:00,38.5,992.7,13.0,AWS-VAR-101,Ramnagar,VAR,neighbor,False,
2025-03-27 17:00:00,36.6,992.9,16.0,AWS-VAR-101,Ramnagar,VAR,neighbor,False,
2025-03-27 18:00:00,33.5,993.0,22.0,AWS-VAR-101,Ramnagar,VAR,neighbor,False,
2025-03-27 19:00:00,31.9,993.7,26.0,AWS-VAR-101,Ramnagar,VAR,neighbor,False,
2025-03-27 20:00:00,30.8,994.4,26.0,AWS-VAR-101,Ramnagar,VAR,neighbor,False,
2025-03-27 21:00:00,30.1,995.2,24.0,AWS-VAR-101,Ramnagar,VAR,neighbor,False,
2025-03-27 22:00:00,29.2,995.4,25.0,AWS-VAR-101,Ramnagar,VAR,neighbor,False,
2025-03-27 23:00:00,28.1,995.1,27.0,AWS-VAR-101,Ramnagar,VAR,neighbor,False,
2025-03-28 00:00:00,27.0,994.9,30.0,AWS-VAR-101,Ramnagar,VAR,neighbor,False,
2025-03-28 01:00:00,26.1,994.6,33.0,AWS-VAR-101,Ramnagar,VAR,neighbor,False,
2025-03-28 02:00:00,25.6,994.0,34.0,AWS-VAR-101,Ramnagar,VAR,neighbor,False,
2025-03-28 03:00:00,24.8,993.8,36.0,AWS-VAR-101,Ramnagar,VAR,neighbor,False,
2025-03-28 04:00:00,24.1,994.4,38.0,AWS-VAR-101,Ramnagar,VAR,neighbor,False,
2025-03-28 05:00:00,23.5,995.1,41.0,AWS-VAR-101,Ramnagar,VAR,neighbor,False,
2025-03-28 06:00:00,24.0,996.2,44.0,AWS-VAR-101,Ramnagar,VAR,neighbor,False,
2025-03-28 07:00:00,26.3,997.1,40.0,AWS-VAR-101,Ramnagar,VAR,neighbor,False,
2025-03-28 08:00:00,29.6,997.9,34.0,AWS-VAR-101,Ramnagar,VAR,neighbor,False,
2025-03-28 09:00:00,32.9,998.3,28.0,AWS-VAR-101,Ramnagar,VAR,neighbor,False,
2025-03-28 10:00:00,35.4,998.4,24.0,AWS-VAR-101,Ramnagar,VAR,neighbor,False,
2025-03-28 11:00:00,37.0,997.8,21.0,AWS-VAR-101,Ramnagar,VAR,neighbor,False,
2025-03-28 12:00:00,37.9,997.0,19.0,AWS-VAR-101,Ramnagar,VAR,neighbor,False,
2025-03-28 13:00:00,38.5,995.8,18.0,AWS-VAR-101,Ramnagar,VAR,neighbor,False,
2025-03-28 14:00:00,38.6,994.6,18.0,AWS-VAR-101,Ramnagar,VAR,neighbor,False,
2025-03-28 15:00:00,38.4,993.8,17.0,AWS-VAR-101,Ramnagar,VAR,neighbor,False,
2025-03-28 16:00:00,37.9,993.8,18.0,AWS-VAR-101,Ramnagar,VAR,neighbor,False,
2025-03-28 17:00:00,36.4,994.0,20.0,AWS-VAR-101,Ramnagar,VAR,neighbor,False,
2025-03-28 18:00:00,33.7,994.1,24.0,AWS-VAR-101,Ramnagar,VAR,neighbor,False,
2025-03-28 19:00:00,32.0,994.9,29.0,AWS-VAR-101,Ramnagar,VAR,neighbor,False,
2025-03-28 20:00:00,30.9,995.9,29.0,AWS-VAR-101,Ramnagar,VAR,neighbor,False,
2025-03-28 21:00:00,29.8,996.4,29.0,AWS-VAR-101,Ramnagar,VAR,neighbor,False,
2025-03-28 22:00:00,28.8,996.7,30.0,AWS-VAR-101,Ramnagar,VAR,neighbor,False,
2025-03-28 23:00:00,28.3,996.7,29.0,AWS-VAR-101,Ramnagar,VAR,neighbor,False,
2025-03-29 00:00:00,27.8,996.3,27.0,AWS-VAR-101,Ramnagar,VAR,neighbor,False,
2025-03-29 01:00:00,27.0,995.9,26.0,AWS-VAR-101,Ramnagar,VAR,neighbor,False,
2025-03-29 02:00:00,26.0,995.7,26.0,AWS-VAR-101,Ramnagar,VAR,neighbor,False,
2025-03-29 03:00:00,24.9,995.4,26.0,AWS-VAR-101,Ramnagar,VAR,neighbor,False,
2025-03-29 04:00:00,23.6,996.0,27.0,AWS-VAR-101,Ramnagar,VAR,neighbor,False,
2025-03-29 05:00:00,22.3,996.9,28.0,AWS-VAR-101,Ramnagar,VAR,neighbor,False,
2025-03-29 06:00:00,21.3,998.3,33.0,AWS-VAR-101,Ramnagar,VAR,neighbor,False,
2025-03-29 07:00:00,22.9,999.4,32.0,AWS-VAR-101,Ramnagar,VAR,neighbor,False,
2025-03-29 08:00:00,25.1,1000.4,27.0,AWS-VAR-101,Ramnagar,VAR,neighbor,False,
2025-03-29 09:00:00,27.3,1000.7,24.0,AWS-VAR-101,Ramnagar,VAR,neighbor,False,
2025-03-29 10:00:00,29.6,1000.6,19.0,AWS-VAR-101,Ramnagar,VAR,neighbor,False,
2025-03-29 11:00:00,31.2,999.9,16.0,AWS-VAR-101,Ramnagar,VAR,neighbor,False,
2025-03-29 12:00:00,32.5,998.9,14.0,AWS-VAR-101,Ramnagar,VAR,neighbor,False,
2025-03-29 13:00:00,33.4,997.8,13.0,AWS-VAR-101,Ramnagar,VAR,neighbor,False,
2025-03-29 14:00:00,33.8,996.9,12.0,AWS-VAR-101,Ramnagar,VAR,neighbor,False,
2025-03-29 15:00:00,33.8,996.2,12.0,AWS-VAR-101,Ramnagar,VAR,neighbor,False,
2025-03-29 16:00:00,33.2,996.1,12.0,AWS-VAR-101,Ramnagar,VAR,neighbor,False,
2025-03-29 17:00:00,31.9,996.0,13.0,AWS-VAR-101,Ramnagar,VAR,neighbor,False,
2025-03-29 18:00:00,30.1,996.5,15.0,AWS-VAR-101,Ramnagar,VAR,neighbor,False,
2025-03-29 19:00:00,29.1,997.3,16.0,AWS-VAR-101,Ramnagar,VAR,neighbor,False,
2025-03-29 20:00:00,28.2,998.3,16.0,AWS-VAR-101,Ramnagar,VAR,neighbor,False,
2025-03-29 21:00:00,27.3,999.1,17.0,AWS-VAR-101,Ramnagar,VAR,neighbor,False,
2025-03-29 22:00:00,26.1,999.5,18.0,AWS-VAR-101,Ramnagar,VAR,neighbor,False,
2025-03-29 23:00:00,24.7,999.4,21.0,AWS-VAR-101,Ramnagar,VAR,neighbor,False,
2025-03-30 00:00:00,23.5,998.9,23.0,AWS-VAR-101,Ramnagar,VAR,neighbor,False,
2025-03-30 01:00:00,22.4,998.2,25.0,AWS-VAR-101,Ramnagar,VAR,neighbor,False,
2025-03-30 02:00:00,21.4,997.8,28.0,AWS-VAR-101,Ramnagar,VAR,neighbor,False,
2025-03-30 03:00:00,20.6,997.7,31.0,AWS-VAR-101,Ramnagar,VAR,neighbor,False,
2025-03-30 04:00:00,20.1,998.1,32.0,AWS-VAR-101,Ramnagar,VAR,neighbor,False,
2025-03-30 05:00:00,19.5,998.8,34.0,AWS-VAR-101,Ramnagar,VAR,neighbor,False,
2025-03-30 06:00:00,19.4,1000.2,38.0,AWS-VAR-101,Ramnagar,VAR,neighbor,False,
2025-03-30 07:00:00,21.4,1001.1,90.0,AWS-VAR-101,Ramnagar,VAR,neighbor,True,impossible_jump
2025-03-30 08:00:00,24.6,1001.9,28.0,AWS-VAR-101,Ramnagar,VAR,neighbor,False,
2025-03-30 09:00:00,27.4,1002.5,23.0,AWS-VAR-101,Ramnagar,VAR,neighbor,False,
2025-03-30 10:00:00,29.9,1002.7,19.0,AWS-VAR-101,Ramnagar,VAR,neighbor,False,
2025-03-30 11:00:00,31.6,1002.3,15.0,AWS-VAR-101,Ramnagar,VAR,neighbor,False,
2025-03-30 12:00:00,32.9,1001.3,13.0,AWS-VAR-101,Ramnagar,VAR,neighbor,False,
2025-03-30 13:00:00,33.7,1000.3,13.0,AWS-VAR-101,Ramnagar,VAR,neighbor,False,
2025-03-30 14:00:00,34.0,999.1,13.0,AWS-VAR-101,Ramnagar,VAR,neighbor,False,
2025-03-30 15:00:00,34.0,998.4,13.0,AWS-VAR-101,Ramnagar,VAR,neighbor,False,
2025-03-30 16:00:00,33.6,998.1,13.0,AWS-VAR-101,Ramnagar,VAR,neighbor,False,
2025-03-30 17:00:00,32.4,997.9,14.0,AWS-VAR-101,Ramnagar,VAR,neighbor,False,
2025-03-30 18:00:00,30.1,997.9,15.0,AWS-VAR-101,Ramnagar,VAR,neighbor,False,
2025-03-30 19:00:00,28.6,998.6,17.0,AWS-VAR-101,Ramnagar,VAR,neighbor,False,
2025-03-30 20:00:00,27.0,999.6,21.0,AWS-VAR-101,Ramnagar,VAR,neighbor,False,
2025-03-30 21:00:00,26.0,1000.4,23.0,AWS-VAR-101,Ramnagar,VAR,neighbor,False,
2025-03-30 22:00:00,25.3,1000.6,25.0,AWS-VAR-101,Ramnagar,VAR,neighbor,False,
2025-03-30 23:00:00,24.3,1000.6,27.0,AWS-VAR-101,Ramnagar,VAR,neighbor,False,
2025-03-31 00:00:00,23.3,1000.2,29.0,AWS-VAR-101,Ramnagar,VAR,neighbor,False,
2025-03-31 01:00:00,22.3,999.4,31.0,AWS-VAR-101,Ramnagar,VAR,neighbor,False,
2025-03-31 02:00:00,21.3,999.0,34.0,AWS-VAR-101,Ramnagar,VAR,neighbor,False,
2025-03-31 03:00:00,20.4,998.9,115.0,AWS-VAR-101,Ramnagar,VAR,neighbor,True,physical_bounds
2025-03-31 04:00:00,19.7,999.2,41.0,AWS-VAR-101,Ramnagar,VAR,neighbor,False,
2025-03-31 05:00:00,19.3,999.8,43.0,AWS-VAR-101,Ramnagar,VAR,neighbor,False,
2025-03-31 06:00:00,19.7,1001.0,46.0,AWS-VAR-101,Ramnagar,VAR,neighbor,False,
2025-03-31 07:00:00,22.0,1001.8,41.0,AWS-VAR-101,Ramnagar,VAR,neighbor,False,
2025-03-31 08:00:00,25.7,1002.4,31.0,AWS-VAR-101,Ramnagar,VAR,neighbor,False,
2025-03-31 09:00:00,29.4,1002.6,23.0,AWS-VAR-101,Ramnagar,VAR,neighbor,False,
2025-03-31 10:00:00,32.3,1002.5,19.0,AWS-VAR-101,Ramnagar,VAR,neighbor,False,
2025-03-31 11:00:00,33.9,1001.7,16.0,AWS-VAR-101,Ramnagar,VAR,neighbor,False,
2025-03-31 12:00:00,35.0,1000.8,15.0,AWS-VAR-101,Ramnagar,VAR,neighbor,False,
2025-03-31 13:00:00,35.7,999.5,14.0,AWS-VAR-101,Ramnagar,VAR,neighbor,False,
2025-03-31 14:00:00,35.9,998.3,13.0,AWS-VAR-101,Ramnagar,VAR,neighbor,False,
2025-03-31 15:00:00,35.8,997.5,13.0,AWS-VAR-101,Ramnagar,VAR,neighbor,False,
2025-03-31 16:00:00,35.2,997.2,12.0,AWS-VAR-101,Ramnagar,VAR,neighbor,False,
2025-03-31 17:00:00,34.0,997.1,13.0,AWS-VAR-101,Ramnagar,VAR,neighbor,False,
2025-03-31 18:00:00,31.4,997.0,18.0,AWS-VAR-101,Ramnagar,VAR,neighbor,False,
2025-03-31 19:00:00,29.9,997.8,19.0,AWS-VAR-101,Ramnagar,VAR,neighbor,False,
2025-03-31 20:00:00,28.4,998.6,23.0,AWS-VAR-101,Ramnagar,VAR,neighbor,False,
2025-03-31 21:00:00,27.5,999.1,22.0,AWS-VAR-101,Ramnagar,VAR,neighbor,False,
2025-03-31 22:00:00,26.8,999.0,21.0,AWS-VAR-101,Ramnagar,VAR,neighbor,False,
2025-03-31 23:00:00,25.8,998.6,23.0,AWS-VAR-101,Ramnagar,VAR,neighbor,False,
