timestamp,temperature_c,pressure_hpa,humidity_pct,station_id,station_name,cluster_id,role,is_anomaly,fault_type
2025-01-01 00:00:00,23.3,1012.4,93.0,AWS-CHN-101,Tambaram,CHN,neighbor,False,
2025-01-01 01:00:00,22.9,1011.5,94.0,AWS-CHN-101,Tambaram,CHN,neighbor,False,
2025-01-01 02:00:00,22.8,1010.7,94.0,AWS-CHN-101,Tambaram,CHN,neighbor,False,
2025-01-01 03:00:00,22.6,1010.1,95.0,AWS-CHN-101,Tambaram,CHN,neighbor,False,
2025-01-01 04:00:00,22.3,1010.0,95.0,AWS-CHN-101,Tambaram,CHN,neighbor,False,
2025-01-01 05:00:00,22.0,1010.3,96.0,AWS-CHN-101,Tambaram,CHN,neighbor,False,
2025-01-01 06:00:00,22.3,1011.1,99.0,AWS-CHN-101,Tambaram,CHN,neighbor,False,
2025-01-01 07:00:00,23.1,1011.9,96.0,AWS-CHN-101,Tambaram,CHN,neighbor,False,
2025-01-01 08:00:00,24.8,1012.8,90.0,AWS-CHN-101,Tambaram,CHN,neighbor,False,
2025-01-01 09:00:00,27.0,1012.9,76.0,AWS-CHN-101,Tambaram,CHN,neighbor,False,
2025-01-01 10:00:00,28.3,1012.8,64.0,AWS-CHN-101,Tambaram,CHN,neighbor,False,
2025-01-01 11:00:00,28.8,1012.6,62.0,AWS-CHN-101,Tambaram,CHN,neighbor,False,
2025-01-01 12:00:00,28.8,1011.5,61.0,AWS-CHN-101,Tambaram,CHN,neighbor,False,
2025-01-01 13:00:00,28.8,1010.5,61.0,AWS-CHN-101,Tambaram,CHN,neighbor,False,
2025-01-01 14:00:00,28.6,1009.5,63.0,AWS-CHN-101,Tambaram,CHN,neighbor,False,
2025-01-01 15:00:00,28.0,1009.0,64.0,AWS-CHN-101,Tambaram,CHN,neighbor,False,
2025-01-01 16:00:00,27.1,1008.9,67.0,AWS-CHN-101,Tambaram,CHN,neighbor,False,
2025-01-01 17:00:00,25.9,1009.2,75.0,AWS-CHN-101,Tambaram,CHN,neighbor,False,
2025-01-01 18:00:00,25.1,1009.8,84.0,AWS-CHN-101,Tambaram,CHN,neighbor,False,
2025-01-01 19:00:00,24.4,1011.1,89.0,AWS-CHN-101,Tambaram,CHN,neighbor,False,
2025-01-01 20:00:00,24.3,1011.7,89.0,AWS-CHN-101,Tambaram,CHN,neighbor,False,
2025-01-01 21:00:00,24.0,1012.4,90.0,AWS-CHN-101,Tambaram,CHN,neighbor,False,
2025-01-01 22:00:00,23.3,1012.2,93.0,AWS-CHN-101,Tambaram,CHN,neighbor,False,
2025-01-01 23:00:00,23.2,1011.6,91.0,AWS-CHN-101,Tambaram,CHN,neighbor,False,
2025-01-02 00:00:00,22.6,1011.0,91.0,AWS-CHN-101,Tambaram,CHN,neighbor,False,
2025-01-02 01:00:00,21.9,1010.4,94.0,AWS-CHN-101,Tambaram,CHN,neighbor,False,
2025-01-02 02:00:00,21.7,1009.7,94.0,AWS-CHN-101,Tambaram,CHN,neighbor,False,
2025-01-02 03:00:00,21.9,1009.4,93.0,AWS-CHN-101,Tambaram,CHN,neighbor,False,
2025-01-02 04:00:00,21.2,1009.4,93.0,AWS-CHN-101,Tambaram,CHN,neighbor,False,
2025-01-02 05:00:00,20.8,1009.8,94.0,AWS-CHN-101,Tambaram,CHN,neighbor,False,
2025-01-02 06:00:00,22.2,1010.7,98.0,AWS-CHN-101,Tambaram,CHN,neighbor,False,
2025-01-02 07:00:00,23.1,1011.7,94.0,AWS-CHN-101,Tambaram,CHN,neighbor,False,
2025-01-02 08:00:00,25.2,1012.7,84.0,AWS-CHN-101,Tambaram,CHN,neighbor,False,
2025-01-02 09:00:00,26.8,1013.1,69.0,AWS-CHN-101,Tambaram,CHN,neighbor,False,
2025-01-02 10:00:00,27.7,1013.0,61.0,AWS-CHN-101,Tambaram,CHN,neighbor,False,
2025-01-02 11:00:00,28.2,1012.5,58.0,AWS-CHN-101,Tambaram,CHN,neighbor,False,
2025-01-02 12:00:00,28.5,1011.7,56.0,AWS-CHN-101,Tambaram,CHN,neighbor,False,
2025-01-02 13:00:00,28.4,1010.7,55.0,AWS-CHN-101,Tambaram,CHN,neighbor,False,
2025-01-02 14:00:00,28.1,1009.8,55.0,AWS-CHN-101,Tambaram,CHN,neighbor,False,
2025-01-02 15:00:00,27.6,1009.5,56.0,AWS-CHN-101,Tambaram,CHN,neighbor,False,
2025-01-02 16:00:00,26.9,1009.5,59.0,AWS-CHN-101,Tambaram,CHN,neighbor,False,
2025-01-02 17:00:00,25.7,1010.1,66.0,AWS-CHN-101,Tambaram,CHN,neighbor,False,
2025-01-02 18:00:00,24.1,1010.4,77.0,AWS-CHN-101,Tambaram,CHN,neighbor,False,
2025-01-02 19:00:00,23.2,1011.5,82.0,AWS-CHN-101,Tambaram,CHN,neighbor,False,
2025-01-02 20:00:00,23.2,1012.1,82.0,AWS-CHN-101,Tambaram,CHN,neighbor,False,
2025-01-02 21:00:00,23.2,1012.4,82.0,AWS-CHN-101,Tambaram,CHN,neighbor,False,
2025-01-02 22:00:00,22.7,1012.5,84.0,AWS-CHN-101,Tambaram,CHN,neighbor,False,
2025-01-02 23:00:00,22.3,1012.3,86.0,AWS-CHN-101,Tambaram,CHN,neighbor,False,
2025-01-03 00:00:00,22.5,1011.9,86.0,AWS-CHN-101,Tambaram,CHN,neighbor,False,
2025-01-03 01:00:00,21.8,1011.2,89.0,AWS-CHN-101,Tambaram,CHN,neighbor,False,
2025-01-03 02:00:00,21.6,1010.6,90.0,AWS-CHN-101,Tambaram,CHN,neighbor,False,
2025-01-03 03:00:00,21.4,1010.0,90.0,AWS-CHN-101,Tambaram,CHN,neighbor,False,
2025-01-03 04:00:00,21.6,1010.0,87.0,AWS-CHN-101,Tambaram,CHN,neighbor,False,
2025-01-03 05:00:00,20.9,1010.2,91.0,AWS-CHN-101,Tambaram,CHN,neighbor,False,
2025-01-03 06:00:00,21.6,1011.5,93.0,AWS-CHN-101,Tambaram,CHN,neighbor,False,
2025-01-03 07:00:00,22.8,1012.5,88.0,AWS-CHN-101,Tambaram,CHN,neighbor,False,
2025-01-03 08:00:00,24.6,1013.4,80.0,AWS-CHN-101,Tambaram,CHN,neighbor,False,
2025-01-03 09:00:00,26.3,1013.9,68.0,AWS-CHN-101,Tambaram,CHN,neighbor,False,
2025-01-03 10:00:00,27.5,1013.5,63.0,AWS-CHN-101,Tambaram,CHN,neighbor,False,
2025-01-03 11:00:00,28.5,1013.0,57.0,AWS-CHN-101,Tambaram,CHN,neighbor,False,
2025-01-03 12:00:00,28.8,1011.9,54.0,AWS-CHN-101,Tambaram,CHN,neighbor,False,
2025-01-03 13:00:00,28.8,1011.1,53.0,AWS-CHN-101,Tambaram,CHN,neighbor,False,
2025-01-03 14:00:00,28.5,1010.1,53.0,AWS-CHN-101,Tambaram,CHN,neighbor,False,
2025-01-03 15:00:00,27.8,1009.6,54.0,AWS-CHN-101,Tambaram,CHN,neighbor,False,
2025-01-03 16:00:00,27.0,1009.5,56.0,AWS-CHN-101,Tambaram,CHN,neighbor,False,
2025-01-03 17:00:00,25.6,1009.6,62.0,AWS-CHN-101,Tambaram,CHN,neighbor,False,
2025-01-03 18:00:00,23.9,1010.2,74.0,AWS-CHN-101,Tambaram,CHN,neighbor,False,
2025-01-03 19:00:00,23.0,1010.9,80.0,AWS-CHN-101,Tambaram,CHN,neighbor,False,
2025-01-03 20:00:00,22.4,1011.3,84.0,AWS-CHN-101,Tambaram,CHN,neighbor,False,
2025-01-03 21:00:00,22.3,1011.5,85.0,AWS-CHN-101,Tambaram,CHN,neighbor,False,
2025-01-03 22:00:00,21.7,1011.4,88.0,AWS-CHN-101,Tambaram,CHN,neighbor,False,
2025-01-03 23:00:00,21.5,1011.0,88.0,AWS-CHN-101,Tambaram,CHN,neighbor,False,
2025-01-04 00:00:00,21.2,1010.5,89.0,AWS-CHN-101,Tambaram,CHN,neighbor,False,
2025-01-04 01:00:00,21.0,1010.2,89.0,AWS-CHN-101,Tambaram,CHN,neighbor,False,
2025-01-04 02:00:00,20.6,1009.5,91.0,AWS-CHN-101,Tambaram,CHN,neighbor,False,
2025-01-04 03:00:00,20.2,1009.1,94.0,AWS-CHN-101,Tambaram,CHN,neighbor,False,
2025-01-04 04:00:00,20.0,1009.2,95.0,AWS-CHN-101,Tambaram,CHN,neighbor,False,
2025-01-04 05:00:00,19.9,1009.8,96.0,AWS-CHN-101,Tambaram,CHN,neighbor,False,
2025-01-04 06:00:00,20.7,1010.8,95.0,AWS-CHN-101,Tambaram,CHN,neighbor,False,
2025-01-04 07:00:00,21.5,,93.0,AWS-CHN-101,Tambaram,CHN,neighbor,True,dropout
2025-01-04 08:00:00,23.9,1012.4,84.0,AWS-CHN-101,Tambaram,CHN,neighbor,False,
2025-01-04 09:00:00,25.7,1013.0,73.0,AWS-CHN-101,Tambaram,CHN,neighbor,False,
2025-01-04 10:00:00,26.9,1012.8,64.0,AWS-CHN-101,Tambaram,CHN,neighbor,False,
2025-01-04 11:00:00,27.7,1012.0,59.0,AWS-CHN-101,Tambaram,CHN,neighbor,False,
2025-01-04 12:00:00,28.1,1011.0,55.0,AWS-CHN-101,Tambaram,CHN,neighbor,False,
2025-01-04 13:00:00,28.2,1009.8,53.0,AWS-CHN-101,Tambaram,CHN,neighbor,False,
2025-01-04 14:00:00,27.9,1008.8,107.0,AWS-CHN-101,Tambaram,CHN,neighbor,True,impossible_jump
2025-01-04 15:00:00,27.3,1008.6,54.0,AWS-CHN-101,Tambaram,CHN,neighbor,False,
2025-01-04 16:00:00,26.7,1008.6,57.0,AWS-CHN-101,Tambaram,CHN,neighbor,False,
2025-01-04 17:00:00,25.2,1008.8,63.0,AWS-CHN-101,Tambaram,CHN,neighbor,False,
2025-01-04 18:00:00,23.8,1009.3,72.0,AWS-CHN-101,Tambaram,CHN,neighbor,False,
2025-01-04 19:00:00,23.4,1010.6,76.0,AWS-CHN-101,Tambaram,CHN,neighbor,False,
2025-01-04 20:00:00,22.8,1011.1,80.0,AWS-CHN-101,Tambaram,CHN,neighbor,False,
2025-01-04 21:00:00,22.0,1011.6,83.0,AWS-CHN-101,Tambaram,CHN,neighbor,False,
2025-01-04 22:00:00,22.0,1011.7,83.0,AWS-CHN-101,Tambaram,CHN,neighbor,False,
2025-01-04 23:00:00,21.5,1011.3,85.0,AWS-CHN-101,Tambaram,CHN,neighbor,False,
2025-01-05 00:00:00,21.7,1070.8,85.0,AWS-CHN-101,Tambaram,CHN,neighbor,True,impossible_jump
2025-01-05 01:00:00,22.0,1010.3,83.0,AWS-CHN-101,Tambaram,CHN,neighbor,False,
2025-01-05 02:00:00,21.6,1009.9,85.0,AWS-CHN-101,Tambaram,CHN,neighbor,False,
2025-01-05 03:00:00,20.7,1009.8,89.0,AWS-CHN-101,Tambaram,CHN,neighbor,False,
2025-01-05 04:00:00,20.4,1009.9,91.0,AWS-CHN-101,Tambaram,CHN,neighbor,False,
2025-01-05 05:00:00,20.0,1010.4,93.0,AWS-CHN-101,Tambaram,CHN,neighbor,False,
2025-01-05 06:00:00,21.2,1011.1,95.0,AWS-CHN-101,Tambaram,CHN,neighbor,False,
2025-01-05 07:00:00,22.2,1012.1,91.0,AWS-CHN-101,Tambaram,CHN,neighbor,False,
2025-01-05 08:00:00,23.9,1012.9,84.0,AWS-CHN-101,Tambaram,CHN,neighbor,False,
2025-01-05 09:00:00,25.9,1013.0,74.0,AWS-CHN-101,Tambaram,CHN,neighbor,False,
2025-01-05 10:00:00,27.4,1012.7,63.0,AWS-CHN-101,Tambaram,CHN,neighbor,False,
2025-01-05 11:00:00,27.9,1012.1,60.0,AWS-CHN-101,Tambaram,CHN,neighbor,False,
2025-01-05 12:00:00,28.0,1011.1,59.0,AWS-CHN-101,Tambaram,CHN,neighbor,False,
2025-01-05 13:00:00,28.3,1010.0,57.0,AWS-CHN-101,Tambaram,CHN,neighbor,False,
2025-01-05 14:00:00,28.3,1008.9,55.0,AWS-CHN-101,Tambaram,CHN,neighbor,False,
2025-01-05 15:00:00,27.6,1008.5,54.0,AWS-CHN-101,Tambaram,CHN,neighbor,False,
2025-01-05 16:00:00,26.8,1008.6,56.0,AWS-CHN-101,Tambaram,CHN,neighbor,False,
2025-01-05 17:00:00,25.2,1009.2,62.0,AWS-CHN-101,Tambaram,CHN,neighbor,False,
2025-01-05 18:00:00,24.5,1009.3,69.0,AWS-CHN-101,Tambaram,CHN,neighbor,False,
2025-01-05 19:00:00,23.6,1010.3,77.0,AWS-CHN-101,Tambaram,CHN,neighbor,False,
2025-01-05 20:00:00,23.3,1011.2,80.0,AWS-CHN-101,Tambaram,CHN,neighbor,False,
2025-01-05 21:00:00,22.2,1011.7,85.0,AWS-CHN-101,Tambaram,CHN,neighbor,False,
2025-01-05 22:00:00,21.5,1012.0,87.0,AWS-CHN-101,Tambaram,CHN,neighbor,False,
2025-01-05 23:00:00,21.4,1011.3,86.0,AWS-CHN-101,Tambaram,CHN,neighbor,False,
2025-01-06 00:00:00,21.7,1010.7,82.0,AWS-CHN-101,Tambaram,CHN,neighbor,False,
2025-01-06 01:00:00,21.6,1010.0,81.0,AWS-CHN-101,Tambaram,CHN,neighbor,False,
2025-01-06 02:00:00,21.6,1009.5,79.0,AWS-CHN-101,Tambaram,CHN,neighbor,False,
2025-01-06 03:00:00,20.9,1009.1,82.0,AWS-CHN-101,Tambaram,CHN,neighbor,False,
2025-01-06 04:00:00,19.8,1009.2,89.0,AWS-CHN-101,Tambaram,CHN,neighbor,False,
2025-01-06 05:00:00,19.4,1009.6,89.0,AWS-CHN-101,Tambaram,CHN,neighbor,False,
2025-01-06 06:00:00,22.3,1010.1,87.0,AWS-CHN-101,Tambaram,CHN,neighbor,False,
2025-01-06 07:00:00,23.0,1011.1,87.0,AWS-CHN-101,Tambaram,CHN,neighbor,False,
2025-01-06 08:00:00,24.6,1012.2,79.0,AWS-CHN-101,Tambaram,CHN,neighbor,False,
2025-01-06 09:00:00,26.3,1012.6,68.0,AWS-CHN-101,Tambaram,CHN,neighbor,False,
2025-01-06 10:00:00,27.2,1012.4,63.0,AWS-CHN-101,Tambaram,CHN,neighbor,False,
2025-01-06 11:00:00,27.2,1011.6,63.0,AWS-CHN-101,Tambaram,CHN,neighbor,False,
2025-01-06 12:00:00,28.1,1010.3,59.0,AWS-CHN-101,Tambaram,CHN,neighbor,False,
2025-01-06 13:00:00,29.0,1008.9,53.0,AWS-CHN-101,Tambaram,CHN,neighbor,False,
2025-01-06 14:00:00,28.9,1008.1,50.0,AWS-CHN-101,Tambaram,CHN,neighbor,False,
2025-01-06 15:00:00,28.6,1008.1,52.0,AWS-CHN-101,Tambaram,CHN,neighbor,False,
2025-01-06 16:00:00,27.9,1008.1,55.0,AWS-CHN-101,Tambaram,CHN,neighbor,False,
2025-01-06 17:00:00,26.1,1008.6,65.0,AWS-CHN-101,Tambaram,CHN,neighbor,False,
2025-01-06 18:00:00,24.7,1009.2,73.0,AWS-CHN-101,Tambaram,CHN,neighbor,False,
2025-01-06 19:00:00,24.1,1010.1,76.0,AWS-CHN-101,Tambaram,CHN,neighbor,False,
2025-01-06 20:00:00,23.2,1010.8,80.0,AWS-CHN-101,Tambaram,CHN,neighbor,False,
2025-01-06 21:00:00,22.8,1011.2,82.0,AWS-CHN-101,Tambaram,CHN,neighbor,False,
2025-01-06 22:00:00,22.6,1011.0,83.0,AWS-CHN-101,Tambaram,CHN,neighbor,False,
2025-01-06 23:00:00,22.5,1010.7,85.0,AWS-CHN-101,Tambaram,CHN,neighbor,False,
2025-01-07 00:00:00,22.3,1010.3,90.0,AWS-CHN-101,Tambaram,CHN,neighbor,False,
2025-01-07 01:00:00,22.2,1010.0,91.0,AWS-CHN-101,Tambaram,CHN,neighbor,False,
2025-01-07 02:00:00,22.1,1009.5,92.0,AWS-CHN-101,Tambaram,CHN,neighbor,False,
2025-01-07 03:00:00,21.9,1009.3,94.0,AWS-CHN-101,Tambaram,CHN,neighbor,False,
2025-01-07 04:00:00,21.7,1009.3,94.0,AWS-CHN-101,Tambaram,CHN,neighbor,False,
2025-01-07 05:00:00,21.9,1009.9,93.0,AWS-CHN-101,Tambaram,CHN,neighbor,False,
2025-01-07 06:00:00,22.3,1010.7,98.0,AWS-CHN-101,Tambaram,CHN,neighbor,False,
2025-01-07 07:00:00,22.9,1011.6,94.0,AWS-CHN-101,Tambaram,CHN,neighbor,False,
2025-01-07 08:00:00,24.2,1012.4,88.0,AWS-CHN-101,Tambaram,CHN,neighbor,False,
2025-01-07 09:00:00,25.4,1012.5,80.0,AWS-CHN-101,Tambaram,CHN,neighbor,False,
2025-01-07 10:00:00,26.4,1012.4,74.0,AWS-CHN-101,Tambaram,CHN,neighbor,False,
2025-01-07 11:00:00,27.1,1011.7,70.0,AWS-CHN-101,Tambaram,CHN,neighbor,False,
2025-01-07 12:00:00,27.8,1010.5,65.0,AWS-CHN-101,Tambaram,CHN,neighbor,False,
2025-01-07 13:00:00,27.0,1009.5,68.0,AWS-CHN-101,Tambaram,CHN,neighbor,False,
2025-01-07 14:00:00,26.9,1008.7,68.0,AWS-CHN-101,Tambaram,CHN,neighbor,False,
2025-01-07 15:00:00,26.9,1008.2,68.0,AWS-CHN-101,Tambaram,CHN,neighbor,False,
2025-01-07 16:00:00,26.8,1008.2,66.0,AWS-CHN-101,Tambaram,CHN,neighbor,False,
2025-01-07 17:00:00,25.5,1008.5,70.0,AWS-CHN-101,Tambaram,CHN,neighbor,False,
2025-01-07 18:00:00,24.6,1009.1,77.0,AWS-CHN-101,Tambaram,CHN,neighbor,False,
2025-01-07 19:00:00,24.0,1009.7,80.0,AWS-CHN-101,Tambaram,CHN,neighbor,False,
2025-01-07 20:00:00,23.6,1010.4,82.0,AWS-CHN-101,Tambaram,CHN,neighbor,False,
2025-01-07 21:00:00,23.3,1010.7,83.0,AWS-CHN-101,Tambaram,CHN,neighbor,False,
2025-01-07 22:00:00,22.9,1010.4,84.0,AWS-CHN-101,Tambaram,CHN,neighbor,False,
2025-01-07 23:00:00,22.4,1010.3,86.0,AWS-CHN-101,Tambaram,CHN,neighbor,False,
2025-01-08 00:00:00,22.1,1009.9,86.0,AWS-CHN-101,Tambaram,CHN,neighbor,False,
2025-01-08 01:00:00,21.4,1009.3,88.0,AWS-CHN-101,Tambaram,CHN,neighbor,False,
2025-01-08 02:00:00,20.9,1008.6,89.0,AWS-CHN-101,Tambaram,CHN,neighbor,False,
2025-01-08 03:00:00,20.0,1008.3,91.0,AWS-CHN-101,Tambaram,CHN,neighbor,False,
2025-01-08 04:00:00,19.5,1008.1,92.0,AWS-CHN-101,Tambaram,CHN,neighbor,False,
2025-01-08 05:00:00,19.0,1008.7,95.0,AWS-CHN-101,Tambaram,CHN,neighbor,False,
2025-01-08 06:00:00,20.0,1009.3,97.0,AWS-CHN-101,Tambaram,CHN,neighbor,False,
2025-01-08 07:00:00,21.0,1010.6,95.0,AWS-CHN-101,Tambaram,CHN,neighbor,False,
2025-01-08 08:00:00,23.3,1012.0,86.0,AWS-CHN-101,Tambaram,CHN,neighbor,False,
2025-01-08 09:00:00,25.4,1012.5,75.0,AWS-CHN-101,Tambaram,CHN,neighbor,False,
2025-01-08 10:00:00,26.8,1012.4,63.0,AWS-CHN-101,Tambaram,CHN,neighbor,False,
2025-01-08 11:00:00,27.8,1011.7,53.0,AWS-CHN-101,Tambaram,CHN,neighbor,False,
2025-01-08 12:00:00,28.3,1010.5,49.0,AWS-CHN-101,Tambaram,CHN,neighbor,False,
2025-01-08 13:00:00,28.3,1009.5,49.0,AWS-CHN-101,Tambaram,CHN,neighbor,False,
2025-01-08 14:00:00,28.0,1008.7,51.0,AWS-CHN-101,Tambaram,CHN,neighbor,False,
2025-01-08 15:00:00,27.4,1008.4,53.0,AWS-CHN-101,Tambaram,CHN,neighbor,False,
2025-01-08 16:00:00,26.7,1008.6,54.0,AWS-CHN-101,Tambaram,CHN,neighbor,False,
2025-01-08 17:00:00,25.7,1009.4,60.0,AWS-CHN-101,Tambaram,CHN,neighbor,False,
2025-01-08 18:00:00,24.1,1010.2,68.0,AWS-CHN-101,Tambaram,CHN,neighbor,False,
2025-01-08 19:00:00,23.0,1011.1,75.0,AWS-CHN-101,Tambaram,CHN,neighbor,False,
2025-01-08 20:00:00,22.5,1011.3,78.0,AWS-CHN-101,Tambaram,CHN,neighbor,False,
2025-01-08 21:00:00,22.2,1011.8,80.0,AWS-CHN-101,Tambaram,CHN,neighbor,False,
2025-01-08 22:00:00,22.4,1011.7,78.0,AWS-CHN-101,Tambaram,CHN,neighbor,False,
2025-01-08 23:00:00,22.7,1011.1,76.0,AWS-CHN-101,Tambaram,CHN,neighbor,False,
2025-01-09 00:00:00,21.5,1010.5,80.0,AWS-CHN-101,Tambaram,CHN,neighbor,False,
2025-01-09 01:00:00,21.3,1009.9,81.0,AWS-CHN-101,Tambaram,CHN,neighbor,False,
2025-01-09 02:00:00,21.0,1009.2,83.0,AWS-CHN-101,Tambaram,CHN,neighbor,False,
2025-01-09 03:00:00,20.8,1008.9,84.0,AWS-CHN-101,Tambaram,CHN,neighbor,False,
2025-01-09 04:00:00,21.6,1009.0,81.0,AWS-CHN-101,Tambaram,CHN,neighbor,False,
2025-01-09 05:00:00,21.9,1009.6,135.0,AWS-CHN-101,Tambaram,CHN,neighbor,True,impossible_jump
2025-01-09 06:00:00,21.4,1010.6,90.0,AWS-CHN-101,Tambaram,CHN,neighbor,False,
2025-01-09 07:00:00,22.3,1011.5,87.0,AWS-CHN-101,Tambaram,CHN,neighbor,False,
2025-01-09 08:00:00,24.8,1012.5,79.0,AWS-CHN-101,Tambaram,CHN,neighbor,False,
2025-01-09 09:00:00,26.4,1013.0,68.0,AWS-CHN-101,Tambaram,CHN,neighbor,False,
2025-01-09 10:00:00,27.3,1012.6,57.0,AWS-CHN-101,Tambaram,CHN,neighbor,False,
2025-01-09 11:00:00,28.0,1011.8,53.0,AWS-CHN-101,Tambaram,CHN,neighbor,False,
2025-01-09 12:00:00,28.6,1010.9,50.0,AWS-CHN-101,Tambaram,CHN,neighbor,False,
2025-01-09 13:00:00,28.5,1009.9,50.0,AWS-CHN-101,Tambaram,CHN,neighbor,False,
2025-01-09 14:00:00,28.3,1009.4,50.0,AWS-CHN-101,Tambaram,CHN,neighbor,False,
2025-01-09 15:00:00,27.9,1009.2,49.0,AWS-CHN-101,Tambaram,CHN,neighbor,False,
2025-01-09 16:00:00,27.5,1009.1,49.0,AWS-CHN-101,Tambaram,CHN,neighbor,False,
2025-01-09 17:00:00,26.2,1009.8,53.0,AWS-CHN-101,Tambaram,CHN,neighbor,False,
2025-01-09 18:00:00,25.4,1010.7,62.0,AWS-CHN-101,Tambaram,CHN,neighbor,False,
2025-01-09 19:00:00,23.9,1011.8,70.0,AWS-CHN-101,Tambaram,CHN,neighbor,False,
2025-01-09 20:00:00,23.1,1012.6,75.0,AWS-CHN-101,Tambaram,CHN,neighbor,False,
2025-01-09 21:00:00,22.8,1013.1,76.0,AWS-CHN-101,Tambaram,CHN,neighbor,False,
2025-01-09 22:00:00,22.7,1013.5,77.0,AWS-CHN-101,Tambaram,CHN,neighbor,False,
2025-01-09 23:00:00,22.3,1013.1,80.0,AWS-CHN-101,Tambaram,CHN,neighbor,False,
2025-01-10 00:00:00,22.0,1012.6,82.0,AWS-CHN-101,Tambaram,CHN,neighbor,False,
2025-01-10 01:00:00,22.0,1011.9,82.0,AWS-CHN-101,Tambaram,CHN,neighbor,False,
2025-01-10 02:00:00,75.0,1011.2,79.0,AWS-CHN-101,Tambaram,CHN,neighbor,True,physical_bounds
2025-01-10 03:00:00,22.3,1010.7,82.0,AWS-CHN-101,Tambaram,CHN,neighbor,False,
2025-01-10 04:00:00,21.4,1010.7,86.0,AWS-CHN-101,Tambaram,CHN,neighbor,False,
2025-01-10 05:00:00,21.4,1011.1,86.0,AWS-CHN-101,Tambaram,CHN,neighbor,False,
2025-01-10 06:00:00,21.6,1011.6,91.0,AWS-CHN-101,Tambaram,CHN,neighbor,False,
2025-01-10 07:00:00,22.7,1012.3,87.0,AWS-CHN-101,Tambaram,CHN,neighbor,False,
2025-01-10 08:00:00,24.9,1013.4,80.0,AWS-CHN-101,Tambaram,CHN,neighbor,False,
2025-01-10 09:00:00,26.4,1014.0,74.0,AWS-CHN-101,Tambaram,CHN,neighbor,False,
2025-01-10 10:00:00,27.3,1013.9,69.0,AWS-CHN-101,Tambaram,CHN,neighbor,False,
2025-01-10 11:00:00,27.9,1013.2,64.0,AWS-CHN-101,Tambaram,CHN,neighbor,False,
2025-01-10 12:00:00,27.8,1012.4,64.0,AWS-CHN-101,Tambaram,CHN,neighbor,False,
2025-01-10 13:00:00,27.5,1011.5,66.0,AWS-CHN-101,Tambaram,CHN,neighbor,False,
2025-01-10 14:00:00,27.8,1010.6,65.0,AWS-CHN-101,Tambaram,CHN,neighbor,False,
2025-01-10 15:00:00,27.4,1010.3,66.0,AWS-CHN-101,Tambaram,CHN,neighbor,False,
2025-01-10 16:00:00,26.8,1010.5,68.0,AWS-CHN-101,Tambaram,CHN,neighbor,False,
2025-01-10 17:00:00,26.2,1011.1,70.0,AWS-CHN-101,Tambaram,CHN,neighbor,False,
2025-01-10 18:00:00,24.5,1011.9,83.0,AWS-CHN-101,Tambaram,CHN,neighbor,False,
2025-01-10 19:00:00,24.7,1012.9,81.0,AWS-CHN-101,Tambaram,CHN,neighbor,False,
2025-01-10 20:00:00,24.7,1013.5,79.0,AWS-CHN-101,Tambaram,CHN,neighbor,False,
2025-01-10 21:00:00,24.0,1013.7,82.0,AWS-CHN-101,Tambaram,CHN,neighbor,False,
2025-01-10 22:00:00,23.7,1013.6,83.0,AWS-CHN-101,Tambaram,CHN,neighbor,False,
2025-01-10 23:00:00,24.1,1013.3,82.0,AWS-CHN-101,Tambaram,CHN,neighbor,False,
2025-01-11 00:00:00,24.4,1012.6,81.0,AWS-CHN-101,Tambaram,CHN,neighbor,False,
2025-01-11 01:00:00,24.4,1012.0,81.0,AWS-CHN-101,Tambaram,CHN,neighbor,False,
2025-01-11 02:00:00,24.3,1011.5,81.0,AWS-CHN-101,Tambaram,CHN,neighbor,False,
2025-01-11 03:00:00,23.8,1011.1,84.0,AWS-CHN-101,Tambaram,CHN,neighbor,False,
2025-01-11 04:00:00,23.8,1011.1,84.0,AWS-CHN-101,Tambaram,CHN,neighbor,False,
2025-01-11 05:00:00,23.8,1011.2,84.0,AWS-CHN-101,Tambaram,CHN,neighbor,False,
2025-01-11 06:00:00,23.8,1011.3,81.0,AWS-CHN-101,Tambaram,CHN,neighbor,False,
2025-01-11 07:00:00,24.8,1012.3,77.0,AWS-CHN-101,Tambaram,CHN,neighbor,False,
2025-01-11 08:00:00,26.5,1013.4,69.0,AWS-CHN-101,Tambaram,CHN,neighbor,False,
2025-01-11 09:00:00,27.4,1014.0,65.0,AWS-CHN-101,Tambaram,CHN,neighbor,False,
2025-01-11 10:00:00,28.2,1014.0,62.0,AWS-CHN-101,Tambaram,CHN,neighbor,False,
2025-01-11 11:00:00,28.4,1013.9,61.0,AWS-CHN-101,Tambaram,CHN,neighbor,False,
2025-01-11 12:00:00,28.4,1012.5,59.0,AWS-CHN-101,Tambaram,CHN,neighbor,False,
2025-01-11 13:00:00,28.5,1011.1,58.0,AWS-CHN-101,Tambaram,CHN,neighbor,False,
2025-01-11 14:00:00,28.2,1010.4,58.0,AWS-CHN-101,Tambaram,CHN,neighbor,False,
2025-01-11 15:00:00,27.7,1010.1,58.0,AWS-CHN-101,Tambaram,CHN,neighbor,False,
2025-01-11 16:00:00,26.9,1010.3,60.0,AWS-CHN-101,Tambaram,CHN,neighbor,False,
2025-01-11 17:00:00,25.9,1010.8,64.0,AWS-CHN-101,Tambaram,CHN,neighbor,False,
2025-01-11 18:00:00,24.6,1011.3,71.0,AWS-CHN-101,Tambaram,CHN,neighbor,False,
2025-01-11 19:00:00,23.9,1012.2,75.0,AWS-CHN-101,Tambaram,CHN,neighbor,False,
2025-01-11 20:00:00,23.4,1012.8,78.0,AWS-CHN-101,Tambaram,CHN,neighbor,False,
2025-01-11 21:00:00,23.5,1013.4,78.0,AWS-CHN-101,Tambaram,CHN,neighbor,False,
2025-01-11 22:00:00,23.2,1013.4,79.0,AWS-CHN-101,Tambaram,CHN,neighbor,False,
2025-01-11 23:00:00,22.2,1013.3,84.0,AWS-CHN-101,Tambaram,CHN,neighbor,False,
2025-01-12 00:00:00,-35.0,1012.8,82.0,AWS-CHN-101,Tambaram,CHN,neighbor,True,sensor_fail_low
2025-01-12 01:00:00,-35.0,1011.8,83.0,AWS-CHN-101,Tambaram,CHN,neighbor,True,sensor_fail_low
2025-01-12 02:00:00,-35.0,1011.1,85.0,AWS-CHN-101,Tambaram,CHN,neighbor,True,sensor_fail_low
2025-01-12 03:00:00,22.0,1010.7,85.0,AWS-CHN-101,Tambaram,CHN,neighbor,False,
2025-01-12 04:00:00,21.9,1010.6,85.0,AWS-CHN-101,Tambaram,CHN,neighbor,False,
2025-01-12 05:00:00,22.1,1011.2,83.0,AWS-CHN-101,Tambaram,CHN,neighbor,False,
2025-01-12 06:00:00,23.4,1011.2,84.0,AWS-CHN-101,Tambaram,CHN,neighbor,False,
2025-01-12 07:00:00,23.4,1012.1,86.0,AWS-CHN-101,Tambaram,CHN,neighbor,False,
2025-01-12 08:00:00,24.0,1013.2,85.0,AWS-CHN-101,Tambaram,CHN,neighbor,False,
2025-01-12 09:00:00,25.4,1013.7,79.0,AWS-CHN-101,Tambaram,CHN,neighbor,False,
2025-01-12 10:00:00,25.6,1013.2,79.0,AWS-CHN-101,Tambaram,CHN,neighbor,False,
2025-01-12 11:00:00,25.6,1012.9,80.0,AWS-CHN-101,Tambaram,CHN,neighbor,False,
2025-01-12 12:00:00,25.7,1011.9,79.0,AWS-CHN-101,Tambaram,CHN,neighbor,False,
2025-01-12 13:00:00,25.7,1010.9,78.0,AWS-CHN-101,Tambaram,CHN,neighbor,False,
2025-01-12 14:00:00,26.0,1010.0,74.0,AWS-CHN-101,Tambaram,CHN,neighbor,False,
2025-01-12 15:00:00,26.1,1009.6,73.0,AWS-CHN-101,Tambaram,CHN,neighbor,False,
2025-01-12 16:00:00,26.3,1009.6,72.0,AWS-CHN-101,Tambaram,CHN,neighbor,False,
2025-01-12 17:00:00,25.5,1010.2,77.0,AWS-CHN-101,Tambaram,CHN,neighbor,False,
2025-01-12 18:00:00,25.2,1010.7,81.0,AWS-CHN-101,Tambaram,CHN,neighbor,False,
2025-01-12 19:00:00,24.7,1011.6,84.0,AWS-CHN-101,Tambaram,CHN,neighbor,False,
2025-01-12 20:00:00,24.5,1012.2,86.0,AWS-CHN-101,Tambaram,CHN,neighbor,False,
2025-01-12 21:00:00,24.7,1012.6,86.0,AWS-CHN-101,Tambaram,CHN,neighbor,False,
2025-01-12 22:00:00,24.4,1012.4,87.0,AWS-CHN-101,Tambaram,CHN,neighbor,False,
2025-01-12 23:00:00,23.9,1012.1,90.0,AWS-CHN-101,Tambaram,CHN,neighbor,False,
2025-01-13 00:00:00,23.7,1011.4,91.0,AWS-CHN-101,Tambaram,CHN,neighbor,False,
2025-01-13 01:00:00,23.6,1010.3,92.0,AWS-CHN-101,Tambaram,CHN,neighbor,False,
2025-01-13 02:00:00,23.3,1009.9,94.0,AWS-CHN-101,Tambaram,CHN,neighbor,False,
2025-01-13 03:00:00,22.9,1009.2,94.0,AWS-CHN-101,Tambaram,CHN,neighbor,False,
2025-01-13 04:00:00,22.5,1009.1,96.0,AWS-CHN-101,Tambaram,CHN,neighbor,False,
2025-01-13 05:00:00,22.7,1009.4,95.0,AWS-CHN-101,Tambaram,CHN,neighbor,False,
2025-01-13 06:00:00,23.3,1009.9,98.0,AWS-CHN-101,Tambaram,CHN,neighbor,False,
2025-01-13 07:00:00,23.8,1010.9,97.0,AWS-CHN-101,Tambaram,CHN,neighbor,False,
2025-01-13 08:00:00,25.1,1011.8,90.0,AWS-CHN-101,Tambaram,CHN,neighbor,False,
2025-01-13 09:00:00,26.5,1012.2,82.0,AWS-CHN-101,Tambaram,CHN,neighbor,False,
2025-01-13 10:00:00,27.3,1011.6,77.0,AWS-CHN-101,Tambaram,CHN,neighbor,False,
2025-01-13 11:00:00,27.0,1011.0,76.0,AWS-CHN-101,Tambaram,CHN,neighbor,False,
2025-01-13 12:00:00,27.6,1009.8,75.0,AWS-CHN-101,Tambaram,CHN,neighbor,False,
2025-01-13 13:00:00,26.5,1008.7,80.0,AWS-CHN-101,Tambaram,CHN,neighbor,False,
2025-01-13 14:00:00,27.5,1008.0,76.0,AWS-CHN-101,Tambaram,CHN,neighbor,False,
2025-01-13 15:00:00,26.5,1007.6,79.0,AWS-CHN-101,Tambaram,CHN,neighbor,False,
2025-01-13 16:00:00,26.2,1008.1,81.0,AWS-CHN-101,Tambaram,CHN,neighbor,False,
2025-01-13 17:00:00,25.4,1008.5,82.0,AWS-CHN-101,Tambaram,CHN,neighbor,False,
2025-01-13 18:00:00,25.2,1009.5,82.0,AWS-CHN-101,Tambaram,CHN,neighbor,False,
2025-01-13 19:00:00,25.1,1010.6,82.0,AWS-CHN-101,Tambaram,CHN,neighbor,False,
2025-01-13 20:00:00,25.0,1011.0,82.0,AWS-CHN-101,Tambaram,CHN,neighbor,False,
2025-01-13 21:00:00,24.6,1011.8,85.0,AWS-CHN-101,Tambaram,CHN,neighbor,False,
2025-01-13 22:00:00,24.6,1011.9,85.0,AWS-CHN-101,Tambaram,CHN,neighbor,False,
2025-01-13 23:00:00,24.3,1011.4,87.0,AWS-CHN-101,Tambaram,CHN,neighbor,False,
2025-01-14 00:00:00,23.5,1010.9,91.0,AWS-CHN-101,Tambaram,CHN,neighbor,False,
2025-01-14 01:00:00,23.1,1010.2,93.0,AWS-CHN-101,Tambaram,CHN,neighbor,False,
2025-01-14 02:00:00,22.8,1009.5,94.0,AWS-CHN-101,Tambaram,CHN,neighbor,False,
2025-01-14 03:00:00,22.7,1008.9,94.0,AWS-CHN-101,Tambaram,CHN,neighbor,False,
2025-01-14 04:00:00,22.4,1009.1,95.0,AWS-CHN-101,Tambaram,CHN,neighbor,False,
2025-01-14 05:00:00,22.6,1009.7,94.0,AWS-CHN-101,Tambaram,CHN,neighbor,False,
2025-01-14 06:00:00,23.6,1010.9,90.0,AWS-CHN-101,Tambaram,CHN,neighbor,False,
2025-01-14 07:00:00,24.5,,86.0,AWS-CHN-101,Tambaram,CHN,neighbor,True,dropout
2025-01-14 08:00:00,26.3,1012.8,78.0,AWS-CHN-101,Tambaram,CHN,neighbor,False,
2025-01-14 09:00:00,27.7,1013.3,68.0,AWS-CHN-101,Tambaram,CHN,neighbor,False,
2025-01-14 10:00:00,28.5,1013.1,64.0,AWS-CHN-101,Tambaram,CHN,neighbor,False,
2025-01-14 11:00:00,28.8,1012.8,63.0,AWS-CHN-101,Tambaram,CHN,neighbor,False,
2025-01-14 12:00:00,29.0,1011.9,62.0,AWS-CHN-101,Tambaram,CHN,neighbor,False,
2025-01-14 13:00:00,28.9,1010.7,61.0,AWS-CHN-101,Tambaram,CHN,neighbor,False,
2025-01-14 14:00:00,28.8,1010.0,60.0,AWS-CHN-101,Tambaram,CHN,neighbor,False,
2025-01-14 15:00:00,27.5,1009.7,67.0,AWS-CHN-101,Tambaram,CHN,neighbor,False,
2025-01-14 16:00:00,27.1,1009.9,68.0,AWS-CHN-101,Tambaram,CHN,neighbor,False,
2025-01-14 17:00:00,26.4,1010.5,70.0,AWS-CHN-101,Tambaram,CHN,neighbor,False,
2025-01-14 18:00:00,25.5,1011.4,79.0,AWS-CHN-101,Tambaram,CHN,neighbor,False,
2025-01-14 19:00:00,25.2,1012.1,80.0,AWS-CHN-101,Tambaram,CHN,neighbor,False,
2025-01-14 20:00:00,25.0,1013.0,80.0,AWS-CHN-101,Tambaram,CHN,neighbor,False,
2025-01-14 21:00:00,24.5,1013.2,83.0,AWS-CHN-101,Tambaram,CHN,neighbor,False,
2025-01-14 22:00:00,24.1,1013.2,85.0,AWS-CHN-101,Tambaram,CHN,neighbor,False,
2025-01-14 23:00:00,23.9,1012.8,85.0,AWS-CHN-101,Tambaram,CHN,neighbor,False,
2025-01-15 00:00:00,24.0,1012.2,84.0,AWS-CHN-101,Tambaram,CHN,neighbor,False,
2025-01-15 01:00:00,23.5,1011.6,87.0,AWS-CHN-101,Tambaram,CHN,neighbor,False,
2025-01-15 02:00:00,23.5,1010.8,86.0,AWS-CHN-101,Tambaram,CHN,neighbor,False,
2025-01-15 03:00:00,23.7,1010.6,84.0,AWS-CHN-101,Tambaram,CHN,neighbor,False,
2025-01-15 04:00:00,23.8,1010.7,83.0,AWS-CHN-101,Tambaram,CHN,neighbor,False,
2025-01-15 05:00:00,23.7,1011.3,83.0,AWS-CHN-101,Tambaram,CHN,neighbor,False,
2025-01-15 06:00:00,23.8,1012.1,87.0,AWS-CHN-101,Tambaram,CHN,neighbor,False,
2025-01-15 07:00:00,24.8,1013.0,83.0,AWS-CHN-101,Tambaram,CHN,neighbor,False,
2025-01-15 08:00:00,26.6,1013.9,73.0,AWS-CHN-101,Tambaram,CHN,neighbor,False,
2025-01-15 09:00:00,27.9,1014.3,64.0,AWS-CHN-101,Tambaram,CHN,neighbor,False,
2025-01-15 10:00:00,28.7,1014.1,60.0,AWS-CHN-101,Tambaram,CHN,neighbor,False,
2025-01-15 11:00:00,29.1,1013.6,58.0,AWS-CHN-101,Tambaram,CHN,neighbor,False,
2025-01-15 12:00:00,29.3,1012.5,57.0,AWS-CHN-101,Tambaram,CHN,neighbor,False,
2025-01-15 13:00:00,29.2,1011.3,56.0,AWS-CHN-101,Tambaram,CHN,neighbor,False,
2025-01-15 14:00:00,28.9,1010.3,56.0,AWS-CHN-101,Tambaram,CHN,neighbor,False,
2025-01-15 15:00:00,28.3,1009.9,58.0,AWS-CHN-101,Tambaram,CHN,neighbor,False,
2025-01-15 16:00:00,27.7,1010.1,60.0,AWS-CHN-101,Tambaram,CHN,neighbor,False,
2025-01-15 17:00:00,26.7,1010.7,65.0,AWS-CHN-101,Tambaram,CHN,neighbor,False,
2025-01-15 18:00:00,25.3,1011.8,78.0,AWS-CHN-101,Tambaram,CHN,neighbor,False,
2025-01-15 19:00:00,25.1,1012.5,78.0,AWS-CHN-101,Tambaram,CHN,neighbor,False,
2025-01-15 20:00:00,25.0,1013.2,78.0,AWS-CHN-101,Tambaram,CHN,neighbor,False,
2025-01-15 21:00:00,24.8,1013.8,78.0,AWS-CHN-101,Tambaram,CHN,neighbor,False,
2025-01-15 22:00:00,24.5,1013.8,78.0,AWS-CHN-101,Tambaram,CHN,neighbor,False,
2025-01-15 23:00:00,24.1,1013.4,79.0,AWS-CHN-101,Tambaram,CHN,neighbor,False,
2025-01-16 00:00:00,23.5,1012.9,81.0,AWS-CHN-101,Tambaram,CHN,neighbor,False,
2025-01-16 01:00:00,23.6,1012.0,80.0,AWS-CHN-101,Tambaram,CHN,neighbor,False,
2025-01-16 02:00:00,23.6,1011.1,80.0,AWS-CHN-101,Tambaram,CHN,neighbor,False,
2025-01-16 03:00:00,23.6,1010.4,79.0,AWS-CHN-101,Tambaram,CHN,neighbor,False,
2025-01-16 04:00:00,23.3,1010.2,80.0,AWS-CHN-101,Tambaram,CHN,neighbor,False,
2025-01-16 05:00:00,23.3,1010.5,79.0,AWS-CHN-101,Tambaram,CHN,neighbor,False,
2025-01-16 06:00:00,23.2,1011.6,84.0,AWS-CHN-101,Tambaram,CHN,neighbor,False,
2025-01-16 07:00:00,24.5,1012.4,79.0,AWS-CHN-101,Tambaram,CHN,neighbor,False,
2025-01-16 08:00:00,26.4,1013.4,69.0,AWS-CHN-101,Tambaram,CHN,neighbor,False,
2025-01-16 09:00:00,27.5,1013.7,62.0,AWS-CHN-101,Tambaram,CHN,neighbor,False,
2025-01-16 10:00:00,28.0,1013.5,61.0,AWS-CHN-101,Tambaram,CHN,neighbor,False,
2025-01-16 11:00:00,28.5,1013.0,59.0,AWS-CHN-101,Tambaram,CHN,neighbor,False,
2025-01-16 12:00:00,28.8,1012.2,57.0,AWS-CHN-101,Tambaram,CHN,neighbor,False,
2025-01-16 13:00:00,28.6,1010.9,57.0,AWS-CHN-101,Tambaram,CHN,neighbor,False,
2025-01-16 14:00:00,28.3,1010.3,57.0,AWS-CHN-101,Tambaram,CHN,neighbor,False,
2025-01-16 15:00:00,27.2,1010.1,62.0,AWS-CHN-101,Tambaram,CHN,neighbor,False,
2025-01-16 16:00:00,26.9,1010.2,62.0,AWS-CHN-101,Tambaram,CHN,neighbor,False,
2025-01-16 17:00:00,25.9,1010.7,67.0,AWS-CHN-101,Tambaram,CHN,neighbor,False,
2025-01-16 18:00:00,25.1,1011.2,71.0,AWS-CHN-101,Tambaram,CHN,neighbor,False,
2025-01-16 19:00:00,24.0,1012.3,77.0,AWS-CHN-101,Tambaram,CHN,neighbor,False,
2025-01-16 20:00:00,23.4,1013.2,80.0,AWS-CHN-101,Tambaram,CHN,neighbor,False,
2025-01-16 21:00:00,23.2,1014.0,81.0,AWS-CHN-101,Tambaram,CHN,neighbor,False,
2025-01-16 22:00:00,23.3,1014.2,80.0,AWS-CHN-101,Tambaram,CHN,neighbor,False,
2025-01-16 23:00:00,23.3,1013.6,80.0,AWS-CHN-101,Tambaram,CHN,neighbor,False,
2025-01-17 00:00:00,22.7,1013.0,83.0,AWS-CHN-101,Tambaram,CHN,neighbor,False,
2025-01-17 01:00:00,22.3,1011.9,84.0,AWS-CHN-101,Tambaram,CHN,neighbor,False,
2025-01-17 02:00:00,22.1,1010.8,84.0,AWS-CHN-101,Tambaram,CHN,neighbor,False,
2025-01-17 03:00:00,22.1,1010.1,84.0,AWS-CHN-101,Tambaram,CHN,neighbor,False,
2025-01-17 04:00:00,21.6,1009.9,87.0,AWS-CHN-101,Tambaram,CHN,neighbor,False,
2025-01-17 05:00:00,21.2,1010.3,89.0,AWS-CHN-101,Tambaram,CHN,neighbor,False,
2025-01-17 06:00:00,21.9,1011.1,92.0,AWS-CHN-101,Tambaram,CHN,neighbor,False,
2025-01-17 07:00:00,23.3,1011.8,87.0,AWS-CHN-101,Tambaram,CHN,neighbor,False,
2025-01-17 08:00:00,25.5,1012.5,77.0,AWS-CHN-101,Tambaram,CHN,neighbor,False,
2025-01-17 09:00:00,26.8,1012.6,68.0,AWS-CHN-101,Tambaram,CHN,neighbor,False,
2025-01-17 10:00:00,27.6,1012.1,63.0,AWS-CHN-101,Tambaram,CHN,neighbor,False,
2025-01-17 11:00:00,27.8,1011.6,61.0,AWS-CHN-101,Tambaram,CHN,neighbor,False,
2025-01-17 12:00:00,27.9,1010.6,60.0,AWS-CHN-101,Tambaram,CHN,neighbor,False,
2025-01-17 13:00:00,27.6,1009.8,61.0,AWS-CHN-101,Tambaram,CHN,neighbor,False,
2025-01-17 14:00:00,27.3,1008.9,63.0,AWS-CHN-101,Tambaram,CHN,neighbor,False,
2025-01-17 15:00:00,27.2,1008.8,63.0,AWS-CHN-101,Tambaram,CHN,neighbor,False,
2025-01-17 16:00:00,26.7,1008.9,64.0,AWS-CHN-101,Tambaram,CHN,neighbor,False,
2025-01-17 17:00:00,25.6,1009.3,69.0,AWS-CHN-101,Tambaram,CHN,neighbor,False,
2025-01-17 18:00:00,25.2,1010.0,69.0,AWS-CHN-101,Tambaram,CHN,neighbor,False,
2025-01-17 19:00:00,24.4,1010.9,73.0,AWS-CHN-101,Tambaram,CHN,neighbor,False,
2025-01-17 20:00:00,24.1,1011.3,75.0,AWS-CHN-101,Tambaram,CHN,neighbor,False,
2025-01-17 21:00:00,23.6,1012.1,78.0,AWS-CHN-101,Tambaram,CHN,neighbor,False,
2025-01-17 22:00:00,23.5,1012.0,79.0,AWS-CHN-101,Tambaram,CHN,neighbor,False,
2025-01-17 23:00:00,23.1,1011.7,80.0,AWS-CHN-101,Tambaram,CHN,neighbor,False,
2025-01-18 00:00:00,23.0,1011.1,80.0,AWS-CHN-101,Tambaram,CHN,neighbor,False,
2025-01-18 01:00:00,22.4,1010.2,83.0,AWS-CHN-101,Tambaram,CHN,neighbor,False,
2025-01-18 02:00:00,22.1,1009.7,82.0,AWS-CHN-101,Tambaram,CHN,neighbor,False,
2025-01-18 03:00:00,21.5,1009.1,84.0,AWS-CHN-101,Tambaram,CHN,neighbor,False,
2025-01-18 04:00:00,21.1,1008.9,86.0,AWS-CHN-101,Tambaram,CHN,neighbor,False,
2025-01-18 05:00:00,20.9,1009.2,88.0,AWS-CHN-101,Tambaram,CHN,neighbor,False,
2025-01-18 06:00:00,22.0,1009.7,86.0,AWS-CHN-101,Tambaram,CHN,neighbor,False,
2025-01-18 07:00:00,23.0,1010.8,82.0,AWS-CHN-101,Tambaram,CHN,neighbor,False,
2025-01-18 08:00:00,25.2,1011.4,75.0,AWS-CHN-101,Tambaram,CHN,neighbor,False,
2025-01-18 09:00:00,27.3,1011.9,61.0,AWS-CHN-101,Tambaram,CHN,neighbor,False,
2025-01-18 10:00:00,28.3,1011.7,57.0,AWS-CHN-101,Tambaram,CHN,neighbor,False,
2025-01-18 11:00:00,27.4,1011.4,60.0,AWS-CHN-101,Tambaram,CHN,neighbor,False,
2025-01-18 12:00:00,27.0,1010.7,65.0,AWS-CHN-101,Tambaram,CHN,neighbor,False,
2025-01-18 13:00:00,27.1,1009.2,65.0,AWS-CHN-101,Tambaram,CHN,neighbor,False,
2025-01-18 14:00:00,-35.0,1008.3,67.0,AWS-CHN-101,Tambaram,CHN,neighbor,True,sensor_fail_low
2025-01-18 15:00:00,-35.0,1007.8,66.0,AWS-CHN-101,Tambaram,CHN,neighbor,True,sensor_fail_low
2025-01-18 16:00:00,-35.0,1007.9,71.0,AWS-CHN-101,Tambaram,CHN,neighbor,True,sensor_fail_low
2025-01-18 17:00:00,26.1,1008.2,72.0,AWS-CHN-101,Tambaram,CHN,neighbor,False,
2025-01-18 18:00:00,25.5,1009.1,75.0,AWS-CHN-101,Tambaram,CHN,neighbor,False,
2025-01-18 19:00:00,25.1,1009.9,78.0,AWS-CHN-101,Tambaram,CHN,neighbor,False,
2025-01-18 20:00:00,24.6,1010.8,81.0,AWS-CHN-101,Tambaram,CHN,neighbor,False,
2025-01-18 21:00:00,24.1,1011.2,86.0,AWS-CHN-101,Tambaram,CHN,neighbor,False,
2025-01-18 22:00:00,23.4,1011.0,93.0,AWS-CHN-101,Tambaram,CHN,neighbor,False,
2025-01-18 23:00:00,23.3,1010.6,95.0,AWS-CHN-101,Tambaram,CHN,neighbor,False,
2025-01-19 00:00:00,23.3,1010.3,96.0,AWS-CHN-101,Tambaram,CHN,neighbor,False,
2025-01-19 01:00:00,23.2,1009.6,97.0,AWS-CHN-101,Tambaram,CHN,neighbor,False,
2025-01-19 02:00:00,23.1,1009.0,97.0,AWS-CHN-101,Tambaram,CHN,neighbor,False,
2025-01-19 03:00:00,23.2,1008.6,96.0,AWS-CHN-101,Tambaram,CHN,neighbor,False,
2025-01-19 04:00:00,23.1,1008.8,97.0,AWS-CHN-101,Tambaram,CHN,neighbor,False,
2025-01-19 05:00:00,23.1,1009.1,96.0,AWS-CHN-101,Tambaram,CHN,neighbor,False,
2025-01-19 06:00:00,23.3,1010.1,94.0,AWS-CHN-101,Tambaram,CHN,neighbor,False,
2025-01-19 07:00:00,23.8,1011.1,93.0,AWS-CHN-101,Tambaram,CHN,neighbor,False,
2025-01-19 08:00:00,24.9,1012.0,89.0,AWS-CHN-101,Tambaram,CHN,neighbor,False,
2025-01-19 09:00:00,26.0,1012.3,83.0,AWS-CHN-101,Tambaram,CHN,neighbor,False,
2025-01-19 10:00:00,26.0,1011.9,83.0,AWS-CHN-101,Tambaram,CHN,neighbor,False,
2025-01-19 11:00:00,28.2,1011.2,72.0,AWS-CHN-101,Tambaram,CHN,neighbor,False,
2025-01-19 12:00:00,28.0,1010.5,71.0,AWS-CHN-101,Tambaram,CHN,neighbor,False,
2025-01-19 13:00:00,28.6,1009.5,70.0,AWS-CHN-101,Tambaram,CHN,neighbor,False,
2025-01-19 14:00:00,27.2,1008.7,74.0,AWS-CHN-101,Tambaram,CHN,neighbor,False,
2025-01-19 15:00:00,27.6,1008.2,73.0,AWS-CHN-101,Tambaram,CHN,neighbor,False,
2025-01-19 16:00:00,27.0,1008.2,74.0,AWS-CHN-101,Tambaram,CHN,neighbor,False,
2025-01-19 17:00:00,26.1,1008.5,77.0,AWS-CHN-101,Tambaram,CHN,neighbor,False,
2025-01-19 18:00:00,25.4,1009.3,85.0,AWS-CHN-101,Tambaram,CHN,neighbor,False,
2025-01-19 19:00:00,24.9,1010.1,88.0,AWS-CHN-101,Tambaram,CHN,neighbor,False,
2025-01-19 20:00:00,24.6,1010.8,88.0,AWS-CHN-101,Tambaram,CHN,neighbor,False,
2025-01-19 21:00:00,24.3,1010.9,89.0,AWS-CHN-101,Tambaram,CHN,neighbor,False,
2025-01-19 22:00:00,23.8,1010.8,91.0,AWS-CHN-101,Tambaram,CHN,neighbor,False,
2025-01-19 23:00:00,23.0,1010.9,93.0,AWS-CHN-101,Tambaram,CHN,neighbor,False,
2025-01-20 00:00:00,22.7,1010.6,93.0,AWS-CHN-101,Tambaram,CHN,neighbor,False,
2025-01-20 01:00:00,22.5,1009.9,94.0,AWS-CHN-101,Tambaram,CHN,neighbor,False,
2025-01-20 02:00:00,22.2,1009.0,94.0,AWS-CHN-101,Tambaram,CHN,neighbor,False,
2025-01-20 03:00:00,21.9,1008.6,95.0,AWS-CHN-101,Tambaram,CHN,neighbor,False,
2025-01-20 04:00:00,21.7,1008.6,96.0,AWS-CHN-101,Tambaram,CHN,neighbor,False,
2025-01-20 05:00:00,21.5,1009.0,97.0,AWS-CHN-101,Tambaram,CHN,neighbor,False,
2025-01-20 06:00:00,21.7,1010.0,98.0,AWS-CHN-101,Tambaram,CHN,neighbor,False,
2025-01-20 07:00:00,22.4,1010.8,97.0,AWS-CHN-101,Tambaram,CHN,neighbor,False,
2025-01-20 08:00:00,24.2,1011.5,90.0,AWS-CHN-101,Tambaram,CHN,neighbor,False,
2025-01-20 09:00:00,26.2,1012.0,78.0,AWS-CHN-101,Tambaram,CHN,neighbor,False,
2025-01-20 10:00:00,27.4,1011.5,,AWS-CHN-101,Tambaram,CHN,neighbor,True,dropout
2025-01-20 11:00:00,28.4,1010.7,61.0,AWS-CHN-101,Tambaram,CHN,neighbor,False,
2025-01-20 12:00:00,28.8,1009.8,58.0,AWS-CHN-101,Tambaram,CHN,neighbor,False,
2025-01-20 13:00:00,28.8,1008.8,55.0,AWS-CHN-101,Tambaram,CHN,neighbor,False,
2025-01-20 14:00:00,28.4,1008.1,57.0,AWS-CHN-101,Tambaram,CHN,neighbor,False,
2025-01-20 15:00:00,27.7,1007.6,61.0,AWS-CHN-101,Tambaram,CHN,neighbor,False,
2025-01-20 16:00:00,26.8,1007.8,65.0,AWS-CHN-101,Tambaram,CHN,neighbor,False,
2025-01-20 17:00:00,25.7,1008.2,70.0,AWS-CHN-101,Tambaram,CHN,neighbor,False,
2025-01-20 18:00:00,24.8,1008.3,77.0,AWS-CHN-101,Tambaram,CHN,neighbor,False,
2025-01-20 19:00:00,24.2,1009.3,81.0,AWS-CHN-101,Tambaram,CHN,neighbor,False,
2025-01-20 20:00:00,23.6,1009.9,84.0,AWS-CHN-101,Tambaram,CHN,neighbor,False,
2025-01-20 21:00:00,22.9,1010.3,87.0,AWS-CHN-101,Tambaram,CHN,neighbor,False,
2025-01-20 22:00:00,22.5,1010.4,89.0,AWS-CHN-101,Tambaram,CHN,neighbor,False,
2025-01-20 23:00:00,22.2,1010.0,90.0,AWS-CHN-101,Tambaram,CHN,neighbor,False,
2025-01-21 00:00:00,21.7,1009.5,92.0,AWS-CHN-101,Tambaram,CHN,neighbor,False,
2025-01-21 01:00:00,21.3,1008.9,94.0,AWS-CHN-101,Tambaram,CHN,neighbor,False,
2025-01-21 02:00:00,20.9,1008.4,96.0,AWS-CHN-101,Tambaram,CHN,neighbor,False,
2025-01-21 03:00:00,20.7,1008.1,96.0,AWS-CHN-101,Tambaram,CHN,neighbor,False,
2025-01-21 04:00:00,20.3,1008.2,97.0,AWS-CHN-101,Tambaram,CHN,neighbor,False,
2025-01-21 05:00:00,19.8,1008.6,98.0,AWS-CHN-101,Tambaram,CHN,neighbor,False,
2025-01-21 06:00:00,21.4,1009.0,97.0,AWS-CHN-101,Tambaram,CHN,neighbor,False,
2025-01-21 07:00:00,22.0,1009.7,95.0,AWS-CHN-101,Tambaram,CHN,neighbor,False,
2025-01-21 08:00:00,23.9,1010.7,87.0,AWS-CHN-101,Tambaram,CHN,neighbor,False,
2025-01-21 09:00:00,25.8,1011.2,76.0,AWS-CHN-101,Tambaram,CHN,neighbor,False,
2025-01-21 10:00:00,27.2,1011.0,64.0,AWS-CHN-101,Tambaram,CHN,neighbor,True,frozen_value
2025-01-21 11:00:00,27.2,1011.0,64.0,AWS-CHN-101,Tambaram,CHN,neighbor,True,frozen_value
2025-01-21 12:00:00,27.2,1011.0,64.0,AWS-CHN-101,Tambaram,CHN,neighbor,True,frozen_value
2025-01-21 13:00:00,27.2,1011.0,64.0,AWS-CHN-101,Tambaram,CHN,neighbor,True,frozen_value
2025-01-21 14:00:00,27.2,1011.0,64.0,AWS-CHN-101,Tambaram,CHN,neighbor,True,frozen_value
2025-01-21 15:00:00,27.2,1011.0,64.0,AWS-CHN-101,Tambaram,CHN,neighbor,True,frozen_value
2025-01-21 16:00:00,27.2,1011.0,64.0,AWS-CHN-101,Tambaram,CHN,neighbor,True,frozen_value
2025-01-21 17:00:00,27.2,1011.0,64.0,AWS-CHN-101,Tambaram,CHN,neighbor,True,frozen_value
2025-01-21 18:00:00,27.2,1011.0,64.0,AWS-CHN-101,Tambaram,CHN,neighbor,True,frozen_value
2025-01-21 19:00:00,27.2,1011.0,64.0,AWS-CHN-101,Tambaram,CHN,neighbor,True,frozen_value
2025-01-21 20:00:00,27.2,1011.0,64.0,AWS-CHN-101,Tambaram,CHN,neighbor,True,frozen_value
2025-01-21 21:00:00,27.2,1011.0,64.0,AWS-CHN-101,Tambaram,CHN,neighbor,True,frozen_value
2025-01-21 22:00:00,27.2,1011.0,64.0,AWS-CHN-101,Tambaram,CHN,neighbor,True,frozen_value
2025-01-21 23:00:00,27.2,1011.0,64.0,AWS-CHN-101,Tambaram,CHN,neighbor,True,frozen_value
2025-01-22 00:00:00,27.2,1011.0,64.0,AWS-CHN-101,Tambaram,CHN,neighbor,True,frozen_value
2025-01-22 01:00:00,27.2,1011.0,64.0,AWS-CHN-101,Tambaram,CHN,neighbor,True,frozen_value
2025-01-22 02:00:00,27.2,1011.0,64.0,AWS-CHN-101,Tambaram,CHN,neighbor,True,frozen_value
2025-01-22 03:00:00,27.2,1011.0,64.0,AWS-CHN-101,Tambaram,CHN,neighbor,True,frozen_value
2025-01-22 04:00:00,27.2,1011.0,64.0,AWS-CHN-101,Tambaram,CHN,neighbor,True,frozen_value
2025-01-22 05:00:00,27.2,1011.0,64.0,AWS-CHN-101,Tambaram,CHN,neighbor,True,frozen_value
2025-01-22 06:00:00,27.2,1011.0,64.0,AWS-CHN-101,Tambaram,CHN,neighbor,True,frozen_value
2025-01-22 07:00:00,27.2,1011.0,64.0,AWS-CHN-101,Tambaram,CHN,neighbor,True,frozen_value
2025-01-22 08:00:00,27.2,1011.0,64.0,AWS-CHN-101,Tambaram,CHN,neighbor,True,frozen_value
2025-01-22 09:00:00,27.2,1011.0,64.0,AWS-CHN-101,Tambaram,CHN,neighbor,True,frozen_value
2025-01-22 10:00:00,27.2,1011.0,64.0,AWS-CHN-101,Tambaram,CHN,neighbor,True,frozen_value
2025-01-22 11:00:00,27.2,1011.0,64.0,AWS-CHN-101,Tambaram,CHN,neighbor,True,frozen_value
2025-01-22 12:00:00,27.2,1011.0,64.0,AWS-CHN-101,Tambaram,CHN,neighbor,True,frozen_value
2025-01-22 13:00:00,27.2,1011.0,64.0,AWS-CHN-101,Tambaram,CHN,neighbor,True,frozen_value
2025-01-22 14:00:00,27.2,1011.0,64.0,AWS-CHN-101,Tambaram,CHN,neighbor,True,frozen_value
2025-01-22 15:00:00,27.2,1011.0,64.0,AWS-CHN-101,Tambaram,CHN,neighbor,True,frozen_value
2025-01-22 16:00:00,27.3,1007.8,62.0,AWS-CHN-101,Tambaram,CHN,neighbor,False,
2025-01-22 17:00:00,26.4,1008.1,65.0,AWS-CHN-101,Tambaram,CHN,neighbor,False,
2025-01-22 18:00:00,25.4,1008.6,74.0,AWS-CHN-101,Tambaram,CHN,neighbor,False,
2025-01-22 19:00:00,24.8,1009.6,78.0,AWS-CHN-101,Tambaram,CHN,neighbor,False,
2025-01-22 20:00:00,23.9,1010.4,83.0,AWS-CHN-101,Tambaram,CHN,neighbor,False,
2025-01-22 21:00:00,23.0,1010.8,87.0,AWS-CHN-101,Tambaram,CHN,neighbor,False,
2025-01-22 22:00:00,22.5,1010.7,88.0,AWS-CHN-101,Tambaram,CHN,neighbor,False,
2025-01-22 23:00:00,22.1,1010.2,89.0,AWS-CHN-101,Tambaram,CHN,neighbor,False,
2025-01-23 00:00:00,22.1,1009.9,88.0,AWS-CHN-101,Tambaram,CHN,neighbor,False,
2025-01-23 01:00:00,22.3,1009.1,86.0,AWS-CHN-101,Tambaram,CHN,neighbor,False,
2025-01-23 02:00:00,22.3,1008.5,87.0,AWS-CHN-101,Tambaram,CHN,neighbor,False,
2025-01-23 03:00:00,21.7,1007.9,89.0,AWS-CHN-101,Tambaram,CHN,neighbor,False,
2025-01-23 04:00:00,21.4,1007.9,91.0,AWS-CHN-101,Tambaram,CHN,neighbor,False,
2025-01-23 05:00:00,21.0,1008.4,93.0,AWS-CHN-101,Tambaram,CHN,neighbor,False,
2025-01-23 06:00:00,22.4,1009.0,93.0,AWS-CHN-101,Tambaram,CHN,neighbor,False,
2025-01-23 07:00:00,22.7,1010.1,92.0,AWS-CHN-101,Tambaram,CHN,neighbor,False,
2025-01-23 08:00:00,24.3,1011.1,86.0,AWS-CHN-101,Tambaram,CHN,neighbor,False,
2025-01-23 09:00:00,26.2,1011.7,77.0,AWS-CHN-101,Tambaram,CHN,neighbor,False,
2025-01-23 10:00:00,27.8,1011.5,63.0,AWS-CHN-101,Tambaram,CHN,neighbor,False,
2025-01-23 11:00:00,28.7,1010.5,58.0,AWS-CHN-101,Tambaram,CHN,neighbor,False,
2025-01-23 12:00:00,29.3,1009.9,55.0,AWS-CHN-101,Tambaram,CHN,neighbor,False,
2025-01-23 13:00:00,29.1,1008.6,55.0,AWS-CHN-101,Tambaram,CHN,neighbor,False,
2025-01-23 14:00:00,29.1,1007.8,53.0,AWS-CHN-101,Tambaram,CHN,neighbor,False,
2025-01-23 15:00:00,28.5,1007.6,55.0,AWS-CHN-101,Tambaram,CHN,neighbor,False,
2025-01-23 16:00:00,27.6,1007.6,59.0,AWS-CHN-101,Tambaram,CHN,neighbor,False,
2025-01-23 17:00:00,26.3,1007.6,66.0,AWS-CHN-101,Tambaram,CHN,neighbor,False,
2025-01-23 18:00:00,24.6,1008.4,75.0,AWS-CHN-101,Tambaram,CHN,neighbor,False,
2025-01-23 19:00:00,23.8,1009.5,80.0,AWS-CHN-101,Tambaram,CHN,neighbor,False,
2025-01-23 20:00:00,23.2,1009.8,84.0,AWS-CHN-101,Tambaram,CHN,neighbor,False,
2025-01-23 21:00:00,22.5,1010.2,88.0,AWS-CHN-101,Tambaram,CHN,neighbor,False,
2025-01-23 22:00:00,22.2,1010.2,89.0,AWS-CHN-101,Tambaram,CHN,neighbor,False,
2025-01-23 23:00:00,22.0,1009.6,90.0,AWS-CHN-101,Tambaram,CHN,neighbor,False,
2025-01-24 00:00:00,21.5,1009.1,90.0,AWS-CHN-101,Tambaram,CHN,neighbor,False,
2025-01-24 01:00:00,21.1,1008.3,91.0,AWS-CHN-101,Tambaram,CHN,neighbor,False,
2025-01-24 02:00:00,20.8,1007.6,92.0,AWS-CHN-101,Tambaram,CHN,neighbor,False,
2025-01-24 03:00:00,20.6,1007.4,94.0,AWS-CHN-101,Tambaram,CHN,neighbor,False,
2025-01-24 04:00:00,20.1,1007.5,97.0,AWS-CHN-101,Tambaram,CHN,neighbor,False,
2025-01-24 05:00:00,20.1,1008.1,95.0,AWS-CHN-101,Tambaram,CHN,neighbor,False,
2025-01-24 06:00:00,21.4,1008.3,94.0,AWS-CHN-101,Tambaram,CHN,neighbor,False,
2025-01-24 07:00:00,21.9,1009.2,93.0,AWS-CHN-101,Tambaram,CHN,neighbor,False,
2025-01-24 08:00:00,24.1,1010.3,81.0,AWS-CHN-101,Tambaram,CHN,neighbor,False,
2025-01-24 09:00:00,26.6,1011.2,63.0,AWS-CHN-101,Tambaram,CHN,neighbor,False,
2025-01-24 10:00:00,27.5,1011.3,58.0,AWS-CHN-101,Tambaram,CHN,neighbor,False,
2025-01-24 11:00:00,28.2,1010.9,52.0,AWS-CHN-101,Tambaram,CHN,neighbor,False,
2025-01-24 12:00:00,28.7,1010.2,51.0,AWS-CHN-101,Tambaram,CHN,neighbor,False,
2025-01-24 13:00:00,28.1,1009.3,58.0,AWS-CHN-101,Tambaram,CHN,neighbor,False,
2025-01-24 14:00:00,28.0,1008.1,58.0,AWS-CHN-101,Tambaram,CHN,neighbor,False,
2025-01-24 15:00:00,27.8,1007.7,56.0,AWS-CHN-101,Tambaram,CHN,neighbor,False,
2025-01-24 16:00:00,27.3,1007.6,57.0,AWS-CHN-101,Tambaram,CHN,neighbor,False,
2025-01-24 17:00:00,26.2,1008.1,62.0,AWS-CHN-101,Tambaram,CHN,neighbor,False,
2025-01-24 18:00:00,24.5,1008.9,72.0,AWS-CHN-101,Tambaram,CHN,neighbor,False,
2025-01-24 19:00:00,23.5,1009.9,76.0,AWS-CHN-101,Tambaram,CHN,neighbor,False,
2025-01-24 20:00:00,22.9,1010.3,80.0,AWS-CHN-101,Tambaram,CHN,neighbor,False,
2025-01-24 21:00:00,22.5,1010.7,83.0,AWS-CHN-101,Tambaram,CHN,neighbor,False,
2025-01-24 22:00:00,21.9,1010.7,87.0,AWS-CHN-101,Tambaram,CHN,neighbor,False,
2025-01-24 23:00:00,21.5,1010.5,88.0,AWS-CHN-101,Tambaram,CHN,neighbor,False,
2025-01-25 00:00:00,21.3,1010.0,89.0,AWS-CHN-101,Tambaram,CHN,neighbor,False,
2025-01-25 01:00:00,20.7,1009.3,91.0,AWS-CHN-101,Tambaram,CHN,neighbor,False,
2025-01-25 02:00:00,20.8,1008.8,91.0,AWS-CHN-101,Tambaram,CHN,neighbor,False,
2025-01-25 03:00:00,20.5,1008.6,93.0,AWS-CHN-101,Tambaram,CHN,neighbor,False,
2025-01-25 04:00:00,20.3,1008.8,94.0,AWS-CHN-101,Tambaram,CHN,neighbor,False,
2025-01-25 05:00:00,20.2,1009.1,94.0,AWS-CHN-101,Tambaram,CHN,neighbor,False,
2025-01-25 06:00:00,21.5,1010.2,96.0,AWS-CHN-101,Tambaram,CHN,neighbor,False,
2025-01-25 07:00:00,22.8,1011.2,90.0,AWS-CHN-101,Tambaram,CHN,neighbor,False,
2025-01-25 08:00:00,25.1,1011.6,80.0,AWS-CHN-101,Tambaram,CHN,neighbor,False,
2025-01-25 09:00:00,27.1,1012.2,60.0,AWS-CHN-101,Tambaram,CHN,neighbor,False,
2025-01-25 10:00:00,27.8,1011.8,56.0,AWS-CHN-101,Tambaram,CHN,neighbor,False,
2025-01-25 11:00:00,28.3,1011.3,56.0,AWS-CHN-101,Tambaram,CHN,neighbor,False,
2025-01-25 12:00:00,28.9,1010.2,55.0,AWS-CHN-101,Tambaram,CHN,neighbor,False,
2025-01-25 13:00:00,28.9,1009.0,56.0,AWS-CHN-101,Tambaram,CHN,neighbor,False,
2025-01-25 14:00:00,29.1,1008.0,52.0,AWS-CHN-101,Tambaram,CHN,neighbor,False,
2025-01-25 15:00:00,28.7,1007.1,50.0,AWS-CHN-101,Tambaram,CHN,neighbor,False,
2025-01-25 16:00:00,27.6,1007.3,54.0,AWS-CHN-101,Tambaram,CHN,neighbor,False,
2025-01-25 17:00:00,25.9,1007.8,63.0,AWS-CHN-101,Tambaram,CHN,neighbor,False,
2025-01-25 18:00:00,24.2,1008.5,75.0,AWS-CHN-101,Tambaram,CHN,neighbor,False,
2025-01-25 19:00:00,22.7,1009.5,84.0,AWS-CHN-101,Tambaram,CHN,neighbor,False,
2025-01-25 20:00:00,22.0,1010.3,87.0,AWS-CHN-101,Tambaram,CHN,neighbor,False,
2025-01-25 21:00:00,21.6,1010.7,89.0,AWS-CHN-101,Tambaram,CHN,neighbor,False,
2025-01-25 22:00:00,21.2,1010.7,92.0,AWS-CHN-101,Tambaram,CHN,neighbor,False,
2025-01-25 23:00:00,20.6,1010.7,94.0,AWS-CHN-101,Tambaram,CHN,neighbor,False,
2025-01-26 00:00:00,20.3,1010.4,95.0,AWS-CHN-101,Tambaram,CHN,neighbor,False,
2025-01-26 01:00:00,20.3,1009.7,96.0,AWS-CHN-101,Tambaram,CHN,neighbor,False,
2025-01-26 02:00:00,19.7,1009.1,99.0,AWS-CHN-101,Tambaram,CHN,neighbor,False,
2025-01-26 03:00:00,19.3,1008.8,100.0,AWS-CHN-101,Tambaram,CHN,neighbor,False,
2025-01-26 04:00:00,19.1,1008.8,100.0,AWS-CHN-101,Tambaram,CHN,neighbor,False,
2025-01-26 05:00:00,18.9,1009.1,100.0,AWS-CHN-101,Tambaram,CHN,neighbor,False,
2025-01-26 06:00:00,20.5,1009.8,100.0,AWS-CHN-101,Tambaram,CHN,neighbor,False,
2025-01-26 07:00:00,21.0,1010.8,99.0,AWS-CHN-101,Tambaram,CHN,neighbor,False,
2025-01-26 08:00:00,22.0,1011.5,97.0,AWS-CHN-101,Tambaram,CHN,neighbor,False,
2025-01-26 09:00:00,24.9,1012.2,81.0,AWS-CHN-101,Tambaram,CHN,neighbor,False,
2025-01-26 10:00:00,26.9,1012.0,67.0,AWS-CHN-101,Tambaram,CHN,neighbor,False,
2025-01-26 11:00:00,28.3,1011.4,62.0,AWS-CHN-101,Tambaram,CHN,neighbor,False,
2025-01-26 12:00:00,29.0,1010.3,59.0,AWS-CHN-101,Tambaram,CHN,neighbor,False,
2025-01-26 13:00:00,29.4,1008.9,53.0,AWS-CHN-101,Tambaram,CHN,neighbor,False,
2025-01-26 14:00:00,29.2,1008.1,51.0,AWS-CHN-101,Tambaram,CHN,neighbor,False,
2025-01-26 15:00:00,28.6,1007.6,54.0,AWS-CHN-101,Tambaram,CHN,neighbor,False,
2025-01-26 16:00:00,27.6,1007.5,57.0,AWS-CHN-101,Tambaram,CHN,neighbor,False,
2025-01-26 17:00:00,26.2,1008.1,66.0,AWS-CHN-101,Tambaram,CHN,neighbor,False,
2025-01-26 18:00:00,24.5,1008.6,77.0,AWS-CHN-101,Tambaram,CHN,neighbor,False,
2025-01-26 19:00:00,23.3,1009.0,83.0,AWS-CHN-101,Tambaram,CHN,neighbor,False,
2025-01-26 20:00:00,23.0,1010.0,85.0,AWS-CHN-101,Tambaram,CHN,neighbor,False,
2025-01-26 21:00:00,22.7,1010.2,86.0,AWS-CHN-101,Tambaram,CHN,neighbor,False,
2025-01-26 22:00:00,22.1,1010.3,88.0,AWS-CHN-101,Tambaram,CHN,neighbor,False,
2025-01-26 23:00:00,21.4,1009.7,91.0,AWS-CHN-101,Tambaram,CHN,neighbor,False,
2025-01-27 00:00:00,20.8,1009.4,95.0,AWS-CHN-101,Tambaram,CHN,neighbor,False,
2025-01-27 01:00:00,20.7,1008.6,96.0,AWS-CHN-101,Tambaram,CHN,neighbor,False,
2025-01-27 02:00:00,20.4,1008.1,98.0,AWS-CHN-101,Tambaram,CHN,neighbor,False,
2025-01-27 03:00:00,20.3,1007.6,99.0,AWS-CHN-101,Tambaram,CHN,neighbor,False,
2025-01-27 04:00:00,19.7,1007.6,100.0,AWS-CHN-101,Tambaram,CHN,neighbor,False,
2025-01-27 05:00:00,19.6,1007.9,100.0,AWS-CHN-101,Tambaram,CHN,neighbor,False,
2025-01-27 06:00:00,21.1,1008.8,100.0,AWS-CHN-101,Tambaram,CHN,neighbor,False,
2025-01-27 07:00:00,21.4,1009.8,99.0,AWS-CHN-101,Tambaram,CHN,neighbor,False,
2025-01-27 08:00:00,22.8,1010.7,92.0,AWS-CHN-101,Tambaram,CHN,neighbor,False,
2025-01-27 09:00:00,25.5,1011.3,79.0,AWS-CHN-101,Tambaram,CHN,neighbor,False,
2025-01-27 10:00:00,27.1,1011.3,68.0,AWS-CHN-101,Tambaram,CHN,neighbor,False,
2025-01-27 11:00:00,28.4,1010.8,61.0,AWS-CHN-101,Tambaram,CHN,neighbor,False,
2025-01-27 12:00:00,29.3,1009.8,55.0,AWS-CHN-101,Tambaram,CHN,neighbor,False,
2025-01-27 13:00:00,29.4,1008.6,50.0,AWS-CHN-101,Tambaram,CHN,neighbor,False,
2025-01-27 14:00:00,29.1,1007.7,50.0,AWS-CHN-101,Tambaram,CHN,neighbor,False,
2025-01-27 15:00:00,28.2,1007.2,55.0,AWS-CHN-101,Tambaram,CHN,neighbor,False,
2025-01-27 16:00:00,27.3,1007.2,60.0,AWS-CHN-101,Tambaram,CHN,neighbor,False,
2025-01-27 17:00:00,26.1,1007.4,66.0,AWS-CHN-101,Tambaram,CHN,neighbor,False,
2025-01-27 18:00:00,25.2,1008.0,73.0,AWS-CHN-101,Tambaram,CHN,neighbor,False,
2025-01-27 19:00:00,24.3,1008.7,81.0,AWS-CHN-101,Tambaram,CHN,neighbor,False,
2025-01-27 20:00:00,23.2,1009.7,90.0,AWS-CHN-101,Tambaram,CHN,neighbor,False,
2025-01-27 21:00:00,22.7,1010.0,92.0,AWS-CHN-101,Tambaram,CHN,neighbor,False,
2025-01-27 22:00:00,22.4,1010.1,92.0,AWS-CHN-101,Tambaram,CHN,neighbor,False,
2025-01-27 23:00:00,22.2,1009.4,92.0,AWS-CHN-101,Tambaram,CHN,neighbor,False,
2025-01-28 00:00:00,21.9,1009.0,91.0,AWS-CHN-101,Tambaram,CHN,neighbor,False,
2025-01-28 01:00:00,21.3,1008.2,93.0,AWS-CHN-101,Tambaram,CHN,neighbor,False,
2025-01-28 02:00:00,20.9,1007.6,95.0,AWS-CHN-101,Tambaram,CHN,neighbor,False,
2025-01-28 03:00:00,20.6,1007.1,96.0,AWS-CHN-101,Tambaram,CHN,neighbor,False,
2025-01-28 04:00:00,20.4,1007.0,97.0,AWS-CHN-101,Tambaram,CHN,neighbor,False,
2025-01-28 05:00:00,20.3,1007.3,97.0,AWS-CHN-101,Tambaram,CHN,neighbor,False,
2025-01-28 06:00:00,22.1,1008.0,99.0,AWS-CHN-101,Tambaram,CHN,neighbor,False,
2025-01-28 07:00:00,22.5,1009.2,98.0,AWS-CHN-101,Tambaram,CHN,neighbor,False,
2025-01-28 08:00:00,24.2,1010.4,92.0,AWS-CHN-101,Tambaram,CHN,neighbor,False,
2025-01-28 09:00:00,26.1,1011.3,77.0,AWS-CHN-101,Tambaram,CHN,neighbor,False,
2025-01-28 10:00:00,27.8,1011.5,62.0,AWS-CHN-101,Tambaram,CHN,neighbor,False,
2025-01-28 11:00:00,28.7,1011.0,55.0,AWS-CHN-101,Tambaram,CHN,neighbor,False,
2025-01-28 12:00:00,29.1,1010.4,52.0,AWS-CHN-101,Tambaram,CHN,neighbor,False,
2025-01-28 13:00:00,29.3,1009.3,51.0,AWS-CHN-101,Tambaram,CHN,neighbor,False,
2025-01-28 14:00:00,29.1,1008.4,51.0,AWS-CHN-101,Tambaram,CHN,neighbor,False,
2025-01-28 15:00:00,28.5,1007.8,49.0,AWS-CHN-101,Tambaram,CHN,neighbor,False,
2025-01-28 16:00:00,27.6,1007.8,52.0,AWS-CHN-101,Tambaram,CHN,neighbor,False,
2025-01-28 17:00:00,26.3,1008.3,58.0,AWS-CHN-101,Tambaram,CHN,neighbor,False,
2025-01-28 18:00:00,25.2,1009.0,67.0,AWS-CHN-101,Tambaram,CHN,neighbor,False,
2025-01-28 19:00:00,24.4,1010.0,73.0,AWS-CHN-101,Tambaram,CHN,neighbor,False,
2025-01-28 20:00:00,24.0,1011.0,78.0,AWS-CHN-101,Tambaram,CHN,neighbor,False,
2025-01-28 21:00:00,23.6,1011.9,82.0,AWS-CHN-101,Tambaram,CHN,neighbor,False,
2025-01-28 22:00:00,23.2,1011.8,84.0,AWS-CHN-101,Tambaram,CHN,neighbor,False,
2025-01-28 23:00:00,22.8,1011.8,87.0,AWS-CHN-101,Tambaram,CHN,neighbor,False,
2025-01-29 00:00:00,22.2,1011.5,89.0,AWS-CHN-101,Tambaram,CHN,neighbor,False,
2025-01-29 01:00:00,21.9,1010.9,90.0,AWS-CHN-101,Tambaram,CHN,neighbor,False,
2025-01-29 02:00:00,21.5,1010.0,92.0,AWS-CHN-101,Tambaram,CHN,neighbor,False,
2025-01-29 03:00:00,21.1,1009.8,93.0,AWS-CHN-101,Tambaram,CHN,neighbor,False,
2025-01-29 04:00:00,20.4,1009.6,94.0,AWS-CHN-101,Tambaram,CHN,neighbor,False,
2025-01-29 05:00:00,20.1,1009.9,97.0,AWS-CHN-101,Tambaram,CHN,neighbor,False,
2025-01-29 06:00:00,21.5,1010.6,98.0,AWS-CHN-101,Tambaram,CHN,neighbor,False,
2025-01-29 07:00:00,21.9,1011.3,98.0,AWS-CHN-101,Tambaram,CHN,neighbor,False,
2025-01-29 08:00:00,24.5,1012.3,84.0,AWS-CHN-101,Tambaram,CHN,neighbor,False,
2025-01-29 09:00:00,27.0,1012.9,66.0,AWS-CHN-101,Tambaram,CHN,neighbor,False,
2025-01-29 10:00:00,28.4,1012.9,55.0,AWS-CHN-101,Tambaram,CHN,neighbor,False,
2025-01-29 11:00:00,29.1,1012.1,52.0,AWS-CHN-101,Tambaram,CHN,neighbor,False,
2025-01-29 12:00:00,29.2,1011.0,52.0,AWS-CHN-101,Tambaram,CHN,neighbor,False,
2025-01-29 13:00:00,29.2,1009.8,52.0,AWS-CHN-101,Tambaram,CHN,neighbor,False,
2025-01-29 14:00:00,29.0,1008.8,50.0,AWS-CHN-101,Tambaram,CHN,neighbor,False,
2025-01-29 15:00:00,28.4,1008.1,51.0,AWS-CHN-101,Tambaram,CHN,neighbor,False,
2025-01-29 16:00:00,27.4,1008.1,55.0,AWS-CHN-101,Tambaram,CHN,neighbor,False,
2025-01-29 17:00:00,26.1,1008.6,62.0,AWS-CHN-101,Tambaram,CHN,neighbor,False,
2025-01-29 18:00:00,25.1,1009.1,69.0,AWS-CHN-101,Tambaram,CHN,neighbor,False,
2025-01-29 19:00:00,24.3,1010.1,73.0,AWS-CHN-101,Tambaram,CHN,neighbor,False,
2025-01-29 20:00:00,23.6,1010.8,76.0,AWS-CHN-101,Tambaram,CHN,neighbor,False,
2025-01-29 21:00:00,23.1,1011.0,80.0,AWS-CHN-101,Tambaram,CHN,neighbor,False,
2025-01-29 22:00:00,-35.0,1011.0,81.0,AWS-CHN-101,Tambaram,CHN,neighbor,True,sensor_fail_low
2025-01-29 23:00:00,-35.0,1010.6,84.0,AWS-CHN-101,Tambaram,CHN,neighbor,True,sensor_fail_low
2025-01-30 00:00:00,-35.0,1010.3,86.0,AWS-CHN-101,Tambaram,CHN,neighbor,True,sensor_fail_low
2025-01-30 01:00:00,21.5,1009.6,89.0,AWS-CHN-101,Tambaram,CHN,neighbor,False,
2025-01-30 02:00:00,21.7,1008.9,89.0,AWS-CHN-101,Tambaram,CHN,neighbor,False,
2025-01-30 03:00:00,22.1,1008.3,87.0,AWS-CHN-101,Tambaram,CHN,neighbor,False,
2025-01-30 04:00:00,22.2,1008.3,85.0,AWS-CHN-101,Tambaram,CHN,neighbor,False,
2025-01-30 05:00:00,22.2,1008.9,85.0,AWS-CHN-101,Tambaram,CHN,neighbor,False,
2025-01-30 06:00:00,22.6,1009.9,87.0,AWS-CHN-101,Tambaram,CHN,neighbor,False,
2025-01-30 07:00:00,22.9,1010.7,87.0,AWS-CHN-101,Tambaram,CHN,neighbor,False,
2025-01-30 08:00:00,65.1,1011.7,79.0,AWS-CHN-101,Tambaram,CHN,neighbor,True,impossible_jump
2025-01-30 09:00:00,27.2,1012.1,72.0,AWS-CHN-101,Tambaram,CHN,neighbor,False,
2025-01-30 10:00:00,29.2,1011.8,63.0,AWS-CHN-101,Tambaram,CHN,neighbor,False,
2025-01-30 11:00:00,30.3,1011.0,58.0,AWS-CHN-101,Tambaram,CHN,neighbor,False,
2025-01-30 12:00:00,31.2,1009.8,55.0,AWS-CHN-101,Tambaram,CHN,neighbor,False,
2025-01-30 13:00:00,31.7,1008.2,53.0,AWS-CHN-101,Tambaram,CHN,neighbor,False,
2025-01-30 14:00:00,30.8,1007.1,58.0,AWS-CHN-101,Tambaram,CHN,neighbor,False,
2025-01-30 15:00:00,29.3,1006.4,63.0,AWS-CHN-101,Tambaram,CHN,neighbor,False,
2025-01-30 16:00:00,28.3,1006.5,66.0,AWS-CHN-101,Tambaram,CHN,neighbor,False,
2025-01-30 17:00:00,27.1,1006.9,72.0,AWS-CHN-101,Tambaram,CHN,neighbor,False,
2025-01-30 18:00:00,25.9,1007.4,81.0,AWS-CHN-101,Tambaram,CHN,neighbor,False,
2025-01-30 19:00:00,25.2,1008.2,86.0,AWS-CHN-101,Tambaram,CHN,neighbor,False,
2025-01-30 20:00:00,24.8,1009.1,90.0,AWS-CHN-101,Tambaram,CHN,neighbor,False,
2025-01-30 21:00:00,24.6,1009.5,91.0,AWS-CHN-101,Tambaram,CHN,neighbor,False,
2025-01-30 22:00:00,24.3,1200.0,92.0,AWS-CHN-101,Tambaram,CHN,neighbor,True,physical_bounds
2025-01-30 23:00:00,24.2,1009.1,92.0,AWS-CHN-101,Tambaram,CHN,neighbor,False,
2025-01-31 00:00:00,24.1,1008.7,93.0,AWS-CHN-101,Tambaram,CHN,neighbor,False,
2025-01-31 01:00:00,23.6,1008.0,93.0,AWS-CHN-101,Tambaram,CHN,neighbor,False,
2025-01-31 02:00:00,23.3,1007.8,95.0,AWS-CHN-101,Tambaram,CHN,neighbor,False,
2025-01-31 03:00:00,22.5,1007.5,97.0,AWS-CHN-101,Tambaram,CHN,neighbor,False,
2025-01-31 04:00:00,22.6,1007.5,97.0,AWS-CHN-101,Tambaram,CHN,neighbor,False,
2025-01-31 05:00:00,22.3,1008.0,98.0,AWS-CHN-101,Tambaram,CHN,neighbor,False,
2025-01-31 06:00:00,23.5,1008.8,99.0,AWS-CHN-101,Tambaram,CHN,neighbor,False,
2025-01-31 07:00:00,24.0,1009.7,96.0,AWS-CHN-101,Tambaram,CHN,neighbor,False,
2025-01-31 08:00:00,25.4,1010.9,89.0,AWS-CHN-101,Tambaram,CHN,neighbor,False,
2025-01-31 09:00:00,27.5,1011.5,78.0,AWS-CHN-101,Tambaram,CHN,neighbor,False,
2025-01-31 10:00:00,28.8,,71.0,AWS-CHN-101,Tambaram,CHN,neighbor,True,dropout
2025-01-31 11:00:00,29.9,1010.4,67.0,AWS-CHN-101,Tambaram,CHN,neighbor,False,
2025-01-31 12:00:00,30.5,1009.3,64.0,AWS-CHN-101,Tambaram,CHN,neighbor,False,
2025-01-31 13:00:00,30.5,1008.4,64.0,AWS-CHN-101,Tambaram,CHN,neighbor,False,
2025-01-31 14:00:00,30.0,1007.3,66.0,AWS-CHN-101,Tambaram,CHN,neighbor,False,
2025-01-31 15:00:00,29.7,1006.4,67.0,AWS-CHN-101,Tambaram,CHN,neighbor,False,
2025-01-31 16:00:00,28.7,1006.4,70.0,AWS-CHN-101,Tambaram,CHN,neighbor,False,
2025-01-31 17:00:00,27.6,1006.8,75.0,AWS-CHN-101,Tambaram,CHN,neighbor,False,
2025-01-31 18:00:00,26.4,1007.3,86.0,AWS-CHN-101,Tambaram,CHN,neighbor,False,
2025-01-31 19:00:00,25.7,1008.2,91.0,AWS-CHN-101,Tambaram,CHN,neighbor,False,
2025-01-31 20:00:00,25.2,1009.0,94.0,AWS-CHN-101,Tambaram,CHN,neighbor,False,
2025-01-31 21:00:00,25.0,1009.5,95.0,AWS-CHN-101,Tambaram,CHN,neighbor,False,
2025-01-31 22:00:00,24.8,1009.5,95.0,AWS-CHN-101,Tambaram,CHN,neighbor,False,
2025-01-31 23:00:00,24.5,1009.2,96.0,AWS-CHN-101,Tambaram,CHN,neighbor,False,
2025-02-01 00:00:00,24.2,1008.9,97.0,AWS-CHN-101,Tambaram,CHN,neighbor,False,
2025-02-01 01:00:00,23.6,1008.4,97.0,AWS-CHN-101,Tambaram,CHN,neighbor,False,
2025-02-01 02:00:00,23.3,1008.0,98.0,AWS-CHN-101,Tambaram,CHN,neighbor,False,
2025-02-01 03:00:00,23.5,1007.8,98.0,AWS-CHN-101,Tambaram,CHN,neighbor,False,
2025-02-01 04:00:00,23.2,1007.8,99.0,AWS-CHN-101,Tambaram,CHN,neighbor,False,
2025-02-01 05:00:00,22.8,1008.4,100.0,AWS-CHN-101,Tambaram,CHN,neighbor,False,
2025-02-01 06:00:00,23.5,1008.8,99.0,AWS-CHN-101,Tambaram,CHN,neighbor,False,
2025-02-01 07:00:00,24.6,1009.8,97.0,AWS-CHN-101,Tambaram,CHN,neighbor,False,
2025-02-01 08:00:00,25.9,1010.7,91.0,AWS-CHN-101,Tambaram,CHN,neighbor,False,
2025-02-01 09:00:00,27.8,150.0,76.0,AWS-CHN-101,Tambaram,CHN,neighbor,True,sensor_fail_low
2025-02-01 10:00:00,29.3,150.0,65.0,AWS-CHN-101,Tambaram,CHN,neighbor,True,sensor_fail_low
2025-02-01 11:00:00,30.3,150.0,60.0,AWS-CHN-101,Tambaram,CHN,neighbor,True,sensor_fail_low
2025-02-01 12:00:00,30.6,1009.9,58.0,AWS-CHN-101,Tambaram,CHN,neighbor,False,
2025-02-01 13:00:00,30.7,1008.8,57.0,AWS-CHN-101,Tambaram,CHN,neighbor,False,
2025-02-01 14:00:00,30.1,1007.9,60.0,AWS-CHN-101,Tambaram,CHN,neighbor,False,
2025-02-01 15:00:00,29.6,1007.4,63.0,AWS-CHN-101,Tambaram,CHN,neighbor,False,
2025-02-01 16:00:00,28.7,1007.5,68.0,AWS-CHN-101,Tambaram,CHN,neighbor,False,
2025-02-01 17:00:00,27.2,1007.9,74.0,AWS-CHN-101,Tambaram,CHN,neighbor,False,
2025-02-01 18:00:00,26.2,1008.1,85.0,AWS-CHN-101,Tambaram,CHN,neighbor,False,
2025-02-01 19:00:00,25.6,1009.0,89.0,AWS-CHN-101,Tambaram,CHN,neighbor,False,
2025-02-01 20:00:00,25.2,1009.9,91.0,AWS-CHN-101,Tambaram,CHN,neighbor,False,
2025-02-01 21:00:00,24.9,1010.8,92.0,AWS-CHN-101,Tambaram,CHN,neighbor,False,
2025-02-01 22:00:00,24.5,1010.9,94.0,AWS-CHN-101,Tambaram,CHN,neighbor,False,
2025-02-01 23:00:00,23.6,1010.6,96.0,AWS-CHN-101,Tambaram,CHN,neighbor,False,
2025-02-02 00:00:00,23.4,1010.4,96.0,AWS-CHN-101,Tambaram,CHN,neighbor,False,
2025-02-02 01:00:00,23.2,1009.8,96.0,AWS-CHN-101,Tambaram,CHN,neighbor,False,
2025-02-02 02:00:00,22.8,1009.3,97.0,AWS-CHN-101,Tambaram,CHN,neighbor,False,
2025-02-02 03:00:00,22.4,1008.7,99.0,AWS-CHN-101,Tambaram,CHN,neighbor,False,
2025-02-02 04:00:00,22.2,1008.8,100.0,AWS-CHN-101,Tambaram,CHN,neighbor,False,
2025-02-02 05:00:00,22.1,1009.2,99.0,AWS-CHN-101,Tambaram,CHN,neighbor,False,
2025-02-02 06:00:00,23.4,1010.1,100.0,AWS-CHN-101,Tambaram,CHN,neighbor,False,
2025-02-02 07:00:00,24.0,1011.0,97.0,AWS-CHN-101,Tambaram,CHN,neighbor,False,
2025-02-02 08:00:00,25.0,1011.6,91.0,AWS-CHN-101,Tambaram,CHN,neighbor,False,
2025-02-02 09:00:00,26.8,1012.1,76.0,AWS-CHN-101,Tambaram,CHN,neighbor,False,
2025-02-02 10:00:00,28.2,1011.6,68.0,AWS-CHN-101,Tambaram,CHN,neighbor,False,
2025-02-02 11:00:00,29.5,1010.8,61.0,AWS-CHN-101,Tambaram,CHN,neighbor,False,
2025-02-02 12:00:00,30.5,1009.5,55.0,AWS-CHN-101,Tambaram,CHN,neighbor,False,
2025-02-02 13:00:00,30.9,1008.4,53.0,AWS-CHN-101,Tambaram,CHN,neighbor,False,
2025-02-02 14:00:00,30.1,1007.5,60.0,AWS-CHN-101,Tambaram,CHN,neighbor,False,
2025-02-02 15:00:00,28.9,1007.2,64.0,AWS-CHN-101,Tambaram,CHN,neighbor,False,
2025-02-02 16:00:00,28.1,1007.2,64.0,AWS-CHN-101,Tambaram,CHN,neighbor,False,
2025-02-02 17:00:00,27.0,1007.6,65.0,AWS-CHN-101,Tambaram,CHN,neighbor,False,
2025-02-02 18:00:00,25.8,1008.2,73.0,AWS-CHN-101,Tambaram,CHN,neighbor,False,
2025-02-02 19:00:00,25.0,1009.1,76.0,AWS-CHN-101,Tambaram,CHN,neighbor,False,
2025-02-02 20:00:00,24.0,1009.7,80.0,AWS-CHN-101,Tambaram,CHN,neighbor,False,
2025-02-02 21:00:00,23.2,1010.5,84.0,AWS-CHN-101,Tambaram,CHN,neighbor,False,
2025-02-02 22:00:00,22.5,1010.5,88.0,AWS-CHN-101,Tambaram,CHN,neighbor,False,
2025-02-02 23:00:00,22.4,1010.3,88.0,AWS-CHN-101,Tambaram,CHN,neighbor,False,
2025-02-03 00:00:00,22.2,1009.7,89.0,AWS-CHN-101,Tambaram,CHN,neighbor,False,
2025-02-03 01:00:00,21.0,1008.9,93.0,AWS-CHN-101,Tambaram,CHN,neighbor,False,
2025-02-03 02:00:00,20.4,1008.3,97.0,AWS-CHN-101,Tambaram,CHN,neighbor,False,
2025-02-03 03:00:00,19.9,1008.0,99.0,AWS-CHN-101,Tambaram,CHN,neighbor,False,
2025-02-03 04:00:00,19.5,1008.1,99.0,AWS-CHN-101,Tambaram,CHN,neighbor,False,
2025-02-03 05:00:00,19.4,1008.6,100.0,AWS-CHN-101,Tambaram,CHN,neighbor,False,
2025-02-03 06:00:00,22.1,1009.8,96.0,AWS-CHN-101,Tambaram,CHN,neighbor,False,
2025-02-03 07:00:00,23.0,1010.5,93.0,AWS-CHN-101,Tambaram,CHN,neighbor,False,
2025-02-03 08:00:00,24.9,1011.5,82.0,AWS-CHN-101,Tambaram,CHN,neighbor,False,
2025-02-03 09:00:00,26.7,1012.3,73.0,AWS-CHN-101,Tambaram,CHN,neighbor,False,
2025-02-03 10:00:00,28.2,1011.9,65.0,AWS-CHN-101,Tambaram,CHN,neighbor,False,
2025-02-03 11:00:00,29.4,1011.0,61.0,AWS-CHN-101,Tambaram,CHN,neighbor,False,
2025-02-03 12:00:00,30.3,1009.8,57.0,AWS-CHN-101,Tambaram,CHN,neighbor,False,
2025-02-03 13:00:00,30.6,1008.9,54.0,AWS-CHN-101,Tambaram,CHN,neighbor,False,
2025-02-03 14:00:00,30.4,1008.2,52.0,AWS-CHN-101,Tambaram,CHN,neighbor,False,
2025-02-03 15:00:00,30.0,1007.9,48.0,AWS-CHN-101,Tambaram,CHN,neighbor,False,
2025-02-03 16:00:00,28.6,1008.2,49.0,AWS-CHN-101,Tambaram,CHN,neighbor,False,
2025-02-03 17:00:00,26.7,1008.7,63.0,AWS-CHN-101,Tambaram,CHN,neighbor,False,
2025-02-03 18:00:00,24.8,1009.4,84.0,AWS-CHN-101,Tambaram,CHN,neighbor,False,
2025-02-03 19:00:00,23.4,1010.5,92.0,AWS-CHN-101,Tambaram,CHN,neighbor,False,
2025-02-03 20:00:00,22.8,1011.2,92.0,AWS-CHN-101,Tambaram,CHN,neighbor,False,
2025-02-03 21:00:00,22.4,1011.5,92.0,AWS-CHN-101,Tambaram,CHN,neighbor,False,
2025-02-03 22:00:00,22.1,1011.6,91.0,AWS-CHN-101,Tambaram,CHN,neighbor,False,
2025-02-03 23:00:00,21.6,1011.3,92.0,AWS-CHN-101,Tambaram,CHN,neighbor,False,
2025-02-04 00:00:00,21.2,1010.7,94.0,AWS-CHN-101,Tambaram,CHN,neighbor,False,
2025-02-04 01:00:00,20.2,1010.1,98.0,AWS-CHN-101,Tambaram,CHN,neighbor,False,
2025-02-04 02:00:00,19.7,1009.8,99.0,AWS-CHN-101,Tambaram,CHN,neighbor,False,
2025-02-04 03:00:00,19.3,1009.3,100.0,AWS-CHN-101,Tambaram,CHN,neighbor,False,
2025-02-04 04:00:00,19.1,1009.3,100.0,AWS-CHN-101,Tambaram,CHN,neighbor,False,
2025-02-04 05:00:00,19.6,1009.6,100.0,AWS-CHN-101,Tambaram,CHN,neighbor,False,
2025-02-04 06:00:00,21.5,1010.3,99.0,AWS-CHN-101,Tambaram,CHN,neighbor,False,
2025-02-04 07:00:00,22.2,1011.3,98.0,AWS-CHN-101,Tambaram,CHN,neighbor,False,
2025-02-04 08:00:00,22.7,1012.2,97.0,AWS-CHN-101,Tambaram,CHN,neighbor,False,
2025-02-04 09:00:00,24.5,1012.7,85.0,AWS-CHN-101,Tambaram,CHN,neighbor,False,
2025-02-04 10:00:00,27.3,1012.5,74.0,AWS-CHN-101,Tambaram,CHN,neighbor,False,
2025-02-04 11:00:00,29.5,1011.6,60.0,AWS-CHN-101,Tambaram,CHN,neighbor,False,
2025-02-04 12:00:00,31.3,1010.3,44.0,AWS-CHN-101,Tambaram,CHN,neighbor,False,
2025-02-04 13:00:00,31.7,1009.2,37.0,AWS-CHN-101,Tambaram,CHN,neighbor,False,
2025-02-04 14:00:00,31.5,1008.3,36.0,AWS-CHN-101,Tambaram,CHN,neighbor,False,
2025-02-04 15:00:00,30.8,1007.8,38.0,AWS-CHN-101,Tambaram,CHN,neighbor,False,
2025-02-04 16:00:00,29.6,1007.8,44.0,AWS-CHN-101,Tambaram,CHN,neighbor,False,
2025-02-04 17:00:00,27.5,1008.0,63.0,AWS-CHN-101,Tambaram,CHN,neighbor,False,
2025-02-04 18:00:00,25.5,1008.5,87.0,AWS-CHN-101,Tambaram,CHN,neighbor,False,
2025-02-04 19:00:00,24.6,1009.4,94.0,AWS-CHN-101,Tambaram,CHN,neighbor,False,
2025-02-04 20:00:00,23.8,1010.1,96.0,AWS-CHN-101,Tambaram,CHN,neighbor,False,
2025-02-04 21:00:00,23.5,1010.5,96.0,AWS-CHN-101,Tambaram,CHN,neighbor,False,
2025-02-04 22:00:00,23.1,1010.4,97.0,AWS-CHN-101,Tambaram,CHN,neighbor,False,
2025-02-04 23:00:00,22.7,1009.8,98.0,AWS-CHN-101,Tambaram,CHN,neighbor,False,
2025-02-05 00:00:00,22.4,1009.3,98.0,AWS-CHN-101,Tambaram,CHN,neighbor,False,
2025-02-05 01:00:00,22.1,1008.7,99.0,AWS-CHN-101,Tambaram,CHN,neighbor,False,
2025-02-05 02:00:00,22.0,1008.3,99.0,AWS-CHN-101,Tambaram,CHN,neighbor,False,
2025-02-05 03:00:00,21.8,1008.3,100.0,AWS-CHN-101,Tambaram,CHN,neighbor,False,
2025-02-05 04:00:00,21.2,1068.5,100.0,AWS-CHN-101,Tambaram,CHN,neighbor,True,impossible_jump
2025-02-05 05:00:00,21.7,1009.1,100.0,AWS-CHN-101,Tambaram,CHN,neighbor,False,
2025-02-05 06:00:00,23.1,1009.7,99.0,AWS-CHN-101,Tambaram,CHN,neighbor,False,
2025-02-05 07:00:00,23.3,1010.5,99.0,AWS-CHN-101,Tambaram,CHN,neighbor,False,
2025-02-05 08:00:00,24.4,1011.5,91.0,AWS-CHN-101,Tambaram,CHN,neighbor,False,
2025-02-05 09:00:00,26.1,1012.1,80.0,AWS-CHN-101,Tambaram,CHN,neighbor,False,
2025-02-05 10:00:00,28.0,1011.7,69.0,AWS-CHN-101,Tambaram,CHN,neighbor,False,
2025-02-05 11:00:00,29.7,1010.9,57.0,AWS-CHN-101,Tambaram,CHN,neighbor,False,
2025-02-05 12:00:00,30.9,1009.7,47.0,AWS-CHN-101,Tambaram,CHN,neighbor,False,
2025-02-05 13:00:00,31.6,1008.6,39.0,AWS-CHN-101,Tambaram,CHN,neighbor,False,
2025-02-05 14:00:00,31.3,1007.6,36.0,AWS-CHN-101,Tambaram,CHN,neighbor,False,
2025-02-05 15:00:00,30.3,1007.3,39.0,AWS-CHN-101,Tambaram,CHN,neighbor,False,
2025-02-05 16:00:00,29.0,1007.4,46.0,AWS-CHN-101,Tambaram,CHN,neighbor,False,
2025-02-05 17:00:00,27.3,1007.5,58.0,AWS-CHN-101,Tambaram,CHN,neighbor,False,
2025-02-05 18:00:00,25.4,1007.9,77.0,AWS-CHN-101,Tambaram,CHN,neighbor,False,
2025-02-05 19:00:00,24.1,1008.7,89.0,AWS-CHN-101,Tambaram,CHN,neighbor,False,
2025-02-05 20:00:00,23.6,1009.6,91.0,AWS-CHN-101,Tambaram,CHN,neighbor,False,
2025-02-05 21:00:00,23.4,1010.2,90.0,AWS-CHN-101,Tambaram,CHN,neighbor,False,
2025-02-05 22:00:00,23.2,1010.3,88.0,AWS-CHN-101,Tambaram,CHN,neighbor,False,
2025-02-05 23:00:00,22.9,1009.9,89.0,AWS-CHN-101,Tambaram,CHN,neighbor,False,
2025-02-06 00:00:00,22.6,1009.5,89.0,AWS-CHN-101,Tambaram,CHN,neighbor,False,
2025-02-06 01:00:00,22.5,1009.1,88.0,AWS-CHN-101,Tambaram,CHN,neighbor,False,
2025-02-06 02:00:00,22.4,1008.5,88.0,AWS-CHN-101,Tambaram,CHN,neighbor,False,
2025-02-06 03:00:00,21.7,1008.0,91.0,AWS-CHN-101,Tambaram,CHN,neighbor,False,
2025-02-06 04:00:00,21.0,1008.1,95.0,AWS-CHN-101,Tambaram,CHN,neighbor,False,
2025-02-06 05:00:00,20.5,1008.6,97.0,AWS-CHN-101,Tambaram,CHN,neighbor,False,
2025-02-06 06:00:00,20.9,1009.1,99.0,AWS-CHN-101,Tambaram,CHN,neighbor,False,
2025-02-06 07:00:00,21.9,1009.9,99.0,AWS-CHN-101,Tambaram,CHN,neighbor,False,
2025-02-06 08:00:00,24.0,1010.8,94.0,AWS-CHN-101,Tambaram,CHN,neighbor,False,
2025-02-06 09:00:00,26.7,1011.5,78.0,AWS-CHN-101,Tambaram,CHN,neighbor,False,
2025-02-06 10:00:00,28.5,1011.4,63.0,AWS-CHN-101,Tambaram,CHN,neighbor,False,
2025-02-06 11:00:00,29.9,1010.7,53.0,AWS-CHN-101,Tambaram,CHN,neighbor,False,
2025-02-06 12:00:00,30.6,1009.9,48.0,AWS-CHN-101,Tambaram,CHN,neighbor,False,
2025-02-06 13:00:00,30.8,1008.8,44.0,AWS-CHN-101,Tambaram,CHN,neighbor,False,
2025-02-06 14:00:00,30.5,1007.7,46.0,AWS-CHN-101,Tambaram,CHN,neighbor,False,
2025-02-06 15:00:00,29.7,1007.3,49.0,AWS-CHN-101,Tambaram,CHN,neighbor,False,
2025-02-06 16:00:00,28.5,1007.1,55.0,AWS-CHN-101,Tambaram,CHN,neighbor,False,
2025-02-06 17:00:00,27.0,1007.5,65.0,AWS-CHN-101,Tambaram,CHN,neighbor,False,
2025-02-06 18:00:00,25.4,1008.1,78.0,AWS-CHN-101,Tambaram,CHN,neighbor,False,
2025-02-06 19:00:00,24.1,1008.9,85.0,AWS-CHN-101,Tambaram,CHN,neighbor,False,
2025-02-06 20:00:00,23.8,1009.8,86.0,AWS-CHN-101,Tambaram,CHN,neighbor,False,
2025-02-06 21:00:00,23.4,1010.2,87.0,AWS-CHN-101,Tambaram,CHN,neighbor,False,
2025-02-06 22:00:00,23.1,1010.4,89.0,AWS-CHN-101,Tambaram,CHN,neighbor,False,
2025-02-06 23:00:00,22.7,1010.1,91.0,AWS-CHN-101,Tambaram,CHN,neighbor,False,
2025-02-07 00:00:00,22.2,1009.9,93.0,AWS-CHN-101,Tambaram,CHN,neighbor,False,
2025-02-07 01:00:00,21.5,1009.3,95.0,AWS-CHN-101,Tambaram,CHN,neighbor,False,
2025-02-07 02:00:00,20.9,1008.9,97.0,AWS-CHN-101,Tambaram,CHN,neighbor,False,
2025-02-07 03:00:00,20.5,1008.9,99.0,AWS-CHN-101,Tambaram,CHN,neighbor,False,
2025-02-07 04:00:00,20.1,1009.0,100.0,AWS-CHN-101,Tambaram,CHN,neighbor,False,
2025-02-07 05:00:00,20.0,1009.6,,AWS-CHN-101,Tambaram,CHN,neighbor,True,dropout
2025-02-07 06:00:00,21.2,1010.5,100.0,AWS-CHN-101,Tambaram,CHN,neighbor,False,
2025-02-07 07:00:00,21.9,1011.5,99.0,AWS-CHN-101,Tambaram,CHN,neighbor,False,
2025-02-07 08:00:00,23.3,1012.5,96.0,AWS-CHN-101,Tambaram,CHN,neighbor,False,
2025-02-07 09:00:00,26.5,1013.3,79.0,AWS-CHN-101,Tambaram,CHN,neighbor,False,
2025-02-07 10:00:00,28.3,1013.2,68.0,AWS-CHN-101,Tambaram,CHN,neighbor,False,
2025-02-07 11:00:00,29.8,1012.4,59.0,AWS-CHN-101,Tambaram,CHN,neighbor,False,
2025-02-07 12:00:00,30.9,1011.6,51.0,AWS-CHN-101,Tambaram,CHN,neighbor,False,
2025-02-07 13:00:00,31.3,1010.2,44.0,AWS-CHN-101,Tambaram,CHN,neighbor,False,
2025-02-07 14:00:00,30.8,1009.4,45.0,AWS-CHN-101,Tambaram,CHN,neighbor,False,
2025-02-07 15:00:00,30.0,1009.0,50.0,AWS-CHN-101,Tambaram,CHN,neighbor,False,
2025-02-07 16:00:00,28.8,1009.0,58.0,AWS-CHN-101,Tambaram,CHN,neighbor,False,
2025-02-07 17:00:00,27.3,1009.4,69.0,AWS-CHN-101,Tambaram,CHN,neighbor,False,
2025-02-07 18:00:00,25.9,1009.9,79.0,AWS-CHN-101,Tambaram,CHN,neighbor,False,
2025-02-07 19:00:00,25.0,1010.5,82.0,AWS-CHN-101,Tambaram,CHN,neighbor,False,
2025-02-07 20:00:00,23.8,1011.2,0.0,AWS-CHN-101,Tambaram,CHN,neighbor,True,sensor_fail_low
2025-02-07 21:00:00,23.5,1011.6,0.0,AWS-CHN-101,Tambaram,CHN,neighbor,True,sensor_fail_low
2025-02-07 22:00:00,23.1,1011.6,0.0,AWS-CHN-101,Tambaram,CHN,neighbor,True,sensor_fail_low
2025-02-07 23:00:00,22.7,1011.1,93.0,AWS-CHN-101,Tambaram,CHN,neighbor,False,
2025-02-08 00:00:00,22.4,1010.5,94.0,AWS-CHN-101,Tambaram,CHN,neighbor,False,
2025-02-08 01:00:00,21.7,1009.8,97.0,AWS-CHN-101,Tambaram,CHN,neighbor,False,
2025-02-08 02:00:00,21.1,1009.1,99.0,AWS-CHN-101,Tambaram,CHN,neighbor,False,
2025-02-08 03:00:00,20.9,1009.0,100.0,AWS-CHN-101,Tambaram,CHN,neighbor,False,
2025-02-08 04:00:00,20.9,1008.9,100.0,AWS-CHN-101,Tambaram,CHN,neighbor,False,
2025-02-08 05:00:00,20.8,1009.7,100.0,AWS-CHN-101,Tambaram,CHN,neighbor,False,
2025-02-08 06:00:00,23.2,1010.4,100.0,AWS-CHN-101,Tambaram,CHN,neighbor,False,
2025-02-08 07:00:00,23.7,1011.4,98.0,AWS-CHN-101,Tambaram,CHN,neighbor,False,
2025-02-08 08:00:00,25.4,1012.3,86.0,AWS-CHN-101,Tambaram,CHN,neighbor,False,
2025-02-08 09:00:00,27.3,1013.0,75.0,AWS-CHN-101,Tambaram,CHN,neighbor,False,
2025-02-08 10:00:00,29.1,1012.7,63.0,AWS-CHN-101,Tambaram,CHN,neighbor,False,
2025-02-08 11:00:00,30.8,1012.0,51.0,AWS-CHN-101,Tambaram,CHN,neighbor,False,
2025-02-08 12:00:00,31.9,1011.0,43.0,AWS-CHN-101,Tambaram,CHN,neighbor,False,
2025-02-08 13:00:00,31.8,1009.6,41.0,AWS-CHN-101,Tambaram,CHN,neighbor,False,
2025-02-08 14:00:00,31.3,1008.8,43.0,AWS-CHN-101,Tambaram,CHN,neighbor,False,
2025-02-08 15:00:00,30.3,1008.3,48.0,AWS-CHN-101,Tambaram,CHN,neighbor,False,
2025-02-08 16:00:00,29.2,1008.4,54.0,AWS-CHN-101,Tambaram,CHN,neighbor,False,
2025-02-08 17:00:00,27.6,1008.8,64.0,AWS-CHN-101,Tambaram,CHN,neighbor,False,
2025-02-08 18:00:00,26.4,1009.2,75.0,AWS-CHN-101,Tambaram,CHN,neighbor,False,
2025-02-08 19:00:00,25.3,1010.2,83.0,AWS-CHN-101,Tambaram,CHN,neighbor,False,
2025-02-08 20:00:00,24.6,1010.9,88.0,AWS-CHN-101,Tambaram,CHN,neighbor,False,
2025-02-08 21:00:00,24.2,1011.6,89.0,AWS-CHN-101,Tambaram,CHN,neighbor,False,
2025-02-08 22:00:00,23.9,1011.6,90.0,AWS-CHN-101,Tambaram,CHN,neighbor,False,
2025-02-08 23:00:00,23.5,1011.4,91.0,AWS-CHN-101,Tambaram,CHN,neighbor,False,
2025-02-09 00:00:00,23.1,1010.9,92.0,AWS-CHN-101,Tambaram,CHN,neighbor,False,
2025-02-09 01:00:00,22.6,1010.1,94.0,AWS-CHN-101,Tambaram,CHN,neighbor,False,
2025-02-09 02:00:00,22.0,1009.1,97.0,AWS-CHN-101,Tambaram,CHN,neighbor,False,
2025-02-09 03:00:00,21.3,1008.7,99.0,AWS-CHN-101,Tambaram,CHN,neighbor,False,
2025-02-09 04:00:00,20.9,1008.5,100.0,AWS-CHN-101,Tambaram,CHN,neighbor,False,
2025-02-09 05:00:00,21.0,1009.0,100.0,AWS-CHN-101,Tambaram,CHN,neighbor,False,
2025-02-09 06:00:00,22.6,1009.9,100.0,AWS-CHN-101,Tambaram,CHN,neighbor,False,
2025-02-09 07:00:00,23.3,1010.9,99.0,AWS-CHN-101,Tambaram,CHN,neighbor,False,
2025-02-09 08:00:00,24.4,1011.7,95.0,AWS-CHN-101,Tambaram,CHN,neighbor,False,
2025-02-09 09:00:00,27.0,1012.3,77.0,AWS-CHN-101,Tambaram,CHN,neighbor,False,
2025-02-09 10:00:00,29.0,1012.2,62.0,AWS-CHN-101,Tambaram,CHN,neighbor,False,
2025-02-09 11:00:00,30.3,1011.5,54.0,AWS-CHN-101,Tambaram,CHN,neighbor,False,
2025-02-09 12:00:00,30.9,1010.6,50.0,AWS-CHN-101,Tambaram,CHN,neighbor,False,
2025-02-09 13:00:00,30.9,1009.4,49.0,AWS-CHN-101,Tambaram,CHN,neighbor,False,
2025-02-09 14:00:00,30.7,1008.3,49.0,AWS-CHN-101,Tambaram,CHN,neighbor,False,
2025-02-09 15:00:00,30.0,1007.8,51.0,AWS-CHN-101,Tambaram,CHN,neighbor,False,
2025-02-09 16:00:00,29.2,1007.9,55.0,AWS-CHN-101,Tambaram,CHN,neighbor,False,
2025-02-09 17:00:00,28.0,1008.3,62.0,AWS-CHN-101,Tambaram,CHN,neighbor,False,
2025-02-09 18:00:00,27.2,1008.6,72.0,AWS-CHN-101,Tambaram,CHN,neighbor,False,
2025-02-09 19:00:00,26.3,1009.5,78.0,AWS-CHN-101,Tambaram,CHN,neighbor,False,
2025-02-09 20:00:00,,1010.5,82.0,AWS-CHN-101,Tambaram,CHN,neighbor,True,dropout
2025-02-09 21:00:00,25.1,1011.3,85.0,AWS-CHN-101,Tambaram,CHN,neighbor,False,
2025-02-09 22:00:00,24.5,1011.7,88.0,AWS-CHN-101,Tambaram,CHN,neighbor,False,
2025-02-09 23:00:00,24.2,1011.3,89.0,AWS-CHN-101,Tambaram,CHN,neighbor,False,
2025-02-10 00:00:00,23.7,1010.4,90.0,AWS-CHN-101,Tambaram,CHN,neighbor,False,
2025-02-10 01:00:00,23.2,1009.9,91.0,AWS-CHN-101,Tambaram,CHN,neighbor,False,
2025-02-10 02:00:00,22.7,1009.4,94.0,AWS-CHN-101,Tambaram,CHN,neighbor,False,
2025-02-10 03:00:00,22.5,1009.1,94.0,AWS-CHN-101,Tambaram,CHN,neighbor,False,
2025-02-10 04:00:00,22.3,1009.3,95.0,AWS-CHN-101,Tambaram,CHN,neighbor,False,
2025-02-10 05:00:00,22.1,1010.0,96.0,AWS-CHN-101,Tambaram,CHN,neighbor,False,
2025-02-10 06:00:00,22.6,1010.9,98.0,AWS-CHN-101,Tambaram,CHN,neighbor,False,
2025-02-10 07:00:00,23.8,1012.1,96.0,AWS-CHN-101,Tambaram,CHN,neighbor,False,
2025-02-10 08:00:00,26.0,1012.8,83.0,AWS-CHN-101,Tambaram,CHN,neighbor,False,
2025-02-10 09:00:00,28.3,1013.5,59.0,AWS-CHN-101,Tambaram,CHN,neighbor,False,
2025-02-10 10:00:00,29.2,1013.4,51.0,AWS-CHN-101,Tambaram,CHN,neighbor,False,
2025-02-10 11:00:00,29.7,1013.0,50.0,AWS-CHN-101,Tambaram,CHN,neighbor,False,
2025-02-10 12:00:00,30.0,1011.9,50.0,AWS-CHN-101,Tambaram,CHN,neighbor,False,
2025-02-10 13:00:00,30.2,1010.6,49.0,AWS-CHN-101,Tambaram,CHN,neighbor,False,
2025-02-10 14:00:00,30.1,1009.6,50.0,AWS-CHN-101,Tambaram,CHN,neighbor,False,
2025-02-10 15:00:00,29.8,1009.2,47.0,AWS-CHN-101,Tambaram,CHN,neighbor,False,
2025-02-10 16:00:00,29.1,1009.1,45.0,AWS-CHN-101,Tambaram,CHN,neighbor,False,
2025-02-10 17:00:00,-35.0,1009.5,49.0,AWS-CHN-101,Tambaram,CHN,neighbor,True,sensor_fail_low
2025-02-10 18:00:00,-35.0,1009.8,65.0,AWS-CHN-101,Tambaram,CHN,neighbor,True,sensor_fail_low
2025-02-10 19:00:00,-35.0,1011.0,68.0,AWS-CHN-101,Tambaram,CHN,neighbor,True,sensor_fail_low
2025-02-10 20:00:00,25.1,1011.8,74.0,AWS-CHN-101,Tambaram,CHN,neighbor,False,
2025-02-10 21:00:00,24.3,1012.3,78.0,AWS-CHN-101,Tambaram,CHN,neighbor,False,
2025-02-10 22:00:00,23.6,1012.4,79.0,AWS-CHN-101,Tambaram,CHN,neighbor,False,
2025-02-10 23:00:00,23.1,1012.1,81.0,AWS-CHN-101,Tambaram,CHN,neighbor,False,
2025-02-11 00:00:00,22.8,1011.5,83.0,AWS-CHN-101,Tambaram,CHN,neighbor,False,
2025-02-11 01:00:00,22.5,1010.9,84.0,AWS-CHN-101,Tambaram,CHN,neighbor,False,
2025-02-11 02:00:00,22.3,1010.3,84.0,AWS-CHN-101,Tambaram,CHN,neighbor,False,
2025-02-11 03:00:00,22.2,1010.2,84.0,AWS-CHN-101,Tambaram,CHN,neighbor,False,
2025-02-11 04:00:00,21.9,1010.3,86.0,AWS-CHN-101,Tambaram,CHN,neighbor,False,
2025-02-11 05:00:00,20.8,1010.8,92.0,AWS-CHN-101,Tambaram,CHN,neighbor,False,
2025-02-11 06:00:00,22.1,1011.4,90.0,AWS-CHN-101,Tambaram,CHN,neighbor,False,
2025-02-11 07:00:00,23.1,1012.4,87.0,AWS-CHN-101,Tambaram,CHN,neighbor,False,
2025-02-11 08:00:00,25.4,1013.2,76.0,AWS-CHN-101,Tambaram,CHN,neighbor,False,
2025-02-11 09:00:00,27.1,1013.6,66.0,AWS-CHN-101,Tambaram,CHN,neighbor,False,
2025-02-11 10:00:00,28.5,1013.3,58.0,AWS-CHN-101,Tambaram,CHN,neighbor,False,
2025-02-11 11:00:00,29.8,1012.8,51.0,AWS-CHN-101,Tambaram,CHN,neighbor,False,
2025-02-11 12:00:00,30.8,1011.7,45.0,AWS-CHN-101,Tambaram,CHN,neighbor,False,
2025-02-11 13:00:00,31.7,1010.5,37.0,AWS-CHN-101,Tambaram,CHN,neighbor,False,
2025-02-11 14:00:00,31.7,1009.4,34.0,AWS-CHN-101,Tambaram,CHN,neighbor,False,
2025-02-11 15:00:00,30.3,1009.1,40.0,AWS-CHN-101,Tambaram,CHN,neighbor,False,
2025-02-11 16:00:00,28.4,1009.4,53.0,AWS-CHN-101,Tambaram,CHN,neighbor,False,
2025-02-11 17:00:00,27.1,1009.6,62.0,AWS-CHN-101,Tambaram,CHN,neighbor,False,
2025-02-11 18:00:00,26.2,1009.8,74.0,AWS-CHN-101,Tambaram,CHN,neighbor,False,
2025-02-11 19:00:00,25.5,1010.9,76.0,AWS-CHN-101,Tambaram,CHN,neighbor,False,
2025-02-11 20:00:00,24.8,1011.6,81.0,AWS-CHN-101,Tambaram,CHN,neighbor,False,
2025-02-11 21:00:00,24.0,1012.2,85.0,AWS-CHN-101,Tambaram,CHN,neighbor,False,
2025-02-11 22:00:00,23.3,1012.0,90.0,AWS-CHN-101,Tambaram,CHN,neighbor,False,
2025-02-11 23:00:00,22.8,1011.8,91.0,AWS-CHN-101,Tambaram,CHN,neighbor,False,
2025-02-12 00:00:00,22.5,1011.1,92.0,AWS-CHN-101,Tambaram,CHN,neighbor,False,
2025-02-12 01:00:00,22.4,1010.3,92.0,AWS-CHN-101,Tambaram,CHN,neighbor,False,
2025-02-12 02:00:00,21.9,1009.7,94.0,AWS-CHN-101,Tambaram,CHN,neighbor,True,frozen_value
2025-02-12 03:00:00,21.9,1009.7,94.0,AWS-CHN-101,Tambaram,CHN,neighbor,True,frozen_value
2025-02-12 04:00:00,21.9,1009.7,94.0,AWS-CHN-101,Tambaram,CHN,neighbor,True,frozen_value
2025-02-12 05:00:00,21.9,1009.7,94.0,AWS-CHN-101,Tambaram,CHN,neighbor,True,frozen_value
2025-02-12 06:00:00,21.9,1009.7,94.0,AWS-CHN-101,Tambaram,CHN,neighbor,True,frozen_value
2025-02-12 07:00:00,21.9,1009.7,94.0,AWS-CHN-101,Tambaram,CHN,neighbor,True,frozen_value
2025-02-12 08:00:00,21.9,1009.7,94.0,AWS-CHN-101,Tambaram,CHN,neighbor,True,frozen_value
2025-02-12 09:00:00,21.9,1009.7,94.0,AWS-CHN-101,Tambaram,CHN,neighbor,True,frozen_value
2025-02-12 10:00:00,21.9,1009.7,94.0,AWS-CHN-101,Tambaram,CHN,neighbor,True,frozen_value
2025-02-12 11:00:00,21.9,1009.7,94.0,AWS-CHN-101,Tambaram,CHN,neighbor,True,frozen_value
2025-02-12 12:00:00,21.9,1009.7,94.0,AWS-CHN-101,Tambaram,CHN,neighbor,True,frozen_value
2025-02-12 13:00:00,21.9,1009.7,94.0,AWS-CHN-101,Tambaram,CHN,neighbor,True,frozen_value
2025-02-12 14:00:00,21.9,1009.7,94.0,AWS-CHN-101,Tambaram,CHN,neighbor,True,frozen_value
2025-02-12 15:00:00,21.9,1009.7,94.0,AWS-CHN-101,Tambaram,CHN,neighbor,True,frozen_value
2025-02-12 16:00:00,21.9,1009.7,94.0,AWS-CHN-101,Tambaram,CHN,neighbor,True,frozen_value
2025-02-12 17:00:00,21.9,1009.7,94.0,AWS-CHN-101,Tambaram,CHN,neighbor,True,frozen_value
2025-02-12 18:00:00,21.9,1009.7,94.0,AWS-CHN-101,Tambaram,CHN,neighbor,True,frozen_value
2025-02-12 19:00:00,21.9,1009.7,94.0,AWS-CHN-101,Tambaram,CHN,neighbor,True,frozen_value
2025-02-12 20:00:00,21.9,1009.7,94.0,AWS-CHN-101,Tambaram,CHN,neighbor,True,frozen_value
2025-02-12 21:00:00,75.0,1009.7,94.0,AWS-CHN-101,Tambaram,CHN,neighbor,True,physical_bounds
2025-02-12 22:00:00,21.9,1009.7,94.0,AWS-CHN-101,Tambaram,CHN,neighbor,True,frozen_value
2025-02-12 23:00:00,21.9,1009.7,94.0,AWS-CHN-101,Tambaram,CHN,neighbor,True,frozen_value
2025-02-13 00:00:00,21.9,1009.7,94.0,AWS-CHN-101,Tambaram,CHN,neighbor,True,frozen_value
2025-02-13 01:00:00,21.9,1009.7,94.0,AWS-CHN-101,Tambaram,CHN,neighbor,True,frozen_value
2025-02-13 02:00:00,21.9,1009.7,94.0,AWS-CHN-101,Tambaram,CHN,neighbor,True,frozen_value
2025-02-13 03:00:00,21.9,1009.7,94.0,AWS-CHN-101,Tambaram,CHN,neighbor,True,frozen_value
2025-02-13 04:00:00,21.9,1009.7,94.0,AWS-CHN-101,Tambaram,CHN,neighbor,True,frozen_value
2025-02-13 05:00:00,21.9,1009.7,94.0,AWS-CHN-101,Tambaram,CHN,neighbor,True,frozen_value
2025-02-13 06:00:00,21.9,1009.7,94.0,AWS-CHN-101,Tambaram,CHN,neighbor,True,frozen_value
2025-02-13 07:00:00,21.9,1009.7,94.0,AWS-CHN-101,Tambaram,CHN,neighbor,True,frozen_value
2025-02-13 08:00:00,23.5,1012.4,89.0,AWS-CHN-101,Tambaram,CHN,neighbor,False,
2025-02-13 09:00:00,25.4,1013.1,75.0,AWS-CHN-101,Tambaram,CHN,neighbor,False,
2025-02-13 10:00:00,27.7,1013.0,64.0,AWS-CHN-101,Tambaram,CHN,neighbor,False,
2025-02-13 11:00:00,29.8,1012.0,53.0,AWS-CHN-101,Tambaram,CHN,neighbor,True,frozen_value
2025-02-13 12:00:00,29.8,1012.0,53.0,AWS-CHN-101,Tambaram,CHN,neighbor,True,frozen_value
2025-02-13 13:00:00,29.8,1012.0,53.0,AWS-CHN-101,Tambaram,CHN,neighbor,True,frozen_value
2025-02-13 14:00:00,29.8,1012.0,53.0,AWS-CHN-101,Tambaram,CHN,neighbor,True,frozen_value
2025-02-13 15:00:00,29.8,1012.0,53.0,AWS-CHN-101,Tambaram,CHN,neighbor,True,frozen_value
2025-02-13 16:00:00,29.8,1012.0,53.0,AWS-CHN-101,Tambaram,CHN,neighbor,True,frozen_value
2025-02-13 17:00:00,29.8,1012.0,53.0,AWS-CHN-101,Tambaram,CHN,neighbor,True,frozen_value
2025-02-13 18:00:00,29.8,1012.0,53.0,AWS-CHN-101,Tambaram,CHN,neighbor,True,frozen_value
2025-02-13 19:00:00,29.8,1012.0,53.0,AWS-CHN-101,Tambaram,CHN,neighbor,True,frozen_value
2025-02-13 20:00:00,29.8,1012.0,53.0,AWS-CHN-101,Tambaram,CHN,neighbor,True,frozen_value
2025-02-13 21:00:00,29.8,1012.0,53.0,AWS-CHN-101,Tambaram,CHN,neighbor,True,frozen_value
2025-02-13 22:00:00,29.8,1012.0,53.0,AWS-CHN-101,Tambaram,CHN,neighbor,True,frozen_value
2025-02-13 23:00:00,29.8,1012.0,53.0,AWS-CHN-101,Tambaram,CHN,neighbor,True,frozen_value
2025-02-14 00:00:00,29.8,1012.0,53.0,AWS-CHN-101,Tambaram,CHN,neighbor,True,frozen_value
2025-02-14 01:00:00,29.8,1012.0,53.0,AWS-CHN-101,Tambaram,CHN,neighbor,True,frozen_value
2025-02-14 02:00:00,29.8,1012.0,53.0,AWS-CHN-101,Tambaram,CHN,neighbor,True,frozen_value
2025-02-14 03:00:00,29.8,1012.0,53.0,AWS-CHN-101,Tambaram,CHN,neighbor,True,frozen_value
2025-02-14 04:00:00,29.8,1012.0,53.0,AWS-CHN-101,Tambaram,CHN,neighbor,True,frozen_value
2025-02-14 05:00:00,69.8,1012.0,53.0,AWS-CHN-101,Tambaram,CHN,neighbor,True,impossible_jump
2025-02-14 06:00:00,29.8,1012.0,53.0,AWS-CHN-101,Tambaram,CHN,neighbor,True,frozen_value
2025-02-14 07:00:00,29.8,1012.0,53.0,AWS-CHN-101,Tambaram,CHN,neighbor,True,frozen_value
2025-02-14 08:00:00,29.8,1012.0,53.0,AWS-CHN-101,Tambaram,CHN,neighbor,True,frozen_value
2025-02-14 09:00:00,29.8,1012.0,53.0,AWS-CHN-101,Tambaram,CHN,neighbor,True,frozen_value
2025-02-14 10:00:00,29.8,1012.0,53.0,AWS-CHN-101,Tambaram,CHN,neighbor,True,frozen_value
2025-02-14 11:00:00,29.8,1012.0,53.0,AWS-CHN-101,Tambaram,CHN,neighbor,True,frozen_value
2025-02-14 12:00:00,29.8,1012.0,53.0,AWS-CHN-101,Tambaram,CHN,neighbor,True,frozen_value
2025-02-14 13:00:00,29.8,1012.0,53.0,AWS-CHN-101,Tambaram,CHN,neighbor,True,frozen_value
2025-02-14 14:00:00,29.8,1012.0,53.0,AWS-CHN-101,Tambaram,CHN,neighbor,True,frozen_value
2025-02-14 15:00:00,29.8,1012.0,53.0,AWS-CHN-101,Tambaram,CHN,neighbor,True,frozen_value
2025-02-14 16:00:00,29.8,1012.0,53.0,AWS-CHN-101,Tambaram,CHN,neighbor,True,frozen_value
2025-02-14 17:00:00,28.3,1008.0,50.0,AWS-CHN-101,Tambaram,CHN,neighbor,False,
2025-02-14 18:00:00,25.9,1008.6,73.0,AWS-CHN-101,Tambaram,CHN,neighbor,False,
2025-02-14 19:00:00,24.6,1009.6,83.0,AWS-CHN-101,Tambaram,CHN,neighbor,False,
2025-02-14 20:00:00,23.8,1010.2,88.0,AWS-CHN-101,Tambaram,CHN,neighbor,False,
2025-02-14 21:00:00,23.2,1010.8,92.0,AWS-CHN-101,Tambaram,CHN,neighbor,False,
2025-02-14 22:00:00,22.7,1010.8,94.0,AWS-CHN-101,Tambaram,CHN,neighbor,False,
2025-02-14 23:00:00,22.0,1010.2,95.0,AWS-CHN-101,Tambaram,CHN,neighbor,False,
2025-02-15 00:00:00,21.6,1009.6,96.0,AWS-CHN-101,Tambaram,CHN,neighbor,False,
2025-02-15 01:00:00,20.8,1009.0,99.0,AWS-CHN-101,Tambaram,CHN,neighbor,False,
2025-02-15 02:00:00,20.8,1008.7,100.0,AWS-CHN-101,Tambaram,CHN,neighbor,False,
2025-02-15 03:00:00,20.7,1008.5,100.0,AWS-CHN-101,Tambaram,CHN,neighbor,False,
2025-02-15 04:00:00,21.0,1008.5,100.0,AWS-CHN-101,Tambaram,CHN,neighbor,False,
2025-02-15 05:00:00,21.5,1008.7,154.0,AWS-CHN-101,Tambaram,CHN,neighbor,True,impossible_jump
2025-02-15 06:00:00,23.0,1009.8,96.0,AWS-CHN-101,Tambaram,CHN,neighbor,False,
2025-02-15 07:00:00,23.8,1010.6,91.0,AWS-CHN-101,Tambaram,CHN,neighbor,False,
2025-02-15 08:00:00,25.2,1011.6,81.0,AWS-CHN-101,Tambaram,CHN,neighbor,False,
2025-02-15 09:00:00,26.9,1011.8,72.0,AWS-CHN-101,Tambaram,CHN,neighbor,False,
2025-02-15 10:00:00,29.0,1011.5,63.0,AWS-CHN-101,Tambaram,CHN,neighbor,False,
2025-02-15 11:00:00,30.9,1010.5,52.0,AWS-CHN-101,Tambaram,CHN,neighbor,False,
2025-02-15 12:00:00,32.2,1009.2,46.0,AWS-CHN-101,Tambaram,CHN,neighbor,False,
2025-02-15 13:00:00,32.3,1008.1,48.0,AWS-CHN-101,Tambaram,CHN,neighbor,False,
2025-02-15 14:00:00,31.7,1007.0,50.0,AWS-CHN-101,Tambaram,CHN,neighbor,False,
2025-02-15 15:00:00,30.7,1006.7,49.0,AWS-CHN-101,Tambaram,CHN,neighbor,False,
2025-02-15 16:00:00,29.7,1006.8,50.0,AWS-CHN-101,Tambaram,CHN,neighbor,False,
2025-02-15 17:00:00,27.8,1007.2,62.0,AWS-CHN-101,Tambaram,CHN,neighbor,False,
2025-02-15 18:00:00,26.0,1007.5,74.0,AWS-CHN-101,Tambaram,CHN,neighbor,False,
2025-02-15 19:00:00,25.1,1008.5,83.0,AWS-CHN-101,Tambaram,CHN,neighbor,False,
2025-02-15 20:00:00,24.7,1009.4,85.0,AWS-CHN-101,Tambaram,CHN,neighbor,False,
2025-02-15 21:00:00,24.4,1010.0,88.0,AWS-CHN-101,Tambaram,CHN,neighbor,False,
2025-02-15 22:00:00,23.9,1010.4,91.0,AWS-CHN-101,Tambaram,CHN,neighbor,False,
2025-02-15 23:00:00,23.5,1010.1,93.0,AWS-CHN-101,Tambaram,CHN,neighbor,False,
2025-02-16 00:00:00,23.2,1009.5,94.0,AWS-CHN-101,Tambaram,CHN,neighbor,False,
2025-02-16 01:00:00,22.7,1008.9,95.0,AWS-CHN-101,Tambaram,CHN,neighbor,False,
2025-02-16 02:00:00,22.2,1008.5,96.0,AWS-CHN-101,Tambaram,CHN,neighbor,False,
2025-02-16 03:00:00,22.2,1008.3,97.0,AWS-CHN-101,Tambaram,CHN,neighbor,False,
2025-02-16 04:00:00,21.9,1008.4,98.0,AWS-CHN-101,Tambaram,CHN,neighbor,False,
2025-02-16 05:00:00,21.5,1009.1,99.0,AWS-CHN-101,Tambaram,CHN,neighbor,False,
2025-02-16 06:00:00,22.0,1009.8,99.0,AWS-CHN-101,Tambaram,CHN,neighbor,False,
2025-02-16 07:00:00,23.3,1010.9,94.0,AWS-CHN-101,Tambaram,CHN,neighbor,False,
2025-02-16 08:00:00,25.9,1011.6,80.0,AWS-CHN-101,Tambaram,CHN,neighbor,False,
2025-02-16 09:00:00,27.8,1012.1,68.0,AWS-CHN-101,Tambaram,CHN,neighbor,False,
2025-02-16 10:00:00,29.5,1011.7,58.0,AWS-CHN-101,Tambaram,CHN,neighbor,False,
2025-02-16 11:00:00,31.1,1010.9,49.0,AWS-CHN-101,Tambaram,CHN,neighbor,False,
2025-02-16 12:00:00,32.3,1009.7,43.0,AWS-CHN-101,Tambaram,CHN,neighbor,False,
2025-02-16 13:00:00,32.5,1008.7,41.0,AWS-CHN-101,Tambaram,CHN,neighbor,False,
2025-02-16 14:00:00,31.9,1007.9,39.0,AWS-CHN-101,Tambaram,CHN,neighbor,False,
2025-02-16 15:00:00,30.8,1007.7,41.0,AWS-CHN-101,Tambaram,CHN,neighbor,False,
2025-02-16 16:00:00,29.4,1008.2,49.0,AWS-CHN-101,Tambaram,CHN,neighbor,False,
2025-02-16 17:00:00,27.7,1008.9,59.0,AWS-CHN-101,Tambaram,CHN,neighbor,False,
2025-02-16 18:00:00,26.4,1009.3,73.0,AWS-CHN-101,Tambaram,CHN,neighbor,False,
2025-02-16 19:00:00,25.8,1010.4,79.0,AWS-CHN-101,Tambaram,CHN,neighbor,False,
2025-02-16 20:00:00,25.4,1011.2,81.0,AWS-CHN-101,Tambaram,CHN,neighbor,False,
2025-02-16 21:00:00,25.1,1011.7,82.0,AWS-CHN-101,Tambaram,CHN,neighbor,False,
2025-02-16 22:00:00,24.7,1011.9,84.0,AWS-CHN-101,Tambaram,CHN,neighbor,False,
2025-02-16 23:00:00,24.3,1011.7,86.0,AWS-CHN-101,Tambaram,CHN,neighbor,False,
2025-02-17 00:00:00,23.6,1011.3,89.0,AWS-CHN-101,Tambaram,CHN,neighbor,False,
2025-02-17 01:00:00,23.0,1010.6,91.0,AWS-CHN-101,Tambaram,CHN,neighbor,False,
2025-02-17 02:00:00,23.0,1010.2,90.0,AWS-CHN-101,Tambaram,CHN,neighbor,False,
2025-02-17 03:00:00,22.6,1009.9,92.0,AWS-CHN-101,Tambaram,CHN,neighbor,False,
2025-02-17 04:00:00,21.5,1009.9,97.0,AWS-CHN-101,Tambaram,CHN,neighbor,False,
2025-02-17 05:00:00,21.2,1010.4,98.0,AWS-CHN-101,Tambaram,CHN,neighbor,False,
2025-02-17 06:00:00,21.9,1011.5,100.0,AWS-CHN-101,Tambaram,CHN,neighbor,False,
2025-02-17 07:00:00,22.6,1012.2,98.0,AWS-CHN-101,Tambaram,CHN,neighbor,False,
2025-02-17 08:00:00,25.7,1013.1,115.0,AWS-CHN-101,Tambaram,CHN,neighbor,True,physical_bounds
2025-02-17 09:00:00,28.1,1013.5,71.0,AWS-CHN-101,Tambaram,CHN,neighbor,False,
2025-02-17 10:00:00,30.0,1013.3,60.0,AWS-CHN-101,Tambaram,CHN,neighbor,False,
2025-02-17 11:00:00,31.1,1012.5,53.0,AWS-CHN-101,Tambaram,CHN,neighbor,False,
2025-02-17 12:00:00,31.4,1011.6,51.0,AWS-CHN-101,Tambaram,CHN,neighbor,False,
2025-02-17 13:00:00,31.5,1010.6,50.0,AWS-CHN-101,Tambaram,CHN,neighbor,False,
2025-02-17 14:00:00,75.0,1009.9,49.0,AWS-CHN-101,Tambaram,CHN,neighbor,True,physical_bounds
2025-02-17 15:00:00,30.7,1009.3,48.0,AWS-CHN-101,Tambaram,CHN,neighbor,False,
2025-02-17 16:00:00,29.6,1009.3,53.0,AWS-CHN-101,Tambaram,CHN,neighbor,False,
2025-02-17 17:00:00,28.0,1009.8,61.0,AWS-CHN-101,Tambaram,CHN,neighbor,False,
2025-02-17 18:00:00,26.7,1010.3,73.0,AWS-CHN-101,Tambaram,CHN,neighbor,False,
2025-02-17 19:00:00,25.9,1011.1,79.0,AWS-CHN-101,Tambaram,CHN,neighbor,False,
2025-02-17 20:00:00,25.2,1011.8,83.0,AWS-CHN-101,Tambaram,CHN,neighbor,False,
2025-02-17 21:00:00,24.6,1012.3,86.0,AWS-CHN-101,Tambaram,CHN,neighbor,False,
2025-02-17 22:00:00,23.9,1012.4,90.0,AWS-CHN-101,Tambaram,CHN,neighbor,False,
2025-02-17 23:00:00,23.5,1011.9,90.0,AWS-CHN-101,Tambaram,CHN,neighbor,False,
2025-02-18 00:00:00,23.3,1011.1,90.0,AWS-CHN-101,Tambaram,CHN,neighbor,False,
2025-02-18 01:00:00,23.1,1010.4,90.0,AWS-CHN-101,Tambaram,CHN,neighbor,False,
2025-02-18 02:00:00,22.5,1010.0,92.0,AWS-CHN-101,Tambaram,CHN,neighbor,False,
2025-02-18 03:00:00,21.7,1009.7,96.0,AWS-CHN-101,Tambaram,CHN,neighbor,False,
2025-02-18 04:00:00,21.0,1009.7,99.0,AWS-CHN-101,Tambaram,CHN,neighbor,False,
2025-02-18 05:00:00,20.7,1010.4,100.0,AWS-CHN-101,Tambaram,CHN,neighbor,False,
2025-02-18 06:00:00,21.8,1011.1,100.0,AWS-CHN-101,Tambaram,CHN,neighbor,False,
2025-02-18 07:00:00,22.6,1012.0,97.0,AWS-CHN-101,Tambaram,CHN,neighbor,False,
2025-02-18 08:00:00,25.7,1013.0,83.0,AWS-CHN-101,Tambaram,CHN,neighbor,False,
2025-02-18 09:00:00,28.1,1013.8,68.0,AWS-CHN-101,Tambaram,CHN,neighbor,False,
2025-02-18 10:00:00,29.8,1013.7,59.0,AWS-CHN-101,Tambaram,CHN,neighbor,False,
2025-02-18 11:00:00,30.8,1012.8,54.0,AWS-CHN-101,Tambaram,CHN,neighbor,False,
2025-02-18 12:00:00,31.6,1011.7,49.0,AWS-CHN-101,Tambaram,CHN,neighbor,False,
2025-02-18 13:00:00,31.7,1010.7,47.0,AWS-CHN-101,Tambaram,CHN,neighbor,False,
2025-02-18 14:00:00,31.3,1009.7,48.0,AWS-CHN-101,Tambaram,CHN,neighbor,False,
2025-02-18 15:00:00,30.6,1009.2,50.0,AWS-CHN-101,Tambaram,CHN,neighbor,False,
2025-02-18 16:00:00,29.5,1009.3,55.0,AWS-CHN-101,Tambaram,CHN,neighbor,False,
2025-02-18 17:00:00,28.2,1009.6,60.0,AWS-CHN-101,Tambaram,CHN,neighbor,False,
2025-02-18 18:00:00,26.8,1009.9,65.0,AWS-CHN-101,Tambaram,CHN,neighbor,False,
2025-02-18 19:00:00,25.7,1010.8,72.0,AWS-CHN-101,Tambaram,CHN,neighbor,False,
2025-02-18 20:00:00,25.0,1011.4,77.0,AWS-CHN-101,Tambaram,CHN,neighbor,False,
2025-02-18 21:00:00,24.2,1011.9,81.0,AWS-CHN-101,Tambaram,CHN,neighbor,False,
2025-02-18 22:00:00,23.5,1012.0,86.0,AWS-CHN-101,Tambaram,CHN,neighbor,False,
2025-02-18 23:00:00,22.8,1011.4,90.0,AWS-CHN-101,Tambaram,CHN,neighbor,False,
2025-02-19 00:00:00,22.4,1010.7,90.0,AWS-CHN-101,Tambaram,CHN,neighbor,False,
2025-02-19 01:00:00,21.8,1009.7,92.0,AWS-CHN-101,Tambaram,CHN,neighbor,False,
2025-02-19 02:00:00,21.3,1009.1,95.0,AWS-CHN-101,Tambaram,CHN,neighbor,False,
2025-02-19 03:00:00,20.7,1008.6,98.0,AWS-CHN-101,Tambaram,CHN,neighbor,False,
2025-02-19 04:00:00,20.4,1008.5,98.0,AWS-CHN-101,Tambaram,CHN,neighbor,False,
2025-02-19 05:00:00,19.9,1009.0,99.0,AWS-CHN-101,Tambaram,CHN,neighbor,False,
2025-02-19 06:00:00,21.1,1009.6,100.0,AWS-CHN-101,Tambaram,CHN,neighbor,False,
2025-02-19 07:00:00,22.7,1010.3,96.0,AWS-CHN-101,Tambaram,CHN,neighbor,False,
2025-02-19 08:00:00,25.8,1011.1,82.0,AWS-CHN-101,Tambaram,CHN,neighbor,False,
2025-02-19 09:00:00,28.2,1011.6,70.0,AWS-CHN-101,Tambaram,CHN,neighbor,False,
2025-02-19 10:00:00,29.8,1011.1,61.0,AWS-CHN-101,Tambaram,CHN,neighbor,False,
2025-02-19 11:00:00,31.2,1010.2,54.0,AWS-CHN-101,Tambaram,CHN,neighbor,False,
2025-02-19 12:00:00,31.8,1009.1,51.0,AWS-CHN-101,Tambaram,CHN,neighbor,False,
2025-02-19 13:00:00,31.8,1008.1,51.0,AWS-CHN-101,Tambaram,CHN,neighbor,False,
2025-02-19 14:00:00,31.4,1007.4,52.0,AWS-CHN-101,Tambaram,CHN,neighbor,False,
2025-02-19 15:00:00,30.6,1006.9,53.0,AWS-CHN-101,Tambaram,CHN,neighbor,False,
2025-02-19 16:00:00,29.4,1006.8,56.0,AWS-CHN-101,Tambaram,CHN,neighbor,False,
2025-02-19 17:00:00,27.9,1007.3,64.0,AWS-CHN-101,Tambaram,CHN,neighbor,False,
2025-02-19 18:00:00,26.5,1008.2,75.0,AWS-CHN-101,Tambaram,CHN,neighbor,False,
2025-02-19 19:00:00,25.8,1009.1,78.0,AWS-CHN-101,Tambaram,CHN,neighbor,False,
2025-02-19 20:00:00,25.2,1009.9,81.0,AWS-CHN-101,Tambaram,CHN,neighbor,False,
2025-02-19 21:00:00,24.6,1010.5,84.0,AWS-CHN-101,Tambaram,CHN,neighbor,False,
2025-02-19 22:00:00,24.0,1010.6,88.0,AWS-CHN-101,Tambaram,CHN,neighbor,False,
2025-02-19 23:00:00,23.3,1010.3,91.0,AWS-CHN-101,Tambaram,CHN,neighbor,False,
2025-02-20 00:00:00,22.8,1009.7,92.0,AWS-CHN-101,Tambaram,CHN,neighbor,False,
2025-02-20 01:00:00,22.4,1008.9,93.0,AWS-CHN-101,Tambaram,CHN,neighbor,False,
2025-02-20 02:00:00,21.9,1008.4,94.0,AWS-CHN-101,Tambaram,CHN,neighbor,False,
2025-02-20 03:00:00,21.4,1008.1,97.0,AWS-CHN-101,Tambaram,CHN,neighbor,False,
2025-02-20 04:00:00,21.0,1008.4,98.0,AWS-CHN-101,Tambaram,CHN,neighbor,False,
2025-02-20 05:00:00,20.8,1009.1,99.0,AWS-CHN-101,Tambaram,CHN,neighbor,False,
2025-02-20 06:00:00,21.7,1009.9,99.0,AWS-CHN-101,Tambaram,CHN,neighbor,False,
2025-02-20 07:00:00,23.0,1011.1,94.0,AWS-CHN-101,Tambaram,CHN,neighbor,False,
2025-02-20 08:00:00,25.9,1012.0,80.0,AWS-CHN-101,Tambaram,CHN,neighbor,False,
2025-02-20 09:00:00,28.3,1012.4,67.0,AWS-CHN-101,Tambaram,CHN,neighbor,False,
2025-02-20 10:00:00,30.0,1012.2,58.0,AWS-CHN-101,Tambaram,CHN,neighbor,False,
2025-02-20 11:00:00,31.3,1011.2,52.0,AWS-CHN-101,Tambaram,CHN,neighbor,False,
2025-02-20 12:00:00,31.8,1010.3,48.0,AWS-CHN-101,Tambaram,CHN,neighbor,False,
2025-02-20 13:00:00,31.9,1009.4,45.0,AWS-CHN-101,Tambaram,CHN,neighbor,False,
2025-02-20 14:00:00,31.7,1008.7,46.0,AWS-CHN-101,Tambaram,CHN,neighbor,False,
2025-02-20 15:00:00,31.1,1008.1,46.0,AWS-CHN-101,Tambaram,CHN,neighbor,False,
2025-02-20 16:00:00,29.9,1008.2,51.0,AWS-CHN-101,Tambaram,CHN,neighbor,False,
2025-02-20 17:00:00,28.3,1008.6,59.0,AWS-CHN-101,Tambaram,CHN,neighbor,False,
2025-02-20 18:00:00,26.7,1009.6,76.0,AWS-CHN-101,Tambaram,CHN,neighbor,False,
2025-02-20 19:00:00,26.1,1010.6,79.0,AWS-CHN-101,Tambaram,CHN,neighbor,False,
2025-02-20 20:00:00,25.5,1011.2,82.0,AWS-CHN-101,Tambaram,CHN,neighbor,False,
2025-02-20 21:00:00,25.1,1011.7,84.0,AWS-CHN-101,Tambaram,CHN,neighbor,False,
2025-02-20 22:00:00,24.7,1011.9,87.0,AWS-CHN-101,Tambaram,CHN,neighbor,False,
2025-02-20 23:00:00,24.1,1011.9,89.0,AWS-CHN-101,Tambaram,CHN,neighbor,False,
2025-02-21 00:00:00,23.5,1011.6,91.0,AWS-CHN-101,Tambaram,CHN,neighbor,False,
2025-02-21 01:00:00,23.2,1010.9,91.0,AWS-CHN-101,Tambaram,CHN,neighbor,False,
2025-02-21 02:00:00,22.9,1010.3,93.0,AWS-CHN-101,Tambaram,CHN,neighbor,False,
2025-02-21 03:00:00,22.9,1009.9,94.0,AWS-CHN-101,Tambaram,CHN,neighbor,False,
2025-02-21 04:00:00,22.6,1010.0,96.0,AWS-CHN-101,Tambaram,CHN,neighbor,False,
2025-02-21 05:00:00,22.8,1010.7,95.0,AWS-CHN-101,Tambaram,CHN,neighbor,False,
2025-02-21 06:00:00,22.2,1011.8,100.0,AWS-CHN-101,Tambaram,CHN,neighbor,False,
2025-02-21 07:00:00,23.5,1012.6,95.0,AWS-CHN-101,Tambaram,CHN,neighbor,False,
2025-02-21 08:00:00,26.1,1013.6,81.0,AWS-CHN-101,Tambaram,CHN,neighbor,False,
2025-02-21 09:00:00,28.1,1013.9,69.0,AWS-CHN-101,Tambaram,CHN,neighbor,False,
2025-02-21 10:00:00,29.8,1013.7,61.0,AWS-CHN-101,Tambaram,CHN,neighbor,False,
2025-02-21 11:00:00,31.1,1012.9,52.0,AWS-CHN-101,Tambaram,CHN,neighbor,False,
2025-02-21 12:00:00,32.0,1012.0,47.0,AWS-CHN-101,Tambaram,CHN,neighbor,False,
2025-02-21 13:00:00,32.3,1011.1,47.0,AWS-CHN-101,Tambaram,CHN,neighbor,False,
2025-02-21 14:00:00,31.9,1010.0,48.0,AWS-CHN-101,Tambaram,CHN,neighbor,False,
2025-02-21 15:00:00,31.2,1009.2,50.0,AWS-CHN-101,Tambaram,CHN,neighbor,False,
2025-02-21 16:00:00,30.1,1009.1,54.0,AWS-CHN-101,Tambaram,CHN,neighbor,False,
2025-02-21 17:00:00,28.3,1009.4,62.0,AWS-CHN-101,Tambaram,CHN,neighbor,False,
2025-02-21 18:00:00,26.9,1010.3,73.0,AWS-CHN-101,Tambaram,CHN,neighbor,False,
2025-02-21 19:00:00,26.5,1011.2,76.0,AWS-CHN-101,Tambaram,CHN,neighbor,False,
2025-02-21 20:00:00,26.0,1011.9,78.0,AWS-CHN-101,Tambaram,CHN,neighbor,False,
2025-02-21 21:00:00,25.5,1012.6,81.0,AWS-CHN-101,Tambaram,CHN,neighbor,False,
2025-02-21 22:00:00,24.8,1012.6,84.0,AWS-CHN-101,Tambaram,CHN,neighbor,False,
2025-02-21 23:00:00,24.5,1012.3,87.0,AWS-CHN-101,Tambaram,CHN,neighbor,False,
2025-02-22 00:00:00,24.2,1011.9,87.0,AWS-CHN-101,Tambaram,CHN,neighbor,False,
2025-02-22 01:00:00,24.0,1011.4,89.0,AWS-CHN-101,Tambaram,CHN,neighbor,False,
2025-02-22 02:00:00,23.7,1010.9,90.0,AWS-CHN-101,Tambaram,CHN,neighbor,False,
2025-02-22 03:00:00,23.1,1010.7,92.0,AWS-CHN-101,Tambaram,CHN,neighbor,False,
2025-02-22 04:00:00,22.7,1010.6,95.0,AWS-CHN-101,Tambaram,CHN,neighbor,False,
2025-02-22 05:00:00,22.4,1011.2,97.0,AWS-CHN-101,Tambaram,CHN,neighbor,False,
2025-02-22 06:00:00,23.4,1011.9,95.0,AWS-CHN-101,Tambaram,CHN,neighbor,False,
2025-02-22 07:00:00,24.7,1012.7,89.0,AWS-CHN-101,Tambaram,CHN,neighbor,False,
2025-02-22 08:00:00,26.8,1013.6,78.0,AWS-CHN-101,Tambaram,CHN,neighbor,False,
2025-02-22 09:00:00,28.5,1014.0,69.0,AWS-CHN-101,Tambaram,CHN,neighbor,False,
2025-02-22 10:00:00,30.1,1013.5,60.0,AWS-CHN-101,Tambaram,CHN,neighbor,False,
2025-02-22 11:00:00,31.7,1012.7,53.0,AWS-CHN-101,Tambaram,CHN,neighbor,False,
2025-02-22 12:00:00,32.7,1011.6,50.0,AWS-CHN-101,Tambaram,CHN,neighbor,False,
2025-02-22 13:00:00,32.2,1010.7,52.0,AWS-CHN-101,Tambaram,CHN,neighbor,False,
2025-02-22 14:00:00,31.2,1009.9,49.0,AWS-CHN-101,Tambaram,CHN,neighbor,False,
2025-02-22 15:00:00,30.5,1009.4,51.0,AWS-CHN-101,Tambaram,CHN,neighbor,False,
2025-02-22 16:00:00,75.0,1009.5,54.0,AWS-CHN-101,Tambaram,CHN,neighbor,True,physical_bounds
2025-02-22 17:00:00,28.0,1009.8,59.0,AWS-CHN-101,Tambaram,CHN,neighbor,False,
2025-02-22 18:00:00,26.6,1010.7,72.0,AWS-CHN-101,Tambaram,CHN,neighbor,False,
2025-02-22 19:00:00,25.8,1011.8,77.0,AWS-CHN-101,Tambaram,CHN,neighbor,False,
2025-02-22 20:00:00,25.1,1012.7,82.0,AWS-CHN-101,Tambaram,CHN,neighbor,False,
2025-02-22 21:00:00,24.7,1013.4,86.0,AWS-CHN-101,Tambaram,CHN,neighbor,False,
2025-02-22 22:00:00,24.1,1013.3,90.0,AWS-CHN-101,Tambaram,CHN,neighbor,False,
2025-02-22 23:00:00,23.6,1013.0,92.0,AWS-CHN-101,Tambaram,CHN,neighbor,False,
2025-02-23 00:00:00,23.3,1012.6,94.0,AWS-CHN-101,Tambaram,CHN,neighbor,False,
2025-02-23 01:00:00,23.0,1012.1,94.0,AWS-CHN-101,Tambaram,CHN,neighbor,False,
2025-02-23 02:00:00,22.8,1011.6,94.0,AWS-CHN-101,Tambaram,CHN,neighbor,False,
2025-02-23 03:00:00,22.4,1011.3,97.0,AWS-CHN-101,Tambaram,CHN,neighbor,False,
2025-02-23 04:00:00,22.0,1011.1,98.0,AWS-CHN-101,Tambaram,CHN,neighbor,False,
2025-02-23 05:00:00,21.9,1011.2,99.0,AWS-CHN-101,Tambaram,CHN,neighbor,False,
2025-02-23 06:00:00,22.7,1012.0,100.0,AWS-CHN-101,Tambaram,CHN,neighbor,False,
2025-02-23 07:00:00,24.4,1012.9,93.0,AWS-CHN-101,Tambaram,CHN,neighbor,False,
2025-02-23 08:00:00,26.7,1013.5,79.0,AWS-CHN-101,Tambaram,CHN,neighbor,False,
2025-02-23 09:00:00,28.5,1014.0,68.0,AWS-CHN-101,Tambaram,CHN,neighbor,False,
2025-02-23 10:00:00,30.3,1013.6,59.0,AWS-CHN-101,Tambaram,CHN,neighbor,False,
2025-02-23 11:00:00,32.0,1012.6,49.0,AWS-CHN-101,Tambaram,CHN,neighbor,False,
2025-02-23 12:00:00,33.2,1011.6,43.0,AWS-CHN-101,Tambaram,CHN,neighbor,False,
2025-02-23 13:00:00,33.6,1010.5,39.0,AWS-CHN-101,Tambaram,CHN,neighbor,False,
2025-02-23 14:00:00,33.0,1009.5,40.0,AWS-CHN-101,Tambaram,CHN,neighbor,False,
2025-02-23 15:00:00,32.0,1009.2,42.0,AWS-CHN-101,Tambaram,CHN,neighbor,False,
2025-02-23 16:00:00,30.5,1009.6,51.0,AWS-CHN-101,Tambaram,CHN,neighbor,False,
2025-02-23 17:00:00,28.7,1010.2,61.0,AWS-CHN-101,Tambaram,CHN,neighbor,False,
2025-02-23 18:00:00,75.0,1010.9,71.0,AWS-CHN-101,Tambaram,CHN,neighbor,True,physical_bounds
2025-02-23 19:00:00,26.3,1011.6,79.0,AWS-CHN-101,Tambaram,CHN,neighbor,False,
2025-02-23 20:00:00,25.6,1012.6,85.0,AWS-CHN-101,Tambaram,CHN,neighbor,False,
2025-02-23 21:00:00,24.8,1013.2,89.0,AWS-CHN-101,Tambaram,CHN,neighbor,False,
2025-02-23 22:00:00,24.4,1013.2,91.0,AWS-CHN-101,Tambaram,CHN,neighbor,False,
2025-02-23 23:00:00,23.9,1012.7,93.0,AWS-CHN-101,Tambaram,CHN,neighbor,False,
2025-02-24 00:00:00,23.4,1011.9,95.0,AWS-CHN-101,Tambaram,CHN,neighbor,False,
2025-02-24 01:00:00,23.3,1011.4,95.0,AWS-CHN-101,Tambaram,CHN,neighbor,False,
2025-02-24 02:00:00,23.0,1010.7,96.0,AWS-CHN-101,Tambaram,CHN,neighbor,False,
2025-02-24 03:00:00,22.4,1010.0,98.0,AWS-CHN-101,Tambaram,CHN,neighbor,False,
2025-02-24 04:00:00,21.8,1010.1,100.0,AWS-CHN-101,Tambaram,CHN,neighbor,False,
2025-02-24 05:00:00,21.7,1010.9,100.0,AWS-CHN-101,Tambaram,CHN,neighbor,False,
2025-02-24 06:00:00,23.1,1012.1,100.0,AWS-CHN-101,Tambaram,CHN,neighbor,False,
2025-02-24 07:00:00,24.5,1013.2,93.0,AWS-CHN-101,Tambaram,CHN,neighbor,False,
2025-02-24 08:00:00,25.8,1014.0,83.0,AWS-CHN-101,Tambaram,CHN,neighbor,False,
2025-02-24 09:00:00,28.0,1014.5,71.0,AWS-CHN-101,Tambaram,CHN,neighbor,False,
2025-02-24 10:00:00,30.1,1014.3,61.0,AWS-CHN-101,Tambaram,CHN,neighbor,False,
2025-02-24 11:00:00,31.9,1013.4,47.0,AWS-CHN-101,Tambaram,CHN,neighbor,False,
2025-02-24 12:00:00,32.1,1012.5,45.0,AWS-CHN-101,Tambaram,CHN,neighbor,False,
2025-02-24 13:00:00,32.3,1011.2,43.0,AWS-CHN-101,Tambaram,CHN,neighbor,False,
2025-02-24 14:00:00,32.0,1010.3,43.0,AWS-CHN-101,Tambaram,CHN,neighbor,False,
2025-02-24 15:00:00,31.3,1009.7,46.0,AWS-CHN-101,Tambaram,CHN,neighbor,False,
2025-02-24 16:00:00,30.2,1009.9,52.0,AWS-CHN-101,Tambaram,CHN,neighbor,False,
2025-02-24 17:00:00,28.7,1010.1,61.0,AWS-CHN-101,Tambaram,CHN,neighbor,False,
2025-02-24 18:00:00,27.4,1010.8,77.0,AWS-CHN-101,Tambaram,CHN,neighbor,False,
2025-02-24 19:00:00,27.1,1011.8,78.0,AWS-CHN-101,Tambaram,CHN,neighbor,False,
2025-02-24 20:00:00,26.8,1013.0,79.0,AWS-CHN-101,Tambaram,CHN,neighbor,False,
2025-02-24 21:00:00,26.4,,82.0,AWS-CHN-101,Tambaram,CHN,neighbor,True,dropout
2025-02-24 22:00:00,25.8,1013.6,86.0,AWS-CHN-101,Tambaram,CHN,neighbor,False,
2025-02-24 23:00:00,25.2,1013.4,89.0,AWS-CHN-101,Tambaram,CHN,neighbor,False,
2025-02-25 00:00:00,24.5,1013.1,93.0,AWS-CHN-101,Tambaram,CHN,neighbor,False,
2025-02-25 01:00:00,24.0,1012.5,95.0,AWS-CHN-101,Tambaram,CHN,neighbor,False,
2025-02-25 02:00:00,23.7,1011.9,96.0,AWS-CHN-101,Tambaram,CHN,neighbor,False,
2025-02-25 03:00:00,23.4,1011.6,97.0,AWS-CHN-101,Tambaram,CHN,neighbor,False,
2025-02-25 04:00:00,23.1,1011.5,98.0,AWS-CHN-101,Tambaram,CHN,neighbor,False,
2025-02-25 05:00:00,22.7,1011.8,99.0,AWS-CHN-101,Tambaram,CHN,neighbor,False,
2025-02-25 06:00:00,23.1,1012.7,98.0,AWS-CHN-101,Tambaram,CHN,neighbor,False,
2025-02-25 07:00:00,24.4,1013.6,92.0,AWS-CHN-101,Tambaram,CHN,neighbor,False,
2025-02-25 08:00:00,27.1,1014.2,77.0,AWS-CHN-101,Tambaram,CHN,neighbor,False,
2025-02-25 09:00:00,29.5,1014.7,60.0,AWS-CHN-101,Tambaram,CHN,neighbor,False,
2025-02-25 10:00:00,31.3,1014.6,44.0,AWS-CHN-101,Tambaram,CHN,neighbor,False,
2025-02-25 11:00:00,32.3,1014.1,36.0,AWS-CHN-101,Tambaram,CHN,neighbor,False,
2025-02-25 12:00:00,32.6,1013.2,35.0,AWS-CHN-101,Tambaram,CHN,neighbor,False,
2025-02-25 13:00:00,32.6,1012.1,36.0,AWS-CHN-101,Tambaram,CHN,neighbor,False,
2025-02-25 14:00:00,32.3,1011.2,36.0,AWS-CHN-101,Tambaram,CHN,neighbor,False,
2025-02-25 15:00:00,31.7,1010.7,38.0,AWS-CHN-101,Tambaram,CHN,neighbor,False,
2025-02-25 16:00:00,30.8,1010.7,42.0,AWS-CHN-101,Tambaram,CHN,neighbor,False,
2025-02-25 17:00:00,29.3,1011.3,51.0,AWS-CHN-101,Tambaram,CHN,neighbor,False,
2025-02-25 18:00:00,28.5,1012.1,62.0,AWS-CHN-101,Tambaram,CHN,neighbor,False,
2025-02-25 19:00:00,27.8,1012.9,69.0,AWS-CHN-101,Tambaram,CHN,neighbor,False,
2025-02-25 20:00:00,27.5,1013.9,71.0,AWS-CHN-101,Tambaram,CHN,neighbor,False,
2025-02-25 21:00:00,26.8,1014.4,75.0,AWS-CHN-101,Tambaram,CHN,neighbor,False,
2025-02-25 22:00:00,26.4,1014.6,79.0,AWS-CHN-101,Tambaram,CHN,neighbor,False,
2025-02-25 23:00:00,26.0,1014.4,81.0,AWS-CHN-101,Tambaram,CHN,neighbor,False,
2025-02-26 00:00:00,25.7,1013.8,83.0,AWS-CHN-101,Tambaram,CHN,neighbor,False,
2025-02-26 01:00:00,25.3,1012.9,85.0,AWS-CHN-101,Tambaram,CHN,neighbor,False,
2025-02-26 02:00:00,24.7,1012.2,87.0,AWS-CHN-101,Tambaram,CHN,neighbor,False,
2025-02-26 03:00:00,24.2,1011.9,90.0,AWS-CHN-101,Tambaram,CHN,neighbor,False,
2025-02-26 04:00:00,23.9,1011.7,92.0,AWS-CHN-101,Tambaram,CHN,neighbor,False,
2025-02-26 05:00:00,23.6,1012.0,94.0,AWS-CHN-101,Tambaram,CHN,neighbor,False,
2025-02-26 06:00:00,24.5,1012.7,94.0,AWS-CHN-101,Tambaram,CHN,neighbor,False,
2025-02-26 07:00:00,26.2,1013.5,84.0,AWS-CHN-101,Tambaram,CHN,neighbor,False,
2025-02-26 08:00:00,28.4,1014.0,68.0,AWS-CHN-101,Tambaram,CHN,neighbor,False,
2025-02-26 09:00:00,30.2,1014.5,55.0,AWS-CHN-101,Tambaram,CHN,neighbor,False,
2025-02-26 10:00:00,31.5,1014.6,46.0,AWS-CHN-101,Tambaram,CHN,neighbor,False,
2025-02-26 11:00:00,32.2,1013.9,44.0,AWS-CHN-101,Tambaram,CHN,neighbor,False,
2025-02-26 12:00:00,32.7,1012.9,40.0,AWS-CHN-101,Tambaram,CHN,neighbor,False,
2025-02-26 13:00:00,32.9,1011.7,37.0,AWS-CHN-101,Tambaram,CHN,neighbor,False,
2025-02-26 14:00:00,32.4,1010.6,40.0,AWS-CHN-101,Tambaram,CHN,neighbor,False,
2025-02-26 15:00:00,31.7,1010.0,42.0,AWS-CHN-101,Tambaram,CHN,neighbor,False,
2025-02-26 16:00:00,30.5,1009.9,49.0,AWS-CHN-101,Tambaram,CHN,neighbor,False,
2025-02-26 17:00:00,28.9,1010.4,60.0,AWS-CHN-101,Tambaram,CHN,neighbor,False,
2025-02-26 18:00:00,28.0,1011.3,67.0,AWS-CHN-101,Tambaram,CHN,neighbor,False,
2025-02-26 19:00:00,27.4,1012.4,72.0,AWS-CHN-101,Tambaram,CHN,neighbor,False,
2025-02-26 20:00:00,26.9,1013.2,75.0,AWS-CHN-101,Tambaram,CHN,neighbor,False,
2025-02-26 21:00:00,26.6,1013.8,78.0,AWS-CHN-101,Tambaram,CHN,neighbor,True,frozen_value
2025-02-26 22:00:00,26.6,1013.8,78.0,AWS-CHN-101,Tambaram,CHN,neighbor,True,frozen_value
2025-02-26 23:00:00,26.6,1013.8,78.0,AWS-CHN-101,Tambaram,CHN,neighbor,True,frozen_value
2025-02-27 00:00:00,26.6,1013.8,78.0,AWS-CHN-101,Tambaram,CHN,neighbor,True,frozen_value
2025-02-27 01:00:00,26.6,1013.8,78.0,AWS-CHN-101,Tambaram,CHN,neighbor,True,frozen_value
2025-02-27 02:00:00,26.6,1013.8,78.0,AWS-CHN-101,Tambaram,CHN,neighbor,True,frozen_value
2025-02-27 03:00:00,26.6,1013.8,78.0,AWS-CHN-101,Tambaram,CHN,neighbor,True,frozen_value
2025-02-27 04:00:00,26.6,1013.8,78.0,AWS-CHN-101,Tambaram,CHN,neighbor,True,frozen_value
2025-02-27 05:00:00,26.6,1013.8,78.0,AWS-CHN-101,Tambaram,CHN,neighbor,True,frozen_value
2025-02-27 06:00:00,26.6,1013.8,78.0,AWS-CHN-101,Tambaram,CHN,neighbor,True,frozen_value
2025-02-27 07:00:00,26.6,1013.8,78.0,AWS-CHN-101,Tambaram,CHN,neighbor,True,frozen_value
2025-02-27 08:00:00,26.6,1013.8,78.0,AWS-CHN-101,Tambaram,CHN,neighbor,True,frozen_value
2025-02-27 09:00:00,26.6,1013.8,78.0,AWS-CHN-101,Tambaram,CHN,neighbor,True,frozen_value
2025-02-27 10:00:00,26.6,1013.8,78.0,AWS-CHN-101,Tambaram,CHN,neighbor,True,frozen_value
2025-02-27 11:00:00,26.6,1013.8,78.0,AWS-CHN-101,Tambaram,CHN,neighbor,True,frozen_value
2025-02-27 12:00:00,26.6,1013.8,78.0,AWS-CHN-101,Tambaram,CHN,neighbor,True,frozen_value
2025-02-27 13:00:00,26.6,1013.8,78.0,AWS-CHN-101,Tambaram,CHN,neighbor,True,frozen_value
2025-02-27 14:00:00,26.6,1013.8,78.0,AWS-CHN-101,Tambaram,CHN,neighbor,True,frozen_value
2025-02-27 15:00:00,26.6,1013.8,78.0,AWS-CHN-101,Tambaram,CHN,neighbor,True,frozen_value
2025-02-27 16:00:00,26.6,1013.8,78.0,AWS-CHN-101,Tambaram,CHN,neighbor,True,frozen_value
2025-02-27 17:00:00,26.6,1013.8,78.0,AWS-CHN-101,Tambaram,CHN,neighbor,True,frozen_value
2025-02-27 18:00:00,26.6,1013.8,78.0,AWS-CHN-101,Tambaram,CHN,neighbor,True,frozen_value
2025-02-27 19:00:00,26.6,1013.8,78.0,AWS-CHN-101,Tambaram,CHN,neighbor,True,frozen_value
2025-02-27 20:00:00,26.6,1013.8,78.0,AWS-CHN-101,Tambaram,CHN,neighbor,True,frozen_value
2025-02-27 21:00:00,26.6,1013.8,78.0,AWS-CHN-101,Tambaram,CHN,neighbor,True,frozen_value
2025-02-27 22:00:00,26.6,1013.8,78.0,AWS-CHN-101,Tambaram,CHN,neighbor,True,frozen_value
2025-02-27 23:00:00,26.6,1013.8,78.0,AWS-CHN-101,Tambaram,CHN,neighbor,True,frozen_value
2025-02-28 00:00:00,26.6,1013.8,78.0,AWS-CHN-101,Tambaram,CHN,neighbor,True,frozen_value
2025-02-28 01:00:00,26.6,1013.8,78.0,AWS-CHN-101,Tambaram,CHN,neighbor,True,frozen_value
2025-02-28 02:00:00,26.6,1013.8,78.0,AWS-CHN-101,Tambaram,CHN,neighbor,True,frozen_value
2025-02-28 03:00:00,24.1,1009.2,92.0,AWS-CHN-101,Tambaram,CHN,neighbor,False,
2025-02-28 04:00:00,24.0,1009.1,92.0,AWS-CHN-101,Tambaram,CHN,neighbor,False,
2025-02-28 05:00:00,23.4,1009.3,95.0,AWS-CHN-101,Tambaram,CHN,neighbor,False,
2025-02-28 06:00:00,24.0,1010.4,93.0,AWS-CHN-101,Tambaram,CHN,neighbor,False,
2025-02-28 07:00:00,25.4,1011.0,86.0,AWS-CHN-101,Tambaram,CHN,neighbor,False,
2025-02-28 08:00:00,27.6,1011.9,75.0,AWS-CHN-101,Tambaram,CHN,neighbor,False,
2025-02-28 09:00:00,29.6,1012.6,63.0,AWS-CHN-101,Tambaram,CHN,neighbor,False,
2025-02-28 10:00:00,31.1,1012.5,55.0,AWS-CHN-101,Tambaram,CHN,neighbor,False,
2025-02-28 11:00:00,32.0,1012.0,51.0,AWS-CHN-101,Tambaram,CHN,neighbor,False,
2025-02-28 12:00:00,31.9,1010.5,50.0,AWS-CHN-101,Tambaram,CHN,neighbor,False,
2025-02-28 13:00:00,32.1,1009.3,50.0,AWS-CHN-101,Tambaram,CHN,neighbor,False,
2025-02-28 14:00:00,31.5,1008.1,53.0,AWS-CHN-101,Tambaram,CHN,neighbor,False,
2025-02-28 15:00:00,31.1,1007.4,55.0,AWS-CHN-101,Tambaram,CHN,neighbor,False,
2025-02-28 16:00:00,30.1,1007.4,59.0,AWS-CHN-101,Tambaram,CHN,neighbor,False,
2025-02-28 17:00:00,29.4,1007.8,60.0,AWS-CHN-101,Tambaram,CHN,neighbor,False,
2025-02-28 18:00:00,27.8,1008.6,73.0,AWS-CHN-101,Tambaram,CHN,neighbor,False,
2025-02-28 19:00:00,27.4,1009.8,76.0,AWS-CHN-101,Tambaram,CHN,neighbor,False,
2025-02-28 20:00:00,27.2,1010.8,77.0,AWS-CHN-101,Tambaram,CHN,neighbor,False,
2025-02-28 21:00:00,27.2,1012.0,77.0,AWS-CHN-101,Tambaram,CHN,neighbor,False,
2025-02-28 22:00:00,26.8,1012.1,79.0,AWS-CHN-101,Tambaram,CHN,neighbor,False,
2025-02-28 23:00:00,26.6,1011.6,80.0,AWS-CHN-101,Tambaram,CHN,neighbor,False,
2025-03-01 00:00:00,26.6,1010.8,79.0,AWS-CHN-101,Tambaram,CHN,neighbor,False,
2025-03-01 01:00:00,26.4,1010.1,80.0,AWS-CHN-101,Tambaram,CHN,neighbor,False,
2025-03-01 02:00:00,26.2,1009.5,81.0,AWS-CHN-101,Tambaram,CHN,neighbor,False,
2025-03-01 03:00:00,25.5,1008.9,84.0,AWS-CHN-101,Tambaram,CHN,neighbor,False,
2025-03-01 04:00:00,24.8,1008.6,91.0,AWS-CHN-101,Tambaram,CHN,neighbor,False,
2025-03-01 05:00:00,24.7,1008.9,93.0,AWS-CHN-101,Tambaram,CHN,neighbor,False,
2025-03-01 06:00:00,24.5,1010.1,93.0,AWS-CHN-101,Tambaram,CHN,neighbor,False,
2025-03-01 07:00:00,25.4,1010.9,89.0,AWS-CHN-101,Tambaram,CHN,neighbor,False,
2025-03-01 08:00:00,27.8,1011.2,76.0,AWS-CHN-101,Tambaram,CHN,neighbor,False,
2025-03-01 09:00:00,30.0,1011.6,64.0,AWS-CHN-101,Tambaram,CHN,neighbor,False,
2025-03-01 10:00:00,31.2,1011.6,58.0,AWS-CHN-101,Tambaram,CHN,neighbor,False,
2025-03-01 11:00:00,31.7,1010.8,56.0,AWS-CHN-101,Tambaram,CHN,neighbor,False,
2025-03-01 12:00:00,32.0,1009.2,56.0,AWS-CHN-101,Tambaram,CHN,neighbor,False,
2025-03-01 13:00:00,31.8,1007.8,57.0,AWS-CHN-101,Tambaram,CHN,neighbor,False,
2025-03-01 14:00:00,31.4,1006.9,59.0,AWS-CHN-101,Tambaram,CHN,neighbor,False,
2025-03-01 15:00:00,31.0,1006.3,58.0,AWS-CHN-101,Tambaram,CHN,neighbor,False,
2025-03-01 16:00:00,30.3,1006.5,61.0,AWS-CHN-101,Tambaram,CHN,neighbor,False,
2025-03-01 17:00:00,29.0,1007.1,67.0,AWS-CHN-101,Tambaram,CHN,neighbor,False,
2025-03-01 18:00:00,27.7,1008.2,76.0,AWS-CHN-101,Tambaram,CHN,neighbor,False,
2025-03-01 19:00:00,27.5,1009.1,77.0,AWS-CHN-101,Tambaram,CHN,neighbor,False,
2025-03-01 20:00:00,27.3,1010.1,80.0,AWS-CHN-101,Tambaram,CHN,neighbor,False,
2025-03-01 21:00:00,27.0,1010.5,82.0,AWS-CHN-101,Tambaram,CHN,neighbor,False,
2025-03-01 22:00:00,26.6,1010.4,84.0,AWS-CHN-101,Tambaram,CHN,neighbor,False,
2025-03-01 23:00:00,26.3,1010.4,85.0,AWS-CHN-101,Tambaram,CHN,neighbor,False,
2025-03-02 00:00:00,25.9,1009.7,88.0,AWS-CHN-101,Tambaram,CHN,neighbor,False,
2025-03-02 01:00:00,25.3,1009.1,91.0,AWS-CHN-101,Tambaram,CHN,neighbor,False,
2025-03-02 02:00:00,25.1,1008.2,92.0,AWS-CHN-101,Tambaram,CHN,neighbor,False,
2025-03-02 03:00:00,24.7,1007.4,94.0,AWS-CHN-101,Tambaram,CHN,neighbor,False,
2025-03-02 04:00:00,24.5,1007.1,95.0,AWS-CHN-101,Tambaram,CHN,neighbor,False,
2025-03-02 05:00:00,24.2,1007.4,96.0,AWS-CHN-101,Tambaram,CHN,neighbor,False,
2025-03-02 06:00:00,25.1,1008.2,93.0,AWS-CHN-101,Tambaram,CHN,neighbor,False,
2025-03-02 07:00:00,26.7,1008.7,85.0,AWS-CHN-101,Tambaram,CHN,neighbor,False,
2025-03-02 08:00:00,28.6,1009.6,73.0,AWS-CHN-101,Tambaram,CHN,neighbor,False,
2025-03-02 09:00:00,30.3,1010.3,63.0,AWS-CHN-101,Tambaram,CHN,neighbor,False,
2025-03-02 10:00:00,31.6,1010.1,57.0,AWS-CHN-101,Tambaram,CHN,neighbor,False,
2025-03-02 11:00:00,32.4,1009.2,52.0,AWS-CHN-101,Tambaram,CHN,neighbor,False,
2025-03-02 12:00:00,33.1,1008.1,49.0,AWS-CHN-101,Tambaram,CHN,neighbor,False,
2025-03-02 13:00:00,33.4,1007.0,47.0,AWS-CHN-101,Tambaram,CHN,neighbor,False,
2025-03-02 14:00:00,32.9,1005.9,49.0,AWS-CHN-101,Tambaram,CHN,neighbor,False,
2025-03-02 15:00:00,31.8,1005.3,52.0,AWS-CHN-101,Tambaram,CHN,neighbor,False,
2025-03-02 16:00:00,30.8,1005.3,57.0,AWS-CHN-101,Tambaram,CHN,neighbor,False,
2025-03-02 17:00:00,29.1,1005.7,67.0,AWS-CHN-101,Tambaram,CHN,neighbor,False,
2025-03-02 18:00:00,28.2,1006.2,75.0,AWS-CHN-101,Tambaram,CHN,neighbor,False,
2025-03-02 19:00:00,27.5,1007.4,81.0,AWS-CHN-101,Tambaram,CHN,neighbor,False,
2025-03-02 20:00:00,27.0,1008.4,140.0,AWS-CHN-101,Tambaram,CHN,neighbor,True,impossible_jump
2025-03-02 21:00:00,26.5,1009.2,88.0,AWS-CHN-101,Tambaram,CHN,neighbor,False,
2025-03-02 22:00:00,26.0,1009.7,91.0,AWS-CHN-101,Tambaram,CHN,neighbor,False,
2025-03-02 23:00:00,25.6,1009.7,94.0,AWS-CHN-101,Tambaram,CHN,neighbor,False,
2025-03-03 00:00:00,25.2,1009.2,96.0,AWS-CHN-101,Tambaram,CHN,neighbor,False,
2025-03-03 01:00:00,24.6,1008.2,97.0,AWS-CHN-101,Tambaram,CHN,neighbor,False,
2025-03-03 02:00:00,24.2,1007.5,98.0,AWS-CHN-101,Tambaram,CHN,neighbor,False,
2025-03-03 03:00:00,24.0,1007.2,99.0,AWS-CHN-101,Tambaram,CHN,neighbor,False,
2025-03-03 04:00:00,23.9,1007.3,100.0,AWS-CHN-101,Tambaram,CHN,neighbor,False,
2025-03-03 05:00:00,24.0,1007.8,100.0,AWS-CHN-101,Tambaram,CHN,neighbor,False,
2025-03-03 06:00:00,25.7,1008.6,94.0,AWS-CHN-101,Tambaram,CHN,neighbor,False,
2025-03-03 07:00:00,26.3,1009.7,88.0,AWS-CHN-101,Tambaram,CHN,neighbor,False,
2025-03-03 08:00:00,27.9,1010.4,79.0,AWS-CHN-101,Tambaram,CHN,neighbor,False,
2025-03-03 09:00:00,30.0,1010.8,67.0,AWS-CHN-101,Tambaram,CHN,neighbor,False,
2025-03-03 10:00:00,31.8,1010.5,57.0,AWS-CHN-101,Tambaram,CHN,neighbor,False,
2025-03-03 11:00:00,33.6,1009.4,47.0,AWS-CHN-101,Tambaram,CHN,neighbor,False,
2025-03-03 12:00:00,34.6,1008.0,42.0,AWS-CHN-101,Tambaram,CHN,neighbor,False,
2025-03-03 13:00:00,34.1,1006.7,46.0,AWS-CHN-101,Tambaram,CHN,neighbor,False,
2025-03-03 14:00:00,33.1,1005.8,47.0,AWS-CHN-101,Tambaram,CHN,neighbor,False,
2025-03-03 15:00:00,32.6,1005.4,47.0,AWS-CHN-101,Tambaram,CHN,neighbor,False,
2025-03-03 16:00:00,31.5,1005.3,51.0,AWS-CHN-101,Tambaram,CHN,neighbor,False,
2025-03-03 17:00:00,29.4,1005.8,62.0,AWS-CHN-101,Tambaram,CHN,neighbor,False,
2025-03-03 18:00:00,28.4,1006.7,73.0,AWS-CHN-101,Tambaram,CHN,neighbor,False,
2025-03-03 19:00:00,27.4,1007.5,83.0,AWS-CHN-101,Tambaram,CHN,neighbor,False,
2025-03-03 20:00:00,26.5,1008.0,90.0,AWS-CHN-101,Tambaram,CHN,neighbor,False,
2025-03-03 21:00:00,25.5,1008.8,96.0,AWS-CHN-101,Tambaram,CHN,neighbor,False,
2025-03-03 22:00:00,24.9,1009.2,98.0,AWS-CHN-101,Tambaram,CHN,neighbor,False,
2025-03-03 23:00:00,24.3,1009.1,100.0,AWS-CHN-101,Tambaram,CHN,neighbor,False,
2025-03-04 00:00:00,24.0,1008.5,100.0,AWS-CHN-101,Tambaram,CHN,neighbor,False,
2025-03-04 01:00:00,24.5,1007.7,100.0,AWS-CHN-101,Tambaram,CHN,neighbor,False,
2025-03-04 02:00:00,24.8,1007.0,100.0,AWS-CHN-101,Tambaram,CHN,neighbor,False,
2025-03-04 03:00:00,24.7,1006.7,97.0,AWS-CHN-101,Tambaram,CHN,neighbor,False,
2025-03-04 04:00:00,24.5,1006.7,96.0,AWS-CHN-101,Tambaram,CHN,neighbor,False,
2025-03-04 05:00:00,24.4,1007.2,94.0,AWS-CHN-101,Tambaram,CHN,neighbor,False,
2025-03-04 06:00:00,25.7,1008.0,88.0,AWS-CHN-101,Tambaram,CHN,neighbor,False,
2025-03-04 07:00:00,25.9,1008.8,85.0,AWS-CHN-101,Tambaram,CHN,neighbor,False,
2025-03-04 08:00:00,27.5,1009.3,76.0,AWS-CHN-101,Tambaram,CHN,neighbor,False,
2025-03-04 09:00:00,29.8,1009.8,62.0,AWS-CHN-101,Tambaram,CHN,neighbor,False,
2025-03-04 10:00:00,32.3,1009.6,49.0,AWS-CHN-101,Tambaram,CHN,neighbor,False,
2025-03-04 11:00:00,34.2,1009.0,41.0,AWS-CHN-101,Tambaram,CHN,neighbor,False,
2025-03-04 12:00:00,34.6,1008.3,40.0,AWS-CHN-101,Tambaram,CHN,neighbor,False,
2025-03-04 13:00:00,34.3,1007.3,38.0,AWS-CHN-101,Tambaram,CHN,neighbor,False,
2025-03-04 14:00:00,34.3,1006.6,33.0,AWS-CHN-101,Tambaram,CHN,neighbor,False,
2025-03-04 15:00:00,33.4,1006.0,36.0,AWS-CHN-101,Tambaram,CHN,neighbor,False,
2025-03-04 16:00:00,32.0,1005.9,45.0,AWS-CHN-101,Tambaram,CHN,neighbor,False,
2025-03-04 17:00:00,30.1,1006.2,56.0,AWS-CHN-101,Tambaram,CHN,neighbor,False,
2025-03-04 18:00:00,28.1,1007.4,72.0,AWS-CHN-101,Tambaram,CHN,neighbor,False,
2025-03-04 19:00:00,26.7,1008.1,84.0,AWS-CHN-101,Tambaram,CHN,neighbor,False,
2025-03-04 20:00:00,26.0,1008.8,88.0,AWS-CHN-101,Tambaram,CHN,neighbor,False,
2025-03-04 21:00:00,25.4,1009.3,93.0,AWS-CHN-101,Tambaram,CHN,neighbor,False,
2025-03-04 22:00:00,24.6,1009.6,94.0,AWS-CHN-101,Tambaram,CHN,neighbor,False,
2025-03-04 23:00:00,24.2,1009.3,96.0,AWS-CHN-101,Tambaram,CHN,neighbor,False,
2025-03-05 00:00:00,23.6,1008.8,98.0,AWS-CHN-101,Tambaram,CHN,neighbor,False,
2025-03-05 01:00:00,23.6,1008.3,99.0,AWS-CHN-101,Tambaram,CHN,neighbor,False,
2025-03-05 02:00:00,23.3,1007.4,100.0,AWS-CHN-101,Tambaram,CHN,neighbor,False,
2025-03-05 03:00:00,23.1,1006.7,100.0,AWS-CHN-101,Tambaram,CHN,neighbor,False,
2025-03-05 04:00:00,23.0,1006.7,100.0,AWS-CHN-101,Tambaram,CHN,neighbor,False,
2025-03-05 05:00:00,23.2,1007.1,100.0,AWS-CHN-101,Tambaram,CHN,neighbor,False,
2025-03-05 06:00:00,25.1,1007.8,93.0,AWS-CHN-101,Tambaram,CHN,neighbor,False,
2025-03-05 07:00:00,25.9,1008.6,86.0,AWS-CHN-101,Tambaram,CHN,neighbor,False,
2025-03-05 08:00:00,27.3,1009.0,77.0,AWS-CHN-101,Tambaram,CHN,neighbor,False,
2025-03-05 09:00:00,29.6,1009.6,65.0,AWS-CHN-101,Tambaram,CHN,neighbor,False,
2025-03-05 10:00:00,32.0,1009.2,53.0,AWS-CHN-101,Tambaram,CHN,neighbor,False,
2025-03-05 11:00:00,34.5,1008.2,40.0,AWS-CHN-101,Tambaram,CHN,neighbor,False,
2025-03-05 12:00:00,36.1,1007.4,32.0,AWS-CHN-101,Tambaram,CHN,neighbor,False,
2025-03-05 13:00:00,36.2,1006.3,32.0,AWS-CHN-101,Tambaram,CHN,neighbor,False,
2025-03-05 14:00:00,35.9,1005.7,30.0,AWS-CHN-101,Tambaram,CHN,neighbor,False,
2025-03-05 15:00:00,34.7,1005.4,33.0,AWS-CHN-101,Tambaram,CHN,neighbor,False,
2025-03-05 16:00:00,32.4,1005.7,44.0,AWS-CHN-101,Tambaram,CHN,neighbor,False,
2025-03-05 17:00:00,30.2,1005.9,57.0,AWS-CHN-101,Tambaram,CHN,neighbor,False,
2025-03-05 18:00:00,27.9,1006.8,74.0,AWS-CHN-101,Tambaram,CHN,neighbor,False,
2025-03-05 19:00:00,26.9,1007.7,85.0,AWS-CHN-101,Tambaram,CHN,neighbor,False,
2025-03-05 20:00:00,26.3,1008.5,89.0,AWS-CHN-101,Tambaram,CHN,neighbor,False,
2025-03-05 21:00:00,25.7,1009.2,93.0,AWS-CHN-101,Tambaram,CHN,neighbor,False,
2025-03-05 22:00:00,25.1,1009.4,95.0,AWS-CHN-101,Tambaram,CHN,neighbor,False,
2025-03-05 23:00:00,24.6,1009.1,96.0,AWS-CHN-101,Tambaram,CHN,neighbor,False,
2025-03-06 00:00:00,24.4,1008.5,97.0,AWS-CHN-101,Tambaram,CHN,neighbor,False,
2025-03-06 01:00:00,23.9,1008.3,99.0,AWS-CHN-101,Tambaram,CHN,neighbor,True,frozen_value
2025-03-06 02:00:00,23.9,1008.3,99.0,AWS-CHN-101,Tambaram,CHN,neighbor,True,frozen_value
2025-03-06 03:00:00,23.9,1008.3,99.0,AWS-CHN-101,Tambaram,CHN,neighbor,True,frozen_value
2025-03-06 04:00:00,23.9,1008.3,99.0,AWS-CHN-101,Tambaram,CHN,neighbor,True,frozen_value
2025-03-06 05:00:00,23.9,1008.3,99.0,AWS-CHN-101,Tambaram,CHN,neighbor,True,frozen_value
2025-03-06 06:00:00,23.9,1008.3,99.0,AWS-CHN-101,Tambaram,CHN,neighbor,True,frozen_value
2025-03-06 07:00:00,23.9,1008.3,99.0,AWS-CHN-101,Tambaram,CHN,neighbor,True,frozen_value
2025-03-06 08:00:00,23.9,1008.3,99.0,AWS-CHN-101,Tambaram,CHN,neighbor,True,frozen_value
2025-03-06 09:00:00,23.9,1008.3,99.0,AWS-CHN-101,Tambaram,CHN,neighbor,True,frozen_value
2025-03-06 10:00:00,23.9,1008.3,99.0,AWS-CHN-101,Tambaram,CHN,neighbor,True,frozen_value
2025-03-06 11:00:00,23.9,1008.3,99.0,AWS-CHN-101,Tambaram,CHN,neighbor,True,frozen_value
2025-03-06 12:00:00,23.9,1008.3,99.0,AWS-CHN-101,Tambaram,CHN,neighbor,True,frozen_value
2025-03-06 13:00:00,23.9,1008.3,99.0,AWS-CHN-101,Tambaram,CHN,neighbor,True,frozen_value
2025-03-06 14:00:00,23.9,1008.3,99.0,AWS-CHN-101,Tambaram,CHN,neighbor,True,frozen_value
2025-03-06 15:00:00,23.9,1008.3,99.0,AWS-CHN-101,Tambaram,CHN,neighbor,True,frozen_value
2025-03-06 16:00:00,23.9,1008.3,99.0,AWS-CHN-101,Tambaram,CHN,neighbor,True,frozen_value
2025-03-06 17:00:00,23.9,1008.3,99.0,AWS-CHN-101,Tambaram,CHN,neighbor,True,frozen_value
2025-03-06 18:00:00,23.9,1008.3,99.0,AWS-CHN-101,Tambaram,CHN,neighbor,True,frozen_value
2025-03-06 19:00:00,23.9,1008.3,99.0,AWS-CHN-101,Tambaram,CHN,neighbor,True,frozen_value
2025-03-06 20:00:00,23.9,1008.3,99.0,AWS-CHN-101,Tambaram,CHN,neighbor,True,frozen_value
2025-03-06 21:00:00,23.9,1008.3,99.0,AWS-CHN-101,Tambaram,CHN,neighbor,True,frozen_value
2025-03-06 22:00:00,23.9,1008.3,99.0,AWS-CHN-101,Tambaram,CHN,neighbor,True,frozen_value
2025-03-06 23:00:00,23.9,1008.3,99.0,AWS-CHN-101,Tambaram,CHN,neighbor,True,frozen_value
2025-03-07 00:00:00,23.9,1008.3,99.0,AWS-CHN-101,Tambaram,CHN,neighbor,True,frozen_value
2025-03-07 01:00:00,23.9,1008.3,99.0,AWS-CHN-101,Tambaram,CHN,neighbor,True,frozen_value
2025-03-07 02:00:00,23.9,1008.3,99.0,AWS-CHN-101,Tambaram,CHN,neighbor,True,frozen_value
2025-03-07 03:00:00,23.9,1008.3,99.0,AWS-CHN-101,Tambaram,CHN,neighbor,True,frozen_value
2025-03-07 04:00:00,23.9,1008.3,99.0,AWS-CHN-101,Tambaram,CHN,neighbor,True,frozen_value
2025-03-07 05:00:00,23.9,1008.3,99.0,AWS-CHN-101,Tambaram,CHN,neighbor,True,frozen_value
2025-03-07 06:00:00,23.9,1008.3,99.0,AWS-CHN-101,Tambaram,CHN,neighbor,True,frozen_value
2025-03-07 07:00:00,23.4,1008.6,86.0,AWS-CHN-101,Tambaram,CHN,neighbor,False,
2025-03-07 08:00:00,26.8,1009.5,73.0,AWS-CHN-101,Tambaram,CHN,neighbor,False,
2025-03-07 09:00:00,29.6,1010.1,54.0,AWS-CHN-101,Tambaram,CHN,neighbor,False,
2025-03-07 10:00:00,32.2,1009.5,38.0,AWS-CHN-101,Tambaram,CHN,neighbor,False,
2025-03-07 11:00:00,34.0,1008.7,29.0,AWS-CHN-101,Tambaram,CHN,neighbor,False,
2025-03-07 12:00:00,34.8,1007.8,28.0,AWS-CHN-101,Tambaram,CHN,neighbor,False,
2025-03-07 13:00:00,34.3,1006.8,35.0,AWS-CHN-101,Tambaram,CHN,neighbor,False,
2025-03-07 14:00:00,33.3,1006.1,36.0,AWS-CHN-101,Tambaram,CHN,neighbor,False,
2025-03-07 15:00:00,32.0,1005.7,42.0,AWS-CHN-101,Tambaram,CHN,neighbor,False,
2025-03-07 16:00:00,30.5,1005.7,52.0,AWS-CHN-101,Tambaram,CHN,neighbor,False,
2025-03-07 17:00:00,28.7,1006.1,59.0,AWS-CHN-101,Tambaram,CHN,neighbor,False,
2025-03-07 18:00:00,27.2,1006.1,73.0,AWS-CHN-101,Tambaram,CHN,neighbor,False,
2025-03-07 19:00:00,26.2,1007.1,79.0,AWS-CHN-101,Tambaram,CHN,neighbor,False,
2025-03-07 20:00:00,25.6,1007.9,85.0,AWS-CHN-101,Tambaram,CHN,neighbor,False,
2025-03-07 21:00:00,25.3,1008.5,84.0,AWS-CHN-101,Tambaram,CHN,neighbor,False,
2025-03-07 22:00:00,24.8,1008.5,86.0,AWS-CHN-101,Tambaram,CHN,neighbor,False,
2025-03-07 23:00:00,23.8,1008.4,92.0,AWS-CHN-101,Tambaram,CHN,neighbor,False,
2025-03-08 00:00:00,23.3,1007.9,94.0,AWS-CHN-101,Tambaram,CHN,neighbor,False,
2025-03-08 01:00:00,22.9,1007.5,96.0,AWS-CHN-101,Tambaram,CHN,neighbor,False,
2025-03-08 02:00:00,22.7,1006.8,97.0,AWS-CHN-101,Tambaram,CHN,neighbor,False,
2025-03-08 03:00:00,22.6,1006.5,98.0,AWS-CHN-101,Tambaram,CHN,neighbor,False,
2025-03-08 04:00:00,22.7,1006.5,98.0,AWS-CHN-101,Tambaram,CHN,neighbor,False,
2025-03-08 05:00:00,23.2,1006.8,96.0,AWS-CHN-101,Tambaram,CHN,neighbor,False,
2025-03-08 06:00:00,23.1,1007.3,98.0,AWS-CHN-101,Tambaram,CHN,neighbor,False,
2025-03-08 07:00:00,24.9,1008.3,88.0,AWS-CHN-101,Tambaram,CHN,neighbor,False,
2025-03-08 08:00:00,26.7,1009.1,76.0,AWS-CHN-101,Tambaram,CHN,neighbor,False,
2025-03-08 09:00:00,28.7,1009.5,64.0,AWS-CHN-101,Tambaram,CHN,neighbor,False,
2025-03-08 10:00:00,31.1,1009.0,50.0,AWS-CHN-101,Tambaram,CHN,neighbor,False,
2025-03-08 11:00:00,33.3,1007.8,39.0,AWS-CHN-101,Tambaram,CHN,neighbor,False,
2025-03-08 12:00:00,34.5,1006.6,35.0,AWS-CHN-101,Tambaram,CHN,neighbor,False,
2025-03-08 13:00:00,34.1,1005.5,42.0,AWS-CHN-101,Tambaram,CHN,neighbor,False,
2025-03-08 14:00:00,33.3,1004.4,40.0,AWS-CHN-101,Tambaram,CHN,neighbor,False,
2025-03-08 15:00:00,32.6,1003.7,37.0,AWS-CHN-101,Tambaram,CHN,neighbor,False,
2025-03-08 16:00:00,75.0,1003.8,41.0,AWS-CHN-101,Tambaram,CHN,neighbor,True,physical_bounds
2025-03-08 17:00:00,29.6,1004.4,51.0,AWS-CHN-101,Tambaram,CHN,neighbor,False,
2025-03-08 18:00:00,27.9,1004.8,67.0,AWS-CHN-101,Tambaram,CHN,neighbor,False,
2025-03-08 19:00:00,26.6,1005.8,78.0,AWS-CHN-101,Tambaram,CHN,neighbor,False,
2025-03-08 20:00:00,25.8,1006.6,79.0,AWS-CHN-101,Tambaram,CHN,neighbor,False,
2025-03-08 21:00:00,25.0,1007.5,86.0,AWS-CHN-101,Tambaram,CHN,neighbor,False,
2025-03-08 22:00:00,24.4,1007.8,90.0,AWS-CHN-101,Tambaram,CHN,neighbor,False,
2025-03-08 23:00:00,24.0,1007.7,92.0,AWS-CHN-101,Tambaram,CHN,neighbor,False,
2025-03-09 00:00:00,23.4,1007.2,94.0,AWS-CHN-101,Tambaram,CHN,neighbor,False,
2025-03-09 01:00:00,23.1,1006.6,94.0,AWS-CHN-101,Tambaram,CHN,neighbor,False,
2025-03-09 02:00:00,22.9,1006.0,95.0,AWS-CHN-101,Tambaram,CHN,neighbor,False,
2025-03-09 03:00:00,22.1,1005.8,97.0,AWS-CHN-101,Tambaram,CHN,neighbor,False,
2025-03-09 04:00:00,21.9,1005.9,99.0,AWS-CHN-101,Tambaram,CHN,neighbor,False,
2025-03-09 05:00:00,21.5,1006.3,100.0,AWS-CHN-101,Tambaram,CHN,neighbor,False,
2025-03-09 06:00:00,22.9,1007.3,100.0,AWS-CHN-101,Tambaram,CHN,neighbor,False,
2025-03-09 07:00:00,23.9,1008.5,98.0,AWS-CHN-101,Tambaram,CHN,neighbor,False,
2025-03-09 08:00:00,26.4,1009.2,83.0,AWS-CHN-101,Tambaram,CHN,neighbor,False,
2025-03-09 09:00:00,29.2,1010.0,67.0,AWS-CHN-101,Tambaram,CHN,neighbor,False,
2025-03-09 10:00:00,30.7,1009.8,56.0,AWS-CHN-101,Tambaram,CHN,neighbor,False,
2025-03-09 11:00:00,31.7,1009.1,50.0,AWS-CHN-101,Tambaram,CHN,neighbor,False,
2025-03-09 12:00:00,32.3,1008.0,46.0,AWS-CHN-101,Tambaram,CHN,neighbor,False,
2025-03-09 13:00:00,32.1,1007.1,45.0,AWS-CHN-101,Tambaram,CHN,neighbor,False,
2025-03-09 14:00:00,31.4,1006.5,49.0,AWS-CHN-101,Tambaram,CHN,neighbor,False,
2025-03-09 15:00:00,30.6,1006.2,107.0,AWS-CHN-101,Tambaram,CHN,neighbor,True,impossible_jump
2025-03-09 16:00:00,29.5,1006.6,57.0,AWS-CHN-101,Tambaram,CHN,neighbor,False,
2025-03-09 17:00:00,28.3,1007.0,61.0,AWS-CHN-101,Tambaram,CHN,neighbor,False,
2025-03-09 18:00:00,27.8,150.0,68.0,AWS-CHN-101,Tambaram,CHN,neighbor,True,sensor_fail_low
2025-03-09 19:00:00,27.6,150.0,69.0,AWS-CHN-101,Tambaram,CHN,neighbor,True,sensor_fail_low
2025-03-09 20:00:00,27.2,150.0,70.0,AWS-CHN-101,Tambaram,CHN,neighbor,True,sensor_fail_low
2025-03-09 21:00:00,66.8,1010.7,70.0,AWS-CHN-101,Tambaram,CHN,neighbor,True,impossible_jump
2025-03-09 22:00:00,26.0,1010.8,74.0,AWS-CHN-101,Tambaram,CHN,neighbor,False,
2025-03-09 23:00:00,25.9,1010.7,74.0,AWS-CHN-101,Tambaram,CHN,neighbor,False,
2025-03-10 00:00:00,26.0,1010.0,74.0,AWS-CHN-101,Tambaram,CHN,neighbor,False,
2025-03-10 01:00:00,25.4,1009.5,75.0,AWS-CHN-101,Tambaram,CHN,neighbor,False,
2025-03-10 02:00:00,24.8,1008.9,78.0,AWS-CHN-101,Tambaram,CHN,neighbor,False,
2025-03-10 03:00:00,24.4,1008.5,79.0,AWS-CHN-101,Tambaram,CHN,neighbor,False,
2025-03-10 04:00:00,23.9,1008.7,84.0,AWS-CHN-101,Tambaram,CHN,neighbor,False,
2025-03-10 05:00:00,23.7,1009.2,87.0,AWS-CHN-101,Tambaram,CHN,neighbor,False,
2025-03-10 06:00:00,24.7,1010.5,95.0,AWS-CHN-101,Tambaram,CHN,neighbor,False,
2025-03-10 07:00:00,25.1,1011.6,90.0,AWS-CHN-101,Tambaram,CHN,neighbor,False,
2025-03-10 08:00:00,27.4,1012.2,73.0,AWS-CHN-101,Tambaram,CHN,neighbor,False,
2025-03-10 09:00:00,29.7,1012.6,58.0,AWS-CHN-101,Tambaram,CHN,neighbor,False,
2025-03-10 10:00:00,31.1,1012.7,51.0,AWS-CHN-101,Tambaram,CHN,neighbor,False,
2025-03-10 11:00:00,31.9,1012.1,42.0,AWS-CHN-101,Tambaram,CHN,neighbor,False,
2025-03-10 12:00:00,32.3,1010.6,41.0,AWS-CHN-101,Tambaram,CHN,neighbor,False,
2025-03-10 13:00:00,32.5,1009.0,42.0,AWS-CHN-101,Tambaram,CHN,neighbor,False,
2025-03-10 14:00:00,32.4,1007.8,43.0,AWS-CHN-101,Tambaram,CHN,neighbor,False,
2025-03-10 15:00:00,31.9,1007.2,46.0,AWS-CHN-101,Tambaram,CHN,neighbor,False,
2025-03-10 16:00:00,30.4,1007.4,52.0,AWS-CHN-101,Tambaram,CHN,neighbor,False,
2025-03-10 17:00:00,28.8,1008.4,60.0,AWS-CHN-101,Tambaram,CHN,neighbor,False,
2025-03-10 18:00:00,28.1,1008.9,64.0,AWS-CHN-101,Tambaram,CHN,neighbor,False,
2025-03-10 19:00:00,28.0,1009.8,64.0,AWS-CHN-101,Tambaram,CHN,neighbor,False,
2025-03-10 20:00:00,27.5,1010.8,67.0,AWS-CHN-101,Tambaram,CHN,neighbor,False,
2025-03-10 21:00:00,27.1,1011.9,70.0,AWS-CHN-101,Tambaram,CHN,neighbor,False,
2025-03-10 22:00:00,26.8,1011.5,70.0,AWS-CHN-101,Tambaram,CHN,neighbor,False,
2025-03-10 23:00:00,26.4,1011.0,72.0,AWS-CHN-101,Tambaram,CHN,neighbor,False,
2025-03-11 00:00:00,26.0,1010.3,74.0,AWS-CHN-101,Tambaram,CHN,neighbor,False,
2025-03-11 01:00:00,25.9,1009.4,75.0,AWS-CHN-101,Tambaram,CHN,neighbor,False,
2025-03-11 02:00:00,25.7,1068.7,76.0,AWS-CHN-101,Tambaram,CHN,neighbor,True,impossible_jump
2025-03-11 03:00:00,26.0,1008.5,75.0,AWS-CHN-101,Tambaram,CHN,neighbor,False,
2025-03-11 04:00:00,26.0,1008.1,75.0,AWS-CHN-101,Tambaram,CHN,neighbor,False,
2025-03-11 05:00:00,26.0,1008.6,76.0,AWS-CHN-101,Tambaram,CHN,neighbor,False,
2025-03-11 06:00:00,26.5,1009.3,80.0,AWS-CHN-101,Tambaram,CHN,neighbor,False,
2025-03-11 07:00:00,27.6,1010.4,76.0,AWS-CHN-101,Tambaram,CHN,neighbor,False,
2025-03-11 08:00:00,29.0,1011.2,68.0,AWS-CHN-101,Tambaram,CHN,neighbor,False,
2025-03-11 09:00:00,29.6,1011.9,67.0,AWS-CHN-101,Tambaram,CHN,neighbor,False,
2025-03-11 10:00:00,28.4,1012.5,73.0,AWS-CHN-101,Tambaram,CHN,neighbor,False,
2025-03-11 11:00:00,28.5,1011.8,73.0,AWS-CHN-101,Tambaram,CHN,neighbor,False,
2025-03-11 12:00:00,30.3,1010.5,66.0,AWS-CHN-101,Tambaram,CHN,neighbor,False,
2025-03-11 13:00:00,28.8,1009.9,72.0,AWS-CHN-101,Tambaram,CHN,neighbor,False,
2025-03-11 14:00:00,29.0,1008.8,72.0,AWS-CHN-101,Tambaram,CHN,neighbor,False,
2025-03-11 15:00:00,26.8,1008.9,81.0,AWS-CHN-101,Tambaram,CHN,neighbor,False,
2025-03-11 16:00:00,26.2,1009.4,81.0,AWS-CHN-101,Tambaram,CHN,neighbor,False,
2025-03-11 17:00:00,26.5,1009.3,81.0,AWS-CHN-101,Tambaram,CHN,neighbor,False,
2025-03-11 18:00:00,25.7,1009.6,94.0,AWS-CHN-101,Tambaram,CHN,neighbor,False,
2025-03-11 19:00:00,25.2,1010.5,94.0,AWS-CHN-101,Tambaram,CHN,neighbor,False,
2025-03-11 20:00:00,25.1,1011.2,93.0,AWS-CHN-101,Tambaram,CHN,neighbor,False,
2025-03-11 21:00:00,24.8,1011.9,94.0,AWS-CHN-101,Tambaram,CHN,neighbor,False,
2025-03-11 22:00:00,24.4,1011.8,150.0,AWS-CHN-101,Tambaram,CHN,neighbor,True,impossible_jump
2025-03-11 23:00:00,24.4,1011.0,94.0,AWS-CHN-101,Tambaram,CHN,neighbor,False,
2025-03-12 00:00:00,23.9,1010.4,96.0,AWS-CHN-101,Tambaram,CHN,neighbor,False,
2025-03-12 01:00:00,23.8,1009.6,96.0,AWS-CHN-101,Tambaram,CHN,neighbor,False,
2025-03-12 02:00:00,23.6,1008.4,97.0,AWS-CHN-101,Tambaram,CHN,neighbor,False,
2025-03-12 03:00:00,23.3,1007.9,98.0,AWS-CHN-101,Tambaram,CHN,neighbor,False,
2025-03-12 04:00:00,23.1,1008.0,99.0,AWS-CHN-101,Tambaram,CHN,neighbor,False,
2025-03-12 05:00:00,23.4,1008.5,98.0,AWS-CHN-101,Tambaram,CHN,neighbor,False,
2025-03-12 06:00:00,24.8,1009.1,98.0,AWS-CHN-101,Tambaram,CHN,neighbor,False,
2025-03-12 07:00:00,25.4,1009.7,93.0,AWS-CHN-101,Tambaram,CHN,neighbor,False,
2025-03-12 08:00:00,26.7,1010.6,83.0,AWS-CHN-101,Tambaram,CHN,neighbor,False,
2025-03-12 09:00:00,28.6,1200.0,76.0,AWS-CHN-101,Tambaram,CHN,neighbor,True,physical_bounds
2025-03-12 10:00:00,30.4,1010.5,70.0,AWS-CHN-101,Tambaram,CHN,neighbor,False,
2025-03-12 11:00:00,30.6,1009.7,67.0,AWS-CHN-101,Tambaram,CHN,neighbor,False,
2025-03-12 12:00:00,31.3,1008.5,64.0,AWS-CHN-101,Tambaram,CHN,neighbor,False,
2025-03-12 13:00:00,31.7,1007.6,63.0,AWS-CHN-101,Tambaram,CHN,neighbor,False,
2025-03-12 14:00:00,31.3,1066.8,63.0,AWS-CHN-101,Tambaram,CHN,neighbor,True,impossible_jump
2025-03-12 15:00:00,30.8,1006.1,63.0,AWS-CHN-101,Tambaram,CHN,neighbor,False,
2025-03-12 16:00:00,29.8,1006.0,68.0,AWS-CHN-101,Tambaram,CHN,neighbor,False,
2025-03-12 17:00:00,28.5,1006.6,75.0,AWS-CHN-101,Tambaram,CHN,neighbor,False,
2025-03-12 18:00:00,25.1,1008.5,89.0,AWS-CHN-101,Tambaram,CHN,neighbor,False,
2025-03-12 19:00:00,25.2,1009.0,89.0,AWS-CHN-101,Tambaram,CHN,neighbor,False,
2025-03-12 20:00:00,25.0,1009.5,93.0,AWS-CHN-101,Tambaram,CHN,neighbor,False,
2025-03-12 21:00:00,24.8,1010.0,94.0,AWS-CHN-101,Tambaram,CHN,neighbor,False,
2025-03-12 22:00:00,24.6,1009.9,96.0,AWS-CHN-101,Tambaram,CHN,neighbor,False,
2025-03-12 23:00:00,24.3,1009.4,96.0,AWS-CHN-101,Tambaram,CHN,neighbor,False,
2025-03-13 00:00:00,23.8,1008.6,98.0,AWS-CHN-101,Tambaram,CHN,neighbor,False,
2025-03-13 01:00:00,23.5,1007.8,99.0,AWS-CHN-101,Tambaram,CHN,neighbor,False,
2025-03-13 02:00:00,23.3,1007.4,99.0,AWS-CHN-101,Tambaram,CHN,neighbor,False,
2025-03-13 03:00:00,23.3,1007.2,99.0,AWS-CHN-101,Tambaram,CHN,neighbor,False,
2025-03-13 04:00:00,23.1,1007.2,99.0,AWS-CHN-101,Tambaram,CHN,neighbor,False,
2025-03-13 05:00:00,22.9,1007.7,100.0,AWS-CHN-101,Tambaram,CHN,neighbor,False,
2025-03-13 06:00:00,23.9,1008.6,99.0,AWS-CHN-101,Tambaram,CHN,neighbor,False,
2025-03-13 07:00:00,25.7,1009.4,91.0,AWS-CHN-101,Tambaram,CHN,neighbor,False,
2025-03-13 08:00:00,28.0,1009.9,80.0,AWS-CHN-101,Tambaram,CHN,neighbor,False,
2025-03-13 09:00:00,30.3,1010.1,68.0,AWS-CHN-101,Tambaram,CHN,neighbor,False,
2025-03-13 10:00:00,32.3,1009.7,58.0,AWS-CHN-101,Tambaram,CHN,neighbor,False,
2025-03-13 11:00:00,33.8,1008.8,51.0,AWS-CHN-101,Tambaram,CHN,neighbor,False,
2025-03-13 12:00:00,34.6,1007.5,48.0,AWS-CHN-101,Tambaram,CHN,neighbor,False,
2025-03-13 13:00:00,34.2,1006.4,51.0,AWS-CHN-101,Tambaram,CHN,neighbor,False,
2025-03-13 14:00:00,33.3,1005.6,54.0,AWS-CHN-101,Tambaram,CHN,neighbor,False,
2025-03-13 15:00:00,32.2,1005.2,57.0,AWS-CHN-101,Tambaram,CHN,neighbor,False,
2025-03-13 16:00:00,30.9,1005.2,62.0,AWS-CHN-101,Tambaram,CHN,neighbor,False,
2025-03-13 17:00:00,29.4,1005.4,69.0,AWS-CHN-101,Tambaram,CHN,neighbor,False,
2025-03-13 18:00:00,,1005.9,79.0,AWS-CHN-101,Tambaram,CHN,neighbor,True,dropout
2025-03-13 19:00:00,26.8,1006.9,87.0,AWS-CHN-101,Tambaram,CHN,neighbor,False,
2025-03-13 20:00:00,25.8,1007.6,93.0,AWS-CHN-101,Tambaram,CHN,neighbor,False,
2025-03-13 21:00:00,25.2,1008.4,95.0,AWS-CHN-101,Tambaram,CHN,neighbor,False,
2025-03-13 22:00:00,24.6,1008.4,97.0,AWS-CHN-101,Tambaram,CHN,neighbor,False,
2025-03-13 23:00:00,24.2,1008.4,98.0,AWS-CHN-101,Tambaram,CHN,neighbor,False,
2025-03-14 00:00:00,23.6,1007.9,99.0,AWS-CHN-101,Tambaram,CHN,neighbor,False,
2025-03-14 01:00:00,23.7,1007.5,100.0,AWS-CHN-101,Tambaram,CHN,neighbor,False,
2025-03-14 02:00:00,23.7,1007.0,100.0,AWS-CHN-101,Tambaram,CHN,neighbor,False,
2025-03-14 03:00:00,24.0,1006.7,99.0,AWS-CHN-101,Tambaram,CHN,neighbor,False,
2025-03-14 04:00:00,24.3,1006.9,,AWS-CHN-101,Tambaram,CHN,neighbor,True,dropout
2025-03-14 05:00:00,24.5,1007.6,99.0,AWS-CHN-101,Tambaram,CHN,neighbor,False,
2025-03-14 06:00:00,26.1,1008.5,95.0,AWS-CHN-101,Tambaram,CHN,neighbor,False,
2025-03-14 07:00:00,26.7,1009.8,88.0,AWS-CHN-101,Tambaram,CHN,neighbor,False,
2025-03-14 08:00:00,28.5,1010.5,77.0,AWS-CHN-101,Tambaram,CHN,neighbor,False,
2025-03-14 09:00:00,30.7,1010.5,63.0,AWS-CHN-101,Tambaram,CHN,neighbor,False,
2025-03-14 10:00:00,32.5,1010.3,56.0,AWS-CHN-101,Tambaram,CHN,neighbor,False,
2025-03-14 11:00:00,34.1,1009.3,49.0,AWS-CHN-101,Tambaram,CHN,neighbor,False,
2025-03-14 12:00:00,35.0,1008.1,47.0,AWS-CHN-101,Tambaram,CHN,neighbor,False,
2025-03-14 13:00:00,34.5,1006.9,51.0,AWS-CHN-101,Tambaram,CHN,neighbor,False,
2025-03-14 14:00:00,33.7,1006.1,50.0,AWS-CHN-101,Tambaram,CHN,neighbor,False,
2025-03-14 15:00:00,33.4,1005.6,46.0,AWS-CHN-101,Tambaram,CHN,neighbor,False,
2025-03-14 16:00:00,31.8,1005.6,52.0,AWS-CHN-101,Tambaram,CHN,neighbor,False,
2025-03-14 17:00:00,29.8,1006.0,61.0,AWS-CHN-101,Tambaram,CHN,neighbor,False,
2025-03-14 18:00:00,27.6,1006.8,77.0,AWS-CHN-101,Tambaram,CHN,neighbor,False,
2025-03-14 19:00:00,26.6,1007.8,85.0,AWS-CHN-101,Tambaram,CHN,neighbor,False,
2025-03-14 20:00:00,25.7,1008.4,89.0,AWS-CHN-101,Tambaram,CHN,neighbor,False,
2025-03-14 21:00:00,24.5,1009.0,93.0,AWS-CHN-101,Tambaram,CHN,neighbor,False,
2025-03-14 22:00:00,23.9,1009.0,94.0,AWS-CHN-101,Tambaram,CHN,neighbor,False,
2025-03-14 23:00:00,24.1,1009.0,95.0,AWS-CHN-101,Tambaram,CHN,neighbor,False,
2025-03-15 00:00:00,24.4,1008.6,95.0,AWS-CHN-101,Tambaram,CHN,neighbor,False,
2025-03-15 01:00:00,24.0,1008.0,95.0,AWS-CHN-101,Tambaram,CHN,neighbor,False,
2025-03-15 02:00:00,23.4,150.0,96.0,AWS-CHN-101,Tambaram,CHN,neighbor,True,sensor_fail_low
2025-03-15 03:00:00,23.4,150.0,97.0,AWS-CHN-101,Tambaram,CHN,neighbor,True,sensor_fail_low
2025-03-15 04:00:00,23.7,150.0,97.0,AWS-CHN-101,Tambaram,CHN,neighbor,True,sensor_fail_low
2025-03-15 05:00:00,23.3,1008.2,98.0,AWS-CHN-101,Tambaram,CHN,neighbor,False,
2025-03-15 06:00:00,23.7,1009.1,99.0,AWS-CHN-101,Tambaram,CHN,neighbor,False,
2025-03-15 07:00:00,25.7,1009.9,91.0,AWS-CHN-101,Tambaram,CHN,neighbor,False,
2025-03-15 08:00:00,28.2,1010.5,77.0,AWS-CHN-101,Tambaram,CHN,neighbor,False,
2025-03-15 09:00:00,30.4,1010.9,62.0,AWS-CHN-101,Tambaram,CHN,neighbor,False,
2025-03-15 10:00:00,32.5,1010.4,49.0,AWS-CHN-101,Tambaram,CHN,neighbor,False,
2025-03-15 11:00:00,34.2,1009.7,41.0,AWS-CHN-101,Tambaram,CHN,neighbor,False,
2025-03-15 12:00:00,35.3,1008.7,37.0,AWS-CHN-101,Tambaram,CHN,neighbor,False,
2025-03-15 13:00:00,35.5,1007.8,37.0,AWS-CHN-101,Tambaram,CHN,neighbor,False,
2025-03-15 14:00:00,34.7,1007.0,41.0,AWS-CHN-101,Tambaram,CHN,neighbor,False,
2025-03-15 15:00:00,33.8,1006.4,41.0,AWS-CHN-101,Tambaram,CHN,neighbor,False,
2025-03-15 16:00:00,32.0,1006.5,47.0,AWS-CHN-101,Tambaram,CHN,neighbor,False,
2025-03-15 17:00:00,29.9,1007.2,60.0,AWS-CHN-101,Tambaram,CHN,neighbor,False,
2025-03-15 18:00:00,27.9,1007.7,77.0,AWS-CHN-101,Tambaram,CHN,neighbor,False,
2025-03-15 19:00:00,26.9,1008.6,84.0,AWS-CHN-101,Tambaram,CHN,neighbor,False,
2025-03-15 20:00:00,26.3,1009.5,86.0,AWS-CHN-101,Tambaram,CHN,neighbor,False,
2025-03-15 21:00:00,25.8,1010.3,90.0,AWS-CHN-101,Tambaram,CHN,neighbor,False,
2025-03-15 22:00:00,25.5,1010.5,92.0,AWS-CHN-101,Tambaram,CHN,neighbor,False,
2025-03-15 23:00:00,25.1,1010.3,94.0,AWS-CHN-101,Tambaram,CHN,neighbor,False,
2025-03-16 00:00:00,24.9,1009.9,93.0,AWS-CHN-101,Tambaram,CHN,neighbor,False,
2025-03-16 01:00:00,24.7,1009.3,94.0,AWS-CHN-101,Tambaram,CHN,neighbor,False,
2025-03-16 02:00:00,24.1,1008.9,97.0,AWS-CHN-101,Tambaram,CHN,neighbor,False,
2025-03-16 03:00:00,24.0,1008.5,98.0,AWS-CHN-101,Tambaram,CHN,neighbor,False,
2025-03-16 04:00:00,24.0,1008.8,99.0,AWS-CHN-101,Tambaram,CHN,neighbor,False,
2025-03-16 05:00:00,24.0,1009.4,99.0,AWS-CHN-101,Tambaram,CHN,neighbor,False,
2025-03-16 06:00:00,25.5,1009.9,97.0,AWS-CHN-101,Tambaram,CHN,neighbor,False,
2025-03-16 07:00:00,26.6,1010.6,92.0,AWS-CHN-101,Tambaram,CHN,neighbor,False,
2025-03-16 08:00:00,28.7,1011.0,80.0,AWS-CHN-101,Tambaram,CHN,neighbor,False,
2025-03-16 09:00:00,30.5,1011.2,68.0,AWS-CHN-101,Tambaram,CHN,neighbor,False,
2025-03-16 10:00:00,32.3,1010.9,58.0,AWS-CHN-101,Tambaram,CHN,neighbor,False,
2025-03-16 11:00:00,33.7,1010.3,51.0,AWS-CHN-101,Tambaram,CHN,neighbor,False,
2025-03-16 12:00:00,33.8,1009.3,50.0,AWS-CHN-101,Tambaram,CHN,neighbor,False,
2025-03-16 13:00:00,33.8,1008.1,50.0,AWS-CHN-101,Tambaram,CHN,neighbor,False,
2025-03-16 14:00:00,33.4,1007.0,51.0,AWS-CHN-101,Tambaram,CHN,neighbor,False,
2025-03-16 15:00:00,32.7,1006.5,53.0,AWS-CHN-101,Tambaram,CHN,neighbor,False,
2025-03-16 16:00:00,31.5,1006.2,58.0,AWS-CHN-101,Tambaram,CHN,neighbor,False,
2025-03-16 17:00:00,30.0,1006.6,65.0,AWS-CHN-101,Tambaram,CHN,neighbor,False,
2025-03-16 18:00:00,28.6,1006.7,76.0,AWS-CHN-101,Tambaram,CHN,neighbor,False,
2025-03-16 19:00:00,27.9,1007.7,82.0,AWS-CHN-101,Tambaram,CHN,neighbor,False,
2025-03-16 20:00:00,27.3,1008.4,85.0,AWS-CHN-101,Tambaram,CHN,neighbor,False,
2025-03-16 21:00:00,26.9,1009.1,88.0,AWS-CHN-101,Tambaram,CHN,neighbor,False,
2025-03-16 22:00:00,26.4,1009.3,91.0,AWS-CHN-101,Tambaram,CHN,neighbor,False,
2025-03-16 23:00:00,25.9,1009.1,94.0,AWS-CHN-101,Tambaram,CHN,neighbor,False,
2025-03-17 00:00:00,25.5,1008.8,96.0,AWS-CHN-101,Tambaram,CHN,neighbor,False,
2025-03-17 01:00:00,25.1,1008.4,97.0,AWS-CHN-101,Tambaram,CHN,neighbor,False,
2025-03-17 02:00:00,24.7,1008.0,98.0,AWS-CHN-101,Tambaram,CHN,neighbor,False,
2025-03-17 03:00:00,24.7,1007.5,99.0,AWS-CHN-101,Tambaram,CHN,neighbor,False,
2025-03-17 04:00:00,24.6,1007.6,99.0,AWS-CHN-101,Tambaram,CHN,neighbor,False,
2025-03-17 05:00:00,24.9,1008.1,98.0,AWS-CHN-101,Tambaram,CHN,neighbor,False,
2025-03-17 06:00:00,26.6,1008.6,95.0,AWS-CHN-101,Tambaram,CHN,neighbor,False,
2025-03-17 07:00:00,27.9,1009.7,85.0,AWS-CHN-101,Tambaram,CHN,neighbor,False,
2025-03-17 08:00:00,29.8,1010.5,73.0,AWS-CHN-101,Tambaram,CHN,neighbor,False,
2025-03-17 09:00:00,32.1,1010.6,58.0,AWS-CHN-101,Tambaram,CHN,neighbor,False,
2025-03-17 10:00:00,34.1,1010.1,48.0,AWS-CHN-101,Tambaram,CHN,neighbor,False,
2025-03-17 11:00:00,35.3,1009.5,41.0,AWS-CHN-101,Tambaram,CHN,neighbor,False,
2025-03-17 12:00:00,34.6,1008.5,45.0,AWS-CHN-101,Tambaram,CHN,neighbor,False,
2025-03-17 13:00:00,33.8,1007.6,52.0,AWS-CHN-101,Tambaram,CHN,neighbor,False,
2025-03-17 14:00:00,33.3,1006.4,55.0,AWS-CHN-101,Tambaram,CHN,neighbor,False,
2025-03-17 15:00:00,33.5,1005.6,54.0,AWS-CHN-101,Tambaram,CHN,neighbor,False,
2025-03-17 16:00:00,32.3,1005.5,56.0,AWS-CHN-101,Tambaram,CHN,neighbor,False,
2025-03-17 17:00:00,30.7,1005.9,64.0,AWS-CHN-101,Tambaram,CHN,neighbor,False,
2025-03-17 18:00:00,28.7,1006.3,77.0,AWS-CHN-101,Tambaram,CHN,neighbor,False,
2025-03-17 19:00:00,28.1,1007.6,82.0,AWS-CHN-101,Tambaram,CHN,neighbor,False,
2025-03-17 20:00:00,27.6,1008.4,86.0,AWS-CHN-101,Tambaram,CHN,neighbor,False,
2025-03-17 21:00:00,27.2,1009.3,89.0,AWS-CHN-101,Tambaram,CHN,neighbor,False,
2025-03-17 22:00:00,26.7,1009.6,91.0,AWS-CHN-101,Tambaram,CHN,neighbor,False,
2025-03-17 23:00:00,26.1,1009.3,94.0,AWS-CHN-101,Tambaram,CHN,neighbor,False,
2025-03-18 00:00:00,25.6,1008.8,96.0,AWS-CHN-101,Tambaram,CHN,neighbor,False,
2025-03-18 01:00:00,25.2,1008.0,96.0,AWS-CHN-101,Tambaram,CHN,neighbor,False,
2025-03-18 02:00:00,25.0,1007.5,98.0,AWS-CHN-101,Tambaram,CHN,neighbor,False,
2025-03-18 03:00:00,25.1,1007.3,98.0,AWS-CHN-101,Tambaram,CHN,neighbor,False,
2025-03-18 04:00:00,24.9,1007.2,99.0,AWS-CHN-101,Tambaram,CHN,neighbor,False,
2025-03-18 05:00:00,25.1,1007.8,98.0,AWS-CHN-101,Tambaram,CHN,neighbor,False,
2025-03-18 06:00:00,27.2,1008.2,92.0,AWS-CHN-101,Tambaram,CHN,neighbor,False,
2025-03-18 07:00:00,27.9,1009.0,85.0,AWS-CHN-101,Tambaram,CHN,neighbor,False,
2025-03-18 08:00:00,29.4,1009.6,77.0,AWS-CHN-101,Tambaram,CHN,neighbor,False,
2025-03-18 09:00:00,31.5,1009.8,65.0,AWS-CHN-101,Tambaram,CHN,neighbor,False,
2025-03-18 10:00:00,33.3,1009.3,55.0,AWS-CHN-101,Tambaram,CHN,neighbor,False,
2025-03-18 11:00:00,34.2,1008.5,51.0,AWS-CHN-101,Tambaram,CHN,neighbor,False,
2025-03-18 12:00:00,34.5,1007.7,51.0,AWS-CHN-101,Tambaram,CHN,neighbor,False,
2025-03-18 13:00:00,34.6,1007.0,48.0,AWS-CHN-101,Tambaram,CHN,neighbor,False,
2025-03-18 14:00:00,34.1,1006.4,48.0,AWS-CHN-101,Tambaram,CHN,neighbor,False,
2025-03-18 15:00:00,33.1,1006.2,51.0,AWS-CHN-101,Tambaram,CHN,neighbor,False,
2025-03-18 16:00:00,31.9,1006.6,55.0,AWS-CHN-101,Tambaram,CHN,neighbor,False,
2025-03-18 17:00:00,30.4,1006.8,62.0,AWS-CHN-101,Tambaram,CHN,neighbor,False,
2025-03-18 18:00:00,28.8,1007.5,74.0,AWS-CHN-101,Tambaram,CHN,neighbor,False,
2025-03-18 19:00:00,28.0,1008.3,82.0,AWS-CHN-101,Tambaram,CHN,neighbor,False,
2025-03-18 20:00:00,27.5,1009.1,86.0,AWS-CHN-101,Tambaram,CHN,neighbor,False,
2025-03-18 21:00:00,27.2,1010.0,87.0,AWS-CHN-101,Tambaram,CHN,neighbor,False,
2025-03-18 22:00:00,26.8,1010.5,89.0,AWS-CHN-101,Tambaram,CHN,neighbor,False,
2025-03-18 23:00:00,26.2,1010.5,91.0,AWS-CHN-101,Tambaram,CHN,neighbor,False,
2025-03-19 00:00:00,25.6,1010.0,94.0,AWS-CHN-101,Tambaram,CHN,neighbor,False,
2025-03-19 01:00:00,25.2,1009.4,95.0,AWS-CHN-101,Tambaram,CHN,neighbor,False,
2025-03-19 02:00:00,25.1,1008.7,96.0,AWS-CHN-101,Tambaram,CHN,neighbor,False,
2025-03-19 03:00:00,24.8,1008.5,97.0,AWS-CHN-101,Tambaram,CHN,neighbor,False,
2025-03-19 04:00:00,24.7,1008.9,97.0,AWS-CHN-101,Tambaram,CHN,neighbor,False,
2025-03-19 05:00:00,24.8,1009.4,97.0,AWS-CHN-101,Tambaram,CHN,neighbor,False,
2025-03-19 06:00:00,25.9,1010.3,96.0,AWS-CHN-101,Tambaram,CHN,neighbor,False,
2025-03-19 07:00:00,27.6,1011.3,86.0,AWS-CHN-101,Tambaram,CHN,neighbor,False,
2025-03-19 08:00:00,29.7,1012.0,73.0,AWS-CHN-101,Tambaram,CHN,neighbor,False,
2025-03-19 09:00:00,31.6,1012.4,62.0,AWS-CHN-101,Tambaram,CHN,neighbor,False,
2025-03-19 10:00:00,33.5,1012.1,52.0,AWS-CHN-101,Tambaram,CHN,neighbor,False,
2025-03-19 11:00:00,34.5,1011.7,46.0,AWS-CHN-101,Tambaram,CHN,neighbor,False,
2025-03-19 12:00:00,34.7,1010.6,43.0,AWS-CHN-101,Tambaram,CHN,neighbor,False,
2025-03-19 13:00:00,34.4,1009.6,46.0,AWS-CHN-101,Tambaram,CHN,neighbor,False,
2025-03-19 14:00:00,33.9,1008.6,49.0,AWS-CHN-101,Tambaram,CHN,neighbor,False,
2025-03-19 15:00:00,32.9,1200.0,54.0,AWS-CHN-101,Tambaram,CHN,neighbor,True,physical_bounds
2025-03-19 16:00:00,31.7,1008.0,59.0,AWS-CHN-101,Tambaram,CHN,neighbor,False,
2025-03-19 17:00:00,30.1,1008.3,68.0,AWS-CHN-101,Tambaram,CHN,neighbor,False,
2025-03-19 18:00:00,28.9,1009.1,79.0,AWS-CHN-101,Tambaram,CHN,neighbor,False,
2025-03-19 19:00:00,28.5,1010.1,82.0,AWS-CHN-101,Tambaram,CHN,neighbor,False,
2025-03-19 20:00:00,28.2,1011.2,83.0,AWS-CHN-101,Tambaram,CHN,neighbor,False,
2025-03-19 21:00:00,27.8,1011.9,85.0,AWS-CHN-101,Tambaram,CHN,neighbor,False,
2025-03-19 22:00:00,27.4,1012.3,87.0,AWS-CHN-101,Tambaram,CHN,neighbor,False,
2025-03-19 23:00:00,26.9,1012.0,89.0,AWS-CHN-101,Tambaram,CHN,neighbor,False,
2025-03-20 00:00:00,26.2,1011.7,93.0,AWS-CHN-101,Tambaram,CHN,neighbor,False,
2025-03-20 01:00:00,25.6,1011.2,95.0,AWS-CHN-101,Tambaram,CHN,neighbor,False,
2025-03-20 02:00:00,25.3,1010.9,95.0,AWS-CHN-101,Tambaram,CHN,neighbor,False,
2025-03-20 03:00:00,25.3,1010.6,96.0,AWS-CHN-101,Tambaram,CHN,neighbor,False,
2025-03-20 04:00:00,25.2,1010.8,96.0,AWS-CHN-101,Tambaram,CHN,neighbor,False,
2025-03-20 05:00:00,24.9,1011.4,97.0,AWS-CHN-101,Tambaram,CHN,neighbor,False,
2025-03-20 06:00:00,25.5,1012.0,96.0,AWS-CHN-101,Tambaram,CHN,neighbor,False,
2025-03-20 07:00:00,27.7,1012.7,84.0,AWS-CHN-101,Tambaram,CHN,neighbor,False,
2025-03-20 08:00:00,30.0,1013.3,69.0,AWS-CHN-101,Tambaram,CHN,neighbor,False,
2025-03-20 09:00:00,32.1,1013.6,56.0,AWS-CHN-101,Tambaram,CHN,neighbor,False,
2025-03-20 10:00:00,33.6,1013.5,48.0,AWS-CHN-101,Tambaram,CHN,neighbor,False,
2025-03-20 11:00:00,34.6,1012.6,43.0,AWS-CHN-101,Tambaram,CHN,neighbor,False,
2025-03-20 12:00:00,34.9,1011.4,41.0,AWS-CHN-101,Tambaram,CHN,neighbor,False,
2025-03-20 13:00:00,34.7,1010.4,41.0,AWS-CHN-101,Tambaram,CHN,neighbor,False,
2025-03-20 14:00:00,33.9,1009.4,44.0,AWS-CHN-101,Tambaram,CHN,neighbor,False,
2025-03-20 15:00:00,32.7,1008.9,49.0,AWS-CHN-101,Tambaram,CHN,neighbor,False,
2025-03-20 16:00:00,31.4,1008.8,56.0,AWS-CHN-101,Tambaram,CHN,neighbor,False,
2025-03-20 17:00:00,30.3,1008.9,60.0,AWS-CHN-101,Tambaram,CHN,neighbor,False,
2025-03-20 18:00:00,29.2,1010.0,71.0,AWS-CHN-101,Tambaram,CHN,neighbor,False,
2025-03-20 19:00:00,28.6,1010.9,76.0,AWS-CHN-101,Tambaram,CHN,neighbor,False,
2025-03-20 20:00:00,28.3,1011.8,77.0,AWS-CHN-101,Tambaram,CHN,neighbor,False,
2025-03-20 21:00:00,27.9,1012.4,79.0,AWS-CHN-101,Tambaram,CHN,neighbor,False,
2025-03-20 22:00:00,27.5,1012.7,81.0,AWS-CHN-101,Tambaram,CHN,neighbor,False,
2025-03-20 23:00:00,27.2,1012.5,83.0,AWS-CHN-101,Tambaram,CHN,neighbor,False,
2025-03-21 00:00:00,27.0,1012.0,83.0,AWS-CHN-101,Tambaram,CHN,neighbor,False,
2025-03-21 01:00:00,27.0,1011.4,83.0,AWS-CHN-101,Tambaram,CHN,neighbor,False,
2025-03-21 02:00:00,26.6,1010.9,85.0,AWS-CHN-101,Tambaram,CHN,neighbor,False,
2025-03-21 03:00:00,26.2,1010.8,87.0,AWS-CHN-101,Tambaram,CHN,neighbor,False,
2025-03-21 04:00:00,25.9,1011.0,89.0,AWS-CHN-101,Tambaram,CHN,neighbor,False,
2025-03-21 05:00:00,25.7,1011.4,89.0,AWS-CHN-101,Tambaram,CHN,neighbor,False,
2025-03-21 06:00:00,26.8,1012.4,86.0,AWS-CHN-101,Tambaram,CHN,neighbor,False,
2025-03-21 07:00:00,28.8,1013.0,75.0,AWS-CHN-101,Tambaram,CHN,neighbor,False,
2025-03-21 08:00:00,30.5,1013.6,63.0,AWS-CHN-101,Tambaram,CHN,neighbor,False,
2025-03-21 09:00:00,32.0,1013.7,55.0,AWS-CHN-101,Tambaram,CHN,neighbor,False,
2025-03-21 10:00:00,33.3,1013.6,49.0,AWS-CHN-101,Tambaram,CHN,neighbor,False,
2025-03-21 11:00:00,34.1,1012.9,45.0,AWS-CHN-101,Tambaram,CHN,neighbor,False,
2025-03-21 12:00:00,34.4,1011.5,44.0,AWS-CHN-101,Tambaram,CHN,neighbor,False,
2025-03-21 13:00:00,34.2,1010.5,46.0,AWS-CHN-101,Tambaram,CHN,neighbor,False,
2025-03-21 14:00:00,33.6,1009.5,48.0,AWS-CHN-101,Tambaram,CHN,neighbor,False,
2025-03-21 15:00:00,32.5,1008.9,53.0,AWS-CHN-101,Tambaram,CHN,neighbor,False,
2025-03-21 16:00:00,31.4,1008.6,58.0,AWS-CHN-101,Tambaram,CHN,neighbor,False,
2025-03-21 17:00:00,30.0,1008.8,65.0,AWS-CHN-101,Tambaram,CHN,neighbor,False,
2025-03-21 18:00:00,28.8,1009.7,76.0,AWS-CHN-101,Tambaram,CHN,neighbor,False,
2025-03-21 19:00:00,28.5,1010.1,79.0,AWS-CHN-101,Tambaram,CHN,neighbor,False,
2025-03-21 20:00:00,28.2,1010.7,79.0,AWS-CHN-101,Tambaram,CHN,neighbor,False,
2025-03-21 21:00:00,27.9,1011.4,81.0,AWS-CHN-101,Tambaram,CHN,neighbor,False,
2025-03-21 22:00:00,27.5,1011.5,83.0,AWS-CHN-101,Tambaram,CHN,neighbor,False,
2025-03-21 23:00:00,27.1,1011.2,85.0,AWS-CHN-101,Tambaram,CHN,neighbor,False,
2025-03-22 00:00:00,26.9,1010.7,87.0,AWS-CHN-101,Tambaram,CHN,neighbor,False,
2025-03-22 01:00:00,26.6,1009.9,89.0,AWS-CHN-101,Tambaram,CHN,neighbor,False,
2025-03-22 02:00:00,26.1,1009.4,93.0,AWS-CHN-101,Tambaram,CHN,neighbor,False,
2025-03-22 03:00:00,25.8,1009.1,94.0,AWS-CHN-101,Tambaram,CHN,neighbor,False,
2025-03-22 04:00:00,25.6,1009.1,95.0,AWS-CHN-101,Tambaram,CHN,neighbor,False,
2025-03-22 05:00:00,25.4,1009.8,96.0,AWS-CHN-101,Tambaram,CHN,neighbor,False,
2025-03-22 06:00:00,26.4,1010.7,93.0,AWS-CHN-101,Tambaram,CHN,neighbor,False,
2025-03-22 07:00:00,28.4,1011.8,82.0,AWS-CHN-101,Tambaram,CHN,neighbor,False,
2025-03-22 08:00:00,30.1,1012.6,71.0,AWS-CHN-101,Tambaram,CHN,neighbor,False,
2025-03-22 09:00:00,31.6,1012.6,62.0,AWS-CHN-101,Tambaram,CHN,neighbor,False,
2025-03-22 10:00:00,32.8,1012.4,56.0,AWS-CHN-101,Tambaram,CHN,neighbor,False,
2025-03-22 11:00:00,33.2,1011.7,55.0,AWS-CHN-101,Tambaram,CHN,neighbor,False,
2025-03-22 12:00:00,33.7,1010.6,53.0,AWS-CHN-101,Tambaram,CHN,neighbor,False,
2025-03-22 13:00:00,33.9,1009.3,52.0,AWS-CHN-101,Tambaram,CHN,neighbor,False,
2025-03-22 14:00:00,33.3,1008.6,52.0,AWS-CHN-101,Tambaram,CHN,neighbor,False,
2025-03-22 15:00:00,31.0,1008.2,62.0,AWS-CHN-101,Tambaram,CHN,neighbor,False,
2025-03-22 16:00:00,31.0,1008.0,64.0,AWS-CHN-101,Tambaram,CHN,neighbor,False,
2025-03-22 17:00:00,30.2,1008.5,67.0,AWS-CHN-101,Tambaram,CHN,neighbor,False,
2025-03-22 18:00:00,29.6,1009.4,70.0,AWS-CHN-101,Tambaram,CHN,neighbor,False,
2025-03-22 19:00:00,29.0,1010.6,74.0,AWS-CHN-101,Tambaram,CHN,neighbor,False,
2025-03-22 20:00:00,28.4,1011.1,79.0,AWS-CHN-101,Tambaram,CHN,neighbor,False,
2025-03-22 21:00:00,28.0,1011.6,81.0,AWS-CHN-101,Tambaram,CHN,neighbor,False,
2025-03-22 22:00:00,27.6,1011.7,83.0,AWS-CHN-101,Tambaram,CHN,neighbor,False,
2025-03-22 23:00:00,27.2,1011.6,86.0,AWS-CHN-101,Tambaram,CHN,neighbor,False,
2025-03-23 00:00:00,26.6,1011.1,89.0,AWS-CHN-101,Tambaram,CHN,neighbor,False,
2025-03-23 01:00:00,26.4,1010.0,90.0,AWS-CHN-101,Tambaram,CHN,neighbor,False,
2025-03-23 02:00:00,26.2,1009.4,91.0,AWS-CHN-101,Tambaram,CHN,neighbor,False,
2025-03-23 03:00:00,26.0,1009.0,92.0,AWS-CHN-101,Tambaram,CHN,neighbor,False,
2025-03-23 04:00:00,25.6,1009.2,93.0,AWS-CHN-101,Tambaram,CHN,neighbor,False,
2025-03-23 05:00:00,25.6,1009.9,93.0,AWS-CHN-101,Tambaram,CHN,neighbor,False,
2025-03-23 06:00:00,27.2,1010.3,85.0,AWS-CHN-101,Tambaram,CHN,neighbor,False,
2025-03-23 07:00:00,28.9,1011.6,76.0,AWS-CHN-101,Tambaram,CHN,neighbor,False,
2025-03-23 08:00:00,30.4,1012.5,64.0,AWS-CHN-101,Tambaram,CHN,neighbor,False,
2025-03-23 09:00:00,31.9,1012.7,56.0,AWS-CHN-101,Tambaram,CHN,neighbor,False,
2025-03-23 10:00:00,32.8,1012.3,51.0,AWS-CHN-101,Tambaram,CHN,neighbor,False,
2025-03-23 11:00:00,33.5,1011.6,48.0,AWS-CHN-101,Tambaram,CHN,neighbor,False,
2025-03-23 12:00:00,33.8,1010.4,48.0,AWS-CHN-101,Tambaram,CHN,neighbor,False,
2025-03-23 13:00:00,33.6,1009.4,47.0,AWS-CHN-101,Tambaram,CHN,neighbor,False,
2025-03-23 14:00:00,33.4,1008.6,47.0,AWS-CHN-101,Tambaram,CHN,neighbor,False,
2025-03-23 15:00:00,32.5,1008.3,50.0,AWS-CHN-101,Tambaram,CHN,neighbor,False,
2025-03-23 16:00:00,31.3,1008.3,56.0,AWS-CHN-101,Tambaram,CHN,neighbor,False,
2025-03-23 17:00:00,30.1,1008.8,64.0,AWS-CHN-101,Tambaram,CHN,neighbor,False,
2025-03-23 18:00:00,29.3,1009.1,71.0,AWS-CHN-101,Tambaram,CHN,neighbor,False,
2025-03-23 19:00:00,29.0,1010.3,0.0,AWS-CHN-101,Tambaram,CHN,neighbor,True,sensor_fail_low
2025-03-23 20:00:00,28.5,1011.0,0.0,AWS-CHN-101,Tambaram,CHN,neighbor,True,sensor_fail_low
2025-03-23 21:00:00,28.1,1011.5,0.0,AWS-CHN-101,Tambaram,CHN,neighbor,True,sensor_fail_low
2025-03-23 22:00:00,27.6,1011.3,82.0,AWS-CHN-101,Tambaram,CHN,neighbor,False,
2025-03-23 23:00:00,27.1,1011.3,85.0,AWS-CHN-101,Tambaram,CHN,neighbor,False,
2025-03-24 00:00:00,26.7,1010.7,88.0,AWS-CHN-101,Tambaram,CHN,neighbor,False,
2025-03-24 01:00:00,26.6,1009.9,89.0,AWS-CHN-101,Tambaram,CHN,neighbor,False,
2025-03-24 02:00:00,26.1,1009.3,91.0,AWS-CHN-101,Tambaram,CHN,neighbor,False,
2025-03-24 03:00:00,25.7,1009.0,93.0,AWS-CHN-101,Tambaram,CHN,neighbor,False,
2025-03-24 04:00:00,25.3,1009.3,95.0,AWS-CHN-101,Tambaram,CHN,neighbor,False,
2025-03-24 05:00:00,25.2,1010.2,96.0,AWS-CHN-101,Tambaram,CHN,neighbor,False,
2025-03-24 06:00:00,26.1,1010.6,97.0,AWS-CHN-101,Tambaram,CHN,neighbor,False,
2025-03-24 07:00:00,27.0,1011.6,93.0,AWS-CHN-101,Tambaram,CHN,neighbor,False,
2025-03-24 08:00:00,28.8,1012.3,82.0,AWS-CHN-101,Tambaram,CHN,neighbor,False,
2025-03-24 09:00:00,30.7,1012.6,68.0,AWS-CHN-101,Tambaram,CHN,neighbor,False,
2025-03-24 10:00:00,32.3,1012.0,58.0,AWS-CHN-101,Tambaram,CHN,neighbor,False,
2025-03-24 11:00:00,33.3,1011.1,53.0,AWS-CHN-101,Tambaram,CHN,neighbor,False,
2025-03-24 12:00:00,33.3,1009.9,53.0,AWS-CHN-101,Tambaram,CHN,neighbor,False,
2025-03-24 13:00:00,33.2,1008.9,54.0,AWS-CHN-101,Tambaram,CHN,neighbor,False,
2025-03-24 14:00:00,32.6,1007.9,56.0,AWS-CHN-101,Tambaram,CHN,neighbor,False,
2025-03-24 15:00:00,31.9,1007.4,58.0,AWS-CHN-101,Tambaram,CHN,neighbor,False,
2025-03-24 16:00:00,30.8,1007.2,62.0,AWS-CHN-101,Tambaram,CHN,neighbor,False,
2025-03-24 17:00:00,29.5,1007.6,69.0,AWS-CHN-101,Tambaram,CHN,neighbor,False,
2025-03-24 18:00:00,28.7,1008.4,77.0,AWS-CHN-101,Tambaram,CHN,neighbor,False,
2025-03-24 19:00:00,28.4,1009.4,78.0,AWS-CHN-101,Tambaram,CHN,neighbor,False,
2025-03-24 20:00:00,28.0,1010.1,79.0,AWS-CHN-101,Tambaram,CHN,neighbor,False,
2025-03-24 21:00:00,27.6,1010.7,81.0,AWS-CHN-101,Tambaram,CHN,neighbor,False,
2025-03-24 22:00:00,27.1,1010.5,83.0,AWS-CHN-101,Tambaram,CHN,neighbor,False,
2025-03-24 23:00:00,26.5,1009.9,87.0,AWS-CHN-101,Tambaram,CHN,neighbor,False,
2025-03-25 00:00:00,25.8,1009.1,90.0,AWS-CHN-101,Tambaram,CHN,neighbor,False,
2025-03-25 01:00:00,25.5,1008.2,92.0,AWS-CHN-101,Tambaram,CHN,neighbor,False,
2025-03-25 02:00:00,24.9,1007.5,94.0,AWS-CHN-101,Tambaram,CHN,neighbor,False,
2025-03-25 03:00:00,24.5,1007.3,96.0,AWS-CHN-101,Tambaram,CHN,neighbor,False,
2025-03-25 04:00:00,24.4,1007.0,97.0,AWS-CHN-101,Tambaram,CHN,neighbor,False,
2025-03-25 05:00:00,23.8,1007.4,98.0,AWS-CHN-101,Tambaram,CHN,neighbor,False,
2025-03-25 06:00:00,25.0,1008.2,98.0,AWS-CHN-101,Tambaram,CHN,neighbor,False,
2025-03-25 07:00:00,27.4,1008.9,85.0,AWS-CHN-101,Tambaram,CHN,neighbor,False,
2025-03-25 08:00:00,29.5,1009.7,68.0,AWS-CHN-101,Tambaram,CHN,neighbor,False,
2025-03-25 09:00:00,31.4,1009.8,56.0,AWS-CHN-101,Tambaram,CHN,neighbor,False,
2025-03-25 10:00:00,33.2,1009.1,47.0,AWS-CHN-101,Tambaram,CHN,neighbor,False,
2025-03-25 11:00:00,34.4,1008.3,42.0,AWS-CHN-101,Tambaram,CHN,neighbor,False,
2025-03-25 12:00:00,34.0,1007.3,43.0,AWS-CHN-101,Tambaram,CHN,neighbor,False,
2025-03-25 13:00:00,33.7,1006.3,43.0,AWS-CHN-101,Tambaram,CHN,neighbor,False,
2025-03-25 14:00:00,33.3,1005.4,42.0,AWS-CHN-101,Tambaram,CHN,neighbor,False,
2025-03-25 15:00:00,32.9,1004.8,40.0,AWS-CHN-101,Tambaram,CHN,neighbor,False,
2025-03-25 16:00:00,31.5,1004.6,49.0,AWS-CHN-101,Tambaram,CHN,neighbor,False,
2025-03-25 17:00:00,29.9,1004.9,57.0,AWS-CHN-101,Tambaram,CHN,neighbor,False,
2025-03-25 18:00:00,28.2,1005.6,71.0,AWS-CHN-101,Tambaram,CHN,neighbor,False,
2025-03-25 19:00:00,27.4,1006.5,78.0,AWS-CHN-101,Tambaram,CHN,neighbor,False,
2025-03-25 20:00:00,,1007.2,81.0,AWS-CHN-101,Tambaram,CHN,neighbor,True,dropout
2025-03-25 21:00:00,26.6,1008.0,82.0,AWS-CHN-101,Tambaram,CHN,neighbor,False,
2025-03-25 22:00:00,26.0,1007.6,84.0,AWS-CHN-101,Tambaram,CHN,neighbor,False,
2025-03-25 23:00:00,25.2,1007.1,88.0,AWS-CHN-101,Tambaram,CHN,neighbor,False,
2025-03-26 00:00:00,25.0,1006.5,89.0,AWS-CHN-101,Tambaram,CHN,neighbor,False,
2025-03-26 01:00:00,24.3,1005.9,93.0,AWS-CHN-101,Tambaram,CHN,neighbor,False,
2025-03-26 02:00:00,23.9,1005.4,95.0,AWS-CHN-101,Tambaram,CHN,neighbor,False,
2025-03-26 03:00:00,23.7,1005.3,96.0,AWS-CHN-101,Tambaram,CHN,neighbor,False,
2025-03-26 04:00:00,23.4,1005.6,98.0,AWS-CHN-101,Tambaram,CHN,neighbor,False,
2025-03-26 05:00:00,23.4,1006.2,98.0,AWS-CHN-101,Tambaram,CHN,neighbor,False,
2025-03-26 06:00:00,25.9,1006.6,89.0,AWS-CHN-101,Tambaram,CHN,neighbor,False,
2025-03-26 07:00:00,27.5,1007.4,81.0,AWS-CHN-101,Tambaram,CHN,neighbor,False,
2025-03-26 08:00:00,29.3,1008.1,70.0,AWS-CHN-101,Tambaram,CHN,neighbor,False,
2025-03-26 09:00:00,31.2,1008.3,60.0,AWS-CHN-101,Tambaram,CHN,neighbor,False,
2025-03-26 10:00:00,33.1,1007.7,52.0,AWS-CHN-101,Tambaram,CHN,neighbor,False,
2025-03-26 11:00:00,34.5,1007.1,45.0,AWS-CHN-101,Tambaram,CHN,neighbor,False,
2025-03-26 12:00:00,34.6,1006.1,46.0,AWS-CHN-101,Tambaram,CHN,neighbor,False,
2025-03-26 13:00:00,34.4,1005.2,45.0,AWS-CHN-101,Tambaram,CHN,neighbor,False,
2025-03-26 14:00:00,34.5,1004.3,42.0,AWS-CHN-101,Tambaram,CHN,neighbor,False,
2025-03-26 15:00:00,33.7,1003.7,47.0,AWS-CHN-101,Tambaram,CHN,neighbor,False,
2025-03-26 16:00:00,32.4,1003.4,49.0,AWS-CHN-101,Tambaram,CHN,neighbor,False,
2025-03-26 17:00:00,30.7,1003.9,56.0,AWS-CHN-101,Tambaram,CHN,neighbor,False,
2025-03-26 18:00:00,28.9,1004.4,69.0,AWS-CHN-101,Tambaram,CHN,neighbor,False,
2025-03-26 19:00:00,27.9,1005.3,76.0,AWS-CHN-101,Tambaram,CHN,neighbor,False,
2025-03-26 20:00:00,27.4,1006.3,79.0,AWS-CHN-101,Tambaram,CHN,neighbor,False,
2025-03-26 21:00:00,27.1,1007.2,83.0,AWS-CHN-101,Tambaram,CHN,neighbor,False,
2025-03-26 22:00:00,26.7,1007.4,86.0,AWS-CHN-101,Tambaram,CHN,neighbor,False,
2025-03-26 23:00:00,25.8,1007.3,91.0,AWS-CHN-101,Tambaram,CHN,neighbor,False,
2025-03-27 00:00:00,25.4,1006.7,92.0,AWS-CHN-101,Tambaram,CHN,neighbor,False,
2025-03-27 01:00:00,24.9,1006.0,94.0,AWS-CHN-101,Tambaram,CHN,neighbor,False,
2025-03-27 02:00:00,24.7,1005.5,96.0,AWS-CHN-101,Tambaram,CHN,neighbor,False,
2025-03-27 03:00:00,24.4,1005.3,97.0,AWS-CHN-101,Tambaram,CHN,neighbor,False,
2025-03-27 04:00:00,24.4,1005.3,98.0,AWS-CHN-101,Tambaram,CHN,neighbor,False,
2025-03-27 05:00:00,24.4,1005.7,97.0,AWS-CHN-101,Tambaram,CHN,neighbor,False,
2025-03-27 06:00:00,25.9,1006.6,93.0,AWS-CHN-101,Tambaram,CHN,neighbor,False,
2025-03-27 07:00:00,27.5,1007.3,82.0,AWS-CHN-101,Tambaram,CHN,neighbor,False,
2025-03-27 08:00:00,29.4,1007.9,70.0,AWS-CHN-101,Tambaram,CHN,neighbor,False,
2025-03-27 09:00:00,31.6,1007.9,56.0,AWS-CHN-101,Tambaram,CHN,neighbor,False,
2025-03-27 10:00:00,34.0,1007.5,44.0,AWS-CHN-101,Tambaram,CHN,neighbor,False,
2025-03-27 11:00:00,36.1,1006.5,32.0,AWS-CHN-101,Tambaram,CHN,neighbor,False,
2025-03-27 12:00:00,37.5,1005.1,27.0,AWS-CHN-101,Tambaram,CHN,neighbor,False,
2025-03-27 13:00:00,37.7,1003.7,28.0,AWS-CHN-101,Tambaram,CHN,neighbor,False,
2025-03-27 14:00:00,37.2,1002.9,30.0,AWS-CHN-101,Tambaram,CHN,neighbor,False,
2025-03-27 15:00:00,35.8,1002.4,39.0,AWS-CHN-101,Tambaram,CHN,neighbor,False,
2025-03-27 16:00:00,34.3,1002.3,43.0,AWS-CHN-101,Tambaram,CHN,neighbor,False,
2025-03-27 17:00:00,32.3,1002.5,49.0,AWS-CHN-101,Tambaram,CHN,neighbor,False,
2025-03-27 18:00:00,30.3,1002.7,60.0,AWS-CHN-101,Tambaram,CHN,neighbor,False,
2025-03-27 19:00:00,28.8,1003.6,68.0,AWS-CHN-101,Tambaram,CHN,neighbor,False,
2025-03-27 20:00:00,28.1,1004.7,75.0,AWS-CHN-101,Tambaram,CHN,neighbor,False,
2025-03-27 21:00:00,27.4,1005.6,80.0,AWS-CHN-101,Tambaram,CHN,neighbor,False,
2025-03-27 22:00:00,26.5,1006.0,85.0,AWS-CHN-101,Tambaram,CHN,neighbor,False,
2025-03-27 23:00:00,26.1,1005.8,88.0,AWS-CHN-101,Tambaram,CHN,neighbor,False,
2025-03-28 00:00:00,25.8,1005.3,91.0,AWS-CHN-101,Tambaram,CHN,neighbor,False,
2025-03-28 01:00:00,25.1,1005.0,94.0,AWS-CHN-101,Tambaram,CHN,neighbor,False,
2025-03-28 02:00:00,24.5,1004.5,94.0,AWS-CHN-101,Tambaram,CHN,neighbor,False,
2025-03-28 03:00:00,24.5,1004.4,93.0,AWS-CHN-101,Tambaram,CHN,neighbor,False,
2025-03-28 04:00:00,24.4,1004.5,92.0,AWS-CHN-101,Tambaram,CHN,neighbor,False,
2025-03-28 05:00:00,24.0,1005.0,94.0,AWS-CHN-101,Tambaram,CHN,neighbor,False,
2025-03-28 06:00:00,25.4,1005.7,96.0,AWS-CHN-101,Tambaram,CHN,neighbor,False,
2025-03-28 07:00:00,27.4,1006.1,83.0,AWS-CHN-101,Tambaram,CHN,neighbor,False,
2025-03-28 08:00:00,30.2,1006.8,66.0,AWS-CHN-101,Tambaram,CHN,neighbor,False,
2025-03-28 09:00:00,32.9,1007.0,48.0,AWS-CHN-101,Tambaram,CHN,neighbor,False,
2025-03-28 10:00:00,35.2,1006.9,37.0,AWS-CHN-101,Tambaram,CHN,neighbor,False,
2025-03-28 11:00:00,36.8,1066.0,32.0,AWS-CHN-101,Tambaram,CHN,neighbor,True,impossible_jump
2025-03-28 12:00:00,38.1,1004.6,27.0,AWS-CHN-101,Tambaram,CHN,neighbor,False,
2025-03-28 13:00:00,38.0,1003.4,28.0,AWS-CHN-101,Tambaram,CHN,neighbor,False,
2025-03-28 14:00:00,37.5,1002.3,32.0,AWS-CHN-101,Tambaram,CHN,neighbor,False,
2025-03-28 15:00:00,35.5,1002.1,36.0,AWS-CHN-101,Tambaram,CHN,neighbor,False,
2025-03-28 16:00:00,34.2,1002.1,39.0,AWS-CHN-101,Tambaram,CHN,neighbor,False,
2025-03-28 17:00:00,31.9,1002.6,51.0,AWS-CHN-101,Tambaram,CHN,neighbor,False,
2025-03-28 18:00:00,30.9,1002.8,57.0,AWS-CHN-101,Tambaram,CHN,neighbor,False,
2025-03-28 19:00:00,29.2,1003.7,74.0,AWS-CHN-101,Tambaram,CHN,neighbor,False,
2025-03-28 20:00:00,28.4,1004.6,84.0,AWS-CHN-101,Tambaram,CHN,neighbor,False,
2025-03-28 21:00:00,27.8,1005.4,83.0,AWS-CHN-101,Tambaram,CHN,neighbor,False,
2025-03-28 22:00:00,27.1,1005.7,85.0,AWS-CHN-101,Tambaram,CHN,neighbor,False,
2025-03-28 23:00:00,26.3,1005.7,88.0,AWS-CHN-101,Tambaram,CHN,neighbor,False,
2025-03-29 00:00:00,25.6,1005.2,93.0,AWS-CHN-101,Tambaram,CHN,neighbor,False,
2025-03-29 01:00:00,24.9,1004.5,96.0,AWS-CHN-101,Tambaram,CHN,neighbor,False,
2025-03-29 02:00:00,24.4,1004.0,97.0,AWS-CHN-101,Tambaram,CHN,neighbor,False,
2025-03-29 03:00:00,24.2,1003.7,97.0,AWS-CHN-101,Tambaram,CHN,neighbor,False,
2025-03-29 04:00:00,23.9,1004.0,97.0,AWS-CHN-101,Tambaram,CHN,neighbor,False,
2025-03-29 05:00:00,23.7,1004.5,98.0,AWS-CHN-101,Tambaram,CHN,neighbor,False,
2025-03-29 06:00:00,25.0,1005.1,96.0,AWS-CHN-101,Tambaram,CHN,neighbor,False,
2025-03-29 07:00:00,27.1,1006.0,84.0,AWS-CHN-101,Tambaram,CHN,neighbor,False,
2025-03-29 08:00:00,30.3,1006.7,66.0,AWS-CHN-101,Tambaram,CHN,neighbor,False,
2025-03-29 09:00:00,33.7,1007.2,43.0,AWS-CHN-101,Tambaram,CHN,neighbor,False,
2025-03-29 10:00:00,36.4,1006.9,28.0,AWS-CHN-101,Tambaram,CHN,neighbor,False,
2025-03-29 11:00:00,37.9,1006.1,21.0,AWS-CHN-101,Tambaram,CHN,neighbor,False,
2025-03-29 12:00:00,38.5,1004.8,21.0,AWS-CHN-101,Tambaram,CHN,neighbor,False,
2025-03-29 13:00:00,38.6,1003.7,21.0,AWS-CHN-101,Tambaram,CHN,neighbor,False,
2025-03-29 14:00:00,38.4,1003.0,17.0,AWS-CHN-101,Tambaram,CHN,neighbor,False,
2025-03-29 15:00:00,37.6,1002.5,18.0,AWS-CHN-101,Tambaram,CHN,neighbor,False,
2025-03-29 16:00:00,35.9,1002.4,24.0,AWS-CHN-101,Tambaram,CHN,neighbor,False,
2025-03-29 17:00:00,33.4,1003.0,34.0,AWS-CHN-101,Tambaram,CHN,neighbor,False,
2025-03-29 18:00:00,31.2,1003.0,44.0,AWS-CHN-101,Tambaram,CHN,neighbor,False,
2025-03-29 19:00:00,28.8,1004.2,66.0,AWS-CHN-101,Tambaram,CHN,neighbor,False,
2025-03-29 20:00:00,27.5,1005.3,87.0,AWS-CHN-101,Tambaram,CHN,neighbor,False,
2025-03-29 21:00:00,26.8,1006.1,93.0,AWS-CHN-101,Tambaram,CHN,neighbor,False,
2025-03-29 22:00:00,26.3,1006.8,92.0,AWS-CHN-101,Tambaram,CHN,neighbor,False,
2025-03-29 23:00:00,25.6,1006.8,93.0,AWS-CHN-101,Tambaram,CHN,neighbor,False,
2025-03-30 00:00:00,25.1,1006.3,96.0,AWS-CHN-101,Tambaram,CHN,neighbor,False,
2025-03-30 01:00:00,24.5,1005.6,98.0,AWS-CHN-101,Tambaram,CHN,neighbor,False,
2025-03-30 02:00:00,23.8,1005.4,99.0,AWS-CHN-101,Tambaram,CHN,neighbor,False,
2025-03-30 03:00:00,23.6,1005.4,99.0,AWS-CHN-101,Tambaram,CHN,neighbor,False,
2025-03-30 04:00:00,23.6,1005.3,99.0,AWS-CHN-101,Tambaram,CHN,neighbor,False,
2025-03-30 05:00:00,23.4,1005.9,99.0,AWS-CHN-101,Tambaram,CHN,neighbor,False,
2025-03-30 06:00:00,26.2,1006.6,95.0,AWS-CHN-101,Tambaram,CHN,neighbor,False,
2025-03-30 07:00:00,27.1,1007.5,89.0,AWS-CHN-101,Tambaram,CHN,neighbor,False,
2025-03-30 08:00:00,29.5,1008.2,73.0,AWS-CHN-101,Tambaram,CHN,neighbor,False,
2025-03-30 09:00:00,32.5,1008.5,50.0,AWS-CHN-101,Tambaram,CHN,neighbor,False,
2025-03-30 10:00:00,34.8,1008.3,36.0,AWS-CHN-101,Tambaram,CHN,neighbor,False,
2025-03-30 11:00:00,35.8,1007.9,32.0,AWS-CHN-101,Tambaram,CHN,neighbor,False,
2025-03-30 12:00:00,36.0,1007.0,33.0,AWS-CHN-101,Tambaram,CHN,neighbor,False,
2025-03-30 13:00:00,36.0,1005.7,34.0,AWS-CHN-101,Tambaram,CHN,neighbor,False,
2025-03-30 14:00:00,35.8,1004.8,34.0,AWS-CHN-101,Tambaram,CHN,neighbor,False,
2025-03-30 15:00:00,34.9,1004.5,38.0,AWS-CHN-101,Tambaram,CHN,neighbor,False,
2025-03-30 16:00:00,33.1,1004.3,44.0,AWS-CHN-101,Tambaram,CHN,neighbor,False,
2025-03-30 17:00:00,31.0,1004.8,55.0,AWS-CHN-101,Tambaram,CHN,neighbor,False,
2025-03-30 18:00:00,28.9,1005.1,74.0,AWS-CHN-101,Tambaram,CHN,neighbor,False,
2025-03-30 19:00:00,28.2,1006.0,78.0,AWS-CHN-101,Tambaram,CHN,neighbor,False,
2025-03-30 20:00:00,27.8,1006.9,81.0,AWS-CHN-101,Tambaram,CHN,neighbor,False,
2025-03-30 21:00:00,27.3,1007.8,82.0,AWS-CHN-101,Tambaram,CHN,neighbor,False,
2025-03-30 22:00:00,26.8,1008.4,83.0,AWS-CHN-101,Tambaram,CHN,neighbor,False,
2025-03-30 23:00:00,26.3,1008.2,85.0,AWS-CHN-101,Tambaram,CHN,neighbor,False,
2025-03-31 00:00:00,25.7,1007.4,88.0,AWS-CHN-101,Tambaram,CHN,neighbor,False,
2025-03-31 01:00:00,25.1,1006.7,92.0,AWS-CHN-101,Tambaram,CHN,neighbor,False,
2025-03-31 02:00:00,24.5,1006.2,94.0,AWS-CHN-101,Tambaram,CHN,neighbor,False,
2025-03-31 03:00:00,24.2,1006.2,96.0,AWS-CHN-101,Tambaram,CHN,neighbor,False,
2025-03-31 04:00:00,23.9,1006.4,97.0,AWS-CHN-101,Tambaram,CHN,neighbor,False,
2025-03-31 05:00:00,23.7,1006.8,98.0,AWS-CHN-101,Tambaram,CHN,neighbor,False,
2025-03-31 06:00:00,24.4,1007.4,96.0,AWS-CHN-101,Tambaram,CHN,neighbor,False,
2025-03-31 07:00:00,26.7,1068.1,85.0,AWS-CHN-101,Tambaram,CHN,neighbor,True,impossible_jump
2025-03-31 08:00:00,29.3,1008.6,71.0,AWS-CHN-101,Tambaram,CHN,neighbor,False,
2025-03-31 09:00:00,31.6,1008.8,57.0,AWS-CHN-101,Tambaram,CHN,neighbor,False,
2025-03-31 10:00:00,33.0,1008.5,48.0,AWS-CHN-101,Tambaram,CHN,neighbor,False,
2025-03-31 11:00:00,33.5,1008.3,46.0,AWS-CHN-101,Tambaram,CHN,neighbor,False,
2025-03-31 12:00:00,33.7,1007.3,44.0,AWS-CHN-101,Tambaram,CHN,neighbor,False,
2025-03-31 13:00:00,33.9,1006.1,41.0,AWS-CHN-101,Tambaram,CHN,neighbor,False,
2025-03-31 14:00:00,33.6,1005.2,41.0,AWS-CHN-101,Tambaram,CHN,neighbor,False,
2025-03-31 15:00:00,32.9,1004.8,43.0,AWS-CHN-101,Tambaram,CHN,neighbor,False,
2025-03-31 16:00:00,31.8,1004.6,46.0,AWS-CHN-101,Tambaram,CHN,neighbor,False,
2025-03-31 17:00:00,30.4,1004.9,52.0,AWS-CHN-101,Tambaram,CHN,neighbor,False,
2025-03-31 18:00:00,28.8,1005.1,66.0,AWS-CHN-101,Tambaram,CHN,neighbor,False,
2025-03-31 19:00:00,28.3,1006.0,69.0,AWS-CHN-101,Tambaram,CHN,neighbor,False,
2025-03-31 20:00:00,27.9,1006.7,70.0,AWS-CHN-101,Tambaram,CHN,neighbor,False,
2025-03-31 21:00:00,27.3,1007.6,72.0,AWS-CHN-101,Tambaram,CHN,neighbor,False,
2025-03-31 22:00:00,26.8,1007.9,74.0,AWS-CHN-101,Tambaram,CHN,neighbor,False,
2025-03-31 23:00:00,26.4,1007.7,75.0,AWS-CHN-101,Tambaram,CHN,neighbor,False,
