station_id,timestamp,parameter,d_target,z_target,peer_median_d,peer_dispersion,residual_delta,z_surprise,dir_alignment,peer_common_mode_llr,is_ground_truth_anomaly,ground_truth_fault_type,has_1h_phase_lag,pressure_classification
AWS-KOL-102,2025-03-10T03:00:00+00:00,pressure_hpa,-2.203467232989283,-2.5443448002337647,0.2623407808257525,0.4330127018922193,-2.4658080138150353,-5.694539682184189,-0.3333333333333333,-12.977045864746902,True,drift,False,D_strongly_isolated_transducer_spike
AWS-KOL-015,2025-03-10T03:00:00+00:00,pressure_hpa,-2.288963572561329,-2.6430674695670615,0.16840719080187228,0.4330127018922193,-2.457370763363201,-5.675054686905842,0.0,-12.610220025344166,True,drift,False,D_strongly_isolated_transducer_spike
AWS-KOL-015,2025-03-10T04:00:00+00:00,pressure_hpa,-2.20687645852081,-2.5482814347904754,0.16840719080187228,0.4330127018922193,-2.3752836493226823,-5.48548261735267,0.0,-11.798390637190245,True,drift,False,D_strongly_isolated_transducer_spike
AWS-KOL-015,2025-03-10T11:00:00+00:00,pressure_hpa,-3.5890932336054675,-4.144327889137562,0.16840719080187228,0.4330127018922193,-3.75750042440734,-8.677575526046843,0.0,-29.06243167878187,True,sensor_fail_low,False,D_strongly_isolated_transducer_spike
AWS-KOL-101,2025-03-10T11:00:00+00:00,pressure_hpa,-2.462536683272674,-2.8434924339536134,0.2623407808257525,0.4330127018922193,-2.7248774640984266,-6.292834949623886,-1.0,-15.757161240628207,True,sensor_fail_low,False,D_strongly_isolated_transducer_spike
AWS-KOL-102,2025-03-10T11:00:00+00:00,pressure_hpa,-3.321101240047028,-3.8348773898943036,0.2623407808257525,0.4330127018922193,-3.5834420208727806,-8.275604861505267,-0.3333333333333333,-26.889675614123526,True,sensor_fail_low,False,D_strongly_isolated_transducer_spike
AWS-KOL-103,2025-03-10T11:00:00+00:00,pressure_hpa,-3.32241449048081,-3.836393800877218,0.16840719080187228,0.4330127018922193,-3.490821681282682,-8.061707349526154,0.0,-25.13660399699743,True,sensor_fail_low,False,D_strongly_isolated_transducer_spike
AWS-KOL-103,2025-03-10T12:00:00+00:00,pressure_hpa,-5.041236081315219,-5.821118017191592,0.16840719080187228,0.4330127018922193,-5.209643272117091,-12.031155782154903,0.0,-55.43164724220339,True,sensor_fail_low,False,D_strongly_isolated_transducer_spike
AWS-KOL-101,2025-03-10T12:00:00+00:00,pressure_hpa,-4.07717124206647,-4.707911828278554,0.2623407808257525,0.4330127018922193,-4.339512022892222,-10.021673738273769,-1.0,-39.13475536678051,True,sensor_fail_low,False,D_strongly_isolated_transducer_spike
AWS-KOL-015,2025-03-10T12:00:00+00:00,pressure_hpa,-5.204828937057755,-6.010018775792497,0.16840719080187228,0.4330127018922193,-5.373236127859627,-12.408957299356713,0.0,-58.93094778593994,True,sensor_fail_low,False,D_strongly_isolated_transducer_spike
AWS-KOL-102,2025-03-10T12:00:00+00:00,pressure_hpa,-5.039346204275034,-5.81893577515582,0.2623407808257525,0.4330127018922193,-5.301686985100787,-12.243721632028299,-0.3333333333333333,-58.024352923604724,True,sensor_fail_low,False,D_strongly_isolated_transducer_spike
AWS-KOL-015,2025-03-10T13:00:00+00:00,pressure_hpa,-6.931443298052045,-8.003741308005951,0.16840719080187228,0.4330127018922193,-7.099850488853917,-16.396402363783622,0.0,-102.39106777480416,True,sensor_fail_low,False,D_strongly_isolated_transducer_spike
AWS-KOL-103,2025-03-10T13:00:00+00:00,pressure_hpa,-6.771017078859472,-7.81849706633414,0.16840719080187228,0.4330127018922193,-6.939424269661345,-16.025913880439997,0.0,-97.85050966350191,True,sensor_fail_low,False,D_strongly_isolated_transducer_spike
AWS-KOL-102,2025-03-10T13:00:00+00:00,pressure_hpa,-6.76853548648387,-7.815631570281995,0.2623407808257525,0.4330127018922193,-7.030876267309623,-16.237113222280648,-0.3333333333333333,-101.27987447538624,True,sensor_fail_low,False,D_strongly_isolated_transducer_spike
AWS-KOL-101,2025-03-10T13:00:00+00:00,pressure_hpa,-5.702655644481638,-6.584859542874425,0.2623407808257525,0.4330127018922193,-5.96499642530739,-13.775569167465509,-1.0,-73.202965344121,True,sensor_fail_low,False,D_strongly_isolated_transducer_spike
AWS-KOL-103,2025-03-10T14:00:00+00:00,pressure_hpa,-8.311526733685469,-9.597324394140154,0.16840719080187228,0.4330127018922193,-8.47993392448734,-19.583568536052024,0.0,-145.70376053994457,True,drift,False,D_strongly_isolated_transducer_spike
AWS-KOL-015,2025-03-10T14:00:00+00:00,pressure_hpa,-8.468707267327773,-9.778820840959659,0.16840719080187228,0.4330127018922193,-8.637114458129645,-19.946561429691037,0.0,-151.1199879144256,True,drift,False,D_strongly_isolated_transducer_spike
AWS-KOL-102,2025-03-10T14:00:00+00:00,pressure_hpa,-8.308438654937504,-9.59375858794732,0.2623407808257525,0.4330127018922193,-8.570779435763257,-19.7933672576113,-0.3333333333333333,-149.8685917754331,True,drift,False,D_strongly_isolated_transducer_spike
AWS-KOL-101,2025-03-10T14:00:00+00:00,pressure_hpa,-7.138761447931984,-8.243131687288107,0.2623407808257525,0.4330127018922193,-7.401102228757736,-17.092113456292875,-1.0,-112.09556119440734,True,drift,False,D_strongly_isolated_transducer_spike
AWS-KOL-103,2025-03-10T15:00:00+00:00,pressure_hpa,-9.162549105778794,-10.580000385369104,0.16840719080187228,0.4330127018922193,-9.330956296580666,-21.548920518509927,0.0,-176.20978367932386,True,drift,False,D_strongly_isolated_transducer_spike
AWS-KOL-101,2025-03-10T15:00:00+00:00,pressure_hpa,-8.185274871192973,-9.451541300548685,0.2623407808257525,0.4330127018922193,-8.447615652018726,-19.50893268281403,-1.0,-145.63341073329596,True,drift,False,D_strongly_isolated_transducer_spike
AWS-KOL-015,2025-03-10T15:00:00+00:00,pressure_hpa,-9.316406495921342,-10.75765959660033,0.16840719080187228,0.4330127018922193,-9.484813686723214,-21.90423894097238,0.0,-182.03422179344182,True,drift,False,D_strongly_isolated_transducer_spike
AWS-KOL-102,2025-03-10T15:00:00+00:00,pressure_hpa,-9.258840066923995,-10.691187610044523,0.2623407808257525,0.4330127018922193,-9.521180847749747,-21.988225301805706,-0.3333333333333333,-184.59027970489956,True,drift,False,D_strongly_isolated_transducer_spike
AWS-KOL-102,2025-03-10T16:00:00+00:00,pressure_hpa,-9.519537335182804,-10.992214886056969,0.2623407808257525,0.4330127018922193,-9.781878116008556,-22.590279853830598,-0.3333333333333333,-194.74597788656607,True,drift,False,D_strongly_isolated_transducer_spike
AWS-KOL-015,2025-03-10T16:00:00+00:00,pressure_hpa,-9.774339810794686,-11.286435441826375,0.16840719080187228,0.4330127018922193,-9.942747001596558,-22.96179063142447,0.0,-199.930102009429,True,drift,False,D_strongly_isolated_transducer_spike
AWS-KOL-101,2025-03-10T16:00:00+00:00,pressure_hpa,-8.64199527406629,-9.978916595635292,0.2623407808257525,0.4330127018922193,-8.904336054892042,-20.563683272987245,-1.0,-161.643146664545,True,drift,False,D_strongly_isolated_transducer_spike
AWS-KOL-103,2025-03-10T16:00:00+00:00,pressure_hpa,-9.423881528851211,-10.881761074986779,0.16840719080187228,0.4330127018922193,-9.592288719653084,-22.152441897745277,0.0,-186.15897896994147,True,drift,False,D_strongly_isolated_transducer_spike
AWS-KOL-101,2025-03-10T17:00:00+00:00,pressure_hpa,-8.808733849951182,-10.171449718978167,0.2623407808257525,0.4330127018922193,-9.071074630776934,-20.948749519672994,-1.0,-167.69585852614924,True,drift,False,D_strongly_isolated_transducer_spike
AWS-KOL-103,2025-03-10T17:00:00+00:00,pressure_hpa,-9.495333289709038,-10.964266461717456,0.16840719080187228,0.4330127018922193,-9.66374048051091,-22.31745267120663,0.0,-188.9267773440029,True,drift,False,D_strongly_isolated_transducer_spike
AWS-KOL-015,2025-03-10T17:00:00+00:00,pressure_hpa,-9.842317903933576,-11.364929782571847,0.16840719080187228,0.4330127018922193,-10.010725094735449,-23.118779312915414,0.0,-202.65816397824858,True,drift,False,D_strongly_isolated_transducer_spike
AWS-KOL-102,2025-03-10T17:00:00+00:00,pressure_hpa,-9.690340009090846,-11.189440825575202,0.2623407808257525,0.4330127018922193,-9.952680789916599,-22.984731732867065,-0.3333333333333333,-201.54715342140855,True,drift,False,D_strongly_isolated_transducer_spike
AWS-KOL-101,2025-03-10T18:00:00+00:00,pressure_hpa,-8.685312494367395,-10.02893501323807,0.2623407808257525,0.4330127018922193,-8.947653275193147,-20.663720108192802,-1.0,-163.2048956049895,True,drift,False,D_strongly_isolated_transducer_spike
AWS-KOL-015,2025-03-10T18:00:00+00:00,pressure_hpa,-9.720162197865534,-11.22387652300898,0.16840719080187228,0.4330127018922193,-9.888569388667406,-22.83667279378968,0.0,-197.76911004343083,True,drift,False,D_strongly_isolated_transducer_spike
AWS-KOL-103,2025-03-10T18:00:00+00:00,pressure_hpa,-9.376724485350564,-10.827308811468207,0.16840719080187228,0.4330127018922193,-9.545131676152437,-22.043537370708133,0.0,-184.34346185745449,True,drift,False,D_strongly_isolated_transducer_spike
AWS-KOL-102,2025-03-10T18:00:00+00:00,pressure_hpa,-9.47106843333404,-10.93624781899755,0.2623407808257525,0.4330127018922193,-9.733409214159792,-22.47834571971176,-0.3333333333333333,-192.8372549681777,True,drift,False,D_strongly_isolated_transducer_spike
AWS-KOL-102,2025-03-10T19:00:00+00:00,pressure_hpa,-9.26155275440999,-10.694319951745056,0.2623407808257525,0.4330127018922193,-9.523893535235743,-21.994489985206773,-0.3333333333333333,-184.6945552395343,True,drift,False,D_strongly_isolated_transducer_spike
AWS-KOL-103,2025-03-10T19:00:00+00:00,pressure_hpa,-9.26788502809984,-10.70163183158389,0.16840719080187228,0.4330127018922193,-9.436292218901713,-21.7921834109395,0.0,-180.1871669786286,True,drift,False,D_strongly_isolated_transducer_spike
AWS-KOL-101,2025-03-10T19:00:00+00:00,pressure_hpa,-8.471562820034706,-9.782118149207726,0.2623407808257525,0.4330127018922193,-8.733903600860458,-20.17008638013211,-1.0,-155.5712745484658,True,drift,False,D_strongly_isolated_transducer_spike
AWS-KOL-015,2025-03-10T19:00:00+00:00,pressure_hpa,-9.507703858124728,-10.97855076372711,0.16840719080187228,0.4330127018922193,-9.6761110489266,-22.34602127522594,0.0,-189.4080449805586,True,drift,False,D_strongly_isolated_transducer_spike
AWS-KOL-015,2025-03-10T20:00:00+00:00,pressure_hpa,-9.004782929004591,-10.397827696109896,0.16840719080187228,0.4330127018922193,-9.173190119806463,-21.18457513999151,0.0,-170.33570153197812,True,drift,False,D_strongly_isolated_transducer_spike
AWS-KOL-102,2025-03-10T20:00:00+00:00,pressure_hpa,-8.761632051165861,-10.117061246562127,0.2623407808257525,0.4330127018922193,-9.023972831991614,-20.839972574840914,-0.3333333333333333,-165.9747643267161,True,drift,False,D_strongly_isolated_transducer_spike
AWS-KOL-103,2025-03-10T20:00:00+00:00,pressure_hpa,-8.868653774944619,-10.240639288627733,0.16840719080187228,0.4330127018922193,-9.037060965746491,-20.870198325027186,0.0,-165.34724254309083,True,drift,False,D_strongly_isolated_transducer_spike
AWS-KOL-101,2025-03-10T20:00:00+00:00,pressure_hpa,-7.967325294915895,-9.199874807482013,0.2623407808257525,0.4330127018922193,-8.229666075741648,-19.005599696680687,-1.0,-138.2875616785634,True,drift,False,D_strongly_isolated_transducer_spike
AWS-KOL-015,2025-03-10T21:00:00+00:00,pressure_hpa,-9.71124757344046,-11.213582801385899,0.16840719080187228,0.4330127018922193,-9.879654764242332,-22.816085350543517,0.0,-197.41465573987443,True,drift,False,D_strongly_isolated_transducer_spike
AWS-KOL-101,2025-03-10T21:00:00+00:00,pressure_hpa,-8.67244848411167,-10.01408093367007,0.2623407808257525,0.4330127018922193,-8.934789264937422,-20.634011949056795,-1.0,-162.7403160838621,True,drift,False,D_strongly_isolated_transducer_spike
AWS-KOL-102,2025-03-10T21:00:00+00:00,pressure_hpa,-9.371153570092133,-10.820876072620031,0.2623407808257525,0.4330127018922193,-9.633494350917886,-22.247602226956722,-0.3333333333333333,-188.93222293494452,True,drift,False,D_strongly_isolated_transducer_spike
AWS-KOL-103,2025-03-10T21:00:00+00:00,pressure_hpa,-9.678877761776903,-11.176205362430755,0.16840719080187228,0.4330127018922193,-9.847284952578775,-22.74133047263323,0.0,-196.13027268114536,True,drift,False,D_strongly_isolated_transducer_spike
AWS-KOL-103,2025-03-10T22:00:00+00:00,pressure_hpa,-10.498411526787322,-12.122521442108262,0.16840719080187228,0.4330127018922193,-10.666818717589194,-24.633962631988243,0.0,-229.93829441990925,True,drift,False,D_strongly_isolated_transducer_spike
AWS-KOL-102,2025-03-10T22:00:00+00:00,pressure_hpa,-10.189972049648304,-11.766366211798422,0.2623407808257525,0.4330127018922193,-10.452312830474057,-24.138582505313504,-0.3333333333333333,-222.1118957678378,True,drift,False,D_strongly_isolated_transducer_spike
AWS-KOL-015,2025-03-10T22:00:00+00:00,pressure_hpa,-10.526953401388369,-12.155478760076443,0.16840719080187228,0.4330127018922193,-10.69536059219024,-24.699877267924606,0.0,-231.16413658193457,True,drift,False,D_strongly_isolated_transducer_spike
AWS-KOL-101,2025-03-10T22:00:00+00:00,pressure_hpa,-9.386788380019084,-10.838929596060138,0.2623407808257525,0.4330127018922193,-9.649129160844836,-22.283709273836937,-1.0,-189.54065210626894,True,drift,False,D_strongly_isolated_transducer_spike
AWS-KOL-101,2025-03-10T23:00:00+00:00,pressure_hpa,-10.310207807931988,-11.90520250662103,0.2623407808257525,0.4330127018922193,-10.57254858875774,-24.416255094958718,-1.0,-227.2098330692209,True,drift,False,D_strongly_isolated_transducer_spike
AWS-KOL-015,2025-03-10T23:00:00+00:00,pressure_hpa,-11.451762873847656,-13.223356755823414,0.16840719080187228,0.4330127018922193,-11.620170064649528,-26.835633259418547,0.0,-272.6470242711151,True,drift,False,D_strongly_isolated_transducer_spike
AWS-KOL-102,2025-03-10T23:00:00+00:00,pressure_hpa,-11.217949120687877,-12.953371889169343,0.2623407808257525,0.4330127018922193,-11.480289901513629,-26.512593860055347,-0.3333333333333333,-267.56389494456096,True,drift,False,D_strongly_isolated_transducer_spike
AWS-KOL-103,2025-03-10T23:00:00+00:00,pressure_hpa,-11.427116510061865,-13.19489758629087,0.16840719080187228,0.4330127018922193,-11.595523700863737,-26.77871492035346,0.0,-271.49712523642813,True,drift,False,D_strongly_isolated_transducer_spike
AWS-KOL-103,2025-03-11T00:00:00+00:00,pressure_hpa,-12.264860518666296,-14.162241044050399,0.16840719080187228,0.4330127018922193,-12.433267709468169,-28.713401835872517,0.0,-311.9451867992508,True,drift,False,D_strongly_isolated_transducer_spike
AWS-KOL-015,2025-03-11T00:00:00+00:00,pressure_hpa,-12.285544771884474,-14.186125162377403,0.16840719080187228,0.4330127018922193,-12.453951962686347,-28.76117007252652,0.0,-312.979378409079,True,drift,False,D_strongly_isolated_transducer_spike
AWS-KOL-101,2025-03-11T00:00:00+00:00,pressure_hpa,-11.242575896471976,-12.981808440425787,0.2623407808257525,0.4330127018922193,-11.504916677297729,-26.569466962568235,-1.0,-268.70461214554734,True,drift,False,D_strongly_isolated_transducer_spike
AWS-KOL-102,2025-03-11T00:00:00+00:00,pressure_hpa,-12.054952772277488,-13.919860456285267,0.2623407808257525,0.4330127018922193,-12.31729355310324,-28.445570994287195,-0.3333333333333333,-307.69399703428934,True,drift,False,D_strongly_isolated_transducer_spike
AWS-KOL-103,2025-03-11T01:00:00+00:00,pressure_hpa,-13.211517248286555,-15.255346079403253,0.16840719080187228,0.4330127018922193,-13.379924439088427,-30.899611906578226,0.0,-361.0302159873934,True,drift,False,D_strongly_isolated_transducer_spike
AWS-KOL-101,2025-03-11T01:00:00+00:00,pressure_hpa,-12.183767604010768,-14.068603011838919,0.2623407808257525,0.4330127018922193,-12.44610838483652,-28.743056105394494,-1.0,-314.11884178656635,True,drift,False,D_strongly_isolated_transducer_spike
AWS-KOL-102,2025-03-11T01:00:00+00:00,pressure_hpa,-13.100856873996804,-15.12756648563363,0.2623407808257525,0.4330127018922193,-13.363197654822557,-30.86098305298392,-0.3333333333333333,-361.7785036096474,True,drift,False,D_strongly_isolated_transducer_spike
AWS-KOL-015,2025-03-11T01:00:00+00:00,pressure_hpa,-13.228173721798044,-15.27457931833447,0.16840719080187228,0.4330127018922193,-13.396580912599916,-30.938078384440658,0.0,-361.9259603848516,True,drift,False,D_strongly_isolated_transducer_spike
AWS-KOL-015,2025-03-11T02:00:00+00:00,pressure_hpa,-14.079529768998896,-16.257640604389724,0.16840719080187228,0.4330127018922193,-14.247936959800768,-32.904200956551165,0.0,-409.1877812838006,True,drift,False,D_strongly_isolated_transducer_spike
AWS-KOL-103,2025-03-11T02:00:00+00:00,pressure_hpa,-14.066965853944794,-16.243133044912604,0.16840719080187228,0.4330127018922193,-14.235373044746666,-32.87518583759692,0.0,-408.4692363709007,True,drift,False,D_strongly_isolated_transducer_spike
AWS-KOL-101,2025-03-11T02:00:00+00:00,pressure_hpa,-13.033663293678842,-15.049978022264849,0.2623407808257525,0.4330127018922193,-13.296004074504594,-30.705806126246355,-1.0,-358.17234569598656,True,drift,False,D_strongly_isolated_transducer_spike
AWS-KOL-102,2025-03-11T02:00:00+00:00,pressure_hpa,-13.955540747245095,-16.114470414217493,0.2623407808257525,0.4330127018922193,-14.217881528070848,-32.834790910151646,-0.3333333333333333,-409.2236686913431,True,drift,False,D_strongly_isolated_transducer_spike
AWS-KOL-103,2025-03-11T03:00:00+00:00,pressure_hpa,-14.831090563484736,-17.125468258407263,0.16840719080187228,0.4330127018922193,-14.999497754286608,-34.63985626458624,0.0,-453.3189894807401,True,drift,False,D_strongly_isolated_transducer_spike
AWS-KOL-102,2025-03-11T03:00:00+00:00,pressure_hpa,-14.7188887792596,-16.995908797755387,0.2623407808257525,0.4330127018922193,-14.981229560085353,-34.597667677227435,-0.3333333333333333,-454.06884642112453,True,drift,False,D_strongly_isolated_transducer_spike
AWS-KOL-101,2025-03-11T03:00:00+00:00,pressure_hpa,-13.792148350714228,-15.925801125976227,0.2623407808257525,0.4330127018922193,-14.054489131539981,-32.45745233366911,-1.0,-399.9275352441283,True,drift,False,D_strongly_isolated_transducer_spike
AWS-KOL-015,2025-03-11T03:00:00+00:00,pressure_hpa,-14.939497994343242,-17.25064637718389,0.16840719080187228,0.4330127018922193,-15.107905185145114,-34.8902125021395,0.0,-459.87106400690186,True,drift,False,D_strongly_isolated_transducer_spike
AWS-KOL-101,2025-03-11T04:00:00+00:00,pressure_hpa,-14.259112836867985,-16.465005269541958,0.2623407808257525,0.4330127018922193,-14.521453617693737,-33.53586062080058,-1.0,-426.77877452585926,True,drift,False,D_strongly_isolated_transducer_spike
AWS-KOL-015,2025-03-11T04:00:00+00:00,pressure_hpa,-15.30796816761881,-17.676119084641886,0.16840719080187228,0.4330127018922193,-15.476375358420682,-35.74115791705549,0.0,-482.4925916787285,True,drift,False,D_strongly_isolated_transducer_spike
AWS-KOL-102,2025-03-11T04:00:00+00:00,pressure_hpa,-15.190790074510574,-17.54081347744355,0.2623407808257525,0.4330127018922193,-15.453130855336326,-35.68747703660376,-0.3333333333333333,-482.95793989382764,True,drift,False,D_strongly_isolated_transducer_spike
AWS-KOL-103,2025-03-11T04:00:00+00:00,pressure_hpa,-15.303780328487164,-17.67128338454193,0.16840719080187228,0.4330127018922193,-15.472187519289037,-35.731486516855576,0.0,-482.232436123722,True,drift,False,D_strongly_isolated_transducer_spike
AWS-KOL-101,2025-03-11T05:00:00+00:00,pressure_hpa,-14.234451177363098,-16.43652843803434,0.2623407808257525,0.4330127018922193,-14.496791958188851,-33.47890695778534,-1.0,-425.3388719968681,True,drift,False,D_strongly_isolated_transducer_spike
AWS-KOL-103,2025-03-11T05:00:00+00:00,pressure_hpa,-15.38492850806756,-17.764985231191908,0.16840719080187228,0.4330127018922193,-15.553335698869432,-35.91889021015553,0.0,-487.2859868323701,True,drift,False,D_strongly_isolated_transducer_spike
AWS-KOL-015,2025-03-11T05:00:00+00:00,pressure_hpa,-15.384834433673745,-17.764876603438722,0.16840719080187228,0.4330127018922193,-15.553241624475618,-35.91867295464916,0.0,-487.2801130438203,True,drift,False,D_strongly_isolated_transducer_spike
AWS-KOL-102,2025-03-11T05:00:00+00:00,pressure_hpa,-15.171138138934793,-17.518121376854005,0.2623407808257525,0.4330127018922193,-15.433478919760546,-35.64209283542466,-0.3333333333333333,-481.7371025574205,True,drift,False,D_strongly_isolated_transducer_spike
AWS-KOL-015,2025-03-11T06:00:00+00:00,pressure_hpa,-14.869995027325217,-17.170391263749224,0.16840719080187228,0.4330127018922193,-15.03840221812709,-34.729702275270164,0.0,-455.6649419893349,True,drift,False,D_strongly_isolated_transducer_spike
AWS-KOL-102,2025-03-11T06:00:00+00:00,pressure_hpa,-14.659830593124184,-16.927714278429118,0.2623407808257525,0.4330127018922193,-14.922171373949936,-34.461278638574896,-0.3333333333333333,-450.5161073566827,True,drift,False,D_strongly_isolated_transducer_spike
AWS-KOL-103,2025-03-11T06:00:00+00:00,pressure_hpa,-14.774432581669203,-17.060045256301386,0.16840719080187228,0.4330127018922193,-14.942839772471075,-34.50901026037449,0.0,-449.91332250179016,True,drift,False,D_strongly_isolated_transducer_spike
AWS-KOL-101,2025-03-11T06:00:00+00:00,pressure_hpa,-13.718061876558409,-15.84025343438188,0.2623407808257525,0.4330127018922193,-13.980402657384161,-32.28635695048042,-1.0,-395.74760813419414,True,drift,False,D_strongly_isolated_transducer_spike
AWS-KOL-015,2025-03-11T07:00:00+00:00,pressure_hpa,-14.563352013733947,-16.816310410865146,0.16840719080187228,0.4330127018922193,-14.73175920453582,-34.021540569502015,0.0,-437.33846344385006,True,drift,False,D_strongly_isolated_transducer_spike
AWS-KOL-102,2025-03-11T07:00:00+00:00,pressure_hpa,-14.356768911133031,-16.57776879107181,0.2623407808257525,0.4330127018922193,-14.619109691958784,-33.76138766386028,-0.3333333333333333,-432.50443944961137,True,drift,False,D_strongly_isolated_transducer_spike
AWS-KOL-103,2025-03-11T07:00:00+00:00,pressure_hpa,-14.472193887510457,-16.71105007343724,0.16840719080187228,0.4330127018922193,-14.64060107831233,-33.81101989464619,0.0,-431.9629358796169,True,drift,False,D_strongly_isolated_transducer_spike
AWS-KOL-101,2025-03-11T07:00:00+00:00,pressure_hpa,-13.409847259011372,-15.484357849563962,0.2623407808257525,0.4330127018922193,-13.672188039837124,-31.574565780844583,-1.0,-378.5939331177643,True,drift,False,D_strongly_isolated_transducer_spike
AWS-KOL-102,2025-03-11T08:00:00+00:00,pressure_hpa,-14.361858182029778,-16.583645374916244,0.2623407808257525,0.4330127018922193,-14.62419896285553,-33.77314083154915,-0.3333333333333333,-432.8038738533357,True,drift,False,D_strongly_isolated_transducer_spike
AWS-KOL-015,2025-03-11T08:00:00+00:00,pressure_hpa,-14.564811051386528,-16.817995162428097,0.16840719080187228,0.4330127018922193,-14.7332182421884,-34.02491007262791,0.0,-437.42477208348066,True,drift,False,D_strongly_isolated_transducer_spike
AWS-KOL-101,2025-03-11T08:00:00+00:00,pressure_hpa,-13.4097132330877,-15.484203089757742,0.2623407808257525,0.4330127018922193,-13.672054013913453,-31.574256261232144,-1.0,-378.586556562547,True,drift,False,D_strongly_isolated_transducer_spike
AWS-KOL-103,2025-03-11T08:00:00+00:00,pressure_hpa,-14.478117383807671,-16.71788993780072,0.16840719080187228,0.4330127018922193,-14.646524574609543,-33.82469962337316,0.0,-432.3112303195008,True,drift,False,D_strongly_isolated_transducer_spike
AWS-KOL-103,2025-03-11T09:00:00+00:00,pressure_hpa,-14.892111430278192,-17.195929086146034,0.16840719080187228,0.4330127018922193,-15.060518621080064,-34.780777920063784,0.0,-457.0012677945166,True,drift,False,D_strongly_isolated_transducer_spike
AWS-KOL-102,2025-03-11T09:00:00+00:00,pressure_hpa,-14.975006891700446,-17.29164852007951,0.2623407808257525,0.4330127018922193,-15.237347672526198,-35.18914712187568,-0.3333333333333333,-469.6374833115217,True,drift,False,D_strongly_isolated_transducer_spike
AWS-KOL-015,2025-03-11T09:00:00+00:00,pressure_hpa,-15.074281175207943,-17.40628058869283,0.16840719080187228,0.4330127018922193,-15.242688366009816,-35.20148092515738,0.0,-468.0828276959569,True,drift,False,D_strongly_isolated_transducer_spike
AWS-KOL-101,2025-03-11T09:00:00+00:00,pressure_hpa,-13.917569074648213,-16.070624503426714,0.2623407808257525,0.4330127018922193,-14.179909855473966,-32.74709908857009,-1.0,-407.05376339324437,True,drift,False,D_strongly_isolated_transducer_spike
AWS-KOL-015,2025-03-11T10:00:00+00:00,pressure_hpa,-16.291674597653127,-18.812005429009645,0.16840719080187228,0.4330127018922193,-16.460081788455,-38.012930605791006,0.0,-545.5456724897972,True,drift,False,D_strongly_isolated_transducer_spike
AWS-KOL-101,2025-03-11T10:00:00+00:00,pressure_hpa,-15.233327228667918,-17.589931152250156,0.2623407808257525,0.4330127018922193,-15.49566800949367,-35.78571238621697,-1.0,-485.6057665240712,True,drift,False,D_strongly_isolated_transducer_spike
AWS-KOL-103,2025-03-11T10:00:00+00:00,pressure_hpa,-16.214087587755216,-18.72241566690929,0.16840719080187228,0.4330127018922193,-16.38249477855709,-37.83375108159029,0.0,-540.4319362496021,True,drift,False,D_strongly_isolated_transducer_spike
AWS-KOL-102,2025-03-11T10:00:00+00:00,pressure_hpa,-16.196126722739905,-18.70167624640635,0.2623407808257525,0.4330127018922193,-16.458467503565657,-38.00920257452936,-0.3333333333333333,-547.473392963105,True,drift,False,D_strongly_isolated_transducer_spike
AWS-KOL-102,2025-03-11T12:00:00+00:00,pressure_hpa,-8.760110890977217,-10.115304762073338,0.2623407808257525,0.4330127018922193,-9.022451671802969,-20.836459605863332,-0.3333333333333333,-165.91932923857541,True,unstructured_anomaly,False,D_strongly_isolated_transducer_spike
AWS-KOL-101,2025-03-11T12:00:00+00:00,pressure_hpa,-7.947752259763547,-9.177273813253882,0.2623407808257525,0.4330127018922193,-8.2100930405893,-18.960397708224423,-1.0,-137.63716330530326,True,unstructured_anomaly,False,D_strongly_isolated_transducer_spike
AWS-KOL-015,2025-03-11T12:00:00+00:00,pressure_hpa,-8.86021637393003,-10.230896617133665,0.16840719080187228,0.4330127018922193,-9.028623564731902,-20.85071298203905,0.0,-165.04049313444733,True,unstructured_anomaly,False,D_strongly_isolated_transducer_spike
AWS-KOL-103,2025-03-11T12:00:00+00:00,pressure_hpa,-8.854044481000983,-10.223769929045677,0.16840719080187228,0.4330127018922193,-9.022451671802855,-20.836459605863073,0.0,-164.81628867235247,True,unstructured_anomaly,False,D_strongly_isolated_transducer_spike
AWS-KOL-103,2025-03-11T13:00:00+00:00,pressure_hpa,-10.015548189967262,-11.564958887118536,0.16840719080187228,0.4330127018922193,-10.183955380769135,-23.51883752200879,0.0,-209.6937221629533,True,unstructured_anomaly,False,D_strongly_isolated_transducer_spike
AWS-KOL-015,2025-03-11T13:00:00+00:00,pressure_hpa,-10.121720082896331,-11.687555629044477,0.16840719080187228,0.4330127018922193,-10.290127273698204,-23.764031005860673,0.0,-214.0651065327491,True,unstructured_anomaly,False,D_strongly_isolated_transducer_spike
AWS-KOL-101,2025-03-11T13:00:00+00:00,pressure_hpa,-9.109255968729826,-10.51846277132674,0.2623407808257525,0.4330127018922193,-9.371596749555579,-21.64277562437014,-1.0,-178.88583882752187,True,unstructured_anomaly,False,D_strongly_isolated_transducer_spike
AWS-KOL-102,2025-03-11T13:00:00+00:00,pressure_hpa,-10.021614599943405,-11.571963773984018,0.2623407808257525,0.4330127018922193,-10.283955380769157,-23.749777629684694,-0.3333333333333333,-215.07079593653657,True,unstructured_anomaly,False,D_strongly_isolated_transducer_spike
AWS-KOL-015,2025-03-11T14:00:00+00:00,pressure_hpa,-11.137702659506658,-12.86071125724036,0.16840719080187228,0.4330127018922193,-11.30610985030853,-26.11034226225244,0.0,-258.17603950492855,True,unstructured_anomaly,False,D_strongly_isolated_transducer_spike
AWS-KOL-103,2025-03-11T14:00:00+00:00,pressure_hpa,-11.031530766577589,-12.73811451531442,0.16840719080187228,0.4330127018922193,-11.199937957379461,-25.86514877840056,0.0,-253.373179961766,True,unstructured_anomaly,False,D_strongly_isolated_transducer_spike
AWS-KOL-102,2025-03-11T14:00:00+00:00,pressure_hpa,-11.037597176553732,-12.7451194021799,0.2623407808257525,0.4330127018922193,-11.299937957379484,-26.096088886076462,-0.3333333333333333,-259.28389328709045,True,unstructured_anomaly,False,D_strongly_isolated_transducer_spike
AWS-KOL-101,2025-03-11T14:00:00+00:00,pressure_hpa,-10.125238545340153,-11.691618399522625,0.2623407808257525,0.4330127018922193,-10.387579326165906,-23.98908688076191,-1.0,-219.39117428634358,True,unstructured_anomaly,False,D_strongly_isolated_transducer_spike
AWS-KOL-102,2025-03-11T15:00:00+00:00,pressure_hpa,2.815709897794136,3.2513017349026763,0.2623407808257525,0.4330127018922193,2.5533691169683834,5.896753388088693,0.3333333333333333,-12.100368774277163,True,unstructured_anomaly,True,B_likely_common_mode_with_phase_lag
AWS-KOL-103,2025-03-11T15:00:00+00:00,pressure_hpa,2.8217763077702784,3.258306621768157,0.29631624172350257,1.2457808655337617,2.525460066046776,2.027210511830047,0.3333333333333333,3.2534897910919893,True,unstructured_anomaly,False,C_mixed_uncertain
AWS-KOL-015,2025-03-11T15:00:00+00:00,pressure_hpa,2.7156044148412093,3.1357098798422167,2.815709897794136,0.4330127018922193,-0.10010548295292665,-0.2311837101209188,0.3333333333333333,4.889615271357409,True,unstructured_anomaly,False,A_strongly_common_mode
AWS-KOL-101,2025-03-11T15:00:00+00:00,pressure_hpa,3.7280685290077145,4.304802737559952,2.815709897794136,0.4330127018922193,0.9123586312135785,2.1070020053145524,1.0,7.045934579452057,True,unstructured_anomaly,False,C_mixed_uncertain
AWS-KOL-015,2025-03-11T16:00:00+00:00,pressure_hpa,-12.319113653288923,-14.224887167807909,2.8217763077702784,0.4330127018922193,-15.140889961059202,-34.96638757915213,-1.0,-510.1504226993092,True,unstructured_anomaly,False,D_strongly_isolated_transducer_spike
AWS-KOL-103,2025-03-11T16:00:00+00:00,pressure_hpa,-14.93471806813011,-17.245126993812175,2.815709897794136,1.3526629066372515,-17.750427965924246,-13.122580562257143,-1.0,62.596142209890175,True,unstructured_anomaly,False,D_strongly_isolated_transducer_spike
AWS-KOL-101,2025-03-11T16:00:00+00:00,pressure_hpa,-15.034718068130132,-17.360597047650124,2.815709897794136,0.4330127018922193,-17.85042796592427,-41.223797565105606,-1.0,-699.0055779189643,True,unstructured_anomaly,False,D_strongly_isolated_transducer_spike
AWS-KOL-102,2025-03-11T16:00:00+00:00,pressure_hpa,-14.93471806813011,-17.245126993812175,2.8217763077702784,1.3436688472066225,-17.756494375900388,-13.214933436028293,-1.0,61.37996965702541,True,unstructured_anomaly,False,D_strongly_isolated_transducer_spike
AWS-KOL-103,2025-03-11T17:00:00+00:00,pressure_hpa,-15.552471691354413,-17.95844743513501,2.815709897794136,1.3526629066372515,-18.36818158914855,-13.579274998241974,-1.0,69.05456240131382,True,unstructured_anomaly,False,D_strongly_isolated_transducer_spike
AWS-KOL-015,2025-03-11T17:00:00+00:00,pressure_hpa,-13.036867276513135,-15.053677662968564,2.8217763077702784,0.4330127018922193,-15.858643584283413,-36.62396856947344,-1.0,-557.3509312986099,True,unstructured_anomaly,False,D_strongly_isolated_transducer_spike
AWS-KOL-101,2025-03-11T17:00:00+00:00,pressure_hpa,-15.752471691354344,-18.18938754281078,2.815709897794136,0.4330127018922193,-18.56818158914848,-42.88137855542691,-1.0,-753.9794038156335,True,unstructured_anomaly,False,D_strongly_isolated_transducer_spike
AWS-KOL-102,2025-03-11T17:00:00+00:00,pressure_hpa,-15.45247169135439,-17.842977381297057,2.8217763077702784,1.3436688472066225,-18.27424799912467,-13.600261729008105,-1.0,66.70236136597794,True,unstructured_anomaly,False,D_strongly_isolated_transducer_spike
AWS-KOL-015,2025-03-11T18:00:00+00:00,pressure_hpa,-11.609918478317923,-13.405979117452926,2.8217763077702784,0.4330127018922193,-14.431694786088201,-33.328571478442164,-1.0,-465.5367003480223,True,unstructured_anomaly,False,D_strongly_isolated_transducer_spike
AWS-KOL-103,2025-03-11T18:00:00+00:00,pressure_hpa,-14.425522893159155,-16.657159051133096,2.815709897794136,1.3526629066372515,-17.24123279095329,-12.746141486067181,-1.0,57.49841243595117,True,unstructured_anomaly,False,D_strongly_isolated_transducer_spike
AWS-KOL-102,2025-03-11T18:00:00+00:00,pressure_hpa,-14.225522893159223,-16.42621894345732,2.8217763077702784,1.3436688472066225,-17.0472992009295,-12.687128406950448,-1.0,54.42872078197358,True,unstructured_anomaly,False,D_strongly_isolated_transducer_spike
AWS-KOL-101,2025-03-11T18:00:00+00:00,pressure_hpa,-14.325522893159132,-16.541688997295143,2.815709897794136,0.4330127018922193,-17.141232790953268,-39.58598146439564,-1.0,-646.7112268081198,True,unstructured_anomaly,False,D_strongly_isolated_transducer_spike
AWS-KOL-101,2025-03-11T19:00:00+00:00,pressure_hpa,-5.984117088596008,-6.9098632239262905,2.815709897794136,0.4330127018922193,-8.799826986390144,-20.32232991765793,-1.0,-182.6254417543828,False,normal,False,D_strongly_isolated_transducer_spike
AWS-KOL-103,2025-03-11T19:00:00+00:00,pressure_hpa,-5.8841170885959855,-6.794393170088339,2.815709897794136,1.3526629066372515,-8.699826986390121,-6.431629745816032,-1.0,2.398958681238735,False,normal,False,D_strongly_isolated_transducer_spike
AWS-KOL-102,2025-03-11T19:00:00+00:00,pressure_hpa,-5.784117088596076,-6.678923116250519,2.8217763077702784,1.3436688472066225,-8.605893396366355,-6.404772585341472,-1.0,1.79345106142193,False,normal,False,D_strongly_isolated_transducer_spike
AWS-KOL-015,2025-03-11T19:00:00+00:00,pressure_hpa,-3.3685126737548217,-3.889623397922025,2.8217763077702784,0.4330127018922193,-6.1902889815251,-14.295860039380365,-1.0,-94.62122204394495,False,normal,False,D_strongly_isolated_transducer_spike
AWS-KOL-101,2025-03-11T20:00:00+00:00,pressure_hpa,-5.284117088595963,-6.101572847060762,2.815709897794136,0.4330127018922193,-8.099826986390099,-18.705749163926875,-1.0,-156.3379302878809,False,normal,False,D_strongly_isolated_transducer_spike
AWS-KOL-015,2025-03-11T20:00:00+00:00,pressure_hpa,-2.5685126737547535,-2.965862967218545,2.8217763077702784,0.4330127018922193,-5.390288981525032,-12.448339177973404,-1.0,-73.08240257477459,False,normal,False,D_strongly_isolated_transducer_spike
AWS-KOL-102,2025-03-11T20:00:00+00:00,pressure_hpa,-5.184117088596054,-5.986102793222941,2.8217763077702784,1.3436688472066225,-8.005893396366332,-5.95823398972889,-1.0,0.16643718733542912,False,normal,False,D_strongly_isolated_transducer_spike
AWS-KOL-103,2025-03-11T20:00:00+00:00,pressure_hpa,-5.184117088596054,-5.986102793222941,2.815709897794136,1.3526629066372515,-7.99982698639019,-5.914132003721406,-1.0,0.42823464679486634,False,normal,False,D_strongly_isolated_transducer_spike
AWS-KOL-101,2025-03-11T21:00:00+00:00,pressure_hpa,-5.552743740126061,-6.411756186205582,2.815709897794136,0.4330127018922193,-8.368453637920197,-19.326115842216517,-1.0,-166.19406807771333,True,multivariate_inconsistency,False,D_strongly_isolated_transducer_spike
AWS-KOL-103,2025-03-11T21:00:00+00:00,pressure_hpa,-5.452743740126152,-6.296286132367762,2.815709897794136,1.3526629066372515,-8.268453637920288,-6.11272298319752,-1.0,1.1389183956677051,True,multivariate_inconsistency,False,D_strongly_isolated_transducer_spike
AWS-KOL-015,2025-03-11T21:00:00+00:00,pressure_hpa,-2.8371393252849657,-3.2760463063634964,2.8217763077702784,0.4330127018922193,-5.658915633055244,-13.068705856263307,-1.0,-80.02929667804648,True,multivariate_inconsistency,False,D_strongly_isolated_transducer_spike
AWS-KOL-102,2025-03-11T21:00:00+00:00,pressure_hpa,-5.3527437401261295,-6.18081607852981,2.8217763077702784,1.3436688472066225,-8.174520047896408,-6.083731169990705,-1.0,0.5953512239480752,True,multivariate_inconsistency,False,D_strongly_isolated_transducer_spike
AWS-KOL-103,2025-03-11T22:00:00+00:00,pressure_hpa,-5.431416671311126,-6.271659754525,2.815709897794136,1.3526629066372515,-8.247126569105262,-6.096956254687129,-1.0,1.0804202524800424,True,multivariate_inconsistency,False,D_strongly_isolated_transducer_spike
AWS-KOL-102,2025-03-11T22:00:00+00:00,pressure_hpa,-5.2314166713111945,-6.040719646849229,2.8217763077702784,1.3436688472066225,-8.053192979081473,-5.993435805126689,-1.0,0.2845105508278323,True,multivariate_inconsistency,False,D_strongly_isolated_transducer_spike
AWS-KOL-015,2025-03-11T22:00:00+00:00,pressure_hpa,-2.715812256469917,-3.135949874682783,2.8217763077702784,0.4330127018922193,-5.537588564240195,-12.78851299290188,-1.0,-76.85594147654864,True,multivariate_inconsistency,False,D_strongly_isolated_transducer_spike
AWS-KOL-101,2025-03-11T22:00:00+00:00,pressure_hpa,-5.431416671311126,-6.271659754525,2.815709897794136,0.4330127018922193,-8.247126569105262,-19.04592297885535,-1.0,-161.70673301998085,True,multivariate_inconsistency,False,D_strongly_isolated_transducer_spike
AWS-KOL-103,2025-03-11T23:00:00+00:00,pressure_hpa,-5.847494868219769,-6.7521054725032785,2.815709897794136,1.3526629066372515,-8.663204766013905,-6.404555579594339,-1.0,2.2862980698478736,True,multivariate_inconsistency,False,D_strongly_isolated_transducer_spike
AWS-KOL-101,2025-03-11T23:00:00+00:00,pressure_hpa,-5.747494868219746,-6.6366354186653265,2.815709897794136,0.4330127018922193,-8.563204766013882,-19.775874307136007,-1.0,-173.52013746567948,True,multivariate_inconsistency,False,D_strongly_isolated_transducer_spike
AWS-KOL-102,2025-03-11T23:00:00+00:00,pressure_hpa,-5.647494868219837,-6.521165364827507,2.8217763077702784,1.3436688472066225,-8.469271175990116,-6.303094094647678,-1.0,1.3983012747217174,True,multivariate_inconsistency,False,D_strongly_isolated_transducer_spike
AWS-KOL-015,2025-03-11T23:00:00+00:00,pressure_hpa,-3.13189045337856,-3.6163955926610614,2.8217763077702784,0.4330127018922193,-5.953666761148838,-13.749404428858437,-1.0,-87.98390253284683,True,multivariate_inconsistency,False,D_strongly_isolated_transducer_spike
AWS-KOL-103,2025-03-12T00:00:00+00:00,pressure_hpa,-5.592638030833768,-6.45782214516403,2.815709897794136,1.3526629066372515,-8.408347928627904,-6.216144382587702,-1.0,1.5315079366971567,True,multivariate_inconsistency,False,D_strongly_isolated_transducer_spike
AWS-KOL-015,2025-03-12T00:00:00+00:00,pressure_hpa,-2.977033615992582,-3.4375823191597643,2.8217763077702784,0.4330127018922193,-5.79880992376286,-13.391777881855843,-1.0,-83.76137131798177,True,multivariate_inconsistency,False,D_strongly_isolated_transducer_spike
AWS-KOL-101,2025-03-12T00:00:00+00:00,pressure_hpa,-5.692638030833791,-6.5732921990019815,2.815709897794136,0.4330127018922193,-8.508347928627927,-19.649187867809314,-1.0,-171.44120676550222,True,multivariate_inconsistency,False,D_strongly_isolated_transducer_spike
AWS-KOL-102,2025-03-12T00:00:00+00:00,pressure_hpa,-5.592638030833882,-6.457822145164161,2.8217763077702784,1.3436688472066225,-8.41441433860416,-6.262267936104226,-1.0,1.2437335775067844,True,multivariate_inconsistency,False,D_strongly_isolated_transducer_spike
AWS-KOL-101,2025-03-12T01:00:00+00:00,pressure_hpa,-7.37885991996734,-8.520373522211369,2.815709897794136,0.4330127018922193,-10.194569817761476,-23.54335051422809,-1.0,-240.8462942389018,True,multivariate_inconsistency,False,D_strongly_isolated_transducer_spike
AWS-KOL-102,2025-03-12T01:00:00+00:00,pressure_hpa,-7.278859919967317,-8.404903468373417,2.8217763077702784,1.3436688472066225,-10.100636227737596,-7.517206526545578,-1.0,7.067004174968037,True,multivariate_inconsistency,False,D_strongly_isolated_transducer_spike
AWS-KOL-103,2025-03-12T01:00:00+00:00,pressure_hpa,-7.37885991996734,-8.520373522211369,2.815709897794136,1.3526629066372515,-10.194569817761476,-7.536666946168718,-1.0,7.897708150264226,True,multivariate_inconsistency,False,D_strongly_isolated_transducer_spike
AWS-KOL-015,2025-03-12T01:00:00+00:00,pressure_hpa,-4.763255505126153,-5.5001336962071035,2.8217763077702784,0.4330127018922193,-7.585031812896432,-17.51688063595052,-1.0,-138.29481826899277,True,multivariate_inconsistency,False,D_strongly_isolated_transducer_spike
AWS-KOL-101,2025-03-12T02:00:00+00:00,pressure_hpa,-7.484117088596008,-8.641914031495167,2.815709897794136,0.4330127018922193,-10.299826986390144,-23.78643153279569,-1.0,-245.555823468312,False,normal,False,D_strongly_isolated_transducer_spike
AWS-KOL-015,2025-03-12T02:00:00+00:00,pressure_hpa,-4.768512673754799,-5.506204151652951,2.8217763077702784,0.4330127018922193,-7.590288981525077,-17.529021546842216,-1.0,-138.47415611498923,False,normal,False,D_strongly_isolated_transducer_spike
AWS-KOL-102,2025-03-12T02:00:00+00:00,pressure_hpa,-7.3841170885959855,-8.526443977657216,2.8217763077702784,1.3436688472066225,-10.205893396366264,-7.5955421736415785,-0.3333333333333333,7.503992996279589,False,normal,False,D_strongly_isolated_transducer_spike
AWS-KOL-103,2025-03-12T02:00:00+00:00,pressure_hpa,-7.484117088596008,-8.641914031495167,2.815709897794136,1.3526629066372515,-10.299826986390144,-7.614481727746738,-0.3333333333333333,8.35117307278205,False,normal,False,D_strongly_isolated_transducer_spike
AWS-KOL-102,2025-03-12T03:00:00+00:00,pressure_hpa,-7.684117088596054,-8.872854139171071,2.8217763077702784,1.3436688472066225,-10.505893396366332,-7.818811471447912,-0.3333333333333333,8.796863874479872,False,normal,False,D_strongly_isolated_transducer_spike
AWS-KOL-101,2025-03-12T03:00:00+00:00,pressure_hpa,-7.8841170885959855,-9.103794246846842,2.815709897794136,0.4330127018922193,-10.699826986390121,-24.710191963499035,-0.3333333333333333,-263.85725859202535,False,normal,False,D_strongly_isolated_transducer_spike
AWS-KOL-103,2025-03-12T03:00:00+00:00,pressure_hpa,-7.784117088595963,-8.988324193008891,2.815709897794136,1.3526629066372515,-10.599826986390099,-7.836266474358709,-0.3333333333333333,9.691449770735328,False,normal,True,B_likely_common_mode_with_phase_lag
AWS-KOL-103,2025-03-12T04:00:00+00:00,pressure_hpa,-7.784117088595963,-8.988324193008891,2.815709897794136,1.3526629066372515,-10.599826986390099,-7.836266474358709,-0.3333333333333333,9.691449770735328,True,dropout,True,B_likely_common_mode_with_phase_lag
AWS-KOL-102,2025-03-12T04:00:00+00:00,pressure_hpa,-7.684117088596054,-8.872854139171071,2.8217763077702784,1.3436688472066225,-10.505893396366332,-7.818811471447912,-0.3333333333333333,8.796863874479872,True,dropout,True,B_likely_common_mode_with_phase_lag
AWS-KOL-101,2025-03-12T04:00:00+00:00,pressure_hpa,-7.784117088595963,-8.988324193008891,2.815709897794136,0.4330127018922193,-10.599826986390099,-24.479251855823133,-0.3333333333333333,-259.2218998110957,True,dropout,False,D_strongly_isolated_transducer_spike
AWS-KOL-102,2025-03-12T05:00:00+00:00,pressure_hpa,-7.660593186044707,-8.84569107623025,2.8217763077702784,1.3436688472066225,-10.482369493814986,-7.801304254100237,-0.3333333333333333,8.692951275528504,True,frozen_value,True,B_likely_common_mode_with_phase_lag
AWS-KOL-103,2025-03-12T05:00:00+00:00,pressure_hpa,-7.760593186044616,-8.96116113006807,2.815709897794136,1.3526629066372515,-10.576303083838752,-7.818875665136456,-0.3333333333333333,9.583796066089903,True,frozen_value,True,B_likely_common_mode_with_phase_lag
AWS-KOL-101,2025-03-12T05:00:00+00:00,pressure_hpa,-7.760593186044616,-8.96116113006807,2.815709897794136,0.4330127018922193,-10.576303083838752,-24.424925729941492,-0.3333333333333333,-258.13729405705755,True,frozen_value,False,D_strongly_isolated_transducer_spike
AWS-KOL-101,2025-03-12T06:00:00+00:00,pressure_hpa,-7.7698735822363005,-8.97187720854698,2.815709897794136,0.4330127018922193,-10.585583480030436,-24.446357886899314,-0.3333333333333333,-258.56491664455973,True,drift,False,D_strongly_isolated_transducer_spike
AWS-KOL-103,2025-03-12T06:00:00+00:00,pressure_hpa,-7.7698735822363005,-8.97187720854698,2.815709897794136,1.3526629066372515,-10.585583480030436,-7.825736499529229,-1.0,9.626214442590385,True,drift,False,D_strongly_isolated_transducer_spike
AWS-KOL-102,2025-03-12T06:00:00+00:00,pressure_hpa,-7.6698735822363915,-8.85640715470916,2.8217763077702784,1.3436688472066225,-10.49164989000667,-7.808211012570509,-1.0,8.733894236578116,True,drift,False,D_strongly_isolated_transducer_spike
AWS-KOL-103,2025-03-12T07:00:00+00:00,pressure_hpa,-7.756170325109565,-8.95605405016519,2.815709897794136,1.3526629066372515,-10.571880222903701,-7.815605921497188,-1.0,9.563604114669193,True,drift,False,D_strongly_isolated_transducer_spike
AWS-KOL-102,2025-03-12T07:00:00+00:00,pressure_hpa,-7.656170325109656,-8.84058399632737,2.8217763077702784,1.3436688472066225,-10.477946632879934,-7.798012623916025,-1.0,8.67346225668296,True,drift,False,D_strongly_isolated_transducer_spike
AWS-KOL-101,2025-03-12T07:00:00+00:00,pressure_hpa,-7.756170325109565,-8.95605405016519,2.815709897794136,0.4330127018922193,-10.571880222903701,-24.414711570135733,-1.0,-257.93361845171967,True,drift,False,D_strongly_isolated_transducer_spike
AWS-KOL-102,2025-03-12T08:00:00+00:00,pressure_hpa,-7.67602810334165,-8.863513783542869,2.8217763077702784,1.3436688472066225,-10.497804411111929,-7.812791397922193,-1.0,8.761083581803707,True,drift,False,D_strongly_isolated_transducer_spike
AWS-KOL-101,2025-03-12T08:00:00+00:00,pressure_hpa,-7.7760281033415595,-8.978983837380689,2.815709897794136,0.4330127018922193,-10.591738001135695,-24.46057114456673,-1.0,-258.8486949832335,True,drift,False,D_strongly_isolated_transducer_spike
AWS-KOL-103,2025-03-12T08:00:00+00:00,pressure_hpa,-7.7760281033415595,-8.978983837380689,2.815709897794136,1.3526629066372515,-10.591738001135695,-7.830286429208722,-1.0,9.65438259424668,True,drift,False,D_strongly_isolated_transducer_spike
AWS-KOL-101,2025-03-12T09:00:00+00:00,pressure_hpa,-7.786919718738432,-8.991560391543278,2.815709897794136,0.4330127018922193,-10.602629616532568,-24.485724252891906,-1.0,-259.3512669569445,True,drift,False,D_strongly_isolated_transducer_spike
AWS-KOL-103,2025-03-12T09:00:00+00:00,pressure_hpa,-7.786919718738432,-8.991560391543278,2.815709897794136,1.3526629066372515,-10.602629616532568,-7.838338409745358,-1.0,9.704304624540256,True,drift,False,D_strongly_isolated_transducer_spike
AWS-KOL-102,2025-03-12T09:00:00+00:00,pressure_hpa,-7.6869197187385225,-8.876090337705458,2.8217763077702784,1.3436688472066225,-10.508696026508801,-7.820897275660978,-1.0,8.809272743333441,True,drift,False,D_strongly_isolated_transducer_spike
AWS-KOL-101,2025-03-12T10:00:00+00:00,pressure_hpa,-7.798371855558457,-9.004784180094955,2.815709897794136,0.4330127018922193,-10.614081753352593,-24.51217182999526,-1.0,-259.8802148465624,True,drift,False,D_strongly_isolated_transducer_spike
AWS-KOL-103,2025-03-12T10:00:00+00:00,pressure_hpa,-7.798371855558457,-9.004784180094955,2.815709897794136,1.3526629066372515,-10.614081753352593,-7.846804773954676,-1.0,9.756896484765239,True,drift,False,D_strongly_isolated_transducer_spike
AWS-KOL-102,2025-03-12T10:00:00+00:00,pressure_hpa,-7.698371855558548,-8.889314126257133,2.8217763077702784,1.3436688472066225,-10.520148163328827,-7.82942031081494,-1.0,8.86004161593656,True,drift,False,D_strongly_isolated_transducer_spike
AWS-KOL-101,2025-03-12T11:00:00+00:00,pressure_hpa,-7.834247044926087,-9.046209280572214,2.815709897794136,0.4330127018922193,-10.649956942720223,-24.59502203094978,-1.0,-261.54060317749713,True,drift,False,D_strongly_isolated_transducer_spike
AWS-KOL-103,2025-03-12T11:00:00+00:00,pressure_hpa,-7.834247044926087,-9.046209280572214,2.815709897794136,1.3526629066372515,-10.649956942720223,-7.8733266732332,-1.0,9.922314722232738,True,drift,False,D_strongly_isolated_transducer_spike
AWS-KOL-102,2025-03-12T11:00:00+00:00,pressure_hpa,-7.734247044926178,-8.930739226734394,2.8217763077702784,1.3436688472066225,-10.556023352696457,-7.856119738610867,-1.0,9.019742894270582,True,drift,False,D_strongly_isolated_transducer_spike
AWS-KOL-103,2025-03-12T12:00:00+00:00,pressure_hpa,-8.584117088596031,-9.91208462371237,2.815709897794136,1.3526629066372515,-11.399826986390167,-8.427692465324105,-1.0,13.611710648777262,True,drift,False,D_strongly_isolated_transducer_spike
AWS-KOL-102,2025-03-12T12:00:00+00:00,pressure_hpa,-8.584117088596031,-9.91208462371237,2.8217763077702784,1.3436688472066225,-11.40589339636631,-8.488619364866743,-1.0,13.096381433022273,True,drift,False,D_strongly_isolated_transducer_spike
AWS-KOL-101,2025-03-12T12:00:00+00:00,pressure_hpa,-8.384117088595985,-9.681144516036468,2.815709897794136,0.4330127018922193,-11.199826986390121,-25.864892501878288,-1.0,-287.63405249666835,True,drift,False,D_strongly_isolated_transducer_spike
AWS-KOL-015,2025-03-12T13:00:00+00:00,pressure_hpa,-2.2142435063597077,-2.556788168896316,2.8217763077702784,0.4330127018922193,-5.036019814129986,-11.630189581328947,-1.0,-64.36207197852211,True,drift,False,D_strongly_isolated_transducer_spike
AWS-KOL-103,2025-03-12T13:00:00+00:00,pressure_hpa,-9.984117088596008,-11.528665377443296,2.815709897794136,1.3526629066372515,-12.799826986390144,-9.462687949513441,-1.0,21.683831077596444,True,drift,False,D_strongly_isolated_transducer_spike
AWS-KOL-101,2025-03-12T13:00:00+00:00,pressure_hpa,-9.784117088595963,-11.297725269767394,2.815709897794136,0.4330127018922193,-12.599826986390099,-29.09805400934014,-1.0,-359.5290754296675,True,drift,False,D_strongly_isolated_transducer_spike
AWS-KOL-102,2025-03-12T13:00:00+00:00,pressure_hpa,-10.084117088596031,-11.644135431281248,2.8217763077702784,1.3436688472066225,-12.90589339636631,-9.604965853898157,-1.0,21.66526044373488,True,drift,False,D_strongly_isolated_transducer_spike
AWS-KOL-015,2025-03-12T14:00:00+00:00,pressure_hpa,-3.2142435063597077,-3.711488707275568,2.8217763077702784,0.4330127018922193,-6.036019814129986,-13.93959065808745,-1.0,-90.26851964540242,True,drift,False,D_strongly_isolated_transducer_spike
AWS-KOL-101,2025-03-12T14:00:00+00:00,pressure_hpa,-10.784117088595963,-12.452425808146645,2.815709897794136,0.4330127018922193,-13.599826986390099,-31.407455086098643,-1.0,-415.68266323895347,True,drift,False,D_strongly_isolated_transducer_spike
AWS-KOL-102,2025-03-12T14:00:00+00:00,pressure_hpa,-10.984117088596008,-12.683365915822549,2.8217763077702784,1.3436688472066225,-13.805893396366287,-10.274773747316988,-1.0,27.648397698047383,True,drift,False,D_strongly_isolated_transducer_spike
AWS-KOL-103,2025-03-12T14:00:00+00:00,pressure_hpa,-10.884117088595985,-12.567895861984598,2.815709897794136,1.3526629066372515,-13.699826986390121,-10.128042189349436,-1.0,27.687383904223715,True,drift,False,D_strongly_isolated_transducer_spike
AWS-KOL-102,2025-03-12T15:00:00+00:00,pressure_hpa,-11.120278067307936,-12.840591071247458,2.8217763077702784,1.3436688472066225,-13.942054375078214,-10.376108967669083,-1.0,28.608570875028583,True,drift,False,D_strongly_isolated_transducer_spike
AWS-KOL-015,2025-03-12T15:00:00+00:00,pressure_hpa,-3.3524794516724796,-3.8711098277515905,2.8217763077702784,0.4330127018922193,-6.174255759442758,-14.258832899039495,-1.0,-94.16441217210806,True,drift,False,D_strongly_isolated_transducer_spike
AWS-KOL-101,2025-03-12T15:00:00+00:00,pressure_hpa,-11.023591565423203,-12.72894711546715,2.815709897794136,0.4330127018922193,-13.839301463217339,-31.96049770073965,-1.0,-429.72365930531254,True,drift,False,D_strongly_isolated_transducer_spike
AWS-KOL-103,2025-03-12T15:00:00+00:00,pressure_hpa,-10.919087610995916,-12.608276343027201,2.815709897794136,1.3526629066372515,-13.734797508790052,-10.15389528418063,-1.0,27.933521450016876,True,drift,False,D_strongly_isolated_transducer_spike
AWS-KOL-103,2025-03-12T16:00:00+00:00,pressure_hpa,-10.254058133395802,-11.840366447204277,2.815709897794136,1.3526629066372515,-13.069768031189938,-9.662250636917113,-1.0,23.417595116737843,True,drift,False,D_strongly_isolated_transducer_spike
AWS-KOL-015,2025-03-12T16:00:00+00:00,pressure_hpa,-2.5907153969852743,-2.9915004636863127,2.8217763077702784,0.4330127018922193,-5.412491704755553,-12.49961417090894,-1.0,-73.64563969867608,True,drift,False,D_strongly_isolated_transducer_spike
AWS-KOL-101,2025-03-12T16:00:00+00:00,pressure_hpa,-10.26306604225033,-11.85076788440827,2.815709897794136,0.4330127018922193,-13.078775940044466,-30.204139238621895,-1.0,-385.9246638479682,True,drift,False,D_strongly_isolated_transducer_spike
AWS-KOL-102,2025-03-12T16:00:00+00:00,pressure_hpa,-10.35643904602,-11.958585742131197,2.8217763077702784,1.3436688472066225,-13.178215353790279,-9.80763629460243,-1.0,23.40902163235033,True,drift,False,D_strongly_isolated_transducer_spike
AWS-KOL-101,2025-03-12T17:00:00+00:00,pressure_hpa,-10.202540519077502,-11.780879030214921,2.815709897794136,0.4330127018922193,-13.018250416871638,-30.064361530235193,-1.0,-382.53836174806406,True,drift,False,D_strongly_isolated_transducer_spike
AWS-KOL-015,2025-03-12T17:00:00+00:00,pressure_hpa,-2.3289513422979553,-2.6892413688105297,2.8217763077702784,0.4330127018922193,-5.150727650068234,-11.895095981157374,-1.0,-67.13064463061218,True,drift,False,D_strongly_isolated_transducer_spike
AWS-KOL-103,2025-03-12T17:00:00+00:00,pressure_hpa,-9.989028655795778,-11.534336766733157,2.815709897794136,1.3526629066372515,-12.804738553589914,-9.466318985136336,-1.0,21.714864760029833,True,drift,False,D_strongly_isolated_transducer_spike
AWS-KOL-102,2025-03-12T17:00:00+00:00,pressure_hpa,-9.892600024731905,-11.422990574528528,2.8217763077702784,1.3436688472066225,-12.714376332502184,-9.462432919341943,-1.0,20.473538456360757,True,drift,False,D_strongly_isolated_transducer_spike
AWS-KOL-101,2025-03-12T18:00:00+00:00,pressure_hpa,-9.142014995904674,-10.556289637642319,2.815709897794136,0.4330127018922193,-11.95772489369881,-27.61518274508999,-1.0,-325.58153356546063,True,drift,False,D_strongly_isolated_transducer_spike
AWS-KOL-103,2025-03-12T18:00:00+00:00,pressure_hpa,-9.223999178195754,-10.650956817072412,2.815709897794136,1.3526629066372515,-12.03970907598989,-8.900746089002219,-1.0,17.1098000891265,True,drift,False,D_strongly_isolated_transducer_spike
AWS-KOL-102,2025-03-12T18:00:00+00:00,pressure_hpa,-8.928761003443924,-10.310045137736365,2.8217763077702784,1.3436688472066225,-11.750537311214202,-8.745114047737735,-1.0,14.910005517110704,True,drift,False,D_strongly_isolated_transducer_spike
AWS-KOL-103,2025-03-12T19:00:00+00:00,pressure_hpa,-8.158969700595662,-9.421166705897813,2.815709897794136,1.3526629066372515,-10.974679598389798,-8.113388446256046,-1.0,11.465655010238173,True,drift,False,D_strongly_isolated_transducer_spike
AWS-KOL-102,2025-03-12T19:00:00+00:00,pressure_hpa,-7.964921982155943,-9.197099700944204,2.8217763077702784,1.3436688472066225,-10.786698289926221,-8.027795176133527,-1.0,10.07057375957762,True,drift,False,D_strongly_isolated_transducer_spike
AWS-KOL-101,2025-03-12T19:00:00+00:00,pressure_hpa,-8.08148947273196,-9.331700245069849,2.815709897794136,0.4330127018922193,-10.897199370526096,-25.166003959945048,-1.0,-273.12356292406656,True,drift,False,D_strongly_isolated_transducer_spike
AWS-KOL-102,2025-03-12T20:00:00+00:00,pressure_hpa,-6.7010829608677795,-7.737744102638055,2.8217763077702784,1.3436688472066225,-9.522859268638058,-7.087207006722901,-1.0,4.822090320883909,True,drift,False,D_strongly_isolated_transducer_spike
AWS-KOL-101,2025-03-12T20:00:00+00:00,pressure_hpa,-6.920963949558995,-7.991640798659163,2.815709897794136,0.4330127018922193,-9.736673847353131,-22.48588506712368,-1.0,-220.874352298551,True,drift,False,D_strongly_isolated_transducer_spike
AWS-KOL-103,2025-03-12T20:00:00+00:00,pressure_hpa,-6.893940222995525,-7.9604364870473105,2.815709897794136,1.3526629066372515,-9.70965012078966,-7.178174305768505,-1.0,5.9211813501594825,True,drift,False,D_strongly_isolated_transducer_spike
AWS-KOL-101,2025-03-12T21:00:00+00:00,pressure_hpa,-6.460438426386304,-7.45987172911427,2.815709897794136,0.4330127018922193,-9.27614832418044,-21.422346928033893,-1.0,-201.63363084510243,True,drift,False,D_strongly_isolated_transducer_spike
AWS-KOL-102,2025-03-12T21:00:00+00:00,pressure_hpa,-6.337243939579821,-7.317618988873469,2.8217763077702784,1.3436688472066225,-9.1590202473501,-6.816426730731275,-1.0,3.5419371454468553,True,drift,False,D_strongly_isolated_transducer_spike
AWS-KOL-103,2025-03-12T21:00:00+00:00,pressure_hpa,-6.528910745395478,-7.538936752738239,2.815709897794136,1.3526629066372515,-9.344620643189614,-6.908314405117043,-1.0,4.555379720919873,True,drift,False,D_strongly_isolated_transducer_spike
AWS-KOL-101,2025-03-12T22:00:00+00:00,pressure_hpa,-6.299912903213453,-7.274512821082968,2.815709897794136,0.4330127018922193,-9.11562280100759,-21.05162911197129,-1.0,-195.12627574194835,True,drift,False,D_strongly_isolated_transducer_spike
AWS-KOL-103,2025-03-12T22:00:00+00:00,pressure_hpa,-6.263881267795455,-7.23290707226712,2.815709897794136,1.3526629066372515,-9.07959116558959,-6.712382753336266,-1.0,3.6294312443827863,True,drift,False,D_strongly_isolated_transducer_spike
AWS-KOL-102,2025-03-12T22:00:00+00:00,pressure_hpa,-6.173404918291794,-7.128433982784655,2.8217763077702784,1.3436688472066225,-8.995181226062073,-6.694492653277121,-1.0,2.9991695810688768,True,drift,False,D_strongly_isolated_transducer_spike
AWS-KOL-101,2025-03-12T23:00:00+00:00,pressure_hpa,-6.239387380040625,-7.204623966889618,2.815709897794136,0.4330127018922193,-9.055097277834761,-20.91185140358459,-1.0,-192.6994613106612,True,drift,False,D_strongly_isolated_transducer_spike
AWS-KOL-103,2025-03-12T23:00:00+00:00,pressure_hpa,-6.198851790195249,-7.1578174994716415,2.815709897794136,1.3526629066372515,-9.014561687989385,-6.6643075992966905,-1.0,3.410677788849423,True,drift,False,D_strongly_isolated_transducer_spike
AWS-KOL-102,2025-03-12T23:00:00+00:00,pressure_hpa,-6.009565897003881,-6.939248976695971,2.8217763077702784,1.3436688472066225,-8.83134220477416,-6.572558575823051,-1.0,2.4773250639754743,True,drift,False,D_strongly_isolated_transducer_spike
AWS-KOL-101,2025-03-13T00:00:00+00:00,pressure_hpa,-6.378861856867843,-7.365675220372171,2.815709897794136,0.4330127018922193,-9.194571754661979,-21.233953910549694,-1.0,-198.313813611672,True,drift,False,D_strongly_isolated_transducer_spike
AWS-KOL-102,2025-03-13T00:00:00+00:00,pressure_hpa,-6.045726875715786,-6.981004078282929,2.8217763077702784,1.3436688472066225,-8.867503183486065,-6.5994706969063675,-1.0,2.590702230838538,True,drift,False,D_strongly_isolated_transducer_spike
AWS-KOL-103,2025-03-13T00:00:00+00:00,pressure_hpa,-6.133822312595157,-7.082727926676294,2.815709897794136,1.3526629066372515,-8.949532210389293,-6.616232445257199,-1.0,3.1952515568231092,True,drift,False,D_strongly_isolated_transducer_spike
AWS-KOL-102,2025-03-13T01:00:00+00:00,pressure_hpa,-6.381887854427646,-7.36916934138361,2.8217763077702784,1.3436688472066225,-9.203664162197924,-6.849652115795934,-1.0,3.6934613372802154,True,drift,False,D_strongly_isolated_transducer_spike
AWS-KOL-103,2025-03-13T01:00:00+00:00,pressure_hpa,-6.3687928349951335,-7.3540485153948,2.815709897794136,1.3526629066372515,-9.18450273278927,-6.789942037829762,-1.0,3.989358344846341,True,drift,False,D_strongly_isolated_transducer_spike
AWS-KOL-101,2025-03-13T01:00:00+00:00,pressure_hpa,-6.61833633369497,-7.642196527692543,2.815709897794136,0.4330127018922193,-9.434046231489106,-21.78699652519044,-1.0,-208.13502491039213,True,drift,False,D_strongly_isolated_transducer_spike
AWS-KOL-101,2025-03-13T02:00:00+00:00,pressure_hpa,-6.5578108105222555,-7.572307673499324,2.815709897794136,0.4330127018922193,-9.373520708316391,-21.647218816804003,-1.0,-205.6311195002283,True,drift,False,D_strongly_isolated_transducer_spike
AWS-KOL-103,2025-03-13T02:00:00+00:00,pressure_hpa,-6.303763357395155,-7.278958942599584,2.815709897794136,1.3526629066372515,-9.119473255189291,-6.7418668837903555,-1.0,3.7652371046506907,True,drift,False,D_strongly_isolated_transducer_spike
AWS-KOL-102,2025-03-13T02:00:00+00:00,pressure_hpa,-6.3180488331397555,-7.295454389132878,2.8217763077702784,1.3436688472066225,-9.139825140910034,-6.802141137610641,-1.0,3.4772653439715953,True,drift,False,D_strongly_isolated_transducer_spike
AWS-KOL-102,2025-03-13T03:00:00+00:00,pressure_hpa,-5.754209811851638,-6.644389167692259,2.8217763077702784,1.3436688472066225,-8.575986119621916,-6.382514663081375,-1.0,1.7057069936487324,True,drift,False,D_strongly_isolated_transducer_spike
AWS-KOL-103,2025-03-13T03:00:00+00:00,pressure_hpa,-5.73873387979495,-6.6265191006144795,2.815709897794136,1.3526629066372515,-8.554443777589086,-6.324150485397439,-1.0,1.9579380144279348,True,drift,False,D_strongly_isolated_transducer_spike
AWS-KOL-101,2025-03-13T03:00:00+00:00,pressure_hpa,-5.897285287349291,-6.809598496278266,2.815709897794136,0.4330127018922193,-8.712995185143427,-20.121800462361886,-1.0,-179.25811108329592,True,drift,False,D_strongly_isolated_transducer_spike
AWS-KOL-101,2025-03-13T04:00:00+00:00,pressure_hpa,-5.236759764176554,-6.0468893190574695,2.815709897794136,0.4330127018922193,-8.05246966197069,-18.59638210792029,-1.0,-154.63027853342334,True,drift,False,D_strongly_isolated_transducer_spike
AWS-KOL-015,2025-03-13T04:00:00+00:00,pressure_hpa,2.550453259261417,2.945009751580275,2.8217763077702784,0.4330127018922193,-0.2713230485088616,-0.6265937403757645,1.0,4.140231360712411,True,drift,False,A_strongly_common_mode
AWS-KOL-103,2025-03-13T04:00:00+00:00,pressure_hpa,-5.2737044021948805,-6.089549312467458,2.815709897794136,1.3526629066372515,-8.089414299989016,-5.980362335875292,-1.0,0.6589385803085541,True,drift,False,D_strongly_isolated_transducer_spike
AWS-KOL-102,2025-03-13T04:00:00+00:00,pressure_hpa,-4.990370790563702,-5.762383838575998,2.8217763077702784,1.3436688472066225,-7.8121470983339805,-5.814041990014723,-1.0,-0.29900837928625634,True,drift,False,D_strongly_isolated_transducer_spike
AWS-KOL-102,2025-03-13T05:00:00+00:00,pressure_hpa,-4.12653176927563,-4.764908455621655,2.8217763077702784,1.3436688472066225,-6.948308077045908,-5.171146217679208,-1.0,-2.0182003070816172,True,drift,False,D_strongly_isolated_transducer_spike
AWS-KOL-103,2025-03-13T05:00:00+00:00,pressure_hpa,-4.408674924594834,-5.0906993089687615,2.815709897794136,1.3526629066372515,-7.22438482238897,-5.34086119087049,-1.0,-1.3047894029057634,True,drift,False,D_strongly_isolated_transducer_spike
AWS-KOL-101,2025-03-13T05:00:00+00:00,pressure_hpa,-4.376234241003772,-5.053240034160771,2.815709897794136,0.4330127018922193,-7.191944138797908,-16.609083538126892,-1.0,-125.16321056681629,True,drift,False,D_strongly_isolated_transducer_spike
AWS-KOL-015,2025-03-13T05:00:00+00:00,pressure_hpa,3.4122173139485312,3.9400891694833726,2.8217763077702784,0.4330127018922193,0.5904410061782528,1.363565095430431,1.0,6.832496447001986,True,drift,False,A_strongly_common_mode
AWS-KOL-103,2025-03-13T06:00:00+00:00,pressure_hpa,-3.3436454469948558,-3.8609091977942933,2.815709897794136,1.3526629066372515,-6.159355344788992,-4.553503548124402,-1.0,-2.913887364584472,True,drift,False,D_strongly_isolated_transducer_spike
AWS-KOL-015,2025-03-13T06:00:00+00:00,pressure_hpa,4.373981368635782,5.050638641224554,2.8217763077702784,0.4330127018922193,1.5522050608655036,3.584664038912792,1.0,6.329567206178017,True,drift,False,D_strongly_isolated_transducer_spike
AWS-KOL-102,2025-03-13T06:00:00+00:00,pressure_hpa,-3.162692747987535,-3.651963018829361,2.8217763077702784,1.3436688472066225,-5.984469055757813,-4.453827346074916,-1.0,-3.2498720688737333,True,drift,False,D_strongly_isolated_transducer_spike
AWS-KOL-101,2025-03-13T06:00:00+00:00,pressure_hpa,-3.415708717830853,-3.944120695425989,2.815709897794136,0.4330127018922193,-6.231418615624989,-14.39084486065733,-1.0,-95.77016387170995,True,drift,False,D_strongly_isolated_transducer_spike
AWS-KOL-015,2025-03-13T07:00:00+00:00,pressure_hpa,5.73574542332301,6.623068328317408,2.8217763077702784,0.4330127018922193,2.9139691155527316,6.7295234130985015,1.0,-0.7107256429398809,True,drift,False,D_strongly_isolated_transducer_spike
AWS-KOL-015,2025-03-13T08:00:00+00:00,pressure_hpa,6.79750947801017,7.849087853896409,2.8217763077702784,0.4330127018922193,3.9757331702398915,9.181562464256503,1.0,-11.346454573429906,True,drift,False,D_strongly_isolated_transducer_spike
AWS-KOL-015,2025-03-13T09:00:00+00:00,pressure_hpa,7.359273532697443,8.497757110285916,2.8217763077702784,0.4330127018922193,4.537497224927165,10.478900977035515,1.0,-18.79774489055052,True,drift,False,D_strongly_isolated_transducer_spike
AWS-KOL-015,2025-03-13T10:00:00+00:00,pressure_hpa,7.2210375873846715,8.338135989809892,2.8217763077702784,0.4330127018922193,4.399261279614393,10.15965873608347,1.0,-16.847076924557093,True,drift,False,D_strongly_isolated_transducer_spike
AWS-KOL-015,2025-03-13T11:00:00+00:00,pressure_hpa,6.5828016420718996,7.601164600144243,2.8217763077702784,0.4330127018922193,3.761025334301621,8.685715956752173,1.0,-8.83197920144666,True,drift,False,D_strongly_isolated_transducer_spike
AWS-KOL-102,2025-03-13T12:00:00+00:00,pressure_hpa,-2.179658620259488,-2.5168529822966077,2.8217763077702784,1.3436688472066225,-5.0014349280297665,-3.7222228813500737,-1.0,-3.760197121975359,True,drift,False,D_strongly_isolated_transducer_spike
AWS-KOL-015,2025-03-13T12:00:00+00:00,pressure_hpa,5.54456569675915,6.4023129951269215,2.8217763077702784,0.4330127018922193,2.722789388988872,6.288012746717528,1.0,0.7252536923444737,True,drift,False,D_strongly_isolated_transducer_spike
AWS-KOL-102,2025-03-13T13:00:00+00:00,pressure_hpa,-3.215819598971393,-3.7133086222628164,2.8217763077702784,1.3436688472066225,-6.037595906741672,-4.493365995121,-1.0,-3.200838520969177,True,drift,False,D_strongly_isolated_transducer_spike
AWS-KOL-015,2025-03-13T13:00:00+00:00,pressure_hpa,4.5063297514462874,5.203461390109467,2.8217763077702784,0.4330127018922193,1.684553443676009,3.89030953668262,1.0,5.970751073578105,True,drift,False,D_strongly_isolated_transducer_spike
AWS-KOL-101,2025-03-13T13:00:00+00:00,pressure_hpa,-3.092030055621194,-3.5703687699106204,2.815709897794136,0.4330127018922193,-5.90773995341533,-13.643341009626592,-1.0,-86.69661037590284,True,drift,False,D_strongly_isolated_transducer_spike
AWS-KOL-103,2025-03-13T13:00:00+00:00,pressure_hpa,-3.1884391037942805,-3.681692349740714,0.11424350635968494,4.005194071940717,-3.3026826101539655,-0.8245998947445886,0.0,6.437446785863258,True,drift,False,C_mixed_uncertain
AWS-KOL-015,2025-03-13T14:00:00+00:00,pressure_hpa,3.8680938061335155,4.466490000443819,2.815709897794136,0.4330127018922193,1.0523839083393796,2.430376531082285,0.3333333333333333,7.021401420614531,True,drift,False,C_mixed_uncertain
AWS-KOL-103,2025-03-13T14:00:00+00:00,pressure_hpa,-3.8234096261941204,-4.414893153810764,0.11424350635968494,4.005194071940717,-3.9376531325538053,-0.9831366625003056,0.0,9.262361931206458,True,drift,False,C_mixed_uncertain
AWS-KOL-102,2025-03-13T14:00:00+00:00,pressure_hpa,-3.9519805776834573,-4.563354100715434,0.11424350635968494,1.1174622818729016,-4.066224084043142,-3.638802087555048,0.0,3.7916600080606937,True,drift,False,D_strongly_isolated_transducer_spike
AWS-KOL-103,2025-03-13T15:00:00+00:00,pressure_hpa,-3.6583801485940057,-4.224333527177465,0.11424350635968494,0.4330127018922193,-3.7726236549536907,-8.712501130954653,-1.0,-29.031341104025252,True,drift,False,D_strongly_isolated_transducer_spike
AWS-KOL-102,2025-03-13T15:00:00+00:00,pressure_hpa,-3.788141556395317,-4.374169094626488,0.11424350635968494,0.4330127018922193,-3.902385062755002,-9.0121722658527,-1.0,-31.04294684050953,True,drift,False,D_strongly_isolated_transducer_spike
AWS-KOL-015,2025-03-13T15:00:00+00:00,pressure_hpa,4.029857860820698,4.653279041481519,2.815709897794136,0.4330127018922193,1.2141479630265621,2.803954613157686,1.0,6.895422182621449,True,drift,False,C_mixed_uncertain
AWS-KOL-103,2025-03-13T16:00:00+00:00,pressure_hpa,-3.1933506709940502,-3.687363739030574,0.11424350635968494,0.4330127018922193,-3.307594177353735,-7.638561554660871,-1.0,-22.375485640212784,True,drift,False,D_strongly_isolated_transducer_spike
AWS-KOL-015,2025-03-13T16:00:00+00:00,pressure_hpa,4.491621915507949,5.186478244033074,2.815709897794136,0.4330127018922193,1.675912017713813,3.8703530182607953,1.0,5.959962044933976,True,drift,False,D_strongly_isolated_transducer_spike
AWS-KOL-102,2025-03-13T16:00:00+00:00,pressure_hpa,-3.224302535107313,-3.723103873186,0.3605255231728961,0.4330127018922193,-3.584828058280209,-8.27880577778641,-1.0,-27.33856132788852,True,drift,False,D_strongly_isolated_transducer_spike
AWS-KOL-103,2025-03-13T17:00:00+00:00,pressure_hpa,-2.6283211933938446,-3.0349238970454695,0.11424350635968494,0.4330127018922193,-2.7425646997535296,-6.333681870690662,0.0,-15.452381489128953,True,drift,False,D_strongly_isolated_transducer_spike
AWS-KOL-015,2025-03-13T17:00:00+00:00,pressure_hpa,5.053385970195109,5.8351475004224485,-2.6283211933938446,0.8836019372243881,7.681707163588953,8.693628703122917,-0.3333333333333333,-20.76511683803815,True,drift,True,B_likely_common_mode_with_phase_lag
AWS-KOL-015,2025-03-13T18:00:00+00:00,pressure_hpa,6.215150024882405,7.176637079839532,-2.6283211933938446,0.8836019372243881,8.84347121827625,10.008433487658229,-0.3333333333333333,-24.33231055057549,True,drift,True,B_likely_common_mode_with_phase_lag
AWS-KOL-101,2025-03-13T19:00:00+00:00,pressure_hpa,2.5815765695183472,2.980947854690097,-2.6283211933938446,0.8836019372243881,5.209897762912192,5.896204550295314,-1.0,-12.939588993270839,True,drift,True,B_likely_common_mode_with_phase_lag
AWS-KOL-102,2025-03-13T19:00:00+00:00,pressure_hpa,2.7915170638640348,3.2233662565386685,0.11424350635968494,0.4330127018922193,2.67727355750435,6.182898436477614,0.0,-13.919071526002606,True,drift,False,D_strongly_isolated_transducer_spike
AWS-KOL-015,2025-03-13T19:00:00+00:00,pressure_hpa,7.076914079569633,8.17171649774276,-2.6283211933938446,0.8836019372243881,9.705235272963478,10.983718871701457,-0.3333333333333333,-26.93256486654476,True,drift,True,B_likely_common_mode_with_phase_lag
AWS-KOL-103,2025-03-13T20:00:00+00:00,pressure_hpa,3.0950884328001393,3.573900279685715,0.11424350635968494,0.4330127018922193,2.9808449264404544,6.883966482771706,0.0,-17.30811566339331,True,drift,False,D_strongly_isolated_transducer_spike
AWS-KOL-101,2025-03-13T20:00:00+00:00,pressure_hpa,3.642102092691175,4.205537247262699,-2.6283211933938446,0.8836019372243881,6.27042328608502,7.0964345164090155,-1.0,-16.336419653783672,True,drift,True,B_likely_common_mode_with_phase_lag
AWS-KOL-015,2025-03-13T20:00:00+00:00,pressure_hpa,8.138678134256793,9.397736023321762,-2.6283211933938446,0.8836019372243881,10.766999327650637,12.185350522739279,-0.3333333333333333,-30.082662498991446,True,drift,True,B_likely_common_mode_with_phase_lag
AWS-KOL-102,2025-03-13T20:00:00+00:00,pressure_hpa,3.8553560851520388,4.451781747168783,0.11424350635968494,0.4330127018922193,3.741112578792354,8.639729417737842,0.0,-27.413281843649756,True,drift,False,D_strongly_isolated_transducer_spike
AWS-KOL-103,2025-03-13T21:00:00+00:00,pressure_hpa,4.060117910400322,4.688220337022494,0.11424350635968494,0.4330127018922193,3.9458744040406373,9.112606597445264,0.0,-30.530094535665828,True,drift,False,D_strongly_isolated_transducer_spike
AWS-KOL-101,2025-03-13T21:00:00+00:00,pressure_hpa,4.5026276158639575,5.1991865321593975,-2.6283211933938446,0.8836019372243881,7.130948809257802,8.070318215527994,-1.0,-19.04924775184764,True,drift,True,B_likely_common_mode_with_phase_lag
AWS-KOL-015,2025-03-13T21:00:00+00:00,pressure_hpa,9.000442188944021,10.392815441224991,-2.6283211933938446,0.8836019372243881,11.628763382337866,13.160635906782508,-0.3333333333333333,-32.59586233776422,True,drift,True,B_likely_common_mode_with_phase_lag
AWS-KOL-102,2025-03-13T21:00:00+00:00,pressure_hpa,4.719195106439997,5.449257130122994,0.11424350635968494,0.4330127018922193,4.604951600080312,10.634680183646266,0.0,-41.70100966912114,True,drift,False,D_strongly_isolated_transducer_spike
AWS-KOL-102,2025-03-13T22:00:00+00:00,pressure_hpa,5.383034127728138,6.215792405401565,0.11424350635968494,0.4330127018922193,5.268790621368453,12.167750734203407,0.0,-54.70904135132989,True,drift,False,D_strongly_isolated_transducer_spike
AWS-KOL-101,2025-03-13T22:00:00+00:00,pressure_hpa,5.263153139036831,6.0773657632182765,-2.6283211933938446,0.8836019372243881,7.8914743324306755,8.93102878114974,-1.0,-21.414450234893675,True,drift,True,B_likely_common_mode_with_phase_lag
AWS-KOL-015,2025-03-13T22:00:00+00:00,pressure_hpa,9.762206243631226,11.27242480529027,-2.6283211933938446,0.8836019372243881,12.39052743702507,14.022748157328376,-0.3333333333333333,-34.784952446466505,True,drift,True,B_likely_common_mode_with_phase_lag
AWS-KOL-103,2025-03-13T22:00:00+00:00,pressure_hpa,4.825147388000346,5.571600286683239,0.11424350635968494,0.4330127018922193,4.710903881640661,10.879366496766755,0.0,-43.65894280820109,True,drift,False,D_strongly_isolated_transducer_spike
AWS-KOL-102,2025-03-13T23:00:00+00:00,pressure_hpa,5.846873149016233,6.751387573004234,0.11424350635968494,0.4330127018922193,5.732629642656548,13.238941069408744,0.0,-64.84416323918077,True,drift,False,D_strongly_isolated_transducer_spike
AWS-KOL-015,2025-03-13T23:00:00+00:00,pressure_hpa,10.123970298318454,11.690153954003872,-2.6283211933938446,0.8836019372243881,12.752291491712299,14.432167873884927,-0.3333333333333333,-35.813885035841906,True,drift,True,B_likely_common_mode_with_phase_lag
AWS-KOL-103,2025-03-13T23:00:00+00:00,pressure_hpa,5.290176865600415,6.108570074830261,0.11424350635968494,0.4330127018922193,5.17593335924073,11.9533060730608,0.0,-52.7834488585802,True,drift,False,D_strongly_isolated_transducer_spike
AWS-KOL-101,2025-03-13T23:00:00+00:00,pressure_hpa,5.723678662209636,6.609134832763301,-2.6283211933938446,0.8836019372243881,8.35199985560348,9.452219946279401,-1.0,-22.83189933759849,True,drift,True,B_likely_common_mode_with_phase_lag
AWS-KOL-103,2025-03-14T00:00:00+00:00,pressure_hpa,5.755206343200484,6.645539862977283,0.11424350635968494,0.4330127018922193,5.640962836840799,13.027245649354843,0.0,-62.77296456910727,True,drift,False,D_strongly_isolated_transducer_spike
AWS-KOL-102,2025-03-14T00:00:00+00:00,pressure_hpa,6.3107121703041,7.28698274060664,0.11424350635968494,0.4330127018922193,6.196468663944415,14.310131404613557,0.0,-75.83987167770405,True,drift,False,D_strongly_isolated_transducer_spike
AWS-KOL-101,2025-03-14T00:00:00+00:00,pressure_hpa,6.0842041853824185,7.025433848470374,-2.6283211933938446,0.8836019372243881,8.712525378776263,9.860237977911702,-1.0,-23.933786110909494,True,drift,True,B_likely_common_mode_with_phase_lag
AWS-KOL-015,2025-03-14T00:00:00+00:00,pressure_hpa,10.585734353005705,12.223353156555426,-2.6283211933938446,0.8836019372243881,13.21405554639955,14.954760723938838,-0.3333333333333333,-37.1172529601951,True,drift,True,B_likely_common_mode_with_phase_lag
AWS-KOL-015,2025-03-14T01:00:00+00:00,pressure_hpa,10.547498407692842,12.179202089917224,-2.6283211933938446,0.8836019372243881,13.175819601086687,14.911487906505943,-0.3333333333333333,-37.00975401941446,True,drift,True,B_likely_common_mode_with_phase_lag
AWS-KOL-101,2025-03-14T01:00:00+00:00,pressure_hpa,6.044729708555224,6.979852648825774,-2.6283211933938446,0.8836019372243881,8.673050901949068,9.815563475554686,-1.0,-23.81347167166151,True,drift,True,B_likely_common_mode_with_phase_lag
AWS-KOL-103,2025-03-14T01:00:00+00:00,pressure_hpa,5.620235820800644,6.489689328096859,0.11424350635968494,0.4330127018922193,5.5059923144409595,12.715544579593995,0.0,-59.78450319021398,True,drift,False,D_strongly_isolated_transducer_spike
AWS-KOL-102,2025-03-14T01:00:00+00:00,pressure_hpa,6.274551191592195,7.245227639019682,0.11424350635968494,0.4330127018922193,6.16030768523251,14.226621201439642,0.0,-74.95171363401859,True,drift,False,D_strongly_isolated_transducer_spike
AWS-KOL-102,2025-03-14T02:00:00+00:00,pressure_hpa,6.23839021288029,7.203472537432725,0.11424350635968494,0.4330127018922193,6.124146706520605,14.143110998265726,0.0,-74.06878605585874,True,drift,False,D_strongly_isolated_transducer_spike
AWS-KOL-015,2025-03-14T02:00:00+00:00,pressure_hpa,10.609262462380116,12.250521077117105,-2.6283211933938446,0.8836019372243881,13.23758365577396,14.981388222570539,-0.3333333333333333,-37.18336320724241,True,drift,True,B_likely_common_mode_with_phase_lag
AWS-KOL-101,2025-03-14T02:00:00+00:00,pressure_hpa,6.005255231728029,6.934271449181172,-2.6283211933938446,0.8836019372243881,8.633576425121873,9.77088897319767,-1.0,-23.693075397813324,True,drift,True,B_likely_common_mode_with_phase_lag
AWS-KOL-103,2025-03-14T02:00:00+00:00,pressure_hpa,5.5852652984006,6.449308847054124,0.11424350635968494,0.4330127018922193,5.471021792040915,12.634783617508525,0.0,-59.0220862282856,True,drift,False,D_strongly_isolated_transducer_spike
AWS-KOL-103,2025-03-14T03:00:00+00:00,pressure_hpa,5.950294776000646,6.870808581363194,0.11424350635968494,0.4330127018922193,5.836051269640961,13.477783086126665,0.0,-67.22131317747396,True,drift,False,D_strongly_isolated_transducer_spike
AWS-KOL-102,2025-03-14T03:00:00+00:00,pressure_hpa,6.602229234168249,7.6235976511973105,0.11424350635968494,0.4330127018922193,6.487985727808564,14.983361225794898,0.0,-83.19093623765642,True,drift,False,D_strongly_isolated_transducer_spike
AWS-KOL-101,2025-03-14T03:00:00+00:00,pressure_hpa,6.365780754900925,7.350570464888377,-2.6283211933938446,0.8836019372243881,8.99410194829477,10.1789070048301,-1.0,-24.789630826844967,True,drift,True,B_likely_common_mode_with_phase_lag
AWS-KOL-015,2025-03-14T03:00:00+00:00,pressure_hpa,10.871026517067321,12.552780171992756,-2.6283211933938446,0.8836019372243881,13.499347710461166,15.277634805629729,-0.3333333333333333,-37.91691760390722,True,drift,True,B_likely_common_mode_with_phase_lag
AWS-KOL-101,2025-03-14T04:00:00+00:00,pressure_hpa,7.226306278073707,8.344219749785076,-2.6283211933938446,0.8836019372243881,9.854627471467552,11.152790703949078,-1.0,-27.379368626694834,True,drift,True,B_likely_common_mode_with_phase_lag
AWS-KOL-102,2025-03-14T04:00:00+00:00,pressure_hpa,7.566068255456344,8.736543087989604,0.11424350635968494,0.4330127018922193,7.451824749096659,17.209252099379487,0.0,-109.91558634584916,True,drift,False,D_strongly_isolated_transducer_spike
AWS-KOL-103,2025-03-14T04:00:00+00:00,pressure_hpa,6.915324253600829,7.985128638699973,0.11424350635968494,0.4330127018922193,6.801080747241144,15.706423200800224,0.0,-91.46472519302452,True,drift,False,D_strongly_isolated_transducer_spike
AWS-KOL-015,2025-03-14T04:00:00+00:00,pressure_hpa,11.832790571754572,13.663329643733936,-2.6283211933938446,0.8836019372243881,14.461111765148416,16.36609332317032,-0.3333333333333333,-40.58121685469075,True,drift,True,B_likely_common_mode_with_phase_lag
AWS-KOL-101,2025-03-14T05:00:00+00:00,pressure_hpa,8.386831801246444,9.684279196195497,-2.6283211933938446,0.8836019372243881,11.015152994640289,12.466193803560012,-1.0,-30.81036219902657,True,drift,True,B_likely_common_mode_with_phase_lag
AWS-KOL-102,2025-03-14T05:00:00+00:00,pressure_hpa,8.629907276744234,9.964958578619587,0.11424350635968494,0.4330127018922193,8.515663770384549,19.666083080639453,0.0,-143.72721213050463,True,drift,False,D_strongly_isolated_transducer_spike
AWS-KOL-103,2025-03-14T05:00:00+00:00,pressure_hpa,7.980353731200921,9.214918749874572,0.11424350635968494,0.4330127018922193,7.866110224841236,18.166003423149423,0.0,-122.5444764015433,True,drift,False,D_strongly_isolated_transducer_spike
AWS-KOL-015,2025-03-14T05:00:00+00:00,pressure_hpa,12.994554626441754,15.00481922315089,-2.6283211933938446,0.8836019372243881,15.622875819835599,17.680898107705502,-0.3333333333333333,-43.734778987812774,True,drift,True,B_likely_common_mode_with_phase_lag
AWS-KOL-101,2025-03-14T06:00:00+00:00,pressure_hpa,9.547357324419409,11.024338642606182,-2.6283211933938446,0.8836019372243881,12.175678517813253,13.779596903171203,-1.0,-34.170624153512755,True,drift,True,B_likely_common_mode_with_phase_lag
AWS-KOL-015,2025-03-14T06:00:00+00:00,pressure_hpa,14.156318681128937,16.34630880256784,-2.6283211933938446,0.8836019372243881,16.78463987452278,18.995702892240686,-0.3333333333333333,-46.817458450687155,True,drift,True,B_likely_common_mode_with_phase_lag
AWS-KOL-103,2025-03-14T06:00:00+00:00,pressure_hpa,9.245383208800945,10.675648968724945,0.11424350635968494,0.4330127018922193,9.13113970244126,21.087463860850164,0.0,-165.35582558961187,True,drift,False,D_strongly_isolated_transducer_spike
AWS-KOL-102,2025-03-14T06:00:00+00:00,pressure_hpa,9.893746298032397,11.424314176925737,0.11424350635968494,0.4330127018922193,9.779502791672712,22.58479427725175,0.0,-189.7789890663385,True,drift,False,D_strongly_isolated_transducer_spike
AWS-KOL-102,2025-03-14T07:00:00+00:00,pressure_hpa,11.157585319320333,12.883669775231622,0.11424350635968494,0.4330127018922193,11.043341812960648,25.50350547386352,0.0,-242.21992228908485,True,drift,False,D_strongly_isolated_transducer_spike
AWS-KOL-103,2025-03-14T07:00:00+00:00,pressure_hpa,10.610412686400991,12.251849241413266,0.11424350635968494,0.4330127018922193,10.496169180041306,24.239864406226808,0.0,-218.73160829897125,True,drift,False,D_strongly_isolated_transducer_spike
AWS-KOL-101,2025-03-14T07:00:00+00:00,pressure_hpa,11.007882847592214,12.710808250530459,-2.6283211933938446,0.8836019372243881,13.636204040986058,15.43251940327422,-1.0,-38.299004375341056,True,drift,True,B_likely_common_mode_with_phase_lag
AWS-KOL-015,2025-03-14T07:00:00+00:00,pressure_hpa,15.418082735816256,17.803268435822876,-2.6283211933938446,0.8836019372243881,18.0464039292101,20.42368081027336,-0.3333333333333333,-50.085185420980594,True,drift,True,B_likely_common_mode_with_phase_lag
AWS-KOL-015,2025-03-14T08:00:00+00:00,pressure_hpa,16.57984679050344,19.144758015239827,-2.6283211933938446,0.8836019372243881,19.208167983897283,21.738485594808544,-0.3333333333333333,-53.019998246804505,True,drift,True,B_likely_common_mode_with_phase_lag
AWS-KOL-101,2025-03-14T08:00:00+00:00,pressure_hpa,12.068408370765042,13.93539764310306,-2.6283211933938446,0.8836019372243881,14.696729564158886,16.63274936938792,-1.0,-41.22652205673596,True,drift,True,B_likely_common_mode_with_phase_lag
AWS-KOL-102,2025-03-14T08:00:00+00:00,pressure_hpa,12.32142434060836,14.227555319699688,0.11424350635968494,0.4330127018922193,12.207180834248675,28.191276562799654,0.0,-296.1623719325711,True,drift,False,D_strongly_isolated_transducer_spike
AWS-KOL-103,2025-03-14T08:00:00+00:00,pressure_hpa,11.775442164001106,13.597109406425817,0.11424350635968494,0.4330127018922193,11.661198657641421,26.93038473625191,0.0,-270.1821189161182,True,drift,False,D_strongly_isolated_transducer_spike
AWS-KOL-015,2025-03-14T09:00:00+00:00,pressure_hpa,16.941610845190667,19.56248716395343,-2.6283211933938446,0.8836019372243881,19.56993203858451,22.147905311365093,-0.3333333333333333,-53.919402820675685,True,drift,True,B_likely_common_mode_with_phase_lag
AWS-KOL-102,2025-03-14T09:00:00+00:00,pressure_hpa,12.58526336189641,14.532210379626454,0.11424350635968494,0.4330127018922193,12.471019855536724,28.800586682653183,0.0,-309.1443273736485,True,drift,False,D_strongly_isolated_transducer_spike
AWS-KOL-101,2025-03-14T09:00:00+00:00,pressure_hpa,12.528933893937733,14.467166712647954,-2.6283211933938446,0.8836019372243881,15.157255087331578,17.153940534517453,-1.0,-42.479381585105955,True,drift,True,B_likely_common_mode_with_phase_lag
AWS-KOL-103,2025-03-14T09:00:00+00:00,pressure_hpa,12.140471641601152,14.018609140734887,0.11424350635968494,0.4330127018922193,12.026228135241467,27.77338420487005,0.0,-287.4197339753148,True,drift,False,D_strongly_isolated_transducer_spike
AWS-KOL-101,2025-03-14T10:00:00+00:00,pressure_hpa,12.789459417110606,14.767995674517207,-2.6283211933938446,0.8836019372243881,15.417780610504451,17.44878543265252,-1.0,-43.18320841609393,True,drift,True,B_likely_common_mode_with_phase_lag
AWS-KOL-015,2025-03-14T10:00:00+00:00,pressure_hpa,17.303374899877895,19.980216312667032,-2.6283211933938446,0.8836019372243881,19.93169609327174,22.557325027921646,-0.3333333333333333,-54.81193425716728,True,drift,True,B_likely_common_mode_with_phase_lag
AWS-KOL-103,2025-03-14T10:00:00+00:00,pressure_hpa,12.40550111920129,14.324638821206138,0.11424350635968494,0.4330127018922193,12.291257612841605,28.38544356581255,0.0,-300.26906453496156,True,drift,False,D_strongly_isolated_transducer_spike
AWS-KOL-102,2025-03-14T10:00:00+00:00,pressure_hpa,12.949102383184368,14.95233549339104,0.11424350635968494,0.4330127018922193,12.834858876824683,29.640836910182355,0.0,-327.5034380145536,True,drift,False,D_strongly_isolated_transducer_spike
AWS-KOL-101,2025-03-14T11:00:00+00:00,pressure_hpa,12.44998494028357,14.376004313359013,-2.6283211933938446,0.8836019372243881,15.078306133677415,17.06459152980368,-1.0,-42.26539203066524,True,drift,True,B_likely_common_mode_with_phase_lag
AWS-KOL-102,2025-03-14T11:00:00+00:00,pressure_hpa,12.412941404472463,14.333230122614456,0.11424350635968494,0.4330127018922193,12.298697898112778,28.40262616862919,0.0,-300.6338437635386,True,drift,False,D_strongly_isolated_transducer_spike
AWS-KOL-103,2025-03-14T11:00:00+00:00,pressure_hpa,11.870530596801245,13.706908070973777,0.11424350635968494,0.4330127018922193,11.75628709044156,27.14998206534783,0.0,-274.6210986412914,True,drift,False,D_strongly_isolated_transducer_spike
AWS-KOL-015,2025-03-14T11:00:00+00:00,pressure_hpa,16.865138954565168,19.474185030677287,-2.6283211933938446,0.8836019372243881,19.493460147959013,22.061359676499563,-0.3333333333333333,-53.72985408341279,True,drift,True,B_likely_common_mode_with_phase_lag
AWS-KOL-102,2025-03-14T12:00:00+00:00,pressure_hpa,11.57678042576049,13.367714590324018,0.11424350635968494,0.4330127018922193,11.462536919400804,26.471595104048316,0.0,-261.0247769921566,True,drift,False,D_strongly_isolated_transducer_spike
AWS-KOL-103,2025-03-14T12:00:00+00:00,pressure_hpa,11.035560074401474,12.742767159227956,0.11424350635968494,0.4330127018922193,10.921316568041789,25.221700241856187,0.0,-236.87802410787498,True,drift,False,D_strongly_isolated_transducer_spike
AWS-KOL-101,2025-03-14T12:00:00+00:00,pressure_hpa,11.610510463456308,13.406662683010932,-2.6283211933938446,0.8836019372243881,14.238831656850152,16.1145319594679,-1.0,-39.96976798833724,True,drift,True,B_likely_common_mode_with_phase_lag
AWS-KOL-015,2025-03-14T12:00:00+00:00,pressure_hpa,16.026903009252237,18.506273533335605,-2.6283211933938446,0.8836019372243881,18.65522420264608,21.112701791087908,-0.3333333333333333,-51.6320084143843,True,drift,True,B_likely_common_mode_with_phase_lag
AWS-KOL-015,2025-03-14T13:00:00+00:00,pressure_hpa,14.988667063939488,17.307421928318284,-2.6283211933938446,0.8836019372243881,17.616988257333333,19.937697638681783,-0.3333333333333333,-48.982466663332275,True,drift,True,B_likely_common_mode_with_phase_lag
AWS-KOL-102,2025-03-14T13:00:00+00:00,pressure_hpa,10.54061944704847,12.171258950357679,0.11424350635968494,0.4330127018922193,10.426375940688786,24.078683824115632,0.0,-215.82173513253292,True,drift,False,D_strongly_isolated_transducer_spike
AWS-KOL-101,2025-03-14T13:00:00+00:00,pressure_hpa,10.671035986629136,12.321850998825031,-2.6283211933938446,0.8836019372243881,13.29935718002298,15.051299255634891,-1.0,-37.356798622715004,True,drift,True,B_likely_common_mode_with_phase_lag
AWS-KOL-103,2025-03-14T13:00:00+00:00,pressure_hpa,10.000589552001543,11.5476861398061,0.11424350635968494,0.4330127018922193,9.886346045641858,22.831538203012478,0.0,-193.9650407660742,True,drift,False,D_strongly_isolated_transducer_spike
AWS-KOL-101,2025-03-14T14:00:00+00:00,pressure_hpa,10.131561509801827,11.698919529990674,-2.6283211933938446,0.8836019372243881,12.759882703195672,14.440759085791068,-1.0,-35.83540240233005,True,drift,True,B_likely_common_mode_with_phase_lag
AWS-KOL-103,2025-03-14T14:00:00+00:00,pressure_hpa,9.36561902960159,10.814485335735919,0.11424350635968494,0.4330127018922193,9.251375523241904,21.365136594872116,0.0,-169.7579843203482,True,drift,False,D_strongly_isolated_transducer_spike
AWS-KOL-102,2025-03-14T14:00:00+00:00,pressure_hpa,9.904458468336543,11.436683525743144,0.11424350635968494,0.4330127018922193,9.790214961976858,22.609532974886562,0.0,-190.1966256372391,True,drift,False,D_strongly_isolated_transducer_spike
AWS-KOL-015,2025-03-14T14:00:00+00:00,pressure_hpa,14.450431118626739,16.685920592490586,-2.6283211933938446,0.8836019372243881,17.078752312020583,19.328559153762342,-0.3333333333333333,-47.58662647079433,True,drift,True,B_likely_common_mode_with_phase_lag
AWS-KOL-101,2025-03-14T15:00:00+00:00,pressure_hpa,10.192087032974655,11.768808384184023,-2.6283211933938446,0.8836019372243881,12.8204082263685,14.509257716931414,-1.0,-36.00685435634681,True,drift,True,B_likely_common_mode_with_phase_lag
AWS-KOL-103,2025-03-14T15:00:00+00:00,pressure_hpa,9.430648507201681,10.889574908531266,0.11424350635968494,0.4330127018922193,9.316405000841996,21.51531574046281,0.0,-172.16298486164652,True,drift,False,D_strongly_isolated_transducer_spike
AWS-KOL-102,2025-03-14T15:00:00+00:00,pressure_hpa,9.968297489624547,11.510398477994006,0.11424350635968494,0.4330127018922193,9.854053983264862,22.75696287938829,0.0,-192.69504318582491,True,drift,False,D_strongly_isolated_transducer_spike
AWS-KOL-015,2025-03-14T15:00:00+00:00,pressure_hpa,14.512195173313899,16.757239579690335,-2.6283211933938446,0.8836019372243881,17.140516366707743,19.398459469826808,-0.3333333333333333,-47.747575735686524,True,drift,True,B_likely_common_mode_with_phase_lag
AWS-KOL-102,2025-03-14T16:00:00+00:00,pressure_hpa,-7.5598145534887635,-8.729321934960776,0.11424350635968494,0.4330127018922193,-7.6740580598484485,-17.722477946521277,0.0,-118.94258156037282,False,normal,False,D_strongly_isolated_transducer_spike
AWS-KOL-101,2025-03-14T16:00:00+00:00,pressure_hpa,-7.2736636024932295,-8.398903277788499,-2.6283211933938446,0.8836019372243881,-4.645342409099385,-5.257279566058392,1.0,21.451293916975636,False,normal,False,D_strongly_isolated_transducer_spike
AWS-KOL-103,2025-03-14T16:00:00+00:00,pressure_hpa,-8.055795895202209,-9.302031857263357,0.11424350635968494,0.4330127018922193,-8.170039401561894,-18.867897791126435,0.0,-134.73488519142572,False,normal,False,D_strongly_isolated_transducer_spike
AWS-KOL-015,2025-03-14T16:00:00+00:00,pressure_hpa,-2.9142435063596395,-3.3650785457617136,-2.6283211933938446,0.8836019372243881,-0.28592231296579484,-0.32358724095144864,0.3333333333333333,5.609522458319599,False,normal,False,A_strongly_common_mode
AWS-KOL-015,2025-03-14T17:00:00+00:00,pressure_hpa,-2.4142435063596395,-2.787728276572088,-2.6283211933938446,0.8836019372243881,0.21407768703420516,0.24227842653522924,0.3333333333333333,3.8563650540175987,False,normal,False,A_strongly_common_mode
AWS-KOL-103,2025-03-14T17:00:00+00:00,pressure_hpa,-7.555795895202209,-8.72468158807373,0.11424350635968494,0.4330127018922193,-7.670039401561894,-17.713197252747182,0.0,-118.81864405072879,False,normal,False,D_strongly_isolated_transducer_spike
AWS-KOL-101,2025-03-14T17:00:00+00:00,pressure_hpa,-6.873663602493252,-7.9370230624368245,-2.6283211933938446,0.8836019372243881,-4.245342409099408,-4.804587032069075,1.0,19.95613927246385,False,normal,False,D_strongly_isolated_transducer_spike
AWS-KOL-102,2025-03-14T17:00:00+00:00,pressure_hpa,-6.959814553488741,-8.036501611933199,0.11424350635968494,0.4330127018922193,-7.074058059848426,-16.336837300466122,0.0,-101.15344741164816,False,normal,False,D_strongly_isolated_transducer_spike
AWS-KOL-101,2025-03-14T18:00:00+00:00,pressure_hpa,-6.373663602493252,-7.359672793247198,-2.6283211933938446,0.8836019372243881,-3.7453424090994076,-4.238721364582397,1.0,18.09901240854788,False,normal,False,D_strongly_isolated_transducer_spike
AWS-KOL-102,2025-03-14T18:00:00+00:00,pressure_hpa,-6.159814553488673,-7.11274118122972,0.11424350635968494,0.4330127018922193,-6.2740580598483575,-14.489316439059163,0.0,-79.67460188001446,False,normal,False,D_strongly_isolated_transducer_spike
AWS-KOL-103,2025-03-14T18:00:00+00:00,pressure_hpa,-6.755795895202141,-7.80092115737025,-1.9142435063596395,1.9422935160213006,-4.841552388842501,-2.4926986312347887,0.3333333333333333,27.320412218673503,False,normal,False,C_mixed_uncertain
AWS-KOL-101,2025-03-14T19:00:00+00:00,pressure_hpa,-5.7736636024932295,-6.666852470219621,-3.224302535107313,1.9422935160213006,-2.5493610673859166,-1.3125519116225883,1.0,21.362064669484674,False,normal,False,A_strongly_common_mode
AWS-KOL-102,2025-03-14T19:00:00+00:00,pressure_hpa,-5.5598145534887635,-6.419920858202274,0.3605255231728961,0.4330127018922193,-5.92034007666166,-13.672439747818956,-0.3333333333333333,-72.86011241607952,False,normal,True,B_likely_common_mode_with_phase_lag
AWS-KOL-102,2025-03-14T20:00:00+00:00,pressure_hpa,-4.859814553488718,-5.611630481336745,0.3605255231728961,0.5033048593439317,-5.220340076661614,-10.372123335877257,-0.3333333333333333,-38.04527291779094,False,normal,False,D_strongly_isolated_transducer_spike
AWS-KOL-101,2025-03-14T20:00:00+00:00,pressure_hpa,-5.073663602493298,-5.858562093354224,-3.224302535107313,5.235792055676591,-1.8493610673859848,-0.3532151482946934,0.3333333333333333,17.09899443035109,False,normal,False,A_strongly_common_mode
AWS-KOL-101,2025-03-14T21:00:00+00:00,pressure_hpa,-5.018628191286666,-5.795012674404003,-3.224302535107313,5.235792055676591,-1.7943256561793532,-0.3427037661348609,0.3333333333333333,16.732363012590007,True,multivariate_inconsistency,False,A_strongly_common_mode
AWS-KOL-102,2025-03-14T21:00:00+00:00,pressure_hpa,-4.904779142282109,-5.663551116224475,0.3605255231728961,0.5033048593439317,-5.265304665455005,-10.461462009960403,-0.3333333333333333,-38.683188069878625,True,multivariate_inconsistency,False,D_strongly_isolated_transducer_spike
AWS-KOL-101,2025-03-14T22:00:00+00:00,pressure_hpa,-3.997206421257715,-4.615576406639286,-3.224302535107313,5.235792055676591,-0.7729038861504023,-0.14761928623815912,0.3333333333333333,10.640877055927877,True,multivariate_inconsistency,False,A_strongly_common_mode
AWS-KOL-102,2025-03-14T22:00:00+00:00,pressure_hpa,-3.8833573722531582,-4.4841148484597575,0.3605255231728961,0.5033048593439317,-4.243882895426054,-8.432032428532567,-0.3333333333333333,-25.495942450823776,True,multivariate_inconsistency,False,D_strongly_isolated_transducer_spike
AWS-KOL-102,2025-03-14T23:00:00+00:00,pressure_hpa,-4.3547148634298765,-5.028391597290607,0.3605255231728961,0.5033048593439317,-4.715240386602773,-9.368557245302949,-0.3333333333333333,-31.242571401407794,True,multivariate_inconsistency,False,D_strongly_isolated_transducer_spike
AWS-KOL-101,2025-03-14T23:00:00+00:00,pressure_hpa,-4.568563912434456,-5.275323209308087,-3.224302535107313,5.235792055676591,-1.3442613773271432,-0.256744607698793,0.3333333333333333,13.881558584541082,True,multivariate_inconsistency,False,A_strongly_common_mode
AWS-KOL-102,2025-03-15T00:00:00+00:00,pressure_hpa,-4.667757192132058,-5.3898617427785105,0.3605255231728961,0.5033048593439317,-5.028282715304954,-9.990530832266204,-0.3333333333333333,-35.38004835209713,True,multivariate_inconsistency,False,D_strongly_isolated_transducer_spike
AWS-KOL-101,2025-03-15T00:00:00+00:00,pressure_hpa,-4.781606241136615,-5.521323300958039,-3.224302535107313,5.235792055676591,-1.5573037060293018,-0.2974342161547247,0.3333333333333333,15.198271940381298,True,multivariate_inconsistency,False,A_strongly_common_mode
AWS-KOL-102,2025-03-15T01:00:00+00:00,pressure_hpa,-5.159814553488673,-5.9580406428504675,0.3605255231728961,0.5033048593439317,-5.520340076661569,-10.968183545570067,-0.3333333333333333,-42.401400993727975,False,normal,False,D_strongly_isolated_transducer_spike
AWS-KOL-101,2025-03-15T01:00:00+00:00,pressure_hpa,-5.373663602493252,-6.204972254867947,-3.224302535107313,5.235792055676591,-2.1493610673859394,-0.41051306937517207,0.3333333333333333,19.166579851776596,False,normal,False,A_strongly_common_mode
AWS-KOL-101,2025-03-15T02:00:00+00:00,pressure_hpa,-5.7736636024932295,-6.666852470219621,-3.224302535107313,5.235792055676591,-2.5493610673859166,-0.4869102974824842,0.3333333333333333,22.10492011093949,True,spike,False,A_strongly_common_mode
AWS-KOL-102,2025-03-15T02:00:00+00:00,pressure_hpa,-5.5598145534887635,-6.419920858202274,0.3605255231728961,0.5033048593439317,-5.92034007666166,-11.76293049182745,-0.3333333333333333,-48.575574964991674,True,spike,False,D_strongly_isolated_transducer_spike
AWS-KOL-101,2025-03-15T03:00:00+00:00,pressure_hpa,-5.873663602493252,-6.782322524057573,-3.224302535107313,5.235792055676591,-2.6493610673859394,-0.5060096045093176,0.3333333333333333,22.871926550241504,True,spike,False,A_strongly_common_mode
AWS-KOL-102,2025-03-15T03:00:00+00:00,pressure_hpa,-5.759814553488695,-6.650860965878045,0.3605255231728961,0.5033048593439317,-6.120340076661591,-12.160303964955915,-0.3333333333333333,-51.81952046634116,True,spike,False,D_strongly_isolated_transducer_spike
AWS-KOL-101,2025-03-15T04:00:00+00:00,pressure_hpa,-5.373663602493252,-6.204972254867947,-3.224302535107313,5.235792055676591,-2.1493610673859394,-0.41051306937517207,0.3333333333333333,19.166579851776596,True,spike,False,A_strongly_common_mode
AWS-KOL-102,2025-03-15T04:00:00+00:00,pressure_hpa,-5.159814553488673,-5.9580406428504675,0.3605255231728961,0.5033048593439317,-5.520340076661569,-10.968183545570067,-0.3333333333333333,-42.401400993727975,True,spike,False,D_strongly_isolated_transducer_spike
AWS-KOL-102,2025-03-15T05:00:00+00:00,pressure_hpa,-1012.3279378629438,-1168.9356148666989,0.3605255231728961,0.5033048593439317,-1012.6884633861167,-2012.0776594650351,-0.3333333333333333,-1341023.0180072533,True,sensor_fail_low,False,D_strongly_isolated_transducer_spike
AWS-KOL-103,2025-03-15T05:00:00+00:00,pressure_hpa,-1006.0681233094551,-1161.7074036316312,0.3605255231728961,0.5033048593439317,-1006.428648832628,-1999.6402382137312,-0.3333333333333333,-1324498.495315461,True,sensor_fail_low,False,D_strongly_isolated_transducer_spike
AWS-KOL-101,2025-03-15T05:00:00+00:00,pressure_hpa,-1012.9417869119484,-1169.644426694068,-3.224302535107313,5.235792055676591,-1009.7174843768411,-192.84904244470823,0.3333333333333333,665438.6658623271,True,sensor_fail_low,False,D_strongly_isolated_transducer_spike
AWS-KOL-015,2025-03-15T05:00:00+00:00,pressure_hpa,-1006.9681233094551,-1162.7466341161723,-3.224302535107313,5.235792055676591,-1003.7438207743478,-191.7081140925181,0.3333333333333333,657613.8670697891,True,sensor_fail_low,False,D_strongly_isolated_transducer_spike
AWS-KOL-103,2025-03-15T06:00:00+00:00,pressure_hpa,-1006.134946521429,-1161.7845644304737,0.3605255231728961,0.5033048593439317,-1006.4954720446019,-1999.7730070728696,-0.3333333333333333,-1324674.352834181,True,sensor_fail_low,False,D_strongly_isolated_transducer_spike
AWS-KOL-102,2025-03-15T06:00:00+00:00,pressure_hpa,-1012.3947610749177,-1169.0127756655413,0.3605255231728961,0.5033048593439317,-1012.7552865980906,-2012.2104283241736,-0.3333333333333333,-1341199.9690936506,True,sensor_fail_low,False,D_strongly_isolated_transducer_spike
AWS-KOL-015,2025-03-15T06:00:00+00:00,pressure_hpa,-1007.034946521429,-1162.8237949150148,-3.224302535107313,5.235792055676591,-1003.8106439863217,-191.72087686293818,0.3333333333333333,657701.1416977313,True,sensor_fail_low,False,D_strongly_isolated_transducer_spike
AWS-KOL-101,2025-03-15T06:00:00+00:00,pressure_hpa,-1013.0086101239223,-1169.7215874929104,-3.224302535107313,5.235792055676591,-1009.784307588815,-192.8618052151283,0.3333333333333333,665526.4581680482,True,sensor_fail_low,False,D_strongly_isolated_transducer_spike
AWS-KOL-015,2025-03-15T07:00:00+00:00,pressure_hpa,-1007.050685868322,-1162.841969147346,-3.224302535107313,5.235792055676591,-1003.8263833332147,-191.7238829691253,0.3333333333333333,657721.6989548592,True,sensor_fail_low,False,D_strongly_isolated_transducer_spike
AWS-KOL-102,2025-03-15T07:00:00+00:00,pressure_hpa,-1012.4105004218108,-1169.0309498978725,0.3605255231728961,0.5033048593439317,-1012.7710259449836,-2012.2417003188718,-0.3333333333333333,-1341241.649341531,True,sensor_fail_low,False,D_strongly_isolated_transducer_spike
AWS-KOL-101,2025-03-15T07:00:00+00:00,pressure_hpa,-1013.0243494708153,-1169.7397617252416,-3.224302535107313,5.235792055676591,-1009.800046935708,-192.86481132131541,0.3333333333333333,665547.1373575091,True,sensor_fail_low,False,D_strongly_isolated_transducer_spike
AWS-KOL-103,2025-03-15T07:00:00+00:00,pressure_hpa,-1006.1506858683221,-1161.8027386628048,0.3605255231728961,0.5033048593439317,-1006.511211391495,-1999.804279067568,-0.3333333333333333,-1324715.7755062808,True,sensor_fail_low,False,D_strongly_isolated_transducer_spike
AWS-KOL-101,2025-03-15T08:00:00+00:00,pressure_hpa,-1012.9720244978495,-1169.6793420507872,-3.224302535107313,5.235792055676591,-1009.7477219627422,-192.85481761407698,0.3333333333333333,665478.3912717019,True,sensor_fail_low,False,D_strongly_isolated_transducer_spike
AWS-KOL-015,2025-03-15T08:00:00+00:00,pressure_hpa,-1006.9983608953562,-1162.7815494728918,-3.224302535107313,5.235792055676591,-1003.7740583602489,-191.71388926188683,0.3333333333333333,657653.35822933,True,sensor_fail_low,False,D_strongly_isolated_transducer_spike
AWS-KOL-103,2025-03-15T08:00:00+00:00,pressure_hpa,-1006.0983608953562,-1161.7423189883505,0.3605255231728961,0.5033048593439317,-1006.4588864185291,-1999.7003162863741,-0.3333333333333333,-1324578.069613697,True,sensor_fail_low,False,D_strongly_isolated_transducer_spike
AWS-KOL-102,2025-03-15T08:00:00+00:00,pressure_hpa,-1012.3581754488449,-1168.970530223418,0.3605255231728961,0.5033048593439317,-1012.7187009720178,-2012.1377375376778,-0.3333333333333333,-1341103.0871462128,True,sensor_fail_low,False,D_strongly_isolated_transducer_spike
AWS-KOL-015,2025-03-15T09:00:00+00:00,pressure_hpa,3.5,4.041451884327381,-3.224302535107313,5.235792055676591,6.724302535107313,1.2842951865929997,-0.3333333333333333,7.341959603513694,False,normal,False,A_strongly_common_mode
AWS-KOL-103,2025-03-15T09:00:00+00:00,pressure_hpa,4.699999999999932,5.427092530382404,0.3605255231728961,0.5033048593439317,4.339474476827036,8.621960222048385,0.3333333333333333,-22.442432368626072,False,normal,True,B_likely_common_mode_with_phase_lag
AWS-KOL-015,2025-03-15T10:00:00+00:00,pressure_hpa,-5.176812409771628,-5.97766807665169,-3.224302535107313,5.235792055676591,-1.9525098746643152,-0.372915855691294,0.3333333333333333,17.79672469959737,True,unstructured_anomaly,False,A_strongly_common_mode
AWS-KOL-101,2025-03-15T10:00:00+00:00,pressure_hpa,-10.350476012264949,-11.951700223843865,-3.224302535107313,5.235792055676591,-7.126173477157636,-1.3610497516668012,0.3333333333333333,70.49534090705862,True,unstructured_anomaly,False,A_strongly_common_mode
AWS-KOL-102,2025-03-15T10:00:00+00:00,pressure_hpa,-10.236626963260392,-11.820238665664338,0.3605255231728961,0.5033048593439317,-10.597152486433288,-21.05513644403691,-0.3333333333333333,-151.80036428187253,True,unstructured_anomaly,False,D_strongly_isolated_transducer_spike
AWS-KOL-103,2025-03-15T10:00:00+00:00,pressure_hpa,-4.076812409771719,-4.707497484434618,0.3605255231728961,0.5033048593439317,-4.437337932944615,-8.81640192929744,-0.3333333333333333,-27.78420520648068,True,unstructured_anomaly,False,D_strongly_isolated_transducer_spike
AWS-KOL-102,2025-03-15T11:00:00+00:00,pressure_hpa,-11.240138005317363,-12.978993406197045,0.3605255231728961,0.5033048593439317,-11.600663528490259,-23.048979784562313,-0.3333333333333333,-181.4005996355279,True,unstructured_anomaly,False,D_strongly_isolated_transducer_spike
AWS-KOL-015,2025-03-15T11:00:00+00:00,pressure_hpa,-6.180323451828713,-7.136422817184529,-3.224302535107313,5.235792055676591,-2.9560209167213998,-0.5645795106619088,0.3333333333333333,25.30489030088637,True,unstructured_anomaly,False,A_strongly_common_mode
AWS-KOL-103,2025-03-15T11:00:00+00:00,pressure_hpa,-5.08032345182869,-5.866252224967326,0.3605255231728961,0.5033048593439317,-5.440848975001586,-10.810245269822838,-0.3333333333333333,-41.22424381339647,True,unstructured_anomaly,False,D_strongly_isolated_transducer_spike
AWS-KOL-101,2025-03-15T11:00:00+00:00,pressure_hpa,-11.153987054321988,-12.879514856700801,-3.224302535107313,5.235792055676591,-7.929684519214675,-1.5145147925837492,0.3333333333333333,81.79407394351082,True,unstructured_anomaly,False,C_mixed_uncertain
AWS-KOL-103,2025-03-15T12:00:00+00:00,pressure_hpa,-4.473849770840843,-5.165956739017813,0.3605255231728961,0.5033048593439317,-4.834375294013739,-9.6052625049467,-0.3333333333333333,-32.78697937976569,True,unstructured_anomaly,False,D_strongly_isolated_transducer_spike
AWS-KOL-015,2025-03-15T12:00:00+00:00,pressure_hpa,-5.673849770840775,-6.551597385072836,-3.224302535107313,5.235792055676591,-2.449547235733462,-0.4678465473199396,0.3333333333333333,21.352273952127018,True,unstructured_anomaly,False,A_strongly_common_mode
AWS-KOL-101,2025-03-15T12:00:00+00:00,pressure_hpa,-10.64751337333405,-12.294689424589109,-3.224302535107313,5.235792055676591,-7.423210838226737,-1.4177818292417799,0.3333333333333333,74.57464136588756,True,unstructured_anomaly,False,A_strongly_common_mode
AWS-KOL-102,2025-03-15T12:00:00+00:00,pressure_hpa,-10.633664324329516,-12.278697920247533,0.3605255231728961,0.5033048593439317,-10.994189847502412,-21.843997019686174,-0.3333333333333333,-163.19689158968367,True,unstructured_anomaly,False,D_strongly_isolated_transducer_spike
AWS-KOL-015,2025-03-15T13:00:00+00:00,pressure_hpa,-8.357792407185116,-9.650747392238674,-3.224302535107313,5.235792055676591,-5.133489872077803,-0.980460991859317,0.3333333333333333,46.08781073612191,True,unstructured_anomaly,False,A_strongly_common_mode
AWS-KOL-102,2025-03-15T13:00:00+00:00,pressure_hpa,-13.217606960673834,-15.262377873575419,0.3605255231728961,0.5033048593439317,-13.57813248384673,-26.977948318532246,-0.3333333333333333,-247.43475856079613,True,unstructured_anomaly,False,D_strongly_isolated_transducer_spike
AWS-KOL-101,2025-03-15T13:00:00+00:00,pressure_hpa,-13.231456009678368,-15.278369377916995,-3.224302535107313,5.235792055676591,-10.007153474571055,-1.9112969667543238,0.3333333333333333,114.88775737647374,True,unstructured_anomaly,False,C_mixed_uncertain
AWS-KOL-103,2025-03-15T13:00:00+00:00,pressure_hpa,-7.0577924071850475,-8.149636692345569,0.3605255231728961,0.5033048593439317,-7.418317930357944,-14.739213803792547,-0.3333333333333333,-75.41392266834177,True,unstructured_anomaly,False,D_strongly_isolated_transducer_spike
AWS-KOL-102,2025-03-15T14:00:00+00:00,pressure_hpa,-6.0598145534887635,-6.997271127391899,0.3605255231728961,0.5033048593439317,-6.42034007666166,-12.756364174648953,-0.3333333333333333,-56.88151186301748,False,normal,False,D_strongly_isolated_transducer_spike
AWS-KOL-101,2025-03-15T14:00:00+00:00,pressure_hpa,-5.873663602493252,-6.782322524057573,-6.0598145534887635,1.0318619372242532,0.18615095099551127,0.1804029631098364,0.3333333333333333,22.98367679561994,False,normal,True,A_strongly_common_mode
AWS-KOL-102,2025-03-15T19:00:00+00:00,pressure_hpa,2.3999999999999773,2.7712812921101775,0.7000000000000455,0.4330127018922193,1.6999999999999318,3.925981830489298,1.0,-3.8666666666661222,False,normal,True,B_likely_common_mode_with_phase_lag
AWS-KOL-102,2025-03-15T20:00:00+00:00,pressure_hpa,3.3999999999999773,3.9259818304894294,0.599999999999909,0.4330127018922193,2.800000000000068,6.466323014923966,1.0,-13.20000000000112,True,dropout,True,B_likely_common_mode_with_phase_lag
AWS-KOL-101,2025-03-15T20:00:00+00:00,pressure_hpa,2.8999999999999773,3.348631561299803,0.599999999999909,0.4330127018922193,2.300000000000068,5.311622476544715,1.0,-8.500000000000925,True,dropout,True,B_likely_common_mode_with_phase_lag
AWS-KOL-102,2025-03-15T21:00:00+00:00,pressure_hpa,3.699999999999932,4.272391992003152,0.599999999999909,0.4330127018922193,3.1000000000000227,7.159143337951412,1.0,-16.50000000000071,False,normal,True,B_likely_common_mode_with_phase_lag
AWS-KOL-101,2025-03-15T21:00:00+00:00,pressure_hpa,3.2000000000000455,3.6950417228136576,0.599999999999909,0.4330127018922193,2.6000000000001364,6.004442799572423,1.0,-11.2000000000017,False,normal,True,B_likely_common_mode_with_phase_lag
AWS-KOL-015,2025-03-15T21:00:00+00:00,pressure_hpa,2.2999999999999545,2.6558112382722263,0.20000000000004547,0.4330127018922193,2.099999999999909,4.849742261192647,1.0,-8.233333333332457,False,normal,False,D_strongly_isolated_transducer_spike
AWS-KOL-101,2025-03-15T22:00:00+00:00,pressure_hpa,3.2000000000000455,3.6950417228136576,0.599999999999909,0.5930399999997977,2.6000000000001364,4.3841899365995936,1.0,-2.783894033423712,True,spike,True,B_likely_common_mode_with_phase_lag
AWS-KOL-102,2025-03-15T22:00:00+00:00,pressure_hpa,3.6000000000000227,4.156921938165332,0.599999999999909,0.5930399999997977,3.0000000000001137,5.058680696076381,1.0,-4.155125192427802,True,spike,True,B_likely_common_mode_with_phase_lag
AWS-KOL-101,2025-03-15T23:00:00+00:00,pressure_hpa,3.3999999999999773,3.9259818304894294,0.599999999999909,0.5930399999997977,2.800000000000068,4.7214353163378915,1.0,-3.4393090565147766,True,spike,True,B_likely_common_mode_with_phase_lag
AWS-KOL-102,2025-03-15T23:00:00+00:00,pressure_hpa,3.699999999999932,4.272391992003152,0.599999999999909,0.5930399999997977,3.1000000000000227,5.227303385945434,1.0,-4.535683677691967,True,spike,True,B_likely_common_mode_with_phase_lag
AWS-KOL-102,2025-03-16T00:00:00+00:00,pressure_hpa,3.3999999999999773,3.9259818304894294,0.599999999999909,0.5930399999997977,2.800000000000068,4.7214353163378915,1.0,-3.4393090565147766,True,spike,True,B_likely_common_mode_with_phase_lag
AWS-KOL-101,2025-03-16T00:00:00+00:00,pressure_hpa,3.0,3.464101615137755,0.599999999999909,0.5930399999997977,2.400000000000091,4.046944556861105,1.0,-2.1888801231538606,True,spike,True,B_likely_common_mode_with_phase_lag
AWS-KOL-102,2025-03-16T01:00:00+00:00,pressure_hpa,2.6000000000000227,3.0022213997860803,0.599999999999909,0.5930399999997977,2.0000000000001137,3.372453797384318,1.0,-1.180055641079207,True,spike,True,B_likely_common_mode_with_phase_lag
AWS-KOL-101,2025-03-16T01:00:00+00:00,pressure_hpa,2.2000000000000455,2.540341184434406,0.599999999999909,0.5930399999997977,1.6000000000001364,2.697963037907531,1.0,-0.41283561029081595,True,spike,True,B_likely_common_mode_with_phase_lag
AWS-KOL-101,2025-03-16T05:00:00+00:00,pressure_hpa,2.2000000000000455,2.540341184434406,0.599999999999909,0.5930399999997977,1.6000000000001364,2.697963037907531,1.0,-0.41283561029081595,False,normal,True,B_likely_common_mode_with_phase_lag
AWS-KOL-102,2025-03-16T05:00:00+00:00,pressure_hpa,2.6000000000000227,3.0022213997860803,0.599999999999909,0.5930399999997977,2.0000000000001137,3.372453797384318,1.0,-1.180055641079207,False,normal,True,B_likely_common_mode_with_phase_lag
AWS-KOL-101,2025-03-16T06:00:00+00:00,pressure_hpa,2.7000000000000455,3.117691453624032,0.599999999999909,0.5930399999997977,2.1000000000001364,3.5410764872535623,1.0,-1.409611344289849,False,normal,True,B_likely_common_mode_with_phase_lag
AWS-KOL-102,2025-03-16T06:00:00+00:00,pressure_hpa,3.1000000000000227,3.579571668975706,0.599999999999909,0.5930399999997977,2.5000000000001137,4.215567246730349,1.0,-2.4788369391860883,False,normal,True,B_likely_common_mode_with_phase_lag
AWS-KOL-101,2025-03-16T07:00:00+00:00,pressure_hpa,3.2999999999999545,3.8105117766514778,0.599999999999909,0.5930399999997977,2.7000000000000455,4.552812626468647,1.0,-3.10405140586637,False,normal,True,B_likely_common_mode_with_phase_lag
AWS-KOL-102,2025-03-16T07:00:00+00:00,pressure_hpa,3.699999999999932,4.272391992003152,0.599999999999909,0.5930399999997977,3.1000000000000227,5.227303385945434,1.0,-4.535683677691967,False,normal,True,B_likely_common_mode_with_phase_lag
AWS-KOL-102,2025-03-16T08:00:00+00:00,pressure_hpa,4.100000000000023,4.734272207354958,0.20000000000004547,0.4330127018922193,3.8999999999999773,9.00666419935811,1.0,-29.353333333332735,False,normal,True,B_likely_common_mode_with_phase_lag
AWS-KOL-101,2025-03-16T08:00:00+00:00,pressure_hpa,3.7000000000000455,4.272391992003284,0.20000000000004547,0.4330127018922193,3.5,8.082903768654761,1.0,-23.53999999999978,False,normal,True,B_likely_common_mode_with_phase_lag
AWS-KOL-102,2025-03-16T09:00:00+00:00,pressure_hpa,3.8999999999999773,4.503332099679055,0.20000000000004547,0.4330127018922193,3.699999999999932,8.544783984006305,1.0,-26.366666666665445,False,normal,True,B_likely_common_mode_with_phase_lag
AWS-KOL-101,2025-03-16T09:00:00+00:00,pressure_hpa,3.5,4.041451884327381,0.20000000000004547,0.4330127018922193,3.2999999999999545,7.6210235533029556,1.0,-20.873333333332535,False,normal,True,B_likely_common_mode_with_phase_lag
AWS-KOL-102,2025-03-16T10:00:00+00:00,pressure_hpa,3.6000000000000227,4.156921938165332,0.599999999999909,0.7412999999998314,3.0000000000001137,4.046944556860645,1.0,0.45111987684810906,False,normal,True,B_likely_common_mode_with_phase_lag
AWS-KOL-015,2025-03-16T11:00:00+00:00,pressure_hpa,5.521827063694673,6.376056683285361,1.3000000000000682,1.6308600000000337,4.2218270636946045,2.588712129609235,1.0,16.976334169240967,True,unstructured_anomaly,False,C_mixed_uncertain
AWS-KOL-102,2025-03-16T11:00:00+00:00,pressure_hpa,9.121827063694582,10.532978621450562,1.3000000000000682,1.7791200000000673,7.8218270636945135,4.396458397238082,1.0,45.80739610064467,True,unstructured_anomaly,True,B_likely_common_mode_with_phase_lag
AWS-KOL-101,2025-03-16T11:00:00+00:00,pressure_hpa,5.42182706369465,6.260586629447409,0.20000000000004547,0.4330127018922193,5.2218270636946045,12.059293043543013,1.0,-53.11580188261462,True,unstructured_anomaly,True,B_likely_common_mode_with_phase_lag
AWS-KOL-103,2025-03-16T11:00:00+00:00,pressure_hpa,5.421827063694536,6.260586629447278,0.20000000000004547,0.4330127018922193,5.221827063694491,12.05929304354275,1.0,-53.11580188261226,True,unstructured_anomaly,False,D_strongly_isolated_transducer_spike
AWS-KOL-015,2025-03-16T12:00:00+00:00,pressure_hpa,-9.567381309875032,-11.047460349392288,1.3000000000000682,1.6308600000000337,-10.8673813098751,-6.663589339290237,-1.0,38.82147864434614,True,unstructured_anomaly,False,D_strongly_isolated_transducer_spike
AWS-KOL-103,2025-03-16T12:00:00+00:00,pressure_hpa,-9.667381309875054,-11.16293040323024,0.20000000000004547,0.4330127018922193,-9.8673813098751,-22.787741021812284,-1.0,-197.33506284491213,True,unstructured_anomaly,False,D_strongly_isolated_transducer_spike
AWS-KOL-101,2025-03-16T12:00:00+00:00,pressure_hpa,-9.667381309875054,-11.16293040323024,0.20000000000004547,0.4330127018922193,-9.8673813098751,-22.787741021812284,-1.0,-197.33506284491213,True,unstructured_anomaly,False,D_strongly_isolated_transducer_spike
AWS-KOL-102,2025-03-16T12:00:00+00:00,pressure_hpa,-5.967381309875009,-6.890538411226956,1.3000000000000682,1.7791200000000673,-7.267381309875077,-4.084817949252891,-1.0,15.396890959027756,True,unstructured_anomaly,False,D_strongly_isolated_transducer_spike
AWS-KOL-101,2025-03-16T13:00:00+00:00,pressure_hpa,-11.131291049026004,-12.85330776716647,0.20000000000004547,0.4330127018922193,-11.33129104902605,-26.168495749684748,-1.0,-259.7913246218834,True,unstructured_anomaly,False,D_strongly_isolated_transducer_spike
AWS-KOL-015,2025-03-16T13:00:00+00:00,pressure_hpa,-10.931291049025958,-12.622367659490568,1.3000000000000682,1.6308600000000337,-12.231291049026026,-7.499902535487886,-1.0,51.53781364476788,True,unstructured_anomaly,False,D_strongly_isolated_transducer_spike
AWS-MUM-102,2025-03-16T13:00:00+00:00,pressure_hpa,-2.599999999999909,-3.0022213997859493,1.1000000000000227,0.5930399999999663,-3.699999999999932,-6.239039525158745,-1.0,-14.956140431580177,True,drift,False,D_strongly_isolated_transducer_spike
AWS-KOL-103,2025-03-16T13:00:00+00:00,pressure_hpa,-11.131291049026004,-12.85330776716647,0.20000000000004547,0.4330127018922193,-11.33129104902605,-26.168495749684748,-1.0,-259.7913246218834,True,unstructured_anomaly,False,D_strongly_isolated_transducer_spike
AWS-KOL-102,2025-03-16T13:00:00+00:00,pressure_hpa,-7.331291049026049,-8.465445721325366,1.3000000000000682,1.7791200000000673,-8.631291049026117,-4.851438379100786,-1.0,24.063658457246945,True,unstructured_anomaly,False,D_strongly_isolated_transducer_spike
AWS-MUM-102,2025-03-16T14:00:00+00:00,pressure_hpa,-3.599999999999909,-4.156921938165201,1.1000000000000227,0.5930399999999663,-4.699999999999932,-7.925266423850329,-1.0,-22.76492394450512,True,drift,False,D_strongly_isolated_transducer_spike
AWS-KOL-103,2025-03-16T14:00:00+00:00,pressure_hpa,-12.626967712835267,-14.58036641610831,0.20000000000004547,0.4330127018922193,-12.826967712835312,-29.622613047568425,-1.0,-332.456059468996,True,unstructured_anomaly,False,D_strongly_isolated_transducer_spike
AWS-KOL-015,2025-03-16T14:00:00+00:00,pressure_hpa,-12.426967712835221,-14.349426308432408,1.3000000000000682,1.6308600000000337,-13.72696771283529,-8.417011707218894,-1.0,67.5299746508361,True,unstructured_anomaly,False,D_strongly_isolated_transducer_spike
AWS-KOL-101,2025-03-16T14:00:00+00:00,pressure_hpa,-12.626967712835267,-14.58036641610831,0.20000000000004547,0.4330127018922193,-12.826967712835312,-29.622613047568425,-1.0,-332.456059468996,True,unstructured_anomaly,False,D_strongly_isolated_transducer_spike
AWS-KOL-102,2025-03-16T14:00:00+00:00,pressure_hpa,-8.826967712835199,-10.192504370267075,1.3000000000000682,1.7791200000000673,-10.126967712835267,-5.692121786520799,-1.0,35.74344745266434,True,unstructured_anomaly,False,D_strongly_isolated_transducer_spike
AWS-KOL-101,2025-03-16T15:00:00+00:00,pressure_hpa,2.5663701128879666,2.963388951032156,0.20000000000004547,0.4330127018922193,2.366370112887921,5.464897686712506,1.0,-10.541716325568121,True,unstructured_anomaly,True,B_likely_common_mode_with_phase_lag
AWS-KOL-102,2025-03-16T15:00:00+00:00,pressure_hpa,6.266370112887898,7.235780943035308,1.3000000000000682,1.7791200000000673,4.96637011288783,2.7914756244028744,1.0,22.282094846978755,True,unstructured_anomaly,True,B_likely_common_mode_with_phase_lag
AWS-KOL-103,2025-03-16T15:00:00+00:00,pressure_hpa,2.7663701128878984,3.194329058707927,0.20000000000004547,0.4330127018922193,2.566370112887853,5.926777902064049,1.0,-12.461479082544427,True,unstructured_anomaly,False,D_strongly_isolated_transducer_spike
AWS-KOL-015,2025-03-16T15:00:00+00:00,pressure_hpa,2.6663701128879893,3.078859004870107,1.3000000000000682,1.6308600000000337,1.366370112887921,0.8378218319707963,1.0,4.388713674871422,True,unstructured_anomaly,False,A_strongly_common_mode
AWS-MUM-102,2025-03-16T15:00:00+00:00,pressure_hpa,-4.599999999999909,-5.311622476544453,1.1000000000000227,0.5930399999999663,-5.699999999999932,-9.611493322541913,-1.0,-32.083735277967776,True,drift,False,D_strongly_isolated_transducer_spike
AWS-KOL-101,2025-03-16T16:00:00+00:00,pressure_hpa,3.3231098818038163,3.837196769612278,0.20000000000004547,0.4330127018922193,3.123109881803771,7.21251332387275,1.0,-18.648134699159524,True,unstructured_anomaly,True,B_likely_common_mode_with_phase_lag
AWS-MUM-102,2025-03-16T16:00:00+00:00,pressure_hpa,-4.7999999999999545,-5.542562584220355,1.1000000000000227,0.5930399999999663,-5.899999999999977,-9.948738702280306,-1.0,-34.1287008831253,True,drift,False,D_strongly_isolated_transducer_spike
AWS-KOL-102,2025-03-16T16:00:00+00:00,pressure_hpa,7.323109881803816,8.455998923129284,1.3000000000000682,1.7791200000000673,6.023109881803748,3.3854432988238683,1.0,30.02134572920609,True,unstructured_anomaly,True,B_likely_common_mode_with_phase_lag
AWS-KOL-015,2025-03-16T16:00:00+00:00,pressure_hpa,3.6231098818038845,4.183606931126132,1.3000000000000682,1.6308600000000337,2.3231098818038163,1.424469225932188,1.0,7.736727189269382,True,unstructured_anomaly,True,A_strongly_common_mode
AWS-KOL-103,2025-03-16T16:00:00+00:00,pressure_hpa,4.323109881803816,4.991897307991529,0.20000000000004547,0.4330127018922193,4.123109881803771,9.521914400631253,1.0,-32.87390755970788,True,unstructured_anomaly,True,B_likely_common_mode_with_phase_lag
AWS-KOL-015,2025-03-16T17:00:00+00:00,pressure_hpa,3.4883461518054446,4.027995179542938,1.3000000000000682,1.6308600000000337,2.1883461518053764,1.3418356890262384,1.0,7.212111075038312,True,unstructured_anomaly,True,A_strongly_common_mode
AWS-KOL-102,2025-03-16T17:00:00+00:00,pressure_hpa,7.188346151805376,8.30038717154609,1.3000000000000682,1.7791200000000673,5.888346151805308,3.3096958899934155,1.0,28.971170156663796,True,unstructured_anomaly,True,B_likely_common_mode_with_phase_lag
AWS-KOL-103,2025-03-16T17:00:00+00:00,pressure_hpa,3.388346151805422,3.912525125704986,0.20000000000004547,0.4330127018922193,3.1883461518053764,7.3631700360581664,1.0,-19.454210060316,True,unstructured_anomaly,True,B_likely_common_mode_with_phase_lag
AWS-MUM-102,2025-03-16T17:00:00+00:00,pressure_hpa,-4.7999999999999545,-5.542562584220355,1.1000000000000227,0.5930399999999663,-5.899999999999977,-9.948738702280306,-1.0,-34.1287008831253,True,drift,False,D_strongly_isolated_transducer_spike
AWS-KOL-103,2025-03-16T18:00:00+00:00,pressure_hpa,-3.3999999999999773,-3.9259818304894294,0.20000000000004547,0.4330127018922193,-3.6000000000000227,-8.313843876330663,-1.0,-26.85333333333387,False,normal,False,D_strongly_isolated_transducer_spike
AWS-KOL-015,2025-03-16T18:00:00+00:00,pressure_hpa,-3.3999999999999773,-3.9259818304894294,1.3000000000000682,1.6308600000000337,-4.7000000000000455,-2.881915063218148,-1.0,3.553949450864735,False,normal,False,C_mixed_uncertain
AWS-KOL-101,2025-03-16T18:00:00+00:00,pressure_hpa,-7.023109881803862,-8.10958876161556,0.20000000000004547,0.4330127018922193,-7.223109881803907,-16.68105773858293,-1.0,-106.246128697708,False,normal,False,D_strongly_isolated_transducer_spike
AWS-MUM-102,2025-03-16T18:00:00+00:00,pressure_hpa,-4.2999999999999545,-4.96521231503073,1.1000000000000227,0.5930399999999663,-5.399999999999977,-9.105625252934514,-1.0,-29.129538956772958,True,drift,False,D_strongly_isolated_transducer_spike
AWS-KOL-101,2025-03-16T19:00:00+00:00,pressure_hpa,-6.423109881803839,-7.416768438587984,0.20000000000004547,0.4330127018922193,-6.6231098818038845,-15.295417092527774,-1.0,-89.47066498137798,False,normal,False,D_strongly_isolated_transducer_spike
AWS-KOL-015,2025-03-16T19:00:00+00:00,pressure_hpa,-2.8999999999999773,-3.348631561299803,1.3000000000000682,1.6308600000000337,-4.2000000000000455,-2.575328354365156,-1.0,2.290508600268007,False,normal,False,C_mixed_uncertain
AWS-KOL-103,2025-03-16T19:00:00+00:00,pressure_hpa,-2.800000000000068,-3.233161507461983,0.20000000000004547,0.4330127018922193,-3.0000000000001137,-6.928203230275773,-1.0,-18.773333333334904,False,normal,False,D_strongly_isolated_transducer_spike
AWS-MUM-102,2025-03-16T19:00:00+00:00,pressure_hpa,-3.8999999999999773,-4.503332099679055,1.1000000000000227,0.5930399999999663,-5.0,-8.43113449345792,-1.0,-25.40201442338809,True,drift,False,D_strongly_isolated_transducer_spike
AWS-KOL-015,2025-03-16T20:00:00+00:00,pressure_hpa,-2.5,-2.886751345948129,1.3000000000000682,1.6308600000000337,-3.800000000000068,-2.330058987282777,-1.0,1.4520792245580476,False,normal,False,C_mixed_uncertain
AWS-KOL-101,2025-03-16T20:00:00+00:00,pressure_hpa,-6.023109881803862,-6.95488822323631,0.20000000000004547,0.4330127018922193,-6.223109881803907,-14.371656661824424,-1.0,-79.08702250382562,False,normal,False,D_strongly_isolated_transducer_spike
AWS-MUM-102,2025-03-16T20:00:00+00:00,pressure_hpa,-3.199999999999932,-3.695041722813526,1.1000000000000227,0.5930399999999663,-4.2999999999999545,-7.250775664373734,-1.0,-19.460207200870805,True,drift,False,D_strongly_isolated_transducer_spike
AWS-KOL-101,2025-03-16T21:00:00+00:00,pressure_hpa,-1013.8078915453523,-1170.6445181805523,0.20000000000004547,0.4330127018922193,-1014.0078915453523,-2341.7509165764563,-1.0,-2056694.383670248,True,sensor_fail_low,False,D_strongly_isolated_transducer_spike
AWS-KOL-103,2025-03-16T21:00:00+00:00,pressure_hpa,-1009.5847816635485,-1165.7680909263986,0.20000000000004547,0.4330127018922193,-1009.7847816635485,-2331.998062068149,-1.0,-2039599.8598337115,True,sensor_fail_low,False,D_strongly_isolated_transducer_spike
AWS-KOL-102,2025-03-16T21:00:00+00:00,pressure_hpa,-1006.0847816635485,-1161.7266390420712,1.3000000000000682,1.7791200000000673,-1007.3847816635486,-566.2264387244876,-1.0,514498.2019746853,True,sensor_fail_low,False,D_strongly_isolated_transducer_spike
AWS-MUM-102,2025-03-16T21:00:00+00:00,pressure_hpa,-2.199999999999932,-2.5403411844342747,1.1000000000000227,0.5930399999999663,-3.2999999999999545,-5.56454876568215,-1.0,-12.255434816160903,True,drift,False,D_strongly_isolated_transducer_spike
AWS-KOL-015,2025-03-16T21:00:00+00:00,pressure_hpa,-1009.3847816635484,-1165.5371508187227,1.3000000000000682,1.6308600000000337,-1010.6847816635485,-619.7250417960632,-1.0,487208.8612547468,True,sensor_fail_low,False,D_strongly_isolated_transducer_spike
AWS-KOL-015,2025-03-16T22:00:00+00:00,pressure_hpa,-1009.3963983213383,-1165.5505645797268,1.3000000000000682,1.6308600000000337,-1010.6963983213384,-619.7321648218225,-1.0,487220.0812386887,True,sensor_fail_low,False,D_strongly_isolated_transducer_spike
AWS-KOL-102,2025-03-16T22:00:00+00:00,pressure_hpa,-1006.0963983213384,-1161.7400528030753,1.3000000000000682,1.7791200000000673,-1007.3963983213384,-566.232968164767,-1.0,514510.08802510507,True,sensor_fail_low,False,D_strongly_isolated_transducer_spike
AWS-KOL-101,2025-03-16T22:00:00+00:00,pressure_hpa,-1013.8195082031422,-1170.6579319415564,0.20000000000004547,0.4330127018922193,-1014.0195082031422,-2341.7777440984646,-1.0,-2056741.5045686061,True,sensor_fail_low,False,D_strongly_isolated_transducer_spike
AWS-KOL-103,2025-03-16T22:00:00+00:00,pressure_hpa,-1009.5963983213384,-1165.7815046874027,0.20000000000004547,0.4330127018922193,-1009.7963983213384,-2332.0248895901573,-1.0,-2039646.7844983805,True,sensor_fail_low,False,D_strongly_isolated_transducer_spike
AWS-KOL-101,2025-03-16T23:00:00+00:00,pressure_hpa,-1013.8024153675352,-1170.6381948350786,0.20000000000004547,0.4330127018922193,-1014.0024153675353,-2341.738269885509,-1.0,-2056672.1707198229,True,sensor_fail_low,False,D_strongly_isolated_transducer_spike
AWS-KOL-102,2025-03-16T23:00:00+00:00,pressure_hpa,-1006.0793054857314,-1161.7203156965977,1.3000000000000682,1.7791200000000673,-1007.3793054857315,-566.2233606983752,-1.0,514492.59885082016,True,sensor_fail_low,False,D_strongly_isolated_transducer_spike
AWS-KOL-103,2025-03-16T23:00:00+00:00,pressure_hpa,-1009.5793054857314,-1165.761767580925,0.20000000000004547,0.4330127018922193,-1009.7793054857315,-2331.9854153772017,-1.0,-2039577.7393892887,True,sensor_fail_low,False,D_strongly_isolated_transducer_spike
AWS-KOL-015,2025-03-16T23:00:00+00:00,pressure_hpa,-1009.3793054857314,-1165.530827473249,1.3000000000000682,1.6308600000000337,-1010.6793054857314,-619.7216839493951,-1.0,487203.5721167013,True,sensor_fail_low,False,D_strongly_isolated_transducer_spike
AWS-KOL-103,2025-03-17T00:00:00+00:00,pressure_hpa,-1009.5191895159174,-1165.6923516382155,0.20000000000004547,0.4330127018922193,-1009.7191895159175,-2331.846583491783,-1.0,-2039334.9151372334,True,sensor_fail_low,False,D_strongly_isolated_transducer_spike
AWS-KOL-015,2025-03-17T00:00:00+00:00,pressure_hpa,-1009.3191895159174,-1165.4614115305396,1.3000000000000682,1.6308600000000337,-1010.6191895159175,-619.6848224347256,-1.0,487145.5113054003,True,sensor_fail_low,False,D_strongly_isolated_transducer_spike
AWS-KOL-102,2025-03-17T00:00:00+00:00,pressure_hpa,-1006.0191895159174,-1161.6508997538883,1.3000000000000682,1.7791200000000673,-1007.3191895159175,-566.1895709765948,-1.0,514431.09130817896,True,sensor_fail_low,False,D_strongly_isolated_transducer_spike
AWS-KOL-101,2025-03-17T00:00:00+00:00,pressure_hpa,-1013.7422993977212,-1170.5687788923692,0.20000000000004547,0.4330127018922193,-1013.9422993977213,-2341.5994380000902,-1.0,-2056428.330962383,True,sensor_fail_low,False,D_strongly_isolated_transducer_spike
AWS-KOL-101,2025-03-17T01:00:00+00:00,pressure_hpa,-6.523109881803862,-7.532238492425935,0.20000000000004547,0.4330127018922193,-6.723109881803907,-15.526357200203677,-1.0,-92.16657560076682,False,normal,False,D_strongly_isolated_transducer_spike
AWS-KOL-015,2025-03-17T01:00:00+00:00,pressure_hpa,-3.0,-3.464101615137755,1.3000000000000682,1.6308600000000337,-4.300000000000068,-2.6366456961357683,-1.0,2.5240497365243657,False,normal,False,C_mixed_uncertain
AWS-KOL-103,2025-03-17T01:00:00+00:00,pressure_hpa,-3.1000000000000227,-3.579571668975706,0.20000000000004547,4.63032271076227,-3.300000000000068,-0.712693305874744,0.0,6.152700792547424,False,normal,False,C_mixed_uncertain
AWS-KOL-103,2025-03-17T02:00:00+00:00,pressure_hpa,-3.5,-4.041451884327381,0.20000000000004547,4.63032271076227,-3.7000000000000455,-0.7990803732534941,0.0,7.847401945207196,False,normal,False,C_mixed_uncertain
AWS-KOL-101,2025-03-17T02:00:00+00:00,pressure_hpa,-7.023109881803862,-8.10958876161556,0.20000000000004547,1.6308600000000337,-7.223109881803907,-4.42901897269156,0.0,23.0746104110298,False,normal,False,D_strongly_isolated_transducer_spike
AWS-KOL-101,2025-03-17T03:00:00+00:00,pressure_hpa,-7.323109881803816,-8.455998923129284,0.20000000000004547,1.0378200000000675,-7.523109881803862,-7.248954425433478,0.0,9.478288762976003,False,normal,False,D_strongly_isolated_transducer_spike
AWS-KOL-103,2025-03-17T03:00:00+00:00,pressure_hpa,-3.800000000000068,-4.387862045841235,0.20000000000004547,1.0378200000000675,-4.000000000000114,-3.8542329112946887,0.0,2.1991109994134472,False,normal,False,D_strongly_isolated_transducer_spike
AWS-KOL-101,2025-03-17T04:00:00+00:00,pressure_hpa,-7.301486926472194,-8.431030884966509,0.20000000000004547,0.7413,-7.501486926472239,-10.119367228480021,0.0,-15.65965566078814,True,multivariate_inconsistency,False,D_strongly_isolated_transducer_spike
AWS-KOL-103,2025-03-17T04:00:00+00:00,pressure_hpa,-3.8783770446683548,-4.47836406151628,0.20000000000004547,0.7413,-4.0783770446684,-5.501655260580602,0.0,-5.1062329693968085,True,multivariate_inconsistency,False,D_strongly_isolated_transducer_spike
AWS-MUM-007,2025-03-17T04:00:00+00:00,pressure_hpa,-1009.5586005911601,-1165.7378596280164,-2.0500000000000114,0.4330127018922193,-1007.5086005911601,-2326.741447048678,1.0,-2027390.502022033,True,sensor_fail_low,False,D_strongly_isolated_transducer_spike
AWS-MUM-007,2025-03-17T05:00:00+00:00,pressure_hpa,-1009.6148285476768,-1165.802786079678,-2.0500000000000114,0.4330127018922193,-1007.5648285476768,-2326.8712999520017,1.0,-2027616.9552545892,True,sensor_fail_low,False,D_strongly_isolated_transducer_spike
AWS-KOL-103,2025-03-17T05:00:00+00:00,pressure_hpa,-2.889543526752277,-3.336557466011136,0.20000000000004547,0.7413,-3.0895435267523226,-4.167737119590345,0.0,-3.1187084870082886,True,multivariate_inconsistency,False,D_strongly_isolated_transducer_spike
AWS-KOL-101,2025-03-17T05:00:00+00:00,pressure_hpa,-6.512653408556048,-7.520164397137137,0.20000000000004547,0.7413,-6.712653408556093,-9.05524539128031,0.0,-12.722298268167176,True,multivariate_inconsistency,False,D_strongly_isolated_transducer_spike
AWS-MUM-007,2025-03-17T06:00:00+00:00,pressure_hpa,-1009.596672709207,-1165.7818215232223,-2.0500000000000114,0.4330127018922193,-1007.5466727092071,-2326.82937083909,1.0,-2027543.832802717,True,sensor_fail_low,False,D_strongly_isolated_transducer_spike
AWS-KOL-101,2025-03-17T06:00:00+00:00,pressure_hpa,-5.226111165295379,-6.0345933761963915,0.20000000000004547,0.7413,-5.426111165295424,-7.319723681769087,0.0,-8.58101878070892,True,multivariate_inconsistency,False,D_strongly_isolated_transducer_spike
AWS-KOL-015,2025-03-17T07:00:00+00:00,pressure_hpa,2.970629343381461,3.4301873021277753,1.3000000000000682,1.6308600000000337,1.6706293433813926,1.0243855042010706,1.0,5.358409633230672,True,multivariate_inconsistency,True,A_strongly_common_mode
AWS-KOL-101,2025-03-17T07:00:00+00:00,pressure_hpa,-4.3524805384223555,-5.025811621001509,0.20000000000004547,0.7413,-4.552480538422401,-6.141212111725888,0.0,-6.227851875707465,True,multivariate_inconsistency,False,D_strongly_isolated_transducer_spike
AWS-KOL-102,2025-03-17T07:00:00+00:00,pressure_hpa,2.870629343381438,3.314717248289824,1.3000000000000682,2.372160000000034,1.5706293433813698,0.6621093616709444,0.3333333333333333,5.2744808146488795,True,multivariate_inconsistency,True,A_strongly_common_mode
AWS-MUM-007,2025-03-17T07:00:00+00:00,pressure_hpa,-1009.6348711911651,-1165.8259293309047,-2.0500000000000114,0.4330127018922193,-1007.5848711911651,-2326.9175864544545,1.0,-2027697.6783253783,True,sensor_fail_low,False,D_strongly_isolated_transducer_spike
AWS-KOL-015,2025-03-17T08:00:00+00:00,pressure_hpa,3.5,4.041451884327381,1.3000000000000682,1.6308600000000337,2.199999999999932,1.3489815189531207,1.0,7.256791097428134,False,normal,True,A_strongly_common_mode
AWS-KOL-101,2025-03-17T08:00:00+00:00,pressure_hpa,-3.8231098818038163,-4.414547038801904,0.20000000000004547,0.7413,-4.023109881803862,-5.4271008792713635,0.0,-4.9825991979966755,False,normal,False,D_strongly_isolated_transducer_spike
AWS-KOL-102,2025-03-17T08:00:00+00:00,pressure_hpa,3.3999999999999773,3.9259818304894294,1.3000000000000682,2.372160000000034,2.099999999999909,0.8852691218129802,0.3333333333333333,7.314815957648803,False,normal,True,A_strongly_common_mode
AWS-MUM-007,2025-03-17T08:00:00+00:00,pressure_hpa,2.199999999999932,2.5403411844342747,-2.0500000000000114,0.4330127018922193,4.249999999999943,9.814954576223506,-1.0,-44.93999999999891,True,frozen_value,True,B_likely_common_mode_with_phase_lag
AWS-KOL-101,2025-03-17T09:00:00+00:00,pressure_hpa,-3.623109881803771,-4.1836069311260005,0.20000000000004547,0.7413,-3.8231098818038163,-5.157304575480665,0.0,-4.547611765054144,False,normal,False,D_strongly_isolated_transducer_spike
AWS-KOL-102,2025-03-17T09:00:00+00:00,pressure_hpa,3.6000000000000227,4.156921938165332,-0.2999999999999545,2.372160000000034,3.8999999999999773,1.6440712262241677,-0.3333333333333333,7.28851490155099,False,normal,True,B_likely_common_mode_with_phase_lag
AWS-MUM-102,2025-03-17T09:00:00+00:00,pressure_hpa,2.300000000000068,2.6558112382723573,0.049999999999954525,3.187589999999966,2.2500000000001137,0.705862422708108,0.0,3.277545786771196,True,drift,False,C_mixed_uncertain
AWS-KOL-015,2025-03-17T09:00:00+00:00,pressure_hpa,3.6000000000000227,4.156921938165332,0.20000000000004547,1.6308600000000337,3.3999999999999773,2.084789620200328,0.0,6.466826119752595,False,normal,True,B_likely_common_mode_with_phase_lag
AWS-MUM-102,2025-03-17T10:00:00+00:00,pressure_hpa,2.400000000000091,2.771281292110309,0.049999999999954525,3.187589999999966,2.3500000000001364,0.737234085939585,0.0,3.568242951264704,False,normal,False,C_mixed_uncertain
AWS-KOL-015,2025-03-17T11:00:00+00:00,pressure_hpa,2.699999999999932,3.1176914536239004,0.20000000000004547,1.6308600000000337,2.4999999999998863,1.5329335442648877,0.0,3.685057374433499,False,normal,True,B_likely_common_mode_with_phase_lag
AWS-MUM-102,2025-03-17T11:00:00+00:00,pressure_hpa,2.2000000000000455,2.540341184434406,0.049999999999954525,3.187589999999966,2.150000000000091,0.674490759476631,0.0,2.9991977743571194,False,normal,False,C_mixed_uncertain
AWS-KOL-102,2025-03-17T11:00:00+00:00,pressure_hpa,2.699999999999932,3.1176914536239004,-1.2000000000000455,1.3343400000001349,3.8999999999999773,2.9227932910649335,-1.0,0.5886396888526617,False,normal,True,B_likely_common_mode_with_phase_lag
AWS-KOL-101,2025-03-17T12:00:00+00:00,pressure_hpa,-2.2000000000000455,-2.540341184434406,-0.2999999999999545,0.7413,-1.900000000000091,-2.5630648860111847,1.0,-0.05798413828496285,False,normal,False,C_mixed_uncertain
AWS-KOL-102,2025-03-17T13:00:00+00:00,pressure_hpa,-1006.1164262611562,-1161.7631790759656,-1.1999999999999318,1.334339999999966,-1004.9164262611563,-753.1187150660115,1.0,391252.94263700687,True,sensor_fail_low,False,D_strongly_isolated_transducer_spike
AWS-KOL-015,2025-03-17T13:00:00+00:00,pressure_hpa,-1005.6164262611562,-1161.185828806776,-1.1999999999999318,2.075639999999966,-1004.4164262611563,-483.9068558426185,1.0,557093.3419450953,True,sensor_fail_low,False,D_strongly_isolated_transducer_spike
AWS-KOL-101,2025-03-17T13:00:00+00:00,pressure_hpa,-1010.2164262611562,-1166.4974512833207,-0.2999999999999545,0.7413,-1009.9164262611563,-1362.3585947135523,1.0,-247652.31836970092,True,sensor_fail_low,False,D_strongly_isolated_transducer_spike
AWS-KOL-103,2025-03-17T13:00:00+00:00,pressure_hpa,-1007.2164262611562,-1163.0333496681828,-0.2999999999999545,0.7413,-1006.9164262611563,-1358.3116501566928,1.0,-246181.98325550207,True,sensor_fail_low,False,D_strongly_isolated_transducer_spike
AWS-MUM-101,2025-03-17T14:00:00+00:00,pressure_hpa,-10.566380840157535,-12.201005644850115,0.0999999999999659,3.1134599999999493,-10.666380840157501,-3.4258930065450253,0.0,68.56389792668513,True,spike,True,B_likely_common_mode_with_phase_lag
AWS-KOL-101,2025-03-17T14:00:00+00:00,pressure_hpa,-1010.2030662172915,-1166.4820244334774,-0.2999999999999545,0.7413,-1009.9030662172916,-1362.3405722612863,1.0,-247645.7607513927,True,sensor_fail_low,False,D_strongly_isolated_transducer_spike
AWS-MUM-007,2025-03-17T14:00:00+00:00,pressure_hpa,-10.853075269459055,-12.532051856714912,-2.0500000000000114,0.4330127018922193,-8.803075269459043,-20.329831506074864,1.0,-128.12486266300124,True,spike,False,D_strongly_isolated_transducer_spike
AWS-KOL-102,2025-03-17T14:00:00+00:00,pressure_hpa,-1006.1030662172915,-1161.7477522261222,-1.1999999999999318,1.334339999999966,-1004.9030662172916,-753.1087025925304,1.0,391242.5609409215,True,sensor_fail_low,False,D_strongly_isolated_transducer_spike
AWS-KOL-103,2025-03-17T14:00:00+00:00,pressure_hpa,-1007.2030662172915,-1163.0179228183395,-0.2999999999999545,0.7413,-1006.9030662172916,-1358.2936277044269,1.0,-246175.4451328835,True,sensor_fail_low,False,D_strongly_isolated_transducer_spike
AWS-MUM-102,2025-03-17T14:00:00+00:00,pressure_hpa,-10.025676530339751,-11.576654087199538,0.049999999999954525,3.187589999999966,-10.075676530339706,-3.1609073093904216,0.0,62.01379241805798,True,spike,False,D_strongly_isolated_transducer_spike
AWS-KOL-015,2025-03-17T14:00:00+00:00,pressure_hpa,-1005.6030662172915,-1161.1704019569327,-1.1999999999999318,2.075639999999966,-1004.4030662172916,-483.90041925252353,1.0,557078.5433140283,True,sensor_fail_low,False,D_strongly_isolated_transducer_spike
AWS-KOL-103,2025-03-17T15:00:00+00:00,pressure_hpa,-1007.2526449255353,-1163.0751713794407,-0.2999999999999545,0.7413,-1006.9526449255353,-1358.3605084655812,1.0,-246199.70833977847,True,sensor_fail_low,False,D_strongly_isolated_transducer_spike
AWS-MUM-007,2025-03-17T15:00:00+00:00,pressure_hpa,-11.65307526945901,-13.45581228741826,-2.0500000000000114,0.4330127018922193,-9.603075269458998,-22.177352367481564,1.0,-155.38803685860194,True,spike,False,D_strongly_isolated_transducer_spike
AWS-KOL-102,2025-03-17T15:00:00+00:00,pressure_hpa,-1006.1526449255352,-1161.8050007872234,-1.1999999999999318,1.334339999999966,-1004.9526449255353,-753.1458585709496,1.0,391281.08778581367,True,sensor_fail_low,False,D_strongly_isolated_transducer_spike
AWS-KOL-015,2025-03-17T15:00:00+00:00,pressure_hpa,-1005.6526449255352,-1161.227650518034,-1.1999999999999318,2.075639999999966,-1004.4526449255353,-483.9243052386501,1.0,557133.4615634613,True,sensor_fail_low,False,D_strongly_isolated_transducer_spike
AWS-MUM-101,2025-03-17T15:00:00+00:00,pressure_hpa,-11.26638084015758,-13.009296021715643,0.0999999999999659,3.1134599999999493,-11.366380840157547,-3.6507232597039088,0.0,77.95700133084168,True,spike,True,B_likely_common_mode_with_phase_lag
AWS-KOL-101,2025-03-17T15:00:00+00:00,pressure_hpa,-1010.2526449255353,-1166.5392729945784,-0.2999999999999545,0.7413,-1009.9526449255353,-1362.407453022441,1.0,-247670.09630618745,True,sensor_fail_low,False,D_strongly_isolated_transducer_spike
AWS-MUM-102,2025-03-17T15:00:00+00:00,pressure_hpa,-10.825676530339706,-12.500414517902888,0.049999999999954525,3.187589999999966,-10.87567653033966,-3.411880615242166,0.0,72.30971689336602,True,spike,False,D_strongly_isolated_transducer_spike
AWS-KOL-102,2025-03-17T16:00:00+00:00,pressure_hpa,-1006.1167228086179,-1161.7635214994793,-1.1999999999999318,1.334339999999966,-1004.9167228086179,-753.1189373088145,1.0,391253.17307685665,True,sensor_fail_low,False,D_strongly_isolated_transducer_spike
AWS-MUM-007,2025-03-17T16:00:00+00:00,pressure_hpa,-11.853075269459055,-13.686752395094164,-2.0500000000000114,0.4330127018922193,-9.803075269459043,-22.63923258283337,1.0,-162.60383040750412,True,spike,False,D_strongly_isolated_transducer_spike
AWS-KOL-015,2025-03-17T16:00:00+00:00,pressure_hpa,-1005.6167228086179,-1161.1861712302896,-1.1999999999999318,2.075639999999966,-1004.4167228086179,-483.90699871299176,1.0,557093.670426522,True,sensor_fail_low,False,D_strongly_isolated_transducer_spike
AWS-MUM-102,2025-03-17T16:00:00+00:00,pressure_hpa,-10.925676530339729,-12.615884571740839,0.049999999999954525,3.187589999999966,-10.975676530339683,-3.4432522784736435,0.0,73.6522786371373,True,spike,False,D_strongly_isolated_transducer_spike
AWS-KOL-103,2025-03-17T16:00:00+00:00,pressure_hpa,-1007.2167228086179,-1163.0336920916964,-0.2999999999999545,0.7413,-1006.9167228086179,-1358.312050193738,1.0,-246182.12838053657,True,sensor_fail_low,False,D_strongly_isolated_transducer_spike
AWS-MUM-101,2025-03-17T16:00:00+00:00,pressure_hpa,-11.26638084015758,-13.009296021715643,0.0999999999999659,3.1134599999999493,-11.366380840157547,-3.6507232597039088,0.0,77.95700133084168,True,spike,True,B_likely_common_mode_with_phase_lag
AWS-KOL-101,2025-03-17T16:00:00+00:00,pressure_hpa,-1010.2167228086179,-1166.4977937068343,-0.2999999999999545,0.7413,-1009.9167228086179,-1362.3589947505975,1.0,-247652.46392747317,True,sensor_fail_low,False,D_strongly_isolated_transducer_spike
AWS-KOL-101,2025-03-17T17:00:00+00:00,pressure_hpa,-3.1000000000000227,-3.579571668975706,-0.2999999999999545,0.7413,-2.800000000000068,-3.7771482530690252,1.0,-0.726757796164434,False,normal,False,D_strongly_isolated_transducer_spike
AWS-MUM-007,2025-03-17T17:00:00+00:00,pressure_hpa,-11.65307526945901,-13.45581228741826,-2.0500000000000114,0.4330127018922193,-9.603075269458998,-22.177352367481564,1.0,-155.38803685860194,True,spike,False,D_strongly_isolated_transducer_spike
AWS-MUM-102,2025-03-17T17:00:00+00:00,pressure_hpa,-10.525676530339751,-12.154004356389164,0.049999999999954525,3.187589999999966,-10.575676530339706,-3.317765625547771,0.0,68.3561265745302,True,spike,False,D_strongly_isolated_transducer_spike
AWS-MUM-101,2025-03-17T17:00:00+00:00,pressure_hpa,-10.966380840157512,-12.66288586020179,0.0999999999999659,3.1134599999999493,-11.066380840157478,-3.5543674369215146,0.0,73.85757521592521,True,spike,True,B_likely_common_mode_with_phase_lag
AWS-MUM-007,2025-03-17T18:00:00+00:00,pressure_hpa,-2.5,-2.886751345948129,-2.0500000000000114,0.4330127018922193,-0.44999999999998863,-1.0392304845413003,1.0,3.626666666666695,False,normal,False,A_strongly_common_mode
AWS-KOL-102,2025-03-17T20:00:00+00:00,pressure_hpa,2.600033757236588,3.002260379285316,-0.2999999999999545,1.334339999999966,2.9000337572365424,2.1733844126958766,-0.3333333333333333,2.144983789838505,True,multivariate_inconsistency,False,C_mixed_uncertain
AWS-KOL-015,2025-03-17T20:00:00+00:00,pressure_hpa,2.600033757236588,3.002260379285316,0.20000000000004547,0.7412999999998314,2.4000337572365424,3.23760118337662,0.0,-0.7342470187876389,True,multivariate_inconsistency,False,D_strongly_isolated_transducer_spike
AWS-KOL-015,2025-03-17T21:00:00+00:00,pressure_hpa,2.311376786582855,2.6689480198645272,0.20000000000004547,0.7412999999998314,2.1113767865828095,2.848208264647632,0.0,-0.4945033930341469,True,multivariate_inconsistency,False,C_mixed_uncertain
AWS-KOL-102,2025-03-17T21:00:00+00:00,pressure_hpa,2.311376786582855,2.6689480198645272,-0.2999999999999545,1.334339999999966,2.6113767865828095,1.9570550134020384,-0.3333333333333333,1.6466096036283642,True,multivariate_inconsistency,False,C_mixed_uncertain
AWS-KOL-015,2025-03-17T22:00:00+00:00,pressure_hpa,2.926597704669234,3.3793439452010468,0.20000000000004547,0.7412999999998314,2.7265977046691887,3.678129913219761,0.0,-1.0543370792775146,True,multivariate_inconsistency,False,D_strongly_isolated_transducer_spike
AWS-KOL-102,2025-03-17T22:00:00+00:00,pressure_hpa,2.8265977046692115,3.263873891363095,-0.2999999999999545,1.334339999999966,3.126597704669166,2.343179178222376,-0.3333333333333333,2.581192058733392,True,multivariate_inconsistency,False,C_mixed_uncertain
AWS-KOL-015,2025-03-17T23:00:00+00:00,pressure_hpa,2.5610853606345927,2.957286644759984,0.20000000000004547,0.7412999999998314,2.361085360634547,3.185060516167657,0.0,-0.699533096187209,True,multivariate_inconsistency,False,D_strongly_isolated_transducer_spike
AWS-KOL-102,2025-03-17T23:00:00+00:00,pressure_hpa,2.361085360634547,2.726346537084081,-0.2999999999999545,1.334339999999966,2.6610853606345017,1.9943083176960665,-0.3333333333333333,1.7278498871193229,True,multivariate_inconsistency,False,C_mixed_uncertain
AWS-KOL-015,2025-03-18T00:00:00+00:00,pressure_hpa,3.037267323572223,3.507134213730555,0.20000000000004547,0.7412999999998314,2.8372673235721777,3.82742118382952,0.0,-1.1745812626537626,True,multivariate_inconsistency,False,D_strongly_isolated_transducer_spike
AWS-KOL-102,2025-03-18T00:00:00+00:00,pressure_hpa,2.8372673235722914,3.276194106054783,-0.2999999999999545,1.334339999999966,3.137267323572246,2.3511753552860033,-0.3333333333333333,2.6027111346219174,True,multivariate_inconsistency,False,C_mixed_uncertain
AWS-MUM-007,2025-03-18T02:00:00+00:00,pressure_hpa,-2.6187712763492073,-3.0238966026925493,-1.3000000000000114,1.186080000000017,-1.3187712763491959,-1.111873799700844,1.0,3.953843658657174,True,drift,False,A_strongly_common_mode
AWS-MUM-007,2025-03-18T03:00:00+00:00,pressure_hpa,-2.9762440383034345,-3.4366705933770136,-1.3500000000000227,1.11195,-1.6262440383034118,-1.4625154353194045,1.0,4.8358766844174035,True,drift,False,A_strongly_common_mode
AWS-MUM-007,2025-03-18T04:00:00+00:00,pressure_hpa,-3.3590358083974934,-3.8786804563917703,-1.1499999999999773,1.4084700000000674,-2.209035808397516,-1.5683939369652249,1.0,6.292151270643097,True,drift,False,C_mixed_uncertain
AWS-MUM-007,2025-03-18T05:00:00+00:00,pressure_hpa,-3.6654826503717004,-4.232534789804008,-1.1499999999999773,1.4084700000000674,-2.515482650371723,-1.7859682139993063,1.0,7.362334142742694,True,drift,False,C_mixed_uncertain
AWS-MUM-007,2025-03-18T06:00:00+00:00,pressure_hpa,-3.3942337680551873,-3.9193235593583604,-1.1499999999999773,1.4084700000000674,-2.24423376805521,-1.5933841459563234,1.0,6.411112063178263,True,drift,False,C_mixed_uncertain
AWS-KOL-015,2025-03-18T06:00:00+00:00,pressure_hpa,2.2622949782988826,2.612273229414397,0.20000000000004547,0.7412999999998314,2.062294978298837,2.7819978123557347,0.0,-0.4577702014184859,True,multivariate_inconsistency,False,C_mixed_uncertain
AWS-KOL-102,2025-03-18T06:00:00+00:00,pressure_hpa,2.8622949782989053,3.3050935524419742,-0.39999999999997726,1.1860799999999325,3.2622949782988826,2.7504847719370265,-0.3333333333333333,1.6792384548680168,True,multivariate_inconsistency,False,C_mixed_uncertain
AWS-KOL-102,2025-03-18T07:00:00+00:00,pressure_hpa,2.996908643457232,3.460532024073498,-0.39999999999997726,1.1860799999999325,3.396908643457209,2.8639793634977426,-0.3333333333333333,1.8864520475486435,True,multivariate_inconsistency,False,C_mixed_uncertain
AWS-MUM-007,2025-03-18T07:00:00+00:00,pressure_hpa,-3.3441629103982677,-3.861506713064805,-1.1499999999999773,1.4084700000000674,-2.1941629103982905,-1.5578343240524721,1.0,6.242193156924266,True,drift,False,C_mixed_uncertain
AWS-KOL-015,2025-03-18T07:00:00+00:00,pressure_hpa,2.5969086434572546,2.998651808721824,0.20000000000004547,0.7412999999998314,2.396908643457209,3.233385462643672,0.0,-0.7314344400423831,True,multivariate_inconsistency,False,D_strongly_isolated_transducer_spike
AWS-KOL-103,2025-03-18T08:00:00+00:00,pressure_hpa,3.3999999999999773,3.9259818304894294,0.20000000000004547,0.7412999999998314,3.199999999999932,4.316740860651099,0.0,-1.6104591623408293,False,normal,False,D_strongly_isolated_transducer_spike
AWS-MUM-007,2025-03-18T08:00:00+00:00,pressure_hpa,-3.1143115200553666,-3.596097188888637,-1.1499999999999773,1.4084700000000674,-1.9643115200553893,-1.3946420726428645,1.0,5.493444240573586,True,drift,False,A_strongly_common_mode
AWS-KOL-015,2025-03-18T08:00:00+00:00,pressure_hpa,4.099999999999909,4.7342722073548265,0.20000000000004547,0.7412999999998314,3.8999999999998636,5.261027923918455,0.0,-2.632540741458694,False,normal,False,D_strongly_isolated_transducer_spike
AWS-KOL-102,2025-03-18T08:00:00+00:00,pressure_hpa,4.5,5.196152422706632,-0.39999999999997726,1.1860799999999325,4.899999999999977,4.131255901794361,-0.3333333333333333,4.966362336944629,False,normal,False,D_strongly_isolated_transducer_spike
AWS-KOL-101,2025-03-18T08:00:00+00:00,pressure_hpa,3.5,4.041451884327381,-0.39999999999997726,0.8895600000000337,3.8999999999999773,4.384189936597677,-1.0,-1.4438940334155035,False,normal,False,D_strongly_isolated_transducer_spike
AWS-KOL-103,2025-03-18T09:00:00+00:00,pressure_hpa,-4.687979661871282,-5.413212639473751,0.20000000000004547,0.7412999999998314,-4.887979661871327,-6.593794228884984,0.0,-7.087625626359273,True,unstructured_anomaly,True,B_likely_common_mode_with_phase_lag
AWS-KOL-015,2025-03-18T09:00:00+00:00,pressure_hpa,-4.087979661871373,-4.720392316446305,0.20000000000004547,0.7412999999998314,-4.287979661871418,-5.784405317513008,0.0,-5.588620628053729,True,unstructured_anomaly,True,B_likely_common_mode_with_phase_lag
AWS-KOL-102,2025-03-18T09:00:00+00:00,pressure_hpa,-3.587979661871259,-4.1430420472565475,-0.39999999999997726,1.1860799999999325,-3.1879796618712817,-2.687828529164528,0.3333333333333333,4.970187601572487,True,unstructured_anomaly,True,B_likely_common_mode_with_phase_lag
AWS-MUM-102,2025-03-18T09:00:00+00:00,pressure_hpa,2.3147904277598172,2.672889753169399,-2.6071557600276947,0.7519091298170264,4.921946187787512,6.5459322045806845,-1.0,-17.852444397184286,True,multivariate_inconsistency,True,B_likely_common_mode_with_phase_lag
AWS-KOL-101,2025-03-18T09:00:00+00:00,pressure_hpa,-4.687979661871282,-5.413212639473751,-0.39999999999997726,0.8895600000000337,-4.287979661871304,-4.820337764592767,1.0,3.03360745769959,True,unstructured_anomaly,True,B_likely_common_mode_with_phase_lag
AWS-KOL-101,2025-03-18T10:00:00+00:00,pressure_hpa,-5.035201348548753,-5.814149708017179,-0.39999999999997726,0.8895600000000337,-4.635201348548776,-5.210667463182473,1.0,3.3266407076838878,True,unstructured_anomaly,True,B_likely_common_mode_with_phase_lag
AWS-KOL-103,2025-03-18T10:00:00+00:00,pressure_hpa,-5.13520134854889,-5.929619761855261,0.20000000000004547,0.7412999999998314,-5.335201348548935,-7.197088019088288,0.0,-8.318842717159868,True,unstructured_anomaly,True,B_likely_common_mode_with_phase_lag
AWS-KOL-102,2025-03-18T10:00:00+00:00,pressure_hpa,-4.035201348548867,-4.659449169638059,-0.39999999999997726,1.630859999999865,-3.6352013485488897,-2.2290088349393513,0.3333333333333333,8.370993089101555,True,unstructured_anomaly,True,B_likely_common_mode_with_phase_lag
AWS-KOL-015,2025-03-18T10:00:00+00:00,pressure_hpa,-4.435201348548844,-5.121329384989733,0.20000000000004547,0.7412999999998314,-4.63520134854889,-6.2528009558207795,0.0,-6.434752561776971,True,unstructured_anomaly,True,B_likely_common_mode_with_phase_lag
AWS-KOL-102,2025-03-18T11:00:00+00:00,pressure_hpa,-5.130216220710281,-5.923863432056131,-0.39999999999997726,1.630859999999865,-4.730216220710304,-2.900442846541515,0.3333333333333333,13.339794627798998,True,unstructured_anomaly,True,B_likely_common_mode_with_phase_lag
AWS-KOL-015,2025-03-18T11:00:00+00:00,pressure_hpa,-5.430216220710349,-6.270273593569986,-5.130216220710281,0.4330127018922193,-0.3000000000000682,-0.6928203230277085,0.3333333333333333,19.418165469110424,True,unstructured_anomaly,True,A_strongly_common_mode
AWS-KOL-101,2025-03-18T11:00:00+00:00,pressure_hpa,-6.030216220710258,-6.9630939165974315,-5.130216220710281,0.4330127018922193,-0.8999999999999773,-2.0784609690826006,1.0,22.08233844567819,True,unstructured_anomaly,True,B_likely_common_mode_with_phase_lag
AWS-KOL-103,2025-03-18T12:00:00+00:00,pressure_hpa,13.888659662810369,16.037242790013327,-0.39999999999997726,1.630859999999865,14.288659662810346,8.761426279883944,-0.3333333333333333,90.21528292399671,True,unstructured_anomaly,False,D_strongly_isolated_transducer_spike
AWS-KOL-015,2025-03-18T12:00:00+00:00,pressure_hpa,9.553458314261547,11.031383458861546,-5.130216220710281,0.4330127018922193,14.683674534971829,33.910493781835356,-0.3333333333333333,-514.1150837557251,True,unstructured_anomaly,False,D_strongly_isolated_transducer_spike
AWS-KOL-101,2025-03-18T12:00:00+00:00,pressure_hpa,9.053458314261547,10.45403318967192,-5.130216220710281,0.4330127018922193,14.183674534971829,32.755793243456104,-1.0,-481.8275905386413,True,unstructured_anomaly,False,D_strongly_isolated_transducer_spike
AWS-MUM-007,2025-03-18T12:00:00+00:00,pressure_hpa,-2.5676231309486184,-2.964835811661389,-1.1499999999999773,1.4084700000000674,-1.4176231309486411,-1.006498633942202,1.0,3.8886059449911645,True,drift,False,A_strongly_common_mode
AWS-KOL-102,2025-03-18T12:00:00+00:00,pressure_hpa,14.88367453497176,17.18618699859345,-0.39999999999997726,1.630859999999865,15.283674534971738,9.37154294971549,-0.3333333333333333,103.76960314613018,True,unstructured_anomaly,False,D_strongly_isolated_transducer_spike
AWS-KOL-103,2025-03-18T13:00:00+00:00,pressure_hpa,12.830686615383115,14.81560074255834,-0.39999999999997726,1.630859999999865,13.230686615383092,8.112705330552094,-0.3333333333333333,76.84301879126343,True,unstructured_anomaly,False,D_strongly_isolated_transducer_spike
AWS-MUM-007,2025-03-18T13:00:00+00:00,pressure_hpa,-4.028206655913095,-4.651372394285736,-1.1499999999999773,1.4084700000000674,-2.878206655913118,-2.043498729765618,1.0,8.729689045884863,True,drift,False,C_mixed_uncertain
AWS-MUM-101,2025-03-18T13:00:00+00:00,pressure_hpa,-2.3999999999999773,-2.7712812921101775,-1.6571557600276492,2.160379129817094,-0.7428442399723281,-0.34384901692473774,1.0,3.780883926779873,False,normal,False,A_strongly_common_mode
AWS-KOL-101,2025-03-18T13:00:00+00:00,pressure_hpa,8.095485266834316,9.347861196054884,-5.130216220710281,0.4330127018922193,13.225701487544598,30.54344925622203,-1.0,-422.75989176335065,True,unstructured_anomaly,False,D_strongly_isolated_transducer_spike
AWS-KOL-015,2025-03-18T13:00:00+00:00,pressure_hpa,8.495485266834294,9.80974141140656,-5.130216220710281,0.4330127018922193,13.625701487544575,31.46720968692538,-0.3333333333333333,-446.97712946113285,True,unstructured_anomaly,False,D_strongly_isolated_transducer_spike
AWS-KOL-102,2025-03-18T13:00:00+00:00,pressure_hpa,13.92570148754453,16.080015004976413,-0.39999999999997726,1.630859999999865,14.325701487544507,8.784139342154258,-0.3333333333333333,90.70288928894217,True,unstructured_anomaly,False,D_strongly_isolated_transducer_spike
AWS-KOL-102,2025-03-18T14:00:00+00:00,pressure_hpa,12.506759283467886,14.44156167800007,-0.39999999999997726,1.630859999999865,12.906759283467863,7.914081701353232,-0.3333333333333333,72.96300726189307,True,unstructured_anomaly,False,D_strongly_isolated_transducer_spike
AWS-KOL-103,2025-03-18T14:00:00+00:00,pressure_hpa,11.411744411306472,13.177147415581999,-0.39999999999997726,1.630859999999865,11.81174441130645,7.2426476897510685,-0.3333333333333333,60.59063422706143,True,unstructured_anomaly,False,D_strongly_isolated_transducer_spike
AWS-KOL-101,2025-03-18T14:00:00+00:00,pressure_hpa,6.676543062757673,7.709407869078543,-5.130216220710281,0.4330127018922193,11.806759283467954,27.266542602269347,-1.0,-342.01468789477957,True,unstructured_anomaly,False,D_strongly_isolated_transducer_spike
AWS-MUM-007,2025-03-18T14:00:00+00:00,pressure_hpa,-5.105239042554103,-5.895022270991999,-1.1499999999999773,1.4084700000000674,-3.955239042554126,-2.8081812481301958,1.0,13.432702826570797,True,drift,False,C_mixed_uncertain
AWS-KOL-015,2025-03-18T14:00:00+00:00,pressure_hpa,7.17654306275756,8.286758138268038,-5.130216220710281,0.4330127018922193,12.30675928346784,28.421243140648336,-0.3333333333333333,-369.54835060884926,True,unstructured_anomaly,False,D_strongly_isolated_transducer_spike
AWS-MUM-007,2025-03-18T15:00:00+00:00,pressure_hpa,-5.998288459586092,-6.9262269136381125,-1.1499999999999773,1.4084700000000674,-4.848288459586115,-3.442237647650204,1.0,18.06180961815226,True,drift,False,D_strongly_isolated_transducer_spike
AWS-KOL-103,2025-03-18T15:00:00+00:00,pressure_hpa,-3.7123647179134878,-4.286669538434843,-0.39999999999997726,1.630859999999865,-3.3123647179135105,-2.0310539947719515,0.3333333333333333,7.125177701033045,True,unstructured_anomaly,True,B_likely_common_mode_with_phase_lag
AWS-MUM-101,2025-03-18T15:00:00+00:00,pressure_hpa,-3.2999999999999545,-3.8105117766514778,-1.6571557600276492,2.160379129817094,-1.6428442399723053,-0.760442561816173,1.0,6.9708635550890286,False,normal,False,A_strongly_common_mode
AWS-KOL-101,2025-03-18T15:00:00+00:00,pressure_hpa,-8.547566066462196,-9.869879138776119,-5.130216220710281,0.4330127018922193,-3.4173498457519145,-7.892031413439976,1.0,17.565177191662315,True,unstructured_anomaly,True,B_likely_common_mode_with_phase_lag
AWS-MUM-102,2025-03-18T15:00:00+00:00,pressure_hpa,-2.2000000000000455,-2.540341184434406,-2.6071557600276947,0.7519091298170264,0.4071557600276492,0.5414959652461311,1.0,3.080057726477881,False,normal,False,A_strongly_common_mode
AWS-KOL-015,2025-03-18T15:00:00+00:00,pressure_hpa,-8.04756606646231,-9.292528869586624,-5.130216220710281,0.4330127018922193,-2.917349845752028,-6.737330875060987,0.3333333333333333,20.479732736025404,True,unstructured_anomaly,True,B_likely_common_mode_with_phase_lag
AWS-KOL-102,2025-03-18T15:00:00+00:00,pressure_hpa,-2.7173498457519827,-3.137725329854591,-0.39999999999997726,1.630859999999865,-2.3173498457520054,-1.4209373249403365,0.3333333333333333,3.9131286821012505,True,unstructured_anomaly,True,B_likely_common_mode_with_phase_lag
AWS-MUM-101,2025-03-18T16:00:00+00:00,pressure_hpa,-3.199999999999932,-3.695041722813526,-1.6571557600276492,2.160379129817094,-1.5428442399722826,-0.7141543901615574,1.0,6.571658420172863,False,normal,False,A_strongly_common_mode
AWS-MUM-007,2025-03-18T16:00:00+00:00,pressure_hpa,-6.506958192494267,-7.513588128084412,-1.1499999999999773,1.4084700000000674,-5.3569581924942895,-3.803388210252283,1.0,20.994122340302475,True,drift,False,D_strongly_isolated_transducer_spike
AWS-KOL-102,2025-03-18T16:00:00+00:00,pressure_hpa,5.430216220710236,6.270273593569854,-0.39999999999997726,1.630859999999865,5.830216220710213,3.5749336060181105,-0.3333333333333333,13.268090325390883,False,normal,False,D_strongly_isolated_transducer_spike
AWS-KOL-103,2025-03-18T16:00:00+00:00,pressure_hpa,4.335201348548821,5.005859331151782,-0.39999999999997726,1.630859999999865,4.735201348548799,2.9034995944159467,-0.3333333333333333,8.314158874252897,False,normal,False,C_mixed_uncertain
AWS-MUM-101,2025-03-18T17:00:00+00:00,pressure_hpa,-2.7999999999999545,-3.233161507461852,-1.6571557600276492,2.160379129817094,-1.1428442399723053,-0.5290017035431476,1.0,5.0867452654907215,False,normal,False,A_strongly_common_mode
AWS-MUM-007,2025-03-18T17:00:00+00:00,pressure_hpa,-6.930882058763814,-8.003093244697672,-1.1499999999999773,1.4084700000000674,-5.7808820587638365,-4.1043700318526914,1.0,23.60182406247752,True,drift,False,D_strongly_isolated_transducer_spike
AWS-KOL-103,2025-03-18T17:00:00+00:00,pressure_hpa,5.035201348548867,5.81414970801731,-0.39999999999997726,1.630859999999865,5.435201348548844,3.332720986810207,-0.3333333333333333,11.348653825656285,False,normal,False,D_strongly_isolated_transducer_spike
AWS-KOL-102,2025-03-18T17:00:00+00:00,pressure_hpa,6.230216220710304,7.194034024273334,-0.39999999999997726,1.630859999999865,6.630216220710281,4.065472340182989,-0.3333333333333333,17.613030096804714,False,normal,False,D_strongly_isolated_transducer_spike
AWS-KOL-015,2025-03-18T18:00:00+00:00,pressure_hpa,9.946631276253015,11.485380489749259,-5.130216220710281,0.4330127018922193,15.076847496963296,34.81848784361078,-0.3333333333333333,-540.2065653606795,True,unstructured_anomaly,False,D_strongly_isolated_transducer_spike
AWS-MUM-007,2025-03-18T18:00:00+00:00,pressure_hpa,-6.669720624709839,-7.70152999619165,-1.1499999999999773,1.4084700000000674,-5.519720624709862,-3.9189479539568453,1.0,21.977705608208606,True,drift,False,D_strongly_isolated_transducer_spike
AWS-KOL-102,2025-03-18T18:00:00+00:00,pressure_hpa,15.576847496963296,17.986594190995017,-0.39999999999997726,1.630859999999865,15.976847496963273,9.796578183881262,-0.3333333333333333,113.77231323931872,True,unstructured_anomaly,False,D_strongly_isolated_transducer_spike
AWS-KOL-103,2025-03-18T18:00:00+00:00,pressure_hpa,14.38183262480186,16.606709874738993,-0.39999999999997726,1.630859999999865,14.781832624801837,9.06382683050848,-0.3333333333333333,96.81492802515409,True,unstructured_anomaly,False,D_strongly_isolated_transducer_spike
AWS-KOL-101,2025-03-18T18:00:00+00:00,pressure_hpa,9.14663127625306,10.56162005904591,-5.130216220710281,0.4330127018922193,14.276847496963342,32.97096698220408,-1.0,-487.76842273497545,True,unstructured_anomaly,False,D_strongly_isolated_transducer_spike
AWS-KOL-015,2025-03-18T19:00:00+00:00,pressure_hpa,8.929526446132627,10.31092899482111,-5.130216220710281,0.4330127018922193,14.059742666842908,32.46958485375448,-0.3333333333333333,-473.9793419194599,True,unstructured_anomaly,False,D_strongly_isolated_transducer_spike
AWS-MUM-007,2025-03-18T19:00:00+00:00,pressure_hpa,-6.723158051662608,-7.7632342218636134,-1.1499999999999773,1.4084700000000674,-5.573158051662631,-3.9568880073145785,1.0,22.305421440542204,True,drift,False,D_strongly_isolated_transducer_spike
AWS-KOL-102,2025-03-18T19:00:00+00:00,pressure_hpa,14.559742666842908,16.812142696066868,-0.39999999999997726,1.630859999999865,14.959742666842885,9.172916539031016,-0.3333333333333333,99.25287210044289,True,unstructured_anomaly,False,D_strongly_isolated_transducer_spike
AWS-KOL-103,2025-03-18T19:00:00+00:00,pressure_hpa,13.264727794681448,15.31678832597289,-0.39999999999997726,1.630859999999865,13.664727794681426,8.378847843887616,-0.3333333333333333,82.19945671581962,True,unstructured_anomaly,False,D_strongly_isolated_transducer_spike
AWS-KOL-101,2025-03-18T19:00:00+00:00,pressure_hpa,8.129526446132672,9.387168564117761,-5.130216220710281,0.4330127018922193,13.259742666842953,30.622063992347783,-1.0,-424.795934750141,True,unstructured_anomaly,False,D_strongly_isolated_transducer_spike
AWS-KOL-101,2025-03-18T20:00:00+00:00,pressure_hpa,-5.290363108420138,-6.108785129514464,-5.130216220710281,0.4330127018922193,-0.16014688770985686,-0.3698433949166665,1.0,18.59023581090678,True,unstructured_anomaly,True,A_strongly_common_mode
AWS-KOL-015,2025-03-18T20:00:00+00:00,pressure_hpa,-4.490363108420183,-5.185024698811115,-5.130216220710281,0.4330127018922193,0.6398531122900977,1.477677466490031,0.3333333333333333,12.350475216154448,True,unstructured_anomaly,True,A_strongly_common_mode
AWS-MUM-007,2025-03-18T20:00:00+00:00,pressure_hpa,-6.690899442540854,-7.725985188543358,-1.1499999999999773,1.4084700000000674,-5.540899442540876,-3.933984708613326,1.0,22.10730572299394,True,drift,False,D_strongly_isolated_transducer_spike
AWS-KOL-103,2025-03-18T21:00:00+00:00,pressure_hpa,16.016160175420055,18.493868777325865,-0.39999999999997726,1.630859999999865,16.416160175420032,10.065953040372191,-0.3333333333333333,120.34988587098516,True,unstructured_anomaly,False,D_strongly_isolated_transducer_spike
AWS-KOL-102,2025-03-18T21:00:00+00:00,pressure_hpa,17.3111750475814,19.98922314741971,-0.39999999999997726,1.630859999999865,17.711175047581378,10.860021735515522,-0.3333333333333333,140.81448497073518,True,unstructured_anomaly,False,D_strongly_isolated_transducer_spike
AWS-KOL-015,2025-03-18T21:00:00+00:00,pressure_hpa,11.68095882687112,13.488009446173953,-5.130216220710281,0.4330127018922193,16.8111750475814,38.82374575646017,-0.3333333333333333,-662.6784178710906,True,unstructured_anomaly,False,D_strongly_isolated_transducer_spike
AWS-MUM-007,2025-03-18T21:00:00+00:00,pressure_hpa,-6.572668590811645,-7.589463960398604,-1.1499999999999773,1.4084700000000674,-5.422668590811668,-3.8500419539013313,1.0,21.38857007969444,True,drift,False,D_strongly_isolated_transducer_spike
AWS-KOL-101,2025-03-18T21:00:00+00:00,pressure_hpa,10.980958826871188,12.679719069308556,-5.130216220710281,0.4330127018922193,16.11117504758147,37.207165002729376,-1.0,-611.7989259318714,True,unstructured_anomaly,False,D_strongly_isolated_transducer_spike
AWS-MUM-007,2025-03-18T22:00:00+00:00,pressure_hpa,-6.6682060563661025,-7.699781123309725,0.1500000000000341,0.5189099999999494,-6.818206056366137,-13.13947708921933,-1.0,-56.67961441562146,True,drift,True,B_likely_common_mode_with_phase_lag
AWS-KOL-015,2025-03-18T22:00:00+00:00,pressure_hpa,-3.5088616608259144,-4.051684448853998,-5.130216220710281,0.4330127018922193,1.6213545598843666,3.7443579664042654,0.3333333333333333,1.1979651462551208,True,unstructured_anomaly,True,B_likely_common_mode_with_phase_lag
AWS-KOL-101,2025-03-18T22:00:00+00:00,pressure_hpa,-4.2088616608257325,-4.859974825719265,-5.130216220710281,0.4330127018922193,0.9213545598845485,2.1277772126737333,1.0,9.545959719925698,True,unstructured_anomaly,True,B_likely_common_mode_with_phase_lag
AWS-MUM-007,2025-03-18T23:00:00+00:00,pressure_hpa,-7.277267509489548,-8.403064711137416,1.099999999999966,0.8895599999999494,-8.377267509489513,-9.417315874690848,-1.0,-9.037170872070654,True,drift,True,B_likely_common_mode_with_phase_lag
AWS-KOL-015,2025-03-18T23:00:00+00:00,pressure_hpa,-3.7005153963165185,-4.272987120407394,-5.130216220710281,0.4330127018922193,1.4297008243937626,3.301752623297475,0.3333333333333333,3.678424272857858,True,unstructured_anomaly,True,B_likely_common_mode_with_phase_lag
AWS-KOL-101,2025-03-18T23:00:00+00:00,pressure_hpa,-4.3005153963164275,-4.96580744343484,-5.130216220710281,0.4330127018922193,0.8297008243938535,1.916111977242583,1.0,10.49387922797019,True,unstructured_anomaly,True,B_likely_common_mode_with_phase_lag
AWS-KOL-101,2025-03-19T00:00:00+00:00,pressure_hpa,-4.261553904962852,-4.920818588392808,-5.130216220710281,0.4330127018922193,0.8686623157474287,2.0060896873266465,1.0,10.095029873136932,True,unstructured_anomaly,True,B_likely_common_mode_with_phase_lag
AWS-MUM-007,2025-03-19T00:00:00+00:00,pressure_hpa,-8.099622296569692,-9.352638226517612,0.25,0.4330127018922193,-8.349622296569692,-19.28262672222485,-1.0,-142.1739257562707,True,drift,False,D_strongly_isolated_transducer_spike
AWS-KOL-015,2025-03-19T00:00:00+00:00,pressure_hpa,-3.6615539049629433,-4.227998265365362,-5.130216220710281,0.4330127018922193,1.4686623157473377,3.3917303333815387,0.3333333333333333,3.1860673387760325,True,unstructured_anomaly,True,B_likely_common_mode_with_phase_lag
AWS-KOL-102,2025-03-19T01:00:00+00:00,pressure_hpa,9.030216220710258,10.427195531735187,-0.39999999999997726,1.630859999999865,9.430216220710236,5.782357909759892,-0.3333333333333333,37.64537183023773,False,normal,False,D_strongly_isolated_transducer_spike
AWS-MUM-007,2025-03-19T01:00:00+00:00,pressure_hpa,-9.235052190644183,-10.663719736497324,0.25,0.4330127018922193,-9.485052190644183,-21.904789742184274,-1.0,-183.05244751536944,True,drift,False,D_strongly_isolated_transducer_spike
AWS-KOL-103,2025-03-19T01:00:00+00:00,pressure_hpa,7.835201348548821,9.047311215479162,-0.39999999999997726,1.630859999999865,8.235201348548799,5.049606556387109,-0.3333333333333333,28.177656927713684,False,normal,False,D_strongly_isolated_transducer_spike
AWS-KOL-015,2025-03-19T01:00:00+00:00,pressure_hpa,3.5,4.041451884327381,-5.130216220710281,0.4330127018922193,8.630216220710281,19.930630632767024,-0.3333333333333333,-190.44835204322897,False,normal,False,D_strongly_isolated_transducer_spike
AWS-KOL-101,2025-03-19T01:00:00+00:00,pressure_hpa,2.900000000000091,3.3486315612999347,-5.130216220710281,0.4330127018922193,8.030216220710372,18.54498998671213,-1.0,-166.3516601369596,False,normal,False,D_strongly_isolated_transducer_spike
AWS-KOL-015,2025-03-19T02:00:00+00:00,pressure_hpa,3.5,4.041451884327381,-5.130216220710281,0.4330127018922193,8.630216220710281,19.930630632767024,-1.0,-190.44835204322897,False,normal,False,D_strongly_isolated_transducer_spike
AWS-MUM-007,2025-03-19T02:00:00+00:00,pressure_hpa,-10.483350297142124,-12.105130232128298,0.25,0.4330127018922193,-10.733350297142124,-24.787610733446222,-1.0,-233.94573396803594,True,drift,False,D_strongly_isolated_transducer_spike
AWS-KOL-103,2025-03-19T02:00:00+00:00,pressure_hpa,7.735201348548799,8.931841161641211,-0.39999999999997726,0.44477999999993256,8.135201348548776,18.29039378692839,-1.0,-127.38035917206025,False,normal,False,D_strongly_isolated_transducer_spike
AWS-KOL-102,2025-03-19T02:00:00+00:00,pressure_hpa,9.030216220710258,10.427195531735187,-0.39999999999997726,0.44477999999993256,9.430216220710236,21.201979002454394,-1.0,-170.3987534817394,False,normal,False,D_strongly_isolated_transducer_spike
AWS-KOL-102,2025-03-19T03:00:00+00:00,pressure_hpa,8.930216220710236,10.311725477897234,-0.39999999999997726,0.44477999999993256,9.330216220710213,20.977148749295445,-1.0,-166.85454365927626,False,normal,False,D_strongly_isolated_transducer_spike
AWS-KOL-015,2025-03-19T03:00:00+00:00,pressure_hpa,3.2999999999999545,3.8105117766514778,-5.130216220710281,0.4330127018922193,8.430216220710236,19.46875041741522,-1.0,-182.25612140780282,False,normal,False,D_strongly_isolated_transducer_spike
AWS-KOL-103,2025-03-19T03:00:00+00:00,pressure_hpa,7.735201348548799,8.931841161641211,-0.39999999999997726,0.4330127018922193,8.135201348548776,18.787442753985772,-1.0,-136.59510934875215,False,normal,False,D_strongly_isolated_transducer_spike
AWS-KOL-103,2025-03-19T04:00:00+00:00,pressure_hpa,7.935201348548844,9.162781269317113,-0.39999999999997726,0.8895600000000337,8.335201348548821,9.37002714662137,-1.0,-1.9204240695364376,False,normal,False,D_strongly_isolated_transducer_spike
AWS-KOL-015,2025-03-19T04:00:00+00:00,pressure_hpa,3.5,4.041451884327381,-5.130216220710281,0.4330127018922193,8.630216220710281,19.930630632767024,-1.0,-190.44835204322897,False,normal,False,D_strongly_isolated_transducer_spike
AWS-KOL-102,2025-03-19T04:00:00+00:00,pressure_hpa,9.130216220710281,10.542665585573138,-0.39999999999997726,0.8895600000000337,9.530216220710258,10.713404627804643,-1.0,-1.8146205349188662,False,normal,False,D_strongly_isolated_transducer_spike
AWS-KOL-103,2025-03-19T05:00:00+00:00,pressure_hpa,8.63520134854889,9.971071646182642,-0.39999999999997726,0.8895600000000337,9.035201348548867,10.156933032677419,-1.0,-1.8705094284931434,False,normal,False,D_strongly_isolated_transducer_spike
AWS-KOL-015,2025-03-19T05:00:00+00:00,pressure_hpa,4.2999999999999545,4.96521231503073,-5.130216220710281,0.4330127018922193,9.430216220710236,21.77815149417372,-1.0,-224.81727458492412,False,normal,False,D_strongly_isolated_transducer_spike
AWS-KOL-102,2025-03-19T05:00:00+00:00,pressure_hpa,9.930216220710236,11.466426016276486,-0.39999999999997726,0.8895600000000337,10.330216220710213,11.612725640440017,-1.0,-1.688235606695386,False,normal,False,D_strongly_isolated_transducer_spike
AWS-KOL-015,2025-03-19T06:00:00+00:00,pressure_hpa,5.599999999999909,6.466323014923704,-5.130216220710281,0.4330127018922193,10.73021622071019,24.78037289395967,-0.3333333333333333,-286.1267737151795,False,normal,False,D_strongly_isolated_transducer_spike
AWS-MUM-007,2025-03-19T06:00:00+00:00,pressure_hpa,2.8778742138085818,3.323082904072535,0.25,0.4330127018922193,2.6278742138085818,6.068815538955444,1.0,-12.893821029263949,True,drift,False,D_strongly_isolated_transducer_spike
AWS-KOL-103,2025-03-19T06:00:00+00:00,pressure_hpa,9.935201348548844,11.472182346075616,-0.39999999999997726,1.7791199999998988,10.335201348548821,5.809164839105518,-0.3333333333333333,48.93228582685459,False,normal,False,D_strongly_isolated_transducer_spike
AWS-KOL-102,2025-03-19T06:00:00+00:00,pressure_hpa,11.230216220710304,12.967536716169592,-0.39999999999997726,1.7791199999998988,11.630216220710281,6.53706114298695,-0.3333333333333333,62.71192004902829,False,normal,False,D_strongly_isolated_transducer_spike
AWS-KOL-102,2025-03-19T07:00:00+00:00,pressure_hpa,12.130216220710281,14.006767200710891,-0.39999999999997726,2.520420000000067,12.530216220710258,4.971479444183876,-0.3333333333333333,85.73695977548381,False,normal,False,D_strongly_isolated_transducer_spike
AWS-KOL-103,2025-03-19T07:00:00+00:00,pressure_hpa,10.835201348548821,12.511412830616917,-0.39999999999997726,2.520420000000067,11.235201348548799,4.457670288502908,-0.3333333333333333,68.33231330856202,False,normal,False,D_strongly_isolated_transducer_spike
AWS-KOL-015,2025-03-19T07:00:00+00:00,pressure_hpa,6.399999999999977,7.390083445627184,-5.130216220710281,0.4330127018922193,11.530216220710258,26.627893755366628,-0.3333333333333333,-327.21569625688005,False,normal,False,D_strongly_isolated_transducer_spike
AWS-KOL-015,2025-03-19T08:00:00+00:00,pressure_hpa,7.099999999999909,8.19837382249258,-5.130216220710281,0.4330127018922193,12.23021622071019,28.244474509097426,-0.3333333333333333,-365.26850348086134,True,frozen_value,False,D_strongly_isolated_transducer_spike
AWS-KOL-102,2025-03-19T08:00:00+00:00,pressure_hpa,12.730216220710304,14.699587523738469,-0.39999999999997726,2.520420000000067,13.130216220710281,5.209535006352088,-0.3333333333333333,94.46930919281989,True,frozen_value,False,D_strongly_isolated_transducer_spike
AWS-KOL-103,2025-03-19T08:00:00+00:00,pressure_hpa,11.535201348548867,13.319703207482446,-0.39999999999997726,2.520420000000067,11.935201348548844,4.735401777699163,-0.3333333333333333,77.49523176959089,True,frozen_value,False,D_strongly_isolated_transducer_spike
AWS-KOL-102,2025-03-19T09:00:00+00:00,pressure_hpa,12.72131172577906,14.689305498647366,-0.39999999999997726,2.520420000000067,13.121311725779037,5.206002065440953,-0.3333333333333333,94.33661926360814,True,sensor_fail_low,False,D_strongly_isolated_transducer_spike
AWS-KOL-103,2025-03-19T09:00:00+00:00,pressure_hpa,11.526296853617623,13.309421182391343,-0.39999999999997726,2.520420000000067,11.9262968536176,4.731868836788029,-0.3333333333333333,77.37505476086083,True,sensor_fail_low,False,D_strongly_isolated_transducer_spike
AWS-KOL-015,2025-03-19T09:00:00+00:00,pressure_hpa,7.091095505068665,8.188091797401478,-5.130216220710281,0.4330127018922193,12.221311725778946,28.22391045891522,-0.3333333333333333,-364.7721371550953,True,sensor_fail_low,False,D_strongly_isolated_transducer_spike
AWS-KOL-102,2025-03-19T10:00:00+00:00,pressure_hpa,12.72196729014479,14.690062479173417,-0.39999999999997726,2.520420000000067,13.121967290144767,5.206262166680322,-0.3333333333333333,94.34638494690587,True,sensor_fail_low,False,D_strongly_isolated_transducer_spike
AWS-KOL-103,2025-03-19T10:00:00+00:00,pressure_hpa,11.526952417983352,13.310178162917394,-0.39999999999997726,2.520420000000067,11.92695241798333,4.732128938027397,-0.3333333333333333,77.38389922124338,True,sensor_fail_low,False,D_strongly_isolated_transducer_spike
AWS-KOL-015,2025-03-19T10:00:00+00:00,pressure_hpa,7.091751069434395,8.188848777927529,-5.130216220710281,0.4330127018922193,12.221967290144676,28.225424419967318,-0.3333333333333333,-364.80866968976113,True,sensor_fail_low,False,D_strongly_isolated_transducer_spike
AWS-KOL-102,2025-03-19T11:00:00+00:00,pressure_hpa,12.770020656884412,14.745549727618595,-0.39999999999997726,2.520420000000067,13.17002065688439,5.225327785402448,-0.3333333333333333,95.063593152387,True,sensor_fail_low,False,D_strongly_isolated_transducer_spike
AWS-KOL-015,2025-03-19T11:00:00+00:00,pressure_hpa,7.139804436174018,8.244336026372707,-5.130216220710281,0.4330127018922193,12.270020656884299,28.336398916857675,-0.3333333333333333,-367.49121352977295,True,sensor_fail_low,False,D_strongly_isolated_transducer_spike
AWS-KOL-103,2025-03-19T11:00:00+00:00,pressure_hpa,11.575005784722975,13.36566541136257,-0.39999999999997726,2.520420000000067,11.975005784722953,4.751194556749524,-0.3333333333333333,78.03358108620375,True,sensor_fail_low,False,D_strongly_isolated_transducer_spike
AWS-KOL-015,2025-03-19T12:00:00+00:00,pressure_hpa,7.132623767349742,8.236044504215393,-5.130216220710281,0.4330127018922193,12.262839988060023,28.319815872543046,-0.3333333333333333,-367.0897709896622,True,sensor_fail_low,False,D_strongly_isolated_transducer_spike
AWS-KOL-103,2025-03-19T12:00:00+00:00,pressure_hpa,11.5678251158987,13.357373889205256,-0.39999999999997726,2.520420000000067,11.967825115898677,4.748345559826679,-0.3333333333333333,77.93632583024831,True,sensor_fail_low,False,D_strongly_isolated_transducer_spike
AWS-KOL-102,2025-03-19T12:00:00+00:00,pressure_hpa,12.762839988060136,14.73725820546128,-0.39999999999997726,2.520420000000067,13.162839988060114,5.222478788479604,-0.3333333333333333,94.95624735915823,True,sensor_fail_low,False,D_strongly_isolated_transducer_spike
AWS-KOL-103,2025-03-19T13:00:00+00:00,pressure_hpa,11.537120191120039,13.321918896032443,-0.39999999999997726,2.520420000000067,11.937120191120016,4.736163096277485,-0.3333333333333333,77.52114109896277,True,frozen_value,False,D_strongly_isolated_transducer_spike
AWS-KOL-102,2025-03-19T13:00:00+00:00,pressure_hpa,12.732135063281476,14.701803212288466,-0.39999999999997726,2.520420000000067,13.132135063281453,5.210296324930409,-0.3333333333333333,94.49791494963607,True,frozen_value,False,D_strongly_isolated_transducer_spike
AWS-KOL-015,2025-03-19T13:00:00+00:00,pressure_hpa,7.101918842571081,8.200589511042578,-5.130216220710281,0.4330127018922193,12.232135063281362,28.24890588619742,-0.3333333333333333,-365.37550771930887,True,frozen_value,False,D_strongly_isolated_transducer_spike
AWS-MUM-101,2025-03-19T14:00:00+00:00,pressure_hpa,-3.0,-3.464101615137755,0.9000000000000341,0.5930400000000505,-3.900000000000034,-6.5762849048963,-1.0,-15.623761575183472,True,drift,False,D_strongly_isolated_transducer_spike
AWS-KOL-015,2025-03-19T14:00:00+00:00,pressure_hpa,7.1072971116198005,8.206799801208684,-5.130216220710281,0.4330127018922193,12.237513332330082,28.261326466529628,-0.3333333333333333,-365.67550533532454,True,frozen_value,False,D_strongly_isolated_transducer_spike
AWS-KOL-102,2025-03-19T14:00:00+00:00,pressure_hpa,12.737513332330195,14.708013502454572,-0.39999999999997726,2.520420000000067,13.137513332330172,5.212430203033551,-0.3333333333333333,94.5781162834448,True,frozen_value,False,D_strongly_isolated_transducer_spike
AWS-MUM-102,2025-03-19T14:00:00+00:00,pressure_hpa,-3.0,-3.464101615137755,0.8500000000000227,0.5189100000000337,-3.8500000000000227,-7.419398354242109,-1.0,-21.523735969465257,True,drift,False,D_strongly_isolated_transducer_spike
AWS-KOL-103,2025-03-19T14:00:00+00:00,pressure_hpa,11.542498460168758,13.328129186198549,-0.39999999999997726,2.520420000000067,11.942498460168736,4.738296974380626,-0.3333333333333333,77.5937846932865,True,frozen_value,False,D_strongly_isolated_transducer_spike
AWS-KOL-102,2025-03-19T15:00:00+00:00,pressure_hpa,12.744113232849372,14.715634411137314,-0.39999999999997726,2.520420000000067,13.14411323284935,5.215048774747462,-0.3333333333333333,94.67658119962681,True,drift,False,D_strongly_isolated_transducer_spike
AWS-MUM-102,2025-03-19T15:00:00+00:00,pressure_hpa,-3.900000000000091,-4.503332099679186,0.8500000000000227,0.5189100000000337,-4.750000000000114,-9.153803164324843,-1.0,-31.756056185601285,True,drift,False,D_strongly_isolated_transducer_spike
AWS-MUM-101,2025-03-19T15:00:00+00:00,pressure_hpa,-3.7000000000000455,-4.272391992003284,0.9000000000000341,0.5930400000000505,-4.60000000000008,-7.756643733980318,-1.0,-20.956094341281172,True,drift,False,D_strongly_isolated_transducer_spike
AWS-KOL-103,2025-03-19T15:00:00+00:00,pressure_hpa,11.549098360687935,13.335750094881291,-0.39999999999997726,2.520420000000067,11.949098360687913,4.740915546094538,-0.3333333333333333,77.68297518896276,True,drift,False,D_strongly_isolated_transducer_spike
AWS-MUM-007,2025-03-19T15:00:00+00:00,pressure_hpa,-2.2999999999999545,-2.6558112382722263,1.2500000000000568,0.4330127018922193,-3.5500000000000114,-8.198373822492712,-1.0,-30.080000000000354,True,drift,False,D_strongly_isolated_transducer_spike
AWS-KOL-015,2025-03-19T15:00:00+00:00,pressure_hpa,7.1138970121389775,8.214420709891426,-5.130216220710281,0.4330127018922193,12.244113232849259,28.276568283895116,-0.3333333333333333,-366.043803157345,True,drift,False,D_strongly_isolated_transducer_spike
AWS-MUM-007,2025-03-19T16:00:00+00:00,pressure_hpa,-2.3999999999999773,-2.7712812921101775,1.2500000000000568,0.4330127018922193,-3.650000000000034,-8.429313930168615,-1.0,-31.686666666667403,True,drift,False,D_strongly_isolated_transducer_spike
AWS-MUM-101,2025-03-19T16:00:00+00:00,pressure_hpa,-3.7000000000000455,-4.272391992003284,0.9000000000000341,0.5930400000000505,-4.60000000000008,-7.756643733980318,-1.0,-20.956094341281172,True,drift,False,D_strongly_isolated_transducer_spike
AWS-MUM-102,2025-03-19T16:00:00+00:00,pressure_hpa,-3.900000000000091,-4.503332099679186,0.8500000000000227,0.5189100000000337,-4.750000000000114,-9.153803164324843,-1.0,-31.756056185601285,True,drift,False,D_strongly_isolated_transducer_spike
AWS-KOL-103,2025-03-19T16:00:00+00:00,pressure_hpa,11.589873987945111,13.382833733627903,-0.39999999999997726,2.520420000000067,11.989873987945089,4.757093654210318,-0.3333333333333333,78.23514935350045,True,drift,False,D_strongly_isolated_transducer_spike
AWS-KOL-102,2025-03-19T16:00:00+00:00,pressure_hpa,12.784888860106548,14.762718049883928,-0.39999999999997726,2.520420000000067,13.184888860106525,5.2312268828632424,-0.3333333333333333,95.28605476018882,True,drift,False,D_strongly_isolated_transducer_spike
AWS-KOL-015,2025-03-19T16:00:00+00:00,pressure_hpa,7.1546726393961535,8.26150434863804,-5.130216220710281,0.4330127018922193,12.284888860106435,28.37073556138834,-0.3333333333333333,-368.32309109582985,True,drift,False,D_strongly_isolated_transducer_spike
AWS-KOL-101,2025-03-19T17:00:00+00:00,pressure_hpa,-2.400000000000091,-2.771281292110309,-5.130216220710281,0.4330127018922193,2.73021622071019,6.3051642798916445,1.0,-16.03754829821047,True,drift,True,B_likely_common_mode_with_phase_lag
AWS-MUM-102,2025-03-19T17:00:00+00:00,pressure_hpa,-3.800000000000068,-4.387862045841235,0.8500000000000227,0.5189100000000337,-4.650000000000091,-8.961091518760071,-1.0,-30.523913937129826,True,drift,False,D_strongly_isolated_transducer_spike
AWS-KOL-102,2025-03-19T17:00:00+00:00,pressure_hpa,8.630216220710281,9.965315316383512,-0.39999999999997726,2.520420000000067,9.030216220710258,3.5828219982026877,-0.3333333333333333,43.23544794207135,True,drift,False,D_strongly_isolated_transducer_spike
AWS-MUM-007,2025-03-19T17:00:00+00:00,pressure_hpa,-2.3999999999999773,-2.7712812921101775,1.2500000000000568,0.4330127018922193,-3.650000000000034,-8.429313930168615,-1.0,-31.686666666667403,True,drift,False,D_strongly_isolated_transducer_spike
AWS-KOL-103,2025-03-19T17:00:00+00:00,pressure_hpa,7.535201348548867,8.70090105396544,-0.39999999999997726,2.520420000000067,7.935201348548844,3.1483646965778056,-0.3333333333333333,32.896739444119724,True,drift,False,D_strongly_isolated_transducer_spike
AWS-KOL-015,2025-03-19T17:00:00+00:00,pressure_hpa,3.099999999999909,3.579571668975575,-5.130216220710281,0.4330127018922193,8.23021622071019,19.00687020206341,-0.3333333333333333,-174.2238907723767,True,drift,False,D_strongly_isolated_transducer_spike
AWS-MUM-101,2025-03-19T17:00:00+00:00,pressure_hpa,-3.6000000000000227,-4.156921938165332,0.9000000000000341,0.5930400000000505,-4.500000000000057,-7.588021044111145,-1.0,-20.149031682936688,True,drift,False,D_strongly_isolated_transducer_spike
AWS-KOL-103,2025-03-19T18:00:00+00:00,pressure_hpa,8.435201348548844,9.74013153850674,-0.39999999999997726,2.520420000000067,8.835201348548821,3.5054480398301022,-0.3333333333333333,41.29099821373248,True,drift,False,D_strongly_isolated_transducer_spike
AWS-KOL-015,2025-03-19T18:00:00+00:00,pressure_hpa,4.099999999999909,4.7342722073548265,-5.130216220710281,0.4330127018922193,9.23021622071019,21.316271278821915,-0.3333333333333333,-215.98504394949788,True,drift,False,D_strongly_isolated_transducer_spike
AWS-KOL-102,2025-03-19T18:00:00+00:00,pressure_hpa,9.730216220710304,11.235485908600715,-0.39999999999997726,2.520420000000067,10.130216220710281,4.01925719551107,-0.3333333333333333,55.04085759934887,True,drift,False,D_strongly_isolated_transducer_spike
AWS-MUM-102,2025-03-19T18:00:00+00:00,pressure_hpa,-2.400000000000091,-2.771281292110309,0.8500000000000227,0.5189100000000337,-3.2500000000001137,-6.26312848085391,-1.0,-15.77338918384141,True,drift,False,D_strongly_isolated_transducer_spike
AWS-MUM-101,2025-03-19T18:00:00+00:00,pressure_hpa,-2.300000000000068,-2.6558112382723573,0.9000000000000341,0.5930400000000505,-3.2000000000001023,-5.395926075812474,-1.0,-11.031342441149626,True,drift,False,D_strongly_isolated_transducer_spike
AWS-KOL-102,2025-03-19T19:00:00+00:00,pressure_hpa,10.830216220710213,12.505656500817786,-0.39999999999997726,2.520420000000067,11.23021622071019,4.455692392819407,-0.3333333333333333,68.2691249085087,True,drift,False,D_strongly_isolated_transducer_spike
AWS-KOL-015,2025-03-19T19:00:00+00:00,pressure_hpa,5.2999999999999545,6.119912853409981,-5.130216220710281,0.4330127018922193,10.430216220710236,24.087552570932225,-0.3333333333333333,-271.3784277620455,True,drift,False,D_strongly_isolated_transducer_spike
AWS-KOL-103,2025-03-19T19:00:00+00:00,pressure_hpa,9.535201348548867,11.010302130723943,-0.39999999999997726,2.520420000000067,9.935201348548844,3.9418832371384847,-0.3333333333333333,52.84415477729541,True,drift,False,D_strongly_isolated_transducer_spike
AWS-KOL-102,2025-03-19T20:00:00+00:00,pressure_hpa,11.730216220710304,13.544886985359218,-0.39999999999997726,2.520420000000067,12.130216220710281,4.812775736071749,-0.3333333333333333,80.1505765802163,True,drift,False,D_strongly_isolated_transducer_spike
AWS-KOL-015,2025-03-19T20:00:00+00:00,pressure_hpa,6.099999999999909,7.043673284113329,-5.130216220710281,0.4330127018922193,11.23021622071019,25.93507343233892,-0.3333333333333333,-311.50735030374017,True,drift,False,D_strongly_isolated_transducer_spike
AWS-KOL-103,2025-03-19T20:00:00+00:00,pressure_hpa,10.335201348548821,11.934062561427291,-0.39999999999997726,2.520420000000067,10.735201348548799,4.259290653362738,-0.3333333333333333,62.14014617511867,True,drift,False,D_strongly_isolated_transducer_spike
AWS-KOL-103,2025-03-19T21:00:00+00:00,pressure_hpa,10.835201348548821,12.511412830616917,-0.39999999999997726,1.334339999999966,11.235201348548799,8.420043878283709,-0.3333333333333333,42.819156052951335,True,drift,False,D_strongly_isolated_transducer_spike
AWS-KOL-102,2025-03-19T21:00:00+00:00,pressure_hpa,12.130216220710281,14.006767200710891,-0.39999999999997726,1.334339999999966,12.530216220710258,9.390572283458921,-0.3333333333333333,54.00333980202177,True,drift,False,D_strongly_isolated_transducer_spike
AWS-KOL-015,2025-03-19T21:00:00+00:00,pressure_hpa,6.599999999999909,7.6210235533029556,-5.130216220710281,0.4330127018922193,11.73021622071019,27.089773970718174,-0.3333333333333333,-337.8879268923007,True,drift,False,D_strongly_isolated_transducer_spike
AWS-KOL-102,2025-03-19T22:00:00+00:00,pressure_hpa,12.130216220710281,14.006767200710891,-0.09999999999990905,0.8895599999998651,12.23021622071019,13.748613045451734,0.0,3.582583370672424,True,drift,True,B_likely_common_mode_with_phase_lag
AWS-MUM-007,2025-03-19T22:00:00+00:00,pressure_hpa,8.36116761071196,9.65464474156826,1.2500000000000568,0.4330127018922193,7.111167610711902,16.42253813718826,1.0,-88.24379689075558,True,unstructured_anomaly,False,D_strongly_isolated_transducer_spike
AWS-KOL-103,2025-03-19T22:00:00+00:00,pressure_hpa,10.735201348548799,12.395942776778966,-0.09999999999990905,0.8895599999998651,10.835201348548708,12.180405311109256,0.0,2.6485618911400195,True,drift,True,B_likely_common_mode_with_phase_lag
AWS-MUM-007,2025-03-19T23:00:00+00:00,pressure_hpa,9.63604669708252,11.126748308968795,1.2500000000000568,0.4330127018922193,8.386046697082463,19.36674527198933,1.0,-125.63314724949058,True,unstructured_anomaly,False,D_strongly_isolated_transducer_spike
AWS-KOL-102,2025-03-19T23:00:00+00:00,pressure_hpa,11.930216220710236,13.775827093034989,-0.09999999999990905,0.8895599999998651,12.030216220710145,13.523782792292783,0.0,3.4403555420412175,True,drift,True,B_likely_common_mode_with_phase_lag
AWS-KOL-103,2025-03-19T23:00:00+00:00,pressure_hpa,10.63520134854889,12.280472722941145,-0.09999999999990905,0.8895599999998651,10.735201348548799,12.06799018452991,0.0,2.5868116024956294,True,drift,True,B_likely_common_mode_with_phase_lag
AWS-KOL-102,2025-03-20T00:00:00+00:00,pressure_hpa,11.730216220710304,13.544886985359218,-0.20000000000004547,1.0378200000000675,11.93021622071035,11.495457999180564,0.0,25.65920441761456,True,drift,False,D_strongly_isolated_transducer_spike
AWS-KOL-103,2025-03-20T00:00:00+00:00,pressure_hpa,10.335201348548821,11.934062561427291,-0.20000000000004547,1.0378200000000675,10.535201348548867,10.15127994117302,0.0,19.68668238799941,True,drift,False,D_strongly_isolated_transducer_spike
AWS-MUM-007,2025-03-20T00:00:00+00:00,pressure_hpa,-6.925193315268302,-7.996524449520703,0.7000000000000455,0.8895600000000337,-7.625193315268348,-8.571870717285016,-1.0,-4.766282161032972,True,unstructured_anomaly,False,D_strongly_isolated_transducer_spike
AWS-KOL-103,2025-03-20T01:00:00+00:00,pressure_hpa,9.935201348548844,11.472182346075616,-0.20000000000004547,1.0378200000000675,10.13520134854889,9.765856650043583,0.0,18.119505836204276,True,drift,False,D_strongly_isolated_transducer_spike
AWS-MUM-007,2025-03-20T01:00:00+00:00,pressure_hpa,-6.20246322019193,-7.161987619633129,0.6500000000000341,0.9636900000000506,-6.852463220191964,-7.110650956419185,-1.0,0.36635481987656604,True,unstructured_anomaly,False,D_strongly_isolated_transducer_spike
AWS-KOL-102,2025-03-20T01:00:00+00:00,pressure_hpa,11.230216220710304,12.967536716169592,-0.5,1.4826,11.730216220710304,7.911922447531569,-0.3333333333333333,52.779245834726254,True,drift,False,D_strongly_isolated_transducer_spike
AWS-MUM-007,2025-03-20T02:00:00+00:00,pressure_hpa,6.7449247874932325,7.788368283445995,0.6500000000000341,0.9636900000000506,6.094924787493198,6.324569921336611,1.0,10.32924791435586,True,unstructured_anomaly,False,D_strongly_isolated_transducer_spike
AWS-KOL-103,2025-03-20T02:00:00+00:00,pressure_hpa,9.735201348548799,11.241242238399714,-0.5,1.4826,10.235201348548799,6.90354873097855,-0.3333333333333333,39.35327099069313,True,drift,False,D_strongly_isolated_transducer_spike
AWS-KOL-102,2025-03-20T02:00:00+00:00,pressure_hpa,11.030216220710258,12.73659660849369,-0.1999999999999318,1.0378199999998987,11.23021622071019,10.82096723970562,0.0,22.563780582355342,True,drift,False,D_strongly_isolated_transducer_spike
AWS-MUM-007,2025-03-20T03:00:00+00:00,pressure_hpa,7.463429024631296,8.61802551289709,0.6500000000000341,0.9636900000000506,6.813429024631262,7.070146026866424,1.0,12.14169944986503,True,unstructured_anomaly,False,D_strongly_isolated_transducer_spike
AWS-KOL-102,2025-03-20T03:00:00+00:00,pressure_hpa,10.930216220710236,12.621126554655739,-0.1999999999999318,1.0378199999998987,11.130216220710167,10.724611416923217,0.0,22.13777273231821,True,drift,False,D_strongly_isolated_transducer_spike
AWS-KOL-103,2025-03-20T03:00:00+00:00,pressure_hpa,9.63520134854889,11.125772184561894,-0.10000000000002274,0.8895600000000337,9.735201348548912,10.943838918733467,0.0,2.007598211792917,True,drift,False,D_strongly_isolated_transducer_spike
AWS-KOL-102,2025-03-20T04:00:00+00:00,pressure_hpa,11.330216220710213,13.083006770007412,-0.10000000000002274,0.8895600000000337,11.430216220710236,12.849292032813754,0.0,3.0303801997643802,True,drift,False,D_strongly_isolated_transducer_spike
AWS-MUM-007,2025-03-20T04:00:00+00:00,pressure_hpa,-7.415065447460961,-8.562180064300557,0.6500000000000341,0.9636900000000506,-8.065065447460995,-8.368941721363273,-1.0,1.6358709589655192,True,unstructured_anomaly,False,D_strongly_isolated_transducer_spike
AWS-KOL-103,2025-03-20T04:00:00+00:00,pressure_hpa,10.035201348548867,11.587652399913567,0.39999999999997726,0.4330127018922193,9.63520134854889,22.25154436912379,0.3333333333333333,-180.42876933493096,True,drift,False,D_strongly_isolated_transducer_spike
AWS-KOL-102,2025-03-20T05:00:00+00:00,pressure_hpa,11.730216220710304,13.544886985359218,0.39999999999997726,0.4330127018922193,11.330216220710327,26.166013540015086,0.3333333333333333,-250.59815056504965,True,drift,False,D_strongly_isolated_transducer_spike
AWS-KOL-103,2025-03-20T05:00:00+00:00,pressure_hpa,10.435201348548844,12.049532615265242,0.39999999999997726,0.4330127018922193,10.035201348548867,23.175304799827135,0.3333333333333333,-195.9517581592749,True,drift,False,D_strongly_isolated_transducer_spike
AWS-MUM-007,2025-03-20T05:00:00+00:00,pressure_hpa,-7.71750248379692,-8.911404272983516,0.6500000000000341,0.9636900000000506,-8.367502483796954,-8.682774008028012,-1.0,2.011280821031015,True,unstructured_anomaly,False,D_strongly_isolated_transducer_spike
AWS-KOL-102,2025-03-20T06:00:00+00:00,pressure_hpa,12.730216220710304,14.699587523738469,0.5,0.7413,12.230216220710304,16.498335654539733,0.3333333333333333,-28.058603000904682,True,drift,False,D_strongly_isolated_transducer_spike
AWS-KOL-103,2025-03-20T06:00:00+00:00,pressure_hpa,11.535201348548867,13.319703207482446,0.5,0.7413,11.035201348548867,14.886282677119747,0.3333333333333333,-22.09345920384864,True,drift,False,D_strongly_isolated_transducer_spike
AWS-KOL-103,2025-03-20T07:00:00+00:00,pressure_hpa,12.235201348548799,14.127993584347843,1.0,1.1860799999999325,11.235201348548799,9.47254936306947,0.3333333333333333,54.93550564179299,True,drift,False,D_strongly_isolated_transducer_spike
AWS-KOL-102,2025-03-20T07:00:00+00:00,pressure_hpa,13.430216220710236,15.507877900603866,1.0,1.1860799999999325,12.430216220710236,10.48008247395702,0.3333333333333333,65.33107415954834,True,drift,False,D_strongly_isolated_transducer_spike
AWS-KOL-102,2025-03-20T08:00:00+00:00,pressure_hpa,13.930216220710236,16.085228169793492,1.0,1.1860799999999325,12.930216220710236,10.901639198629915,0.3333333333333333,69.94441402860689,True,drift,False,D_strongly_isolated_transducer_spike
AWS-KOL-103,2025-03-20T08:00:00+00:00,pressure_hpa,12.735201348548799,14.70534385353747,1.0,1.1860799999999325,11.735201348548799,9.894106087742367,0.3333333333333333,59.17690128763583,True,drift,False,D_strongly_isolated_transducer_spike
AWS-MUM-007,2025-03-20T08:00:00+00:00,pressure_hpa,2.5,2.886751345948129,0.0,0.4330127018922193,2.5,5.773502691896258,,-12.500000000000004,False,normal,False,D_strongly_isolated_transducer_spike
AWS-KOL-102,2025-03-20T09:00:00+00:00,pressure_hpa,13.930216220710236,16.085228169793492,1.0,1.1860799999999325,12.930216220710236,10.901639198629915,0.3333333333333333,69.94441402860689,True,drift,False,D_strongly_isolated_transducer_spike
AWS-KOL-103,2025-03-20T09:00:00+00:00,pressure_hpa,12.835201348548821,14.82081390737542,1.0,1.1860799999999325,11.835201348548821,9.978417432676965,0.3333333333333333,60.04385520815056,True,drift,False,D_strongly_isolated_transducer_spike
AWS-MUM-007,2025-03-20T09:00:00+00:00,pressure_hpa,3.1000000000000227,3.579571668975706,0.0,0.4330127018922193,3.1000000000000227,7.159143337951412,,-19.220000000000283,True,sensor_fail_low,False,D_strongly_isolated_transducer_spike
AWS-MUM-007,2025-03-20T10:00:00+00:00,pressure_hpa,3.0,3.464101615137755,0.0,0.4330127018922193,3.0,6.92820323027551,,-18.000000000000004,True,sensor_fail_low,False,D_strongly_isolated_transducer_spike
AWS-KOL-103,2025-03-20T10:00:00+00:00,pressure_hpa,12.335201348548821,14.243463638185794,1.0,1.1860799999999325,11.335201348548821,9.55686070800407,0.3333333333333333,55.77133491006443,True,drift,False,D_strongly_isolated_transducer_spike
AWS-KOL-102,2025-03-20T10:00:00+00:00,pressure_hpa,13.530216220710258,15.623347954441819,1.0,1.1860799999999325,12.530216220710258,10.564393818891618,0.3333333333333333,66.24129227246297,True,drift,False,D_strongly_isolated_transducer_spike
AWS-KOL-102,2025-03-20T11:00:00+00:00,pressure_hpa,12.630216220710281,14.584117469900518,1.0,1.1860799999999325,11.630216220710281,9.805591714480425,0.3333333333333333,58.273426752385156,True,drift,False,D_strongly_isolated_transducer_spike
AWS-KOL-103,2025-03-20T11:00:00+00:00,pressure_hpa,12.035201348548867,13.897053476672072,1.0,1.1860799999999325,11.035201348548867,9.30392667320037,0.3333333333333333,53.282521896597,True,drift,False,D_strongly_isolated_transducer_spike
AWS-MUM-007,2025-03-20T11:00:00+00:00,pressure_hpa,2.5,2.886751345948129,0.0,0.4330127018922193,2.5,5.773502691896258,,-12.500000000000004,True,sensor_fail_low,False,D_strongly_isolated_transducer_spike
AWS-KOL-103,2025-03-20T12:00:00+00:00,pressure_hpa,11.99622635338983,13.852049028778602,1.0,1.1860799999999325,10.99622635338983,9.271066330593598,0.3333333333333333,52.96329569470998,True,multivariate_inconsistency,False,D_strongly_isolated_transducer_spike
AWS-KOL-102,2025-03-20T12:00:00+00:00,pressure_hpa,13.391241225551198,15.462873452710397,1.0,1.1860799999999325,12.391241225551198,10.447222131350248,0.3333333333333333,64.97800257638076,True,multivariate_inconsistency,False,D_strongly_isolated_transducer_spike
AWS-KOL-103,2025-03-20T13:00:00+00:00,pressure_hpa,11.023798137746098,12.72918564463961,1.0,1.1860799999999325,10.023798137746098,8.451199023461038,0.3333333333333333,45.304701120775164,True,multivariate_inconsistency,False,D_strongly_isolated_transducer_spike
AWS-KOL-102,2025-03-20T13:00:00+00:00,pressure_hpa,12.01881300990749,13.87812985321973,1.0,1.1860799999999325,11.01881300990749,9.290109444479391,0.3333333333333333,53.148177366211755,True,multivariate_inconsistency,False,D_strongly_isolated_transducer_spike
AWS-KOL-015,2025-03-20T14:00:00+00:00,pressure_hpa,-3.7266633763724712,-4.303180207055532,-5.130216220710281,0.4330127018922193,1.4035528443378098,3.241366450001198,0.3333333333333333,4.005451715600562,True,multivariate_inconsistency,False,D_strongly_isolated_transducer_spike
AWS-KOL-103,2025-03-20T14:00:00+00:00,pressure_hpa,7.908537972176305,9.131993054264735,1.0,1.1860799999999325,6.908537972176305,5.824681279657947,0.3333333333333333,24.733192566770807,True,multivariate_inconsistency,False,D_strongly_isolated_transducer_spike
AWS-KOL-102,2025-03-20T14:00:00+00:00,pressure_hpa,9.103552844337742,10.511877370520757,1.0,1.1860799999999325,8.103552844337742,6.832214390545497,0.3333333333333333,31.91020618724471,True,multivariate_inconsistency,False,D_strongly_isolated_transducer_spike
AWS-KOL-101,2025-03-20T14:00:00+00:00,pressure_hpa,-4.626663376372562,-5.342410691596964,-5.130216220710281,0.4330127018922193,0.5035528443377189,1.1629054809183348,0.3333333333333333,13.594501420069824,True,multivariate_inconsistency,False,A_strongly_common_mode
AWS-MUM-101,2025-03-20T15:00:00+00:00,pressure_hpa,-2.6000000000000227,-3.0022213997860803,0.25,0.4330127018922193,-2.8500000000000227,-6.581793068761787,-1.0,-17.153333333333602,True,drift,False,D_strongly_isolated_transducer_spike
AWS-KOL-102,2025-03-20T15:00:00+00:00,pressure_hpa,9.335476114906328,10.77967929590898,1.0,1.1860799999999325,8.335476114906328,7.027752019178135,0.3333333333333333,33.4060936397932,True,multivariate_inconsistency,False,D_strongly_isolated_transducer_spike
AWS-MUM-102,2025-03-20T15:00:00+00:00,pressure_hpa,-2.8999999999999773,-3.348631561299803,0.25,0.4330127018922193,-3.1499999999999773,-7.274613391789233,-1.0,-20.85333333333304,True,drift,False,D_strongly_isolated_transducer_spike
AWS-KOL-101,2025-03-20T15:00:00+00:00,pressure_hpa,-4.494740105803885,-5.19007882004656,-5.130216220710281,0.4330127018922193,0.6354761149063961,1.4675692240191414,0.3333333333333333,12.391579365503876,True,multivariate_inconsistency,False,A_strongly_common_mode
AWS-KOL-103,2025-03-20T15:00:00+00:00,pressure_hpa,8.340461242744936,9.63073508732886,1.0,1.1860799999999325,7.3404612427449365,6.188841598159782,0.3333333333333333,27.22464899759715,True,multivariate_inconsistency,False,D_strongly_isolated_transducer_spike
AWS-KOL-015,2025-03-20T15:00:00+00:00,pressure_hpa,-3.5947401058039077,-4.15084833550526,-5.130216220710281,0.4330127018922193,1.5354761149063734,3.5460301931017417,0.3333333333333333,2.327605886988805,True,multivariate_inconsistency,False,D_strongly_isolated_transducer_spike
AWS-KOL-102,2025-03-20T16:00:00+00:00,pressure_hpa,9.730216220710304,11.235485908600715,1.0,1.1860799999999325,8.730216220710304,7.360562711377648,0.3333333333333333,36.02913008712109,False,normal,False,D_strongly_isolated_transducer_spike
AWS-KOL-101,2025-03-20T16:00:00+00:00,pressure_hpa,-4.100000000000023,-4.734272207354958,-5.130216220710281,0.4330127018922193,1.0302162207102583,2.379182449402346,0.3333333333333333,8.376412102894719,False,normal,False,C_mixed_uncertain
AWS-MUM-102,2025-03-20T16:00:00+00:00,pressure_hpa,-2.8999999999999773,-3.348631561299803,0.25,0.4330127018922193,-3.1499999999999773,-7.274613391789233,-1.0,-20.85333333333304,True,drift,False,D_strongly_isolated_transducer_spike
AWS-KOL-015,2025-03-20T16:00:00+00:00,pressure_hpa,-3.199999999999932,-3.695041722813526,-5.130216220710281,0.4330127018922193,1.9302162207103493,4.457643418485209,0.3333333333333333,-3.108625756515875,False,normal,False,D_strongly_isolated_transducer_spike
AWS-KOL-103,2025-03-20T16:00:00+00:00,pressure_hpa,8.735201348548799,10.086541700020462,1.0,1.1860799999999325,7.735201348548799,6.521652290359199,0.3333333333333333,29.603187434952133,False,normal,False,D_strongly_isolated_transducer_spike
AWS-MUM-101,2025-03-20T16:00:00+00:00,pressure_hpa,-2.6000000000000227,-3.0022213997860803,0.25,0.4330127018922193,-2.8500000000000227,-6.581793068761787,-1.0,-17.153333333333602,True,drift,False,D_strongly_isolated_transducer_spike
AWS-KOL-015,2025-03-20T17:00:00+00:00,pressure_hpa,-2.599999999999909,-3.0022213997859493,1.7999999999999545,10.274738568824995,-4.399999999999864,-0.42823474004001266,-0.3333333333333333,4.414974170377784,False,normal,False,A_strongly_common_mode
AWS-MUM-101,2025-03-20T17:00:00+00:00,pressure_hpa,-2.400000000000091,-2.771281292110309,0.25,0.4330127018922193,-2.650000000000091,-6.119912853410243,-1.0,-14.886666666667661,True,drift,False,D_strongly_isolated_transducer_spike
AWS-MUM-102,2025-03-20T17:00:00+00:00,pressure_hpa,-2.699999999999932,-3.1176914536239004,0.25,0.4330127018922193,-2.949999999999932,-6.812733176437427,-1.0,-18.346666666665843,True,drift,False,D_strongly_isolated_transducer_spike
AWS-KOL-101,2025-03-20T17:00:00+00:00,pressure_hpa,-3.3999999999999773,-3.9259818304894294,0.3000000000000682,1.0378199999998987,-3.7000000000000455,-3.565165442948109,-0.3333333333333333,1.3514643488708717,False,normal,False,D_strongly_isolated_transducer_spike
AWS-KOL-102,2025-03-20T17:00:00+00:00,pressure_hpa,10.130216220710281,11.697366123952389,1.0,1.0378199999998987,9.130216220710281,8.797494961275724,1.0,29.716228322058583,False,normal,False,D_strongly_isolated_transducer_spike
AWS-KOL-015,2025-03-20T18:00:00+00:00,pressure_hpa,6.122896635884331,7.070112041896145,0.3000000000000682,2.2238999999998312,5.822896635884263,2.6183266495277238,0.3333333333333333,21.565424920668903,True,unstructured_anomaly,False,C_mixed_uncertain
AWS-KOL-103,2025-03-20T18:00:00+00:00,pressure_hpa,8.522896635884308,9.841393334006323,1.0,1.1860799999999325,7.522896635884308,6.342655331752273,0.3333333333333333,28.311873048609275,True,unstructured_anomaly,False,D_strongly_isolated_transducer_spike
AWS-KOL-102,2025-03-20T18:00:00+00:00,pressure_hpa,18.85311285659452,21.769699565634482,1.0,1.0378199999998987,17.85311285659452,17.20251378523854,1.0,88.9966693233321,True,unstructured_anomaly,False,D_strongly_isolated_transducer_spike
AWS-KOL-101,2025-03-20T18:00:00+00:00,pressure_hpa,5.322896635884263,6.1463516111926655,0.3000000000000682,1.0378199999998987,5.022896635884194,4.839853381014708,0.3333333333333333,7.176728689345584,True,unstructured_anomaly,False,D_strongly_isolated_transducer_spike
AWS-KOL-015,2025-03-20T19:00:00+00:00,pressure_hpa,-8.32390190970932,-9.611614016557432,0.3000000000000682,2.2238999999998312,-8.623901909709389,-3.877828099154658,-0.3333333333333333,38.67278661834494,True,unstructured_anomaly,False,D_strongly_isolated_transducer_spike
AWS-KOL-102,2025-03-20T19:00:00+00:00,pressure_hpa,4.306314311000847,4.972503453342954,1.0,1.0378199999998987,3.306314311000847,3.185826358136449,1.0,7.288150504655327,True,unstructured_anomaly,False,D_strongly_isolated_transducer_spike
AWS-KOL-103,2025-03-20T19:00:00+00:00,pressure_hpa,-5.923901909709457,-6.840332724447387,1.0,1.1860799999999325,-6.923901909709457,-5.837634822027057,-0.3333333333333333,6.356085732901473,True,unstructured_anomaly,False,D_strongly_isolated_transducer_spike
AWS-KOL-101,2025-03-20T19:00:00+00:00,pressure_hpa,-9.123901909709389,-10.535374447260914,0.3000000000000682,1.0378199999998987,-9.423901909709457,-9.080478223304983,-0.3333333333333333,14.269514990041088,True,unstructured_anomaly,False,D_strongly_isolated_transducer_spike
AWS-MUM-007,2025-03-20T19:00:00+00:00,pressure_hpa,-8.012445880371956,-9.251975571800115,0.0,0.4330127018922193,-8.012445880371956,-18.50395114360023,,-128.3985779717791,True,unstructured_anomaly,False,D_strongly_isolated_transducer_spike
AWS-KOL-101,2025-03-20T20:00:00+00:00,pressure_hpa,6.508916251612732,7.515849100002682,0.3000000000000682,1.0378199999998987,6.2089162516126635,5.982652340110298,0.3333333333333333,10.347929335691951,True,unstructured_anomaly,False,D_strongly_isolated_transducer_spike
AWS-KOL-102,2025-03-20T20:00:00+00:00,pressure_hpa,20.03913247232299,23.139197054444498,1.0,1.0378199999998987,19.03913247232299,18.34531274433413,1.0,99.43597031849234,True,unstructured_anomaly,True,B_likely_common_mode_with_phase_lag
AWS-KOL-103,2025-03-20T20:00:00+00:00,pressure_hpa,9.60891625161264,11.095420768978256,1.0,8.167519234641036,8.60891625161264,1.0540429724486597,0.3333333333333333,60.99867772645282,True,unstructured_anomaly,False,A_strongly_common_mode
AWS-KOL-015,2025-03-20T20:00:00+00:00,pressure_hpa,7.3089162516128,8.43960953070616,0.3000000000000682,8.050838568825164,7.008916251612732,0.8705821377108451,0.3333333333333333,35.234547886142536,True,unstructured_anomaly,True,B_likely_common_mode_with_phase_lag
AWS-MUM-007,2025-03-20T20:00:00+00:00,pressure_hpa,-6.06597558705937,-7.004385276172851,0.0,0.4330127018922193,-6.06597558705937,-14.008770552345702,,-73.59211964560053,True,unstructured_anomaly,False,D_strongly_isolated_transducer_spike
AWS-KOL-103,2025-03-20T21:00:00+00:00,pressure_hpa,11.4021022548269,13.1660136123039,1.0,8.167519234641036,10.4021022548269,1.2735938485101193,0.3333333333333333,85.86093657420439,True,unstructured_anomaly,False,A_strongly_common_mode
AWS-MUM-007,2025-03-20T21:00:00+00:00,pressure_hpa,10.142832308121342,11.711933926878181,0.0,0.4330127018922193,10.142832308121342,23.423867853756363,,-205.7540944613403,True,unstructured_anomaly,False,D_strongly_isolated_transducer_spike
AWS-KOL-015,2025-03-20T21:00:00+00:00,pressure_hpa,9.002102254827037,10.394732320193853,0.3000000000000682,8.050838568825164,8.702102254826968,1.0808938945222004,0.3333333333333333,53.44106419863366,True,unstructured_anomaly,True,B_likely_common_mode_with_phase_lag
AWS-KOL-102,2025-03-20T21:00:00+00:00,pressure_hpa,21.732318475537227,25.09431984393219,1.0,1.0378199999998987,20.732318475537227,19.976796048967305,1.0,115.32625402376658,True,unstructured_anomaly,True,B_likely_common_mode_with_phase_lag
AWS-KOL-101,2025-03-20T22:00:00+00:00,pressure_hpa,-15.213627743392522,-17.567184145996862,0.3000000000000682,1.0378199999998987,-15.51362774339259,-14.948283655541523,-0.3333333333333333,42.57738728641682,True,unstructured_anomaly,False,D_strongly_isolated_transducer_spike
AWS-KOL-103,2025-03-20T22:00:00+00:00,pressure_hpa,-5.404711491779835,-6.2408232693427035,1.0,8.167519234641036,-6.404711491779835,-0.7841685226299101,-0.3333333333333333,19.166477403642887,True,unstructured_anomaly,False,A_strongly_common_mode
AWS-KOL-015,2025-03-20T22:00:00+00:00,pressure_hpa,-7.804711491779699,-9.01210456145275,0.3000000000000682,8.050838568825164,-8.104711491779767,-1.0066915915024321,-0.3333333333333333,40.102300333077885,True,unstructured_anomaly,False,C_mixed_uncertain
AWS-MUM-007,2025-03-20T22:00:00+00:00,pressure_hpa,9.90663863237171,11.439200962328306,0.0,0.4330127018922193,9.90663863237171,22.87840192465661,,-196.28297798479923,True,unstructured_anomaly,False,D_strongly_isolated_transducer_spike
AWS-KOL-102,2025-03-20T22:00:00+00:00,pressure_hpa,4.925504728930491,5.687482962285588,1.0,1.0378199999998987,3.925504728930491,3.782452379922216,1.0,9.020258219954808,True,unstructured_anomaly,True,B_likely_common_mode_with_phase_lag
AWS-KOL-102,2025-03-20T23:00:00+00:00,pressure_hpa,20.128272149378176,23.242126687531076,1.0,1.0378199999998987,19.128272149378176,18.431204013586214,1.0,100.24358578440388,True,unstructured_anomaly,True,B_likely_common_mode_with_phase_lag
AWS-KOL-015,2025-03-20T23:00:00+00:00,pressure_hpa,7.498055928668009,8.65800921763069,0.3000000000000682,8.050838568825164,7.198055928667941,0.8940753024834696,0.3333333333333333,37.08087648303354,True,unstructured_anomaly,True,B_likely_common_mode_with_phase_lag
AWS-KOL-103,2025-03-20T23:00:00+00:00,pressure_hpa,9.898055928667759,11.429290509740605,1.0,8.167519234641036,8.898055928667759,1.0894441351210151,0.3333333333333333,64.72089651624854,True,unstructured_anomaly,False,A_strongly_common_mode
AWS-MUM-007,2025-03-20T23:00:00+00:00,pressure_hpa,2.3999999999999773,2.7712812921101775,0.0,0.4330127018922193,2.3999999999999773,5.542562584220355,,-11.519999999999783,False,normal,False,D_strongly_isolated_transducer_spike
AWS-KOL-101,2025-03-21T00:00:00+00:00,pressure_hpa,-14.891814351881067,-17.195586049560934,0.3000000000000682,1.0378199999998987,-15.191814351881135,-14.638197714326779,-0.3333333333333333,40.705673632066436,True,unstructured_anomaly,False,D_strongly_isolated_transducer_spike
AWS-KOL-102,2025-03-21T00:00:00+00:00,pressure_hpa,5.247318120441832,6.059081058721387,1.0,1.0378199999998987,4.247318120441832,4.092538321136852,1.0,9.981796683091323,True,unstructured_anomaly,True,B_likely_common_mode_with_phase_lag
AWS-KOL-103,2025-03-21T00:00:00+00:00,pressure_hpa,-5.382898100268449,-6.215635334420628,1.0,8.167519234641036,-6.382898100268449,-0.7814977739135962,-0.3333333333333333,19.011691919933163,True,unstructured_anomaly,False,A_strongly_common_mode
AWS-KOL-015,2025-03-21T00:00:00+00:00,pressure_hpa,-7.58289810026838,-8.755976518854903,0.3000000000000682,8.050838568825164,-7.882898100268449,-0.9791400029796868,-0.3333333333333333,37.854204826651674,True,unstructured_anomaly,False,C_mixed_uncertain
AWS-KOL-102,2025-03-21T01:00:00+00:00,pressure_hpa,11.630216220710281,13.429416931521267,1.0,1.0378199999998987,10.630216220710281,10.242832303011426,1.0,37.716812766507864,False,normal,True,B_likely_common_mode_with_phase_lag
AWS-KOL-101,2025-03-21T01:00:00+00:00,pressure_hpa,-8.208916251612777,-9.478840015247462,0.3000000000000682,1.0378199999998987,-8.508916251612845,-8.198836264105216,-0.3333333333333333,11.313745974524863,False,normal,False,D_strongly_isolated_transducer_spike
AWS-KOL-102,2025-03-21T02:00:00+00:00,pressure_hpa,12.130216220710281,14.006767200710891,1.0,1.0378199999998987,11.130216220710281,10.724611416923327,1.0,40.586118685454124,False,normal,True,B_likely_common_mode_with_phase_lag
AWS-KOL-101,2025-03-21T02:00:00+00:00,pressure_hpa,-7.808916251612686,-9.016959799895655,0.3000000000000682,1.0378199999998987,-8.108916251612754,-7.813412972975608,-0.3333333333333333,10.128070873335385,False,normal,False,D_strongly_isolated_transducer_spike
AWS-KOL-101,2025-03-21T03:00:00+00:00,pressure_hpa,-8.408916251612709,-9.709780122923233,0.3000000000000682,1.0378199999998987,-8.708916251612777,-8.391547909669912,-0.3333333333333333,11.93087685761482,False,normal,False,D_strongly_isolated_transducer_spike
AWS-KOL-102,2025-03-21T03:00:00+00:00,pressure_hpa,11.730216220710304,13.544886985359218,1.0,1.0378199999998987,10.730216220710304,10.339188125793829,1.0,38.28257617279872,False,normal,True,B_likely_common_mode_with_phase_lag
AWS-MUM-101,2025-03-21T04:00:00+00:00,pressure_hpa,-10.79592819816537,-12.466064102725296,0.05000000000001137,0.4330127018922193,-10.845928198165382,-25.047598259288545,,-235.98971217272918,True,spike,False,D_strongly_isolated_transducer_spike
AWS-MUM-102,2025-03-21T04:00:00+00:00,pressure_hpa,-10.662169849333054,-12.311613265315902,0.14999999999997726,0.4330127018922193,-10.812169849333031,-24.969636692145524,,-235.9534676715188,True,spike,False,D_strongly_isolated_transducer_spike
AWS-KOL-101,2025-03-21T04:00:00+00:00,pressure_hpa,-7.908916251612709,-9.132429853733608,0.3000000000000682,1.0378199999998987,-8.208916251612777,-7.90976879575801,-0.3333333333333333,10.418416315508864,False,normal,False,D_strongly_isolated_transducer_spike
AWS-KOL-102,2025-03-21T04:00:00+00:00,pressure_hpa,12.030216220710258,13.89129714687294,1.0,1.0378199999998987,11.030216220710258,10.628255594140924,1.0,40.004159724166215,False,normal,True,B_likely_common_mode_with_phase_lag
AWS-MUM-103,2025-03-21T04:00:00+00:00,pressure_hpa,-10.890053243774332,-12.574750343564936,0.10000000000002274,0.4330127018922193,-10.990053243774355,-25.380440794805775,,-243.02121436782735,True,spike,False,D_strongly_isolated_transducer_spike
AWS-KOL-101,2025-03-21T05:00:00+00:00,pressure_hpa,-7.308916251612686,-8.439609530706031,0.3000000000000682,1.0378199999998987,-7.608916251612754,-7.331633859063707,-0.3333333333333333,8.737076993707344,False,normal,False,D_strongly_isolated_transducer_spike
AWS-KOL-103,2025-03-21T05:00:00+00:00,pressure_hpa,2.2999999999999545,2.6558112382722263,1.0,8.167519234641036,1.2999999999999545,0.1591670570528004,0.3333333333333333,3.5139995906411032,False,normal,False,A_strongly_common_mode
AWS-MUM-101,2025-03-21T05:00:00+00:00,pressure_hpa,-10.395928198165393,-12.004183887373623,0.05000000000001137,0.4330127018922193,-10.445928198165404,-24.123837828585195,,-218.92956038899877,True,spike,False,D_strongly_isolated_transducer_spike
AWS-KOL-102,2025-03-21T05:00:00+00:00,pressure_hpa,12.630216220710281,14.584117469900518,1.0,1.0378199999998987,11.630216220710281,11.206390530835227,1.0,43.55664682313201,False,normal,True,B_likely_common_mode_with_phase_lag
AWS-MUM-102,2025-03-21T05:00:00+00:00,pressure_hpa,-10.262169849333077,-11.849733049964227,0.11123463094691033,0.4330127018922193,-10.373404480279987,-23.956351476410084,,-216.74530135294057,True,spike,False,D_strongly_isolated_transducer_spike
AWS-MUM-103,2025-03-21T05:00:00+00:00,pressure_hpa,-10.590053243774378,-12.228340182051214,0.02246926189388887,0.4330127018922193,-10.612522505668267,-24.508570901714144,,-225.56887201819046,True,spike,False,D_strongly_isolated_transducer_spike
AWS-KOL-101,2025-03-21T06:00:00+00:00,pressure_hpa,-6.108916251612754,-7.053968884651007,0.3000000000000682,1.0378199999998987,-6.408916251612823,-6.175363985675212,-0.3333333333333333,5.811678335025068,False,normal,False,D_strongly_isolated_transducer_spike
AWS-MUM-102,2025-03-21T06:00:00+00:00,pressure_hpa,-9.462169849333009,-10.925972619260747,0.11123463094691033,0.4330127018922193,-9.573404480279919,-22.108830615003125,,-184.71175674303197,True,spike,False,D_strongly_isolated_transducer_spike
AWS-MUM-101,2025-03-21T06:00:00+00:00,pressure_hpa,-9.595928198165325,-11.080423456670141,0.011234630946944435,0.4330127018922193,-9.60716282911227,-22.186792182146142,,-184.73898167730763,True,spike,False,D_strongly_isolated_transducer_spike
AWS-KOL-102,2025-03-21T06:00:00+00:00,pressure_hpa,13.830216220710213,15.96975811595554,0.3000000000000682,1.0378199999998987,13.530216220710145,13.037151163700319,0.3333333333333333,42.53293190847765,False,normal,True,B_likely_common_mode_with_phase_lag
AWS-KOL-103,2025-03-21T06:00:00+00:00,pressure_hpa,3.699999999999932,4.272391992003152,-5.130216220710281,1.451020665816007,8.830216220710213,6.085520646767898,-0.3333333333333333,-9.390114104452856,False,normal,False,D_strongly_isolated_transducer_spike
AWS-MUM-103,2025-03-21T06:00:00+00:00,pressure_hpa,-9.6900532437744,-11.189109697509913,0.021336797393814777,0.4330127018922193,-9.711390041168215,-22.427494617895682,,-188.89816950641472,True,spike,False,D_strongly_isolated_transducer_spike
AWS-MUM-103,2025-03-21T07:00:00+00:00,pressure_hpa,-9.290053243774423,-10.72722948215824,0.021336797393814777,0.4330127018922193,-9.311390041168238,-21.503734187192332,,-173.66856581526966,True,spike,False,D_strongly_isolated_transducer_spike
AWS-KOL-102,2025-03-21T07:00:00+00:00,pressure_hpa,14.630216220710281,16.89351854665902,0.3000000000000682,1.0378199999998987,14.330216220710213,13.807997745959426,0.3333333333333333,47.365083566945856,True,drift,True,B_likely_common_mode_with_phase_lag
AWS-MUM-102,2025-03-21T07:00:00+00:00,pressure_hpa,-8.962169849333009,-10.348622350071121,0.11066839869687328,0.4330127018922193,-9.072838248029882,-20.95282241925594,,-165.96339139424146,True,spike,False,D_strongly_isolated_transducer_spike
AWS-KOL-103,2025-03-21T07:00:00+00:00,pressure_hpa,4.399999999999977,5.080682368868681,-5.130216220710281,1.451020665816007,9.530216220710258,6.567939689095175,-0.3333333333333333,-8.662249213129275,True,drift,False,D_strongly_isolated_transducer_spike
AWS-MUM-101,2025-03-21T07:00:00+00:00,pressure_hpa,-9.195928198165348,-10.618543241318468,0.011900208528004441,0.4330127018922193,-9.207828406693352,-21.26456883702516,,-169.71421362841568,True,spike,False,D_strongly_isolated_transducer_spike
AWS-KOL-103,2025-03-21T08:00:00+00:00,pressure_hpa,4.699999999999932,5.427092530382404,-5.130216220710281,1.451020665816007,9.830216220710213,6.774690707235392,-0.3333333333333333,-8.221550422684542,True,drift,False,D_strongly_isolated_transducer_spike
AWS-MUM-103,2025-03-21T08:00:00+00:00,pressure_hpa,-8.290053243774423,-9.572528943778988,0.023800417056008882,0.4330127018922193,-8.313853660830432,-19.200022596334424,,-138.50377866013304,True,frozen_value,False,D_strongly_isolated_transducer_spike
AWS-MUM-102,2025-03-21T08:00:00+00:00,pressure_hpa,-7.962169849333009,-9.193921811691869,0.11190020852797034,0.4330127018922193,-8.074070057860979,-18.646266085447735,,-131.57752032490745,True,frozen_value,False,D_strongly_isolated_transducer_spike
AWS-KOL-102,2025-03-21T08:00:00+00:00,pressure_hpa,15.030216220710258,17.355398762010694,1.0,5.485619999999899,14.030216220710258,2.5576354579264544,0.3333333333333333,147.33418352637983,True,drift,False,C_mixed_uncertain
AWS-MUM-101,2025-03-21T08:00:00+00:00,pressure_hpa,-8.195928198165348,-9.463842702939216,0.011900208528004441,0.4330127018922193,-8.207828406693352,-18.955167760266658,,-134.86703305693834,True,frozen_value,False,D_strongly_isolated_transducer_spike
AWS-KOL-015,2025-03-21T08:00:00+00:00,pressure_hpa,2.300000000000068,2.6558112382723573,-5.130216220710281,1.451020665816007,7.430216220710349,5.120682562113501,-0.3333333333333333,-9.58402828429977,True,drift,False,D_strongly_isolated_transducer_spike
AWS-KOL-102,2025-03-21T09:00:00+00:00,pressure_hpa,15.130216220710281,17.470868815848647,1.0,5.485619999999899,14.130216220710281,2.575864937912313,0.3333333333333333,149.29808850111334,True,drift,False,C_mixed_uncertain
AWS-MUM-103,2025-03-21T09:00:00+00:00,pressure_hpa,-7.790053243774423,-8.995178674589361,0.023800417056008882,0.4330127018922193,-7.813853660830432,-18.045322057955172,,-122.36020439376813,True,frozen_value,False,D_strongly_isolated_transducer_spike
AWS-KOL-015,2025-03-21T09:00:00+00:00,pressure_hpa,2.400000000000091,2.771281292110309,-5.130216220710281,1.451020665816007,7.530216220710372,5.189599568160267,-0.3333333333333333,-9.625971838924322,True,drift,False,D_strongly_isolated_transducer_spike
AWS-MUM-102,2025-03-21T09:00:00+00:00,pressure_hpa,-7.462169849333009,-8.616571542502244,0.11190020852797034,0.4330127018922193,-7.574070057860979,-17.491565547068483,,-115.85478007016681,True,frozen_value,False,D_strongly_isolated_transducer_spike
AWS-MUM-101,2025-03-21T09:00:00+00:00,pressure_hpa,-7.695928198165348,-8.88649243374959,0.011900208528004441,0.4330127018922193,-7.707828406693352,-17.800467221887406,,-118.94344277119961,True,frozen_value,False,D_strongly_isolated_transducer_spike
AWS-KOL-015,2025-03-21T10:00:00+00:00,pressure_hpa,2.2000000000000455,2.540341184434406,-5.130216220710281,1.451020665816007,7.3302162207103265,5.051765556066736,-0.3333333333333333,-9.53350095006433,True,drift,False,D_strongly_isolated_transducer_spike
AWS-MUM-101,2025-03-21T10:00:00+00:00,pressure_hpa,2.800000000000068,3.233161507461983,0.011900208528004441,0.4330127018922193,2.7880997914720638,6.438840660535742,,-15.502667859217254,True,frozen_value,False,D_strongly_isolated_transducer_spike
AWS-KOL-102,2025-03-21T10:00:00+00:00,pressure_hpa,14.930216220710236,17.239928708172744,1.0,5.485619999999899,13.930216220710236,2.539405977940596,0.3333333333333333,145.38327957103914,True,drift,False,C_mixed_uncertain
AWS-MUM-103,2025-03-21T10:00:00+00:00,pressure_hpa,3.1000000000000227,3.579571668975706,0.023800417056008882,0.4330127018922193,3.076199582944014,7.104178629174964,1.0,-18.828010330946377,True,frozen_value,False,D_strongly_isolated_transducer_spike
AWS-MUM-102,2025-03-21T10:00:00+00:00,pressure_hpa,3.1000000000000227,3.579571668975706,1.4119002085280385,2.057996750836431,1.6880997914719842,0.8202635843744118,1.0,6.070250492741382,True,frozen_value,False,A_strongly_common_mode
AWS-MUM-103,2025-03-21T11:00:00+00:00,pressure_hpa,2.2999999999999545,2.6558112382722263,2.800000000000068,0.44477999999993256,-0.5000000000001137,-1.1241512657947512,1.0,2.8948086324725573,True,frozen_value,False,A_strongly_common_mode
AWS-KOL-102,2025-03-21T11:00:00+00:00,pressure_hpa,14.97535343516006,17.292048673998895,1.0,5.485619999999899,13.97535343516006,2.5476342574148987,0.3333333333333333,146.2622535171965,True,drift,False,C_mixed_uncertain
AWS-KOL-015,2025-03-21T11:00:00+00:00,pressure_hpa,2.245137214449869,2.592461150260557,-5.130216220710281,1.451020665816007,7.37535343516015,5.0828727728784555,-0.3333333333333333,-9.557370404829413,True,drift,False,D_strongly_isolated_transducer_spike
AWS-KOL-102,2025-03-21T12:00:00+00:00,pressure_hpa,14.964891682992516,17.279968483138642,1.0,5.485619999999899,13.964891682992516,2.545727134397347,0.3333333333333333,146.05829206772893,True,drift,False,C_mixed_uncertain
AWS-KOL-015,2025-03-21T12:00:00+00:00,pressure_hpa,2.2346754622823255,2.580380959400304,-5.130216220710281,1.451020665816007,7.3648916829926065,5.075662846504554,-0.3333333333333333,-9.551993717875538,True,drift,False,D_strongly_isolated_transducer_spike
AWS-MUM-102,2025-03-21T13:00:00+00:00,pressure_hpa,-3.5,-4.041451884327381,1.4119002085280385,2.057996750836431,-4.9119002085280385,-2.3867385633780502,-1.0,5.318406181708708,True,frozen_value,False,C_mixed_uncertain
AWS-KOL-102,2025-03-21T13:00:00+00:00,pressure_hpa,14.951021129212677,17.263952147221445,1.0,5.485619999999899,13.951021129212677,2.5431986045721238,0.3333333333333333,145.78809229962718,True,drift,False,C_mixed_uncertain
AWS-KOL-015,2025-03-21T13:00:00+00:00,pressure_hpa,2.220804908502487,2.564364623483106,-5.130216220710281,1.451020665816007,7.351021129212768,5.066103676117384,-0.3333333333333333,-9.544720267499212,True,drift,False,D_strongly_isolated_transducer_spike
AWS-MUM-101,2025-03-21T13:00:00+00:00,pressure_hpa,-3.400000000000091,-3.9259818304895604,1.5619002085280158,2.2803867508363975,-4.961900208528107,-2.1759029281801374,-1.0,5.339389890235632,True,frozen_value,False,C_mixed_uncertain
AWS-KOL-015,2025-03-21T14:00:00+00:00,pressure_hpa,2.2465441849401486,2.5940857798431667,-5.130216220710281,1.451020665816007,7.37676040565043,5.083842414816317,-0.3333333333333333,-9.558086332750435,True,drift,False,D_strongly_isolated_transducer_spike
AWS-MUM-102,2025-03-21T14:00:00+00:00,pressure_hpa,-4.600000000000023,-5.311622476544583,1.4119002085280385,2.057996750836431,-6.011900208528061,-2.921238921336803,-1.0,9.839848248900301,True,drift,False,C_mixed_uncertain
AWS-MUM-101,2025-03-21T14:00:00+00:00,pressure_hpa,-4.300000000000068,-4.96521231503086,1.5619002085280158,2.2803867508363975,-5.861900208528084,-2.5705728233941296,-1.0,9.022744346480824,True,drift,False,C_mixed_uncertain
AWS-KOL-102,2025-03-21T14:00:00+00:00,pressure_hpa,14.976760405650339,17.293673303581503,1.0,5.485619999999899,13.976760405650339,2.5478907408188314,0.3333333333333333,146.28969455192865,True,drift,False,C_mixed_uncertain
AWS-MUM-101,2025-03-21T15:00:00+00:00,pressure_hpa,-5.100000000000023,-5.888972745734209,1.5619002085280158,2.2803867508363975,-6.6619002085280385,-2.9213905080287783,-1.0,13.072738749799836,True,drift,False,C_mixed_uncertain
AWS-KOL-102,2025-03-21T15:00:00+00:00,pressure_hpa,14.971021275903922,17.28704632737349,1.0,5.485619999999899,13.971021275903922,2.546844527310346,0.3333333333333333,146.17777683923327,True,drift,False,C_mixed_uncertain
AWS-MUM-103,2025-03-21T15:00:00+00:00,pressure_hpa,-2.6000000000000227,-3.0022213997860803,2.800000000000068,0.44477999999993256,-5.400000000000091,-12.140833670580758,-1.0,-69.19325444168697,True,drift,False,D_strongly_isolated_transducer_spike
AWS-KOL-015,2025-03-21T15:00:00+00:00,pressure_hpa,2.240805055193732,2.587458803635151,-5.130216220710281,1.451020665816007,7.371021275904013,5.079887178421949,-0.3333333333333333,-9.555155342493329,True,drift,False,D_strongly_isolated_transducer_spike
AWS-MUM-102,2025-03-21T15:00:00+00:00,pressure_hpa,-5.2999999999999545,-6.119912853409981,1.4119002085280385,2.057996750836431,-6.711900208527993,-3.2613755127650603,-1.0,13.40838154903457,True,drift,False,D_strongly_isolated_transducer_spike
AWS-MUM-102,2025-03-21T16:00:00+00:00,pressure_hpa,-5.5,-6.3508529610858835,1.4119002085280385,2.057996750836431,-6.9119002085280385,-3.3585573960303083,-1.0,14.526712775451724,True,drift,False,D_strongly_isolated_transducer_spike
AWS-MUM-101,2025-03-21T16:00:00+00:00,pressure_hpa,-5.300000000000068,-6.119912853410113,1.5619002085280158,2.2803867508363975,-6.861900208528084,-3.0090949291874654,-1.0,14.199340520236294,True,drift,False,D_strongly_isolated_transducer_spike
AWS-MUM-103,2025-03-21T16:00:00+00:00,pressure_hpa,-2.7999999999999545,-3.233161507461852,2.800000000000068,0.44477999999993256,-5.600000000000023,-12.590494176898403,-1.0,-74.03360514258979,True,drift,False,D_strongly_isolated_transducer_spike
AWS-KOL-015,2025-03-21T16:00:00+00:00,pressure_hpa,2.2025344654936134,2.5432677331043325,-5.130216220710281,1.451020665816007,7.3327506862038945,5.053512233804192,-0.3333333333333333,-9.53488756747949,True,drift,False,D_strongly_isolated_transducer_spike
AWS-KOL-102,2025-03-21T16:00:00+00:00,pressure_hpa,14.932750686203804,17.24285525684267,1.0,5.485619999999899,13.932750686203804,2.5398679978204943,0.3333333333333333,145.4325639810371,True,drift,False,C_mixed_uncertain
AWS-KOL-015,2025-03-21T17:00:00+00:00,pressure_hpa,2.1685358490734643,2.5040095124198367,0.06853584907344157,1.334339999999966,2.1000000000000227,1.5738117721121123,0.0,1.8965900721251805,True,drift,False,C_mixed_uncertain
AWS-MUM-103,2025-03-21T17:00:00+00:00,pressure_hpa,-2.6000000000000227,-3.0022213997860803,2.800000000000068,0.44477999999993256,-5.400000000000091,-12.140833670580758,-1.0,-69.19325444168697,True,drift,False,D_strongly_isolated_transducer_spike
AWS-KOL-102,2025-03-21T17:00:00+00:00,pressure_hpa,14.898752069783654,17.203597036158175,0.9685358490734188,0.4330127018922193,13.930216220710236,32.170456339586984,1.0,-369.48725505738093,True,drift,False,D_strongly_isolated_transducer_spike
AWS-MUM-101,2025-03-21T17:00:00+00:00,pressure_hpa,-5.2000000000000455,-6.0044427995721605,1.5619002085280158,2.2803867508363975,-6.761900208528061,-2.965242718608122,-1.0,13.63033447653774,True,drift,False,C_mixed_uncertain
AWS-MUM-102,2025-03-21T17:00:00+00:00,pressure_hpa,-5.5,-6.3508529610858835,1.4119002085280385,2.057996750836431,-6.9119002085280385,-3.3585573960303083,-1.0,14.526712775451724,True,drift,False,D_strongly_isolated_transducer_spike
AWS-KOL-102,2025-03-21T18:00:00+00:00,pressure_hpa,13.030216220710258,15.045997685252193,0.9685358490734188,0.4330127018922193,12.06168037163684,27.85525763777502,1.0,-274.76666586110457,True,drift,False,D_strongly_isolated_transducer_spike
AWS-MUM-102,2025-03-21T18:00:00+00:00,pressure_hpa,-4.5,-5.196152422706632,1.4119002085280385,2.057996750836431,-5.9119002085280385,-2.8726479797041793,-1.0,9.373946792350749,True,drift,False,C_mixed_uncertain
AWS-MUM-101,2025-03-21T18:00:00+00:00,pressure_hpa,-4.5,-5.196152422706632,1.5619002085280158,2.2803867508363975,-6.061900208528016,-2.658277244552767,-1.0,9.966781045546474,True,drift,False,C_mixed_uncertain
AWS-MUM-102,2025-03-21T19:00:00+00:00,pressure_hpa,-3.6000000000000227,-4.156921938165332,1.4119002085280385,2.057996750836431,-5.011900208528061,-2.435329505010674,-1.0,5.674585101012342,True,drift,False,C_mixed_uncertain
AWS-KOL-102,2025-03-21T19:00:00+00:00,pressure_hpa,13.630216220710281,15.73881800827977,0.06853584907344157,1.3809887501637155,13.56168037163684,9.820268535879897,0.0,75.63635909047943,True,drift,True,B_likely_common_mode_with_phase_lag
AWS-MUM-101,2025-03-21T19:00:00+00:00,pressure_hpa,-3.6000000000000227,-4.156921938165332,1.266196761828155,2.7187966809136106,-4.866196761828178,-1.7898347441681317,0.0,7.038245794284408,True,drift,False,C_mixed_uncertain
AWS-MUM-103,2025-03-21T20:00:00+00:00,pressure_hpa,-9.215823512903171,-10.641516371957458,2.800000000000068,0.44477999999993256,-12.01582351290324,-27.015206423186882,-0.3333333333333333,-308.2897536963796,True,drift,False,D_strongly_isolated_transducer_spike
AWS-MUM-101,2025-03-21T20:00:00+00:00,pressure_hpa,-11.885952440011238,-13.724715681631155,1.266196761828155,2.7187966809136106,-13.152149201839393,-4.837489060572125,0.0,82.48326006522858,True,drift,False,D_strongly_isolated_transducer_spike
AWS-KOL-101,2025-03-21T20:00:00+00:00,pressure_hpa,-11.502120943243312,-13.281505245666319,0.06853584907344157,1.3809887501637155,-11.570656792316754,-8.378530810584126,0.0,53.09930152337722,True,drift,False,D_strongly_isolated_transducer_spike
AWS-MUM-007,2025-03-21T20:00:00+00:00,pressure_hpa,-7.966992903981691,-9.199490995491335,2.9500000000000455,0.4330127018922193,-10.916992903981736,-25.211715167420362,-1.0,-275.49997355350393,True,spike,False,D_strongly_isolated_transducer_spike
AWS-KOL-015,2025-03-21T20:00:00+00:00,pressure_hpa,-11.021309016897476,-12.726311455455615,-1.6685358490733506,2.575382499672434,-9.352773167824125,-3.631605467930964,1.0,74.38522249327737,True,drift,False,D_strongly_isolated_transducer_spike
AWS-MUM-102,2025-03-21T20:00:00+00:00,pressure_hpa,-11.847357693282333,-13.680150306804679,1.1161967618281778,2.4964066809136445,-12.963554455110511,-5.192885660106493,0.0,80.09022546891426,True,drift,False,D_strongly_isolated_transducer_spike
AWS-KOL-103,2025-03-21T20:00:00+00:00,pressure_hpa,-13.465449071847729,-15.548561292780967,-5.130216220710281,5.132287318988912,-8.335232851137448,-1.6240775960258462,1.0,119.56006511872673,True,drift,False,C_mixed_uncertain
AWS-MUM-102,2025-03-21T21:00:00+00:00,pressure_hpa,-2.5,-2.886751345948129,0.39999999999997726,1.4345733618271543,-2.8999999999999773,-2.021506935209205,-0.3333333333333333,2.123421522117211,True,drift,False,C_mixed_uncertain
AWS-KOL-102,2025-03-21T21:00:00+00:00,pressure_hpa,14.330216220710213,16.547108385145165,-1.6685358490733506,2.575382499672434,15.998752069783563,6.212184819854318,-1.0,117.6077778368565,True,drift,True,B_likely_common_mode_with_phase_lag
AWS-MUM-101,2025-03-21T21:00:00+00:00,pressure_hpa,-2.6000000000000227,-3.0022213997860803,-0.5676064763437125,1.4345733618271543,-2.03239352365631,-1.4167233114294957,0.3333333333333333,3.5031141960928682,True,drift,False,C_mixed_uncertain
AWS-KOL-015,2025-03-21T21:00:00+00:00,pressure_hpa,12.721309016897521,14.689302370700396,-1.6685358490733506,2.575382499672434,14.389844865970872,5.587459287232531,-1.0,92.27795142569161,True,drift,True,B_likely_common_mode_with_phase_lag
AWS-KOL-102,2025-03-21T22:00:00+00:00,pressure_hpa,13.430216220710236,15.507877900603866,-1.6685358490733506,2.575382499672434,15.098752069783586,5.862722167174785,-1.0,103.06138288527758,True,drift,True,B_likely_common_mode_with_phase_lag
AWS-KOL-015,2025-03-21T22:00:00+00:00,pressure_hpa,11.921309016897567,13.765541939997046,-1.6685358490733506,2.575382499672434,13.589844865970917,5.276825818184067,-1.0,80.82262709318185,True,drift,True,B_likely_common_mode_with_phase_lag
AWS-MUM-101,2025-03-21T22:00:00+00:00,pressure_hpa,-2.300000000000068,-2.6558112382723573,0.20000000000004547,1.0378199999998987,-2.5000000000001137,-2.408895569559613,0.0,0.6252777341449098,True,drift,False,C_mixed_uncertain
AWS-MUM-101,2025-03-21T23:00:00+00:00,pressure_hpa,-2.300000000000068,-2.6558112382723573,0.20000000000004547,0.4330127018922193,-2.5000000000001137,-5.77350269189652,-1.0,-13.140000000001304,True,drift,True,B_likely_common_mode_with_phase_lag
AWS-KOL-103,2025-03-21T23:00:00+00:00,pressure_hpa,-2.368535849073396,-2.7349496200956085,-5.130216220710281,5.132287318988912,2.761680371636885,0.5380993307640755,1.0,3.5951992673461834,True,drift,False,A_strongly_common_mode
AWS-KOL-015,2025-03-21T23:00:00+00:00,pressure_hpa,11.121309016897499,12.841781509293567,-1.6685358490733506,2.575382499672434,12.78984486597085,4.966192349135557,-1.0,70.1241429419108,True,drift,True,B_likely_common_mode_with_phase_lag
AWS-KOL-102,2025-03-21T23:00:00+00:00,pressure_hpa,12.730216220710304,14.699587523738469,-1.6685358490733506,2.575382499672434,14.398752069783654,5.590917881757389,-1.0,92.40975530374656,True,drift,True,B_likely_common_mode_with_phase_lag
AWS-MUM-101,2025-03-22T00:00:00+00:00,pressure_hpa,-2.400000000000091,-2.771281292110309,0.0,0.4330127018922193,-2.400000000000091,-5.542562584220618,-1.0,-11.520000000000875,True,drift,False,D_strongly_isolated_transducer_spike
AWS-KOL-102,2025-03-22T00:00:00+00:00,pressure_hpa,11.730216220710304,13.544886985359218,-1.6685358490733506,2.575382499672434,13.398752069783654,5.202626045446786,-1.0,78.19832283869614,True,drift,True,B_likely_common_mode_with_phase_lag
AWS-KOL-103,2025-03-22T00:00:00+00:00,pressure_hpa,-3.368535849073396,-3.88965015847486,-5.130216220710281,5.132287318988912,1.761680371636885,0.3432544326033456,1.0,7.505777374910829,True,drift,False,A_strongly_common_mode
AWS-KOL-015,2025-03-22T00:00:00+00:00,pressure_hpa,10.121309016897499,11.687080970914316,-1.6685358490733506,2.575382499672434,11.78984486597085,4.577900512824955,-1.0,57.81534425769227,True,drift,True,B_likely_common_mode_with_phase_lag
AWS-MUM-101,2025-03-22T01:00:00+00:00,pressure_hpa,-2.800000000000068,-3.233161507461983,0.0,0.4330127018922193,-2.800000000000068,-6.466323014923966,-1.0,-15.680000000000764,True,drift,False,D_strongly_isolated_transducer_spike
AWS-KOL-102,2025-03-22T01:00:00+00:00,pressure_hpa,11.130216220710281,12.85206666233164,-1.6685358490733506,2.575382499672434,12.798752069783632,4.969650943660416,-1.0,70.23909349559575,True,drift,True,B_likely_common_mode_with_phase_lag
AWS-KOL-103,2025-03-22T01:00:00+00:00,pressure_hpa,-3.7685358490733734,-4.3515303738265345,-5.130216220710281,5.132287318988912,1.3616803716369077,0.2653164733390581,1.0,9.432711881654912,True,drift,False,A_strongly_common_mode
AWS-KOL-015,2025-03-22T01:00:00+00:00,pressure_hpa,9.521309016897476,10.994260647886739,-1.6685358490733506,2.575382499672434,11.189844865970827,4.344925411038584,-1.0,50.99769518309106,True,drift,True,B_likely_common_mode_with_phase_lag
AWS-MUM-101,2025-03-22T02:00:00+00:00,pressure_hpa,-3.300000000000068,-3.8105117766516092,0.0,0.7413,-3.300000000000068,-4.451639012545621,0.0,-2.648544949008773,True,drift,False,D_strongly_isolated_transducer_spike
AWS-KOL-102,2025-03-22T02:00:00+00:00,pressure_hpa,11.830216220710213,13.660357039197038,-1.6685358490733506,2.575382499672434,13.498752069783563,5.241455229077811,-1.0,79.56625075995647,True,drift,True,B_likely_common_mode_with_phase_lag
AWS-KOL-015,2025-03-22T02:00:00+00:00,pressure_hpa,10.321309016897544,11.918021078590218,-1.6685358490733506,2.575382499672434,11.989844865970895,4.655558880087093,-1.0,60.18249897188148,True,drift,True,B_likely_common_mode_with_phase_lag
AWS-KOL-103,2025-03-22T02:00:00+00:00,pressure_hpa,-3.368535849073396,-3.88965015847486,-5.130216220710281,5.132287318988912,1.761680371636885,0.3432544326033456,1.0,7.505777374910829,True,drift,False,A_strongly_common_mode
AWS-KOL-101,2025-03-22T03:00:00+00:00,pressure_hpa,-2.300000000000068,-2.6558112382723573,-5.130216220710281,7.707669818661347,2.830216220710213,0.367194792628229,1.0,3.459250658800232,True,drift,False,A_strongly_common_mode
AWS-KOL-103,2025-03-22T03:00:00+00:00,pressure_hpa,-4.168535849073351,-4.813410589178209,-5.130216220710281,5.132287318988912,0.9616803716369304,0.18737851407477057,1.0,11.56690539623802,True,drift,False,A_strongly_common_mode
AWS-MUM-101,2025-03-22T03:00:00+00:00,pressure_hpa,-3.7000000000000455,-4.272391992003284,0.0,0.5930399999999663,-3.7000000000000455,-6.239039525158937,0.0,-10.336140431580832,True,drift,False,D_strongly_isolated_transducer_spike
AWS-KOL-102,2025-03-22T03:00:00+00:00,pressure_hpa,10.730216220710304,12.390186446979966,-1.6685358490733506,2.575382499672434,12.398752069783654,4.814334209136184,-1.0,65.16945315683355,True,drift,True,B_likely_common_mode_with_phase_lag
AWS-KOL-015,2025-03-22T03:00:00+00:00,pressure_hpa,9.221309016897521,10.647850486373015,-1.6685358490733506,2.575382499672434,10.889844865970872,4.228437860145421,-1.0,47.74851662152143,True,drift,True,B_likely_common_mode_with_phase_lag
AWS-KOL-015,2025-03-22T04:00:00+00:00,pressure_hpa,9.921309016897567,11.456140863238543,-1.6685358490733506,2.575382499672434,11.589844865970917,4.5002421455628605,-1.0,55.49549205483187,True,drift,True,B_likely_common_mode_with_phase_lag
AWS-MUM-101,2025-03-22T04:00:00+00:00,pressure_hpa,-3.7000000000000455,-4.272391992003284,0.0,0.4330127018922193,-3.7000000000000455,-8.544783984006568,-1.0,-27.380000000000685,True,drift,False,D_strongly_isolated_transducer_spike
AWS-KOL-102,2025-03-22T04:00:00+00:00,pressure_hpa,11.530216220710258,13.313946877683314,-1.6685358490733506,2.575382499672434,13.198752069783609,5.124967678184648,-1.0,75.49794387966797,True,drift,True,B_likely_common_mode_with_phase_lag
AWS-KOL-103,2025-03-22T04:00:00+00:00,pressure_hpa,-3.468535849073419,-4.005120212312812,-5.130216220710281,5.132287318988912,1.6616803716368622,0.3237699427872682,1.0,7.968080469612075,True,drift,False,A_strongly_common_mode
AWS-KOL-103,2025-03-22T05:00:00+00:00,pressure_hpa,-3.440717514025323,-3.9729983658559607,-5.130216220710281,5.132287318988912,1.689498706684958,0.32919020344671546,1.0,7.838174912524422,True,drift,False,A_strongly_common_mode
AWS-KOL-015,2025-03-22T05:00:00+00:00,pressure_hpa,9.949127351945663,11.488262709695395,-1.6685358490733506,2.575382499672434,11.617663201019013,4.511043777961789,-1.0,55.815332060145,True,drift,True,B_likely_common_mode_with_phase_lag
AWS-KOL-102,2025-03-22T05:00:00+00:00,pressure_hpa,11.558034555758354,13.346068724140165,-1.6685358490733506,2.575382499672434,13.226570404831705,5.135769310583576,-1.0,75.8707119889701,True,drift,True,B_likely_common_mode_with_phase_lag
AWS-MUM-101,2025-03-22T05:00:00+00:00,pressure_hpa,-3.300000000000068,-3.8105117766516092,0.39999999999997726,0.5930399999999663,-3.7000000000000455,-6.239039525158937,-1.0,-12.202807098247424,True,drift,False,D_strongly_isolated_transducer_spike
AWS-KOL-103,2025-03-22T06:00:00+00:00,pressure_hpa,-3.420755960756196,-3.949948749549214,-5.130216220710281,5.132287318988912,1.709460259954085,0.3330796102605685,1.0,7.745576548647033,True,drift,False,A_strongly_common_mode
AWS-MUM-101,2025-03-22T06:00:00+00:00,pressure_hpa,-2.6000000000000227,-3.0022213997860803,0.6000000000000227,0.44477999999993256,-3.2000000000000455,-7.194568101084875,-1.0,-21.374238413907268,True,drift,False,D_strongly_isolated_transducer_spike
AWS-KOL-015,2025-03-22T06:00:00+00:00,pressure_hpa,9.96908890521479,11.511312326002141,-1.6685358490733506,2.575382499672434,11.63762475428814,4.51879468613627,-1.0,56.04540302565772,True,drift,True,B_likely_common_mode_with_phase_lag
AWS-KOL-102,2025-03-22T06:00:00+00:00,pressure_hpa,11.577996109027481,13.369118340446912,-1.6685358490733506,2.575382499672434,13.246531958100832,5.143520218758058,-1.0,76.13876248005053,True,drift,True,B_likely_common_mode_with_phase_lag
AWS-KOL-103,2025-03-22T07:00:00+00:00,pressure_hpa,-3.423710525291426,-3.95336038680872,-5.130216220710281,5.132287318988912,1.7065056954188549,0.3325039284345923,1.0,7.759249742781979,True,drift,False,A_strongly_common_mode
AWS-KOL-102,2025-03-22T07:00:00+00:00,pressure_hpa,11.575041544492251,13.365706703187406,-1.6685358490733506,2.575382499672434,13.243577393565602,5.1423729854691755,-1.0,76.0990578769728,True,drift,True,B_likely_common_mode_with_phase_lag
AWS-KOL-015,2025-03-22T07:00:00+00:00,pressure_hpa,9.96613434067956,11.507900688742636,-1.6685358490733506,2.575382499672434,11.63467018975291,4.517647452847388,-1.0,56.01131987687236,True,drift,True,B_likely_common_mode_with_phase_lag
AWS-KOL-015,2025-03-22T08:00:00+00:00,pressure_hpa,9.95343539131818,11.4932372050782,-1.6685358490733506,2.575382499672434,11.621971240391531,4.512716554480643,-1.0,55.86494537555505,True,drift,True,B_likely_common_mode_with_phase_lag
AWS-KOL-102,2025-03-22T08:00:00+00:00,pressure_hpa,11.562342595130872,13.351043219522971,-1.6685358490733506,2.575382499672434,13.230878444204222,5.13744208710243,-1.0,75.92852192561946,True,drift,True,B_likely_common_mode_with_phase_lag
AWS-KOL-103,2025-03-22T08:00:00+00:00,pressure_hpa,-3.4364094746528053,-3.9680238704731554,-5.130216220710281,5.132287318988912,1.6938067460574757,0.3300296029395261,1.0,7.81814694891417,True,drift,False,A_strongly_common_mode
AWS-MUM-102,2025-03-22T09:00:00+00:00,pressure_hpa,2.2000000000000455,2.540341184434406,1.5,1.9273800000001011,0.7000000000000455,0.36318733202586345,0.3333333333333333,3.1607141475947684,True,drift,False,A_strongly_common_mode
AWS-KOL-103,2025-03-22T09:00:00+00:00,pressure_hpa,-3.4388010209800086,-3.970785390304736,-5.130216220710281,5.132287318988912,1.6914151997302724,0.32956362233895553,1.0,7.82926221734418,True,drift,False,A_strongly_common_mode
AWS-KOL-102,2025-03-22T09:00:00+00:00,pressure_hpa,11.559951048803669,13.34828169969139,-1.6685358490733506,2.575382499672434,13.22848689787702,5.136513469187419,-1.0,75.89642685758614,True,drift,True,B_likely_common_mode_with_phase_lag
AWS-KOL-015,2025-03-22T09:00:00+00:00,pressure_hpa,9.951043844990977,11.490475685246619,-1.6685358490733506,2.575382499672434,11.619579694064328,4.511787936565631,-1.0,55.8374005443523,True,drift,True,B_likely_common_mode_with_phase_lag
AWS-KOL-103,2025-03-22T10:00:00+00:00,pressure_hpa,-3.48942105399874,-4.029236369684241,-5.130216220710281,5.132287318988912,1.6407951667115412,0.319700567160528,1.0,8.066268635071738,True,drift,False,A_strongly_common_mode
AWS-KOL-102,2025-03-22T10:00:00+00:00,pressure_hpa,11.509331015784937,13.289830720311885,-1.6685358490733506,2.575382499672434,13.177866864858288,5.116858123612472,-1.0,75.21868175868329,True,drift,True,B_likely_common_mode_with_phase_lag
AWS-KOL-015,2025-03-22T10:00:00+00:00,pressure_hpa,9.900423811972246,11.432024705867114,-1.6685358490733506,2.575382499672434,11.568959661045596,4.492132590990685,-1.0,55.255966830257705,True,drift,True,B_likely_common_mode_with_phase_lag
AWS-KOL-103,2025-03-22T11:00:00+00:00,pressure_hpa,-3.5328344281714408,-4.0793658162143185,-5.130216220710281,5.132287318988912,1.5973817925388403,0.31124169269103447,1.0,8.272177035614368,True,drift,False,A_strongly_common_mode
AWS-KOL-102,2025-03-22T11:00:00+00:00,pressure_hpa,11.465917641612236,13.239701273781808,-1.6685358490733506,2.575382499672434,13.134453490685587,5.100001064834514,-1.0,74.63983947883322,True,drift,True,B_likely_common_mode_with_phase_lag
AWS-KOL-015,2025-03-22T11:00:00+00:00,pressure_hpa,9.857010437799545,11.381895259337037,-1.6685358490733506,2.575382499672434,11.525546286872896,4.475275532212727,-1.0,54.75972430264851,True,drift,True,B_likely_common_mode_with_phase_lag
AWS-KOL-015,2025-03-22T12:00:00+00:00,pressure_hpa,10.821309016897544,12.495371347779844,-1.6685358490733506,2.575382499672434,12.489844865970895,4.849704798242395,-1.0,66.3073342444111,True,drift,True,B_likely_common_mode_with_phase_lag
AWS-KOL-103,2025-03-22T12:00:00+00:00,pressure_hpa,-2.468535849073419,-2.8504196739335597,-5.130216220710281,5.132287318988912,2.661680371636862,0.518614840947998,1.0,3.9279654821479917,True,drift,False,A_strongly_common_mode
AWS-MUM-101,2025-03-22T12:00:00+00:00,pressure_hpa,-2.5,-2.886751345948129,0.6000000000000227,1.334339999999966,-3.1000000000000227,-2.3232459493083484,-0.3333333333333333,1.4679307961778436,True,drift,False,C_mixed_uncertain
AWS-KOL-102,2025-03-22T12:00:00+00:00,pressure_hpa,12.730216220710304,14.699587523738469,-1.6685358490733506,2.575382499672434,14.398752069783654,5.590917881757389,-1.0,92.40975530374656,True,drift,True,B_likely_common_mode_with_phase_lag
AWS-MUM-103,2025-03-22T12:00:00+00:00,pressure_hpa,-2.2000000000000455,-2.540341184434406,-0.5,1.0214209764715994,-1.7000000000000455,-1.6643480397989594,0.3333333333333333,1.8416394678754815,True,drift,False,C_mixed_uncertain
AWS-KOL-015,2025-03-22T13:00:00+00:00,pressure_hpa,10.421309016897567,12.03349113242817,-1.6685358490733506,2.575382499672434,12.089844865970917,4.694388063718162,-1.0,61.38381477072391,True,drift,True,B_likely_common_mode_with_phase_lag
AWS-KOL-102,2025-03-22T13:00:00+00:00,pressure_hpa,12.030216220710258,13.89129714687294,-1.6685358490733506,2.575382499672434,13.698752069783609,5.31911359633995,-1.0,82.33758348597588,True,drift,True,B_likely_common_mode_with_phase_lag
AWS-MUM-101,2025-03-22T13:00:00+00:00,pressure_hpa,-4.0,-4.618802153517007,0.6000000000000227,1.334339999999966,-4.600000000000023,-3.4473972151027024,-0.3333333333333333,4.724392887317736,True,drift,False,D_strongly_isolated_transducer_spike
AWS-KOL-103,2025-03-22T13:00:00+00:00,pressure_hpa,-2.868535849073396,-3.3122998892852342,-5.130216220710281,5.132287318988912,2.261680371636885,0.44067688168371055,1.0,5.388567221254248,True,drift,False,A_strongly_common_mode
AWS-MUM-103,2025-03-22T13:00:00+00:00,pressure_hpa,-3.5,-4.041451884327381,-0.5,1.0214209764715994,-3.0,-2.937084776115732,0.3333333333333333,3.8534331756212676,True,drift,False,C_mixed_uncertain
AWS-KOL-102,2025-03-22T14:00:00+00:00,pressure_hpa,11.530216220710258,13.313946877683314,-1.6685358490733506,2.575382499672434,13.198752069783609,5.124967678184648,-1.0,75.49794387966797,True,drift,True,B_likely_common_mode_with_phase_lag
AWS-MUM-101,2025-03-22T14:00:00+00:00,pressure_hpa,-5.2000000000000455,-6.0044427995721605,0.6000000000000227,1.334339999999966,-5.800000000000068,-4.3467182277382195,-0.3333333333333333,8.57968699099114,True,drift,False,D_strongly_isolated_transducer_spike
AWS-MUM-103,2025-03-22T14:00:00+00:00,pressure_hpa,-4.800000000000068,-5.542562584220486,-0.5,1.0214209764715994,-4.300000000000068,-4.209821512432616,0.3333333333333333,6.498701416730219,True,drift,False,D_strongly_isolated_transducer_spike
AWS-MUM-102,2025-03-22T14:00:00+00:00,pressure_hpa,-2.8999999999999773,-3.348631561299803,-0.5,1.0214209764715994,-2.3999999999999773,-2.3496678208925634,0.3333333333333333,2.8461972323975746,True,drift,False,C_mixed_uncertain
AWS-KOL-103,2025-03-22T14:00:00+00:00,pressure_hpa,-3.5685358490734416,-4.120590266150763,-5.130216220710281,5.132287318988912,1.5616803716368395,0.30428545297119075,1.0,8.443337252303266,True,drift,False,A_strongly_common_mode
AWS-KOL-015,2025-03-22T14:00:00+00:00,pressure_hpa,9.921309016897567,11.456140863238543,-3.5685358490734416,2.315347318988778,13.489844865971008,5.8262726958228725,-1.0,48.64885497613642,True,drift,False,D_strongly_isolated_transducer_spike
AWS-MUM-103,2025-03-22T15:00:00+00:00,pressure_hpa,-6.0,-6.92820323027551,-0.5,1.0214209764715994,-5.5,-5.384655422878843,0.3333333333333333,9.50274298843074,True,drift,False,D_strongly_isolated_transducer_spike
AWS-MUM-102,2025-03-22T15:00:00+00:00,pressure_hpa,-3.8999999999999773,-4.503332099679055,-0.5,1.0214209764715994,-3.3999999999999773,-3.3286960795978078,0.3333333333333333,4.599891204834974,True,drift,False,D_strongly_isolated_transducer_spike
AWS-KOL-015,2025-03-22T15:00:00+00:00,pressure_hpa,9.621309016897499,11.10973070172469,-3.5685358490734416,2.315347318988778,13.18984486597094,5.6967025023837765,-1.0,45.48684843208929,True,drift,False,D_strongly_isolated_transducer_spike
AWS-KOL-102,2025-03-22T15:00:00+00:00,pressure_hpa,11.330216220710213,13.083006770007412,-3.5685358490734416,2.816940000000135,14.898752069783654,5.288984525684942,-1.0,71.5958544155625,True,drift,True,B_likely_common_mode_with_phase_lag
AWS-MUM-101,2025-03-22T15:00:00+00:00,pressure_hpa,-6.100000000000023,-7.043673284113461,0.6000000000000227,1.334339999999966,-6.7000000000000455,-5.0212089872148145,-0.3333333333333333,12.200396820023443,True,drift,False,D_strongly_isolated_transducer_spike
AWS-MUM-101,2025-03-22T16:00:00+00:00,pressure_hpa,-6.2000000000000455,-7.159143337951412,0.6000000000000227,1.334339999999966,-6.800000000000068,-5.096152404934455,-0.3333333333333333,12.641281999507427,True,drift,False,D_strongly_isolated_transducer_spike
AWS-KOL-015,2025-03-22T16:00:00+00:00,pressure_hpa,8.921309016897567,10.301440324859293,-1.6685358490733506,2.028991249836217,10.589844865970917,5.219265911977562,-1.0,39.43946805335308,True,drift,False,D_strongly_isolated_transducer_spike
AWS-MUM-102,2025-03-22T16:00:00+00:00,pressure_hpa,-4.100000000000023,-4.734272207354958,-0.5,1.0214209764715994,-3.6000000000000227,-3.524501731338901,0.3333333333333333,4.9956104395613385,True,drift,False,D_strongly_isolated_transducer_spike
AWS-MUM-007,2025-03-22T16:00:00+00:00,pressure_hpa,-2.5110609898342773,-2.8995234768647764,0.6000000000000227,1.334339999999966,-3.1110609898343,-2.3315354331237756,-0.3333333333333333,1.4855894584891645,False,normal,False,C_mixed_uncertain
AWS-MUM-103,2025-03-22T16:00:00+00:00,pressure_hpa,-6.300000000000068,-7.274613391789364,-0.5,1.0214209764715994,-5.800000000000068,-5.678363900490482,0.3333333333333333,10.338091706803834,True,drift,False,D_strongly_isolated_transducer_spike
AWS-KOL-101,2025-03-22T16:00:00+00:00,pressure_hpa,-2.6000000000000227,-3.0022213997860803,-0.2999999999999545,7.1612785688251295,-2.300000000000068,-0.3211716983071367,0.3333333333333333,4.455091036770001,True,drift,True,B_likely_common_mode_with_phase_lag
AWS-KOL-102,2025-03-22T16:00:00+00:00,pressure_hpa,10.730216220710304,12.390186446979966,-0.2999999999999545,2.028991249836217,11.030216220710258,5.4363054653885925,-0.3333333333333333,61.98165153895608,True,drift,False,D_strongly_isolated_transducer_spike
AWS-KOL-102,2025-03-22T17:00:00+00:00,pressure_hpa,10.430216220710236,12.043776285466112,-0.6000000000000227,1.5842112498361158,11.030216220710258,6.96259177672884,-0.3333333333333333,48.287431482491925,True,drift,False,D_strongly_isolated_transducer_spike
AWS-MUM-102,2025-03-22T17:00:00+00:00,pressure_hpa,-4.2000000000000455,-4.849742261192909,-0.5,1.0214209764715994,-3.7000000000000455,-3.6224045572094474,0.3333333333333333,5.199092611954369,True,drift,False,D_strongly_isolated_transducer_spike
AWS-MUM-007,2025-03-22T17:00:00+00:00,pressure_hpa,-2.7110609898343228,-3.130463584540679,0.6000000000000227,1.334339999999966,-3.3110609898343455,-2.481422268563057,-0.3333333333333333,1.821172889607325,False,normal,False,C_mixed_uncertain
AWS-KOL-101,2025-03-22T17:00:00+00:00,pressure_hpa,-2.900000000000091,-3.3486315612999347,-0.6000000000000227,6.7164985688250285,-2.300000000000068,-0.3424403320318768,0.3333333333333333,5.548033976165968,True,drift,False,A_strongly_common_mode
AWS-MUM-103,2025-03-22T17:00:00+00:00,pressure_hpa,-6.300000000000068,-7.274613391789364,-0.5,1.0214209764715994,-5.800000000000068,-5.678363900490482,0.3333333333333333,10.338091706803834,True,drift,False,D_strongly_isolated_transducer_spike
AWS-MUM-101,2025-03-22T17:00:00+00:00,pressure_hpa,-6.2000000000000455,-7.159143337951412,0.6000000000000227,1.334339999999966,-6.800000000000068,-5.096152404934455,-0.3333333333333333,12.641281999507427,True,drift,False,D_strongly_isolated_transducer_spike
AWS-MUM-102,2025-03-22T18:00:00+00:00,pressure_hpa,-3.1000000000000227,-3.579571668975706,-0.5,1.0214209764715994,-2.6000000000000227,-2.545473472633657,0.3333333333333333,3.166949066725936,True,drift,False,C_mixed_uncertain
AWS-MUM-101,2025-03-22T18:00:00+00:00,pressure_hpa,-5.400000000000091,-6.235382907248064,0.6000000000000227,1.334339999999966,-6.000000000000114,-4.4966050631775,-0.3333333333333333,9.330271452903892,True,drift,False,D_strongly_isolated_transducer_spike
AWS-KOL-102,2025-03-22T18:00:00+00:00,pressure_hpa,12.230216220710304,14.122237254548844,-0.6000000000000227,1.5842112498361158,12.830216220710327,8.098803882397371,-0.3333333333333333,66.92348037411628,True,drift,False,D_strongly_isolated_transducer_spike
AWS-MUM-103,2025-03-22T18:00:00+00:00,pressure_hpa,-5.300000000000068,-6.119912853410113,-0.5,1.0214209764715994,-4.800000000000068,-4.699335641785239,0.3333333333333333,7.684788929590612,True,drift,False,D_strongly_isolated_transducer_spike
AWS-KOL-015,2025-03-22T19:00:00+00:00,pressure_hpa,-1012.8335570138698,-1169.519453572488,-1.6685358490733506,1.5842112498361158,-1011.1650211647965,-638.2766321533192,1.0,480189.3465657536,True,sensor_fail_low,False,D_strongly_isolated_transducer_spike
AWS-MUM-102,2025-03-22T19:00:00+00:00,pressure_hpa,-2.5,-2.886751345948129,-0.5,1.0214209764715994,-2.0,-1.9580565174104883,0.3333333333333333,2.2496740039798233,False,normal,False,C_mixed_uncertain
AWS-MUM-103,2025-03-22T19:00:00+00:00,pressure_hpa,-4.7000000000000455,-5.427092530382535,-0.5,1.0214209764715994,-4.2000000000000455,-4.11191868656207,0.3333333333333333,6.272729024217787,False,normal,False,D_strongly_isolated_transducer_spike
AWS-KOL-101,2025-03-22T19:00:00+00:00,pressure_hpa,-1014.7335570138699,-1171.7133845954086,-0.6000000000000227,3.558239999999966,-1014.1335570138699,-285.00988045041356,0.3333333333333333,645840.8118428343,True,sensor_fail_low,False,D_strongly_isolated_transducer_spike
AWS-MUM-007,2025-03-22T19:00:00+00:00,pressure_hpa,-1011.6446180037042,-1168.1465850573495,0.6000000000000227,1.334339999999966,-1012.2446180037042,-758.6107124149241,-0.3333333333333333,394538.1155952344,True,sensor_fail_low,False,D_strongly_isolated_transducer_spike
AWS-KOL-102,2025-03-22T19:00:00+00:00,pressure_hpa,-1001.0033407931596,-1155.8590965332908,-0.6000000000000227,1.5842112498361158,-1000.4033407931596,-631.4835479779921,0.3333333333333333,468619.38983594114,True,sensor_fail_low,False,D_strongly_isolated_transducer_spike
AWS-KOL-103,2025-03-22T19:00:00+00:00,pressure_hpa,-1011.4335570138699,-1167.902872818757,-1.6685358490733506,5.132287318988912,-1009.7650211647965,-196.74756271512203,0.3333333333333333,662643.7584519825,True,sensor_fail_low,False,D_strongly_isolated_transducer_spike
AWS-MUM-101,2025-03-22T19:00:00+00:00,pressure_hpa,-4.900000000000091,-5.658032638058438,0.6000000000000227,1.334339999999966,-5.500000000000114,-4.121887974579383,-0.3333333333333333,7.511686429176198,False,normal,False,D_strongly_isolated_transducer_spike
AWS-KOL-102,2025-03-22T20:00:00+00:00,pressure_hpa,-1000.9541833057121,-1155.8023343560699,-0.6000000000000227,1.5842112498361158,-1000.3541833057121,-631.4525183489243,0.3333333333333333,468573.3765868709,True,sensor_fail_low,False,D_strongly_isolated_transducer_spike
AWS-MUM-103,2025-03-22T20:00:00+00:00,pressure_hpa,-3.800000000000068,-4.387862045841235,-0.5,1.0214209764715994,-3.300000000000068,-3.2307932537273722,0.3333333333333333,4.407654142501863,True,sensor_fail_low,False,D_strongly_isolated_transducer_spike
AWS-KOL-101,2025-03-22T20:00:00+00:00,pressure_hpa,-1014.6843995264225,-1171.6566224181877,-0.6000000000000227,3.558239999999966,-1014.0843995264224,-284.99606533747925,0.3333333333333333,645778.2417992754,True,sensor_fail_low,False,D_strongly_isolated_transducer_spike
AWS-MUM-007,2025-03-22T20:00:00+00:00,pressure_hpa,-1011.5954605162567,-1168.0898228801286,0.6000000000000227,1.334339999999966,-1012.1954605162567,-758.5738721137659,-0.3333333333333333,394499.7574312291,True,sensor_fail_low,False,D_strongly_isolated_transducer_spike
AWS-MUM-101,2025-03-22T20:00:00+00:00,pressure_hpa,-4.2000000000000455,-4.849742261192909,0.6000000000000227,1.334339999999966,-4.800000000000068,-3.597284050541983,-0.3333333333333333,5.2897737298583865,True,sensor_fail_low,False,D_strongly_isolated_transducer_spike
AWS-KOL-103,2025-03-22T20:00:00+00:00,pressure_hpa,-1011.3843995264224,-1167.846110641536,-1.6685358490733506,5.132287318988912,-1009.715863677349,-196.73798462948648,0.3333333333333333,662579.3517722453,True,sensor_fail_low,False,D_strongly_isolated_transducer_spike
AWS-KOL-015,2025-03-22T20:00:00+00:00,pressure_hpa,-1012.7843995264224,-1169.462691395267,-1.6685358490733506,1.5842112498361158,-1011.115863677349,-638.2456025242514,1.0,480142.7687119585,True,sensor_fail_low,False,D_strongly_isolated_transducer_spike
AWS-KOL-101,2025-03-22T21:00:00+00:00,pressure_hpa,-1014.6422343981947,-1171.6079343219221,-0.6000000000000227,3.558239999999966,-1014.0422343981946,-284.9842153419118,0.3333333333333333,645724.5743860181,True,sensor_fail_low,False,D_strongly_isolated_transducer_spike
AWS-MUM-007,2025-03-22T21:00:00+00:00,pressure_hpa,-1011.5532953880289,-1168.041134783863,0.6000000000000227,1.334339999999966,-1012.1532953880289,-758.5422721255861,-0.3333333333333333,394466.8569728639,True,sensor_fail_low,False,D_strongly_isolated_transducer_spike
AWS-MUM-103,2025-03-22T21:00:00+00:00,pressure_hpa,-3.0,-3.464101615137755,-0.5,1.0214209764715994,-2.5,-2.4475706467631104,0.3333333333333333,3.0046989645518054,True,sensor_fail_low,False,C_mixed_uncertain
AWS-MUM-101,2025-03-22T21:00:00+00:00,pressure_hpa,-3.300000000000068,-3.8105117766516092,0.6000000000000227,1.334339999999966,-3.900000000000091,-2.922793291065388,-0.3333333333333333,2.9886396888518805,True,sensor_fail_low,False,C_mixed_uncertain
AWS-KOL-102,2025-03-22T21:00:00+00:00,pressure_hpa,-1000.9120181774844,-1155.7536462598046,-0.6000000000000227,1.5842112498361158,-1000.3120181774843,-631.4259024994078,0.3333333333333333,468533.9102478209,True,sensor_fail_low,False,D_strongly_isolated_transducer_spike
AWS-KOL-103,2025-03-22T21:00:00+00:00,pressure_hpa,-1011.3422343981946,-1167.7974225452706,-1.6685358490733506,5.132287318988912,-1009.6736985491212,-196.729768969371,0.3333333333333333,662524.1090523176,True,sensor_fail_low,False,D_strongly_isolated_transducer_spike
AWS-KOL-015,2025-03-22T21:00:00+00:00,pressure_hpa,-1012.7422343981946,-1169.4140032990015,-1.6685358490733506,1.5842112498361158,-1011.0736985491212,-638.218986674735,1.0,480102.8180798357,True,sensor_fail_low,False,D_strongly_isolated_transducer_spike
AWS-KOL-015,2025-03-22T22:00:00+00:00,pressure_hpa,-1012.7695619263887,-1169.4455584105199,-1.6685358490733506,1.5842112498361158,-1011.1010260773154,-638.2362366015973,1.0,480128.71018736134,True,sensor_fail_low,False,D_strongly_isolated_transducer_spike
AWS-KOL-103,2025-03-22T22:00:00+00:00,pressure_hpa,-1011.3695619263888,-1167.828977656789,-1.6685358490733506,5.132287318988912,-1009.7010260773154,-196.735093598819,0.3333333333333333,662559.9120007824,True,sensor_fail_low,False,D_strongly_isolated_transducer_spike
AWS-MUM-007,2025-03-22T22:00:00+00:00,pressure_hpa,-1011.5806229162231,-1168.0726898953815,0.6000000000000227,1.334339999999966,-1012.1806229162231,-758.5627523091932,-0.3333333333333333,394488.1798442668,True,sensor_fail_low,False,D_strongly_isolated_transducer_spike
AWS-MUM-101,2025-03-22T22:00:00+00:00,pressure_hpa,-2.800000000000068,-3.233161507461983,0.6000000000000227,1.334339999999966,-3.400000000000091,-2.54807620246727,-0.3333333333333333,1.9803204998769095,True,sensor_fail_low,False,C_mixed_uncertain
AWS-KOL-102,2025-03-22T22:00:00+00:00,pressure_hpa,-1000.9393457056785,-1155.7852013713227,-0.6000000000000227,1.5842112498361158,-1000.3393457056785,-631.4431524262702,0.3333333333333333,468559.48848146154,True,sensor_fail_low,False,D_strongly_isolated_transducer_spike
AWS-KOL-101,2025-03-22T22:00:00+00:00,pressure_hpa,-1014.6695619263888,-1171.6394894334405,-0.6000000000000227,3.558239999999966,-1014.0695619263888,-284.99189541076447,0.3333333333333333,645759.3563750166,True,sensor_fail_low,False,D_strongly_isolated_transducer_spike
AWS-MUM-103,2025-03-22T22:00:00+00:00,pressure_hpa,-2.6000000000000227,-3.0022213997860803,-0.5,1.0214209764715994,-2.1000000000000227,-2.055959343281035,0.3333333333333333,2.393182256054454,True,sensor_fail_low,False,C_mixed_uncertain
AWS-KOL-102,2025-03-22T23:00:00+00:00,pressure_hpa,12.630216220710281,14.584117469900518,-0.6000000000000227,1.5842112498361158,13.230216220710304,8.351295461434798,-0.3333333333333333,71.476173245838,True,drift,False,D_strongly_isolated_transducer_spike
AWS-MUM-101,2025-03-22T23:00:00+00:00,pressure_hpa,-3.0,-3.464101615137755,0.6000000000000227,1.334339999999966,-3.6000000000000227,-2.697963037906466,-0.3333333333333333,2.360497723045257,True,sensor_fail_low,False,C_mixed_uncertain
AWS-MUM-103,2025-03-22T23:00:00+00:00,pressure_hpa,-2.7000000000000455,-3.117691453624032,-0.5,1.0214209764715994,-2.2000000000000455,-2.1538621691515814,0.3333333333333333,2.540438878148987,True,sensor_fail_low,False,C_mixed_uncertain
AWS-KOL-102,2025-03-23T00:00:00+00:00,pressure_hpa,12.630216220710281,14.584117469900518,-0.6000000000000227,1.5842112498361158,13.230216220710304,8.351295461434798,-0.3333333333333333,71.476173245838,True,drift,False,D_strongly_isolated_transducer_spike
AWS-MUM-103,2025-03-23T00:00:00+00:00,pressure_hpa,-1013.5883560989931,-1170.3910204824479,-0.5,1.0214209764715994,-1013.0883560989931,-991.8421291861555,0.3333333333333333,193032.16579870967,True,sensor_fail_low,False,D_strongly_isolated_transducer_spike
AWS-MUM-102,2025-03-23T00:00:00+00:00,pressure_hpa,-1011.4883560989931,-1167.9661493518515,-0.5,1.0214209764715994,-1010.9883560989931,-989.7861698428744,0.3333333333333333,192234.13200978207,True,sensor_fail_low,False,D_strongly_isolated_transducer_spike
AWS-MUM-101,2025-03-23T00:00:00+00:00,pressure_hpa,-1014.1883560989932,-1171.0838408054756,0.6000000000000227,1.334339999999966,-1014.7883560989932,-760.5170766813698,-0.3333333333333333,396525.569135864,True,sensor_fail_low,False,D_strongly_isolated_transducer_spike
AWS-MUM-101,2025-03-23T01:00:00+00:00,pressure_hpa,-1014.1882799553651,-1171.0837528823872,0.6000000000000227,1.334339999999966,-1014.7882799553652,-760.5170196167326,-0.3333333333333333,396525.50956918934,True,sensor_fail_low,False,D_strongly_isolated_transducer_spike
AWS-MUM-103,2025-03-23T01:00:00+00:00,pressure_hpa,-1013.5882799553651,-1170.3909325593597,-0.5,1.0214209764715994,-1013.0882799553651,-991.8420546393919,0.3333333333333333,193032.13683293865,True,sensor_fail_low,False,D_strongly_isolated_transducer_spike
AWS-MUM-102,2025-03-23T01:00:00+00:00,pressure_hpa,-1011.4882799553651,-1167.9660614287632,-0.5,1.0214209764715994,-1010.9882799553651,-989.786095296111,0.3333333333333333,192234.1031039477,True,sensor_fail_low,False,D_strongly_isolated_transducer_spike
AWS-KOL-102,2025-03-23T01:00:00+00:00,pressure_hpa,12.030216220710258,13.89129714687294,-0.6000000000000227,1.5842112498361158,12.630216220710281,7.9725580928786215,-0.3333333333333333,64.70322693919793,True,frozen_value,False,D_strongly_isolated_transducer_spike
AWS-MUM-102,2025-03-23T02:00:00+00:00,pressure_hpa,-1011.486482838036,-1167.9639862964157,-0.5,1.0214209764715994,-1010.986482838036,-989.7843358674614,0.3333333333333333,192233.4208784111,True,sensor_fail_low,False,D_strongly_isolated_transducer_spike
AWS-MUM-101,2025-03-23T02:00:00+00:00,pressure_hpa,-1014.186482838036,-1171.0816777500397,0.6000000000000227,1.334339999999966,-1014.786482838036,-760.5156727955857,-0.3333333333333333,396524.1036970627,True,sensor_fail_low,False,D_strongly_isolated_transducer_spike
AWS-KOL-102,2025-03-23T02:00:00+00:00,pressure_hpa,11.830216220710213,13.660357039197038,-0.6000000000000227,1.5842112498361158,12.430216220710236,7.846312303359872,-0.3333333333333333,62.520368838241794,True,frozen_value,False,D_strongly_isolated_transducer_spike
AWS-MUM-103,2025-03-23T02:00:00+00:00,pressure_hpa,-1013.586482838036,-1170.3888574270122,-0.5,1.0214209764715994,-1013.086482838036,-991.8402952107425,0.3333333333333333,193031.4531927872,True,sensor_fail_low,False,D_strongly_isolated_transducer_spike
AWS-MUM-101,2025-03-23T03:00:00+00:00,pressure_hpa,-1014.2431672632371,-1171.147131286337,0.6000000000000227,1.334339999999966,-1014.8431672632371,-760.558154041146,-0.3333333333333333,396568.4487208706,True,sensor_fail_low,False,D_strongly_isolated_transducer_spike
AWS-KOL-102,2025-03-23T03:00:00+00:00,pressure_hpa,11.930216220710236,13.775827093034989,-0.6000000000000227,1.5842112498361158,12.530216220710258,7.909435198119247,-0.3333333333333333,63.60712347197459,True,frozen_value,False,D_strongly_isolated_transducer_spike
AWS-MUM-102,2025-03-23T03:00:00+00:00,pressure_hpa,-1011.543167263237,-1168.0294398327133,-0.5,1.0214209764715994,-1011.043167263237,-989.8398315215618,0.3333333333333333,192254.94012464408,True,sensor_fail_low,False,D_strongly_isolated_transducer_spike
AWS-MUM-103,2025-03-23T03:00:00+00:00,pressure_hpa,-1013.643167263237,-1170.4543109633096,-0.5,1.0214209764715994,-1013.143167263237,-991.8957908648429,0.3333333333333333,193053.01705860184,True,sensor_fail_low,False,D_strongly_isolated_transducer_spike
AWS-MUM-103,2025-03-23T04:00:00+00:00,pressure_hpa,-3.7301159148095167,-4.307166855047563,-0.5,1.0214209764715994,-3.2301159148095167,-3.1623747594920575,0.3333333333333333,4.275536098873934,True,multivariate_inconsistency,False,D_strongly_isolated_transducer_spike
AWS-MUM-101,2025-03-23T04:00:00+00:00,pressure_hpa,-4.039895368512134,-4.664869357016807,0.6000000000000227,1.334339999999966,-4.639895368512157,-3.477296167777534,-0.3333333333333333,4.834708739797035,True,multivariate_inconsistency,False,D_strongly_isolated_transducer_spike
AWS-MUM-007,2025-03-23T04:00:00+00:00,pressure_hpa,-1011.5369882124513,-1168.0223048794442,0.6000000000000227,1.334339999999966,-1012.1369882124513,-758.5300509708748,-0.3333333333333333,394454.13323500566,True,sensor_fail_low,False,D_strongly_isolated_transducer_spike
AWS-KOL-102,2025-03-23T04:00:00+00:00,pressure_hpa,12.030216220710258,13.89129714687294,-0.6000000000000227,1.5842112498361158,12.630216220710281,7.9725580928786215,-0.3333333333333333,64.70322693919793,False,normal,False,D_strongly_isolated_transducer_spike
AWS-MUM-103,2025-03-23T05:00:00+00:00,pressure_hpa,-3.823639506221639,-4.415158596402302,-0.5,1.0214209764715994,-3.323639506221639,-3.2539369983401283,0.3333333333333333,4.4527597211091905,True,multivariate_inconsistency,False,D_strongly_isolated_transducer_spike
AWS-KOL-102,2025-03-23T05:00:00+00:00,pressure_hpa,12.330216220710213,14.237707308386664,-0.6000000000000227,1.5842112498361158,12.930216220710236,8.161926777156674,-0.3333333333333333,68.04763034180993,False,normal,False,D_strongly_isolated_transducer_spike
AWS-MUM-007,2025-03-23T05:00:00+00:00,pressure_hpa,-1011.648240401275,-1168.1507678417747,0.6000000000000227,1.334339999999966,-1012.248240401275,-758.6134271634671,-0.3333333333333333,394540.94226831343,True,sensor_fail_low,False,D_strongly_isolated_transducer_spike
AWS-MUM-101,2025-03-23T05:00:00+00:00,pressure_hpa,-4.117726647883842,-4.754741177210064,0.6000000000000227,1.334339999999966,-4.717726647883865,-3.5356255885936,-0.3333333333333333,5.053457679769551,True,multivariate_inconsistency,False,D_strongly_isolated_transducer_spike
AWS-MUM-103,2025-03-23T06:00:00+00:00,pressure_hpa,-2.8006531749574606,-3.2339157289369402,-0.5,1.0214209764715994,-2.3006531749574606,-2.252404471763294,0.3333333333333333,2.692442518723229,True,multivariate_inconsistency,False,C_mixed_uncertain
AWS-KOL-102,2025-03-23T06:00:00+00:00,pressure_hpa,13.430216220710236,15.507877900603866,-0.6000000000000227,1.5842112498361158,14.030216220710258,8.856278619509654,-0.3333333333333333,81.03030299682698,False,normal,True,B_likely_common_mode_with_phase_lag
AWS-KOL-103,2025-03-23T06:00:00+00:00,pressure_hpa,3.1000000000000227,3.579571668975706,-1.6685358490733506,4.401151249836251,4.768535849073373,1.0834746588749458,-0.3333333333333333,5.81970799845467,False,normal,True,A_strongly_common_mode
AWS-MUM-101,2025-03-23T06:00:00+00:00,pressure_hpa,-3.0953480577239816,-3.574200068725052,0.6000000000000227,1.334339999999966,-3.6953480577240043,-2.7694201310940976,-0.3333333333333333,2.5526091343824597,True,multivariate_inconsistency,False,C_mixed_uncertain
AWS-MUM-007,2025-03-23T06:00:00+00:00,pressure_hpa,-1011.6521734906988,-1168.15530938225,0.6000000000000227,1.334339999999966,-1012.2521734906989,-758.6163747551033,-0.3333333333333333,394544.0113956824,True,sensor_fail_low,False,D_strongly_isolated_transducer_spike
AWS-MUM-101,2025-03-23T07:00:00+00:00,pressure_hpa,-2.841245928492299,-3.280788203297914,0.6000000000000227,1.334339999999966,-3.4412459284923216,-2.57898731094954,-0.3333333333333333,2.056197842430007,True,multivariate_inconsistency,False,C_mixed_uncertain
AWS-MUM-007,2025-03-23T07:00:00+00:00,pressure_hpa,-1011.6009456802427,-1168.0961566019364,0.6000000000000227,1.334339999999966,-1012.2009456802427,-758.5779828831246,-0.3333333333333333,394504.0374765927,True,sensor_fail_low,False,D_strongly_isolated_transducer_spike
AWS-MUM-103,2025-03-23T07:00:00+00:00,pressure_hpa,-2.458660408399737,-2.839016497270927,-0.5,1.0214209764715994,-1.9586604083997372,-1.917583889030497,0.3333333333333333,2.1914433501535795,True,multivariate_inconsistency,False,C_mixed_uncertain
AWS-KOL-102,2025-03-23T07:00:00+00:00,pressure_hpa,14.830216220710213,17.12445865433479,-0.6000000000000227,1.5842112498361158,15.430216220710236,9.739999146140685,-0.3333333333333333,99.18975041860024,False,normal,True,B_likely_common_mode_with_phase_lag
AWS-KOL-103,2025-03-23T07:00:00+00:00,pressure_hpa,4.300000000000068,4.96521231503086,-1.6685358490733506,4.401151249836251,5.968535849073419,1.3561305918071969,-0.3333333333333333,11.407121575649388,False,normal,True,A_strongly_common_mode
AWS-KOL-102,2025-03-23T08:00:00+00:00,pressure_hpa,15.430216220710236,17.81727897736237,2.099999999999909,1.0378199999998987,13.330216220710327,12.844439518135735,1.0,76.23790181105606,False,normal,False,D_strongly_isolated_transducer_spike
AWS-KOL-102,2025-03-23T09:00:00+00:00,pressure_hpa,15.130216220710281,17.470868815848647,2.099999999999909,1.0378199999998987,13.030216220710372,12.555372049788637,1.0,73.79694493598949,True,dropout,False,D_strongly_isolated_transducer_spike
AWS-KOL-102,2025-03-23T10:00:00+00:00,pressure_hpa,14.51526287609056,16.760781857738134,2.099999999999909,1.0378199999998987,12.415262876090651,11.96282869485254,1.0,68.90726905014823,True,multivariate_inconsistency,False,D_strongly_isolated_transducer_spike
AWS-MUM-101,2025-03-23T11:00:00+00:00,pressure_hpa,-2.3178744656203207,-2.6764508933473046,0.7000000000000455,1.1860799999999325,-3.017874465620366,-2.5444105504017753,-0.3333333333333333,0.34468216775185967,True,multivariate_inconsistency,False,C_mixed_uncertain
AWS-KOL-102,2025-03-23T11:00:00+00:00,pressure_hpa,13.844839419975415,15.986643532019897,2.099999999999909,1.0378199999998987,11.744839419975506,11.316836657586721,1.0,63.75098974268751,True,multivariate_inconsistency,False,D_strongly_isolated_transducer_spike
AWS-KOL-101,2025-03-23T12:00:00+00:00,pressure_hpa,-2.736282805585347,-3.1595872287672893,1.3999999999999773,4.2995400000001345,-4.136282805585324,-0.9620291486031517,-0.3333333333333333,4.528745686713627,True,multivariate_inconsistency,False,A_strongly_common_mode
AWS-KOL-015,2025-03-23T12:00:00+00:00,pressure_hpa,-2.236282805585347,-2.5822369595776635,2.099999999999909,3.2617200000002358,-4.336282805585256,-1.3294466740201312,-0.3333333333333333,2.4502596281728533,True,multivariate_inconsistency,True,A_strongly_common_mode
AWS-MUM-103,2025-03-23T12:00:00+00:00,pressure_hpa,-3.3015715756890813,-3.812326475945816,-0.5,1.0214209764715994,-2.8015715756890813,-2.742817741384988,0.3333333333333333,3.505391998370599,True,multivariate_inconsistency,False,C_mixed_uncertain
AWS-KOL-103,2025-03-23T12:00:00+00:00,pressure_hpa,-2.236282805585347,-2.5822369595776635,1.3999999999999773,1.0378199999998987,-3.6362828055853242,-3.5037702160159556,-0.3333333333333333,-2.8042290056158,True,multivariate_inconsistency,False,D_strongly_isolated_transducer_spike
AWS-KOL-102,2025-03-23T12:00:00+00:00,pressure_hpa,12.593933415124866,14.54222169475713,2.099999999999909,1.0378199999998987,10.493933415124957,10.111515884378775,1.0,54.616729169710325,True,multivariate_inconsistency,False,D_strongly_isolated_transducer_spike
AWS-MUM-101,2025-03-23T12:00:00+00:00,pressure_hpa,-3.601529978369854,-4.158688605012684,0.7000000000000455,1.1860799999999325,-4.301529978369899,-3.6266777775277754,-0.3333333333333333,2.0709496057242696,True,multivariate_inconsistency,False,D_strongly_isolated_transducer_spike
AWS-KOL-015,2025-03-23T13:00:00+00:00,pressure_hpa,-3.7999999999999545,-4.3878620458411035,2.099999999999909,3.2617200000002358,-5.899999999999864,-1.8088615822325145,-0.3333333333333333,7.99067655482808,False,normal,True,B_likely_common_mode_with_phase_lag
AWS-MUM-101,2025-03-23T13:00:00+00:00,pressure_hpa,-5.0,-5.773502691896258,0.7000000000000455,1.1860799999999325,-5.7000000000000455,-4.805746661271052,-0.3333333333333333,5.119066180507739,False,normal,False,D_strongly_isolated_transducer_spike
AWS-KOL-103,2025-03-23T13:00:00+00:00,pressure_hpa,-3.800000000000068,-4.387862045841235,1.3999999999999773,1.0378199999998987,-5.2000000000000455,-5.010502784683811,-0.3333333333333333,-2.9259024109951,False,normal,False,D_strongly_isolated_transducer_spike
AWS-KOL-102,2025-03-23T13:00:00+00:00,pressure_hpa,11.130216220710281,12.85206666233164,2.099999999999909,1.0378199999998987,9.030216220710372,8.701139138493431,1.0,44.73289759279708,False,normal,False,D_strongly_isolated_transducer_spike
AWS-MUM-102,2025-03-23T13:00:00+00:00,pressure_hpa,-3.400000000000091,-3.9259818304895604,-0.5,1.0214209764715994,-2.900000000000091,-2.839181950245297,0.3333333333333333,3.6761895933677353,False,normal,False,C_mixed_uncertain
AWS-MUM-103,2025-03-23T13:00:00+00:00,pressure_hpa,-4.7000000000000455,-5.427092530382535,-0.5,1.0214209764715994,-4.2000000000000455,-4.11191868656207,0.3333333333333333,6.272729024217787,False,normal,False,D_strongly_isolated_transducer_spike
AWS-KOL-101,2025-03-23T13:00:00+00:00,pressure_hpa,-4.2999999999999545,-4.96521231503073,1.3999999999999773,4.2995400000001345,-5.699999999999932,-1.325723216902216,-0.3333333333333333,11.447895642749629,False,normal,False,A_strongly_common_mode
AWS-MUM-103,2025-03-23T14:00:00+00:00,pressure_hpa,-5.899999999999977,-6.8127331764375585,-0.5,1.0214209764715994,-5.399999999999977,-5.286752597008296,0.3333333333333333,9.231790155679512,False,normal,False,D_strongly_isolated_transducer_spike
AWS-KOL-103,2025-03-23T14:00:00+00:00,pressure_hpa,3.6246121234299835,4.185341570340564,1.3999999999999773,1.0378199999998987,2.2246121234300062,2.1435433152475607,0.3333333333333333,6.461153058039159,True,unstructured_anomaly,False,C_mixed_uncertain
AWS-KOL-101,2025-03-23T14:00:00+00:00,pressure_hpa,3.0246121234300745,3.4925212473131184,1.3999999999999773,4.2995400000001345,1.6246121234300972,0.3778571948231779,0.3333333333333333,6.02746430162697,True,unstructured_anomaly,False,A_strongly_common_mode
AWS-KOL-102,2025-03-23T14:00:00+00:00,pressure_hpa,18.45482834414031,21.309800224675488,2.099999999999909,1.0378199999998987,16.3548283441404,15.758829415642401,1.0,102.88344053213163,True,unstructured_anomaly,False,D_strongly_isolated_transducer_spike
AWS-MUM-102,2025-03-23T14:00:00+00:00,pressure_hpa,-4.400000000000091,-5.080682368868812,-0.5,1.0214209764715994,-3.900000000000091,-3.818210208950541,0.3333333333333333,5.617302066800136,False,normal,False,D_strongly_isolated_transducer_spike
AWS-MUM-101,2025-03-23T14:00:00+00:00,pressure_hpa,-6.100000000000023,-7.043673284113461,0.7000000000000455,1.1860799999999325,-6.800000000000068,-5.733171455551442,-0.3333333333333333,8.37203919729193,False,normal,False,D_strongly_isolated_transducer_spike
AWS-KOL-015,2025-03-23T14:00:00+00:00,pressure_hpa,3.4246121234300517,3.9544014626647925,2.099999999999909,3.2617200000002358,1.3246121234301427,0.406108471429199,0.3333333333333333,7.736183418679445,True,unstructured_anomaly,False,A_strongly_common_mode
AWS-KOL-101,2025-03-23T15:00:00+00:00,pressure_hpa,2.43021288114835,2.8061681222381916,1.3999999999999773,4.2995400000001345,1.0302128811483726,0.23961002366493633,0.3333333333333333,3.908583283412553,True,unstructured_anomaly,False,A_strongly_common_mode
AWS-MUM-101,2025-03-23T15:00:00+00:00,pressure_hpa,-6.400000000000091,-7.390083445627315,0.7000000000000455,1.1860799999999325,-7.100000000000136,-5.9861054903552375,-0.3333333333333333,9.389937195836886,False,normal,False,D_strongly_isolated_transducer_spike
AWS-MUM-007,2025-03-23T15:00:00+00:00,pressure_hpa,-2.5110609898342773,-2.8995234768647764,0.7000000000000455,1.1860799999999325,-3.2110609898343228,-2.707288707198929,-0.3333333333333333,0.5389121243815764,False,normal,False,C_mixed_uncertain
AWS-KOL-015,2025-03-23T15:00:00+00:00,pressure_hpa,2.830212881148327,3.268048337589866,2.43021288114835,2.7721463824095576,0.39999999999997726,0.14429252457162675,0.3333333333333333,5.329659802088317,True,unstructured_anomaly,False,A_strongly_common_mode
AWS-MUM-103,2025-03-23T15:00:00+00:00,pressure_hpa,-6.5,-7.505553499465135,-0.5,1.0214209764715994,-6.0,-5.874169552231464,0.3333333333333333,10.913732702485067,False,normal,False,D_strongly_isolated_transducer_spike
AWS-KOL-103,2025-03-23T15:00:00+00:00,pressure_hpa,2.93021288114835,3.3835183914278177,1.3999999999999773,1.5273936175905771,1.5302128811483726,1.0018458002739614,0.3333333333333333,5.222250848801857,True,unstructured_anomaly,True,A_strongly_common_mode
AWS-MUM-102,2025-03-23T15:00:00+00:00,pressure_hpa,-4.900000000000091,-5.658032638058438,-0.5,1.0214209764715994,-4.400000000000091,-4.307724338303163,0.3333333333333333,6.72842217926255,False,normal,False,D_strongly_isolated_transducer_spike
AWS-KOL-102,2025-03-23T15:00:00+00:00,pressure_hpa,17.660429101858654,20.39250699192479,2.43021288114835,0.7413,15.230216220710304,20.545280211399305,1.0,-3.127098774607191,True,unstructured_anomaly,True,B_likely_common_mode_with_phase_lag
AWS-MUM-103,2025-03-23T16:00:00+00:00,pressure_hpa,-6.399999999999977,-7.390083445627184,-0.5,1.0214209764715994,-5.899999999999977,-5.776266726360918,0.3333333333333333,10.624038019634337,False,normal,False,D_strongly_isolated_transducer_spike
AWS-MUM-102,2025-03-23T16:00:00+00:00,pressure_hpa,-4.900000000000091,-5.658032638058438,-0.5,1.0214209764715994,-4.400000000000091,-4.307724338303163,0.3333333333333333,6.72842217926255,False,normal,False,D_strongly_isolated_transducer_spike
AWS-KOL-102,2025-03-23T16:00:00+00:00,pressure_hpa,2.372258500387943,2.739248167572714,2.43021288114835,0.7413,-0.05795438076040682,-0.07817938858816514,1.0,3.7486842533752256,True,unstructured_anomaly,True,A_strongly_common_mode
AWS-KOL-101,2025-03-23T16:00:00+00:00,pressure_hpa,-15.488170601470529,-17.884198932027715,1.3999999999999773,2.268693617590577,-16.888170601470506,-7.444006749314289,-0.3333333333333333,132.2156674782523,True,unstructured_anomaly,False,D_strongly_isolated_transducer_spike
AWS-MUM-007,2025-03-23T16:00:00+00:00,pressure_hpa,-2.7110609898343228,-3.130463584540679,0.7000000000000455,1.1860799999999325,-3.4110609898343682,-2.8759113970681254,-0.3333333333333333,0.7644679451744709,False,normal,False,C_mixed_uncertain
AWS-KOL-103,2025-03-23T16:00:00+00:00,pressure_hpa,-15.38817060147062,-17.768728878189897,1.3999999999999773,1.5273936175905771,-16.788170601470597,-10.9913845443151,-0.3333333333333333,97.45859587280538,True,unstructured_anomaly,False,D_strongly_isolated_transducer_spike
AWS-MUM-101,2025-03-23T16:00:00+00:00,pressure_hpa,-6.400000000000091,-7.390083445627315,0.7000000000000455,1.1860799999999325,-7.100000000000136,-5.9861054903552375,-0.3333333333333333,9.389937195836886,False,normal,False,D_strongly_isolated_transducer_spike
AWS-KOL-015,2025-03-23T16:00:00+00:00,pressure_hpa,-12.557957720322293,-14.50068054060003,2.43021288114835,0.7413,-14.988170601470642,-20.218765144301422,-0.3333333333333333,-99.26436390994085,True,unstructured_anomaly,False,D_strongly_isolated_transducer_spike
AWS-KOL-015,2025-03-23T17:00:00+00:00,pressure_hpa,3.8084878128431683,4.397662927900825,2.43021288114835,0.7413,1.3782749316948184,1.859267410892781,0.3333333333333333,7.941281961112656,True,unstructured_anomaly,True,B_likely_common_mode_with_phase_lag
AWS-MUM-007,2025-03-23T17:00:00+00:00,pressure_hpa,-2.5110609898342773,-2.8995234768647764,0.7000000000000455,1.1860799999999325,-3.2110609898343228,-2.707288707198929,-0.3333333333333333,0.5389121243815764,False,normal,False,C_mixed_uncertain
AWS-MUM-101,2025-03-23T17:00:00+00:00,pressure_hpa,-6.2000000000000455,-7.159143337951412,0.7000000000000455,1.1860799999999325,-6.900000000000091,-5.817482800486041,-0.3333333333333333,8.705113599691586,False,normal,False,D_strongly_isolated_transducer_spike
AWS-KOL-102,2025-03-23T17:00:00+00:00,pressure_hpa,18.638704033553495,21.522121582235748,2.43021288114835,0.7413,16.208491152405145,21.86495501471084,1.0,-7.437270197395492,True,unstructured_anomaly,True,B_likely_common_mode_with_phase_lag
AWS-MUM-102,2025-03-23T17:00:00+00:00,pressure_hpa,-4.7000000000000455,-5.427092530382535,-0.5,1.0214209764715994,-4.2000000000000455,-4.11191868656207,0.3333333333333333,6.272729024217787,False,normal,False,D_strongly_isolated_transducer_spike
AWS-MUM-103,2025-03-23T17:00:00+00:00,pressure_hpa,-6.2000000000000455,-7.159143337951412,-0.5,1.0214209764715994,-5.7000000000000455,-5.580461074619936,0.3333333333333333,10.055893763992898,False,normal,False,D_strongly_isolated_transducer_spike
AWS-MUM-101,2025-03-23T18:00:00+00:00,pressure_hpa,-5.300000000000068,-6.119912853410113,0.7000000000000455,1.1860799999999325,-6.000000000000114,-5.058680696074847,-0.3333333333333333,5.931541474247002,False,normal,False,D_strongly_isolated_transducer_spike
AWS-KOL-015,2025-03-23T18:00:00+00:00,pressure_hpa,5.0309672456947965,5.809260587172162,2.43021288114835,0.7413,2.6007543645464466,3.508369573110005,0.3333333333333333,10.719425754073885,True,unstructured_anomaly,True,B_likely_common_mode_with_phase_lag
AWS-MUM-102,2025-03-23T18:00:00+00:00,pressure_hpa,-3.6000000000000227,-4.156921938165332,-1.7110609898343228,4.760719023528367,-1.8889390101657,-0.3967759913639534,0.3333333333333333,8.561284406338684,False,normal,False,A_strongly_common_mode
AWS-KOL-101,2025-03-23T18:00:00+00:00,pressure_hpa,2.200754364546583,2.541212249582427,2.93021288114835,3.1145784208765614,-0.7294585166017669,-0.23420778610431306,0.3333333333333333,3.2014532051779474,True,unstructured_anomaly,True,A_strongly_common_mode
AWS-KOL-102,2025-03-23T18:00:00+00:00,pressure_hpa,19.961183466405146,23.049189295345037,2.93021288114835,0.7413,17.030970585256796,22.974464569346818,1.0,1.7195524622379708,True,unstructured_anomaly,True,B_likely_common_mode_with_phase_lag
AWS-KOL-103,2025-03-23T18:00:00+00:00,pressure_hpa,2.2007543645464693,2.541212249582296,2.43021288114835,3.8558784208765613,-0.22945851660188055,-0.05950875301449922,0.3333333333333333,3.2271092028708863,True,unstructured_anomaly,True,A_strongly_common_mode
AWS-MUM-103,2025-03-23T18:00:00+00:00,pressure_hpa,-5.300000000000068,-6.119912853410113,-1.7110609898343228,3.574639023528434,-3.5889390101657455,-1.0040004001923517,0.3333333333333333,18.222658264873953,False,normal,False,A_strongly_common_mode
AWS-KOL-102,2025-03-23T19:00:00+00:00,pressure_hpa,19.069676576841744,22.019765809997367,2.93021288114835,0.7413,16.139463695693394,21.771838251306345,1.0,5.428572743041428,True,unstructured_anomaly,True,B_likely_common_mode_with_phase_lag
AWS-MUM-103,2025-03-23T19:00:00+00:00,pressure_hpa,-4.2000000000000455,-4.849742261192909,0.7000000000000455,0.4330127018922193,-4.900000000000091,-11.316065276116875,-0.3333333333333333,-52.26666666666879,False,normal,False,D_strongly_isolated_transducer_spike
AWS-MUM-102,2025-03-23T19:00:00+00:00,pressure_hpa,-2.400000000000091,-2.771281292110309,-4.2000000000000455,1.6308600000000337,1.7999999999999545,1.1037121518707413,0.3333333333333333,3.2309097429067206,False,normal,False,A_strongly_common_mode
AWS-KOL-015,2025-03-23T20:00:00+00:00,pressure_hpa,-6.930967245694774,-8.003191610092713,2.43021288114835,0.7413,-9.361180126843124,-12.628058986703257,-0.3333333333333333,-47.708398911899245,False,normal,False,D_strongly_isolated_transducer_spike
AWS-KOL-103,2025-03-23T20:00:00+00:00,pressure_hpa,-4.830212881148441,-5.577449414348501,2.43021288114835,3.8558784208765613,-7.260425762296791,-1.882949867658501,-0.3333333333333333,13.781220882750635,False,normal,False,C_mixed_uncertain
AWS-KOL-102,2025-03-23T20:00:00+00:00,pressure_hpa,12.930216220710236,14.930527631414241,2.93021288114835,0.7413,10.000003339561886,13.48981969453917,1.0,20.472709980623648,False,normal,True,B_likely_common_mode_with_phase_lag
AWS-KOL-101,2025-03-23T20:00:00+00:00,pressure_hpa,-4.630212881148282,-5.346509306672466,2.93021288114835,3.1145784208765614,-7.5604257622966315,-2.427431498150828,-0.3333333333333333,11.346369044060262,False,normal,False,C_mixed_uncertain
AWS-KOL-102,2025-03-23T21:00:00+00:00,pressure_hpa,13.130216220710281,15.161467739090144,2.93021288114835,3.1145784208765614,10.200003339561931,3.274922625544699,0.3333333333333333,109.5724929000833,False,normal,True,B_likely_common_mode_with_phase_lag
AWS-KOL-103,2025-03-23T21:00:00+00:00,pressure_hpa,-4.630212881148395,-5.346509306672598,-4.630212881148282,0.7413049512346203,-1.1368683772161603e-13,-1.533604187214373e-13,0.3333333333333333,14.29258088316835,False,normal,False,A_strongly_common_mode
AWS-KOL-015,2025-03-23T21:00:00+00:00,pressure_hpa,-6.730967245694842,-7.7722515024169425,-4.630212881148282,0.7413049512346203,-2.1007543645465603,-2.83385988593199,0.3333333333333333,26.18856578186397,False,normal,False,C_mixed_uncertain
AWS-MUM-103,2025-03-23T21:00:00+00:00,pressure_hpa,2.2093982064052398,2.551193298430283,0.7000000000000455,0.4330127018922193,1.5093982064051943,3.485805843129509,0.3333333333333333,-2.8211275650201197,True,multivariate_inconsistency,False,D_strongly_isolated_transducer_spike
AWS-MUM-101,2025-03-23T21:00:00+00:00,pressure_hpa,3.1091496530735867,3.590136778305734,0.7000000000000455,0.4330127018922193,2.4091496530735412,5.563692802880411,0.3333333333333333,-9.032797758939903,True,multivariate_inconsistency,True,B_likely_common_mode_with_phase_lag
AWS-MUM-101,2025-03-23T22:00:00+00:00,pressure_hpa,3.0553781755763794,3.5280468242902607,0.7000000000000455,0.4330127018922193,2.355378175576334,5.439512894849464,0.3333333333333333,-8.570593069424504,True,multivariate_inconsistency,True,B_likely_common_mode_with_phase_lag
AWS-MUM-103,2025-03-23T22:00:00+00:00,pressure_hpa,2.2514494762048116,2.59974992230738,0.7000000000000455,0.4330127018922193,1.5514494762047661,3.5829190908837028,0.3333333333333333,-3.039304776640836,True,multivariate_inconsistency,False,D_strongly_isolated_transducer_spike
AWS-KOL-015,2025-03-23T22:00:00+00:00,pressure_hpa,-6.730967245694842,-7.7722515024169425,-4.630212881148282,0.7413049512346203,-2.1007543645465603,-2.83385988593199,0.3333333333333333,26.18856578186397,False,normal,False,C_mixed_uncertain
AWS-KOL-102,2025-03-23T22:00:00+00:00,pressure_hpa,13.030216220710258,15.045997685252193,2.93021288114835,3.1145784208765614,10.100003339561908,3.242815551492642,0.3333333333333333,107.9330968218059,False,normal,True,B_likely_common_mode_with_phase_lag
AWS-KOL-103,2025-03-23T22:00:00+00:00,pressure_hpa,-4.630212881148395,-5.346509306672598,-4.630212881148282,0.7413049512346203,-1.1368683772161603e-13,-1.533604187214373e-13,0.3333333333333333,14.29258088316835,False,normal,False,A_strongly_common_mode
AWS-KOL-103,2025-03-23T23:00:00+00:00,pressure_hpa,-4.93021288114835,-5.692919468186321,-4.630212881148282,0.7413049512346203,-0.3000000000000682,-0.4046917526996516,0.3333333333333333,16.122778328275853,False,normal,False,A_strongly_common_mode
AWS-KOL-015,2025-03-23T23:00:00+00:00,pressure_hpa,-7.0309672456947965,-8.118661663930665,-4.630212881148282,0.7413049512346203,-2.400754364546515,-3.238551638631488,0.3333333333333333,27.712225248647368,False,normal,False,D_strongly_isolated_transducer_spike
AWS-KOL-102,2025-03-23T23:00:00+00:00,pressure_hpa,12.730216220710304,14.699587523738469,2.93021288114835,3.1145784208765614,9.800003339561954,3.146494329336507,0.3333333333333333,103.08872340175043,False,normal,True,B_likely_common_mode_with_phase_lag
AWS-MUM-103,2025-03-23T23:00:00+00:00,pressure_hpa,2.199464926015935,2.539723334216881,0.7000000000000455,0.4330127018922193,1.4994649260158894,3.4628659147027046,0.3333333333333333,-2.7706228644220445,True,multivariate_inconsistency,False,D_strongly_isolated_transducer_spike
AWS-MUM-101,2025-03-23T23:00:00+00:00,pressure_hpa,3.102123766065006,3.582023982794334,0.7000000000000455,0.4330127018922193,2.4021237660649604,5.547467211857611,0.3333333333333333,-8.971748326660734,True,multivariate_inconsistency,True,B_likely_common_mode_with_phase_lag
AWS-KOL-015,2025-03-24T00:00:00+00:00,pressure_hpa,-7.430967245694774,-8.58054187928234,-4.630212881148282,0.7413049512346203,-2.800754364546492,-3.7781406422308703,0.3333333333333333,29.675676114820707,False,normal,False,D_strongly_isolated_transducer_spike
AWS-KOL-102,2025-03-24T00:00:00+00:00,pressure_hpa,12.330216220710213,14.237707308386664,2.93021288114835,3.1145784208765614,9.400003339561863,3.018066033128279,0.3333333333333333,96.80179340948217,False,normal,True,B_likely_common_mode_with_phase_lag
AWS-KOL-103,2025-03-24T00:00:00+00:00,pressure_hpa,-5.230212881148418,-6.039329629700175,-4.630212881148282,0.7413049512346203,-0.6000000000001364,-0.8093835053993031,0.3333333333333333,17.909200358680994,False,normal,False,A_strongly_common_mode
AWS-MUM-101,2025-03-24T00:00:00+00:00,pressure_hpa,2.800000000000068,3.233161507461983,-0.900000000000091,2.668680000000101,3.700000000000159,1.3864532278130084,-0.3333333333333333,4.265540390210367,False,normal,True,A_strongly_common_mode
AWS-KOL-103,2025-03-24T01:00:00+00:00,pressure_hpa,-6.030212881148373,-6.963090060403524,-4.630212881148282,0.7413049512346203,-1.400000000000091,-1.8885615125980673,0.3333333333333333,22.458979301211826,False,normal,False,C_mixed_uncertain
AWS-MUM-101,2025-03-24T01:00:00+00:00,pressure_hpa,2.2000000000000455,2.540341184434406,-0.900000000000091,2.668680000000101,3.1000000000001364,1.1616229746541433,-0.3333333333333333,2.5519826990446304,False,normal,True,A_strongly_common_mode
AWS-KOL-102,2025-03-24T01:00:00+00:00,pressure_hpa,11.630216220710281,13.429416931521267,2.93021288114835,3.1145784208765614,8.700003339561931,2.7933165147639523,0.3333333333333333,86.27331098448852,False,normal,True,B_likely_common_mode_with_phase_lag
AWS-KOL-015,2025-03-24T01:00:00+00:00,pressure_hpa,-8.230967245694842,-9.50430230998582,-4.630212881148282,0.7413049512346203,-3.6007543645465603,-4.8573186494297875,0.3333333333333333,33.36910896875169,False,normal,False,D_strongly_isolated_transducer_spike
AWS-KOL-103,2025-03-24T02:00:00+00:00,pressure_hpa,-6.43021288114835,-7.424970275755198,-4.630212881148282,0.7413049512346203,-1.8000000000000682,-2.4281505161974493,0.3333333333333333,24.617134333269142,False,normal,False,C_mixed_uncertain
AWS-KOL-015,2025-03-24T02:00:00+00:00,pressure_hpa,-8.530967245694796,-9.850712471499543,-4.630212881148282,0.7413049512346203,-3.900754364546515,-5.2620104021292855,0.3333333333333333,34.673891362019916,False,normal,False,D_strongly_isolated_transducer_spike
AWS-KOL-102,2025-03-24T02:00:00+00:00,pressure_hpa,11.230216220710304,12.967536716169592,2.93021288114835,3.1145784208765614,8.300003339561954,2.6648882185557605,0.3333333333333333,80.52768963390457,False,normal,True,B_likely_common_mode_with_phase_lag
AWS-MUM-007,2025-03-24T03:00:00+00:00,pressure_hpa,-7.764264121702013,-8.965399961448021,-4.2000000000000455,1.6308600000000337,-3.5642641217019673,-2.1855120131108086,1.0,37.80096685464026,True,spike,False,C_mixed_uncertain
AWS-MUM-101,2025-03-24T03:00:00+00:00,pressure_hpa,-6.620815667875377,-7.6450594162054815,-0.6999999999999318,2.372159999999865,-5.920815667875445,-2.4959596603415375,0.3333333333333333,26.108559425629927,True,spike,False,C_mixed_uncertain
AWS-KOL-103,2025-03-24T03:00:00+00:00,pressure_hpa,-18.015364401064176,-20.802350973007208,-4.630212881148282,0.7413049512346203,-13.385151519915894,-18.056201429146455,0.3333333333333333,53.35569797713171,True,spike,False,D_strongly_isolated_transducer_spike
AWS-MUM-103,2025-03-24T03:00:00+00:00,pressure_hpa,-7.723422403332506,-8.918240007258419,-0.6999999999999318,2.372159999999865,-7.0234224033325745,-2.9607709443431194,0.3333333333333333,35.3844201210991,True,spike,False,C_mixed_uncertain
AWS-KOL-015,2025-03-24T03:00:00+00:00,pressure_hpa,-20.049886241830905,-23.151614437884895,-4.630212881148282,0.7413049512346203,-15.419673360682623,-20.800715461297862,0.3333333333333333,51.66374368930218,True,spike,False,D_strongly_isolated_transducer_spike
AWS-MUM-102,2025-03-24T03:00:00+00:00,pressure_hpa,-8.185108040275168,-9.451348660798077,-4.2000000000000455,1.6308600000000337,-3.985108040275122,-2.4435623169830887,0.3333333333333333,41.67849735549492,True,spike,False,C_mixed_uncertain
AWS-KOL-101,2025-03-24T03:00:00+00:00,pressure_hpa,-13.20286694680567,-15.245357571626133,2.93021288114835,3.1145784208765614,-16.13307982795402,-5.179859887237502,-0.3333333333333333,102.79498951766308,True,spike,False,D_strongly_isolated_transducer_spike
AWS-KOL-102,2025-03-24T04:00:00+00:00,pressure_hpa,10.727527507718833,12.387081788641167,2.93021288114835,3.1145784208765614,7.797314626570483,2.503489581224293,0.3333333333333333,73.58616757759353,True,multivariate_inconsistency,True,B_likely_common_mode_with_phase_lag
AWS-KOL-103,2025-03-24T04:00:00+00:00,pressure_hpa,-6.932901594139821,-8.005425203283624,-4.630212881148282,0.7413049512346203,-2.3026887129915394,-3.1062637706067973,0.3333333333333333,27.218979036392145,True,multivariate_inconsistency,False,D_strongly_isolated_transducer_spike
AWS-KOL-015,2025-03-24T04:00:00+00:00,pressure_hpa,-9.133655958686177,-10.546637452865788,-4.630212881148282,0.7413049512346203,-4.503443077537895,-6.075020907438364,0.3333333333333333,37.162841268189055,True,multivariate_inconsistency,False,D_strongly_isolated_transducer_spike
AWS-KOL-101,2025-03-24T04:00:00+00:00,pressure_hpa,-2.3026887129914257,-2.6589158966110253,2.93021288114835,3.1145784208765614,-5.232901594139776,-1.6801315899013507,-0.3333333333333333,2.1234957929331864,True,multivariate_inconsistency,False,C_mixed_uncertain
AWS-KOL-102,2025-03-24T05:00:00+00:00,pressure_hpa,12.16141441419586,14.04279177152515,2.93021288114835,3.1145784208765614,9.23120153304751,2.963868712109518,0.3333333333333333,94.20774149789636,True,multivariate_inconsistency,True,B_likely_common_mode_with_phase_lag
AWS-KOL-103,2025-03-24T05:00:00+00:00,pressure_hpa,-5.499014687662793,-6.34971522039964,-4.630212881148282,0.7413049512346203,-0.8688018065145116,-1.1719897527563377,0.3333333333333333,19.472661699804494,True,multivariate_inconsistency,False,A_strongly_common_mode
AWS-KOL-015,2025-03-24T05:00:00+00:00,pressure_hpa,-7.59976905220924,-8.775457416143984,-4.630212881148282,0.7413049512346203,-2.969556171060958,-4.005849638688174,0.3333333333333333,30.480910767389144,True,multivariate_inconsistency,False,D_strongly_isolated_transducer_spike
AWS-MUM-101,2025-03-24T06:00:00+00:00,pressure_hpa,2.5,2.886751345948129,0.2999999999999545,0.8895600000000337,2.2000000000000455,2.4731327847474733,0.3333333333333333,1.1084737811702716,False,normal,False,C_mixed_uncertain
AWS-KOL-103,2025-03-24T06:00:00+00:00,pressure_hpa,-4.039272795482702,-4.664150471604541,-4.630212881148282,0.7413049512346203,0.5909400856655793,0.7971619300281039,0.3333333333333333,10.559416239541367,True,multivariate_inconsistency,False,A_strongly_common_mode
AWS-KOL-102,2025-03-24T06:00:00+00:00,pressure_hpa,13.721156306375974,15.8438265741582,2.93021288114835,3.1145784208765614,10.790943425227624,3.4646561964526295,0.3333333333333333,119.51149897619199,True,multivariate_inconsistency,True,B_likely_common_mode_with_phase_lag
AWS-KOL-015,2025-03-24T06:00:00+00:00,pressure_hpa,-6.140027160029035,-7.089892667348754,-4.630212881148282,0.7413049512346203,-1.5098142788807536,-2.036697955903579,0.3333333333333333,23.059219735471906,True,multivariate_inconsistency,False,C_mixed_uncertain
AWS-MUM-101,2025-03-24T07:00:00+00:00,pressure_hpa,3.5,4.041451884327381,0.2999999999999545,0.8895600000000337,3.2000000000000455,3.597284050541756,0.3333333333333333,1.6964403965256167,False,normal,False,D_strongly_isolated_transducer_spike
AWS-KOL-102,2025-03-24T07:00:00+00:00,pressure_hpa,13.316671658743758,15.376767933771138,2.93021288114835,3.1145784208765614,10.386458777595408,3.334788011108181,0.3333333333333333,112.66209050501072,True,multivariate_inconsistency,True,B_likely_common_mode_with_phase_lag
AWS-KOL-015,2025-03-24T07:00:00+00:00,pressure_hpa,-6.544511807661252,-7.556951307735816,-4.630212881148282,0.7413049512346203,-1.91429892651297,-2.582336625871397,0.3333333333333333,25.219525309086595,True,multivariate_inconsistency,False,C_mixed_uncertain
AWS-MUM-103,2025-03-24T07:00:00+00:00,pressure_hpa,2.7000000000000455,3.117691453624032,0.8999999999999773,1.4826,1.8000000000000682,1.2140833670579174,0.3333333333333333,4.12300078891682,False,normal,False,A_strongly_common_mode
AWS-KOL-103,2025-03-24T07:00:00+00:00,pressure_hpa,-4.443757443114919,-5.131209111991603,-4.630212881148282,0.7413049512346203,0.18645543803336295,0.2515232600602859,0.3333333333333333,13.133021500317149,True,multivariate_inconsistency,False,A_strongly_common_mode
AWS-MUM-007,2025-03-24T08:00:00+00:00,pressure_hpa,3.1000000000000227,3.579571668975706,-4.2000000000000455,1.6308600000000337,7.300000000000068,4.476165949253717,-0.3333333333333333,-3.6113641359624555,False,normal,True,B_likely_common_mode_with_phase_lag
AWS-MUM-103,2025-03-24T08:00:00+00:00,pressure_hpa,3.7000000000000455,4.272391992003284,0.8999999999999773,0.4330127018922193,2.800000000000068,6.466323014923966,0.3333333333333333,-11.780000000000792,True,drift,False,D_strongly_isolated_transducer_spike
AWS-MUM-101,2025-03-24T08:00:00+00:00,pressure_hpa,4.5,5.196152422706632,0.8999999999999773,0.4330127018922193,3.6000000000000227,8.313843876330663,0.3333333333333333,-21.060000000000436,True,drift,True,B_likely_common_mode_with_phase_lag
AWS-KOL-102,2025-03-24T08:00:00+00:00,pressure_hpa,14.630216220710281,16.89351854665902,2.93021288114835,2.1204336175905434,11.700003339561931,5.517740919829732,1.0,127.47275201397441,False,normal,True,B_likely_common_mode_with_phase_lag
AWS-KOL-103,2025-03-24T08:00:00+00:00,pressure_hpa,-3.230212881148418,-3.7299285529416717,1.5,5.235012038467105,-4.730212881148418,-0.903572493509203,-0.3333333333333333,6.547961879511558,False,normal,False,A_strongly_common_mode
AWS-KOL-015,2025-03-24T08:00:00+00:00,pressure_hpa,-5.330967245694751,-6.155670748685885,-3.230212881148418,2.816944951234418,-2.100754364546333,-0.7457562717460127,0.3333333333333333,18.668064974689262,False,normal,False,A_strongly_common_mode
AWS-KOL-102,2025-03-24T09:00:00+00:00,pressure_hpa,14.430216220710236,16.662578438983118,1.5,5.235012038467105,12.930216220710236,2.4699496630950266,0.3333333333333333,135.77043444852092,False,normal,True,B_likely_common_mode_with_phase_lag
AWS-MUM-103,2025-03-24T09:00:00+00:00,pressure_hpa,4.100000000000023,4.734272207354958,0.8999999999999773,0.4330127018922193,3.2000000000000455,7.390083445627315,0.3333333333333333,-16.100000000000655,True,drift,False,D_strongly_isolated_transducer_spike
AWS-MUM-007,2025-03-24T09:00:00+00:00,pressure_hpa,3.6000000000000227,4.156921938165332,-4.2000000000000455,1.6308600000000337,7.800000000000068,4.782752658106709,-0.3333333333333333,-2.797361494313286,False,normal,True,B_likely_common_mode_with_phase_lag
AWS-KOL-015,2025-03-24T09:00:00+00:00,pressure_hpa,-5.5309672456947965,-6.386610856361788,-3.230212881148418,2.816944951234418,-2.3007543645463784,-0.8167551742671298,0.3333333333333333,20.060854607953058,False,normal,False,A_strongly_common_mode
AWS-MUM-101,2025-03-24T09:00:00+00:00,pressure_hpa,4.800000000000068,5.542562584220486,1.0,3.8547600000000335,3.800000000000068,0.9857941869273406,0.3333333333333333,14.87410491051057,True,drift,True,A_strongly_common_mode
AWS-KOL-015,2025-03-24T10:00:00+00:00,pressure_hpa,-6.130967245694819,-7.079431179389365,-3.230212881148418,2.816944951234418,-2.900754364546401,-1.0297518818304408,0.3333333333333333,24.528978442788482,True,frozen_value,False,A_strongly_common_mode
AWS-MUM-103,2025-03-24T10:00:00+00:00,pressure_hpa,3.5,4.041451884327381,1.0,3.8547600000000335,2.5,0.6485488071890282,0.3333333333333333,7.956358889013512,True,drift,True,A_strongly_common_mode
AWS-KOL-102,2025-03-24T10:00:00+00:00,pressure_hpa,13.830216220710213,15.96975811595554,1.5,5.235012038467105,12.330216220710213,2.3553367461444648,0.3333333333333333,124.74278154719474,True,frozen_value,True,B_likely_common_mode_with_phase_lag
AWS-MUM-101,2025-03-24T10:00:00+00:00,pressure_hpa,4.399999999999977,5.080682368868681,3.5,0.4330127018922193,0.8999999999999773,2.0784609690826006,1.0,10.746666666666643,True,drift,True,B_likely_common_mode_with_phase_lag
AWS-KOL-015,2025-03-24T11:00:00+00:00,pressure_hpa,-6.130967245694819,-7.079431179389365,-3.230212881148418,2.816944951234418,-2.900754364546401,-1.0297518818304408,0.3333333333333333,24.528978442788482,True,frozen_value,False,A_strongly_common_mode
AWS-KOL-102,2025-03-24T11:00:00+00:00,pressure_hpa,13.830216220710213,15.96975811595554,1.5,5.235012038467105,12.330216220710213,2.3553367461444648,0.3333333333333333,124.74278154719474,True,frozen_value,True,B_likely_common_mode_with_phase_lag
AWS-MUM-101,2025-03-24T12:00:00+00:00,pressure_hpa,-2.7999999999999545,-3.233161507461852,3.5,0.4330127018922193,-6.2999999999999545,-14.549226783578465,-1.0,-100.61333333333198,True,drift,False,D_strongly_isolated_transducer_spike
AWS-KOL-015,2025-03-24T12:00:00+00:00,pressure_hpa,-6.130967245694819,-7.079431179389365,-3.230212881148418,2.816944951234418,-2.900754364546401,-1.0297518818304408,0.3333333333333333,24.528978442788482,True,frozen_value,False,A_strongly_common_mode
AWS-KOL-102,2025-03-24T12:00:00+00:00,pressure_hpa,13.830216220710213,15.96975811595554,1.5,5.235012038467105,12.330216220710213,2.3553367461444648,0.3333333333333333,124.74278154719474,True,frozen_value,True,B_likely_common_mode_with_phase_lag
AWS-MUM-102,2025-03-24T12:00:00+00:00,pressure_hpa,-2.7999999999999545,-3.233161507461852,3.6000000000000227,0.4330127018922193,-6.399999999999977,-14.780166891254368,-1.0,-103.99999999999939,True,drift,True,B_likely_common_mode_with_phase_lag
AWS-MUM-007,2025-03-24T12:00:00+00:00,pressure_hpa,-2.699999999999932,-3.1176914536239004,3.5,1.334339999999966,-6.199999999999932,-4.6464918986166115,-1.0,-5.9349434819551465,True,frozen_value,True,B_likely_common_mode_with_phase_lag
AWS-MUM-103,2025-03-24T12:00:00+00:00,pressure_hpa,-2.699999999999932,-3.1176914536239004,3.6000000000000227,1.1860799999999325,-6.2999999999999545,-5.311614730878451,-1.0,-9.246625524642724,True,drift,False,D_strongly_isolated_transducer_spike
AWS-MUM-007,2025-03-24T13:00:00+00:00,pressure_hpa,-1014.407376434012,-1171.3367437042377,3.5,1.334339999999966,-1017.907376434012,-762.8545771198029,-1.0,395041.33065950684,True,sensor_fail_low,True,B_likely_common_mode_with_phase_lag
AWS-MUM-102,2025-03-24T13:00:00+00:00,pressure_hpa,-4.100000000000023,-4.734272207354958,3.6000000000000227,0.4330127018922193,-7.7000000000000455,-17.78238829104058,-1.0,-146.90000000000177,True,drift,True,B_likely_common_mode_with_phase_lag
AWS-KOL-015,2025-03-24T13:00:00+00:00,pressure_hpa,-6.130967245694819,-7.079431179389365,1.5,7.013013617590644,-7.630967245694819,-1.0881152756575534,-0.3333333333333333,24.467175485295492,True,frozen_value,True,A_strongly_common_mode
AWS-MUM-103,2025-03-24T13:00:00+00:00,pressure_hpa,-4.199999999999932,-4.849742261192778,3.6000000000000227,1.1860799999999325,-7.7999999999999545,-6.576284904897139,-1.0,-9.863761575189368,True,drift,False,D_strongly_isolated_transducer_spike
AWS-MUM-101,2025-03-24T13:00:00+00:00,pressure_hpa,-4.2999999999999545,-4.96521231503073,3.5,0.4330127018922193,-7.7999999999999545,-18.01332839871622,-1.0,-149.9133333333317,True,drift,False,D_strongly_isolated_transducer_spike
AWS-MUM-102,2025-03-24T14:00:00+00:00,pressure_hpa,-5.399999999999977,-6.235382907247932,3.6000000000000227,0.4330127018922193,-9.0,-20.784609690826528,-1.0,-196.56000000000017,True,drift,True,B_likely_common_mode_with_phase_lag
AWS-MUM-103,2025-03-24T14:00:00+00:00,pressure_hpa,-5.600000000000023,-6.4663230149238355,3.6000000000000227,1.1860799999999325,-9.200000000000045,-7.756643733981324,-1.0,-9.17609434128903,True,drift,False,D_strongly_isolated_transducer_spike
AWS-MUM-101,2025-03-24T14:00:00+00:00,pressure_hpa,-5.399999999999977,-6.235382907247932,3.5,0.4330127018922193,-8.899999999999977,-20.553669583150626,-1.0,-191.78666666666578,True,drift,False,D_strongly_isolated_transducer_spike
AWS-KOL-015,2025-03-24T14:00:00+00:00,pressure_hpa,-6.130967245694819,-7.079431179389365,0.0,2.2239,-6.130967245694819,-2.7568538359165515,0.0,21.25905137555125,True,frozen_value,False,C_mixed_uncertain
AWS-MUM-007,2025-03-24T14:00:00+00:00,pressure_hpa,-1014.4076261266226,-1171.3370320244296,3.5,1.334339999999966,-1017.9076261266226,-762.8547642479791,-1.0,395041.52562797995,True,sensor_fail_low,True,B_likely_common_mode_with_phase_lag
AWS-MUM-102,2025-03-24T15:00:00+00:00,pressure_hpa,-6.100000000000023,-7.043673284113461,3.6000000000000227,0.4330127018922193,-9.700000000000045,-22.401190444557585,-1.0,-226.10000000000218,True,drift,True,B_likely_common_mode_with_phase_lag
AWS-MUM-101,2025-03-24T15:00:00+00:00,pressure_hpa,-6.0,-6.92820323027551,3.5,0.4330127018922193,-9.5,-21.93931022920578,-1.0,-216.66666666666669,True,drift,False,D_strongly_isolated_transducer_spike
AWS-MUM-103,2025-03-24T15:00:00+00:00,pressure_hpa,-6.399999999999977,-7.390083445627184,3.6000000000000227,1.1860799999999325,-10.0,-8.43113449345792,-1.0,-8.235347756721495,True,drift,False,D_strongly_isolated_transducer_spike
AWS-KOL-015,2025-03-24T15:00:00+00:00,pressure_hpa,-6.130967245694819,-7.079431179389365,0.0,2.2239,-6.130967245694819,-2.7568538359165515,0.0,21.25905137555125,True,frozen_value,False,C_mixed_uncertain
AWS-MUM-007,2025-03-24T15:00:00+00:00,pressure_hpa,-1014.3808303067823,-1171.3060908768337,3.5,1.334339999999966,-1017.8808303067823,-762.8346825447848,-1.0,395020.6028159833,True,sensor_fail_low,True,B_likely_common_mode_with_phase_lag
AWS-MUM-101,2025-03-24T16:00:00+00:00,pressure_hpa,-6.099999999999909,-7.043673284113329,3.5,0.4330127018922193,-9.599999999999909,-22.17025033688142,-1.0,-220.95333333332943,True,drift,False,D_strongly_isolated_transducer_spike
AWS-MUM-007,2025-03-24T16:00:00+00:00,pressure_hpa,-1014.3500087876545,-1171.2705012521033,3.5,1.334339999999966,-1017.8500087876545,-762.8115838449573,-1.0,394996.53732765035,True,sensor_fail_low,True,B_likely_common_mode_with_phase_lag
AWS-KOL-015,2025-03-24T16:00:00+00:00,pressure_hpa,-6.130967245694819,-7.079431179389365,0.0,2.2239,-6.130967245694819,-2.7568538359165515,0.0,21.25905137555125,True,frozen_value,False,C_mixed_uncertain
AWS-MUM-102,2025-03-24T16:00:00+00:00,pressure_hpa,-6.5,-7.505553499465135,3.6000000000000227,0.4330127018922193,-10.100000000000023,-23.324950875260935,-1.0,-243.8600000000013,True,drift,True,B_likely_common_mode_with_phase_lag
AWS-MUM-103,2025-03-24T16:00:00+00:00,pressure_hpa,-6.399999999999977,-7.390083445627184,3.6000000000000227,1.1860799999999325,-10.0,-8.43113449345792,-1.0,-8.235347756721495,True,drift,False,D_strongly_isolated_transducer_spike
AWS-MUM-101,2025-03-24T17:00:00+00:00,pressure_hpa,-6.199999999999932,-7.159143337951281,3.5,0.4330127018922193,-9.699999999999932,-22.401190444557322,-1.0,-225.27999999999705,True,drift,False,D_strongly_isolated_transducer_spike
AWS-MUM-007,2025-03-24T17:00:00+00:00,pressure_hpa,-6.199999999999932,-7.159143337951281,3.5,1.334339999999966,-9.699999999999932,-7.269511518803437,-1.0,-0.7962321943418189,True,frozen_value,True,B_likely_common_mode_with_phase_lag
AWS-MUM-102,2025-03-24T17:00:00+00:00,pressure_hpa,-6.399999999999977,-7.390083445627184,3.6000000000000227,0.4330127018922193,-10.0,-23.094010767585033,-1.0,-239.36000000000027,True,drift,True,B_likely_common_mode_with_phase_lag
AWS-MUM-103,2025-03-24T17:00:00+00:00,pressure_hpa,-6.5,-7.505553499465135,3.6000000000000227,1.1860799999999325,-10.100000000000023,-8.515445838392518,-1.0,-8.089742246631555,True,drift,False,D_strongly_isolated_transducer_spike
AWS-KOL-015,2025-03-24T17:00:00+00:00,pressure_hpa,-6.130967245694819,-7.079431179389365,0.0,2.2239,-6.130967245694819,-2.7568538359165515,0.0,21.25905137555125,True,frozen_value,False,C_mixed_uncertain
AWS-MUM-103,2025-03-24T18:00:00+00:00,pressure_hpa,-5.600000000000023,-6.4663230149238355,3.6000000000000227,1.1860799999999325,-9.200000000000045,-7.756643733981324,-1.0,-9.17609434128903,True,drift,False,D_strongly_isolated_transducer_spike
AWS-KOL-015,2025-03-24T18:00:00+00:00,pressure_hpa,-10.63096724569482,-12.275583602095997,0.0,2.2239,-10.63096724569482,-4.780326114346337,0.0,63.9192175062733,True,frozen_value,False,D_strongly_isolated_transducer_spike
AWS-KOL-102,2025-03-24T18:00:00+00:00,pressure_hpa,-4.5,-5.196152422706632,1.5,5.235012038467105,-6.0,-1.1461291695055769,-0.3333333333333333,12.843193963404229,True,frozen_value,False,A_strongly_common_mode
AWS-KOL-103,2025-03-24T18:00:00+00:00,pressure_hpa,-5.199999999999932,-6.00444279957203,1.5,2.2239,-6.699999999999932,-3.012725392328761,-1.0,13.488409521874955,True,frozen_value,False,D_strongly_isolated_transducer_spike
AWS-KOL-101,2025-03-24T18:00:00+00:00,pressure_hpa,-5.300000000000068,-6.119912853410113,0.0,4.789113617590645,-5.300000000000068,-1.1066766051515071,0.0,18.11430011247232,True,frozen_value,False,C_mixed_uncertain
AWS-MUM-102,2025-03-24T18:00:00+00:00,pressure_hpa,-5.2999999999999545,-6.119912853409981,3.6000000000000227,0.4330127018922193,-8.899999999999977,-20.553669583150626,-1.0,-192.49999999999926,True,drift,True,B_likely_common_mode_with_phase_lag
AWS-MUM-101,2025-03-24T18:00:00+00:00,pressure_hpa,-5.2999999999999545,-6.119912853409981,3.5,0.4330127018922193,-8.799999999999955,-20.322729475474723,-1.0,-187.7799999999982,True,drift,False,D_strongly_isolated_transducer_spike
AWS-MUM-007,2025-03-24T18:00:00+00:00,pressure_hpa,-5.399999999999977,-6.235382907247932,3.5,1.334339999999966,-8.899999999999977,-6.669964177046483,-1.0,-2.8042110615418423,True,frozen_value,True,B_likely_common_mode_with_phase_lag
AWS-KOL-101,2025-03-24T19:00:00+00:00,pressure_hpa,-4.399999999999977,-5.080682368868681,0.0,4.789113617590645,-4.399999999999977,-0.9187503891823667,0.0,12.48461552785516,True,frozen_value,False,C_mixed_uncertain
AWS-KOL-102,2025-03-24T19:00:00+00:00,pressure_hpa,-3.5,-4.041451884327381,1.5,5.235012038467105,-5.0,-0.9551076412546473,-0.3333333333333333,7.71055136347516,True,frozen_value,False,A_strongly_common_mode
AWS-MUM-102,2025-03-24T19:00:00+00:00,pressure_hpa,-4.399999999999977,-5.080682368868681,3.6000000000000227,0.4330127018922193,-8.0,-18.475208614068027,-1.0,-157.7600000000002,True,drift,True,B_likely_common_mode_with_phase_lag
AWS-MUM-007,2025-03-24T19:00:00+00:00,pressure_hpa,-4.7999999999999545,-5.542562584220355,3.5,1.334339999999966,-8.299999999999955,-6.220303670728724,-1.0,-3.986088878040908,False,normal,True,B_likely_common_mode_with_phase_lag
AWS-KOL-103,2025-03-24T19:00:00+00:00,pressure_hpa,-4.399999999999977,-5.080682368868681,1.5,2.2239,-5.899999999999977,-2.6529969872745975,-1.0,9.38747015942249,True,frozen_value,False,C_mixed_uncertain
AWS-MUM-101,2025-03-24T19:00:00+00:00,pressure_hpa,-4.599999999999909,-5.311622476544453,1.0,3.7064999999999997,-5.599999999999909,-1.5108593012275489,-0.3333333333333333,12.965318752613213,True,drift,False,C_mixed_uncertain
AWS-KOL-015,2025-03-24T19:00:00+00:00,pressure_hpa,-9.730967245694842,-11.236353117554698,0.0,2.2239,-9.730967245694842,-4.3756316586603905,0.0,53.55473948505505,True,frozen_value,False,D_strongly_isolated_transducer_spike
AWS-MUM-103,2025-03-24T19:00:00+00:00,pressure_hpa,-4.399999999999977,-5.080682368868681,1.0,5.040839999999966,-5.399999999999977,-1.071250029756948,-0.3333333333333333,12.332878353539403,True,drift,False,A_strongly_common_mode
AWS-MUM-101,2025-03-24T20:00:00+00:00,pressure_hpa,-3.199999999999932,-3.695041722813526,1.0,3.7064999999999997,-4.199999999999932,-1.1331444759206615,-0.3333333333333333,6.184658465011621,True,drift,False,A_strongly_common_mode
AWS-KOL-103,2025-03-24T20:00:00+00:00,pressure_hpa,-3.699999999999932,-4.272391992003152,1.5,2.2239,-5.199999999999932,-2.338234632852166,-1.0,6.392996067531679,True,frozen_value,False,C_mixed_uncertain
AWS-MUM-102,2025-03-24T20:00:00+00:00,pressure_hpa,-2.8999999999999773,-3.348631561299803,3.5,1.334339999999966,-6.399999999999977,-4.796378734055892,-0.3333333333333333,-5.895957813585223,True,drift,True,B_likely_common_mode_with_phase_lag
AWS-KOL-101,2025-03-24T20:00:00+00:00,pressure_hpa,-3.7000000000000455,-4.272391992003284,0.0,4.789113617590645,-3.7000000000000455,-0.772585554539731,0.0,8.828222447125162,True,frozen_value,False,C_mixed_uncertain
AWS-MUM-103,2025-03-24T20:00:00+00:00,pressure_hpa,-3.0,-3.464101615137755,1.0,5.040839999999966,-4.0,-0.7935185405607056,-0.3333333333333333,5.685164162893205,True,drift,False,A_strongly_common_mode
AWS-KOL-015,2025-03-24T20:00:00+00:00,pressure_hpa,-9.030967245694796,-10.42806274068917,0.0,2.2239,-9.030967245694796,-4.060869304237959,0.0,46.12691650882381,True,frozen_value,False,D_strongly_isolated_transducer_spike
AWS-KOL-102,2025-03-24T20:00:00+00:00,pressure_hpa,-2.8999999999999773,-3.348631561299803,1.5,5.235012038467105,-4.399999999999977,-0.8404947243040853,-0.3333333333333333,5.2534509758750785,True,frozen_value,False,A_strongly_common_mode
AWS-KOL-102,2025-03-24T21:00:00+00:00,pressure_hpa,-2.5,-2.886751345948129,1.5,5.235012038467105,-4.0,-0.7640861130037179,-0.3333333333333333,3.8747528726241027,True,frozen_value,False,A_strongly_common_mode
AWS-KOL-103,2025-03-24T21:00:00+00:00,pressure_hpa,-3.2999999999999545,-3.8105117766514778,1.5,2.2239,-4.7999999999999545,-2.158370430325084,-1.0,4.930718542748957,True,frozen_value,False,C_mixed_uncertain
AWS-MUM-007,2025-03-24T21:00:00+00:00,pressure_hpa,-4.53735665636782,-5.239288173926602,3.5,1.334339999999966,-8.03735665636782,-6.023469772597706,-1.0,-4.416023765975556,True,unstructured_anomaly,True,B_likely_common_mode_with_phase_lag
AWS-KOL-101,2025-03-24T21:00:00+00:00,pressure_hpa,-3.300000000000068,-3.8105117766516092,0.0,4.789113617590645,-3.300000000000068,-0.6890627918867929,0.0,7.022596234418891,True,frozen_value,False,C_mixed_uncertain
AWS-MUM-101,2025-03-24T21:00:00+00:00,pressure_hpa,-2.2999999999999545,-2.6558112382722263,1.0,3.7064999999999997,-3.2999999999999545,-0.8903278025090934,-0.3333333333333333,3.130324868706192,True,drift,False,A_strongly_common_mode
AWS-MUM-103,2025-03-24T21:00:00+00:00,pressure_hpa,-2.199999999999932,-2.5403411844342747,1.0,5.040839999999966,-3.199999999999932,-0.634814832448551,-0.3333333333333333,3.025171730918126,True,drift,False,A_strongly_common_mode
AWS-KOL-015,2025-03-24T21:00:00+00:00,pressure_hpa,-8.63096724569482,-9.966182525337494,0.0,2.2239,-8.63096724569482,-3.881005101710877,0.0,42.13129676441829,True,frozen_value,False,D_strongly_isolated_transducer_spike
AWS-MUM-102,2025-03-24T21:00:00+00:00,pressure_hpa,-2.3999999999999773,-2.7712812921101775,3.5,1.334339999999966,-5.899999999999977,-4.421661645457775,-0.3333333333333333,-5.935545853456251,True,drift,True,B_likely_common_mode_with_phase_lag
AWS-KOL-102,2025-03-24T22:00:00+00:00,pressure_hpa,-2.8999999999999773,-3.348631561299803,1.5,5.235012038467105,-4.399999999999977,-0.8404947243040853,-0.3333333333333333,5.2534509758750785,True,frozen_value,False,A_strongly_common_mode
AWS-KOL-103,2025-03-24T22:00:00+00:00,pressure_hpa,-3.7999999999999545,-4.3878620458411035,1.5,2.2239,-5.2999999999999545,-2.383200683483949,-1.0,6.786843917787257,True,frozen_value,False,C_mixed_uncertain
AWS-KOL-015,2025-03-24T22:00:00+00:00,pressure_hpa,-9.030967245694796,-10.42806274068917,0.0,2.2239,-9.030967245694796,-4.060869304237959,0.0,46.12691650882381,True,frozen_value,False,D_strongly_isolated_transducer_spike
AWS-MUM-102,2025-03-24T22:00:00+00:00,pressure_hpa,-2.199999999999932,-2.5403411844342747,3.5,1.334339999999966,-5.699999999999932,-4.271774810018494,-0.3333333333333333,-5.897363347087803,True,drift,True,B_likely_common_mode_with_phase_lag
AWS-MUM-007,2025-03-24T22:00:00+00:00,pressure_hpa,10.622313248739943,12.26559082715307,3.5,1.334339999999966,7.1223132487399425,5.337704969303268,1.0,60.97681199990835,True,unstructured_anomaly,False,D_strongly_isolated_transducer_spike
AWS-KOL-101,2025-03-24T22:00:00+00:00,pressure_hpa,-3.7000000000000455,-4.272391992003284,0.0,4.789113617590645,-3.7000000000000455,-0.772585554539731,0.0,8.828222447125162,True,frozen_value,False,C_mixed_uncertain
AWS-MUM-103,2025-03-24T23:00:00+00:00,pressure_hpa,-2.699999999999932,-3.1176914536239004,1.0,5.040839999999966,-3.699999999999932,-0.7340046500186391,-0.3333333333333333,4.590618586875262,True,drift,False,A_strongly_common_mode
AWS-KOL-102,2025-03-24T23:00:00+00:00,pressure_hpa,-3.699999999999932,-4.272391992003152,1.5,5.235012038467105,-5.199999999999932,-0.9933119469048202,-0.3333333333333333,8.633332354734408,False,normal,False,A_strongly_common_mode
AWS-KOL-015,2025-03-24T23:00:00+00:00,pressure_hpa,-9.830967245694751,-11.351823171392518,0.0,2.2239,-9.830967245694751,-4.420597709292123,0.0,54.66110260358265,False,normal,False,D_strongly_isolated_transducer_spike
AWS-MUM-101,2025-03-24T23:00:00+00:00,pressure_hpa,-2.7999999999999545,-3.233161507461852,1.0,3.7064999999999997,-3.7999999999999545,-1.0252259544044124,-0.3333333333333333,4.701122537874278,True,drift,False,A_strongly_common_mode
AWS-MUM-102,2025-03-24T23:00:00+00:00,pressure_hpa,-2.7999999999999545,-3.233161507461852,3.5,1.334339999999966,-6.2999999999999545,-4.721435316336252,-0.3333333333333333,-5.919309056507103,True,drift,True,B_likely_common_mode_with_phase_lag
AWS-MUM-007,2025-03-24T23:00:00+00:00,pressure_hpa,-7.026709032413464,-8.113744702762178,3.5,1.334339999999966,-10.526709032413464,-7.889075522290969,-1.0,1.7976702525953918,True,unstructured_anomaly,True,B_likely_common_mode_with_phase_lag
AWS-KOL-101,2025-03-24T23:00:00+00:00,pressure_hpa,-4.600000000000023,-5.311622476544583,0.0,4.789113617590645,-4.600000000000023,-0.9605117705088477,0.0,13.645375236023785,False,normal,False,C_mixed_uncertain
AWS-KOL-103,2025-03-24T23:00:00+00:00,pressure_hpa,-4.5,-5.196152422706632,0.0,6.819960000000034,-4.5,-0.6598279168792747,0.0,13.282313560053378,False,normal,False,C_mixed_uncertain
AWS-KOL-015,2025-03-25T00:00:00+00:00,pressure_hpa,-10.63096724569482,-12.275583602095997,-4.5,0.4330127018922193,-6.130967245694819,-14.15886235877873,1.0,-24.891715261396527,False,normal,False,D_strongly_isolated_transducer_spike
AWS-MUM-103,2025-03-25T00:00:00+00:00,pressure_hpa,-3.5,-4.041451884327381,1.0,5.040839999999966,-4.5,-0.8927083581307939,-0.3333333333333333,7.768202560328379,True,drift,False,A_strongly_common_mode
AWS-MUM-102,2025-03-25T00:00:00+00:00,pressure_hpa,-3.6000000000000227,-4.156921938165332,3.5,1.334339999999966,-7.100000000000023,-5.320982658093292,-0.3333333333333333,-5.516428223864667,True,drift,True,B_likely_common_mode_with_phase_lag
AWS-MUM-007,2025-03-25T00:00:00+00:00,pressure_hpa,-7.453060157850587,-8.606052576843021,3.5,1.334339999999966,-10.953060157850587,-8.208597627179628,-1.0,3.341532975223693,True,unstructured_anomaly,True,B_likely_common_mode_with_phase_lag
AWS-KOL-102,2025-03-25T00:00:00+00:00,pressure_hpa,-4.5,-5.196152422706632,-0.7000000000000455,5.633879999999932,-3.7999999999999545,-0.6744907594765952,0.3333333333333333,13.272531107690343,False,normal,True,A_strongly_common_mode
AWS-MUM-101,2025-03-25T00:00:00+00:00,pressure_hpa,-3.599999999999909,-4.156921938165201,1.0,3.7064999999999997,-4.599999999999909,-1.2410629974369107,-0.3333333333333333,7.869881318196023,True,drift,False,A_strongly_common_mode
AWS-MUM-103,2025-03-25T01:00:00+00:00,pressure_hpa,-4.399999999999977,-5.080682368868681,1.0,5.040839999999966,-5.399999999999977,-1.071250029756948,-0.3333333333333333,12.332878353539403,True,drift,False,A_strongly_common_mode
AWS-MUM-101,2025-03-25T01:00:00+00:00,pressure_hpa,-4.5,-5.196152422706632,1.0,3.7064999999999997,-5.5,-1.4838796708485096,-0.3333333333333333,12.399050561221259,True,drift,False,A_strongly_common_mode
AWS-MUM-102,2025-03-25T01:00:00+00:00,pressure_hpa,-4.600000000000023,-5.311622476544583,3.5,1.334339999999966,-8.100000000000023,-6.070416835289528,-0.3333333333333333,-4.318313610416459,True,drift,True,B_likely_common_mode_with_phase_lag
AWS-KOL-015,2025-03-25T01:00:00+00:00,pressure_hpa,-11.330967245694751,-13.083873978961394,-0.6999999999999318,1.0378199999998987,-10.63096724569482,-10.243555959314579,1.0,33.12865980286693,False,normal,True,B_likely_common_mode_with_phase_lag
AWS-KOL-102,2025-03-25T01:00:00+00:00,pressure_hpa,-5.2999999999999545,-6.119912853409981,-0.6999999999999318,5.633880000000101,-4.600000000000023,-0.8164888141032363,0.3333333333333333,18.393339674888495,False,normal,True,A_strongly_common_mode
AWS-MUM-101,2025-03-25T02:00:00+00:00,pressure_hpa,-5.199999999999932,-6.00444279957203,1.0,1.7791200000000673,-6.199999999999932,-3.4848689239622384,-1.0,11.954510958067335,True,drift,True,B_likely_common_mode_with_phase_lag
AWS-KOL-102,2025-03-25T02:00:00+00:00,pressure_hpa,-5.599999999999909,-6.466323014923704,-0.6999999999999318,5.633880000000101,-4.899999999999977,-0.8697380845882215,0.3333333333333333,20.528444498774398,False,normal,True,A_strongly_common_mode
AWS-MUM-102,2025-03-25T02:00:00+00:00,pressure_hpa,-5.2999999999999545,-6.119912853409981,3.5,1.334339999999966,-8.799999999999955,-6.595020759326842,-1.0,-3.0204827413096496,True,drift,True,B_likely_common_mode_with_phase_lag
AWS-KOL-015,2025-03-25T02:00:00+00:00,pressure_hpa,-11.63096724569482,-13.43028414047525,-0.6999999999999318,1.0378199999998987,-10.930967245694887,-10.532623427661786,1.0,34.718187912485554,False,normal,True,B_likely_common_mode_with_phase_lag
AWS-MUM-103,2025-03-25T02:00:00+00:00,pressure_hpa,-5.100000000000023,-5.888972745734209,1.0,1.7791200000000673,-6.100000000000023,-3.4286613606725753,-1.0,11.4621406369156,True,drift,True,B_likely_common_mode_with_phase_lag
AWS-MUM-101,2025-03-25T03:00:00+00:00,pressure_hpa,-5.599999999999909,-6.466323014923704,1.0,1.7791200000000673,-6.599999999999909,-3.709699177121082,-1.0,14.025732674299576,True,drift,True,B_likely_common_mode_with_phase_lag
AWS-KOL-015,2025-03-25T03:00:00+00:00,pressure_hpa,-11.830967245694751,-13.66122424815102,-0.6999999999999318,1.0378199999998987,-11.13096724569482,-10.72533507322648,1.0,35.79811776264367,False,normal,True,B_likely_common_mode_with_phase_lag
AWS-MUM-102,2025-03-25T03:00:00+00:00,pressure_hpa,-5.699999999999932,-6.581793068761655,3.5,1.334339999999966,-9.199999999999932,-6.8947944302053195,-1.0,-2.109095117395661,True,drift,True,B_likely_common_mode_with_phase_lag
AWS-KOL-102,2025-03-25T03:00:00+00:00,pressure_hpa,-5.7999999999999545,-6.697263122599606,-0.6999999999999318,5.633880000000101,-5.100000000000023,-0.9052375982448919,0.3333333333333333,22.016939112028226,False,normal,True,A_strongly_common_mode
AWS-MUM-103,2025-03-25T03:00:00+00:00,pressure_hpa,-5.5,-6.3508529610858835,1.0,3.1134600000000336,-6.5,-2.0877094936180103,-0.3333333333333333,17.987401201795283,True,drift,False,C_mixed_uncertain
AWS-KOL-015,2025-03-25T04:00:00+00:00,pressure_hpa,-11.730967245694842,-13.5457541943132,-0.6999999999999318,1.0378199999998987,-11.03096724569491,-10.628979250444187,1.0,35.2561283931903,True,frozen_value,True,B_likely_common_mode_with_phase_lag
AWS-MUM-101,2025-03-25T04:00:00+00:00,pressure_hpa,-5.699999999999932,-6.581793068761655,1.0,3.1134600000000336,-6.699999999999932,-2.1519467088062347,-0.3333333333333333,19.344562681228492,True,drift,False,C_mixed_uncertain
AWS-MUM-102,2025-03-25T04:00:00+00:00,pressure_hpa,-5.699999999999932,-6.581793068761655,3.5,1.334339999999966,-9.199999999999932,-6.8947944302053195,-0.3333333333333333,-2.109095117395661,True,drift,True,B_likely_common_mode_with_phase_lag
AWS-MUM-103,2025-03-25T04:00:00+00:00,pressure_hpa,-5.5,-6.3508529610858835,1.0,3.1134600000000336,-6.5,-2.0877094936180103,-0.3333333333333333,17.987401201795283,True,drift,False,C_mixed_uncertain
AWS-KOL-102,2025-03-25T04:00:00+00:00,pressure_hpa,-5.7999999999999545,-6.697263122599606,-4.5,5.633880000000101,-1.2999999999999545,-0.23074683876829669,1.0,22.400044614865532,True,frozen_value,True,A_strongly_common_mode
AWS-MUM-101,2025-03-25T05:00:00+00:00,pressure_hpa,-5.399999999999977,-6.235382907247932,1.0,3.1134600000000336,-6.399999999999977,-2.0555908860238796,-0.3333333333333333,17.32727305464762,True,drift,False,C_mixed_uncertain
AWS-MUM-102,2025-03-25T05:00:00+00:00,pressure_hpa,-5.399999999999977,-6.235382907247932,3.5,1.334339999999966,-8.899999999999977,-6.669964177046483,-0.3333333333333333,-2.8042110615418423,True,drift,True,B_likely_common_mode_with_phase_lag
AWS-MUM-103,2025-03-25T05:00:00+00:00,pressure_hpa,-5.2999999999999545,-6.119912853409981,1.0,3.1134600000000336,-6.2999999999999545,-2.023472278429749,-0.3333333333333333,16.67944663587951,True,drift,False,C_mixed_uncertain
AWS-KOL-102,2025-03-25T05:00:00+00:00,pressure_hpa,-5.699999999999932,-6.581793068761655,-4.5,5.633880000000101,-1.1999999999999318,-0.2129970819399615,1.0,21.637316121542014,True,frozen_value,True,A_strongly_common_mode
AWS-KOL-102,2025-03-25T06:00:00+00:00,pressure_hpa,-5.199999999999932,-6.00444279957203,-0.6999999999999318,1.1860799999999325,-4.5,-3.794010522056064,1.0,10.829408745930134,True,frozen_value,True,B_likely_common_mode_with_phase_lag
AWS-MUM-103,2025-03-25T06:00:00+00:00,pressure_hpa,-4.699999999999932,-5.427092530382404,1.0,3.1134600000000336,-5.699999999999932,-1.8307606328650023,-0.3333333333333333,13.05082441924211,True,drift,False,C_mixed_uncertain
AWS-MUM-101,2025-03-25T06:00:00+00:00,pressure_hpa,-4.899999999999977,-5.658032638058306,1.0,3.1134600000000336,-5.899999999999977,-1.8949978480532634,-0.3333333333333333,14.211158244603268,True,drift,False,C_mixed_uncertain
AWS-MUM-102,2025-03-25T06:00:00+00:00,pressure_hpa,-5.0,-5.773502691896258,3.5,1.334339999999966,-8.5,-6.370190506168005,-0.3333333333333333,-3.6229968757698217,True,drift,True,B_likely_common_mode_with_phase_lag
AWS-MUM-102,2025-03-25T07:00:00+00:00,pressure_hpa,-4.100000000000023,-4.734272207354958,3.5,1.334339999999966,-7.600000000000023,-5.695699746691409,-0.3333333333333333,-5.0138311355635015,True,drift,True,B_likely_common_mode_with_phase_lag
AWS-MUM-101,2025-03-25T07:00:00+00:00,pressure_hpa,-4.099999999999909,-4.7342722073548265,1.0,3.1134600000000336,-5.099999999999909,-1.6380489873002557,-0.3333333333333333,9.865064424268473,True,drift,False,C_mixed_uncertain
AWS-MUM-103,2025-03-25T07:00:00+00:00,pressure_hpa,-3.8999999999999773,-4.503332099679055,1.0,3.1134600000000336,-4.899999999999977,-1.573811772112031,-0.3333333333333333,8.901558252980676,True,drift,False,C_mixed_uncertain
AWS-KOL-102,2025-03-25T07:00:00+00:00,pressure_hpa,-4.599999999999909,-5.311622476544453,-0.6999999999999318,2.520419999999899,-3.8999999999999773,-1.5473611540934185,0.3333333333333333,12.909503396067453,True,frozen_value,True,B_likely_common_mode_with_phase_lag
AWS-MUM-103,2025-03-25T08:00:00+00:00,pressure_hpa,-3.1000000000000227,-3.579571668975706,1.0,3.1134600000000336,-4.100000000000023,-1.3168629113590598,-0.3333333333333333,5.539602703010231,True,drift,False,A_strongly_common_mode
AWS-MUM-101,2025-03-25T08:00:00+00:00,pressure_hpa,-3.199999999999932,-3.695041722813526,1.0,3.1134600000000336,-4.199999999999932,-1.3489815189531538,-0.3333333333333333,5.916791097427797,True,drift,False,A_strongly_common_mode
AWS-KOL-102,2025-03-25T08:00:00+00:00,pressure_hpa,-4.099999999999909,-4.7342722073548265,-0.39999999999997726,0.44477999999993256,-3.699999999999932,-8.318719366879115,0.3333333333333333,-23.393879285778663,True,frozen_value,True,B_likely_common_mode_with_phase_lag
AWS-MUM-007,2025-03-25T08:00:00+00:00,pressure_hpa,2.400000000000091,2.771281292110309,3.5,1.334339999999966,-1.099999999999909,-0.8243775949157913,1.0,3.5002007905007195,False,normal,False,A_strongly_common_mode
AWS-MUM-102,2025-03-25T08:00:00+00:00,pressure_hpa,-3.3999999999999773,-3.9259818304894294,3.5,1.334339999999966,-6.899999999999977,-5.171095822654011,-1.0,-5.6634493368683145,True,drift,True,B_likely_common_mode_with_phase_lag
AWS-MUM-101,2025-03-25T09:00:00+00:00,pressure_hpa,-3.0,-3.464101615137755,2.400000000000091,1.630859999999865,-5.400000000000091,-3.311136455612706,-1.0,0.5181876861562635,True,drift,True,B_likely_common_mode_with_phase_lag
AWS-MUM-102,2025-03-25T09:00:00+00:00,pressure_hpa,-3.1000000000000227,-3.579571668975706,3.5,1.334339999999966,-6.600000000000023,-4.946265569495174,-1.0,-5.826104875319949,True,drift,True,B_likely_common_mode_with_phase_lag
AWS-MUM-103,2025-03-25T09:00:00+00:00,pressure_hpa,-3.0,-3.464101615137755,2.400000000000091,2.075640000000135,-5.400000000000091,-2.6016072151238845,-1.0,2.615819949107674,True,drift,True,B_likely_common_mode_with_phase_lag
AWS-KOL-102,2025-03-25T09:00:00+00:00,pressure_hpa,-4.199999999999932,-4.849742261192778,-0.39999999999997726,0.44477999999993256,-3.7999999999999545,-8.543549620038066,0.3333333333333333,-24.73612005502667,True,frozen_value,True,B_likely_common_mode_with_phase_lag
AWS-MUM-102,2025-03-25T10:00:00+00:00,pressure_hpa,-3.3999999999999773,-3.9259818304894294,3.5,1.334339999999966,-6.899999999999977,-5.171095822654011,-1.0,-5.6634493368683145,False,normal,True,B_likely_common_mode_with_phase_lag
AWS-KOL-102,2025-03-25T10:00:00+00:00,pressure_hpa,-4.699999999999932,-5.427092530382404,-0.39999999999997726,0.44477999999993256,-4.2999999999999545,-9.667700885832561,0.3333333333333333,-32.005553542297605,True,frozen_value,True,B_likely_common_mode_with_phase_lag
AWS-MUM-101,2025-03-25T10:00:00+00:00,pressure_hpa,-3.3999999999999773,-3.9259818304894294,2.400000000000091,1.630859999999865,-5.800000000000068,-3.556405822695111,-1.0,1.3826554788167211,False,normal,True,B_likely_common_mode_with_phase_lag
AWS-MUM-103,2025-03-25T10:00:00+00:00,pressure_hpa,-3.2999999999999545,-3.8105117766514778,2.400000000000091,2.075640000000135,-5.7000000000000455,-2.7461409492974096,-1.0,3.489354943295762,False,normal,True,B_likely_common_mode_with_phase_lag
AWS-MUM-007,2025-03-25T11:00:00+00:00,pressure_hpa,8.253043921363087,9.529794259265566,3.5,1.334339999999966,4.753043921363087,3.562093560384316,1.0,39.06423404549976,True,drift,False,D_strongly_isolated_transducer_spike
AWS-MUM-103,2025-03-25T11:00:00+00:00,pressure_hpa,5.304041183027721,6.124579209627831,2.400000000000091,2.075640000000135,2.90404118302763,1.3991063879224919,1.0,17.776485905139975,True,spike,False,A_strongly_common_mode
AWS-KOL-015,2025-03-25T11:00:00+00:00,pressure_hpa,12.233976810870104,14.126579610030989,-0.39999999999997726,0.44477999999993256,12.633976810870081,28.405002047915815,-1.0,-303.6419449317792,True,frozen_value,False,D_strongly_isolated_transducer_spike
AWS-MUM-101,2025-03-25T11:00:00+00:00,pressure_hpa,4.959227577769752,5.726422753995965,2.400000000000091,1.630859999999865,2.5592275777696614,1.56925032054859,1.0,15.164685494470437,True,spike,False,C_mixed_uncertain
AWS-KOL-101,2025-03-25T11:00:00+00:00,pressure_hpa,13.014775699401525,15.028168506984143,0.0,0.5930399999999663,13.014775699401525,21.945864864768424,0.0,-127.8875679941836,True,frozen_value,False,D_strongly_isolated_transducer_spike
AWS-KOL-103,2025-03-25T11:00:00+00:00,pressure_hpa,12.010670328707988,13.868727494854816,0.0,1.0378199999998987,12.010670328707988,11.572980216905783,0.0,29.203865612824657,True,frozen_value,False,D_strongly_isolated_transducer_spike
AWS-KOL-102,2025-03-25T11:00:00+00:00,pressure_hpa,7.7115429249872705,8.90452276721751,-0.39999999999997726,0.44477999999993256,8.111542924987248,18.237202493341602,-0.3333333333333333,-126.65251453562507,True,frozen_value,False,D_strongly_isolated_transducer_spike
AWS-MUM-102,2025-03-25T11:00:00+00:00,pressure_hpa,4.9170114236436575,5.677675738098261,3.5,1.334339999999966,1.4170114236436575,1.0619567903560514,1.0,15.554124781203157,True,spike,False,A_strongly_common_mode
AWS-MUM-007,2025-03-25T12:00:00+00:00,pressure_hpa,9.938957097772004,11.476519111725617,3.5,1.334339999999966,6.438957097772004,4.825574514570625,1.0,54.21216076306491,True,drift,False,D_strongly_isolated_transducer_spike
AWS-KOL-101,2025-03-25T12:00:00+00:00,pressure_hpa,15.639208409221851,18.05860236995379,0.0,0.5930399999999663,15.639208409221851,26.3712538938735,0.0,-184.66495618951882,True,frozen_value,False,D_strongly_isolated_transducer_spike
AWS-KOL-102,2025-03-25T12:00:00+00:00,pressure_hpa,10.365005802483438,11.968477780431693,-0.39999999999997726,0.44477999999993256,10.765005802483415,24.202989798293643,-0.3333333333333333,-221.2701273978095,True,frozen_value,False,D_strongly_isolated_transducer_spike
AWS-MUM-101,2025-03-25T12:00:00+00:00,pressure_hpa,6.436995851100733,7.432802574811025,2.400000000000091,1.630859999999865,4.036995851100642,2.47537854328451,1.0,24.55952759178203,True,spike,False,C_mixed_uncertain
AWS-KOL-103,2025-03-25T12:00:00+00:00,pressure_hpa,14.663871427320373,16.93238023185096,0.0,1.0378199999998987,14.663871427320373,14.129493965544896,0.0,43.53145029680378,True,frozen_value,False,D_strongly_isolated_transducer_spike
AWS-MUM-102,2025-03-25T12:00:00+00:00,pressure_hpa,6.382114850736571,7.369431454143735,3.5,1.334339999999966,2.8821148507365706,2.159955371746814,1.0,24.821556374692562,True,spike,False,C_mixed_uncertain
AWS-MUM-103,2025-03-25T12:00:00+00:00,pressure_hpa,6.755253537935914,7.800294897142944,2.400000000000091,2.075640000000135,4.355253537935823,2.0982701903680505,1.0,28.220931345303537,True,spike,False,C_mixed_uncertain
AWS-KOL-015,2025-03-25T12:00:00+00:00,pressure_hpa,14.964169854131,17.279134986963633,-0.39999999999997726,0.44477999999993256,15.364169854130978,34.54330197880594,-1.0,-447.3356028506339,True,frozen_value,False,D_strongly_isolated_transducer_spike
AWS-MUM-103,2025-03-25T13:00:00+00:00,pressure_hpa,8.106465892844199,9.360540530820236,2.400000000000091,2.075640000000135,5.706465892844108,2.7492560814224705,1.0,40.03065501394498,True,spike,False,C_mixed_uncertain
AWS-KOL-102,2025-03-25T13:00:00+00:00,pressure_hpa,13.218468679979651,15.263372901321778,-0.39999999999997726,0.44477999999993256,13.618468679979628,30.61843760956359,-0.3333333333333333,-352.25908466296704,True,spike,False,D_strongly_isolated_transducer_spike
AWS-KOL-101,2025-03-25T13:00:00+00:00,pressure_hpa,18.463641119042563,21.319976340599734,0.0,0.5930399999999663,18.463641119042563,31.133888302717548,0.0,-257.38880484118005,True,spike,False,D_strongly_isolated_transducer_spike
AWS-KOL-015,2025-03-25T13:00:00+00:00,pressure_hpa,17.794362897392034,20.54716041773436,-0.39999999999997726,0.44477999999993256,18.19436289739201,40.906432162855275,-1.0,-625.5751955310853,True,spike,False,D_strongly_isolated_transducer_spike
AWS-MUM-101,2025-03-25T13:00:00+00:00,pressure_hpa,7.914764124431599,9.139182395625953,2.400000000000091,1.630859999999865,5.514764124431508,3.3815067660203604,1.0,36.045033425938925,True,spike,False,D_strongly_isolated_transducer_spike
AWS-MUM-007,2025-03-25T13:00:00+00:00,pressure_hpa,11.32487027418108,13.076833802672075,3.5,1.334339999999966,7.82487027418108,5.864225215598182,1.0,68.30722246172473,True,drift,False,D_strongly_isolated_transducer_spike
AWS-MUM-102,2025-03-25T13:00:00+00:00,pressure_hpa,7.747218277829688,8.945717116351519,3.5,1.334339999999966,4.247218277829688,3.1830105354181066,1.0,34.94714932860093,True,spike,False,D_strongly_isolated_transducer_spike
AWS-KOL-103,2025-03-25T13:00:00+00:00,pressure_hpa,17.517072525932917,20.226973076523137,0.0,1.0378199999998987,17.517072525932917,16.878719359748924,0.0,62.11963630661435,True,spike,False,D_strongly_isolated_transducer_spike
AWS-MUM-103,2025-03-25T14:00:00+00:00,pressure_hpa,-8.100000000000023,-9.353074360871965,2.400000000000091,2.075640000000135,-10.500000000000114,-5.05868069607419,-1.0,30.94487480758343,False,normal,True,B_likely_common_mode_with_phase_lag
AWS-KOL-015,2025-03-25T14:00:00+00:00,pressure_hpa,-4.7999999999999545,-5.542562584220355,-0.39999999999997726,0.44477999999993256,-4.399999999999977,-9.892531138991512,1.0,-33.57108616795864,False,normal,True,B_likely_common_mode_with_phase_lag
AWS-MUM-007,2025-03-25T14:00:00+00:00,pressure_hpa,-3.900000000000091,-4.503332099679186,3.5,1.334339999999966,-7.400000000000091,-5.545812911252214,-1.0,-5.2380204233054055,True,drift,True,B_likely_common_mode_with_phase_lag
AWS-MUM-102,2025-03-25T14:00:00+00:00,pressure_hpa,-7.899999999999977,-9.12213425319606,3.5,1.334339999999966,-11.399999999999977,-8.543549620037073,-1.0,5.110546611648623,False,normal,True,B_likely_common_mode_with_phase_lag
AWS-KOL-101,2025-03-25T14:00:00+00:00,pressure_hpa,-4.0,-4.618802153517007,0.0,0.5930399999999663,-4.0,-6.744907594766335,0.0,-12.080222564301627,False,normal,False,D_strongly_isolated_transducer_spike
AWS-MUM-101,2025-03-25T14:00:00+00:00,pressure_hpa,-7.7999999999999545,-9.00666419935811,2.400000000000091,1.630859999999865,-10.200000000000045,-6.2543688606017005,-1.0,21.001435077767418,False,normal,True,B_likely_common_mode_with_phase_lag
AWS-KOL-103,2025-03-25T14:00:00+00:00,pressure_hpa,-5.2999999999999545,-6.119912853409981,0.0,1.0378199999998987,-5.2999999999999545,-5.106858607466104,0.0,5.6866642483410335,False,normal,False,D_strongly_isolated_transducer_spike
AWS-KOL-102,2025-03-25T14:00:00+00:00,pressure_hpa,-9.5,-10.96965511460289,-0.39999999999997726,0.44477999999993256,-9.100000000000023,-20.459553037459873,0.3333333333333333,-149.1299885796501,False,normal,True,B_likely_common_mode_with_phase_lag
AWS-KOL-103,2025-03-25T15:00:00+00:00,pressure_hpa,-17.888166941280133,-20.6554759977141,0.0,1.0378199999998987,-17.888166941280133,-17.236290436956196,0.0,64.77949033251781,True,spike,False,D_strongly_isolated_transducer_spike
AWS-MUM-007,2025-03-25T15:00:00+00:00,pressure_hpa,-13.390492590872213,-15.462009003843525,3.5,1.334339999999966,-16.890492590872213,-12.658312417279436,-1.0,39.42042459074372,True,drift,True,B_likely_common_mode_with_phase_lag
AWS-KOL-101,2025-03-25T15:00:00+00:00,pressure_hpa,-16.591584546715808,-19.158311608657613,0.0,0.5930399999999663,-16.591584546715808,-27.977176154587806,0.0,-207.84074094520574,True,spike,False,D_strongly_isolated_transducer_spike
AWS-MUM-101,2025-03-25T15:00:00+00:00,pressure_hpa,-17.29049259087219,-19.96534110352258,2.400000000000091,1.630859999999865,-19.69049259087228,-12.07368663826074,-1.0,126.42046817054613,True,spike,True,B_likely_common_mode_with_phase_lag
AWS-MUM-102,2025-03-25T15:00:00+00:00,pressure_hpa,-17.390492590872213,-20.080811157360532,3.5,1.334339999999966,-20.890492590872213,-15.65604912606438,-1.0,79.063551249917,True,spike,True,B_likely_common_mode_with_phase_lag
AWS-KOL-015,2025-03-25T15:00:00+00:00,pressure_hpa,-17.312707467168593,-19.990992633142064,-0.39999999999997726,0.44477999999993256,-16.912707467168616,-38.02488301445924,1.0,-523.1259709024854,True,spike,True,B_likely_common_mode_with_phase_lag
AWS-MUM-103,2025-03-25T15:00:00+00:00,pressure_hpa,-17.490492590872236,-20.19628121119848,2.400000000000091,2.075640000000135,-19.890492590872327,-9.582823895700137,-1.0,158.02963047290365,True,spike,True,B_likely_common_mode_with_phase_lag
AWS-KOL-102,2025-03-25T15:00:00+00:00,pressure_hpa,-22.08251168975721,-25.49868813692877,-0.39999999999997726,0.44477999999993256,-21.682511689757234,-48.74884592328909,0.3333333333333333,-863.1334410741135,True,spike,True,B_likely_common_mode_with_phase_lag
AWS-MUM-102,2025-03-25T16:00:00+00:00,pressure_hpa,-17.490492590872236,-20.19628121119848,3.5,1.334339999999966,-20.990492590872236,-15.73099254378402,-1.0,80.21282417461022,True,spike,True,B_likely_common_mode_with_phase_lag
AWS-KOL-103,2025-03-25T16:00:00+00:00,pressure_hpa,-17.988166941280156,-20.770946051552052,0.0,1.0378199999998987,-17.988166941280156,-17.3326462597386,0.0,65.50578675562764,True,spike,False,D_strongly_isolated_transducer_spike
AWS-KOL-015,2025-03-25T16:00:00+00:00,pressure_hpa,-17.512707467168525,-20.221932740817834,-0.39999999999997726,0.44477999999993256,-17.112707467168548,-38.474543520776884,1.0,-535.6819676789971,True,spike,True,B_likely_common_mode_with_phase_lag
AWS-KOL-102,2025-03-25T16:00:00+00:00,pressure_hpa,-22.182511689757234,-25.61415819076672,-0.39999999999997726,0.44477999999993256,-21.782511689757257,-48.97367617644804,0.3333333333333333,-871.1679292069862,True,spike,True,B_likely_common_mode_with_phase_lag
AWS-MUM-007,2025-03-25T16:00:00+00:00,pressure_hpa,-13.690492590872282,-15.808419165357378,3.5,1.334339999999966,-17.19049259087228,-12.883142670438358,-1.0,41.96537572038444,True,drift,True,B_likely_common_mode_with_phase_lag
AWS-KOL-101,2025-03-25T16:00:00+00:00,pressure_hpa,-16.791584546715853,-19.38925171633352,0.0,0.5930399999999663,-16.791584546715853,-28.314421534326197,0.0,-212.88169235208636,True,spike,False,D_strongly_isolated_transducer_spike
AWS-MUM-101,2025-03-25T16:00:00+00:00,pressure_hpa,-17.590492590872145,-20.311751265036303,2.400000000000091,1.630859999999865,-19.990492590872236,-12.257638663572527,-1.0,131.15876692299787,True,spike,True,B_likely_common_mode_with_phase_lag
AWS-MUM-103,2025-03-25T16:00:00+00:00,pressure_hpa,-17.79049259087219,-20.542691372712206,2.400000000000091,2.075640000000135,-20.19049259087228,-9.727357629873662,-1.0,163.69034118752154,True,spike,True,B_likely_common_mode_with_phase_lag
AWS-KOL-103,2025-03-25T17:00:00+00:00,pressure_hpa,-17.688166941280087,-20.424535890038197,0.0,1.0378199999998987,-17.688166941280087,-17.04357879139139,0.0,63.339044152545995,True,spike,False,D_strongly_isolated_transducer_spike
AWS-MUM-103,2025-03-25T17:00:00+00:00,pressure_hpa,-17.590492590872145,-20.311751265036303,2.400000000000091,2.075640000000135,-19.990492590872236,-9.631001807091277,-1.0,159.9055218222542,True,spike,True,B_likely_common_mode_with_phase_lag
AWS-KOL-015,2025-03-25T17:00:00+00:00,pressure_hpa,-17.21270746716857,-19.875522579304114,-0.39999999999997726,0.44477999999993256,-16.812707467168593,-37.800052761300286,1.0,-516.9037954783288,True,spike,True,B_likely_common_mode_with_phase_lag
AWS-MUM-101,2025-03-25T17:00:00+00:00,pressure_hpa,-17.390492590872213,-20.080811157360532,2.400000000000091,1.630859999999865,-19.790492590872304,-12.13500398003136,-1.0,127.99032757109914,True,spike,True,B_likely_common_mode_with_phase_lag
AWS-KOL-102,2025-03-25T17:00:00+00:00,pressure_hpa,-21.882511689757166,-25.267748029252868,-0.39999999999997726,0.44477999999993256,-21.48251168975719,-48.29918541697119,0.3333333333333333,-847.1761107365753,True,spike,True,B_likely_common_mode_with_phase_lag
AWS-MUM-102,2025-03-25T17:00:00+00:00,pressure_hpa,-17.190492590872168,-19.849871049684626,3.5,1.334339999999966,-20.690492590872168,-15.506162290625099,-1.0,76.78815585295203,True,spike,True,B_likely_common_mode_with_phase_lag
AWS-MUM-007,2025-03-25T17:00:00+00:00,pressure_hpa,-13.590492590872259,-15.692949111519427,3.5,1.334339999999966,-17.09049259087226,-12.808199252718717,-1.0,41.10934185969704,True,drift,True,B_likely_common_mode_with_phase_lag
AWS-KOL-101,2025-03-25T17:00:00+00:00,pressure_hpa,-16.4915845467159,-19.042841554819795,0.0,0.5930399999999663,-16.4915845467159,-27.8085534647188,0.0,-205.34291565907617,True,spike,False,D_strongly_isolated_transducer_spike
AWS-MUM-102,2025-03-25T18:00:00+00:00,pressure_hpa,-16.79049259087219,-19.387990834332953,3.5,1.334339999999966,-20.29049259087219,-15.20638861974662,-1.0,72.32996686870952,True,sensor_fail_low,True,B_likely_common_mode_with_phase_lag
AWS-MUM-101,2025-03-25T18:00:00+00:00,pressure_hpa,-17.090492590872145,-19.734400995846677,2.400000000000091,1.630859999999865,-19.490492590872236,-11.951051954719503,-1.0,123.30946992023473,True,sensor_fail_low,True,B_likely_common_mode_with_phase_lag
AWS-KOL-102,2025-03-25T18:00:00+00:00,pressure_hpa,-21.382511689757166,-24.69039776006324,-0.39999999999997726,0.44477999999993256,-20.98251168975719,-47.175034151176696,0.3333333333333333,-807.9340528072759,True,sensor_fail_low,True,B_likely_common_mode_with_phase_lag
AWS-KOL-101,2025-03-25T18:00:00+00:00,pressure_hpa,-16.091584546715808,-18.58096133946799,0.0,0.5930399999999663,-16.091584546715808,-27.134062705242012,0.0,-195.50261729660073,True,sensor_fail_low,False,D_strongly_isolated_transducer_spike
AWS-KOL-015,2025-03-25T18:00:00+00:00,pressure_hpa,-16.812707467168593,-19.413642363952437,-0.39999999999997726,0.44477999999993256,-16.412707467168616,-36.90073174866475,1.0,-492.3872468757328,True,sensor_fail_low,True,B_likely_common_mode_with_phase_lag
AWS-KOL-103,2025-03-25T18:00:00+00:00,pressure_hpa,-17.188166941280087,-19.84718562084857,0.0,1.0378199999998987,-17.188166941280087,-16.561799677479492,0.0,59.80878425572922,True,sensor_fail_low,False,D_strongly_isolated_transducer_spike
AWS-MUM-007,2025-03-25T18:00:00+00:00,pressure_hpa,-13.390492590872213,-15.462009003843525,3.5,1.334339999999966,-16.890492590872213,-12.658312417279436,-1.0,39.42042459074372,True,sensor_fail_low,True,B_likely_common_mode_with_phase_lag
AWS-MUM-103,2025-03-25T18:00:00+00:00,pressure_hpa,-17.190492590872168,-19.849871049684626,2.400000000000091,2.075640000000135,-19.59049259087226,-9.438290161526558,-1.0,152.46802975796942,True,sensor_fail_low,True,B_likely_common_mode_with_phase_lag
AWS-MUM-101,2025-03-25T19:00:00+00:00,pressure_hpa,-15.890492590872213,-18.348760349791654,2.400000000000091,1.630859999999865,-18.290492590872304,-11.21524385347229,-1.0,105.44765584061918,True,sensor_fail_low,True,B_likely_common_mode_with_phase_lag
AWS-MUM-103,2025-03-25T19:00:00+00:00,pressure_hpa,-15.690492590872168,-18.11782024211575,2.400000000000091,2.075640000000135,-18.09049259087226,-8.715621490658824,-1.0,126.14667617859266,True,sensor_fail_low,True,B_likely_common_mode_with_phase_lag
AWS-KOL-101,2025-03-25T19:00:00+00:00,pressure_hpa,-15.391584546715876,-17.772670962602593,0.0,0.5930399999999663,-15.391584546715876,-25.95370387615802,0.0,-178.8634558731812,True,sensor_fail_low,False,D_strongly_isolated_transducer_spike
AWS-MUM-007,2025-03-25T19:00:00+00:00,pressure_hpa,-12.690492590872282,-14.653718626978128,3.5,1.334339999999966,-16.19049259087228,-12.133708493242121,-1.0,33.75229389983487,True,sensor_fail_low,True,B_likely_common_mode_with_phase_lag
AWS-KOL-103,2025-03-25T19:00:00+00:00,pressure_hpa,-16.488166941280156,-19.038895243983173,0.0,1.0378199999998987,-16.488166941280156,-15.887308918002896,0.0,55.03647372765536,True,sensor_fail_low,False,D_strongly_isolated_transducer_spike
AWS-KOL-102,2025-03-25T19:00:00+00:00,pressure_hpa,-20.682511689757234,-23.882107383197845,-0.39999999999997726,0.44477999999993256,-20.282511689757257,-45.60122237906455,0.3333333333333333,-754.5582147011523,True,sensor_fail_low,True,B_likely_common_mode_with_phase_lag
AWS-KOL-015,2025-03-25T19:00:00+00:00,pressure_hpa,-16.112707467168548,-18.60535198708691,-0.39999999999997726,0.44477999999993256,-15.71270746716857,-35.32691997655235,1.0,-450.91607623316725,True,sensor_fail_low,True,B_likely_common_mode_with_phase_lag
AWS-MUM-102,2025-03-25T19:00:00+00:00,pressure_hpa,-15.690492590872168,-18.11782024211575,3.5,1.334339999999966,-19.190492590872168,-14.382011024830744,-1.0,60.706584603633104,True,sensor_fail_low,True,B_likely_common_mode_with_phase_lag
AWS-MUM-102,2025-03-25T20:00:00+00:00,pressure_hpa,-14.590492590872145,-16.847649649898546,3.5,1.334339999999966,-18.090492590872145,-13.557633429914867,-1.0,50.01693725289071,True,sensor_fail_low,True,B_likely_common_mode_with_phase_lag
AWS-MUM-007,2025-03-25T20:00:00+00:00,pressure_hpa,-11.490492590872236,-13.268077980922973,3.5,1.334339999999966,-14.990492590872236,-11.234387480606605,-1.0,24.915215621721302,True,sensor_fail_low,True,B_likely_common_mode_with_phase_lag
AWS-MUM-101,2025-03-25T20:00:00+00:00,pressure_hpa,-14.79049259087219,-17.078589757574452,2.400000000000091,1.630859999999865,-17.19049259087228,-10.540753093995624,-1.0,90.28537615947434,True,sensor_fail_low,True,B_likely_common_mode_with_phase_lag
AWS-KOL-102,2025-03-25T20:00:00+00:00,pressure_hpa,-19.58251168975721,-22.61193679098064,-0.39999999999997726,0.44477999999993256,-19.182511689757234,-43.12808959431661,0.3333333333333333,-674.3662133080485,True,sensor_fail_low,True,B_likely_common_mode_with_phase_lag
AWS-KOL-103,2025-03-25T20:00:00+00:00,pressure_hpa,-15.488166941280156,-17.88419470560392,0.0,1.0378199999998987,-15.488166941280156,-14.923750690179094,0.0,48.56304280266515,True,sensor_fail_low,False,D_strongly_isolated_transducer_spike
AWS-MUM-103,2025-03-25T20:00:00+00:00,pressure_hpa,-14.690492590872168,-16.9631197037365,2.400000000000091,2.075640000000135,-17.09049259087226,-8.233842376747003,-1.0,109.97563489908937,True,sensor_fail_low,True,B_likely_common_mode_with_phase_lag
AWS-KOL-015,2025-03-25T20:00:00+00:00,pressure_hpa,-15.112707467168548,-17.450651448707656,-0.39999999999997726,0.44477999999993256,-14.71270746716857,-33.078617444963356,1.0,-394.8348480429757,True,sensor_fail_low,True,B_likely_common_mode_with_phase_lag
AWS-KOL-101,2025-03-25T20:00:00+00:00,pressure_hpa,-14.391584546715876,-16.61797042422334,0.0,0.5930399999999663,-14.391584546715876,-24.267476977466437,0.0,-156.37674891575094,True,sensor_fail_low,False,D_strongly_isolated_transducer_spike
AWS-KOL-015,2025-03-25T21:00:00+00:00,pressure_hpa,-2.6000000000000227,-3.0022213997860803,-0.39999999999997726,0.44477999999993256,-2.2000000000000455,-4.946265569495884,1.0,-7.726104875323474,True,sensor_fail_low,True,B_likely_common_mode_with_phase_lag
AWS-KOL-103,2025-03-25T21:00:00+00:00,pressure_hpa,-3.0,-3.464101615137755,0.0,1.0378199999998987,-3.0,-2.890674683471404,0.0,1.8219999371687496,True,sensor_fail_low,False,C_mixed_uncertain
AWS-MUM-101,2025-03-25T21:00:00+00:00,pressure_hpa,-5.0,-5.773502691896258,2.400000000000091,1.630859999999865,-7.400000000000091,-4.537483291024799,-1.0,6.3722893585020515,True,sensor_fail_low,True,B_likely_common_mode_with_phase_lag
AWS-MUM-102,2025-03-25T21:00:00+00:00,pressure_hpa,-5.0,-5.773502691896258,3.5,1.334339999999966,-8.5,-6.370190506168005,-1.0,-3.6229968757698217,True,sensor_fail_low,True,B_likely_common_mode_with_phase_lag
AWS-KOL-102,2025-03-25T21:00:00+00:00,pressure_hpa,-7.0,-8.082903768654761,-0.39999999999997726,0.44477999999993256,-6.600000000000023,-14.838796708487395,0.3333333333333333,-77.42827721124151,True,sensor_fail_low,True,B_likely_common_mode_with_phase_lag
AWS-MUM-103,2025-03-25T21:00:00+00:00,pressure_hpa,-5.0,-5.773502691896258,2.400000000000091,2.075640000000135,-7.400000000000091,-3.5651654429475292,-1.0,10.311464348873045,True,sensor_fail_low,True,B_likely_common_mode_with_phase_lag
AWS-MUM-102,2025-03-25T22:00:00+00:00,pressure_hpa,-4.899999999999977,-5.658032638058306,3.5,1.334339999999966,-8.399999999999977,-6.295247088448364,-1.0,-3.808401285642283,False,normal,True,B_likely_common_mode_with_phase_lag
AWS-KOL-103,2025-03-25T22:00:00+00:00,pressure_hpa,-3.2999999999999545,-3.8105117766514778,0.0,1.0378199999998987,-3.2999999999999545,-3.179742151818501,0.0,2.2046199239741258,False,normal,False,D_strongly_isolated_transducer_spike
AWS-MUM-101,2025-03-25T22:00:00+00:00,pressure_hpa,-4.7999999999999545,-5.542562584220355,2.400000000000091,1.630859999999865,-7.2000000000000455,-4.414848607483562,-0.3333333333333333,5.614555886499936,False,normal,True,B_likely_common_mode_with_phase_lag
AWS-MUM-103,2025-03-25T22:00:00+00:00,pressure_hpa,-4.7999999999999545,-5.542562584220355,2.400000000000091,2.965199999999831,-7.2000000000000455,-2.428166734115896,-0.3333333333333333,12.41200315566618,False,normal,True,B_likely_common_mode_with_phase_lag
AWS-KOL-102,2025-03-25T22:00:00+00:00,pressure_hpa,-7.2999999999999545,-8.429313930168485,-2.0,1.9273799999999324,-5.2999999999999545,-2.749846942481576,0.3333333333333333,31.7458375631286,False,normal,False,C_mixed_uncertain
AWS-KOL-015,2025-03-25T22:00:00+00:00,pressure_hpa,-2.699999999999932,-3.1176914536239004,-2.0,1.9273799999999324,-0.6999999999999318,-0.3631873320258363,1.0,4.794047480927731,False,normal,False,A_strongly_common_mode
AWS-KOL-101,2025-03-25T23:00:00+00:00,pressure_hpa,-1008.0411294055511,-1163.9856348330188,0.0,1.4826,-1008.0411294055511,-679.914426956395,0.0,446289.46505709144,True,sensor_fail_low,False,D_strongly_isolated_transducer_spike
AWS-MUM-103,2025-03-25T23:00:00+00:00,pressure_hpa,-1008.0411294055511,-1163.9856348330188,2.400000000000091,2.965199999999831,-1010.4411294055512,-340.76660238958885,-0.3333333333333333,619370.3403967408,True,sensor_fail_low,True,B_likely_common_mode_with_phase_lag
AWS-MUM-102,2025-03-25T23:00:00+00:00,pressure_hpa,-1007.9411294055511,-1163.8701647791809,2.400000000000091,2.965199999999831,-1010.3411294055512,-340.732877851615,-0.3333333333333333,619247.433207037,True,sensor_fail_low,True,B_likely_common_mode_with_phase_lag
AWS-KOL-102,2025-03-25T23:00:00+00:00,pressure_hpa,-1014.7411294055511,-1171.7221284401596,-2.0,1.9273799999999324,-1012.7411294055511,-525.4496411738145,0.3333333333333333,548417.7104333238,True,sensor_fail_low,False,D_strongly_isolated_transducer_spike
AWS-KOL-015,2025-03-25T23:00:00+00:00,pressure_hpa,-1009.8411294055511,-1166.0640958021013,-2.0,1.9273799999999324,-1007.8411294055511,-522.9073298496335,1.0,543136.6999541493,True,sensor_fail_low,False,D_strongly_isolated_transducer_spike
AWS-KOL-103,2025-03-25T23:00:00+00:00,pressure_hpa,-1007.1411294055512,-1162.9464043484775,0.0,1.4826,-1007.1411294055512,-679.3073852728661,0.0,445492.90785039717,True,sensor_fail_low,False,D_strongly_isolated_transducer_spike
AWS-MUM-101,2025-03-25T23:00:00+00:00,pressure_hpa,-1013.2411294055511,-1169.9900776325908,-4.7999999999999545,0.4330127018922193,-1008.4411294055511,-2328.895030096741,0.3333333333333333,-2027437.6397252919,True,sensor_fail_low,False,D_strongly_isolated_transducer_spike
AWS-MUM-103,2025-03-26T00:00:00+00:00,pressure_hpa,-1008.0780456660535,-1164.0282620588957,2.400000000000091,2.965199999999831,-1010.4780456660536,-340.77905222788047,-0.3333333333333333,619415.7162172603,True,sensor_fail_low,True,B_likely_common_mode_with_phase_lag
AWS-MUM-101,2025-03-26T00:00:00+00:00,pressure_hpa,-1013.2780456660535,-1170.032704858468,-4.7999999999999545,0.4330127018922193,-1008.4780456660535,-2328.980284548495,0.3333333333333333,-2027586.3176885832,True,sensor_fail_low,False,D_strongly_isolated_transducer_spike
AWS-KOL-103,2025-03-26T00:00:00+00:00,pressure_hpa,-1007.1780456660535,-1162.9890315743544,0.0,1.4826,-1007.1780456660535,-679.3322849494493,0.0,445525.5670938075,True,sensor_fail_low,False,D_strongly_isolated_transducer_spike
AWS-MUM-007,2025-03-26T00:00:00+00:00,pressure_hpa,-2.5,-2.886751345948129,-4.7999999999999545,0.4330127018922193,2.2999999999999545,5.311622476544453,0.3333333333333333,-9.939999999999444,True,drift,False,D_strongly_isolated_transducer_spike
AWS-KOL-015,2025-03-26T00:00:00+00:00,pressure_hpa,-1009.8780456660535,-1166.1067230279784,-2.0,1.9273799999999324,-1007.8780456660535,-522.9264834470051,1.0,543176.3912003997,True,sensor_fail_low,False,D_strongly_isolated_transducer_spike
AWS-KOL-102,2025-03-26T00:00:00+00:00,pressure_hpa,-1014.7780456660535,-1171.7647556660368,-2.0,1.9273799999999324,-1012.7780456660535,-525.4687947711863,0.3333333333333333,548457.5941714019,True,sensor_fail_low,False,D_strongly_isolated_transducer_spike
AWS-KOL-101,2025-03-26T00:00:00+00:00,pressure_hpa,-1008.0780456660535,-1164.0282620588957,0.0,1.4826,-1008.0780456660535,-679.9393266329782,0.0,446322.15348487266,True,sensor_fail_low,False,D_strongly_isolated_transducer_spike
AWS-MUM-102,2025-03-26T00:00:00+00:00,pressure_hpa,-1007.9780456660535,-1163.9127920050578,2.400000000000091,2.965199999999831,-1010.3780456660536,-340.7453276899066,-0.3333333333333333,619292.8045252536,True,sensor_fail_low,True,B_likely_common_mode_with_phase_lag
AWS-KOL-101,2025-03-26T01:00:00+00:00,pressure_hpa,-1008.0128032736916,-1163.9529266333102,0.0,1.4826,-1008.0128032736916,-679.895321242204,0.0,446264.3837856041,True,sensor_fail_low,False,D_strongly_isolated_transducer_spike
AWS-MUM-103,2025-03-26T01:00:00+00:00,pressure_hpa,-1008.0128032736916,-1163.9529266333102,2.400000000000091,2.965199999999831,-1010.4128032736917,-340.75704953249334,-0.3333333333333333,619335.5243060789,True,sensor_fail_low,True,B_likely_common_mode_with_phase_lag
AWS-MUM-102,2025-03-26T01:00:00+00:00,pressure_hpa,-1007.9128032736916,-1163.8374565794722,2.400000000000091,2.965199999999831,-1010.3128032736917,-340.7233249945195,-0.3333333333333333,619212.6205710269,True,sensor_fail_low,True,B_likely_common_mode_with_phase_lag
AWS-KOL-103,2025-03-26T01:00:00+00:00,pressure_hpa,-1007.1128032736916,-1162.913696148769,0.0,1.4826,-1007.1128032736916,-679.2882795586751,0.0,445467.8489723035,True,sensor_fail_low,False,D_strongly_isolated_transducer_spike
AWS-MUM-101,2025-03-26T01:00:00+00:00,pressure_hpa,-1013.2128032736915,-1169.9573694328824,-4.7999999999999545,0.4330127018922193,-1008.4128032736916,-2328.829613697324,0.3333333333333333,-2027323.5616716584,True,sensor_fail_low,False,D_strongly_isolated_transducer_spike
AWS-KOL-015,2025-03-26T01:00:00+00:00,pressure_hpa,-1009.8128032736915,-1166.031387602393,-2.0,1.9273799999999324,-1007.8128032736915,-522.8926331464096,1.0,543106.245537588,True,sensor_fail_low,False,D_strongly_isolated_transducer_spike
AWS-MUM-007,2025-03-26T01:00:00+00:00,pressure_hpa,-3.1000000000000227,-3.579571668975706,-4.7999999999999545,0.4330127018922193,1.6999999999999318,3.925981830489298,0.3333333333333333,-1.2999999999992893,True,drift,False,D_strongly_isolated_transducer_spike
AWS-KOL-102,2025-03-26T01:00:00+00:00,pressure_hpa,-1014.7128032736915,-1171.6894202404512,-2.0,1.9273799999999324,-1012.7128032736915,-525.4349444705907,0.3333333333333333,548387.108316296,True,sensor_fail_low,False,D_strongly_isolated_transducer_spike
AWS-MUM-101,2025-03-26T02:00:00+00:00,pressure_hpa,-1013.278050342063,-1170.0327102578585,-4.7999999999999545,0.4330127018922193,-1008.478050342063,-2328.9802953472763,0.3333333333333333,-2027586.3365212684,True,sensor_fail_low,False,D_strongly_isolated_transducer_spike
AWS-KOL-103,2025-03-26T02:00:00+00:00,pressure_hpa,-1007.1780503420631,-1162.9890369737452,0.0,1.4826,-1007.1780503420631,-679.3322881033746,0.0,445525.57123067643,True,sensor_fail_low,False,D_strongly_isolated_transducer_spike
AWS-KOL-015,2025-03-26T02:00:00+00:00,pressure_hpa,-1009.878050342063,-1166.106728427369,-2.0,1.9273799999999324,-1007.878050342063,-522.9264858731016,1.0,543176.3962279954,True,sensor_fail_low,False,D_strongly_isolated_transducer_spike
AWS-MUM-007,2025-03-26T02:00:00+00:00,pressure_hpa,-3.800000000000068,-4.387862045841235,-4.7999999999999545,0.4330127018922193,0.9999999999998863,2.3094010767582405,0.3333333333333333,6.960000000000953,True,drift,False,C_mixed_uncertain
AWS-KOL-102,2025-03-26T02:00:00+00:00,pressure_hpa,-1014.778050342063,-1171.7647610654274,-2.0,1.9273799999999324,-1012.778050342063,-525.4687971972826,0.3333333333333333,548457.5992233796,True,sensor_fail_low,False,D_strongly_isolated_transducer_spike
AWS-KOL-101,2025-03-26T02:00:00+00:00,pressure_hpa,-1008.0780503420631,-1164.0282674582866,0.0,1.4826,-1008.0780503420631,-679.9393297869035,0.0,446322.1576254384,True,sensor_fail_low,False,D_strongly_isolated_transducer_spike
AWS-MUM-103,2025-03-26T02:00:00+00:00,pressure_hpa,-1008.0780503420631,-1164.0282674582866,2.400000000000091,2.965199999999831,-1010.4780503420632,-340.7790538048431,-0.3333333333333333,619415.7219649081,True,sensor_fail_low,True,B_likely_common_mode_with_phase_lag
AWS-MUM-102,2025-03-26T02:00:00+00:00,pressure_hpa,-1007.978050342063,-1163.9127974044486,2.400000000000091,2.965199999999831,-1010.3780503420631,-340.74532926686925,-0.3333333333333333,619292.810272331,True,sensor_fail_low,True,B_likely_common_mode_with_phase_lag
AWS-MUM-102,2025-03-26T03:00:00+00:00,pressure_hpa,-2.5,-2.886751345948129,2.400000000000091,2.965199999999831,-4.900000000000091,-1.652502360717783,-0.3333333333333333,2.8012846405777454,True,frozen_value,True,B_likely_common_mode_with_phase_lag
AWS-MUM-101,2025-03-26T03:00:00+00:00,pressure_hpa,-7.399999999999977,-8.544783984006436,-4.7999999999999545,0.4330127018922193,-2.6000000000000227,-6.0044427995721605,0.3333333333333333,18.47999999999947,True,frozen_value,False,D_strongly_isolated_transducer_spike
AWS-KOL-102,2025-03-26T03:00:00+00:00,pressure_hpa,-9.5,-10.96965511460289,-2.0,1.9273799999999324,-7.5,-3.8912928431343397,0.3333333333333333,52.595586671152404,False,normal,False,D_strongly_isolated_transducer_spike
AWS-KOL-101,2025-03-26T03:00:00+00:00,pressure_hpa,-2.300000000000068,-2.6558112382723573,0.0,1.4826,-2.300000000000068,-1.551328746796215,0.0,2.323356226348719,False,normal,False,C_mixed_uncertain
AWS-MUM-103,2025-03-26T03:00:00+00:00,pressure_hpa,-2.5,-2.886751345948129,2.400000000000091,2.965199999999831,-4.900000000000091,-1.652502360717783,-0.3333333333333333,2.8012846405777454,True,frozen_value,True,B_likely_common_mode_with_phase_lag
AWS-KOL-015,2025-03-26T03:00:00+00:00,pressure_hpa,-5.0,-5.773502691896258,-2.0,1.9273799999999324,-3.0,-1.5565171372537359,1.0,15.45529386738439,False,normal,False,C_mixed_uncertain
AWS-MUM-007,2025-03-26T03:00:00+00:00,pressure_hpa,-4.300000000000068,-4.96521231503086,-4.7999999999999545,0.4330127018922193,0.4999999999998863,1.154700538378989,0.3333333333333333,11.660000000000693,True,drift,False,A_strongly_common_mode
AWS-KOL-103,2025-03-26T03:00:00+00:00,pressure_hpa,-2.2000000000000455,-2.540341184434406,-2.0,2.9652,-0.20000000000004547,-0.06744907594767485,1.0,3.224391977743703,False,normal,False,A_strongly_common_mode
AWS-MUM-102,2025-03-26T04:00:00+00:00,pressure_hpa,-2.3999999999999773,-2.7712812921101775,2.400000000000091,2.965199999999831,-4.800000000000068,-1.6187778227439436,-0.3333333333333333,2.5297791802961163,True,frozen_value,True,B_likely_common_mode_with_phase_lag
AWS-MUM-103,2025-03-26T04:00:00+00:00,pressure_hpa,-2.3999999999999773,-2.7712812921101775,2.400000000000091,2.965199999999831,-4.800000000000068,-1.6187778227439436,-0.3333333333333333,2.5297791802961163,True,frozen_value,True,B_likely_common_mode_with_phase_lag
AWS-MUM-007,2025-03-26T04:00:00+00:00,pressure_hpa,-4.100000000000023,-4.734272207354958,-4.7999999999999545,0.4330127018922193,0.6999999999999318,1.6165807537307948,0.3333333333333333,9.90000000000038,True,drift,False,C_mixed_uncertain
AWS-KOL-102,2025-03-26T04:00:00+00:00,pressure_hpa,-9.199999999999932,-10.623244953089037,-3.2999999999999545,1.9273799999999324,-5.899999999999977,-3.061150369932335,1.0,51.74134587299741,False,normal,False,D_strongly_isolated_transducer_spike
AWS-MUM-101,2025-03-26T04:00:00+00:00,pressure_hpa,-7.2999999999999545,-8.429313930168485,-4.7999999999999545,0.4330127018922193,-2.5,-5.773502691896258,0.3333333333333333,18.859999999999566,True,frozen_value,False,D_strongly_isolated_transducer_spike
AWS-MUM-007,2025-03-26T05:00:00+00:00,pressure_hpa,-3.800000000000068,-4.387862045841235,-4.7999999999999545,0.4330127018922193,0.9999999999998863,2.3094010767582405,0.3333333333333333,6.960000000000953,True,drift,False,C_mixed_uncertain
AWS-KOL-102,2025-03-26T05:00:00+00:00,pressure_hpa,-8.699999999999932,-10.04589468389941,-2.0,1.9273799999999324,-6.699999999999932,-3.476221606533308,0.3333333333333333,44.41794167113471,False,normal,False,D_strongly_isolated_transducer_spike
AWS-MUM-101,2025-03-26T05:00:00+00:00,pressure_hpa,-7.0,-8.082903768654761,-4.7999999999999545,0.4330127018922193,-2.2000000000000455,-5.080682368868812,0.3333333333333333,19.75999999999947,False,normal,False,D_strongly_isolated_transducer_spike
AWS-KOL-102,2025-03-26T06:00:00+00:00,pressure_hpa,-7.7999999999999545,-9.00666419935811,-2.0,1.9273799999999324,-5.7999999999999545,-3.0092664653571988,0.3333333333333333,36.03215767023782,False,normal,False,D_strongly_isolated_transducer_spike
AWS-MUM-101,2025-03-26T06:00:00+00:00,pressure_hpa,-6.199999999999932,-7.159143337951281,-4.7999999999999545,0.4330127018922193,-1.3999999999999773,-3.233161507461852,0.3333333333333333,20.399999999999608,False,normal,False,D_strongly_isolated_transducer_spike
AWS-MUM-007,2025-03-26T06:00:00+00:00,pressure_hpa,-3.0,-3.464101615137755,-4.7999999999999545,0.4330127018922193,1.7999999999999545,4.156921938165201,0.3333333333333333,-2.6399999999995662,True,drift,False,D_strongly_isolated_transducer_spike
AWS-KOL-102,2025-03-26T07:00:00+00:00,pressure_hpa,-6.7999999999999545,-7.851963660978859,-0.40000000000009095,1.9273800000001011,-6.399999999999864,-3.320569892807608,0.3333333333333333,25.313574460156097,False,normal,True,B_likely_common_mode_with_phase_lag
AWS-MUM-101,2025-03-26T07:00:00+00:00,pressure_hpa,-5.5,-6.3508529610858835,-4.7999999999999545,0.4330127018922193,-0.7000000000000455,-1.6165807537310573,0.3333333333333333,18.859999999999832,False,normal,False,C_mixed_uncertain
AWS-MUM-007,2025-03-26T07:00:00+00:00,pressure_hpa,-2.300000000000068,-2.6558112382723573,-4.7999999999999545,0.4330127018922193,2.4999999999998863,5.773502691895995,0.3333333333333333,-13.139999999998274,True,drift,False,D_strongly_isolated_transducer_spike
AWS-KOL-015,2025-03-26T08:00:00+00:00,pressure_hpa,8.446307623809844,9.752955960530004,-0.40000000000009095,0.5930400000001348,8.846307623809935,14.916881869364502,-1.0,-63.69660736826883,True,unstructured_anomaly,False,D_strongly_isolated_transducer_spike
AWS-KOL-103,2025-03-26T08:00:00+00:00,pressure_hpa,8.54630762380998,9.868426014368087,0.0,1.334339999999966,8.54630762380998,6.404895022115951,0.0,28.181575878365557,True,unstructured_anomaly,False,D_strongly_isolated_transducer_spike
AWS-KOL-101,2025-03-26T08:00:00+00:00,pressure_hpa,7.846307623809821,9.060135637502427,0.6463076238098893,0.4330127018922193,7.199999999999932,16.627687752661064,0.3333333333333333,-97.19697111502661,True,unstructured_anomaly,False,D_strongly_isolated_transducer_spike
AWS-MUM-101,2025-03-26T08:00:00+00:00,pressure_hpa,-4.599999999999909,-5.311622476544453,-0.5,4.2995400000001345,-4.099999999999909,-0.953590384087549,0.3333333333333333,13.651999356353992,False,normal,True,B_likely_common_mode_with_phase_lag
AWS-MUM-101,2025-03-26T09:00:00+00:00,pressure_hpa,-4.199999999999932,-4.849742261192778,-0.5,4.2995400000001345,-3.699999999999932,-0.860557175883889,0.3333333333333333,11.38972067351699,False,normal,True,B_likely_common_mode_with_phase_lag
AWS-KOL-103,2025-03-26T09:00:00+00:00,pressure_hpa,9.150396117998639,10.565967323836443,0.6463076238098893,0.4330127018922193,8.50408849418875,19.639351125329096,0.3333333333333333,-137.0322235677929,True,unstructured_anomaly,False,D_strongly_isolated_transducer_spike
AWS-KOL-101,2025-03-26T09:00:00+00:00,pressure_hpa,8.550396117998616,9.873147000808865,0.6463076238098893,0.4330127018922193,7.904088494188727,18.25371047927394,0.3333333333333333,-117.85945728078713,True,unstructured_anomaly,False,D_strongly_isolated_transducer_spike
AWS-KOL-015,2025-03-26T09:00:00+00:00,pressure_hpa,9.050396117998616,10.450497269998491,-0.40000000000009095,1.5512556830606765,9.450396117998707,6.09209443755447,-0.3333333333333333,36.0496392770819,True,unstructured_anomaly,False,D_strongly_isolated_transducer_spike
AWS-MUM-103,2025-03-26T10:00:00+00:00,pressure_hpa,6.9673813098751225,8.04523894960634,2.400000000000091,2.965199999999831,4.5673813098750315,1.5403282442584958,0.3333333333333333,31.17662932810123,True,unstructured_anomaly,False,C_mixed_uncertain
AWS-MUM-102,2025-03-26T10:00:00+00:00,pressure_hpa,8.267381309875077,9.546349649499314,2.400000000000091,2.520420000000236,5.867381309874986,2.3279379269623464,1.0,42.85674831935297,True,unstructured_anomaly,False,C_mixed_uncertain
AWS-KOL-015,2025-03-26T10:00:00+00:00,pressure_hpa,8.792975277161531,10.15325328649387,-0.40000000000009095,1.5512556830606765,9.192975277161622,5.92615090958029,-0.3333333333333333,33.984643848289636,True,unstructured_anomaly,False,D_strongly_isolated_transducer_spike
AWS-KOL-101,2025-03-26T10:00:00+00:00,pressure_hpa,8.292975277161531,9.575903017304244,0.6463076238098893,0.4330127018922193,7.646667653351642,17.659222512264698,0.3333333333333333,-110.0751105704299,True,unstructured_anomaly,False,D_strongly_isolated_transducer_spike
AWS-MUM-101,2025-03-26T10:00:00+00:00,pressure_hpa,2.8673813098750998,3.3109667422513813,-0.5,0.4447800000001011,3.3673813098750998,7.570891923814772,-0.3333333333333333,-23.177951876894507,True,unstructured_anomaly,False,D_strongly_isolated_transducer_spike
AWS-KOL-103,2025-03-26T10:00:00+00:00,pressure_hpa,8.792975277161645,10.153253286494001,0.6463076238098893,0.4330127018922193,8.146667653351756,18.813923050644213,0.3333333333333333,-125.43757412793022,True,unstructured_anomaly,False,D_strongly_isolated_transducer_spike
AWS-KOL-101,2025-03-26T11:00:00+00:00,pressure_hpa,-8.230820068392745,-9.50413236427585,0.6463076238098893,0.4330127018922193,-8.877127692202635,-20.50084825089549,-0.3333333333333333,-164.97812350428453,True,unstructured_anomaly,False,D_strongly_isolated_transducer_spike
AWS-KOL-015,2025-03-26T11:00:00+00:00,pressure_hpa,-7.730820068392745,-8.926782095086226,-0.40000000000009095,1.5512556830606765,-7.330820068392654,-4.725732932645065,0.3333333333333333,28.677443411232957,True,unstructured_anomaly,True,B_likely_common_mode_with_phase_lag
AWS-MUM-101,2025-03-26T11:00:00+00:00,pressure_hpa,2.3312910490260492,2.691943029429109,-0.5,0.4447800000001011,2.8312910490260492,6.3655988331881055,-0.3333333333333333,-16.6371456156969,True,unstructured_anomaly,False,D_strongly_isolated_transducer_spike
AWS-KOL-102,2025-03-26T11:00:00+00:00,pressure_hpa,-16.277127692202612,-18.79520810945418,-0.40000000000009095,1.9273800000001011,-15.87712769220252,-8.237673781092306,0.3333333333333333,142.70028927699826,True,unstructured_anomaly,True,B_likely_common_mode_with_phase_lag
AWS-MUM-102,2025-03-26T11:00:00+00:00,pressure_hpa,7.7312910490260265,8.927325936677041,0.6999999999999318,2.2239,7.031291049026095,3.1616938931723975,0.3333333333333333,34.85042005277149,True,unstructured_anomaly,True,B_likely_common_mode_with_phase_lag
AWS-MUM-103,2025-03-26T11:00:00+00:00,pressure_hpa,6.331291049026049,7.310745182946116,-0.5,0.4447800000001011,6.831291049026049,15.358808959540664,-0.3333333333333333,-91.22300876284837,True,unstructured_anomaly,True,B_likely_common_mode_with_phase_lag
AWS-KOL-103,2025-03-26T11:00:00+00:00,pressure_hpa,-7.730820068392745,-8.926782095086226,0.6463076238098893,0.4330127018922193,-8.377127692202635,-19.346147712516238,-0.3333333333333333,-147.2929963706726,True,unstructured_anomaly,False,D_strongly_isolated_transducer_spike
AWS-MUM-103,2025-03-26T12:00:00+00:00,pressure_hpa,-9.126967712835153,-10.538914531780797,-0.5,0.4447800000001011,-8.626967712835153,-19.396033348696417,0.3333333333333333,-132.5686950777815,True,unstructured_anomaly,False,D_strongly_isolated_transducer_spike
AWS-KOL-102,2025-03-26T12:00:00+00:00,pressure_hpa,-2.408174900803033,-2.780720854468663,-0.40000000000009095,1.9273800000001011,-2.008174900802942,-1.0419195492341087,0.3333333333333333,3.3234060617003616,True,unstructured_anomaly,True,B_likely_common_mode_with_phase_lag
AWS-KOL-015,2025-03-26T12:00:00+00:00,pressure_hpa,6.238132723006743,7.203175213737112,-0.40000000000009095,1.5512556830606765,6.638132723006834,4.279199615829667,-0.3333333333333333,16.787091903839965,True,unstructured_anomaly,False,D_strongly_isolated_transducer_spike
AWS-MUM-102,2025-03-26T12:00:00+00:00,pressure_hpa,-7.726967712835176,-8.922333778049872,0.6999999999999318,2.2239,-8.426967712835108,-3.7892745684765985,-0.3333333333333333,32.624719145813096,True,unstructured_anomaly,False,D_strongly_isolated_transducer_spike
AWS-KOL-103,2025-03-26T12:00:00+00:00,pressure_hpa,6.238132723006856,7.203175213737244,0.6463076238098893,0.4330127018922193,5.591825099196967,12.9137669051307,0.3333333333333333,-57.43982126012518,True,unstructured_anomaly,False,D_strongly_isolated_transducer_spike
AWS-KOL-101,2025-03-26T12:00:00+00:00,pressure_hpa,5.8381327230067654,6.741294998385438,0.6463076238098893,0.4330127018922193,5.191825099196876,11.990006474427089,0.3333333333333333,-49.15759850077349,True,unstructured_anomaly,False,D_strongly_isolated_transducer_spike
AWS-MUM-101,2025-03-26T12:00:00+00:00,pressure_hpa,-15.558258761861225,-17.965129768564864,-0.5,0.4447800000001011,-15.058258761861225,-33.855521295601875,0.3333333333333333,-411.7252172977883,True,unstructured_anomaly,True,B_likely_common_mode_with_phase_lag
AWS-KOL-101,2025-03-26T13:00:00+00:00,pressure_hpa,3.125746347941572,3.6093009908051124,0.6463076238098893,0.4330127018922193,2.4794387241316826,5.726018459266437,0.3333333333333333,-9.880116876816608,True,unstructured_anomaly,False,D_strongly_isolated_transducer_spike
AWS-KOL-103,2025-03-26T13:00:00+00:00,pressure_hpa,3.6257463479416856,4.1866512599948695,0.6463076238098893,0.4330127018922193,2.9794387241317963,6.8807189976459515,0.3333333333333333,-14.908122575874641,True,unstructured_anomaly,False,D_strongly_isolated_transducer_spike
AWS-KOL-015,2025-03-26T13:00:00+00:00,pressure_hpa,3.625746347941572,4.186651259994738,-0.40000000000009095,1.5512556830606765,4.025746347941663,2.595153327656946,-0.3333333333333333,5.3966139893833045,True,unstructured_anomaly,False,C_mixed_uncertain
AWS-MUM-101,2025-03-26T13:00:00+00:00,pressure_hpa,-16.79766116191388,-19.396268387174203,-0.5,0.4447800000001011,-16.29766116191388,-36.642072849296675,0.3333333333333333,-483.21313767293555,True,unstructured_anomaly,True,B_likely_common_mode_with_phase_lag
AWS-MUM-103,2025-03-26T13:00:00+00:00,pressure_hpa,-10.566370112887853,-12.200993258066037,-0.5,0.4447800000001011,-10.066370112887853,-22.632245408708947,0.3333333333333333,-181.67714787832716,True,unstructured_anomaly,False,D_strongly_isolated_transducer_spike
AWS-MUM-102,2025-03-26T13:00:00+00:00,pressure_hpa,-9.166370112887876,-10.584412504335111,0.6999999999999318,2.2239,-9.866370112887807,-4.436516980479252,-0.3333333333333333,46.17355257192236,True,unstructured_anomaly,False,D_strongly_isolated_transducer_spike
AWS-KOL-102,2025-03-26T13:00:00+00:00,pressure_hpa,-5.120561275868226,-5.912714862048989,-0.40000000000009095,1.9273800000001011,-4.7205612758681355,-2.4492115077814898,0.3333333333333333,14.480780015022857,True,unstructured_anomaly,True,B_likely_common_mode_with_phase_lag
AWS-MUM-103,2025-03-26T14:00:00+00:00,pressure_hpa,4.423109881803839,5.107367361829481,-0.5,0.4447800000001011,4.923109881803839,11.068640410546157,-0.3333333333333333,-48.21479958464718,True,unstructured_anomaly,True,B_likely_common_mode_with_phase_lag
AWS-KOL-102,2025-03-26T14:00:00+00:00,pressure_hpa,-5.344569243164415,-6.171376982487139,-0.40000000000009095,1.9273800000001011,-4.944569243164324,-2.56543558777411,0.3333333333333333,15.752217052477086,True,unstructured_anomaly,True,B_likely_common_mode_with_phase_lag
AWS-KOL-101,2025-03-26T14:00:00+00:00,pressure_hpa,3.0017383806454063,3.4661089242049137,0.6463076238098893,0.4330127018922193,2.355430756835517,5.439634326066039,0.3333333333333333,-8.787855263431492,True,unstructured_anomaly,False,D_strongly_isolated_transducer_spike
AWS-MUM-007,2025-03-26T14:00:00+00:00,pressure_hpa,-2.769312847781066,-3.1977270362733754,-0.5,1.7791199999998988,-2.269312847781066,-1.2755254551582778,0.3333333333333333,4.299246505878487,True,multivariate_inconsistency,True,B_likely_common_mode_with_phase_lag
AWS-MUM-102,2025-03-26T14:00:00+00:00,pressure_hpa,5.7231098818037935,6.608478061722455,-0.8000000000000682,1.6429893985235475,6.523109881803862,3.9702690033580104,-0.3333333333333333,13.954473166620787,True,unstructured_anomaly,True,B_likely_common_mode_with_phase_lag
AWS-KOL-103,2025-03-26T14:00:00+00:00,pressure_hpa,3.4017383806453836,3.927989139556588,0.6463076238098893,0.4330127018922193,2.7554307568354943,6.363394756769388,0.3333333333333333,-12.531847075002819,True,unstructured_anomaly,False,D_strongly_isolated_transducer_spike
AWS-KOL-015,2025-03-26T14:00:00+00:00,pressure_hpa,3.4017383806453836,3.927989139556588,-0.40000000000009095,1.5512556830606765,3.8017383806454745,2.4507490429588787,-0.3333333333333333,4.7114639044553215,True,unstructured_anomaly,False,C_mixed_uncertain
AWS-MUM-103,2025-03-26T15:00:00+00:00,pressure_hpa,3.288346151805513,3.797055071867166,-0.8000000000000682,0.4447800000001011,4.088346151805581,9.191839003113117,-1.0,-35.036138520179684,True,unstructured_anomaly,True,B_likely_common_mode_with_phase_lag
AWS-KOL-102,2025-03-26T15:00:00+00:00,pressure_hpa,-20.20651955093126,-23.3324790042312,-0.40000000000009095,1.9273800000001011,-19.80651955093117,-10.276395703457611,0.3333333333333333,219.40013391442386,True,unstructured_anomaly,True,B_likely_common_mode_with_phase_lag
AWS-MUM-007,2025-03-26T15:00:00+00:00,pressure_hpa,-3.75844930595963,-4.339883437062709,-0.5,1.7791199999998988,-3.25844930595963,-1.8314949559106835,0.3333333333333333,7.740107236882478,True,multivariate_inconsistency,True,B_likely_common_mode_with_phase_lag
AWS-MUM-102,2025-03-26T15:00:00+00:00,pressure_hpa,4.588346151805467,5.29816577176014,-0.8000000000000682,1.6429893985235475,5.3883461518055356,3.2795988559924414,-0.3333333333333333,8.657395944411896,True,unstructured_anomaly,True,B_likely_common_mode_with_phase_lag
AWS-KOL-101,2025-03-26T15:00:00+00:00,pressure_hpa,-11.960211927121463,-13.8104631513771,0.6463076238098893,0.4330127018922193,-12.606519550931353,-29.11350982509799,-0.3333333333333333,-328.4337809402662,True,unstructured_anomaly,False,D_strongly_isolated_transducer_spike
AWS-KOL-015,2025-03-26T15:00:00+00:00,pressure_hpa,-11.460211927121463,-13.233112882187474,-0.40000000000009095,1.5512556830606765,-11.060211927121372,-7.129844581970668,0.3333333333333333,62.14029639482979,True,unstructured_anomaly,True,B_likely_common_mode_with_phase_lag
AWS-KOL-103,2025-03-26T15:00:00+00:00,pressure_hpa,-11.560211927121372,-13.348582936025295,0.6463076238098893,0.4330127018922193,-12.206519550931262,-28.189749394394376,-0.3333333333333333,-308.2386522594062,True,unstructured_anomaly,False,D_strongly_isolated_transducer_spike
AWS-MUM-103,2025-03-26T16:00:00+00:00,pressure_hpa,-4.2999999999999545,-4.96521231503073,-0.8000000000000682,0.4447800000001011,-3.4999999999998863,-7.869058860558233,1.0,-18.634377008798605,False,normal,False,D_strongly_isolated_transducer_spike
AWS-KOL-103,2025-03-26T16:00:00+00:00,pressure_hpa,-3.7999999999999545,-4.3878620458411035,0.6463076238098893,0.4330127018922193,-4.446307623809844,-10.268307614025995,-0.3333333333333333,-43.09240396146567,False,normal,False,D_strongly_isolated_transducer_spike
AWS-MUM-102,2025-03-26T16:00:00+00:00,pressure_hpa,-2.7999999999999545,-3.233161507461852,-0.8000000000000682,1.6429893985235475,-1.9999999999998863,-1.217293308037874,0.3333333333333333,4.485765167769602,False,normal,False,A_strongly_common_mode
AWS-KOL-102,2025-03-26T16:00:00+00:00,pressure_hpa,-12.546307623809867,-14.487228167884961,-0.40000000000009095,1.9273800000001011,-12.146307623809776,-6.301978656937988,0.3333333333333333,85.08242249792876,False,normal,True,B_likely_common_mode_with_phase_lag
AWS-KOL-101,2025-03-26T16:00:00+00:00,pressure_hpa,-4.300000000000068,-4.96521231503086,0.6463076238098893,0.4330127018922193,-4.9463076238099575,-11.42300815240551,-0.3333333333333333,-52.915890958294305,False,normal,False,D_strongly_isolated_transducer_spike
AWS-KOL-015,2025-03-26T16:00:00+00:00,pressure_hpa,-3.800000000000068,-4.387862045841235,-0.40000000000009095,1.5512556830606765,-3.3999999999999773,-2.1917727922786203,0.3333333333333333,7.224732680180603,False,normal,True,B_likely_common_mode_with_phase_lag
AWS-MUM-007,2025-03-26T16:00:00+00:00,pressure_hpa,-3.699999999999932,-4.272391992003152,-0.5,1.7791199999998988,-3.199999999999932,-1.7986420252709845,0.3333333333333333,7.509110099130877,False,normal,True,B_likely_common_mode_with_phase_lag
AWS-MUM-101,2025-03-26T16:00:00+00:00,pressure_hpa,-8.523109881803748,-9.841639569184307,-0.5,0.4447800000001011,-8.023109881803748,-18.038378258469187,0.3333333333333333,-114.26261039293979,False,normal,True,B_likely_common_mode_with_phase_lag
AWS-KOL-101,2025-03-26T17:00:00+00:00,pressure_hpa,-4.300000000000068,-4.96521231503086,0.6463076238098893,0.4330127018922193,-4.9463076238099575,-11.42300815240551,-0.3333333333333333,-52.915890958294305,False,normal,False,D_strongly_isolated_transducer_spike
AWS-MUM-103,2025-03-26T17:00:00+00:00,pressure_hpa,-3.8999999999999773,-4.503332099679055,-0.8000000000000682,0.4447800000001011,-3.099999999999909,-6.969737847923028,1.0,-14.14862283438548,False,normal,False,D_strongly_isolated_transducer_spike
AWS-KOL-015,2025-03-26T17:00:00+00:00,pressure_hpa,-3.6000000000000227,-4.156921938165332,-0.40000000000009095,1.5512556830606765,-3.199999999999932,-2.062844980968083,0.3333333333333333,6.512335292247504,False,normal,True,B_likely_common_mode_with_phase_lag
AWS-MUM-007,2025-03-26T17:00:00+00:00,pressure_hpa,-3.5,-4.041451884327381,-0.5,1.7791199999998988,-3.0,-1.6862268986915838,0.3333333333333333,6.7449860897311495,False,normal,True,B_likely_common_mode_with_phase_lag
AWS-KOL-102,2025-03-26T17:00:00+00:00,pressure_hpa,-12.14630762380989,-14.025347952533288,-0.40000000000009095,1.9273800000001011,-11.746307623809798,-6.094443038637519,0.3333333333333333,79.78407461921618,False,normal,True,B_likely_common_mode_with_phase_lag
AWS-MUM-101,2025-03-26T17:00:00+00:00,pressure_hpa,-8.223109881803794,-9.495229407670584,-0.5,0.4447800000001011,-7.7231098818037935,-17.363887498992845,0.3333333333333333,-105.67260378669387,False,normal,True,B_likely_common_mode_with_phase_lag
AWS-MUM-102,2025-03-26T17:00:00+00:00,pressure_hpa,-2.5,-2.886751345948129,-0.8000000000000682,1.6429893985235475,-1.6999999999999318,-1.0346993118322103,0.3333333333333333,3.631365333713643,False,normal,False,A_strongly_common_mode
AWS-KOL-103,2025-03-26T17:00:00+00:00,pressure_hpa,-3.599999999999909,-4.156921938165201,0.6463076238098893,0.4330127018922193,-4.246307623809798,-9.80642739867419,-0.3333333333333333,-39.443009162734356,False,normal,False,D_strongly_isolated_transducer_spike
AWS-KOL-102,2025-03-26T18:00:00+00:00,pressure_hpa,-11.546307623809867,-13.33252762950571,-0.40000000000009095,1.9273800000001011,-11.146307623809776,-5.783139611186788,0.3333333333333333,72.15579461452775,False,normal,True,B_likely_common_mode_with_phase_lag
AWS-KOL-103,2025-03-26T18:00:00+00:00,pressure_hpa,-3.199999999999932,-3.695041722813526,0.6463076238098893,0.4330127018922193,-3.846307623809821,-8.88266696797084,-0.3333333333333333,-32.62421956527376,False,normal,False,D_strongly_isolated_transducer_spike
AWS-MUM-103,2025-03-26T18:00:00+00:00,pressure_hpa,-3.3999999999999773,-3.9259818304894294,-0.8000000000000682,0.4447800000001011,-2.599999999999909,-5.845586582128958,1.0,-9.378774577916493,False,normal,False,D_strongly_isolated_transducer_spike
AWS-KOL-015,2025-03-26T18:00:00+00:00,pressure_hpa,-3.0,-3.464101615137755,-0.40000000000009095,1.5512556830606765,-2.599999999999909,-1.6760615470365445,0.3333333333333333,4.5954088452727335,False,normal,True,B_likely_common_mode_with_phase_lag
AWS-MUM-007,2025-03-26T18:00:00+00:00,pressure_hpa,-3.2999999999999545,-3.8105117766514778,-0.5,1.7791199999998988,-2.7999999999999545,-1.5738117721121194,0.3333333333333333,6.021558252980456,False,normal,True,B_likely_common_mode_with_phase_lag
AWS-MUM-101,2025-03-26T18:00:00+00:00,pressure_hpa,-8.023109881803748,-9.264289299994681,-0.5,0.4447800000001011,-7.523109881803748,-16.914226992675115,0.3333333333333333,-100.13200926287175,False,normal,True,B_likely_common_mode_with_phase_lag
AWS-KOL-101,2025-03-26T18:00:00+00:00,pressure_hpa,-3.6000000000000227,-4.156921938165332,0.6463076238098893,0.4330127018922193,-4.246307623809912,-9.806427398674451,-0.3333333333333333,-39.443009162736374,False,normal,False,D_strongly_isolated_transducer_spike
AWS-MUM-007,2025-03-26T19:00:00+00:00,pressure_hpa,-2.699999999999932,-3.1176914536239004,-0.5,1.7791199999998988,-2.199999999999932,-1.2365663923737897,0.3333333333333333,4.0954517786255895,True,spike,True,B_likely_common_mode_with_phase_lag
AWS-KOL-101,2025-03-26T19:00:00+00:00,pressure_hpa,-2.8999999999999773,-3.348631561299803,0.6463076238098893,0.4330127018922193,-3.5463076238098665,-8.189846644943394,-0.3333333333333333,-27.930127367178706,True,spike,False,D_strongly_isolated_transducer_spike
AWS-MUM-103,2025-03-26T19:00:00+00:00,pressure_hpa,-2.699999999999932,-3.1176914536239004,-0.8000000000000682,0.4447800000001011,-1.8999999999998636,-4.271774810017159,1.0,-4.264030013748812,True,spike,False,D_strongly_isolated_transducer_spike
AWS-KOL-015,2025-03-26T19:00:00+00:00,pressure_hpa,-2.300000000000068,-2.6558112382723573,-0.40000000000009095,1.5512556830606765,-1.8999999999999773,-1.2248142074498107,0.3333333333333333,2.776581745281422,True,spike,True,B_likely_common_mode_with_phase_lag
AWS-KOL-102,2025-03-26T19:00:00+00:00,pressure_hpa,-10.846307623809821,-12.524237252640182,-0.40000000000009095,1.9273800000001011,-10.44630762380973,-5.419952279160924,0.3333333333333333,63.7403180260192,True,spike,True,B_likely_common_mode_with_phase_lag
AWS-KOL-103,2025-03-26T19:00:00+00:00,pressure_hpa,-2.3999999999999773,-2.7712812921101775,0.6463076238098893,0.4330127018922193,-3.0463076238098665,-7.035146106564143,-0.3333333333333333,-20.906640370352385,True,spike,False,D_strongly_isolated_transducer_spike
AWS-MUM-101,2025-03-26T19:00:00+00:00,pressure_hpa,-7.323109881803816,-8.455998923129284,-0.5,0.4447800000001011,-6.823109881803816,-15.340415220563571,0.3333333333333333,-81.91221067566742,True,spike,True,B_likely_common_mode_with_phase_lag
AWS-KOL-102,2025-03-26T20:00:00+00:00,pressure_hpa,-10.046307623809867,-11.600476821936832,-0.40000000000009095,1.9273800000001011,-9.646307623809776,-5.004881042559988,0.3333333333333333,54.76111412305865,True,spike,True,B_likely_common_mode_with_phase_lag
AWS-MUM-101,2025-03-26T20:00:00+00:00,pressure_hpa,-6.323109881803816,-7.301298384750033,-0.5,0.4447800000001011,-5.823109881803816,-13.092112688975432,0.3333333333333333,-59.04722827883904,True,spike,True,B_likely_common_mode_with_phase_lag
AWS-MUM-101,2025-03-26T21:00:00+00:00,pressure_hpa,-5.2231098818037935,-6.031127792532829,-0.5,0.4330127018922193,-4.7231098818037935,-10.907555046686408,0.3333333333333333,-41.300127323316104,True,spike,True,B_likely_common_mode_with_phase_lag
AWS-KOL-102,2025-03-26T21:00:00+00:00,pressure_hpa,-9.846307623809821,-11.36953671426093,-1.3000000000000682,0.4330127018922193,-8.546307623809753,-19.736852028735647,1.0,-130.1384814536396,True,spike,False,D_strongly_isolated_transducer_spike
AWS-KOL-102,2025-03-26T22:00:00+00:00,pressure_hpa,-9.846307623809821,-11.36953671426093,-1.3000000000000682,1.1860799999999325,-8.546307623809753,-7.205506899880479,1.0,38.67351770635101,True,spike,True,B_likely_common_mode_with_phase_lag
AWS-MUM-101,2025-03-26T22:00:00+00:00,pressure_hpa,-4.623109881803771,-5.338307469505252,0.5,0.4330127018922193,-5.123109881803771,-11.831315477389756,-0.3333333333333333,-55.74124964327342,True,spike,True,B_likely_common_mode_with_phase_lag
AWS-MUM-101,2025-03-26T23:00:00+00:00,pressure_hpa,-4.423109881803839,-5.107367361829481,0.5,0.4330127018922193,-4.923109881803839,-11.369435262038213,-1.0,-51.58942840449845,False,normal,False,D_strongly_isolated_transducer_spike
AWS-KOL-102,2025-03-26T23:00:00+00:00,pressure_hpa,-10.346307623809821,-11.946886983450556,-1.3000000000000682,1.1860799999999325,-9.046307623809753,-7.627063624553376,1.0,42.27800453117753,False,normal,True,B_likely_common_mode_with_phase_lag
AWS-MUM-101,2025-03-27T00:00:00+00:00,pressure_hpa,-4.823109881803816,-5.569247577181155,0.5,0.44477999999993256,-5.323109881803816,-11.967961423185898,-1.0,-56.107791025463825,False,normal,False,D_strongly_isolated_transducer_spike
AWS-KOL-102,2025-03-27T00:00:00+00:00,pressure_hpa,-10.846307623809821,-12.524237252640182,-1.3000000000000682,1.1860799999999325,-9.546307623809753,-8.04862034922627,1.0,46.038114617220444,False,normal,True,B_likely_common_mode_with_phase_lag
AWS-MUM-101,2025-03-27T01:00:00+00:00,pressure_hpa,-5.323109881803816,-6.146597846370781,-0.39999999999997726,0.4330127018922193,-4.923109881803839,-11.369435262038213,0.3333333333333333,-45.741696546334,False,normal,False,D_strongly_isolated_transducer_spike
AWS-KOL-102,2025-03-27T01:00:00+00:00,pressure_hpa,-11.346307623809821,-13.101587521829808,-1.3000000000000682,1.1860799999999325,-10.046307623809753,-8.470177073899167,1.0,49.953847964479735,False,normal,True,B_likely_common_mode_with_phase_lag
AWS-MUM-101,2025-03-27T02:00:00+00:00,pressure_hpa,-5.923109881803839,-6.839418169398358,-0.7000000000000455,0.4330127018922193,-5.2231098818037935,-12.062255585065659,0.3333333333333333,-49.36018445177565,False,normal,False,D_strongly_isolated_transducer_spike
AWS-KOL-102,2025-03-27T02:00:00+00:00,pressure_hpa,-11.64630762380989,-13.447997683343662,-1.3000000000000682,1.1860799999999325,-10.346307623809821,-8.723111108702962,1.0,52.37798713821974,False,normal,True,B_likely_common_mode_with_phase_lag
AWS-KOL-102,2025-03-27T03:00:00+00:00,pressure_hpa,-11.946307623809844,-13.794407844857384,-1.3000000000000682,1.1860799999999325,-10.646307623809776,-8.976045143506662,1.0,54.8581506859967,True,frozen_value,True,B_likely_common_mode_with_phase_lag
AWS-MUM-101,2025-03-27T03:00:00+00:00,pressure_hpa,-6.323109881803816,-7.301298384750033,-0.2999999999999545,0.5930400000001348,-6.023109881803862,-10.156329896469872,0.3333333333333333,-24.92103943138714,False,normal,True,B_likely_common_mode_with_phase_lag
AWS-MUM-101,2025-03-27T04:00:00+00:00,pressure_hpa,-6.123109881803771,-7.07035827707413,-0.2999999999999545,0.5930400000001348,-5.823109881803816,-9.819084516731575,0.3333333333333333,-23.21222729026355,False,normal,True,B_likely_common_mode_with_phase_lag
AWS-KOL-102,2025-03-27T04:00:00+00:00,pressure_hpa,-11.246307623809798,-12.986117467991855,-1.3000000000000682,1.1860799999999325,-9.94630762380973,-8.38586572896457,1.0,49.15825143413036,True,frozen_value,True,B_likely_common_mode_with_phase_lag
AWS-KOL-101,2025-03-27T05:00:00+00:00,pressure_hpa,13.018193216664713,15.032114716007865,-0.10000000000002274,1.1064756830605755,13.118193216664736,11.855835078434852,0.0,42.70182371408693,True,frozen_value,False,D_strongly_isolated_transducer_spike
AWS-KOL-015,2025-03-27T05:00:00+00:00,pressure_hpa,12.837126432782497,14.823036803176471,-0.10000000000002274,1.1064756830605755,12.93712643278252,11.692192273939254,0.0,41.50752994877968,True,frozen_value,False,D_strongly_isolated_transducer_spike
AWS-KOL-103,2025-03-27T05:00:00+00:00,pressure_hpa,12.917833636397177,14.916229454641424,-1.3000000000000682,1.1860799999999325,14.217833636397245,11.987246759407505,-0.3333333333333333,39.399908136293334,True,frozen_value,False,D_strongly_isolated_transducer_spike
AWS-MUM-101,2025-03-27T05:00:00+00:00,pressure_hpa,3.669461805791798,4.23712952270989,0.10000000000002274,0.5930399999999663,3.569461805791775,6.018922510778325,0.0,-9.13708079926716,True,dropout,False,D_strongly_isolated_transducer_spike
AWS-MUM-007,2025-03-27T05:00:00+00:00,pressure_hpa,8.060834292284198,9.307849697086498,-0.7000000000000455,1.186080000000101,8.760834292284244,7.386377219313619,-1.0,16.03874877877901,True,spike,False,D_strongly_isolated_transducer_spike
AWS-MUM-102,2025-03-27T05:00:00+00:00,pressure_hpa,9.847816602491434,11.371279132756992,-0.7000000000000455,1.7791200000000673,10.54781660249148,5.928670692528374,-0.3333333333333333,47.078426467314884,True,dropout,False,D_strongly_isolated_transducer_spike
AWS-MUM-103,2025-03-27T05:00:00+00:00,pressure_hpa,10.03998446062019,11.593175461997452,0.10000000000002274,0.5930399999999663,9.939984460620167,16.76106917007408,0.0,-73.265861215674,True,dropout,False,D_strongly_isolated_transducer_spike
AWS-KOL-102,2025-03-27T05:00:00+00:00,pressure_hpa,3.1688341104526216,3.659054453374179,-1.3000000000000682,1.1860799999999325,4.46883411045269,3.767734141417901,-1.0,-0.40357053382433783,True,frozen_value,False,D_strongly_isolated_transducer_spike
AWS-MUM-101,2025-03-27T06:00:00+00:00,pressure_hpa,-4.7231098818037935,-5.453777523343204,0.10000000000002274,0.5930399999999663,-4.823109881803816,-8.132857618042781,0.0,-18.19984188061648,False,normal,False,D_strongly_isolated_transducer_spike
AWS-KOL-102,2025-03-27T06:00:00+00:00,pressure_hpa,-10.14630762380989,-11.715946875774785,-1.3000000000000682,1.1860799999999325,-8.846307623809821,-7.458440934684274,1.0,40.817535009901455,True,frozen_value,True,B_likely_common_mode_with_phase_lag
AWS-MUM-101,2025-03-27T07:00:00+00:00,pressure_hpa,-4.123109881803771,-4.760957200315627,0.10000000000002274,0.5930399999999663,-4.2231098818037935,-7.121121478827792,0.0,-14.021828826492655,False,normal,False,D_strongly_isolated_transducer_spike
AWS-KOL-102,2025-03-27T07:00:00+00:00,pressure_hpa,-9.346307623809821,-10.792186445071303,-1.3000000000000682,1.1860799999999325,-8.046307623809753,-6.7839501752075835,0.3333333333333333,35.22465414274089,True,frozen_value,False,D_strongly_isolated_transducer_spike
AWS-KOL-102,2025-03-27T08:00:00+00:00,pressure_hpa,-9.14630762380989,-10.561246337395533,0.5,0.4330127018922193,-9.64630762380989,-22.277193213170317,-1.0,-192.36670662888554,True,frozen_value,True,B_likely_common_mode_with_phase_lag
AWS-MUM-102,2025-03-27T08:00:00+00:00,pressure_hpa,2.699999999999932,3.1176914536239004,0.5,2.075639999999966,2.199999999999932,1.0599140506060625,0.3333333333333333,4.298291102663679,False,normal,False,C_mixed_uncertain
AWS-MUM-101,2025-03-27T08:00:00+00:00,pressure_hpa,-3.423109881803839,-3.952666823450229,0.5,0.5930399999999663,-3.923109881803839,-6.615253409220394,-1.0,-14.06900132549896,False,normal,True,B_likely_common_mode_with_phase_lag
AWS-MUM-102,2025-03-27T09:00:00+00:00,pressure_hpa,2.8999999999999773,3.348631561299803,1.1999999999999318,1.0378200000000675,1.7000000000000455,1.63804898730024,0.3333333333333333,4.265064424268908,False,normal,False,C_mixed_uncertain
AWS-MUM-101,2025-03-27T09:00:00+00:00,pressure_hpa,-3.2231098818037935,-3.7217267157743263,1.1999999999999318,1.0378200000000675,-4.423109881803725,-4.261923919180048,-1.0,-2.156372872985334,False,normal,False,D_strongly_isolated_transducer_spike
AWS-KOL-102,2025-03-27T09:00:00+00:00,pressure_hpa,-9.046307623809867,-10.445776283557581,0.5,0.4330127018922193,-9.546307623809867,-22.046253105494415,-1.0,-188.46151691269407,True,frozen_value,True,B_likely_common_mode_with_phase_lag
AWS-MUM-101,2025-03-27T10:00:00+00:00,pressure_hpa,-3.2231098818037935,-3.7217267157743263,1.1999999999999318,1.0378200000000675,-4.423109881803725,-4.261923919180048,-1.0,-2.156372872985334,False,normal,False,D_strongly_isolated_transducer_spike
AWS-KOL-102,2025-03-27T10:00:00+00:00,pressure_hpa,-9.64630762380989,-11.138596606585159,0.5,0.4330127018922193,-10.14630762380989,-23.43189375154957,-1.0,-212.4926552098387,False,normal,True,B_likely_common_mode_with_phase_lag
AWS-MUM-102,2025-03-27T10:00:00+00:00,pressure_hpa,2.8999999999999773,3.348631561299803,1.1999999999999318,1.0378200000000675,1.7000000000000455,1.63804898730024,0.3333333333333333,4.265064424268908,False,normal,False,C_mixed_uncertain
AWS-KOL-102,2025-03-27T11:00:00+00:00,pressure_hpa,-10.64630762380989,-12.29329714496441,0.5,0.4330127018922193,-11.14630762380989,-25.74129482830807,-1.0,-255.74455237174487,False,normal,True,B_likely_common_mode_with_phase_lag
AWS-MUM-102,2025-03-27T11:00:00+00:00,pressure_hpa,2.3999999999999773,2.7712812921101775,1.1999999999999318,1.0378200000000675,1.2000000000000455,1.1562698733884176,0.3333333333333333,3.171519989947094,False,normal,False,A_strongly_common_mode
AWS-KOL-101,2025-03-27T12:00:00+00:00,pressure_hpa,-2.2000000000000455,-2.540341184434406,0.5,0.4330127018922193,-2.7000000000000455,-6.235382907248064,-1.0,-16.213333333333857,False,normal,False,D_strongly_isolated_transducer_spike
AWS-KOL-015,2025-03-27T12:00:00+00:00,pressure_hpa,-2.400000000000091,-2.771281292110309,0.6000000000000227,0.4330127018922193,-3.0000000000001137,-6.928203230275773,-1.0,-20.160000000001535,False,normal,False,D_strongly_isolated_transducer_spike
AWS-KOL-102,2025-03-27T12:00:00+00:00,pressure_hpa,-11.946307623809844,-13.794407844857384,0.5,0.4330127018922193,-12.446307623809844,-28.74351622809402,-1.0,-317.9520186822207,False,normal,True,B_likely_common_mode_with_phase_lag
AWS-KOL-103,2025-03-27T12:00:00+00:00,pressure_hpa,-2.3999999999999773,-2.7712812921101775,0.6000000000000227,0.4330127018922193,-3.0,-6.92820323027551,-1.0,-20.160000000000075,False,normal,True,B_likely_common_mode_with_phase_lag
AWS-KOL-103,2025-03-27T13:00:00+00:00,pressure_hpa,-3.5,-4.041451884327381,0.6000000000000227,0.4330127018922193,-4.100000000000023,-9.468544414709916,-1.0,-36.66000000000051,False,normal,True,B_likely_common_mode_with_phase_lag
AWS-KOL-101,2025-03-27T13:00:00+00:00,pressure_hpa,-3.300000000000068,-3.8105117766516092,0.5,0.4330127018922193,-3.800000000000068,-8.77572409168247,-1.0,-31.24666666666775,False,normal,False,D_strongly_isolated_transducer_spike
AWS-KOL-102,2025-03-27T13:00:00+00:00,pressure_hpa,-13.046307623809867,-15.064578437074587,0.5,0.4330127018922193,-13.546307623809867,-31.283857412528427,-1.0,-375.86910556031864,False,normal,True,B_likely_common_mode_with_phase_lag
AWS-KOL-015,2025-03-27T13:00:00+00:00,pressure_hpa,-3.5,-4.041451884327381,0.6000000000000227,0.4330127018922193,-4.100000000000023,-9.468544414709916,-1.0,-36.66000000000051,False,normal,False,D_strongly_isolated_transducer_spike
AWS-MUM-101,2025-03-27T13:00:00+00:00,pressure_hpa,-2.2999999999999545,-2.6558112382722263,1.1999999999999318,1.0378200000000675,-3.4999999999998863,-3.372453797382647,-1.0,-2.1600556410737903,True,frozen_value,False,D_strongly_isolated_transducer_spike
AWS-KOL-015,2025-03-27T14:00:00+00:00,pressure_hpa,-4.64995832334796,-5.369309379410971,0.6000000000000227,0.4330127018922193,-5.2499583233479825,-12.124259404877098,-1.0,-59.084091452460065,True,multivariate_inconsistency,False,D_strongly_isolated_transducer_spike
AWS-MUM-007,2025-03-27T14:00:00+00:00,pressure_hpa,-2.2999999999999545,-2.6558112382722263,0.10000000000002274,2.668679999999932,-2.3999999999999773,-0.8993210126354746,0.0,3.12227752478268,True,sensor_fail_low,True,B_likely_common_mode_with_phase_lag
AWS-MUM-103,2025-03-27T14:00:00+00:00,pressure_hpa,-2.699999999999932,-3.1176914536239004,0.10000000000002274,1.630859999999865,-2.7999999999999545,-1.716885569576902,0.0,3.3861519704890526,True,frozen_value,False,C_mixed_uncertain
AWS-MUM-101,2025-03-27T14:00:00+00:00,pressure_hpa,-3.1000000000000227,-3.579571668975706,1.1999999999999318,1.0378200000000675,-4.2999999999999545,-4.143300379641628,-1.0,-2.17680235130247,True,frozen_value,False,D_strongly_isolated_transducer_spike
AWS-KOL-102,2025-03-27T14:00:00+00:00,pressure_hpa,-14.196265947157826,-16.39243593215818,0.5,0.4330127018922193,-14.696265947157826,-33.93957240269561,-1.0,-441.5913095439534,True,multivariate_inconsistency,True,B_likely_common_mode_with_phase_lag
AWS-KOL-101,2025-03-27T14:00:00+00:00,pressure_hpa,-4.549958323347937,-5.25383932557302,0.5,0.4330127018922193,-5.049958323347937,-11.662379189525291,-1.0,-54.20413035066751,True,multivariate_inconsistency,False,D_strongly_isolated_transducer_spike
AWS-KOL-103,2025-03-27T14:00:00+00:00,pressure_hpa,-4.849958323347892,-5.600249487086743,0.6000000000000227,0.4330127018922193,-5.449958323347914,-12.58613962022864,-1.0,-63.5240581111369,True,multivariate_inconsistency,True,B_likely_common_mode_with_phase_lag
AWS-KOL-101,2025-03-27T15:00:00+00:00,pressure_hpa,-4.395269497589879,-5.075220055188937,0.5,0.4330127018922193,-4.895269497589879,-11.305140648757124,-1.0,-51.02417323979432,True,multivariate_inconsistency,False,D_strongly_isolated_transducer_spike
AWS-KOL-015,2025-03-27T15:00:00+00:00,pressure_hpa,-4.395269497589879,-5.075220055188937,0.6000000000000227,0.4330127018922193,-4.995269497589902,-11.536080756433027,-1.0,-53.661650305176195,True,multivariate_inconsistency,False,D_strongly_isolated_transducer_spike
AWS-MUM-007,2025-03-27T15:00:00+00:00,pressure_hpa,-3.2999999999999545,-3.8105117766514778,0.10000000000002274,2.668679999999932,-3.3999999999999773,-1.2740381012335924,0.0,6.448413458302352,True,sensor_fail_low,True,B_likely_common_mode_with_phase_lag
AWS-KOL-103,2025-03-27T15:00:00+00:00,pressure_hpa,-4.595269497589811,-5.306160162864708,0.6000000000000227,0.4330127018922193,-5.195269497589834,-11.99796097178457,-1.0,-57.89786590324667,True,multivariate_inconsistency,True,B_likely_common_mode_with_phase_lag
AWS-KOL-102,2025-03-27T15:00:00+00:00,pressure_hpa,-13.941577121399632,-16.098346607936012,0.5,0.4330127018922193,-14.441577121399632,-33.351393754251276,-1.0,-426.57935092093305,True,multivariate_inconsistency,True,B_likely_common_mode_with_phase_lag
AWS-MUM-103,2025-03-27T15:00:00+00:00,pressure_hpa,-3.2999999999999545,-3.8105117766514778,0.10000000000002274,1.630859999999865,-3.3999999999999773,-2.0847896202005436,0.0,5.086826119751837,True,frozen_value,False,C_mixed_uncertain
AWS-MUM-101,2025-03-27T15:00:00+00:00,pressure_hpa,-3.8999999999999773,-4.503332099679055,1.1999999999999318,1.0378200000000675,-5.099999999999909,-4.9141469619005,-1.0,-1.9344201815780764,True,frozen_value,False,D_strongly_isolated_transducer_spike
AWS-KOL-103,2025-03-27T16:00:00+00:00,pressure_hpa,-4.80655499600357,-5.550131641634803,0.6000000000000227,0.4330127018922193,-5.406554996003592,-12.485903929324762,-1.0,-62.546917846425835,True,multivariate_inconsistency,True,B_likely_common_mode_with_phase_lag
AWS-KOL-102,2025-03-27T16:00:00+00:00,pressure_hpa,-14.152862619813504,-16.34231808670624,0.5,0.4330127018922193,-14.652862619813504,-33.83933671179173,-1.0,-439.0146743234649,True,multivariate_inconsistency,True,B_likely_common_mode_with_phase_lag
AWS-MUM-103,2025-03-27T16:00:00+00:00,pressure_hpa,-3.699999999999932,-4.272391992003152,0.10000000000002274,1.630859999999865,-3.7999999999999545,-2.3300589872829485,0.0,6.412079224557312,True,drift,False,C_mixed_uncertain
AWS-KOL-015,2025-03-27T16:00:00+00:00,pressure_hpa,-4.706554996003661,-5.434661587796983,0.6000000000000227,0.4330127018922193,-5.306554996003683,-12.25496382164912,-1.0,-60.324295848026395,True,multivariate_inconsistency,False,D_strongly_isolated_transducer_spike
AWS-MUM-007,2025-03-27T16:00:00+00:00,pressure_hpa,-3.7999999999999545,-4.3878620458411035,0.10000000000002274,2.668679999999932,-3.8999999999999773,-1.4613966455326515,0.0,8.558826588879395,True,sensor_fail_low,True,B_likely_common_mode_with_phase_lag
AWS-MUM-101,2025-03-27T16:00:00+00:00,pressure_hpa,-4.2999999999999545,-4.96521231503073,1.1999999999999318,1.0378200000000675,-5.499999999999886,-5.299570253029937,-1.0,-1.7160557667334846,True,drift,False,D_strongly_isolated_transducer_spike
AWS-KOL-101,2025-03-27T16:00:00+00:00,pressure_hpa,-4.806554996003683,-5.550131641634935,0.5,0.4330127018922193,-5.306554996003683,-12.25496382164912,-1.0,-59.69008851522575,True,multivariate_inconsistency,False,D_strongly_isolated_transducer_spike
AWS-KOL-101,2025-03-27T17:00:00+00:00,pressure_hpa,-4.7000000000000455,-5.427092530382535,0.5,0.4330127018922193,-5.2000000000000455,-12.008885599144321,-1.0,-57.380000000000976,False,normal,False,D_strongly_isolated_transducer_spike
AWS-MUM-101,2025-03-27T17:00:00+00:00,pressure_hpa,-4.2999999999999545,-4.96521231503073,1.1999999999999318,1.0378200000000675,-5.499999999999886,-5.299570253029937,-1.0,-1.7160557667334846,True,drift,False,D_strongly_isolated_transducer_spike
AWS-KOL-102,2025-03-27T17:00:00+00:00,pressure_hpa,-14.046307623809867,-16.21927897545384,0.5,0.4330127018922193,-14.546307623809867,-33.59325848928693,-1.0,-432.7210027222248,False,normal,True,B_likely_common_mode_with_phase_lag
AWS-KOL-015,2025-03-27T17:00:00+00:00,pressure_hpa,-4.7000000000000455,-5.427092530382535,0.6000000000000227,0.4330127018922193,-5.300000000000068,-12.239825706820225,-1.0,-60.180000000001655,False,normal,False,D_strongly_isolated_transducer_spike
AWS-KOL-103,2025-03-27T17:00:00+00:00,pressure_hpa,-4.600000000000023,-5.311622476544583,0.6000000000000227,0.4330127018922193,-5.2000000000000455,-12.008885599144321,-1.0,-58.00000000000113,False,normal,True,B_likely_common_mode_with_phase_lag
AWS-MUM-007,2025-03-27T17:00:00+00:00,pressure_hpa,-3.7999999999999545,-4.3878620458411035,0.10000000000002274,2.668679999999932,-3.8999999999999773,-1.4613966455326515,0.0,8.558826588879395,True,sensor_fail_low,True,B_likely_common_mode_with_phase_lag
AWS-MUM-103,2025-03-27T17:00:00+00:00,pressure_hpa,-3.699999999999932,-4.272391992003152,0.10000000000002274,1.630859999999865,-3.7999999999999545,-2.3300589872829485,0.0,6.412079224557312,True,drift,False,C_mixed_uncertain
AWS-MUM-103,2025-03-27T18:00:00+00:00,pressure_hpa,-3.199999999999932,-3.695041722813526,0.10000000000002274,1.630859999999865,-3.2999999999999545,-2.0234722784299253,0.0,4.779446635879179,True,drift,False,C_mixed_uncertain
AWS-MUM-007,2025-03-27T18:00:00+00:00,pressure_hpa,-3.3999999999999773,-3.9259818304894294,0.10000000000002274,2.668679999999932,-3.5,-1.3115098100934128,0.0,6.8466376756809355,True,dropout,True,B_likely_common_mode_with_phase_lag
AWS-KOL-101,2025-03-27T18:00:00+00:00,pressure_hpa,-4.7000000000000455,-5.427092530382535,0.5,0.4330127018922193,-5.2000000000000455,-12.008885599144321,-1.0,-57.380000000000976,False,normal,False,D_strongly_isolated_transducer_spike
AWS-KOL-103,2025-03-27T18:00:00+00:00,pressure_hpa,-4.600000000000023,-5.311622476544583,0.6000000000000227,0.4330127018922193,-5.2000000000000455,-12.008885599144321,-1.0,-58.00000000000113,False,normal,True,B_likely_common_mode_with_phase_lag
AWS-KOL-015,2025-03-27T18:00:00+00:00,pressure_hpa,-4.600000000000023,-5.311622476544583,0.6000000000000227,0.4330127018922193,-5.2000000000000455,-12.008885599144321,-1.0,-58.00000000000113,False,normal,False,D_strongly_isolated_transducer_spike
AWS-KOL-102,2025-03-27T18:00:00+00:00,pressure_hpa,-14.046307623809867,-16.21927897545384,0.5,0.4330127018922193,-14.546307623809867,-33.59325848928693,-1.0,-432.7210027222248,False,normal,True,B_likely_common_mode_with_phase_lag
AWS-MUM-007,2025-03-27T19:00:00+00:00,pressure_hpa,-2.8999999999999773,-3.348631561299803,0.10000000000002274,2.668679999999932,-3.0,-1.1241512657943538,0.0,4.974808632473055,False,normal,True,B_likely_common_mode_with_phase_lag
AWS-KOL-103,2025-03-27T19:00:00+00:00,pressure_hpa,-4.0,-4.618802153517007,0.6000000000000227,0.4330127018922193,-4.600000000000023,-10.623244953089166,-1.0,-45.76000000000055,False,normal,True,B_likely_common_mode_with_phase_lag
AWS-KOL-015,2025-03-27T19:00:00+00:00,pressure_hpa,-4.0,-4.618802153517007,0.6000000000000227,0.4330127018922193,-4.600000000000023,-10.623244953089166,-1.0,-45.76000000000055,False,normal,False,D_strongly_isolated_transducer_spike
AWS-KOL-102,2025-03-27T19:00:00+00:00,pressure_hpa,-13.346307623809821,-15.410988598588311,0.5,0.4330127018922193,-13.846307623809821,-31.97667773555587,-1.0,-392.5046747088878,False,normal,True,B_likely_common_mode_with_phase_lag
AWS-KOL-101,2025-03-27T19:00:00+00:00,pressure_hpa,-4.100000000000023,-4.734272207354958,0.5,0.4330127018922193,-4.600000000000023,-10.623244953089166,-1.0,-45.22000000000043,False,normal,False,D_strongly_isolated_transducer_spike
AWS-MUM-103,2025-03-27T19:00:00+00:00,pressure_hpa,-2.2999999999999545,-2.6558112382722263,-2.8999999999999773,2.075639999999966,0.6000000000000227,0.2890674683471279,1.0,3.4848866660382187,True,drift,False,A_strongly_common_mode
AWS-KOL-015,2025-03-27T20:00:00+00:00,pressure_hpa,-2.900000000000091,-3.3486315612999347,0.6000000000000227,0.4330127018922193,-3.5000000000001137,-8.082903768655024,-1.0,-27.06000000000178,False,normal,False,D_strongly_isolated_transducer_spike
AWS-KOL-103,2025-03-27T20:00:00+00:00,pressure_hpa,-3.199999999999932,-3.695041722813526,0.6000000000000227,0.4330127018922193,-3.7999999999999545,-8.775724091682207,-1.0,-31.679999999999374,False,normal,True,B_likely_common_mode_with_phase_lag
AWS-KOL-102,2025-03-27T20:00:00+00:00,pressure_hpa,-12.346307623809821,-14.256288060209059,0.5,0.4330127018922193,-12.846307623809821,-29.66727665879737,-1.0,-338.45277754698196,False,normal,True,B_likely_common_mode_with_phase_lag
AWS-KOL-101,2025-03-27T20:00:00+00:00,pressure_hpa,-2.8999999999999773,-3.348631561299803,0.5,0.4330127018922193,-3.3999999999999773,-7.851963660978859,-1.0,-25.219999999999686,False,normal,False,D_strongly_isolated_transducer_spike
AWS-KOL-015,2025-03-27T21:00:00+00:00,pressure_hpa,-2.5,-2.886751345948129,0.6000000000000227,0.4330127018922193,-3.1000000000000227,-7.159143337951412,-1.0,-21.460000000000374,False,normal,False,D_strongly_isolated_transducer_spike
AWS-KOL-102,2025-03-27T21:00:00+00:00,pressure_hpa,-11.846307623809821,-13.678937791019433,0.5,0.4330127018922193,-12.346307623809821,-28.512576120418117,-1.0,-312.9268289660289,False,normal,True,B_likely_common_mode_with_phase_lag
AWS-MUM-101,2025-03-27T21:00:00+00:00,pressure_hpa,2.199999999999932,2.5403411844342747,0.6000000000000227,0.7413,1.599999999999909,2.158370430324982,1.0,0.8973852094158428,True,drift,False,C_mixed_uncertain
AWS-KOL-103,2025-03-27T21:00:00+00:00,pressure_hpa,-2.5,-2.886751345948129,0.6000000000000227,0.4330127018922193,-3.1000000000000227,-7.159143337951412,-1.0,-21.460000000000374,False,normal,True,B_likely_common_mode_with_phase_lag
AWS-KOL-101,2025-03-27T21:00:00+00:00,pressure_hpa,-2.5,-2.886751345948129,0.5,0.4330127018922193,-3.0,-6.92820323027551,-1.0,-19.833333333333336,False,normal,False,D_strongly_isolated_transducer_spike
AWS-KOL-015,2025-03-27T22:00:00+00:00,pressure_hpa,-2.5,-2.886751345948129,0.6000000000000227,0.4330127018922193,-3.1000000000000227,-7.159143337951412,-1.0,-21.460000000000374,True,dropout,False,D_strongly_isolated_transducer_spike
AWS-KOL-103,2025-03-27T22:00:00+00:00,pressure_hpa,-2.5,-2.886751345948129,0.6000000000000227,0.4330127018922193,-3.1000000000000227,-7.159143337951412,-1.0,-21.460000000000374,True,dropout,True,B_likely_common_mode_with_phase_lag
AWS-KOL-102,2025-03-27T22:00:00+00:00,pressure_hpa,-11.846307623809821,-13.678937791019433,0.5,0.4330127018922193,-12.346307623809821,-28.512576120418117,-1.0,-312.9268289660289,True,dropout,True,B_likely_common_mode_with_phase_lag
AWS-MUM-101,2025-03-27T22:00:00+00:00,pressure_hpa,2.599999999999909,3.0022213997859493,0.39999999999997726,0.44477999999993256,2.199999999999932,4.946265569495628,1.0,-7.726104875322602,True,drift,False,D_strongly_isolated_transducer_spike
AWS-KOL-101,2025-03-27T22:00:00+00:00,pressure_hpa,-2.3999999999999773,-2.7712812921101775,0.5,0.4330127018922193,-2.8999999999999773,-6.697263122599606,-1.0,-18.586666666666385,True,dropout,False,D_strongly_isolated_transducer_spike
AWS-KOL-102,2025-03-27T23:00:00+00:00,pressure_hpa,-12.046307623809867,-13.909877898695337,0.5,0.4330127018922193,-12.546307623809867,-28.974456335769922,-1.0,-323.0172083984124,False,normal,True,B_likely_common_mode_with_phase_lag
AWS-KOL-101,2025-03-27T23:00:00+00:00,pressure_hpa,-2.5,-2.886751345948129,0.5,0.4330127018922193,-3.0,-6.92820323027551,-1.0,-19.833333333333336,False,normal,False,D_strongly_isolated_transducer_spike
AWS-MUM-101,2025-03-27T23:00:00+00:00,pressure_hpa,2.699999999999932,3.1176914536239004,0.39999999999997726,0.44477999999993256,2.2999999999999545,5.1710958226545785,1.0,-8.510116003538062,True,drift,False,D_strongly_isolated_transducer_spike
AWS-KOL-103,2025-03-27T23:00:00+00:00,pressure_hpa,-2.699999999999932,-3.1176914536239004,0.40000000000009095,0.4330127018922193,-3.1000000000000227,-7.159143337951412,-0.3333333333333333,-20.766666666667287,False,normal,False,D_strongly_isolated_transducer_spike
AWS-KOL-015,2025-03-27T23:00:00+00:00,pressure_hpa,-2.6000000000000227,-3.0022213997860803,0.5,0.4330127018922193,-3.1000000000000227,-7.159143337951412,-0.3333333333333333,-21.120000000000296,False,normal,False,D_strongly_isolated_transducer_spike
AWS-KOL-015,2025-03-28T00:00:00+00:00,pressure_hpa,-3.0,-3.464101615137755,0.5,0.4330127018922193,-3.5,-8.082903768654761,-0.3333333333333333,-26.66666666666667,True,drift,False,D_strongly_isolated_transducer_spike
AWS-KOL-102,2025-03-28T00:00:00+00:00,pressure_hpa,-12.346307623809821,-14.256288060209059,0.40000000000009095,0.4330127018922193,-12.746307623809912,-29.43633655112173,-0.3333333333333333,-331.62808014762294,True,drift,True,B_likely_common_mode_with_phase_lag
AWS-MUM-101,2025-03-28T00:00:00+00:00,pressure_hpa,2.2999999999999545,2.6558112382722263,0.39999999999997726,0.44477999999993256,1.8999999999999773,4.271774810019033,1.0,-5.597363347090044,True,drift,False,D_strongly_isolated_transducer_spike
AWS-KOL-103,2025-03-28T00:00:00+00:00,pressure_hpa,-3.0,-3.464101615137755,0.40000000000009095,0.4330127018922193,-3.400000000000091,-7.851963660979121,-0.3333333333333333,-24.82666666666832,True,drift,True,B_likely_common_mode_with_phase_lag
AWS-KOL-102,2025-03-28T01:00:00+00:00,pressure_hpa,-12.946307623809844,-14.949108383236636,0.40000000000009095,0.4330127018922193,-13.346307623809935,-30.821977197176885,-0.3333333333333333,-363.259218444768,True,drift,True,B_likely_common_mode_with_phase_lag
AWS-KOL-015,2025-03-28T01:00:00+00:00,pressure_hpa,-3.5,-4.041451884327381,0.5,0.4330127018922193,-4.0,-9.237604307034013,-0.3333333333333333,-34.500000000000014,True,drift,False,D_strongly_isolated_transducer_spike
AWS-KOL-103,2025-03-28T01:00:00+00:00,pressure_hpa,-3.5,-4.041451884327381,0.40000000000009095,0.4330127018922193,-3.900000000000091,-9.006664199358372,-0.3333333333333333,-32.39333333333522,True,drift,False,D_strongly_isolated_transducer_spike
AWS-KOL-102,2025-03-28T02:00:00+00:00,pressure_hpa,-13.346307623809821,-15.410988598588311,-0.5,1.3343400000001349,-12.846307623809821,-9.627461984058428,0.3333333333333333,72.40527266566434,True,drift,False,D_strongly_isolated_transducer_spike
AWS-KOL-015,2025-03-28T02:00:00+00:00,pressure_hpa,-4.0,-4.618802153517007,-0.5,1.6995156830605418,-3.5,-2.059410239567245,0.3333333333333333,8.546081399249461,True,drift,False,C_mixed_uncertain
AWS-KOL-102,2025-03-28T03:00:00+00:00,pressure_hpa,-13.246307623809798,-15.29551854475036,0.10000000000002274,0.4447800000001011,-13.346307623809821,-30.006537217965707,0.0,-333.2196941301795,True,drift,False,D_strongly_isolated_transducer_spike
AWS-KOL-015,2025-03-28T03:00:00+00:00,pressure_hpa,-3.900000000000091,-4.503332099679186,0.10000000000002274,0.809955683060508,-4.000000000000114,-4.938541803775815,0.0,-2.054597573820166,True,drift,False,D_strongly_isolated_transducer_spike
AWS-KOL-015,2025-03-28T04:00:00+00:00,pressure_hpa,-3.400000000000091,-3.9259818304895604,0.6000000000000227,0.4330127018922193,-4.000000000000114,-9.237604307034275,-1.0,-34.960000000002005,True,drift,False,D_strongly_isolated_transducer_spike
AWS-KOL-102,2025-03-28T04:00:00+00:00,pressure_hpa,-12.746307623809798,-14.718168275560734,0.5,0.4330127018922193,-13.246307623809798,-30.59103708950072,-0.3333333333333333,-359.5935364117431,True,drift,False,D_strongly_isolated_transducer_spike
AWS-KOL-102,2025-03-28T05:00:00+00:00,pressure_hpa,-12.246307623809798,-14.140818006371108,0.39999999999997726,0.4330127018922193,-12.646307623809776,-29.205396443445565,-0.3333333333333333,-326.4962237647568,True,drift,False,D_strongly_isolated_transducer_spike
AWS-MUM-101,2025-03-28T06:00:00+00:00,pressure_hpa,2.199999999999932,2.5403411844342747,0.39999999999997726,0.4330127018922193,1.7999999999999545,4.156921938165201,0.3333333333333333,-5.4133333333331,True,drift,False,D_strongly_isolated_transducer_spike
AWS-KOL-102,2025-03-28T06:00:00+00:00,pressure_hpa,-11.546307623809867,-13.33252762950571,0.5,0.4330127018922193,-12.046307623809867,-27.819755797390673,-1.0,-298.0912598174594,True,drift,False,D_strongly_isolated_transducer_spike
AWS-MUM-101,2025-03-28T07:00:00+00:00,pressure_hpa,2.699999999999932,3.1176914536239004,0.8000000000000682,0.5930400000001348,1.8999999999998636,3.203831107512869,1.0,-0.27226688273381416,True,drift,False,D_strongly_isolated_transducer_spike
AWS-KOL-102,2025-03-28T07:00:00+00:00,pressure_hpa,-10.546307623809867,-12.177827091126458,0.5,0.4330127018922193,-11.046307623809867,-25.51035472063217,-1.0,-251.2393626555532,True,drift,False,D_strongly_isolated_transducer_spike
AWS-MUM-103,2025-03-28T08:00:00+00:00,pressure_hpa,-1008.6624565505634,-1164.7030816218742,0.39999999999997726,2.372160000000034,-1009.0624565505634,-425.3770641738116,-0.3333333333333333,587793.8108071795,True,sensor_fail_low,False,D_strongly_isolated_transducer_spike
AWS-MUM-102,2025-03-28T08:00:00+00:00,pressure_hpa,-1007.0624565505634,-1162.8555607604671,0.5,2.2239,-1007.5624565505634,-453.06104435926227,-0.3333333333333333,573484.3726378175,True,sensor_fail_low,False,D_strongly_isolated_transducer_spike
AWS-KOL-103,2025-03-28T08:00:00+00:00,pressure_hpa,2.2000000000000455,2.540341184434406,0.6463076238098893,0.4330127018922193,1.5536923761901562,3.5880988465250243,1.0,-3.2105599995503047,True,drift,True,B_likely_common_mode_with_phase_lag
AWS-KOL-102,2025-03-28T08:00:00+00:00,pressure_hpa,-10.246307623809798,-11.831416929612605,0.5,0.4330127018922193,-10.746307623809798,-24.81753439760446,-1.0,-237.96379350697845,True,drift,False,D_strongly_isolated_transducer_spike
AWS-MUM-101,2025-03-28T08:00:00+00:00,pressure_hpa,-1006.1624565505634,-1161.816330275926,0.5,0.4330127018922193,-1006.6624565505634,-2324.787361090231,-1.0,-2027409.5444945307,True,sensor_fail_low,False,D_strongly_isolated_transducer_spike
AWS-KOL-101,2025-03-28T08:00:00+00:00,pressure_hpa,2.199999999999932,2.5403411844342747,0.6463076238098893,0.4330127018922193,1.5536923761900425,3.5880988465247614,1.0,-3.2105599995496945,True,drift,False,D_strongly_isolated_transducer_spike
AWS-MUM-103,2025-03-28T09:00:00+00:00,pressure_hpa,-1008.6089676921177,-1164.6413180082295,0.39999999999997726,2.372160000000034,-1009.0089676921177,-425.3545155858388,-0.3333333333333333,587731.4678413412,True,sensor_fail_low,False,D_strongly_isolated_transducer_spike
AWS-MUM-102,2025-03-28T09:00:00+00:00,pressure_hpa,-1007.0089676921177,-1162.7937971468227,0.5,2.2239,-1007.5089676921177,-453.03699253209123,-0.3333333333333333,573423.4490403022,True,sensor_fail_low,False,D_strongly_isolated_transducer_spike
AWS-MUM-101,2025-03-28T09:00:00+00:00,pressure_hpa,-1006.1089676921177,-1161.7545666622814,0.5,0.4330127018922193,-1006.6089676921177,-2324.6638338629423,-1.0,-2027194.1336548442,True,sensor_fail_low,False,D_strongly_isolated_transducer_spike
AWS-KOL-102,2025-03-28T09:00:00+00:00,pressure_hpa,-9.72741770118796,-11.2322544566016,0.5,0.4330127018922193,-10.22741770118796,-23.61920945158245,-1.0,-215.8517574699376,True,drift,False,D_strongly_isolated_transducer_spike
AWS-KOL-103,2025-03-28T09:00:00+00:00,pressure_hpa,2.818934025726321,3.255024637161774,0.6463076238098893,0.4330127018922193,2.172626401916432,5.01746575197976,1.0,-7.28988859187984,True,drift,True,B_likely_common_mode_with_phase_lag
AWS-KOL-101,2025-03-28T09:00:00+00:00,pressure_hpa,2.7187043828937476,3.1392894146214414,0.6463076238098893,0.4330127018922193,2.0723967590838583,4.785995306899094,1.0,-6.5253065244529616,True,drift,False,D_strongly_isolated_transducer_spike
AWS-KOL-101,2025-03-28T10:00:00+00:00,pressure_hpa,2.671761194074975,3.0850840892191655,0.6463076238098893,0.4330127018922193,2.0254535702650855,4.6775846560945435,1.0,-6.181027188688931,True,drift,False,D_strongly_isolated_transducer_spike
AWS-MUM-102,2025-03-28T10:00:00+00:00,pressure_hpa,-1007.063461265443,-1162.8567209052796,0.5,2.2239,-1007.563461265443,-453.0614961398638,-0.3333333333333333,573485.5170350438,True,sensor_fail_low,False,D_strongly_isolated_transducer_spike
AWS-MUM-101,2025-03-28T10:00:00+00:00,pressure_hpa,-1006.1634612654431,-1161.8174904207383,0.5,0.4330127018922193,-1006.6634612654431,-2324.789681379856,-1.0,-2027413.5908013554,True,sensor_fail_low,False,D_strongly_isolated_transducer_spike
AWS-KOL-102,2025-03-28T10:00:00+00:00,pressure_hpa,-9.97383458842421,-11.516792168959038,0.5,0.4330127018922193,-10.47383458842421,-24.188284876297327,-1.0,-226.21831169695892,True,drift,False,D_strongly_isolated_transducer_spike
AWS-KOL-103,2025-03-28T10:00:00+00:00,pressure_hpa,2.4726422412586544,2.8551613272006477,0.6463076238098893,0.4330127018922193,1.8263346174487651,4.217739132057507,1.0,-4.818688590873523,True,drift,True,B_likely_common_mode_with_phase_lag
AWS-MUM-103,2025-03-28T10:00:00+00:00,pressure_hpa,-1008.6634612654431,-1164.7042417666864,0.39999999999997726,2.372160000000034,-1009.063461265443,-425.3774877181255,-0.3333333333333333,587794.9818659639,True,sensor_fail_low,False,D_strongly_isolated_transducer_spike
AWS-KOL-102,2025-03-28T11:00:00+00:00,pressure_hpa,-10.786764479373687,-12.455482751702984,0.5,0.4330127018922193,-11.286764479373687,-26.06566604178522,-1.0,-262.1399478119523,True,drift,False,D_strongly_isolated_transducer_spike
AWS-MUM-102,2025-03-28T11:00:00+00:00,pressure_hpa,-1007.1786020127827,-1162.9896739882222,0.5,2.2239,-1007.6786020127827,-453.11327038661034,-0.3333333333333333,573616.673001391,True,sensor_fail_low,False,D_strongly_isolated_transducer_spike
AWS-MUM-101,2025-03-28T11:00:00+00:00,pressure_hpa,-1006.2786020127827,-1161.9504435036808,0.5,0.4330127018922193,-1006.7786020127827,-2325.0555875457408,-1.0,-2027877.3260096344,True,sensor_fail_low,False,D_strongly_isolated_transducer_spike
AWS-MUM-103,2025-03-28T11:00:00+00:00,pressure_hpa,-1008.7786020127827,-1164.837194849629,0.39999999999997726,2.372160000000034,-1009.1786020127827,-425.4260260744504,-0.3333333333333333,587929.1934218268,True,sensor_fail_low,False,D_strongly_isolated_transducer_spike
AWS-KOL-102,2025-03-28T12:00:00+00:00,pressure_hpa,-11.766829036841614,-13.587163823857622,0.5,0.4330127018922193,-12.266829036841614,-28.329028186094494,-1.0,-308.9614085960955,True,drift,False,D_strongly_isolated_transducer_spike
AWS-KOL-102,2025-03-28T13:00:00+00:00,pressure_hpa,-13.01445520953132,-15.027798437158472,0.5,0.4330127018922193,-13.51445520953132,-31.210297412696193,-1.0,-374.123969360544,True,drift,False,D_strongly_isolated_transducer_spike
AWS-KOL-015,2025-03-28T13:00:00+00:00,pressure_hpa,-2.2707556790639956,-2.6220428051429385,0.5,0.4330127018922193,-2.7707556790639956,-6.398786148665129,-1.0,-17.034677852173434,True,drift,False,D_strongly_isolated_transducer_spike
AWS-MUM-103,2025-03-28T13:00:00+00:00,pressure_hpa,-2.800000000000068,-3.233161507461983,0.39999999999997726,2.372160000000034,-3.2000000000000455,-1.3489815189531902,-0.3333333333333333,4.316791097428293,True,drift,False,C_mixed_uncertain
AWS-MUM-007,2025-03-28T14:00:00+00:00,pressure_hpa,-3.0,-3.464101615137755,0.39999999999997726,0.4330127018922193,-3.3999999999999773,-7.851963660978859,-0.3333333333333333,-24.826666666666263,True,drift,False,D_strongly_isolated_transducer_spike
AWS-KOL-015,2025-03-28T14:00:00+00:00,pressure_hpa,-2.9873829661945592,-3.4495327194098633,0.5,0.4330127018922193,-3.4873829661945592,-8.053765977198978,-1.0,-26.4819352166043,True,drift,False,D_strongly_isolated_transducer_spike
AWS-KOL-102,2025-03-28T14:00:00+00:00,pressure_hpa,-13.729968321987258,-15.854001813328756,0.5,0.4330127018922193,-14.229968321987258,-32.86270416503677,-1.0,-414.30397577084676,True,drift,False,D_strongly_isolated_transducer_spike
AWS-MUM-103,2025-03-28T14:00:00+00:00,pressure_hpa,-4.300000000000068,-4.96521231503086,0.39999999999997726,2.372160000000034,-4.7000000000000455,-1.9813166059624892,-0.3333333333333333,10.363858920135698,True,dropout,False,C_mixed_uncertain
AWS-MUM-102,2025-03-28T14:00:00+00:00,pressure_hpa,-2.6000000000000227,-3.0022213997860803,0.5,2.2239,-3.1000000000000227,-1.3939475695849737,-0.3333333333333333,3.5351217532908183,True,dropout,False,C_mixed_uncertain
AWS-KOL-102,2025-03-28T15:00:00+00:00,pressure_hpa,-13.613630967371137,-15.719667007319904,0.5,0.4330127018922193,-14.113630967371137,-32.59403455301906,-1.0,-407.6315788111891,True,drift,False,D_strongly_isolated_transducer_spike
AWS-MUM-103,2025-03-28T15:00:00+00:00,pressure_hpa,-5.2000000000000455,-6.0044427995721605,0.39999999999997726,2.372160000000034,-5.600000000000023,-2.360717658168059,-0.3333333333333333,15.240172735873742,True,drift,False,C_mixed_uncertain
AWS-KOL-015,2025-03-28T15:00:00+00:00,pressure_hpa,-2.872352141299416,-3.3167065639732316,0.5,0.4330127018922193,-3.372352141299416,-7.788113666325716,-1.0,-24.82708602405313,True,drift,False,D_strongly_isolated_transducer_spike
AWS-MUM-102,2025-03-28T15:00:00+00:00,pressure_hpa,-3.5,-4.041451884327381,0.5,2.2239,-4.0,-1.7986420252709205,-0.3333333333333333,6.549110099131329,True,drift,False,C_mixed_uncertain
AWS-MUM-007,2025-03-28T15:00:00+00:00,pressure_hpa,-4.0,-4.618802153517007,0.39999999999997726,0.4330127018922193,-4.399999999999977,-10.161364737737362,-0.3333333333333333,-40.95999999999947,True,drift,False,D_strongly_isolated_transducer_spike
AWS-MUM-102,2025-03-28T16:00:00+00:00,pressure_hpa,-3.8999999999999773,-4.503332099679055,0.5,2.2239,-4.399999999999977,-1.9785062277980023,-0.3333333333333333,8.182756553282141,True,drift,False,C_mixed_uncertain
AWS-MUM-101,2025-03-28T16:00:00+00:00,pressure_hpa,-2.400000000000091,-2.771281292110309,0.5,0.4330127018922193,-2.900000000000091,-6.697263122599869,-1.0,-18.586666666667785,True,drift,False,D_strongly_isolated_transducer_spike
AWS-MUM-103,2025-03-28T16:00:00+00:00,pressure_hpa,-5.600000000000023,-6.4663230149238355,0.39999999999997726,2.372160000000034,-6.0,-2.529340348037196,-0.3333333333333333,17.70788536856238,True,drift,False,C_mixed_uncertain
AWS-KOL-015,2025-03-28T16:00:00+00:00,pressure_hpa,-2.925881844921264,-3.3785173415646614,0.5,0.4330127018922193,-3.425881844921264,-7.911735221508574,-1.0,-25.59058739400309,True,drift,False,D_strongly_isolated_transducer_spike
AWS-MUM-007,2025-03-28T16:00:00+00:00,pressure_hpa,-4.399999999999977,-5.080682368868681,0.39999999999997726,0.4330127018922193,-4.7999999999999545,-11.08512516844071,-0.3333333333333333,-48.53333333333231,True,drift,False,D_strongly_isolated_transducer_spike
AWS-KOL-102,2025-03-28T16:00:00+00:00,pressure_hpa,-13.565663114688391,-15.66427850200224,0.5,0.4330127018922193,-14.065663114688391,-32.48325754238373,-1.0,-404.89619978827005,True,drift,False,D_strongly_isolated_transducer_spike
AWS-MUM-103,2025-03-28T17:00:00+00:00,pressure_hpa,-5.300000000000068,-6.119912853410113,0.39999999999997726,2.372160000000034,-5.7000000000000455,-2.402873330635355,-0.3333333333333333,15.83976654512783,True,drift,False,C_mixed_uncertain
AWS-MUM-102,2025-03-28T17:00:00+00:00,pressure_hpa,-3.7000000000000455,-4.272391992003284,0.5,2.2239,-4.2000000000000455,-1.8885741265344869,-0.3333333333333333,7.343310550959144,True,drift,False,C_mixed_uncertain
AWS-MUM-101,2025-03-28T17:00:00+00:00,pressure_hpa,-2.2000000000000455,-2.540341184434406,0.5,0.4330127018922193,-2.7000000000000455,-6.235382907248064,-1.0,-16.213333333333857,True,drift,False,D_strongly_isolated_transducer_spike
AWS-KOL-015,2025-03-28T17:00:00+00:00,pressure_hpa,-2.448160052766866,-2.826891730968477,0.5,0.4330127018922193,-2.948160052766866,-6.808484000316207,-1.0,-19.182068761971912,True,drift,False,D_strongly_isolated_transducer_spike
AWS-KOL-102,2025-03-28T17:00:00+00:00,pressure_hpa,-13.086253881787911,-15.110704402668071,0.5,0.4330127018922193,-13.586253881787911,-31.376109343715395,-1.0,-378.06342500198616,True,drift,False,D_strongly_isolated_transducer_spike
AWS-MUM-007,2025-03-28T17:00:00+00:00,pressure_hpa,-4.2999999999999545,-4.96521231503073,0.39999999999997726,0.4330127018922193,-4.699999999999932,-10.854185060764808,-0.3333333333333333,-46.57999999999856,True,drift,False,D_strongly_isolated_transducer_spike
AWS-MUM-102,2025-03-28T18:00:00+00:00,pressure_hpa,-3.1000000000000227,-3.579571668975706,0.5,2.2239,-3.6000000000000227,-1.6187778227438387,-0.3333333333333333,5.096445846963119,True,drift,False,C_mixed_uncertain
AWS-KOL-102,2025-03-28T18:00:00+00:00,pressure_hpa,-12.77556902756271,-14.751956434227953,0.5,0.4330127018922193,-13.27556902756271,-30.65861340683516,-1.0,-361.1651786962065,True,drift,False,D_strongly_isolated_transducer_spike
AWS-MUM-103,2025-03-28T18:00:00+00:00,pressure_hpa,-4.800000000000068,-5.542562584220486,0.39999999999997726,2.372160000000034,-5.2000000000000455,-2.1920949682989224,-0.3333333333333333,12.957359824979712,True,drift,False,C_mixed_uncertain
AWS-MUM-007,2025-03-28T18:00:00+00:00,pressure_hpa,-4.0,-4.618802153517007,0.39999999999997726,0.4330127018922193,-4.399999999999977,-10.161364737737362,-0.3333333333333333,-40.95999999999947,True,drift,False,D_strongly_isolated_transducer_spike
AWS-KOL-102,2025-03-28T19:00:00+00:00,pressure_hpa,-11.233756015705353,-12.971624119356127,0.5,0.4330127018922193,-11.733756015705353,-27.097948777091506,-1.0,-283.0178978160068,True,drift,False,D_strongly_isolated_transducer_spike
AWS-MUM-102,2025-03-28T19:00:00+00:00,pressure_hpa,-2.6000000000000227,-3.0022213997860803,0.5,2.2239,-3.1000000000000227,-1.3939475695849737,-0.3333333333333333,3.5351217532908183,True,drift,False,C_mixed_uncertain
AWS-MUM-007,2025-03-28T19:00:00+00:00,pressure_hpa,-3.6000000000000227,-4.156921938165332,0.39999999999997726,0.4330127018922193,-4.0,-9.237604307034013,-0.3333333333333333,-34.02666666666657,True,drift,False,D_strongly_isolated_transducer_spike
AWS-MUM-103,2025-03-28T19:00:00+00:00,pressure_hpa,-4.100000000000023,-4.734272207354958,0.39999999999997726,2.372160000000034,-4.5,-1.897005261027897,-0.3333333333333333,9.407352186483033,True,drift,False,C_mixed_uncertain
AWS-MUM-007,2025-03-28T20:00:00+00:00,pressure_hpa,-2.6000000000000227,-3.0022213997860803,0.39999999999997726,0.4330127018922193,-3.0,-6.92820323027551,-0.3333333333333333,-19.493333333333258,True,drift,False,D_strongly_isolated_transducer_spike
AWS-KOL-102,2025-03-28T20:00:00+00:00,pressure_hpa,-9.860947597222548,-11.386441499442464,0.5,0.4330127018922193,-10.360947597222548,-23.92758353726418,-1.0,-221.43910195626518,True,drift,False,D_strongly_isolated_transducer_spike
AWS-MUM-103,2025-03-28T20:00:00+00:00,pressure_hpa,-3.1000000000000227,-3.579571668975706,0.39999999999997726,2.372160000000034,-3.5,-1.475448536355031,-0.3333333333333333,5.318192474950659,True,drift,False,C_mixed_uncertain
AWS-KOL-101,2025-03-28T20:00:00+00:00,pressure_hpa,2.3619306531833217,2.727322596845239,0.6463076238098893,0.4330127018922193,1.7156230293734325,3.96206167134669,1.0,-4.129822070145934,True,drift,False,D_strongly_isolated_transducer_spike
AWS-KOL-103,2025-03-28T20:00:00+00:00,pressure_hpa,2.590929227927404,2.9917473743903122,0.6463076238098893,0.4330127018922193,1.9446216041175148,4.490911226436836,1.0,-5.608865645782539,True,drift,True,B_likely_common_mode_with_phase_lag
AWS-KOL-101,2025-03-28T21:00:00+00:00,pressure_hpa,3.461648774423793,3.99716770350703,0.6463076238098893,0.4330127018922193,2.8153411506139037,6.501751884670273,1.0,-13.14771395992689,True,drift,False,D_strongly_isolated_transducer_spike
AWS-KOL-102,2025-03-28T21:00:00+00:00,pressure_hpa,-8.657264437844105,-9.996547907270138,0.670954082799426,0.4330127018922193,-9.328218520643532,-21.542597895812783,-1.0,-182.07627701916516,True,drift,False,D_strongly_isolated_transducer_spike
AWS-MUM-103,2025-03-28T21:00:00+00:00,pressure_hpa,-2.400000000000091,-2.771281292110309,0.39999999999997726,2.372160000000034,-2.800000000000068,-1.1803588290840534,-0.3333333333333333,3.1433765173019528,True,dropout,False,C_mixed_uncertain
AWS-KOL-103,2025-03-28T21:00:00+00:00,pressure_hpa,3.69555488351898,4.267259213609439,0.670954082799426,0.4330127018922193,3.024600800719554,6.985016345946369,1.0,-15.290476078501662,True,drift,False,D_strongly_isolated_transducer_spike
AWS-KOL-103,2025-03-28T22:00:00+00:00,pressure_hpa,4.331016542150678,5.001027132950832,0.670954082799426,0.4330127018922193,3.660062459351252,8.452552184629157,1.0,-23.21768302468436,True,drift,False,D_strongly_isolated_transducer_spike
AWS-KOL-102,2025-03-28T22:00:00+00:00,pressure_hpa,-8.02281710185514,-9.263951226830397,3.461648774423793,1.2889246524318798,-11.484465876278932,-8.910114221658034,-1.0,3.2153284450498276,True,drift,False,D_strongly_isolated_transducer_spike
AWS-KOL-102,2025-03-28T23:00:00+00:00,pressure_hpa,-7.757707586438528,-8.957829126649372,3.461648774423793,1.2889246524318798,-11.21935636086232,-8.704431511721177,-1.0,2.2377873600016187,True,drift,False,D_strongly_isolated_transducer_spike
AWS-KOL-015,2025-03-28T23:00:00+00:00,pressure_hpa,2.1953693320907632,2.5349941497065025,3.461648774423793,1.2889246524318798,-1.2662794423330297,-0.9824309279397176,1.0,2.7305124054368495,True,drift,False,A_strongly_common_mode
AWS-MUM-103,2025-03-29T00:00:00+00:00,pressure_hpa,-2.300000000000068,-2.6558112382723573,0.39999999999997726,2.372160000000034,-2.7000000000000455,-1.1382031566167572,-0.3333333333333333,2.878913453800701,True,drift,False,C_mixed_uncertain
AWS-KOL-102,2025-03-29T00:00:00+00:00,pressure_hpa,-7.562030532599692,-8.731880727233204,3.461648774423793,1.2889246524318798,-11.023679307023485,-8.552617320356584,-1.0,1.5492390030816168,True,drift,False,D_strongly_isolated_transducer_spike
AWS-KOL-015,2025-03-29T00:00:00+00:00,pressure_hpa,2.388052835398412,2.7574858947126444,3.461648774423793,1.2889246524318798,-1.073595939025381,-0.8329392544395616,1.0,3.45497032897643,True,drift,False,A_strongly_common_mode
AWS-MUM-007,2025-03-29T01:00:00+00:00,pressure_hpa,-2.6000000000000227,-3.0022213997860803,0.39999999999997726,0.4330127018922193,-3.0,-6.92820323027551,-0.3333333333333333,-19.493333333333258,True,drift,False,D_strongly_isolated_transducer_spike
AWS-KOL-015,2025-03-29T01:00:00+00:00,pressure_hpa,2.4110315459870435,2.7840194242005984,3.461648774423793,1.2889246524318798,-1.0506172284367494,-0.815111439178773,1.0,3.5431787480230708,True,drift,False,A_strongly_common_mode
AWS-KOL-102,2025-03-29T01:00:00+00:00,pressure_hpa,-7.535874197458384,-8.701677992963505,3.461648774423793,1.2889246524318798,-10.997522971882177,-8.532324175142891,-1.0,1.4593220317487763,True,drift,False,D_strongly_isolated_transducer_spike
AWS-MUM-103,2025-03-29T01:00:00+00:00,pressure_hpa,-3.0,-3.464101615137755,0.39999999999997726,2.372160000000034,-3.3999999999999773,-1.4332928638877347,-0.3333333333333333,4.972835783164249,True,drift,False,C_mixed_uncertain
AWS-MUM-102,2025-03-29T02:00:00+00:00,pressure_hpa,-2.300000000000068,-2.6558112382723573,0.5,2.2239,-2.800000000000068,-1.259049417689675,-0.3333333333333333,2.734063948574521,True,drift,False,C_mixed_uncertain
AWS-KOL-102,2025-03-29T02:00:00+00:00,pressure_hpa,-7.479321246636232,-8.636376270202232,3.461648774423793,1.2889246524318798,-10.940970021060025,-8.488448103166574,-1.0,1.2666219401800092,True,drift,False,D_strongly_isolated_transducer_spike
AWS-KOL-015,2025-03-29T02:00:00+00:00,pressure_hpa,2.464223297478611,2.845439968285247,3.461648774423793,1.2889246524318798,-0.9974254769451818,-0.7738431219104145,1.0,3.748847717893545,True,drift,False,A_strongly_common_mode
AWS-MUM-007,2025-03-29T02:00:00+00:00,pressure_hpa,-3.2999999999999545,-3.8105117766514778,0.39999999999997726,0.4330127018922193,-3.699999999999932,-8.544783984006305,-0.3333333333333333,-29.246666666665526,True,drift,False,D_strongly_isolated_transducer_spike
AWS-MUM-103,2025-03-29T02:00:00+00:00,pressure_hpa,-3.7000000000000455,-4.272391992003284,0.39999999999997726,2.372160000000034,-4.100000000000023,-1.7283825711587602,-0.3333333333333333,7.633013510524211,True,drift,False,C_mixed_uncertain
AWS-MUM-103,2025-03-29T03:00:00+00:00,pressure_hpa,-4.2000000000000455,-4.849742261192909,0.39999999999997726,2.372160000000034,-4.600000000000023,-1.9391609334951931,-0.3333333333333333,9.879827437003282,True,drift,False,C_mixed_uncertain
AWS-MUM-007,2025-03-29T03:00:00+00:00,pressure_hpa,-3.8999999999999773,-4.503332099679055,0.39999999999997726,0.4330127018922193,-4.2999999999999545,-9.93042463006146,-0.3333333333333333,-39.166666666665755,True,drift,False,D_strongly_isolated_transducer_spike
AWS-KOL-102,2025-03-29T03:00:00+00:00,pressure_hpa,-6.892449408459697,-7.958715042700167,3.461648774423793,1.2889246524318798,-10.35409818288349,-8.033129138579113,-1.0,-0.5950093130934455,True,drift,False,D_strongly_isolated_transducer_spike
AWS-KOL-015,2025-03-29T03:00:00+00:00,pressure_hpa,2.947550830972773,3.4035385314244713,3.461648774423793,1.2889246524318798,-0.51409794345102,-0.39885802671323356,1.0,5.712493404708736,True,drift,False,A_strongly_common_mode
AWS-MUM-102,2025-03-29T03:00:00+00:00,pressure_hpa,-2.7000000000000455,-3.117691453624032,0.5,2.2239,-3.2000000000000455,-1.4389136202167567,-0.3333333333333333,3.8247637967775185,True,drift,False,C_mixed_uncertain
AWS-MUM-103,2025-03-29T04:00:00+00:00,pressure_hpa,-4.2000000000000455,-4.849742261192909,0.39999999999997726,2.372160000000034,-4.600000000000023,-1.9391609334951931,-0.3333333333333333,9.879827437003282,True,drift,False,C_mixed_uncertain
AWS-KOL-015,2025-03-29T04:00:00+00:00,pressure_hpa,3.8609412520256683,4.458230942364701,3.461648774423793,1.2889246524318798,0.39929247760187536,0.30978729194798926,1.0,9.889927484602792,True,drift,False,A_strongly_common_mode
AWS-MUM-007,2025-03-29T04:00:00+00:00,pressure_hpa,-4.0,-4.618802153517007,0.39999999999997726,0.4330127018922193,-4.399999999999977,-10.161364737737362,-0.3333333333333333,-40.95999999999947,True,drift,False,D_strongly_isolated_transducer_spike
AWS-MUM-102,2025-03-29T04:00:00+00:00,pressure_hpa,-2.800000000000068,-3.233161507461983,0.5,2.2239,-3.300000000000068,-1.48387967084854,-0.3333333333333333,4.125717227888136,True,drift,False,C_mixed_uncertain
AWS-KOL-102,2025-03-29T04:00:00+00:00,pressure_hpa,-5.975332020280121,-6.899719100812236,3.461648774423793,1.2889246524318798,-9.436980794703913,-7.321592287725028,-1.0,-2.9997949787806952,True,drift,False,D_strongly_isolated_transducer_spike
AWS-KOL-101,2025-03-29T04:00:00+00:00,pressure_hpa,2.7457679105303896,3.1705396845539138,0.670954082799426,0.4330127018922193,2.0748138277309636,4.791577287835318,1.0,-6.453445506984019,True,drift,False,D_strongly_isolated_transducer_spike
AWS-KOL-102,2025-03-29T05:00:00+00:00,pressure_hpa,-4.528038489343771,-5.228528481447226,3.461648774423793,1.2889246524318798,-7.989687263767564,-6.198723291305674,-1.0,-5.543330180435305,True,drift,False,D_strongly_isolated_transducer_spike
AWS-KOL-015,2025-03-29T05:00:00+00:00,pressure_hpa,5.404325572563266,6.240377648215561,3.461648774423793,1.2889246524318798,1.9426767981394732,1.5072074185827122,1.0,18.335319494858805,True,drift,False,C_mixed_uncertain
AWS-MUM-102,2025-03-29T05:00:00+00:00,pressure_hpa,-2.3999999999999773,-2.7712812921101775,0.5,2.2239,-2.8999999999999773,-1.3040154683214071,-0.3333333333333333,2.989771829189178,True,drift,False,C_mixed_uncertain
AWS-MUM-007,2025-03-29T05:00:00+00:00,pressure_hpa,-3.699999999999932,-4.272391992003152,0.39999999999997726,0.4330127018922193,-4.099999999999909,-9.468544414709653,-0.3333333333333333,-35.69999999999835,True,drift,False,D_strongly_isolated_transducer_spike
AWS-MUM-103,2025-03-29T05:00:00+00:00,pressure_hpa,-3.900000000000091,-4.503332099679186,0.39999999999997726,2.372160000000034,-4.300000000000068,-1.8126939160933524,-0.3333333333333333,8.497070383279546,True,drift,False,C_mixed_uncertain
AWS-KOL-103,2025-03-29T05:00:00+00:00,pressure_hpa,3.5038719175164488,4.045922789568184,0.670954082799426,0.4330127018922193,2.8329178347170227,6.542343497863859,1.0,-13.216383612447162,True,drift,False,D_strongly_isolated_transducer_spike
AWS-KOL-101,2025-03-29T05:00:00+00:00,pressure_hpa,4.2867036247561146,4.949858983378175,0.670954082799426,0.4330127018922193,3.6157495419566885,8.350215885483841,1.0,-22.612500689428536,True,drift,False,D_strongly_isolated_transducer_spike
AWS-KOL-015,2025-03-29T06:00:00+00:00,pressure_hpa,7.177638320933397,8.288022833473342,3.461648774423793,1.2889246524318798,3.7159895465096042,2.883015341120567,1.0,30.18977251551947,True,drift,False,C_mixed_uncertain
AWS-KOL-101,2025-03-29T06:00:00+00:00,pressure_hpa,6.1574538645400025,7.110015292429744,0.670954082799426,0.4330127018922193,5.4864997817405765,12.670528503586981,1.0,-54.99498755081266,True,drift,False,D_strongly_isolated_transducer_spike
AWS-MUM-103,2025-03-29T06:00:00+00:00,pressure_hpa,-3.300000000000068,-3.8105117766516092,0.39999999999997726,2.372160000000034,-3.7000000000000455,-1.5597598812896232,-0.3333333333333333,6.043574556359992,False,normal,False,C_mixed_uncertain
AWS-MUM-007,2025-03-29T06:00:00+00:00,pressure_hpa,-3.1000000000000227,-3.579571668975706,0.39999999999997726,0.4330127018922193,-3.5,-8.082903768654761,-0.3333333333333333,-26.259999999999913,True,drift,False,D_strongly_isolated_transducer_spike
AWS-KOL-103,2025-03-29T06:00:00+00:00,pressure_hpa,5.482857285176124,6.331058259049472,0.670954082799426,0.4330127018922193,4.811903202376698,11.112614436826435,1.0,-41.70395047104239,True,drift,False,D_strongly_isolated_transducer_spike
AWS-KOL-102,2025-03-29T06:00:00+00:00,pressure_hpa,-2.650634685109253,-3.0606892979423725,3.461648774423793,1.2889246524318798,-6.112283459533046,-4.742157307644546,-1.0,-6.560118475953798,True,drift,False,D_strongly_isolated_transducer_spike
AWS-MUM-007,2025-03-29T07:00:00+00:00,pressure_hpa,-2.5,-2.886751345948129,0.39999999999997726,0.4330127018922193,-2.8999999999999773,-6.697263122599606,-0.3333333333333333,-18.259999999999646,True,drift,False,D_strongly_isolated_transducer_spike
AWS-MUM-103,2025-03-29T07:00:00+00:00,pressure_hpa,-3.091960060767292,-3.5702879468151356,0.39999999999997726,2.372160000000034,-3.491960060767269,-1.472059245905512,-0.3333333333333333,5.2899987998587665,True,multivariate_inconsistency,False,C_mixed_uncertain
AWS-KOL-103,2025-03-29T07:00:00+00:00,pressure_hpa,7.491960411193986,8.650970720321736,0.670954082799426,0.4330127018922193,6.82100632839456,15.752439359370962,1.0,-86.65002568339773,True,drift,False,D_strongly_isolated_transducer_spike
AWS-KOL-015,2025-03-29T07:00:00+00:00,pressure_hpa,9.28081720725072,10.716564625811829,3.461648774423793,1.2889246524318798,5.8191684328269275,4.514746786670273,1.0,47.23090941572593,True,drift,False,D_strongly_isolated_transducer_spike
AWS-KOL-101,2025-03-29T07:00:00+00:00,pressure_hpa,8.257956577061236,9.535466905445091,0.670954082799426,0.4330127018922193,7.58700249426181,17.521431729617674,1.0,-108.03772037540722,True,drift,False,D_strongly_isolated_transducer_spike
AWS-KOL-103,2025-03-29T08:00:00+00:00,pressure_hpa,9.131121397715788,10.543710793948724,0.670954082799426,0.4330127018922193,8.460167314916362,19.53791950662494,1.0,-135.2802306704623,True,drift,False,D_strongly_isolated_transducer_spike
AWS-KOL-015,2025-03-29T08:00:00+00:00,pressure_hpa,10.81380283408123,12.486703954440673,3.461648774423793,1.2889246524318798,7.352154059657437,5.704099185150779,1.0,61.69051406590327,True,drift,False,D_strongly_isolated_transducer_spike
AWS-KOL-101,2025-03-29T08:00:00+00:00,pressure_hpa,9.68815259094174,11.18691501266077,0.670954082799426,0.4330127018922193,9.017198508142314,20.82432794404903,1.0,-154.25278341040325,True,drift,False,D_strongly_isolated_transducer_spike
AWS-KOL-103,2025-03-29T09:00:00+00:00,pressure_hpa,10.200283009790837,11.778272283026213,0.670954082799426,0.4330127018922193,9.529328926991411,22.007042484779916,1.0,-172.7911104769023,True,drift,False,D_strongly_isolated_transducer_spike
AWS-MUM-101,2025-03-29T09:00:00+00:00,pressure_hpa,2.4530752232534496,2.832567280975561,0.39999999999997726,2.372160000000034,2.0530752232534724,0.8654876666217469,0.3333333333333333,3.6371842500894633,True,multivariate_inconsistency,False,C_mixed_uncertain
AWS-MUM-103,2025-03-29T09:00:00+00:00,pressure_hpa,2.2762878693060884,2.6284308281939,0.39999999999997726,1.1587662632956355,1.8762878693061111,1.6192116811977073,0.3333333333333333,2.1434010750364827,True,multivariate_inconsistency,False,C_mixed_uncertain
AWS-KOL-101,2025-03-29T09:00:00+00:00,pressure_hpa,10.947985365409636,12.641644595606675,0.670954082799426,0.4330127018922193,10.27703128261021,23.733787109940838,1.0,-201.7407362491812,True,drift,False,D_strongly_isolated_transducer_spike
AWS-KOL-015,2025-03-29T09:00:00+00:00,pressure_hpa,11.976538444646962,13.829315389953653,3.461648774423793,1.2889246524318798,8.51488967022317,6.606196610606907,1.0,73.8040652484074,True,drift,False,D_strongly_isolated_transducer_spike
AWS-KOL-015,2025-03-29T10:00:00+00:00,pressure_hpa,12.668969702350182,14.628866136014182,3.461648774423793,1.2889246524318798,9.20732092792639,7.143412852376179,1.0,81.48768862296465,True,dropout,False,D_strongly_isolated_transducer_spike
AWS-KOL-101,2025-03-29T10:00:00+00:00,pressure_hpa,11.737400770662816,13.553182989057397,0.670954082799426,0.4330127018922193,11.06644668786339,25.556863896842284,1.0,-234.7322615534229,True,dropout,False,D_strongly_isolated_transducer_spike
AWS-KOL-102,2025-03-29T10:00:00+00:00,pressure_hpa,2.7588720595690575,3.1856710525038654,3.461648774423793,1.2889246524318798,-0.7027767148547355,-0.5452426668453977,1.0,4.925605244506202,True,dropout,False,A_strongly_common_mode
AWS-KOL-103,2025-03-29T10:00:00+00:00,pressure_hpa,10.99939045303961,12.701002077968438,0.670954082799426,0.4330127018922193,10.328436370240183,23.852502074664365,1.0,-203.81320071865463,True,dropout,False,D_strongly_isolated_transducer_spike
AWS-KOL-015,2025-03-29T11:00:00+00:00,pressure_hpa,12.691044496644167,14.654355912870058,3.461648774423793,1.2889246524318798,9.229395722220374,7.160539372729665,1.0,81.73841155632894,True,drift,False,D_strongly_isolated_transducer_spike
AWS-KOL-102,2025-03-29T11:00:00+00:00,pressure_hpa,2.685941789598928,3.101458430505213,3.461648774423793,1.2889246524318798,-0.7757069848248648,-0.6018249269740469,1.0,4.628425576712271,True,drift,False,A_strongly_common_mode
AWS-KOL-103,2025-03-29T11:00:00+00:00,pressure_hpa,11.02839117788676,12.734489230562831,0.670954082799426,0.4330127018922193,10.357437095087334,23.919476379853155,1.0,-204.98706716151617,True,drift,False,D_strongly_isolated_transducer_spike
AWS-KOL-101,2025-03-29T11:00:00+00:00,pressure_hpa,11.756346894477929,13.575060088426907,0.670954082799426,0.4330127018922193,11.085392811678503,25.600618095581307,1.0,-235.55469523570198,True,drift,False,D_strongly_isolated_transducer_spike
AWS-KOL-015,2025-03-29T12:00:00+00:00,pressure_hpa,12.342712771222295,14.252137081990849,3.461648774423793,1.2889246524318798,8.881063996798503,6.890289498336576,1.0,77.82366101648566,True,drift,False,D_strongly_isolated_transducer_spike
AWS-MUM-007,2025-03-29T12:00:00+00:00,pressure_hpa,-2.5,-2.886751345948129,-0.38157713698615225,1.1587662632956355,-2.1184228630138477,-1.8281709867776634,0.3333333333333333,2.4955620882188603,True,drift,False,C_mixed_uncertain
AWS-KOL-101,2025-03-29T12:00:00+00:00,pressure_hpa,11.404773871053749,13.169098528999385,0.670954082799426,0.4330127018922193,10.733819788254323,24.788694976726262,1.0,-220.52712129134005,True,drift,False,D_strongly_isolated_transducer_spike
AWS-KOL-103,2025-03-29T12:00:00+00:00,pressure_hpa,10.687234706304025,12.34055566915468,0.670954082799426,0.4330127018922193,10.0162806235046,23.131609257036853,1.0,-191.3910162983637,True,drift,False,D_strongly_isolated_transducer_spike
AWS-KOL-102,2025-03-29T12:00:00+00:00,pressure_hpa,2.242784810233161,2.5897448278450383,3.461648774423793,1.2889246524318798,-1.218863964190632,-0.945644077713107,1.0,2.9062677758181272,True,drift,False,A_strongly_common_mode
AWS-KOL-103,2025-03-29T13:00:00+00:00,pressure_hpa,-2.931016542150701,-3.3844463792199067,0.670954082799426,0.4330127018922193,-3.601970624950127,-8.318394839712322,-1.0,-28.870607707768933,True,drift,False,D_strongly_isolated_transducer_spike
AWS-MUM-007,2025-03-29T13:00:00+00:00,pressure_hpa,-3.6000000000000227,-4.156921938165332,-0.38157713698615225,1.1587662632956355,-3.2184228630138705,-2.7774564767362024,0.3333333333333333,4.782867759918169,True,drift,False,C_mixed_uncertain
AWS-KOL-102,2025-03-29T13:00:00+00:00,pressure_hpa,-11.346307623809821,-13.101587521829808,3.461648774423793,1.2889246524318798,-14.807956398233614,-11.48861290711966,-1.0,19.831684531265054,True,drift,False,D_strongly_isolated_transducer_spike
AWS-MUM-102,2025-03-29T13:00:00+00:00,pressure_hpa,-3.0,-3.464101615137755,-0.38157713698615225,3.5309262632956693,-2.6184228630138477,-0.7415682650279658,0.3333333333333333,5.725038254151707,True,sensor_fail_low,False,C_mixed_uncertain
AWS-KOL-103,2025-03-29T14:00:00+00:00,pressure_hpa,-3.931016542150701,-4.539146917599158,0.670954082799426,0.4330127018922193,-4.601970624950127,-10.627795916470825,-1.0,-46.173095651302006,False,normal,False,D_strongly_isolated_transducer_spike
AWS-MUM-102,2025-03-29T14:00:00+00:00,pressure_hpa,-4.0,-4.618802153517007,-0.38157713698615225,3.5309262632956693,-3.6184228630138477,-1.024780069928878,0.3333333333333333,10.141579570804952,False,normal,False,C_mixed_uncertain
AWS-MUM-103,2025-03-29T14:00:00+00:00,pressure_hpa,-2.6080399392327536,-3.011505121946651,0.39999999999997726,1.1587662632956355,-3.008039939232731,-2.5958987886630345,-0.3333333333333333,1.1652362892643526,False,normal,False,C_mixed_uncertain
AWS-MUM-101,2025-03-29T14:00:00+00:00,pressure_hpa,-2.2184228630138705,-2.561614074274957,0.39999999999997726,2.372160000000034,-2.6184228630138477,-1.1038137659406662,-0.3333333333333333,2.671730917821714,False,normal,False,C_mixed_uncertain
AWS-KOL-101,2025-03-29T14:00:00+00:00,pressure_hpa,-2.961648774423793,-3.4198174343174044,0.670954082799426,0.4330127018922193,-3.632602857223219,-8.389136949907318,-1.0,-29.34123374011949,False,normal,False,D_strongly_isolated_transducer_spike
AWS-MUM-007,2025-03-29T14:00:00+00:00,pressure_hpa,-4.5,-5.196152422706632,-0.38157713698615225,1.1587662632956355,-4.118422863013848,-3.5541446048840624,0.3333333333333333,7.184028063786756,True,drift,False,D_strongly_isolated_transducer_spike
AWS-KOL-102,2025-03-29T14:00:00+00:00,pressure_hpa,-12.246307623809798,-14.140818006371108,3.461648774423793,1.2889246524318798,-15.707956398233591,-12.186869394263342,-1.0,25.7214741282384,False,normal,False,D_strongly_isolated_transducer_spike
AWS-MUM-101,2025-03-29T15:00:00+00:00,pressure_hpa,-2.918422863013916,-3.3699044511404854,0.39999999999997726,2.372160000000034,-3.318422863013893,-1.3989034732116914,-0.3333333333333333,4.6996625412263615,False,normal,False,C_mixed_uncertain
AWS-KOL-102,2025-03-29T15:00:00+00:00,pressure_hpa,-12.64630762380989,-14.602698221722912,3.461648774423793,1.2889246524318798,-16.107956398233682,-12.497205610771724,-1.0,28.52932363840263,False,normal,False,D_strongly_isolated_transducer_spike
AWS-KOL-101,2025-03-29T15:00:00+00:00,pressure_hpa,-3.361648774423884,-3.88169764966921,0.670954082799426,0.4330127018922193,-4.03260285722331,-9.312897380610929,-1.0,-35.831240489171215,False,normal,False,D_strongly_isolated_transducer_spike
AWS-MUM-007,2025-03-29T15:00:00+00:00,pressure_hpa,-5.2999999999999545,-6.119912853409981,-0.38157713698615225,1.1587662632956355,-4.918422863013802,-4.244534052126583,0.3333333333333333,9.718632006835296,True,drift,False,D_strongly_isolated_transducer_spike
AWS-MUM-103,2025-03-29T15:00:00+00:00,pressure_hpa,-3.408039939232708,-3.9352655526499998,0.39999999999997726,1.1587662632956355,-3.8080399392326854,-3.2862882359055545,-0.3333333333333333,2.3433123002112337,False,normal,False,D_strongly_isolated_transducer_spike
AWS-KOL-015,2025-03-29T15:00:00+00:00,pressure_hpa,-2.4709540827993806,-2.8532120097188547,3.461648774423793,1.2889246524318798,-5.9326028572231735,-4.602753811892596,-1.0,-6.522261940243957,False,normal,False,D_strongly_isolated_transducer_spike
AWS-KOL-103,2025-03-29T15:00:00+00:00,pressure_hpa,-4.431016542150701,-5.116497186788784,0.670954082799426,0.4330127018922193,-5.101970624950127,-11.782496454850076,-1.0,-56.32433962306854,False,normal,False,D_strongly_isolated_transducer_spike
AWS-MUM-102,2025-03-29T15:00:00+00:00,pressure_hpa,-4.7000000000000455,-5.427092530382535,-0.38157713698615225,3.5309262632956693,-4.318422863013893,-1.2230283333595293,0.3333333333333333,13.97876751456686,False,normal,False,C_mixed_uncertain
AWS-KOL-102,2025-03-29T16:00:00+00:00,pressure_hpa,-12.64630762380989,-14.602698221722912,3.461648774423793,1.2889246524318798,-16.107956398233682,-12.497205610771724,-1.0,28.52932363840263,False,normal,False,D_strongly_isolated_transducer_spike
AWS-MUM-103,2025-03-29T16:00:00+00:00,pressure_hpa,-3.508039939232731,-4.050735606487951,0.39999999999997726,1.1587662632956355,-3.908039939232708,-3.3725869168108944,-0.3333333333333333,2.517058221112646,False,normal,False,D_strongly_isolated_transducer_spike
AWS-KOL-015,2025-03-29T16:00:00+00:00,pressure_hpa,-2.4709540827993806,-2.8532120097188547,3.461648774423793,1.2889246524318798,-5.9326028572231735,-4.602753811892596,-1.0,-6.522261940243957,False,normal,False,D_strongly_isolated_transducer_spike
AWS-MUM-102,2025-03-29T16:00:00+00:00,pressure_hpa,-4.899999999999977,-5.658032638058306,-0.38157713698615225,3.5309262632956693,-4.518422863013825,-1.2796706943396925,0.3333333333333333,15.187888123690604,False,normal,False,C_mixed_uncertain
AWS-KOL-103,2025-03-29T16:00:00+00:00,pressure_hpa,-4.331016542150678,-5.001027132950832,0.670954082799426,0.4330127018922193,-5.001970624950104,-11.551556347174174,-1.0,-54.21409082871476,False,normal,False,D_strongly_isolated_transducer_spike
AWS-MUM-007,2025-03-29T16:00:00+00:00,pressure_hpa,-5.5,-6.3508529610858835,-0.38157713698615225,1.1587662632956355,-5.118422863013848,-4.417131413937262,0.3333333333333333,10.411141702670971,True,drift,False,D_strongly_isolated_transducer_spike
AWS-KOL-101,2025-03-29T16:00:00+00:00,pressure_hpa,-3.361648774423884,-3.88169764966921,0.670954082799426,0.4330127018922193,-4.03260285722331,-9.312897380610929,-1.0,-35.831240489171215,False,normal,False,D_strongly_isolated_transducer_spike
AWS-MUM-101,2025-03-29T16:00:00+00:00,pressure_hpa,-3.1184228630138477,-3.600844558816257,0.39999999999997726,2.372160000000034,-3.518422863013825,-1.483214818146236,-0.3333333333333333,5.383077669994037,False,normal,False,C_mixed_uncertain
AWS-MUM-007,2025-03-29T17:00:00+00:00,pressure_hpa,-5.5,-6.3508529610858835,-0.38157713698615225,1.1587662632956355,-5.118422863013848,-4.417131413937262,0.3333333333333333,10.411141702670971,False,normal,False,D_strongly_isolated_transducer_spike
AWS-KOL-102,2025-03-29T17:00:00+00:00,pressure_hpa,-12.14630762380989,-14.025347952533288,3.461648774423793,1.2889246524318798,-15.607956398233682,-12.109285340136335,-1.0,25.03779687039446,False,normal,False,D_strongly_isolated_transducer_spike
AWS-KOL-015,2025-03-29T17:00:00+00:00,pressure_hpa,-2.170954082799426,-2.5068018482051317,3.461648774423793,1.2889246524318798,-5.632602857223219,-4.370001649511397,-1.0,-6.406429455283832,False,normal,False,D_strongly_isolated_transducer_spike
AWS-KOL-103,2025-03-29T17:00:00+00:00,pressure_hpa,-3.931016542150701,-4.539146917599158,0.670954082799426,0.4330127018922193,-4.601970624950127,-10.627795916470825,-1.0,-46.173095651302006,False,normal,False,D_strongly_isolated_transducer_spike
AWS-KOL-101,2025-03-29T17:00:00+00:00,pressure_hpa,-3.1616487744238384,-3.650757541993307,0.670954082799426,0.4330127018922193,-3.8326028572232644,-8.851017165259123,-1.0,-32.50623711464531,False,normal,False,D_strongly_isolated_transducer_spike
AWS-MUM-101,2025-03-29T17:00:00+00:00,pressure_hpa,-2.918422863013916,-3.3699044511404854,0.39999999999997726,2.372160000000034,-3.318422863013893,-1.3989034732116914,-0.3333333333333333,4.6996625412263615,False,normal,False,C_mixed_uncertain
AWS-MUM-102,2025-03-29T17:00:00+00:00,pressure_hpa,-4.899999999999977,-5.658032638058306,-0.38157713698615225,3.5309262632956693,-4.518422863013825,-1.2796706943396925,0.3333333333333333,15.187888123690604,False,normal,False,C_mixed_uncertain
AWS-MUM-103,2025-03-29T17:00:00+00:00,pressure_hpa,-3.308039939232799,-3.8197954988121796,0.39999999999997726,1.1587662632956355,-3.7080399392327763,-3.1999895550003132,-0.3333333333333333,2.175452250317343,False,normal,False,D_strongly_isolated_transducer_spike
AWS-KOL-101,2025-03-29T18:00:00+00:00,pressure_hpa,-2.861648774423884,-3.304347380479584,0.670954082799426,0.4330127018922193,-3.53260285722331,-8.158196842231677,-1.0,-27.818732052858305,False,normal,False,D_strongly_isolated_transducer_spike
AWS-MUM-103,2025-03-29T18:00:00+00:00,pressure_hpa,-2.308039939232799,-2.665094960432928,0.39999999999997726,1.1587662632956355,-2.7080399392327763,-2.337002745947114,-0.3333333333333333,0.82057465678032,False,normal,False,C_mixed_uncertain
AWS-MUM-007,2025-03-29T18:00:00+00:00,pressure_hpa,-4.7999999999999545,-5.542562584220355,-0.38157713698615225,1.1587662632956355,-4.418422863013802,-3.813040647599983,0.3333333333333333,8.090360509874861,False,normal,False,D_strongly_isolated_transducer_spike
AWS-MUM-102,2025-03-29T18:00:00+00:00,pressure_hpa,-3.8999999999999773,-4.503332099679055,-0.38157713698615225,3.5309262632956693,-3.518422863013825,-0.9964588894387804,0.3333333333333333,9.643534840829098,False,normal,False,C_mixed_uncertain
AWS-KOL-102,2025-03-29T18:00:00+00:00,pressure_hpa,-11.64630762380989,-13.447997683343662,3.461648774423793,1.2889246524318798,-15.107956398233682,-11.721365069500944,-1.0,21.729121299349814,False,normal,False,D_strongly_isolated_transducer_spike
AWS-KOL-103,2025-03-29T18:00:00+00:00,pressure_hpa,-3.53101654215061,-4.0772667022473525,0.670954082799426,0.4330127018922193,-4.201970624950036,-9.704035485767214,-1.0,-38.772100473887164,False,normal,False,D_strongly_isolated_transducer_spike
AWS-KOL-102,2025-03-29T19:00:00+00:00,pressure_hpa,-10.746307623809798,-12.40876719880223,3.461648774423793,1.2889246524318798,-14.207956398233591,-11.023108582357173,-1.0,16.234290287816904,False,normal,False,D_strongly_isolated_transducer_spike
AWS-KOL-103,2025-03-29T19:00:00+00:00,pressure_hpa,-2.7310165421506554,-3.153506271544004,0.670954082799426,4.137483949802286,-3.4019706249500814,-0.8222317394397742,-0.3333333333333333,4.634268385662604,False,normal,False,A_strongly_common_mode
AWS-MUM-102,2025-03-29T19:00:00+00:00,pressure_hpa,-2.8999999999999773,-3.348631561299803,-0.38157713698615225,3.5309262632956693,-2.518422863013825,-0.7132470845378681,0.3333333333333333,5.352305964865694,False,normal,False,C_mixed_uncertain
AWS-MUM-007,2025-03-29T19:00:00+00:00,pressure_hpa,-4.199999999999932,-4.849742261192778,-0.38157713698615225,1.1587662632956355,-3.8184228630137795,-3.2952485621680436,0.3333333333333333,6.3306684567643385,False,normal,False,D_strongly_isolated_transducer_spike
AWS-MUM-007,2025-03-29T20:00:00+00:00,pressure_hpa,-3.0,-3.464101615137755,-0.38157713698615225,1.1587662632956355,-2.6184228630138477,-2.259664391304263,0.3333333333333333,3.446958419335768,False,normal,False,C_mixed_uncertain
AWS-MUM-007,2025-03-30T01:00:00+00:00,pressure_hpa,-2.6000000000000227,-3.0022213997860803,-0.38157713698615225,1.1587662632956355,-2.2184228630138705,-1.914469667683003,0.3333333333333333,2.674069612427612,False,normal,False,C_mixed_uncertain
AWS-MUM-007,2025-03-30T02:00:00+00:00,pressure_hpa,-3.3999999999999773,-3.9259818304894294,-0.38157713698615225,1.1587662632956355,-3.018422863013825,-2.6048591149255236,0.3333333333333333,4.314021162361275,False,normal,False,C_mixed_uncertain
AWS-MUM-102,2025-03-30T02:00:00+00:00,pressure_hpa,-2.2000000000000455,-2.540341184434406,-0.38157713698615225,3.5309262632956693,-1.8184228630138932,-0.5149988211072489,0.3333333333333333,3.0940547737958726,False,normal,False,C_mixed_uncertain
AWS-MUM-102,2025-03-30T03:00:00+00:00,pressure_hpa,-2.6000000000000227,-3.0022213997860803,-0.38157713698615225,3.5309262632956693,-2.2184228630138705,-0.6282835430676074,0.3333333333333333,4.309296561421953,False,normal,False,C_mixed_uncertain
AWS-MUM-007,2025-03-30T03:00:00+00:00,pressure_hpa,-3.7999999999999545,-4.3878620458411035,-0.38157713698615225,1.1587662632956355,-3.4184228630138023,-2.9500538385467836,0.3333333333333333,5.275257841504132,False,normal,False,C_mixed_uncertain
AWS-MUM-102,2025-03-30T04:00:00+00:00,pressure_hpa,-2.5,-2.886751345948129,-0.38157713698615225,3.5309262632956693,-2.1184228630138477,-0.5999623625775097,0.3333333333333333,3.9866892484118743,False,normal,False,C_mixed_uncertain
AWS-MUM-007,2025-03-30T04:00:00+00:00,pressure_hpa,-3.7999999999999545,-4.3878620458411035,-0.38157713698615225,1.1587662632956355,-3.4184228630138023,-2.9500538385467836,0.3333333333333333,5.275257841504132,False,normal,False,C_mixed_uncertain
AWS-KOL-102,2025-03-30T05:00:00+00:00,pressure_hpa,2.8999999999999773,3.348631561299803,-0.5616487744238157,0.6958846524317451,3.461648774423793,4.974457709804605,-0.3333333333333333,-6.765948086650662,False,normal,True,B_likely_common_mode_with_phase_lag
AWS-KOL-102,2025-03-30T06:00:00+00:00,pressure_hpa,4.099999999999909,4.7342722073548265,-0.5616487744238157,0.6958846524317451,4.661648774423725,6.698881428313949,-0.3333333333333333,-11.230839528638597,False,normal,True,B_likely_common_mode_with_phase_lag
AWS-KOL-103,2025-03-30T06:00:00+00:00,pressure_hpa,2.3999999999999773,2.7712812921101775,-0.5616487744238157,1.6170639498023873,2.961648774423793,1.8314976193648496,-0.3333333333333333,2.1628082351303717,False,normal,True,B_likely_common_mode_with_phase_lag
AWS-KOL-015,2025-03-30T06:00:00+00:00,pressure_hpa,2.699999999999932,3.1176914536239004,-1.03101654215061,0.6958846524317451,3.7310165421505417,5.361544516196228,-1.0,-9.51307979957717,False,normal,True,B_likely_common_mode_with_phase_lag
AWS-KOL-101,2025-03-30T06:00:00+00:00,pressure_hpa,2.699999999999932,3.1176914536239004,-1.03101654215061,2.3129486022341323,3.7310165421505417,1.613099633319419,-0.3333333333333333,3.5589547864921323,False,normal,True,B_likely_common_mode_with_phase_lag
AWS-KOL-101,2025-03-30T07:00:00+00:00,pressure_hpa,3.6000000000000227,4.156921938165332,-1.03101654215061,2.3129486022341323,4.631016542150633,2.0022133382805927,-0.3333333333333333,6.635570874005751,False,normal,True,B_likely_common_mode_with_phase_lag
AWS-KOL-015,2025-03-30T07:00:00+00:00,pressure_hpa,3.599999999999909,4.156921938165201,-1.03101654215061,6.865945125392527,4.631016542150519,0.6744907594765787,-0.3333333333333333,8.41253110768992,False,normal,True,A_strongly_common_mode
AWS-KOL-103,2025-03-30T07:00:00+00:00,pressure_hpa,3.3999999999999773,3.9259818304894294,0.5290459172006194,4.552996523158395,2.870954082799358,0.6305636448867281,0.3333333333333333,7.507861411540148,False,normal,True,B_likely_common_mode_with_phase_lag
AWS-KOL-102,2025-03-30T07:00:00+00:00,pressure_hpa,5.0,5.773502691896258,0.5290459172006194,2.3129486022341323,4.470954082799381,1.9330105642990851,0.3333333333333333,14.798401745820737,False,normal,True,B_likely_common_mode_with_phase_lag
AWS-KOL-015,2025-03-30T08:00:00+00:00,pressure_hpa,4.099999999999909,4.7342722073548265,-1.03101654215061,6.865945125392527,5.131016542150519,0.7473139456320921,-0.3333333333333333,10.927427599998067,False,normal,True,A_strongly_common_mode
AWS-MUM-103,2025-03-30T08:00:00+00:00,pressure_hpa,2.191960060767201,2.531057462273704,0.8000000000000682,0.5930400000001348,1.3919600607671327,2.3471604963692436,1.0,0.44854474080754425,False,normal,False,C_mixed_uncertain
AWS-KOL-103,2025-03-30T08:00:00+00:00,pressure_hpa,3.8999999999999773,4.503332099679055,3.6000000000000227,0.7412999999998314,0.2999999999999545,0.4046944556859878,0.3333333333333333,10.058111198768392,False,normal,True,A_strongly_common_mode
AWS-KOL-102,2025-03-30T08:00:00+00:00,pressure_hpa,5.5,6.3508529610858835,3.8999999999999773,0.4330127018922193,1.6000000000000227,3.6950417228136576,1.0,13.339999999999806,False,normal,False,D_strongly_isolated_transducer_spike
AWS-MUM-103,2025-03-30T09:00:00+00:00,pressure_hpa,2.491960060767269,2.8774676237875583,0.8000000000000682,0.5930400000001348,1.691960060767201,2.85302856597669,1.0,0.07002396383330378,False,normal,False,C_mixed_uncertain
AWS-KOL-102,2025-03-30T09:00:00+00:00,pressure_hpa,5.699999999999932,6.581793068761655,3.8999999999999773,0.4330127018922193,1.7999999999999545,4.156921938165201,1.0,13.019999999999918,False,normal,False,D_strongly_isolated_transducer_spike
AWS-KOL-102,2025-03-30T10:00:00+00:00,pressure_hpa,5.2999999999999545,6.119912853409981,3.8999999999999773,0.4330127018922193,1.3999999999999773,3.233161507461852,1.0,13.499999999999853,False,normal,False,D_strongly_isolated_transducer_spike
AWS-MUM-103,2025-03-30T10:00:00+00:00,pressure_hpa,2.191960060767201,2.531057462273704,0.8000000000000682,0.5930400000001348,1.3919600607671327,2.3471604963692436,1.0,0.44854474080754425,False,normal,False,C_mixed_uncertain
AWS-KOL-102,2025-03-30T11:00:00+00:00,pressure_hpa,4.199999999999932,4.849742261192778,3.8999999999999773,0.4330127018922193,0.2999999999999545,0.6928203230274459,1.0,11.51999999999969,False,normal,False,A_strongly_common_mode
AWS-KOL-015,2025-03-30T12:00:00+00:00,pressure_hpa,-2.599999999999909,-3.0022213997859493,3.8999999999999773,0.44477999999993256,-6.499999999999886,-14.613966455328189,-1.0,-102.27734111206243,False,normal,True,B_likely_common_mode_with_phase_lag
AWS-KOL-103,2025-03-30T12:00:00+00:00,pressure_hpa,-2.6000000000000227,-3.0022213997860803,4.099999999999909,0.4330127018922193,-6.699999999999932,-15.472987214281813,-1.0,-115.19999999999749,False,normal,True,B_likely_common_mode_with_phase_lag
AWS-KOL-101,2025-03-30T13:00:00+00:00,pressure_hpa,-2.800000000000068,-3.233161507461983,4.099999999999909,0.4330127018922193,-6.899999999999977,-15.93486742963362,-1.0,-121.73333333333227,False,normal,True,B_likely_common_mode_with_phase_lag
AWS-MUM-101,2025-03-30T13:00:00+00:00,pressure_hpa,-2.300000000000068,-2.6558112382723573,0.39999999999997726,2.520420000000067,-2.7000000000000455,-1.0712500297569347,-0.3333333333333333,2.9528783535397594,False,normal,False,C_mixed_uncertain
AWS-KOL-103,2025-03-30T13:00:00+00:00,pressure_hpa,-3.800000000000068,-4.387862045841235,4.099999999999909,0.4330127018922193,-7.899999999999977,-18.24426850639212,-1.0,-156.7999999999987,False,normal,True,B_likely_common_mode_with_phase_lag
AWS-KOL-015,2025-03-30T13:00:00+00:00,pressure_hpa,-3.599999999999909,-4.156921938165201,3.8999999999999773,0.44477999999993256,-7.499999999999886,-16.86226898691718,-1.0,-133.5280576935749,False,normal,True,B_likely_common_mode_with_phase_lag
AWS-KOL-102,2025-03-30T13:00:00+00:00,pressure_hpa,-2.5,-2.886751345948129,3.8999999999999773,0.4330127018922193,-6.399999999999977,-14.780166891254368,-1.0,-105.05999999999922,False,normal,True,B_likely_common_mode_with_phase_lag
AWS-MUM-102,2025-03-30T13:00:00+00:00,pressure_hpa,-2.5,-2.886751345948129,0.8000000000000682,1.9273799999999324,-3.300000000000068,-1.7121688509791448,-0.3333333333333333,2.7009055795350454,False,normal,False,C_mixed_uncertain
AWS-KOL-103,2025-03-30T14:00:00+00:00,pressure_hpa,-4.800000000000068,-5.542562584220486,4.099999999999909,0.4330127018922193,-8.899999999999977,-20.553669583150626,-1.0,-195.86666666666517,False,normal,True,B_likely_common_mode_with_phase_lag
AWS-KOL-015,2025-03-30T14:00:00+00:00,pressure_hpa,-4.5,-5.196152422706632,3.8999999999999773,0.44477999999993256,-8.399999999999977,-18.885741265347477,-1.0,-164.83561157082426,False,normal,True,B_likely_common_mode_with_phase_lag
AWS-MUM-007,2025-03-30T14:00:00+00:00,pressure_hpa,-2.400000000000091,-2.771281292110309,0.39999999999997726,0.5930400000001348,-2.800000000000068,-4.721435316335208,-0.3333333333333333,-7.305975723168382,False,normal,False,D_strongly_isolated_transducer_spike
AWS-MUM-103,2025-03-30T14:00:00+00:00,pressure_hpa,-2.2080399392327763,-2.549624906594977,0.8000000000000682,0.5930400000001348,-3.0080399392328445,-5.0722378578715785,-1.0,-9.613504861248106,False,normal,False,D_strongly_isolated_transducer_spike
AWS-MUM-102,2025-03-30T14:00:00+00:00,pressure_hpa,-3.7000000000000455,-4.272391992003284,0.8000000000000682,1.9273799999999324,-4.500000000000114,-2.334775705880663,-0.3333333333333333,6.401077868281621,False,normal,False,C_mixed_uncertain
AWS-KOL-101,2025-03-30T14:00:00+00:00,pressure_hpa,-3.7000000000000455,-4.272391992003284,4.099999999999909,0.4330127018922193,-7.7999999999999545,-18.01332839871622,-1.0,-153.1133333333312,False,normal,True,B_likely_common_mode_with_phase_lag
AWS-KOL-102,2025-03-30T14:00:00+00:00,pressure_hpa,-3.5,-4.041451884327381,3.8999999999999773,0.4330127018922193,-7.399999999999977,-17.089567968012872,-1.0,-137.85999999999916,False,normal,True,B_likely_common_mode_with_phase_lag
AWS-MUM-101,2025-03-30T14:00:00+00:00,pressure_hpa,-3.2000000000000455,-3.6950417228136576,0.39999999999997726,2.520420000000067,-3.6000000000000227,-1.4283333730092314,-0.3333333333333333,5.806598554440898,False,normal,False,C_mixed_uncertain
AWS-MUM-101,2025-03-30T15:00:00+00:00,pressure_hpa,-3.8999999999999773,-4.503332099679055,0.39999999999997726,2.520420000000067,-4.2999999999999545,-1.706064862205442,-0.3333333333333333,8.684671342973845,False,normal,False,C_mixed_uncertain
AWS-MUM-007,2025-03-30T15:00:00+00:00,pressure_hpa,-3.2000000000000455,-3.6950417228136576,0.39999999999997726,0.5930400000001348,-3.6000000000000227,-6.0704168352880155,-0.3333333333333333,-11.598313610407223,False,normal,False,D_strongly_isolated_transducer_spike
AWS-MUM-103,2025-03-30T15:00:00+00:00,pressure_hpa,-3.1080399392327536,-3.588855391136277,0.8000000000000682,0.5930400000001348,-3.908039939232822,-6.589842066693534,-1.0,-15.273067722737895,False,normal,False,D_strongly_isolated_transducer_spike
AWS-MUM-102,2025-03-30T15:00:00+00:00,pressure_hpa,-4.600000000000023,-5.311622476544583,0.8000000000000682,1.9273799999999324,-5.400000000000091,-2.8017308470567714,-0.3333333333333333,10.18181879699208,False,normal,False,C_mixed_uncertain
AWS-KOL-103,2025-03-30T15:00:00+00:00,pressure_hpa,-5.0,-5.773502691896258,4.099999999999909,0.4330127018922193,-9.099999999999909,-21.015549798502168,-1.0,-204.1599999999956,False,normal,True,B_likely_common_mode_with_phase_lag
AWS-KOL-101,2025-03-30T15:00:00+00:00,pressure_hpa,-4.300000000000068,-4.96521231503086,4.099999999999909,0.4330127018922193,-8.399999999999977,-19.398969044771373,-1.0,-175.83333333333192,False,normal,True,B_likely_common_mode_with_phase_lag
AWS-KOL-102,2025-03-30T15:00:00+00:00,pressure_hpa,-3.8999999999999773,-4.503332099679055,3.8999999999999773,0.4330127018922193,-7.7999999999999545,-18.01332839871622,-1.0,-152.09999999999823,False,normal,True,B_likely_common_mode_with_phase_lag
AWS-KOL-015,2025-03-30T15:00:00+00:00,pressure_hpa,-5.0,-5.773502691896258,3.8999999999999773,0.44477999999993256,-8.899999999999977,-20.009892531141972,-1.0,-183.53123288725897,False,normal,True,B_likely_common_mode_with_phase_lag
AWS-MUM-103,2025-03-30T16:00:00+00:00,pressure_hpa,-3.408039939232708,-3.9352655526499998,0.8000000000000682,0.5930400000001348,-4.208039939232776,-7.095710136300789,-1.0,-17.431393684264023,False,normal,False,D_strongly_isolated_transducer_spike
AWS-MUM-102,2025-03-30T16:00:00+00:00,pressure_hpa,-4.800000000000068,-5.542562584220486,0.8000000000000682,1.9273799999999324,-5.600000000000136,-2.9054986562070444,-0.3333333333333333,11.139038779389967,False,normal,False,C_mixed_uncertain
AWS-KOL-015,2025-03-30T16:00:00+00:00,pressure_hpa,-5.0,-5.773502691896258,3.8999999999999773,0.44477999999993256,-8.899999999999977,-20.009892531141972,-1.0,-183.53123288725897,False,normal,True,B_likely_common_mode_with_phase_lag
AWS-KOL-102,2025-03-30T16:00:00+00:00,pressure_hpa,-3.8999999999999773,-4.503332099679055,3.8999999999999773,0.4330127018922193,-7.7999999999999545,-18.01332839871622,-1.0,-152.09999999999823,False,normal,True,B_likely_common_mode_with_phase_lag
AWS-KOL-101,2025-03-30T16:00:00+00:00,pressure_hpa,-4.400000000000091,-5.080682368868812,3.8999999999999773,0.4330127018922193,-8.300000000000068,-19.168028937095734,-0.3333333333333333,-170.8000000000025,False,normal,False,D_strongly_isolated_transducer_spike
AWS-KOL-103,2025-03-30T16:00:00+00:00,pressure_hpa,-5.0,-5.773502691896258,3.6000000000000227,0.7412999999998314,-8.600000000000023,-11.601241063000106,-0.3333333333333333,-50.62773043425325,False,normal,False,D_strongly_isolated_transducer_spike
AWS-MUM-007,2025-03-30T16:00:00+00:00,pressure_hpa,-3.800000000000068,-4.387862045841235,0.39999999999997726,0.5930400000001348,-4.2000000000000455,-7.0821529745027165,-0.3333333333333333,-15.451778710461824,False,normal,False,D_strongly_isolated_transducer_spike
AWS-MUM-101,2025-03-30T16:00:00+00:00,pressure_hpa,-4.300000000000068,-4.96521231503086,0.39999999999997726,2.520420000000067,-4.7000000000000455,-1.8647685703176138,-0.3333333333333333,10.587985756244858,False,normal,False,C_mixed_uncertain
AWS-MUM-101,2025-03-30T17:00:00+00:00,pressure_hpa,-4.100000000000023,-4.734272207354958,0.39999999999997726,2.520420000000067,-4.5,-1.785416716261528,-0.3333333333333333,9.612810241313744,False,normal,False,C_mixed_uncertain
AWS-MUM-007,2025-03-30T17:00:00+00:00,pressure_hpa,-3.7000000000000455,-4.272391992003284,0.39999999999997726,0.5930400000001348,-4.100000000000023,-6.913530284633567,-0.3333333333333333,-14.77178383160585,False,normal,False,D_strongly_isolated_transducer_spike
AWS-MUM-102,2025-03-30T17:00:00+00:00,pressure_hpa,-4.600000000000023,-5.311622476544583,0.8000000000000682,1.9273799999999324,-5.400000000000091,-2.8017308470567714,-0.3333333333333333,10.18181879699208,False,normal,False,C_mixed_uncertain
AWS-KOL-101,2025-03-30T17:00:00+00:00,pressure_hpa,-4.2000000000000455,-4.849742261192909,3.8999999999999773,0.4330127018922193,-8.100000000000023,-18.70614872174393,-0.3333333333333333,-163.20000000000078,False,normal,False,D_strongly_isolated_transducer_spike
AWS-MUM-103,2025-03-30T17:00:00+00:00,pressure_hpa,-3.1080399392327536,-3.588855391136277,0.8000000000000682,0.5930400000001348,-3.908039939232822,-6.589842066693534,-1.0,-15.273067722737895,False,normal,False,D_strongly_isolated_transducer_spike
AWS-KOL-103,2025-03-30T17:00:00+00:00,pressure_hpa,-4.899999999999977,-5.658032638058306,3.6000000000000227,0.7412999999998314,-8.5,-11.466342911104725,-0.3333333333333333,-49.731843210854265,False,normal,False,D_strongly_isolated_transducer_spike
AWS-KOL-015,2025-03-30T17:00:00+00:00,pressure_hpa,-4.699999999999932,-5.427092530382404,3.6000000000000227,0.44477999999993256,-8.299999999999955,-18.660911012188528,-0.3333333333333333,-159.3881332357433,False,normal,True,B_likely_common_mode_with_phase_lag
AWS-MUM-007,2025-03-30T18:00:00+00:00,pressure_hpa,-2.800000000000068,-3.233161507461983,0.39999999999997726,0.5930400000001348,-3.2000000000000455,-5.395926075811611,-0.3333333333333333,-9.331342441144926,False,normal,False,D_strongly_isolated_transducer_spike
AWS-MUM-102,2025-03-30T18:00:00+00:00,pressure_hpa,-3.5,-4.041451884327381,0.8000000000000682,1.9273799999999324,-4.300000000000068,-2.23100789673039,-0.3333333333333333,5.677968549029989,False,normal,False,C_mixed_uncertain
AWS-MUM-101,2025-03-30T18:00:00+00:00,pressure_hpa,-3.1000000000000227,-3.579571668975706,0.39999999999997726,2.520420000000067,-3.5,-1.3886574459811885,-0.3333333333333333,5.442481915527262,False,normal,False,C_mixed_uncertain
AWS-KOL-101,2025-03-30T18:00:00+00:00,pressure_hpa,-3.5,-4.041451884327381,3.8999999999999773,0.4330127018922193,-7.399999999999977,-17.089567968012872,-0.3333333333333333,-137.85999999999916,False,normal,False,D_strongly_isolated_transducer_spike
AWS-KOL-103,2025-03-30T18:00:00+00:00,pressure_hpa,-4.2000000000000455,-4.849742261192909,3.6000000000000227,0.7412999999998314,-7.800000000000068,-10.52205584783737,-0.3333333333333333,-43.59682963250405,False,normal,False,D_strongly_isolated_transducer_spike
AWS-KOL-015,2025-03-30T18:00:00+00:00,pressure_hpa,-4.0,-4.618802153517007,3.6000000000000227,0.44477999999993256,-7.600000000000023,-17.087099240076387,-0.3333333333333333,-135.31781355344287,False,normal,True,B_likely_common_mode_with_phase_lag
AWS-KOL-101,2025-03-30T19:00:00+00:00,pressure_hpa,-2.5,-2.886751345948129,-3.8999999999999773,0.4330127018922193,1.3999999999999773,3.233161507461852,0.3333333333333333,-1.05999999999983,False,normal,False,D_strongly_isolated_transducer_spike
AWS-MUM-101,2025-03-30T19:00:00+00:00,pressure_hpa,-2.2000000000000455,-2.540341184434406,0.39999999999997726,2.520420000000067,-2.6000000000000227,-1.0315741027288918,-0.3333333333333333,2.6945941019563415,False,normal,False,C_mixed_uncertain
AWS-MUM-102,2025-03-30T19:00:00+00:00,pressure_hpa,-2.300000000000068,-2.6558112382723573,0.8000000000000682,1.9273799999999324,-3.1000000000001364,-1.6084010418289312,-0.3333333333333333,2.2331897109886807,False,normal,False,C_mixed_uncertain
AWS-KOL-103,2025-03-30T19:00:00+00:00,pressure_hpa,-3.2000000000000455,-3.6950417228136576,-3.8999999999999773,0.4330127018922193,0.6999999999999318,1.6165807537307948,0.3333333333333333,5.520000000000449,False,normal,False,C_mixed_uncertain
AWS-KOL-015,2025-03-30T20:00:00+00:00,pressure_hpa,2.300000000000068,2.6558112382723573,-3.2000000000000455,1.0378199999998987,5.500000000000114,5.299570253031018,-0.3333333333333333,-10.516055766738745,False,normal,True,B_likely_common_mode_with_phase_lag
AWS-KOL-102,2025-03-30T20:00:00+00:00,pressure_hpa,3.3999999999999773,3.9259818304894294,-3.2000000000000455,1.1860799999999325,6.600000000000023,5.564548765682246,-0.3333333333333333,-7.7754348161613365,False,normal,True,B_likely_common_mode_with_phase_lag
AWS-KOL-102,2025-03-30T21:00:00+00:00,pressure_hpa,3.7999999999999545,4.3878620458411035,-3.2000000000000455,1.1860799999999325,7.0,5.901794145420544,-1.0,-7.788920400793664,False,normal,True,B_likely_common_mode_with_phase_lag
AWS-KOL-015,2025-03-30T21:00:00+00:00,pressure_hpa,2.7000000000000455,3.117691453624032,-3.2000000000000455,1.0378199999998987,5.900000000000091,5.684993544160516,-0.3333333333333333,-11.29957579857321,False,normal,True,B_likely_common_mode_with_phase_lag
AWS-KOL-015,2025-03-30T22:00:00+00:00,pressure_hpa,2.5,2.886751345948129,-3.2000000000000455,1.0378199999998987,5.7000000000000455,5.492281898595712,-0.3333333333333333,-10.91591356015439,False,normal,True,B_likely_common_mode_with_phase_lag
AWS-KOL-102,2025-03-30T22:00:00+00:00,pressure_hpa,3.7000000000000455,4.272391992003284,-3.2000000000000455,1.1860799999999325,6.900000000000091,5.817482800486041,-1.0,-7.794886400308561,False,normal,True,B_likely_common_mode_with_phase_lag
AWS-KOL-015,2025-03-30T23:00:00+00:00,pressure_hpa,2.400000000000091,2.771281292110309,-3.2000000000000455,1.0378199999998987,5.600000000000136,5.39592607581342,-1.0,-10.718009107821315,False,normal,True,B_likely_common_mode_with_phase_lag
AWS-KOL-102,2025-03-30T23:00:00+00:00,pressure_hpa,3.6000000000000227,4.156921938165332,-3.2000000000000455,1.1860799999999325,6.800000000000068,5.733171455551442,-1.0,-7.794627469374815,False,normal,True,B_likely_common_mode_with_phase_lag
AWS-KOL-102,2025-03-31T00:00:00+00:00,pressure_hpa,3.2999999999999545,3.8105117766514778,-3.2000000000000455,1.1860799999999325,6.5,5.480237420747647,-1.0,-7.756501093881612,False,normal,True,B_likely_common_mode_with_phase_lag
AWS-KOL-102,2025-03-31T01:00:00+00:00,pressure_hpa,2.6000000000000227,3.0022213997860803,-3.2000000000000455,1.1860799999999325,5.800000000000068,4.890058006205651,-1.0,-7.449666985361247,False,normal,True,B_likely_common_mode_with_phase_lag
AWS-KOL-102,2025-03-31T02:00:00+00:00,pressure_hpa,2.3999999999999773,2.7712812921101775,-3.2000000000000455,1.1860799999999325,5.600000000000023,4.721435316336454,-1.0,-7.305975723174631,False,normal,True,B_likely_common_mode_with_phase_lag
AWS-KOL-102,2025-03-31T03:00:00+00:00,pressure_hpa,2.2000000000000455,2.540341184434406,-3.2000000000000455,1.1860799999999325,5.400000000000091,4.552812626467353,-1.0,-7.137384739193478,False,normal,True,B_likely_common_mode_with_phase_lag
AWS-KOL-102,2025-03-31T04:00:00+00:00,pressure_hpa,2.3999999999999773,2.7712812921101775,-3.2000000000000455,1.1860799999999325,5.600000000000023,4.721435316336454,-1.0,-7.305975723174631,False,normal,True,B_likely_common_mode_with_phase_lag
AWS-KOL-102,2025-03-31T05:00:00+00:00,pressure_hpa,3.2000000000000455,3.6950417228136576,-3.2000000000000455,1.1860799999999325,6.400000000000091,5.395926075813145,-0.3333333333333333,-7.731342441153263,False,normal,True,B_likely_common_mode_with_phase_lag
AWS-KOL-102,2025-03-31T06:00:00+00:00,pressure_hpa,4.0,4.618802153517007,-3.2000000000000455,1.1860799999999325,7.2000000000000455,6.07041683528974,-0.3333333333333333,-7.7583136104178845,False,normal,True,B_likely_common_mode_with_phase_lag
AWS-KOL-015,2025-03-31T06:00:00+00:00,pressure_hpa,2.800000000000068,3.233161507461983,-3.2000000000000455,1.0378199999998987,6.000000000000114,5.781349366942918,-0.3333333333333333,-11.485333584658719,False,normal,True,B_likely_common_mode_with_phase_lag
AWS-KOL-103,2025-03-31T07:00:00+00:00,pressure_hpa,3.0,3.464101615137755,-3.8999999999999773,0.4330127018922193,6.899999999999977,15.93486742963362,-0.3333333333333333,-120.95999999999918,False,normal,True,B_likely_common_mode_with_phase_lag
AWS-KOL-015,2025-03-31T07:00:00+00:00,pressure_hpa,3.800000000000068,4.387862045841235,-3.2000000000000455,1.0378199999998987,7.000000000000114,6.74490759476672,-0.3333333333333333,-13.120222564303877,False,normal,True,B_likely_common_mode_with_phase_lag
AWS-KOL-102,2025-03-31T07:00:00+00:00,pressure_hpa,5.0,5.773502691896258,-3.2000000000000455,1.1860799999999325,8.200000000000045,6.913530284635532,-0.3333333333333333,-7.2317838316196585,False,normal,True,B_likely_common_mode_with_phase_lag
AWS-KOL-103,2025-03-31T08:00:00+00:00,pressure_hpa,3.2000000000000455,3.6950417228136576,-3.8999999999999773,0.4330127018922193,7.100000000000023,16.396747644985425,-0.3333333333333333,-127.60000000000066,False,normal,True,B_likely_common_mode_with_phase_lag
AWS-KOL-015,2025-03-31T08:00:00+00:00,pressure_hpa,4.0,4.618802153517007,0.7000000000000455,3.7064999999999997,3.2999999999999545,0.8903278025090934,0.3333333333333333,10.270324868706334,False,normal,False,A_strongly_common_mode
AWS-KOL-102,2025-03-31T08:00:00+00:00,pressure_hpa,5.2999999999999545,6.119912853409981,3.2000000000000455,1.1860799999999325,2.099999999999909,1.7705382436260864,1.0,17.159263830595076,False,normal,False,C_mixed_uncertain
AWS-MUM-007,2025-03-31T08:00:00+00:00,pressure_hpa,2.2000000000000455,2.540341184434406,0.5,0.4330127018922193,1.7000000000000455,3.9259818304895604,1.0,-4.480000000000279,False,normal,False,D_strongly_isolated_transducer_spike
AWS-KOL-102,2025-03-31T09:00:00+00:00,pressure_hpa,5.2000000000000455,6.0044427995721605,3.2000000000000455,1.1860799999999325,2.0,1.6862268986915838,1.0,16.604986089731465,False,normal,False,C_mixed_uncertain
AWS-KOL-102,2025-03-31T10:00:00+00:00,pressure_hpa,4.7000000000000455,5.427092530382535,3.2000000000000455,1.1860799999999325,1.5,1.2646701740186879,1.0,13.926971342140725,False,normal,False,A_strongly_common_mode
AWS-KOL-102,2025-03-31T11:00:00+00:00,pressure_hpa,3.7999999999999545,4.3878620458411035,3.2000000000000455,1.1860799999999325,0.599999999999909,0.5058680696073985,1.0,9.49871541474228,False,normal,False,A_strongly_common_mode
AWS-KOL-103,2025-03-31T12:00:00+00:00,pressure_hpa,-2.7000000000000455,-3.117691453624032,3.7999999999999545,0.4330127018922193,-6.5,-15.01110699893027,-1.0,-107.8066666666665,False,normal,True,B_likely_common_mode_with_phase_lag
AWS-KOL-015,2025-03-31T12:00:00+00:00,pressure_hpa,-2.5,-2.886751345948129,3.2000000000000455,0.8895599999998651,-5.7000000000000455,-6.407662215028677,-1.0,-16.362400864286435,False,normal,True,B_likely_common_mode_with_phase_lag
AWS-MUM-101,2025-03-31T13:00:00+00:00,pressure_hpa,-2.8999999999999773,-3.348631561299803,1.0,0.8895600000000337,-3.8999999999999773,-4.384189936597677,-1.0,-4.003894033415593,False,normal,False,D_strongly_isolated_transducer_spike
AWS-KOL-102,2025-03-31T13:00:00+00:00,pressure_hpa,-2.3999999999999773,-2.7712812921101775,3.2000000000000455,1.1860799999999325,-5.600000000000023,-4.721435316336454,-1.0,-7.305975723174631,False,normal,True,B_likely_common_mode_with_phase_lag
AWS-MUM-007,2025-03-31T13:00:00+00:00,pressure_hpa,-2.2000000000000455,-2.540341184434406,1.0,0.8895600000000337,-3.2000000000000455,-3.597284050541756,-1.0,-3.2435596034742504,False,normal,False,D_strongly_isolated_transducer_spike
AWS-MUM-103,2025-03-31T13:00:00+00:00,pressure_hpa,-2.300000000000068,-2.6558112382723573,1.7000000000000455,0.7413,-4.000000000000114,-5.395926075812915,-1.0,-11.031342441152006,False,normal,False,D_strongly_isolated_transducer_spike
AWS-KOL-015,2025-03-31T13:00:00+00:00,pressure_hpa,-3.599999999999909,-4.156921938165201,3.2000000000000455,0.8895599999998651,-6.7999999999999545,-7.644228607402519,-1.0,-20.577115501115962,False,normal,True,B_likely_common_mode_with_phase_lag
AWS-MUM-102,2025-03-31T13:00:00+00:00,pressure_hpa,-2.300000000000068,-2.6558112382723573,1.7000000000000455,0.7413,-4.000000000000114,-5.395926075812915,-1.0,-11.031342441152006,False,normal,False,D_strongly_isolated_transducer_spike
AWS-KOL-103,2025-03-31T13:00:00+00:00,pressure_hpa,-3.8999999999999773,-4.503332099679055,3.7999999999999545,0.4330127018922193,-7.699999999999932,-17.782388291040316,-1.0,-147.966666666664,False,normal,True,B_likely_common_mode_with_phase_lag
AWS-MUM-007,2025-03-31T14:00:00+00:00,pressure_hpa,-3.1000000000000227,-3.579571668975706,1.0,0.8895600000000337,-4.100000000000023,-4.609020189756585,-1.0,-4.214866888125153,False,normal,False,D_strongly_isolated_transducer_spike
AWS-MUM-102,2025-03-31T14:00:00+00:00,pressure_hpa,-3.1000000000000227,-3.579571668975706,1.7000000000000455,0.7413,-4.800000000000068,-6.475111290975406,-1.0,-14.556866448591832,False,normal,False,D_strongly_isolated_transducer_spike
AWS-MUM-103,2025-03-31T14:00:00+00:00,pressure_hpa,-3.300000000000068,-3.8105117766516092,1.7000000000000455,0.7413,-5.000000000000114,-6.744907594766105,-1.0,-15.486889230966442,False,normal,False,D_strongly_isolated_transducer_spike
AWS-KOL-015,2025-03-31T14:00:00+00:00,pressure_hpa,-4.599999999999909,-5.311622476544453,3.2000000000000455,0.8895599999998651,-7.7999999999999545,-8.768379873197016,-1.0,-24.335576133677154,False,normal,True,B_likely_common_mode_with_phase_lag
AWS-KOL-103,2025-03-31T14:00:00+00:00,pressure_hpa,-4.899999999999977,-5.658032638058306,3.7999999999999545,0.4330127018922193,-8.699999999999932,-20.09178936779882,-1.0,-185.83333333333036,False,normal,True,B_likely_common_mode_with_phase_lag
AWS-KOL-101,2025-03-31T14:00:00+00:00,pressure_hpa,-2.3999999999999773,-2.7712812921101775,3.7999999999999545,0.4330127018922193,-6.199999999999932,-14.318286675902563,-1.0,-98.6666666666645,False,normal,True,B_likely_common_mode_with_phase_lag
AWS-KOL-102,2025-03-31T14:00:00+00:00,pressure_hpa,-3.3999999999999773,-3.9259818304894294,3.2000000000000455,1.1860799999999325,-6.600000000000023,-5.564548765682246,-1.0,-7.7754348161613365,False,normal,True,B_likely_common_mode_with_phase_lag
AWS-MUM-101,2025-03-31T14:00:00+00:00,pressure_hpa,-3.7000000000000455,-4.272391992003284,1.0,0.8895600000000337,-4.7000000000000455,-5.28351094923318,-1.0,-4.831077308666554,False,normal,False,D_strongly_isolated_transducer_spike
AWS-KOL-101,2025-03-31T15:00:00+00:00,pressure_hpa,-2.8999999999999773,-3.348631561299803,3.7999999999999545,0.4330127018922193,-6.699999999999932,-15.472987214281813,-1.0,-114.09999999999765,False,normal,True,B_likely_common_mode_with_phase_lag
AWS-KOL-015,2025-03-31T15:00:00+00:00,pressure_hpa,-5.099999999999909,-5.888972745734078,3.2000000000000455,0.8895599999998651,-8.299999999999955,-9.330455506094264,-1.0,-26.188699975603004,False,normal,True,B_likely_common_mode_with_phase_lag
AWS-MUM-103,2025-03-31T15:00:00+00:00,pressure_hpa,-4.300000000000068,-4.96521231503086,1.7000000000000455,0.7413,-6.000000000000114,-8.093889113719296,-1.0,-20.428853825924804,False,normal,False,D_strongly_isolated_transducer_spike
AWS-MUM-102,2025-03-31T15:00:00+00:00,pressure_hpa,-3.800000000000068,-4.387862045841235,1.7000000000000455,0.7413,-5.500000000000114,-7.4193983542427,-1.0,-17.89706930280263,False,normal,False,D_strongly_isolated_transducer_spike
AWS-MUM-101,2025-03-31T15:00:00+00:00,pressure_hpa,-4.600000000000023,-5.311622476544583,1.0,0.8895600000000337,-5.600000000000023,-6.295247088448009,-1.0,-5.708401285639761,False,normal,False,D_strongly_isolated_transducer_spike
AWS-MUM-007,2025-03-31T15:00:00+00:00,pressure_hpa,-3.800000000000068,-4.387862045841235,1.0,0.8895600000000337,-4.800000000000068,-5.395926075812634,-1.0,-4.931342441150351,False,normal,False,D_strongly_isolated_transducer_spike
AWS-KOL-103,2025-03-31T15:00:00+00:00,pressure_hpa,-5.300000000000068,-6.119912853410113,3.7999999999999545,0.4330127018922193,-9.100000000000023,-21.01554979850243,-1.0,-202.10000000000062,False,normal,True,B_likely_common_mode_with_phase_lag
AWS-KOL-102,2025-03-31T15:00:00+00:00,pressure_hpa,-3.8999999999999773,-4.503332099679055,3.2000000000000455,1.1860799999999325,-7.100000000000023,-5.986105490355142,-1.0,-7.776729470830103,False,normal,True,B_likely_common_mode_with_phase_lag
AWS-KOL-015,2025-03-31T16:00:00+00:00,pressure_hpa,-5.199999999999932,-6.00444279957203,3.2000000000000455,0.8895599999998651,-8.399999999999977,-9.442870632673738,-1.0,-26.557236226039866,False,normal,True,B_likely_common_mode_with_phase_lag
AWS-KOL-103,2025-03-31T16:00:00+00:00,pressure_hpa,-5.600000000000023,-6.4663230149238355,3.7999999999999545,0.4330127018922193,-9.399999999999977,-21.708370121529878,-1.0,-214.71999999999872,False,normal,True,B_likely_common_mode_with_phase_lag
AWS-KOL-101,2025-03-31T16:00:00+00:00,pressure_hpa,-3.1000000000000227,-3.579571668975706,3.7999999999999545,0.4330127018922193,-6.899999999999977,-15.93486742963362,-1.0,-120.55333333333242,False,normal,True,B_likely_common_mode_with_phase_lag
AWS-MUM-103,2025-03-31T16:00:00+00:00,pressure_hpa,-4.600000000000023,-5.311622476544583,1.7000000000000455,0.7413,-6.300000000000068,-8.498583569405191,-1.0,-22.006294676415138,False,normal,False,D_strongly_isolated_transducer_spike
AWS-MUM-101,2025-03-31T16:00:00+00:00,pressure_hpa,-4.899999999999977,-5.658032638058306,1.0,0.8895600000000337,-5.899999999999977,-6.632492468186243,-1.0,-5.9883115036071,False,normal,False,D_strongly_isolated_transducer_spike
AWS-KOL-102,2025-03-31T16:00:00+00:00,pressure_hpa,-4.0,-4.618802153517007,3.2000000000000455,1.1860799999999325,-7.2000000000000455,-6.07041683528974,-1.0,-7.7583136104178845,False,normal,True,B_likely_common_mode_with_phase_lag
AWS-MUM-102,2025-03-31T16:00:00+00:00,pressure_hpa,-4.300000000000068,-4.96521231503086,1.7000000000000455,0.7413,-6.000000000000114,-8.093889113719296,-1.0,-20.428853825924804,False,normal,False,D_strongly_isolated_transducer_spike
AWS-MUM-007,2025-03-31T16:00:00+00:00,pressure_hpa,-4.2000000000000455,-4.849742261192909,1.0,0.8895600000000337,-5.2000000000000455,-5.845586582130322,-1.0,-5.325441244590772,False,normal,False,D_strongly_isolated_transducer_spike
AWS-KOL-101,2025-03-31T17:00:00+00:00,pressure_hpa,-2.8999999999999773,-3.348631561299803,3.2000000000000455,1.1860799999999325,-6.100000000000023,-5.14299204100935,-0.3333333333333333,-7.618516900276182,False,normal,True,B_likely_common_mode_with_phase_lag
AWS-MUM-101,2025-03-31T17:00:00+00:00,pressure_hpa,-4.899999999999977,-5.658032638058306,1.0,0.8895600000000337,-5.899999999999977,-6.632492468186243,-1.0,-5.9883115036071,False,normal,False,D_strongly_isolated_transducer_spike
AWS-KOL-103,2025-03-31T17:00:00+00:00,pressure_hpa,-5.300000000000068,-6.119912853410113,0.7000000000000455,4.892579999999932,-6.000000000000114,-1.2263468354120315,-0.3333333333333333,17.9747033863046,False,normal,False,A_strongly_common_mode
AWS-KOL-015,2025-03-31T17:00:00+00:00,pressure_hpa,-5.0,-5.773502691896258,0.7000000000000455,3.7064999999999997,-5.7000000000000455,-1.5378389316066494,-0.3333333333333333,15.484192376884131,False,normal,False,C_mixed_uncertain
AWS-MUM-103,2025-03-31T17:00:00+00:00,pressure_hpa,-4.399999999999977,-5.080682368868681,1.7000000000000455,0.7413,-6.100000000000023,-8.228787265614493,-1.0,-20.949803264703082,False,normal,False,D_strongly_isolated_transducer_spike
AWS-MUM-007,2025-03-31T17:00:00+00:00,pressure_hpa,-4.300000000000068,-4.96521231503086,1.0,0.8895600000000337,-5.300000000000068,-5.958001708709776,-1.0,-5.422225513827245,False,normal,False,D_strongly_isolated_transducer_spike
AWS-MUM-102,2025-03-31T17:00:00+00:00,pressure_hpa,-4.399999999999977,-5.080682368868681,1.7000000000000455,0.7413,-6.100000000000023,-8.228787265614493,-1.0,-20.949803264703082,False,normal,False,D_strongly_isolated_transducer_spike
AWS-MUM-102,2025-03-31T18:00:00+00:00,pressure_hpa,-3.300000000000068,-3.8105117766516092,1.7000000000000455,0.7413,-5.000000000000114,-6.744907594766105,-1.0,-15.486889230966442,False,normal,False,D_strongly_isolated_transducer_spike
AWS-KOL-015,2025-03-31T18:00:00+00:00,pressure_hpa,-4.399999999999977,-5.080682368868681,0.7000000000000455,3.7064999999999997,-5.100000000000023,-1.3759611493322603,-0.3333333333333333,11.960032124430658,False,normal,False,A_strongly_common_mode
AWS-KOL-103,2025-03-31T18:00:00+00:00,pressure_hpa,-4.7000000000000455,-5.427092530382535,-4.0,0.5930399999999663,-0.7000000000000455,-1.1803588290841853,0.3333333333333333,14.03004318396846,False,normal,False,A_strongly_common_mode
AWS-MUM-007,2025-03-31T18:00:00+00:00,pressure_hpa,-3.7000000000000455,-4.272391992003284,1.0,0.8895600000000337,-4.7000000000000455,-5.28351094923318,-1.0,-4.831077308666554,False,normal,False,D_strongly_isolated_transducer_spike
AWS-MUM-101,2025-03-31T18:00:00+00:00,pressure_hpa,-4.0,-4.618802153517007,1.0,0.8895600000000337,-5.0,-5.620756328971414,-1.0,-5.129784188169433,False,normal,False,D_strongly_isolated_transducer_spike
AWS-KOL-101,2025-03-31T18:00:00+00:00,pressure_hpa,-2.300000000000068,-2.6558112382723573,-4.399999999999977,0.4447800000001011,2.099999999999909,4.7214353163348886,1.0,-7.619309056500289,False,normal,False,D_strongly_isolated_transducer_spike
AWS-MUM-103,2025-03-31T18:00:00+00:00,pressure_hpa,-3.3999999999999773,-3.9259818304894294,1.7000000000000455,0.7413,-5.100000000000023,-6.879805746661302,-1.0,-15.959196889230371,False,normal,False,D_strongly_isolated_transducer_spike
AWS-MUM-102,2025-03-31T19:00:00+00:00,pressure_hpa,-2.5,-2.886751345948129,1.7000000000000455,0.7413,-4.2000000000000455,-5.665722379603461,-1.0,-11.883538374703086,False,normal,False,D_strongly_isolated_transducer_spike
AWS-MUM-101,2025-03-31T19:00:00+00:00,pressure_hpa,-3.2000000000000455,-3.6950417228136576,1.0,0.8895600000000337,-4.2000000000000455,-4.721435316336039,-1.0,-4.319309056505734,False,normal,False,D_strongly_isolated_transducer_spike
AWS-MUM-103,2025-03-31T19:00:00+00:00,pressure_hpa,-2.5,-2.886751345948129,1.7000000000000455,0.7413,-4.2000000000000455,-5.665722379603461,-1.0,-11.883538374703086,False,normal,False,D_strongly_isolated_transducer_spike
AWS-MUM-007,2025-03-31T19:00:00+00:00,pressure_hpa,-3.0,-3.464101615137755,1.0,0.8895600000000337,-4.0,-4.496605063177131,-1.0,-4.109728547095103,False,normal,False,D_strongly_isolated_transducer_spike
AWS-MUM-101,2025-03-31T20:00:00+00:00,pressure_hpa,-2.300000000000068,-2.6558112382723573,1.0,0.8895600000000337,-3.300000000000068,-3.70969917712121,-1.0,-3.3542673257000146,False,normal,False,D_strongly_isolated_transducer_spike
AWS-MUM-007,2025-03-31T20:00:00+00:00,pressure_hpa,-2.2000000000000455,-2.540341184434406,1.0,0.8895600000000337,-3.2000000000000455,-3.597284050541756,-1.0,-3.2435596034742504,False,normal,False,D_strongly_isolated_transducer_spike
AWS-KOL-102,2025-03-31T20:00:00+00:00,pressure_hpa,2.6000000000000227,3.0022213997860803,-4.399999999999977,0.4447800000001011,7.0,15.738117721116977,-0.3333333333333333,-119.33750803520137,False,normal,True,B_likely_common_mode_with_phase_lag
AWS-KOL-102,2025-03-31T21:00:00+00:00,pressure_hpa,2.800000000000068,3.233161507461983,-4.399999999999977,0.4447800000001011,7.2000000000000455,16.187778227434706,-0.3333333333333333,-125.79541530363764,False,normal,True,B_likely_common_mode_with_phase_lag
AWS-KOL-102,2025-03-31T22:00:00+00:00,pressure_hpa,2.900000000000091,3.3486315612999347,-4.399999999999977,0.4447800000001011,7.300000000000068,16.412608480593573,-0.3333333333333333,-129.080191901959,False,normal,True,B_likely_common_mode_with_phase_lag
AWS-KOL-102,2025-03-31T23:00:00+00:00,pressure_hpa,2.6000000000000227,3.0022213997860803,-4.399999999999977,0.4447800000001011,7.0,15.738117721116977,-1.0,-119.33750803520137,False,normal,True,B_likely_common_mode_with_phase_lag
