seed,station_id,cluster_id,timestamp,fault_type,temperature_c,pressure_hpa,humidity_pct,dt_hours,v16_tier,v16_basis,v18_tier,v18_basis,v19_tier,v19_basis,v19_recovered
42,AWS-MUM-102,MUM,2025-03-05 20:00:00+00:00,drift,30.0,1009.1,30.483446449798585,1.0,3,TIER_3_STATIC_MAHALANOBIS,-1,NORMAL,-1,NORMAL,False
42,AWS-VAR-101,VAR,2025-03-05 20:00:00+00:00,drift,20.2,1001.8,37.48531107156436,1.0,3,TIER_3_STATIC_MAHALANOBIS,-1,NORMAL,-1,NORMAL,False
42,AWS-MUM-102,MUM,2025-03-05 21:00:00+00:00,drift,29.7,1009.8,25.980135739758303,1.0,3,TIER_3_STATIC_MAHALANOBIS,-1,NORMAL,-1,NORMAL,False
42,AWS-MUM-102,MUM,2025-03-05 22:00:00+00:00,drift,29.2,1010.2,22.476825029718018,1.0,3,TIER_3_STATIC_MAHALANOBIS,-1,NORMAL,2,TIER_2_ROC_CUSUM,True
42,AWS-CHN-103,CHN,2025-03-05 22:00:00+00:00,drift,24.9,1006.2,91.4743195855445,1.0,3,TIER_3_STATIC_MAHALANOBIS,-1,NORMAL,-1,NORMAL,False
42,AWS-MUM-103,MUM,2025-03-05 22:00:00+00:00,drift,29.4,1010.6,18.476266971984952,1.0,3,TIER_3_STATIC_MAHALANOBIS,-1,NORMAL,-1,NORMAL,False
42,AWS-CHN-103,CHN,2025-03-05 23:00:00+00:00,drift,24.6,1005.8,92.970650954908,1.0,3,TIER_3_STATIC_MAHALANOBIS,-1,NORMAL,-1,NORMAL,False
42,AWS-DEL-101,DEL,2025-03-05 23:00:00+00:00,drift,18.3,989.7,33.12073631861905,1.0,3,TIER_3_STATIC_MAHALANOBIS,-1,NORMAL,-1,NORMAL,False
42,AWS-CHN-103,CHN,2025-03-06 00:00:00+00:00,drift,24.1,1005.6,93.4669823242715,1.0,3,TIER_3_STATIC_MAHALANOBIS,-1,NORMAL,-1,NORMAL,False
42,AWS-CHN-102,CHN,2025-03-06 01:00:00+00:00,drift,24.7,1008.2,90.96696586866788,1.0,3,TIER_3_STATIC_MAHALANOBIS,-1,NORMAL,1,TIER_1_SPIKE,True
42,AWS-CHN-103,CHN,2025-03-06 01:00:00+00:00,drift,23.9,1005.1,92.963313693635,1.0,3,TIER_3_STATIC_MAHALANOBIS,-1,NORMAL,2,TIER_2_ROC_CUSUM,True
42,AWS-MUM-007,MUM,2025-03-06 02:00:00+00:00,drift,26.3,1010.1,17.253801559979646,1.0,3,TIER_3_STATIC_MAHALANOBIS,-1,NORMAL,-1,NORMAL,False
42,AWS-CHN-102,CHN,2025-03-06 02:00:00+00:00,drift,24.2,1007.6,92.46366245553467,1.0,3,TIER_3_STATIC_MAHALANOBIS,-1,NORMAL,1,TIER_1_SPIKE,True
42,AWS-CHN-103,CHN,2025-03-06 02:00:00+00:00,drift,23.6,1004.5,93.4596450629985,1.0,3,TIER_3_STATIC_MAHALANOBIS,-1,NORMAL,2,TIER_2_ROC_CUSUM,True
42,AWS-MUM-101,MUM,2025-03-06 02:00:00+00:00,drift,25.6,1009.7,20.4598114415448,1.0,3,TIER_3_STATIC_MAHALANOBIS,-1,NORMAL,-1,NORMAL,False
42,AWS-DEL-103,DEL,2025-03-06 03:00:00+00:00,drift,14.5,985.7,43.9612869519646,1.0,3,TIER_3_STATIC_MAHALANOBIS,-1,NORMAL,-1,NORMAL,False
42,AWS-CHN-103,CHN,2025-03-06 03:00:00+00:00,drift,23.5,1004.5,93.95597643236201,1.0,3,TIER_3_STATIC_MAHALANOBIS,-1,NORMAL,2,TIER_2_ROC_CUSUM,True
42,AWS-CHN-102,CHN,2025-03-06 03:00:00+00:00,drift,23.9,1007.5,92.96035904240145,1.0,3,TIER_3_STATIC_MAHALANOBIS,-1,NORMAL,1,TIER_1_SPIKE,True
42,AWS-CHN-102,CHN,2025-03-06 04:00:00+00:00,drift,23.6,1007.4,92.45705562926824,1.0,3,TIER_3_STATIC_MAHALANOBIS,-1,NORMAL,1,TIER_1_SPIKE,True
42,AWS-DEL-103,DEL,2025-03-06 04:00:00+00:00,drift,14.1,985.7,42.45806086462832,1.0,3,TIER_3_STATIC_MAHALANOBIS,-1,NORMAL,2,TIER_2_ROC_CUSUM,True
42,AWS-CHN-103,CHN,2025-03-06 04:00:00+00:00,drift,23.3,1004.5,92.4523078017255,1.0,3,TIER_3_STATIC_MAHALANOBIS,-1,NORMAL,-1,NORMAL,False
42,AWS-DEL-103,DEL,2025-03-06 05:00:00+00:00,drift,13.8,985.7,41.954834777292035,1.0,3,TIER_3_STATIC_MAHALANOBIS,-1,NORMAL,2,TIER_2_ROC_CUSUM,True
42,AWS-CHN-103,CHN,2025-03-06 05:00:00+00:00,drift,23.3,1005.0,89.948639171089,1.0,3,TIER_3_STATIC_MAHALANOBIS,-1,NORMAL,2,TIER_2_ROC_CUSUM,True
42,AWS-CHN-102,CHN,2025-03-06 05:00:00+00:00,drift,23.3,1007.9,91.95375221613503,1.0,3,TIER_3_STATIC_MAHALANOBIS,-1,NORMAL,1,TIER_1_SPIKE,True
42,AWS-DEL-102,DEL,2025-03-06 06:00:00+00:00,drift,11.5,984.7,50.456154986901105,1.0,3,TIER_3_STATIC_MAHALANOBIS,-1,NORMAL,-1,NORMAL,False
42,AWS-DEL-011,DEL,2025-03-06 06:00:00+00:00,drift,12.8,986.1,50.45787947412967,1.0,3,TIER_3_STATIC_MAHALANOBIS,-1,NORMAL,-1,NORMAL,False
42,AWS-DEL-103,DEL,2025-03-06 07:00:00+00:00,drift,13.5,985.7,47.94838260261947,1.0,3,TIER_3_STATIC_MAHALANOBIS,-1,NORMAL,1,TIER_1_SPIKE,True
42,AWS-DEL-011,DEL,2025-03-06 07:00:00+00:00,drift,13.2,986.6,47.955071439071645,1.0,3,TIER_3_STATIC_MAHALANOBIS,-1,NORMAL,2,TIER_2_ROC_CUSUM,True
42,AWS-DEL-102,DEL,2025-03-06 07:00:00+00:00,drift,11.9,985.3,48.953231986027845,1.0,3,TIER_3_STATIC_MAHALANOBIS,-1,NORMAL,2,TIER_2_ROC_CUSUM,True
42,AWS-BHO-103,BHO,2025-03-06 08:00:00+00:00,drift,18.547298061515974,965.6,46.0,1.0,3,TIER_3_STATIC_MAHALANOBIS,-1,NORMAL,-1,NORMAL,False
42,AWS-BHO-101,BHO,2025-03-06 08:00:00+00:00,drift,19.347269539169314,959.6,37.0,1.0,3,TIER_3_STATIC_MAHALANOBIS,-1,NORMAL,-1,NORMAL,False
42,AWS-MUM-102,MUM,2025-03-06 09:00:00+00:00,drift,29.1,1008.7,14.940407219274904,1.0,3,TIER_3_STATIC_MAHALANOBIS,-1,NORMAL,-1,NORMAL,False
42,AWS-DEL-101,DEL,2025-03-06 09:00:00+00:00,drift,19.194566252375232,990.1,37.24147263723811,1.0,3,TIER_3_STATIC_MAHALANOBIS,-1,NORMAL,-1,NORMAL,False
42,AWS-VAR-102,VAR,2025-03-06 09:00:00+00:00,drift,20.69455984936889,1004.9,39.246116252956746,1.0,3,TIER_3_STATIC_MAHALANOBIS,-1,NORMAL,-1,NORMAL,False
42,AWS-VAR-101,VAR,2025-03-06 09:00:00+00:00,drift,20.4,1001.0,30.947119857631698,1.0,3,TIER_3_STATIC_MAHALANOBIS,-1,NORMAL,-1,NORMAL,False
42,AWS-VAR-103,VAR,2025-03-06 09:00:00+00:00,drift,20.694583692517114,1003.7,37.24520237714951,1.0,3,TIER_3_STATIC_MAHALANOBIS,-1,NORMAL,-1,NORMAL,False
42,AWS-MUM-103,MUM,2025-03-06 20:00:00+00:00,drift,30.2,1009.5,7.401677455366231,1.0,3,TIER_3_STATIC_MAHALANOBIS,-1,NORMAL,-1,NORMAL,False
42,AWS-VAR-101,VAR,2025-03-06 20:00:00+00:00,drift,20.3,1003.3,27.414804215073286,1.0,3,TIER_3_STATIC_MAHALANOBIS,-1,NORMAL,-1,NORMAL,False
42,AWS-MUM-102,MUM,2025-03-06 20:00:00+00:00,drift,30.2,1009.2,9.40398940883179,1.0,3,TIER_3_STATIC_MAHALANOBIS,-1,NORMAL,-1,NORMAL,False
42,AWS-MUM-007,MUM,2025-03-06 21:00:00+00:00,drift,27.9,1010.9,20.778588455334514,1.0,3,TIER_3_STATIC_MAHALANOBIS,-1,NORMAL,-1,NORMAL,False
42,AWS-VAR-103,VAR,2025-03-06 22:00:00+00:00,drift,22.109377693878358,1002.1,38.50458392229669,1.0,3,TIER_3_STATIC_MAHALANOBIS,-1,NORMAL,-1,NORMAL,False
42,AWS-VAR-052,VAR,2025-03-06 22:00:00+00:00,drift,19.4,1003.2,25.41327877747959,1.0,3,TIER_3_STATIC_MAHALANOBIS,-1,NORMAL,-1,NORMAL,False
42,AWS-MUM-007,MUM,2025-03-06 22:00:00+00:00,drift,27.5,1010.9,15.490419344563717,1.0,3,TIER_3_STATIC_MAHALANOBIS,-1,NORMAL,-1,NORMAL,False
42,AWS-VAR-102,VAR,2025-03-06 22:00:00+00:00,drift,21.809198870266666,1003.2,47.50609181737863,1.0,3,TIER_3_STATIC_MAHALANOBIS,-1,NORMAL,-1,NORMAL,False
42,AWS-VAR-103,VAR,2025-03-06 23:00:00+00:00,drift,21.756669540136915,1001.5,41.21684404115417,1.0,3,TIER_3_STATIC_MAHALANOBIS,-1,NORMAL,-1,NORMAL,False
42,AWS-VAR-102,VAR,2025-03-06 23:00:00+00:00,drift,21.55647879495111,1002.7,50.218397630026466,1.0,3,TIER_3_STATIC_MAHALANOBIS,-1,NORMAL,-1,NORMAL,False
42,AWS-MUM-007,MUM,2025-03-06 23:00:00+00:00,drift,27.0,1010.4,13.20225023379292,1.0,3,TIER_3_STATIC_MAHALANOBIS,-1,NORMAL,-1,NORMAL,False
42,AWS-MUM-101,MUM,2025-03-06 23:00:00+00:00,drift,27.0,1009.7,9.883087829948511,1.0,3,TIER_3_STATIC_MAHALANOBIS,-1,NORMAL,-1,NORMAL,False
42,AWS-CHN-024,CHN,2025-03-06 23:00:00+00:00,drift,26.4,1008.9,82.0,1.0,3,TIER_3_STATIC_MAHALANOBIS,-1,NORMAL,-1,NORMAL,False
42,AWS-MUM-101,MUM,2025-03-07 00:00:00+00:00,drift,26.8,1009.0,8.379434324634403,1.0,3,TIER_3_STATIC_MAHALANOBIS,-1,NORMAL,-1,NORMAL,False
42,AWS-MUM-007,MUM,2025-03-07 00:00:00+00:00,drift,26.9,1009.6,13.914081123022124,1.0,3,TIER_3_STATIC_MAHALANOBIS,-1,NORMAL,-1,NORMAL,False
42,AWS-DEL-103,DEL,2025-03-07 00:00:00+00:00,drift,14.4,986.8,50.39353911790265,1.0,3,TIER_3_STATIC_MAHALANOBIS,-1,NORMAL,1,TIER_1_SPIKE,True
42,AWS-DEL-101,DEL,2025-03-07 01:00:00+00:00,drift,20.25109627137708,988.3,52.634650747028594,1.0,3,TIER_3_STATIC_MAHALANOBIS,-1,NORMAL,-1,NORMAL,False
42,AWS-MUM-007,MUM,2025-03-07 01:00:00+00:00,drift,26.7,1009.3,12.625912012251328,1.0,3,TIER_3_STATIC_MAHALANOBIS,-1,NORMAL,-1,NORMAL,False
42,AWS-MUM-101,MUM,2025-03-07 01:00:00+00:00,drift,26.2,1008.7,7.875780819320294,1.0,3,TIER_3_STATIC_MAHALANOBIS,-1,NORMAL,-1,NORMAL,False
42,AWS-MUM-007,MUM,2025-03-07 02:00:00+00:00,drift,26.1,1008.7,12.337742901480532,1.0,3,TIER_3_STATIC_MAHALANOBIS,-1,NORMAL,2,TIER_2_ROC_CUSUM,True
42,AWS-DEL-101,DEL,2025-03-07 02:00:00+00:00,drift,19.998379397564698,987.6,58.3467243788905,1.0,3,TIER_3_STATIC_MAHALANOBIS,-1,NORMAL,-1,NORMAL,False
42,AWS-MUM-007,MUM,2025-03-07 03:00:00+00:00,drift,25.6,1008.4,12.049573790709735,1.0,3,TIER_3_STATIC_MAHALANOBIS,-1,NORMAL,1,TIER_1_SPIKE,True
42,AWS-DEL-101,DEL,2025-03-07 03:00:00+00:00,drift,20.14566252375231,986.9,59.05879801075241,1.0,3,TIER_3_STATIC_MAHALANOBIS,-1,NORMAL,-1,NORMAL,False
42,AWS-DEL-101,DEL,2025-03-07 04:00:00+00:00,drift,20.19294564993993,986.7,58.77087164261431,1.0,3,TIER_3_STATIC_MAHALANOBIS,-1,NORMAL,2,TIER_2_ROC_CUSUM,True
42,AWS-MUM-007,MUM,2025-03-07 04:00:00+00:00,drift,25.3,1008.6,10.761404679938938,1.0,3,TIER_3_STATIC_MAHALANOBIS,-1,NORMAL,1,TIER_1_SPIKE,True
42,AWS-VAR-102,VAR,2025-03-07 05:00:00+00:00,drift,20.540158343057776,1001.0,54.49223250591349,1.0,3,TIER_3_STATIC_MAHALANOBIS,-1,NORMAL,-1,NORMAL,False
42,AWS-DEL-101,DEL,2025-03-07 05:00:00+00:00,drift,19.640228776127543,986.7,62.48294527447622,1.0,3,TIER_3_STATIC_MAHALANOBIS,-1,NORMAL,2,TIER_2_ROC_CUSUM,True
42,AWS-MUM-007,MUM,2025-03-07 05:00:00+00:00,drift,25.2,1009.1,8.473235569168143,1.0,3,TIER_3_STATIC_MAHALANOBIS,-1,NORMAL,1,TIER_1_SPIKE,True
42,AWS-DEL-101,DEL,2025-03-07 06:00:00+00:00,drift,19.68751190231516,987.9,66.19501890633812,1.0,3,TIER_3_STATIC_MAHALANOBIS,-1,NORMAL,2,TIER_2_ROC_CUSUM,True
42,AWS-VAR-102,VAR,2025-03-07 06:00:00+00:00,drift,21.087438267742222,1001.3,60.204538318561326,1.0,3,TIER_3_STATIC_MAHALANOBIS,-1,NORMAL,2,TIER_2_ROC_CUSUM,True
42,AWS-MUM-007,MUM,2025-03-07 07:00:00+00:00,drift,24.5,1010.9,9.896897347626549,1.0,3,TIER_3_STATIC_MAHALANOBIS,-1,NORMAL,1,TIER_1_SPIKE,True
42,AWS-MUM-102,MUM,2025-03-07 09:00:00+00:00,drift,29.9,1011.1,20.0,1.0,3,TIER_3_STATIC_MAHALANOBIS,-1,NORMAL,-1,NORMAL,False
42,AWS-MUM-103,MUM,2025-03-07 10:00:00+00:00,drift,31.68674011939514,1011.2,19.0,1.0,3,TIER_3_STATIC_MAHALANOBIS,-1,NORMAL,-1,NORMAL,False
42,AWS-KOL-015,KOL,2025-03-07 16:00:00+00:00,drift,23.049402480130365,1006.0,30.0,7.0,3,TIER_3_STATIC_MAHALANOBIS,-1,NORMAL,-1,NORMAL,False
42,AWS-KOL-101,KOL,2025-03-07 16:00:00+00:00,drift,21.94935538538111,1006.9,36.0,7.0,3,TIER_3_STATIC_MAHALANOBIS,-1,NORMAL,-1,NORMAL,False
42,AWS-RAN-103,RAN,2025-03-07 22:00:00+00:00,drift,23.528399915337122,974.0,33.0,1.0,3,TIER_3_STATIC_MAHALANOBIS,-1,NORMAL,-1,NORMAL,False
42,AWS-BHO-101,BHO,2025-03-08 00:00:00+00:00,drift,21.3,953.7,29.0,1.0,3,TIER_3_STATIC_MAHALANOBIS,-1,NORMAL,-1,NORMAL,False
42,AWS-RAN-103,RAN,2025-03-08 00:00:00+00:00,drift,24.001999902312065,974.2,33.0,1.0,3,TIER_3_STATIC_MAHALANOBIS,-1,NORMAL,-1,NORMAL,False
42,AWS-BHO-030,BHO,2025-03-08 00:00:00+00:00,drift,22.1,954.2,33.0,1.0,3,TIER_3_STATIC_MAHALANOBIS,-1,NORMAL,-1,NORMAL,False
42,AWS-MUM-103,MUM,2025-03-08 00:00:00+00:00,drift,32.80110179092708,1008.3,29.0,1.0,3,TIER_3_STATIC_MAHALANOBIS,-1,NORMAL,-1,NORMAL,False
42,AWS-BHO-030,BHO,2025-03-08 01:00:00+00:00,drift,22.0,953.4281187470468,33.0,1.0,3,TIER_3_STATIC_MAHALANOBIS,-1,NORMAL,-1,NORMAL,False
42,AWS-DEL-102,DEL,2025-03-08 02:00:00+00:00,drift,14.5,981.6876539623955,70.0,1.0,3,TIER_3_STATIC_MAHALANOBIS,-1,NORMAL,1,TIER_1_SPIKE,True
42,AWS-RAN-102,RAN,2025-03-08 03:00:00+00:00,drift,20.762461476455574,968.3,59.0,1.0,3,TIER_3_STATIC_MAHALANOBIS,-1,NORMAL,-1,NORMAL,False
42,AWS-DEL-011,DEL,2025-03-08 03:00:00+00:00,drift,15.7,981.9807242143625,59.0,1.0,3,TIER_3_STATIC_MAHALANOBIS,-1,NORMAL,1,TIER_1_SPIKE,True
42,AWS-RAN-102,RAN,2025-03-08 04:00:00+00:00,drift,20.249264891814214,968.4,65.0,1.0,3,TIER_3_STATIC_MAHALANOBIS,-1,NORMAL,2,TIER_2_ROC_CUSUM,True
42,AWS-CHN-101,CHN,2025-03-08 04:00:00+00:00,drift,22.7,1006.5,91.72448503725617,19.0,1,TIER_1_SPIKE,-1,NORMAL,-1,NORMAL,False
42,AWS-DEL-011,DEL,2025-03-08 04:00:00+00:00,drift,15.2,981.4742989524834,61.0,1.0,3,TIER_3_STATIC_MAHALANOBIS,-1,NORMAL,-1,NORMAL,False
42,AWS-MUM-102,MUM,2025-03-08 04:00:00+00:00,drift,30.847418712639158,1006.2,36.0,1.0,3,TIER_3_STATIC_MAHALANOBIS,-1,NORMAL,-1,NORMAL,False
42,AWS-DEL-011,DEL,2025-03-08 05:00:00+00:00,drift,14.6,981.4678736906042,62.0,1.0,3,TIER_3_STATIC_MAHALANOBIS,-1,NORMAL,2,TIER_2_ROC_CUSUM,True
42,AWS-CHN-101,CHN,2025-03-08 05:00:00+00:00,drift,23.2,1006.8,89.20152545702753,20.0,1,TIER_1_SPIKE,-1,NORMAL,-1,NORMAL,False
42,AWS-MUM-102,MUM,2025-03-08 05:00:00+00:00,drift,30.634124960672796,1006.3,37.0,1.0,3,TIER_3_STATIC_MAHALANOBIS,-1,NORMAL,2,TIER_2_ROC_CUSUM,True
42,AWS-RAN-102,RAN,2025-03-08 05:00:00+00:00,drift,20.436068307172857,969.0,67.0,1.0,3,TIER_3_STATIC_MAHALANOBIS,-1,NORMAL,1,TIER_1_SPIKE,True
42,AWS-MUM-102,MUM,2025-03-08 06:00:00+00:00,drift,30.120831208706438,1007.1,42.0,1.0,3,TIER_3_STATIC_MAHALANOBIS,-1,NORMAL,1,TIER_1_SPIKE,True
42,AWS-CHN-101,CHN,2025-03-08 06:00:00+00:00,drift,23.1,1007.3,90.67856587679887,21.0,1,TIER_1_SPIKE,-1,NORMAL,2,TIER_2_ROC_CUSUM,True
42,AWS-KOL-103,KOL,2025-03-08 06:00:00+00:00,drift,20.4,1008.1,78.6779987299009,21.0,1,TIER_1_SPIKE,-1,NORMAL,1,TIER_1_SPIKE,True
42,AWS-DEL-011,DEL,2025-03-08 06:00:00+00:00,drift,14.7,981.761448428725,66.0,1.0,3,TIER_3_STATIC_MAHALANOBIS,-1,NORMAL,2,TIER_2_ROC_CUSUM,True
42,AWS-CHN-024,CHN,2025-03-08 07:00:00+00:00,drift,25.0,1009.2,71.16097908125708,1.0,1,TIER_1_SPIKE,-1,NORMAL,-1,NORMAL,False
42,AWS-CHN-102,CHN,2025-03-08 07:00:00+00:00,drift,24.7,1006.3263725012906,89.0,1.0,3,TIER_3_STATIC_MAHALANOBIS,-1,NORMAL,-1,NORMAL,False
42,AWS-BHO-102,BHO,2025-03-08 08:00:00+00:00,drift,21.6,959.6246123111515,37.0,1.0,3,TIER_3_STATIC_MAHALANOBIS,-1,NORMAL,-1,NORMAL,False
42,AWS-VAR-102,VAR,2025-03-08 08:00:00+00:00,drift,20.5,997.8121513421669,59.0,1.0,3,TIER_3_STATIC_MAHALANOBIS,-1,NORMAL,-1,NORMAL,False
42,AWS-CHN-103,CHN,2025-03-08 08:00:00+00:00,drift,26.1,1003.8150107451678,76.0,1.0,3,TIER_3_STATIC_MAHALANOBIS,-1,NORMAL,-1,NORMAL,False
42,AWS-BHO-030,BHO,2025-03-08 08:00:00+00:00,drift,23.1,952.8249499763739,34.0,1.0,3,TIER_3_STATIC_MAHALANOBIS,-1,NORMAL,-1,NORMAL,False
42,AWS-BHO-103,BHO,2025-03-08 08:00:00+00:00,drift,21.7,958.150413501286,42.0,1.0,3,TIER_3_STATIC_MAHALANOBIS,-1,NORMAL,-1,NORMAL,False
42,AWS-MUM-007,MUM,2025-03-08 08:00:00+00:00,drift,25.7,1007.4840557409219,30.0,1.0,3,TIER_3_STATIC_MAHALANOBIS,-1,NORMAL,1,TIER_1_SPIKE,True
42,AWS-DEL-101,DEL,2025-03-08 08:00:00+00:00,drift,18.7,984.2128052149798,54.0,1.0,3,TIER_3_STATIC_MAHALANOBIS,-1,NORMAL,-1,NORMAL,False
42,AWS-VAR-102,VAR,2025-03-08 19:00:00+00:00,drift,21.6,992.4413594376463,52.0,1.0,3,TIER_3_STATIC_MAHALANOBIS,-1,NORMAL,-1,NORMAL,False
42,AWS-KOL-102,KOL,2025-03-08 19:00:00+00:00,drift,27.3,1008.4,44.87514350642434,33.0,3,TIER_3_STATIC_MAHALANOBIS,-1,NORMAL,-1,NORMAL,False
42,AWS-CHN-103,CHN,2025-03-08 20:00:00+00:00,drift,26.3,997.8375268629195,78.0,1.0,3,TIER_3_STATIC_MAHALANOBIS,-1,NORMAL,-1,NORMAL,False
42,AWS-VAR-103,VAR,2025-03-08 20:00:00+00:00,drift,21.3,991.8443841189647,43.0,1.0,3,TIER_3_STATIC_MAHALANOBIS,-1,NORMAL,-1,NORMAL,False
42,AWS-CHN-102,CHN,2025-03-08 22:00:00+00:00,drift,25.9,1001.7114564326275,83.0,1.0,3,TIER_3_STATIC_MAHALANOBIS,-1,NORMAL,-1,NORMAL,False
42,AWS-BHO-030,BHO,2025-03-08 22:00:00+00:00,drift,23.3,948.6186124350284,28.0,1.0,3,TIER_3_STATIC_MAHALANOBIS,-1,NORMAL,-1,NORMAL,False
42,AWS-BHO-102,BHO,2025-03-08 22:00:00+00:00,drift,22.2,956.0426838556667,28.0,1.0,3,TIER_3_STATIC_MAHALANOBIS,-1,NORMAL,-1,NORMAL,False
42,AWS-BHO-103,BHO,2025-03-08 22:00:00+00:00,drift,20.7,954.0136371285366,28.0,1.0,3,TIER_3_STATIC_MAHALANOBIS,-1,NORMAL,-1,NORMAL,False
42,AWS-DEL-101,DEL,2025-03-08 22:00:00+00:00,drift,19.7,980.2602143411942,51.0,1.0,3,TIER_3_STATIC_MAHALANOBIS,-1,NORMAL,-1,NORMAL,False
42,AWS-BHO-101,BHO,2025-03-08 22:00:00+00:00,drift,22.0,948.0304959606782,24.0,1.0,3,TIER_3_STATIC_MAHALANOBIS,-1,NORMAL,-1,NORMAL,False
42,AWS-CHN-102,CHN,2025-03-08 23:00:00+00:00,drift,25.4,1001.4437953613833,86.0,1.0,3,TIER_3_STATIC_MAHALANOBIS,-1,NORMAL,-1,NORMAL,False
42,AWS-CHN-101,CHN,2025-03-08 23:00:00+00:00,drift,24.0,1007.7,75.7882530129118,4.0,1,TIER_1_SPIKE,-1,NORMAL,-1,NORMAL,False
42,AWS-BHO-101,BHO,2025-03-08 23:00:00+00:00,drift,21.7,947.5591548679818,24.0,1.0,3,TIER_3_STATIC_MAHALANOBIS,-1,NORMAL,-1,NORMAL,False
42,AWS-CHN-101,CHN,2025-03-09 00:00:00+00:00,drift,23.4,1007.2,77.26529343268314,5.0,1,TIER_1_SPIKE,-1,NORMAL,-1,NORMAL,False
42,AWS-BHO-101,BHO,2025-03-09 00:00:00+00:00,drift,21.4,947.2878137752853,24.0,1.0,3,TIER_3_STATIC_MAHALANOBIS,-1,NORMAL,-1,NORMAL,False
42,AWS-CHN-101,CHN,2025-03-09 01:00:00+00:00,drift,23.1,1006.6,76.7423338524545,6.0,1,TIER_1_SPIKE,-1,NORMAL,2,TIER_2_ROC_CUSUM,True
42,AWS-KOL-103,KOL,2025-03-09 01:00:00+00:00,drift,21.9,1009.5,75.74099700619499,40.0,1,TIER_1_SPIKE,-1,NORMAL,1,TIER_1_SPIKE,True
42,AWS-KOL-103,KOL,2025-03-09 02:00:00+00:00,drift,21.7,1009.6,75.21799691547363,41.0,1,TIER_1_SPIKE,-1,NORMAL,1,TIER_1_SPIKE,True
42,AWS-CHN-101,CHN,2025-03-09 02:00:00+00:00,drift,22.9,1006.0,77.21937427222583,7.0,1,TIER_1_SPIKE,-1,NORMAL,2,TIER_2_ROC_CUSUM,True
42,AWS-DEL-102,DEL,2025-03-09 02:00:00+00:00,drift,16.4,975.3395015111428,63.0,1.0,3,TIER_3_STATIC_MAHALANOBIS,-1,NORMAL,1,TIER_1_SPIKE,True
42,AWS-KOL-103,KOL,2025-03-09 03:00:00+00:00,drift,21.6,1009.5,77.69499682475227,42.0,1,TIER_1_SPIKE,-1,NORMAL,1,TIER_1_SPIKE,True
42,AWS-KOL-103,KOL,2025-03-09 04:00:00+00:00,drift,21.5,1009.8,78.1719967340309,43.0,1,TIER_1_SPIKE,-1,NORMAL,1,TIER_1_SPIKE,True
42,AWS-DEL-102,DEL,2025-03-09 04:00:00+00:00,drift,15.7,974.2271554735385,67.0,1.0,3,TIER_3_STATIC_MAHALANOBIS,-1,NORMAL,1,TIER_1_SPIKE,True
42,AWS-DEL-102,DEL,2025-03-09 05:00:00+00:00,drift,15.7,974.2209824547363,67.0,1.0,3,TIER_3_STATIC_MAHALANOBIS,-1,NORMAL,1,TIER_1_SPIKE,True
42,AWS-KOL-103,KOL,2025-03-09 05:00:00+00:00,drift,21.1,1010.4,79.64899664330954,44.0,1,TIER_1_SPIKE,-1,NORMAL,1,TIER_1_SPIKE,True
42,AWS-DEL-102,DEL,2025-03-09 06:00:00+00:00,drift,16.2,975.0148094359341,72.0,1.0,3,TIER_3_STATIC_MAHALANOBIS,-1,NORMAL,1,TIER_1_SPIKE,True
42,AWS-CHN-101,CHN,2025-03-09 06:00:00+00:00,drift,22.9,1007.3,80.12753595131123,11.0,1,TIER_1_SPIKE,-1,NORMAL,-1,NORMAL,False
42,AWS-CHN-102,CHN,2025-03-09 07:00:00+00:00,drift,24.8,1000.0025067914296,93.0,1.0,3,TIER_3_STATIC_MAHALANOBIS,-1,NORMAL,-1,NORMAL,False
42,AWS-DEL-102,DEL,2025-03-09 07:00:00+00:00,drift,16.4,975.7086364171319,72.0,1.0,3,TIER_3_STATIC_MAHALANOBIS,-1,NORMAL,1,TIER_1_SPIKE,True
42,AWS-VAR-101,VAR,2025-03-09 07:00:00+00:00,drift,18.2,1003.2,63.0,1.0,3,TIER_3_STATIC_MAHALANOBIS,-1,NORMAL,-1,NORMAL,False
42,AWS-RAN-102,RAN,2025-03-09 07:00:00+00:00,drift,18.6,974.2,56.0,1.0,3,TIER_3_STATIC_MAHALANOBIS,-1,NORMAL,1,TIER_1_SPIKE,True
42,AWS-VAR-052,VAR,2025-03-09 07:00:00+00:00,drift,19.5,1003.3,56.0,1.0,3,TIER_3_STATIC_MAHALANOBIS,-1,NORMAL,-1,NORMAL,False
42,AWS-CHN-024,CHN,2025-03-09 08:00:00+00:00,frozen_value,26.8,1009.3848288551409,81.0,2.0,1,TIER_1_SPIKE,-1,NORMAL,-1,NORMAL,False
42,AWS-KOL-102,KOL,2025-03-09 08:00:00+00:00,drift,26.7,1012.5848288551409,52.0742866761842,46.0,1,TIER_1_SPIKE,-1,NORMAL,-1,NORMAL,False
42,AWS-CHN-103,CHN,2025-03-09 08:00:00+00:00,drift,26.1,997.3600429806713,82.0,1.0,3,TIER_3_STATIC_MAHALANOBIS,-1,NORMAL,-1,NORMAL,False
42,AWS-BHO-102,BHO,2025-03-09 08:00:00+00:00,drift,22.6,955.4984492446063,39.0,1.0,3,TIER_3_STATIC_MAHALANOBIS,-1,NORMAL,-1,NORMAL,False
42,AWS-VAR-102,VAR,2025-03-09 08:00:00+00:00,drift,21.8,993.0486053686675,57.0,1.0,3,TIER_3_STATIC_MAHALANOBIS,-1,NORMAL,-1,NORMAL,False
42,AWS-VAR-103,VAR,2025-03-09 08:00:00+00:00,drift,22.3,991.8510145903437,56.0,1.0,3,TIER_3_STATIC_MAHALANOBIS,-1,NORMAL,-1,NORMAL,False
42,AWS-MUM-101,MUM,2025-03-09 09:00:00+00:00,drift,28.9,1009.2306327197931,38.0,1.0,3,TIER_3_STATIC_MAHALANOBIS,-1,NORMAL,-1,NORMAL,False
42,AWS-MUM-102,MUM,2025-03-09 09:00:00+00:00,drift,30.5,1008.6308990861191,32.0,1.0,3,TIER_3_STATIC_MAHALANOBIS,-1,NORMAL,-1,NORMAL,False
42,AWS-MUM-103,MUM,2025-03-09 18:00:00+00:00,drift,33.7,1003.9906755861813,31.0,1.0,3,TIER_3_STATIC_MAHALANOBIS,-1,NORMAL,-1,NORMAL,False
42,AWS-MUM-102,MUM,2025-03-09 19:00:00+00:00,drift,31.1,1004.8440023674341,40.0,1.0,3,TIER_3_STATIC_MAHALANOBIS,-1,NORMAL,-1,NORMAL,False
42,AWS-RAN-103,RAN,2025-03-09 20:00:00+00:00,drift,24.0,976.2167552617087,37.0,1.0,3,TIER_3_STATIC_MAHALANOBIS,-1,NORMAL,-1,NORMAL,False
42,AWS-KOL-102,KOL,2025-03-09 20:00:00+00:00,drift,27.7,1012.7684071908019,56.0,58.0,1,TIER_1_SPIKE,-1,NORMAL,-1,NORMAL,False
42,AWS-MUM-101,MUM,2025-03-09 20:00:00+00:00,drift,30.0,1006.3449832951844,36.0,1.0,3,TIER_3_STATIC_MAHALANOBIS,-1,NORMAL,-1,NORMAL,False
42,AWS-MUM-102,MUM,2025-03-09 20:00:00+00:00,drift,30.7,1006.1509544689873,41.0,1.0,3,TIER_3_STATIC_MAHALANOBIS,-1,NORMAL,-1,NORMAL,False
42,AWS-RAN-101,RAN,2025-03-09 20:00:00+00:00,drift,23.0,940.8194306476664,34.0,1.0,3,TIER_3_STATIC_MAHALANOBIS,-1,NORMAL,-1,NORMAL,False
42,AWS-RAN-103,RAN,2025-03-09 21:00:00+00:00,drift,23.6,976.2435287446951,39.0,1.0,3,TIER_3_STATIC_MAHALANOBIS,-1,NORMAL,-1,NORMAL,False
42,AWS-CHN-024,CHN,2025-03-09 22:00:00+00:00,drift,27.9,1011.0503627701419,67.0,16.0,1,TIER_1_SPIKE,-1,NORMAL,-1,NORMAL,False
42,AWS-KOL-015,KOL,2025-03-09 23:00:00+00:00,drift,24.6,1012.1045163255042,1.1219694300458514,62.0,1,TIER_1_SPIKE,-1,NORMAL,-1,NORMAL,False
42,AWS-RAN-102,RAN,2025-03-09 23:00:00+00:00,drift,20.2,972.8086935892934,47.0,1.0,3,TIER_3_STATIC_MAHALANOBIS,-1,NORMAL,1,TIER_1_SPIKE,True
42,AWS-VAR-101,VAR,2025-03-10 00:00:00+00:00,drift,19.5,1002.7461485305257,55.0,1.0,3,TIER_3_STATIC_MAHALANOBIS,-1,NORMAL,-1,NORMAL,False
42,AWS-RAN-102,RAN,2025-03-10 00:00:00+00:00,drift,19.8,972.4019661133319,50.0,1.0,3,TIER_3_STATIC_MAHALANOBIS,-1,NORMAL,1,TIER_1_SPIKE,True
42,AWS-VAR-052,VAR,2025-03-10 00:00:00+00:00,drift,21.0,1002.7332704169814,51.0,1.0,3,TIER_3_STATIC_MAHALANOBIS,-1,NORMAL,-1,NORMAL,False
42,AWS-RAN-067,RAN,2025-03-10 02:00:00+00:00,drift,17.3,938.6781451181059,55.0,1.0,3,TIER_3_STATIC_MAHALANOBIS,-1,NORMAL,1,TIER_1_SPIKE,True
42,AWS-RAN-067,RAN,2025-03-10 03:00:00+00:00,drift,17.4,938.1644865809237,57.0,1.0,3,TIER_3_STATIC_MAHALANOBIS,-1,NORMAL,1,TIER_1_SPIKE,True
42,AWS-DEL-103,DEL,2025-03-10 03:00:00+00:00,drift,17.8,984.6480561702032,71.0,1.0,3,TIER_3_STATIC_MAHALANOBIS,-1,NORMAL,2,TIER_2_ROC_CUSUM,True
42,AWS-DEL-103,DEL,2025-03-10 04:00:00+00:00,drift,17.4,984.4224210986929,71.0,1.0,3,TIER_3_STATIC_MAHALANOBIS,-1,NORMAL,1,TIER_1_SPIKE,True
42,AWS-RAN-067,RAN,2025-03-10 04:00:00+00:00,drift,17.3,937.9402405011035,59.0,1.0,3,TIER_3_STATIC_MAHALANOBIS,-1,NORMAL,1,TIER_1_SPIKE,True
42,AWS-RAN-067,RAN,2025-03-10 05:00:00+00:00,drift,16.8,937.9055788818492,62.0,1.0,3,TIER_3_STATIC_MAHALANOBIS,-1,NORMAL,1,TIER_1_SPIKE,True
42,AWS-CHN-101,CHN,2025-03-10 05:00:00+00:00,drift,23.7,1007.068881090582,87.0,8.0,1,TIER_1_SPIKE,-1,NORMAL,-1,NORMAL,False
42,AWS-DEL-103,DEL,2025-03-10 05:00:00+00:00,drift,16.9,984.7863258700997,71.0,1.0,3,TIER_3_STATIC_MAHALANOBIS,-1,NORMAL,1,TIER_1_SPIKE,True
42,AWS-KOL-103,KOL,2025-03-10 05:00:00+00:00,drift,21.0,1010.9073885766121,99.0,8.0,1,TIER_1_SPIKE,-1,NORMAL,1,TIER_1_SPIKE,True
42,AWS-MUM-102,MUM,2025-03-10 08:00:00+00:00,drift,30.41472129722184,1004.9036653349812,47.0,1.0,3,TIER_3_STATIC_MAHALANOBIS,-1,NORMAL,-1,NORMAL,False
42,AWS-CHN-024,CHN,2025-03-10 16:00:00+00:00,drift,29.6,1003.3640954176268,57.0,34.0,1,TIER_1_SPIKE,-1,NORMAL,-1,NORMAL,False
42,AWS-MUM-103,MUM,2025-03-10 18:00:00+00:00,drift,34.1,998.6086650692539,25.0,1.0,3,TIER_3_STATIC_MAHALANOBIS,-1,NORMAL,-1,NORMAL,False
42,AWS-MUM-102,MUM,2025-03-10 19:00:00+00:00,drift,31.5,999.7693652787817,40.0,1.0,3,TIER_3_STATIC_MAHALANOBIS,-1,NORMAL,-1,NORMAL,False
42,AWS-RAN-101,RAN,2025-03-10 19:00:00+00:00,drift,24.1,932.265056636471,39.0,1.0,3,TIER_3_STATIC_MAHALANOBIS,-1,NORMAL,-1,NORMAL,False
42,AWS-KOL-102,KOL,2025-03-10 20:00:00+00:00,drift,28.9,1004.006775139636,43.0,16.0,1,TIER_1_SPIKE,-1,NORMAL,-1,NORMAL,False
42,AWS-MUM-103,MUM,2025-03-11 07:00:00+00:00,unstructured_anomaly,33.03203597957148,1003.8691992440208,23.895869538139877,4.0,1,TIER_1_SPIKE,-1,NORMAL,-1,NORMAL,False
42,AWS-MUM-102,MUM,2025-03-11 07:00:00+00:00,unstructured_anomaly,32.83203597957148,1003.7691992440208,26.895869538139877,9.0,1,TIER_1_SPIKE,-1,NORMAL,-1,NORMAL,False
42,AWS-MUM-101,MUM,2025-03-11 07:00:00+00:00,unstructured_anomaly,32.53203597957148,1004.0691992440209,24.895869538139877,4.0,1,TIER_1_SPIKE,-1,NORMAL,-1,NORMAL,False
42,AWS-CHN-024,CHN,2025-03-11 08:00:00+00:00,drift,29.0,1000.8571155977454,68.0,50.0,1,TIER_1_SPIKE,-1,NORMAL,-1,NORMAL,False
42,AWS-RAN-103,RAN,2025-03-11 11:00:00+00:00,unstructured_anomaly,25.68460156101763,986.3327469328932,34.615626277120946,1.0,3,TIER_3_STATIC_MAHALANOBIS,-1,NORMAL,-1,NORMAL,False
42,AWS-VAR-102,VAR,2025-03-11 20:00:00+00:00,unstructured_anomaly,18.30274729590697,1009.527449125787,72.06316573430263,1.0,3,TIER_3_STATIC_MAHALANOBIS,-1,NORMAL,-1,NORMAL,False
42,AWS-VAR-101,VAR,2025-03-12 01:00:00+00:00,frozen_value,22.6,999.6,51.0,1.0,3,TIER_3_STATIC_MAHALANOBIS,-1,NORMAL,-1,NORMAL,False
42,AWS-VAR-052,VAR,2025-03-12 01:00:00+00:00,frozen_value,23.3,999.5,48.0,1.0,3,TIER_3_STATIC_MAHALANOBIS,-1,NORMAL,-1,NORMAL,False
42,AWS-VAR-052,VAR,2025-03-12 02:00:00+00:00,frozen_value,22.8,999.5,50.0,1.0,3,TIER_3_STATIC_MAHALANOBIS,-1,NORMAL,2,TIER_2_ROC_CUSUM,True
42,AWS-VAR-101,VAR,2025-03-12 02:00:00+00:00,frozen_value,22.1,999.6,53.0,1.0,3,TIER_3_STATIC_MAHALANOBIS,-1,NORMAL,2,TIER_2_ROC_CUSUM,True
42,AWS-RAN-067,RAN,2025-03-12 02:00:00+00:00,frozen_value,19.3,939.1,46.0,1.0,3,TIER_3_STATIC_MAHALANOBIS,-1,NORMAL,1,TIER_1_SPIKE,True
42,AWS-VAR-101,VAR,2025-03-12 03:00:00+00:00,frozen_value,21.9,999.6,54.0,1.0,3,TIER_3_STATIC_MAHALANOBIS,-1,NORMAL,2,TIER_2_ROC_CUSUM,True
42,AWS-RAN-067,RAN,2025-03-12 03:00:00+00:00,frozen_value,19.3,939.1,46.0,1.0,3,TIER_3_STATIC_MAHALANOBIS,-1,NORMAL,1,TIER_1_SPIKE,True
42,AWS-VAR-052,VAR,2025-03-12 03:00:00+00:00,frozen_value,22.5,999.5,51.0,1.0,3,TIER_3_STATIC_MAHALANOBIS,-1,NORMAL,1,TIER_1_SPIKE,True
42,AWS-VAR-052,VAR,2025-03-12 04:00:00+00:00,frozen_value,22.2,999.5,52.0,1.0,3,TIER_3_STATIC_MAHALANOBIS,-1,NORMAL,1,TIER_1_SPIKE,True
42,AWS-VAR-101,VAR,2025-03-12 04:00:00+00:00,frozen_value,21.7,999.6,54.0,1.0,3,TIER_3_STATIC_MAHALANOBIS,-1,NORMAL,1,TIER_1_SPIKE,True
42,AWS-RAN-067,RAN,2025-03-12 04:00:00+00:00,frozen_value,19.9,939.1,43.0,1.0,3,TIER_3_STATIC_MAHALANOBIS,-1,NORMAL,-1,NORMAL,False
42,AWS-RAN-067,RAN,2025-03-12 05:00:00+00:00,frozen_value,20.1,939.1,41.0,1.0,3,TIER_3_STATIC_MAHALANOBIS,-1,NORMAL,2,TIER_2_ROC_CUSUM,True
42,AWS-VAR-052,VAR,2025-03-12 05:00:00+00:00,frozen_value,21.8,999.5,52.0,1.0,3,TIER_3_STATIC_MAHALANOBIS,-1,NORMAL,1,TIER_1_SPIKE,True
42,AWS-VAR-101,VAR,2025-03-12 05:00:00+00:00,frozen_value,21.4,999.6,54.0,1.0,3,TIER_3_STATIC_MAHALANOBIS,-1,NORMAL,1,TIER_1_SPIKE,True
42,AWS-DEL-103,DEL,2025-03-12 05:00:00+00:00,frozen_value,19.6,985.3,74.0,1.0,3,TIER_3_STATIC_MAHALANOBIS,-1,NORMAL,2,TIER_2_ROC_CUSUM,True
42,AWS-CHN-101,CHN,2025-03-12 06:00:00+00:00,drift,24.8,1008.0142435063597,98.0,24.0,3,TIER_3_STATIC_MAHALANOBIS,-1,NORMAL,-1,NORMAL,False
42,AWS-RAN-067,RAN,2025-03-12 06:00:00+00:00,frozen_value,19.8,939.1,45.0,1.0,3,TIER_3_STATIC_MAHALANOBIS,-1,NORMAL,2,TIER_2_ROC_CUSUM,True
42,AWS-KOL-103,KOL,2025-03-12 06:00:00+00:00,drift,22.6,1007.7142435063597,80.0,15.0,1,TIER_1_SPIKE,-1,NORMAL,1,TIER_1_SPIKE,True
42,AWS-RAN-102,RAN,2025-03-12 07:00:00+00:00,frozen_value,20.6,970.8,60.0,1.0,3,TIER_3_STATIC_MAHALANOBIS,-1,NORMAL,1,TIER_1_SPIKE,True
42,AWS-DEL-103,DEL,2025-03-12 07:00:00+00:00,frozen_value,19.4,985.3,80.0,1.0,3,TIER_3_STATIC_MAHALANOBIS,-1,NORMAL,-1,NORMAL,False
42,AWS-CHN-024,CHN,2025-03-12 08:00:00+00:00,drift,27.13410252578264,1008.9080889852544,87.0,1.0,1,TIER_1_SPIKE,-1,NORMAL,-1,NORMAL,False
42,AWS-RAN-101,RAN,2025-03-12 08:00:00+00:00,frozen_value,25.8,939.4,36.0,1.0,3,TIER_3_STATIC_MAHALANOBIS,-1,NORMAL,-1,NORMAL,False
42,AWS-MUM-102,MUM,2025-03-12 09:00:00+00:00,frozen_value,32.6,1009.0,35.0,1.0,1,TIER_1_SPIKE,-1,NORMAL,-1,NORMAL,False
42,AWS-MUM-101,MUM,2025-03-12 09:00:00+00:00,frozen_value,30.9,1009.4,40.0,30.0,1,TIER_1_SPIKE,-1,NORMAL,-1,NORMAL,False
42,AWS-CHN-103,CHN,2025-03-12 18:00:00+00:00,frozen_value,27.6,1004.9,79.0,1.0,3,TIER_3_STATIC_MAHALANOBIS,-1,NORMAL,-1,NORMAL,False
42,AWS-CHN-102,CHN,2025-03-12 18:00:00+00:00,frozen_value,27.7,1007.9,84.0,1.0,3,TIER_3_STATIC_MAHALANOBIS,-1,NORMAL,-1,NORMAL,False
42,AWS-MUM-103,MUM,2025-03-12 19:00:00+00:00,drift,35.03603915469384,1006.8,41.0,40.0,1,TIER_1_SPIKE,-1,NORMAL,-1,NORMAL,False
42,AWS-BHO-102,BHO,2025-03-12 20:00:00+00:00,frozen_value,27.5,959.2724288651539,20.0,1.0,3,TIER_3_STATIC_MAHALANOBIS,-1,NORMAL,-1,NORMAL,False
42,AWS-MUM-103,MUM,2025-03-12 20:00:00+00:00,drift,34.56975903393582,1008.1,46.0,41.0,1,TIER_1_SPIKE,-1,NORMAL,-1,NORMAL,False
42,AWS-MUM-007,MUM,2025-03-12 22:00:00+00:00,frozen_value,28.4,1007.3270340836649,66.0,4.0,1,TIER_1_SPIKE,-1,NORMAL,-1,NORMAL,False
42,AWS-MUM-103,MUM,2025-03-12 22:00:00+00:00,drift,34.33719879241977,1009.3,51.0,43.0,1,TIER_1_SPIKE,-1,NORMAL,2,TIER_2_ROC_CUSUM,True
42,AWS-DEL-101,DEL,2025-03-12 22:00:00+00:00,frozen_value,24.9,984.2270340836649,52.0,1.0,3,TIER_3_STATIC_MAHALANOBIS,-1,NORMAL,-1,NORMAL,False
42,AWS-BHO-030,BHO,2025-03-12 23:00:00+00:00,frozen_value,25.6,952.7913711920353,26.0,1.0,3,TIER_3_STATIC_MAHALANOBIS,-1,NORMAL,-1,NORMAL,False
42,AWS-MUM-103,MUM,2025-03-12 23:00:00+00:00,drift,33.97091867166174,1009.2,54.0,44.0,1,TIER_1_SPIKE,-1,NORMAL,-1,NORMAL,False
42,AWS-MUM-007,MUM,2025-03-12 23:00:00+00:00,frozen_value,27.9,1007.2913711920353,69.0,5.0,1,TIER_1_SPIKE,-1,NORMAL,-1,NORMAL,False
42,AWS-MUM-103,MUM,2025-03-13 00:00:00+00:00,drift,33.704638550903724,1008.8,57.0,45.0,1,TIER_1_SPIKE,-1,NORMAL,2,TIER_2_ROC_CUSUM,True
42,AWS-MUM-103,MUM,2025-03-13 01:00:00+00:00,drift,33.4383584301457,1008.4,61.0,46.0,1,TIER_1_SPIKE,-1,NORMAL,-1,NORMAL,False
42,AWS-RAN-101,RAN,2025-03-13 02:00:00+00:00,drift,26.771969913825508,936.3,35.0,1.0,3,TIER_3_STATIC_MAHALANOBIS,-1,NORMAL,-1,NORMAL,False
42,AWS-RAN-101,RAN,2025-03-13 03:00:00+00:00,drift,26.705682050527333,936.1,37.0,1.0,3,TIER_3_STATIC_MAHALANOBIS,-1,NORMAL,2,TIER_2_ROC_CUSUM,True
42,AWS-RAN-101,RAN,2025-03-13 04:00:00+00:00,drift,26.739394187229156,936.1,39.0,1.0,3,TIER_3_STATIC_MAHALANOBIS,-1,NORMAL,2,TIER_2_ROC_CUSUM,True
42,AWS-RAN-101,RAN,2025-03-13 05:00:00+00:00,drift,26.973106323930978,936.7,39.0,1.0,3,TIER_3_STATIC_MAHALANOBIS,-1,NORMAL,2,TIER_2_ROC_CUSUM,True
42,AWS-DEL-102,DEL,2025-03-13 05:00:00+00:00,drift,19.2,980.2,68.32561630976076,1.0,3,TIER_3_STATIC_MAHALANOBIS,-1,NORMAL,1,TIER_1_SPIKE,True
42,AWS-MUM-103,MUM,2025-03-13 06:00:00+00:00,drift,32.806957826355585,1008.2,70.0,51.0,1,TIER_1_SPIKE,-1,NORMAL,-1,NORMAL,False
42,AWS-CHN-103,CHN,2025-03-13 08:00:00+00:00,drift,28.0,1006.8,75.3783636300023,1.0,3,TIER_3_STATIC_MAHALANOBIS,-1,NORMAL,-1,NORMAL,False
42,AWS-CHN-102,CHN,2025-03-13 08:00:00+00:00,drift,27.9,1009.9,77.38226673442577,1.0,3,TIER_3_STATIC_MAHALANOBIS,-1,NORMAL,-1,NORMAL,False
42,AWS-MUM-007,MUM,2025-03-13 17:00:00+00:00,unstructured_anomaly,25.882073567717967,1013.8980559286679,66.96164510648005,23.0,1,TIER_1_SPIKE,-1,NORMAL,-1,NORMAL,False
42,AWS-CHN-103,CHN,2025-03-13 18:00:00+00:00,drift,29.1,1002.6,62.53053173008434,1.0,3,TIER_3_STATIC_MAHALANOBIS,-1,NORMAL,-1,NORMAL,False
42,AWS-CHN-102,CHN,2025-03-13 18:00:00+00:00,drift,28.5,1005.8,70.53798311125641,1.0,3,TIER_3_STATIC_MAHALANOBIS,-1,NORMAL,-1,NORMAL,False
42,AWS-BHO-030,BHO,2025-03-13 18:00:00+00:00,unstructured_anomaly,26.06304777885142,958.1035662535484,31.34839883496367,1.0,3,TIER_3_STATIC_MAHALANOBIS,-1,NORMAL,-1,NORMAL,False
42,AWS-MUM-102,MUM,2025-03-13 18:00:00+00:00,drift,32.2,1005.6,42.31762930717589,34.0,1,TIER_1_SPIKE,-1,NORMAL,-1,NORMAL,False
42,AWS-CHN-024,CHN,2025-03-13 18:00:00+00:00,drift,28.3,1015.8169044614995,89.01331377017597,35.0,1,TIER_1_SPIKE,-1,NORMAL,-1,NORMAL,False
42,AWS-MUM-101,MUM,2025-03-13 18:00:00+00:00,drift,32.3,1005.9,40.31465571017352,63.0,1,TIER_1_SPIKE,-1,NORMAL,-1,NORMAL,False
42,AWS-CHN-024,CHN,2025-03-13 19:00:00+00:00,drift,27.9,1017.3702303216105,93.49013823542244,36.0,1,TIER_1_SPIKE,-1,NORMAL,-1,NORMAL,False
42,AWS-CHN-101,CHN,2025-03-13 19:00:00+00:00,drift,26.8,1014.4443760970001,97.49787110275612,61.0,3,TIER_3_STATIC_MAHALANOBIS,-1,NORMAL,-1,NORMAL,False
42,AWS-BHO-101,BHO,2025-03-13 19:00:00+00:00,unstructured_anomaly,22.539749437667087,959.3331081043307,15.0,1.0,3,TIER_3_STATIC_MAHALANOBIS,-1,NORMAL,-1,NORMAL,False
42,AWS-RAN-103,RAN,2025-03-13 19:00:00+00:00,drift,28.4,971.3,17.687597245081747,1.0,3,TIER_3_STATIC_MAHALANOBIS,-1,NORMAL,-1,NORMAL,False
42,AWS-VAR-102,VAR,2025-03-13 20:00:00+00:00,unstructured_anomaly,19.446623109242694,1005.3285108169921,55.48481014879958,1.0,3,TIER_3_STATIC_MAHALANOBIS,-1,NORMAL,-1,NORMAL,False
42,AWS-CHN-024,CHN,2025-03-13 20:00:00+00:00,drift,27.7,1018.8405600719404,94.96696270066892,37.0,3,TIER_3_STATIC_MAHALANOBIS,-1,NORMAL,-1,NORMAL,False
42,AWS-DEL-103,DEL,2025-03-13 22:00:00+00:00,drift,20.6,982.6,58.79335930255826,1.0,3,TIER_3_STATIC_MAHALANOBIS,-1,NORMAL,-1,NORMAL,False
42,AWS-RAN-102,RAN,2025-03-13 23:00:00+00:00,drift,22.4,969.0,37.162420989021534,1.0,3,TIER_3_STATIC_MAHALANOBIS,-1,NORMAL,1,TIER_1_SPIKE,True
42,AWS-DEL-103,DEL,2025-03-13 23:00:00+00:00,drift,20.1,982.3,61.162079248908896,1.0,3,TIER_3_STATIC_MAHALANOBIS,-1,NORMAL,-1,NORMAL,False
42,AWS-VAR-101,VAR,2025-03-14 00:00:00+00:00,drift,23.8,997.4,39.53541218074993,1.0,3,TIER_3_STATIC_MAHALANOBIS,-1,NORMAL,-1,NORMAL,False
42,AWS-DEL-103,DEL,2025-03-14 00:00:00+00:00,drift,19.6,982.1,61.53079919525953,1.0,3,TIER_3_STATIC_MAHALANOBIS,-1,NORMAL,-1,NORMAL,False
42,AWS-RAN-067,RAN,2025-03-14 00:00:00+00:00,drift,22.3,937.5,31.532079038271988,1.0,3,TIER_3_STATIC_MAHALANOBIS,-1,NORMAL,-1,NORMAL,False
42,AWS-VAR-052,VAR,2025-03-14 01:00:00+00:00,drift,24.4,997.1,36.90669113376023,1.0,3,TIER_3_STATIC_MAHALANOBIS,-1,NORMAL,-1,NORMAL,False
42,AWS-DEL-103,DEL,2025-03-14 01:00:00+00:00,drift,19.1,982.0,61.89951914161017,1.0,3,TIER_3_STATIC_MAHALANOBIS,-1,NORMAL,-1,NORMAL,False
42,AWS-DEL-102,DEL,2025-03-14 02:00:00+00:00,drift,20.6,980.5,52.865373137592655,1.0,3,TIER_3_STATIC_MAHALANOBIS,-1,NORMAL,1,TIER_1_SPIKE,True
42,AWS-KOL-103,KOL,2025-03-14 02:00:00+00:00,drift,25.0,1018.4410611936028,100.0,59.0,1,TIER_1_SPIKE,-1,NORMAL,1,TIER_1_SPIKE,True
42,AWS-KOL-103,KOL,2025-03-14 03:00:00+00:00,drift,24.6,1018.8060906712028,100.0,60.0,1,TIER_1_SPIKE,-1,NORMAL,1,TIER_1_SPIKE,True
42,AWS-KOL-103,KOL,2025-03-14 04:00:00+00:00,drift,24.4,1019.771120148803,100.0,61.0,1,TIER_1_SPIKE,-1,NORMAL,1,TIER_1_SPIKE,True
42,AWS-DEL-011,DEL,2025-03-14 04:00:00+00:00,drift,19.6,982.1,59.87758028118709,1.0,3,TIER_3_STATIC_MAHALANOBIS,-1,NORMAL,1,TIER_1_SPIKE,True
42,AWS-DEL-011,DEL,2025-03-14 05:00:00+00:00,drift,19.0,982.7,63.37247420689249,1.0,3,TIER_3_STATIC_MAHALANOBIS,-1,NORMAL,1,TIER_1_SPIKE,True
42,AWS-KOL-103,KOL,2025-03-14 05:00:00+00:00,drift,24.4,1020.8361496264031,100.0,62.0,1,TIER_1_SPIKE,-1,NORMAL,1,TIER_1_SPIKE,True
42,AWS-CHN-101,CHN,2025-03-14 06:00:00+00:00,drift,26.1,1018.9060359958623,100.0,72.0,1,TIER_1_SPIKE,-1,NORMAL,-1,NORMAL,False
42,AWS-BHO-103,BHO,2025-03-14 06:00:00+00:00,drift,19.8,959.4,40.392534898099655,1.0,3,TIER_3_STATIC_MAHALANOBIS,-1,NORMAL,1,TIER_1_SPIKE,True
42,AWS-RAN-067,RAN,2025-03-14 07:00:00+00:00,drift,23.3,940.1,35.11371592279891,1.0,3,TIER_3_STATIC_MAHALANOBIS,-1,NORMAL,-1,NORMAL,False
42,AWS-CHN-102,CHN,2025-03-14 07:00:00+00:00,drift,27.1,1009.8464878515408,72.32530694939823,1.0,3,TIER_3_STATIC_MAHALANOBIS,-1,NORMAL,-1,NORMAL,False
42,AWS-RAN-102,RAN,2025-03-14 07:00:00+00:00,drift,22.2,971.6,46.11237583989099,1.0,3,TIER_3_STATIC_MAHALANOBIS,-1,NORMAL,1,TIER_1_SPIKE,True
42,AWS-VAR-052,VAR,2025-03-14 07:00:00+00:00,drift,24.2,1000.0,43.121700308920325,1.0,3,TIER_3_STATIC_MAHALANOBIS,-1,NORMAL,-1,NORMAL,False
42,AWS-RAN-101,RAN,2025-03-14 07:00:00+00:00,drift,25.0,940.5,32.112860570451936,1.0,3,TIER_3_STATIC_MAHALANOBIS,-1,NORMAL,1,TIER_1_SPIKE,True
42,AWS-VAR-101,VAR,2025-03-14 07:00:00+00:00,drift,23.1,999.9,48.118604531766564,1.0,3,TIER_3_STATIC_MAHALANOBIS,-1,NORMAL,-1,NORMAL,False
42,AWS-DEL-101,DEL,2025-03-14 08:00:00+00:00,drift,23.5,987.3,67.78822884904072,1.0,3,TIER_3_STATIC_MAHALANOBIS,-1,NORMAL,-1,NORMAL,False
42,AWS-CHN-103,CHN,2025-03-14 08:00:00+00:00,drift,28.4,1007.9041406079579,60.78855929976146,1.0,3,TIER_3_STATIC_MAHALANOBIS,-1,NORMAL,-1,NORMAL,False
42,AWS-RAN-103,RAN,2025-03-14 08:00:00+00:00,drift,29.7,976.9,20.48147366368802,1.0,3,TIER_3_STATIC_MAHALANOBIS,-1,NORMAL,-1,NORMAL,False
42,AWS-KOL-102,KOL,2025-03-14 09:00:00+00:00,drift,31.9,1024.9450779153851,57.0,101.0,1,TIER_1_SPIKE,-1,NORMAL,-1,NORMAL,False
42,AWS-MUM-101,MUM,2025-03-14 09:00:00+00:00,drift,31.1,1011.2,31.83908189379605,4.0,1,TIER_1_SPIKE,-1,NORMAL,-1,NORMAL,False
42,AWS-MUM-102,MUM,2025-03-14 10:00:00+00:00,drift,33.3,1010.6,26.215636964377474,15.0,1,TIER_1_SPIKE,-1,NORMAL,-1,NORMAL,False
42,AWS-CHN-103,CHN,2025-03-14 18:00:00+00:00,drift,29.4,1006.3248436477473,65.0,1.0,3,TIER_3_STATIC_MAHALANOBIS,-1,NORMAL,-1,NORMAL,False
42,AWS-CHN-102,CHN,2025-03-14 19:00:00+00:00,drift,27.7,1010.80434207003,81.0,1.0,3,TIER_3_STATIC_MAHALANOBIS,-1,NORMAL,-1,NORMAL,False
42,AWS-CHN-102,CHN,2025-03-14 20:00:00+00:00,drift,27.1,1011.7508299215707,84.0,1.0,3,TIER_3_STATIC_MAHALANOBIS,-1,NORMAL,-1,NORMAL,False
42,AWS-CHN-102,CHN,2025-03-14 21:00:00+00:00,drift,26.5,1012.5973177731115,87.0,1.0,3,TIER_3_STATIC_MAHALANOBIS,-1,NORMAL,-1,NORMAL,False
42,AWS-DEL-101,DEL,2025-03-14 21:00:00+00:00,drift,24.0,986.8,61.849972608423066,1.0,3,TIER_3_STATIC_MAHALANOBIS,-1,NORMAL,-1,NORMAL,False
42,AWS-DEL-102,DEL,2025-03-14 22:00:00+00:00,drift,22.3,987.7826880102714,64.0,1.0,3,TIER_3_STATIC_MAHALANOBIS,-1,NORMAL,1,TIER_1_SPIKE,True
42,AWS-CHN-102,CHN,2025-03-14 22:00:00+00:00,drift,25.9,1012.8438056246523,90.0,1.0,3,TIER_3_STATIC_MAHALANOBIS,-1,NORMAL,-1,NORMAL,False
42,AWS-DEL-102,DEL,2025-03-14 23:00:00+00:00,drift,21.7,987.5566060109134,63.0,1.0,3,TIER_3_STATIC_MAHALANOBIS,-1,NORMAL,1,TIER_1_SPIKE,True
42,AWS-CHN-102,CHN,2025-03-14 23:00:00+00:00,drift,25.6,1012.990293476193,91.0,1.0,3,TIER_3_STATIC_MAHALANOBIS,-1,NORMAL,-1,NORMAL,False
42,AWS-DEL-102,DEL,2025-03-15 00:00:00+00:00,drift,21.3,988.3305240115553,63.0,1.0,3,TIER_3_STATIC_MAHALANOBIS,-1,NORMAL,1,TIER_1_SPIKE,True
42,AWS-CHN-102,CHN,2025-03-15 00:00:00+00:00,drift,25.6,1012.8367813277338,91.0,1.0,3,TIER_3_STATIC_MAHALANOBIS,-1,NORMAL,-1,NORMAL,False
42,AWS-BHO-030,BHO,2025-03-15 01:00:00+00:00,drift,24.5,958.7209728383609,31.0,1.0,3,TIER_3_STATIC_MAHALANOBIS,-1,NORMAL,-1,NORMAL,False
42,AWS-BHO-101,BHO,2025-03-15 01:00:00+00:00,drift,23.7,958.3450723556898,25.0,1.0,3,TIER_3_STATIC_MAHALANOBIS,-1,NORMAL,-1,NORMAL,False
42,AWS-CHN-102,CHN,2025-03-15 01:00:00+00:00,drift,25.2,1012.5832691792746,93.0,1.0,3,TIER_3_STATIC_MAHALANOBIS,-1,NORMAL,2,TIER_2_ROC_CUSUM,True
42,AWS-BHO-030,BHO,2025-03-15 02:00:00+00:00,drift,24.1,958.6694450930115,30.0,1.0,3,TIER_3_STATIC_MAHALANOBIS,-1,NORMAL,-1,NORMAL,False
42,AWS-BHO-030,BHO,2025-03-15 03:00:00+00:00,drift,24.0,958.617917347662,29.0,1.0,3,TIER_3_STATIC_MAHALANOBIS,-1,NORMAL,-1,NORMAL,False
42,AWS-BHO-030,BHO,2025-03-15 04:00:00+00:00,drift,23.6,958.7663896023125,30.0,1.0,3,TIER_3_STATIC_MAHALANOBIS,-1,NORMAL,2,TIER_2_ROC_CUSUM,True
42,AWS-BHO-103,BHO,2025-03-15 04:00:00+00:00,drift,21.2,964.2213870718708,31.0,1.0,3,TIER_3_STATIC_MAHALANOBIS,-1,NORMAL,1,TIER_1_SPIKE,True
42,AWS-BHO-030,BHO,2025-03-15 05:00:00+00:00,drift,23.4,959.3148618569631,31.0,1.0,3,TIER_3_STATIC_MAHALANOBIS,-1,NORMAL,2,TIER_2_ROC_CUSUM,True
42,AWS-BHO-103,BHO,2025-03-15 05:00:00+00:00,drift,20.7,964.7769046660468,33.0,1.0,3,TIER_3_STATIC_MAHALANOBIS,-1,NORMAL,1,TIER_1_SPIKE,True
42,AWS-CHN-102,CHN,2025-03-15 06:00:00+00:00,drift,24.7,1014.9157084369784,97.0,1.0,3,TIER_3_STATIC_MAHALANOBIS,-1,NORMAL,-1,NORMAL,False
42,AWS-BHO-030,BHO,2025-03-15 06:00:00+00:00,drift,23.2,960.8633341116138,34.0,1.0,3,TIER_3_STATIC_MAHALANOBIS,-1,NORMAL,2,TIER_2_ROC_CUSUM,True
42,AWS-DEL-011,DEL,2025-03-15 06:00:00+00:00,drift,19.1,992.5696777873196,71.0,1.0,3,TIER_3_STATIC_MAHALANOBIS,-1,NORMAL,1,TIER_1_SPIKE,True
42,AWS-DEL-011,DEL,2025-03-15 07:00:00+00:00,drift,19.5,993.6434143617912,68.0,1.0,3,TIER_3_STATIC_MAHALANOBIS,-1,NORMAL,1,TIER_1_SPIKE,True
42,AWS-DEL-102,DEL,2025-03-15 08:00:00+00:00,drift,20.9,992.7218680166911,62.0,1.0,3,TIER_3_STATIC_MAHALANOBIS,-1,NORMAL,1,TIER_1_SPIKE,True
42,AWS-BHO-102,BHO,2025-03-15 08:00:00+00:00,drift,26.6,971.1060735968501,30.0,1.0,3,TIER_3_STATIC_MAHALANOBIS,-1,NORMAL,-1,NORMAL,False
42,AWS-MUM-102,MUM,2025-03-15 13:00:00+00:00,unstructured_anomaly,32.446623109242694,1016.594192089431,15.0,5.0,1,TIER_1_SPIKE,-1,NORMAL,-1,NORMAL,False
42,AWS-MUM-101,MUM,2025-03-15 13:00:00+00:00,unstructured_anomaly,32.3466231092427,1017.094192089431,15.0,32.0,1,TIER_1_SPIKE,-1,NORMAL,-1,NORMAL,False
42,AWS-CHN-103,CHN,2025-03-15 18:00:00+00:00,drift,29.7,1013.3745309432422,57.0,1.0,3,TIER_3_STATIC_MAHALANOBIS,-1,NORMAL,-1,NORMAL,False
42,AWS-BHO-102,BHO,2025-03-15 21:00:00+00:00,drift,27.8,973.6591103952753,25.0,1.0,3,TIER_3_STATIC_MAHALANOBIS,-1,NORMAL,-1,NORMAL,False
42,AWS-KOL-102,KOL,2025-03-16 11:00:00+00:00,unstructured_anomaly,31.931380320558443,1015.2218270636946,44.362158925257745,31.0,1,TIER_1_SPIKE,-1,NORMAL,-1,NORMAL,False
42,AWS-KOL-102,KOL,2025-03-16 15:00:00+00:00,unstructured_anomaly,31.77273809666662,1012.3663701128879,43.57308720453135,35.0,1,TIER_1_SPIKE,-1,NORMAL,-1,NORMAL,False
42,AWS-RAN-103,RAN,2025-03-16 18:00:00+00:00,drift,31.8,974.0,27.77722830988075,1.0,3,TIER_3_STATIC_MAHALANOBIS,-1,NORMAL,-1,NORMAL,False
42,AWS-MUM-102,MUM,2025-03-16 18:00:00+00:00,drift,32.8,1006.5,33.77808857300794,10.0,1,TIER_1_SPIKE,-1,NORMAL,-1,NORMAL,False
42,AWS-MUM-101,MUM,2025-03-16 18:00:00+00:00,drift,32.7,1007.1,33.77966910426702,11.0,1,TIER_1_SPIKE,-1,NORMAL,-1,NORMAL,False
42,AWS-MUM-103,MUM,2025-03-16 21:00:00+00:00,drift,30.7,1008.8,32.01992941747897,14.0,1,TIER_1_SPIKE,-1,NORMAL,-1,NORMAL,False
42,AWS-DEL-103,DEL,2025-03-16 21:00:00+00:00,drift,21.2,986.9,57.01803215894562,1.0,3,TIER_3_STATIC_MAHALANOBIS,-1,NORMAL,-1,NORMAL,False
42,AWS-RAN-067,RAN,2025-03-16 22:00:00+00:00,drift,23.9,939.7,52.929451449609545,1.0,3,TIER_3_STATIC_MAHALANOBIS,-1,NORMAL,1,TIER_1_SPIKE,True
42,AWS-RAN-067,RAN,2025-03-16 23:00:00+00:00,drift,23.7,939.3,53.91915778577474,1.0,3,TIER_3_STATIC_MAHALANOBIS,-1,NORMAL,1,TIER_1_SPIKE,True
42,AWS-RAN-101,RAN,2025-03-16 23:00:00+00:00,drift,23.6,939.6,55.919499192349846,1.0,3,TIER_3_STATIC_MAHALANOBIS,-1,NORMAL,1,TIER_1_SPIKE,True
42,AWS-RAN-101,RAN,2025-03-17 00:00:00+00:00,drift,23.5,938.9,56.98509433793705,1.0,3,TIER_3_STATIC_MAHALANOBIS,-1,NORMAL,1,TIER_1_SPIKE,True
42,AWS-VAR-101,VAR,2025-03-17 01:00:00+00:00,drift,25.2,999.0,53.1213423102984,40.0,3,TIER_3_STATIC_MAHALANOBIS,-1,NORMAL,1,TIER_1_SPIKE,True
42,AWS-VAR-052,VAR,2025-03-17 01:00:00+00:00,drift,25.9,998.8,49.119590690710716,1.0,3,TIER_3_STATIC_MAHALANOBIS,-1,NORMAL,1,TIER_1_SPIKE,True
42,AWS-RAN-101,RAN,2025-03-17 01:00:00+00:00,drift,23.1,938.5,58.12467775567627,1.0,3,TIER_3_STATIC_MAHALANOBIS,-1,NORMAL,1,TIER_1_SPIKE,True
42,AWS-RAN-101,RAN,2025-03-17 02:00:00+00:00,drift,22.8,938.1,60.33658621486012,1.0,3,TIER_3_STATIC_MAHALANOBIS,-1,NORMAL,1,TIER_1_SPIKE,True
42,AWS-RAN-102,RAN,2025-03-17 02:00:00+00:00,drift,21.8,969.2,70.33699070694539,1.0,3,TIER_3_STATIC_MAHALANOBIS,-1,NORMAL,1,TIER_1_SPIKE,True
42,AWS-RAN-101,RAN,2025-03-17 03:00:00+00:00,drift,22.5,937.8,61.61932309406818,1.0,3,TIER_3_STATIC_MAHALANOBIS,-1,NORMAL,1,TIER_1_SPIKE,True
42,AWS-CHN-102,CHN,2025-03-17 03:00:00+00:00,frozen_value,25.3,1007.4,98.0,12.0,1,TIER_1_SPIKE,-1,NORMAL,2,TIER_2_ROC_CUSUM,True
42,AWS-VAR-102,VAR,2025-03-17 07:00:00+00:00,frozen_value,24.6,1000.3,53.79589143530453,1.0,3,TIER_3_STATIC_MAHALANOBIS,-1,NORMAL,-1,NORMAL,False
42,AWS-DEL-102,DEL,2025-03-17 08:00:00+00:00,frozen_value,19.6,987.6,58.76528659535154,1.0,3,TIER_3_STATIC_MAHALANOBIS,-1,NORMAL,1,TIER_1_SPIKE,True
42,AWS-BHO-103,BHO,2025-03-17 08:00:00+00:00,frozen_value,24.2,963.7,35.76528659535154,1.0,3,TIER_3_STATIC_MAHALANOBIS,-1,NORMAL,1,TIER_1_SPIKE,True
42,AWS-BHO-030,BHO,2025-03-17 08:00:00+00:00,frozen_value,23.9,958.2,37.76528659535154,1.0,3,TIER_3_STATIC_MAHALANOBIS,-1,NORMAL,-1,NORMAL,False
42,AWS-DEL-101,DEL,2025-03-17 09:00:00+00:00,frozen_value,24.3,991.1,58.75824705103072,1.0,3,TIER_3_STATIC_MAHALANOBIS,-1,NORMAL,-1,NORMAL,False
42,AWS-BHO-102,BHO,2025-03-17 09:00:00+00:00,frozen_value,27.1,966.3,38.75824705103072,1.0,3,TIER_3_STATIC_MAHALANOBIS,-1,NORMAL,-1,NORMAL,False
42,AWS-MUM-007,MUM,2025-03-17 17:00:00+00:00,spike,30.6,1000.146924730541,47.0,23.0,3,TIER_3_STATIC_MAHALANOBIS,-1,NORMAL,-1,NORMAL,False
42,AWS-BHO-103,BHO,2025-03-17 20:00:00+00:00,drift,25.1,962.1,30.729079765932486,1.0,3,TIER_3_STATIC_MAHALANOBIS,-1,NORMAL,1,TIER_1_SPIKE,True
42,AWS-BHO-102,BHO,2025-03-17 20:00:00+00:00,drift,27.0,964.0,25.72904909470892,1.0,3,TIER_3_STATIC_MAHALANOBIS,-1,NORMAL,-1,NORMAL,False
42,AWS-BHO-101,BHO,2025-03-17 22:00:00+00:00,drift,24.4,956.833787674744,29.187869314258567,1.0,3,TIER_3_STATIC_MAHALANOBIS,-1,NORMAL,-1,NORMAL,False
42,AWS-DEL-102,DEL,2025-03-17 22:00:00+00:00,drift,20.2,987.8260703555243,51.185323417947465,1.0,3,TIER_3_STATIC_MAHALANOBIS,-1,NORMAL,1,TIER_1_SPIKE,True
42,AWS-BHO-030,BHO,2025-03-17 22:00:00+00:00,drift,25.1,957.1339718211261,31.187485513378327,1.0,3,TIER_3_STATIC_MAHALANOBIS,-1,NORMAL,-1,NORMAL,False
42,AWS-VAR-103,VAR,2025-03-17 23:00:00+00:00,drift,23.6,1001.1555504190277,33.913924285394174,1.0,3,TIER_3_STATIC_MAHALANOBIS,-1,NORMAL,-1,NORMAL,False
42,AWS-BHO-101,BHO,2025-03-17 23:00:00+00:00,drift,23.8,956.6048742470477,28.91715908567809,1.0,3,TIER_3_STATIC_MAHALANOBIS,-1,NORMAL,-1,NORMAL,False
42,AWS-BHO-030,BHO,2025-03-17 23:00:00+00:00,drift,24.6,957.005416920958,29.9166473511711,1.0,3,TIER_3_STATIC_MAHALANOBIS,-1,NORMAL,-1,NORMAL,False
42,AWS-CHN-102,CHN,2025-03-18 00:00:00+00:00,drift,26.7,1008.3352148573928,90.64001119594975,33.0,1,TIER_1_SPIKE,-1,NORMAL,-1,NORMAL,False
42,AWS-BHO-101,BHO,2025-03-18 00:00:00+00:00,drift,23.2,956.2327248780398,28.646448857097614,1.0,3,TIER_3_STATIC_MAHALANOBIS,-1,NORMAL,-1,NORMAL,False
42,AWS-DEL-011,DEL,2025-03-18 00:00:00+00:00,drift,20.2,988.2905731819726,49.64275111410161,1.0,3,TIER_3_STATIC_MAHALANOBIS,-1,NORMAL,1,TIER_1_SPIKE,True
42,AWS-CHN-102,CHN,2025-03-18 01:00:00+00:00,drift,26.3,1007.3285723104965,92.3680134351397,34.0,1,TIER_1_SPIKE,-1,NORMAL,2,TIER_2_ROC_CUSUM,True
42,AWS-DEL-011,DEL,2025-03-18 01:00:00+00:00,drift,19.7,987.8586421339038,50.37130133692193,1.0,3,TIER_3_STATIC_MAHALANOBIS,-1,NORMAL,1,TIER_1_SPIKE,True
42,AWS-CHN-102,CHN,2025-03-18 02:00:00+00:00,drift,25.9,1006.4905791933675,94.09601567432965,35.0,1,TIER_1_SPIKE,-1,NORMAL,1,TIER_1_SPIKE,True
42,AWS-CHN-102,CHN,2025-03-18 03:00:00+00:00,drift,25.5,1006.1241919231845,95.82401791351961,36.0,1,TIER_1_SPIKE,-1,NORMAL,1,TIER_1_SPIKE,True
42,AWS-CHN-102,CHN,2025-03-18 04:00:00+00:00,drift,25.4,1005.7316090220119,95.55202015270956,37.0,1,TIER_1_SPIKE,-1,NORMAL,1,TIER_1_SPIKE,True
42,AWS-CHN-102,CHN,2025-03-18 05:00:00+00:00,drift,25.7,1006.01455203676,93.28002239189951,38.0,1,TIER_1_SPIKE,-1,NORMAL,1,TIER_1_SPIKE,True
42,AWS-BHO-103,BHO,2025-03-18 08:00:00+00:00,drift,23.9,961.337218229617,37.47803695712233,1.0,3,TIER_3_STATIC_MAHALANOBIS,-1,NORMAL,1,TIER_1_SPIKE,True
42,AWS-VAR-102,VAR,2025-03-18 08:00:00+00:00,drift,23.7,999.984565807141,45.470791498013654,1.0,3,TIER_3_STATIC_MAHALANOBIS,-1,NORMAL,-1,NORMAL,False
42,AWS-DEL-011,DEL,2025-03-18 08:00:00+00:00,drift,20.8,986.1903501230311,55.47115289666418,1.0,3,TIER_3_STATIC_MAHALANOBIS,-1,NORMAL,1,TIER_1_SPIKE,True
42,AWS-BHO-101,BHO,2025-03-18 08:00:00+00:00,drift,24.0,955.2104977311459,36.4807670284538,1.0,3,TIER_3_STATIC_MAHALANOBIS,-1,NORMAL,-1,NORMAL,False
42,AWS-VAR-103,VAR,2025-03-18 08:00:00+00:00,drift,24.1,999.2053682026816,44.47025392753106,1.0,3,TIER_3_STATIC_MAHALANOBIS,-1,NORMAL,-1,NORMAL,False
42,AWS-CHN-103,CHN,2025-03-18 08:00:00+00:00,drift,29.9,1003.6685499175902,65.45944304429932,1.0,1,TIER_1_SPIKE,-1,NORMAL,-1,NORMAL,False
42,AWS-BHO-102,BHO,2025-03-18 09:00:00+00:00,drift,26.8,963.283440745286,29.20668732592488,1.0,3,TIER_3_STATIC_MAHALANOBIS,-1,NORMAL,-1,NORMAL,False
42,AWS-DEL-101,DEL,2025-03-18 09:00:00+00:00,drift,24.3,987.4983722340821,43.196030268662625,1.0,3,TIER_3_STATIC_MAHALANOBIS,-1,NORMAL,-1,NORMAL,False
42,AWS-BHO-030,BHO,2025-03-18 09:00:00+00:00,drift,25.9,956.0136074455063,33.208265729098855,1.0,3,TIER_3_STATIC_MAHALANOBIS,-1,NORMAL,-1,NORMAL,False
42,AWS-MUM-007,MUM,2025-03-18 10:00:00+00:00,drift,31.2,1007.8243851308846,35.920623231692524,1.0,1,TIER_1_SPIKE,-1,NORMAL,-1,NORMAL,False
42,AWS-DEL-103,DEL,2025-03-19 00:00:00+00:00,frozen_value,20.7,987.8,53.0,1.0,3,TIER_3_STATIC_MAHALANOBIS,-1,NORMAL,-1,NORMAL,False
42,AWS-CHN-102,CHN,2025-03-19 00:00:00+00:00,drift,27.1,998.5458907115843,79.11206493650857,16.0,1,TIER_1_SPIKE,-1,NORMAL,-1,NORMAL,False
42,AWS-CHN-102,CHN,2025-03-19 01:00:00+00:00,drift,27.1,997.3884602572313,80.84006717569852,17.0,1,TIER_1_SPIKE,-1,NORMAL,-1,NORMAL,False
42,AWS-CHN-102,CHN,2025-03-19 02:00:00+00:00,drift,27.1,996.0177160528972,81.56806941488847,18.0,1,TIER_1_SPIKE,-1,NORMAL,2,TIER_2_ROC_CUSUM,True
42,AWS-DEL-102,DEL,2025-03-19 03:00:00+00:00,drift,19.7,985.4,59.3101164581063,1.0,3,TIER_3_STATIC_MAHALANOBIS,-1,NORMAL,-1,NORMAL,False
42,AWS-BHO-101,BHO,2025-03-19 03:00:00+00:00,drift,23.2,954.4,24.337272685424722,1.0,3,TIER_3_STATIC_MAHALANOBIS,-1,NORMAL,-1,NORMAL,False
42,AWS-DEL-011,DEL,2025-03-19 03:00:00+00:00,drift,22.1,987.0,46.31360713025029,1.0,3,TIER_3_STATIC_MAHALANOBIS,-1,NORMAL,-1,NORMAL,False
42,AWS-DEL-102,DEL,2025-03-19 04:00:00+00:00,drift,19.7,985.1,61.03855759742213,1.0,3,TIER_3_STATIC_MAHALANOBIS,-1,NORMAL,2,TIER_2_ROC_CUSUM,True
42,AWS-BHO-101,BHO,2025-03-19 04:00:00+00:00,drift,23.2,954.4,27.066562456844245,1.0,3,TIER_3_STATIC_MAHALANOBIS,-1,NORMAL,2,TIER_2_ROC_CUSUM,True
42,AWS-DEL-011,DEL,2025-03-19 04:00:00+00:00,drift,22.1,986.9,49.042157353070614,1.0,3,TIER_3_STATIC_MAHALANOBIS,-1,NORMAL,2,TIER_2_ROC_CUSUM,True
42,AWS-BHO-101,BHO,2025-03-19 05:00:00+00:00,drift,23.2,954.8,28.79585222826377,1.0,3,TIER_3_STATIC_MAHALANOBIS,-1,NORMAL,2,TIER_2_ROC_CUSUM,True
42,AWS-DEL-011,DEL,2025-03-19 05:00:00+00:00,drift,22.1,987.0,51.77070757589094,1.0,3,TIER_3_STATIC_MAHALANOBIS,-1,NORMAL,2,TIER_2_ROC_CUSUM,True
42,AWS-DEL-102,DEL,2025-03-19 05:00:00+00:00,drift,19.7,985.2,62.766998736737946,1.0,3,TIER_3_STATIC_MAHALANOBIS,-1,NORMAL,2,TIER_2_ROC_CUSUM,True
42,AWS-VAR-102,VAR,2025-03-19 08:00:00+00:00,drift,23.7,1005.3,39.95532964819271,1.0,3,TIER_3_STATIC_MAHALANOBIS,-1,NORMAL,-1,NORMAL,False
42,AWS-KOL-102,KOL,2025-03-19 08:00:00+00:00,frozen_value,29.2,1013.7,61.0,20.0,1,TIER_1_SPIKE,-1,NORMAL,-1,NORMAL,False
42,AWS-VAR-103,VAR,2025-03-19 08:00:00+00:00,drift,24.0,1004.3,36.95379963989609,1.0,3,TIER_3_STATIC_MAHALANOBIS,-1,NORMAL,-1,NORMAL,False
42,AWS-CHN-103,CHN,2025-03-19 08:00:00+00:00,drift,29.3,1008.9,61.92303020300577,2.0,1,TIER_1_SPIKE,-1,NORMAL,-1,NORMAL,False
42,AWS-DEL-101,DEL,2025-03-19 08:00:00+00:00,drift,22.7,990.7,41.94665142432265,1.0,3,TIER_3_STATIC_MAHALANOBIS,-1,NORMAL,-1,NORMAL,False
42,AWS-BHO-030,BHO,2025-03-19 08:00:00+00:00,drift,24.0,958.7,24.97898799833269,1.0,3,TIER_3_STATIC_MAHALANOBIS,-1,NORMAL,-1,NORMAL,False
42,AWS-BHO-103,BHO,2025-03-19 08:00:00+00:00,drift,24.8,964.4,23.97595133950201,1.0,3,TIER_3_STATIC_MAHALANOBIS,-1,NORMAL,1,TIER_1_SPIKE,True
42,AWS-BHO-102,BHO,2025-03-19 09:00:00+00:00,drift,27.7,966.8,16.703865598938954,1.0,3,TIER_3_STATIC_MAHALANOBIS,-1,NORMAL,-1,NORMAL,False
42,AWS-MUM-007,MUM,2025-03-19 10:00:00+00:00,drift,31.2,1012.6,29.39362040240057,1.0,1,TIER_1_SPIKE,-1,NORMAL,-1,NORMAL,False
42,AWS-MUM-007,MUM,2025-03-19 14:00:00+00:00,drift,31.5,1009.9,36.305786597518576,5.0,1,TIER_1_SPIKE,-1,NORMAL,-1,NORMAL,False
42,AWS-MUM-007,MUM,2025-03-19 15:00:00+00:00,drift,31.2,1009.1,36.03382814629808,6.0,1,TIER_1_SPIKE,-1,NORMAL,-1,NORMAL,False
42,AWS-CHN-103,CHN,2025-03-19 18:00:00+00:00,drift,29.9,1005.8,55.199524852466794,12.0,1,TIER_1_SPIKE,-1,NORMAL,-1,NORMAL,False
42,AWS-MUM-102,MUM,2025-03-19 18:00:00+00:00,drift,32.697976841189295,1008.8,40.0,9.0,1,TIER_1_SPIKE,-1,NORMAL,-1,NORMAL,False
42,AWS-MUM-101,MUM,2025-03-19 18:00:00+00:00,drift,32.19828577842494,1009.3,39.0,10.0,1,TIER_1_SPIKE,-1,NORMAL,-1,NORMAL,False
42,AWS-MUM-103,MUM,2025-03-19 19:00:00+00:00,drift,32.35514225763316,1009.6,36.0,11.0,1,TIER_1_SPIKE,-1,NORMAL,-1,NORMAL,False
42,AWS-KOL-102,KOL,2025-03-19 19:00:00+00:00,drift,28.86676118980832,1011.8,71.0,31.0,1,TIER_1_SPIKE,-1,NORMAL,-1,NORMAL,False
42,AWS-RAN-103,RAN,2025-03-19 19:00:00+00:00,drift,30.255603052665407,977.6,35.0,1.0,3,TIER_3_STATIC_MAHALANOBIS,-1,NORMAL,-1,NORMAL,False
42,AWS-KOL-103,KOL,2025-03-20 00:00:00+00:00,drift,23.918443552912073,1012.4,91.0,24.0,1,TIER_1_SPIKE,-1,NORMAL,1,TIER_1_SPIKE,True
42,AWS-DEL-103,DEL,2025-03-20 00:00:00+00:00,drift,22.23995999728566,989.7,54.0,1.0,3,TIER_3_STATIC_MAHALANOBIS,-1,NORMAL,-1,NORMAL,False
42,AWS-RAN-067,RAN,2025-03-20 01:00:00+00:00,drift,25.99640438776564,943.5,45.0,1.0,3,TIER_3_STATIC_MAHALANOBIS,-1,NORMAL,-1,NORMAL,False
42,AWS-DEL-103,DEL,2025-03-20 01:00:00+00:00,drift,21.996879997076864,989.7,51.0,1.0,3,TIER_3_STATIC_MAHALANOBIS,-1,NORMAL,-1,NORMAL,False
42,AWS-DEL-103,DEL,2025-03-20 02:00:00+00:00,drift,21.85379999686807,989.7,50.0,1.0,3,TIER_3_STATIC_MAHALANOBIS,-1,NORMAL,-1,NORMAL,False
42,AWS-VAR-101,VAR,2025-03-20 02:00:00+00:00,drift,25.75375631047794,1004.2,53.0,4.0,1,TIER_1_SPIKE,-1,NORMAL,-1,NORMAL,False
42,AWS-RAN-067,RAN,2025-03-20 02:00:00+00:00,drift,25.45329041546319,943.5,51.0,1.0,3,TIER_3_STATIC_MAHALANOBIS,-1,NORMAL,2,TIER_2_ROC_CUSUM,True
42,AWS-RAN-067,RAN,2025-03-20 03:00:00+00:00,drift,25.210176443160734,943.5,54.0,1.0,3,TIER_3_STATIC_MAHALANOBIS,-1,NORMAL,1,TIER_1_SPIKE,True
42,AWS-VAR-101,VAR,2025-03-20 03:00:00+00:00,drift,25.610673397843136,1004.2,54.0,5.0,1,TIER_1_SPIKE,-1,NORMAL,2,TIER_2_ROC_CUSUM,True
42,AWS-VAR-101,VAR,2025-03-20 04:00:00+00:00,drift,25.167590485208333,1004.2,60.0,6.0,1,TIER_1_SPIKE,-1,NORMAL,2,TIER_2_ROC_CUSUM,True
42,AWS-RAN-067,RAN,2025-03-20 04:00:00+00:00,drift,25.36706247085828,943.5,52.0,1.0,3,TIER_3_STATIC_MAHALANOBIS,-1,NORMAL,2,TIER_2_ROC_CUSUM,True
42,AWS-VAR-052,VAR,2025-03-20 04:00:00+00:00,drift,26.26727364788368,1004.2,48.0,1.0,3,TIER_3_STATIC_MAHALANOBIS,-1,NORMAL,1,TIER_1_SPIKE,True
42,AWS-RAN-103,RAN,2025-03-20 07:00:00+00:00,drift,31.639007631663517,979.1,48.0,1.0,3,TIER_3_STATIC_MAHALANOBIS,-1,NORMAL,-1,NORMAL,False
42,AWS-MUM-101,MUM,2025-03-20 08:00:00+00:00,drift,31.39485733527482,1011.7,54.0,2.0,1,TIER_1_SPIKE,-1,NORMAL,-1,NORMAL,False
42,AWS-MUM-103,MUM,2025-03-20 08:00:00+00:00,drift,31.594748426287047,1011.5,48.0,24.0,1,TIER_1_SPIKE,-1,NORMAL,-1,NORMAL,False
42,AWS-MUM-102,MUM,2025-03-20 08:00:00+00:00,drift,33.39393052356789,1011.3,39.0,1.0,1,TIER_1_SPIKE,-1,NORMAL,-1,NORMAL,False
42,AWS-BHO-102,BHO,2025-03-20 15:00:00+00:00,unstructured_anomaly,28.5706049228707,971.4111525247729,35.48542927885729,1.0,3,TIER_3_STATIC_MAHALANOBIS,-1,NORMAL,-1,NORMAL,False
42,AWS-CHN-103,CHN,2025-03-20 15:00:00+00:00,unstructured_anomaly,29.270604922870703,1013.7111525247728,53.48542927885729,16.0,1,TIER_1_SPIKE,-1,NORMAL,-1,NORMAL,False
42,AWS-BHO-103,BHO,2025-03-20 16:00:00+00:00,unstructured_anomaly,27.071064082738467,967.096363118913,15.0,1.0,3,TIER_3_STATIC_MAHALANOBIS,-1,NORMAL,1,TIER_1_SPIKE,True
42,AWS-CHN-024,CHN,2025-03-21 02:00:00+00:00,drift,27.9,1002.4311101146036,78.0,1.0,3,TIER_3_STATIC_MAHALANOBIS,-1,NORMAL,2,TIER_2_ROC_CUSUM,True
42,AWS-DEL-102,DEL,2025-03-21 04:00:00+00:00,frozen_value,18.7,986.8,44.0,1.0,3,TIER_3_STATIC_MAHALANOBIS,-1,NORMAL,1,TIER_1_SPIKE,True
42,AWS-BHO-101,BHO,2025-03-21 04:00:00+00:00,frozen_value,22.9,956.0,23.0,1.0,3,TIER_3_STATIC_MAHALANOBIS,-1,NORMAL,2,TIER_2_ROC_CUSUM,True
42,AWS-BHO-101,BHO,2025-03-21 05:00:00+00:00,frozen_value,22.4,956.0224692618939,24.0,1.0,3,TIER_3_STATIC_MAHALANOBIS,-1,NORMAL,2,TIER_2_ROC_CUSUM,True
42,AWS-BHO-101,BHO,2025-03-21 07:00:00+00:00,frozen_value,22.7,956.0676064763437,31.0,1.0,3,TIER_3_STATIC_MAHALANOBIS,-1,NORMAL,-1,NORMAL,False
42,AWS-BHO-030,BHO,2025-03-21 07:00:00+00:00,frozen_value,22.5,956.1676064763437,38.0,1.0,3,TIER_3_STATIC_MAHALANOBIS,-1,NORMAL,-1,NORMAL,False
42,AWS-KOL-103,KOL,2025-03-21 07:00:00+00:00,drift,25.3,1015.5,69.0,12.0,1,TIER_1_SPIKE,-1,NORMAL,1,TIER_1_SPIKE,True
42,AWS-RAN-102,RAN,2025-03-21 07:00:00+00:00,spike,21.8,962.9551203207396,77.0,1.0,3,TIER_3_STATIC_MAHALANOBIS,-1,NORMAL,1,TIER_1_SPIKE,True
42,AWS-RAN-067,RAN,2025-03-21 08:00:00+00:00,frozen_value,24.0,933.5385503580296,67.0,1.0,3,TIER_3_STATIC_MAHALANOBIS,-1,NORMAL,-1,NORMAL,False
42,AWS-CHN-103,CHN,2025-03-21 08:00:00+00:00,frozen_value,30.5,1007.9571447241763,64.0,1.0,1,TIER_1_SPIKE,-1,NORMAL,-1,NORMAL,False
42,AWS-VAR-102,VAR,2025-03-21 08:00:00+00:00,frozen_value,25.6,1003.7571447241763,65.0,1.0,3,TIER_3_STATIC_MAHALANOBIS,-1,NORMAL,-1,NORMAL,False
42,AWS-VAR-103,VAR,2025-03-21 08:00:00+00:00,frozen_value,25.2,1002.3571447241762,68.0,1.0,3,TIER_3_STATIC_MAHALANOBIS,-1,NORMAL,-1,NORMAL,False
42,AWS-DEL-101,DEL,2025-03-21 08:00:00+00:00,frozen_value,23.3,989.8571447241762,47.0,1.0,3,TIER_3_STATIC_MAHALANOBIS,-1,NORMAL,-1,NORMAL,False
42,AWS-KOL-102,KOL,2025-03-21 09:00:00+00:00,drift,30.1,1016.1,47.04342639263702,69.0,3,TIER_3_STATIC_MAHALANOBIS,-1,NORMAL,-1,NORMAL,False
42,AWS-KOL-015,KOL,2025-03-21 09:00:00+00:00,drift,30.5,1015.7,45.043320382261605,69.0,3,TIER_3_STATIC_MAHALANOBIS,-1,NORMAL,-1,NORMAL,False
42,AWS-MUM-007,MUM,2025-03-21 09:00:00+00:00,frozen_value,29.3,1012.4432741703963,49.0,28.0,3,TIER_3_STATIC_MAHALANOBIS,-1,NORMAL,-1,NORMAL,False
42,AWS-BHO-102,BHO,2025-03-21 10:00:00+00:00,frozen_value,29.9,963.469013446834,44.0,1.0,3,TIER_3_STATIC_MAHALANOBIS,-1,NORMAL,-1,NORMAL,False
42,AWS-MUM-101,MUM,2025-03-21 10:00:00+00:00,frozen_value,31.2,1014.7,64.00119192187154,28.0,1,TIER_1_SPIKE,-1,NORMAL,-1,NORMAL,False
42,AWS-MUM-103,MUM,2025-03-21 10:00:00+00:00,frozen_value,30.5,1014.6,55.001191921871545,7.0,1,TIER_1_SPIKE,-1,NORMAL,-1,NORMAL,False
42,AWS-MUM-102,MUM,2025-03-21 11:00:00+00:00,frozen_value,33.2,1013.7,54.02351848067304,1.0,1,TIER_1_SPIKE,-1,NORMAL,-1,NORMAL,False
42,AWS-KOL-102,KOL,2025-03-21 15:00:00+00:00,drift,30.1,1015.9408050551937,48.58841543468293,1.0,1,TIER_1_SPIKE,-1,NORMAL,-1,NORMAL,False
42,AWS-KOL-015,KOL,2025-03-21 15:00:00+00:00,drift,30.7,1015.5408050551937,46.58799139318127,75.0,3,TIER_3_STATIC_MAHALANOBIS,-1,NORMAL,-1,NORMAL,False
42,AWS-KOL-102,KOL,2025-03-21 16:00:00+00:00,drift,29.8,1015.9025344654935,47.73702057113216,2.0,1,TIER_1_SPIKE,-1,NORMAL,-1,NORMAL,False
42,AWS-KOL-102,KOL,2025-03-21 17:00:00+00:00,drift,29.2,1015.8685358490734,50.90176006744329,3.0,1,TIER_1_SPIKE,-1,NORMAL,-1,NORMAL,False
42,AWS-KOL-103,KOL,2025-03-21 18:00:00+00:00,drift,24.8,1014.0,63.08108772765204,23.0,1,TIER_1_SPIKE,-1,NORMAL,1,TIER_1_SPIKE,True
42,AWS-VAR-101,VAR,2025-03-21 19:00:00+00:00,drift,27.296595958333643,1001.4,43.0,3.0,1,TIER_1_SPIKE,-1,NORMAL,-1,NORMAL,False
42,AWS-VAR-052,VAR,2025-03-21 19:00:00+00:00,drift,28.196679289689975,1001.4,39.0,1.0,3,TIER_3_STATIC_MAHALANOBIS,-1,NORMAL,1,TIER_1_SPIKE,True
42,AWS-DEL-103,DEL,2025-03-21 21:00:00+00:00,drift,23.367208871072947,988.5,32.0,1.0,3,TIER_3_STATIC_MAHALANOBIS,-1,NORMAL,-1,NORMAL,False
42,AWS-CHN-102,CHN,2025-03-22 06:00:00+00:00,frozen_value,27.3,1009.0169440531805,88.0,13.0,1,TIER_1_SPIKE,-1,NORMAL,-1,NORMAL,False
42,AWS-VAR-103,VAR,2025-03-22 08:00:00+00:00,frozen_value,24.2,1000.9110609898343,63.0,1.0,3,TIER_3_STATIC_MAHALANOBIS,-1,NORMAL,-1,NORMAL,False
42,AWS-VAR-102,VAR,2025-03-22 08:00:00+00:00,frozen_value,24.4,1002.1110609898343,65.0,1.0,3,TIER_3_STATIC_MAHALANOBIS,-1,NORMAL,-1,NORMAL,False
42,AWS-CHN-103,CHN,2025-03-22 09:00:00+00:00,frozen_value,29.69798960949574,1006.0048978630982,57.0,2.0,1,TIER_1_SPIKE,-1,NORMAL,-1,NORMAL,False
42,AWS-CHN-103,CHN,2025-03-22 10:00:00+00:00,frozen_value,29.70159608488143,1005.9763972014509,52.0,3.0,1,TIER_1_SPIKE,-1,NORMAL,-1,NORMAL,False
42,AWS-DEL-103,DEL,2025-03-22 10:00:00+00:00,drift,23.09529965418541,989.6,25.0,1.0,3,TIER_3_STATIC_MAHALANOBIS,-1,NORMAL,-1,NORMAL,False
42,AWS-CHN-103,CHN,2025-03-22 11:00:00+00:00,frozen_value,29.675121449428243,1005.9662262091739,49.0,4.0,1,TIER_1_SPIKE,-1,NORMAL,2,TIER_2_ROC_CUSUM,True
42,AWS-RAN-101,RAN,2025-03-22 11:00:00+00:00,drift,18.99548246174169,945.1,52.0,1.0,3,TIER_3_STATIC_MAHALANOBIS,-1,NORMAL,1,TIER_1_SPIKE,True
42,AWS-DEL-103,DEL,2025-03-22 11:00:00+00:00,drift,22.894993760370653,989.6,23.0,1.0,3,TIER_3_STATIC_MAHALANOBIS,-1,NORMAL,-1,NORMAL,False
42,AWS-KOL-103,KOL,2025-03-22 12:00:00+00:00,drift,25.6,1013.4,76.99882124836587,41.0,1,TIER_1_SPIKE,-1,NORMAL,1,TIER_1_SPIKE,True
42,AWS-RAN-101,RAN,2025-03-22 12:00:00+00:00,drift,19.470781324542333,943.9,49.0,1.0,3,TIER_3_STATIC_MAHALANOBIS,-1,NORMAL,1,TIER_1_SPIKE,True
42,AWS-CHN-103,CHN,2025-03-22 12:00:00+00:00,frozen_value,29.686755259995977,1005.9914354532976,46.0,5.0,1,TIER_1_SPIKE,-1,NORMAL,2,TIER_2_ROC_CUSUM,True
42,AWS-RAN-101,RAN,2025-03-22 13:00:00+00:00,drift,19.62184502123477,942.8,46.0,1.0,3,TIER_3_STATIC_MAHALANOBIS,-1,NORMAL,1,TIER_1_SPIKE,True
42,AWS-CHN-103,CHN,2025-03-22 13:00:00+00:00,frozen_value,29.68784786727215,1005.9,45.0,6.0,1,TIER_1_SPIKE,-1,NORMAL,2,TIER_2_ROC_CUSUM,True
42,AWS-CHN-103,CHN,2025-03-22 14:00:00+00:00,frozen_value,29.767936811838194,1005.4,50.0,7.0,1,TIER_1_SPIKE,-1,NORMAL,-1,NORMAL,False
42,AWS-RAN-101,RAN,2025-03-22 14:00:00+00:00,drift,19.4488474562937,941.9,44.0,1.0,3,TIER_3_STATIC_MAHALANOBIS,-1,NORMAL,1,TIER_1_SPIKE,True
42,AWS-DEL-101,DEL,2025-03-22 15:00:00+00:00,frozen_value,24.455969030464544,988.9,21.0,1.0,3,TIER_3_STATIC_MAHALANOBIS,-1,NORMAL,-1,NORMAL,False
42,AWS-CHN-103,CHN,2025-03-22 15:00:00+00:00,frozen_value,29.755969030464545,1004.7,52.0,8.0,1,TIER_1_SPIKE,-1,NORMAL,-1,NORMAL,False
42,AWS-KOL-103,KOL,2025-03-22 16:00:00+00:00,drift,26.0,1011.4,76.98433116135894,45.0,1,TIER_1_SPIKE,-1,NORMAL,1,TIER_1_SPIKE,True
42,AWS-DEL-011,DEL,2025-03-23 01:00:00+00:00,drift,21.5,988.6,46.04913888276295,1.0,3,TIER_3_STATIC_MAHALANOBIS,-1,NORMAL,1,TIER_1_SPIKE,True
42,AWS-BHO-030,BHO,2025-03-23 03:00:00+00:00,drift,22.0,956.6,29.239471399606277,1.0,3,TIER_3_STATIC_MAHALANOBIS,-1,NORMAL,-1,NORMAL,False
42,AWS-BHO-030,BHO,2025-03-23 07:00:00+00:00,drift,21.2,959.1,36.82232541020231,1.0,3,TIER_3_STATIC_MAHALANOBIS,-1,NORMAL,-1,NORMAL,False
42,AWS-DEL-011,DEL,2025-03-23 07:00:00+00:00,drift,20.8,990.4,52.82666157889891,1.0,3,TIER_3_STATIC_MAHALANOBIS,-1,NORMAL,1,TIER_1_SPIKE,True
42,AWS-BHO-101,BHO,2025-03-23 08:00:00+00:00,drift,26.0,959.9,28.997904727785148,1.0,3,TIER_3_STATIC_MAHALANOBIS,-1,NORMAL,-1,NORMAL,False
42,AWS-CHN-103,CHN,2025-03-23 08:00:00+00:00,drift,30.4,1009.3,64.01096072797553,3.0,1,TIER_1_SPIKE,-1,NORMAL,-1,NORMAL,False
42,AWS-DEL-102,DEL,2025-03-23 08:00:00+00:00,drift,22.7,989.9,46.004846935239534,1.0,3,TIER_3_STATIC_MAHALANOBIS,-1,NORMAL,-1,NORMAL,False
42,AWS-VAR-103,VAR,2025-03-23 08:00:00+00:00,drift,24.4,1006.0,48.00430533672844,1.0,3,TIER_3_STATIC_MAHALANOBIS,-1,NORMAL,-1,NORMAL,False
42,AWS-BHO-102,BHO,2025-03-23 09:00:00+00:00,drift,28.2,968.5,26.186998919671222,1.0,3,TIER_3_STATIC_MAHALANOBIS,-1,NORMAL,-1,NORMAL,False
42,AWS-BHO-103,BHO,2025-03-23 09:00:00+00:00,drift,28.3,966.7,29.18674222913034,1.0,3,TIER_3_STATIC_MAHALANOBIS,-1,NORMAL,-1,NORMAL,False
42,AWS-CHN-103,CHN,2025-03-23 17:00:00+00:00,drift,31.2,1005.5,56.023128679250085,12.0,1,TIER_1_SPIKE,-1,NORMAL,-1,NORMAL,False
42,AWS-BHO-102,BHO,2025-03-23 18:00:00+00:00,drift,29.0,964.4,16.260169005413605,1.0,3,TIER_3_STATIC_MAHALANOBIS,-1,NORMAL,-1,NORMAL,False
42,AWS-BHO-103,BHO,2025-03-23 18:00:00+00:00,drift,27.6,962.6,18.259655624331838,1.0,3,TIER_3_STATIC_MAHALANOBIS,-1,NORMAL,-1,NORMAL,False
42,AWS-VAR-102,VAR,2025-03-23 19:00:00+00:00,drift,25.5,1003.7,42.537559128339126,1.0,3,TIER_3_STATIC_MAHALANOBIS,-1,NORMAL,-1,NORMAL,False
42,AWS-BHO-101,BHO,2025-03-23 21:00:00+00:00,drift,25.8,958.2,20.076888475804687,1.0,3,TIER_3_STATIC_MAHALANOBIS,-1,NORMAL,-1,NORMAL,False
42,AWS-DEL-102,DEL,2025-03-23 22:00:00+00:00,drift,24.0,988.4,36.382285918894134,1.0,3,TIER_3_STATIC_MAHALANOBIS,-1,NORMAL,-1,NORMAL,False
42,AWS-DEL-102,DEL,2025-03-23 23:00:00+00:00,drift,23.4,988.2,38.67550659011736,1.0,3,TIER_3_STATIC_MAHALANOBIS,-1,NORMAL,-1,NORMAL,False
42,AWS-DEL-011,DEL,2025-03-24 01:00:00+00:00,drift,22.5,989.0,47.27657929139454,1.0,3,TIER_3_STATIC_MAHALANOBIS,-1,NORMAL,1,TIER_1_SPIKE,True
42,AWS-BHO-030,BHO,2025-03-24 01:00:00+00:00,drift,22.3,958.0,32.261092974620965,1.0,3,TIER_3_STATIC_MAHALANOBIS,-1,NORMAL,-1,NORMAL,False
42,AWS-DEL-011,DEL,2025-03-24 02:00:00+00:00,drift,22.2,988.1,47.586998808238114,1.0,3,TIER_3_STATIC_MAHALANOBIS,-1,NORMAL,1,TIER_1_SPIKE,True
42,AWS-CHN-102,CHN,2025-03-24 04:00:00+00:00,drift,26.2,1009.2,98.23910267039119,2.0,3,TIER_3_STATIC_MAHALANOBIS,-1,NORMAL,1,TIER_1_SPIKE,True
42,AWS-DEL-011,DEL,2025-03-24 04:00:00+00:00,drift,21.5,987.8,50.2243039222443,1.0,3,TIER_3_STATIC_MAHALANOBIS,-1,NORMAL,1,TIER_1_SPIKE,True
42,AWS-CHN-102,CHN,2025-03-24 05:00:00+00:00,drift,26.0,1010.1,100.0,3.0,1,TIER_1_SPIKE,-1,NORMAL,1,TIER_1_SPIKE,True
42,AWS-VAR-101,VAR,2025-03-24 08:00:00+00:00,drift,25.6,1007.2,48.0,15.0,1,TIER_1_SPIKE,-1,NORMAL,-1,NORMAL,False
42,AWS-VAR-052,VAR,2025-03-24 09:00:00+00:00,drift,29.485006546939378,1007.3,34.0,1.0,3,TIER_3_STATIC_MAHALANOBIS,-1,NORMAL,1,TIER_1_SPIKE,True
42,AWS-DEL-103,DEL,2025-03-24 09:00:00+00:00,drift,26.18498544284495,992.0,39.0,1.0,3,TIER_3_STATIC_MAHALANOBIS,-1,NORMAL,-1,NORMAL,False
42,AWS-RAN-103,RAN,2025-03-24 09:00:00+00:00,drift,28.484958614129187,982.0,41.0,1.0,3,TIER_3_STATIC_MAHALANOBIS,-1,NORMAL,-1,NORMAL,False
42,AWS-CHN-103,CHN,2025-03-24 09:00:00+00:00,drift,30.5,1009.5,71.9379354388467,4.0,1,TIER_1_SPIKE,-1,NORMAL,-1,NORMAL,False
42,AWS-RAN-067,RAN,2025-03-24 09:00:00+00:00,drift,25.685019617579346,946.5,43.0,1.0,3,TIER_3_STATIC_MAHALANOBIS,-1,NORMAL,-1,NORMAL,False
42,AWS-MUM-103,MUM,2025-03-24 10:00:00+00:00,drift,31.50267836174878,1012.9,55.0,9.0,1,TIER_1_SPIKE,-1,NORMAL,-1,NORMAL,False
42,AWS-MUM-101,MUM,2025-03-24 10:00:00+00:00,drift,32.00266844657992,1013.3,50.0,1.0,1,TIER_1_SPIKE,-1,NORMAL,-1,NORMAL,False
42,AWS-MUM-102,MUM,2025-03-24 12:00:00+00:00,drift,35.531120814441564,1010.1,34.0,2.0,1,TIER_1_SPIKE,-1,NORMAL,-1,NORMAL,False
42,AWS-MUM-102,MUM,2025-03-24 13:00:00+00:00,drift,35.85588334551828,1008.8,35.0,3.0,1,TIER_1_SPIKE,-1,NORMAL,2,TIER_2_ROC_CUSUM,True
42,AWS-DEL-103,DEL,2025-03-24 18:00:00+00:00,drift,26.297891680367705,987.3,28.0,1.0,3,TIER_3_STATIC_MAHALANOBIS,-1,NORMAL,-1,NORMAL,False
42,AWS-VAR-102,VAR,2025-03-24 19:00:00+00:00,drift,27.0,1002.6,44.634550177005245,1.0,3,TIER_3_STATIC_MAHALANOBIS,-1,NORMAL,-1,NORMAL,False
42,AWS-BHO-103,BHO,2025-03-24 19:00:00+00:00,drift,26.4,962.4,29.610798968178745,1.0,3,TIER_3_STATIC_MAHALANOBIS,-1,NORMAL,-1,NORMAL,False
42,AWS-VAR-103,VAR,2025-03-24 19:00:00+00:00,drift,26.7,1001.6,45.63609727509129,1.0,3,TIER_3_STATIC_MAHALANOBIS,-1,NORMAL,-1,NORMAL,False
42,AWS-BHO-102,BHO,2025-03-24 19:00:00+00:00,drift,28.8,964.4,26.61202537854075,1.0,3,TIER_3_STATIC_MAHALANOBIS,-1,NORMAL,-1,NORMAL,False
42,AWS-VAR-101,VAR,2025-03-24 20:00:00+00:00,drift,24.230270400120858,1003.4,34.0,10.0,1,TIER_1_SPIKE,-1,NORMAL,-1,NORMAL,False
42,AWS-BHO-101,BHO,2025-03-24 20:00:00+00:00,drift,27.1,956.8,26.997588904117865,1.0,3,TIER_3_STATIC_MAHALANOBIS,-1,NORMAL,-1,NORMAL,False
42,AWS-DEL-101,DEL,2025-03-24 20:00:00+00:00,drift,26.0,989.6,45.041766479285144,1.0,3,TIER_3_STATIC_MAHALANOBIS,-1,NORMAL,-1,NORMAL,False
42,AWS-RAN-102,RAN,2025-03-24 20:00:00+00:00,drift,19.629820560528117,973.8,49.0,1.0,3,TIER_3_STATIC_MAHALANOBIS,-1,NORMAL,1,TIER_1_SPIKE,True
42,AWS-RAN-102,RAN,2025-03-24 21:00:00+00:00,drift,19.027171177926302,974.6,54.0,1.0,3,TIER_3_STATIC_MAHALANOBIS,-1,NORMAL,1,TIER_1_SPIKE,True
42,AWS-DEL-102,DEL,2025-03-24 23:00:00+00:00,drift,25.0,986.5,47.25082933207547,1.0,3,TIER_3_STATIC_MAHALANOBIS,-1,NORMAL,-1,NORMAL,False
42,AWS-BHO-030,BHO,2025-03-25 00:00:00+00:00,drift,23.5,956.7,37.628556384911434,1.0,3,TIER_3_STATIC_MAHALANOBIS,-1,NORMAL,-1,NORMAL,False
42,AWS-CHN-024,CHN,2025-03-25 03:00:00+00:00,frozen_value,28.63766494942705,1008.1,90.0,1.0,3,TIER_3_STATIC_MAHALANOBIS,-1,NORMAL,-1,NORMAL,False
42,AWS-MUM-102,MUM,2025-03-25 11:00:00+00:00,spike,35.9,1017.8170114236436,29.0,25.0,1,TIER_1_SPIKE,-1,NORMAL,1,TIER_1_SPIKE,True
42,AWS-DEL-101,DEL,2025-03-25 21:00:00+00:00,drift,26.2,985.7,41.49763691492681,1.0,3,TIER_3_STATIC_MAHALANOBIS,-1,NORMAL,-1,NORMAL,False
42,AWS-VAR-102,VAR,2025-03-25 21:00:00+00:00,drift,24.9,998.9,48.49498401491465,1.0,3,TIER_3_STATIC_MAHALANOBIS,-1,NORMAL,-1,NORMAL,False
42,AWS-VAR-103,VAR,2025-03-25 21:00:00+00:00,drift,25.0,997.9,48.49553485470441,1.0,3,TIER_3_STATIC_MAHALANOBIS,-1,NORMAL,-1,NORMAL,False
42,AWS-VAR-102,VAR,2025-03-25 22:00:00+00:00,drift,24.5,998.8,51.2672552889978,1.0,3,TIER_3_STATIC_MAHALANOBIS,-1,NORMAL,-1,NORMAL,False
42,AWS-CHN-102,CHN,2025-03-26 03:00:00+00:00,frozen_value,26.102376544949365,1005.2,93.0,1.0,3,TIER_3_STATIC_MAHALANOBIS,-1,NORMAL,2,TIER_2_ROC_CUSUM,True
42,AWS-CHN-102,CHN,2025-03-26 04:00:00+00:00,frozen_value,26.125215306827236,1005.5,95.0,2.0,3,TIER_3_STATIC_MAHALANOBIS,-1,NORMAL,-1,NORMAL,False
42,AWS-BHO-101,BHO,2025-03-26 09:00:00+00:00,unstructured_anomaly,26.10189113080309,961.9557461976323,31.946635234350104,1.0,3,TIER_3_STATIC_MAHALANOBIS,-1,NORMAL,-1,NORMAL,False
42,AWS-BHO-103,BHO,2025-03-26 09:00:00+00:00,unstructured_anomaly,24.301891130803085,967.8557461976322,38.946635234350104,1.0,3,TIER_3_STATIC_MAHALANOBIS,-1,NORMAL,-1,NORMAL,False
42,AWS-BHO-102,BHO,2025-03-26 10:00:00+00:00,unstructured_anomaly,29.240807524150718,970.4601474707234,15.0,1.0,3,TIER_3_STATIC_MAHALANOBIS,-1,NORMAL,-1,NORMAL,False
42,AWS-BHO-030,BHO,2025-03-26 20:00:00+00:00,spike,20.626317244232464,952.5,18.0,1.0,3,TIER_3_STATIC_MAHALANOBIS,-1,NORMAL,-1,NORMAL,False
42,AWS-DEL-102,DEL,2025-03-26 21:00:00+00:00,spike,23.788539705536127,980.8,27.0,1.0,3,TIER_3_STATIC_MAHALANOBIS,-1,NORMAL,-1,NORMAL,False
42,AWS-VAR-052,VAR,2025-03-26 21:00:00+00:00,spike,25.541747978853742,996.7,24.0,1.0,3,TIER_3_STATIC_MAHALANOBIS,-1,NORMAL,1,TIER_1_SPIKE,True
42,AWS-KOL-103,KOL,2025-03-26 21:00:00+00:00,spike,23.474685496054686,1005.5,75.0,4.0,1,TIER_1_SPIKE,-1,NORMAL,-1,NORMAL,False
42,AWS-KOL-102,KOL,2025-03-26 22:00:00+00:00,spike,25.79365442643341,1005.6,79.0,12.0,1,TIER_1_SPIKE,-1,NORMAL,-1,NORMAL,False
42,AWS-VAR-102,VAR,2025-03-26 22:00:00+00:00,spike,23.716053393898996,996.9,34.0,1.0,3,TIER_3_STATIC_MAHALANOBIS,-1,NORMAL,-1,NORMAL,False
42,AWS-VAR-103,VAR,2025-03-26 22:00:00+00:00,spike,24.48197759905209,995.8,29.0,1.0,3,TIER_3_STATIC_MAHALANOBIS,-1,NORMAL,-1,NORMAL,False
42,AWS-DEL-101,DEL,2025-03-26 22:00:00+00:00,spike,24.59594613540039,984.2,32.0,1.0,3,TIER_3_STATIC_MAHALANOBIS,-1,NORMAL,-1,NORMAL,False
42,AWS-RAN-102,RAN,2025-03-26 22:00:00+00:00,spike,19.56740127059858,968.3,48.0,1.0,3,TIER_3_STATIC_MAHALANOBIS,-1,NORMAL,1,TIER_1_SPIKE,True
42,AWS-CHN-024,CHN,2025-03-27 03:00:00+00:00,frozen_value,26.1,1006.2,91.0,1.0,3,TIER_3_STATIC_MAHALANOBIS,-1,NORMAL,2,TIER_2_ROC_CUSUM,True
42,AWS-KOL-101,KOL,2025-03-27 03:00:00+00:00,frozen_value,23.7,1004.1,96.0,19.0,1,TIER_1_SPIKE,-1,NORMAL,1,TIER_1_SPIKE,True
42,AWS-KOL-102,KOL,2025-03-27 03:00:00+00:00,frozen_value,25.6,1003.5,86.0,17.0,1,TIER_1_SPIKE,-1,NORMAL,2,TIER_2_ROC_CUSUM,True
42,AWS-KOL-101,KOL,2025-03-27 04:00:00+00:00,frozen_value,23.7,1004.7,96.0,20.0,1,TIER_1_SPIKE,-1,NORMAL,1,TIER_1_SPIKE,True
42,AWS-KOL-102,KOL,2025-03-27 04:00:00+00:00,frozen_value,25.6,1004.2,88.0,18.0,1,TIER_1_SPIKE,-1,NORMAL,2,TIER_2_ROC_CUSUM,True
42,AWS-KOL-101,KOL,2025-03-27 06:00:00+00:00,frozen_value,23.7,1005.8,94.0,22.0,1,TIER_1_SPIKE,-1,NORMAL,1,TIER_1_SPIKE,True
42,AWS-KOL-102,KOL,2025-03-27 06:00:00+00:00,frozen_value,25.6,1005.3,87.0,20.0,1,TIER_1_SPIKE,-1,NORMAL,-1,NORMAL,False
42,AWS-KOL-103,KOL,2025-03-27 07:00:00+00:00,frozen_value,24.3,1005.9,80.0,14.0,1,TIER_1_SPIKE,-1,NORMAL,-1,NORMAL,False
42,AWS-MUM-102,MUM,2025-03-27 12:00:00+00:00,frozen_value,33.7,1008.6,46.0,4.0,1,TIER_1_SPIKE,-1,NORMAL,1,TIER_1_SPIKE,True
42,AWS-MUM-102,MUM,2025-03-27 13:00:00+00:00,frozen_value,33.7392065042522,1007.6,40.0,5.0,1,TIER_1_SPIKE,-1,NORMAL,1,TIER_1_SPIKE,True
42,AWS-MUM-102,MUM,2025-03-27 14:00:00+00:00,frozen_value,33.7237391772662,1006.8,40.0,6.0,1,TIER_1_SPIKE,-1,NORMAL,1,TIER_1_SPIKE,True
42,AWS-MUM-102,MUM,2025-03-27 15:00:00+00:00,frozen_value,33.74657793914406,1006.0,41.0,7.0,1,TIER_1_SPIKE,-1,NORMAL,1,TIER_1_SPIKE,True
42,AWS-MUM-102,MUM,2025-03-27 16:00:00+00:00,drift,33.713481642090734,1005.6,44.0,8.0,1,TIER_1_SPIKE,-1,NORMAL,1,TIER_1_SPIKE,True
42,AWS-MUM-102,MUM,2025-03-27 17:00:00+00:00,drift,33.69532894976248,1005.7,48.500274009873706,9.0,1,TIER_1_SPIKE,-1,NORMAL,-1,NORMAL,False
42,AWS-MUM-103,MUM,2025-03-27 19:00:00+00:00,drift,27.7,1007.0,65.50060927573816,22.0,1,TIER_1_SPIKE,-1,NORMAL,-1,NORMAL,False
42,AWS-MUM-103,MUM,2025-03-27 20:00:00+00:00,drift,27.1,1007.7,69.00081236765088,23.0,1,TIER_1_SPIKE,-1,NORMAL,-1,NORMAL,False
42,AWS-RAN-067,RAN,2025-03-27 20:00:00+00:00,drift,26.2,935.7,23.001902493061262,1.0,3,TIER_3_STATIC_MAHALANOBIS,-1,NORMAL,-1,NORMAL,False
42,AWS-DEL-103,DEL,2025-03-27 20:00:00+00:00,drift,28.2,980.7,28.00172106238459,1.0,3,TIER_3_STATIC_MAHALANOBIS,-1,NORMAL,-1,NORMAL,False
42,AWS-MUM-103,MUM,2025-03-27 21:00:00+00:00,drift,26.6,1008.1,71.5010154595636,24.0,1,TIER_1_SPIKE,-1,NORMAL,-1,NORMAL,False
42,AWS-RAN-103,RAN,2025-03-27 21:00:00+00:00,drift,27.7,970.7,21.50219802686585,1.0,3,TIER_3_STATIC_MAHALANOBIS,-1,NORMAL,-1,NORMAL,False
42,AWS-RAN-067,RAN,2025-03-27 21:00:00+00:00,drift,25.6,936.3,23.50237811632658,1.0,3,TIER_3_STATIC_MAHALANOBIS,-1,NORMAL,-1,NORMAL,False
42,AWS-RAN-067,RAN,2025-03-27 22:00:00+00:00,drift,25.7,936.2,23.002853739591895,1.0,3,TIER_3_STATIC_MAHALANOBIS,-1,NORMAL,-1,NORMAL,False
42,AWS-MUM-103,MUM,2025-03-27 22:00:00+00:00,drift,26.2,1008.5,73.00121855147633,25.0,1,TIER_1_SPIKE,-1,NORMAL,-1,NORMAL,False
42,AWS-KOL-103,KOL,2025-03-28 00:00:00+00:00,drift,25.9,1002.9,67.0,5.0,1,TIER_1_SPIKE,-1,NORMAL,-1,NORMAL,False
42,AWS-DEL-101,DEL,2025-03-28 00:00:00+00:00,frozen_value,26.1,983.1,34.0,1.0,3,TIER_3_STATIC_MAHALANOBIS,-1,NORMAL,-1,NORMAL,False
42,AWS-BHO-103,BHO,2025-03-28 00:00:00+00:00,frozen_value,24.5,957.7,29.0,1.0,3,TIER_3_STATIC_MAHALANOBIS,-1,NORMAL,-1,NORMAL,False
42,AWS-VAR-102,VAR,2025-03-28 00:00:00+00:00,frozen_value,26.2,994.9,30.0,1.0,3,TIER_3_STATIC_MAHALANOBIS,-1,NORMAL,1,TIER_1_SPIKE,True
42,AWS-VAR-103,VAR,2025-03-28 00:00:00+00:00,frozen_value,26.3,994.0,31.0,1.0,3,TIER_3_STATIC_MAHALANOBIS,-1,NORMAL,-1,NORMAL,False
42,AWS-BHO-103,BHO,2025-03-28 01:00:00+00:00,frozen_value,24.47391081017232,957.5,29.0,1.0,3,TIER_3_STATIC_MAHALANOBIS,-1,NORMAL,-1,NORMAL,False
42,AWS-VAR-103,VAR,2025-03-28 01:00:00+00:00,frozen_value,26.27391081017232,993.4,33.0,1.0,3,TIER_3_STATIC_MAHALANOBIS,-1,NORMAL,-1,NORMAL,False
42,AWS-DEL-101,DEL,2025-03-28 01:00:00+00:00,frozen_value,26.073910810172322,982.8,36.0,1.0,3,TIER_3_STATIC_MAHALANOBIS,-1,NORMAL,-1,NORMAL,False
42,AWS-VAR-102,VAR,2025-03-28 01:00:00+00:00,frozen_value,26.17391081017232,994.5,32.0,1.0,3,TIER_3_STATIC_MAHALANOBIS,-1,NORMAL,1,TIER_1_SPIKE,True
42,AWS-VAR-052,VAR,2025-03-28 01:00:00+00:00,drift,26.9,994.5,25.50774844547032,1.0,3,TIER_3_STATIC_MAHALANOBIS,-1,NORMAL,1,TIER_1_SPIKE,True
42,AWS-VAR-103,VAR,2025-03-28 02:00:00+00:00,frozen_value,26.269924899627004,992.9,34.0,1.0,3,TIER_3_STATIC_MAHALANOBIS,-1,NORMAL,2,TIER_2_ROC_CUSUM,True
42,AWS-BHO-103,BHO,2025-03-28 02:00:00+00:00,frozen_value,24.469924899627003,957.2,30.0,1.0,3,TIER_3_STATIC_MAHALANOBIS,-1,NORMAL,-1,NORMAL,False
42,AWS-DEL-101,DEL,2025-03-28 02:00:00+00:00,frozen_value,26.069924899627004,982.5,38.0,1.0,3,TIER_3_STATIC_MAHALANOBIS,-1,NORMAL,-1,NORMAL,False
42,AWS-VAR-052,VAR,2025-03-28 02:00:00+00:00,drift,26.5,993.9,26.008609383855912,1.0,3,TIER_3_STATIC_MAHALANOBIS,-1,NORMAL,1,TIER_1_SPIKE,True
42,AWS-VAR-102,VAR,2025-03-28 02:00:00+00:00,frozen_value,26.169924899627002,994.0,34.0,1.0,3,TIER_3_STATIC_MAHALANOBIS,-1,NORMAL,1,TIER_1_SPIKE,True
42,AWS-KOL-103,KOL,2025-03-28 02:00:00+00:00,drift,25.493182136471702,1001.9,69.0,7.0,1,TIER_1_SPIKE,-1,NORMAL,2,TIER_2_ROC_CUSUM,True
42,AWS-BHO-103,BHO,2025-03-28 03:00:00+00:00,frozen_value,24.3855581779291,957.3,31.0,1.0,3,TIER_3_STATIC_MAHALANOBIS,-1,NORMAL,2,TIER_2_ROC_CUSUM,True
42,AWS-DEL-101,DEL,2025-03-28 03:00:00+00:00,frozen_value,25.9855581779291,982.7,42.0,1.0,3,TIER_3_STATIC_MAHALANOBIS,-1,NORMAL,2,TIER_2_ROC_CUSUM,True
42,AWS-KOL-103,KOL,2025-03-28 03:00:00+00:00,drift,25.939773204707556,1002.0,67.0,8.0,1,TIER_1_SPIKE,-1,NORMAL,2,TIER_2_ROC_CUSUM,True
42,AWS-MUM-103,MUM,2025-03-28 03:00:00+00:00,drift,23.6,1006.6,85.50223401103992,1.0,3,TIER_3_STATIC_MAHALANOBIS,-1,NORMAL,-1,NORMAL,False
42,AWS-BHO-101,BHO,2025-03-28 03:00:00+00:00,frozen_value,26.3855581779291,952.1,38.0,1.0,3,TIER_3_STATIC_MAHALANOBIS,-1,NORMAL,-1,NORMAL,False
42,AWS-VAR-102,VAR,2025-03-28 03:00:00+00:00,frozen_value,26.085558177929098,993.8,36.0,1.0,3,TIER_3_STATIC_MAHALANOBIS,-1,NORMAL,1,TIER_1_SPIKE,True
42,AWS-VAR-101,VAR,2025-03-28 03:00:00+00:00,drift,24.8,993.8,30.50790054591535,8.0,1,TIER_1_SPIKE,-1,NORMAL,1,TIER_1_SPIKE,True
42,AWS-VAR-103,VAR,2025-03-28 03:00:00+00:00,frozen_value,26.1855581779291,992.9,35.0,1.0,3,TIER_3_STATIC_MAHALANOBIS,-1,NORMAL,2,TIER_2_ROC_CUSUM,True
42,AWS-MUM-103,MUM,2025-03-28 04:00:00+00:00,drift,23.3,1006.9,87.00243710295264,2.0,1,TIER_1_SPIKE,-1,NORMAL,2,TIER_2_ROC_CUSUM,True
42,AWS-VAR-103,VAR,2025-03-28 04:00:00+00:00,frozen_value,26.113202554307946,993.3,38.0,1.0,3,TIER_3_STATIC_MAHALANOBIS,-1,NORMAL,2,TIER_2_ROC_CUSUM,True
42,AWS-KOL-103,KOL,2025-03-28 04:00:00+00:00,drift,25.98636427294341,1002.5,68.0,9.0,1,TIER_1_SPIKE,-1,NORMAL,-1,NORMAL,False
42,AWS-KOL-101,KOL,2025-03-28 04:00:00+00:00,drift,24.886345447275115,1003.2,76.0,44.0,3,TIER_3_STATIC_MAHALANOBIS,-1,NORMAL,-1,NORMAL,False
42,AWS-VAR-102,VAR,2025-03-28 04:00:00+00:00,frozen_value,26.013202554307945,994.4,38.0,1.0,3,TIER_3_STATIC_MAHALANOBIS,-1,NORMAL,1,TIER_1_SPIKE,True
42,AWS-CHN-101,CHN,2025-03-28 04:00:00+00:00,drift,25.38592546511566,1004.5,92.0,1.0,3,TIER_3_STATIC_MAHALANOBIS,-1,NORMAL,-1,NORMAL,False
42,AWS-BHO-101,BHO,2025-03-28 04:00:00+00:00,frozen_value,26.313202554307946,952.4,37.0,1.0,3,TIER_3_STATIC_MAHALANOBIS,-1,NORMAL,2,TIER_2_ROC_CUSUM,True
42,AWS-CHN-102,CHN,2025-03-28 04:00:00+00:00,frozen_value,27.013202554307945,1004.4,88.0,1.0,3,TIER_3_STATIC_MAHALANOBIS,-1,NORMAL,-1,NORMAL,False
42,AWS-BHO-103,BHO,2025-03-28 04:00:00+00:00,frozen_value,24.313202554307946,957.7,36.0,1.0,3,TIER_3_STATIC_MAHALANOBIS,-1,NORMAL,2,TIER_2_ROC_CUSUM,True
42,AWS-KOL-103,KOL,2025-03-28 05:00:00+00:00,drift,25.73295534117926,1002.9,70.0,10.0,1,TIER_1_SPIKE,-1,NORMAL,2,TIER_2_ROC_CUSUM,True
42,AWS-VAR-102,VAR,2025-03-28 05:00:00+00:00,frozen_value,25.947067573690223,995.1,40.0,1.0,3,TIER_3_STATIC_MAHALANOBIS,-1,NORMAL,1,TIER_1_SPIKE,True
42,AWS-BHO-101,BHO,2025-03-28 05:00:00+00:00,frozen_value,26.247067573690224,952.9,35.0,1.0,3,TIER_3_STATIC_MAHALANOBIS,-1,NORMAL,2,TIER_2_ROC_CUSUM,True
42,AWS-MUM-103,MUM,2025-03-28 05:00:00+00:00,drift,23.2,1007.4,85.50264019486536,3.0,1,TIER_1_SPIKE,-1,NORMAL,2,TIER_2_ROC_CUSUM,True
42,AWS-BHO-103,BHO,2025-03-28 05:00:00+00:00,frozen_value,24.247067573690224,958.5,39.0,1.0,3,TIER_3_STATIC_MAHALANOBIS,-1,NORMAL,1,TIER_1_SPIKE,True
42,AWS-KOL-101,KOL,2025-03-28 05:00:00+00:00,drift,24.732931809093895,1003.7,78.0,45.0,1,TIER_1_SPIKE,-1,NORMAL,2,TIER_2_ROC_CUSUM,True
42,AWS-VAR-103,VAR,2025-03-28 05:00:00+00:00,frozen_value,26.047067573690224,994.1,40.0,1.0,3,TIER_3_STATIC_MAHALANOBIS,-1,NORMAL,-1,NORMAL,False
42,AWS-DEL-101,DEL,2025-03-28 06:00:00+00:00,frozen_value,25.8,985.5,39.0,1.0,3,TIER_3_STATIC_MAHALANOBIS,-1,NORMAL,-1,NORMAL,False
42,AWS-VAR-102,VAR,2025-03-28 06:00:00+00:00,frozen_value,25.9,996.1,45.0,1.0,3,TIER_3_STATIC_MAHALANOBIS,-1,NORMAL,1,TIER_1_SPIKE,True
42,AWS-RAN-102,RAN,2025-03-28 06:00:00+00:00,drift,21.2,967.1,43.005726809262896,1.0,3,TIER_3_STATIC_MAHALANOBIS,-1,NORMAL,1,TIER_1_SPIKE,True
42,AWS-VAR-101,VAR,2025-03-28 06:00:00+00:00,drift,24.0,996.2,37.0100552402559,11.0,1,TIER_1_SPIKE,-1,NORMAL,1,TIER_1_SPIKE,True
42,AWS-VAR-103,VAR,2025-03-28 06:00:00+00:00,frozen_value,26.0,995.3,42.0,1.0,3,TIER_3_STATIC_MAHALANOBIS,-1,NORMAL,2,TIER_2_ROC_CUSUM,True
42,AWS-VAR-052,VAR,2025-03-28 07:00:00+00:00,drift,26.9,997.2,28.512914075783865,1.0,3,TIER_3_STATIC_MAHALANOBIS,-1,NORMAL,1,TIER_1_SPIKE,True
42,AWS-RAN-067,RAN,2025-03-28 07:00:00+00:00,drift,26.3,937.8,25.50713434897974,1.0,3,TIER_3_STATIC_MAHALANOBIS,-1,NORMAL,-1,NORMAL,False
42,AWS-RAN-103,RAN,2025-03-28 07:00:00+00:00,drift,28.4,972.5,25.50659408059755,1.0,3,TIER_3_STATIC_MAHALANOBIS,-1,NORMAL,-1,NORMAL,False
42,AWS-MUM-102,MUM,2025-03-28 18:00:00+00:00,drift,32.5,1004.0,30.007124256716423,23.0,1,TIER_1_SPIKE,-1,NORMAL,-1,NORMAL,False
42,AWS-BHO-102,BHO,2025-03-28 19:00:00+00:00,drift,30.910387910078498,960.4,19.0451658098837,1.0,3,TIER_3_STATIC_MAHALANOBIS,-1,NORMAL,-1,NORMAL,False
42,AWS-RAN-103,RAN,2025-03-28 20:00:00+00:00,drift,29.8,971.0,12.012308950448762,1.0,3,TIER_3_STATIC_MAHALANOBIS,-1,NORMAL,-1,NORMAL,False
42,AWS-DEL-102,DEL,2025-03-28 21:00:00+00:00,drift,23.23172553662084,985.0,25.37004789590103,1.0,3,TIER_3_STATIC_MAHALANOBIS,-1,NORMAL,-1,NORMAL,False
42,AWS-DEL-011,DEL,2025-03-28 22:00:00+00:00,drift,24.621984208378198,986.7,20.64130825155579,1.0,3,TIER_3_STATIC_MAHALANOBIS,-1,NORMAL,1,TIER_1_SPIKE,True
42,AWS-DEL-011,DEL,2025-03-28 23:00:00+00:00,drift,24.03036738617422,986.5,19.98356660018362,1.0,3,TIER_3_STATIC_MAHALANOBIS,-1,NORMAL,1,TIER_1_SPIKE,True
42,AWS-DEL-011,DEL,2025-03-29 00:00:00+00:00,drift,23.455608847870195,986.4,19.395342327756854,1.0,3,TIER_3_STATIC_MAHALANOBIS,-1,NORMAL,1,TIER_1_SPIKE,True
42,AWS-RAN-102,RAN,2025-03-29 00:00:00+00:00,drift,22.6,966.8,33.01308984974377,1.0,3,TIER_3_STATIC_MAHALANOBIS,-1,NORMAL,1,TIER_1_SPIKE,True
42,AWS-RAN-102,RAN,2025-03-29 01:00:00+00:00,drift,22.3,966.4,33.51349890754827,1.0,3,TIER_3_STATIC_MAHALANOBIS,-1,NORMAL,1,TIER_1_SPIKE,True
42,AWS-DEL-011,DEL,2025-03-29 01:00:00+00:00,drift,22.896805944973224,985.7,19.87569079539838,1.0,3,TIER_3_STATIC_MAHALANOBIS,-1,NORMAL,1,TIER_1_SPIKE,True
42,AWS-RAN-102,RAN,2025-03-29 02:00:00+00:00,drift,22.0,966.1,33.01390796535276,1.0,3,TIER_3_STATIC_MAHALANOBIS,-1,NORMAL,1,TIER_1_SPIKE,True
42,AWS-DEL-011,DEL,2025-03-29 02:00:00+00:00,drift,22.453184231181066,985.1,21.423824719347493,1.0,3,TIER_3_STATIC_MAHALANOBIS,-1,NORMAL,1,TIER_1_SPIKE,True
42,AWS-CHN-102,CHN,2025-03-29 03:00:00+00:00,drift,28.222404511720605,1003.5,97.04396843884555,1.0,3,TIER_3_STATIC_MAHALANOBIS,-1,NORMAL,2,TIER_2_ROC_CUSUM,True
42,AWS-RAN-102,RAN,2025-03-29 03:00:00+00:00,drift,21.7,966.0,32.51431702315725,1.0,3,TIER_3_STATIC_MAHALANOBIS,-1,NORMAL,1,TIER_1_SPIKE,True
42,AWS-DEL-011,DEL,2025-03-29 03:00:00+00:00,drift,21.924069817386076,984.8,24.0390701636818,1.0,3,TIER_3_STATIC_MAHALANOBIS,-1,NORMAL,1,TIER_1_SPIKE,True
42,AWS-VAR-103,VAR,2025-03-29 03:00:00+00:00,drift,27.524874325192805,994.7,27.039832506523524,1.0,3,TIER_3_STATIC_MAHALANOBIS,-1,NORMAL,-1,NORMAL,False
42,AWS-VAR-102,VAR,2025-03-29 03:00:00+00:00,drift,27.724694121604614,995.4,30.039433586045817,1.0,3,TIER_3_STATIC_MAHALANOBIS,-1,NORMAL,1,TIER_1_SPIKE,True
42,AWS-DEL-011,DEL,2025-03-29 04:00:00+00:00,drift,21.60886940647326,984.7,26.720838661848095,1.0,3,TIER_3_STATIC_MAHALANOBIS,-1,NORMAL,1,TIER_1_SPIKE,True
42,AWS-BHO-101,BHO,2025-03-29 04:00:00+00:00,drift,24.609544827199496,950.0939542277782,15.713378382264088,1.0,3,TIER_3_STATIC_MAHALANOBIS,-1,NORMAL,1,TIER_1_SPIKE,True
42,AWS-VAR-103,VAR,2025-03-29 04:00:00+00:00,drift,26.909735799495895,995.0,27.72168570945001,1.0,3,TIER_3_STATIC_MAHALANOBIS,-1,NORMAL,2,TIER_2_ROC_CUSUM,True
42,AWS-CHN-102,CHN,2025-03-29 04:00:00+00:00,drift,28.207076000371984,1003.8,99.72628118980782,2.0,3,TIER_3_STATIC_MAHALANOBIS,-1,NORMAL,1,TIER_1_SPIKE,True
42,AWS-RAN-102,RAN,2025-03-29 04:00:00+00:00,drift,21.4,966.6,34.014726080961736,1.0,3,TIER_3_STATIC_MAHALANOBIS,-1,NORMAL,1,TIER_1_SPIKE,True
42,AWS-BHO-103,BHO,2025-03-29 05:00:00+00:00,drift,24.208197252620337,955.9508387725244,19.462741927455454,1.0,3,TIER_3_STATIC_MAHALANOBIS,-1,NORMAL,1,TIER_1_SPIKE,True
42,AWS-BHO-101,BHO,2025-03-29 05:00:00+00:00,drift,24.507779131113914,950.2155046975314,17.460402140593658,1.0,3,TIER_3_STATIC_MAHALANOBIS,-1,NORMAL,1,TIER_1_SPIKE,True
42,AWS-RAN-102,RAN,2025-03-29 05:00:00+00:00,drift,20.9,967.5,34.51513513876623,1.0,3,TIER_3_STATIC_MAHALANOBIS,-1,NORMAL,1,TIER_1_SPIKE,True
42,AWS-DEL-011,DEL,2025-03-29 05:00:00+00:00,drift,21.50705546605009,984.8,28.468608448136067,1.0,3,TIER_3_STATIC_MAHALANOBIS,-1,NORMAL,1,TIER_1_SPIKE,True
42,AWS-BHO-103,BHO,2025-03-29 06:00:00+00:00,drift,23.91937286115083,956.7659226497769,22.275511384228537,1.0,3,TIER_3_STATIC_MAHALANOBIS,-1,NORMAL,1,TIER_1_SPIKE,True
42,AWS-BHO-101,BHO,2025-03-29 06:00:00+00:00,drift,23.918926864877314,950.8370551672845,20.272958889470218,1.0,3,TIER_3_STATIC_MAHALANOBIS,-1,NORMAL,1,TIER_1_SPIKE,True
42,AWS-DEL-103,DEL,2025-03-29 08:00:00+00:00,multivariate_inconsistency,26.275151415630084,986.0567798492456,46.255355235663615,1.0,3,TIER_3_STATIC_MAHALANOBIS,-1,NORMAL,-1,NORMAL,False
42,AWS-DEL-101,DEL,2025-03-29 08:00:00+00:00,drift,25.17850114216385,987.9,34.10717940646774,1.0,3,TIER_3_STATIC_MAHALANOBIS,-1,NORMAL,-1,NORMAL,False
42,AWS-BHO-102,BHO,2025-03-29 09:00:00+00:00,drift,32.0266403018696,960.8921968373609,23.103396181544035,1.0,3,TIER_3_STATIC_MAHALANOBIS,-1,NORMAL,-1,NORMAL,False
42,AWS-VAR-103,VAR,2025-03-29 18:00:00+00:00,drift,28.0,995.6,38.02866684482726,1.0,3,TIER_3_STATIC_MAHALANOBIS,-1,NORMAL,-1,NORMAL,False
42,AWS-VAR-102,VAR,2025-03-29 18:00:00+00:00,drift,29.2,996.5,34.027603056886704,1.0,3,TIER_3_STATIC_MAHALANOBIS,-1,NORMAL,1,TIER_1_SPIKE,True
42,AWS-BHO-103,BHO,2025-03-29 20:00:00+00:00,drift,25.4,952.6770969313111,12.0,1.0,3,TIER_3_STATIC_MAHALANOBIS,-1,NORMAL,1,TIER_1_SPIKE,True
42,AWS-BHO-101,BHO,2025-03-29 21:00:00+00:00,drift,25.2,947.6603122135815,8.0,1.0,3,TIER_3_STATIC_MAHALANOBIS,-1,NORMAL,1,TIER_1_SPIKE,True
42,AWS-BHO-030,BHO,2025-03-30 00:00:00+00:00,drift,23.3,946.570488300473,11.0,1.0,3,TIER_3_STATIC_MAHALANOBIS,-1,NORMAL,-1,NORMAL,False
101,AWS-BHO-102,BHO,2025-03-05 19:00:00+00:00,drift,19.857032149567214,964.7,17.0,1.0,3,TIER_3_STATIC_MAHALANOBIS,-1,NORMAL,-1,NORMAL,False
101,AWS-MUM-007,MUM,2025-03-05 19:00:00+00:00,drift,27.158069890084786,1009.5,47.0,1.0,3,TIER_3_STATIC_MAHALANOBIS,-1,NORMAL,-1,NORMAL,False
101,AWS-MUM-007,MUM,2025-03-05 20:00:00+00:00,drift,26.97258736260598,1010.3,41.0,1.0,3,TIER_3_STATIC_MAHALANOBIS,-1,NORMAL,-1,NORMAL,False
101,AWS-CHN-024,CHN,2025-03-05 20:00:00+00:00,drift,26.17290226836181,1009.4,82.0,1.0,3,TIER_3_STATIC_MAHALANOBIS,-1,NORMAL,-1,NORMAL,False
101,AWS-CHN-101,CHN,2025-03-05 21:00:00+00:00,drift,23.9868640561271,1009.2,93.0,1.0,3,TIER_3_STATIC_MAHALANOBIS,-1,NORMAL,-1,NORMAL,False
101,AWS-CHN-102,CHN,2025-03-05 22:00:00+00:00,drift,24.501416621727216,1009.3,87.0,1.0,3,TIER_3_STATIC_MAHALANOBIS,-1,NORMAL,1,TIER_1_SPIKE,True
101,AWS-CHN-103,CHN,2025-03-05 23:00:00+00:00,drift,22.31516556391477,1005.8,97.0,1.0,3,TIER_3_STATIC_MAHALANOBIS,-1,NORMAL,-1,NORMAL,False
101,AWS-RAN-103,RAN,2025-03-06 10:00:00+00:00,unstructured_anomaly,20.269139405153695,986.1949436993068,35.497625816043445,1.0,3,TIER_3_STATIC_MAHALANOBIS,-1,NORMAL,-1,NORMAL,False
101,AWS-BHO-030,BHO,2025-03-06 17:00:00+00:00,drift,20.872478970956927,957.0,12.0,1.0,3,TIER_3_STATIC_MAHALANOBIS,-1,NORMAL,-1,NORMAL,False
101,AWS-BHO-103,BHO,2025-03-06 17:00:00+00:00,drift,18.071259694239956,962.2,33.0,1.0,3,TIER_3_STATIC_MAHALANOBIS,-1,NORMAL,-1,NORMAL,False
101,AWS-BHO-102,BHO,2025-03-06 17:00:00+00:00,drift,20.570708972186893,964.2,13.0,1.0,3,TIER_3_STATIC_MAHALANOBIS,-1,NORMAL,-1,NORMAL,False
101,AWS-BHO-101,BHO,2025-03-06 17:00:00+00:00,drift,20.371865159090476,956.5,30.0,1.0,3,TIER_3_STATIC_MAHALANOBIS,-1,NORMAL,-1,NORMAL,False
101,AWS-VAR-103,VAR,2025-03-06 23:00:00+00:00,unstructured_anomaly,22.82049887172348,993.6356394447482,68.75643128928986,1.0,3,TIER_3_STATIC_MAHALANOBIS,-1,NORMAL,-1,NORMAL,False
101,AWS-RAN-102,RAN,2025-03-06 23:00:00+00:00,unstructured_anomaly,22.02049887172348,964.2356394447482,64.75643128928986,1.0,3,TIER_3_STATIC_MAHALANOBIS,-1,NORMAL,-1,NORMAL,False
101,AWS-KOL-102,KOL,2025-03-06 23:00:00+00:00,unstructured_anomaly,27.82049887172348,1002.0356394447482,76.75643128928986,26.0,3,TIER_3_STATIC_MAHALANOBIS,-1,NORMAL,-1,NORMAL,False
101,AWS-CHN-103,CHN,2025-03-07 06:00:00+00:00,frozen_value,21.1,1004.5,85.0,1.0,3,TIER_3_STATIC_MAHALANOBIS,-1,NORMAL,-1,NORMAL,False
101,AWS-DEL-011,DEL,2025-03-07 07:00:00+00:00,frozen_value,13.2,986.2,72.0,1.0,3,TIER_3_STATIC_MAHALANOBIS,-1,NORMAL,2,TIER_2_ROC_CUSUM,True
101,AWS-VAR-101,VAR,2025-03-07 08:00:00+00:00,frozen_value,19.0,1001.2,54.0,1.0,3,TIER_3_STATIC_MAHALANOBIS,-1,NORMAL,-1,NORMAL,False
101,AWS-MUM-101,MUM,2025-03-07 08:00:00+00:00,frozen_value,24.5,1009.4,31.0,1.0,3,TIER_3_STATIC_MAHALANOBIS,-1,NORMAL,-1,NORMAL,False
101,AWS-RAN-101,RAN,2025-03-07 08:00:00+00:00,frozen_value,20.4,938.8,33.0,1.0,3,TIER_3_STATIC_MAHALANOBIS,-1,NORMAL,-1,NORMAL,False
101,AWS-DEL-101,DEL,2025-03-07 09:00:00+00:00,frozen_value,20.5,987.9,46.0,1.0,3,TIER_3_STATIC_MAHALANOBIS,-1,NORMAL,-1,NORMAL,False
101,AWS-VAR-102,VAR,2025-03-07 09:00:00+00:00,frozen_value,21.9,1001.3,50.0,1.0,3,TIER_3_STATIC_MAHALANOBIS,-1,NORMAL,-1,NORMAL,False
101,AWS-MUM-102,MUM,2025-03-07 09:00:00+00:00,frozen_value,29.9,1009.0,20.0,1.0,3,TIER_3_STATIC_MAHALANOBIS,-1,NORMAL,-1,NORMAL,False
101,AWS-MUM-103,MUM,2025-03-07 10:00:00+00:00,frozen_value,31.3,1009.3,19.0,1.0,3,TIER_3_STATIC_MAHALANOBIS,-1,NORMAL,-1,NORMAL,False
101,AWS-MUM-102,MUM,2025-03-07 20:00:00+00:00,spike,30.6,1015.1155205145662,26.0,1.0,3,TIER_3_STATIC_MAHALANOBIS,-1,NORMAL,-1,NORMAL,False
101,AWS-DEL-101,DEL,2025-03-07 20:00:00+00:00,spike,21.3,994.4626804432825,37.0,1.0,3,TIER_3_STATIC_MAHALANOBIS,-1,NORMAL,-1,NORMAL,False
101,AWS-RAN-103,RAN,2025-03-07 20:00:00+00:00,spike,20.5,983.7404410056356,28.0,1.0,3,TIER_3_STATIC_MAHALANOBIS,-1,NORMAL,-1,NORMAL,False
101,AWS-RAN-067,RAN,2025-03-07 21:00:00+00:00,spike,20.2,946.8265035497802,24.0,1.0,3,TIER_3_STATIC_MAHALANOBIS,-1,NORMAL,-1,NORMAL,False
101,AWS-BHO-102,BHO,2025-03-07 21:00:00+00:00,spike,21.0,969.3155205145663,31.0,1.0,3,TIER_3_STATIC_MAHALANOBIS,-1,NORMAL,-1,NORMAL,False
101,AWS-VAR-052,VAR,2025-03-07 21:00:00+00:00,spike,21.7,1009.8913456580985,44.0,1.0,3,TIER_3_STATIC_MAHALANOBIS,-1,NORMAL,-1,NORMAL,False
101,AWS-KOL-103,KOL,2025-03-07 21:00:00+00:00,spike,23.4,1018.8259395327333,48.0,2.0,1,TIER_1_SPIKE,-1,NORMAL,1,TIER_1_SPIKE,True
101,AWS-BHO-030,BHO,2025-03-07 21:00:00+00:00,spike,22.9,962.5155205145662,33.0,1.0,3,TIER_3_STATIC_MAHALANOBIS,-1,NORMAL,-1,NORMAL,False
101,AWS-CHN-101,CHN,2025-03-07 22:00:00+00:00,drift,24.8,1016.1155205145662,85.92052478107209,4.0,1,TIER_1_SPIKE,-1,NORMAL,-1,NORMAL,False
101,AWS-BHO-030,BHO,2025-03-07 22:00:00+00:00,spike,22.4,962.4155205145662,32.0,1.0,3,TIER_3_STATIC_MAHALANOBIS,-1,NORMAL,-1,NORMAL,False
101,AWS-BHO-101,BHO,2025-03-07 22:00:00+00:00,spike,22.5,962.0155205145662,26.0,1.0,3,TIER_3_STATIC_MAHALANOBIS,-1,NORMAL,-1,NORMAL,False
101,AWS-BHO-030,BHO,2025-03-07 23:00:00+00:00,spike,22.7,962.1155205145662,31.0,1.0,3,TIER_3_STATIC_MAHALANOBIS,-1,NORMAL,-1,NORMAL,False
101,AWS-CHN-024,CHN,2025-03-07 23:00:00+00:00,drift,26.1,1016.9155205145662,81.79262910247846,17.0,1,TIER_1_SPIKE,-1,NORMAL,-1,NORMAL,False
101,AWS-BHO-103,BHO,2025-03-07 23:00:00+00:00,spike,20.0,967.2155205145663,35.0,1.0,3,TIER_3_STATIC_MAHALANOBIS,-1,NORMAL,-1,NORMAL,False
101,AWS-BHO-101,BHO,2025-03-07 23:00:00+00:00,spike,22.0,961.5155205145662,29.0,1.0,3,TIER_3_STATIC_MAHALANOBIS,-1,NORMAL,-1,NORMAL,False
101,AWS-MUM-007,MUM,2025-03-07 23:00:00+00:00,drift,27.0,1017.4155205145662,31.79170066401628,1.0,3,TIER_3_STATIC_MAHALANOBIS,-1,NORMAL,-1,NORMAL,False
101,AWS-BHO-030,BHO,2025-03-08 00:00:00+00:00,spike,22.1,961.8155205145663,33.0,1.0,3,TIER_3_STATIC_MAHALANOBIS,-1,NORMAL,-1,NORMAL,False
101,AWS-MUM-101,MUM,2025-03-08 00:00:00+00:00,spike,26.1,1016.2155205145663,32.0,1.0,3,TIER_3_STATIC_MAHALANOBIS,-1,NORMAL,-1,NORMAL,False
101,AWS-CHN-024,CHN,2025-03-08 00:00:00+00:00,drift,25.8,1016.3155205145663,83.6350770888068,18.0,1,TIER_1_SPIKE,-1,NORMAL,-1,NORMAL,False
101,AWS-MUM-007,MUM,2025-03-08 00:00:00+00:00,drift,27.2,1016.9155205145662,28.633684431113533,1.0,3,TIER_3_STATIC_MAHALANOBIS,-1,NORMAL,-1,NORMAL,False
101,AWS-VAR-101,VAR,2025-03-08 00:00:00+00:00,spike,17.4,1009.0610950366913,62.0,1.0,3,TIER_3_STATIC_MAHALANOBIS,-1,NORMAL,-1,NORMAL,False
101,AWS-BHO-030,BHO,2025-03-08 01:00:00+00:00,spike,22.0,961.3155205145663,33.0,1.0,3,TIER_3_STATIC_MAHALANOBIS,-1,NORMAL,-1,NORMAL,False
101,AWS-DEL-103,DEL,2025-03-08 01:00:00+00:00,spike,15.6,992.585535357443,61.0,1.0,3,TIER_3_STATIC_MAHALANOBIS,-1,NORMAL,1,TIER_1_SPIKE,True
101,AWS-CHN-103,CHN,2025-03-08 01:00:00+00:00,spike,22.5,1011.9155205145662,96.0,1.0,3,TIER_3_STATIC_MAHALANOBIS,-1,NORMAL,-1,NORMAL,False
101,AWS-VAR-103,VAR,2025-03-08 02:00:00+00:00,unstructured_anomaly,22.368971296609402,990.269198463174,48.176157665936316,1.0,3,TIER_3_STATIC_MAHALANOBIS,-1,NORMAL,-1,NORMAL,False
101,AWS-BHO-102,BHO,2025-03-08 18:00:00+00:00,unstructured_anomaly,20.547543580145295,969.0693014092932,15.0,1.0,3,TIER_3_STATIC_MAHALANOBIS,-1,NORMAL,-1,NORMAL,False
101,AWS-BHO-101,BHO,2025-03-08 18:00:00+00:00,unstructured_anomaly,20.34754358014529,961.2693014092932,15.0,1.0,3,TIER_3_STATIC_MAHALANOBIS,-1,NORMAL,-1,NORMAL,False
101,AWS-VAR-101,VAR,2025-03-08 19:00:00+00:00,unstructured_anomaly,18.796780613230794,1008.0450568828402,49.924902460415126,1.0,3,TIER_3_STATIC_MAHALANOBIS,-1,NORMAL,-1,NORMAL,False
101,AWS-DEL-103,DEL,2025-03-08 19:00:00+00:00,unstructured_anomaly,15.296780613230794,992.1450568828402,70.92490246041513,1.0,3,TIER_3_STATIC_MAHALANOBIS,-1,NORMAL,1,TIER_1_SPIKE,True
101,AWS-CHN-024,CHN,2025-03-08 20:00:00+00:00,drift,27.1,1007.6,69.73045289980838,14.0,1,TIER_1_SPIKE,-1,NORMAL,-1,NORMAL,False
101,AWS-CHN-024,CHN,2025-03-08 21:00:00+00:00,drift,26.8,1008.5,72.346241363912,15.0,1,TIER_1_SPIKE,-1,NORMAL,-1,NORMAL,False
101,AWS-MUM-007,MUM,2025-03-08 21:00:00+00:00,drift,27.6,1007.8,45.33510010236586,1.0,3,TIER_3_STATIC_MAHALANOBIS,-1,NORMAL,-1,NORMAL,False
101,AWS-CHN-101,CHN,2025-03-08 21:00:00+00:00,drift,25.0,1007.5,79.33467749578645,2.0,1,TIER_1_SPIKE,-1,NORMAL,-1,NORMAL,False
101,AWS-CHN-024,CHN,2025-03-08 22:00:00+00:00,drift,26.4,1008.7,74.95559976451867,16.0,1,TIER_1_SPIKE,-1,NORMAL,-1,NORMAL,False
101,AWS-CHN-101,CHN,2025-03-08 22:00:00+00:00,drift,24.4,1007.8,82.94355406855456,3.0,1,TIER_1_SPIKE,-1,NORMAL,-1,NORMAL,False
101,AWS-MUM-007,MUM,2025-03-08 22:00:00+00:00,drift,27.0,1008.2,49.943994283741446,1.0,3,TIER_3_STATIC_MAHALANOBIS,-1,NORMAL,-1,NORMAL,False
101,AWS-CHN-101,CHN,2025-03-08 23:00:00+00:00,drift,24.0,1007.8414032657295,84.54615622291581,4.0,1,TIER_1_SPIKE,-1,NORMAL,-1,NORMAL,False
101,AWS-CHN-024,CHN,2025-03-08 23:00:00+00:00,drift,26.2,1008.7414032657296,76.55868374671849,17.0,1,TIER_1_SPIKE,-1,NORMAL,-1,NORMAL,False
101,AWS-CHN-102,CHN,2025-03-09 00:00:00+00:00,drift,24.7,1007.6192174381514,83.14296364888871,1.0,1,TIER_1_SPIKE,-1,NORMAL,1,TIER_1_SPIKE,True
101,AWS-CHN-024,CHN,2025-03-09 00:00:00+00:00,drift,25.9,1008.7192174381514,77.15563929546177,18.0,1,TIER_1_SPIKE,-1,NORMAL,-1,NORMAL,False
101,AWS-CHN-101,CHN,2025-03-09 00:00:00+00:00,drift,23.4,1007.8192174381513,86.14262994382052,5.0,1,TIER_1_SPIKE,-1,NORMAL,-1,NORMAL,False
101,AWS-CHN-024,CHN,2025-03-09 01:00:00+00:00,drift,25.6,1008.7051535632197,78.7466036737235,19.0,1,TIER_1_SPIKE,-1,NORMAL,-1,NORMAL,False
101,AWS-CHN-101,CHN,2025-03-09 01:00:00+00:00,drift,23.1,1007.8051535632196,85.7331124942437,6.0,1,TIER_1_SPIKE,-1,NORMAL,2,TIER_2_ROC_CUSUM,True
101,AWS-CHN-102,CHN,2025-03-09 01:00:00+00:00,drift,24.4,1007.6051535632197,83.73345855875885,2.0,1,TIER_1_SPIKE,-1,NORMAL,1,TIER_1_SPIKE,True
101,AWS-VAR-103,VAR,2025-03-09 01:00:00+00:00,unstructured_anomaly,23.17223571551395,991.5839073826751,41.72056640374724,1.0,3,TIER_3_STATIC_MAHALANOBIS,-1,NORMAL,-1,NORMAL,False
101,AWS-CHN-101,CHN,2025-03-09 02:00:00+00:00,drift,22.9,1007.8384368770537,86.31773323170546,7.0,1,TIER_1_SPIKE,-1,NORMAL,2,TIER_2_ROC_CUSUM,True
101,AWS-CHN-102,CHN,2025-03-09 02:00:00+00:00,drift,23.8,1007.6384368770538,85.31809165566759,3.0,1,TIER_1_SPIKE,-1,NORMAL,1,TIER_1_SPIKE,True
101,AWS-CHN-102,CHN,2025-03-09 03:00:00+00:00,drift,23.5,1007.5640469951499,87.89698510601477,4.0,1,TIER_1_SPIKE,-1,NORMAL,1,TIER_1_SPIKE,True
101,AWS-CHN-102,CHN,2025-03-09 05:00:00+00:00,drift,22.784805633636974,1006.2,90.0380094712132,6.0,1,TIER_1_SPIKE,-1,NORMAL,1,TIER_1_SPIKE,True
101,AWS-CHN-102,CHN,2025-03-09 06:00:00+00:00,drift,22.73744685776809,1007.1,88.60035405803899,7.0,1,TIER_1_SPIKE,-1,NORMAL,1,TIER_1_SPIKE,True
101,AWS-CHN-101,CHN,2025-03-09 07:00:00+00:00,drift,22.00740719445624,1008.5,87.15696705032816,12.0,1,TIER_1_SPIKE,-1,NORMAL,1,TIER_1_SPIKE,True
101,AWS-DEL-101,DEL,2025-03-09 09:00:00+00:00,drift,23.6,990.9,52.0,1.0,3,TIER_3_STATIC_MAHALANOBIS,-1,NORMAL,-1,NORMAL,False
101,AWS-MUM-102,MUM,2025-03-09 09:00:00+00:00,drift,30.5,1008.7,32.0,1.0,3,TIER_3_STATIC_MAHALANOBIS,-1,NORMAL,-1,NORMAL,False
101,AWS-KOL-102,KOL,2025-03-09 09:00:00+00:00,drift,28.6,1013.7,62.0,8.0,1,TIER_1_SPIKE,-1,NORMAL,-1,NORMAL,False
101,AWS-MUM-103,MUM,2025-03-09 10:00:00+00:00,drift,32.3,1008.9,25.621294469095375,1.0,3,TIER_3_STATIC_MAHALANOBIS,-1,NORMAL,-1,NORMAL,False
101,AWS-VAR-102,VAR,2025-03-09 22:00:00+00:00,drift,19.017324348791686,1006.0,48.08406273882563,1.0,3,TIER_3_STATIC_MAHALANOBIS,-1,NORMAL,-1,NORMAL,False
101,AWS-BHO-103,BHO,2025-03-09 22:00:00+00:00,drift,21.7,963.9,25.089961714492027,1.0,3,TIER_3_STATIC_MAHALANOBIS,-1,NORMAL,-1,NORMAL,False
101,AWS-VAR-052,VAR,2025-03-09 22:00:00+00:00,drift,22.01748187364399,1006.0,37.08627261012517,1.0,3,TIER_3_STATIC_MAHALANOBIS,-1,NORMAL,-1,NORMAL,False
101,AWS-RAN-067,RAN,2025-03-09 22:00:00+00:00,drift,20.017534740064523,943.4,32.08132195395737,1.0,3,TIER_3_STATIC_MAHALANOBIS,-1,NORMAL,-1,NORMAL,False
101,AWS-RAN-102,RAN,2025-03-09 22:00:00+00:00,drift,20.11717743575193,975.7,45.08046556649923,1.0,3,TIER_3_STATIC_MAHALANOBIS,-1,NORMAL,-1,NORMAL,False
101,AWS-BHO-030,BHO,2025-03-09 22:00:00+00:00,drift,24.8,958.4,23.090982187754694,1.0,3,TIER_3_STATIC_MAHALANOBIS,-1,NORMAL,-1,NORMAL,False
101,AWS-MUM-101,MUM,2025-03-09 22:00:00+00:00,drift,27.317486804541478,1009.5,33.073381989904526,1.0,3,TIER_3_STATIC_MAHALANOBIS,-1,NORMAL,-1,NORMAL,False
101,AWS-RAN-101,RAN,2025-03-09 22:00:00+00:00,drift,20.117543719734538,943.1,37.080648201787405,1.0,3,TIER_3_STATIC_MAHALANOBIS,-1,NORMAL,-1,NORMAL,False
101,AWS-BHO-103,BHO,2025-03-09 23:00:00+00:00,drift,22.2,963.7,22.712266461760642,1.0,3,TIER_3_STATIC_MAHALANOBIS,-1,NORMAL,-1,NORMAL,False
101,AWS-RAN-103,RAN,2025-03-09 23:00:00+00:00,drift,20.620689324353624,979.1,42.70232762761563,1.0,3,TIER_3_STATIC_MAHALANOBIS,-1,NORMAL,-1,NORMAL,False
101,AWS-VAR-101,VAR,2025-03-09 23:00:00+00:00,drift,19.62087984305497,1005.9,45.70623521337969,1.0,3,TIER_3_STATIC_MAHALANOBIS,-1,NORMAL,-1,NORMAL,False
101,AWS-BHO-102,BHO,2025-03-10 00:00:00+00:00,drift,22.5,965.2,22.334255438810313,1.0,3,TIER_3_STATIC_MAHALANOBIS,-1,NORMAL,-1,NORMAL,False
101,AWS-RAN-103,RAN,2025-03-10 00:00:00+00:00,drift,20.024137545079224,979.6,42.32392245815961,1.0,3,TIER_3_STATIC_MAHALANOBIS,-1,NORMAL,-1,NORMAL,False
101,AWS-CHN-103,CHN,2025-03-10 01:00:00+00:00,drift,24.3,1006.4,76.936547904472,1.0,3,TIER_3_STATIC_MAHALANOBIS,-1,NORMAL,-1,NORMAL,False
101,AWS-DEL-103,DEL,2025-03-10 01:00:00+00:00,drift,17.027802407679168,989.2,62.944951722330245,1.0,3,TIER_3_STATIC_MAHALANOBIS,-1,NORMAL,1,TIER_1_SPIKE,True
101,AWS-CHN-103,CHN,2025-03-10 02:00:00+00:00,drift,24.2,1005.7,78.5575821485015,1.0,3,TIER_3_STATIC_MAHALANOBIS,-1,NORMAL,-1,NORMAL,False
101,AWS-DEL-103,DEL,2025-03-10 02:00:00+00:00,drift,16.431277708639062,988.7,63.56651120497588,1.0,3,TIER_3_STATIC_MAHALANOBIS,-1,NORMAL,1,TIER_1_SPIKE,True
101,AWS-BHO-101,BHO,2025-03-10 02:00:00+00:00,drift,22.2,956.5,21.58277997676338,1.0,3,TIER_3_STATIC_MAHALANOBIS,-1,NORMAL,-1,NORMAL,False
101,AWS-BHO-101,BHO,2025-03-10 03:00:00+00:00,drift,22.0,956.0,21.205296445984757,1.0,3,TIER_3_STATIC_MAHALANOBIS,-1,NORMAL,-1,NORMAL,False
101,AWS-CHN-103,CHN,2025-03-10 03:00:00+00:00,drift,23.8,1005.4,80.178616392531,1.0,3,TIER_3_STATIC_MAHALANOBIS,-1,NORMAL,2,TIER_2_ROC_CUSUM,True
101,AWS-DEL-103,DEL,2025-03-10 03:00:00+00:00,drift,15.834753009598957,988.5,64.18807068762152,1.0,3,TIER_3_STATIC_MAHALANOBIS,-1,NORMAL,1,TIER_1_SPIKE,True
101,AWS-BHO-101,BHO,2025-03-10 04:00:00+00:00,drift,21.6,956.1,21.82781291520613,1.0,3,TIER_3_STATIC_MAHALANOBIS,-1,NORMAL,2,TIER_2_ROC_CUSUM,True
101,AWS-DEL-103,DEL,2025-03-10 04:00:00+00:00,drift,15.238228310558851,988.6,63.80963017026716,1.0,3,TIER_3_STATIC_MAHALANOBIS,-1,NORMAL,1,TIER_1_SPIKE,True
101,AWS-CHN-103,CHN,2025-03-10 04:00:00+00:00,drift,23.8,1005.6,77.7996506365605,1.0,3,TIER_3_STATIC_MAHALANOBIS,-1,NORMAL,2,TIER_2_ROC_CUSUM,True
101,AWS-BHO-101,BHO,2025-03-10 05:00:00+00:00,drift,21.0,956.6,23.45032938442751,1.0,3,TIER_3_STATIC_MAHALANOBIS,-1,NORMAL,1,TIER_1_SPIKE,True
101,AWS-DEL-102,DEL,2025-03-10 05:00:00+00:00,drift,15.641742973340873,987.6,60.43533642449317,1.0,3,TIER_3_STATIC_MAHALANOBIS,-1,NORMAL,-1,NORMAL,False
101,AWS-DEL-102,DEL,2025-03-10 06:00:00+00:00,drift,15.645221554452611,989.0,61.05710324571783,1.0,3,TIER_3_STATIC_MAHALANOBIS,-1,NORMAL,2,TIER_2_ROC_CUSUM,True
101,AWS-BHO-101,BHO,2025-03-10 06:00:00+00:00,drift,21.1,958.1,25.072845853648882,1.0,3,TIER_3_STATIC_MAHALANOBIS,-1,NORMAL,1,TIER_1_SPIKE,True
101,AWS-DEL-103,DEL,2025-03-10 06:00:00+00:00,drift,14.545178912478645,990.8,66.05274913555844,1.0,3,TIER_3_STATIC_MAHALANOBIS,-1,NORMAL,1,TIER_1_SPIKE,True
101,AWS-DEL-102,DEL,2025-03-10 07:00:00+00:00,drift,15.948700135564351,989.8,58.678870066942494,1.0,3,TIER_3_STATIC_MAHALANOBIS,-1,NORMAL,2,TIER_2_ROC_CUSUM,True
101,AWS-RAN-103,RAN,2025-03-10 07:00:00+00:00,drift,19.44827509015845,981.5,52.67508627196742,1.0,3,TIER_3_STATIC_MAHALANOBIS,-1,NORMAL,-1,NORMAL,False
101,AWS-RAN-067,RAN,2025-03-10 08:00:00+00:00,drift,21.05260422019357,946.3,39.2977234570015,1.0,3,TIER_3_STATIC_MAHALANOBIS,-1,NORMAL,-1,NORMAL,False
101,AWS-RAN-102,RAN,2025-03-10 08:00:00+00:00,drift,20.451532307255782,978.3,46.296208309960164,1.0,3,TIER_3_STATIC_MAHALANOBIS,-1,NORMAL,-1,NORMAL,False
101,AWS-RAN-101,RAN,2025-03-10 08:00:00+00:00,drift,21.152631159203615,946.7,43.29653143393156,1.0,3,TIER_3_STATIC_MAHALANOBIS,-1,NORMAL,-1,NORMAL,False
101,AWS-VAR-101,VAR,2025-03-10 08:00:00+00:00,drift,19.352199607637417,1008.2,43.30310070769521,1.0,3,TIER_3_STATIC_MAHALANOBIS,-1,NORMAL,-1,NORMAL,False
101,AWS-VAR-102,VAR,2025-03-10 08:00:00+00:00,drift,18.951973046375056,1008.4,49.302572537922266,1.0,3,TIER_3_STATIC_MAHALANOBIS,-1,NORMAL,-1,NORMAL,False
101,AWS-MUM-101,MUM,2025-03-10 09:00:00+00:00,drift,27.655957774532723,1010.7,19.904705212131432,1.0,3,TIER_3_STATIC_MAHALANOBIS,-1,NORMAL,-1,NORMAL,False
101,AWS-MUM-102,MUM,2025-03-10 09:00:00+00:00,drift,29.75661453218623,1010.0,18.91252538597957,1.0,3,TIER_3_STATIC_MAHALANOBIS,-1,NORMAL,-1,NORMAL,False
101,AWS-VAR-052,VAR,2025-03-10 09:00:00+00:00,drift,22.95594199566077,1008.7,30.928503280231084,1.0,3,TIER_3_STATIC_MAHALANOBIS,-1,NORMAL,-1,NORMAL,False
101,AWS-MUM-103,MUM,2025-03-10 10:00:00+00:00,drift,32.15957629952712,1010.4,10.532361727384336,1.0,3,TIER_3_STATIC_MAHALANOBIS,-1,NORMAL,-1,NORMAL,False
101,AWS-DEL-101,DEL,2025-03-10 10:00:00+00:00,drift,23.35882692584815,995.7,37.54030005919437,1.0,3,TIER_3_STATIC_MAHALANOBIS,-1,NORMAL,-1,NORMAL,False
101,AWS-VAR-103,VAR,2025-03-10 16:00:00+00:00,drift,25.37941630847571,1002.7,20.27669334023975,1.0,3,TIER_3_STATIC_MAHALANOBIS,-1,NORMAL,-1,NORMAL,False
101,AWS-MUM-102,MUM,2025-03-10 17:00:00+00:00,drift,30.38492179827935,1006.1,14.883367181306095,1.0,3,TIER_3_STATIC_MAHALANOBIS,-1,NORMAL,-1,NORMAL,False
101,AWS-MUM-103,MUM,2025-03-10 17:00:00+00:00,drift,31.48410771697946,1006.2,9.88142301105195,1.0,3,TIER_3_STATIC_MAHALANOBIS,-1,NORMAL,-1,NORMAL,False
101,AWS-MUM-101,MUM,2025-03-10 18:00:00+00:00,drift,28.68743402270738,1007.5,15.493969666680721,1.0,3,TIER_3_STATIC_MAHALANOBIS,-1,NORMAL,-1,NORMAL,False
101,AWS-VAR-052,VAR,2025-03-10 18:00:00+00:00,drift,23.087409368219948,1004.4,19.52669201031774,1.0,3,TIER_3_STATIC_MAHALANOBIS,-1,NORMAL,-1,NORMAL,False
101,AWS-VAR-102,VAR,2025-03-10 19:00:00+00:00,drift,18.290086613716763,1004.7,36.14293331692856,1.0,3,TIER_3_STATIC_MAHALANOBIS,-1,NORMAL,-1,NORMAL,False
101,AWS-BHO-030,BHO,2025-03-10 21:00:00+00:00,drift,26.3,948.8728209367728,16.405796827628386,1.0,3,TIER_3_STATIC_MAHALANOBIS,-1,NORMAL,-1,NORMAL,False
101,AWS-BHO-103,BHO,2025-03-10 22:00:00+00:00,drift,22.5,964.6,17.025275648938845,1.0,3,TIER_3_STATIC_MAHALANOBIS,-1,NORMAL,-1,NORMAL,False
101,AWS-BHO-102,BHO,2025-03-10 22:00:00+00:00,drift,24.1,966.6,15.024496749065438,1.0,3,TIER_3_STATIC_MAHALANOBIS,-1,NORMAL,-1,NORMAL,False
101,AWS-DEL-103,DEL,2025-03-10 22:00:00+00:00,drift,15.400783727836977,990.1,49.99770085788868,1.0,3,TIER_3_STATIC_MAHALANOBIS,-1,NORMAL,1,TIER_1_SPIKE,True
101,AWS-DEL-102,DEL,2025-03-10 23:00:00+00:00,drift,16.604357433352185,988.3,56.0,1.0,3,TIER_3_STATIC_MAHALANOBIS,-1,NORMAL,-1,NORMAL,False
101,AWS-DEL-011,DEL,2025-03-11 01:00:00+00:00,drift,15.912217782323108,989.2,57.0,1.0,3,TIER_3_STATIC_MAHALANOBIS,-1,NORMAL,1,TIER_1_SPIKE,True
101,AWS-BHO-101,BHO,2025-03-11 03:00:00+00:00,drift,22.4,956.4,31.0,1.0,3,TIER_3_STATIC_MAHALANOBIS,-1,NORMAL,2,TIER_2_ROC_CUSUM,True
101,AWS-CHN-103,CHN,2025-03-11 03:00:00+00:00,drift,24.3,1005.4,82.0,1.0,3,TIER_3_STATIC_MAHALANOBIS,-1,NORMAL,1,TIER_1_SPIKE,True
101,AWS-CHN-103,CHN,2025-03-11 04:00:00+00:00,drift,24.2,1005.0944163300918,83.0,1.0,3,TIER_3_STATIC_MAHALANOBIS,-1,NORMAL,1,TIER_1_SPIKE,True
101,AWS-BHO-101,BHO,2025-03-11 04:00:00+00:00,drift,21.8,956.4945386780596,32.0,1.0,3,TIER_3_STATIC_MAHALANOBIS,-1,NORMAL,1,TIER_1_SPIKE,True
101,AWS-BHO-101,BHO,2025-03-11 05:00:00+00:00,drift,21.4,956.7795894499188,33.0,1.0,3,TIER_3_STATIC_MAHALANOBIS,-1,NORMAL,1,TIER_1_SPIKE,True
101,AWS-CHN-103,CHN,2025-03-11 05:00:00+00:00,drift,24.2,1005.4791321999433,83.0,1.0,3,TIER_3_STATIC_MAHALANOBIS,-1,NORMAL,1,TIER_1_SPIKE,True
101,AWS-BHO-101,BHO,2025-03-11 06:00:00+00:00,drift,21.1,957.7555597634946,37.0,1.0,3,TIER_3_STATIC_MAHALANOBIS,-1,NORMAL,1,TIER_1_SPIKE,True
101,AWS-DEL-011,DEL,2025-03-11 08:00:00+00:00,drift,16.036765422206287,988.6670215661685,56.0,1.0,3,TIER_3_STATIC_MAHALANOBIS,-1,NORMAL,1,TIER_1_SPIKE,True
101,AWS-RAN-103,RAN,2025-03-11 08:00:00+00:00,drift,19.434480608298546,978.9558070069519,48.0,1.0,3,TIER_3_STATIC_MAHALANOBIS,-1,NORMAL,-1,NORMAL,False
101,AWS-RAN-102,RAN,2025-03-11 09:00:00+00:00,drift,18.837419486015428,974.702536814082,48.0,1.0,3,TIER_3_STATIC_MAHALANOBIS,-1,NORMAL,-1,NORMAL,False
101,AWS-RAN-101,RAN,2025-03-11 09:00:00+00:00,drift,19.140349757876308,943.7685936053643,36.0,1.0,3,TIER_3_STATIC_MAHALANOBIS,-1,NORMAL,-1,NORMAL,False
101,AWS-KOL-015,KOL,2025-03-11 09:00:00+00:00,drift,22.242756968082183,1011.065122476373,44.0,35.0,3,TIER_3_STATIC_MAHALANOBIS,-1,NORMAL,-1,NORMAL,False
101,AWS-VAR-102,VAR,2025-03-11 09:00:00+00:00,drift,19.138594790333485,1004.1514674902301,48.0,1.0,3,TIER_3_STATIC_MAHALANOBIS,-1,NORMAL,-1,NORMAL,False
101,AWS-VAR-101,VAR,2025-03-11 09:00:00+00:00,drift,19.539198953699774,1004.0855153833102,43.0,1.0,3,TIER_3_STATIC_MAHALANOBIS,-1,NORMAL,-1,NORMAL,False
101,AWS-MUM-101,MUM,2025-03-11 10:00:00+00:00,drift,27.1433917972401,1009.6533981169798,25.0,1.0,3,TIER_3_STATIC_MAHALANOBIS,-1,NORMAL,-1,NORMAL,False
101,AWS-RAN-067,RAN,2025-03-11 10:00:00+00:00,drift,19.64378486852909,942.7392789897808,29.0,1.0,3,TIER_3_STATIC_MAHALANOBIS,-1,NORMAL,-1,NORMAL,False
101,AWS-VAR-052,VAR,2025-03-11 10:00:00+00:00,drift,22.14335136388071,1003.0717909707622,32.0,1.0,3,TIER_3_STATIC_MAHALANOBIS,-1,NORMAL,-1,NORMAL,False
101,AWS-MUM-103,MUM,2025-03-11 11:00:00+00:00,drift,30.24718850471405,1007.8743777092533,20.0,1.0,3,TIER_3_STATIC_MAHALANOBIS,-1,NORMAL,-1,NORMAL,False
101,AWS-DEL-101,DEL,2025-03-11 11:00:00+00:00,drift,23.045337110918958,989.0343624232886,33.0,1.0,3,TIER_3_STATIC_MAHALANOBIS,-1,NORMAL,-1,NORMAL,False
101,AWS-MUM-102,MUM,2025-03-11 11:00:00+00:00,drift,30.448613146988862,1007.7545866677063,20.0,1.0,3,TIER_3_STATIC_MAHALANOBIS,-1,NORMAL,-1,NORMAL,False
101,AWS-VAR-103,VAR,2025-03-11 13:00:00+00:00,drift,23.65192685099701,996.9788118407371,29.0,1.0,3,TIER_3_STATIC_MAHALANOBIS,-1,NORMAL,-1,NORMAL,False
101,AWS-VAR-103,VAR,2025-03-11 14:00:00+00:00,drift,24.055379733974217,995.3766930248107,27.0,1.0,3,TIER_3_STATIC_MAHALANOBIS,-1,NORMAL,2,TIER_2_ROC_CUSUM,True
101,AWS-VAR-103,VAR,2025-03-11 15:00:00+00:00,drift,23.958832616951423,993.9745742088845,26.0,1.0,3,TIER_3_STATIC_MAHALANOBIS,-1,NORMAL,2,TIER_2_ROC_CUSUM,True
101,AWS-CHN-101,CHN,2025-03-11 18:00:00+00:00,drift,25.7,1009.6540373303066,94.0,1.0,1,TIER_1_SPIKE,-1,NORMAL,1,TIER_1_SPIKE,True
101,AWS-CHN-103,CHN,2025-03-11 18:00:00+00:00,drift,25.4,1005.6791766277399,94.0,1.0,3,TIER_3_STATIC_MAHALANOBIS,-1,NORMAL,1,TIER_1_SPIKE,True
101,AWS-CHN-102,CHN,2025-03-11 18:00:00+00:00,drift,24.6,1010.054364310886,94.0,4.0,1,TIER_1_SPIKE,-1,NORMAL,1,TIER_1_SPIKE,True
101,AWS-KOL-102,KOL,2025-03-11 18:00:00+00:00,drift,30.8,1001.2127577650167,32.0,65.0,1,TIER_1_SPIKE,-1,NORMAL,-1,NORMAL,False
101,AWS-CHN-102,CHN,2025-03-11 19:00:00+00:00,drift,24.8,1010.7194050504658,93.0,5.0,1,TIER_1_SPIKE,-1,NORMAL,1,TIER_1_SPIKE,True
101,AWS-CHN-101,CHN,2025-03-11 19:00:00+00:00,drift,25.2,1010.6186868746634,94.0,2.0,1,TIER_1_SPIKE,-1,NORMAL,1,TIER_1_SPIKE,True
101,AWS-CHN-103,CHN,2025-03-11 19:00:00+00:00,drift,24.8,1006.2430179037011,97.0,1.0,3,TIER_3_STATIC_MAHALANOBIS,-1,NORMAL,1,TIER_1_SPIKE,True
101,AWS-CHN-102,CHN,2025-03-11 20:00:00+00:00,drift,24.7,1011.208837768918,92.0,6.0,1,TIER_1_SPIKE,-1,NORMAL,1,TIER_1_SPIKE,True
101,AWS-CHN-101,CHN,2025-03-11 20:00:00+00:00,drift,25.1,1011.40758168945,93.0,3.0,1,TIER_1_SPIKE,-1,NORMAL,1,TIER_1_SPIKE,True
101,AWS-CHN-101,CHN,2025-03-11 21:00:00+00:00,drift,24.8,1012.220371787524,94.0,4.0,1,TIER_1_SPIKE,-1,NORMAL,1,TIER_1_SPIKE,True
101,AWS-BHO-030,BHO,2025-03-11 21:00:00+00:00,drift,26.3,956.0780439445166,34.0,1.0,3,TIER_3_STATIC_MAHALANOBIS,-1,NORMAL,-1,NORMAL,False
101,AWS-CHN-102,CHN,2025-03-11 21:00:00+00:00,drift,24.6,1012.1223103613235,93.0,7.0,1,TIER_1_SPIKE,-1,NORMAL,1,TIER_1_SPIKE,True
101,AWS-BHO-102,BHO,2025-03-11 21:00:00+00:00,drift,25.9,962.8318459731073,26.0,1.0,3,TIER_3_STATIC_MAHALANOBIS,-1,NORMAL,-1,NORMAL,False
101,AWS-CHN-101,CHN,2025-03-11 22:00:00+00:00,drift,24.4,1012.2567908410509,93.94724030662215,5.0,1,TIER_1_SPIKE,-1,NORMAL,1,TIER_1_SPIKE,True
101,AWS-CHN-102,CHN,2025-03-11 22:00:00+00:00,drift,24.3,1012.1595548882949,92.94724030662215,8.0,1,TIER_1_SPIKE,-1,NORMAL,1,TIER_1_SPIKE,True
101,AWS-BHO-103,BHO,2025-03-11 22:00:00+00:00,drift,24.1,960.6766976514812,30.930859643331736,1.0,3,TIER_3_STATIC_MAHALANOBIS,-1,NORMAL,-1,NORMAL,False
101,AWS-CHN-101,CHN,2025-03-11 23:00:00+00:00,drift,24.4,1011.6166241006482,94.03830268130541,6.0,1,TIER_1_SPIKE,-1,NORMAL,1,TIER_1_SPIKE,True
101,AWS-CHN-102,CHN,2025-03-11 23:00:00+00:00,drift,24.1,1011.420355300998,93.03830268130541,9.0,1,TIER_1_SPIKE,-1,NORMAL,1,TIER_1_SPIKE,True
101,AWS-CHN-102,CHN,2025-03-12 00:00:00+00:00,drift,24.2,1011.004530774516,93.0444948369964,10.0,1,TIER_1_SPIKE,-1,NORMAL,1,TIER_1_SPIKE,True
101,AWS-CHN-101,CHN,2025-03-12 00:00:00+00:00,drift,23.9,1011.1996918289914,94.0444948369964,7.0,1,TIER_1_SPIKE,-1,NORMAL,1,TIER_1_SPIKE,True
101,AWS-CHN-101,CHN,2025-03-12 01:00:00+00:00,drift,23.8,1010.6058396098989,93.9843420452224,8.0,1,TIER_1_SPIKE,-1,NORMAL,1,TIER_1_SPIKE,True
101,AWS-CHN-102,CHN,2025-03-12 01:00:00+00:00,drift,24.1,1010.3119259582924,92.9843420452224,11.0,1,TIER_1_SPIKE,-1,NORMAL,1,TIER_1_SPIKE,True
101,AWS-CHN-101,CHN,2025-03-12 02:00:00+00:00,drift,23.6,1009.6349321858625,93.96268981946541,9.0,1,TIER_1_SPIKE,-1,NORMAL,1,TIER_1_SPIKE,True
101,AWS-CHN-102,CHN,2025-03-12 02:00:00+00:00,drift,23.9,1009.5424047763745,92.96268981946541,12.0,1,TIER_1_SPIKE,-1,NORMAL,1,TIER_1_SPIKE,True
101,AWS-BHO-101,BHO,2025-03-12 03:00:00+00:00,drift,22.1,951.2141278472133,35.86932544832349,1.0,3,TIER_3_STATIC_MAHALANOBIS,-1,NORMAL,1,TIER_1_SPIKE,True
101,AWS-CHN-101,CHN,2025-03-12 03:00:00+00:00,drift,23.3,1009.3868492957588,93.94397053459755,10.0,1,TIER_1_SPIKE,-1,NORMAL,1,TIER_1_SPIKE,True
101,AWS-CHN-102,CHN,2025-03-12 03:00:00+00:00,drift,23.7,1009.0958462399373,92.94397053459755,13.0,1,TIER_1_SPIKE,-1,NORMAL,1,TIER_1_SPIKE,True
101,AWS-BHO-101,BHO,2025-03-12 04:00:00+00:00,drift,22.1,950.8090783625989,34.561123006662434,1.0,3,TIER_3_STATIC_MAHALANOBIS,-1,NORMAL,1,TIER_1_SPIKE,True
101,AWS-CHN-101,CHN,2025-03-12 04:00:00+00:00,drift,23.1,1009.761482731811,99.0,11.0,1,TIER_1_SPIKE,-1,NORMAL,1,TIER_1_SPIKE,True
101,AWS-CHN-102,CHN,2025-03-12 04:00:00+00:00,drift,23.6,1009.5721414864371,99.0,14.0,1,TIER_1_SPIKE,-1,NORMAL,1,TIER_1_SPIKE,True
101,AWS-BHO-101,BHO,2025-03-12 05:00:00+00:00,drift,22.3,950.8961449803046,34.22695385665578,1.0,3,TIER_3_STATIC_MAHALANOBIS,-1,NORMAL,1,TIER_1_SPIKE,True
101,AWS-CHN-102,CHN,2025-03-12 05:00:00+00:00,drift,23.7,1010.3711916092549,97.0,15.0,1,TIER_1_SPIKE,-1,NORMAL,1,TIER_1_SPIKE,True
101,AWS-CHN-101,CHN,2025-03-12 05:00:00+00:00,drift,23.4,1010.5587341822857,98.0,12.0,1,TIER_1_SPIKE,-1,NORMAL,1,TIER_1_SPIKE,True
101,AWS-BHO-101,BHO,2025-03-12 06:00:00+00:00,drift,22.0,951.5753448284544,36.86828410227526,1.0,3,TIER_3_STATIC_MAHALANOBIS,-1,NORMAL,1,TIER_1_SPIKE,True
101,AWS-CHN-103,CHN,2025-03-12 06:00:00+00:00,drift,24.3,1002.8053443387373,98.0,1.0,3,TIER_3_STATIC_MAHALANOBIS,-1,NORMAL,1,TIER_1_SPIKE,True
101,AWS-CHN-102,CHN,2025-03-12 07:00:00+00:00,drift,24.4,1012.4372011808495,94.0,17.0,1,TIER_1_SPIKE,-1,NORMAL,2,TIER_2_ROC_CUSUM,True
101,AWS-CHN-103,CHN,2025-03-12 07:00:00+00:00,drift,24.9,1003.1715714917864,95.0,1.0,3,TIER_3_STATIC_MAHALANOBIS,-1,NORMAL,1,TIER_1_SPIKE,True
101,AWS-BHO-102,BHO,2025-03-12 08:00:00+00:00,drift,25.7,960.89421213225,32.0795199876242,1.0,3,TIER_3_STATIC_MAHALANOBIS,-1,NORMAL,-1,NORMAL,False
101,AWS-BHO-030,BHO,2025-03-12 08:00:00+00:00,drift,27.3,953.9108210702954,32.08066852412645,1.0,3,TIER_3_STATIC_MAHALANOBIS,-1,NORMAL,-1,NORMAL,False
101,AWS-KOL-102,KOL,2025-03-12 09:00:00+00:00,drift,30.8,994.4255155300336,42.0,1.0,1,TIER_1_SPIKE,-1,NORMAL,-1,NORMAL,False
101,AWS-CHN-102,CHN,2025-03-12 19:00:00+00:00,drift,25.599574690815686,1017.5060585460135,86.0,1.0,1,TIER_1_SPIKE,-1,NORMAL,-1,NORMAL,False
101,AWS-CHN-103,CHN,2025-03-12 19:00:00+00:00,drift,25.7,998.9456134684307,82.0,1.0,3,TIER_3_STATIC_MAHALANOBIS,-1,NORMAL,1,TIER_1_SPIKE,True
101,AWS-CHN-102,CHN,2025-03-12 20:00:00+00:00,drift,25.04535275793186,1018.5382806073708,87.0,2.0,1,TIER_1_SPIKE,-1,NORMAL,-1,NORMAL,False
101,AWS-BHO-103,BHO,2025-03-12 21:00:00+00:00,drift,25.2,951.325024851706,15.10291718550373,1.0,3,TIER_3_STATIC_MAHALANOBIS,-1,NORMAL,-1,NORMAL,False
101,AWS-MUM-102,MUM,2025-03-13 10:00:00+00:00,unstructured_anomaly,29.301993620938063,1017.6447065120335,15.0,1.0,3,TIER_3_STATIC_MAHALANOBIS,-1,NORMAL,-1,NORMAL,False
101,AWS-MUM-101,MUM,2025-03-13 10:00:00+00:00,unstructured_anomaly,28.801993620938063,1018.1447065120335,15.0,2.0,1,TIER_1_SPIKE,-1,NORMAL,-1,NORMAL,False
101,AWS-KOL-102,KOL,2025-03-13 18:00:00+00:00,drift,31.7,1004.0,58.0,34.0,1,TIER_1_SPIKE,-1,NORMAL,-1,NORMAL,False
101,AWS-MUM-103,MUM,2025-03-13 18:00:00+00:00,drift,33.8,1005.3,39.0,10.0,1,TIER_1_SPIKE,-1,NORMAL,-1,NORMAL,False
101,AWS-BHO-102,BHO,2025-03-13 19:00:00+00:00,drift,27.4,958.3,17.04974482312689,1.0,3,TIER_3_STATIC_MAHALANOBIS,-1,NORMAL,-1,NORMAL,False
101,AWS-DEL-101,DEL,2025-03-13 19:00:00+00:00,drift,24.6,983.2,48.04910765818299,1.0,3,TIER_3_STATIC_MAHALANOBIS,-1,NORMAL,-1,NORMAL,False
101,AWS-VAR-103,VAR,2025-03-13 19:00:00+00:00,drift,27.5,995.4,37.049317063574314,1.0,3,TIER_3_STATIC_MAHALANOBIS,-1,NORMAL,-1,NORMAL,False
101,AWS-BHO-030,BHO,2025-03-13 20:00:00+00:00,drift,28.6,952.8,14.099701950968383,1.0,3,TIER_3_STATIC_MAHALANOBIS,-1,NORMAL,-1,NORMAL,False
101,AWS-BHO-102,BHO,2025-03-13 20:00:00+00:00,drift,27.4,959.2,14.09948964625378,1.0,3,TIER_3_STATIC_MAHALANOBIS,-1,NORMAL,-1,NORMAL,False
101,AWS-BHO-030,BHO,2025-03-13 21:00:00+00:00,drift,28.3,953.7,11.149552926452575,1.0,3,TIER_3_STATIC_MAHALANOBIS,-1,NORMAL,-1,NORMAL,False
101,AWS-BHO-102,BHO,2025-03-13 21:00:00+00:00,drift,27.1,960.0,10.14923446938067,1.0,3,TIER_3_STATIC_MAHALANOBIS,-1,NORMAL,-1,NORMAL,False
101,AWS-BHO-103,BHO,2025-03-13 21:00:00+00:00,drift,26.2,958.4,12.149323566553765,1.0,3,TIER_3_STATIC_MAHALANOBIS,-1,NORMAL,-1,NORMAL,False
101,AWS-RAN-067,RAN,2025-03-13 22:00:00+00:00,drift,23.5,938.1,30.196437039799367,1.0,3,TIER_3_STATIC_MAHALANOBIS,-1,NORMAL,-1,NORMAL,False
101,AWS-RAN-102,RAN,2025-03-13 22:00:00+00:00,drift,23.5,969.3,39.19616475821142,1.0,3,TIER_3_STATIC_MAHALANOBIS,-1,NORMAL,-1,NORMAL,False
101,AWS-BHO-103,BHO,2025-03-13 23:00:00+00:00,drift,25.5,958.7,10.248872610922941,1.0,3,TIER_3_STATIC_MAHALANOBIS,-1,NORMAL,-1,NORMAL,False
101,AWS-RAN-101,RAN,2025-03-13 23:00:00+00:00,drift,22.4,938.0,34.24528512804289,1.0,3,TIER_3_STATIC_MAHALANOBIS,-1,NORMAL,-1,NORMAL,False
101,AWS-RAN-067,RAN,2025-03-13 23:00:00+00:00,drift,23.2,938.1,32.24554629974921,1.0,3,TIER_3_STATIC_MAHALANOBIS,-1,NORMAL,-1,NORMAL,False
101,AWS-RAN-101,RAN,2025-03-14 00:00:00+00:00,drift,21.8,937.8085608465539,35.29434215365147,1.0,3,TIER_3_STATIC_MAHALANOBIS,-1,NORMAL,-1,NORMAL,False
101,AWS-VAR-052,VAR,2025-03-14 01:00:00+00:00,drift,24.4,997.1363599774218,40.34646662332198,1.0,3,TIER_3_STATIC_MAHALANOBIS,-1,NORMAL,-1,NORMAL,False
101,AWS-RAN-101,RAN,2025-03-14 01:00:00+00:00,drift,22.3,937.3323338108763,34.34339917926005,1.0,3,TIER_3_STATIC_MAHALANOBIS,-1,NORMAL,-1,NORMAL,False
101,AWS-RAN-103,RAN,2025-03-14 01:00:00+00:00,drift,21.7,972.4364103716734,35.343447243273715,1.0,3,TIER_3_STATIC_MAHALANOBIS,-1,NORMAL,-1,NORMAL,False
101,AWS-RAN-101,RAN,2025-03-14 02:00:00+00:00,drift,22.215701366954026,936.8707315118248,35.39245620486862,1.0,3,TIER_3_STATIC_MAHALANOBIS,-1,NORMAL,2,TIER_2_ROC_CUSUM,True
101,AWS-VAR-101,VAR,2025-03-14 02:00:00+00:00,drift,22.715701366954026,996.6793352096556,53.3947710728888,1.0,3,TIER_3_STATIC_MAHALANOBIS,-1,NORMAL,-1,NORMAL,False
101,AWS-RAN-103,RAN,2025-03-14 02:00:00+00:00,drift,21.615701366954024,972.0796491525363,39.39251113516996,1.0,3,TIER_3_STATIC_MAHALANOBIS,-1,NORMAL,2,TIER_2_ROC_CUSUM,True
101,AWS-BHO-101,BHO,2025-03-14 02:00:00+00:00,drift,25.4,952.2,10.39984062899558,1.0,3,TIER_3_STATIC_MAHALANOBIS,-1,NORMAL,-1,NORMAL,False
101,AWS-VAR-052,VAR,2025-03-14 02:00:00+00:00,drift,24.315701366954023,996.7795389130836,46.395961855225124,1.0,3,TIER_3_STATIC_MAHALANOBIS,-1,NORMAL,-1,NORMAL,False
101,AWS-RAN-103,RAN,2025-03-14 03:00:00+00:00,drift,21.561147196394714,972.1390168757486,42.44157502706621,1.0,3,TIER_3_STATIC_MAHALANOBIS,-1,NORMAL,2,TIER_2_ROC_CUSUM,True
101,AWS-VAR-101,VAR,2025-03-14 03:00:00+00:00,drift,22.661147196394715,996.438468930704,49.4441174569999,1.0,3,TIER_3_STATIC_MAHALANOBIS,-1,NORMAL,2,TIER_2_ROC_CUSUM,True
101,AWS-VAR-052,VAR,2025-03-14 03:00:00+00:00,drift,24.261147196394713,996.3388244676211,44.44545708712826,1.0,3,TIER_3_STATIC_MAHALANOBIS,-1,NORMAL,2,TIER_2_ROC_CUSUM,True
101,AWS-BHO-101,BHO,2025-03-14 03:00:00+00:00,drift,25.4,951.9,11.449820707620027,1.0,3,TIER_3_STATIC_MAHALANOBIS,-1,NORMAL,-1,NORMAL,False
101,AWS-DEL-103,DEL,2025-03-14 03:00:00+00:00,drift,18.961147196394716,981.4195128754178,70.4413833134155,1.0,3,TIER_3_STATIC_MAHALANOBIS,-1,NORMAL,1,TIER_1_SPIKE,True
101,AWS-RAN-101,RAN,2025-03-14 03:00:00+00:00,drift,22.161147196394715,936.8234523341148,38.4415132304772,1.0,3,TIER_3_STATIC_MAHALANOBIS,-1,NORMAL,2,TIER_2_ROC_CUSUM,True
101,AWS-RAN-103,RAN,2025-03-14 04:00:00+00:00,drift,21.60141261236244,972.4142807155946,46.490638918962446,1.0,3,TIER_3_STATIC_MAHALANOBIS,-1,NORMAL,1,TIER_1_SPIKE,True
101,AWS-RAN-101,RAN,2025-03-14 04:00:00+00:00,drift,22.201412612362443,937.2902895195529,37.49057025608578,1.0,3,TIER_3_STATIC_MAHALANOBIS,-1,NORMAL,2,TIER_2_ROC_CUSUM,True
101,AWS-BHO-101,BHO,2025-03-14 04:00:00+00:00,drift,25.1,952.1,12.499800786244476,1.0,3,TIER_3_STATIC_MAHALANOBIS,-1,NORMAL,2,TIER_2_ROC_CUSUM,True
101,AWS-DEL-103,DEL,2025-03-14 04:00:00+00:00,drift,19.001412612362444,981.7842172349897,71.490425903795,1.0,3,TIER_3_STATIC_MAHALANOBIS,-1,NORMAL,1,TIER_1_SPIKE,True
101,AWS-VAR-101,VAR,2025-03-14 04:00:00+00:00,drift,22.701412612362443,997.0134361126954,49.493463841110994,1.0,3,TIER_3_STATIC_MAHALANOBIS,-1,NORMAL,2,TIER_2_ROC_CUSUM,True
101,AWS-VAR-052,VAR,2025-03-14 04:00:00+00:00,drift,24.30141261236244,996.9139841375638,44.4949523190314,1.0,3,TIER_3_STATIC_MAHALANOBIS,-1,NORMAL,2,TIER_2_ROC_CUSUM,True
101,AWS-RAN-103,RAN,2025-03-14 05:00:00+00:00,drift,21.603943906108956,973.2052634999408,48.53970281085869,1.0,3,TIER_3_STATIC_MAHALANOBIS,-1,NORMAL,1,TIER_1_SPIKE,True
101,AWS-DEL-103,DEL,2025-03-14 05:00:00+00:00,drift,19.003943906108958,982.6624351787624,71.5394684941745,1.0,3,TIER_3_STATIC_MAHALANOBIS,-1,NORMAL,1,TIER_1_SPIKE,True
101,AWS-VAR-052,VAR,2025-03-14 05:00:00+00:00,drift,24.303943906108955,998.0048409959959,42.54444755093454,1.0,3,TIER_3_STATIC_MAHALANOBIS,-1,NORMAL,2,TIER_2_ROC_CUSUM,True
101,AWS-VAR-101,VAR,2025-03-14 05:00:00+00:00,drift,22.703943906108957,998.1040602818337,49.5428102252221,1.0,3,TIER_3_STATIC_MAHALANOBIS,-1,NORMAL,2,TIER_2_ROC_CUSUM,True
101,AWS-RAN-101,RAN,2025-03-14 05:00:00+00:00,drift,22.203943906108957,938.1710857324681,33.53962728169436,1.0,3,TIER_3_STATIC_MAHALANOBIS,-1,NORMAL,-1,NORMAL,False
101,AWS-VAR-102,VAR,2025-03-14 06:00:00+00:00,drift,21.416467563329903,999.1142266115571,60.59202448367278,1.0,3,TIER_3_STATIC_MAHALANOBIS,-1,NORMAL,-1,NORMAL,False
101,AWS-DEL-103,DEL,2025-03-14 07:00:00+00:00,drift,19.083132801581364,984.8589405751819,75.6375536749335,1.0,3,TIER_3_STATIC_MAHALANOBIS,-1,NORMAL,1,TIER_1_SPIKE,True
101,AWS-VAR-052,VAR,2025-03-14 07:00:00+00:00,drift,24.38313280158136,1000.5330988882708,44.64343801474082,1.0,3,TIER_3_STATIC_MAHALANOBIS,-1,NORMAL,1,TIER_1_SPIKE,True
101,AWS-RAN-101,RAN,2025-03-14 07:00:00+00:00,drift,22.283132801581363,940.9740684635699,33.63774133291152,1.0,3,TIER_3_STATIC_MAHALANOBIS,-1,NORMAL,2,TIER_2_ROC_CUSUM,True
101,AWS-VAR-101,VAR,2025-03-14 07:00:00+00:00,drift,22.783132801581363,1000.431733593388,49.6415029934443,1.0,3,TIER_3_STATIC_MAHALANOBIS,-1,NORMAL,1,TIER_1_SPIKE,True
101,AWS-MUM-103,MUM,2025-03-14 10:00:00+00:00,drift,33.4,1011.4061748210161,26.77986898281108,12.0,1,TIER_1_SPIKE,-1,NORMAL,-1,NORMAL,False
101,AWS-KOL-102,KOL,2025-03-14 18:00:00+00:00,drift,32.2,1009.3765750462952,65.0,58.0,1,TIER_1_SPIKE,-1,NORMAL,-1,NORMAL,False
101,AWS-VAR-103,VAR,2025-03-14 19:00:00+00:00,drift,28.6,1000.4624021013278,32.0,1.0,3,TIER_3_STATIC_MAHALANOBIS,-1,NORMAL,-1,NORMAL,False
101,AWS-MUM-103,MUM,2025-03-14 19:00:00+00:00,drift,33.1,1009.4812769409914,22.0,21.0,1,TIER_1_SPIKE,-1,NORMAL,-1,NORMAL,False
101,AWS-MUM-102,MUM,2025-03-14 20:00:00+00:00,drift,31.0,1010.3711681837615,31.0,12.0,1,TIER_1_SPIKE,-1,NORMAL,-1,NORMAL,False
101,AWS-MUM-101,MUM,2025-03-14 20:00:00+00:00,drift,29.9,1010.775804275577,36.0,22.0,1,TIER_1_SPIKE,-1,NORMAL,-1,NORMAL,False
101,AWS-DEL-101,DEL,2025-03-14 20:00:00+00:00,drift,25.9,989.4018398071041,40.0,1.0,3,TIER_3_STATIC_MAHALANOBIS,-1,NORMAL,-1,NORMAL,False
101,AWS-RAN-102,RAN,2025-03-14 21:00:00+00:00,drift,24.4,974.6487411584311,42.0,1.0,3,TIER_3_STATIC_MAHALANOBIS,-1,NORMAL,-1,NORMAL,False
101,AWS-RAN-067,RAN,2025-03-14 21:00:00+00:00,drift,25.0,943.1674500802139,28.0,1.0,3,TIER_3_STATIC_MAHALANOBIS,-1,NORMAL,-1,NORMAL,False
101,AWS-RAN-101,RAN,2025-03-14 22:00:00+00:00,drift,23.7,943.4018506146318,33.0,1.0,3,TIER_3_STATIC_MAHALANOBIS,-1,NORMAL,-1,NORMAL,False
101,AWS-RAN-101,RAN,2025-03-14 23:00:00+00:00,drift,23.1,943.8218204385338,37.0,1.0,3,TIER_3_STATIC_MAHALANOBIS,-1,NORMAL,-1,NORMAL,False
101,AWS-DEL-103,DEL,2025-03-14 23:00:00+00:00,drift,20.7,988.5934810627142,71.0,1.0,3,TIER_3_STATIC_MAHALANOBIS,-1,NORMAL,1,TIER_1_SPIKE,True
101,AWS-VAR-101,VAR,2025-03-15 00:00:00+00:00,drift,23.8,1004.184398999872,54.0,1.0,3,TIER_3_STATIC_MAHALANOBIS,-1,NORMAL,-1,NORMAL,False
101,AWS-VAR-102,VAR,2025-03-15 00:00:00+00:00,drift,22.6,1004.232355639392,58.0,1.0,3,TIER_3_STATIC_MAHALANOBIS,-1,NORMAL,-1,NORMAL,False
101,AWS-RAN-101,RAN,2025-03-15 00:00:00+00:00,drift,23.0,943.7546985899036,40.0,1.0,3,TIER_3_STATIC_MAHALANOBIS,-1,NORMAL,-1,NORMAL,False
101,AWS-DEL-102,DEL,2025-03-15 00:00:00+00:00,drift,21.3,987.5740694665252,63.0,1.0,3,TIER_3_STATIC_MAHALANOBIS,-1,NORMAL,-1,NORMAL,False
101,AWS-VAR-052,VAR,2025-03-15 00:00:00+00:00,drift,25.4,1004.196940327038,47.0,1.0,3,TIER_3_STATIC_MAHALANOBIS,-1,NORMAL,-1,NORMAL,False
101,AWS-DEL-103,DEL,2025-03-15 00:00:00+00:00,drift,20.5,988.5157368168825,68.0,1.0,3,TIER_3_STATIC_MAHALANOBIS,-1,NORMAL,1,TIER_1_SPIKE,True
101,AWS-RAN-103,RAN,2025-03-15 00:00:00+00:00,drift,23.2,979.5037273951607,41.0,1.0,3,TIER_3_STATIC_MAHALANOBIS,-1,NORMAL,-1,NORMAL,False
101,AWS-CHN-103,CHN,2025-03-15 02:00:00+00:00,drift,23.3,1004.4,98.0,1.0,3,TIER_3_STATIC_MAHALANOBIS,-1,NORMAL,1,TIER_1_SPIKE,True
101,AWS-CHN-103,CHN,2025-03-15 03:00:00+00:00,drift,23.4,1003.7278891665343,98.0,1.0,3,TIER_3_STATIC_MAHALANOBIS,-1,NORMAL,1,TIER_1_SPIKE,True
101,AWS-DEL-011,DEL,2025-03-15 03:00:00+00:00,drift,19.9,988.9884238028384,66.0,1.0,3,TIER_3_STATIC_MAHALANOBIS,-1,NORMAL,1,TIER_1_SPIKE,True
101,AWS-DEL-011,DEL,2025-03-15 04:00:00+00:00,drift,19.6,989.5555525493179,65.0,1.0,3,TIER_3_STATIC_MAHALANOBIS,-1,NORMAL,1,TIER_1_SPIKE,True
101,AWS-CHN-103,CHN,2025-03-15 04:00:00+00:00,drift,23.5,1003.1557783330685,98.0,1.0,3,TIER_3_STATIC_MAHALANOBIS,-1,NORMAL,1,TIER_1_SPIKE,True
101,AWS-DEL-011,DEL,2025-03-15 05:00:00+00:00,drift,19.0,990.4348984825469,66.0,1.0,3,TIER_3_STATIC_MAHALANOBIS,-1,NORMAL,1,TIER_1_SPIKE,True
101,AWS-CHN-103,CHN,2025-03-15 05:00:00+00:00,drift,23.5,1002.9836674996028,98.0,1.0,3,TIER_3_STATIC_MAHALANOBIS,-1,NORMAL,1,TIER_1_SPIKE,True
101,AWS-DEL-011,DEL,2025-03-15 06:00:00+00:00,drift,19.1,992.3264409978123,71.0,1.0,3,TIER_3_STATIC_MAHALANOBIS,-1,NORMAL,1,TIER_1_SPIKE,True
101,AWS-RAN-101,RAN,2025-03-15 06:00:00+00:00,drift,23.1,946.6216455863093,50.0,1.0,3,TIER_3_STATIC_MAHALANOBIS,-1,NORMAL,-1,NORMAL,False
101,AWS-VAR-101,VAR,2025-03-15 07:00:00+00:00,drift,23.3,1008.8010517239525,64.0,1.0,3,TIER_3_STATIC_MAHALANOBIS,-1,NORMAL,-1,NORMAL,False
101,AWS-DEL-011,DEL,2025-03-15 07:00:00+00:00,drift,19.5,993.5301601994069,68.0,1.0,3,TIER_3_STATIC_MAHALANOBIS,-1,NORMAL,1,TIER_1_SPIKE,True
101,AWS-VAR-102,VAR,2025-03-15 07:00:00+00:00,drift,22.7,1009.0786268543555,69.0,1.0,3,TIER_3_STATIC_MAHALANOBIS,-1,NORMAL,-1,NORMAL,False
101,AWS-VAR-052,VAR,2025-03-15 07:00:00+00:00,drift,24.4,1008.9213386977702,58.0,1.0,3,TIER_3_STATIC_MAHALANOBIS,-1,NORMAL,-1,NORMAL,False
101,AWS-BHO-103,BHO,2025-03-15 08:00:00+00:00,drift,26.2,958.60374936403,34.0,1.0,3,TIER_3_STATIC_MAHALANOBIS,-1,NORMAL,-1,NORMAL,False
101,AWS-BHO-101,BHO,2025-03-15 08:00:00+00:00,drift,26.9,952.8338671973752,29.0,1.0,3,TIER_3_STATIC_MAHALANOBIS,-1,NORMAL,-1,NORMAL,False
101,AWS-DEL-102,DEL,2025-03-15 08:00:00+00:00,drift,20.9,992.7692428764225,62.0,1.0,3,TIER_3_STATIC_MAHALANOBIS,-1,NORMAL,-1,NORMAL,False
101,AWS-DEL-103,DEL,2025-03-15 08:00:00+00:00,drift,21.1,994.340809331443,65.0,1.0,3,TIER_3_STATIC_MAHALANOBIS,-1,NORMAL,1,TIER_1_SPIKE,True
101,AWS-BHO-102,BHO,2025-03-15 08:00:00+00:00,drift,26.6,960.1840881203137,30.0,1.0,3,TIER_3_STATIC_MAHALANOBIS,-1,NORMAL,-1,NORMAL,False
101,AWS-MUM-101,MUM,2025-03-15 09:00:00+00:00,drift,30.2,1018.0967141544264,45.0,1.0,1,TIER_1_SPIKE,-1,NORMAL,-1,NORMAL,False
101,AWS-MUM-102,MUM,2025-03-15 09:00:00+00:00,drift,32.1,1017.4848613668586,33.0,3.0,1,TIER_1_SPIKE,-1,NORMAL,-1,NORMAL,False
101,AWS-BHO-030,BHO,2025-03-15 09:00:00+00:00,drift,30.7,953.4550873159019,25.0,1.0,3,TIER_3_STATIC_MAHALANOBIS,-1,NORMAL,-1,NORMAL,False
101,AWS-VAR-103,VAR,2025-03-15 16:00:00+00:00,unstructured_anomaly,30.424562892376418,1004.4863019874457,37.14836615921884,1.0,3,TIER_3_STATIC_MAHALANOBIS,-1,NORMAL,-1,NORMAL,False
101,AWS-DEL-101,DEL,2025-03-15 16:00:00+00:00,unstructured_anomaly,24.524562892376416,994.0863019874457,47.14836615921884,1.0,3,TIER_3_STATIC_MAHALANOBIS,-1,NORMAL,-1,NORMAL,False
101,AWS-MUM-101,MUM,2025-03-15 16:00:00+00:00,unstructured_anomaly,29.724562892376415,1014.8863019874458,37.14836615921884,8.0,1,TIER_1_SPIKE,-1,NORMAL,-1,NORMAL,False
101,AWS-DEL-103,DEL,2025-03-15 17:00:00+00:00,unstructured_anomaly,21.964779790370798,992.0677995471094,53.4810353356349,1.0,3,TIER_3_STATIC_MAHALANOBIS,-1,NORMAL,1,TIER_1_SPIKE,True
101,AWS-RAN-101,RAN,2025-03-15 17:00:00+00:00,unstructured_anomaly,24.364779790370797,947.3677995471094,47.4810353356349,1.0,3,TIER_3_STATIC_MAHALANOBIS,-1,NORMAL,-1,NORMAL,False
101,AWS-RAN-067,RAN,2025-03-15 17:00:00+00:00,unstructured_anomaly,25.064779790370793,947.3677995471094,33.4810353356349,1.0,3,TIER_3_STATIC_MAHALANOBIS,-1,NORMAL,-1,NORMAL,False
101,AWS-DEL-102,DEL,2025-03-15 17:00:00+00:00,unstructured_anomaly,21.664779790370794,990.6677995471093,53.4810353356349,1.0,3,TIER_3_STATIC_MAHALANOBIS,-1,NORMAL,-1,NORMAL,False
101,AWS-RAN-102,RAN,2025-03-15 17:00:00+00:00,unstructured_anomaly,25.564779790370793,977.4677995471094,36.4810353356349,1.0,3,TIER_3_STATIC_MAHALANOBIS,-1,NORMAL,-1,NORMAL,False
101,AWS-RAN-103,RAN,2025-03-16 01:00:00+00:00,drift,24.0,975.5,37.0,1.0,3,TIER_3_STATIC_MAHALANOBIS,-1,NORMAL,-1,NORMAL,False
101,AWS-DEL-011,DEL,2025-03-16 01:00:00+00:00,drift,20.2,987.0,67.0,1.0,3,TIER_3_STATIC_MAHALANOBIS,-1,NORMAL,1,TIER_1_SPIKE,True
101,AWS-RAN-103,RAN,2025-03-16 03:00:00+00:00,drift,24.3,974.4,38.15297200707428,1.0,3,TIER_3_STATIC_MAHALANOBIS,-1,NORMAL,2,TIER_2_ROC_CUSUM,True
101,AWS-BHO-030,BHO,2025-03-16 03:00:00+00:00,unstructured_anomaly,31.534589289353967,947.2999193815197,16.949409875708263,1.0,3,TIER_3_STATIC_MAHALANOBIS,-1,NORMAL,-1,NORMAL,False
101,AWS-VAR-101,VAR,2025-03-16 05:00:00+00:00,drift,23.7,999.7,63.44300161576727,21.0,1,TIER_1_SPIKE,-1,NORMAL,-1,NORMAL,False
101,AWS-VAR-102,VAR,2025-03-16 05:00:00+00:00,drift,22.7,999.8,66.44308855588802,7.0,1,TIER_1_SPIKE,-1,NORMAL,-1,NORMAL,False
101,AWS-BHO-030,BHO,2025-03-16 05:00:00+00:00,unstructured_anomaly,31.45000200094661,948.8549796846769,20.216874054734728,1.0,3,TIER_3_STATIC_MAHALANOBIS,-1,NORMAL,2,TIER_2_ROC_CUSUM,True
101,AWS-VAR-052,VAR,2025-03-16 05:00:00+00:00,drift,24.8,999.8,57.44241402850871,1.0,3,TIER_3_STATIC_MAHALANOBIS,-1,NORMAL,-1,NORMAL,False
101,AWS-RAN-101,RAN,2025-03-16 06:00:00+00:00,drift,24.3,940.1,49.62641301262994,1.0,3,TIER_3_STATIC_MAHALANOBIS,-1,NORMAL,-1,NORMAL,False
101,AWS-KOL-101,KOL,2025-03-16 06:00:00+00:00,unstructured_anomaly,20.227102154800715,1017.918681411357,80.69731630785189,58.0,3,TIER_3_STATIC_MAHALANOBIS,-1,NORMAL,-1,NORMAL,False
101,AWS-DEL-011,DEL,2025-03-16 07:00:00+00:00,drift,19.7,987.9,70.82774057179054,1.0,3,TIER_3_STATIC_MAHALANOBIS,-1,NORMAL,1,TIER_1_SPIKE,True
101,AWS-RAN-067,RAN,2025-03-16 07:00:00+00:00,drift,25.8,941.1,43.82925802169023,1.0,3,TIER_3_STATIC_MAHALANOBIS,-1,NORMAL,-1,NORMAL,False
101,AWS-KOL-102,KOL,2025-03-16 08:00:00+00:00,drift,30.6,1010.2,71.05511179278831,96.0,3,TIER_3_STATIC_MAHALANOBIS,-1,NORMAL,-1,NORMAL,False
101,AWS-MUM-101,MUM,2025-03-16 09:00:00+00:00,drift,29.6,1012.4,47.29719857447204,1.0,1,TIER_1_SPIKE,-1,NORMAL,-1,NORMAL,False
101,AWS-DEL-103,DEL,2025-03-16 09:00:00+00:00,drift,22.4,989.3,64.292869372485,1.0,3,TIER_3_STATIC_MAHALANOBIS,-1,NORMAL,-1,NORMAL,False
101,AWS-MUM-102,MUM,2025-03-16 09:00:00+00:00,drift,30.7,1011.9,40.29437855382102,2.0,1,TIER_1_SPIKE,-1,NORMAL,-1,NORMAL,False
101,AWS-DEL-101,DEL,2025-03-16 09:00:00+00:00,drift,23.5,991.1,57.292321163322065,1.0,3,TIER_3_STATIC_MAHALANOBIS,-1,NORMAL,-1,NORMAL,False
101,AWS-DEL-102,DEL,2025-03-16 09:00:00+00:00,drift,22.9,987.8,60.29129039507114,1.0,3,TIER_3_STATIC_MAHALANOBIS,-1,NORMAL,-1,NORMAL,False
101,AWS-MUM-103,MUM,2025-03-16 10:00:00+00:00,drift,32.3,1012.1,36.55294869507839,2.0,1,TIER_1_SPIKE,-1,NORMAL,-1,NORMAL,False
101,AWS-VAR-103,VAR,2025-03-16 10:00:00+00:00,drift,30.4,1001.9,48.548065156075836,1.0,3,TIER_3_STATIC_MAHALANOBIS,-1,NORMAL,-1,NORMAL,False
101,AWS-MUM-007,MUM,2025-03-16 13:00:00+00:00,unstructured_anomaly,26.879260746227033,1017.6441857734761,62.89608823808327,30.0,3,TIER_3_STATIC_MAHALANOBIS,-1,NORMAL,-1,NORMAL,False
101,AWS-VAR-103,VAR,2025-03-16 17:00:00+00:00,drift,30.1,997.3,43.7655146870511,1.0,3,TIER_3_STATIC_MAHALANOBIS,-1,NORMAL,-1,NORMAL,False
101,AWS-CHN-101,CHN,2025-03-16 18:00:00+00:00,unstructured_anomaly,21.877885423761388,1015.1627628507241,90.71045927762654,19.0,1,TIER_1_SPIKE,-1,NORMAL,1,TIER_1_SPIKE,True
101,AWS-MUM-103,MUM,2025-03-16 19:00:00+00:00,drift,32.6,1007.0,32.52720853045893,11.0,1,TIER_1_SPIKE,-1,NORMAL,-1,NORMAL,False
101,AWS-DEL-102,DEL,2025-03-16 19:00:00+00:00,drift,23.0,984.6,52.51884999668624,1.0,3,TIER_3_STATIC_MAHALANOBIS,-1,NORMAL,-1,NORMAL,False
101,AWS-CHN-101,CHN,2025-03-16 19:00:00+00:00,unstructured_anomaly,22.48234572724868,1015.4355291261724,95.0,20.0,1,TIER_1_SPIKE,-1,NORMAL,1,TIER_1_SPIKE,True
101,AWS-KOL-102,KOL,2025-03-16 19:00:00+00:00,drift,31.2,1006.9,71.52988934548675,107.0,3,TIER_3_STATIC_MAHALANOBIS,-1,NORMAL,-1,NORMAL,False
101,AWS-RAN-067,RAN,2025-03-16 19:00:00+00:00,drift,27.0,939.8,43.521384397570586,1.0,3,TIER_3_STATIC_MAHALANOBIS,-1,NORMAL,-1,NORMAL,False
101,AWS-MUM-102,MUM,2025-03-16 19:00:00+00:00,drift,31.5,1006.9,39.525798353873476,12.0,1,TIER_1_SPIKE,-1,NORMAL,-1,NORMAL,False
101,AWS-RAN-102,RAN,2025-03-16 19:00:00+00:00,drift,27.5,970.5,49.52265689986462,1.0,3,TIER_3_STATIC_MAHALANOBIS,-1,NORMAL,-1,NORMAL,False
101,AWS-MUM-101,MUM,2025-03-16 20:00:00+00:00,drift,30.4,1008.2,35.926771629371444,12.0,1,TIER_1_SPIKE,-1,NORMAL,-1,NORMAL,False
101,AWS-DEL-103,DEL,2025-03-16 20:00:00+00:00,drift,22.5,986.6,50.91648977465223,1.0,3,TIER_3_STATIC_MAHALANOBIS,-1,NORMAL,-1,NORMAL,False
101,AWS-DEL-101,DEL,2025-03-16 20:00:00+00:00,drift,22.6,988.4,45.91518777789025,1.0,3,TIER_3_STATIC_MAHALANOBIS,-1,NORMAL,-1,NORMAL,False
101,AWS-RAN-101,RAN,2025-03-16 22:00:00+00:00,drift,24.0,939.9,54.73912915640012,1.0,3,TIER_3_STATIC_MAHALANOBIS,-1,NORMAL,-1,NORMAL,False
101,AWS-RAN-103,RAN,2025-03-16 23:00:00+00:00,drift,25.2,974.9,53.16644263482879,1.0,3,TIER_3_STATIC_MAHALANOBIS,-1,NORMAL,-1,NORMAL,False
101,AWS-RAN-101,RAN,2025-03-16 23:00:00+00:00,drift,23.6,939.6,56.1669911597984,1.0,3,TIER_3_STATIC_MAHALANOBIS,-1,NORMAL,-1,NORMAL,False
101,AWS-CHN-103,CHN,2025-03-17 00:00:00+00:00,frozen_value,25.5,1005.7,96.0,1.0,3,TIER_3_STATIC_MAHALANOBIS,-1,NORMAL,-1,NORMAL,False
101,AWS-BHO-103,BHO,2025-03-17 00:00:00+00:00,frozen_value,23.8,960.0,33.0,1.0,3,TIER_3_STATIC_MAHALANOBIS,-1,NORMAL,-1,NORMAL,False
101,AWS-CHN-103,CHN,2025-03-17 01:00:00+00:00,frozen_value,25.3,1005.2,96.04279670971424,1.0,3,TIER_3_STATIC_MAHALANOBIS,-1,NORMAL,2,TIER_2_ROC_CUSUM,True
101,AWS-BHO-103,BHO,2025-03-17 01:00:00+00:00,frozen_value,24.2,960.0,33.04279670971424,1.0,3,TIER_3_STATIC_MAHALANOBIS,-1,NORMAL,-1,NORMAL,False
101,AWS-CHN-103,CHN,2025-03-17 02:00:00+00:00,frozen_value,25.1,1004.8,96.05532036693519,1.0,3,TIER_3_STATIC_MAHALANOBIS,-1,NORMAL,2,TIER_2_ROC_CUSUM,True
101,AWS-CHN-103,CHN,2025-03-17 03:00:00+00:00,frozen_value,24.9,1004.3,96.12198560518665,1.0,3,TIER_3_STATIC_MAHALANOBIS,-1,NORMAL,2,TIER_2_ROC_CUSUM,True
101,AWS-CHN-103,CHN,2025-03-17 04:00:00+00:00,frozen_value,25.0,1004.4,96.11836785128132,1.0,3,TIER_3_STATIC_MAHALANOBIS,-1,NORMAL,-1,NORMAL,False
101,AWS-CHN-103,CHN,2025-03-17 05:00:00+00:00,frozen_value,25.4,1005.0,95.95506236993629,1.0,3,TIER_3_STATIC_MAHALANOBIS,-1,NORMAL,2,TIER_2_ROC_CUSUM,True
101,AWS-DEL-011,DEL,2025-03-17 07:00:00+00:00,drift,19.3,988.3,81.95182253434031,1.0,3,TIER_3_STATIC_MAHALANOBIS,-1,NORMAL,1,TIER_1_SPIKE,True
101,AWS-VAR-101,VAR,2025-03-17 07:00:00+00:00,drift,24.9,1000.4,69.95225417300996,7.0,1,TIER_1_SPIKE,-1,NORMAL,-1,NORMAL,False
101,AWS-VAR-052,VAR,2025-03-17 07:00:00+00:00,drift,25.2,1000.4,67.94784726857075,6.0,1,TIER_1_SPIKE,-1,NORMAL,-1,NORMAL,False
101,AWS-VAR-102,VAR,2025-03-17 07:00:00+00:00,drift,24.6,1000.3,73.95290622391566,8.0,1,TIER_1_SPIKE,-1,NORMAL,-1,NORMAL,False
101,AWS-RAN-102,RAN,2025-03-17 08:00:00+00:00,drift,27.3,972.8,61.479646009346475,1.0,3,TIER_3_STATIC_MAHALANOBIS,-1,NORMAL,-1,NORMAL,False
101,AWS-RAN-067,RAN,2025-03-17 08:00:00+00:00,drift,26.2,941.7,57.477454477617854,1.0,3,TIER_3_STATIC_MAHALANOBIS,-1,NORMAL,-1,NORMAL,False
101,AWS-KOL-102,KOL,2025-03-17 08:00:00+00:00,drift,29.8,1009.5,82.49210188791791,120.0,3,TIER_3_STATIC_MAHALANOBIS,-1,NORMAL,-1,NORMAL,False
101,AWS-VAR-103,VAR,2025-03-17 09:00:00+00:00,drift,28.5,1001.9,56.99772308930249,8.0,1,TIER_1_SPIKE,-1,NORMAL,-1,NORMAL,False
101,AWS-MUM-102,MUM,2025-03-17 09:00:00+00:00,drift,30.9,1011.1,51.012579802937424,2.0,1,TIER_1_SPIKE,-1,NORMAL,-1,NORMAL,False
101,AWS-MUM-103,MUM,2025-03-17 10:00:00+00:00,drift,32.8,1011.4,42.551791126125046,11.0,1,TIER_1_SPIKE,-1,NORMAL,-1,NORMAL,False
101,AWS-BHO-102,BHO,2025-03-17 10:00:00+00:00,drift,29.3,966.5,34.0,1.0,3,TIER_3_STATIC_MAHALANOBIS,-1,NORMAL,-1,NORMAL,False
101,AWS-BHO-030,BHO,2025-03-17 11:00:00+00:00,drift,30.1,959.0,30.04675096974197,1.0,3,TIER_3_STATIC_MAHALANOBIS,-1,NORMAL,-1,NORMAL,False
101,AWS-BHO-030,BHO,2025-03-17 18:00:00+00:00,drift,30.0,955.9,21.99015734914794,1.0,3,TIER_3_STATIC_MAHALANOBIS,-1,NORMAL,-1,NORMAL,False
101,AWS-RAN-102,RAN,2025-03-17 18:00:00+00:00,drift,27.3,969.7,65.14875558148769,1.0,3,TIER_3_STATIC_MAHALANOBIS,-1,NORMAL,-1,NORMAL,False
101,AWS-BHO-102,BHO,2025-03-17 18:00:00+00:00,drift,29.4,962.8,26.99099294443376,1.0,3,TIER_3_STATIC_MAHALANOBIS,-1,NORMAL,-1,NORMAL,False
101,AWS-VAR-103,VAR,2025-03-17 18:00:00+00:00,drift,28.9,998.8,46.136875951274206,17.0,1,TIER_1_SPIKE,-1,NORMAL,-1,NORMAL,False
101,AWS-DEL-103,DEL,2025-03-17 18:00:00+00:00,drift,23.7,987.4,59.148176561271896,1.0,3,TIER_3_STATIC_MAHALANOBIS,-1,NORMAL,-1,NORMAL,False
101,AWS-RAN-067,RAN,2025-03-17 18:00:00+00:00,drift,26.4,939.0,63.14585710404016,1.0,3,TIER_3_STATIC_MAHALANOBIS,-1,NORMAL,-1,NORMAL,False
101,AWS-MUM-101,MUM,2025-03-17 18:00:00+00:00,drift,32.2,1008.5,48.17036372145547,19.0,1,TIER_1_SPIKE,-1,NORMAL,-1,NORMAL,False
101,AWS-MUM-103,MUM,2025-03-17 18:00:00+00:00,drift,33.6,1007.9,41.15912318450805,19.0,1,TIER_1_SPIKE,-1,NORMAL,-1,NORMAL,False
101,AWS-DEL-102,DEL,2025-03-17 18:00:00+00:00,drift,23.7,986.1,59.140084302025826,1.0,3,TIER_3_STATIC_MAHALANOBIS,-1,NORMAL,-1,NORMAL,False
101,AWS-MUM-102,MUM,2025-03-17 19:00:00+00:00,drift,31.3,1008.4,51.76939652330907,12.0,1,TIER_1_SPIKE,-1,NORMAL,-1,NORMAL,False
101,AWS-DEL-101,DEL,2025-03-17 19:00:00+00:00,drift,22.9,989.9,57.75859522318959,1.0,3,TIER_3_STATIC_MAHALANOBIS,-1,NORMAL,-1,NORMAL,False
101,AWS-RAN-067,RAN,2025-03-17 19:00:00+00:00,drift,25.8,939.4,63.75909729193566,1.0,3,TIER_3_STATIC_MAHALANOBIS,-1,NORMAL,-1,NORMAL,False
101,AWS-RAN-103,RAN,2025-03-17 19:00:00+00:00,drift,26.7,974.1,66.76080970563699,1.0,3,TIER_3_STATIC_MAHALANOBIS,-1,NORMAL,-1,NORMAL,False
101,AWS-RAN-101,RAN,2025-03-17 19:00:00+00:00,drift,25.4,939.3,67.76185688966987,1.0,3,TIER_3_STATIC_MAHALANOBIS,-1,NORMAL,-1,NORMAL,False
101,AWS-DEL-101,DEL,2025-03-17 20:00:00+00:00,drift,22.3,990.6,61.37987661346395,1.0,3,TIER_3_STATIC_MAHALANOBIS,-1,NORMAL,-1,NORMAL,False
101,AWS-BHO-103,BHO,2025-03-17 20:00:00+00:00,drift,25.1,962.1,32.375843533324556,1.0,3,TIER_3_STATIC_MAHALANOBIS,-1,NORMAL,-1,NORMAL,False
101,AWS-CHN-103,CHN,2025-03-17 22:00:00+00:00,drift,26.8,1006.4,91.81455758614973,1.0,3,TIER_3_STATIC_MAHALANOBIS,-1,NORMAL,1,TIER_1_SPIKE,True
101,AWS-CHN-103,CHN,2025-03-17 23:00:00+00:00,drift,26.2,1006.2,95.0408289308976,1.0,3,TIER_3_STATIC_MAHALANOBIS,-1,NORMAL,-1,NORMAL,False
101,AWS-CHN-103,CHN,2025-03-18 00:00:00+00:00,drift,25.7,1005.8,98.27545059125681,1.0,3,TIER_3_STATIC_MAHALANOBIS,-1,NORMAL,-1,NORMAL,False
101,AWS-CHN-103,CHN,2025-03-18 01:00:00+00:00,drift,25.3,1005.0,99.51810409738087,1.0,3,TIER_3_STATIC_MAHALANOBIS,-1,NORMAL,2,TIER_2_ROC_CUSUM,True
101,AWS-CHN-103,CHN,2025-03-18 02:00:00+00:00,drift,25.3,1004.4,99.76850394052303,1.0,3,TIER_3_STATIC_MAHALANOBIS,-1,NORMAL,2,TIER_2_ROC_CUSUM,True
101,AWS-CHN-103,CHN,2025-03-18 03:00:00+00:00,drift,25.4,1004.3,100.0,1.0,3,TIER_3_STATIC_MAHALANOBIS,-1,NORMAL,2,TIER_2_ROC_CUSUM,True
101,AWS-CHN-103,CHN,2025-03-18 04:00:00+00:00,drift,26.0,1004.2,96.29153475553589,1.0,3,TIER_3_STATIC_MAHALANOBIS,-1,NORMAL,-1,NORMAL,False
101,AWS-VAR-101,VAR,2025-03-18 05:00:00+00:00,unstructured_anomaly,26.49542737657971,992.5667337521506,68.15628497993431,29.0,1,TIER_1_SPIKE,-1,NORMAL,-1,NORMAL,False
101,AWS-VAR-102,VAR,2025-03-18 05:00:00+00:00,unstructured_anomaly,25.895427376579708,992.5667337521506,66.15628497993431,10.0,1,TIER_1_SPIKE,-1,NORMAL,-1,NORMAL,False
101,AWS-CHN-103,CHN,2025-03-18 05:00:00+00:00,drift,26.3,1004.7,94.56371716124589,1.0,3,TIER_3_STATIC_MAHALANOBIS,-1,NORMAL,2,TIER_2_ROC_CUSUM,True
101,AWS-BHO-103,BHO,2025-03-18 08:00:00+00:00,drift,23.9,964.2,45.39266116411669,1.0,3,TIER_3_STATIC_MAHALANOBIS,-1,NORMAL,-1,NORMAL,False
101,AWS-BHO-101,BHO,2025-03-18 09:00:00+00:00,drift,26.9,958.8,37.68509940907026,1.0,3,TIER_3_STATIC_MAHALANOBIS,-1,NORMAL,-1,NORMAL,False
101,AWS-BHO-102,BHO,2025-03-18 10:00:00+00:00,drift,29.3,966.6,31.993966341843866,1.0,3,TIER_3_STATIC_MAHALANOBIS,-1,NORMAL,-1,NORMAL,False
101,AWS-BHO-030,BHO,2025-03-18 10:00:00+00:00,drift,28.5,959.3,34.991459555986395,1.0,3,TIER_3_STATIC_MAHALANOBIS,-1,NORMAL,-1,NORMAL,False
101,AWS-BHO-102,BHO,2025-03-18 18:00:00+00:00,drift,29.7,962.8,31.629736575229288,1.0,3,TIER_3_STATIC_MAHALANOBIS,-1,NORMAL,-1,NORMAL,False
101,AWS-BHO-101,BHO,2025-03-18 19:00:00+00:00,drift,27.8,955.1,32.97587953425607,1.0,3,TIER_3_STATIC_MAHALANOBIS,-1,NORMAL,-1,NORMAL,False
101,AWS-BHO-030,BHO,2025-03-18 19:00:00+00:00,drift,28.3,955.8,34.98018527808477,1.0,3,TIER_3_STATIC_MAHALANOBIS,-1,NORMAL,-1,NORMAL,False
101,AWS-BHO-030,BHO,2025-03-18 20:00:00+00:00,drift,28.0,956.4,34.33909994887506,1.0,3,TIER_3_STATIC_MAHALANOBIS,-1,NORMAL,-1,NORMAL,False
101,AWS-CHN-103,CHN,2025-03-18 20:00:00+00:00,drift,27.5,1005.8,90.38496612998529,1.0,3,TIER_3_STATIC_MAHALANOBIS,-1,NORMAL,-1,NORMAL,False
101,AWS-BHO-103,BHO,2025-03-18 21:00:00+00:00,drift,24.3,961.9,39.70580943672809,1.0,3,TIER_3_STATIC_MAHALANOBIS,-1,NORMAL,-1,NORMAL,False
101,AWS-CHN-101,CHN,2025-03-18 21:00:00+00:00,unstructured_anomaly,21.75982741526626,1017.9940894407767,72.53262913917204,1.0,1,TIER_1_SPIKE,-1,NORMAL,1,TIER_1_SPIKE,True
101,AWS-BHO-103,BHO,2025-03-18 22:00:00+00:00,drift,23.8,962.3,39.074814748356836,1.0,3,TIER_3_STATIC_MAHALANOBIS,-1,NORMAL,-1,NORMAL,False
101,AWS-KOL-101,KOL,2025-03-19 02:00:00+00:00,drift,22.9,1010.6,91.64025173012263,1.0,1,TIER_1_SPIKE,-1,NORMAL,-1,NORMAL,False
101,AWS-KOL-101,KOL,2025-03-19 03:00:00+00:00,drift,22.4,1010.4,97.03409108591043,2.0,1,TIER_1_SPIKE,-1,NORMAL,2,TIER_2_ROC_CUSUM,True
101,AWS-KOL-101,KOL,2025-03-19 04:00:00+00:00,drift,22.0,1010.6,98.43250311165218,3.0,1,TIER_1_SPIKE,-1,NORMAL,1,TIER_1_SPIKE,True
101,AWS-DEL-011,DEL,2025-03-19 05:00:00+00:00,drift,17.8,987.0,61.0,1.0,3,TIER_3_STATIC_MAHALANOBIS,-1,NORMAL,1,TIER_1_SPIKE,True
101,AWS-KOL-101,KOL,2025-03-19 05:00:00+00:00,drift,21.9,1011.4,96.83543042524656,4.0,1,TIER_1_SPIKE,-1,NORMAL,1,TIER_1_SPIKE,True
101,AWS-KOL-015,KOL,2025-03-19 06:00:00+00:00,drift,24.5,1011.8,78.04020313113466,36.0,1,TIER_1_SPIKE,-1,NORMAL,-1,NORMAL,False
101,AWS-CHN-103,CHN,2025-03-19 06:00:00+00:00,drift,26.8,1007.2,100.0,1.0,3,TIER_3_STATIC_MAHALANOBIS,-1,NORMAL,-1,NORMAL,False
101,AWS-KOL-102,KOL,2025-03-19 08:00:00+00:00,drift,29.2,1013.7,61.270142724628336,28.0,1,TIER_1_SPIKE,-1,NORMAL,-1,NORMAL,False
101,AWS-DEL-101,DEL,2025-03-19 08:00:00+00:00,drift,22.7,990.7,52.2687020070928,1.0,3,TIER_3_STATIC_MAHALANOBIS,-1,NORMAL,-1,NORMAL,False
101,AWS-BHO-103,BHO,2025-03-19 08:00:00+00:00,drift,24.8,964.4,47.023440288443744,1.0,3,TIER_3_STATIC_MAHALANOBIS,-1,NORMAL,-1,NORMAL,False
101,AWS-BHO-101,BHO,2025-03-19 09:00:00+00:00,drift,28.2,958.8,40.43303912189192,1.0,3,TIER_3_STATIC_MAHALANOBIS,-1,NORMAL,-1,NORMAL,False
101,AWS-VAR-103,VAR,2025-03-19 09:00:00+00:00,drift,27.2,1004.7,36.443630130757604,1.0,1,TIER_1_SPIKE,-1,NORMAL,-1,NORMAL,False
101,AWS-DEL-103,DEL,2025-03-19 09:00:00+00:00,drift,25.4,989.8,44.44472339338692,1.0,3,TIER_3_STATIC_MAHALANOBIS,-1,NORMAL,-1,NORMAL,False
101,AWS-BHO-030,BHO,2025-03-19 09:00:00+00:00,drift,27.1,959.3,42.43917154492067,1.0,3,TIER_3_STATIC_MAHALANOBIS,-1,NORMAL,-1,NORMAL,False
101,AWS-DEL-102,DEL,2025-03-19 09:00:00+00:00,drift,24.8,988.7,42.44395300461442,1.0,3,TIER_3_STATIC_MAHALANOBIS,-1,NORMAL,-1,NORMAL,False
101,AWS-MUM-102,MUM,2025-03-19 10:00:00+00:00,drift,32.4,1011.4,31.658383393225858,2.0,1,TIER_1_SPIKE,-1,NORMAL,-1,NORMAL,False
101,AWS-MUM-101,MUM,2025-03-19 10:00:00+00:00,drift,32.0,1011.9,35.66009562226434,1.0,1,TIER_1_SPIKE,-1,NORMAL,-1,NORMAL,False
101,AWS-MUM-103,MUM,2025-03-19 11:00:00+00:00,drift,34.5,1011.2,21.906619155490016,1.0,1,TIER_1_SPIKE,-1,NORMAL,-1,NORMAL,False
101,AWS-BHO-102,BHO,2025-03-19 16:00:00+00:00,unstructured_anomaly,30.029648659437747,970.0573884270793,15.0,1.0,3,TIER_3_STATIC_MAHALANOBIS,-1,NORMAL,-1,NORMAL,False
101,AWS-BHO-101,BHO,2025-03-19 17:00:00+00:00,unstructured_anomaly,29.01131661921469,960.8094244534403,31.049305366720407,1.0,3,TIER_3_STATIC_MAHALANOBIS,-1,NORMAL,-1,NORMAL,False
101,AWS-MUM-102,MUM,2025-03-19 17:00:00+00:00,drift,33.0,1007.4,40.059454083715295,9.0,1,TIER_1_SPIKE,-1,NORMAL,-1,NORMAL,False
101,AWS-RAN-102,RAN,2025-03-19 17:00:00+00:00,drift,29.8,972.0,43.057275000444704,1.0,3,TIER_3_STATIC_MAHALANOBIS,-1,NORMAL,-1,NORMAL,False
101,AWS-MUM-101,MUM,2025-03-19 17:00:00+00:00,drift,32.7,1008.0,38.063563433407666,8.0,1,TIER_1_SPIKE,-1,NORMAL,-1,NORMAL,False
101,AWS-VAR-103,VAR,2025-03-19 18:00:00+00:00,drift,28.2,1000.9,32.515484815288374,10.0,1,TIER_1_SPIKE,-1,NORMAL,-1,NORMAL,False
101,AWS-DEL-103,DEL,2025-03-19 18:00:00+00:00,drift,26.5,987.9,39.51903791883367,1.0,3,TIER_3_STATIC_MAHALANOBIS,-1,NORMAL,-1,NORMAL,False
101,AWS-DEL-102,DEL,2025-03-19 19:00:00+00:00,drift,25.6,987.3,41.00618391861666,1.0,3,TIER_3_STATIC_MAHALANOBIS,-1,NORMAL,-1,NORMAL,False
101,AWS-RAN-101,RAN,2025-03-19 19:00:00+00:00,drift,26.6,942.2,40.00897808428105,1.0,3,TIER_3_STATIC_MAHALANOBIS,-1,NORMAL,-1,NORMAL,False
101,AWS-RAN-103,RAN,2025-03-19 19:00:00+00:00,drift,28.2,977.6,39.008730279267986,1.0,3,TIER_3_STATIC_MAHALANOBIS,-1,NORMAL,-1,NORMAL,False
101,AWS-DEL-101,DEL,2025-03-19 20:00:00+00:00,drift,23.6,990.8,43.52506770693458,1.0,3,TIER_3_STATIC_MAHALANOBIS,-1,NORMAL,-1,NORMAL,False
101,AWS-RAN-067,RAN,2025-03-19 20:00:00+00:00,drift,25.9,943.1,37.525321354422935,1.0,3,TIER_3_STATIC_MAHALANOBIS,-1,NORMAL,-1,NORMAL,False
101,AWS-VAR-052,VAR,2025-03-19 21:00:00+00:00,drift,27.5,1004.1,38.0631936074612,13.0,1,TIER_1_SPIKE,-1,NORMAL,-1,NORMAL,False
101,AWS-VAR-052,VAR,2025-03-19 22:00:00+00:00,drift,26.9,1003.9,37.63343911177076,14.0,1,TIER_1_SPIKE,-1,NORMAL,-1,NORMAL,False
101,AWS-VAR-101,VAR,2025-03-19 23:00:00+00:00,drift,25.3,1004.1,48.23245297826923,4.0,1,TIER_1_SPIKE,-1,NORMAL,-1,NORMAL,False
101,AWS-CHN-103,CHN,2025-03-19 23:00:00+00:00,frozen_value,26.6,1009.0,90.0,8.0,1,TIER_1_SPIKE,-1,NORMAL,-1,NORMAL,False
101,AWS-VAR-101,VAR,2025-03-20 00:00:00+00:00,drift,25.258204184929586,1004.2,51.85479745214284,5.0,1,TIER_1_SPIKE,-1,NORMAL,-1,NORMAL,False
101,AWS-CHN-103,CHN,2025-03-20 00:00:00+00:00,frozen_value,26.558204184929586,1008.6,94.0,9.0,1,TIER_1_SPIKE,-1,NORMAL,-1,NORMAL,False
101,AWS-BHO-103,BHO,2025-03-20 04:00:00+00:00,frozen_value,25.071416280871425,961.9,37.0,1.0,3,TIER_3_STATIC_MAHALANOBIS,-1,NORMAL,-1,NORMAL,False
101,AWS-CHN-103,CHN,2025-03-20 04:00:00+00:00,frozen_value,26.671416280871426,1007.6,97.0,13.0,1,TIER_1_SPIKE,-1,NORMAL,-1,NORMAL,False
101,AWS-DEL-011,DEL,2025-03-20 05:00:00+00:00,drift,19.1,989.0,56.342581876990046,1.0,3,TIER_3_STATIC_MAHALANOBIS,-1,NORMAL,1,TIER_1_SPIKE,True
101,AWS-BHO-101,BHO,2025-03-20 14:00:00+00:00,unstructured_anomaly,28.803726886968,963.1864001586632,35.609058937803404,1.0,3,TIER_3_STATIC_MAHALANOBIS,-1,NORMAL,-1,NORMAL,False
101,AWS-BHO-030,BHO,2025-03-20 14:00:00+00:00,unstructured_anomaly,28.703726886968,963.4864001586633,37.609058937803404,1.0,3,TIER_3_STATIC_MAHALANOBIS,-1,NORMAL,-1,NORMAL,False
101,AWS-VAR-103,VAR,2025-03-20 15:00:00+00:00,unstructured_anomaly,26.935164197399857,1007.1687580529607,15.0,18.0,1,TIER_1_SPIKE,-1,NORMAL,-1,NORMAL,False
101,AWS-BHO-030,BHO,2025-03-20 16:00:00+00:00,unstructured_anomaly,28.645212401405217,962.8215234904814,33.577548768102275,1.0,3,TIER_3_STATIC_MAHALANOBIS,-1,NORMAL,2,TIER_2_ROC_CUSUM,True
101,AWS-KOL-101,KOL,2025-03-20 20:00:00+00:00,unstructured_anomaly,20.829581748226516,1022.2872638983483,80.81217035909764,38.0,3,TIER_3_STATIC_MAHALANOBIS,-1,NORMAL,-1,NORMAL,False
101,AWS-MUM-102,MUM,2025-03-21 00:00:00+00:00,unstructured_anomaly,33.11116338991461,1003.6732221060649,43.63954853438317,1.0,1,TIER_1_SPIKE,-1,NORMAL,-1,NORMAL,False
101,AWS-MUM-101,MUM,2025-03-21 00:00:00+00:00,unstructured_anomaly,31.911163389914602,1004.273222106065,53.63954853438317,4.0,1,TIER_1_SPIKE,-1,NORMAL,-1,NORMAL,False
101,AWS-DEL-103,DEL,2025-03-21 00:00:00+00:00,unstructured_anomaly,27.011163389914604,980.873222106065,31.639548534383167,1.0,3,TIER_3_STATIC_MAHALANOBIS,-1,NORMAL,-1,NORMAL,False
101,AWS-DEL-102,DEL,2025-03-21 00:00:00+00:00,unstructured_anomaly,27.011163389914604,979.6732221060649,26.639548534383167,1.0,3,TIER_3_STATIC_MAHALANOBIS,-1,NORMAL,-1,NORMAL,False
101,AWS-MUM-103,MUM,2025-03-21 00:00:00+00:00,unstructured_anomaly,32.811163389914604,1003.873222106065,44.63954853438317,4.0,1,TIER_1_SPIKE,-1,NORMAL,-1,NORMAL,False
101,AWS-RAN-101,RAN,2025-03-21 02:00:00+00:00,unstructured_anomaly,26.01278759143782,936.3597043608598,68.06960700051258,1.0,3,TIER_3_STATIC_MAHALANOBIS,-1,NORMAL,-1,NORMAL,False
101,AWS-KOL-102,KOL,2025-03-21 02:00:00+00:00,unstructured_anomaly,31.91278759143782,1006.6597043608599,66.06960700051258,2.0,1,TIER_1_SPIKE,-1,NORMAL,-1,NORMAL,False
101,AWS-KOL-102,KOL,2025-03-21 03:00:00+00:00,unstructured_anomaly,31.763716870198763,1004.950874379486,63.674769613899215,3.0,1,TIER_1_SPIKE,-1,NORMAL,2,TIER_2_ROC_CUSUM,True
101,AWS-RAN-101,RAN,2025-03-21 03:00:00+00:00,unstructured_anomaly,25.863716870198765,935.0508743794859,70.67476961389922,1.0,3,TIER_3_STATIC_MAHALANOBIS,-1,NORMAL,2,TIER_2_ROC_CUSUM,True
101,AWS-CHN-103,CHN,2025-03-21 18:00:00+00:00,spike,25.581999750843963,1006.3,65.0,20.0,3,TIER_3_STATIC_MAHALANOBIS,-1,NORMAL,-1,NORMAL,False
101,AWS-KOL-101,KOL,2025-03-21 18:00:00+00:00,spike,20.090249645585505,1014.7,66.0,16.0,1,TIER_1_SPIKE,-1,NORMAL,-1,NORMAL,False
101,AWS-DEL-102,DEL,2025-03-22 00:00:00+00:00,unstructured_anomaly,27.08628281475069,978.958531069329,21.98396821724069,1.0,3,TIER_3_STATIC_MAHALANOBIS,-1,NORMAL,-1,NORMAL,False
101,AWS-MUM-101,MUM,2025-03-22 00:00:00+00:00,unstructured_anomaly,30.58628281475069,1004.8585310693289,64.98396821724069,28.0,1,TIER_1_SPIKE,-1,NORMAL,-1,NORMAL,False
101,AWS-MUM-103,MUM,2025-03-22 00:00:00+00:00,unstructured_anomaly,32.08628281475069,1004.558531069329,53.98396821724069,28.0,1,TIER_1_SPIKE,-1,NORMAL,-1,NORMAL,False
101,AWS-RAN-101,RAN,2025-03-22 00:00:00+00:00,unstructured_anomaly,24.58628281475069,936.258531069329,79.98396821724069,1.0,3,TIER_3_STATIC_MAHALANOBIS,-1,NORMAL,-1,NORMAL,False
101,AWS-MUM-102,MUM,2025-03-22 00:00:00+00:00,unstructured_anomaly,31.486282814750687,1004.458531069329,53.98396821724069,5.0,1,TIER_1_SPIKE,-1,NORMAL,-1,NORMAL,False
101,AWS-KOL-102,KOL,2025-03-22 00:00:00+00:00,unstructured_anomaly,29.986282814750687,1005.258531069329,59.98396821724069,24.0,1,TIER_1_SPIKE,-1,NORMAL,1,TIER_1_SPIKE,True
101,AWS-CHN-101,CHN,2025-03-22 06:00:00+00:00,unstructured_anomaly,19.402533562217855,1018.3629941773097,95.0,1.0,1,TIER_1_SPIKE,-1,NORMAL,1,TIER_1_SPIKE,True
101,AWS-DEL-102,DEL,2025-03-22 17:00:00+00:00,frozen_value,28.7,985.7,19.055750576322072,1.0,3,TIER_3_STATIC_MAHALANOBIS,-1,NORMAL,-1,NORMAL,False
101,AWS-KOL-015,KOL,2025-03-22 17:00:00+00:00,frozen_value,24.5,1011.0,72.05575057632207,33.0,1,TIER_1_SPIKE,-1,NORMAL,-1,NORMAL,False
101,AWS-KOL-015,KOL,2025-03-22 18:00:00+00:00,frozen_value,24.1,1012.8,72.12439269992322,34.0,1,TIER_1_SPIKE,-1,NORMAL,-1,NORMAL,False
101,AWS-KOL-015,KOL,2025-03-22 19:00:00+00:00,frozen_value,23.5,1013.6,72.05009032643703,35.0,1,TIER_1_SPIKE,-1,NORMAL,-1,NORMAL,False
101,AWS-KOL-015,KOL,2025-03-22 20:00:00+00:00,frozen_value,22.9,1013.8,72.00134709293526,36.0,1,TIER_1_SPIKE,-1,NORMAL,-1,NORMAL,False
101,AWS-CHN-024,CHN,2025-03-22 23:00:00+00:00,drift,28.0,1012.5,92.11730501889146,1.0,3,TIER_3_STATIC_MAHALANOBIS,-1,NORMAL,-1,NORMAL,False
101,AWS-CHN-102,CHN,2025-03-23 03:00:00+00:00,drift,26.6,1008.9,100.0,1.0,3,TIER_3_STATIC_MAHALANOBIS,-1,NORMAL,1,TIER_1_SPIKE,True
101,AWS-CHN-102,CHN,2025-03-23 04:00:00+00:00,drift,26.4,1009.0,100.0,2.0,3,TIER_3_STATIC_MAHALANOBIS,-1,NORMAL,1,TIER_1_SPIKE,True
101,AWS-CHN-024,CHN,2025-03-23 04:00:00+00:00,drift,27.1,1010.1,98.19062065569861,1.0,3,TIER_3_STATIC_MAHALANOBIS,-1,NORMAL,2,TIER_2_ROC_CUSUM,True
101,AWS-KOL-101,KOL,2025-03-23 06:00:00+00:00,frozen_value,19.557691931920452,1015.0,90.0,18.0,1,TIER_1_SPIKE,-1,NORMAL,-1,NORMAL,False
101,AWS-BHO-102,BHO,2025-03-23 21:00:00+00:00,multivariate_inconsistency,31.661138840653003,966.0154326564244,25.71689757986757,1.0,3,TIER_3_STATIC_MAHALANOBIS,-1,NORMAL,-1,NORMAL,False
101,AWS-BHO-101,BHO,2025-03-24 09:00:00+00:00,frozen_value,29.9,961.5,38.0,1.0,3,TIER_3_STATIC_MAHALANOBIS,-1,NORMAL,-1,NORMAL,False
101,AWS-CHN-101,CHN,2025-03-24 20:00:00+00:00,unstructured_anomaly,21.636006917786066,1018.850118163118,95.0,17.0,1,TIER_1_SPIKE,-1,NORMAL,1,TIER_1_SPIKE,True
101,AWS-DEL-011,DEL,2025-03-25 03:00:00+00:00,frozen_value,21.8,985.5,43.0,1.0,3,TIER_3_STATIC_MAHALANOBIS,-1,NORMAL,1,TIER_1_SPIKE,True
101,AWS-KOL-101,KOL,2025-03-25 03:00:00+00:00,frozen_value,19.4,1009.6,80.0,8.0,1,TIER_1_SPIKE,-1,NORMAL,1,TIER_1_SPIKE,True
101,AWS-DEL-011,DEL,2025-03-25 04:00:00+00:00,frozen_value,21.2,985.3,43.0,1.0,3,TIER_3_STATIC_MAHALANOBIS,-1,NORMAL,1,TIER_1_SPIKE,True
101,AWS-KOL-101,KOL,2025-03-25 04:00:00+00:00,frozen_value,19.0,1009.7,80.0,9.0,1,TIER_1_SPIKE,-1,NORMAL,1,TIER_1_SPIKE,True
101,AWS-DEL-011,DEL,2025-03-25 05:00:00+00:00,frozen_value,20.9,985.2,43.0,1.0,3,TIER_3_STATIC_MAHALANOBIS,-1,NORMAL,1,TIER_1_SPIKE,True
101,AWS-KOL-101,KOL,2025-03-25 05:00:00+00:00,frozen_value,18.9,1009.8,80.0,10.0,1,TIER_1_SPIKE,-1,NORMAL,1,TIER_1_SPIKE,True
101,AWS-DEL-011,DEL,2025-03-25 06:00:00+00:00,frozen_value,21.0,986.1,43.0,1.0,3,TIER_3_STATIC_MAHALANOBIS,-1,NORMAL,1,TIER_1_SPIKE,True
101,AWS-BHO-103,BHO,2025-03-25 07:00:00+00:00,frozen_value,21.9,962.3,29.0,1.0,3,TIER_3_STATIC_MAHALANOBIS,-1,NORMAL,-1,NORMAL,False
101,AWS-RAN-067,RAN,2025-03-25 07:00:00+00:00,frozen_value,22.7,940.9,56.0,1.0,3,TIER_3_STATIC_MAHALANOBIS,-1,NORMAL,-1,NORMAL,False
101,AWS-RAN-101,RAN,2025-03-25 07:00:00+00:00,frozen_value,23.0,941.5,56.0,1.0,3,TIER_3_STATIC_MAHALANOBIS,-1,NORMAL,-1,NORMAL,False
101,AWS-BHO-030,BHO,2025-03-25 08:00:00+00:00,drift,25.7,957.8,27.0,1.0,3,TIER_3_STATIC_MAHALANOBIS,-1,NORMAL,-1,NORMAL,False
101,AWS-DEL-101,DEL,2025-03-25 08:00:00+00:00,frozen_value,24.0,989.0,58.0,1.0,3,TIER_3_STATIC_MAHALANOBIS,-1,NORMAL,-1,NORMAL,False
101,AWS-BHO-102,BHO,2025-03-25 09:00:00+00:00,drift,30.251244450643988,965.7,22.0,1.0,3,TIER_3_STATIC_MAHALANOBIS,-1,NORMAL,-1,NORMAL,False
101,AWS-MUM-102,MUM,2025-03-25 16:00:00+00:00,drift,34.7,1004.3,32.602053733902935,8.0,1,TIER_1_SPIKE,-1,NORMAL,-1,NORMAL,False
101,AWS-RAN-102,RAN,2025-03-25 17:00:00+00:00,drift,29.6,967.9,24.397054364474247,1.0,3,TIER_3_STATIC_MAHALANOBIS,-1,NORMAL,-1,NORMAL,False
101,AWS-DEL-102,DEL,2025-03-25 18:00:00+00:00,drift,31.2,981.2,21.15276180109924,1.0,3,TIER_3_STATIC_MAHALANOBIS,-1,NORMAL,-1,NORMAL,False
101,AWS-DEL-103,DEL,2025-03-25 19:00:00+00:00,drift,28.6,982.9,28.867063738605793,1.0,3,TIER_3_STATIC_MAHALANOBIS,-1,NORMAL,-1,NORMAL,False
101,AWS-BHO-101,BHO,2025-03-25 20:00:00+00:00,drift,30.814391173892776,953.2,16.0,1.0,3,TIER_3_STATIC_MAHALANOBIS,-1,NORMAL,-1,NORMAL,False
101,AWS-BHO-102,BHO,2025-03-25 21:00:00+00:00,drift,31.26617785837185,960.9,18.0,1.0,3,TIER_3_STATIC_MAHALANOBIS,-1,NORMAL,-1,NORMAL,False
101,AWS-DEL-101,DEL,2025-03-25 23:00:00+00:00,drift,22.951965835748215,984.7,42.35227510826622,1.0,3,TIER_3_STATIC_MAHALANOBIS,-1,NORMAL,-1,NORMAL,False
101,AWS-KOL-015,KOL,2025-03-26 01:00:00+00:00,drift,23.856264143524427,1005.6,66.3692152964957,17.0,1,TIER_1_SPIKE,-1,NORMAL,-1,NORMAL,False
101,AWS-DEL-011,DEL,2025-03-26 02:00:00+00:00,drift,22.20803814115797,981.5,40.8354114452637,1.0,3,TIER_3_STATIC_MAHALANOBIS,-1,NORMAL,1,TIER_1_SPIKE,True
101,AWS-BHO-101,BHO,2025-03-26 07:00:00+00:00,drift,29.577583083294492,953.3,28.0,1.0,3,TIER_3_STATIC_MAHALANOBIS,-1,NORMAL,-1,NORMAL,False
101,AWS-KOL-015,KOL,2025-03-26 07:00:00+00:00,drift,23.768792430573285,1007.6,67.58552587835409,23.0,1,TIER_1_SPIKE,-1,NORMAL,-1,NORMAL,False
101,AWS-RAN-067,RAN,2025-03-26 07:00:00+00:00,drift,20.968242196598172,938.9,38.5930968087527,1.0,3,TIER_3_STATIC_MAHALANOBIS,-1,NORMAL,-1,NORMAL,False
101,AWS-RAN-101,RAN,2025-03-26 07:00:00+00:00,drift,21.46825049213547,939.3,38.59197384337736,1.0,3,TIER_3_STATIC_MAHALANOBIS,-1,NORMAL,-1,NORMAL,False
101,AWS-DEL-101,DEL,2025-03-26 08:00:00+00:00,drift,23.41965835748213,985.5,31.842187556955086,1.0,3,TIER_3_STATIC_MAHALANOBIS,-1,NORMAL,-1,NORMAL,False
101,AWS-VAR-103,VAR,2025-03-26 08:00:00+00:00,drift,23.819650463413268,998.4,35.846235197140906,24.0,3,TIER_3_STATIC_MAHALANOBIS,-1,NORMAL,-1,NORMAL,False
101,AWS-DEL-103,DEL,2025-03-26 10:00:00+00:00,drift,29.423766745392776,984.7,13.23633597807078,1.0,3,TIER_3_STATIC_MAHALANOBIS,-1,NORMAL,-1,NORMAL,False
101,AWS-RAN-102,RAN,2025-03-26 11:00:00+00:00,drift,28.375402216516292,970.5,10.38304069741077,1.0,3,TIER_3_STATIC_MAHALANOBIS,-1,NORMAL,-1,NORMAL,False
101,AWS-DEL-102,DEL,2025-03-26 11:00:00+00:00,drift,29.975755772517413,983.1,9.388020952099158,1.0,3,TIER_3_STATIC_MAHALANOBIS,-1,NORMAL,-1,NORMAL,False
101,AWS-RAN-102,RAN,2025-03-26 12:00:00+00:00,drift,28.727356233171395,969.4,9.496709874323303,1.0,3,TIER_3_STATIC_MAHALANOBIS,-1,NORMAL,2,TIER_2_ROC_CUSUM,True
101,AWS-RAN-102,RAN,2025-03-26 13:00:00+00:00,drift,28.779310249826494,968.2,7.577050575748212,1.0,3,TIER_3_STATIC_MAHALANOBIS,-1,NORMAL,2,TIER_2_ROC_CUSUM,True
101,AWS-RAN-102,RAN,2025-03-26 14:00:00+00:00,drift,28.831264266481593,967.2,5.62421523011559,1.0,3,TIER_3_STATIC_MAHALANOBIS,-1,NORMAL,2,TIER_2_ROC_CUSUM,True
101,AWS-KOL-102,KOL,2025-03-26 15:00:00+00:00,drift,29.98555653657285,1002.9,25.0,6.0,3,TIER_3_STATIC_MAHALANOBIS,-1,NORMAL,-1,NORMAL,False
101,AWS-DEL-102,DEL,2025-03-26 16:00:00+00:00,drift,30.03566183887026,979.3,13.0,1.0,3,TIER_3_STATIC_MAHALANOBIS,-1,NORMAL,-1,NORMAL,False
101,AWS-DEL-103,DEL,2025-03-26 17:00:00+00:00,drift,28.587630680205233,980.3,16.0,1.0,3,TIER_3_STATIC_MAHALANOBIS,-1,NORMAL,-1,NORMAL,False
101,AWS-CHN-101,CHN,2025-03-26 19:00:00+00:00,drift,20.59480619623934,1005.3,76.0,21.0,1,TIER_1_SPIKE,-1,NORMAL,1,TIER_1_SPIKE,True
101,AWS-DEL-011,DEL,2025-03-26 21:00:00+00:00,drift,22.196219311658318,982.8,24.0,1.0,3,TIER_3_STATIC_MAHALANOBIS,-1,NORMAL,1,TIER_1_SPIKE,True
101,AWS-BHO-103,BHO,2025-03-27 07:00:00+00:00,frozen_value,23.9,956.8904581997125,33.0,1.0,3,TIER_3_STATIC_MAHALANOBIS,-1,NORMAL,-1,NORMAL,False
101,AWS-BHO-101,BHO,2025-03-27 08:00:00+00:00,frozen_value,29.6,951.3257642229815,25.0,1.0,3,TIER_3_STATIC_MAHALANOBIS,-1,NORMAL,-1,NORMAL,False
101,AWS-BHO-102,BHO,2025-03-27 09:00:00+00:00,frozen_value,32.2,958.1531199518971,19.0,1.0,3,TIER_3_STATIC_MAHALANOBIS,-1,NORMAL,-1,NORMAL,False
101,AWS-BHO-103,BHO,2025-03-28 02:00:00+00:00,frozen_value,24.3,957.2,30.0,1.0,3,TIER_3_STATIC_MAHALANOBIS,-1,NORMAL,2,TIER_2_ROC_CUSUM,True
101,AWS-BHO-103,BHO,2025-03-28 03:00:00+00:00,frozen_value,24.4,957.3,29.982339152258906,1.0,3,TIER_3_STATIC_MAHALANOBIS,-1,NORMAL,2,TIER_2_ROC_CUSUM,True
101,AWS-BHO-103,BHO,2025-03-28 04:00:00+00:00,frozen_value,24.3,957.7,29.96545085329284,1.0,3,TIER_3_STATIC_MAHALANOBIS,-1,NORMAL,2,TIER_2_ROC_CUSUM,True
101,AWS-DEL-011,DEL,2025-03-28 05:00:00+00:00,frozen_value,22.0,983.3,44.065085526457494,1.0,3,TIER_3_STATIC_MAHALANOBIS,-1,NORMAL,1,TIER_1_SPIKE,True
101,AWS-RAN-103,RAN,2025-03-28 05:00:00+00:00,frozen_value,25.3,970.3,30.065085526457494,1.0,3,TIER_3_STATIC_MAHALANOBIS,-1,NORMAL,-1,NORMAL,False
101,AWS-DEL-101,DEL,2025-03-28 05:00:00+00:00,frozen_value,22.7,984.3,38.065085526457494,1.0,3,TIER_3_STATIC_MAHALANOBIS,-1,NORMAL,-1,NORMAL,False
101,AWS-BHO-103,BHO,2025-03-28 05:00:00+00:00,frozen_value,23.8,958.5,30.065085526457494,1.0,3,TIER_3_STATIC_MAHALANOBIS,-1,NORMAL,-1,NORMAL,False
101,AWS-KOL-015,KOL,2025-03-28 05:00:00+00:00,frozen_value,25.2,1002.8,64.0650855264575,24.0,1,TIER_1_SPIKE,-1,NORMAL,-1,NORMAL,False
101,AWS-RAN-101,RAN,2025-03-28 05:00:00+00:00,frozen_value,23.4,935.5,30.065085526457494,1.0,3,TIER_3_STATIC_MAHALANOBIS,-1,NORMAL,-1,NORMAL,False
101,AWS-BHO-103,BHO,2025-03-28 06:00:00+00:00,frozen_value,24.1,959.4,30.03489178003401,1.0,3,TIER_3_STATIC_MAHALANOBIS,-1,NORMAL,2,TIER_2_ROC_CUSUM,True
101,AWS-DEL-101,DEL,2025-03-28 06:00:00+00:00,frozen_value,22.2,985.5,38.03489178003401,1.0,3,TIER_3_STATIC_MAHALANOBIS,-1,NORMAL,2,TIER_2_ROC_CUSUM,True
101,AWS-RAN-101,RAN,2025-03-28 06:00:00+00:00,frozen_value,23.4,936.2,30.03489178003401,1.0,3,TIER_3_STATIC_MAHALANOBIS,-1,NORMAL,2,TIER_2_ROC_CUSUM,True
101,AWS-RAN-103,RAN,2025-03-28 06:00:00+00:00,frozen_value,25.0,971.1,30.03489178003401,1.0,3,TIER_3_STATIC_MAHALANOBIS,-1,NORMAL,2,TIER_2_ROC_CUSUM,True
101,AWS-DEL-011,DEL,2025-03-28 06:00:00+00:00,frozen_value,21.8,984.3,44.03489178003401,1.0,3,TIER_3_STATIC_MAHALANOBIS,-1,NORMAL,1,TIER_1_SPIKE,True
101,AWS-DEL-102,DEL,2025-03-28 12:00:00+00:00,frozen_value,29.5,985.4,17.0,1.0,3,TIER_3_STATIC_MAHALANOBIS,-1,NORMAL,-1,NORMAL,False
101,AWS-DEL-102,DEL,2025-03-28 13:00:00+00:00,frozen_value,29.5,984.7,14.0,1.0,3,TIER_3_STATIC_MAHALANOBIS,-1,NORMAL,2,TIER_2_ROC_CUSUM,True
101,AWS-DEL-102,DEL,2025-03-28 14:00:00+00:00,frozen_value,29.5,983.6,15.0,1.0,3,TIER_3_STATIC_MAHALANOBIS,-1,NORMAL,2,TIER_2_ROC_CUSUM,True
101,AWS-DEL-102,DEL,2025-03-28 15:00:00+00:00,frozen_value,29.5,982.7,15.0,1.0,3,TIER_3_STATIC_MAHALANOBIS,-1,NORMAL,2,TIER_2_ROC_CUSUM,True
101,AWS-DEL-102,DEL,2025-03-28 16:00:00+00:00,frozen_value,29.5,982.6,16.0,1.0,3,TIER_3_STATIC_MAHALANOBIS,-1,NORMAL,-1,NORMAL,False
101,AWS-BHO-102,BHO,2025-03-28 17:00:00+00:00,frozen_value,35.7,959.7,15.0,1.0,3,TIER_3_STATIC_MAHALANOBIS,-1,NORMAL,-1,NORMAL,False
101,AWS-BHO-102,BHO,2025-03-28 18:00:00+00:00,frozen_value,35.7,960.0,17.0,1.0,3,TIER_3_STATIC_MAHALANOBIS,-1,NORMAL,-1,NORMAL,False
101,AWS-DEL-103,DEL,2025-03-28 19:00:00+00:00,drift,26.0,984.4,21.0,1.0,3,TIER_3_STATIC_MAHALANOBIS,-1,NORMAL,-1,NORMAL,False
101,AWS-BHO-101,BHO,2025-03-28 20:00:00+00:00,drift,27.873711062042254,954.1,18.0,1.0,3,TIER_3_STATIC_MAHALANOBIS,-1,NORMAL,-1,NORMAL,False
101,AWS-BHO-030,BHO,2025-03-28 21:00:00+00:00,drift,27.747468981673027,954.9,18.0,1.0,3,TIER_3_STATIC_MAHALANOBIS,-1,NORMAL,-1,NORMAL,False
101,AWS-RAN-101,RAN,2025-03-28 22:00:00+00:00,drift,24.621371078976292,937.2,33.0,1.0,3,TIER_3_STATIC_MAHALANOBIS,-1,NORMAL,-1,NORMAL,False
101,AWS-BHO-103,BHO,2025-03-28 22:00:00+00:00,drift,25.421065639520265,960.6,18.0,1.0,3,TIER_3_STATIC_MAHALANOBIS,-1,NORMAL,-1,NORMAL,False
101,AWS-RAN-103,RAN,2025-03-29 03:00:00+00:00,drift,23.38985935756765,969.9,36.0,1.0,3,TIER_3_STATIC_MAHALANOBIS,-1,NORMAL,1,TIER_1_SPIKE,True
101,AWS-CHN-101,CHN,2025-03-29 03:00:00+00:00,drift,21.591219717669937,1003.7,97.0,5.0,1,TIER_1_SPIKE,-1,NORMAL,1,TIER_1_SPIKE,True
101,AWS-RAN-067,RAN,2025-03-29 03:00:00+00:00,drift,20.49033542103981,935.0,41.0,1.0,3,TIER_3_STATIC_MAHALANOBIS,-1,NORMAL,1,TIER_1_SPIKE,True
101,AWS-KOL-101,KOL,2025-03-29 04:00:00+00:00,drift,20.8640656175331,1003.5,90.0,6.0,1,TIER_1_SPIKE,-1,NORMAL,1,TIER_1_SPIKE,True
101,AWS-CHN-101,CHN,2025-03-29 06:00:00+00:00,drift,21.412927111796165,1005.1,96.0,8.0,1,TIER_1_SPIKE,-1,NORMAL,1,TIER_1_SPIKE,True
101,AWS-RAN-103,RAN,2025-03-29 07:00:00+00:00,drift,23.784789036351476,973.8,37.0,1.0,3,TIER_3_STATIC_MAHALANOBIS,-1,NORMAL,1,TIER_1_SPIKE,True
101,AWS-RAN-067,RAN,2025-03-29 07:00:00+00:00,drift,20.48550313155971,938.6,42.0,1.0,3,TIER_3_STATIC_MAHALANOBIS,-1,NORMAL,1,TIER_1_SPIKE,True
101,AWS-RAN-101,RAN,2025-03-29 08:00:00+00:00,drift,23.85927467556393,940.0,30.0,1.0,3,TIER_3_STATIC_MAHALANOBIS,-1,NORMAL,-1,NORMAL,False
101,AWS-RAN-102,RAN,2025-03-29 10:00:00+00:00,drift,26.805823829640914,971.4,22.0,1.0,3,TIER_3_STATIC_MAHALANOBIS,-1,NORMAL,-1,NORMAL,False
101,AWS-BHO-103,BHO,2025-03-29 11:00:00+00:00,drift,25.27901674410809,962.7,10.224657177630174,1.0,3,TIER_3_STATIC_MAHALANOBIS,-1,NORMAL,-1,NORMAL,False
101,AWS-VAR-103,VAR,2025-03-29 11:00:00+00:00,drift,26.179764324406523,999.0,15.0,13.0,3,TIER_3_STATIC_MAHALANOBIS,-1,NORMAL,-1,NORMAL,False
101,AWS-MUM-102,MUM,2025-03-29 11:00:00+00:00,drift,32.4813126050553,1006.3,17.0,16.0,1,TIER_1_SPIKE,-1,NORMAL,-1,NORMAL,False
101,AWS-BHO-030,BHO,2025-03-29 12:00:00+00:00,drift,26.35348634422074,956.5,7.870033173903256,1.0,3,TIER_3_STATIC_MAHALANOBIS,-1,NORMAL,-1,NORMAL,False
101,AWS-BHO-101,BHO,2025-03-29 12:00:00+00:00,drift,27.45308805471836,956.1,5.870785527754693,1.0,3,TIER_3_STATIC_MAHALANOBIS,-1,NORMAL,-1,NORMAL,False
101,AWS-BHO-101,BHO,2025-03-29 15:00:00+00:00,drift,28.07422124084513,953.3,4.8061782916320395,1.0,3,TIER_3_STATIC_MAHALANOBIS,-1,NORMAL,2,TIER_2_ROC_CUSUM,True
101,AWS-DEL-101,DEL,2025-03-29 15:00:00+00:00,drift,23.67480126474182,984.9,15.0,1.0,3,TIER_3_STATIC_MAHALANOBIS,-1,NORMAL,2,TIER_2_ROC_CUSUM,True
101,AWS-MUM-102,MUM,2025-03-29 15:00:00+00:00,drift,33.27664075631912,1002.4,17.0,20.0,1,TIER_1_SPIKE,-1,NORMAL,-1,NORMAL,False
101,AWS-RAN-102,RAN,2025-03-29 16:00:00+00:00,drift,26.348153361497282,967.3,14.0,1.0,3,TIER_3_STATIC_MAHALANOBIS,-1,NORMAL,-1,NORMAL,False
101,AWS-RAN-101,RAN,2025-03-29 17:00:00+00:00,drift,23.623387912492802,936.3,23.0,1.0,3,TIER_3_STATIC_MAHALANOBIS,-1,NORMAL,-1,NORMAL,False
101,AWS-BHO-103,BHO,2025-03-29 17:00:00+00:00,drift,24.621148023148624,958.5,13.094245790786385,1.0,3,TIER_3_STATIC_MAHALANOBIS,-1,NORMAL,-1,NORMAL,False
101,AWS-BHO-030,BHO,2025-03-29 17:00:00+00:00,drift,26.422158798403316,953.2,4.0950608188226365,1.0,3,TIER_3_STATIC_MAHALANOBIS,-1,NORMAL,-1,NORMAL,False
101,AWS-BHO-103,BHO,2025-03-30 20:00:00+00:00,drift,26.3,960.2,5.50739454998933,1.0,3,TIER_3_STATIC_MAHALANOBIS,-1,NORMAL,-1,NORMAL,False
101,AWS-BHO-101,BHO,2025-03-30 20:00:00+00:00,drift,28.1,954.5,0.5149750091130567,1.0,3,TIER_3_STATIC_MAHALANOBIS,-1,NORMAL,-1,NORMAL,False
101,AWS-BHO-103,BHO,2025-03-30 21:00:00+00:00,drift,26.0,960.8,3.1523259855153647,1.0,3,TIER_3_STATIC_MAHALANOBIS,-1,NORMAL,-1,NORMAL,False
101,AWS-BHO-030,BHO,2025-03-30 22:00:00+00:00,drift,27.5,955.9,1.80022115935504,1.0,3,TIER_3_STATIC_MAHALANOBIS,-1,NORMAL,-1,NORMAL,False
101,AWS-CHN-101,CHN,2025-03-31 04:00:00+00:00,drift,23.9,1006.4,80.6254599104754,3.0,1,TIER_1_SPIKE,-1,NORMAL,1,TIER_1_SPIKE,True
101,AWS-CHN-101,CHN,2025-03-31 05:00:00+00:00,drift,23.7,1006.8,81.26949164765963,4.0,1,TIER_1_SPIKE,-1,NORMAL,1,TIER_1_SPIKE,True
202,AWS-RAN-102,RAN,2025-03-06 00:00:00+00:00,unstructured_anomaly,21.01343024046041,965.3080228686451,62.12370821852953,1.0,3,TIER_3_STATIC_MAHALANOBIS,-1,NORMAL,-1,NORMAL,False
202,AWS-RAN-101,RAN,2025-03-06 00:00:00+00:00,unstructured_anomaly,22.11343024046041,933.0080228686452,48.12370821852953,1.0,3,TIER_3_STATIC_MAHALANOBIS,-1,NORMAL,-1,NORMAL,False
202,AWS-VAR-102,VAR,2025-03-06 06:00:00+00:00,unstructured_anomaly,20.583116327759512,994.9561980937646,44.574778130188534,1.0,3,TIER_3_STATIC_MAHALANOBIS,-1,NORMAL,-1,NORMAL,False
202,AWS-RAN-067,RAN,2025-03-06 06:00:00+00:00,unstructured_anomaly,19.783116327759515,932.2561980937646,33.574778130188534,1.0,3,TIER_3_STATIC_MAHALANOBIS,-1,NORMAL,-1,NORMAL,False
202,AWS-VAR-101,VAR,2025-03-06 06:00:00+00:00,unstructured_anomaly,20.983116327759515,994.9561980937646,44.574778130188534,1.0,3,TIER_3_STATIC_MAHALANOBIS,-1,NORMAL,-1,NORMAL,False
202,AWS-MUM-103,MUM,2025-03-06 17:00:00+00:00,unstructured_anomaly,28.220771545156005,1015.3349875123091,15.0,1.0,3,TIER_3_STATIC_MAHALANOBIS,-1,NORMAL,-1,NORMAL,False
202,AWS-CHN-024,CHN,2025-03-07 01:00:00+00:00,drift,24.9,1008.4,85.24917447915793,1.0,3,TIER_3_STATIC_MAHALANOBIS,-1,NORMAL,1,TIER_1_SPIKE,True
202,AWS-CHN-024,CHN,2025-03-07 02:00:00+00:00,drift,24.3,1008.2,84.77409192707373,1.0,3,TIER_3_STATIC_MAHALANOBIS,-1,NORMAL,1,TIER_1_SPIKE,True
202,AWS-VAR-103,VAR,2025-03-07 02:00:00+00:00,unstructured_anomaly,19.066492841409325,993.634420226736,47.583761611160696,1.0,3,TIER_3_STATIC_MAHALANOBIS,-1,NORMAL,-1,NORMAL,False
202,AWS-RAN-067,RAN,2025-03-07 02:00:00+00:00,unstructured_anomaly,20.066492841409325,931.3344202267359,31.583761611160693,1.0,3,TIER_3_STATIC_MAHALANOBIS,-1,NORMAL,-1,NORMAL,False
202,AWS-VAR-102,VAR,2025-03-07 02:00:00+00:00,unstructured_anomaly,19.266492841409324,994.534420226736,50.583761611160696,1.0,3,TIER_3_STATIC_MAHALANOBIS,-1,NORMAL,-1,NORMAL,False
202,AWS-VAR-101,VAR,2025-03-07 02:00:00+00:00,unstructured_anomaly,20.366492841409325,994.534420226736,48.583761611160696,1.0,3,TIER_3_STATIC_MAHALANOBIS,-1,NORMAL,-1,NORMAL,False
202,AWS-VAR-103,VAR,2025-03-07 04:00:00+00:00,unstructured_anomaly,18.939006571490808,991.1946522005666,50.08956587218751,1.0,3,TIER_3_STATIC_MAHALANOBIS,-1,NORMAL,2,TIER_2_ROC_CUSUM,True
202,AWS-RAN-067,RAN,2025-03-07 04:00:00+00:00,unstructured_anomaly,20.539006571490805,928.6946522005666,30.089565872187503,1.0,3,TIER_3_STATIC_MAHALANOBIS,-1,NORMAL,2,TIER_2_ROC_CUSUM,True
202,AWS-RAN-102,RAN,2025-03-07 04:00:00+00:00,unstructured_anomaly,19.139006571490807,961.5946522005665,45.08956587218751,1.0,3,TIER_3_STATIC_MAHALANOBIS,-1,NORMAL,-1,NORMAL,False
202,AWS-VAR-102,VAR,2025-03-07 04:00:00+00:00,unstructured_anomaly,19.939006571490808,992.1946522005666,47.08956587218751,1.0,3,TIER_3_STATIC_MAHALANOBIS,-1,NORMAL,2,TIER_2_ROC_CUSUM,True
202,AWS-RAN-101,RAN,2025-03-07 04:00:00+00:00,unstructured_anomaly,20.539006571490805,928.8946522005666,31.089565872187503,1.0,3,TIER_3_STATIC_MAHALANOBIS,-1,NORMAL,-1,NORMAL,False
202,AWS-MUM-007,MUM,2025-03-07 14:00:00+00:00,unstructured_anomaly,28.81532912002279,1015.8884835314113,38.0644644927996,1.0,3,TIER_3_STATIC_MAHALANOBIS,-1,NORMAL,-1,NORMAL,False
202,AWS-MUM-007,MUM,2025-03-07 15:00:00+00:00,unstructured_anomaly,29.180160997010084,1013.5917347914585,40.63101721988522,1.0,3,TIER_3_STATIC_MAHALANOBIS,-1,NORMAL,2,TIER_2_ROC_CUSUM,True
202,AWS-MUM-101,MUM,2025-03-07 18:00:00+00:00,unstructured_anomaly,25.52196621664033,1014.0008904770875,15.0,1.0,3,TIER_3_STATIC_MAHALANOBIS,-1,NORMAL,-1,NORMAL,False
202,AWS-MUM-103,MUM,2025-03-07 18:00:00+00:00,unstructured_anomaly,26.921966216640328,1013.3008904770875,15.0,1.0,3,TIER_3_STATIC_MAHALANOBIS,-1,NORMAL,-1,NORMAL,False
202,AWS-VAR-052,VAR,2025-03-07 21:00:00+00:00,frozen_value,21.7,1000.3,32.929017465508295,1.0,3,TIER_3_STATIC_MAHALANOBIS,-1,NORMAL,-1,NORMAL,False
202,AWS-MUM-007,MUM,2025-03-07 21:00:00+00:00,frozen_value,28.3,1009.4,44.929017465508295,1.0,3,TIER_3_STATIC_MAHALANOBIS,-1,NORMAL,1,TIER_1_SPIKE,True
202,AWS-BHO-103,BHO,2025-03-07 23:00:00+00:00,frozen_value,20.0,959.6,30.918457878180337,1.0,3,TIER_3_STATIC_MAHALANOBIS,-1,NORMAL,-1,NORMAL,False
202,AWS-BHO-101,BHO,2025-03-08 00:00:00+00:00,frozen_value,21.3,953.7,22.947220285392664,1.0,3,TIER_3_STATIC_MAHALANOBIS,-1,NORMAL,-1,NORMAL,False
202,AWS-BHO-030,BHO,2025-03-08 02:00:00+00:00,frozen_value,20.9,952.9,31.966846547631405,1.0,3,TIER_3_STATIC_MAHALANOBIS,-1,NORMAL,-1,NORMAL,False
202,AWS-DEL-011,DEL,2025-03-08 05:00:00+00:00,drift,14.6,983.0,62.0,1.0,3,TIER_3_STATIC_MAHALANOBIS,-1,NORMAL,-1,NORMAL,False
202,AWS-CHN-103,CHN,2025-03-08 05:00:00+00:00,drift,23.2,1003.7,94.0,1.0,3,TIER_3_STATIC_MAHALANOBIS,-1,NORMAL,-1,NORMAL,False
202,AWS-CHN-102,CHN,2025-03-08 05:00:00+00:00,drift,22.5,1006.6,99.0,1.0,3,TIER_3_STATIC_MAHALANOBIS,-1,NORMAL,-1,NORMAL,False
202,AWS-DEL-102,DEL,2025-03-08 05:00:00+00:00,drift,12.9,981.3,73.0,1.0,3,TIER_3_STATIC_MAHALANOBIS,-1,NORMAL,-1,NORMAL,False
202,AWS-DEL-103,DEL,2025-03-08 05:00:00+00:00,drift,14.0,982.5,63.0,1.0,3,TIER_3_STATIC_MAHALANOBIS,-1,NORMAL,-1,NORMAL,False
202,AWS-CHN-102,CHN,2025-03-08 06:00:00+00:00,drift,23.0,1007.0,98.05192663203236,1.0,3,TIER_3_STATIC_MAHALANOBIS,-1,NORMAL,-1,NORMAL,False
202,AWS-DEL-102,DEL,2025-03-08 06:00:00+00:00,drift,12.9,981.9,78.0515869468526,1.0,3,TIER_3_STATIC_MAHALANOBIS,-1,NORMAL,2,TIER_2_ROC_CUSUM,True
202,AWS-CHN-103,CHN,2025-03-08 06:00:00+00:00,drift,22.8,1004.1,98.05226365200343,1.0,3,TIER_3_STATIC_MAHALANOBIS,-1,NORMAL,2,TIER_2_ROC_CUSUM,True
202,AWS-DEL-011,DEL,2025-03-08 06:00:00+00:00,drift,14.7,983.6,66.05146972502897,1.0,3,TIER_3_STATIC_MAHALANOBIS,-1,NORMAL,2,TIER_2_ROC_CUSUM,True
202,AWS-CHN-101,CHN,2025-03-08 18:00:00+00:00,drift,27.9,1004.8,71.63354914899723,1.0,3,TIER_3_STATIC_MAHALANOBIS,-1,NORMAL,-1,NORMAL,False
202,AWS-VAR-102,VAR,2025-03-08 19:00:00+00:00,drift,21.6,999.3,57.273265174948676,1.0,3,TIER_3_STATIC_MAHALANOBIS,-1,NORMAL,-1,NORMAL,False
202,AWS-MUM-102,MUM,2025-03-08 19:00:00+00:00,drift,31.0,1005.2,36.28105016996234,1.0,3,TIER_3_STATIC_MAHALANOBIS,-1,NORMAL,-1,NORMAL,False
202,AWS-RAN-067,RAN,2025-03-08 19:00:00+00:00,drift,22.7,938.5,32.27675075061957,1.0,3,TIER_3_STATIC_MAHALANOBIS,-1,NORMAL,-1,NORMAL,False
202,AWS-RAN-101,RAN,2025-03-08 19:00:00+00:00,drift,21.7,938.6,37.27728901002619,1.0,3,TIER_3_STATIC_MAHALANOBIS,-1,NORMAL,-1,NORMAL,False
202,AWS-RAN-101,RAN,2025-03-08 20:00:00+00:00,drift,21.5,939.5,37.95916316118141,1.0,3,TIER_3_STATIC_MAHALANOBIS,-1,NORMAL,-1,NORMAL,False
202,AWS-VAR-103,VAR,2025-03-08 20:00:00+00:00,drift,21.3,999.0,48.95556817930781,1.0,3,TIER_3_STATIC_MAHALANOBIS,-1,NORMAL,-1,NORMAL,False
202,AWS-RAN-102,RAN,2025-03-08 20:00:00+00:00,drift,20.6,970.5,44.959439027517405,1.0,3,TIER_3_STATIC_MAHALANOBIS,-1,NORMAL,-1,NORMAL,False
202,AWS-DEL-101,DEL,2025-03-08 21:00:00+00:00,drift,20.8,986.5,52.675985487892255,1.0,3,TIER_3_STATIC_MAHALANOBIS,-1,NORMAL,-1,NORMAL,False
202,AWS-RAN-102,RAN,2025-03-08 21:00:00+00:00,drift,20.2,971.3,46.67693387784939,1.0,3,TIER_3_STATIC_MAHALANOBIS,-1,NORMAL,-1,NORMAL,False
202,AWS-VAR-101,VAR,2025-03-08 21:00:00+00:00,drift,22.5,1000.9,42.67184682989262,1.0,3,TIER_3_STATIC_MAHALANOBIS,-1,NORMAL,-1,NORMAL,False
202,AWS-RAN-101,RAN,2025-03-08 21:00:00+00:00,drift,21.3,939.9,39.676639620424325,1.0,3,TIER_3_STATIC_MAHALANOBIS,-1,NORMAL,-1,NORMAL,False
202,AWS-RAN-103,RAN,2025-03-08 21:00:00+00:00,drift,20.1,975.3,43.67689535876407,1.0,3,TIER_3_STATIC_MAHALANOBIS,-1,NORMAL,-1,NORMAL,False
202,AWS-RAN-101,RAN,2025-03-08 22:00:00+00:00,drift,20.8,939.8,40.429182648518754,1.0,3,TIER_3_STATIC_MAHALANOBIS,-1,NORMAL,-1,NORMAL,False
202,AWS-CHN-103,CHN,2025-03-08 22:00:00+00:00,drift,24.2,1004.5,93.4376980010256,1.0,3,TIER_3_STATIC_MAHALANOBIS,-1,NORMAL,-1,NORMAL,False
202,AWS-BHO-102,BHO,2025-03-08 23:00:00+00:00,drift,20.4,962.2,42.20418225917192,1.0,3,TIER_3_STATIC_MAHALANOBIS,-1,NORMAL,-1,NORMAL,False
202,AWS-RAN-103,RAN,2025-03-08 23:00:00+00:00,drift,19.4,975.2,46.2165840967697,1.0,3,TIER_3_STATIC_MAHALANOBIS,-1,NORMAL,-1,NORMAL,False
202,AWS-CHN-102,CHN,2025-03-09 00:00:00+00:00,drift,24.7,1007.1,100.0,1.0,3,TIER_3_STATIC_MAHALANOBIS,-1,NORMAL,-1,NORMAL,False
202,AWS-RAN-103,RAN,2025-03-09 00:00:00+00:00,drift,19.8,975.4,46.03782349573652,1.0,3,TIER_3_STATIC_MAHALANOBIS,-1,NORMAL,-1,NORMAL,False
202,AWS-CHN-103,CHN,2025-03-09 06:00:00+00:00,drift,23.6,1004.1,100.0,1.0,3,TIER_3_STATIC_MAHALANOBIS,-1,NORMAL,-1,NORMAL,False
202,AWS-KOL-015,KOL,2025-03-09 21:00:00+00:00,spike,26.6,1000.911979236751,65.0,61.0,3,TIER_3_STATIC_MAHALANOBIS,-1,NORMAL,-1,NORMAL,False
202,AWS-KOL-102,KOL,2025-03-09 21:00:00+00:00,spike,26.5,1001.2400298344032,63.0,72.0,3,TIER_3_STATIC_MAHALANOBIS,-1,NORMAL,-1,NORMAL,False
202,AWS-CHN-024,CHN,2025-03-09 21:00:00+00:00,frozen_value,28.0,1002.436290345096,63.0,23.0,3,TIER_3_STATIC_MAHALANOBIS,-1,NORMAL,1,TIER_1_SPIKE,True
202,AWS-RAN-102,RAN,2025-03-09 21:00:00+00:00,spike,21.5,963.6506172724942,42.0,1.0,3,TIER_3_STATIC_MAHALANOBIS,-1,NORMAL,-1,NORMAL,False
202,AWS-VAR-052,VAR,2025-03-09 22:00:00+00:00,spike,23.0,994.4587919312243,42.0,1.0,3,TIER_3_STATIC_MAHALANOBIS,-1,NORMAL,-1,NORMAL,False
202,AWS-CHN-024,CHN,2025-03-09 22:00:00+00:00,frozen_value,27.9,1002.636290345096,63.0,24.0,3,TIER_3_STATIC_MAHALANOBIS,-1,NORMAL,1,TIER_1_SPIKE,True
202,AWS-MUM-101,MUM,2025-03-09 22:00:00+00:00,frozen_value,28.3,1000.336290345096,41.0,1.0,3,TIER_3_STATIC_MAHALANOBIS,-1,NORMAL,-1,NORMAL,False
202,AWS-CHN-024,CHN,2025-03-09 23:00:00+00:00,frozen_value,27.5,1002.5362903450961,63.0,25.0,3,TIER_3_STATIC_MAHALANOBIS,-1,NORMAL,1,TIER_1_SPIKE,True
202,AWS-BHO-030,BHO,2025-03-09 23:00:00+00:00,spike,23.2,948.936290345096,29.0,1.0,3,TIER_3_STATIC_MAHALANOBIS,-1,NORMAL,-1,NORMAL,False
202,AWS-KOL-103,KOL,2025-03-09 23:00:00+00:00,spike,24.3,1000.9342007892237,77.0,4.0,1,TIER_1_SPIKE,-1,NORMAL,1,TIER_1_SPIKE,True
202,AWS-CHN-024,CHN,2025-03-10 00:00:00+00:00,frozen_value,27.0,1001.936290345096,63.0,26.0,3,TIER_3_STATIC_MAHALANOBIS,-1,NORMAL,1,TIER_1_SPIKE,True
202,AWS-BHO-103,BHO,2025-03-10 00:00:00+00:00,spike,20.2,954.0362903450961,33.0,1.0,3,TIER_3_STATIC_MAHALANOBIS,-1,NORMAL,-1,NORMAL,False
202,AWS-CHN-103,CHN,2025-03-10 00:00:00+00:00,spike,24.7,997.736290345096,79.0,1.0,3,TIER_3_STATIC_MAHALANOBIS,-1,NORMAL,-1,NORMAL,False
202,AWS-RAN-103,RAN,2025-03-10 00:00:00+00:00,spike,21.4,968.2403745844518,48.0,1.0,3,TIER_3_STATIC_MAHALANOBIS,-1,NORMAL,-1,NORMAL,False
202,AWS-BHO-103,BHO,2025-03-10 01:00:00+00:00,spike,19.9,953.636290345096,34.0,1.0,3,TIER_3_STATIC_MAHALANOBIS,-1,NORMAL,-1,NORMAL,False
202,AWS-BHO-101,BHO,2025-03-10 01:00:00+00:00,spike,22.7,947.836290345096,27.0,1.0,3,TIER_3_STATIC_MAHALANOBIS,-1,NORMAL,-1,NORMAL,False
202,AWS-CHN-103,CHN,2025-03-10 01:00:00+00:00,spike,24.3,997.236290345096,83.0,1.0,3,TIER_3_STATIC_MAHALANOBIS,-1,NORMAL,2,TIER_2_ROC_CUSUM,True
202,AWS-BHO-102,BHO,2025-03-10 01:00:00+00:00,spike,20.9,955.636290345096,32.0,1.0,3,TIER_3_STATIC_MAHALANOBIS,-1,NORMAL,-1,NORMAL,False
202,AWS-CHN-102,CHN,2025-03-10 01:00:00+00:00,spike,26.0,1000.336290345096,76.0,1.0,3,TIER_3_STATIC_MAHALANOBIS,-1,NORMAL,-1,NORMAL,False
202,AWS-CHN-103,CHN,2025-03-10 02:00:00+00:00,spike,24.2,996.5362903450961,85.0,1.0,3,TIER_3_STATIC_MAHALANOBIS,-1,NORMAL,2,TIER_2_ROC_CUSUM,True
202,AWS-CHN-024,CHN,2025-03-10 02:00:00+00:00,spike,26.4,1000.736290345096,69.0,28.0,3,TIER_3_STATIC_MAHALANOBIS,-1,NORMAL,1,TIER_1_SPIKE,True
202,AWS-CHN-102,CHN,2025-03-10 02:00:00+00:00,spike,25.6,999.636290345096,75.0,1.0,3,TIER_3_STATIC_MAHALANOBIS,-1,NORMAL,2,TIER_2_ROC_CUSUM,True
202,AWS-BHO-102,BHO,2025-03-10 02:00:00+00:00,spike,20.5,955.136290345096,33.0,1.0,3,TIER_3_STATIC_MAHALANOBIS,-1,NORMAL,2,TIER_2_ROC_CUSUM,True
202,AWS-BHO-101,BHO,2025-03-10 02:00:00+00:00,spike,22.2,947.336290345096,28.0,1.0,3,TIER_3_STATIC_MAHALANOBIS,-1,NORMAL,-1,NORMAL,False
202,AWS-BHO-103,BHO,2025-03-10 02:00:00+00:00,spike,19.7,953.336290345096,35.0,1.0,3,TIER_3_STATIC_MAHALANOBIS,-1,NORMAL,2,TIER_2_ROC_CUSUM,True
202,AWS-MUM-102,MUM,2025-03-10 20:00:00+00:00,drift,32.57650752336019,1006.1406876071524,43.0,1.0,3,TIER_3_STATIC_MAHALANOBIS,-1,NORMAL,-1,NORMAL,False
202,AWS-MUM-102,MUM,2025-03-10 21:00:00+00:00,drift,31.963842501982725,1006.5625682987117,46.0,1.0,3,TIER_3_STATIC_MAHALANOBIS,-1,NORMAL,-1,NORMAL,False
202,AWS-VAR-102,VAR,2025-03-10 21:00:00+00:00,drift,22.865289292862045,1001.3799867565045,63.0,1.0,3,TIER_3_STATIC_MAHALANOBIS,-1,NORMAL,-1,NORMAL,False
202,AWS-RAN-067,RAN,2025-03-10 22:00:00+00:00,drift,24.263860291131575,939.402908920302,56.0,1.0,3,TIER_3_STATIC_MAHALANOBIS,-1,NORMAL,-1,NORMAL,False
202,AWS-VAR-102,VAR,2025-03-10 22:00:00+00:00,drift,23.064731123636037,1000.8283189862133,63.0,1.0,3,TIER_3_STATIC_MAHALANOBIS,-1,NORMAL,-1,NORMAL,False
202,AWS-VAR-103,VAR,2025-03-10 22:00:00+00:00,drift,22.964980956482144,999.8735347103956,59.0,1.0,3,TIER_3_STATIC_MAHALANOBIS,-1,NORMAL,-1,NORMAL,False
202,AWS-KOL-015,KOL,2025-03-10 23:00:00+00:00,drift,28.47400086692154,1006.8008072712051,57.0,87.0,1,TIER_1_SPIKE,-1,NORMAL,-1,NORMAL,False
202,AWS-VAR-103,VAR,2025-03-10 23:00:00+00:00,drift,22.475949005720334,999.2253450727337,63.0,1.0,3,TIER_3_STATIC_MAHALANOBIS,-1,NORMAL,-1,NORMAL,False
202,AWS-VAR-102,VAR,2025-03-10 23:00:00+00:00,drift,22.775679954962992,1000.276651215922,65.0,1.0,3,TIER_3_STATIC_MAHALANOBIS,-1,NORMAL,-1,NORMAL,False
202,AWS-BHO-030,BHO,2025-03-11 00:00:00+00:00,drift,23.2,958.5,32.54911016824027,1.0,3,TIER_3_STATIC_MAHALANOBIS,-1,NORMAL,-1,NORMAL,False
202,AWS-KOL-015,KOL,2025-03-11 00:00:00+00:00,drift,27.995910214857762,1006.1151506477198,63.0,88.0,1,TIER_1_SPIKE,-1,NORMAL,-1,NORMAL,False
202,AWS-VAR-103,VAR,2025-03-11 00:00:00+00:00,drift,22.4979975064279,998.6771554350718,66.0,1.0,3,TIER_3_STATIC_MAHALANOBIS,-1,NORMAL,-1,NORMAL,False
202,AWS-VAR-102,VAR,2025-03-11 00:00:00+00:00,drift,22.19770923775932,999.9249834456307,69.0,1.0,3,TIER_3_STATIC_MAHALANOBIS,-1,NORMAL,-1,NORMAL,False
202,AWS-KOL-102,KOL,2025-03-11 00:00:00+00:00,drift,28.495875818131715,1006.4809353676458,60.0,99.0,1,TIER_1_SPIKE,-1,NORMAL,-1,NORMAL,False
202,AWS-KOL-102,KOL,2025-03-11 01:00:00+00:00,drift,28.628480510916336,1005.5929977254889,62.0,100.0,1,TIER_1_SPIKE,-1,NORMAL,-1,NORMAL,False
202,AWS-KOL-015,KOL,2025-03-11 01:00:00+00:00,drift,27.728517200757455,1005.3294940242345,67.0,89.0,1,TIER_1_SPIKE,-1,NORMAL,-1,NORMAL,False
202,AWS-BHO-103,BHO,2025-03-11 02:00:00+00:00,drift,19.7,962.8,38.6470702789288,1.0,3,TIER_3_STATIC_MAHALANOBIS,-1,NORMAL,2,TIER_2_ROC_CUSUM,True
202,AWS-KOL-015,KOL,2025-03-11 02:00:00+00:00,drift,27.37147575910118,1004.6438374007491,72.0,90.0,1,TIER_1_SPIKE,-1,NORMAL,2,TIER_2_ROC_CUSUM,True
202,AWS-BHO-101,BHO,2025-03-11 02:00:00+00:00,drift,22.9,956.8,28.64768277194567,1.0,3,TIER_3_STATIC_MAHALANOBIS,-1,NORMAL,-1,NORMAL,False
202,AWS-KOL-102,KOL,2025-03-11 02:00:00+00:00,drift,28.471436776144994,1004.9050600833319,67.0,101.0,1,TIER_1_SPIKE,-1,NORMAL,2,TIER_2_ROC_CUSUM,True
202,AWS-KOL-102,KOL,2025-03-11 03:00:00+00:00,drift,28.324429777672457,1004.3171224411749,71.0,102.0,1,TIER_1_SPIKE,-1,NORMAL,1,TIER_1_SPIKE,True
202,AWS-MUM-007,MUM,2025-03-11 03:00:00+00:00,drift,26.4,1008.8,44.19283006042376,1.0,3,TIER_3_STATIC_MAHALANOBIS,-1,NORMAL,1,TIER_1_SPIKE,True
202,AWS-BHO-101,BHO,2025-03-11 03:00:00+00:00,drift,22.4,956.4,29.196910362594227,1.0,3,TIER_3_STATIC_MAHALANOBIS,-1,NORMAL,2,TIER_2_ROC_CUSUM,True
202,AWS-KOL-015,KOL,2025-03-11 03:00:00+00:00,drift,27.224471053743713,1003.9581807772637,76.0,91.0,3,TIER_3_STATIC_MAHALANOBIS,-1,NORMAL,1,TIER_1_SPIKE,True
202,AWS-MUM-103,MUM,2025-03-11 03:00:00+00:00,drift,30.725309392202636,1006.5035020809925,44.777229585397464,1.0,3,TIER_3_STATIC_MAHALANOBIS,-1,NORMAL,-1,NORMAL,False
202,AWS-BHO-103,BHO,2025-03-11 03:00:00+00:00,drift,19.6,962.4,39.1960937052384,1.0,3,TIER_3_STATIC_MAHALANOBIS,-1,NORMAL,2,TIER_2_ROC_CUSUM,True
202,AWS-MUM-101,MUM,2025-03-11 04:00:00+00:00,drift,29.888148490733577,1006.424341193835,47.36868233850093,1.0,3,TIER_3_STATIC_MAHALANOBIS,-1,NORMAL,-1,NORMAL,False
202,AWS-BHO-101,BHO,2025-03-11 04:00:00+00:00,drift,21.8,956.5,29.746137953242783,1.0,3,TIER_3_STATIC_MAHALANOBIS,-1,NORMAL,1,TIER_1_SPIKE,True
202,AWS-KOL-015,KOL,2025-03-11 04:00:00+00:00,drift,27.287215053636686,1003.7725241537785,78.0,92.0,3,TIER_3_STATIC_MAHALANOBIS,-1,NORMAL,1,TIER_1_SPIKE,True
202,AWS-KOL-102,KOL,2025-03-11 04:00:00+00:00,drift,28.287171484450358,1004.029184799018,73.0,103.0,1,TIER_1_SPIKE,-1,NORMAL,1,TIER_1_SPIKE,True
202,AWS-MUM-007,MUM,2025-03-11 04:00:00+00:00,drift,26.0,1008.9,43.741037575529695,1.0,3,TIER_3_STATIC_MAHALANOBIS,-1,NORMAL,1,TIER_1_SPIKE,True
202,AWS-BHO-101,BHO,2025-03-11 05:00:00+00:00,drift,21.4,956.8,30.295365543891343,1.0,3,TIER_3_STATIC_MAHALANOBIS,-1,NORMAL,1,TIER_1_SPIKE,True
202,AWS-MUM-101,MUM,2025-03-11 05:00:00+00:00,drift,30.060425504162037,1006.4117313928076,46.96085292312617,1.0,3,TIER_3_STATIC_MAHALANOBIS,-1,NORMAL,2,TIER_2_ROC_CUSUM,True
202,AWS-MUM-007,MUM,2025-03-11 05:00:00+00:00,drift,25.6,1009.1,45.28924509063564,1.0,3,TIER_3_STATIC_MAHALANOBIS,-1,NORMAL,1,TIER_1_SPIKE,True
202,AWS-MUM-103,MUM,2025-03-11 05:00:00+00:00,drift,30.460374425973466,1006.0649029133895,42.96204930899577,1.0,3,TIER_3_STATIC_MAHALANOBIS,-1,NORMAL,2,TIER_2_ROC_CUSUM,True
202,AWS-KOL-015,KOL,2025-03-11 05:00:00+00:00,drift,27.459442938796883,1003.8868675302931,79.0,93.0,1,TIER_1_SPIKE,-1,NORMAL,1,TIER_1_SPIKE,True
202,AWS-VAR-103,VAR,2025-03-11 05:00:00+00:00,drift,21.562225994223738,995.8362072467625,75.0,1.0,3,TIER_3_STATIC_MAHALANOBIS,-1,NORMAL,-1,NORMAL,False
202,AWS-VAR-102,VAR,2025-03-11 05:00:00+00:00,drift,21.36184163599896,996.8666445941742,74.0,1.0,3,TIER_3_STATIC_MAHALANOBIS,-1,NORMAL,-1,NORMAL,False
202,AWS-KOL-102,KOL,2025-03-11 05:00:00+00:00,drift,28.35939707649549,1004.241247156861,75.0,104.0,1,TIER_1_SPIKE,-1,NORMAL,1,TIER_1_SPIKE,True
202,AWS-VAR-103,VAR,2025-03-11 06:00:00+00:00,drift,22.143832354578127,996.4880176091006,78.0,1.0,3,TIER_3_STATIC_MAHALANOBIS,-1,NORMAL,2,TIER_2_ROC_CUSUM,True
202,AWS-MUM-101,MUM,2025-03-11 06:00:00+00:00,drift,30.64194184001334,1007.0991215917801,44.553023507751405,1.0,3,TIER_3_STATIC_MAHALANOBIS,-1,NORMAL,1,TIER_1_SPIKE,True
202,AWS-MUM-103,MUM,2025-03-11 06:00:00+00:00,drift,31.041888207915346,1006.845603329588,42.55445917079493,1.0,3,TIER_3_STATIC_MAHALANOBIS,-1,NORMAL,2,TIER_2_ROC_CUSUM,True
202,AWS-BHO-101,BHO,2025-03-11 06:00:00+00:00,drift,21.1,957.8,33.8445931345399,1.0,3,TIER_3_STATIC_MAHALANOBIS,-1,NORMAL,1,TIER_1_SPIKE,True
202,AWS-MUM-102,MUM,2025-03-11 06:00:00+00:00,drift,30.8408968944033,1003.1594945227454,48.0,1.0,3,TIER_3_STATIC_MAHALANOBIS,-1,NORMAL,-1,NORMAL,False
202,AWS-MUM-007,MUM,2025-03-11 06:00:00+00:00,drift,25.7,1010.1,47.837452605741575,1.0,3,TIER_3_STATIC_MAHALANOBIS,-1,NORMAL,1,TIER_1_SPIKE,True
202,AWS-VAR-052,VAR,2025-03-11 07:00:00+00:00,drift,20.8,1005.7,59.38938073164953,1.0,3,TIER_3_STATIC_MAHALANOBIS,-1,NORMAL,-1,NORMAL,False
202,AWS-BHO-103,BHO,2025-03-11 07:00:00+00:00,drift,20.1,965.1,44.392187410476794,1.0,3,TIER_3_STATIC_MAHALANOBIS,-1,NORMAL,-1,NORMAL,False
202,AWS-BHO-030,BHO,2025-03-11 08:00:00+00:00,drift,24.0,960.9,33.94199151416239,1.0,3,TIER_3_STATIC_MAHALANOBIS,-1,NORMAL,-1,NORMAL,False
202,AWS-CHN-024,CHN,2025-03-11 16:00:00+00:00,drift,26.0,999.7455847104679,77.48689901378741,35.0,3,TIER_3_STATIC_MAHALANOBIS,-1,NORMAL,1,TIER_1_SPIKE,True
202,AWS-CHN-102,CHN,2025-03-11 16:00:00+00:00,drift,26.3,1000.6214780500678,81.0,31.0,1,TIER_1_SPIKE,-1,NORMAL,-1,NORMAL,False
202,AWS-CHN-102,CHN,2025-03-11 17:00:00+00:00,drift,26.1,1000.3415257291023,83.0,32.0,1,TIER_1_SPIKE,-1,NORMAL,-1,NORMAL,False
202,AWS-CHN-103,CHN,2025-03-11 17:00:00+00:00,drift,26.3,997.1762276173038,80.0,1.0,3,TIER_3_STATIC_MAHALANOBIS,-1,NORMAL,-1,NORMAL,False
202,AWS-CHN-024,CHN,2025-03-11 17:00:00+00:00,drift,26.2,999.4018938946766,76.07983020214913,36.0,3,TIER_3_STATIC_MAHALANOBIS,-1,NORMAL,1,TIER_1_SPIKE,True
202,AWS-RAN-102,RAN,2025-03-11 19:00:00+00:00,drift,23.6,960.7958524884618,44.0,1.0,3,TIER_3_STATIC_MAHALANOBIS,-1,NORMAL,-1,NORMAL,False
202,AWS-MUM-101,MUM,2025-03-11 19:00:00+00:00,drift,30.8,1002.4351941784226,41.25124110787944,1.0,3,TIER_3_STATIC_MAHALANOBIS,-1,NORMAL,-1,NORMAL,False
202,AWS-CHN-101,CHN,2025-03-11 19:00:00+00:00,drift,25.2,1001.0258222539443,94.0,1.0,3,TIER_3_STATIC_MAHALANOBIS,-1,NORMAL,-1,NORMAL,False
202,AWS-MUM-103,MUM,2025-03-11 19:00:00+00:00,drift,31.9,1001.9947087401686,35.255787374183946,1.0,3,TIER_3_STATIC_MAHALANOBIS,-1,NORMAL,-1,NORMAL,False
202,AWS-MUM-102,MUM,2025-03-11 19:00:00+00:00,drift,31.0,999.4439435130163,50.0,1.0,3,TIER_3_STATIC_MAHALANOBIS,-1,NORMAL,-1,NORMAL,False
202,AWS-MUM-102,MUM,2025-03-11 20:00:00+00:00,drift,30.4,1000.0658242045755,52.0,1.0,3,TIER_3_STATIC_MAHALANOBIS,-1,NORMAL,-1,NORMAL,False
202,AWS-CHN-101,CHN,2025-03-11 20:00:00+00:00,drift,25.1,1001.4471699672956,93.0,1.0,3,TIER_3_STATIC_MAHALANOBIS,-1,NORMAL,-1,NORMAL,False
202,AWS-MUM-101,MUM,2025-03-11 20:00:00+00:00,drift,30.2,1003.4225843773951,42.843411692504674,1.0,3,TIER_3_STATIC_MAHALANOBIS,-1,NORMAL,-1,NORMAL,False
202,AWS-MUM-103,MUM,2025-03-11 20:00:00+00:00,drift,31.4,1002.9754091563669,36.8481972359831,1.0,3,TIER_3_STATIC_MAHALANOBIS,-1,NORMAL,-1,NORMAL,False
202,AWS-CHN-101,CHN,2025-03-11 21:00:00+00:00,drift,24.8,1001.8685176806468,94.0,1.0,3,TIER_3_STATIC_MAHALANOBIS,-1,NORMAL,-1,NORMAL,False
202,AWS-RAN-067,RAN,2025-03-11 21:00:00+00:00,drift,22.7,930.2542093177595,39.0,1.0,3,TIER_3_STATIC_MAHALANOBIS,-1,NORMAL,-1,NORMAL,False
202,AWS-MUM-101,MUM,2025-03-11 21:00:00+00:00,drift,29.9,1003.9099745763677,41.43558227712991,1.0,3,TIER_3_STATIC_MAHALANOBIS,-1,NORMAL,-1,NORMAL,False
202,AWS-CHN-101,CHN,2025-03-11 22:00:00+00:00,drift,24.4,1001.4898653939981,95.0,1.0,3,TIER_3_STATIC_MAHALANOBIS,-1,NORMAL,-1,NORMAL,False
202,AWS-RAN-103,RAN,2025-03-11 22:00:00+00:00,drift,24.0,963.7591415416164,36.0,1.0,3,TIER_3_STATIC_MAHALANOBIS,-1,NORMAL,-1,NORMAL,False
202,AWS-RAN-067,RAN,2025-03-11 22:00:00+00:00,drift,22.4,929.639048465475,38.0,1.0,3,TIER_3_STATIC_MAHALANOBIS,-1,NORMAL,-1,NORMAL,False
202,AWS-RAN-067,RAN,2025-03-11 23:00:00+00:00,drift,21.8,928.5238876131906,39.0,1.0,3,TIER_3_STATIC_MAHALANOBIS,-1,NORMAL,-1,NORMAL,False
202,AWS-BHO-102,BHO,2025-03-11 23:00:00+00:00,drift,23.0,952.7281121279375,31.0,1.0,3,TIER_3_STATIC_MAHALANOBIS,-1,NORMAL,-1,NORMAL,False
202,AWS-CHN-101,CHN,2025-03-11 23:00:00+00:00,drift,24.4,1000.4112131073495,94.0,1.0,3,TIER_3_STATIC_MAHALANOBIS,-1,NORMAL,-1,NORMAL,False
202,AWS-KOL-103,KOL,2025-03-12 00:00:00+00:00,drift,24.7,994.054061559926,57.0,26.0,1,TIER_1_SPIKE,-1,NORMAL,1,TIER_1_SPIKE,True
202,AWS-CHN-101,CHN,2025-03-12 00:00:00+00:00,drift,23.9,999.5325608207007,96.0,1.0,3,TIER_3_STATIC_MAHALANOBIS,-1,NORMAL,-1,NORMAL,False
202,AWS-CHN-101,CHN,2025-03-12 01:00:00+00:00,drift,23.8,998.4539085340521,96.0,1.0,3,TIER_3_STATIC_MAHALANOBIS,-1,NORMAL,2,TIER_2_ROC_CUSUM,True
202,AWS-DEL-102,DEL,2025-03-12 02:00:00+00:00,unstructured_anomaly,13.28853859439607,991.0155086099426,69.77899725380817,1.0,3,TIER_3_STATIC_MAHALANOBIS,-1,NORMAL,-1,NORMAL,False
202,AWS-DEL-011,DEL,2025-03-12 02:00:00+00:00,unstructured_anomaly,16.188538594396068,992.7155086099426,51.77899725380817,1.0,3,TIER_3_STATIC_MAHALANOBIS,-1,NORMAL,-1,NORMAL,False
202,AWS-DEL-103,DEL,2025-03-12 02:00:00+00:00,unstructured_anomaly,14.988538594396069,992.3155086099425,58.77899725380817,1.0,3,TIER_3_STATIC_MAHALANOBIS,-1,NORMAL,-1,NORMAL,False
202,AWS-KOL-102,KOL,2025-03-12 04:00:00+00:00,unstructured_anomaly,29.524139121486574,1000.0451060541087,91.11736642145787,2.0,1,TIER_1_SPIKE,-1,NORMAL,1,TIER_1_SPIKE,True
202,AWS-KOL-015,KOL,2025-03-12 04:00:00+00:00,unstructured_anomaly,28.32413912148657,999.7451060541088,95.0,116.0,1,TIER_1_SPIKE,-1,NORMAL,1,TIER_1_SPIKE,True
202,AWS-KOL-102,KOL,2025-03-12 05:00:00+00:00,unstructured_anomaly,29.33735463181229,1000.2221821142246,92.82783954174869,3.0,1,TIER_1_SPIKE,-1,NORMAL,1,TIER_1_SPIKE,True
202,AWS-KOL-015,KOL,2025-03-12 05:00:00+00:00,unstructured_anomaly,28.137354631812286,999.8221821142246,95.0,117.0,1,TIER_1_SPIKE,-1,NORMAL,1,TIER_1_SPIKE,True
202,AWS-MUM-103,MUM,2025-03-12 09:00:00+00:00,drift,30.8,1010.3,25.54952543937212,1.0,3,TIER_3_STATIC_MAHALANOBIS,-1,NORMAL,-1,NORMAL,False
202,AWS-CHN-024,CHN,2025-03-12 17:00:00+00:00,drift,28.1,1007.6,61.31017872283024,14.0,1,TIER_1_SPIKE,-1,NORMAL,1,TIER_1_SPIKE,True
202,AWS-MUM-101,MUM,2025-03-12 19:00:00+00:00,drift,30.3,1007.2,34.46333513888505,1.0,3,TIER_3_STATIC_MAHALANOBIS,-1,NORMAL,-1,NORMAL,False
202,AWS-MUM-103,MUM,2025-03-12 19:00:00+00:00,drift,32.0,1006.8,23.47362405736367,1.0,3,TIER_3_STATIC_MAHALANOBIS,-1,NORMAL,-1,NORMAL,False
202,AWS-RAN-067,RAN,2025-03-13 00:00:00+00:00,drift,21.9,937.4,32.0,1.0,3,TIER_3_STATIC_MAHALANOBIS,-1,NORMAL,-1,NORMAL,False
202,AWS-CHN-102,CHN,2025-03-13 00:00:00+00:00,drift,24.7,1008.5,96.0,7.0,1,TIER_1_SPIKE,-1,NORMAL,-1,NORMAL,False
202,AWS-CHN-103,CHN,2025-03-13 00:00:00+00:00,drift,24.2,1005.4,94.0,1.0,3,TIER_3_STATIC_MAHALANOBIS,-1,NORMAL,-1,NORMAL,False
202,AWS-BHO-102,BHO,2025-03-13 00:00:00+00:00,drift,22.3,960.9,31.0,1.0,3,TIER_3_STATIC_MAHALANOBIS,-1,NORMAL,-1,NORMAL,False
202,AWS-VAR-102,VAR,2025-03-13 00:00:00+00:00,drift,22.9,997.3,50.0,1.0,3,TIER_3_STATIC_MAHALANOBIS,-1,NORMAL,-1,NORMAL,False
202,AWS-VAR-101,VAR,2025-03-13 00:00:00+00:00,drift,24.5,997.2,44.0,1.0,3,TIER_3_STATIC_MAHALANOBIS,-1,NORMAL,-1,NORMAL,False
202,AWS-VAR-103,VAR,2025-03-13 01:00:00+00:00,drift,22.1,996.1,54.968086135159176,1.0,3,TIER_3_STATIC_MAHALANOBIS,-1,NORMAL,1,TIER_1_SPIKE,True
202,AWS-BHO-102,BHO,2025-03-13 01:00:00+00:00,drift,22.3,960.2,29.968548443121342,1.0,3,TIER_3_STATIC_MAHALANOBIS,-1,NORMAL,-1,NORMAL,False
202,AWS-RAN-067,RAN,2025-03-13 01:00:00+00:00,drift,22.0,936.7,30.967903538764634,1.0,3,TIER_3_STATIC_MAHALANOBIS,-1,NORMAL,-1,NORMAL,False
202,AWS-CHN-101,CHN,2025-03-13 01:00:00+00:00,drift,23.5,1007.8,98.96770485333182,1.0,3,TIER_3_STATIC_MAHALANOBIS,-1,NORMAL,2,TIER_2_ROC_CUSUM,True
202,AWS-CHN-102,CHN,2025-03-13 01:00:00+00:00,drift,24.3,1007.7,98.96769192450277,8.0,1,TIER_1_SPIKE,-1,NORMAL,2,TIER_2_ROC_CUSUM,True
202,AWS-CHN-103,CHN,2025-03-13 01:00:00+00:00,drift,23.8,1004.6,95.9673551132798,1.0,3,TIER_3_STATIC_MAHALANOBIS,-1,NORMAL,2,TIER_2_ROC_CUSUM,True
202,AWS-VAR-103,VAR,2025-03-13 02:00:00+00:00,drift,21.5,995.8,56.893547496997556,1.0,3,TIER_3_STATIC_MAHALANOBIS,-1,NORMAL,1,TIER_1_SPIKE,True
202,AWS-CHN-102,CHN,2025-03-13 02:00:00+00:00,drift,23.9,1007.1,99.89275907568475,9.0,1,TIER_1_SPIKE,-1,NORMAL,1,TIER_1_SPIKE,True
202,AWS-RAN-101,RAN,2025-03-13 02:00:00+00:00,drift,20.7,936.3,34.89312223798652,1.0,3,TIER_3_STATIC_MAHALANOBIS,-1,NORMAL,-1,NORMAL,False
202,AWS-RAN-067,RAN,2025-03-13 02:00:00+00:00,drift,21.5,936.1,31.893182304208484,1.0,3,TIER_3_STATIC_MAHALANOBIS,-1,NORMAL,2,TIER_2_ROC_CUSUM,True
202,AWS-CHN-101,CHN,2025-03-13 02:00:00+00:00,drift,23.3,1007.4,98.89278493334287,1.0,3,TIER_3_STATIC_MAHALANOBIS,-1,NORMAL,2,TIER_2_ROC_CUSUM,True
202,AWS-CHN-103,CHN,2025-03-13 02:00:00+00:00,drift,23.6,1004.1,95.8920854532388,1.0,3,TIER_3_STATIC_MAHALANOBIS,-1,NORMAL,2,TIER_2_ROC_CUSUM,True
202,AWS-RAN-101,RAN,2025-03-13 03:00:00+00:00,drift,20.2,936.1,36.78299914793388,1.0,3,TIER_3_STATIC_MAHALANOBIS,-1,NORMAL,2,TIER_2_ROC_CUSUM,True
202,AWS-CHN-103,CHN,2025-03-13 03:00:00+00:00,drift,23.3,1004.0,96.78144397081232,1.0,3,TIER_3_STATIC_MAHALANOBIS,-1,NORMAL,1,TIER_1_SPIKE,True
202,AWS-CHN-101,CHN,2025-03-13 03:00:00+00:00,drift,23.3,1007.2,98.78249319096841,1.0,3,TIER_3_STATIC_MAHALANOBIS,-1,NORMAL,2,TIER_2_ROC_CUSUM,True
202,AWS-CHN-102,CHN,2025-03-13 03:00:00+00:00,drift,23.7,1007.0,99.78245440448123,10.0,1,TIER_1_SPIKE,-1,NORMAL,1,TIER_1_SPIKE,True
202,AWS-VAR-103,VAR,2025-03-13 03:00:00+00:00,drift,21.1,995.6,56.78363703645044,1.0,3,TIER_3_STATIC_MAHALANOBIS,-1,NORMAL,1,TIER_1_SPIKE,True
202,AWS-RAN-067,RAN,2025-03-13 03:00:00+00:00,drift,21.7,935.9,32.78308924726683,1.0,3,TIER_3_STATIC_MAHALANOBIS,-1,NORMAL,2,TIER_2_ROC_CUSUM,True
202,AWS-BHO-030,BHO,2025-03-13 04:00:00+00:00,drift,24.5,947.9809157015978,26.0,1.0,3,TIER_3_STATIC_MAHALANOBIS,-1,NORMAL,-1,NORMAL,False
202,AWS-BHO-103,BHO,2025-03-13 04:00:00+00:00,drift,20.6,952.6988226992547,30.0,1.0,3,TIER_3_STATIC_MAHALANOBIS,-1,NORMAL,-1,NORMAL,False
202,AWS-CHN-103,CHN,2025-03-13 05:00:00+00:00,drift,22.8,1004.5089753693625,99.46587384692559,1.0,3,TIER_3_STATIC_MAHALANOBIS,-1,NORMAL,1,TIER_1_SPIKE,True
202,AWS-CHN-102,CHN,2025-03-13 05:00:00+00:00,drift,23.3,1007.408818222241,99.46755790304044,12.0,1,TIER_1_SPIKE,-1,NORMAL,1,TIER_1_SPIKE,True
202,AWS-RAN-101,RAN,2025-03-13 05:00:00+00:00,drift,19.6,936.7102201619658,38.46846580879486,1.0,3,TIER_3_STATIC_MAHALANOBIS,-1,NORMAL,1,TIER_1_SPIKE,True
202,AWS-BHO-030,BHO,2025-03-13 05:00:00+00:00,drift,23.9,948.1801205224979,26.0,1.0,3,TIER_3_STATIC_MAHALANOBIS,-1,NORMAL,2,TIER_2_ROC_CUSUM,True
202,AWS-BHO-101,BHO,2025-03-13 05:00:00+00:00,drift,23.6,947.9538042861282,25.0,1.0,3,TIER_3_STATIC_MAHALANOBIS,-1,NORMAL,2,TIER_2_ROC_CUSUM,True
202,AWS-CHN-101,CHN,2025-03-13 05:00:00+00:00,drift,22.9,1007.7087691678025,99.46762254718573,1.0,3,TIER_3_STATIC_MAHALANOBIS,-1,NORMAL,-1,NORMAL,False
202,AWS-BHO-103,BHO,2025-03-13 06:00:00+00:00,drift,20.1,953.6820579241926,37.0,1.0,3,TIER_3_STATIC_MAHALANOBIS,-1,NORMAL,2,TIER_2_ROC_CUSUM,True
202,AWS-BHO-030,BHO,2025-03-13 06:00:00+00:00,drift,23.6,948.8793253433978,30.0,1.0,3,TIER_3_STATIC_MAHALANOBIS,-1,NORMAL,1,TIER_1_SPIKE,True
202,AWS-BHO-101,BHO,2025-03-13 07:00:00+00:00,drift,23.6,949.1501086290185,30.0,1.0,3,TIER_3_STATIC_MAHALANOBIS,-1,NORMAL,2,TIER_2_ROC_CUSUM,True
202,AWS-RAN-102,RAN,2025-03-13 07:00:00+00:00,drift,22.3,970.5755286691515,47.0393052071601,1.0,3,TIER_3_STATIC_MAHALANOBIS,-1,NORMAL,-1,NORMAL,False
202,AWS-MUM-007,MUM,2025-03-13 07:00:00+00:00,drift,25.4,1004.2215242630946,72.0,48.0,3,TIER_3_STATIC_MAHALANOBIS,-1,NORMAL,-1,NORMAL,False
202,AWS-BHO-102,BHO,2025-03-13 07:00:00+00:00,drift,22.3,961.9620658171825,33.04419972535884,1.0,3,TIER_3_STATIC_MAHALANOBIS,-1,NORMAL,-1,NORMAL,False
202,AWS-VAR-102,VAR,2025-03-13 07:00:00+00:00,drift,22.6,999.3775796522688,61.04137484403535,1.0,3,TIER_3_STATIC_MAHALANOBIS,-1,NORMAL,-1,NORMAL,False
202,AWS-KOL-101,KOL,2025-03-13 07:00:00+00:00,drift,25.6,1008.1847201115617,70.03798475827045,26.0,1,TIER_1_SPIKE,-1,NORMAL,-1,NORMAL,False
202,AWS-VAR-052,VAR,2025-03-13 07:00:00+00:00,drift,23.4,992.1723202493124,57.0,1.0,3,TIER_3_STATIC_MAHALANOBIS,-1,NORMAL,-1,NORMAL,False
202,AWS-MUM-102,MUM,2025-03-13 08:00:00+00:00,drift,29.1,1009.199048772849,48.78237599592288,1.0,3,TIER_3_STATIC_MAHALANOBIS,-1,NORMAL,-1,NORMAL,False
202,AWS-DEL-101,DEL,2025-03-13 08:00:00+00:00,drift,24.5,986.5122223610421,54.78491957696944,1.0,3,TIER_3_STATIC_MAHALANOBIS,-1,NORMAL,-1,NORMAL,False
202,AWS-CHN-024,CHN,2025-03-13 17:00:00+00:00,frozen_value,29.5,1006.4,62.01609050651515,12.0,1,TIER_1_SPIKE,-1,NORMAL,1,TIER_1_SPIKE,True
202,AWS-MUM-103,MUM,2025-03-13 18:00:00+00:00,frozen_value,33.8,1005.3,25.089278975505295,1.0,3,TIER_3_STATIC_MAHALANOBIS,-1,NORMAL,-1,NORMAL,False
202,AWS-DEL-101,DEL,2025-03-13 19:00:00+00:00,drift,24.6,984.343775491226,43.412379211999834,1.0,3,TIER_3_STATIC_MAHALANOBIS,-1,NORMAL,-1,NORMAL,False
202,AWS-MUM-101,MUM,2025-03-13 19:00:00+00:00,frozen_value,30.5,1006.4,28.021207850253308,1.0,3,TIER_3_STATIC_MAHALANOBIS,-1,NORMAL,-1,NORMAL,False
202,AWS-MUM-102,MUM,2025-03-13 19:00:00+00:00,drift,30.4,1007.1095096714124,53.40633820701424,1.0,3,TIER_3_STATIC_MAHALANOBIS,-1,NORMAL,-1,NORMAL,False
202,AWS-KOL-102,KOL,2025-03-13 20:00:00+00:00,drift,28.9,1006.9111468139043,67.87526291607759,38.0,1,TIER_1_SPIKE,-1,NORMAL,1,TIER_1_SPIKE,True
202,AWS-KOL-101,KOL,2025-03-13 21:00:00+00:00,drift,26.7,1008.0814210798106,78.32745711555029,40.0,3,TIER_3_STATIC_MAHALANOBIS,-1,NORMAL,-1,NORMAL,False
202,AWS-RAN-103,RAN,2025-03-13 21:00:00+00:00,drift,24.9,974.6276474739196,23.331453042721296,1.0,3,TIER_3_STATIC_MAHALANOBIS,-1,NORMAL,-1,NORMAL,False
202,AWS-RAN-102,RAN,2025-03-13 22:00:00+00:00,drift,23.5,971.0561510165849,35.760290386799824,1.0,3,TIER_3_STATIC_MAHALANOBIS,-1,NORMAL,-1,NORMAL,False
202,AWS-CHN-101,CHN,2025-03-13 23:00:00+00:00,drift,24.2,1009.9247461880657,90.16553349113248,1.0,3,TIER_3_STATIC_MAHALANOBIS,-1,NORMAL,-1,NORMAL,False
202,AWS-VAR-101,VAR,2025-03-13 23:00:00+00:00,drift,25.6,999.5606438824076,37.17587565311343,1.0,3,TIER_3_STATIC_MAHALANOBIS,-1,NORMAL,-1,NORMAL,False
202,AWS-RAN-067,RAN,2025-03-13 23:00:00+00:00,drift,23.2,939.8638155199337,29.170103256087074,1.0,3,TIER_3_STATIC_MAHALANOBIS,-1,NORMAL,-1,NORMAL,False
202,AWS-CHN-103,CHN,2025-03-14 00:00:00+00:00,drift,24.0,1006.4079911594397,90.54545640265415,1.0,3,TIER_3_STATIC_MAHALANOBIS,-1,NORMAL,-1,NORMAL,False
202,AWS-VAR-103,VAR,2025-03-14 00:00:00+00:00,drift,22.2,998.5531316489419,50.563000927759134,1.0,3,TIER_3_STATIC_MAHALANOBIS,-1,NORMAL,1,TIER_1_SPIKE,True
202,AWS-VAR-102,VAR,2025-03-14 00:00:00+00:00,drift,22.6,999.571216232438,44.5644110114564,1.0,3,TIER_3_STATIC_MAHALANOBIS,-1,NORMAL,-1,NORMAL,False
202,AWS-CHN-101,CHN,2025-03-14 00:00:00+00:00,drift,23.6,1009.56875149952,90.55385016390284,1.0,3,TIER_3_STATIC_MAHALANOBIS,-1,NORMAL,-1,NORMAL,False
202,AWS-VAR-052,VAR,2025-03-14 01:00:00+00:00,drift,24.4,985.3872004155206,47.0,1.0,3,TIER_3_STATIC_MAHALANOBIS,-1,NORMAL,-1,NORMAL,False
202,AWS-CHN-101,CHN,2025-03-14 01:00:00+00:00,drift,23.7,1009.3183406510251,90.92225909979342,1.0,3,TIER_3_STATIC_MAHALANOBIS,-1,NORMAL,2,TIER_2_ROC_CUSUM,True
202,AWS-CHN-103,CHN,2025-03-14 01:00:00+00:00,drift,23.9,1006.2610978073691,89.91351559849272,1.0,3,TIER_3_STATIC_MAHALANOBIS,-1,NORMAL,2,TIER_2_ROC_CUSUM,True
202,AWS-CHN-102,CHN,2025-03-14 01:00:00+00:00,drift,24.8,1009.2285123892852,89.92193587906701,7.0,1,TIER_1_SPIKE,-1,NORMAL,2,TIER_2_ROC_CUSUM,True
202,AWS-MUM-007,MUM,2025-03-14 01:00:00+00:00,drift,26.5,999.902540438491,65.0,66.0,3,TIER_3_STATIC_MAHALANOBIS,-1,NORMAL,-1,NORMAL,False
202,AWS-KOL-103,KOL,2025-03-14 02:00:00+00:00,drift,25.0,1008.1268339403683,82.26923686338122,5.0,1,TIER_1_SPIKE,-1,NORMAL,1,TIER_1_SPIKE,True
202,AWS-CHN-103,CHN,2025-03-14 02:00:00+00:00,drift,23.8,1005.8198536295865,89.26185221757667,1.0,3,TIER_3_STATIC_MAHALANOBIS,-1,NORMAL,2,TIER_2_ROC_CUSUM,True
202,AWS-CHN-101,CHN,2025-03-14 02:00:00+00:00,drift,23.7,1008.9734491917917,90.27094545892942,1.0,3,TIER_3_STATIC_MAHALANOBIS,-1,NORMAL,2,TIER_2_ROC_CUSUM,True
202,AWS-CHN-102,CHN,2025-03-14 02:00:00+00:00,drift,24.4,1008.8844886021668,90.27060930937394,8.0,1,TIER_1_SPIKE,-1,NORMAL,1,TIER_1_SPIKE,True
202,AWS-KOL-103,KOL,2025-03-14 03:00:00+00:00,drift,24.6,1008.3568356744769,82.59831120062695,6.0,1,TIER_1_SPIKE,-1,NORMAL,1,TIER_1_SPIKE,True
202,AWS-CHN-102,CHN,2025-03-14 03:00:00+00:00,drift,24.5,1008.6459539833833,88.599736433004,9.0,1,TIER_1_SPIKE,-1,NORMAL,2,TIER_2_ROC_CUSUM,True
202,AWS-CHN-103,CHN,2025-03-14 03:00:00+00:00,drift,24.4,1005.584196441103,87.59064252998375,1.0,3,TIER_3_STATIC_MAHALANOBIS,-1,NORMAL,2,TIER_2_ROC_CUSUM,True
202,AWS-BHO-101,BHO,2025-03-14 03:00:00+00:00,drift,25.4,942.413152057921,20.0,1.0,3,TIER_3_STATIC_MAHALANOBIS,-1,NORMAL,-1,NORMAL,False
202,AWS-CHN-101,CHN,2025-03-14 03:00:00+00:00,drift,24.0,1008.8340163654788,88.60008551138853,1.0,3,TIER_3_STATIC_MAHALANOBIS,-1,NORMAL,2,TIER_2_ROC_CUSUM,True
202,AWS-DEL-103,DEL,2025-03-14 03:00:00+00:00,drift,17.7,983.7260929673856,68.60345260232387,1.0,3,TIER_3_STATIC_MAHALANOBIS,-1,NORMAL,-1,NORMAL,False
202,AWS-RAN-101,RAN,2025-03-14 03:00:00+00:00,drift,20.7,939.1871223112585,36.60463912407781,1.0,3,TIER_3_STATIC_MAHALANOBIS,-1,NORMAL,1,TIER_1_SPIKE,True
202,AWS-CHN-101,CHN,2025-03-14 04:00:00+00:00,drift,24.3,1009.1999847441153,87.90984738252027,1.0,3,TIER_3_STATIC_MAHALANOBIS,-1,NORMAL,-1,NORMAL,False
202,AWS-RAN-101,RAN,2025-03-14 04:00:00+00:00,drift,21.0,939.7805527198288,35.91456964753139,1.0,3,TIER_3_STATIC_MAHALANOBIS,-1,NORMAL,1,TIER_1_SPIKE,True
202,AWS-BHO-101,BHO,2025-03-14 04:00:00+00:00,drift,25.1,942.4113042293661,22.0,1.0,3,TIER_3_STATIC_MAHALANOBIS,-1,NORMAL,2,TIER_2_ROC_CUSUM,True
202,AWS-BHO-030,BHO,2025-03-14 04:00:00+00:00,drift,25.3,942.8618314031959,22.0,1.0,3,TIER_3_STATIC_MAHALANOBIS,-1,NORMAL,1,TIER_1_SPIKE,True
202,AWS-DEL-103,DEL,2025-03-14 04:00:00+00:00,drift,17.3,984.2147769544125,69.91333918052729,1.0,3,TIER_3_STATIC_MAHALANOBIS,-1,NORMAL,2,TIER_2_ROC_CUSUM,True
202,AWS-CHN-102,CHN,2025-03-14 04:00:00+00:00,drift,24.6,1009.1128507837136,87.90948537530669,10.0,1,TIER_1_SPIKE,-1,NORMAL,-1,NORMAL,False
202,AWS-CHN-103,CHN,2025-03-14 04:00:00+00:00,drift,24.7,1006.0540674635648,84.90005466106348,1.0,3,TIER_3_STATIC_MAHALANOBIS,-1,NORMAL,-1,NORMAL,False
202,AWS-KOL-103,KOL,2025-03-14 04:00:00+00:00,drift,24.4,1009.1945742733269,82.90800735654531,7.0,1,TIER_1_SPIKE,-1,NORMAL,1,TIER_1_SPIKE,True
202,AWS-DEL-011,DEL,2025-03-14 05:00:00+00:00,drift,19.0,985.4772365177965,63.21240899300149,1.0,3,TIER_3_STATIC_MAHALANOBIS,-1,NORMAL,-1,NORMAL,False
202,AWS-CHN-103,CHN,2025-03-14 05:00:00+00:00,drift,24.8,1006.9294110020287,82.19024924949044,1.0,3,TIER_3_STATIC_MAHALANOBIS,-1,NORMAL,2,TIER_2_ROC_CUSUM,True
202,AWS-DEL-103,DEL,2025-03-14 05:00:00+00:00,drift,17.0,985.209539530497,70.20400821607795,1.0,3,TIER_3_STATIC_MAHALANOBIS,-1,NORMAL,2,TIER_2_ROC_CUSUM,True
202,AWS-CHN-102,CHN,2025-03-14 05:00:00+00:00,drift,24.7,1009.9851242833615,84.20001677495661,11.0,1,TIER_1_SPIKE,-1,NORMAL,2,TIER_2_ROC_CUSUM,True
202,AWS-KOL-103,KOL,2025-03-14 05:00:00+00:00,drift,24.4,1010.1399717905003,82.19848596981089,8.0,1,TIER_1_SPIKE,-1,NORMAL,1,TIER_1_SPIKE,True
202,AWS-CHN-101,CHN,2025-03-14 05:00:00+00:00,drift,24.5,1010.0712999123033,87.20039171099926,1.0,3,TIER_3_STATIC_MAHALANOBIS,-1,NORMAL,2,TIER_2_ROC_CUSUM,True
202,AWS-BHO-102,BHO,2025-03-14 06:00:00+00:00,drift,21.0,963.8562544554796,23.49717992621541,1.0,3,TIER_3_STATIC_MAHALANOBIS,-1,NORMAL,-1,NORMAL,False
202,AWS-KOL-102,KOL,2025-03-14 07:00:00+00:00,drift,28.0,1012.6456085022215,65.71843704855691,49.0,1,TIER_1_SPIKE,-1,NORMAL,1,TIER_1_SPIKE,True
202,AWS-RAN-067,RAN,2025-03-14 07:00:00+00:00,drift,23.3,943.3734536066027,35.730595548252744,1.0,3,TIER_3_STATIC_MAHALANOBIS,-1,NORMAL,-1,NORMAL,False
202,AWS-VAR-102,VAR,2025-03-14 07:00:00+00:00,drift,22.8,1003.6818152739606,50.73807739459236,1.0,3,TIER_3_STATIC_MAHALANOBIS,-1,NORMAL,-1,NORMAL,False
202,AWS-KOL-101,KOL,2025-03-14 07:00:00+00:00,drift,26.9,1013.220690885261,69.72306415763353,2.0,1,TIER_1_SPIKE,-1,NORMAL,-1,NORMAL,False
202,AWS-KOL-015,KOL,2025-03-14 07:00:00+00:00,drift,27.6,1012.2236991955147,66.72012509732997,10.0,3,TIER_3_STATIC_MAHALANOBIS,-1,NORMAL,1,TIER_1_SPIKE,True
202,AWS-VAR-103,VAR,2025-03-14 07:00:00+00:00,drift,22.7,1002.651148546831,52.7362560364834,1.0,3,TIER_3_STATIC_MAHALANOBIS,-1,NORMAL,1,TIER_1_SPIKE,True
202,AWS-DEL-101,DEL,2025-03-14 08:00:00+00:00,drift,23.5,990.729959949309,50.96370792199135,1.0,3,TIER_3_STATIC_MAHALANOBIS,-1,NORMAL,-1,NORMAL,False
202,AWS-MUM-102,MUM,2025-03-14 09:00:00+00:00,drift,30.4,1013.920201482969,41.16853694360282,1.0,1,TIER_1_SPIKE,-1,NORMAL,-1,NORMAL,False
202,AWS-MUM-101,MUM,2025-03-14 14:00:00+00:00,spike,28.751267119447714,1006.5,23.0,1.0,3,TIER_3_STATIC_MAHALANOBIS,-1,NORMAL,-1,NORMAL,False
202,AWS-CHN-024,CHN,2025-03-14 15:00:00+00:00,spike,30.452868304850618,1006.7,51.0,12.0,1,TIER_1_SPIKE,-1,NORMAL,1,TIER_1_SPIKE,True
202,AWS-MUM-103,MUM,2025-03-14 18:00:00+00:00,drift,35.2,1006.9939002545229,18.0,1.0,3,TIER_3_STATIC_MAHALANOBIS,-1,NORMAL,-1,NORMAL,False
202,AWS-MUM-102,MUM,2025-03-14 20:00:00+00:00,drift,31.0,1013.2720705512471,31.0,12.0,1,TIER_1_SPIKE,-1,NORMAL,-1,NORMAL,False
202,AWS-CHN-101,CHN,2025-03-14 20:00:00+00:00,drift,25.7,1014.0523951643072,89.0,1.0,3,TIER_3_STATIC_MAHALANOBIS,-1,NORMAL,-1,NORMAL,False
202,AWS-CHN-103,CHN,2025-03-14 20:00:00+00:00,drift,26.3,1011.0853077423887,85.0,1.0,3,TIER_3_STATIC_MAHALANOBIS,-1,NORMAL,-1,NORMAL,False
202,AWS-RAN-102,RAN,2025-03-14 21:00:00+00:00,drift,24.4,978.3780513276043,42.0,1.0,3,TIER_3_STATIC_MAHALANOBIS,-1,NORMAL,-1,NORMAL,False
202,AWS-RAN-103,RAN,2025-03-14 21:00:00+00:00,drift,26.4,982.364024596113,26.0,1.0,3,TIER_3_STATIC_MAHALANOBIS,-1,NORMAL,-1,NORMAL,False
202,AWS-KOL-015,KOL,2025-03-14 21:00:00+00:00,drift,28.8,1015.8943669353021,78.0,24.0,3,TIER_3_STATIC_MAHALANOBIS,-1,NORMAL,1,TIER_1_SPIKE,True
202,AWS-DEL-101,DEL,2025-03-14 21:00:00+00:00,drift,24.0,993.5120076077004,50.0,1.0,3,TIER_3_STATIC_MAHALANOBIS,-1,NORMAL,-1,NORMAL,False
202,AWS-KOL-102,KOL,2025-03-14 21:00:00+00:00,drift,28.6,1016.3400748152551,80.0,63.0,1,TIER_1_SPIKE,-1,NORMAL,1,TIER_1_SPIKE,True
202,AWS-VAR-101,VAR,2025-03-14 22:00:00+00:00,drift,27.1,1007.7202704172794,46.0,1.0,3,TIER_3_STATIC_MAHALANOBIS,-1,NORMAL,-1,NORMAL,False
202,AWS-RAN-067,RAN,2025-03-14 22:00:00+00:00,drift,23.5,946.9251572044357,35.0,1.0,3,TIER_3_STATIC_MAHALANOBIS,-1,NORMAL,-1,NORMAL,False
202,AWS-VAR-102,VAR,2025-03-14 23:00:00+00:00,drift,23.9,1007.9530054601335,55.0,1.0,3,TIER_3_STATIC_MAHALANOBIS,-1,NORMAL,-1,NORMAL,False
202,AWS-VAR-103,VAR,2025-03-15 01:00:00+00:00,drift,22.5,1006.8737441174467,56.0,1.0,3,TIER_3_STATIC_MAHALANOBIS,-1,NORMAL,1,TIER_1_SPIKE,True
202,AWS-RAN-101,RAN,2025-03-15 01:00:00+00:00,drift,22.0,946.805767894101,43.0,1.0,3,TIER_3_STATIC_MAHALANOBIS,-1,NORMAL,1,TIER_1_SPIKE,True
202,AWS-KOL-103,KOL,2025-03-15 01:00:00+00:00,drift,26.1,1016.962517868766,89.0,18.0,1,TIER_1_SPIKE,-1,NORMAL,1,TIER_1_SPIKE,True
202,AWS-DEL-011,DEL,2025-03-15 02:00:00+00:00,drift,20.3,991.7243569779744,66.0,1.0,3,TIER_3_STATIC_MAHALANOBIS,-1,NORMAL,-1,NORMAL,False
202,AWS-VAR-103,VAR,2025-03-15 02:00:00+00:00,drift,22.2,1006.5278273714905,57.0,1.0,3,TIER_3_STATIC_MAHALANOBIS,-1,NORMAL,1,TIER_1_SPIKE,True
202,AWS-RAN-101,RAN,2025-03-15 02:00:00+00:00,drift,21.7,946.5256028074775,45.0,1.0,3,TIER_3_STATIC_MAHALANOBIS,-1,NORMAL,1,TIER_1_SPIKE,True
202,AWS-BHO-102,BHO,2025-03-15 02:00:00+00:00,drift,22.0,968.0251929814488,31.0,1.0,3,TIER_3_STATIC_MAHALANOBIS,-1,NORMAL,-1,NORMAL,False
202,AWS-DEL-011,DEL,2025-03-15 03:00:00+00:00,drift,19.9,992.2379038074745,66.0,1.0,3,TIER_3_STATIC_MAHALANOBIS,-1,NORMAL,-1,NORMAL,False
202,AWS-RAN-101,RAN,2025-03-15 03:00:00+00:00,drift,21.5,946.4507757478191,46.0,1.0,3,TIER_3_STATIC_MAHALANOBIS,-1,NORMAL,1,TIER_1_SPIKE,True
202,AWS-DEL-103,DEL,2025-03-15 04:00:00+00:00,drift,18.6,992.5584223049805,65.0,1.0,3,TIER_3_STATIC_MAHALANOBIS,-1,NORMAL,1,TIER_1_SPIKE,True
202,AWS-DEL-011,DEL,2025-03-15 04:00:00+00:00,drift,19.6,992.7565715479016,65.0,1.0,3,TIER_3_STATIC_MAHALANOBIS,-1,NORMAL,2,TIER_2_ROC_CUSUM,True
202,AWS-RAN-101,RAN,2025-03-15 04:00:00+00:00,drift,21.3,947.0812594791067,46.0,1.0,3,TIER_3_STATIC_MAHALANOBIS,-1,NORMAL,1,TIER_1_SPIKE,True
202,AWS-CHN-024,CHN,2025-03-15 15:00:00+00:00,drift,32.4,1015.2506367906893,49.0,8.0,1,TIER_1_SPIKE,-1,NORMAL,1,TIER_1_SPIKE,True
202,AWS-MUM-102,MUM,2025-03-15 15:00:00+00:00,unstructured_anomaly,32.07632325953051,1014.0699037217648,34.82743326437359,11.0,1,TIER_1_SPIKE,-1,NORMAL,-1,NORMAL,False
202,AWS-DEL-101,DEL,2025-03-15 17:00:00+00:00,unstructured_anomaly,23.12760258242173,994.175883776695,46.72089643008585,1.0,3,TIER_3_STATIC_MAHALANOBIS,-1,NORMAL,-1,NORMAL,False
202,AWS-MUM-103,MUM,2025-03-15 17:00:00+00:00,drift,35.3,1015.6737531815374,22.338210375311803,12.0,1,TIER_1_SPIKE,-1,NORMAL,-1,NORMAL,False
202,AWS-RAN-103,RAN,2025-03-15 17:00:00+00:00,unstructured_anomaly,27.427602582421734,981.775883776695,41.72089643008585,1.0,3,TIER_3_STATIC_MAHALANOBIS,-1,NORMAL,-1,NORMAL,False
202,AWS-RAN-067,RAN,2025-03-15 17:00:00+00:00,unstructured_anomaly,25.62760258242173,947.775883776695,32.72089643008585,1.0,3,TIER_3_STATIC_MAHALANOBIS,-1,NORMAL,-1,NORMAL,False
202,AWS-RAN-102,RAN,2025-03-15 17:00:00+00:00,unstructured_anomaly,26.12760258242173,977.875883776695,35.72089643008585,1.0,3,TIER_3_STATIC_MAHALANOBIS,-1,NORMAL,-1,NORMAL,False
202,AWS-VAR-102,VAR,2025-03-15 18:00:00+00:00,unstructured_anomaly,22.885193080562104,1006.0761664229533,60.7630726972872,1.0,3,TIER_3_STATIC_MAHALANOBIS,-1,NORMAL,-1,NORMAL,False
202,AWS-RAN-101,RAN,2025-03-15 18:00:00+00:00,unstructured_anomaly,22.585193080562103,946.7761664229533,41.7630726972872,1.0,3,TIER_3_STATIC_MAHALANOBIS,-1,NORMAL,-1,NORMAL,False
202,AWS-VAR-103,VAR,2025-03-15 18:00:00+00:00,unstructured_anomaly,23.285193080562102,1005.0761664229533,53.7630726972872,1.0,3,TIER_3_STATIC_MAHALANOBIS,-1,NORMAL,-1,NORMAL,False
202,AWS-DEL-103,DEL,2025-03-15 18:00:00+00:00,unstructured_anomaly,18.485193080562105,991.5761664229533,61.7630726972872,1.0,3,TIER_3_STATIC_MAHALANOBIS,-1,NORMAL,-1,NORMAL,False
202,AWS-DEL-011,DEL,2025-03-15 18:00:00+00:00,unstructured_anomaly,19.485193080562105,991.7761664229533,67.7630726972872,1.0,3,TIER_3_STATIC_MAHALANOBIS,-1,NORMAL,-1,NORMAL,False
202,AWS-KOL-101,KOL,2025-03-16 07:00:00+00:00,frozen_value,27.3,1010.3,88.0,3.0,1,TIER_1_SPIKE,-1,NORMAL,-1,NORMAL,False
202,AWS-DEL-011,DEL,2025-03-16 07:00:00+00:00,frozen_value,19.7,987.9,70.0,1.0,3,TIER_3_STATIC_MAHALANOBIS,-1,NORMAL,-1,NORMAL,False
202,AWS-KOL-102,KOL,2025-03-16 07:00:00+00:00,frozen_value,28.1,1009.8,83.0,97.0,1,TIER_1_SPIKE,-1,NORMAL,-1,NORMAL,False
202,AWS-RAN-103,RAN,2025-03-16 07:00:00+00:00,frozen_value,27.2,976.3,44.0,1.0,3,TIER_3_STATIC_MAHALANOBIS,-1,NORMAL,-1,NORMAL,False
202,AWS-RAN-067,RAN,2025-03-16 07:00:00+00:00,frozen_value,25.8,941.1,43.0,1.0,3,TIER_3_STATIC_MAHALANOBIS,-1,NORMAL,-1,NORMAL,False
202,AWS-KOL-015,KOL,2025-03-16 08:00:00+00:00,frozen_value,30.5,1009.8,84.02547394642811,1.0,1,TIER_1_SPIKE,-1,NORMAL,1,TIER_1_SPIKE,True
202,AWS-MUM-103,MUM,2025-03-16 11:00:00+00:00,drift,34.6,1011.2,21.355767726434294,12.0,1,TIER_1_SPIKE,-1,NORMAL,-1,NORMAL,False
202,AWS-MUM-103,MUM,2025-03-16 18:00:00+00:00,drift,34.1,1006.5,18.02926225187082,19.0,1,TIER_1_SPIKE,-1,NORMAL,-1,NORMAL,False
202,AWS-MUM-101,MUM,2025-03-16 19:00:00+00:00,drift,31.3,1007.5,21.68953361086205,20.0,1,TIER_1_SPIKE,-1,NORMAL,-1,NORMAL,False
202,AWS-MUM-101,MUM,2025-03-17 09:00:00+00:00,drift,30.0,1009.1,31.033193951251363,1.0,1,TIER_1_SPIKE,-1,NORMAL,-1,NORMAL,False
202,AWS-CHN-024,CHN,2025-03-17 09:00:00+00:00,frozen_value,32.0,1008.4,58.0,10.0,1,TIER_1_SPIKE,-1,NORMAL,1,TIER_1_SPIKE,True
202,AWS-MUM-103,MUM,2025-03-17 10:00:00+00:00,drift,32.8,1008.8,15.71153545286859,2.0,1,TIER_1_SPIKE,-1,NORMAL,-1,NORMAL,False
202,AWS-MUM-103,MUM,2025-03-17 18:00:00+00:00,frozen_value,33.6,1007.9,17.94668780065106,10.0,1,TIER_1_SPIKE,-1,NORMAL,-1,NORMAL,False
202,AWS-MUM-101,MUM,2025-03-17 19:00:00+00:00,frozen_value,30.2,1008.9,22.96430115195903,11.0,1,TIER_1_SPIKE,-1,NORMAL,-1,NORMAL,False
202,AWS-RAN-101,RAN,2025-03-17 20:00:00+00:00,frozen_value,24.3,939.7,54.0,1.0,3,TIER_3_STATIC_MAHALANOBIS,-1,NORMAL,-1,NORMAL,False
202,AWS-KOL-102,KOL,2025-03-17 20:00:00+00:00,frozen_value,27.1,1008.7,76.0,134.0,1,TIER_1_SPIKE,-1,NORMAL,-1,NORMAL,False
202,AWS-RAN-101,RAN,2025-03-17 21:00:00+00:00,frozen_value,24.3,940.3,54.01871142978583,1.0,3,TIER_3_STATIC_MAHALANOBIS,-1,NORMAL,-1,NORMAL,False
202,AWS-BHO-102,BHO,2025-03-17 21:00:00+00:00,frozen_value,26.3,964.3,26.01871142978583,1.0,3,TIER_3_STATIC_MAHALANOBIS,-1,NORMAL,-1,NORMAL,False
202,AWS-CHN-103,CHN,2025-03-17 22:00:00+00:00,frozen_value,26.8,1006.4,83.0726329186335,53.0,3,TIER_3_STATIC_MAHALANOBIS,-1,NORMAL,-1,NORMAL,False
202,AWS-RAN-101,RAN,2025-03-17 22:00:00+00:00,frozen_value,23.7,940.6,54.0726329186335,1.0,3,TIER_3_STATIC_MAHALANOBIS,-1,NORMAL,-1,NORMAL,False
202,AWS-BHO-102,BHO,2025-03-17 22:00:00+00:00,frozen_value,25.9,964.7,26.0726329186335,1.0,3,TIER_3_STATIC_MAHALANOBIS,-1,NORMAL,-1,NORMAL,False
202,AWS-VAR-102,VAR,2025-03-17 22:00:00+00:00,frozen_value,25.3,1002.5,35.0726329186335,1.0,3,TIER_3_STATIC_MAHALANOBIS,-1,NORMAL,-1,NORMAL,False
202,AWS-RAN-101,RAN,2025-03-17 23:00:00+00:00,frozen_value,23.2,940.7,54.06877844038696,1.0,3,TIER_3_STATIC_MAHALANOBIS,-1,NORMAL,-1,NORMAL,False
202,AWS-BHO-103,BHO,2025-03-17 23:00:00+00:00,frozen_value,23.7,962.5,30.0,1.0,3,TIER_3_STATIC_MAHALANOBIS,-1,NORMAL,1,TIER_1_SPIKE,True
202,AWS-CHN-103,CHN,2025-03-17 23:00:00+00:00,frozen_value,26.2,1006.2,83.06877844038696,54.0,3,TIER_3_STATIC_MAHALANOBIS,-1,NORMAL,-1,NORMAL,False
202,AWS-RAN-101,RAN,2025-03-18 00:00:00+00:00,frozen_value,22.7,940.6,54.02790836283233,1.0,3,TIER_3_STATIC_MAHALANOBIS,-1,NORMAL,-1,NORMAL,False
202,AWS-CHN-103,CHN,2025-03-18 00:00:00+00:00,frozen_value,25.7,1005.8,83.02790836283232,55.0,3,TIER_3_STATIC_MAHALANOBIS,-1,NORMAL,-1,NORMAL,False
202,AWS-VAR-103,VAR,2025-03-18 00:00:00+00:00,frozen_value,22.6,1001.1,30.027908362832328,1.0,3,TIER_3_STATIC_MAHALANOBIS,-1,NORMAL,-1,NORMAL,False
202,AWS-DEL-103,DEL,2025-03-18 00:00:00+00:00,frozen_value,19.5,988.4,47.02790836283233,1.0,3,TIER_3_STATIC_MAHALANOBIS,-1,NORMAL,-1,NORMAL,False
202,AWS-CHN-103,CHN,2025-03-18 01:00:00+00:00,frozen_value,25.3,1005.0,83.03015030632166,56.0,3,TIER_3_STATIC_MAHALANOBIS,-1,NORMAL,2,TIER_2_ROC_CUSUM,True
202,AWS-RAN-101,RAN,2025-03-18 01:00:00+00:00,frozen_value,22.2,940.2,54.03015030632166,1.0,3,TIER_3_STATIC_MAHALANOBIS,-1,NORMAL,-1,NORMAL,False
202,AWS-CHN-103,CHN,2025-03-18 02:00:00+00:00,frozen_value,25.3,1004.4,82.9429088122209,57.0,3,TIER_3_STATIC_MAHALANOBIS,-1,NORMAL,2,TIER_2_ROC_CUSUM,True
202,AWS-RAN-101,RAN,2025-03-18 02:00:00+00:00,frozen_value,21.7,939.7,53.9429088122209,1.0,3,TIER_3_STATIC_MAHALANOBIS,-1,NORMAL,2,TIER_2_ROC_CUSUM,True
202,AWS-CHN-103,CHN,2025-03-18 03:00:00+00:00,frozen_value,25.4,1004.3,82.93575151714053,58.0,3,TIER_3_STATIC_MAHALANOBIS,-1,NORMAL,2,TIER_2_ROC_CUSUM,True
202,AWS-RAN-101,RAN,2025-03-18 03:00:00+00:00,frozen_value,21.3,939.1,53.93575151714054,1.0,3,TIER_3_STATIC_MAHALANOBIS,-1,NORMAL,1,TIER_1_SPIKE,True
202,AWS-BHO-101,BHO,2025-03-18 09:00:00+00:00,frozen_value,26.9,958.8,33.0,1.0,3,TIER_3_STATIC_MAHALANOBIS,-1,NORMAL,-1,NORMAL,False
202,AWS-VAR-052,VAR,2025-03-18 09:00:00+00:00,frozen_value,27.6,1003.7,35.0,1.0,3,TIER_3_STATIC_MAHALANOBIS,-1,NORMAL,-1,NORMAL,False
202,AWS-BHO-030,BHO,2025-03-18 09:00:00+00:00,frozen_value,25.9,959.2,37.0,1.0,3,TIER_3_STATIC_MAHALANOBIS,-1,NORMAL,-1,NORMAL,False
202,AWS-VAR-102,VAR,2025-03-18 18:00:00+00:00,drift,26.8,1000.7,27.0,1.0,3,TIER_3_STATIC_MAHALANOBIS,-1,NORMAL,-1,NORMAL,False
202,AWS-DEL-101,DEL,2025-03-18 18:00:00+00:00,drift,25.1,988.3,34.0,1.0,3,TIER_3_STATIC_MAHALANOBIS,-1,NORMAL,-1,NORMAL,False
202,AWS-RAN-103,RAN,2025-03-18 19:00:00+00:00,drift,27.4,976.0,29.969210798532355,1.0,3,TIER_3_STATIC_MAHALANOBIS,-1,NORMAL,-1,NORMAL,False
202,AWS-BHO-102,BHO,2025-03-18 20:00:00+00:00,drift,26.1,963.4,25.90553429783072,1.0,3,TIER_3_STATIC_MAHALANOBIS,-1,NORMAL,-1,NORMAL,False
202,AWS-BHO-101,BHO,2025-03-18 20:00:00+00:00,drift,27.1,956.0,24.0,1.0,3,TIER_3_STATIC_MAHALANOBIS,-1,NORMAL,-1,NORMAL,False
202,AWS-VAR-052,VAR,2025-03-18 20:00:00+00:00,drift,26.4,1002.2,28.0,1.0,3,TIER_3_STATIC_MAHALANOBIS,-1,NORMAL,-1,NORMAL,False
202,AWS-VAR-103,VAR,2025-03-18 20:00:00+00:00,drift,23.5,1001.2,33.904622487534525,1.0,3,TIER_3_STATIC_MAHALANOBIS,-1,NORMAL,-1,NORMAL,False
202,AWS-BHO-103,BHO,2025-03-18 21:00:00+00:00,drift,24.3,961.9,31.484806168022793,1.0,3,TIER_3_STATIC_MAHALANOBIS,-1,NORMAL,-1,NORMAL,False
202,AWS-CHN-103,CHN,2025-03-18 21:00:00+00:00,drift,26.9,1006.8,86.81145681651824,2.0,1,TIER_1_SPIKE,-1,NORMAL,-1,NORMAL,False
202,AWS-BHO-030,BHO,2025-03-18 21:00:00+00:00,drift,26.7,956.9,28.48470856409354,1.0,3,TIER_3_STATIC_MAHALANOBIS,-1,NORMAL,-1,NORMAL,False
202,AWS-BHO-102,BHO,2025-03-18 21:00:00+00:00,drift,25.5,964.0,25.81503561270848,1.0,3,TIER_3_STATIC_MAHALANOBIS,-1,NORMAL,-1,NORMAL,False
202,AWS-BHO-103,BHO,2025-03-18 22:00:00+00:00,drift,23.8,962.3,30.969612336045582,1.0,3,TIER_3_STATIC_MAHALANOBIS,-1,NORMAL,-1,NORMAL,False
202,AWS-RAN-101,RAN,2025-03-18 22:00:00+00:00,drift,22.4,941.7,33.69905880569315,1.0,3,TIER_3_STATIC_MAHALANOBIS,-1,NORMAL,1,TIER_1_SPIKE,True
202,AWS-CHN-103,CHN,2025-03-18 22:00:00+00:00,drift,26.4,1007.4,89.69700120313212,3.0,1,TIER_1_SPIKE,-1,NORMAL,-1,NORMAL,False
202,AWS-DEL-103,DEL,2025-03-18 22:00:00+00:00,drift,21.2,987.8,52.69890864734569,1.0,3,TIER_3_STATIC_MAHALANOBIS,-1,NORMAL,-1,NORMAL,False
202,AWS-RAN-101,RAN,2025-03-18 23:00:00+00:00,drift,22.0,941.7,34.56443356414683,1.0,3,TIER_3_STATIC_MAHALANOBIS,-1,NORMAL,1,TIER_1_SPIKE,True
202,AWS-CHN-103,CHN,2025-03-18 23:00:00+00:00,drift,25.9,1007.3,92.56186156094554,4.0,1,TIER_1_SPIKE,-1,NORMAL,-1,NORMAL,False
202,AWS-KOL-101,KOL,2025-03-18 23:00:00+00:00,drift,26.3,1011.0,59.56333878171186,17.0,1,TIER_1_SPIKE,-1,NORMAL,-1,NORMAL,False
202,AWS-CHN-024,CHN,2025-03-19 04:00:00+00:00,unstructured_anomaly,33.07371746441983,1003.1367495884683,69.19677125559969,2.0,1,TIER_1_SPIKE,-1,NORMAL,1,TIER_1_SPIKE,True
202,AWS-DEL-102,DEL,2025-03-19 04:00:00+00:00,drift,15.9,985.1,68.6240676701929,1.0,3,TIER_3_STATIC_MAHALANOBIS,-1,NORMAL,-1,NORMAL,False
202,AWS-CHN-103,CHN,2025-03-19 04:00:00+00:00,drift,25.0,1005.7,95.61734289787556,9.0,1,TIER_1_SPIKE,-1,NORMAL,-1,NORMAL,False
202,AWS-DEL-011,DEL,2025-03-19 04:00:00+00:00,drift,18.3,986.9,56.625117015882374,1.0,3,TIER_3_STATIC_MAHALANOBIS,-1,NORMAL,-1,NORMAL,False
202,AWS-KOL-102,KOL,2025-03-19 04:00:00+00:00,drift,24.7,1010.1,75.61874661239742,166.0,1,TIER_1_SPIKE,-1,NORMAL,-1,NORMAL,False
202,AWS-CHN-103,CHN,2025-03-19 05:00:00+00:00,drift,25.3,1006.3,94.38008509829585,10.0,1,TIER_1_SPIKE,-1,NORMAL,2,TIER_2_ROC_CUSUM,True
202,AWS-DEL-011,DEL,2025-03-19 05:00:00+00:00,drift,17.8,987.0,59.38863662810334,1.0,3,TIER_3_STATIC_MAHALANOBIS,-1,NORMAL,2,TIER_2_ROC_CUSUM,True
202,AWS-KOL-102,KOL,2025-03-19 05:00:00+00:00,drift,24.3,1010.9,75.38162918426988,167.0,1,TIER_1_SPIKE,-1,NORMAL,2,TIER_2_ROC_CUSUM,True
202,AWS-DEL-102,DEL,2025-03-19 05:00:00+00:00,drift,15.3,985.2,70.38748234784492,1.0,3,TIER_3_STATIC_MAHALANOBIS,-1,NORMAL,2,TIER_2_ROC_CUSUM,True
202,AWS-KOL-102,KOL,2025-03-19 06:00:00+00:00,drift,24.9,1012.2,76.12967836586084,168.0,1,TIER_1_SPIKE,-1,NORMAL,2,TIER_2_ROC_CUSUM,True
202,AWS-KOL-015,KOL,2025-03-19 07:00:00+00:00,drift,26.7,1012.6,66.8640456359618,2.0,1,TIER_1_SPIKE,-1,NORMAL,1,TIER_1_SPIKE,True
202,AWS-RAN-103,RAN,2025-03-19 08:00:00+00:00,drift,27.7,980.6,27.58796933027103,1.0,3,TIER_3_STATIC_MAHALANOBIS,-1,NORMAL,-1,NORMAL,False
202,AWS-VAR-103,VAR,2025-03-19 08:00:00+00:00,drift,24.0,1004.3,44.591251612906106,1.0,3,TIER_3_STATIC_MAHALANOBIS,-1,NORMAL,-1,NORMAL,False
202,AWS-BHO-102,BHO,2025-03-19 08:00:00+00:00,drift,24.2,966.2,31.597634284979463,1.0,3,TIER_3_STATIC_MAHALANOBIS,-1,NORMAL,-1,NORMAL,False
202,AWS-BHO-103,BHO,2025-03-19 08:00:00+00:00,drift,24.8,964.4,39.8176740162735,1.0,3,TIER_3_STATIC_MAHALANOBIS,-1,NORMAL,-1,NORMAL,False
202,AWS-DEL-103,DEL,2025-03-19 08:00:00+00:00,drift,21.9,988.8,54.5876092908392,1.0,3,TIER_3_STATIC_MAHALANOBIS,-1,NORMAL,-1,NORMAL,False
202,AWS-BHO-101,BHO,2025-03-19 09:00:00+00:00,drift,28.2,958.8,33.29949930737136,1.0,3,TIER_3_STATIC_MAHALANOBIS,-1,NORMAL,-1,NORMAL,False
202,AWS-VAR-102,VAR,2025-03-19 09:00:00+00:00,drift,26.9,1005.7,36.29845099181851,1.0,3,TIER_3_STATIC_MAHALANOBIS,-1,NORMAL,-1,NORMAL,False
202,AWS-DEL-101,DEL,2025-03-19 09:00:00+00:00,drift,26.5,991.7,35.294548810349774,1.0,3,TIER_3_STATIC_MAHALANOBIS,-1,NORMAL,-1,NORMAL,False
202,AWS-BHO-030,BHO,2025-03-19 09:00:00+00:00,drift,27.1,959.3,35.30121133321605,1.0,3,TIER_3_STATIC_MAHALANOBIS,-1,NORMAL,-1,NORMAL,False
202,AWS-MUM-102,MUM,2025-03-19 10:00:00+00:00,drift,32.4,1011.4,27.98246023124947,2.0,1,TIER_1_SPIKE,-1,NORMAL,-1,NORMAL,False
202,AWS-RAN-067,RAN,2025-03-19 10:00:00+00:00,drift,28.7,945.8,20.987869866941484,1.0,3,TIER_3_STATIC_MAHALANOBIS,-1,NORMAL,-1,NORMAL,False
202,AWS-VAR-101,VAR,2025-03-19 11:00:00+00:00,drift,31.2,1004.9,19.67184585076568,1.0,3,TIER_3_STATIC_MAHALANOBIS,-1,NORMAL,-1,NORMAL,False
202,AWS-MUM-101,MUM,2025-03-19 17:00:00+00:00,drift,32.7,1008.0,34.94893742228191,22.0,1,TIER_1_SPIKE,-1,NORMAL,-1,NORMAL,False
202,AWS-RAN-103,RAN,2025-03-19 20:00:00+00:00,drift,26.8,978.5,30.230780505462448,1.0,3,TIER_3_STATIC_MAHALANOBIS,-1,NORMAL,-1,NORMAL,False
202,AWS-RAN-103,RAN,2025-03-19 21:00:00+00:00,drift,26.4,979.3,31.7908862263558,1.0,3,TIER_3_STATIC_MAHALANOBIS,-1,NORMAL,-1,NORMAL,False
202,AWS-BHO-101,BHO,2025-03-19 21:00:00+00:00,drift,28.6,961.2022268366014,33.114421744944934,1.0,3,TIER_3_STATIC_MAHALANOBIS,-1,NORMAL,-1,NORMAL,False
202,AWS-VAR-052,VAR,2025-03-19 21:00:00+00:00,drift,27.5,1010.1815474669564,45.129418465812,1.0,3,TIER_3_STATIC_MAHALANOBIS,-1,NORMAL,-1,NORMAL,False
202,AWS-KOL-015,KOL,2025-03-19 21:00:00+00:00,drift,27.5,1012.8,74.78263331902932,16.0,1,TIER_1_SPIKE,-1,NORMAL,1,TIER_1_SPIKE,True
202,AWS-KOL-015,KOL,2025-03-19 22:00:00+00:00,drift,27.1,1012.7,79.33137403515728,17.0,1,TIER_1_SPIKE,-1,NORMAL,1,TIER_1_SPIKE,True
202,AWS-VAR-103,VAR,2025-03-19 22:00:00+00:00,drift,24.4,1002.9,31.346497170988226,1.0,3,TIER_3_STATIC_MAHALANOBIS,-1,NORMAL,-1,NORMAL,False
202,AWS-BHO-103,BHO,2025-03-19 22:00:00+00:00,drift,25.7,968.5894465639988,46.604960368592586,1.0,3,TIER_3_STATIC_MAHALANOBIS,-1,NORMAL,-1,NORMAL,False
202,AWS-MUM-007,MUM,2025-03-19 22:00:00+00:00,drift,26.9,1017.7713405032262,74.62747000908857,1.0,3,TIER_3_STATIC_MAHALANOBIS,-1,NORMAL,-1,NORMAL,False
202,AWS-VAR-052,VAR,2025-03-19 22:00:00+00:00,drift,26.9,1010.8503399622359,44.614595204444484,1.0,3,TIER_3_STATIC_MAHALANOBIS,-1,NORMAL,-1,NORMAL,False
202,AWS-BHO-030,BHO,2025-03-19 22:00:00+00:00,drift,27.1,962.9677815269147,41.602422666432105,1.0,3,TIER_3_STATIC_MAHALANOBIS,-1,NORMAL,-1,NORMAL,False
202,AWS-BHO-102,BHO,2025-03-19 23:00:00+00:00,drift,25.7,964.9,24.898070566040552,1.0,3,TIER_3_STATIC_MAHALANOBIS,-1,NORMAL,-1,NORMAL,False
202,AWS-MUM-007,MUM,2025-03-19 23:00:00+00:00,drift,26.6,1018.3177580661294,80.11314193251505,2.0,1,TIER_1_SPIKE,-1,NORMAL,-1,NORMAL,False
202,AWS-RAN-101,RAN,2025-03-19 23:00:00+00:00,drift,23.0,943.6,42.87839315476909,1.0,3,TIER_3_STATIC_MAHALANOBIS,-1,NORMAL,1,TIER_1_SPIKE,True
202,AWS-KOL-015,KOL,2025-03-19 23:00:00+00:00,drift,26.6,1012.5,81.86918606892083,18.0,1,TIER_1_SPIKE,-1,NORMAL,1,TIER_1_SPIKE,True
202,AWS-KOL-015,KOL,2025-03-20 00:00:00+00:00,drift,26.3,1012.3,83.39619402794642,19.0,1,TIER_1_SPIKE,-1,NORMAL,1,TIER_1_SPIKE,True
202,AWS-KOL-102,KOL,2025-03-20 00:00:00+00:00,drift,26.5,1012.7,82.39449772387144,186.0,1,TIER_1_SPIKE,-1,NORMAL,-1,NORMAL,False
202,AWS-KOL-015,KOL,2025-03-20 01:00:00+00:00,drift,26.1,1011.8,82.91251694340102,20.0,1,TIER_1_SPIKE,-1,NORMAL,1,TIER_1_SPIKE,True
202,AWS-KOL-102,KOL,2025-03-20 01:00:00+00:00,drift,26.1,1012.2,82.91076409585686,187.0,1,TIER_1_SPIKE,-1,NORMAL,-1,NORMAL,False
202,AWS-KOL-101,KOL,2025-03-20 02:00:00+00:00,drift,25.2,1012.4,87.42142162889576,1.0,3,TIER_3_STATIC_MAHALANOBIS,-1,NORMAL,2,TIER_2_ROC_CUSUM,True
202,AWS-KOL-015,KOL,2025-03-20 02:00:00+00:00,drift,25.8,1011.6,83.41826869347456,21.0,1,TIER_1_SPIKE,-1,NORMAL,1,TIER_1_SPIKE,True
202,AWS-KOL-102,KOL,2025-03-20 02:00:00+00:00,drift,25.8,1012.0,83.41645930246123,188.0,1,TIER_1_SPIKE,-1,NORMAL,2,TIER_2_ROC_CUSUM,True
202,AWS-RAN-101,RAN,2025-03-20 02:00:00+00:00,drift,22.3,942.5,49.42842823647954,1.0,3,TIER_3_STATIC_MAHALANOBIS,-1,NORMAL,2,TIER_2_ROC_CUSUM,True
202,AWS-RAN-101,RAN,2025-03-20 03:00:00+00:00,drift,22.7,942.5,48.92403541104813,1.0,3,TIER_3_STATIC_MAHALANOBIS,-1,NORMAL,1,TIER_1_SPIKE,True
202,AWS-KOL-102,KOL,2025-03-20 03:00:00+00:00,drift,25.7,1011.9,82.91169244784174,189.0,1,TIER_1_SPIKE,-1,NORMAL,2,TIER_2_ROC_CUSUM,True
202,AWS-KOL-015,KOL,2025-03-20 03:00:00+00:00,drift,25.7,1011.5,82.91355838232424,22.0,1,TIER_1_SPIKE,-1,NORMAL,-1,NORMAL,False
202,AWS-KOL-101,KOL,2025-03-20 03:00:00+00:00,drift,25.1,1012.4,86.91680984697734,2.0,3,TIER_3_STATIC_MAHALANOBIS,-1,NORMAL,2,TIER_2_ROC_CUSUM,True
202,AWS-KOL-102,KOL,2025-03-20 04:00:00+00:00,drift,25.6,1012.3,83.39656820243547,190.0,1,TIER_1_SPIKE,-1,NORMAL,2,TIER_2_ROC_CUSUM,True
202,AWS-MUM-102,MUM,2025-03-20 09:00:00+00:00,drift,31.4,1013.3,13.671910742287452,25.0,1,TIER_1_SPIKE,-1,NORMAL,-1,NORMAL,False
202,AWS-RAN-102,RAN,2025-03-20 09:00:00+00:00,drift,28.0,978.7,25.682854637269017,1.0,3,TIER_3_STATIC_MAHALANOBIS,-1,NORMAL,-1,NORMAL,False
202,AWS-VAR-102,VAR,2025-03-20 09:00:00+00:00,drift,28.1,1006.5,33.69412447795631,1.0,3,TIER_3_STATIC_MAHALANOBIS,-1,NORMAL,-1,NORMAL,False
202,AWS-RAN-067,RAN,2025-03-20 09:00:00+00:00,drift,28.1,946.9,18.68509672928673,1.0,3,TIER_3_STATIC_MAHALANOBIS,-1,NORMAL,-1,NORMAL,False
202,AWS-DEL-101,DEL,2025-03-20 09:00:00+00:00,drift,26.9,993.5,26.68397880613761,1.0,3,TIER_3_STATIC_MAHALANOBIS,-1,NORMAL,-1,NORMAL,False
202,AWS-VAR-101,VAR,2025-03-20 10:00:00+00:00,drift,30.2,1007.3,21.120125736516272,1.0,3,TIER_3_STATIC_MAHALANOBIS,-1,NORMAL,-1,NORMAL,False
202,AWS-MUM-103,MUM,2025-03-20 10:00:00+00:00,drift,33.0,1013.5,19.73408301675746,1.0,1,TIER_1_SPIKE,-1,NORMAL,-1,NORMAL,False
202,AWS-MUM-101,MUM,2025-03-20 10:00:00+00:00,drift,32.9,1013.8,20.72952149466242,1.0,1,TIER_1_SPIKE,-1,NORMAL,-1,NORMAL,False
202,AWS-CHN-024,CHN,2025-03-20 15:00:00+00:00,frozen_value,31.7,1010.1,57.0,9.0,1,TIER_1_SPIKE,-1,NORMAL,1,TIER_1_SPIKE,True
202,AWS-CHN-024,CHN,2025-03-20 16:00:00+00:00,frozen_value,31.676950859548082,1009.9,61.0,10.0,1,TIER_1_SPIKE,-1,NORMAL,1,TIER_1_SPIKE,True
202,AWS-CHN-024,CHN,2025-03-20 17:00:00+00:00,frozen_value,31.68567468702561,1010.0,64.0,11.0,1,TIER_1_SPIKE,-1,NORMAL,1,TIER_1_SPIKE,True
202,AWS-MUM-102,MUM,2025-03-20 19:00:00+00:00,frozen_value,32.3,1010.7,16.0,35.0,1,TIER_1_SPIKE,-1,NORMAL,-1,NORMAL,False
202,AWS-MUM-103,MUM,2025-03-20 19:00:00+00:00,drift,32.4,1010.7,8.235427680757674,10.0,1,TIER_1_SPIKE,-1,NORMAL,-1,NORMAL,False
202,AWS-DEL-103,DEL,2025-03-20 20:00:00+00:00,frozen_value,24.3,988.7,43.0,1.0,3,TIER_3_STATIC_MAHALANOBIS,-1,NORMAL,-1,NORMAL,False
202,AWS-MUM-102,MUM,2025-03-20 20:00:00+00:00,frozen_value,32.3,1011.3,20.0,36.0,1,TIER_1_SPIKE,-1,NORMAL,-1,NORMAL,False
202,AWS-MUM-102,MUM,2025-03-20 21:00:00+00:00,frozen_value,32.3,1012.2,23.0,37.0,1,TIER_1_SPIKE,-1,NORMAL,2,TIER_2_ROC_CUSUM,True
202,AWS-DEL-103,DEL,2025-03-20 23:00:00+00:00,frozen_value,24.3,989.9,43.0,1.0,3,TIER_3_STATIC_MAHALANOBIS,-1,NORMAL,-1,NORMAL,False
202,AWS-DEL-103,DEL,2025-03-21 00:00:00+00:00,frozen_value,24.3,989.9,47.0,1.0,3,TIER_3_STATIC_MAHALANOBIS,-1,NORMAL,-1,NORMAL,False
202,AWS-DEL-103,DEL,2025-03-21 01:00:00+00:00,frozen_value,24.3,989.9,46.0,1.0,3,TIER_3_STATIC_MAHALANOBIS,-1,NORMAL,-1,NORMAL,False
202,AWS-DEL-103,DEL,2025-03-21 02:00:00+00:00,frozen_value,24.3,989.9,47.0,1.0,3,TIER_3_STATIC_MAHALANOBIS,-1,NORMAL,-1,NORMAL,False
202,AWS-DEL-011,DEL,2025-03-21 04:00:00+00:00,frozen_value,20.2,990.5,40.0,1.0,3,TIER_3_STATIC_MAHALANOBIS,-1,NORMAL,-1,NORMAL,False
202,AWS-KOL-102,KOL,2025-03-21 04:00:00+00:00,frozen_value,25.3,1013.4,81.0,214.0,1,TIER_1_SPIKE,-1,NORMAL,-1,NORMAL,False
202,AWS-DEL-011,DEL,2025-03-21 05:00:00+00:00,frozen_value,19.9,990.5,41.0,1.0,3,TIER_3_STATIC_MAHALANOBIS,-1,NORMAL,2,TIER_2_ROC_CUSUM,True
202,AWS-DEL-102,DEL,2025-03-21 05:00:00+00:00,frozen_value,18.0,988.7,46.0,1.0,3,TIER_3_STATIC_MAHALANOBIS,-1,NORMAL,-1,NORMAL,False
202,AWS-KOL-102,KOL,2025-03-21 05:00:00+00:00,frozen_value,25.0,1013.4,79.0,215.0,1,TIER_1_SPIKE,-1,NORMAL,2,TIER_2_ROC_CUSUM,True
202,AWS-BHO-103,BHO,2025-03-21 08:00:00+00:00,drift,25.1,958.7112063562778,50.0,1.0,3,TIER_3_STATIC_MAHALANOBIS,-1,NORMAL,-1,NORMAL,False
202,AWS-CHN-024,CHN,2025-03-21 08:00:00+00:00,drift,30.314399987593365,1014.7,65.0,2.0,1,TIER_1_SPIKE,-1,NORMAL,1,TIER_1_SPIKE,True
202,AWS-VAR-052,VAR,2025-03-21 08:00:00+00:00,drift,26.7,999.3395651196736,59.0,32.0,1,TIER_1_SPIKE,-1,NORMAL,-1,NORMAL,False
202,AWS-BHO-030,BHO,2025-03-21 08:00:00+00:00,drift,25.0,953.5692864656406,31.0,1.0,3,TIER_3_STATIC_MAHALANOBIS,-1,NORMAL,-1,NORMAL,False
202,AWS-VAR-052,VAR,2025-03-21 09:00:00+00:00,drift,27.1,998.6516884981165,57.0,33.0,1,TIER_1_SPIKE,-1,NORMAL,-1,NORMAL,False
202,AWS-BHO-101,BHO,2025-03-21 09:00:00+00:00,drift,28.2,953.2790757199052,23.0,1.0,3,TIER_3_STATIC_MAHALANOBIS,-1,NORMAL,-1,NORMAL,False
202,AWS-MUM-101,MUM,2025-03-21 11:00:00+00:00,drift,33.876365246778676,1014.1,33.0,15.0,1,TIER_1_SPIKE,-1,NORMAL,-1,NORMAL,False
202,AWS-MUM-101,MUM,2025-03-21 16:00:00+00:00,drift,34.162754784733785,1009.4,31.0,20.0,1,TIER_1_SPIKE,-1,NORMAL,-1,NORMAL,False
202,AWS-CHN-024,CHN,2025-03-21 17:00:00+00:00,drift,30.719884065745827,1009.9,67.0,11.0,1,TIER_1_SPIKE,-1,NORMAL,1,TIER_1_SPIKE,True
202,AWS-VAR-101,VAR,2025-03-21 18:00:00+00:00,frozen_value,31.3487861907478,1000.8,37.0,1.0,3,TIER_3_STATIC_MAHALANOBIS,-1,NORMAL,1,TIER_1_SPIKE,True
202,AWS-VAR-101,VAR,2025-03-21 19:00:00+00:00,frozen_value,31.29366939155268,1001.4,43.0,1.0,3,TIER_3_STATIC_MAHALANOBIS,-1,NORMAL,2,TIER_2_ROC_CUSUM,True
202,AWS-VAR-101,VAR,2025-03-21 20:00:00+00:00,frozen_value,31.36685786054283,1002.4,46.0,1.0,3,TIER_3_STATIC_MAHALANOBIS,-1,NORMAL,-1,NORMAL,False
202,AWS-VAR-101,VAR,2025-03-21 21:00:00+00:00,frozen_value,31.29878673529084,1002.8,51.0,1.0,3,TIER_3_STATIC_MAHALANOBIS,-1,NORMAL,-1,NORMAL,False
202,AWS-MUM-102,MUM,2025-03-22 14:00:00+00:00,unstructured_anomaly,31.738226472145904,1016.1309352515826,15.0,7.0,1,TIER_1_SPIKE,-1,NORMAL,-1,NORMAL,False
202,AWS-BHO-102,BHO,2025-03-22 14:00:00+00:00,unstructured_anomaly,27.9382264721459,971.4309352515826,15.0,1.0,3,TIER_3_STATIC_MAHALANOBIS,-1,NORMAL,-1,NORMAL,False
202,AWS-VAR-103,VAR,2025-03-22 16:00:00+00:00,unstructured_anomaly,26.358816065790315,1008.4619295385717,15.0,1.0,3,TIER_3_STATIC_MAHALANOBIS,-1,NORMAL,-1,NORMAL,False
202,AWS-BHO-101,BHO,2025-03-22 17:00:00+00:00,unstructured_anomaly,26.501060569269214,964.479291432647,15.0,1.0,3,TIER_3_STATIC_MAHALANOBIS,-1,NORMAL,-1,NORMAL,False
202,AWS-BHO-030,BHO,2025-03-22 19:00:00+00:00,unstructured_anomaly,23.13974867371227,964.096453477958,15.0,1.0,3,TIER_3_STATIC_MAHALANOBIS,-1,NORMAL,-1,NORMAL,False
202,AWS-MUM-007,MUM,2025-03-22 21:00:00+00:00,unstructured_anomaly,21.05069129274293,1018.361580250459,93.92792649755721,16.0,3,TIER_3_STATIC_MAHALANOBIS,-1,NORMAL,1,TIER_1_SPIKE,True
202,AWS-VAR-101,VAR,2025-03-22 21:00:00+00:00,unstructured_anomaly,31.672569919324623,997.5209684331683,47.76942217432242,1.0,3,TIER_3_STATIC_MAHALANOBIS,-1,NORMAL,-1,NORMAL,False
202,AWS-DEL-101,DEL,2025-03-22 21:00:00+00:00,unstructured_anomaly,29.87256991932462,983.8209684331682,51.76942217432242,1.0,3,TIER_3_STATIC_MAHALANOBIS,-1,NORMAL,-1,NORMAL,False
202,AWS-VAR-102,VAR,2025-03-22 21:00:00+00:00,unstructured_anomaly,30.47256991932462,997.5209684331683,49.76942217432242,1.0,3,TIER_3_STATIC_MAHALANOBIS,-1,NORMAL,-1,NORMAL,False
202,AWS-MUM-101,MUM,2025-03-22 23:00:00+00:00,unstructured_anomaly,32.32326305919205,1003.0811961603815,50.85984613140673,51.0,1,TIER_1_SPIKE,-1,NORMAL,-1,NORMAL,False
202,AWS-KOL-101,KOL,2025-03-23 02:00:00+00:00,drift,19.9,1013.3,96.04923191923658,1.0,3,TIER_3_STATIC_MAHALANOBIS,-1,NORMAL,1,TIER_1_SPIKE,True
202,AWS-DEL-102,DEL,2025-03-23 02:00:00+00:00,drift,17.8,986.3,56.04887746717882,1.0,3,TIER_3_STATIC_MAHALANOBIS,-1,NORMAL,-1,NORMAL,False
202,AWS-KOL-103,KOL,2025-03-23 03:00:00+00:00,drift,20.0,1012.7,96.17670454251856,1.0,3,TIER_3_STATIC_MAHALANOBIS,-1,NORMAL,1,TIER_1_SPIKE,True
202,AWS-DEL-011,DEL,2025-03-23 03:00:00+00:00,drift,19.8,988.0,51.175702772629805,1.0,3,TIER_3_STATIC_MAHALANOBIS,-1,NORMAL,1,TIER_1_SPIKE,True
202,AWS-DEL-102,DEL,2025-03-23 03:00:00+00:00,drift,17.7,986.3,56.175936571532596,1.0,3,TIER_3_STATIC_MAHALANOBIS,-1,NORMAL,2,TIER_2_ROC_CUSUM,True
202,AWS-KOL-101,KOL,2025-03-23 03:00:00+00:00,drift,19.6,1013.4,98.17664547564812,2.0,3,TIER_3_STATIC_MAHALANOBIS,-1,NORMAL,1,TIER_1_SPIKE,True
202,AWS-DEL-102,DEL,2025-03-23 04:00:00+00:00,drift,17.2,986.4,58.37360568210136,1.0,3,TIER_3_STATIC_MAHALANOBIS,-1,NORMAL,2,TIER_2_ROC_CUSUM,True
202,AWS-VAR-052,VAR,2025-03-23 05:00:00+00:00,unstructured_anomaly,27.875751004908366,996.8492759057453,64.51637494762565,4.0,1,TIER_1_SPIKE,-1,NORMAL,-1,NORMAL,False
202,AWS-DEL-102,DEL,2025-03-23 05:00:00+00:00,drift,16.6,986.8,59.63821560584805,1.0,3,TIER_3_STATIC_MAHALANOBIS,-1,NORMAL,1,TIER_1_SPIKE,True
202,AWS-BHO-103,BHO,2025-03-23 05:00:00+00:00,unstructured_anomaly,25.47575100490836,955.9492759057454,56.51637494762566,1.0,3,TIER_3_STATIC_MAHALANOBIS,-1,NORMAL,-1,NORMAL,False
202,AWS-DEL-102,DEL,2025-03-23 06:00:00+00:00,drift,17.2,987.5,62.967322847541176,1.0,3,TIER_3_STATIC_MAHALANOBIS,-1,NORMAL,-1,NORMAL,False
202,AWS-MUM-007,MUM,2025-03-23 08:00:00+00:00,unstructured_anomaly,20.683628547341637,1021.5225845164937,93.62357450210213,27.0,3,TIER_3_STATIC_MAHALANOBIS,-1,NORMAL,1,TIER_1_SPIKE,True
202,AWS-DEL-103,DEL,2025-03-23 08:00:00+00:00,drift,22.1,991.3,56.813452755826575,1.0,3,TIER_3_STATIC_MAHALANOBIS,-1,NORMAL,-1,NORMAL,False
202,AWS-RAN-101,RAN,2025-03-23 08:00:00+00:00,drift,24.8,945.8,42.8132064956591,1.0,3,TIER_3_STATIC_MAHALANOBIS,-1,NORMAL,1,TIER_1_SPIKE,True
202,AWS-KOL-102,KOL,2025-03-23 08:00:00+00:00,drift,25.0,1016.4,74.81570585179561,3.0,1,TIER_1_SPIKE,-1,NORMAL,-1,NORMAL,False
202,AWS-BHO-102,BHO,2025-03-23 09:00:00+00:00,drift,28.2,968.5,27.3212258538667,1.0,3,TIER_3_STATIC_MAHALANOBIS,-1,NORMAL,-1,NORMAL,False
202,AWS-RAN-067,RAN,2025-03-23 09:00:00+00:00,drift,26.9,945.9,32.326138034437044,1.0,3,TIER_3_STATIC_MAHALANOBIS,-1,NORMAL,-1,NORMAL,False
202,AWS-RAN-103,RAN,2025-03-23 09:00:00+00:00,drift,27.4,981.4,43.32654042707304,1.0,3,TIER_3_STATIC_MAHALANOBIS,-1,NORMAL,-1,NORMAL,False
202,AWS-BHO-101,BHO,2025-03-23 12:00:00+00:00,unstructured_anomaly,27.372775393872494,967.393197223197,27.150801756943448,1.0,3,TIER_3_STATIC_MAHALANOBIS,-1,NORMAL,-1,NORMAL,False
202,AWS-RAN-102,RAN,2025-03-23 13:00:00+00:00,drift,29.5,974.2,32.961446707307424,1.0,3,TIER_3_STATIC_MAHALANOBIS,-1,NORMAL,-1,NORMAL,False
202,AWS-RAN-102,RAN,2025-03-23 15:00:00+00:00,drift,29.5,972.7,33.617900969875166,1.0,3,TIER_3_STATIC_MAHALANOBIS,-1,NORMAL,2,TIER_2_ROC_CUSUM,True
202,AWS-RAN-067,RAN,2025-03-23 16:00:00+00:00,drift,27.5,941.4,30.52795490505136,1.0,3,TIER_3_STATIC_MAHALANOBIS,-1,NORMAL,-1,NORMAL,False
202,AWS-RAN-102,RAN,2025-03-23 16:00:00+00:00,drift,29.0,972.6,34.52883027177528,1.0,3,TIER_3_STATIC_MAHALANOBIS,-1,NORMAL,2,TIER_2_ROC_CUSUM,True
202,AWS-RAN-103,RAN,2025-03-23 16:00:00+00:00,drift,28.4,976.6,38.52870939124385,1.0,3,TIER_3_STATIC_MAHALANOBIS,-1,NORMAL,-1,NORMAL,False
202,AWS-VAR-102,VAR,2025-03-23 17:00:00+00:00,drift,29.5,1002.0,34.48971798943077,1.0,3,TIER_3_STATIC_MAHALANOBIS,-1,NORMAL,-1,NORMAL,False
202,AWS-RAN-101,RAN,2025-03-23 17:00:00+00:00,drift,25.4,941.7,46.493853323632244,1.0,3,TIER_3_STATIC_MAHALANOBIS,-1,NORMAL,-1,NORMAL,False
202,AWS-BHO-102,BHO,2025-03-23 18:00:00+00:00,drift,29.0,964.4,22.502254700362087,1.0,3,TIER_3_STATIC_MAHALANOBIS,-1,NORMAL,-1,NORMAL,False
202,AWS-BHO-030,BHO,2025-03-23 18:00:00+00:00,unstructured_anomaly,24.824257568003336,965.6984292684502,25.44266039602236,1.0,3,TIER_3_STATIC_MAHALANOBIS,-1,NORMAL,-1,NORMAL,False
202,AWS-DEL-103,DEL,2025-03-23 21:00:00+00:00,drift,22.5,989.8,55.892428078334234,1.0,3,TIER_3_STATIC_MAHALANOBIS,-1,NORMAL,-1,NORMAL,False
202,AWS-CHN-024,CHN,2025-03-23 21:00:00+00:00,drift,28.7,1012.0485656381998,78.0,16.0,1,TIER_1_SPIKE,-1,NORMAL,-1,NORMAL,False
202,AWS-KOL-015,KOL,2025-03-23 21:00:00+00:00,drift,23.3,1013.8,92.89774926272027,1.0,3,TIER_3_STATIC_MAHALANOBIS,-1,NORMAL,-1,NORMAL,False
202,AWS-KOL-015,KOL,2025-03-23 22:00:00+00:00,drift,22.9,1013.8,96.12971100933065,2.0,1,TIER_1_SPIKE,-1,NORMAL,-1,NORMAL,False
202,AWS-KOL-101,KOL,2025-03-24 02:00:00+00:00,frozen_value,19.9,1014.4031484651115,95.0,1.0,3,TIER_3_STATIC_MAHALANOBIS,-1,NORMAL,1,TIER_1_SPIKE,True
202,AWS-KOL-101,KOL,2025-03-24 03:00:00+00:00,frozen_value,19.3,1014.42329916091,95.0,2.0,1,TIER_1_SPIKE,-1,NORMAL,1,TIER_1_SPIKE,True
202,AWS-DEL-102,DEL,2025-03-24 04:00:00+00:00,frozen_value,18.3,988.243256096359,52.0,1.0,3,TIER_3_STATIC_MAHALANOBIS,-1,NORMAL,-1,NORMAL,False
202,AWS-DEL-011,DEL,2025-03-24 04:00:00+00:00,frozen_value,21.5,989.9432560963589,44.0,1.0,3,TIER_3_STATIC_MAHALANOBIS,-1,NORMAL,2,TIER_2_ROC_CUSUM,True
202,AWS-KOL-101,KOL,2025-03-24 04:00:00+00:00,frozen_value,18.9,1014.4432560963589,96.0,3.0,1,TIER_1_SPIKE,-1,NORMAL,1,TIER_1_SPIKE,True
202,AWS-KOL-101,KOL,2025-03-24 05:00:00+00:00,frozen_value,18.5,1014.4115862327313,98.0,4.0,1,TIER_1_SPIKE,-1,NORMAL,1,TIER_1_SPIKE,True
202,AWS-DEL-103,DEL,2025-03-24 08:00:00+00:00,drift,22.5,991.5,54.0,1.0,3,TIER_3_STATIC_MAHALANOBIS,-1,NORMAL,-1,NORMAL,False
202,AWS-VAR-102,VAR,2025-03-24 09:00:00+00:00,drift,28.2057454263512,1007.4,40.0,1.0,3,TIER_3_STATIC_MAHALANOBIS,-1,NORMAL,-1,NORMAL,False
202,AWS-BHO-102,BHO,2025-03-24 09:00:00+00:00,drift,29.005743865801136,969.2,25.0,1.0,3,TIER_3_STATIC_MAHALANOBIS,-1,NORMAL,-1,NORMAL,False
202,AWS-RAN-101,RAN,2025-03-24 09:00:00+00:00,drift,25.505807769814403,946.8,51.0,1.0,3,TIER_3_STATIC_MAHALANOBIS,-1,NORMAL,-1,NORMAL,False
202,AWS-RAN-103,RAN,2025-03-24 09:00:00+00:00,drift,28.405724341146936,982.0,41.0,1.0,3,TIER_3_STATIC_MAHALANOBIS,-1,NORMAL,-1,NORMAL,False
202,AWS-RAN-102,RAN,2025-03-24 09:00:00+00:00,drift,27.405714786961646,978.0,49.0,1.0,3,TIER_3_STATIC_MAHALANOBIS,-1,NORMAL,1,TIER_1_SPIKE,True
202,AWS-VAR-101,VAR,2025-03-24 10:00:00+00:00,drift,30.91150711077412,1006.8,30.0,1.0,3,TIER_3_STATIC_MAHALANOBIS,-1,NORMAL,-1,NORMAL,False
202,AWS-RAN-067,RAN,2025-03-24 10:00:00+00:00,drift,26.81161845482644,946.2,34.0,1.0,3,TIER_3_STATIC_MAHALANOBIS,-1,NORMAL,-1,NORMAL,False
202,AWS-RAN-067,RAN,2025-03-24 11:00:00+00:00,drift,27.417427682239666,945.2,31.0,1.0,3,TIER_3_STATIC_MAHALANOBIS,-1,NORMAL,2,TIER_2_ROC_CUSUM,True
202,AWS-MUM-102,MUM,2025-03-24 11:00:00+00:00,drift,33.41756611555414,1011.7,42.0,5.0,1,TIER_1_SPIKE,-1,NORMAL,-1,NORMAL,False
202,AWS-RAN-067,RAN,2025-03-24 12:00:00+00:00,drift,27.823236909652888,944.0,29.0,1.0,3,TIER_3_STATIC_MAHALANOBIS,-1,NORMAL,1,TIER_1_SPIKE,True
202,AWS-RAN-067,RAN,2025-03-24 13:00:00+00:00,drift,28.029046137066107,942.6,28.0,1.0,3,TIER_3_STATIC_MAHALANOBIS,-1,NORMAL,1,TIER_1_SPIKE,True
202,AWS-RAN-067,RAN,2025-03-24 14:00:00+00:00,drift,28.034855364479327,941.6,27.0,1.0,3,TIER_3_STATIC_MAHALANOBIS,-1,NORMAL,1,TIER_1_SPIKE,True
202,AWS-RAN-067,RAN,2025-03-24 15:00:00+00:00,drift,27.84066459189255,941.0,27.0,1.0,3,TIER_3_STATIC_MAHALANOBIS,-1,NORMAL,1,TIER_1_SPIKE,True
202,AWS-RAN-101,RAN,2025-03-24 17:00:00+00:00,drift,24.752269928329632,941.218785880134,48.0,1.0,3,TIER_3_STATIC_MAHALANOBIS,-1,NORMAL,-1,NORMAL,False
202,AWS-VAR-103,VAR,2025-03-24 17:00:00+00:00,drift,29.05153393508037,1000.4187858801339,37.0,1.0,3,TIER_3_STATIC_MAHALANOBIS,-1,NORMAL,-1,NORMAL,False
202,AWS-BHO-102,BHO,2025-03-24 18:00:00+00:00,drift,28.05743865801138,963.7223474938114,14.0,1.0,3,TIER_3_STATIC_MAHALANOBIS,-1,NORMAL,-1,NORMAL,False
202,AWS-BHO-030,BHO,2025-03-24 19:00:00+00:00,drift,25.457373191944402,956.469909323456,17.0,1.0,3,TIER_3_STATIC_MAHALANOBIS,-1,NORMAL,-1,NORMAL,False
202,AWS-KOL-102,KOL,2025-03-24 20:00:00+00:00,drift,23.470341871200542,1009.7081737007713,67.0,15.0,1,TIER_1_SPIKE,-1,NORMAL,-1,NORMAL,False
202,AWS-KOL-102,KOL,2025-03-24 21:00:00+00:00,drift,22.876203693800587,1009.6886130675485,67.0,16.0,1,TIER_1_SPIKE,-1,NORMAL,-1,NORMAL,False
202,AWS-DEL-103,DEL,2025-03-24 21:00:00+00:00,drift,21.874489648631013,986.9886130675485,40.0,1.0,3,TIER_3_STATIC_MAHALANOBIS,-1,NORMAL,-1,NORMAL,False
202,AWS-DEL-011,DEL,2025-03-24 23:00:00+00:00,drift,22.086518640583428,987.2816556150376,39.0,1.0,3,TIER_3_STATIC_MAHALANOBIS,-1,NORMAL,1,TIER_1_SPIKE,True
202,AWS-MUM-007,MUM,2025-03-25 00:00:00+00:00,drift,19.433686597425474,1010.4,79.0,6.0,1,TIER_1_SPIKE,-1,NORMAL,1,TIER_1_SPIKE,True
202,AWS-KOL-101,KOL,2025-03-25 01:00:00+00:00,drift,19.19969665275144,1010.1,80.0,19.0,1,TIER_1_SPIKE,-1,NORMAL,1,TIER_1_SPIKE,True
202,AWS-DEL-102,DEL,2025-03-25 01:00:00+00:00,drift,19.597569658668245,985.0,43.0,1.0,3,TIER_3_STATIC_MAHALANOBIS,-1,NORMAL,-1,NORMAL,False
202,AWS-DEL-102,DEL,2025-03-25 08:00:00+00:00,drift,19.537745400472815,985.6,43.0,1.0,3,TIER_3_STATIC_MAHALANOBIS,-1,NORMAL,-1,NORMAL,False
202,AWS-KOL-102,KOL,2025-03-25 08:00:00+00:00,drift,22.440683742401085,1010.7,75.0,2.0,1,TIER_1_SPIKE,-1,NORMAL,-1,NORMAL,False
202,AWS-RAN-101,RAN,2025-03-25 10:00:00+00:00,drift,23.451002015174495,942.5,36.0,1.0,3,TIER_3_STATIC_MAHALANOBIS,-1,NORMAL,-1,NORMAL,False
202,AWS-BHO-102,BHO,2025-03-25 10:00:00+00:00,drift,28.149340510829592,965.6,15.0,1.0,3,TIER_3_STATIC_MAHALANOBIS,-1,NORMAL,-1,NORMAL,False
202,AWS-VAR-102,VAR,2025-03-25 10:00:00+00:00,drift,27.14938108513122,1002.5,26.0,1.0,3,TIER_3_STATIC_MAHALANOBIS,-1,NORMAL,-1,NORMAL,False
202,AWS-RAN-103,RAN,2025-03-25 11:00:00+00:00,drift,27.354557210967197,976.1,25.0,1.0,3,TIER_3_STATIC_MAHALANOBIS,-1,NORMAL,-1,NORMAL,False
202,AWS-VAR-103,VAR,2025-03-25 11:00:00+00:00,drift,27.754601805241116,1000.7,24.0,1.0,3,TIER_3_STATIC_MAHALANOBIS,-1,NORMAL,-1,NORMAL,False
202,AWS-VAR-101,VAR,2025-03-25 12:00:00+00:00,drift,29.06109955083768,1000.3,18.0,1.0,3,TIER_3_STATIC_MAHALANOBIS,-1,NORMAL,-1,NORMAL,False
202,AWS-RAN-103,RAN,2025-03-25 12:00:00+00:00,drift,27.96028155211413,974.7,23.0,1.0,3,TIER_3_STATIC_MAHALANOBIS,-1,NORMAL,2,TIER_2_ROC_CUSUM,True
202,AWS-VAR-103,VAR,2025-03-25 12:00:00+00:00,drift,28.160327798027822,999.5,23.0,1.0,3,TIER_3_STATIC_MAHALANOBIS,-1,NORMAL,2,TIER_2_ROC_CUSUM,True
202,AWS-MUM-102,MUM,2025-03-25 12:00:00+00:00,drift,31.963950411838645,1007.3,27.0,30.0,1,TIER_1_SPIKE,-1,NORMAL,-1,NORMAL,False
202,AWS-VAR-103,VAR,2025-03-25 13:00:00+00:00,drift,28.46605379081453,998.1,22.0,1.0,3,TIER_3_STATIC_MAHALANOBIS,-1,NORMAL,2,TIER_2_ROC_CUSUM,True
202,AWS-RAN-103,RAN,2025-03-25 13:00:00+00:00,drift,28.066005893261067,973.5,21.0,1.0,3,TIER_3_STATIC_MAHALANOBIS,-1,NORMAL,2,TIER_2_ROC_CUSUM,True
202,AWS-MUM-102,MUM,2025-03-25 13:00:00+00:00,drift,31.969805783690028,1005.9,31.0,31.0,1,TIER_1_SPIKE,-1,NORMAL,2,TIER_2_ROC_CUSUM,True
202,AWS-VAR-101,VAR,2025-03-25 13:00:00+00:00,drift,29.16685310622474,998.9,17.0,1.0,3,TIER_3_STATIC_MAHALANOBIS,-1,NORMAL,2,TIER_2_ROC_CUSUM,True
202,AWS-RAN-103,RAN,2025-03-25 14:00:00+00:00,drift,27.971730234407993,972.4,21.0,1.0,3,TIER_3_STATIC_MAHALANOBIS,-1,NORMAL,2,TIER_2_ROC_CUSUM,True
202,AWS-VAR-103,VAR,2025-03-25 14:00:00+00:00,drift,28.671779783601238,996.8,21.0,1.0,3,TIER_3_STATIC_MAHALANOBIS,-1,NORMAL,1,TIER_1_SPIKE,True
202,AWS-VAR-101,VAR,2025-03-25 14:00:00+00:00,drift,28.872606661611805,997.7,16.0,1.0,3,TIER_3_STATIC_MAHALANOBIS,-1,NORMAL,2,TIER_2_ROC_CUSUM,True
202,AWS-MUM-102,MUM,2025-03-25 14:00:00+00:00,drift,31.375661155541408,1005.0,32.0,32.0,1,TIER_1_SPIKE,-1,NORMAL,2,TIER_2_ROC_CUSUM,True
202,AWS-RAN-103,RAN,2025-03-25 15:00:00+00:00,drift,27.57745457555493,971.9,21.0,1.0,3,TIER_3_STATIC_MAHALANOBIS,-1,NORMAL,-1,NORMAL,False
202,AWS-VAR-101,VAR,2025-03-25 15:00:00+00:00,drift,28.27836021699886,997.1,18.0,1.0,3,TIER_3_STATIC_MAHALANOBIS,-1,NORMAL,2,TIER_2_ROC_CUSUM,True
202,AWS-VAR-103,VAR,2025-03-25 15:00:00+00:00,drift,28.477505776387947,996.0,20.0,1.0,3,TIER_3_STATIC_MAHALANOBIS,-1,NORMAL,1,TIER_1_SPIKE,True
202,AWS-RAN-101,RAN,2025-03-25 16:00:00+00:00,drift,24.28584863406092,937.5,26.0,1.0,3,TIER_3_STATIC_MAHALANOBIS,-1,NORMAL,-1,NORMAL,False
202,AWS-DEL-103,DEL,2025-03-25 18:00:00+00:00,drift,23.594819081034956,982.7,27.0,1.0,3,TIER_3_STATIC_MAHALANOBIS,-1,NORMAL,-1,NORMAL,False
202,AWS-BHO-101,BHO,2025-03-25 20:00:00+00:00,drift,27.8,953.2,16.0,1.0,3,TIER_3_STATIC_MAHALANOBIS,-1,NORMAL,-1,NORMAL,False
202,AWS-DEL-102,DEL,2025-03-25 21:00:00+00:00,drift,20.612357492395596,982.5,29.0,1.0,3,TIER_3_STATIC_MAHALANOBIS,-1,NORMAL,-1,NORMAL,False
202,AWS-DEL-011,DEL,2025-03-25 21:00:00+00:00,drift,21.613412646772453,984.3,31.0,1.0,3,TIER_3_STATIC_MAHALANOBIS,-1,NORMAL,1,TIER_1_SPIKE,True
202,AWS-VAR-052,VAR,2025-03-25 22:00:00+00:00,drift,27.2,998.7,32.737603652978606,39.0,1,TIER_1_SPIKE,-1,NORMAL,-1,NORMAL,False
202,AWS-BHO-030,BHO,2025-03-25 22:00:00+00:00,drift,27.4,954.1,19.738478438921707,1.0,3,TIER_3_STATIC_MAHALANOBIS,-1,NORMAL,-1,NORMAL,False
202,AWS-BHO-103,BHO,2025-03-25 23:00:00+00:00,drift,23.7,958.6,24.53061072105891,1.0,3,TIER_3_STATIC_MAHALANOBIS,-1,NORMAL,-1,NORMAL,False
202,AWS-BHO-103,BHO,2025-03-26 00:00:00+00:00,drift,23.6,958.2,24.289386324363058,1.0,3,TIER_3_STATIC_MAHALANOBIS,-1,NORMAL,-1,NORMAL,False
202,AWS-BHO-103,BHO,2025-03-26 07:00:00+00:00,drift,23.5,959.3,32.94290148097108,1.0,3,TIER_3_STATIC_MAHALANOBIS,-1,NORMAL,-1,NORMAL,False
202,AWS-BHO-030,BHO,2025-03-26 08:00:00+00:00,drift,27.5,955.1,22.534987673277676,1.0,3,TIER_3_STATIC_MAHALANOBIS,-1,NORMAL,-1,NORMAL,False
202,AWS-BHO-101,BHO,2025-03-26 08:00:00+00:00,drift,28.3,954.8,19.536312912361346,1.0,3,TIER_3_STATIC_MAHALANOBIS,-1,NORMAL,-1,NORMAL,False
202,AWS-MUM-102,MUM,2025-03-26 16:00:00+00:00,drift,33.4,1004.7,42.52321697656129,10.0,1,TIER_1_SPIKE,-1,NORMAL,-1,NORMAL,False
202,AWS-RAN-102,RAN,2025-03-26 17:00:00+00:00,drift,30.4,966.7,31.670089697270253,1.0,3,TIER_3_STATIC_MAHALANOBIS,-1,NORMAL,-1,NORMAL,False
202,AWS-RAN-067,RAN,2025-03-26 17:00:00+00:00,drift,28.2,936.1,30.66948534197059,1.0,3,TIER_3_STATIC_MAHALANOBIS,-1,NORMAL,1,TIER_1_SPIKE,True
202,AWS-DEL-101,DEL,2025-03-26 18:00:00+00:00,drift,33.4,982.3,22.927158650443975,1.0,3,TIER_3_STATIC_MAHALANOBIS,-1,NORMAL,-1,NORMAL,False
202,AWS-RAN-103,RAN,2025-03-26 18:00:00+00:00,drift,28.0,970.7,30.927387951021583,1.0,3,TIER_3_STATIC_MAHALANOBIS,-1,NORMAL,-1,NORMAL,False
202,AWS-VAR-103,VAR,2025-03-26 19:00:00+00:00,drift,30.5,994.6,29.289454201039938,1.0,3,TIER_3_STATIC_MAHALANOBIS,-1,NORMAL,1,TIER_1_SPIKE,True
202,AWS-VAR-102,VAR,2025-03-26 19:00:00+00:00,drift,29.2,995.7,34.288843657992786,1.0,3,TIER_3_STATIC_MAHALANOBIS,-1,NORMAL,-1,NORMAL,False
202,AWS-RAN-101,RAN,2025-03-26 19:00:00+00:00,drift,26.1,936.8,33.29228970814819,1.0,3,TIER_3_STATIC_MAHALANOBIS,-1,NORMAL,-1,NORMAL,False
202,AWS-BHO-102,BHO,2025-03-26 19:00:00+00:00,drift,30.4,958.4,26.283371591859662,1.0,3,TIER_3_STATIC_MAHALANOBIS,-1,NORMAL,-1,NORMAL,False
202,AWS-VAR-101,VAR,2025-03-26 20:00:00+00:00,drift,28.8,996.4,35.76105771535921,1.0,3,TIER_3_STATIC_MAHALANOBIS,-1,NORMAL,-1,NORMAL,False
202,AWS-BHO-030,BHO,2025-03-27 00:00:00+00:00,drift,28.7,952.8,7.227894668611761,1.0,3,TIER_3_STATIC_MAHALANOBIS,-1,NORMAL,-1,NORMAL,False
202,AWS-VAR-052,VAR,2025-03-27 00:00:00+00:00,drift,27.1,996.2,16.215647665408348,18.0,1,TIER_1_SPIKE,-1,NORMAL,-1,NORMAL,False
202,AWS-CHN-024,CHN,2025-03-27 00:00:00+00:00,drift,27.4,1007.6,100.0,1.0,3,TIER_3_STATIC_MAHALANOBIS,-1,NORMAL,-1,NORMAL,False
202,AWS-BHO-103,BHO,2025-03-27 01:00:00+00:00,drift,22.8,957.1,17.613595214972833,1.0,3,TIER_3_STATIC_MAHALANOBIS,-1,NORMAL,-1,NORMAL,False
202,AWS-CHN-024,CHN,2025-03-27 01:00:00+00:00,drift,26.8,1006.9,100.0,2.0,1,TIER_1_SPIKE,-1,NORMAL,2,TIER_2_ROC_CUSUM,True
202,AWS-BHO-030,BHO,2025-03-27 01:00:00+00:00,drift,28.1,952.3,7.616131164251872,1.0,3,TIER_3_STATIC_MAHALANOBIS,-1,NORMAL,-1,NORMAL,False
202,AWS-BHO-103,BHO,2025-03-27 02:00:00+00:00,drift,22.7,956.3,16.992301905950804,1.0,3,TIER_3_STATIC_MAHALANOBIS,-1,NORMAL,2,TIER_2_ROC_CUSUM,True
202,AWS-CHN-024,CHN,2025-03-27 02:00:00+00:00,drift,26.5,1006.3,100.0,3.0,1,TIER_1_SPIKE,-1,NORMAL,1,TIER_1_SPIKE,True
202,AWS-BHO-103,BHO,2025-03-27 03:00:00+00:00,drift,22.7,956.6,16.361742292264957,1.0,3,TIER_3_STATIC_MAHALANOBIS,-1,NORMAL,2,TIER_2_ROC_CUSUM,True
202,AWS-BHO-101,BHO,2025-03-27 07:00:00+00:00,drift,26.5,953.8,12.756990775828594,1.0,3,TIER_3_STATIC_MAHALANOBIS,-1,NORMAL,-1,NORMAL,False
202,AWS-RAN-067,RAN,2025-03-27 08:00:00+00:00,spike,28.8,928.3938212701362,29.0,1.0,3,TIER_3_STATIC_MAHALANOBIS,-1,NORMAL,1,TIER_1_SPIKE,True
202,AWS-DEL-103,DEL,2025-03-27 09:00:00+00:00,unstructured_anomaly,23.61819569881873,991.5714295353448,15.0,1.0,3,TIER_3_STATIC_MAHALANOBIS,-1,NORMAL,-1,NORMAL,False
202,AWS-DEL-011,DEL,2025-03-27 09:00:00+00:00,unstructured_anomaly,23.418195698818728,991.9714295353448,15.0,1.0,3,TIER_3_STATIC_MAHALANOBIS,-1,NORMAL,1,TIER_1_SPIKE,True
202,AWS-KOL-102,KOL,2025-03-28 07:00:00+00:00,unstructured_anomaly,22.747397941020843,1011.9325782298479,79.15228581714372,73.0,1,TIER_1_SPIKE,-1,NORMAL,1,TIER_1_SPIKE,True
202,AWS-DEL-101,DEL,2025-03-28 09:00:00+00:00,unstructured_anomaly,33.9407055599388,980.91890843811,15.0,1.0,3,TIER_3_STATIC_MAHALANOBIS,-1,NORMAL,-1,NORMAL,False
202,AWS-CHN-024,CHN,2025-03-28 23:00:00+00:00,drift,27.9,1000.5289490039787,88.0,1.0,3,TIER_3_STATIC_MAHALANOBIS,-1,NORMAL,-1,NORMAL,False
202,AWS-DEL-011,DEL,2025-03-28 23:00:00+00:00,drift,22.1,986.5,18.223464737562185,1.0,3,TIER_3_STATIC_MAHALANOBIS,-1,NORMAL,1,TIER_1_SPIKE,True
202,AWS-RAN-101,RAN,2025-03-28 23:00:00+00:00,drift,25.2,936.8,33.222870710790346,1.0,3,TIER_3_STATIC_MAHALANOBIS,-1,NORMAL,-1,NORMAL,False
202,AWS-VAR-101,VAR,2025-03-28 23:00:00+00:00,drift,28.3,996.7,28.223466156815206,1.0,3,TIER_3_STATIC_MAHALANOBIS,-1,NORMAL,-1,NORMAL,False
202,AWS-DEL-103,DEL,2025-03-28 23:00:00+00:00,drift,21.6,985.9,17.2228435782044,1.0,3,TIER_3_STATIC_MAHALANOBIS,-1,NORMAL,-1,NORMAL,False
202,AWS-RAN-103,RAN,2025-03-28 23:00:00+00:00,drift,26.6,971.5,33.22284267836765,1.0,3,TIER_3_STATIC_MAHALANOBIS,-1,NORMAL,-1,NORMAL,False
202,AWS-CHN-024,CHN,2025-03-29 00:00:00+00:00,drift,27.4,999.7529921405232,91.0,2.0,1,TIER_1_SPIKE,-1,NORMAL,-1,NORMAL,False
202,AWS-RAN-101,RAN,2025-03-29 00:00:00+00:00,drift,25.3,936.3,32.83430606618552,1.0,3,TIER_3_STATIC_MAHALANOBIS,-1,NORMAL,-1,NORMAL,False
202,AWS-RAN-103,RAN,2025-03-29 00:00:00+00:00,drift,26.2,970.9,33.83426401755147,1.0,3,TIER_3_STATIC_MAHALANOBIS,-1,NORMAL,-1,NORMAL,False
202,AWS-VAR-101,VAR,2025-03-29 00:00:00+00:00,drift,27.8,996.3,25.83519923522281,1.0,3,TIER_3_STATIC_MAHALANOBIS,-1,NORMAL,-1,NORMAL,False
202,AWS-CHN-024,CHN,2025-03-29 01:00:00+00:00,drift,26.8,998.7770352770676,92.0,3.0,1,TIER_1_SPIKE,-1,NORMAL,2,TIER_2_ROC_CUSUM,True
202,AWS-RAN-103,RAN,2025-03-29 01:00:00+00:00,drift,26.7,970.2,31.44568535673529,1.0,3,TIER_3_STATIC_MAHALANOBIS,-1,NORMAL,-1,NORMAL,False
202,AWS-RAN-101,RAN,2025-03-29 01:00:00+00:00,drift,25.2,935.8,32.44574142158069,1.0,3,TIER_3_STATIC_MAHALANOBIS,-1,NORMAL,-1,NORMAL,False
202,AWS-CHN-024,CHN,2025-03-29 02:00:00+00:00,drift,26.3,998.0010784136122,92.0,4.0,1,TIER_1_SPIKE,-1,NORMAL,1,TIER_1_SPIKE,True
202,AWS-VAR-052,VAR,2025-03-29 02:00:00+00:00,drift,26.7,995.6,14.205933930573345,20.0,1,TIER_1_SPIKE,-1,NORMAL,-1,NORMAL,False
202,AWS-RAN-103,RAN,2025-03-29 02:00:00+00:00,drift,26.6,969.8,32.05710669591912,1.0,3,TIER_3_STATIC_MAHALANOBIS,-1,NORMAL,2,TIER_2_ROC_CUSUM,True
202,AWS-RAN-101,RAN,2025-03-29 02:00:00+00:00,drift,24.7,935.3,34.05717677697586,1.0,3,TIER_3_STATIC_MAHALANOBIS,-1,NORMAL,2,TIER_2_ROC_CUSUM,True
202,AWS-RAN-103,RAN,2025-03-29 03:00:00+00:00,drift,26.0,969.9,33.66852803510294,1.0,3,TIER_3_STATIC_MAHALANOBIS,-1,NORMAL,2,TIER_2_ROC_CUSUM,True
202,AWS-RAN-101,RAN,2025-03-29 03:00:00+00:00,drift,24.3,935.1,35.66861213237103,1.0,3,TIER_3_STATIC_MAHALANOBIS,-1,NORMAL,1,TIER_1_SPIKE,True
202,AWS-RAN-103,RAN,2025-03-29 04:00:00+00:00,drift,25.6,970.2,34.27994937428676,1.0,3,TIER_3_STATIC_MAHALANOBIS,-1,NORMAL,1,TIER_1_SPIKE,True
202,AWS-RAN-101,RAN,2025-03-29 04:00:00+00:00,drift,24.0,935.5,35.280047487766204,1.0,3,TIER_3_STATIC_MAHALANOBIS,-1,NORMAL,1,TIER_1_SPIKE,True
202,AWS-RAN-103,RAN,2025-03-29 05:00:00+00:00,drift,25.1,971.2,34.89137071347058,1.0,3,TIER_3_STATIC_MAHALANOBIS,-1,NORMAL,1,TIER_1_SPIKE,True
202,AWS-RAN-103,RAN,2025-03-29 06:00:00+00:00,drift,25.6,972.6,37.50279205265441,1.0,3,TIER_3_STATIC_MAHALANOBIS,-1,NORMAL,1,TIER_1_SPIKE,True
202,AWS-RAN-101,RAN,2025-03-29 06:00:00+00:00,drift,23.5,937.4,39.50291819855655,1.0,3,TIER_3_STATIC_MAHALANOBIS,-1,NORMAL,1,TIER_1_SPIKE,True
202,AWS-CHN-024,CHN,2025-03-29 06:00:00+00:00,drift,25.8,998.0972509597901,93.0,8.0,1,TIER_1_SPIKE,-1,NORMAL,1,TIER_1_SPIKE,True
202,AWS-RAN-067,RAN,2025-03-29 08:00:00+00:00,drift,26.9,939.7,25.726246490690183,1.0,3,TIER_3_STATIC_MAHALANOBIS,-1,NORMAL,1,TIER_1_SPIKE,True
202,AWS-MUM-101,MUM,2025-03-29 09:00:00+00:00,drift,33.079549313418184,998.7195404602754,19.0,22.0,3,TIER_3_STATIC_MAHALANOBIS,-1,NORMAL,-1,NORMAL,False
202,AWS-DEL-011,DEL,2025-03-29 09:00:00+00:00,drift,21.4,987.3,21.34078842537312,1.0,3,TIER_3_STATIC_MAHALANOBIS,-1,NORMAL,-1,NORMAL,False
202,AWS-VAR-052,VAR,2025-03-29 09:00:00+00:00,drift,27.6,1000.6645260821624,5.18260555306729,27.0,1,TIER_1_SPIKE,-1,NORMAL,-1,NORMAL,False
202,AWS-VAR-101,VAR,2025-03-29 09:00:00+00:00,drift,27.3,1000.7,19.34079694089123,1.0,3,TIER_3_STATIC_MAHALANOBIS,-1,NORMAL,-1,NORMAL,False
202,AWS-MUM-103,MUM,2025-03-29 09:00:00+00:00,drift,32.47952630127814,998.1147654565759,20.0,22.0,3,TIER_3_STATIC_MAHALANOBIS,-1,NORMAL,-1,NORMAL,False
202,AWS-DEL-102,DEL,2025-03-29 09:00:00+00:00,drift,20.4,986.1,25.33939755149192,1.0,3,TIER_3_STATIC_MAHALANOBIS,-1,NORMAL,-1,NORMAL,False
202,AWS-DEL-103,DEL,2025-03-29 09:00:00+00:00,drift,21.8,986.7,20.337061469226402,1.0,3,TIER_3_STATIC_MAHALANOBIS,-1,NORMAL,-1,NORMAL,False
202,AWS-VAR-102,VAR,2025-03-29 09:00:00+00:00,drift,27.4,1000.7,19.34054388081075,1.0,3,TIER_3_STATIC_MAHALANOBIS,-1,NORMAL,-1,NORMAL,False
202,AWS-RAN-102,RAN,2025-03-29 10:00:00+00:00,drift,31.7,971.4,16.948530514396438,1.0,3,TIER_3_STATIC_MAHALANOBIS,-1,NORMAL,-1,NORMAL,False
202,AWS-VAR-103,VAR,2025-03-29 10:00:00+00:00,drift,29.5,999.8,12.951762383054504,1.0,3,TIER_3_STATIC_MAHALANOBIS,-1,NORMAL,1,TIER_1_SPIKE,True
202,AWS-BHO-102,BHO,2025-03-29 11:00:00+00:00,drift,30.9,964.5,4.569495870630761,1.0,3,TIER_3_STATIC_MAHALANOBIS,-1,NORMAL,-1,NORMAL,False
202,AWS-RAN-067,RAN,2025-03-29 18:00:00+00:00,drift,26.9,936.4,14.841016027681258,1.0,3,TIER_3_STATIC_MAHALANOBIS,-1,NORMAL,1,TIER_1_SPIKE,True
202,AWS-BHO-101,BHO,2025-03-29 18:00:00+00:00,drift,29.6,952.0787074245155,9.0,1.0,3,TIER_3_STATIC_MAHALANOBIS,-1,NORMAL,-1,NORMAL,False
202,AWS-BHO-030,BHO,2025-03-29 19:00:00+00:00,drift,29.3,952.8919505412622,9.0,1.0,3,TIER_3_STATIC_MAHALANOBIS,-1,NORMAL,-1,NORMAL,False
202,AWS-VAR-102,VAR,2025-03-29 19:00:00+00:00,drift,28.4,997.3,6.457663781486371,1.0,3,TIER_3_STATIC_MAHALANOBIS,-1,NORMAL,-1,NORMAL,False
202,AWS-BHO-103,BHO,2025-03-29 19:00:00+00:00,drift,26.4,957.7380189415976,17.0,1.0,3,TIER_3_STATIC_MAHALANOBIS,-1,NORMAL,-1,NORMAL,False
202,AWS-RAN-103,RAN,2025-03-29 20:00:00+00:00,drift,25.1,972.8,24.062690801227923,1.0,3,TIER_3_STATIC_MAHALANOBIS,-1,NORMAL,1,TIER_1_SPIKE,True
202,AWS-VAR-101,VAR,2025-03-29 20:00:00+00:00,drift,28.2,998.3,7.069860803374862,1.0,3,TIER_3_STATIC_MAHALANOBIS,-1,NORMAL,-1,NORMAL,False
202,AWS-VAR-052,VAR,2025-03-29 20:00:00+00:00,drift,28.4,996.3454549539522,15.0,38.0,1,TIER_1_SPIKE,-1,NORMAL,-1,NORMAL,False
202,AWS-DEL-102,DEL,2025-03-29 21:00:00+00:00,drift,21.7,984.3,16.67879510298384,1.0,3,TIER_3_STATIC_MAHALANOBIS,-1,NORMAL,-1,NORMAL,False
202,AWS-DEL-103,DEL,2025-03-29 22:00:00+00:00,drift,22.7,985.4,12.285544727555006,1.0,3,TIER_3_STATIC_MAHALANOBIS,-1,NORMAL,-1,NORMAL,False
202,AWS-DEL-103,DEL,2025-03-29 23:00:00+00:00,drift,22.2,985.2,11.896966516657205,1.0,3,TIER_3_STATIC_MAHALANOBIS,-1,NORMAL,-1,NORMAL,False
202,AWS-DEL-011,DEL,2025-03-29 23:00:00+00:00,drift,22.6,985.8,10.905041588308425,1.0,3,TIER_3_STATIC_MAHALANOBIS,-1,NORMAL,-1,NORMAL,False
202,AWS-DEL-011,DEL,2025-03-30 00:00:00+00:00,drift,22.0,985.4,11.51677395708952,1.0,3,TIER_3_STATIC_MAHALANOBIS,-1,NORMAL,-1,NORMAL,False
202,AWS-DEL-103,DEL,2025-03-30 00:00:00+00:00,drift,21.7,984.8,11.508388305759407,1.0,3,TIER_3_STATIC_MAHALANOBIS,-1,NORMAL,-1,NORMAL,False
202,AWS-MUM-101,MUM,2025-03-30 00:00:00+00:00,drift,33.93062821887005,1006.5,27.0,6.0,1,TIER_1_SPIKE,-1,NORMAL,-1,NORMAL,False
202,AWS-MUM-101,MUM,2025-03-30 01:00:00+00:00,drift,33.38452015614295,1006.0,29.0,7.0,1,TIER_1_SPIKE,-1,NORMAL,-1,NORMAL,False
202,AWS-MUM-103,MUM,2025-03-30 01:00:00+00:00,drift,34.08446646114953,1005.6,28.0,3.0,1,TIER_1_SPIKE,-1,NORMAL,-1,NORMAL,False
202,AWS-RAN-103,RAN,2025-03-30 07:00:00+00:00,drift,25.5,976.3,16.78832553224997,1.0,3,TIER_3_STATIC_MAHALANOBIS,-1,NORMAL,-1,NORMAL,False
202,AWS-RAN-067,RAN,2025-03-30 08:00:00+00:00,drift,25.7,942.2,6.401693379468764,1.0,3,TIER_3_STATIC_MAHALANOBIS,-1,NORMAL,1,TIER_1_SPIKE,True
202,AWS-DEL-011,DEL,2025-03-30 08:00:00+00:00,drift,21.1,986.9,14.410632907338266,1.0,3,TIER_3_STATIC_MAHALANOBIS,-1,NORMAL,-1,NORMAL,False
202,AWS-DEL-103,DEL,2025-03-30 08:00:00+00:00,drift,21.2,986.4,15.39976261857701,1.0,3,TIER_3_STATIC_MAHALANOBIS,-1,NORMAL,-1,NORMAL,False
202,AWS-VAR-101,VAR,2025-03-30 09:00:00+00:00,drift,27.4,1002.5,9.022390822673696,1.0,3,TIER_3_STATIC_MAHALANOBIS,-1,NORMAL,-1,NORMAL,False
202,AWS-DEL-102,DEL,2025-03-30 09:00:00+00:00,drift,22.8,986.5,14.01819265447576,1.0,3,TIER_3_STATIC_MAHALANOBIS,-1,NORMAL,-1,NORMAL,False
202,AWS-BHO-101,BHO,2025-03-30 09:00:00+00:00,drift,28.3,952.8706001627577,13.0,1.0,3,TIER_3_STATIC_MAHALANOBIS,-1,NORMAL,-1,NORMAL,False
202,AWS-VAR-102,VAR,2025-03-30 09:00:00+00:00,drift,27.5,1002.6,10.021631642432242,1.0,3,TIER_3_STATIC_MAHALANOBIS,-1,NORMAL,-1,NORMAL,False
202,AWS-MUM-102,MUM,2025-03-30 09:00:00+00:00,drift,30.2,1007.7,26.002422961038192,54.0,1,TIER_1_SPIKE,-1,NORMAL,-1,NORMAL,False
202,AWS-BHO-103,BHO,2025-03-30 09:00:00+00:00,drift,27.6,958.5669926211542,17.0,1.0,3,TIER_3_STATIC_MAHALANOBIS,-1,NORMAL,-1,NORMAL,False
202,AWS-BHO-030,BHO,2025-03-30 10:00:00+00:00,drift,29.7,953.3476003806857,13.0,1.0,3,TIER_3_STATIC_MAHALANOBIS,-1,NORMAL,-1,NORMAL,False
202,AWS-VAR-103,VAR,2025-03-30 10:00:00+00:00,drift,29.6,1001.8,5.631939090232052,1.0,3,TIER_3_STATIC_MAHALANOBIS,-1,NORMAL,1,TIER_1_SPIKE,True
202,AWS-RAN-102,RAN,2025-03-30 10:00:00+00:00,drift,30.5,974.0,0.6227406948206351,1.0,3,TIER_3_STATIC_MAHALANOBIS,-1,NORMAL,-1,NORMAL,False
2024,AWS-RAN-103,RAN,2025-03-06 08:00:00+00:00,drift,21.5,978.7,39.985322448989486,1.0,3,TIER_3_STATIC_MAHALANOBIS,-1,NORMAL,-1,NORMAL,False
2024,AWS-RAN-101,RAN,2025-03-06 08:00:00+00:00,drift,19.1,942.6,41.985152395833936,1.0,3,TIER_3_STATIC_MAHALANOBIS,-1,NORMAL,-1,NORMAL,False
2024,AWS-RAN-067,RAN,2025-03-06 08:00:00+00:00,drift,18.2,942.1,44.98399298923515,1.0,3,TIER_3_STATIC_MAHALANOBIS,-1,NORMAL,-1,NORMAL,False
2024,AWS-RAN-102,RAN,2025-03-06 08:00:00+00:00,drift,18.9,974.8,49.984496445315166,1.0,3,TIER_3_STATIC_MAHALANOBIS,-1,NORMAL,-1,NORMAL,False
2024,AWS-BHO-103,BHO,2025-03-06 08:00:00+00:00,drift,18.2,965.6,55.970236140793034,1.0,3,TIER_3_STATIC_MAHALANOBIS,-1,NORMAL,-1,NORMAL,False
2024,AWS-VAR-052,VAR,2025-03-06 09:00:00+00:00,drift,20.6,1004.7,48.530943941570314,1.0,3,TIER_3_STATIC_MAHALANOBIS,-1,NORMAL,-1,NORMAL,False
2024,AWS-KOL-101,KOL,2025-03-07 03:00:00+00:00,unstructured_anomaly,22.74987442473323,1000.6019158660022,85.75744239571463,30.0,3,TIER_3_STATIC_MAHALANOBIS,-1,NORMAL,-1,NORMAL,False
2024,AWS-DEL-102,DEL,2025-03-07 04:00:00+00:00,spike,12.9,983.5,52.819082647072605,1.0,3,TIER_3_STATIC_MAHALANOBIS,-1,NORMAL,-1,NORMAL,False
2024,AWS-DEL-011,DEL,2025-03-07 05:00:00+00:00,spike,13.8,985.2,57.51273979644592,1.0,3,TIER_3_STATIC_MAHALANOBIS,-1,NORMAL,-1,NORMAL,False
2024,AWS-RAN-101,RAN,2025-03-07 18:00:00+00:00,drift,21.14532991833489,937.5,25.0,1.0,3,TIER_3_STATIC_MAHALANOBIS,-1,NORMAL,-1,NORMAL,False
2024,AWS-VAR-103,VAR,2025-03-07 18:00:00+00:00,drift,21.740563496486246,997.5,36.0,1.0,3,TIER_3_STATIC_MAHALANOBIS,-1,NORMAL,-1,NORMAL,False
2024,AWS-VAR-102,VAR,2025-03-07 18:00:00+00:00,drift,20.440688074369067,998.6,51.0,1.0,3,TIER_3_STATIC_MAHALANOBIS,-1,NORMAL,-1,NORMAL,False
2024,AWS-CHN-024,CHN,2025-03-07 18:00:00+00:00,drift,26.047706136126575,1007.1,76.0,1.0,3,TIER_3_STATIC_MAHALANOBIS,-1,NORMAL,-1,NORMAL,False
2024,AWS-CHN-024,CHN,2025-03-07 19:00:00+00:00,drift,25.497111761848302,1008.1,79.0,1.0,3,TIER_3_STATIC_MAHALANOBIS,-1,NORMAL,-1,NORMAL,False
2024,AWS-VAR-101,VAR,2025-03-07 19:00:00+00:00,drift,22.43438600841524,999.2,34.0,1.0,3,TIER_3_STATIC_MAHALANOBIS,-1,NORMAL,-1,NORMAL,False
2024,AWS-CHN-102,CHN,2025-03-07 19:00:00+00:00,drift,25.296064515009334,1007.0,79.0,1.0,3,TIER_3_STATIC_MAHALANOBIS,-1,NORMAL,-1,NORMAL,False
2024,AWS-RAN-102,RAN,2025-03-07 19:00:00+00:00,drift,19.59365951398368,969.6,34.0,1.0,3,TIER_3_STATIC_MAHALANOBIS,-1,NORMAL,-1,NORMAL,False
2024,AWS-RAN-067,RAN,2025-03-07 19:00:00+00:00,drift,19.494478709320816,938.0,26.0,1.0,3,TIER_3_STATIC_MAHALANOBIS,-1,NORMAL,-1,NORMAL,False
2024,AWS-RAN-103,RAN,2025-03-07 19:00:00+00:00,drift,21.69363020007991,973.8,22.0,1.0,3,TIER_3_STATIC_MAHALANOBIS,-1,NORMAL,-1,NORMAL,False
2024,AWS-VAR-052,VAR,2025-03-07 20:00:00+00:00,drift,22.023822999184826,999.9,38.0,1.0,3,TIER_3_STATIC_MAHALANOBIS,-1,NORMAL,-1,NORMAL,False
2024,AWS-DEL-101,DEL,2025-03-07 20:00:00+00:00,drift,19.915393817665308,986.1,37.0,1.0,3,TIER_3_STATIC_MAHALANOBIS,-1,NORMAL,-1,NORMAL,False
2024,AWS-CHN-101,CHN,2025-03-07 20:00:00+00:00,drift,23.925841177236368,1007.9,85.0,1.0,3,TIER_3_STATIC_MAHALANOBIS,-1,NORMAL,1,TIER_1_SPIKE,True
2024,AWS-BHO-103,BHO,2025-03-07 20:00:00+00:00,drift,20.123300316983233,960.0,34.0,1.0,3,TIER_3_STATIC_MAHALANOBIS,-1,NORMAL,-1,NORMAL,False
2024,AWS-CHN-024,CHN,2025-03-07 20:00:00+00:00,drift,25.12707717491419,1008.9,77.0,1.0,3,TIER_3_STATIC_MAHALANOBIS,-1,NORMAL,-1,NORMAL,False
2024,AWS-CHN-102,CHN,2025-03-07 20:00:00+00:00,drift,24.725913567315335,1007.8,80.0,1.0,3,TIER_3_STATIC_MAHALANOBIS,-1,NORMAL,-1,NORMAL,False
2024,AWS-BHO-103,BHO,2025-03-07 21:00:00+00:00,drift,19.934108534277637,960.1,32.0,1.0,3,TIER_3_STATIC_MAHALANOBIS,-1,NORMAL,-1,NORMAL,False
2024,AWS-CHN-101,CHN,2025-03-07 21:00:00+00:00,drift,23.336903480556085,1008.5,84.0,1.0,3,TIER_3_STATIC_MAHALANOBIS,-1,NORMAL,1,TIER_1_SPIKE,True
2024,AWS-DEL-103,DEL,2025-03-07 21:00:00+00:00,drift,16.234548202122376,984.2,58.0,1.0,3,TIER_3_STATIC_MAHALANOBIS,-1,NORMAL,-1,NORMAL,False
2024,AWS-MUM-102,MUM,2025-03-07 21:00:00+00:00,sensor_fail_low,29.3,1007.5,0.08993135624434949,1.0,3,TIER_3_STATIC_MAHALANOBIS,-1,NORMAL,-1,NORMAL,False
2024,AWS-CHN-102,CHN,2025-03-07 21:00:00+00:00,drift,24.33698310964295,1008.4,77.0,1.0,3,TIER_3_STATIC_MAHALANOBIS,-1,NORMAL,-1,NORMAL,False
2024,AWS-CHN-024,CHN,2025-03-07 21:00:00+00:00,drift,24.738263078001687,1009.5,75.0,1.0,3,TIER_3_STATIC_MAHALANOBIS,-1,NORMAL,-1,NORMAL,False
2024,AWS-KOL-103,KOL,2025-03-07 21:00:00+00:00,frozen_value,23.4,1008.2,48.0,2.0,1,TIER_1_SPIKE,-1,NORMAL,1,TIER_1_SPIKE,True
2024,AWS-KOL-101,KOL,2025-03-07 22:00:00+00:00,frozen_value,21.2,1009.1,73.0,3.0,1,TIER_1_SPIKE,-1,NORMAL,-1,NORMAL,False
2024,AWS-CHN-102,CHN,2025-03-07 22:00:00+00:00,drift,23.729851197880397,1008.3,79.0,1.0,3,TIER_3_STATIC_MAHALANOBIS,-1,NORMAL,-1,NORMAL,False
2024,AWS-BHO-030,BHO,2025-03-07 22:00:00+00:00,drift,20.544833375711903,954.8,32.0,1.0,3,TIER_3_STATIC_MAHALANOBIS,-1,NORMAL,-1,NORMAL,False
2024,AWS-BHO-102,BHO,2025-03-07 22:00:00+00:00,drift,17.52638249015466,961.7,36.0,1.0,3,TIER_3_STATIC_MAHALANOBIS,-1,NORMAL,-1,NORMAL,False
2024,AWS-BHO-030,BHO,2025-03-07 23:00:00+00:00,drift,20.593586046485214,954.5,31.0,1.0,3,TIER_3_STATIC_MAHALANOBIS,-1,NORMAL,-1,NORMAL,False
2024,AWS-CHN-103,CHN,2025-03-07 23:00:00+00:00,frozen_value,23.6,1004.7,92.0,1.0,3,TIER_3_STATIC_MAHALANOBIS,-1,NORMAL,-1,NORMAL,False
2024,AWS-MUM-103,MUM,2025-03-07 23:00:00+00:00,frozen_value,28.1,1007.5,29.0,1.0,3,TIER_3_STATIC_MAHALANOBIS,-1,NORMAL,-1,NORMAL,False
2024,AWS-BHO-101,BHO,2025-03-08 00:00:00+00:00,drift,18.932190783441726,953.7,29.0,1.0,3,TIER_3_STATIC_MAHALANOBIS,-1,NORMAL,-1,NORMAL,False
2024,AWS-CHN-103,CHN,2025-03-08 00:00:00+00:00,frozen_value,23.0,1004.7,94.0,1.0,3,TIER_3_STATIC_MAHALANOBIS,-1,NORMAL,-1,NORMAL,False
2024,AWS-DEL-102,DEL,2025-03-08 00:00:00+00:00,drift,13.632265745992955,983.3,64.0,1.0,3,TIER_3_STATIC_MAHALANOBIS,-1,NORMAL,-1,NORMAL,False
2024,AWS-DEL-011,DEL,2025-03-08 01:00:00+00:00,drift,14.762043059983249,985.1117315434668,54.0,1.0,3,TIER_3_STATIC_MAHALANOBIS,-1,NORMAL,-1,NORMAL,False
2024,AWS-MUM-101,MUM,2025-03-08 01:00:00+00:00,frozen_value,25.0,1007.8,32.0,1.0,3,TIER_3_STATIC_MAHALANOBIS,-1,NORMAL,1,TIER_1_SPIKE,True
2024,AWS-MUM-007,MUM,2025-03-08 01:00:00+00:00,frozen_value,26.4,1008.6,32.0,1.0,3,TIER_3_STATIC_MAHALANOBIS,-1,NORMAL,1,TIER_1_SPIKE,True
2024,AWS-CHN-103,CHN,2025-03-08 01:00:00+00:00,frozen_value,22.5,1004.7,96.0,1.0,3,TIER_3_STATIC_MAHALANOBIS,-1,NORMAL,2,TIER_2_ROC_CUSUM,True
2024,AWS-BHO-101,BHO,2025-03-08 08:00:00+00:00,drift,17.831118080701525,954.9,32.0,1.0,3,TIER_3_STATIC_MAHALANOBIS,-1,NORMAL,-1,NORMAL,False
2024,AWS-BHO-030,BHO,2025-03-08 09:00:00+00:00,drift,21.696470322516944,956.1,26.0,1.0,3,TIER_3_STATIC_MAHALANOBIS,-1,NORMAL,-1,NORMAL,False
2024,AWS-RAN-067,RAN,2025-03-08 09:00:00+00:00,drift,18.163033506094973,940.6,24.0,1.0,3,TIER_3_STATIC_MAHALANOBIS,-1,NORMAL,-1,NORMAL,False
2024,AWS-VAR-102,VAR,2025-03-08 09:00:00+00:00,drift,18.99601247051224,1001.2,47.0,1.0,3,TIER_3_STATIC_MAHALANOBIS,-1,NORMAL,-1,NORMAL,False
2024,AWS-BHO-103,BHO,2025-03-08 09:00:00+00:00,drift,18.961075644868455,961.6,34.0,1.0,3,TIER_3_STATIC_MAHALANOBIS,-1,NORMAL,-1,NORMAL,False
2024,AWS-DEL-102,DEL,2025-03-08 09:00:00+00:00,drift,14.79606538288682,984.4,53.0,1.0,3,TIER_3_STATIC_MAHALANOBIS,-1,NORMAL,-1,NORMAL,False
2024,AWS-RAN-102,RAN,2025-03-08 10:00:00+00:00,drift,20.164291515227347,972.1,28.0,1.0,3,TIER_3_STATIC_MAHALANOBIS,-1,NORMAL,-1,NORMAL,False
2024,AWS-VAR-101,VAR,2025-03-08 10:00:00+00:00,drift,21.853981815027797,1001.0,34.0,1.0,3,TIER_3_STATIC_MAHALANOBIS,-1,NORMAL,-1,NORMAL,False
2024,AWS-VAR-052,VAR,2025-03-08 10:00:00+00:00,drift,20.665687487782535,1001.1,30.0,1.0,3,TIER_3_STATIC_MAHALANOBIS,-1,NORMAL,-1,NORMAL,False
2024,AWS-DEL-101,DEL,2025-03-08 10:00:00+00:00,drift,19.95301844622356,987.7,35.0,1.0,3,TIER_3_STATIC_MAHALANOBIS,-1,NORMAL,-1,NORMAL,False
2024,AWS-VAR-103,VAR,2025-03-08 10:00:00+00:00,drift,21.45333421621618,1000.2,38.0,1.0,3,TIER_3_STATIC_MAHALANOBIS,-1,NORMAL,-1,NORMAL,False
2024,AWS-RAN-103,RAN,2025-03-08 10:00:00+00:00,drift,20.26421334481728,976.2,25.0,1.0,3,TIER_3_STATIC_MAHALANOBIS,-1,NORMAL,-1,NORMAL,False
2024,AWS-RAN-101,RAN,2025-03-08 11:00:00+00:00,drift,20.355711310731465,940.5,20.0,1.0,3,TIER_3_STATIC_MAHALANOBIS,-1,NORMAL,-1,NORMAL,False
2024,AWS-RAN-101,RAN,2025-03-08 14:00:00+00:00,drift,21.040989297943632,937.7,16.0,1.0,3,TIER_3_STATIC_MAHALANOBIS,-1,NORMAL,2,TIER_2_ROC_CUSUM,True
2024,AWS-RAN-067,RAN,2025-03-08 16:00:00+00:00,drift,17.297352950164772,937.4,18.0,1.0,3,TIER_3_STATIC_MAHALANOBIS,-1,NORMAL,-1,NORMAL,False
2024,AWS-RAN-102,RAN,2025-03-08 16:00:00+00:00,drift,19.19462229904098,968.3,20.0,1.0,3,TIER_3_STATIC_MAHALANOBIS,-1,NORMAL,-1,NORMAL,False
2024,AWS-RAN-103,RAN,2025-03-08 16:00:00+00:00,drift,20.5945245860284,972.1,16.0,1.0,3,TIER_3_STATIC_MAHALANOBIS,-1,NORMAL,-1,NORMAL,False
2024,AWS-KOL-015,KOL,2025-03-08 18:00:00+00:00,drift,28.0,1006.9,59.74620509712489,22.0,3,TIER_3_STATIC_MAHALANOBIS,-1,NORMAL,-1,NORMAL,False
2024,AWS-MUM-103,MUM,2025-03-08 21:00:00+00:00,drift,29.1,1006.8,34.58990655738505,1.0,3,TIER_3_STATIC_MAHALANOBIS,-1,NORMAL,-1,NORMAL,False
2024,AWS-CHN-101,CHN,2025-03-08 21:00:00+00:00,drift,25.0,1008.0083214225648,74.14329232524351,1.0,3,TIER_3_STATIC_MAHALANOBIS,-1,NORMAL,1,TIER_1_SPIKE,True
2024,AWS-KOL-101,KOL,2025-03-08 21:00:00+00:00,drift,23.6,1009.9,88.58939507880599,26.0,1,TIER_1_SPIKE,-1,NORMAL,-1,NORMAL,False
2024,AWS-CHN-024,CHN,2025-03-08 22:00:00+00:00,drift,26.4,1009.458778656238,69.6148985939603,1.0,3,TIER_3_STATIC_MAHALANOBIS,-1,NORMAL,-1,NORMAL,False
2024,AWS-CHN-101,CHN,2025-03-08 22:00:00+00:00,drift,24.4,1008.5624821338472,77.60435106730003,1.0,3,TIER_3_STATIC_MAHALANOBIS,-1,NORMAL,1,TIER_1_SPIKE,True
2024,AWS-CHN-103,CHN,2025-03-08 22:00:00+00:00,drift,24.2,1004.5,91.26814121351208,1.0,3,TIER_3_STATIC_MAHALANOBIS,-1,NORMAL,-1,NORMAL,False
2024,AWS-VAR-052,VAR,2025-03-08 22:00:00+00:00,drift,21.9,1002.3625372993804,38.0,1.0,3,TIER_3_STATIC_MAHALANOBIS,-1,NORMAL,-1,NORMAL,False
2024,AWS-DEL-103,DEL,2025-03-08 22:00:00+00:00,drift,18.0,986.2655845926146,54.60792439916974,1.0,3,TIER_3_STATIC_MAHALANOBIS,-1,NORMAL,-1,NORMAL,False
2024,AWS-CHN-102,CHN,2025-03-08 23:00:00+00:00,drift,25.4,1008.6265199906228,73.0651152614045,1.0,3,TIER_3_STATIC_MAHALANOBIS,-1,NORMAL,-1,NORMAL,False
2024,AWS-CHN-101,CHN,2025-03-08 23:00:00+00:00,drift,24.0,1008.7166428451297,79.06540980935655,1.0,3,TIER_3_STATIC_MAHALANOBIS,-1,NORMAL,1,TIER_1_SPIKE,True
2024,AWS-CHN-024,CHN,2025-03-08 23:00:00+00:00,drift,26.2,1009.611704874984,71.0764159241325,1.0,3,TIER_3_STATIC_MAHALANOBIS,-1,NORMAL,-1,NORMAL,False
2024,AWS-VAR-052,VAR,2025-03-08 23:00:00+00:00,drift,21.6,1002.7167163991738,44.0,1.0,3,TIER_3_STATIC_MAHALANOBIS,-1,NORMAL,-1,NORMAL,False
2024,AWS-BHO-103,BHO,2025-03-08 23:00:00+00:00,drift,19.3,961.0262167648053,38.0,1.0,3,TIER_3_STATIC_MAHALANOBIS,-1,NORMAL,-1,NORMAL,False
2024,AWS-CHN-024,CHN,2025-03-09 00:00:00+00:00,drift,25.9,1009.46463109373,71.53793325430469,1.0,3,TIER_3_STATIC_MAHALANOBIS,-1,NORMAL,-1,NORMAL,False
2024,AWS-CHN-101,CHN,2025-03-09 00:00:00+00:00,drift,23.4,1008.4708035564122,80.52646855141307,1.0,3,TIER_3_STATIC_MAHALANOBIS,-1,NORMAL,1,TIER_1_SPIKE,True
2024,AWS-BHO-102,BHO,2025-03-09 00:00:00+00:00,drift,19.1,963.0303060885251,40.0,1.0,3,TIER_3_STATIC_MAHALANOBIS,-1,NORMAL,-1,NORMAL,False
2024,AWS-CHN-024,CHN,2025-03-09 01:00:00+00:00,drift,25.6,1009.0175573124759,72.99945058447688,1.0,3,TIER_3_STATIC_MAHALANOBIS,-1,NORMAL,-1,NORMAL,False
2024,AWS-CHN-101,CHN,2025-03-09 01:00:00+00:00,drift,23.1,1008.1249642676945,79.9875272934696,1.0,3,TIER_3_STATIC_MAHALANOBIS,-1,NORMAL,1,TIER_1_SPIKE,True
2024,AWS-BHO-102,BHO,2025-03-09 01:00:00+00:00,drift,18.6,962.9163673062301,44.0,1.0,3,TIER_3_STATIC_MAHALANOBIS,-1,NORMAL,-1,NORMAL,False
2024,AWS-CHN-101,CHN,2025-03-09 02:00:00+00:00,drift,22.9,1007.7791249789769,80.44858603552612,1.0,3,TIER_3_STATIC_MAHALANOBIS,-1,NORMAL,1,TIER_1_SPIKE,True
2024,AWS-DEL-102,DEL,2025-03-09 02:00:00+00:00,drift,16.4,985.3194850729839,63.0,1.0,3,TIER_3_STATIC_MAHALANOBIS,-1,NORMAL,-1,NORMAL,False
2024,AWS-BHO-101,BHO,2025-03-09 02:00:00+00:00,drift,19.5,954.8547190823654,35.0,1.0,3,TIER_3_STATIC_MAHALANOBIS,-1,NORMAL,-1,NORMAL,False
2024,AWS-BHO-101,BHO,2025-03-09 03:00:00+00:00,drift,19.2,954.405393236989,37.0,1.0,3,TIER_3_STATIC_MAHALANOBIS,-1,NORMAL,-1,NORMAL,False
2024,AWS-BHO-101,BHO,2025-03-09 04:00:00+00:00,drift,19.3,954.6560673916125,37.0,1.0,3,TIER_3_STATIC_MAHALANOBIS,-1,NORMAL,2,TIER_2_ROC_CUSUM,True
2024,AWS-DEL-102,DEL,2025-03-09 04:00:00+00:00,drift,15.7,985.3964808081221,67.0,1.0,3,TIER_3_STATIC_MAHALANOBIS,-1,NORMAL,2,TIER_2_ROC_CUSUM,True
2024,AWS-BHO-101,BHO,2025-03-09 05:00:00+00:00,drift,19.3,955.7067415462362,38.0,1.0,3,TIER_3_STATIC_MAHALANOBIS,-1,NORMAL,2,TIER_2_ROC_CUSUM,True
2024,AWS-DEL-102,DEL,2025-03-09 05:00:00+00:00,drift,15.7,985.9849786756913,67.0,1.0,3,TIER_3_STATIC_MAHALANOBIS,-1,NORMAL,2,TIER_2_ROC_CUSUM,True
2024,AWS-DEL-011,DEL,2025-03-09 06:00:00+00:00,drift,16.8,989.0918955296627,73.0,1.0,3,TIER_3_STATIC_MAHALANOBIS,-1,NORMAL,-1,NORMAL,False
2024,AWS-DEL-102,DEL,2025-03-09 06:00:00+00:00,drift,16.2,987.3734765432605,72.0,1.0,3,TIER_3_STATIC_MAHALANOBIS,-1,NORMAL,-1,NORMAL,False
2024,AWS-CHN-103,CHN,2025-03-09 06:00:00+00:00,drift,23.6,1004.1,100.0,1.0,3,TIER_3_STATIC_MAHALANOBIS,-1,NORMAL,-1,NORMAL,False
2024,AWS-CHN-101,CHN,2025-03-09 06:00:00+00:00,drift,22.9,1010.0957678241066,83.29282100375221,1.0,3,TIER_3_STATIC_MAHALANOBIS,-1,NORMAL,1,TIER_1_SPIKE,True
2024,AWS-BHO-101,BHO,2025-03-09 06:00:00+00:00,drift,19.8,956.6574157008598,41.0,1.0,3,TIER_3_STATIC_MAHALANOBIS,-1,NORMAL,2,TIER_2_ROC_CUSUM,True
2024,AWS-KOL-101,KOL,2025-03-09 06:00:00+00:00,drift,23.2,1011.9,100.0,35.0,1,TIER_1_SPIKE,-1,NORMAL,-1,NORMAL,False
2024,AWS-CHN-024,CHN,2025-03-09 07:00:00+00:00,drift,24.8,1012.4351146249518,75.76855456551,1.0,3,TIER_3_STATIC_MAHALANOBIS,-1,NORMAL,-1,NORMAL,False
2024,AWS-CHN-102,CHN,2025-03-09 07:00:00+00:00,drift,24.8,1011.3795599718684,75.75348701520599,1.0,3,TIER_3_STATIC_MAHALANOBIS,-1,NORMAL,-1,NORMAL,False
2024,AWS-DEL-102,DEL,2025-03-09 07:00:00+00:00,drift,16.4,988.6619744108295,72.0,1.0,3,TIER_3_STATIC_MAHALANOBIS,-1,NORMAL,2,TIER_2_ROC_CUSUM,True
2024,AWS-BHO-102,BHO,2025-03-09 07:00:00+00:00,drift,18.4,966.6327346124601,50.0,1.0,3,TIER_3_STATIC_MAHALANOBIS,-1,NORMAL,-1,NORMAL,False
2024,AWS-CHN-103,CHN,2025-03-09 07:00:00+00:00,drift,24.2,1005.3,100.0,1.0,3,TIER_3_STATIC_MAHALANOBIS,-1,NORMAL,-1,NORMAL,False
2024,AWS-BHO-030,BHO,2025-03-09 08:00:00+00:00,drift,22.0,960.5462706087627,44.0,1.0,3,TIER_3_STATIC_MAHALANOBIS,-1,NORMAL,-1,NORMAL,False
2024,AWS-VAR-103,VAR,2025-03-09 08:00:00+00:00,drift,22.3,1007.5944463632278,56.0,1.0,3,TIER_3_STATIC_MAHALANOBIS,-1,NORMAL,-1,NORMAL,False
2024,AWS-VAR-101,VAR,2025-03-09 08:00:00+00:00,drift,22.1,1008.5925339036036,50.0,1.0,3,TIER_3_STATIC_MAHALANOBIS,-1,NORMAL,-1,NORMAL,False
2024,AWS-KOL-015,KOL,2025-03-09 09:00:00+00:00,drift,28.7,1013.3,75.29661976210076,37.0,1,TIER_1_SPIKE,-1,NORMAL,-1,NORMAL,False
2024,AWS-VAR-103,VAR,2025-03-09 20:00:00+00:00,drift,22.6,1011.858550698515,46.0,1.0,3,TIER_3_STATIC_MAHALANOBIS,-1,NORMAL,-1,NORMAL,False
2024,AWS-VAR-101,VAR,2025-03-09 22:00:00+00:00,drift,22.8,1014.915262722869,43.0,1.0,3,TIER_3_STATIC_MAHALANOBIS,-1,NORMAL,-1,NORMAL,False
2024,AWS-BHO-030,BHO,2025-03-09 23:00:00+00:00,drift,23.2,965.0919674650276,29.0,1.0,3,TIER_3_STATIC_MAHALANOBIS,-1,NORMAL,-1,NORMAL,False
2024,AWS-MUM-007,MUM,2025-03-10 03:00:00+00:00,frozen_value,26.1,1007.7,44.0,7.0,1,TIER_1_SPIKE,-1,NORMAL,-1,NORMAL,False
2024,AWS-CHN-103,CHN,2025-03-10 03:00:00+00:00,frozen_value,23.8,1005.4,87.0,1.0,3,TIER_3_STATIC_MAHALANOBIS,-1,NORMAL,2,TIER_2_ROC_CUSUM,True
2024,AWS-CHN-103,CHN,2025-03-10 04:00:00+00:00,frozen_value,23.8,1005.3886097812467,85.0,1.0,3,TIER_3_STATIC_MAHALANOBIS,-1,NORMAL,2,TIER_2_ROC_CUSUM,True
2024,AWS-MUM-007,MUM,2025-03-10 05:00:00+00:00,frozen_value,25.5,1007.6730273938098,38.0,9.0,1,TIER_1_SPIKE,-1,NORMAL,2,TIER_2_ROC_CUSUM,True
2024,AWS-BHO-101,BHO,2025-03-10 05:00:00+00:00,drift,21.0,965.1229212572031,31.0,1.0,3,TIER_3_STATIC_MAHALANOBIS,-1,NORMAL,1,TIER_1_SPIKE,True
2024,AWS-CHN-101,CHN,2025-03-10 05:00:00+00:00,drift,23.7,1017.8414641836024,87.0,5.0,1,TIER_1_SPIKE,-1,NORMAL,1,TIER_1_SPIKE,True
2024,AWS-BHO-102,BHO,2025-03-10 05:00:00+00:00,drift,18.2,974.4260814019702,41.0,1.0,3,TIER_3_STATIC_MAHALANOBIS,-1,NORMAL,-1,NORMAL,False
2024,AWS-DEL-102,DEL,2025-03-10 05:00:00+00:00,drift,18.0,997.4089274973504,68.0,1.0,3,TIER_3_STATIC_MAHALANOBIS,-1,NORMAL,1,TIER_1_SPIKE,True
2024,AWS-CHN-102,CHN,2025-03-10 05:00:00+00:00,drift,24.9,1017.825419920294,71.0,5.0,1,TIER_1_SPIKE,-1,NORMAL,-1,NORMAL,False
2024,AWS-BHO-102,BHO,2025-03-10 06:00:00+00:00,drift,18.4,975.9121426196751,44.0,1.0,3,TIER_3_STATIC_MAHALANOBIS,-1,NORMAL,2,TIER_2_ROC_CUSUM,True
2024,AWS-KOL-101,KOL,2025-03-10 06:00:00+00:00,frozen_value,22.1,1013.7426379952327,99.0,11.0,1,TIER_1_SPIKE,-1,NORMAL,-1,NORMAL,False
2024,AWS-DEL-102,DEL,2025-03-10 06:00:00+00:00,drift,18.2,999.0974253649196,69.0,1.0,3,TIER_3_STATIC_MAHALANOBIS,-1,NORMAL,1,TIER_1_SPIKE,True
2024,AWS-BHO-101,BHO,2025-03-10 06:00:00+00:00,drift,21.1,966.8735954118267,33.0,1.0,3,TIER_3_STATIC_MAHALANOBIS,-1,NORMAL,1,TIER_1_SPIKE,True
2024,AWS-BHO-101,BHO,2025-03-10 07:00:00+00:00,drift,21.1,968.0242695664504,32.0,1.0,3,TIER_3_STATIC_MAHALANOBIS,-1,NORMAL,1,TIER_1_SPIKE,True
2024,AWS-DEL-102,DEL,2025-03-10 07:00:00+00:00,drift,18.2,1000.1859232324886,67.0,1.0,3,TIER_3_STATIC_MAHALANOBIS,-1,NORMAL,1,TIER_1_SPIKE,True
2024,AWS-MUM-007,MUM,2025-03-10 07:00:00+00:00,frozen_value,25.0,1007.6684318383753,45.0,11.0,1,TIER_1_SPIKE,-1,NORMAL,1,TIER_1_SPIKE,True
2024,AWS-KOL-101,KOL,2025-03-10 07:00:00+00:00,frozen_value,22.6,1013.6684318383753,97.0,12.0,1,TIER_1_SPIKE,-1,NORMAL,-1,NORMAL,False
2024,AWS-DEL-102,DEL,2025-03-10 08:00:00+00:00,drift,18.2,1001.5744211000577,61.0,1.0,3,TIER_3_STATIC_MAHALANOBIS,-1,NORMAL,1,TIER_1_SPIKE,True
2024,AWS-BHO-101,BHO,2025-03-10 08:00:00+00:00,drift,21.1,969.574943721074,29.0,1.0,3,TIER_3_STATIC_MAHALANOBIS,-1,NORMAL,1,TIER_1_SPIKE,True
2024,AWS-BHO-101,BHO,2025-03-10 09:00:00+00:00,drift,21.1,970.8256178756975,25.0,1.0,3,TIER_3_STATIC_MAHALANOBIS,-1,NORMAL,1,TIER_1_SPIKE,True
2024,AWS-MUM-103,MUM,2025-03-10 09:00:00+00:00,frozen_value,31.1,1006.769832966147,30.0,1.0,3,TIER_3_STATIC_MAHALANOBIS,-1,NORMAL,-1,NORMAL,False
2024,AWS-BHO-101,BHO,2025-03-10 10:00:00+00:00,drift,21.1,971.4762920303212,19.0,1.0,3,TIER_3_STATIC_MAHALANOBIS,-1,NORMAL,1,TIER_1_SPIKE,True
2024,AWS-VAR-101,VAR,2025-03-10 21:00:00+00:00,frozen_value,23.9,1005.5,48.0,1.0,3,TIER_3_STATIC_MAHALANOBIS,-1,NORMAL,-1,NORMAL,False
2024,AWS-VAR-101,VAR,2025-03-10 22:00:00+00:00,frozen_value,23.957796382223215,1005.4,54.0,1.0,3,TIER_3_STATIC_MAHALANOBIS,-1,NORMAL,-1,NORMAL,False
2024,AWS-DEL-101,DEL,2025-03-10 23:00:00+00:00,frozen_value,21.84470686328543,991.3,66.0,1.0,3,TIER_3_STATIC_MAHALANOBIS,-1,NORMAL,-1,NORMAL,False
2024,AWS-VAR-101,VAR,2025-03-10 23:00:00+00:00,frozen_value,23.94470686328543,1005.2,58.0,1.0,3,TIER_3_STATIC_MAHALANOBIS,-1,NORMAL,-1,NORMAL,False
2024,AWS-DEL-101,DEL,2025-03-11 00:00:00+00:00,frozen_value,21.845580087827187,991.1,71.0,1.0,3,TIER_3_STATIC_MAHALANOBIS,-1,NORMAL,-1,NORMAL,False
2024,AWS-VAR-101,VAR,2025-03-11 00:00:00+00:00,frozen_value,23.945580087827185,1005.1,60.0,1.0,3,TIER_3_STATIC_MAHALANOBIS,-1,NORMAL,-1,NORMAL,False
2024,AWS-RAN-067,RAN,2025-03-11 05:00:00+00:00,spike,16.6,941.6,18.651297522923116,1.0,3,TIER_3_STATIC_MAHALANOBIS,-1,NORMAL,-1,NORMAL,False
2024,AWS-RAN-102,RAN,2025-03-11 05:00:00+00:00,spike,17.5,974.0,17.84117247018935,1.0,3,TIER_3_STATIC_MAHALANOBIS,-1,NORMAL,-1,NORMAL,False
2024,AWS-RAN-103,RAN,2025-03-11 05:00:00+00:00,spike,19.8,978.3,5.958696370459606,1.0,3,TIER_3_STATIC_MAHALANOBIS,-1,NORMAL,-1,NORMAL,False
2024,AWS-BHO-030,BHO,2025-03-11 07:00:00+00:00,spike,21.1,959.6,31.495621591101074,1.0,3,TIER_3_STATIC_MAHALANOBIS,-1,NORMAL,-1,NORMAL,False
2024,AWS-KOL-103,KOL,2025-03-11 07:00:00+00:00,spike,25.6,1013.8,43.625365244027066,13.0,1,TIER_1_SPIKE,-1,NORMAL,1,TIER_1_SPIKE,True
2024,AWS-BHO-102,BHO,2025-03-11 07:00:00+00:00,spike,20.4,967.1,32.22881288920746,1.0,3,TIER_3_STATIC_MAHALANOBIS,-1,NORMAL,1,TIER_1_SPIKE,True
2024,AWS-BHO-103,BHO,2025-03-11 07:00:00+00:00,spike,20.1,965.1,35.50560193740092,1.0,3,TIER_3_STATIC_MAHALANOBIS,-1,NORMAL,-1,NORMAL,False
2024,AWS-CHN-102,CHN,2025-03-11 10:00:00+00:00,drift,27.2,1012.6,76.0,27.0,3,TIER_3_STATIC_MAHALANOBIS,-1,NORMAL,-1,NORMAL,False
2024,AWS-CHN-102,CHN,2025-03-11 11:00:00+00:00,drift,27.6,1011.9,75.65648065629435,28.0,3,TIER_3_STATIC_MAHALANOBIS,-1,NORMAL,2,TIER_2_ROC_CUSUM,True
2024,AWS-CHN-102,CHN,2025-03-11 14:00:00+00:00,drift,27.7,1009.1,74.62592262517737,31.0,1,TIER_1_SPIKE,-1,NORMAL,-1,NORMAL,False
2024,AWS-CHN-101,CHN,2025-03-11 19:00:00+00:00,drift,25.2,1010.5,90.90848877013977,5.0,1,TIER_1_SPIKE,-1,NORMAL,1,TIER_1_SPIKE,True
2024,AWS-RAN-101,RAN,2025-03-11 19:00:00+00:00,drift,24.2,941.7,28.909370752390956,1.0,3,TIER_3_STATIC_MAHALANOBIS,-1,NORMAL,-1,NORMAL,False
2024,AWS-RAN-101,RAN,2025-03-11 20:00:00+00:00,drift,23.9,941.9,31.565967502656616,1.0,3,TIER_3_STATIC_MAHALANOBIS,-1,NORMAL,-1,NORMAL,False
2024,AWS-CHN-101,CHN,2025-03-11 20:00:00+00:00,drift,25.1,1011.2,89.56498752237752,6.0,1,TIER_1_SPIKE,-1,NORMAL,1,TIER_1_SPIKE,True
2024,AWS-CHN-101,CHN,2025-03-11 21:00:00+00:00,drift,24.8,1011.9,90.22148627461527,7.0,1,TIER_1_SPIKE,-1,NORMAL,1,TIER_1_SPIKE,True
2024,AWS-RAN-101,RAN,2025-03-11 21:00:00+00:00,drift,23.3,941.8,33.22256425292228,1.0,3,TIER_3_STATIC_MAHALANOBIS,-1,NORMAL,-1,NORMAL,False
2024,AWS-CHN-101,CHN,2025-03-11 22:00:00+00:00,drift,24.4,1011.8,90.87798502685303,8.0,1,TIER_1_SPIKE,-1,NORMAL,1,TIER_1_SPIKE,True
2024,AWS-RAN-101,RAN,2025-03-11 22:00:00+00:00,drift,23.4,941.6,31.87916100318794,1.0,3,TIER_3_STATIC_MAHALANOBIS,-1,NORMAL,-1,NORMAL,False
2024,AWS-CHN-101,CHN,2025-03-11 23:00:00+00:00,drift,24.4,1011.0,89.53448377909078,9.0,1,TIER_1_SPIKE,-1,NORMAL,1,TIER_1_SPIKE,True
2024,AWS-CHN-101,CHN,2025-03-12 00:00:00+00:00,drift,23.9,1010.4,91.19098253132853,10.0,1,TIER_1_SPIKE,-1,NORMAL,1,TIER_1_SPIKE,True
2024,AWS-BHO-103,BHO,2025-03-12 01:00:00+00:00,drift,21.7,960.3,35.86110272613564,1.0,3,TIER_3_STATIC_MAHALANOBIS,-1,NORMAL,-1,NORMAL,False
2024,AWS-CHN-101,CHN,2025-03-12 01:00:00+00:00,drift,23.8,1009.6,90.84748128356628,11.0,1,TIER_1_SPIKE,-1,NORMAL,1,TIER_1_SPIKE,True
2024,AWS-BHO-102,BHO,2025-03-12 01:00:00+00:00,drift,21.8,962.0,32.86089329438752,1.0,3,TIER_3_STATIC_MAHALANOBIS,-1,NORMAL,1,TIER_1_SPIKE,True
2024,AWS-CHN-101,CHN,2025-03-12 02:00:00+00:00,drift,23.6,1008.4,91.50398003580403,12.0,1,TIER_1_SPIKE,-1,NORMAL,1,TIER_1_SPIKE,True
2024,AWS-BHO-102,BHO,2025-03-12 02:00:00+00:00,drift,21.3,962.0,33.51828618068003,1.0,3,TIER_3_STATIC_MAHALANOBIS,-1,NORMAL,1,TIER_1_SPIKE,True
2024,AWS-CHN-101,CHN,2025-03-12 03:00:00+00:00,drift,23.3,1007.9,92.16047878804179,13.0,1,TIER_1_SPIKE,-1,NORMAL,1,TIER_1_SPIKE,True
2024,AWS-BHO-102,BHO,2025-03-12 03:00:00+00:00,drift,21.0,961.7,34.17567906697253,1.0,3,TIER_3_STATIC_MAHALANOBIS,-1,NORMAL,1,TIER_1_SPIKE,True
2024,AWS-CHN-101,CHN,2025-03-12 04:00:00+00:00,drift,23.1,1008.0,92.81697754027954,14.0,1,TIER_1_SPIKE,-1,NORMAL,1,TIER_1_SPIKE,True
2024,AWS-BHO-030,BHO,2025-03-12 05:00:00+00:00,drift,22.806960553652992,954.2,39.0,1.0,3,TIER_3_STATIC_MAHALANOBIS,-1,NORMAL,-1,NORMAL,False
2024,AWS-CHN-101,CHN,2025-03-12 05:00:00+00:00,drift,23.4,1008.5,91.47347629251729,15.0,1,TIER_1_SPIKE,-1,NORMAL,1,TIER_1_SPIKE,True
2024,AWS-DEL-011,DEL,2025-03-12 06:00:00+00:00,drift,20.201826412217816,985.2,79.0,1.0,3,TIER_3_STATIC_MAHALANOBIS,-1,NORMAL,-1,NORMAL,False
2024,AWS-VAR-052,VAR,2025-03-12 06:00:00+00:00,drift,21.2,999.9,51.14083817326973,1.0,3,TIER_3_STATIC_MAHALANOBIS,-1,NORMAL,2,TIER_2_ROC_CUSUM,True
2024,AWS-MUM-101,MUM,2025-03-12 08:00:00+00:00,spike,27.2,1007.824116106212,54.0,11.0,1,TIER_1_SPIKE,-1,NORMAL,1,TIER_1_SPIKE,True
2024,AWS-CHN-103,CHN,2025-03-12 08:00:00+00:00,spike,27.0,1004.62603076626,82.0,42.0,3,TIER_3_STATIC_MAHALANOBIS,-1,NORMAL,-1,NORMAL,False
2024,AWS-RAN-103,RAN,2025-03-12 08:00:00+00:00,drift,19.6,973.6514234128111,26.444882928686212,1.0,3,TIER_3_STATIC_MAHALANOBIS,-1,NORMAL,-1,NORMAL,False
2024,AWS-VAR-101,VAR,2025-03-12 08:00:00+00:00,drift,26.227738745438547,997.7200594600426,48.0,1.0,3,TIER_3_STATIC_MAHALANOBIS,-1,NORMAL,-1,NORMAL,False
2024,AWS-VAR-103,VAR,2025-03-12 08:00:00+00:00,drift,25.627868343364153,996.8130695205987,53.0,1.0,3,TIER_3_STATIC_MAHALANOBIS,-1,NORMAL,-1,NORMAL,False
2024,AWS-MUM-103,MUM,2025-03-12 09:00:00+00:00,spike,30.8,1009.5292296562063,39.0,1.0,3,TIER_3_STATIC_MAHALANOBIS,-1,NORMAL,-1,NORMAL,False
2024,AWS-MUM-102,MUM,2025-03-12 09:00:00+00:00,spike,32.6,1009.2501631878067,35.0,1.0,1,TIER_1_SPIKE,-1,NORMAL,-1,NORMAL,False
2024,AWS-RAN-102,RAN,2025-03-12 09:00:00+00:00,drift,17.1,972.1238106439549,26.102186590016327,1.0,3,TIER_3_STATIC_MAHALANOBIS,-1,NORMAL,-1,NORMAL,False
2024,AWS-CHN-102,CHN,2025-03-12 17:00:00+00:00,drift,28.7,1006.4,63.35090034512463,58.0,3,TIER_3_STATIC_MAHALANOBIS,-1,NORMAL,-1,NORMAL,False
2024,AWS-MUM-102,MUM,2025-03-12 18:00:00+00:00,frozen_value,32.8,1010.1,37.0,10.0,1,TIER_1_SPIKE,-1,NORMAL,-1,NORMAL,False
2024,AWS-RAN-101,RAN,2025-03-12 20:00:00+00:00,drift,24.8,937.9,18.324289509032496,1.0,3,TIER_3_STATIC_MAHALANOBIS,-1,NORMAL,-1,NORMAL,False
2024,AWS-RAN-101,RAN,2025-03-12 21:00:00+00:00,drift,25.2,938.4,14.980886259298158,1.0,3,TIER_3_STATIC_MAHALANOBIS,-1,NORMAL,-1,NORMAL,False
2024,AWS-CHN-101,CHN,2025-03-12 21:00:00+00:00,drift,24.8,1010.0,81.97745632832131,6.0,1,TIER_1_SPIKE,-1,NORMAL,1,TIER_1_SPIKE,True
2024,AWS-RAN-101,RAN,2025-03-12 22:00:00+00:00,drift,25.0,938.5,12.63748300956382,1.0,3,TIER_3_STATIC_MAHALANOBIS,-1,NORMAL,-1,NORMAL,False
2024,AWS-CHN-101,CHN,2025-03-12 22:00:00+00:00,drift,24.6,1009.9,83.63395508055906,7.0,1,TIER_1_SPIKE,-1,NORMAL,1,TIER_1_SPIKE,True
2024,AWS-RAN-101,RAN,2025-03-12 23:00:00+00:00,drift,25.0,938.3,12.294079759829483,1.0,3,TIER_3_STATIC_MAHALANOBIS,-1,NORMAL,2,TIER_2_ROC_CUSUM,True
2024,AWS-KOL-101,KOL,2025-03-12 23:00:00+00:00,unstructured_anomaly,19.45016752079951,1015.4609641085804,95.0,26.0,1,TIER_1_SPIKE,-1,NORMAL,-1,NORMAL,False
2024,AWS-BHO-103,BHO,2025-03-12 23:00:00+00:00,drift,22.7,959.4,18.324053391134576,1.0,3,TIER_3_STATIC_MAHALANOBIS,-1,NORMAL,-1,NORMAL,False
2024,AWS-CHN-101,CHN,2025-03-12 23:00:00+00:00,drift,24.3,1009.4,83.29045383279681,8.0,1,TIER_1_SPIKE,-1,NORMAL,1,TIER_1_SPIKE,True
2024,AWS-CHN-101,CHN,2025-03-13 00:00:00+00:00,drift,23.8,1008.6,84.94695258503457,9.0,1,TIER_1_SPIKE,-1,NORMAL,1,TIER_1_SPIKE,True
2024,AWS-BHO-102,BHO,2025-03-13 00:00:00+00:00,drift,22.3,960.9,17.980929679115064,1.0,3,TIER_3_STATIC_MAHALANOBIS,-1,NORMAL,1,TIER_1_SPIKE,True
2024,AWS-BHO-102,BHO,2025-03-13 01:00:00+00:00,drift,22.3,959.7725584475207,16.638322565407567,1.0,3,TIER_3_STATIC_MAHALANOBIS,-1,NORMAL,1,TIER_1_SPIKE,True
2024,AWS-CHN-101,CHN,2025-03-13 01:00:00+00:00,drift,23.5,1007.4029767984557,85.60345133727232,10.0,1,TIER_1_SPIKE,-1,NORMAL,1,TIER_1_SPIKE,True
2024,AWS-CHN-101,CHN,2025-03-13 02:00:00+00:00,drift,23.3,1006.6059535969114,85.25995008951007,11.0,1,TIER_1_SPIKE,-1,NORMAL,1,TIER_1_SPIKE,True
2024,AWS-RAN-103,RAN,2025-03-13 02:00:00+00:00,drift,20.7,970.3487674986545,24.263423506702203,1.0,3,TIER_3_STATIC_MAHALANOBIS,-1,NORMAL,-1,NORMAL,False
2024,AWS-CHN-101,CHN,2025-03-13 03:00:00+00:00,drift,23.3,1006.0089303953672,84.91644884174782,12.0,1,TIER_1_SPIKE,-1,NORMAL,1,TIER_1_SPIKE,True
2024,AWS-RAN-102,RAN,2025-03-13 03:00:00+00:00,drift,18.7,965.6558724767003,39.92128913872476,1.0,3,TIER_3_STATIC_MAHALANOBIS,-1,NORMAL,-1,NORMAL,False
2024,AWS-RAN-103,RAN,2025-03-13 03:00:00+00:00,drift,20.7,969.8231512479817,23.92000909436976,1.0,3,TIER_3_STATIC_MAHALANOBIS,-1,NORMAL,2,TIER_2_ROC_CUSUM,True
2024,AWS-CHN-101,CHN,2025-03-13 04:00:00+00:00,drift,23.1,1005.6119071938228,84.57294759398557,13.0,1,TIER_1_SPIKE,-1,NORMAL,1,TIER_1_SPIKE,True
2024,AWS-VAR-052,VAR,2025-03-13 04:00:00+00:00,drift,22.7,994.5678690996884,36.59576016386642,1.0,3,TIER_3_STATIC_MAHALANOBIS,-1,NORMAL,2,TIER_2_ROC_CUSUM,True
2024,AWS-RAN-102,RAN,2025-03-13 04:00:00+00:00,drift,18.4,965.4411633022671,39.577905946986334,1.0,3,TIER_3_STATIC_MAHALANOBIS,-1,NORMAL,2,TIER_2_ROC_CUSUM,True
2024,AWS-DEL-103,DEL,2025-03-13 05:00:00+00:00,drift,18.9,979.1106225249458,58.236205974678825,1.0,3,TIER_3_STATIC_MAHALANOBIS,-1,NORMAL,1,TIER_1_SPIKE,True
2024,AWS-CHN-101,CHN,2025-03-13 05:00:00+00:00,drift,22.9,1005.7148839922786,85.22944634622333,14.0,1,TIER_1_SPIKE,-1,NORMAL,1,TIER_1_SPIKE,True
2024,AWS-RAN-102,RAN,2025-03-13 05:00:00+00:00,drift,18.5,965.6264541278339,36.234522755247916,1.0,3,TIER_3_STATIC_MAHALANOBIS,-1,NORMAL,2,TIER_2_ROC_CUSUM,True
2024,AWS-RAN-103,RAN,2025-03-13 05:00:00+00:00,drift,21.4,969.5719187466364,21.233180269704874,1.0,3,TIER_3_STATIC_MAHALANOBIS,-1,NORMAL,2,TIER_2_ROC_CUSUM,True
2024,AWS-VAR-052,VAR,2025-03-13 05:00:00+00:00,drift,22.2,994.5348363746106,36.25280207252991,1.0,3,TIER_3_STATIC_MAHALANOBIS,-1,NORMAL,1,TIER_1_SPIKE,True
2024,AWS-CHN-102,CHN,2025-03-13 09:00:00+00:00,drift,30.3,1006.39368168431,67.0,74.0,1,TIER_1_SPIKE,-1,NORMAL,-1,NORMAL,False
2024,AWS-CHN-101,CHN,2025-03-13 23:00:00+00:00,drift,24.2,999.2684663644812,98.0,14.0,1,TIER_1_SPIKE,-1,NORMAL,1,TIER_1_SPIKE,True
2024,AWS-DEL-103,DEL,2025-03-13 23:00:00+00:00,drift,20.1,971.3088636147507,70.0,1.0,3,TIER_3_STATIC_MAHALANOBIS,-1,NORMAL,-1,NORMAL,False
2024,AWS-DEL-103,DEL,2025-03-14 00:00:00+00:00,drift,19.6,970.63098811974,71.0,1.0,3,TIER_3_STATIC_MAHALANOBIS,-1,NORMAL,-1,NORMAL,False
2024,AWS-CHN-101,CHN,2025-03-14 00:00:00+00:00,drift,23.6,998.3714431629369,99.0,15.0,1,TIER_1_SPIKE,-1,NORMAL,1,TIER_1_SPIKE,True
2024,AWS-KOL-015,KOL,2025-03-14 07:00:00+00:00,drift,27.6,1008.2,80.0,58.0,1,TIER_1_SPIKE,-1,NORMAL,-1,NORMAL,False
2024,AWS-DEL-101,DEL,2025-03-14 08:00:00+00:00,drift,23.5,987.3,65.0,1.0,3,TIER_3_STATIC_MAHALANOBIS,-1,NORMAL,-1,NORMAL,False
2024,AWS-VAR-101,VAR,2025-03-14 08:00:00+00:00,drift,26.9,1001.0,51.0,1.0,3,TIER_3_STATIC_MAHALANOBIS,-1,NORMAL,-1,NORMAL,False
2024,AWS-MUM-101,MUM,2025-03-14 08:00:00+00:00,drift,27.45865459735374,1010.4,75.0,14.0,1,TIER_1_SPIKE,-1,NORMAL,1,TIER_1_SPIKE,True
2024,AWS-MUM-102,MUM,2025-03-14 19:00:00+00:00,drift,33.90718625031618,1006.8,28.0,10.0,1,TIER_1_SPIKE,-1,NORMAL,-1,NORMAL,False
2024,AWS-RAN-101,RAN,2025-03-14 19:00:00+00:00,frozen_value,27.3,938.7,18.047799747323346,1.0,3,TIER_3_STATIC_MAHALANOBIS,-1,NORMAL,-1,NORMAL,False
2024,AWS-MUM-103,MUM,2025-03-14 20:00:00+00:00,drift,33.63444617434356,1007.7,27.0,12.0,1,TIER_1_SPIKE,-1,NORMAL,-1,NORMAL,False
2024,AWS-VAR-101,VAR,2025-03-14 21:00:00+00:00,drift,27.6,1006.8571550168455,43.0,1.0,3,TIER_3_STATIC_MAHALANOBIS,-1,NORMAL,-1,NORMAL,False
2024,AWS-VAR-103,VAR,2025-03-14 21:00:00+00:00,drift,25.6,1006.0723948772655,44.0,1.0,3,TIER_3_STATIC_MAHALANOBIS,-1,NORMAL,-1,NORMAL,False
2024,AWS-BHO-030,BHO,2025-03-14 21:00:00+00:00,drift,27.4,960.3213004720553,28.0,1.0,3,TIER_3_STATIC_MAHALANOBIS,-1,NORMAL,-1,NORMAL,False
2024,AWS-BHO-101,BHO,2025-03-14 22:00:00+00:00,drift,24.6,960.5722051897976,26.0,1.0,3,TIER_3_STATIC_MAHALANOBIS,-1,NORMAL,1,TIER_1_SPIKE,True
2024,AWS-BHO-030,BHO,2025-03-14 22:00:00+00:00,drift,26.9,961.053708200675,28.0,1.0,3,TIER_3_STATIC_MAHALANOBIS,-1,NORMAL,-1,NORMAL,False
2024,AWS-DEL-102,DEL,2025-03-14 22:00:00+00:00,drift,22.3,990.4258052218522,64.0,1.0,3,TIER_3_STATIC_MAHALANOBIS,-1,NORMAL,-1,NORMAL,False
2024,AWS-VAR-101,VAR,2025-03-14 22:00:00+00:00,drift,27.1,1007.7230900181413,46.0,1.0,3,TIER_3_STATIC_MAHALANOBIS,-1,NORMAL,-1,NORMAL,False
2024,AWS-VAR-103,VAR,2025-03-14 22:00:00+00:00,drift,25.0,1006.8395021755167,48.0,1.0,3,TIER_3_STATIC_MAHALANOBIS,-1,NORMAL,-1,NORMAL,False
2024,AWS-DEL-101,DEL,2025-03-14 22:00:00+00:00,drift,22.6,994.1917228730745,60.0,1.0,3,TIER_3_STATIC_MAHALANOBIS,-1,NORMAL,-1,NORMAL,False
2024,AWS-DEL-102,DEL,2025-03-14 23:00:00+00:00,drift,21.7,990.4276484519845,63.0,1.0,3,TIER_3_STATIC_MAHALANOBIS,-1,NORMAL,-1,NORMAL,False
2024,AWS-BHO-030,BHO,2025-03-14 23:00:00+00:00,drift,26.5,961.2861159292946,28.0,1.0,3,TIER_3_STATIC_MAHALANOBIS,-1,NORMAL,-1,NORMAL,False
2024,AWS-DEL-101,DEL,2025-03-14 23:00:00+00:00,drift,22.2,993.9982745068654,60.0,1.0,3,TIER_3_STATIC_MAHALANOBIS,-1,NORMAL,-1,NORMAL,False
2024,AWS-BHO-101,BHO,2025-03-14 23:00:00+00:00,drift,24.4,961.005934131926,25.0,1.0,3,TIER_3_STATIC_MAHALANOBIS,-1,NORMAL,1,TIER_1_SPIKE,True
2024,AWS-VAR-103,VAR,2025-03-14 23:00:00+00:00,drift,24.4,1007.0066094737679,51.0,1.0,3,TIER_3_STATIC_MAHALANOBIS,-1,NORMAL,-1,NORMAL,False
2024,AWS-DEL-102,DEL,2025-03-15 00:00:00+00:00,drift,21.3,991.4294916821168,63.0,1.0,3,TIER_3_STATIC_MAHALANOBIS,-1,NORMAL,-1,NORMAL,False
2024,AWS-MUM-101,MUM,2025-03-15 00:00:00+00:00,drift,28.809697136486122,1009.1,59.0,4.0,1,TIER_1_SPIKE,-1,NORMAL,1,TIER_1_SPIKE,True
2024,AWS-BHO-101,BHO,2025-03-15 01:00:00+00:00,drift,23.7,960.9733920161827,25.0,1.0,3,TIER_3_STATIC_MAHALANOBIS,-1,NORMAL,1,TIER_1_SPIKE,True
2024,AWS-MUM-101,MUM,2025-03-15 01:00:00+00:00,drift,28.469323345041776,1008.5,64.0,5.0,1,TIER_1_SPIKE,-1,NORMAL,1,TIER_1_SPIKE,True
2024,AWS-MUM-101,MUM,2025-03-15 02:00:00+00:00,drift,27.934835615329074,1008.2,69.0,6.0,1,TIER_1_SPIKE,-1,NORMAL,1,TIER_1_SPIKE,True
2024,AWS-MUM-101,MUM,2025-03-15 03:00:00+00:00,drift,27.60604730872776,1007.8,73.0,7.0,1,TIER_1_SPIKE,-1,NORMAL,1,TIER_1_SPIKE,True
2024,AWS-MUM-101,MUM,2025-03-15 04:00:00+00:00,drift,27.382786848705933,1007.6,75.0,8.0,1,TIER_1_SPIKE,-1,NORMAL,1,TIER_1_SPIKE,True
2024,AWS-MUM-101,MUM,2025-03-15 05:00:00+00:00,drift,26.964895837755225,1007.9,78.0,9.0,1,TIER_1_SPIKE,-1,NORMAL,1,TIER_1_SPIKE,True
2024,AWS-CHN-101,CHN,2025-03-15 06:00:00+00:00,frozen_value,23.7,1009.1,99.0,14.0,1,TIER_1_SPIKE,-1,NORMAL,1,TIER_1_SPIKE,True
2024,AWS-VAR-052,VAR,2025-03-15 06:00:00+00:00,frozen_value,22.6,999.9,65.0,1.0,3,TIER_3_STATIC_MAHALANOBIS,-1,NORMAL,1,TIER_1_SPIKE,True
2024,AWS-RAN-102,RAN,2025-03-15 08:00:00+00:00,frozen_value,19.486308830258594,973.9,48.0,1.0,3,TIER_3_STATIC_MAHALANOBIS,-1,NORMAL,-1,NORMAL,False
2024,AWS-RAN-067,RAN,2025-03-15 08:00:00+00:00,frozen_value,21.386308830258592,943.0,34.0,1.0,3,TIER_3_STATIC_MAHALANOBIS,-1,NORMAL,1,TIER_1_SPIKE,True
2024,AWS-DEL-101,DEL,2025-03-15 20:00:00+00:00,drift,22.67008525636033,987.7,45.0,1.0,3,TIER_3_STATIC_MAHALANOBIS,-1,NORMAL,-1,NORMAL,False
2024,AWS-DEL-011,DEL,2025-03-15 20:00:00+00:00,drift,22.97043832601655,986.7,57.0,1.0,3,TIER_3_STATIC_MAHALANOBIS,-1,NORMAL,-1,NORMAL,False
2024,AWS-DEL-102,DEL,2025-03-15 20:00:00+00:00,drift,21.67030170311562,984.9,62.0,1.0,3,TIER_3_STATIC_MAHALANOBIS,-1,NORMAL,-1,NORMAL,False
2024,AWS-VAR-101,VAR,2025-03-15 20:00:00+00:00,drift,28.370204637754824,1000.9,42.0,13.0,1,TIER_1_SPIKE,-1,NORMAL,-1,NORMAL,False
2024,AWS-VAR-103,VAR,2025-03-15 20:00:00+00:00,drift,26.170050394055643,1000.1,48.0,13.0,1,TIER_1_SPIKE,-1,NORMAL,-1,NORMAL,False
2024,AWS-VAR-102,VAR,2025-03-15 21:00:00+00:00,drift,25.5984923472628,1001.6,48.0,14.0,1,TIER_1_SPIKE,-1,NORMAL,-1,NORMAL,False
2024,AWS-BHO-030,BHO,2025-03-15 21:00:00+00:00,drift,27.698726290694953,956.7,23.0,1.0,3,TIER_3_STATIC_MAHALANOBIS,-1,NORMAL,-1,NORMAL,False
2024,AWS-BHO-030,BHO,2025-03-15 22:00:00+00:00,drift,27.42711576079423,956.8,23.0,1.0,3,TIER_3_STATIC_MAHALANOBIS,-1,NORMAL,-1,NORMAL,False
2024,AWS-BHO-101,BHO,2025-03-15 22:00:00+00:00,drift,25.126929723741544,956.5,26.0,1.0,3,TIER_3_STATIC_MAHALANOBIS,-1,NORMAL,1,TIER_1_SPIKE,True
2024,AWS-BHO-101,BHO,2025-03-16 09:00:00+00:00,drift,24.338958093886166,958.7,25.0,1.0,3,TIER_3_STATIC_MAHALANOBIS,-1,NORMAL,1,TIER_1_SPIKE,True
2024,AWS-VAR-101,VAR,2025-03-16 09:00:00+00:00,drift,27.338981352890283,1002.1,42.0,26.0,1,TIER_1_SPIKE,-1,NORMAL,-1,NORMAL,False
2024,AWS-VAR-102,VAR,2025-03-16 09:00:00+00:00,drift,26.238764942570455,1002.2,48.0,26.0,1,TIER_1_SPIKE,-1,NORMAL,-1,NORMAL,False
2024,AWS-VAR-103,VAR,2025-03-16 10:00:00+00:00,drift,24.96683464685214,1001.9,47.0,27.0,1,TIER_1_SPIKE,-1,NORMAL,-1,NORMAL,False
2024,AWS-DEL-011,DEL,2025-03-16 11:00:00+00:00,drift,21.696534141057914,989.3,42.0,1.0,3,TIER_3_STATIC_MAHALANOBIS,-1,NORMAL,-1,NORMAL,False
2024,AWS-BHO-030,BHO,2025-03-16 11:00:00+00:00,drift,27.496178872084858,958.9,19.0,1.0,3,TIER_3_STATIC_MAHALANOBIS,-1,NORMAL,-1,NORMAL,False
2024,AWS-DEL-101,DEL,2025-03-16 11:00:00+00:00,drift,22.19529839726116,990.8,45.0,1.0,3,TIER_3_STATIC_MAHALANOBIS,-1,NORMAL,-1,NORMAL,False
2024,AWS-BHO-103,BHO,2025-03-16 12:00:00+00:00,unstructured_anomaly,27.448528268741995,970.5229027213228,35.44742324526786,1.0,3,TIER_3_STATIC_MAHALANOBIS,-1,NORMAL,1,TIER_1_SPIKE,True
2024,AWS-BHO-030,BHO,2025-03-16 14:00:00+00:00,drift,27.981347282382693,955.3,15.0,1.0,3,TIER_3_STATIC_MAHALANOBIS,-1,NORMAL,2,TIER_2_ROC_CUSUM,True
2024,AWS-BHO-030,BHO,2025-03-16 15:00:00+00:00,drift,27.80973675248197,954.6,15.0,1.0,3,TIER_3_STATIC_MAHALANOBIS,-1,NORMAL,-1,NORMAL,False
2024,AWS-RAN-067,RAN,2025-03-16 20:00:00+00:00,unstructured_anomaly,19.5617811094561,947.3897405898238,23.611106946966235,1.0,3,TIER_3_STATIC_MAHALANOBIS,-1,NORMAL,-1,NORMAL,False
2024,AWS-VAR-052,VAR,2025-03-16 21:00:00+00:00,unstructured_anomaly,22.922819256112057,1006.2547031878506,50.149818719322084,1.0,3,TIER_3_STATIC_MAHALANOBIS,-1,NORMAL,1,TIER_1_SPIKE,True
2024,AWS-KOL-015,KOL,2025-03-17 05:00:00+00:00,drift,24.9,1006.6,93.0,128.0,1,TIER_1_SPIKE,-1,NORMAL,-1,NORMAL,False
2024,AWS-KOL-103,KOL,2025-03-17 06:00:00+00:00,drift,26.3,1007.2850899394039,89.0,14.0,1,TIER_1_SPIKE,-1,NORMAL,1,TIER_1_SPIKE,True
2024,AWS-MUM-103,MUM,2025-03-17 10:00:00+00:00,drift,32.8,1009.5414137013086,31.0,10.0,1,TIER_1_SPIKE,-1,NORMAL,-1,NORMAL,False
2024,AWS-MUM-102,MUM,2025-03-17 11:00:00+00:00,drift,35.5,1008.835788872227,24.0,2.0,1,TIER_1_SPIKE,-1,NORMAL,-1,NORMAL,False
2024,AWS-BHO-103,BHO,2025-03-17 14:00:00+00:00,unstructured_anomaly,25.457588723514743,967.687197233779,43.31428140206779,1.0,3,TIER_3_STATIC_MAHALANOBIS,-1,NORMAL,1,TIER_1_SPIKE,True
2024,AWS-BHO-102,BHO,2025-03-17 14:00:00+00:00,unstructured_anomaly,26.35758872351474,969.187197233779,41.31428140206779,1.0,3,TIER_3_STATIC_MAHALANOBIS,-1,NORMAL,1,TIER_1_SPIKE,True
2024,AWS-KOL-103,KOL,2025-03-17 15:00:00+00:00,drift,25.4,1002.7508993940395,81.0,6.0,1,TIER_1_SPIKE,-1,NORMAL,1,TIER_1_SPIKE,True
2024,AWS-KOL-015,KOL,2025-03-17 15:00:00+00:00,drift,25.4,1002.6777358924413,83.0,7.0,1,TIER_1_SPIKE,-1,NORMAL,-1,NORMAL,False
2024,AWS-RAN-067,RAN,2025-03-17 15:00:00+00:00,unstructured_anomaly,20.635806099525276,947.5104504968962,25.47319087469678,1.0,3,TIER_3_STATIC_MAHALANOBIS,-1,NORMAL,-1,NORMAL,False
2024,AWS-BHO-102,BHO,2025-03-17 17:00:00+00:00,unstructured_anomaly,26.397375454109785,970.5861231181578,34.732892367831575,1.0,3,TIER_3_STATIC_MAHALANOBIS,-1,NORMAL,1,TIER_1_SPIKE,True
2024,AWS-RAN-102,RAN,2025-03-17 17:00:00+00:00,unstructured_anomaly,23.197375454109785,977.4861231181578,70.73289236783157,1.0,3,TIER_3_STATIC_MAHALANOBIS,-1,NORMAL,-1,NORMAL,False
2024,AWS-BHO-103,BHO,2025-03-17 17:00:00+00:00,unstructured_anomaly,25.997375454109786,968.5861231181578,37.732892367831575,1.0,3,TIER_3_STATIC_MAHALANOBIS,-1,NORMAL,1,TIER_1_SPIKE,True
2024,AWS-MUM-007,MUM,2025-03-17 18:00:00+00:00,drift,29.2,1004.7838439748457,57.01271491485657,9.0,3,TIER_3_STATIC_MAHALANOBIS,-1,NORMAL,-1,NORMAL,False
2024,AWS-DEL-102,DEL,2025-03-17 18:00:00+00:00,drift,23.7,986.1,43.012508062865045,1.0,3,TIER_3_STATIC_MAHALANOBIS,-1,NORMAL,-1,NORMAL,False
2024,AWS-VAR-102,VAR,2025-03-17 18:00:00+00:00,drift,28.4,999.6,38.01233769868238,59.0,1,TIER_1_SPIKE,-1,NORMAL,-1,NORMAL,False
2024,AWS-VAR-101,VAR,2025-03-17 19:00:00+00:00,drift,29.2,1000.4,29.043548506013384,60.0,1,TIER_1_SPIKE,-1,NORMAL,-1,NORMAL,False
2024,AWS-BHO-030,BHO,2025-03-17 19:00:00+00:00,drift,28.2,956.4,24.042413967890383,1.0,3,TIER_3_STATIC_MAHALANOBIS,-1,NORMAL,-1,NORMAL,False
2024,AWS-DEL-101,DEL,2025-03-17 19:00:00+00:00,drift,22.9,989.9,41.04418734210482,1.0,3,TIER_3_STATIC_MAHALANOBIS,-1,NORMAL,-1,NORMAL,False
2024,AWS-DEL-101,DEL,2025-03-17 20:00:00+00:00,drift,22.3,990.6,44.09354472619102,1.0,3,TIER_3_STATIC_MAHALANOBIS,-1,NORMAL,-1,NORMAL,False
2024,AWS-VAR-103,VAR,2025-03-17 20:00:00+00:00,drift,27.1,1000.7,30.09277944179099,61.0,1,TIER_1_SPIKE,-1,NORMAL,-1,NORMAL,False
2024,AWS-DEL-011,DEL,2025-03-17 20:00:00+00:00,drift,23.6,989.2,41.09285878115431,1.0,3,TIER_3_STATIC_MAHALANOBIS,-1,NORMAL,-1,NORMAL,False
2024,AWS-BHO-101,BHO,2025-03-17 21:00:00+00:00,drift,25.2,956.7,26.15602709577849,1.0,3,TIER_3_STATIC_MAHALANOBIS,-1,NORMAL,1,TIER_1_SPIKE,True
2024,AWS-RAN-103,RAN,2025-03-17 21:00:00+00:00,frozen_value,24.8,975.0,57.0,1.0,3,TIER_3_STATIC_MAHALANOBIS,-1,NORMAL,1,TIER_1_SPIKE,True
2024,AWS-RAN-103,RAN,2025-03-17 22:00:00+00:00,frozen_value,24.78101630207784,975.5,62.0,1.0,3,TIER_3_STATIC_MAHALANOBIS,-1,NORMAL,1,TIER_1_SPIKE,True
2024,AWS-KOL-015,KOL,2025-03-17 22:00:00+00:00,drift,26.2,999.6921510171503,81.24502074568154,14.0,1,TIER_1_SPIKE,-1,NORMAL,-1,NORMAL,False
2024,AWS-KOL-103,KOL,2025-03-17 22:00:00+00:00,drift,26.3,999.8465289698672,78.24465996773938,13.0,1,TIER_1_SPIKE,-1,NORMAL,1,TIER_1_SPIKE,True
2024,AWS-KOL-015,KOL,2025-03-17 23:00:00+00:00,drift,25.9,998.9799246063945,85.34529311018382,15.0,1,TIER_1_SPIKE,-1,NORMAL,-1,NORMAL,False
2024,AWS-RAN-103,RAN,2025-03-17 23:00:00+00:00,frozen_value,24.755045656349466,975.8,57.0,1.0,3,TIER_3_STATIC_MAHALANOBIS,-1,NORMAL,1,TIER_1_SPIKE,True
2024,AWS-KOL-103,KOL,2025-03-17 23:00:00+00:00,drift,25.9,999.1316189092712,82.34486017665321,14.0,1,TIER_1_SPIKE,-1,NORMAL,1,TIER_1_SPIKE,True
2024,AWS-KOL-015,KOL,2025-03-18 00:00:00+00:00,drift,25.6,998.0676981956386,88.46188257236007,16.0,1,TIER_1_SPIKE,-1,NORMAL,-1,NORMAL,False
2024,AWS-RAN-103,RAN,2025-03-18 00:00:00+00:00,frozen_value,24.871063325387777,975.8,52.0,1.0,3,TIER_3_STATIC_MAHALANOBIS,-1,NORMAL,1,TIER_1_SPIKE,True
2024,AWS-KOL-103,KOL,2025-03-18 00:00:00+00:00,drift,25.7,998.1167088486751,85.46137748324104,15.0,1,TIER_1_SPIKE,-1,NORMAL,1,TIER_1_SPIKE,True
2024,AWS-CHN-103,CHN,2025-03-18 01:00:00+00:00,drift,25.3,997.5153143941114,97.59605552279922,20.0,3,TIER_3_STATIC_MAHALANOBIS,-1,NORMAL,-1,NORMAL,False
2024,AWS-KOL-015,KOL,2025-03-18 01:00:00+00:00,drift,25.2,996.9554717848828,91.59459427369889,17.0,1,TIER_1_SPIKE,-1,NORMAL,-1,NORMAL,False
2024,AWS-KOL-103,KOL,2025-03-18 01:00:00+00:00,drift,25.4,997.0017987880791,89.59401702899143,16.0,1,TIER_1_SPIKE,-1,NORMAL,1,TIER_1_SPIKE,True
2024,AWS-RAN-103,RAN,2025-03-18 01:00:00+00:00,frozen_value,24.74738639729218,975.4,50.0,1.0,3,TIER_3_STATIC_MAHALANOBIS,-1,NORMAL,1,TIER_1_SPIKE,True
2024,AWS-KOL-103,KOL,2025-03-18 02:00:00+00:00,drift,25.2,996.086888727483,91.74261208289312,17.0,1,TIER_1_SPIKE,-1,NORMAL,1,TIER_1_SPIKE,True
2024,AWS-CHN-103,CHN,2025-03-18 02:00:00+00:00,drift,25.3,996.541080113817,97.7449053884269,21.0,3,TIER_3_STATIC_MAHALANOBIS,-1,NORMAL,-1,NORMAL,False
2024,AWS-RAN-103,RAN,2025-03-18 02:00:00+00:00,frozen_value,24.74627265632562,975.0,49.0,1.0,3,TIER_3_STATIC_MAHALANOBIS,-1,NORMAL,1,TIER_1_SPIKE,True
2024,AWS-KOL-015,KOL,2025-03-18 02:00:00+00:00,drift,25.2,995.8432453741269,93.74326148318902,18.0,1,TIER_1_SPIKE,-1,NORMAL,2,TIER_2_ROC_CUSUM,True
2024,AWS-KOL-015,KOL,2025-03-18 03:00:00+00:00,drift,25.1,994.9310189633711,94.9077386704156,19.0,1,TIER_1_SPIKE,-1,NORMAL,2,TIER_2_ROC_CUSUM,True
2024,AWS-KOL-103,KOL,2025-03-18 03:00:00+00:00,drift,24.9,995.071978666887,93.90701711453127,18.0,1,TIER_1_SPIKE,-1,NORMAL,1,TIER_1_SPIKE,True
2024,AWS-CHN-103,CHN,2025-03-18 03:00:00+00:00,drift,25.4,996.0668458335225,97.90956523179102,22.0,3,TIER_3_STATIC_MAHALANOBIS,-1,NORMAL,2,TIER_2_ROC_CUSUM,True
2024,AWS-KOL-101,KOL,2025-03-18 03:00:00+00:00,drift,23.8,995.8531052850257,99.90670575446515,20.0,1,TIER_1_SPIKE,-1,NORMAL,-1,NORMAL,False
2024,AWS-RAN-103,RAN,2025-03-18 03:00:00+00:00,frozen_value,24.749721610245036,974.6,48.0,1.0,3,TIER_3_STATIC_MAHALANOBIS,-1,NORMAL,1,TIER_1_SPIKE,True
2024,AWS-RAN-101,RAN,2025-03-18 03:00:00+00:00,frozen_value,24.249721610245036,939.1,51.0,1.0,3,TIER_3_STATIC_MAHALANOBIS,-1,NORMAL,-1,NORMAL,False
2024,AWS-KOL-103,KOL,2025-03-18 04:00:00+00:00,drift,24.6,995.257068606291,96.08710313255801,19.0,1,TIER_1_SPIKE,-1,NORMAL,1,TIER_1_SPIKE,True
2024,AWS-KOL-101,KOL,2025-03-18 04:00:00+00:00,drift,23.8,995.9418827979814,100.0,21.0,1,TIER_1_SPIKE,-1,NORMAL,2,TIER_2_ROC_CUSUM,True
2024,AWS-KOL-015,KOL,2025-03-18 04:00:00+00:00,drift,25.0,994.9187925526153,96.08789684403077,20.0,1,TIER_1_SPIKE,-1,NORMAL,2,TIER_2_ROC_CUSUM,True
2024,AWS-CHN-103,CHN,2025-03-18 04:00:00+00:00,drift,26.0,995.5926115532282,94.08990606154374,23.0,3,TIER_3_STATIC_MAHALANOBIS,-1,NORMAL,2,TIER_2_ROC_CUSUM,True
2024,AWS-CHN-103,CHN,2025-03-18 05:00:00+00:00,drift,26.3,995.7183772729338,92.28581213994734,24.0,3,TIER_3_STATIC_MAHALANOBIS,-1,NORMAL,1,TIER_1_SPIKE,True
2024,AWS-KOL-101,KOL,2025-03-18 05:00:00+00:00,drift,23.5,996.3306603109371,100.0,22.0,1,TIER_1_SPIKE,-1,NORMAL,2,TIER_2_ROC_CUSUM,True
2024,AWS-KOL-103,KOL,2025-03-18 05:00:00+00:00,drift,24.4,995.5421585456949,96.28275439923564,20.0,1,TIER_1_SPIKE,-1,NORMAL,1,TIER_1_SPIKE,True
2024,AWS-DEL-011,DEL,2025-03-18 09:00:00+00:00,drift,23.5,989.8,49.2118651669206,1.0,3,TIER_3_STATIC_MAHALANOBIS,-1,NORMAL,-1,NORMAL,False
2024,AWS-MUM-007,MUM,2025-03-18 09:00:00+00:00,drift,28.8,1001.6728947150524,55.21690709829605,24.0,3,TIER_3_STATIC_MAHALANOBIS,-1,NORMAL,-1,NORMAL,False
2024,AWS-VAR-103,VAR,2025-03-18 09:00:00+00:00,drift,27.0,1002.9,42.21144202364957,74.0,1,TIER_1_SPIKE,-1,NORMAL,-1,NORMAL,False
2024,AWS-VAR-101,VAR,2025-03-18 10:00:00+00:00,drift,29.3,1003.5,32.48193944770355,75.0,1,TIER_1_SPIKE,-1,NORMAL,-1,NORMAL,False
2024,AWS-DEL-102,DEL,2025-03-18 10:00:00+00:00,drift,24.5,988.5,48.48532310083654,1.0,3,TIER_3_STATIC_MAHALANOBIS,-1,NORMAL,-1,NORMAL,False
2024,AWS-BHO-030,BHO,2025-03-18 10:00:00+00:00,drift,28.5,959.3,32.47229587365805,1.0,3,TIER_3_STATIC_MAHALANOBIS,-1,NORMAL,-1,NORMAL,False
2024,AWS-VAR-102,VAR,2025-03-18 10:00:00+00:00,drift,28.7,1003.6,36.48242690973125,75.0,1,TIER_1_SPIKE,-1,NORMAL,-1,NORMAL,False
2024,AWS-MUM-103,MUM,2025-03-18 11:00:00+00:00,drift,34.1,1009.7,28.778798232496943,35.0,1,TIER_1_SPIKE,-1,NORMAL,-1,NORMAL,False
2024,AWS-MUM-102,MUM,2025-03-18 11:00:00+00:00,drift,34.2,1009.6,27.777471240849223,26.0,1,TIER_1_SPIKE,-1,NORMAL,-1,NORMAL,False
2024,AWS-MUM-102,MUM,2025-03-18 17:00:00+00:00,drift,33.8,1006.6,32.81242372485394,32.0,1,TIER_1_SPIKE,-1,NORMAL,-1,NORMAL,False
2024,AWS-MUM-103,MUM,2025-03-18 17:00:00+00:00,drift,34.4,1006.5,30.814193047050907,41.0,1,TIER_1_SPIKE,-1,NORMAL,-1,NORMAL,False
2024,AWS-VAR-102,VAR,2025-03-18 17:00:00+00:00,drift,28.2,1000.0,35.80116861099223,82.0,1,TIER_1_SPIKE,-1,NORMAL,-1,NORMAL,False
2024,AWS-DEL-101,DEL,2025-03-18 22:00:00+00:00,drift,21.2,989.6,56.906517717308766,1.0,3,TIER_3_STATIC_MAHALANOBIS,-1,NORMAL,-1,NORMAL,False
2024,AWS-RAN-103,RAN,2025-03-18 22:00:00+00:00,frozen_value,23.2,973.5234382405661,36.0,1.0,3,TIER_3_STATIC_MAHALANOBIS,-1,NORMAL,1,TIER_1_SPIKE,True
2024,AWS-MUM-101,MUM,2025-03-18 22:00:00+00:00,drift,26.1,1010.4,76.92094333128176,13.0,1,TIER_1_SPIKE,-1,NORMAL,1,TIER_1_SPIKE,True
2024,AWS-BHO-101,BHO,2025-03-18 22:00:00+00:00,drift,25.3,956.3,35.87676291464598,1.0,3,TIER_3_STATIC_MAHALANOBIS,-1,NORMAL,1,TIER_1_SPIKE,True
2024,AWS-RAN-067,RAN,2025-03-18 22:00:00+00:00,frozen_value,22.4,939.5234382405661,33.0,1.0,3,TIER_3_STATIC_MAHALANOBIS,-1,NORMAL,-1,NORMAL,False
2024,AWS-DEL-011,DEL,2025-03-18 22:00:00+00:00,drift,22.6,988.2,50.89988691528725,1.0,3,TIER_3_STATIC_MAHALANOBIS,-1,NORMAL,-1,NORMAL,False
2024,AWS-DEL-101,DEL,2025-03-18 23:00:00+00:00,drift,21.0,989.7,56.369664049065,1.0,3,TIER_3_STATIC_MAHALANOBIS,-1,NORMAL,-1,NORMAL,False
2024,AWS-DEL-011,DEL,2025-03-18 23:00:00+00:00,drift,22.3,988.3,50.36280459869791,1.0,3,TIER_3_STATIC_MAHALANOBIS,-1,NORMAL,-1,NORMAL,False
2024,AWS-CHN-101,CHN,2025-03-18 23:00:00+00:00,drift,26.2,1006.849992164453,91.0,9.0,1,TIER_1_SPIKE,-1,NORMAL,1,TIER_1_SPIKE,True
2024,AWS-RAN-067,RAN,2025-03-18 23:00:00+00:00,drift,21.9,939.5499921644531,34.0,1.0,3,TIER_3_STATIC_MAHALANOBIS,-1,NORMAL,-1,NORMAL,False
2024,AWS-DEL-011,DEL,2025-03-19 00:00:00+00:00,drift,22.1,988.2,49.84012094451454,1.0,3,TIER_3_STATIC_MAHALANOBIS,-1,NORMAL,-1,NORMAL,False
2024,AWS-VAR-052,VAR,2025-03-19 00:00:00+00:00,drift,22.6,1002.9,34.29933709937274,1.0,3,TIER_3_STATIC_MAHALANOBIS,-1,NORMAL,1,TIER_1_SPIKE,True
2024,AWS-DEL-101,DEL,2025-03-19 00:00:00+00:00,drift,20.6,989.6,55.847209043227195,1.0,3,TIER_3_STATIC_MAHALANOBIS,-1,NORMAL,-1,NORMAL,False
2024,AWS-DEL-101,DEL,2025-03-19 01:00:00+00:00,drift,20.1,989.4,56.33911610238961,1.0,3,TIER_3_STATIC_MAHALANOBIS,-1,NORMAL,-1,NORMAL,False
2024,AWS-CHN-102,CHN,2025-03-19 02:00:00+00:00,drift,26.4,1008.6,90.89973533776737,1.0,3,TIER_3_STATIC_MAHALANOBIS,-1,NORMAL,1,TIER_1_SPIKE,True
2024,AWS-DEL-103,DEL,2025-03-19 02:00:00+00:00,drift,18.1,987.0,62.89926165158893,1.0,3,TIER_3_STATIC_MAHALANOBIS,-1,NORMAL,-1,NORMAL,False
2024,AWS-DEL-101,DEL,2025-03-19 02:00:00+00:00,drift,20.1,988.9,60.84534988023328,1.0,3,TIER_3_STATIC_MAHALANOBIS,-1,NORMAL,2,TIER_2_ROC_CUSUM,True
2024,AWS-CHN-102,CHN,2025-03-19 03:00:00+00:00,drift,26.1,1008.3,93.19964711702316,2.0,3,TIER_3_STATIC_MAHALANOBIS,-1,NORMAL,1,TIER_1_SPIKE,True
2024,AWS-CHN-102,CHN,2025-03-19 04:00:00+00:00,drift,25.7,1008.8,95.49955889627896,3.0,1,TIER_1_SPIKE,-1,NORMAL,1,TIER_1_SPIKE,True
2024,AWS-CHN-102,CHN,2025-03-19 05:00:00+00:00,drift,25.4,1008.7723977065519,97.79947067553474,4.0,1,TIER_1_SPIKE,-1,NORMAL,1,TIER_1_SPIKE,True
2024,AWS-CHN-101,CHN,2025-03-19 06:00:00+00:00,drift,25.9,1008.8904852260752,98.09929615114089,16.0,1,TIER_1_SPIKE,-1,NORMAL,1,TIER_1_SPIKE,True
2024,AWS-RAN-102,RAN,2025-03-19 07:00:00+00:00,drift,21.5,972.2841292500187,53.398074945126446,1.0,3,TIER_3_STATIC_MAHALANOBIS,-1,NORMAL,-1,NORMAL,False
2024,AWS-RAN-067,RAN,2025-03-19 07:00:00+00:00,drift,21.6,940.1841292500188,42.39772065515523,1.0,3,TIER_3_STATIC_MAHALANOBIS,-1,NORMAL,-1,NORMAL,False
2024,AWS-DEL-103,DEL,2025-03-19 07:00:00+00:00,drift,18.4,986.3841292500188,71.39803107090381,1.0,3,TIER_3_STATIC_MAHALANOBIS,-1,NORMAL,-1,NORMAL,False
2024,AWS-RAN-101,RAN,2025-03-19 07:00:00+00:00,drift,23.2,940.6841292500188,42.39810952957841,1.0,3,TIER_3_STATIC_MAHALANOBIS,-1,NORMAL,-1,NORMAL,False
2024,AWS-MUM-101,MUM,2025-03-19 08:00:00+00:00,drift,25.5,1011.6,85.20117314446989,23.0,1,TIER_1_SPIKE,-1,NORMAL,1,TIER_1_SPIKE,True
2024,AWS-BHO-101,BHO,2025-03-19 08:00:00+00:00,drift,25.0,958.1,45.14175810140797,1.0,3,TIER_3_STATIC_MAHALANOBIS,-1,NORMAL,1,TIER_1_SPIKE,True
2024,AWS-BHO-102,BHO,2025-03-19 08:00:00+00:00,drift,24.2,962.3658287121491,36.690775941434225,1.0,3,TIER_3_STATIC_MAHALANOBIS,-1,NORMAL,-1,NORMAL,False
2024,AWS-BHO-103,BHO,2025-03-19 08:00:00+00:00,drift,24.8,960.3658287121491,36.69058358767566,1.0,3,TIER_3_STATIC_MAHALANOBIS,-1,NORMAL,-1,NORMAL,False
2024,AWS-VAR-102,VAR,2025-03-19 09:00:00+00:00,drift,26.9,1005.7,51.7757645260392,2.0,1,TIER_1_SPIKE,-1,NORMAL,-1,NORMAL,False
2024,AWS-VAR-103,VAR,2025-03-19 09:00:00+00:00,drift,27.2,1004.7,48.77719048639062,2.0,1,TIER_1_SPIKE,-1,NORMAL,-1,NORMAL,False
2024,AWS-BHO-030,BHO,2025-03-19 09:00:00+00:00,drift,27.1,959.3,41.75192679410225,1.0,3,TIER_3_STATIC_MAHALANOBIS,-1,NORMAL,-1,NORMAL,False
2024,AWS-DEL-102,DEL,2025-03-19 09:00:00+00:00,drift,24.8,988.7,54.78257909334576,1.0,3,TIER_3_STATIC_MAHALANOBIS,-1,NORMAL,-1,NORMAL,False
2024,AWS-VAR-101,VAR,2025-03-19 09:00:00+00:00,drift,27.7,1005.6,45.774617556562255,2.0,1,TIER_1_SPIKE,-1,NORMAL,-1,NORMAL,False
2024,AWS-MUM-102,MUM,2025-03-19 10:00:00+00:00,drift,32.4,1011.4,44.414403107328916,1.0,1,TIER_1_SPIKE,-1,NORMAL,-1,NORMAL,False
2024,AWS-MUM-103,MUM,2025-03-19 11:00:00+00:00,drift,34.5,1011.2,35.05143326310547,59.0,1,TIER_1_SPIKE,-1,NORMAL,-1,NORMAL,False
2024,AWS-MUM-007,MUM,2025-03-19 16:00:00+00:00,drift,30.5,1011.5587669055832,66.4236044133102,6.0,1,TIER_1_SPIKE,-1,NORMAL,-1,NORMAL,False
2024,AWS-MUM-102,MUM,2025-03-19 17:00:00+00:00,drift,33.0,1009.9347476461436,55.1456438630149,8.0,1,TIER_1_SPIKE,-1,NORMAL,-1,NORMAL,False
2024,AWS-BHO-102,BHO,2025-03-19 23:00:00+00:00,drift,25.7,964.9,40.17540251049127,1.0,3,TIER_3_STATIC_MAHALANOBIS,-1,NORMAL,-1,NORMAL,False
2024,AWS-RAN-101,RAN,2025-03-19 23:00:00+00:00,drift,23.0,943.6,58.194328588735246,1.0,3,TIER_3_STATIC_MAHALANOBIS,-1,NORMAL,-1,NORMAL,False
2024,AWS-DEL-103,DEL,2025-03-19 23:00:00+00:00,drift,19.8,989.8,60.194093212711444,1.0,3,TIER_3_STATIC_MAHALANOBIS,-1,NORMAL,-1,NORMAL,False
2024,AWS-BHO-103,BHO,2025-03-19 23:00:00+00:00,drift,25.0,963.2,42.17488956713508,1.0,3,TIER_3_STATIC_MAHALANOBIS,-1,NORMAL,-1,NORMAL,False
2024,AWS-RAN-103,RAN,2025-03-19 23:00:00+00:00,drift,24.8,979.2,53.19473737012844,1.0,3,TIER_3_STATIC_MAHALANOBIS,-1,NORMAL,-1,NORMAL,False
2024,AWS-CHN-101,CHN,2025-03-19 23:00:00+00:00,drift,26.9,1012.0,96.19758680391163,9.0,1,TIER_1_SPIKE,-1,NORMAL,1,TIER_1_SPIKE,True
2024,AWS-RAN-102,RAN,2025-03-19 23:00:00+00:00,drift,22.6,975.1,59.194224835379345,1.0,3,TIER_3_STATIC_MAHALANOBIS,-1,NORMAL,-1,NORMAL,False
2024,AWS-RAN-067,RAN,2025-03-20 00:00:00+00:00,drift,23.0,943.5,49.49287704736011,1.0,3,TIER_3_STATIC_MAHALANOBIS,-1,NORMAL,-1,NORMAL,False
2024,AWS-RAN-103,RAN,2025-03-20 00:00:00+00:00,drift,24.5,979.1,54.49451809388379,1.0,3,TIER_3_STATIC_MAHALANOBIS,-1,NORMAL,-1,NORMAL,False
2024,AWS-VAR-052,VAR,2025-03-20 01:00:00+00:00,drift,24.1,1003.9,47.78276458369125,1.0,3,TIER_3_STATIC_MAHALANOBIS,-1,NORMAL,1,TIER_1_SPIKE,True
2024,AWS-RAN-067,RAN,2025-03-20 01:00:00+00:00,drift,22.4,942.6,52.792592129254515,1.0,3,TIER_3_STATIC_MAHALANOBIS,-1,NORMAL,-1,NORMAL,False
2024,AWS-RAN-103,RAN,2025-03-20 01:00:00+00:00,drift,24.2,978.4,54.794298817639145,1.0,3,TIER_3_STATIC_MAHALANOBIS,-1,NORMAL,-1,NORMAL,False
2024,AWS-CHN-102,CHN,2025-03-20 02:00:00+00:00,drift,26.7,1010.7,97.09761803990634,1.0,3,TIER_3_STATIC_MAHALANOBIS,-1,NORMAL,2,TIER_2_ROC_CUSUM,True
2024,AWS-RAN-103,RAN,2025-03-20 02:00:00+00:00,drift,23.9,978.1,55.09407954139449,1.0,3,TIER_3_STATIC_MAHALANOBIS,-1,NORMAL,2,TIER_2_ROC_CUSUM,True
2024,AWS-CHN-102,CHN,2025-03-20 03:00:00+00:00,drift,26.5,1010.5,98.39752981916212,2.0,3,TIER_3_STATIC_MAHALANOBIS,-1,NORMAL,2,TIER_2_ROC_CUSUM,True
2024,AWS-VAR-101,VAR,2025-03-20 13:00:00+00:00,unstructured_anomaly,26.74510555989515,1011.3096068688599,43.47488230389099,10.0,1,TIER_1_SPIKE,-1,NORMAL,-1,NORMAL,False
2024,AWS-DEL-011,DEL,2025-03-20 15:00:00+00:00,unstructured_anomaly,25.375306752840466,996.5867509082254,32.80805147616099,1.0,3,TIER_3_STATIC_MAHALANOBIS,-1,NORMAL,-1,NORMAL,False
2024,AWS-BHO-101,BHO,2025-03-20 15:00:00+00:00,unstructured_anomaly,26.975306752840467,963.3867509082254,32.80805147616099,1.0,3,TIER_3_STATIC_MAHALANOBIS,-1,NORMAL,-1,NORMAL,False
2024,AWS-CHN-103,CHN,2025-03-20 18:00:00+00:00,drift,26.623258363230697,1006.6,61.0,13.0,1,TIER_1_SPIKE,-1,NORMAL,1,TIER_1_SPIKE,True
2024,AWS-CHN-101,CHN,2025-03-20 19:00:00+00:00,drift,28.6,1010.9,89.19557580717134,5.0,1,TIER_1_SPIKE,-1,NORMAL,1,TIER_1_SPIKE,True
2024,AWS-CHN-101,CHN,2025-03-20 20:00:00+00:00,drift,28.3,1011.8,90.49547525733432,6.0,1,TIER_1_SPIKE,-1,NORMAL,1,TIER_1_SPIKE,True
2024,AWS-BHO-103,BHO,2025-03-20 20:00:00+00:00,drift,26.7,962.6,47.452917938378285,1.0,3,TIER_3_STATIC_MAHALANOBIS,-1,NORMAL,-1,NORMAL,False
2024,AWS-CHN-101,CHN,2025-03-20 21:00:00+00:00,drift,27.9,1012.4,92.7953747074973,7.0,1,TIER_1_SPIKE,-1,NORMAL,1,TIER_1_SPIKE,True
2024,AWS-BHO-102,BHO,2025-03-20 21:00:00+00:00,drift,27.1,965.0,46.75285481177493,1.0,3,TIER_3_STATIC_MAHALANOBIS,-1,NORMAL,-1,NORMAL,False
2024,AWS-CHN-101,CHN,2025-03-20 22:00:00+00:00,drift,27.5,1012.7,95.09527415766028,8.0,1,TIER_1_SPIKE,-1,NORMAL,1,TIER_1_SPIKE,True
2024,AWS-DEL-101,DEL,2025-03-20 23:00:00+00:00,frozen_value,22.7,991.7,40.0,1.0,3,TIER_3_STATIC_MAHALANOBIS,-1,NORMAL,-1,NORMAL,False
2024,AWS-BHO-030,BHO,2025-03-21 14:00:00+00:00,unstructured_anomaly,27.41739962782227,965.1073645494151,27.522741461472293,1.0,3,TIER_3_STATIC_MAHALANOBIS,-1,NORMAL,-1,NORMAL,False
2024,AWS-BHO-101,BHO,2025-03-21 16:00:00+00:00,unstructured_anomaly,26.035155938428872,962.0098870254934,28.699851461982373,1.0,3,TIER_3_STATIC_MAHALANOBIS,-1,NORMAL,-1,NORMAL,False
2024,AWS-DEL-103,DEL,2025-03-21 20:00:00+00:00,unstructured_anomaly,18.207165574851615,995.557662118997,46.08054935078041,1.0,3,TIER_3_STATIC_MAHALANOBIS,-1,NORMAL,-1,NORMAL,False
2024,AWS-DEL-011,DEL,2025-03-21 20:00:00+00:00,frozen_value,25.7,988.9,30.0,1.0,3,TIER_3_STATIC_MAHALANOBIS,-1,NORMAL,-1,NORMAL,False
2024,AWS-BHO-101,BHO,2025-03-21 21:00:00+00:00,frozen_value,26.6,957.3,25.98640642498771,1.0,3,TIER_3_STATIC_MAHALANOBIS,-1,NORMAL,-1,NORMAL,False
2024,AWS-BHO-103,BHO,2025-03-22 00:00:00+00:00,unstructured_anomaly,28.173571362179878,954.332705376429,52.87559396641438,1.0,3,TIER_3_STATIC_MAHALANOBIS,-1,NORMAL,-1,NORMAL,False
2024,AWS-BHO-102,BHO,2025-03-22 00:00:00+00:00,unstructured_anomaly,28.97357136217988,956.232705376429,48.87559396641438,1.0,3,TIER_3_STATIC_MAHALANOBIS,-1,NORMAL,-1,NORMAL,False
2024,AWS-RAN-101,RAN,2025-03-22 07:00:00+00:00,unstructured_anomaly,23.45173083085306,935.6638856348216,73.61348100674964,1.0,3,TIER_3_STATIC_MAHALANOBIS,-1,NORMAL,-1,NORMAL,False
2024,AWS-RAN-067,RAN,2025-03-22 07:00:00+00:00,unstructured_anomaly,23.651730830853054,935.1638856348216,67.61348100674964,1.0,3,TIER_3_STATIC_MAHALANOBIS,-1,NORMAL,-1,NORMAL,False
2024,AWS-RAN-103,RAN,2025-03-22 07:00:00+00:00,unstructured_anomaly,25.351730830853057,972.0638856348215,66.61348100674964,1.0,3,TIER_3_STATIC_MAHALANOBIS,-1,NORMAL,-1,NORMAL,False
2024,AWS-MUM-101,MUM,2025-03-22 08:00:00+00:00,drift,28.018871256786674,1013.9,66.0,56.0,3,TIER_3_STATIC_MAHALANOBIS,-1,NORMAL,1,TIER_1_SPIKE,True
2024,AWS-KOL-101,KOL,2025-03-22 09:00:00+00:00,drift,26.339947206167214,1017.1,84.0,23.0,1,TIER_1_SPIKE,-1,NORMAL,-1,NORMAL,False
2024,AWS-KOL-101,KOL,2025-03-22 10:00:00+00:00,drift,26.161760588546052,1017.6,86.0,24.0,1,TIER_1_SPIKE,-1,NORMAL,-1,NORMAL,False
2024,AWS-VAR-101,VAR,2025-03-22 11:00:00+00:00,unstructured_anomaly,26.869680133143046,1012.2498182978896,41.73436587759609,19.0,1,TIER_1_SPIKE,-1,NORMAL,-1,NORMAL,False
2024,AWS-VAR-102,VAR,2025-03-22 11:00:00+00:00,unstructured_anomaly,26.469680133143047,1012.3498182978897,44.73436587759609,29.0,1,TIER_1_SPIKE,-1,NORMAL,-1,NORMAL,False
2024,AWS-BHO-030,BHO,2025-03-22 11:00:00+00:00,unstructured_anomaly,26.56968013314305,967.9498182978896,35.73436587759609,1.0,3,TIER_3_STATIC_MAHALANOBIS,-1,NORMAL,-1,NORMAL,False
2024,AWS-KOL-101,KOL,2025-03-22 11:00:00+00:00,drift,26.58357397092489,1015.8,89.0,25.0,1,TIER_1_SPIKE,-1,NORMAL,2,TIER_2_ROC_CUSUM,True
2024,AWS-DEL-011,DEL,2025-03-22 12:00:00+00:00,unstructured_anomaly,25.40720530518775,995.7516800568758,15.0,1.0,3,TIER_3_STATIC_MAHALANOBIS,-1,NORMAL,-1,NORMAL,False
2024,AWS-KOL-015,KOL,2025-03-23 11:00:00+00:00,drift,25.3,1015.1,73.0,1.0,1,TIER_1_SPIKE,-1,NORMAL,2,TIER_2_ROC_CUSUM,True
2024,AWS-KOL-015,KOL,2025-03-23 18:00:00+00:00,drift,24.2,1009.8041808588644,73.0,8.0,1,TIER_1_SPIKE,-1,NORMAL,-1,NORMAL,False
2024,AWS-MUM-102,MUM,2025-03-23 18:00:00+00:00,drift,31.1,1006.8727594272349,47.0,8.0,3,TIER_3_STATIC_MAHALANOBIS,-1,NORMAL,-1,NORMAL,False
2024,AWS-KOL-101,KOL,2025-03-23 18:00:00+00:00,drift,24.1,1010.7088989100491,73.0,3.0,1,TIER_1_SPIKE,-1,NORMAL,-1,NORMAL,False
2024,AWS-MUM-103,MUM,2025-03-23 19:00:00+00:00,drift,30.9,1007.3728678568306,49.0,9.0,3,TIER_3_STATIC_MAHALANOBIS,-1,NORMAL,-1,NORMAL,False
2024,AWS-KOL-015,KOL,2025-03-23 20:00:00+00:00,drift,23.5,1010.3910896756829,77.0,10.0,1,TIER_1_SPIKE,-1,NORMAL,-1,NORMAL,False
2024,AWS-KOL-101,KOL,2025-03-23 20:00:00+00:00,drift,23.5,1011.3971557414917,77.0,5.0,1,TIER_1_SPIKE,-1,NORMAL,-1,NORMAL,False
2024,AWS-KOL-015,KOL,2025-03-23 21:00:00+00:00,drift,23.3,1010.234544084092,80.0,11.0,1,TIER_1_SPIKE,-1,NORMAL,-1,NORMAL,False
2024,AWS-KOL-015,KOL,2025-03-23 22:00:00+00:00,drift,22.9,1009.8779984925012,82.0,12.0,1,TIER_1_SPIKE,-1,NORMAL,-1,NORMAL,False
2024,AWS-BHO-103,BHO,2025-03-24 00:00:00+00:00,multivariate_inconsistency,30.669293992790184,963.3890451442442,62.82987506947359,1.0,3,TIER_3_STATIC_MAHALANOBIS,-1,NORMAL,-1,NORMAL,False
2024,AWS-KOL-015,KOL,2025-03-24 00:00:00+00:00,drift,22.2,1008.4649073093198,87.0,14.0,1,TIER_1_SPIKE,-1,NORMAL,-1,NORMAL,False
2024,AWS-BHO-102,BHO,2025-03-24 00:00:00+00:00,multivariate_inconsistency,31.069293992790186,965.2811135152676,64.84990982036196,1.0,3,TIER_3_STATIC_MAHALANOBIS,-1,NORMAL,-1,NORMAL,False
2024,AWS-MUM-101,MUM,2025-03-24 00:00:00+00:00,drift,26.5,1008.4866416579692,73.0,25.0,1,TIER_1_SPIKE,-1,NORMAL,1,TIER_1_SPIKE,True
2024,AWS-KOL-015,KOL,2025-03-24 01:00:00+00:00,drift,21.7,1007.3083617177289,89.0,15.0,1,TIER_1_SPIKE,-1,NORMAL,2,TIER_2_ROC_CUSUM,True
2024,AWS-KOL-015,KOL,2025-03-24 02:00:00+00:00,drift,21.3,1006.6518161261381,91.0,16.0,1,TIER_1_SPIKE,-1,NORMAL,1,TIER_1_SPIKE,True
2024,AWS-KOL-015,KOL,2025-03-24 03:00:00+00:00,drift,20.9,1006.1952705345473,93.0,17.0,1,TIER_1_SPIKE,-1,NORMAL,1,TIER_1_SPIKE,True
2024,AWS-KOL-015,KOL,2025-03-24 04:00:00+00:00,drift,20.5,1006.0387249429565,94.0,18.0,1,TIER_1_SPIKE,-1,NORMAL,1,TIER_1_SPIKE,True
2024,AWS-KOL-015,KOL,2025-03-24 05:00:00+00:00,drift,20.2,1006.3821793513657,94.0,19.0,1,TIER_1_SPIKE,-1,NORMAL,1,TIER_1_SPIKE,True
2024,AWS-KOL-101,KOL,2025-03-24 07:00:00+00:00,drift,23.8,1008.482568314426,83.0,16.0,1,TIER_1_SPIKE,-1,NORMAL,-1,NORMAL,False
2024,AWS-KOL-103,KOL,2025-03-24 07:00:00+00:00,drift,24.2,1007.6258405381357,78.0,39.0,1,TIER_1_SPIKE,-1,NORMAL,1,TIER_1_SPIKE,True
2024,AWS-BHO-030,BHO,2025-03-24 09:00:00+00:00,drift,25.08482206680769,961.9,28.0,1.0,3,TIER_3_STATIC_MAHALANOBIS,-1,NORMAL,-1,NORMAL,False
2024,AWS-BHO-101,BHO,2025-03-24 09:00:00+00:00,drift,26.784648464203467,961.5,22.0,1.0,3,TIER_3_STATIC_MAHALANOBIS,-1,NORMAL,-1,NORMAL,False
2024,AWS-VAR-103,VAR,2025-03-24 09:00:00+00:00,drift,25.384493112982234,1006.3,41.0,2.0,1,TIER_1_SPIKE,-1,NORMAL,-1,NORMAL,False
2024,AWS-DEL-101,DEL,2025-03-24 09:00:00+00:00,drift,23.88448100747671,993.8,37.0,1.0,3,TIER_3_STATIC_MAHALANOBIS,-1,NORMAL,-1,NORMAL,False
2024,AWS-DEL-011,DEL,2025-03-24 09:00:00+00:00,drift,24.384885983688246,992.1,34.0,1.0,3,TIER_3_STATIC_MAHALANOBIS,-1,NORMAL,-1,NORMAL,False
2024,AWS-VAR-101,VAR,2025-03-24 09:00:00+00:00,drift,25.78469390338326,1007.2,38.0,2.0,1,TIER_1_SPIKE,-1,NORMAL,-1,NORMAL,False
2024,AWS-VAR-102,VAR,2025-03-24 10:00:00+00:00,drift,27.165327044329988,1007.0,30.0,3.0,1,TIER_1_SPIKE,-1,NORMAL,-1,NORMAL,False
2024,AWS-DEL-102,DEL,2025-03-24 11:00:00+00:00,drift,26.617836753623564,990.2,23.0,1.0,3,TIER_3_STATIC_MAHALANOBIS,-1,NORMAL,-1,NORMAL,False
2024,AWS-VAR-102,VAR,2025-03-24 11:00:00+00:00,drift,27.71766397635775,1006.0,25.0,4.0,1,TIER_1_SPIKE,-1,NORMAL,2,TIER_2_ROC_CUSUM,True
2024,AWS-VAR-102,VAR,2025-03-24 12:00:00+00:00,drift,27.843679753072994,1004.8,23.0,5.0,1,TIER_1_SPIKE,-1,NORMAL,2,TIER_2_ROC_CUSUM,True
2024,AWS-DEL-102,DEL,2025-03-24 12:00:00+00:00,drift,27.043871727812792,989.2,21.0,1.0,3,TIER_3_STATIC_MAHALANOBIS,-1,NORMAL,2,TIER_2_ROC_CUSUM,True
2024,AWS-DEL-102,DEL,2025-03-24 13:00:00+00:00,drift,27.04531135002508,987.9,19.0,1.0,3,TIER_3_STATIC_MAHALANOBIS,-1,NORMAL,2,TIER_2_ROC_CUSUM,True
2024,AWS-VAR-102,VAR,2025-03-24 13:00:00+00:00,drift,27.445100177811312,1003.3,22.0,6.0,1,TIER_1_SPIKE,-1,NORMAL,2,TIER_2_ROC_CUSUM,True
2024,AWS-DEL-102,DEL,2025-03-24 14:00:00+00:00,drift,26.62361831881377,986.8,17.0,1.0,3,TIER_3_STATIC_MAHALANOBIS,-1,NORMAL,2,TIER_2_ROC_CUSUM,True
2024,AWS-MUM-101,MUM,2025-03-24 19:00:00+00:00,drift,26.577814316855395,1008.7,66.0,2.0,1,TIER_1_SPIKE,-1,NORMAL,1,TIER_1_SPIKE,True
2024,AWS-CHN-101,CHN,2025-03-24 21:00:00+00:00,drift,25.074668959460677,1010.7,81.0,8.0,1,TIER_1_SPIKE,-1,NORMAL,1,TIER_1_SPIKE,True
2024,AWS-KOL-015,KOL,2025-03-25 07:00:00+00:00,drift,19.34599387559221,1009.9,87.0,13.0,1,TIER_1_SPIKE,-1,NORMAL,1,TIER_1_SPIKE,True
2024,AWS-VAR-052,VAR,2025-03-25 07:00:00+00:00,drift,18.144858924261175,1002.1,53.0,46.0,1,TIER_1_SPIKE,-1,NORMAL,1,TIER_1_SPIKE,True
2024,AWS-DEL-103,DEL,2025-03-25 07:00:00+00:00,drift,14.944400693918277,986.5,61.0,1.0,3,TIER_3_STATIC_MAHALANOBIS,-1,NORMAL,-1,NORMAL,False
2024,AWS-CHN-101,CHN,2025-03-25 08:00:00+00:00,drift,24.19680481486742,1009.7,68.0,19.0,1,TIER_1_SPIKE,-1,NORMAL,1,TIER_1_SPIKE,True
2024,AWS-RAN-101,RAN,2025-03-25 08:00:00+00:00,drift,19.993001684387018,942.6,53.0,1.0,3,TIER_3_STATIC_MAHALANOBIS,-1,NORMAL,-1,NORMAL,False
2024,AWS-RAN-103,RAN,2025-03-25 08:00:00+00:00,drift,21.891060915084893,977.7,46.0,1.0,3,TIER_3_STATIC_MAHALANOBIS,-1,NORMAL,-1,NORMAL,False
2024,AWS-KOL-103,KOL,2025-03-25 09:00:00+00:00,drift,23.840519239910844,1010.5,60.0,65.0,1,TIER_1_SPIKE,-1,NORMAL,1,TIER_1_SPIKE,True
2024,AWS-RAN-101,RAN,2025-03-25 17:00:00+00:00,drift,20.118573834838596,937.1,45.62183228288786,1.0,3,TIER_3_STATIC_MAHALANOBIS,-1,NORMAL,-1,NORMAL,False
2024,AWS-VAR-102,VAR,2025-03-25 18:00:00+00:00,drift,28.6,997.3,33.0,13.0,1,TIER_1_SPIKE,-1,NORMAL,1,TIER_1_SPIKE,True
2024,AWS-DEL-102,DEL,2025-03-25 20:00:00+00:00,drift,29.0,982.1,26.83231827274935,1.0,3,TIER_3_STATIC_MAHALANOBIS,-1,NORMAL,1,TIER_1_SPIKE,True
2024,AWS-BHO-101,BHO,2025-03-25 20:00:00+00:00,drift,27.8,953.2,15.834102720594695,1.0,3,TIER_3_STATIC_MAHALANOBIS,-1,NORMAL,-1,NORMAL,False
2024,AWS-DEL-103,DEL,2025-03-25 21:00:00+00:00,drift,16.405481179661074,983.8,47.272965671026746,1.0,3,TIER_3_STATIC_MAHALANOBIS,-1,NORMAL,-1,NORMAL,False
2024,AWS-VAR-103,VAR,2025-03-25 21:00:00+00:00,drift,25.0,997.9,39.673775522318145,16.0,1,TIER_1_SPIKE,-1,NORMAL,-1,NORMAL,False
2024,AWS-VAR-101,VAR,2025-03-25 21:00:00+00:00,drift,27.0,998.9,34.673957957245264,16.0,1,TIER_1_SPIKE,-1,NORMAL,-1,NORMAL,False
2024,AWS-KOL-101,KOL,2025-03-25 23:00:00+00:00,frozen_value,23.5,1007.8649757716735,78.0,38.0,1,TIER_1_SPIKE,-1,NORMAL,-1,NORMAL,False
2024,AWS-RAN-101,RAN,2025-03-25 23:00:00+00:00,drift,20.3,937.5,41.276310030682154,1.0,3,TIER_3_STATIC_MAHALANOBIS,-1,NORMAL,-1,NORMAL,False
2024,AWS-RAN-103,RAN,2025-03-25 23:00:00+00:00,drift,20.7,973.1,46.27638981809918,1.0,3,TIER_3_STATIC_MAHALANOBIS,-1,NORMAL,-1,NORMAL,False
2024,AWS-MUM-101,MUM,2025-03-25 23:00:00+00:00,frozen_value,26.8,1007.3649757716735,73.0,10.0,1,TIER_1_SPIKE,-1,NORMAL,1,TIER_1_SPIKE,True
2024,AWS-RAN-103,RAN,2025-03-26 00:00:00+00:00,drift,20.1,972.5,51.81978512476427,1.0,3,TIER_3_STATIC_MAHALANOBIS,-1,NORMAL,-1,NORMAL,False
2024,AWS-RAN-067,RAN,2025-03-26 00:00:00+00:00,drift,20.6,937.0,43.818722893668024,1.0,3,TIER_3_STATIC_MAHALANOBIS,-1,NORMAL,-1,NORMAL,False
2024,AWS-RAN-101,RAN,2025-03-26 00:00:00+00:00,drift,19.8,937.0,44.81969963824603,1.0,3,TIER_3_STATIC_MAHALANOBIS,-1,NORMAL,-1,NORMAL,False
2024,AWS-KOL-103,KOL,2025-03-26 01:00:00+00:00,frozen_value,23.4,1007.3463085939866,74.0,81.0,1,TIER_1_SPIKE,-1,NORMAL,1,TIER_1_SPIKE,True
2024,AWS-DEL-011,DEL,2025-03-26 02:00:00+00:00,drift,23.6,981.5,43.35559196178993,1.0,3,TIER_3_STATIC_MAHALANOBIS,-1,NORMAL,-1,NORMAL,False
2024,AWS-CHN-102,CHN,2025-03-26 02:00:00+00:00,drift,25.1,1005.2,96.98987842406186,1.0,3,TIER_3_STATIC_MAHALANOBIS,-1,NORMAL,1,TIER_1_SPIKE,True
2024,AWS-KOL-103,KOL,2025-03-26 02:00:00+00:00,frozen_value,22.9,1007.344541006477,77.0,82.0,1,TIER_1_SPIKE,-1,NORMAL,1,TIER_1_SPIKE,True
2024,AWS-BHO-030,BHO,2025-03-26 02:00:00+00:00,drift,24.1,951.7,24.36087050065515,1.0,3,TIER_3_STATIC_MAHALANOBIS,-1,NORMAL,-1,NORMAL,False
2024,AWS-RAN-101,RAN,2025-03-26 02:00:00+00:00,drift,20.4,935.8,49.988039393688126,1.0,3,TIER_3_STATIC_MAHALANOBIS,-1,NORMAL,2,TIER_2_ROC_CUSUM,True
2024,AWS-KOL-102,KOL,2025-03-26 03:00:00+00:00,drift,24.5,1005.3,78.6175383591907,1.0,3,TIER_3_STATIC_MAHALANOBIS,-1,NORMAL,1,TIER_1_SPIKE,True
2024,AWS-CHN-102,CHN,2025-03-26 03:00:00+00:00,drift,24.6,1005.2,99.61405650825344,2.0,1,TIER_1_SPIKE,-1,NORMAL,1,TIER_1_SPIKE,True
2024,AWS-BHO-030,BHO,2025-03-26 03:00:00+00:00,drift,23.8,951.2,26.008445601521256,1.0,3,TIER_3_STATIC_MAHALANOBIS,-1,NORMAL,2,TIER_2_ROC_CUSUM,True
2024,AWS-KOL-102,KOL,2025-03-26 04:00:00+00:00,drift,24.2,1005.6,82.26797654073857,2.0,1,TIER_1_SPIKE,-1,NORMAL,1,TIER_1_SPIKE,True
2024,AWS-CHN-102,CHN,2025-03-26 04:00:00+00:00,drift,24.3,1005.5,100.0,3.0,1,TIER_1_SPIKE,-1,NORMAL,1,TIER_1_SPIKE,True
2024,AWS-CHN-102,CHN,2025-03-26 05:00:00+00:00,drift,24.1,1006.1,100.0,4.0,1,TIER_1_SPIKE,-1,NORMAL,1,TIER_1_SPIKE,True
2024,AWS-KOL-102,KOL,2025-03-26 05:00:00+00:00,drift,23.9,1006.1,85.9441155475505,3.0,1,TIER_1_SPIKE,-1,NORMAL,1,TIER_1_SPIKE,True
2024,AWS-BHO-030,BHO,2025-03-26 07:00:00+00:00,drift,24.2,953.8,27.341285222564014,1.0,3,TIER_3_STATIC_MAHALANOBIS,-1,NORMAL,-1,NORMAL,False
2024,AWS-RAN-102,RAN,2025-03-26 07:00:00+00:00,drift,23.1,970.3,60.36500172740721,1.0,3,TIER_3_STATIC_MAHALANOBIS,-1,NORMAL,-1,NORMAL,False
2024,AWS-DEL-101,DEL,2025-03-26 07:00:00+00:00,drift,23.1,984.5,46.32960173747829,1.0,3,TIER_3_STATIC_MAHALANOBIS,-1,NORMAL,-1,NORMAL,False
2024,AWS-DEL-011,DEL,2025-03-26 07:00:00+00:00,drift,23.4,982.9,46.33270759690804,1.0,3,TIER_3_STATIC_MAHALANOBIS,-1,NORMAL,-1,NORMAL,False
2024,AWS-VAR-102,VAR,2025-03-26 08:00:00+00:00,drift,27.7,999.4,35.85561952155438,3.0,1,TIER_1_SPIKE,-1,NORMAL,-1,NORMAL,False
2024,AWS-BHO-101,BHO,2025-03-26 08:00:00+00:00,drift,28.3,954.8,18.86584506519883,1.0,3,TIER_3_STATIC_MAHALANOBIS,-1,NORMAL,-1,NORMAL,False
2024,AWS-VAR-101,VAR,2025-03-26 08:00:00+00:00,drift,28.0,999.3,34.85588954461171,3.0,1,TIER_1_SPIKE,-1,NORMAL,-1,NORMAL,False
2024,AWS-BHO-103,BHO,2025-03-26 09:00:00+00:00,drift,30.8,961.4,33.87217216368055,1.0,3,TIER_3_STATIC_MAHALANOBIS,-1,NORMAL,-1,NORMAL,False
2024,AWS-DEL-102,DEL,2025-03-26 09:00:00+00:00,drift,29.6,983.3,29.352495183639398,1.0,3,TIER_3_STATIC_MAHALANOBIS,-1,NORMAL,1,TIER_1_SPIKE,True
2024,AWS-BHO-103,BHO,2025-03-26 18:00:00+00:00,drift,30.9,956.6,38.90317249524654,1.0,3,TIER_3_STATIC_MAHALANOBIS,-1,NORMAL,-1,NORMAL,False
2024,AWS-BHO-102,BHO,2025-03-26 18:00:00+00:00,drift,32.8,958.2,33.90379180114884,1.0,3,TIER_3_STATIC_MAHALANOBIS,-1,NORMAL,-1,NORMAL,False
2024,AWS-RAN-102,RAN,2025-03-26 19:00:00+00:00,drift,24.4,967.3,58.93647854415997,1.0,3,TIER_3_STATIC_MAHALANOBIS,-1,NORMAL,-1,NORMAL,False
2024,AWS-MUM-101,MUM,2025-03-26 20:00:00+00:00,drift,27.1,1007.4,76.70572985096526,4.0,1,TIER_1_SPIKE,-1,NORMAL,1,TIER_1_SPIKE,True
2024,AWS-BHO-101,BHO,2025-03-26 21:00:00+00:00,drift,28.3,952.3,4.740567620602073,1.0,3,TIER_3_STATIC_MAHALANOBIS,-1,NORMAL,-1,NORMAL,False
2024,AWS-MUM-101,MUM,2025-03-26 21:00:00+00:00,drift,26.7,1008.5,79.1992358664928,5.0,1,TIER_1_SPIKE,-1,NORMAL,1,TIER_1_SPIKE,True
2024,AWS-MUM-101,MUM,2025-03-26 22:00:00+00:00,drift,26.4,1009.1,81.7281216455723,6.0,1,TIER_1_SPIKE,-1,NORMAL,1,TIER_1_SPIKE,True
2024,AWS-MUM-101,MUM,2025-03-26 23:00:00+00:00,drift,25.8,1009.3,86.29166927428105,7.0,1,TIER_1_SPIKE,-1,NORMAL,1,TIER_1_SPIKE,True
2024,AWS-VAR-103,VAR,2025-03-26 23:00:00+00:00,drift,24.8,995.5,19.178677690289632,18.0,1,TIER_1_SPIKE,-1,NORMAL,-1,NORMAL,False
2024,AWS-KOL-101,KOL,2025-03-26 23:00:00+00:00,drift,25.1,1005.6,96.2877372335586,4.0,1,TIER_1_SPIKE,-1,NORMAL,-1,NORMAL,False
2024,AWS-MUM-101,MUM,2025-03-27 00:00:00+00:00,drift,25.3,1008.9,90.88923136218,8.0,1,TIER_1_SPIKE,-1,NORMAL,1,TIER_1_SPIKE,True
2024,AWS-KOL-101,KOL,2025-03-27 00:00:00+00:00,drift,24.9,1005.1,95.88499685678659,5.0,1,TIER_1_SPIKE,-1,NORMAL,-1,NORMAL,False
2024,AWS-VAR-052,VAR,2025-03-27 02:00:00+00:00,spike,17.171109774103588,994.8,33.0,89.0,1,TIER_1_SPIKE,-1,NORMAL,1,TIER_1_SPIKE,True
2024,AWS-KOL-015,KOL,2025-03-27 02:00:00+00:00,drift,18.64176441415983,1003.4,92.18087194735828,5.0,1,TIER_1_SPIKE,-1,NORMAL,1,TIER_1_SPIKE,True
2024,AWS-KOL-102,KOL,2025-03-27 03:00:00+00:00,spike,22.832085178281133,1003.5,86.0,25.0,1,TIER_1_SPIKE,-1,NORMAL,1,TIER_1_SPIKE,True
2024,AWS-CHN-102,CHN,2025-03-27 03:00:00+00:00,spike,23.01804503489654,1005.2,95.0,21.0,1,TIER_1_SPIKE,-1,NORMAL,1,TIER_1_SPIKE,True
2024,AWS-RAN-103,RAN,2025-03-27 04:00:00+00:00,spike,18.909367918269293,970.2,46.0,1.0,3,TIER_3_STATIC_MAHALANOBIS,-1,NORMAL,-1,NORMAL,False
2024,AWS-RAN-067,RAN,2025-03-27 04:00:00+00:00,spike,18.86960743779161,934.8,40.0,1.0,3,TIER_3_STATIC_MAHALANOBIS,-1,NORMAL,-1,NORMAL,False
2024,AWS-RAN-101,RAN,2025-03-27 05:00:00+00:00,spike,19.000206071718644,935.5,43.0,1.0,3,TIER_3_STATIC_MAHALANOBIS,-1,NORMAL,1,TIER_1_SPIKE,True
2024,AWS-DEL-101,DEL,2025-03-27 06:00:00+00:00,drift,22.4,983.7,34.224784295141546,1.0,3,TIER_3_STATIC_MAHALANOBIS,-1,NORMAL,-1,NORMAL,False
2024,AWS-KOL-101,KOL,2025-03-27 06:00:00+00:00,drift,24.2,1005.8,100.0,11.0,1,TIER_1_SPIKE,-1,NORMAL,-1,NORMAL,False
2024,AWS-VAR-103,VAR,2025-03-27 07:00:00+00:00,drift,24.8,996.1,20.31711809285463,26.0,1,TIER_1_SPIKE,-1,NORMAL,-1,NORMAL,False
2024,AWS-BHO-101,BHO,2025-03-27 08:00:00+00:00,drift,29.6,955.1,3.4132779113229255,1.0,3,TIER_3_STATIC_MAHALANOBIS,-1,NORMAL,-1,NORMAL,False
2024,AWS-MUM-007,MUM,2025-03-27 10:00:00+00:00,drift,29.7,1011.2,76.61612319940593,17.0,3,TIER_3_STATIC_MAHALANOBIS,-1,NORMAL,-1,NORMAL,False
2024,AWS-MUM-102,MUM,2025-03-27 10:00:00+00:00,drift,31.1,1010.0,67.61832729887345,16.0,3,TIER_3_STATIC_MAHALANOBIS,-1,NORMAL,-1,NORMAL,False
2024,AWS-BHO-103,BHO,2025-03-27 14:00:00+00:00,unstructured_anomaly,32.021138677867114,964.3223277288147,29.060117029743964,1.0,3,TIER_3_STATIC_MAHALANOBIS,-1,NORMAL,-1,NORMAL,False
2024,AWS-BHO-102,BHO,2025-03-27 15:00:00+00:00,unstructured_anomaly,32.66246629023072,966.1862663668104,26.750961262565376,1.0,3,TIER_3_STATIC_MAHALANOBIS,-1,NORMAL,-1,NORMAL,False
2024,AWS-VAR-101,VAR,2025-03-27 21:00:00+00:00,drift,30.1,995.2,24.0,40.0,1,TIER_1_SPIKE,-1,NORMAL,-1,NORMAL,False
2024,AWS-CHN-101,CHN,2025-03-27 21:00:00+00:00,drift,27.4,1005.6,80.0,3.0,1,TIER_1_SPIKE,-1,NORMAL,1,TIER_1_SPIKE,True
2024,AWS-MUM-101,MUM,2025-03-27 22:00:00+00:00,frozen_value,25.5,1008.8,79.0,7.0,1,TIER_1_SPIKE,-1,NORMAL,1,TIER_1_SPIKE,True
2024,AWS-MUM-101,MUM,2025-03-27 23:00:00+00:00,frozen_value,25.5,1008.9,82.0,8.0,1,TIER_1_SPIKE,-1,NORMAL,1,TIER_1_SPIKE,True
2024,AWS-MUM-101,MUM,2025-03-28 00:00:00+00:00,frozen_value,25.5,1008.5,86.0,9.0,1,TIER_1_SPIKE,-1,NORMAL,1,TIER_1_SPIKE,True
2024,AWS-CHN-024,CHN,2025-03-28 00:00:00+00:00,drift,27.7,1006.2,82.60001749940164,1.0,3,TIER_3_STATIC_MAHALANOBIS,-1,NORMAL,-1,NORMAL,False
2024,AWS-VAR-101,VAR,2025-03-28 01:00:00+00:00,drift,29.2,994.6,31.133438030948376,44.0,1,TIER_1_SPIKE,-1,NORMAL,-1,NORMAL,False
2024,AWS-MUM-101,MUM,2025-03-28 01:00:00+00:00,frozen_value,25.5,1008.0,89.0,10.0,1,TIER_1_SPIKE,-1,NORMAL,1,TIER_1_SPIKE,True
2024,AWS-CHN-024,CHN,2025-03-28 01:00:00+00:00,drift,27.2,1005.7,85.13335666586886,2.0,1,TIER_1_SPIKE,-1,NORMAL,2,TIER_2_ROC_CUSUM,True
2024,AWS-MUM-101,MUM,2025-03-28 02:00:00+00:00,frozen_value,25.5,1007.3,93.0,11.0,1,TIER_1_SPIKE,-1,NORMAL,1,TIER_1_SPIKE,True
2024,AWS-VAR-101,VAR,2025-03-28 02:00:00+00:00,drift,29.2,994.0,31.666797538685472,45.0,1,TIER_1_SPIKE,-1,NORMAL,2,TIER_2_ROC_CUSUM,True
2024,AWS-VAR-101,VAR,2025-03-28 03:00:00+00:00,drift,29.2,993.8,33.20015704642257,46.0,1,TIER_1_SPIKE,-1,NORMAL,2,TIER_2_ROC_CUSUM,True
2024,AWS-VAR-101,VAR,2025-03-28 04:00:00+00:00,drift,29.2,994.4,34.73351655415966,47.0,1,TIER_1_SPIKE,-1,NORMAL,2,TIER_2_ROC_CUSUM,True
2024,AWS-VAR-101,VAR,2025-03-28 05:00:00+00:00,drift,29.2,995.1,37.26687606189675,48.0,1,TIER_1_SPIKE,-1,NORMAL,-1,NORMAL,False
2024,AWS-CHN-102,CHN,2025-03-28 05:00:00+00:00,drift,24.8,1004.8,84.26294016877347,5.0,1,TIER_1_SPIKE,-1,NORMAL,1,TIER_1_SPIKE,True
2024,AWS-DEL-101,DEL,2025-03-28 06:00:00+00:00,drift,22.2,985.5,34.79745780840168,1.0,3,TIER_3_STATIC_MAHALANOBIS,-1,NORMAL,-1,NORMAL,False
2024,AWS-BHO-030,BHO,2025-03-28 06:00:00+00:00,drift,24.9,954.1,34.805385067009404,1.0,3,TIER_3_STATIC_MAHALANOBIS,-1,NORMAL,-1,NORMAL,False
2024,AWS-CHN-024,CHN,2025-03-28 06:00:00+00:00,drift,26.4,1006.4,84.80005249820495,7.0,1,TIER_1_SPIKE,-1,NORMAL,1,TIER_1_SPIKE,True
2024,AWS-DEL-011,DEL,2025-03-28 06:00:00+00:00,drift,21.8,984.3,32.799498837186086,1.0,3,TIER_3_STATIC_MAHALANOBIS,-1,NORMAL,-1,NORMAL,False
2024,AWS-VAR-103,VAR,2025-03-28 06:00:00+00:00,drift,23.6,995.3,37.79971421936172,49.0,1,TIER_1_SPIKE,-1,NORMAL,-1,NORMAL,False
2024,AWS-RAN-102,RAN,2025-03-28 07:00:00+00:00,drift,24.5,968.5,39.330335960096065,1.0,3,TIER_3_STATIC_MAHALANOBIS,-1,NORMAL,-1,NORMAL,False
2024,AWS-CHN-101,CHN,2025-03-28 07:00:00+00:00,drift,27.4,1006.1,78.3288072716478,13.0,1,TIER_1_SPIKE,-1,NORMAL,-1,NORMAL,False
2024,AWS-VAR-102,VAR,2025-03-28 08:00:00+00:00,drift,29.2,997.8,31.866694350081346,51.0,1,TIER_1_SPIKE,-1,NORMAL,-1,NORMAL,False
2024,AWS-BHO-101,BHO,2025-03-28 09:00:00+00:00,drift,29.8,956.8,15.408792364990568,1.0,3,TIER_3_STATIC_MAHALANOBIS,-1,NORMAL,-1,NORMAL,False
2024,AWS-BHO-103,BHO,2025-03-28 09:00:00+00:00,drift,30.6,962.2,16.406475117835722,1.0,3,TIER_3_STATIC_MAHALANOBIS,-1,NORMAL,-1,NORMAL,False
2024,AWS-BHO-102,BHO,2025-03-28 09:00:00+00:00,drift,31.2,964.1,13.406162795351946,1.0,3,TIER_3_STATIC_MAHALANOBIS,-1,NORMAL,-1,NORMAL,False
2024,AWS-DEL-102,DEL,2025-03-28 11:00:00+00:00,drift,28.2,985.9,18.464347785878612,1.0,3,TIER_3_STATIC_MAHALANOBIS,-1,NORMAL,-1,NORMAL,False
2024,AWS-BHO-103,BHO,2025-03-28 18:00:00+00:00,drift,30.209437171887753,958.0,12.211331456212513,1.0,3,TIER_3_STATIC_MAHALANOBIS,-1,NORMAL,-1,NORMAL,False
2024,AWS-BHO-102,BHO,2025-03-28 18:00:00+00:00,drift,31.909495171225544,960.0,7.210784891865908,1.0,3,TIER_3_STATIC_MAHALANOBIS,-1,NORMAL,-1,NORMAL,False
2024,AWS-BHO-101,BHO,2025-03-28 19:00:00+00:00,drift,29.73238816969334,953.3,7.749452669149374,1.0,3,TIER_3_STATIC_MAHALANOBIS,-1,NORMAL,-1,NORMAL,False
2024,AWS-VAR-102,VAR,2025-03-28 20:00:00+00:00,drift,30.597260636378806,995.8,18.266724550170085,63.0,1,TIER_1_SPIKE,-1,NORMAL,-1,NORMAL,False
2024,AWS-RAN-102,RAN,2025-03-29 00:00:00+00:00,drift,24.04880352080851,966.8,36.391907092259366,1.0,3,TIER_3_STATIC_MAHALANOBIS,-1,NORMAL,-1,NORMAL,False
2024,AWS-KOL-101,KOL,2025-03-29 01:00:00+00:00,drift,26.704230033872243,1003.8,90.0,6.0,1,TIER_1_SPIKE,-1,NORMAL,-1,NORMAL,False
2024,AWS-RAN-102,RAN,2025-03-29 01:00:00+00:00,drift,24.10515840175579,966.4,36.924940688268975,1.0,3,TIER_3_STATIC_MAHALANOBIS,-1,NORMAL,-1,NORMAL,False
2024,AWS-RAN-102,RAN,2025-03-29 02:00:00+00:00,drift,24.197675065549387,966.1,36.45797428427858,1.0,3,TIER_3_STATIC_MAHALANOBIS,-1,NORMAL,2,TIER_2_ROC_CUSUM,True
2024,AWS-KOL-101,KOL,2025-03-29 02:00:00+00:00,drift,26.796643545678783,1003.3,89.0,7.0,1,TIER_1_SPIKE,-1,NORMAL,2,TIER_2_ROC_CUSUM,True
2024,AWS-RAN-102,RAN,2025-03-29 03:00:00+00:00,drift,24.32586319412797,966.0,35.99100788028819,1.0,3,TIER_3_STATIC_MAHALANOBIS,-1,NORMAL,2,TIER_2_ROC_CUSUM,True
2024,AWS-KOL-101,KOL,2025-03-29 03:00:00+00:00,drift,27.0247285222703,1003.2,89.0,8.0,1,TIER_1_SPIKE,-1,NORMAL,2,TIER_2_ROC_CUSUM,True
2024,AWS-RAN-102,RAN,2025-03-29 04:00:00+00:00,drift,24.489285137669835,966.6,37.524041476297796,1.0,3,TIER_3_STATIC_MAHALANOBIS,-1,NORMAL,2,TIER_2_ROC_CUSUM,True
2024,AWS-RAN-102,RAN,2025-03-29 05:00:00+00:00,drift,24.48754615631619,967.5,38.0570750723074,1.0,3,TIER_3_STATIC_MAHALANOBIS,-1,NORMAL,-1,NORMAL,False
2024,AWS-KOL-101,KOL,2025-03-29 05:00:00+00:00,drift,26.886205180484403,1004.4,91.0,10.0,1,TIER_1_SPIKE,-1,NORMAL,-1,NORMAL,False
2024,AWS-DEL-011,DEL,2025-03-29 06:00:00+00:00,drift,20.318675189404008,985.4,16.598162403015635,1.0,3,TIER_3_STATIC_MAHALANOBIS,-1,NORMAL,-1,NORMAL,False
2024,AWS-MUM-102,MUM,2025-03-29 06:00:00+00:00,drift,28.819207892461066,1005.2,46.0,10.0,1,TIER_1_SPIKE,-1,NORMAL,-1,NORMAL,False
2024,AWS-VAR-102,VAR,2025-03-29 08:00:00+00:00,drift,30.48656970175793,1000.2,11.666754750258828,75.0,1,TIER_1_SPIKE,-1,NORMAL,-1,NORMAL,False
2024,AWS-DEL-102,DEL,2025-03-29 09:00:00+00:00,drift,26.320649490089373,986.1,13.19403716368786,1.0,3,TIER_3_STATIC_MAHALANOBIS,-1,NORMAL,-1,NORMAL,False
8888,AWS-BHO-103,BHO,2025-03-05 21:00:00+00:00,drift,18.2,964.2,26.995015895775015,1.0,3,TIER_3_STATIC_MAHALANOBIS,-1,NORMAL,-1,NORMAL,False
8888,AWS-BHO-030,BHO,2025-03-05 21:00:00+00:00,drift,20.6,959.2,22.99445608947264,1.0,3,TIER_3_STATIC_MAHALANOBIS,-1,NORMAL,-1,NORMAL,False
8888,AWS-BHO-101,BHO,2025-03-05 21:00:00+00:00,drift,19.2,958.7,21.99370849425039,1.0,3,TIER_3_STATIC_MAHALANOBIS,-1,NORMAL,-1,NORMAL,False
8888,AWS-BHO-102,BHO,2025-03-05 21:00:00+00:00,drift,18.6,966.2,24.99519405319974,1.0,3,TIER_3_STATIC_MAHALANOBIS,-1,NORMAL,-1,NORMAL,False
8888,AWS-DEL-103,DEL,2025-03-05 22:00:00+00:00,unstructured_anomaly,12.356875881375505,994.5734761123724,52.74226960479112,1.0,3,TIER_3_STATIC_MAHALANOBIS,-1,NORMAL,1,TIER_1_SPIKE,True
8888,AWS-RAN-101,RAN,2025-03-06 02:00:00+00:00,unstructured_anomaly,22.090194635959207,931.1098491089725,55.86965305222957,1.0,3,TIER_3_STATIC_MAHALANOBIS,-1,NORMAL,-1,NORMAL,False
8888,AWS-DEL-011,DEL,2025-03-06 02:00:00+00:00,drift,15.1,987.0,55.163570819643326,1.0,3,TIER_3_STATIC_MAHALANOBIS,-1,NORMAL,-1,NORMAL,False
8888,AWS-DEL-011,DEL,2025-03-06 03:00:00+00:00,drift,14.7,986.3,55.99662271233817,1.0,3,TIER_3_STATIC_MAHALANOBIS,-1,NORMAL,-1,NORMAL,False
8888,AWS-DEL-011,DEL,2025-03-06 04:00:00+00:00,drift,14.3,986.1,57.82967460503302,1.0,3,TIER_3_STATIC_MAHALANOBIS,-1,NORMAL,2,TIER_2_ROC_CUSUM,True
8888,AWS-DEL-011,DEL,2025-03-06 05:00:00+00:00,drift,13.8,985.9,59.662726497727874,1.0,3,TIER_3_STATIC_MAHALANOBIS,-1,NORMAL,1,TIER_1_SPIKE,True
8888,AWS-VAR-052,VAR,2025-03-06 09:00:00+00:00,drift,20.6,1004.7,52.991952085919195,1.0,3,TIER_3_STATIC_MAHALANOBIS,-1,NORMAL,-1,NORMAL,False
8888,AWS-VAR-101,VAR,2025-03-06 09:00:00+00:00,drift,20.4,1004.8,54.99457145857623,1.0,3,TIER_3_STATIC_MAHALANOBIS,-1,NORMAL,-1,NORMAL,False
8888,AWS-VAR-103,VAR,2025-03-06 09:00:00+00:00,drift,20.0,1003.7,57.995429166511755,1.0,3,TIER_3_STATIC_MAHALANOBIS,-1,NORMAL,-1,NORMAL,False
8888,AWS-BHO-103,BHO,2025-03-06 13:00:00+00:00,drift,19.327784905236758,964.8,36.315058284508396,1.0,3,TIER_3_STATIC_MAHALANOBIS,-1,NORMAL,-1,NORMAL,False
8888,AWS-BHO-030,BHO,2025-03-06 13:00:00+00:00,drift,21.38848070292218,959.2,30.313005661399675,1.0,3,TIER_3_STATIC_MAHALANOBIS,-1,NORMAL,-1,NORMAL,False
8888,AWS-BHO-030,BHO,2025-03-06 20:00:00+00:00,frozen_value,22.1,957.3,34.0,1.0,3,TIER_3_STATIC_MAHALANOBIS,-1,NORMAL,-1,NORMAL,False
8888,AWS-VAR-101,VAR,2025-03-06 20:00:00+00:00,frozen_value,20.3,1002.6,42.0,1.0,3,TIER_3_STATIC_MAHALANOBIS,-1,NORMAL,-1,NORMAL,False
8888,AWS-KOL-015,KOL,2025-03-06 20:00:00+00:00,spike,24.0,1017.1754536759063,41.0,37.0,3,TIER_3_STATIC_MAHALANOBIS,-1,NORMAL,-1,NORMAL,False
8888,AWS-RAN-067,RAN,2025-03-06 20:00:00+00:00,spike,18.3,945.5610341869647,34.0,1.0,3,TIER_3_STATIC_MAHALANOBIS,-1,NORMAL,-1,NORMAL,False
8888,AWS-MUM-102,MUM,2025-03-06 20:00:00+00:00,spike,30.2,1013.6704948746839,24.0,1.0,3,TIER_3_STATIC_MAHALANOBIS,-1,NORMAL,-1,NORMAL,False
8888,AWS-KOL-102,KOL,2025-03-06 20:00:00+00:00,spike,23.9,1017.7222438093467,42.0,2.0,1,TIER_1_SPIKE,-1,NORMAL,-1,NORMAL,False
8888,AWS-VAR-052,VAR,2025-03-06 21:00:00+00:00,frozen_value,20.4,1002.6,39.0,1.0,3,TIER_3_STATIC_MAHALANOBIS,-1,NORMAL,-1,NORMAL,False
8888,AWS-RAN-103,RAN,2025-03-06 21:00:00+00:00,spike,19.2,979.8164632732431,32.0,1.0,3,TIER_3_STATIC_MAHALANOBIS,-1,NORMAL,-1,NORMAL,False
8888,AWS-BHO-103,BHO,2025-03-06 21:00:00+00:00,frozen_value,20.0,962.6,25.0,1.0,3,TIER_3_STATIC_MAHALANOBIS,-1,NORMAL,-1,NORMAL,False
8888,AWS-RAN-067,RAN,2025-03-06 21:00:00+00:00,spike,17.7,943.0760356717248,33.0,1.0,3,TIER_3_STATIC_MAHALANOBIS,-1,NORMAL,-1,NORMAL,False
8888,AWS-MUM-101,MUM,2025-03-06 21:00:00+00:00,spike,28.4,1012.5792604435195,23.0,1.0,3,TIER_3_STATIC_MAHALANOBIS,-1,NORMAL,-1,NORMAL,False
8888,AWS-BHO-101,BHO,2025-03-06 21:00:00+00:00,frozen_value,20.8,956.7,19.0,1.0,3,TIER_3_STATIC_MAHALANOBIS,-1,NORMAL,-1,NORMAL,False
8888,AWS-CHN-101,CHN,2025-03-06 21:00:00+00:00,spike,25.6,1010.797694373036,80.0,1.0,3,TIER_3_STATIC_MAHALANOBIS,-1,NORMAL,-1,NORMAL,False
8888,AWS-BHO-101,BHO,2025-03-06 22:00:00+00:00,frozen_value,20.2,956.7,20.0,1.0,3,TIER_3_STATIC_MAHALANOBIS,-1,NORMAL,-1,NORMAL,False
8888,AWS-BHO-102,BHO,2025-03-06 22:00:00+00:00,frozen_value,19.7,964.4,24.0,1.0,3,TIER_3_STATIC_MAHALANOBIS,-1,NORMAL,-1,NORMAL,False
8888,AWS-BHO-103,BHO,2025-03-06 22:00:00+00:00,frozen_value,19.6,962.6,24.0,1.0,3,TIER_3_STATIC_MAHALANOBIS,-1,NORMAL,-1,NORMAL,False
8888,AWS-MUM-007,MUM,2025-03-07 02:00:00+00:00,spike,24.786686511553583,1008.7,23.0,1.0,3,TIER_3_STATIC_MAHALANOBIS,-1,NORMAL,-1,NORMAL,False
8888,AWS-DEL-011,DEL,2025-03-07 02:00:00+00:00,frozen_value,13.546704571857658,986.8,62.0,1.0,3,TIER_3_STATIC_MAHALANOBIS,-1,NORMAL,-1,NORMAL,False
8888,AWS-CHN-102,CHN,2025-03-07 02:00:00+00:00,spike,21.82172751697831,1007.1,88.0,6.0,1,TIER_1_SPIKE,-1,NORMAL,1,TIER_1_SPIKE,True
8888,AWS-MUM-007,MUM,2025-03-07 06:00:00+00:00,spike,24.5,1012.529125932041,22.0,1.0,3,TIER_3_STATIC_MAHALANOBIS,-1,NORMAL,-1,NORMAL,False
8888,AWS-RAN-103,RAN,2025-03-07 07:00:00+00:00,spike,18.1,978.3931264623213,45.0,1.0,3,TIER_3_STATIC_MAHALANOBIS,-1,NORMAL,-1,NORMAL,False
8888,AWS-RAN-067,RAN,2025-03-07 07:00:00+00:00,spike,16.8,941.2143757809819,41.0,1.0,3,TIER_3_STATIC_MAHALANOBIS,-1,NORMAL,-1,NORMAL,False
8888,AWS-MUM-007,MUM,2025-03-07 07:00:00+00:00,spike,24.5,1012.1274600443323,22.0,1.0,3,TIER_3_STATIC_MAHALANOBIS,-1,NORMAL,2,TIER_2_ROC_CUSUM,True
8888,AWS-CHN-103,CHN,2025-03-07 07:00:00+00:00,spike,23.3,1006.7207336558088,73.0,1.0,3,TIER_3_STATIC_MAHALANOBIS,-1,NORMAL,-1,NORMAL,False
8888,AWS-VAR-101,VAR,2025-03-07 08:00:00+00:00,spike,19.0,1003.7293357934881,54.0,1.0,3,TIER_3_STATIC_MAHALANOBIS,-1,NORMAL,-1,NORMAL,False
8888,AWS-VAR-052,VAR,2025-03-07 08:00:00+00:00,spike,19.4,1003.731618831209,51.0,1.0,3,TIER_3_STATIC_MAHALANOBIS,-1,NORMAL,-1,NORMAL,False
8888,AWS-BHO-103,BHO,2025-03-07 08:00:00+00:00,spike,19.8,964.2463585445208,35.0,1.0,3,TIER_3_STATIC_MAHALANOBIS,-1,NORMAL,-1,NORMAL,False
8888,AWS-BHO-102,BHO,2025-03-07 08:00:00+00:00,spike,19.1,965.8547576684825,29.0,1.0,3,TIER_3_STATIC_MAHALANOBIS,-1,NORMAL,-1,NORMAL,False
8888,AWS-VAR-103,VAR,2025-03-07 08:00:00+00:00,spike,18.7,1002.7294330750578,62.0,1.0,3,TIER_3_STATIC_MAHALANOBIS,-1,NORMAL,-1,NORMAL,False
8888,AWS-DEL-101,DEL,2025-03-07 08:00:00+00:00,spike,16.5,989.7336583374205,60.0,1.0,3,TIER_3_STATIC_MAHALANOBIS,-1,NORMAL,-1,NORMAL,False
8888,AWS-RAN-102,RAN,2025-03-07 08:00:00+00:00,spike,19.3,974.1068235598925,45.0,1.0,3,TIER_3_STATIC_MAHALANOBIS,-1,NORMAL,-1,NORMAL,False
8888,AWS-MUM-102,MUM,2025-03-07 12:00:00+00:00,unstructured_anomaly,31.71583424810674,1016.3842291496752,15.0,1.0,3,TIER_3_STATIC_MAHALANOBIS,-1,NORMAL,-1,NORMAL,False
8888,AWS-VAR-102,VAR,2025-03-07 16:00:00+00:00,unstructured_anomaly,20.913651764275922,1006.3134207955544,54.029489550999735,1.0,3,TIER_3_STATIC_MAHALANOBIS,-1,NORMAL,-1,NORMAL,False
8888,AWS-BHO-102,BHO,2025-03-07 19:00:00+00:00,unstructured_anomaly,18.561381830326734,969.4398623484359,38.640239840406856,1.0,3,TIER_3_STATIC_MAHALANOBIS,-1,NORMAL,-1,NORMAL,False
8888,AWS-DEL-101,DEL,2025-03-07 20:00:00+00:00,unstructured_anomaly,15.787311288962709,994.7796999304556,54.123651876173454,1.0,3,TIER_3_STATIC_MAHALANOBIS,-1,NORMAL,-1,NORMAL,False
8888,AWS-DEL-103,DEL,2025-03-07 20:00:00+00:00,unstructured_anomaly,13.58731128896271,992.8796999304557,69.12365187617345,1.0,3,TIER_3_STATIC_MAHALANOBIS,-1,NORMAL,1,TIER_1_SPIKE,True
8888,AWS-DEL-102,DEL,2025-03-07 20:00:00+00:00,unstructured_anomaly,14.58731128896271,991.6796999304556,73.12365187617345,1.0,3,TIER_3_STATIC_MAHALANOBIS,-1,NORMAL,-1,NORMAL,False
8888,AWS-CHN-101,CHN,2025-03-07 22:00:00+00:00,drift,24.8,1008.5,86.0,1.0,3,TIER_3_STATIC_MAHALANOBIS,-1,NORMAL,-1,NORMAL,False
8888,AWS-RAN-101,RAN,2025-03-08 02:00:00+00:00,unstructured_anomaly,22.43301306978732,929.8932178434493,61.2443411876304,1.0,3,TIER_3_STATIC_MAHALANOBIS,-1,NORMAL,-1,NORMAL,False
8888,AWS-CHN-102,CHN,2025-03-08 02:00:00+00:00,drift,23.5,1006.6,97.14443308485409,30.0,1,TIER_1_SPIKE,-1,NORMAL,1,TIER_1_SPIKE,True
8888,AWS-CHN-102,CHN,2025-03-08 03:00:00+00:00,drift,23.0,1006.3,99.68054135606761,31.0,1,TIER_1_SPIKE,-1,NORMAL,1,TIER_1_SPIKE,True
8888,AWS-CHN-102,CHN,2025-03-08 04:00:00+00:00,drift,22.6,1006.3,100.0,32.0,1,TIER_1_SPIKE,-1,NORMAL,1,TIER_1_SPIKE,True
8888,AWS-CHN-102,CHN,2025-03-08 05:00:00+00:00,drift,22.5,1006.6,100.0,33.0,1,TIER_1_SPIKE,-1,NORMAL,1,TIER_1_SPIKE,True
8888,AWS-CHN-102,CHN,2025-03-08 06:00:00+00:00,drift,23.0,1007.0,100.0,34.0,1,TIER_1_SPIKE,-1,NORMAL,1,TIER_1_SPIKE,True
8888,AWS-CHN-101,CHN,2025-03-08 07:00:00+00:00,drift,24.9,1008.3,92.82499116818933,1.0,3,TIER_3_STATIC_MAHALANOBIS,-1,NORMAL,-1,NORMAL,False
8888,AWS-MUM-007,MUM,2025-03-08 19:00:00+00:00,unstructured_anomaly,22.257673337808995,1014.985018157544,38.431674128440406,1.0,3,TIER_3_STATIC_MAHALANOBIS,-1,NORMAL,-1,NORMAL,False
8888,AWS-RAN-103,RAN,2025-03-08 19:00:00+00:00,unstructured_anomaly,18.257673337808995,982.585018157544,15.0,1.0,3,TIER_3_STATIC_MAHALANOBIS,-1,NORMAL,-1,NORMAL,False
8888,AWS-CHN-101,CHN,2025-03-08 20:00:00+00:00,drift,25.8,1006.6,90.7944228555739,1.0,3,TIER_3_STATIC_MAHALANOBIS,-1,NORMAL,-1,NORMAL,False
8888,AWS-BHO-030,BHO,2025-03-08 20:00:00+00:00,drift,24.4,954.5705986103201,32.0,1.0,3,TIER_3_STATIC_MAHALANOBIS,-1,NORMAL,-1,NORMAL,False
8888,AWS-BHO-030,BHO,2025-03-08 21:00:00+00:00,drift,23.9,955.34119722064,31.0,1.0,3,TIER_3_STATIC_MAHALANOBIS,-1,NORMAL,-1,NORMAL,False
8888,AWS-BHO-101,BHO,2025-03-08 21:00:00+00:00,drift,22.6,954.7460803540746,23.0,1.0,3,TIER_3_STATIC_MAHALANOBIS,-1,NORMAL,-1,NORMAL,False
8888,AWS-VAR-103,VAR,2025-03-08 22:00:00+00:00,drift,18.5,1002.0843755144173,51.0,1.0,3,TIER_3_STATIC_MAHALANOBIS,-1,NORMAL,-1,NORMAL,False
8888,AWS-BHO-030,BHO,2025-03-08 22:00:00+00:00,drift,23.3,956.0117958309601,28.0,1.0,3,TIER_3_STATIC_MAHALANOBIS,-1,NORMAL,-1,NORMAL,False
8888,AWS-BHO-103,BHO,2025-03-08 22:00:00+00:00,drift,20.7,961.6509360372918,28.0,1.0,3,TIER_3_STATIC_MAHALANOBIS,-1,NORMAL,-1,NORMAL,False
8888,AWS-BHO-101,BHO,2025-03-08 22:00:00+00:00,drift,22.0,955.419120531112,24.0,1.0,3,TIER_3_STATIC_MAHALANOBIS,-1,NORMAL,-1,NORMAL,False
8888,AWS-BHO-102,BHO,2025-03-08 23:00:00+00:00,drift,20.4,964.1588586576286,34.0,1.0,3,TIER_3_STATIC_MAHALANOBIS,-1,NORMAL,-1,NORMAL,False
8888,AWS-BHO-101,BHO,2025-03-08 23:00:00+00:00,drift,21.7,955.6921607081492,24.0,1.0,3,TIER_3_STATIC_MAHALANOBIS,-1,NORMAL,-1,NORMAL,False
8888,AWS-VAR-103,VAR,2025-03-08 23:00:00+00:00,drift,18.1,1002.6791673525564,53.0,1.0,3,TIER_3_STATIC_MAHALANOBIS,-1,NORMAL,-1,NORMAL,False
8888,AWS-CHN-102,CHN,2025-03-09 00:00:00+00:00,drift,24.7,1007.1,100.0,6.0,1,TIER_1_SPIKE,-1,NORMAL,1,TIER_1_SPIKE,True
8888,AWS-VAR-052,VAR,2025-03-09 00:00:00+00:00,drift,20.2,1004.2792976785548,51.0,1.0,3,TIER_3_STATIC_MAHALANOBIS,-1,NORMAL,-1,NORMAL,False
8888,AWS-BHO-101,BHO,2025-03-09 00:00:00+00:00,drift,21.4,956.1652008851864,24.0,1.0,3,TIER_3_STATIC_MAHALANOBIS,-1,NORMAL,-1,NORMAL,False
8888,AWS-VAR-101,VAR,2025-03-09 00:00:00+00:00,drift,18.5,1004.2745787956743,55.0,1.0,3,TIER_3_STATIC_MAHALANOBIS,-1,NORMAL,-1,NORMAL,False
8888,AWS-VAR-103,VAR,2025-03-09 00:00:00+00:00,drift,17.7,1003.0739591906956,54.0,1.0,3,TIER_3_STATIC_MAHALANOBIS,-1,NORMAL,-1,NORMAL,False
8888,AWS-RAN-067,RAN,2025-03-09 01:00:00+00:00,frozen_value,16.9,938.5,44.0,1.0,3,TIER_3_STATIC_MAHALANOBIS,-1,NORMAL,-1,NORMAL,False
8888,AWS-CHN-102,CHN,2025-03-09 01:00:00+00:00,drift,24.4,1006.5,100.0,7.0,1,TIER_1_SPIKE,-1,NORMAL,1,TIER_1_SPIKE,True
8888,AWS-VAR-101,VAR,2025-03-09 01:00:00+00:00,drift,18.0,1004.3694945548092,59.0,1.0,3,TIER_3_STATIC_MAHALANOBIS,-1,NORMAL,-1,NORMAL,False
8888,AWS-VAR-101,VAR,2025-03-09 02:00:00+00:00,drift,17.4,1004.8644103139442,62.0,1.0,3,TIER_3_STATIC_MAHALANOBIS,-1,NORMAL,2,TIER_2_ROC_CUSUM,True
8888,AWS-DEL-103,DEL,2025-03-09 02:00:00+00:00,frozen_value,14.8,984.8,86.0,1.0,3,TIER_3_STATIC_MAHALANOBIS,-1,NORMAL,1,TIER_1_SPIKE,True
8888,AWS-RAN-067,RAN,2025-03-09 02:00:00+00:00,frozen_value,16.9,938.2,46.0,1.0,3,TIER_3_STATIC_MAHALANOBIS,-1,NORMAL,2,TIER_2_ROC_CUSUM,True
8888,AWS-RAN-067,RAN,2025-03-09 03:00:00+00:00,frozen_value,16.9,938.1,48.0,1.0,3,TIER_3_STATIC_MAHALANOBIS,-1,NORMAL,2,TIER_2_ROC_CUSUM,True
8888,AWS-DEL-103,DEL,2025-03-09 03:00:00+00:00,frozen_value,14.8,984.4,87.0,1.0,3,TIER_3_STATIC_MAHALANOBIS,-1,NORMAL,1,TIER_1_SPIKE,True
8888,AWS-RAN-067,RAN,2025-03-09 04:00:00+00:00,frozen_value,16.9,938.3,48.0,1.0,3,TIER_3_STATIC_MAHALANOBIS,-1,NORMAL,2,TIER_2_ROC_CUSUM,True
8888,AWS-DEL-103,DEL,2025-03-09 04:00:00+00:00,frozen_value,14.8,984.2,87.0,1.0,3,TIER_3_STATIC_MAHALANOBIS,-1,NORMAL,1,TIER_1_SPIKE,True
8888,AWS-RAN-067,RAN,2025-03-09 05:00:00+00:00,frozen_value,16.9,939.2,49.0,1.0,3,TIER_3_STATIC_MAHALANOBIS,-1,NORMAL,-1,NORMAL,False
8888,AWS-DEL-103,DEL,2025-03-09 05:00:00+00:00,frozen_value,14.8,984.6,89.0,1.0,3,TIER_3_STATIC_MAHALANOBIS,-1,NORMAL,1,TIER_1_SPIKE,True
8888,AWS-DEL-103,DEL,2025-03-09 06:00:00+00:00,frozen_value,14.8,985.5,90.0,1.0,3,TIER_3_STATIC_MAHALANOBIS,-1,NORMAL,1,TIER_1_SPIKE,True
8888,AWS-CHN-102,CHN,2025-03-09 07:00:00+00:00,frozen_value,24.4,1008.3,93.0,13.0,1,TIER_1_SPIKE,-1,NORMAL,2,TIER_2_ROC_CUSUM,True
8888,AWS-KOL-103,KOL,2025-03-09 10:00:00+00:00,unstructured_anomaly,24.097633242425676,1021.7164841918001,35.44043889548967,50.0,3,TIER_3_STATIC_MAHALANOBIS,-1,NORMAL,-1,NORMAL,False
8888,AWS-KOL-102,KOL,2025-03-09 10:00:00+00:00,unstructured_anomaly,24.197633242425677,1021.9164841918001,34.44043889548967,50.0,3,TIER_3_STATIC_MAHALANOBIS,-1,NORMAL,-1,NORMAL,False
8888,AWS-BHO-103,BHO,2025-03-09 21:00:00+00:00,drift,22.0,963.4,32.20907847402044,1.0,3,TIER_3_STATIC_MAHALANOBIS,-1,NORMAL,-1,NORMAL,False
8888,AWS-BHO-103,BHO,2025-03-09 22:00:00+00:00,drift,21.7,963.9,30.569285231918393,1.0,3,TIER_3_STATIC_MAHALANOBIS,-1,NORMAL,-1,NORMAL,False
8888,AWS-BHO-030,BHO,2025-03-09 22:00:00+00:00,drift,24.8,958.4,28.569097396551367,1.0,3,TIER_3_STATIC_MAHALANOBIS,-1,NORMAL,-1,NORMAL,False
8888,AWS-VAR-103,VAR,2025-03-09 23:00:00+00:00,drift,18.6,1005.0,61.02471671793271,1.0,3,TIER_3_STATIC_MAHALANOBIS,-1,NORMAL,-1,NORMAL,False
8888,AWS-BHO-103,BHO,2025-03-09 23:00:00+00:00,drift,22.2,963.7,29.023029035929188,1.0,3,TIER_3_STATIC_MAHALANOBIS,-1,NORMAL,2,TIER_2_ROC_CUSUM,True
8888,AWS-VAR-052,VAR,2025-03-09 23:00:00+00:00,drift,22.1,1005.9,47.0242113738399,1.0,3,TIER_3_STATIC_MAHALANOBIS,-1,NORMAL,-1,NORMAL,False
8888,AWS-VAR-103,VAR,2025-03-10 00:00:00+00:00,drift,18.1,1004.9,64.5529635212196,1.0,3,TIER_3_STATIC_MAHALANOBIS,-1,NORMAL,-1,NORMAL,False
8888,AWS-VAR-101,VAR,2025-03-10 01:00:00+00:00,drift,18.8,1005.5,61.14388917589366,1.0,3,TIER_3_STATIC_MAHALANOBIS,-1,NORMAL,1,TIER_1_SPIKE,True
8888,AWS-BHO-101,BHO,2025-03-10 01:00:00+00:00,drift,22.7,957.0,29.140221833546107,1.0,3,TIER_3_STATIC_MAHALANOBIS,-1,NORMAL,-1,NORMAL,False
8888,AWS-BHO-102,BHO,2025-03-10 01:00:00+00:00,drift,20.9,964.8,34.14140257665164,1.0,3,TIER_3_STATIC_MAHALANOBIS,-1,NORMAL,-1,NORMAL,False
8888,AWS-BHO-102,BHO,2025-03-10 02:00:00+00:00,drift,20.5,964.3,35.787421808285664,1.0,3,TIER_3_STATIC_MAHALANOBIS,-1,NORMAL,2,TIER_2_ROC_CUSUM,True
8888,AWS-BHO-101,BHO,2025-03-10 02:00:00+00:00,drift,22.2,956.5,30.786004916559026,1.0,3,TIER_3_STATIC_MAHALANOBIS,-1,NORMAL,-1,NORMAL,False
8888,AWS-BHO-101,BHO,2025-03-10 03:00:00+00:00,drift,22.0,956.0,31.481887714226524,1.0,3,TIER_3_STATIC_MAHALANOBIS,-1,NORMAL,-1,NORMAL,False
8888,AWS-BHO-101,BHO,2025-03-10 04:00:00+00:00,drift,21.6,956.1,33.22375450228724,1.0,3,TIER_3_STATIC_MAHALANOBIS,-1,NORMAL,2,TIER_2_ROC_CUSUM,True
8888,AWS-BHO-101,BHO,2025-03-10 05:00:00+00:00,drift,21.0,956.6,36.008319398050574,1.0,3,TIER_3_STATIC_MAHALANOBIS,-1,NORMAL,1,TIER_1_SPIKE,True
8888,AWS-BHO-101,BHO,2025-03-10 06:00:00+00:00,drift,21.1,958.1,38.8328822356104,1.0,3,TIER_3_STATIC_MAHALANOBIS,-1,NORMAL,1,TIER_1_SPIKE,True
8888,AWS-VAR-103,VAR,2025-03-10 07:00:00+00:00,drift,18.6,1006.3,75.70360244189582,1.0,3,TIER_3_STATIC_MAHALANOBIS,-1,NORMAL,-1,NORMAL,False
8888,AWS-VAR-101,VAR,2025-03-10 07:00:00+00:00,drift,19.1,1007.3,69.7032424122433,1.0,3,TIER_3_STATIC_MAHALANOBIS,-1,NORMAL,1,TIER_1_SPIKE,True
8888,AWS-VAR-052,VAR,2025-03-10 08:00:00+00:00,drift,23.1,1008.2,55.60042819682423,1.0,3,TIER_3_STATIC_MAHALANOBIS,-1,NORMAL,-1,NORMAL,False
8888,AWS-VAR-102,VAR,2025-03-10 08:00:00+00:00,frozen_value,21.9,1006.7,58.0,1.0,3,TIER_3_STATIC_MAHALANOBIS,-1,NORMAL,-1,NORMAL,False
8888,AWS-CHN-102,CHN,2025-03-10 18:00:00+00:00,drift,25.83106521994811,1008.9,64.0,3.0,1,TIER_1_SPIKE,-1,NORMAL,1,TIER_1_SPIKE,True
8888,AWS-RAN-101,RAN,2025-03-10 18:00:00+00:00,drift,23.375116684739098,942.3,34.0,1.0,3,TIER_3_STATIC_MAHALANOBIS,-1,NORMAL,-1,NORMAL,False
8888,AWS-KOL-103,KOL,2025-03-10 19:00:00+00:00,drift,25.887946948791917,1012.4,46.0,31.0,3,TIER_3_STATIC_MAHALANOBIS,-1,NORMAL,-1,NORMAL,False
8888,AWS-CHN-102,CHN,2025-03-10 19:00:00+00:00,drift,25.506931679940692,1009.9,63.0,4.0,1,TIER_1_SPIKE,-1,NORMAL,1,TIER_1_SPIKE,True
8888,AWS-VAR-102,VAR,2025-03-10 19:00:00+00:00,drift,20.805092400870986,1004.7,49.0,1.0,3,TIER_3_STATIC_MAHALANOBIS,-1,NORMAL,-1,NORMAL,False
8888,AWS-MUM-102,MUM,2025-03-10 19:00:00+00:00,drift,28.78780617397289,1008.2,40.0,1.0,3,TIER_3_STATIC_MAHALANOBIS,-1,NORMAL,-1,NORMAL,False
8888,AWS-RAN-102,RAN,2025-03-10 20:00:00+00:00,drift,20.499523877558048,975.2,55.0,1.0,3,TIER_3_STATIC_MAHALANOBIS,-1,NORMAL,-1,NORMAL,False
8888,AWS-CHN-103,CHN,2025-03-10 21:00:00+00:00,drift,23.013232674906767,1008.9,70.0,35.0,1,TIER_1_SPIKE,-1,NORMAL,1,TIER_1_SPIKE,True
8888,AWS-MUM-103,MUM,2025-03-10 21:00:00+00:00,drift,28.012547785794144,1010.0,36.0,1.0,3,TIER_3_STATIC_MAHALANOBIS,-1,NORMAL,-1,NORMAL,False
8888,AWS-RAN-067,RAN,2025-03-10 21:00:00+00:00,drift,19.012638373880524,943.9,46.0,1.0,3,TIER_3_STATIC_MAHALANOBIS,-1,NORMAL,-1,NORMAL,False
8888,AWS-MUM-101,MUM,2025-03-10 21:00:00+00:00,drift,26.812523777588748,1010.3,40.0,1.0,3,TIER_3_STATIC_MAHALANOBIS,-1,NORMAL,-1,NORMAL,False
8888,AWS-DEL-101,DEL,2025-03-10 22:00:00+00:00,drift,17.124583663911746,992.0,64.0,1.0,3,TIER_3_STATIC_MAHALANOBIS,-1,NORMAL,1,TIER_1_SPIKE,True
8888,AWS-DEL-101,DEL,2025-03-10 23:00:00+00:00,drift,16.537042030302924,991.3,66.0,1.0,3,TIER_3_STATIC_MAHALANOBIS,-1,NORMAL,1,TIER_1_SPIKE,True
8888,AWS-DEL-103,DEL,2025-03-10 23:00:00+00:00,drift,15.937178618739077,989.5,67.0,1.0,3,TIER_3_STATIC_MAHALANOBIS,-1,NORMAL,1,TIER_1_SPIKE,True
8888,AWS-BHO-030,BHO,2025-03-10 23:00:00+00:00,drift,26.410803192841055,959.1,30.0,1.0,3,TIER_3_STATIC_MAHALANOBIS,-1,NORMAL,-1,NORMAL,False
8888,AWS-VAR-052,VAR,2025-03-10 23:00:00+00:00,drift,24.210846042128193,1005.2,54.0,1.0,3,TIER_3_STATIC_MAHALANOBIS,-1,NORMAL,-1,NORMAL,False
8888,AWS-MUM-007,MUM,2025-03-10 23:00:00+00:00,drift,24.9395079142988,1010.8,37.0,5.0,1,TIER_1_SPIKE,-1,NORMAL,-1,NORMAL,False
8888,AWS-BHO-103,BHO,2025-03-10 23:00:00+00:00,drift,23.411252795325375,964.1,33.0,1.0,3,TIER_3_STATIC_MAHALANOBIS,-1,NORMAL,-1,NORMAL,False
8888,AWS-CHN-101,CHN,2025-03-10 23:00:00+00:00,drift,22.51026816984029,1011.0,72.0,4.0,1,TIER_1_SPIKE,-1,NORMAL,1,TIER_1_SPIKE,True
8888,AWS-DEL-102,DEL,2025-03-11 00:00:00+00:00,drift,16.949786978323413,987.8,59.0,1.0,3,TIER_3_STATIC_MAHALANOBIS,-1,NORMAL,-1,NORMAL,False
8888,AWS-VAR-052,VAR,2025-03-11 00:00:00+00:00,drift,23.800940046809103,1005.0,58.0,1.0,3,TIER_3_STATIC_MAHALANOBIS,-1,NORMAL,-1,NORMAL,False
8888,AWS-VAR-103,VAR,2025-03-11 01:00:00+00:00,drift,19.991554079193122,1003.5,71.0,1.0,3,TIER_3_STATIC_MAHALANOBIS,-1,NORMAL,-1,NORMAL,False
8888,AWS-VAR-103,VAR,2025-03-11 02:00:00+00:00,drift,19.481695359119772,1002.8,74.0,1.0,3,TIER_3_STATIC_MAHALANOBIS,-1,NORMAL,2,TIER_2_ROC_CUSUM,True
8888,AWS-VAR-101,VAR,2025-03-11 02:00:00+00:00,drift,20.781351861254144,1003.8,71.0,1.0,3,TIER_3_STATIC_MAHALANOBIS,-1,NORMAL,1,TIER_1_SPIKE,True
8888,AWS-VAR-103,VAR,2025-03-11 03:00:00+00:00,drift,19.17183663904642,1002.2,76.0,1.0,3,TIER_3_STATIC_MAHALANOBIS,-1,NORMAL,1,TIER_1_SPIKE,True
8888,AWS-VAR-101,VAR,2025-03-11 03:00:00+00:00,drift,20.771464516358655,1003.3,71.0,1.0,3,TIER_3_STATIC_MAHALANOBIS,-1,NORMAL,2,TIER_2_ROC_CUSUM,True
8888,AWS-BHO-102,BHO,2025-03-11 04:00:00+00:00,drift,22.26224133972376,964.4,41.0,1.0,3,TIER_3_STATIC_MAHALANOBIS,-1,NORMAL,2,TIER_2_ROC_CUSUM,True
8888,AWS-VAR-103,VAR,2025-03-11 04:00:00+00:00,drift,19.361977918973068,1002.4,75.0,1.0,3,TIER_3_STATIC_MAHALANOBIS,-1,NORMAL,2,TIER_2_ROC_CUSUM,True
8888,AWS-VAR-101,VAR,2025-03-11 04:00:00+00:00,drift,20.66157717146317,1003.4,72.0,1.0,3,TIER_3_STATIC_MAHALANOBIS,-1,NORMAL,1,TIER_1_SPIKE,True
8888,AWS-BHO-102,BHO,2025-03-11 05:00:00+00:00,drift,21.752401435418314,964.7,43.0,1.0,3,TIER_3_STATIC_MAHALANOBIS,-1,NORMAL,1,TIER_1_SPIKE,True
8888,AWS-VAR-101,VAR,2025-03-11 05:00:00+00:00,drift,20.751689826567677,1003.8,73.0,1.0,3,TIER_3_STATIC_MAHALANOBIS,-1,NORMAL,-1,NORMAL,False
8888,AWS-VAR-103,VAR,2025-03-11 05:00:00+00:00,drift,19.352119198899715,1002.8,75.0,1.0,3,TIER_3_STATIC_MAHALANOBIS,-1,NORMAL,-1,NORMAL,False
8888,AWS-BHO-102,BHO,2025-03-11 06:00:00+00:00,drift,21.742561531112866,965.8,48.0,1.0,3,TIER_3_STATIC_MAHALANOBIS,-1,NORMAL,1,TIER_1_SPIKE,True
8888,AWS-VAR-103,VAR,2025-03-11 06:00:00+00:00,drift,19.742260478826363,1003.8,78.0,1.0,3,TIER_3_STATIC_MAHALANOBIS,-1,NORMAL,2,TIER_2_ROC_CUSUM,True
8888,AWS-VAR-101,VAR,2025-03-11 06:00:00+00:00,drift,21.041802481672192,1005.0,78.0,1.0,3,TIER_3_STATIC_MAHALANOBIS,-1,NORMAL,2,TIER_2_ROC_CUSUM,True
8888,AWS-VAR-052,VAR,2025-03-11 07:00:00+00:00,drift,24.031598079575474,1005.7,63.0,1.0,3,TIER_3_STATIC_MAHALANOBIS,-1,NORMAL,-1,NORMAL,False
8888,AWS-RAN-067,RAN,2025-03-11 09:00:00+00:00,drift,17.662822872387892,942.5034008939145,39.0,1.0,3,TIER_3_STATIC_MAHALANOBIS,-1,NORMAL,-1,NORMAL,False
8888,AWS-RAN-103,RAN,2025-03-11 09:00:00+00:00,drift,21.3615254203403,977.4381533077834,33.0,1.0,3,TIER_3_STATIC_MAHALANOBIS,-1,NORMAL,-1,NORMAL,False
8888,AWS-DEL-103,DEL,2025-03-11 09:00:00+00:00,drift,16.76188645395642,987.4797676141669,57.0,1.0,3,TIER_3_STATIC_MAHALANOBIS,-1,NORMAL,1,TIER_1_SPIKE,True
8888,AWS-DEL-101,DEL,2025-03-11 09:00:00+00:00,drift,17.56162569421467,989.2915216082627,53.0,1.0,3,TIER_3_STATIC_MAHALANOBIS,-1,NORMAL,-1,NORMAL,False
8888,AWS-CHN-103,CHN,2025-03-11 09:00:00+00:00,drift,21.76420957478246,1005.5570184951597,64.0,47.0,1,TIER_1_SPIKE,-1,NORMAL,1,TIER_1_SPIKE,True
8888,AWS-MUM-103,MUM,2025-03-11 10:00:00+00:00,drift,27.375116809719017,1010.7667419667508,24.0,1.0,3,TIER_3_STATIC_MAHALANOBIS,-1,NORMAL,-1,NORMAL,False
8888,AWS-MUM-007,MUM,2025-03-11 10:00:00+00:00,drift,25.679015828597606,1012.041500367063,30.0,16.0,1,TIER_1_SPIKE,-1,NORMAL,-1,NORMAL,False
8888,AWS-MUM-102,MUM,2025-03-11 10:00:00+00:00,drift,27.575962261057654,1010.699518447319,25.0,1.0,3,TIER_3_STATIC_MAHALANOBIS,-1,NORMAL,-1,NORMAL,False
8888,AWS-CHN-101,CHN,2025-03-11 12:00:00+00:00,drift,22.19639202050061,1010.5,66.0,17.0,1,TIER_1_SPIKE,-1,NORMAL,1,TIER_1_SPIKE,True
8888,AWS-KOL-103,KOL,2025-03-11 13:00:00+00:00,drift,24.414096245685407,1009.5,30.0,17.0,1,TIER_1_SPIKE,-1,NORMAL,-1,NORMAL,False
8888,AWS-RAN-101,RAN,2025-03-11 13:00:00+00:00,drift,22.012986186412913,942.7,20.0,1.0,3,TIER_3_STATIC_MAHALANOBIS,-1,NORMAL,-1,NORMAL,False
8888,AWS-MUM-007,MUM,2025-03-11 14:00:00+00:00,drift,26.129745979251712,1008.9,30.0,20.0,1,TIER_1_SPIKE,-1,NORMAL,-1,NORMAL,False
8888,AWS-KOL-102,KOL,2025-03-11 14:00:00+00:00,drift,24.627017470595757,1008.6,26.0,18.0,3,TIER_3_STATIC_MAHALANOBIS,-1,NORMAL,-1,NORMAL,False
8888,AWS-RAN-101,RAN,2025-03-11 14:00:00+00:00,drift,21.82550563386943,941.8,19.0,1.0,3,TIER_3_STATIC_MAHALANOBIS,-1,NORMAL,2,TIER_2_ROC_CUSUM,True
8888,AWS-MUM-102,MUM,2025-03-11 15:00:00+00:00,drift,27.238680956752578,1006.5,27.0,1.0,3,TIER_3_STATIC_MAHALANOBIS,-1,NORMAL,-1,NORMAL,False
8888,AWS-VAR-102,VAR,2025-03-11 16:00:00+00:00,drift,22.09345995315733,1000.8,31.0,1.0,3,TIER_3_STATIC_MAHALANOBIS,-1,NORMAL,-1,NORMAL,False
8888,AWS-DEL-102,DEL,2025-03-11 18:00:00+00:00,drift,16.47446744580853,985.5,46.0,1.0,3,TIER_3_STATIC_MAHALANOBIS,-1,NORMAL,-1,NORMAL,False
8888,AWS-CHN-102,CHN,2025-03-12 08:00:00+00:00,drift,26.5,1009.66308585853,87.0,41.0,1,TIER_1_SPIKE,-1,NORMAL,1,TIER_1_SPIKE,True
8888,AWS-CHN-102,CHN,2025-03-12 20:00:00+00:00,drift,26.2,1004.1416010097108,87.0,53.0,1,TIER_1_SPIKE,-1,NORMAL,1,TIER_1_SPIKE,True
8888,AWS-CHN-102,CHN,2025-03-12 21:00:00+00:00,drift,25.8,1004.3731439389759,90.0,54.0,1,TIER_1_SPIKE,-1,NORMAL,1,TIER_1_SPIKE,True
8888,AWS-CHN-102,CHN,2025-03-12 22:00:00+00:00,drift,25.4,1003.9046868682409,92.0,55.0,1,TIER_1_SPIKE,-1,NORMAL,1,TIER_1_SPIKE,True
8888,AWS-VAR-102,VAR,2025-03-12 23:00:00+00:00,drift,24.0,993.3487295766897,46.0,1.0,3,TIER_3_STATIC_MAHALANOBIS,-1,NORMAL,-1,NORMAL,False
8888,AWS-CHN-102,CHN,2025-03-12 23:00:00+00:00,drift,25.0,1003.0362297975059,94.0,56.0,1,TIER_1_SPIKE,-1,NORMAL,1,TIER_1_SPIKE,True
8888,AWS-CHN-102,CHN,2025-03-13 00:00:00+00:00,drift,24.7,1001.867772726771,96.0,57.0,1,TIER_1_SPIKE,-1,NORMAL,1,TIER_1_SPIKE,True
8888,AWS-CHN-102,CHN,2025-03-13 01:00:00+00:00,drift,24.3,1000.6993156560361,99.0,58.0,1,TIER_1_SPIKE,-1,NORMAL,1,TIER_1_SPIKE,True
8888,AWS-CHN-102,CHN,2025-03-13 02:00:00+00:00,drift,23.9,999.7308585853012,100.0,59.0,1,TIER_1_SPIKE,-1,NORMAL,1,TIER_1_SPIKE,True
8888,AWS-CHN-102,CHN,2025-03-13 03:00:00+00:00,drift,23.7,999.2624015145662,100.0,60.0,1,TIER_1_SPIKE,-1,NORMAL,1,TIER_1_SPIKE,True
8888,AWS-CHN-102,CHN,2025-03-13 04:00:00+00:00,drift,23.5,998.8939444438313,100.0,61.0,1,TIER_1_SPIKE,-1,NORMAL,1,TIER_1_SPIKE,True
8888,AWS-DEL-103,DEL,2025-03-13 04:00:00+00:00,drift,18.9,981.3,73.0,1.0,3,TIER_3_STATIC_MAHALANOBIS,-1,NORMAL,1,TIER_1_SPIKE,True
8888,AWS-CHN-102,CHN,2025-03-13 05:00:00+00:00,drift,23.12992035833171,998.9254873730963,100.0,62.0,1,TIER_1_SPIKE,-1,NORMAL,1,TIER_1_SPIKE,True
8888,AWS-DEL-103,DEL,2025-03-13 05:00:00+00:00,drift,18.729744567459814,981.5,73.0,1.0,3,TIER_3_STATIC_MAHALANOBIS,-1,NORMAL,1,TIER_1_SPIKE,True
8888,AWS-RAN-103,RAN,2025-03-13 06:00:00+00:00,drift,22.1594406635328,973.2,38.0,1.0,3,TIER_3_STATIC_MAHALANOBIS,-1,NORMAL,-1,NORMAL,False
8888,AWS-RAN-102,RAN,2025-03-13 07:00:00+00:00,drift,21.789135520479682,970.5,48.0,1.0,3,TIER_3_STATIC_MAHALANOBIS,-1,NORMAL,-1,NORMAL,False
8888,AWS-RAN-101,RAN,2025-03-13 07:00:00+00:00,drift,24.489360508377306,939.5,35.0,1.0,3,TIER_3_STATIC_MAHALANOBIS,-1,NORMAL,-1,NORMAL,False
8888,AWS-VAR-102,VAR,2025-03-13 08:00:00+00:00,drift,25.218799625102122,993.3800557331331,54.0,1.0,3,TIER_3_STATIC_MAHALANOBIS,-1,NORMAL,-1,NORMAL,False
8888,AWS-MUM-102,MUM,2025-03-13 08:00:00+00:00,drift,28.41932001610556,1009.1,50.0,1.0,3,TIER_3_STATIC_MAHALANOBIS,-1,NORMAL,-1,NORMAL,False
8888,AWS-VAR-052,VAR,2025-03-13 08:00:00+00:00,drift,26.6,1000.1353233713753,48.0,1.0,3,TIER_3_STATIC_MAHALANOBIS,-1,NORMAL,-1,NORMAL,False
8888,AWS-RAN-101,RAN,2025-03-13 18:00:00+00:00,drift,25.81701570576076,936.4,24.0,1.0,3,TIER_3_STATIC_MAHALANOBIS,-1,NORMAL,-1,NORMAL,False
8888,AWS-CHN-101,CHN,2025-03-13 19:00:00+00:00,drift,24.248687069805978,1006.9,87.0,14.0,3,TIER_3_STATIC_MAHALANOBIS,-1,NORMAL,1,TIER_1_SPIKE,True
8888,AWS-MUM-103,MUM,2025-03-13 19:00:00+00:00,drift,29.44680102112998,1006.0,47.0,16.0,1,TIER_1_SPIKE,-1,NORMAL,-1,NORMAL,False
8888,AWS-MUM-102,MUM,2025-03-13 19:00:00+00:00,drift,27.84745006039584,1006.1,59.0,1.0,3,TIER_3_STATIC_MAHALANOBIS,-1,NORMAL,-1,NORMAL,False
8888,AWS-CHN-103,CHN,2025-03-13 20:00:00+00:00,drift,23.678002770055706,1004.5,87.0,1.0,1,TIER_1_SPIKE,-1,NORMAL,1,TIER_1_SPIKE,True
8888,AWS-RAN-102,RAN,2025-03-13 20:00:00+00:00,drift,22.075389442558308,968.4,38.0,1.0,3,TIER_3_STATIC_MAHALANOBIS,-1,NORMAL,-1,NORMAL,False
8888,AWS-RAN-067,RAN,2025-03-13 20:00:00+00:00,drift,23.176541188092692,937.5,26.0,1.0,3,TIER_3_STATIC_MAHALANOBIS,-1,NORMAL,-1,NORMAL,False
8888,AWS-DEL-103,DEL,2025-03-13 20:00:00+00:00,drift,19.875913079357055,982.0,58.0,1.0,3,TIER_3_STATIC_MAHALANOBIS,-1,NORMAL,1,TIER_1_SPIKE,True
8888,AWS-DEL-101,DEL,2025-03-13 21:00:00+00:00,drift,19.70542229374188,984.4,56.0,1.0,3,TIER_3_STATIC_MAHALANOBIS,-1,NORMAL,-1,NORMAL,False
8888,AWS-RAN-103,RAN,2025-03-13 21:00:00+00:00,drift,22.005245640028782,973.0,30.0,1.0,3,TIER_3_STATIC_MAHALANOBIS,-1,NORMAL,-1,NORMAL,False
8888,AWS-VAR-052,VAR,2025-03-13 21:00:00+00:00,drift,27.9,1000.0776944207387,37.0,1.0,3,TIER_3_STATIC_MAHALANOBIS,-1,NORMAL,-1,NORMAL,False
8888,AWS-VAR-052,VAR,2025-03-13 22:00:00+00:00,drift,27.4,1000.3401387502461,38.0,1.0,3,TIER_3_STATIC_MAHALANOBIS,-1,NORMAL,-1,NORMAL,False
8888,AWS-DEL-102,DEL,2025-03-14 00:00:00+00:00,drift,18.495185785192668,980.9742365811478,57.0,1.0,3,TIER_3_STATIC_MAHALANOBIS,-1,NORMAL,-1,NORMAL,False
8888,AWS-BHO-101,BHO,2025-03-14 04:00:00+00:00,drift,26.3,955.4293750395694,22.0,1.0,3,TIER_3_STATIC_MAHALANOBIS,-1,NORMAL,-1,NORMAL,False
8888,AWS-BHO-101,BHO,2025-03-14 05:00:00+00:00,drift,26.3,956.1834659690674,24.0,1.0,3,TIER_3_STATIC_MAHALANOBIS,-1,NORMAL,2,TIER_2_ROC_CUSUM,True
8888,AWS-VAR-103,VAR,2025-03-14 06:00:00+00:00,drift,20.1,1002.6802603621965,76.0,1.0,3,TIER_3_STATIC_MAHALANOBIS,-1,NORMAL,1,TIER_1_SPIKE,True
8888,AWS-BHO-103,BHO,2025-03-14 06:00:00+00:00,drift,19.8,963.3643839251292,39.0,1.0,3,TIER_3_STATIC_MAHALANOBIS,-1,NORMAL,-1,NORMAL,False
8888,AWS-DEL-011,DEL,2025-03-14 06:00:00+00:00,drift,19.5,988.1295293532979,83.0,1.0,3,TIER_3_STATIC_MAHALANOBIS,-1,NORMAL,-1,NORMAL,False
8888,AWS-BHO-102,BHO,2025-03-14 06:00:00+00:00,drift,21.0,965.1087331054783,36.0,1.0,3,TIER_3_STATIC_MAHALANOBIS,-1,NORMAL,-1,NORMAL,False
8888,AWS-BHO-030,BHO,2025-03-14 06:00:00+00:00,drift,23.8,958.0402838474572,30.0,1.0,3,TIER_3_STATIC_MAHALANOBIS,-1,NORMAL,1,TIER_1_SPIKE,True
8888,AWS-VAR-101,VAR,2025-03-14 06:00:00+00:00,drift,21.3,1003.6821211477067,68.0,1.0,3,TIER_3_STATIC_MAHALANOBIS,-1,NORMAL,-1,NORMAL,False
8888,AWS-BHO-030,BHO,2025-03-14 07:00:00+00:00,drift,24.4,959.3075768887423,32.0,1.0,3,TIER_3_STATIC_MAHALANOBIS,-1,NORMAL,1,TIER_1_SPIKE,True
8888,AWS-RAN-067,RAN,2025-03-14 08:00:00+00:00,drift,22.833947079162215,941.9,37.0,1.0,3,TIER_3_STATIC_MAHALANOBIS,-1,NORMAL,-1,NORMAL,False
8888,AWS-VAR-052,VAR,2025-03-14 08:00:00+00:00,drift,27.9,1006.6960450245136,46.0,1.0,3,TIER_3_STATIC_MAHALANOBIS,-1,NORMAL,-1,NORMAL,False
8888,AWS-DEL-101,DEL,2025-03-14 08:00:00+00:00,drift,18.732460248516034,987.3,65.0,1.0,3,TIER_3_STATIC_MAHALANOBIS,-1,NORMAL,-1,NORMAL,False
8888,AWS-CHN-101,CHN,2025-03-14 08:00:00+00:00,drift,23.737549196971155,1010.5,77.0,27.0,1,TIER_1_SPIKE,-1,NORMAL,1,TIER_1_SPIKE,True
8888,AWS-RAN-102,RAN,2025-03-14 08:00:00+00:00,drift,21.331931524477035,972.8,49.0,1.0,3,TIER_3_STATIC_MAHALANOBIS,-1,NORMAL,-1,NORMAL,False
8888,AWS-MUM-007,MUM,2025-03-14 09:00:00+00:00,drift,25.56926588721255,1011.8,54.0,15.0,1,TIER_1_SPIKE,-1,NORMAL,-1,NORMAL,False
8888,AWS-RAN-101,RAN,2025-03-14 09:00:00+00:00,drift,25.46381824764729,942.4,30.0,1.0,3,TIER_3_STATIC_MAHALANOBIS,-1,NORMAL,-1,NORMAL,False
8888,AWS-KOL-103,KOL,2025-03-14 09:00:00+00:00,drift,26.965148471945827,1009.3,59.0,1.0,1,TIER_1_SPIKE,-1,NORMAL,-1,NORMAL,False
8888,AWS-VAR-102,VAR,2025-03-14 09:00:00+00:00,drift,25.661297281990397,1001.5,44.0,1.0,3,TIER_3_STATIC_MAHALANOBIS,-1,NORMAL,-1,NORMAL,False
8888,AWS-MUM-101,MUM,2025-03-14 10:00:00+00:00,drift,29.093515783918754,1011.0,33.0,16.0,3,TIER_3_STATIC_MAHALANOBIS,-1,NORMAL,-1,NORMAL,False
8888,AWS-VAR-102,VAR,2025-03-14 17:00:00+00:00,drift,24.998896532194642,997.1,35.0,1.0,3,TIER_3_STATIC_MAHALANOBIS,-1,NORMAL,-1,NORMAL,False
8888,AWS-RAN-101,RAN,2025-03-14 17:00:00+00:00,drift,24.402112936653438,937.5,24.0,1.0,3,TIER_3_STATIC_MAHALANOBIS,-1,NORMAL,-1,NORMAL,False
8888,AWS-CHN-103,CHN,2025-03-14 18:00:00+00:00,drift,22.9352565788823,1012.3472280103025,65.0,10.0,3,TIER_3_STATIC_MAHALANOBIS,-1,NORMAL,-1,NORMAL,False
8888,AWS-KOL-101,KOL,2025-03-14 18:00:00+00:00,drift,24.13379610310589,1019.4571905899356,69.0,75.0,3,TIER_3_STATIC_MAHALANOBIS,-1,NORMAL,-1,NORMAL,False
8888,AWS-CHN-024,CHN,2025-03-14 19:00:00+00:00,drift,21.27063960624546,1007.7,81.0,1.0,3,TIER_3_STATIC_MAHALANOBIS,-1,NORMAL,-1,NORMAL,False
8888,AWS-DEL-103,DEL,2025-03-14 19:00:00+00:00,drift,18.260038130932813,984.0,51.0,1.0,3,TIER_3_STATIC_MAHALANOBIS,-1,NORMAL,1,TIER_1_SPIKE,True
8888,AWS-CHN-102,CHN,2025-03-14 19:00:00+00:00,drift,21.066893974936647,1006.5,81.0,4.0,1,TIER_1_SPIKE,-1,NORMAL,1,TIER_1_SPIKE,True
8888,AWS-DEL-102,DEL,2025-03-14 19:00:00+00:00,drift,18.360612281125704,982.6,50.0,1.0,3,TIER_3_STATIC_MAHALANOBIS,-1,NORMAL,-1,NORMAL,False
8888,AWS-RAN-103,RAN,2025-03-14 19:00:00+00:00,drift,21.75909293888956,973.2,28.0,1.0,3,TIER_3_STATIC_MAHALANOBIS,-1,NORMAL,-1,NORMAL,False
8888,AWS-CHN-024,CHN,2025-03-14 20:00:00+00:00,drift,20.800656006405603,1007.7,81.0,2.0,1,TIER_1_SPIKE,-1,NORMAL,-1,NORMAL,False
8888,AWS-DEL-102,DEL,2025-03-14 20:00:00+00:00,drift,18.190371570385338,982.7,47.0,1.0,3,TIER_3_STATIC_MAHALANOBIS,-1,NORMAL,-1,NORMAL,False
8888,AWS-BHO-101,BHO,2025-03-14 21:00:00+00:00,drift,26.9,962.703531779965,16.972602754014247,1.0,3,TIER_3_STATIC_MAHALANOBIS,-1,NORMAL,-1,NORMAL,False
8888,AWS-VAR-052,VAR,2025-03-14 22:00:00+00:00,drift,27.2,1011.4062702416953,31.052076558502822,1.0,3,TIER_3_STATIC_MAHALANOBIS,-1,NORMAL,-1,NORMAL,False
8888,AWS-BHO-030,BHO,2025-03-15 00:00:00+00:00,frozen_value,25.6,954.6,20.142540884506552,1.0,3,TIER_3_STATIC_MAHALANOBIS,-1,NORMAL,1,TIER_1_SPIKE,True
8888,AWS-BHO-030,BHO,2025-03-15 18:00:00+00:00,unstructured_anomaly,25.781026563859815,961.7321470946446,33.83267662807934,1.0,3,TIER_3_STATIC_MAHALANOBIS,-1,NORMAL,-1,NORMAL,False
8888,AWS-DEL-011,DEL,2025-03-15 18:00:00+00:00,unstructured_anomaly,19.481026563859817,991.6321470946446,66.83267662807934,1.0,3,TIER_3_STATIC_MAHALANOBIS,-1,NORMAL,-1,NORMAL,False
8888,AWS-BHO-101,BHO,2025-03-15 18:00:00+00:00,unstructured_anomaly,25.881026563859816,961.2321470946446,31.83267662807934,1.0,3,TIER_3_STATIC_MAHALANOBIS,-1,NORMAL,-1,NORMAL,False
8888,AWS-VAR-052,VAR,2025-03-15 18:00:00+00:00,unstructured_anomaly,26.281026563859815,1005.7321470946446,43.83267662807934,1.0,3,TIER_3_STATIC_MAHALANOBIS,-1,NORMAL,-1,NORMAL,False
8888,AWS-KOL-102,KOL,2025-03-15 21:00:00+00:00,drift,28.9,1008.2404873318148,81.0,36.0,3,TIER_3_STATIC_MAHALANOBIS,-1,NORMAL,-1,NORMAL,False
8888,AWS-RAN-101,RAN,2025-03-15 21:00:00+00:00,drift,26.1,940.2636884159617,28.0,1.0,3,TIER_3_STATIC_MAHALANOBIS,-1,NORMAL,-1,NORMAL,False
8888,AWS-CHN-101,CHN,2025-03-15 22:00:00+00:00,frozen_value,25.5,1010.5,92.0,18.0,1,TIER_1_SPIKE,-1,NORMAL,1,TIER_1_SPIKE,True
8888,AWS-RAN-101,RAN,2025-03-15 22:00:00+00:00,drift,26.1,940.1546105199523,29.0,1.0,3,TIER_3_STATIC_MAHALANOBIS,-1,NORMAL,-1,NORMAL,False
8888,AWS-VAR-102,VAR,2025-03-15 22:00:00+00:00,frozen_value,25.4,1001.6,56.0,1.0,3,TIER_3_STATIC_MAHALANOBIS,-1,NORMAL,-1,NORMAL,False
8888,AWS-RAN-102,RAN,2025-03-15 22:00:00+00:00,drift,23.0,970.9973636583501,45.0,1.0,3,TIER_3_STATIC_MAHALANOBIS,-1,NORMAL,-1,NORMAL,False
8888,AWS-DEL-101,DEL,2025-03-15 23:00:00+00:00,drift,21.1,986.6520073364319,67.03942238207917,1.0,3,TIER_3_STATIC_MAHALANOBIS,-1,NORMAL,1,TIER_1_SPIKE,True
8888,AWS-DEL-103,DEL,2025-03-15 23:00:00+00:00,drift,20.1,984.9474970299137,71.03942238207917,1.0,3,TIER_3_STATIC_MAHALANOBIS,-1,NORMAL,1,TIER_1_SPIKE,True
8888,AWS-DEL-102,DEL,2025-03-16 00:00:00+00:00,drift,19.6,983.4727889987342,66.97643724403483,1.0,3,TIER_3_STATIC_MAHALANOBIS,-1,NORMAL,-1,NORMAL,False
8888,AWS-RAN-103,RAN,2025-03-16 00:00:00+00:00,drift,23.9,973.6685146387325,26.976437244034823,1.0,3,TIER_3_STATIC_MAHALANOBIS,-1,NORMAL,-1,NORMAL,False
8888,AWS-MUM-102,MUM,2025-03-16 00:00:00+00:00,drift,27.3,1008.6963352009359,48.97643724403483,18.0,1,TIER_1_SPIKE,-1,NORMAL,-1,NORMAL,False
8888,AWS-BHO-101,BHO,2025-03-16 01:00:00+00:00,frozen_value,26.3,955.7,26.0,1.0,3,TIER_3_STATIC_MAHALANOBIS,-1,NORMAL,-1,NORMAL,False
8888,AWS-BHO-101,BHO,2025-03-16 02:00:00+00:00,frozen_value,26.3,954.9,29.0,1.0,3,TIER_3_STATIC_MAHALANOBIS,-1,NORMAL,-1,NORMAL,False
8888,AWS-KOL-103,KOL,2025-03-16 03:00:00+00:00,drift,25.6,1003.6949152371908,84.96637290919266,3.0,1,TIER_1_SPIKE,-1,NORMAL,-1,NORMAL,False
8888,AWS-RAN-103,RAN,2025-03-16 03:00:00+00:00,drift,24.3,970.9264494839036,26.96637290919266,1.0,3,TIER_3_STATIC_MAHALANOBIS,-1,NORMAL,2,TIER_2_ROC_CUSUM,True
8888,AWS-BHO-101,BHO,2025-03-16 03:00:00+00:00,frozen_value,26.3,954.6,33.0,1.0,3,TIER_3_STATIC_MAHALANOBIS,-1,NORMAL,-1,NORMAL,False
8888,AWS-VAR-052,VAR,2025-03-16 04:00:00+00:00,frozen_value,26.3,999.4,56.0,1.0,3,TIER_3_STATIC_MAHALANOBIS,-1,NORMAL,-1,NORMAL,False
8888,AWS-BHO-101,BHO,2025-03-16 04:00:00+00:00,frozen_value,26.3,954.8,37.0,1.0,3,TIER_3_STATIC_MAHALANOBIS,-1,NORMAL,2,TIER_2_ROC_CUSUM,True
8888,AWS-RAN-067,RAN,2025-03-16 04:00:00+00:00,drift,23.1,935.737386414147,39.0,1.0,3,TIER_3_STATIC_MAHALANOBIS,-1,NORMAL,-1,NORMAL,False
8888,AWS-RAN-067,RAN,2025-03-16 05:00:00+00:00,drift,22.7,935.7316942699784,40.0,1.0,3,TIER_3_STATIC_MAHALANOBIS,-1,NORMAL,2,TIER_2_ROC_CUSUM,True
8888,AWS-DEL-011,DEL,2025-03-16 05:00:00+00:00,frozen_value,20.8,987.4,73.0,1.0,3,TIER_3_STATIC_MAHALANOBIS,-1,NORMAL,-1,NORMAL,False
8888,AWS-VAR-052,VAR,2025-03-16 05:00:00+00:00,frozen_value,26.3,999.8,57.0,1.0,3,TIER_3_STATIC_MAHALANOBIS,-1,NORMAL,2,TIER_2_ROC_CUSUM,True
8888,AWS-BHO-101,BHO,2025-03-16 05:00:00+00:00,frozen_value,26.3,955.3,39.0,1.0,3,TIER_3_STATIC_MAHALANOBIS,-1,NORMAL,2,TIER_2_ROC_CUSUM,True
8888,AWS-DEL-011,DEL,2025-03-16 06:00:00+00:00,frozen_value,20.8,987.3,73.0,1.0,3,TIER_3_STATIC_MAHALANOBIS,-1,NORMAL,2,TIER_2_ROC_CUSUM,True
8888,AWS-DEL-011,DEL,2025-03-16 07:00:00+00:00,frozen_value,20.8,987.9,70.0,1.0,3,TIER_3_STATIC_MAHALANOBIS,-1,NORMAL,2,TIER_2_ROC_CUSUM,True
8888,AWS-KOL-102,KOL,2025-03-16 07:00:00+00:00,drift,28.1,1004.3417056613521,83.0,46.0,3,TIER_3_STATIC_MAHALANOBIS,-1,NORMAL,-1,NORMAL,False
8888,AWS-VAR-052,VAR,2025-03-16 07:00:00+00:00,frozen_value,26.3,1001.5,62.0,1.0,3,TIER_3_STATIC_MAHALANOBIS,-1,NORMAL,2,TIER_2_ROC_CUSUM,True
8888,AWS-RAN-102,RAN,2025-03-16 07:00:00+00:00,drift,24.0,967.4326182433803,55.0,1.0,3,TIER_3_STATIC_MAHALANOBIS,-1,NORMAL,-1,NORMAL,False
8888,AWS-MUM-102,MUM,2025-03-16 08:00:00+00:00,drift,28.2,1007.6350040020055,46.0,5.0,1,TIER_1_SPIKE,-1,NORMAL,-1,NORMAL,False
8888,AWS-DEL-101,DEL,2025-03-16 08:00:00+00:00,drift,21.4,985.7800183410797,64.0,1.0,3,TIER_3_STATIC_MAHALANOBIS,-1,NORMAL,1,TIER_1_SPIKE,True
8888,AWS-DEL-102,DEL,2025-03-16 08:00:00+00:00,drift,20.1,982.5416907115734,70.0,1.0,3,TIER_3_STATIC_MAHALANOBIS,-1,NORMAL,-1,NORMAL,False
8888,AWS-DEL-103,DEL,2025-03-16 08:00:00+00:00,drift,20.3,983.8687425747845,69.0,1.0,3,TIER_3_STATIC_MAHALANOBIS,-1,NORMAL,1,TIER_1_SPIKE,True
8888,AWS-VAR-102,VAR,2025-03-16 18:00:00+00:00,drift,26.779252093076565,1001.9119280449708,39.0,1.0,3,TIER_3_STATIC_MAHALANOBIS,-1,NORMAL,-1,NORMAL,False
8888,AWS-BHO-102,BHO,2025-03-16 19:00:00+00:00,unstructured_anomaly,22.673108137630837,969.1119599214074,15.0,1.0,3,TIER_3_STATIC_MAHALANOBIS,-1,NORMAL,-1,NORMAL,False
8888,AWS-BHO-103,BHO,2025-03-16 19:00:00+00:00,unstructured_anomaly,20.973108137630838,967.2119599214075,15.0,1.0,3,TIER_3_STATIC_MAHALANOBIS,-1,NORMAL,-1,NORMAL,False
8888,AWS-RAN-101,RAN,2025-03-16 20:00:00+00:00,drift,27.09429222861135,931.854896807742,32.0001878475391,1.0,3,TIER_3_STATIC_MAHALANOBIS,-1,NORMAL,-1,NORMAL,False
8888,AWS-VAR-101,VAR,2025-03-16 21:00:00+00:00,unstructured_anomaly,23.157055895254235,1005.7683011454163,50.44855119051941,1.0,3,TIER_3_STATIC_MAHALANOBIS,-1,NORMAL,-1,NORMAL,False
8888,AWS-VAR-103,VAR,2025-03-16 21:00:00+00:00,unstructured_anomaly,20.957055895254232,1004.9683011454164,55.44855119051941,1.0,3,TIER_3_STATIC_MAHALANOBIS,-1,NORMAL,1,TIER_1_SPIKE,True
8888,AWS-RAN-101,RAN,2025-03-16 21:00:00+00:00,drift,26.654761359515103,931.3458189117323,32.04806215887898,1.0,3,TIER_3_STATIC_MAHALANOBIS,-1,NORMAL,-1,NORMAL,False
8888,AWS-RAN-102,RAN,2025-03-16 22:00:00+00:00,drift,25.327482563015746,961.1247092184303,41.03776595463312,1.0,3,TIER_3_STATIC_MAHALANOBIS,-1,NORMAL,-1,NORMAL,False
8888,AWS-MUM-103,MUM,2025-03-16 22:00:00+00:00,drift,30.92660772534494,1001.6497120437253,28.037765954633127,13.0,3,TIER_3_STATIC_MAHALANOBIS,-1,NORMAL,-1,NORMAL,False
8888,AWS-CHN-102,CHN,2025-03-16 22:00:00+00:00,drift,23.426803040383337,1012.6728146651243,71.03776595463313,6.0,1,TIER_1_SPIKE,-1,NORMAL,1,TIER_1_SPIKE,True
8888,AWS-VAR-101,VAR,2025-03-16 22:00:00+00:00,unstructured_anomaly,22.92764707444712,1007.0734744999066,54.9426499258516,1.0,3,TIER_3_STATIC_MAHALANOBIS,-1,NORMAL,-1,NORMAL,False
8888,AWS-CHN-024,CHN,2025-03-16 23:00:00+00:00,drift,23.239442859214574,1013.6562814039407,74.0805149777069,2.0,1,TIER_1_SPIKE,-1,NORMAL,-1,NORMAL,False
8888,AWS-RAN-102,RAN,2025-03-16 23:00:00+00:00,drift,24.91021526196329,960.4841819501004,41.08051497770689,1.0,3,TIER_3_STATIC_MAHALANOBIS,-1,NORMAL,-1,NORMAL,False
8888,AWS-KOL-103,KOL,2025-03-17 00:00:00+00:00,drift,27.20193816805844,994.8942372352915,83.0,18.0,1,TIER_1_SPIKE,-1,NORMAL,-1,NORMAL,False
8888,AWS-DEL-101,DEL,2025-03-17 00:00:00+00:00,drift,20.303735925745606,978.752037904898,55.0,1.0,3,TIER_3_STATIC_MAHALANOBIS,-1,NORMAL,-1,NORMAL,False
8888,AWS-DEL-103,DEL,2025-03-17 00:00:00+00:00,drift,20.3035248712006,977.0287346545547,56.0,1.0,3,TIER_3_STATIC_MAHALANOBIS,-1,NORMAL,1,TIER_1_SPIKE,True
8888,AWS-MUM-102,MUM,2025-03-17 00:00:00+00:00,drift,29.402257564251364,1001.4123416041447,34.0,21.0,1,TIER_1_SPIKE,-1,NORMAL,-1,NORMAL,False
8888,AWS-DEL-101,DEL,2025-03-17 01:00:00+00:00,drift,20.10826422996307,978.4440391276366,55.0,1.0,3,TIER_3_STATIC_MAHALANOBIS,-1,NORMAL,-1,NORMAL,False
8888,AWS-RAN-067,RAN,2025-03-17 01:00:00+00:00,drift,24.00716456737433,928.5178513866092,53.0,1.0,3,TIER_3_STATIC_MAHALANOBIS,-1,NORMAL,1,TIER_1_SPIKE,True
8888,AWS-MUM-102,MUM,2025-03-17 01:00:00+00:00,drift,28.80669347087544,1000.9546752042785,40.0,22.0,1,TIER_1_SPIKE,-1,NORMAL,-1,NORMAL,False
8888,AWS-DEL-102,DEL,2025-03-17 01:00:00+00:00,drift,20.107859168653338,975.5756068513566,54.0,1.0,3,TIER_3_STATIC_MAHALANOBIS,-1,NORMAL,-1,NORMAL,False
8888,AWS-DEL-103,DEL,2025-03-17 01:00:00+00:00,drift,20.008039984509004,976.6199841595403,55.0,1.0,3,TIER_3_STATIC_MAHALANOBIS,-1,NORMAL,1,TIER_1_SPIKE,True
8888,AWS-KOL-103,KOL,2025-03-17 01:00:00+00:00,drift,27.306354112420458,994.0037287590105,84.0,19.0,1,TIER_1_SPIKE,-1,NORMAL,-1,NORMAL,False
8888,AWS-KOL-101,KOL,2025-03-17 02:00:00+00:00,drift,26.42155745439449,1006.8,95.0,3.0,1,TIER_1_SPIKE,-1,NORMAL,-1,NORMAL,False
8888,AWS-KOL-102,KOL,2025-03-17 02:00:00+00:00,drift,27.321342669561233,1006.3,89.0,65.0,3,TIER_3_STATIC_MAHALANOBIS,-1,NORMAL,-1,NORMAL,False
8888,AWS-KOL-101,KOL,2025-03-17 03:00:00+00:00,drift,26.54745217217981,1006.5,96.0,4.0,1,TIER_1_SPIKE,-1,NORMAL,2,TIER_2_ROC_CUSUM,True
8888,AWS-KOL-102,KOL,2025-03-17 03:00:00+00:00,drift,27.347225454855817,1006.1,92.0,66.0,1,TIER_1_SPIKE,-1,NORMAL,2,TIER_2_ROC_CUSUM,True
8888,AWS-KOL-101,KOL,2025-03-17 04:00:00+00:00,drift,26.58397601823665,1006.8,96.0,5.0,1,TIER_1_SPIKE,-1,NORMAL,2,TIER_2_ROC_CUSUM,True
8888,AWS-KOL-102,KOL,2025-03-17 04:00:00+00:00,drift,27.483737368421917,1006.2,93.0,67.0,1,TIER_1_SPIKE,-1,NORMAL,2,TIER_2_ROC_CUSUM,True
8888,AWS-KOL-101,KOL,2025-03-17 05:00:00+00:00,drift,26.731061350016212,1007.4,98.0,6.0,1,TIER_1_SPIKE,-1,NORMAL,2,TIER_2_ROC_CUSUM,True
8888,AWS-KOL-102,KOL,2025-03-17 05:00:00+00:00,drift,27.730810767710743,1007.0,93.0,68.0,1,TIER_1_SPIKE,-1,NORMAL,2,TIER_2_ROC_CUSUM,True
8888,AWS-CHN-103,CHN,2025-03-18 01:00:00+00:00,drift,25.3,1005.0,97.0,24.0,3,TIER_3_STATIC_MAHALANOBIS,-1,NORMAL,2,TIER_2_ROC_CUSUM,True
8888,AWS-RAN-103,RAN,2025-03-18 01:00:00+00:00,drift,23.7,975.4,50.0,1.0,3,TIER_3_STATIC_MAHALANOBIS,-1,NORMAL,-1,NORMAL,False
8888,AWS-CHN-103,CHN,2025-03-18 02:00:00+00:00,drift,25.3,1004.4,96.92564244528675,25.0,3,TIER_3_STATIC_MAHALANOBIS,-1,NORMAL,2,TIER_2_ROC_CUSUM,True
8888,AWS-RAN-103,RAN,2025-03-18 02:00:00+00:00,drift,23.5,975.0,48.92615594939727,1.0,3,TIER_3_STATIC_MAHALANOBIS,-1,NORMAL,2,TIER_2_ROC_CUSUM,True
8888,AWS-CHN-103,CHN,2025-03-18 03:00:00+00:00,drift,25.4,1004.3,96.77856599773776,26.0,3,TIER_3_STATIC_MAHALANOBIS,-1,NORMAL,2,TIER_2_ROC_CUSUM,True
8888,AWS-RAN-103,RAN,2025-03-18 03:00:00+00:00,drift,23.1,974.6,47.7795930059588,1.0,3,TIER_3_STATIC_MAHALANOBIS,-1,NORMAL,2,TIER_2_ROC_CUSUM,True
8888,AWS-RAN-103,RAN,2025-03-18 04:00:00+00:00,drift,22.7,974.8,46.5815307698284,1.0,3,TIER_3_STATIC_MAHALANOBIS,-1,NORMAL,1,TIER_1_SPIKE,True
8888,AWS-CHN-103,CHN,2025-03-18 04:00:00+00:00,drift,26.0,1004.2,92.57999025749685,27.0,3,TIER_3_STATIC_MAHALANOBIS,-1,NORMAL,-1,NORMAL,False
8888,AWS-CHN-103,CHN,2025-03-18 05:00:00+00:00,drift,26.3,1004.7,90.33811091538836,28.0,3,TIER_3_STATIC_MAHALANOBIS,-1,NORMAL,2,TIER_2_ROC_CUSUM,True
8888,AWS-RAN-103,RAN,2025-03-18 05:00:00+00:00,drift,22.1,975.1,46.34016493183043,1.0,3,TIER_3_STATIC_MAHALANOBIS,-1,NORMAL,1,TIER_1_SPIKE,True
8888,AWS-KOL-101,KOL,2025-03-18 06:00:00+00:00,drift,25.4,1009.4,88.05942225779687,31.0,1,TIER_1_SPIKE,-1,NORMAL,-1,NORMAL,False
8888,AWS-KOL-102,KOL,2025-03-18 06:00:00+00:00,drift,26.3,1009.0,85.05867773422582,1.0,1,TIER_1_SPIKE,-1,NORMAL,1,TIER_1_SPIKE,True
8888,AWS-BHO-030,BHO,2025-03-18 16:00:00+00:00,unstructured_anomaly,26.049935766352146,963.167377005639,33.97438413813227,1.0,3,TIER_3_STATIC_MAHALANOBIS,-1,NORMAL,-1,NORMAL,False
8888,AWS-VAR-052,VAR,2025-03-18 16:00:00+00:00,unstructured_anomaly,25.34993576635215,1007.4673770056389,31.974384138132272,1.0,3,TIER_3_STATIC_MAHALANOBIS,-1,NORMAL,1,TIER_1_SPIKE,True
8888,AWS-BHO-101,BHO,2025-03-18 16:00:00+00:00,unstructured_anomaly,26.549935766352146,962.667377005639,32.97438413813227,1.0,3,TIER_3_STATIC_MAHALANOBIS,-1,NORMAL,-1,NORMAL,False
8888,AWS-MUM-103,MUM,2025-03-18 18:00:00+00:00,drift,32.3,1007.3,26.449345890691145,34.0,1,TIER_1_SPIKE,-1,NORMAL,-1,NORMAL,False
8888,AWS-RAN-102,RAN,2025-03-18 18:00:00+00:00,drift,26.7,971.0,25.453869598989314,1.0,3,TIER_3_STATIC_MAHALANOBIS,-1,NORMAL,-1,NORMAL,False
8888,AWS-RAN-101,RAN,2025-03-18 18:00:00+00:00,drift,27.8,939.9,16.454056578458697,1.0,3,TIER_3_STATIC_MAHALANOBIS,-1,NORMAL,-1,NORMAL,False
8888,AWS-BHO-102,BHO,2025-03-18 19:00:00+00:00,unstructured_anomaly,22.25652660193228,971.052097327554,15.0,1.0,3,TIER_3_STATIC_MAHALANOBIS,-1,NORMAL,-1,NORMAL,False
8888,AWS-MUM-102,MUM,2025-03-18 19:00:00+00:00,drift,30.0,1008.0,36.828416264907354,19.0,1,TIER_1_SPIKE,-1,NORMAL,-1,NORMAL,False
8888,AWS-BHO-103,BHO,2025-03-18 19:00:00+00:00,unstructured_anomaly,21.356526601932277,968.9520973275539,15.0,1.0,3,TIER_3_STATIC_MAHALANOBIS,-1,NORMAL,-1,NORMAL,False
8888,AWS-DEL-102,DEL,2025-03-18 20:00:00+00:00,drift,22.1,986.0,43.19258881711066,1.0,3,TIER_3_STATIC_MAHALANOBIS,-1,NORMAL,-1,NORMAL,False
8888,AWS-DEL-101,DEL,2025-03-18 20:00:00+00:00,drift,22.5,989.0,37.190213371326166,1.0,3,TIER_3_STATIC_MAHALANOBIS,-1,NORMAL,-1,NORMAL,False
8888,AWS-CHN-103,CHN,2025-03-18 21:00:00+00:00,drift,26.9,1006.8,78.51637598522355,44.0,3,TIER_3_STATIC_MAHALANOBIS,-1,NORMAL,-1,NORMAL,False
8888,AWS-DEL-102,DEL,2025-03-18 21:00:00+00:00,drift,21.5,986.5,39.52998420543091,1.0,3,TIER_3_STATIC_MAHALANOBIS,-1,NORMAL,-1,NORMAL,False
8888,AWS-DEL-103,DEL,2025-03-18 21:00:00+00:00,drift,22.4,987.7,40.52640542713785,1.0,3,TIER_3_STATIC_MAHALANOBIS,-1,NORMAL,1,TIER_1_SPIKE,True
8888,AWS-DEL-102,DEL,2025-03-18 22:00:00+00:00,drift,21.1,986.5,36.84756722733955,1.0,3,TIER_3_STATIC_MAHALANOBIS,-1,NORMAL,-1,NORMAL,False
8888,AWS-CHN-103,CHN,2025-03-18 22:00:00+00:00,drift,26.4,1007.4,80.83327859612184,45.0,3,TIER_3_STATIC_MAHALANOBIS,-1,NORMAL,-1,NORMAL,False
8888,AWS-DEL-102,DEL,2025-03-18 23:00:00+00:00,drift,21.0,986.7,35.14572985572136,1.0,3,TIER_3_STATIC_MAHALANOBIS,-1,NORMAL,-1,NORMAL,False
8888,AWS-CHN-103,CHN,2025-03-18 23:00:00+00:00,drift,25.9,1007.3,83.13076081349328,46.0,3,TIER_3_STATIC_MAHALANOBIS,-1,NORMAL,-1,NORMAL,False
8888,AWS-CHN-103,CHN,2025-03-19 00:00:00+00:00,drift,25.4,1006.8,84.4091891294117,47.0,3,TIER_3_STATIC_MAHALANOBIS,-1,NORMAL,-1,NORMAL,False
8888,AWS-CHN-103,CHN,2025-03-19 01:00:00+00:00,drift,25.1,1006.2,84.66890726316223,48.0,3,TIER_3_STATIC_MAHALANOBIS,-1,NORMAL,2,TIER_2_ROC_CUSUM,True
8888,AWS-RAN-103,RAN,2025-03-19 02:00:00+00:00,drift,20.4,976.4,29.923076081828818,1.0,3,TIER_3_STATIC_MAHALANOBIS,-1,NORMAL,1,TIER_1_SPIKE,True
8888,AWS-CHN-103,CHN,2025-03-19 02:00:00+00:00,drift,24.9,1005.6,84.91023847906585,49.0,3,TIER_3_STATIC_MAHALANOBIS,-1,NORMAL,2,TIER_2_ROC_CUSUM,True
8888,AWS-CHN-103,CHN,2025-03-19 03:00:00+00:00,drift,25.1,1005.3,84.13348758389694,50.0,3,TIER_3_STATIC_MAHALANOBIS,-1,NORMAL,2,TIER_2_ROC_CUSUM,True
8888,AWS-RAN-103,RAN,2025-03-19 03:00:00+00:00,drift,19.8,976.4,31.146838690770423,1.0,3,TIER_3_STATIC_MAHALANOBIS,-1,NORMAL,1,TIER_1_SPIKE,True
8888,AWS-CHN-103,CHN,2025-03-19 04:00:00+00:00,drift,25.0,1005.7,83.33894265896274,51.0,3,TIER_3_STATIC_MAHALANOBIS,-1,NORMAL,-1,NORMAL,False
8888,AWS-RAN-103,RAN,2025-03-19 04:00:00+00:00,drift,19.2,976.5,30.352807269946748,1.0,3,TIER_3_STATIC_MAHALANOBIS,-1,NORMAL,1,TIER_1_SPIKE,True
8888,AWS-CHN-024,CHN,2025-03-19 23:00:00+00:00,unstructured_anomaly,22.265217052844932,1019.5809011341706,95.0,18.0,1,TIER_1_SPIKE,-1,NORMAL,-1,NORMAL,False
8888,AWS-RAN-101,RAN,2025-03-20 13:00:00+00:00,spike,31.2,952.9226721547185,34.0,1.0,3,TIER_3_STATIC_MAHALANOBIS,-1,NORMAL,-1,NORMAL,False
8888,AWS-BHO-101,BHO,2025-03-20 21:00:00+00:00,drift,29.422539554117815,956.9,22.0,1.0,3,TIER_3_STATIC_MAHALANOBIS,-1,NORMAL,-1,NORMAL,False
8888,AWS-BHO-101,BHO,2025-03-20 22:00:00+00:00,drift,29.419125088217974,957.3,17.38357034772547,1.0,3,TIER_3_STATIC_MAHALANOBIS,-1,NORMAL,-1,NORMAL,False
8888,AWS-BHO-101,BHO,2025-03-20 23:00:00+00:00,drift,29.441328615796667,957.3,18.76714069545094,1.0,3,TIER_3_STATIC_MAHALANOBIS,-1,NORMAL,-1,NORMAL,False
8888,AWS-BHO-101,BHO,2025-03-21 03:00:00+00:00,drift,29.389878481428116,955.9,27.301422086352822,1.0,3,TIER_3_STATIC_MAHALANOBIS,-1,NORMAL,-1,NORMAL,False
8888,AWS-DEL-011,DEL,2025-03-21 04:00:00+00:00,drift,20.2,988.5,42.69022291078872,1.0,3,TIER_3_STATIC_MAHALANOBIS,-1,NORMAL,1,TIER_1_SPIKE,True
8888,AWS-DEL-011,DEL,2025-03-21 05:00:00+00:00,drift,19.9,988.7,44.07454046947282,1.0,3,TIER_3_STATIC_MAHALANOBIS,-1,NORMAL,-1,NORMAL,False
8888,AWS-VAR-103,VAR,2025-03-21 05:00:00+00:00,drift,21.7,1002.6,80.07471257918912,1.0,3,TIER_3_STATIC_MAHALANOBIS,-1,NORMAL,1,TIER_1_SPIKE,True
8888,AWS-DEL-103,DEL,2025-03-21 07:00:00+00:00,unstructured_anomaly,25.30203229683493,981.3850825787953,44.25553649739709,1.0,3,TIER_3_STATIC_MAHALANOBIS,-1,NORMAL,1,TIER_1_SPIKE,True
8888,AWS-VAR-102,VAR,2025-03-21 08:00:00+00:00,drift,25.6,1006.1975088612,65.0,1.0,3,TIER_3_STATIC_MAHALANOBIS,-1,NORMAL,-1,NORMAL,False
8888,AWS-BHO-030,BHO,2025-03-21 08:00:00+00:00,drift,25.0,959.6,35.22054584955196,1.0,3,TIER_3_STATIC_MAHALANOBIS,-1,NORMAL,-1,NORMAL,False
8888,AWS-RAN-103,RAN,2025-03-21 09:00:00+00:00,unstructured_anomaly,21.070323661076817,990.2070468183111,44.03491564994898,1.0,3,TIER_3_STATIC_MAHALANOBIS,-1,NORMAL,-1,NORMAL,False
8888,AWS-BHO-101,BHO,2025-03-21 10:00:00+00:00,drift,30.2,960.3,24.986414520431115,1.0,3,TIER_3_STATIC_MAHALANOBIS,-1,NORMAL,-1,NORMAL,False
8888,AWS-VAR-052,VAR,2025-03-21 17:00:00+00:00,drift,29.4,1000.9,52.68306580036765,1.0,3,TIER_3_STATIC_MAHALANOBIS,-1,NORMAL,1,TIER_1_SPIKE,True
8888,AWS-VAR-052,VAR,2025-03-21 19:00:00+00:00,drift,28.7,1001.4,47.451372380404415,1.0,3,TIER_3_STATIC_MAHALANOBIS,-1,NORMAL,1,TIER_1_SPIKE,True
8888,AWS-VAR-101,VAR,2025-03-21 22:00:00+00:00,drift,24.6,1002.7,69.60739193575922,1.0,3,TIER_3_STATIC_MAHALANOBIS,-1,NORMAL,-1,NORMAL,False
8888,AWS-BHO-102,BHO,2025-03-21 22:00:00+00:00,drift,24.9,965.1,38.59522994515637,1.0,3,TIER_3_STATIC_MAHALANOBIS,-1,NORMAL,-1,NORMAL,False
8888,AWS-BHO-103,BHO,2025-03-21 22:00:00+00:00,drift,24.6,963.3,39.59456584616835,1.0,3,TIER_3_STATIC_MAHALANOBIS,-1,NORMAL,-1,NORMAL,False
8888,AWS-BHO-030,BHO,2025-03-21 22:00:00+00:00,drift,25.3,957.9,39.59214965807264,1.0,3,TIER_3_STATIC_MAHALANOBIS,-1,NORMAL,-1,NORMAL,False
8888,AWS-CHN-102,CHN,2025-03-21 23:00:00+00:00,drift,27.9,1006.1496849876062,81.0,14.0,1,TIER_1_SPIKE,-1,NORMAL,-1,NORMAL,False
8888,AWS-VAR-103,VAR,2025-03-21 23:00:00+00:00,drift,22.1,1001.6,76.99281588236465,1.0,3,TIER_3_STATIC_MAHALANOBIS,-1,NORMAL,1,TIER_1_SPIKE,True
8888,AWS-CHN-102,CHN,2025-03-22 00:00:00+00:00,drift,27.6,1005.3465402993315,83.0,15.0,1,TIER_1_SPIKE,-1,NORMAL,-1,NORMAL,False
8888,AWS-DEL-011,DEL,2025-03-22 01:00:00+00:00,drift,21.0,987.5,47.76089164315487,1.0,3,TIER_3_STATIC_MAHALANOBIS,-1,NORMAL,-1,NORMAL,False
8888,AWS-CHN-102,CHN,2025-03-22 01:00:00+00:00,drift,27.3,1004.343395611057,86.0,16.0,1,TIER_1_SPIKE,-1,NORMAL,2,TIER_2_ROC_CUSUM,True
8888,AWS-CHN-102,CHN,2025-03-22 02:00:00+00:00,drift,27.2,1003.5402509227823,86.0,17.0,1,TIER_1_SPIKE,-1,NORMAL,2,TIER_2_ROC_CUSUM,True
8888,AWS-DEL-011,DEL,2025-03-22 02:00:00+00:00,drift,20.6,986.6,50.14520920183897,1.0,3,TIER_3_STATIC_MAHALANOBIS,-1,NORMAL,-1,NORMAL,False
8888,AWS-DEL-011,DEL,2025-03-22 03:00:00+00:00,drift,20.1,986.4,49.52952676052307,1.0,3,TIER_3_STATIC_MAHALANOBIS,-1,NORMAL,2,TIER_2_ROC_CUSUM,True
8888,AWS-CHN-102,CHN,2025-03-22 03:00:00+00:00,drift,26.9,1002.9371062345077,88.0,18.0,1,TIER_1_SPIKE,-1,NORMAL,2,TIER_2_ROC_CUSUM,True
8888,AWS-CHN-102,CHN,2025-03-22 04:00:00+00:00,drift,26.3,1002.6339615462331,91.0,19.0,1,TIER_1_SPIKE,-1,NORMAL,1,TIER_1_SPIKE,True
8888,AWS-CHN-102,CHN,2025-03-22 05:00:00+00:00,drift,26.1,1002.9308168579586,93.0,20.0,1,TIER_1_SPIKE,-1,NORMAL,1,TIER_1_SPIKE,True
8888,AWS-VAR-101,VAR,2025-03-22 08:00:00+00:00,drift,24.4,1005.3,76.45034871006291,1.0,3,TIER_3_STATIC_MAHALANOBIS,-1,NORMAL,-1,NORMAL,False
8888,AWS-BHO-102,BHO,2025-03-22 08:00:00+00:00,drift,25.5,967.4,50.43332192321892,1.0,3,TIER_3_STATIC_MAHALANOBIS,-1,NORMAL,-1,NORMAL,False
8888,AWS-VAR-052,VAR,2025-03-22 09:00:00+00:00,drift,28.0,1005.4,55.829518440661765,1.0,3,TIER_3_STATIC_MAHALANOBIS,-1,NORMAL,1,TIER_1_SPIKE,True
8888,AWS-BHO-101,BHO,2025-03-22 09:00:00+00:00,drift,29.1,960.3,40.808532518116934,1.0,3,TIER_3_STATIC_MAHALANOBIS,-1,NORMAL,-1,NORMAL,False
8888,AWS-MUM-102,MUM,2025-03-22 14:00:00+00:00,unstructured_anomaly,31.169894125070027,1017.1131066574052,15.0,5.0,1,TIER_1_SPIKE,-1,NORMAL,-1,NORMAL,False
8888,AWS-DEL-102,DEL,2025-03-22 16:00:00+00:00,unstructured_anomaly,23.337196158686048,993.0965771816495,36.582198411962054,1.0,3,TIER_3_STATIC_MAHALANOBIS,-1,NORMAL,-1,NORMAL,False
8888,AWS-BHO-103,BHO,2025-03-22 20:00:00+00:00,drift,25.0,958.6630938245532,24.0,1.0,3,TIER_3_STATIC_MAHALANOBIS,-1,NORMAL,-1,NORMAL,False
8888,AWS-BHO-030,BHO,2025-03-22 22:00:00+00:00,drift,26.6,953.8230058288075,21.0,1.0,3,TIER_3_STATIC_MAHALANOBIS,-1,NORMAL,-1,NORMAL,False
8888,AWS-KOL-102,KOL,2025-03-23 00:00:00+00:00,frozen_value,21.7,1013.6,87.0,4.0,1,TIER_1_SPIKE,-1,NORMAL,1,TIER_1_SPIKE,True
8888,AWS-CHN-102,CHN,2025-03-23 00:00:00+00:00,frozen_value,27.5,1011.1,86.0,11.0,1,TIER_1_SPIKE,-1,NORMAL,-1,NORMAL,False
8888,AWS-DEL-011,DEL,2025-03-23 01:00:00+00:00,drift,21.5,982.1088538247801,46.0,1.0,3,TIER_3_STATIC_MAHALANOBIS,-1,NORMAL,1,TIER_1_SPIKE,True
8888,AWS-CHN-102,CHN,2025-03-23 01:00:00+00:00,frozen_value,27.451630651088987,1009.8,88.0,12.0,1,TIER_1_SPIKE,-1,NORMAL,-1,NORMAL,False
8888,AWS-KOL-102,KOL,2025-03-23 01:00:00+00:00,frozen_value,21.651630651088986,1013.0,88.0,5.0,1,TIER_1_SPIKE,-1,NORMAL,1,TIER_1_SPIKE,True
8888,AWS-KOL-102,KOL,2025-03-23 02:00:00+00:00,drift,21.60710685321693,1012.8,91.0,6.0,1,TIER_1_SPIKE,-1,NORMAL,1,TIER_1_SPIKE,True
8888,AWS-CHN-102,CHN,2025-03-23 02:00:00+00:00,frozen_value,27.40710685321693,1009.3,89.0,13.0,1,TIER_1_SPIKE,-1,NORMAL,2,TIER_2_ROC_CUSUM,True
8888,AWS-KOL-102,KOL,2025-03-23 03:00:00+00:00,drift,21.64630099976941,1013.2426473346422,93.0,7.0,1,TIER_1_SPIKE,-1,NORMAL,1,TIER_1_SPIKE,True
8888,AWS-CHN-103,CHN,2025-03-23 03:00:00+00:00,drift,26.74630099976941,1006.2372234533644,93.0,1.0,3,TIER_3_STATIC_MAHALANOBIS,-1,NORMAL,2,TIER_2_ROC_CUSUM,True
8888,AWS-CHN-102,CHN,2025-03-23 03:00:00+00:00,frozen_value,27.44630099976941,1008.9,90.0,14.0,1,TIER_1_SPIKE,-1,NORMAL,2,TIER_2_ROC_CUSUM,True
8888,AWS-CHN-102,CHN,2025-03-23 04:00:00+00:00,frozen_value,27.40789885522334,1009.0,90.0,15.0,1,TIER_1_SPIKE,-1,NORMAL,2,TIER_2_ROC_CUSUM,True
8888,AWS-KOL-102,KOL,2025-03-23 04:00:00+00:00,drift,21.60789885522334,1013.6852946692844,95.0,8.0,1,TIER_1_SPIKE,-1,NORMAL,1,TIER_1_SPIKE,True
8888,AWS-CHN-102,CHN,2025-03-23 05:00:00+00:00,frozen_value,27.392434125980515,1009.8,91.0,16.0,1,TIER_1_SPIKE,-1,NORMAL,-1,NORMAL,False
8888,AWS-KOL-102,KOL,2025-03-23 05:00:00+00:00,drift,21.592434125980514,1014.3279420039266,96.0,9.0,1,TIER_1_SPIKE,-1,NORMAL,1,TIER_1_SPIKE,True
8888,AWS-CHN-103,CHN,2025-03-23 05:00:00+00:00,drift,26.692434125980515,1007.4116703600935,96.0,1.0,3,TIER_3_STATIC_MAHALANOBIS,-1,NORMAL,2,TIER_2_ROC_CUSUM,True
8888,AWS-KOL-102,KOL,2025-03-23 06:00:00+00:00,drift,21.6344847753486,1015.7705893385689,90.0,10.0,1,TIER_1_SPIKE,-1,NORMAL,1,TIER_1_SPIKE,True
8888,AWS-RAN-103,RAN,2025-03-23 06:00:00+00:00,drift,18.9344847753486,981.1216704424124,60.0,1.0,3,TIER_3_STATIC_MAHALANOBIS,-1,NORMAL,-1,NORMAL,False
8888,AWS-KOL-102,KOL,2025-03-23 07:00:00+00:00,drift,21.58994167091833,1017.513236673211,84.0,11.0,1,TIER_1_SPIKE,-1,NORMAL,1,TIER_1_SPIKE,True
8888,AWS-DEL-011,DEL,2025-03-23 07:00:00+00:00,drift,20.8,981.3123953546922,52.83131168173032,1.0,3,TIER_3_STATIC_MAHALANOBIS,-1,NORMAL,1,TIER_1_SPIKE,True
8888,AWS-BHO-102,BHO,2025-03-23 08:00:00+00:00,drift,24.4,959.0364797099088,34.83064248657556,1.0,3,TIER_3_STATIC_MAHALANOBIS,-1,NORMAL,-1,NORMAL,False
8888,AWS-BHO-103,BHO,2025-03-23 08:00:00+00:00,drift,25.2,957.3388064140171,35.83064248657556,1.0,3,TIER_3_STATIC_MAHALANOBIS,-1,NORMAL,-1,NORMAL,False
8888,AWS-VAR-052,VAR,2025-03-23 09:00:00+00:00,frozen_value,28.8,1006.8,42.87536378689552,1.0,3,TIER_3_STATIC_MAHALANOBIS,-1,NORMAL,-1,NORMAL,False
8888,AWS-KOL-101,KOL,2025-03-23 09:00:00+00:00,drift,26.8,1019.072861520651,66.0,15.0,1,TIER_1_SPIKE,-1,NORMAL,-1,NORMAL,False
8888,AWS-RAN-102,RAN,2025-03-23 09:00:00+00:00,drift,26.2,979.796103146803,45.0,1.0,3,TIER_3_STATIC_MAHALANOBIS,-1,NORMAL,-1,NORMAL,False
8888,AWS-DEL-103,DEL,2025-03-23 09:00:00+00:00,drift,26.0,993.9997999487994,40.0,1.0,3,TIER_3_STATIC_MAHALANOBIS,-1,NORMAL,1,TIER_1_SPIKE,True
8888,AWS-KOL-103,KOL,2025-03-23 09:00:00+00:00,drift,26.8,1018.3999307737238,63.0,4.0,1,TIER_1_SPIKE,-1,NORMAL,-1,NORMAL,False
8888,AWS-RAN-067,RAN,2025-03-23 09:00:00+00:00,drift,26.9,947.7841206149413,30.0,1.0,3,TIER_3_STATIC_MAHALANOBIS,-1,NORMAL,-1,NORMAL,False
8888,AWS-BHO-101,BHO,2025-03-23 09:00:00+00:00,frozen_value,30.2,960.9,27.875363786895516,1.0,3,TIER_3_STATIC_MAHALANOBIS,-1,NORMAL,-1,NORMAL,False
8888,AWS-KOL-101,KOL,2025-03-23 11:00:00+00:00,drift,26.2,1018.8508219551227,68.0,17.0,1,TIER_1_SPIKE,-1,NORMAL,2,TIER_2_ROC_CUSUM,True
8888,AWS-KOL-103,KOL,2025-03-23 11:00:00+00:00,drift,26.2,1018.285625280502,67.0,6.0,1,TIER_1_SPIKE,-1,NORMAL,2,TIER_2_ROC_CUSUM,True
8888,AWS-RAN-101,RAN,2025-03-23 11:00:00+00:00,drift,28.6,947.7455139682594,26.0,1.0,3,TIER_3_STATIC_MAHALANOBIS,-1,NORMAL,-1,NORMAL,False
8888,AWS-KOL-103,KOL,2025-03-23 12:00:00+00:00,drift,26.7,1017.1284725338911,65.0,7.0,1,TIER_1_SPIKE,-1,NORMAL,2,TIER_2_ROC_CUSUM,True
8888,AWS-RAN-101,RAN,2025-03-23 12:00:00+00:00,drift,29.1,947.3172377425105,25.0,1.0,3,TIER_3_STATIC_MAHALANOBIS,-1,NORMAL,2,TIER_2_ROC_CUSUM,True
8888,AWS-RAN-101,RAN,2025-03-23 13:00:00+00:00,drift,28.6,946.1889615167617,26.0,1.0,3,TIER_3_STATIC_MAHALANOBIS,-1,NORMAL,2,TIER_2_ROC_CUSUM,True
8888,AWS-RAN-101,RAN,2025-03-23 14:00:00+00:00,drift,28.8,945.5606852910125,25.0,1.0,3,TIER_3_STATIC_MAHALANOBIS,-1,NORMAL,2,TIER_2_ROC_CUSUM,True
8888,AWS-RAN-101,RAN,2025-03-23 15:00:00+00:00,drift,28.3,945.6324090652637,27.0,1.0,3,TIER_3_STATIC_MAHALANOBIS,-1,NORMAL,-1,NORMAL,False
8888,AWS-RAN-067,RAN,2025-03-23 16:00:00+00:00,drift,27.5,945.1682412298828,23.0,1.0,3,TIER_3_STATIC_MAHALANOBIS,-1,NORMAL,-1,NORMAL,False
8888,AWS-KOL-103,KOL,2025-03-23 16:00:00+00:00,drift,26.8,1015.9998615474476,60.0,11.0,1,TIER_1_SPIKE,-1,NORMAL,-1,NORMAL,False
8888,AWS-KOL-101,KOL,2025-03-23 17:00:00+00:00,drift,26.2,1017.2847032585379,68.0,23.0,1,TIER_1_SPIKE,-1,NORMAL,1,TIER_1_SPIKE,True
8888,AWS-DEL-103,DEL,2025-03-23 19:00:00+00:00,drift,25.1,994.1137998756554,37.0,1.0,3,TIER_3_STATIC_MAHALANOBIS,-1,NORMAL,1,TIER_1_SPIKE,True
8888,AWS-DEL-102,DEL,2025-03-23 20:00:00+00:00,drift,25.2,993.0206432754312,31.0,1.0,3,TIER_3_STATIC_MAHALANOBIS,-1,NORMAL,-1,NORMAL,False
8888,AWS-DEL-101,DEL,2025-03-23 20:00:00+00:00,drift,24.8,996.4716317293593,38.0,1.0,3,TIER_3_STATIC_MAHALANOBIS,-1,NORMAL,-1,NORMAL,False
8888,AWS-RAN-103,RAN,2025-03-23 21:00:00+00:00,drift,20.3,985.8029346014591,73.0,1.0,3,TIER_3_STATIC_MAHALANOBIS,-1,NORMAL,-1,NORMAL,False
8888,AWS-RAN-103,RAN,2025-03-23 22:00:00+00:00,drift,20.0,986.2083522120622,74.0,1.0,3,TIER_3_STATIC_MAHALANOBIS,-1,NORMAL,-1,NORMAL,False
8888,AWS-KOL-102,KOL,2025-03-23 22:00:00+00:00,drift,22.7,1020.8529466928446,85.0,4.0,1,TIER_1_SPIKE,-1,NORMAL,1,TIER_1_SPIKE,True
8888,AWS-BHO-103,BHO,2025-03-24 01:00:00+00:00,unstructured_anomaly,26.33301306978732,954.7150497558736,22.54351201798955,1.0,3,TIER_3_STATIC_MAHALANOBIS,-1,NORMAL,-1,NORMAL,False
8888,AWS-CHN-102,CHN,2025-03-24 02:00:00+00:00,drift,26.9,1009.1,89.0,14.0,1,TIER_1_SPIKE,-1,NORMAL,2,TIER_2_ROC_CUSUM,True
8888,AWS-CHN-102,CHN,2025-03-24 03:00:00+00:00,drift,26.5,1008.8,90.12843888561733,15.0,1,TIER_1_SPIKE,-1,NORMAL,1,TIER_1_SPIKE,True
8888,AWS-CHN-102,CHN,2025-03-24 04:00:00+00:00,drift,26.2,1009.2,92.33697712653704,16.0,1,TIER_1_SPIKE,-1,NORMAL,1,TIER_1_SPIKE,True
8888,AWS-VAR-101,VAR,2025-03-24 05:00:00+00:00,multivariate_inconsistency,24.907962542417657,1004.2852946403169,100.0,1.0,3,TIER_3_STATIC_MAHALANOBIS,-1,NORMAL,-1,NORMAL,False
8888,AWS-CHN-102,CHN,2025-03-24 05:00:00+00:00,drift,26.0,1010.1,95.59271692955765,17.0,1,TIER_1_SPIKE,-1,NORMAL,1,TIER_1_SPIKE,True
8888,AWS-CHN-024,CHN,2025-03-24 05:00:00+00:00,drift,26.2,1011.1,92.59137427834283,1.0,3,TIER_3_STATIC_MAHALANOBIS,-1,NORMAL,-1,NORMAL,False
8888,AWS-RAN-103,RAN,2025-03-24 06:00:00+00:00,drift,19.7,988.3516930968871,76.88418534678524,1.0,3,TIER_3_STATIC_MAHALANOBIS,-1,NORMAL,-1,NORMAL,False
8888,AWS-CHN-102,CHN,2025-03-24 06:00:00+00:00,drift,26.2,1010.6,100.0,18.0,1,TIER_1_SPIKE,-1,NORMAL,1,TIER_1_SPIKE,True
8888,AWS-KOL-102,KOL,2025-03-24 06:00:00+00:00,drift,22.3,1023.5941253699824,92.88556608468313,12.0,1,TIER_1_SPIKE,-1,NORMAL,1,TIER_1_SPIKE,True
8888,AWS-VAR-102,VAR,2025-03-24 08:00:00+00:00,drift,24.9,1007.4,50.55430937480081,1.0,3,TIER_3_STATIC_MAHALANOBIS,-1,NORMAL,-1,NORMAL,False
8888,AWS-RAN-102,RAN,2025-03-24 08:00:00+00:00,drift,24.8,987.0832992005844,59.556097630756284,1.0,3,TIER_3_STATIC_MAHALANOBIS,-1,NORMAL,-1,NORMAL,False
8888,AWS-DEL-103,DEL,2025-03-24 09:00:00+00:00,drift,26.3,1000.413399773254,40.929330436642424,1.0,3,TIER_3_STATIC_MAHALANOBIS,-1,NORMAL,1,TIER_1_SPIKE,True
8888,AWS-MUM-101,MUM,2025-03-24 11:00:00+00:00,drift,35.5,1019.694877014759,37.743685212296796,19.0,3,TIER_3_STATIC_MAHALANOBIS,-1,NORMAL,-1,NORMAL,False
8888,AWS-RAN-101,RAN,2025-03-24 11:00:00+00:00,drift,28.2,954.3668845502847,35.739169993737534,1.0,3,TIER_3_STATIC_MAHALANOBIS,-1,NORMAL,-1,NORMAL,False
8888,AWS-RAN-067,RAN,2025-03-24 12:00:00+00:00,drift,28.6,953.1514429868582,32.17251711131936,1.0,3,TIER_3_STATIC_MAHALANOBIS,-1,NORMAL,-1,NORMAL,False
8888,AWS-RAN-067,RAN,2025-03-24 13:00:00+00:00,drift,29.0,952.020603074707,31.623690115313043,1.0,3,TIER_3_STATIC_MAHALANOBIS,-1,NORMAL,2,TIER_2_ROC_CUSUM,True
8888,AWS-RAN-067,RAN,2025-03-24 14:00:00+00:00,drift,29.2,951.2897631625558,31.09141185081843,1.0,3,TIER_3_STATIC_MAHALANOBIS,-1,NORMAL,2,TIER_2_ROC_CUSUM,True
8888,AWS-DEL-101,DEL,2025-03-24 21:00:00+00:00,drift,24.7,990.1,43.7688171994702,1.0,3,TIER_3_STATIC_MAHALANOBIS,-1,NORMAL,-1,NORMAL,False
8888,AWS-DEL-102,DEL,2025-03-24 21:00:00+00:00,drift,26.5,987.1,34.76635283661474,1.0,3,TIER_3_STATIC_MAHALANOBIS,-1,NORMAL,-1,NORMAL,False
8888,AWS-BHO-102,BHO,2025-03-24 21:00:00+00:00,drift,24.40676333435235,965.1,19.0,1.0,3,TIER_3_STATIC_MAHALANOBIS,-1,NORMAL,-1,NORMAL,False
8888,AWS-VAR-102,VAR,2025-03-24 21:00:00+00:00,drift,24.4,1004.0301260836163,49.76401224295596,1.0,3,TIER_3_STATIC_MAHALANOBIS,-1,NORMAL,-1,NORMAL,False
8888,AWS-KOL-101,KOL,2025-03-24 21:00:00+00:00,drift,24.6,1012.8,72.77352216582145,51.0,1,TIER_1_SPIKE,-1,NORMAL,1,TIER_1_SPIKE,True
8888,AWS-DEL-101,DEL,2025-03-24 22:00:00+00:00,drift,24.2,990.0,47.34534827332002,1.0,3,TIER_3_STATIC_MAHALANOBIS,-1,NORMAL,-1,NORMAL,False
8888,AWS-KOL-101,KOL,2025-03-24 22:00:00+00:00,drift,24.3,1012.4,76.35030086947923,52.0,1,TIER_1_SPIKE,-1,NORMAL,1,TIER_1_SPIKE,True
8888,AWS-VAR-103,VAR,2025-03-24 23:00:00+00:00,drift,19.22959228994002,1001.9,50.0,1.0,3,TIER_3_STATIC_MAHALANOBIS,-1,NORMAL,1,TIER_1_SPIKE,True
8888,AWS-CHN-102,CHN,2025-03-24 23:00:00+00:00,drift,27.5,1010.0256498728944,90.93862159684832,10.0,1,TIER_1_SPIKE,-1,NORMAL,-1,NORMAL,False
8888,AWS-DEL-011,DEL,2025-03-24 23:00:00+00:00,drift,22.63007291626437,988.2,39.0,1.0,3,TIER_3_STATIC_MAHALANOBIS,-1,NORMAL,-1,NORMAL,False
8888,AWS-CHN-102,CHN,2025-03-25 00:00:00+00:00,drift,26.9,1009.2011955552463,95.53814198372945,11.0,1,TIER_1_SPIKE,-1,NORMAL,-1,NORMAL,False
8888,AWS-CHN-102,CHN,2025-03-25 01:00:00+00:00,drift,26.4,1008.3899149228415,99.14855605539198,12.0,1,TIER_1_SPIKE,-1,NORMAL,2,TIER_2_ROC_CUSUM,True
8888,AWS-CHN-102,CHN,2025-03-25 06:00:00+00:00,drift,26.1,1009.1023297275042,100.0,17.0,1,TIER_1_SPIKE,-1,NORMAL,-1,NORMAL,False
8888,AWS-VAR-103,VAR,2025-03-25 08:00:00+00:00,drift,20.181925234148615,1001.8,51.0,1.0,3,TIER_3_STATIC_MAHALANOBIS,-1,NORMAL,1,TIER_1_SPIKE,True
8888,AWS-BHO-030,BHO,2025-03-25 09:00:00+00:00,drift,23.544240496974062,958.5,23.0,1.0,3,TIER_3_STATIC_MAHALANOBIS,-1,NORMAL,-1,NORMAL,False
8888,AWS-BHO-102,BHO,2025-03-25 09:00:00+00:00,drift,24.242995336797975,965.7,22.0,1.0,3,TIER_3_STATIC_MAHALANOBIS,-1,NORMAL,-1,NORMAL,False
8888,AWS-DEL-011,DEL,2025-03-25 09:00:00+00:00,drift,23.24446279664204,988.1,30.0,1.0,3,TIER_3_STATIC_MAHALANOBIS,-1,NORMAL,-1,NORMAL,False
8888,AWS-BHO-103,BHO,2025-03-25 10:00:00+00:00,drift,25.804756005811726,963.9,19.0,1.0,3,TIER_3_STATIC_MAHALANOBIS,-1,NORMAL,-1,NORMAL,False
8888,AWS-VAR-052,VAR,2025-03-25 11:00:00+00:00,drift,27.666931531457774,1001.4,19.0,1.0,3,TIER_3_STATIC_MAHALANOBIS,-1,NORMAL,-1,NORMAL,False
8888,AWS-BHO-101,BHO,2025-03-25 11:00:00+00:00,drift,28.86662577103828,957.3,12.0,1.0,3,TIER_3_STATIC_MAHALANOBIS,-1,NORMAL,-1,NORMAL,False
8888,AWS-VAR-052,VAR,2025-03-25 12:00:00+00:00,drift,28.128348980481867,1000.2,18.0,1.0,3,TIER_3_STATIC_MAHALANOBIS,-1,NORMAL,2,TIER_2_ROC_CUSUM,True
8888,AWS-BHO-101,BHO,2025-03-25 12:00:00+00:00,drift,29.32802712740872,956.2,11.0,1.0,3,TIER_3_STATIC_MAHALANOBIS,-1,NORMAL,2,TIER_2_ROC_CUSUM,True
8888,AWS-BHO-101,BHO,2025-03-25 13:00:00+00:00,drift,29.389428483779156,954.9,11.0,1.0,3,TIER_3_STATIC_MAHALANOBIS,-1,NORMAL,2,TIER_2_ROC_CUSUM,True
8888,AWS-VAR-052,VAR,2025-03-25 13:00:00+00:00,drift,28.089766429505964,998.9,17.0,1.0,3,TIER_3_STATIC_MAHALANOBIS,-1,NORMAL,2,TIER_2_ROC_CUSUM,True
8888,AWS-BHO-101,BHO,2025-03-25 14:00:00+00:00,drift,29.15082984014959,953.9,10.0,1.0,3,TIER_3_STATIC_MAHALANOBIS,-1,NORMAL,2,TIER_2_ROC_CUSUM,True
8888,AWS-VAR-052,VAR,2025-03-25 14:00:00+00:00,drift,27.751183878530057,997.6,18.0,1.0,3,TIER_3_STATIC_MAHALANOBIS,-1,NORMAL,2,TIER_2_ROC_CUSUM,True
8888,AWS-BHO-101,BHO,2025-03-25 15:00:00+00:00,drift,28.712231196520026,953.0,10.0,1.0,3,TIER_3_STATIC_MAHALANOBIS,-1,NORMAL,-1,NORMAL,False
8888,AWS-BHO-030,BHO,2025-03-25 18:00:00+00:00,drift,23.197073701254446,953.1,14.0,1.0,3,TIER_3_STATIC_MAHALANOBIS,-1,NORMAL,-1,NORMAL,False
8888,AWS-DEL-011,DEL,2025-03-25 19:00:00+00:00,drift,22.158852677019713,983.4,23.0,1.0,3,TIER_3_STATIC_MAHALANOBIS,-1,NORMAL,-1,NORMAL,False
8888,AWS-VAR-102,VAR,2025-03-25 21:00:00+00:00,drift,24.9,1004.7478863417892,40.0,1.0,3,TIER_3_STATIC_MAHALANOBIS,-1,NORMAL,-1,NORMAL,False
8888,AWS-BHO-102,BHO,2025-03-25 23:00:00+00:00,frozen_value,25.6,960.4,22.0,1.0,3,TIER_3_STATIC_MAHALANOBIS,-1,NORMAL,-1,NORMAL,False
8888,AWS-CHN-102,CHN,2025-03-25 23:00:00+00:00,drift,26.7,1011.5966726316877,84.0,8.0,1,TIER_1_SPIKE,-1,NORMAL,-1,NORMAL,False
8888,AWS-CHN-102,CHN,2025-03-26 00:00:00+00:00,drift,26.1,1011.279110092801,87.0,9.0,1,TIER_1_SPIKE,-1,NORMAL,-1,NORMAL,False
8888,AWS-VAR-103,VAR,2025-03-26 01:00:00+00:00,frozen_value,21.2,996.2,44.0,1.0,3,TIER_3_STATIC_MAHALANOBIS,-1,NORMAL,1,TIER_1_SPIKE,True
8888,AWS-CHN-102,CHN,2025-03-26 01:00:00+00:00,drift,25.7,1010.968079685632,88.0,10.0,1,TIER_1_SPIKE,-1,NORMAL,2,TIER_2_ROC_CUSUM,True
8888,AWS-BHO-030,BHO,2025-03-26 01:00:00+00:00,frozen_value,24.3,952.2,25.0,1.0,3,TIER_3_STATIC_MAHALANOBIS,-1,NORMAL,-1,NORMAL,False
8888,AWS-CHN-102,CHN,2025-03-26 02:00:00+00:00,drift,25.1,1010.6634995695783,91.0,11.0,1,TIER_1_SPIKE,-1,NORMAL,1,TIER_1_SPIKE,True
8888,AWS-BHO-030,BHO,2025-03-26 02:00:00+00:00,frozen_value,24.1,951.7,25.0,1.0,3,TIER_3_STATIC_MAHALANOBIS,-1,NORMAL,-1,NORMAL,False
8888,AWS-CHN-102,CHN,2025-03-26 03:00:00+00:00,drift,24.6,1010.9652916542364,93.0,12.0,1,TIER_1_SPIKE,-1,NORMAL,1,TIER_1_SPIKE,True
8888,AWS-BHO-030,BHO,2025-03-26 03:00:00+00:00,frozen_value,23.8,951.2,25.0,1.0,3,TIER_3_STATIC_MAHALANOBIS,-1,NORMAL,2,TIER_2_ROC_CUSUM,True
8888,AWS-CHN-102,CHN,2025-03-26 04:00:00+00:00,drift,24.3,1011.573381310783,95.0,13.0,1,TIER_1_SPIKE,-1,NORMAL,1,TIER_1_SPIKE,True
8888,AWS-CHN-102,CHN,2025-03-26 05:00:00+00:00,drift,24.1,1012.4876971139929,95.0,14.0,1,TIER_1_SPIKE,-1,NORMAL,1,TIER_1_SPIKE,True
8888,AWS-BHO-030,BHO,2025-03-26 07:00:00+00:00,frozen_value,24.2,953.8,25.0,1.0,3,TIER_3_STATIC_MAHALANOBIS,-1,NORMAL,-1,NORMAL,False
8888,AWS-KOL-103,KOL,2025-03-26 07:00:00+00:00,frozen_value,26.8,1007.9,74.0,49.0,1,TIER_1_SPIKE,-1,NORMAL,-1,NORMAL,False
8888,AWS-DEL-101,DEL,2025-03-26 07:00:00+00:00,frozen_value,23.1,984.5,50.0,1.0,3,TIER_3_STATIC_MAHALANOBIS,-1,NORMAL,-1,NORMAL,False
8888,AWS-VAR-102,VAR,2025-03-26 09:00:00+00:00,drift,23.5,1011.0219284474887,30.0,1.0,3,TIER_3_STATIC_MAHALANOBIS,-1,NORMAL,-1,NORMAL,False
8888,AWS-VAR-102,VAR,2025-03-26 10:00:00+00:00,drift,23.5,1011.3191058965467,24.0,1.0,3,TIER_3_STATIC_MAHALANOBIS,-1,NORMAL,-1,NORMAL,False
8888,AWS-VAR-102,VAR,2025-03-26 11:00:00+00:00,drift,23.5,1011.1247315336121,21.0,1.0,3,TIER_3_STATIC_MAHALANOBIS,-1,NORMAL,2,TIER_2_ROC_CUSUM,True
8888,AWS-VAR-102,VAR,2025-03-26 12:00:00+00:00,drift,23.5,1010.6387268899274,19.0,1.0,3,TIER_3_STATIC_MAHALANOBIS,-1,NORMAL,2,TIER_2_ROC_CUSUM,True
8888,AWS-MUM-103,MUM,2025-03-26 17:00:00+00:00,drift,32.5,1004.9,37.227511733298876,2.0,1,TIER_1_SPIKE,-1,NORMAL,-1,NORMAL,False
8888,AWS-MUM-102,MUM,2025-03-26 17:00:00+00:00,drift,32.0,1005.0,41.22738764901827,21.0,1,TIER_1_SPIKE,-1,NORMAL,-1,NORMAL,False
8888,AWS-DEL-102,DEL,2025-03-26 20:00:00+00:00,drift,29.2,980.2,25.89236508884658,1.0,3,TIER_3_STATIC_MAHALANOBIS,-1,NORMAL,-1,NORMAL,False
8888,AWS-KOL-103,KOL,2025-03-26 20:00:00+00:00,drift,27.7,1005.3,70.89447043357148,62.0,1,TIER_1_SPIKE,-1,NORMAL,-1,NORMAL,False
8888,AWS-BHO-103,BHO,2025-03-26 20:00:00+00:00,drift,27.7,959.6715526333945,22.0,1.0,3,TIER_3_STATIC_MAHALANOBIS,-1,NORMAL,-1,NORMAL,False
8888,AWS-BHO-101,BHO,2025-03-26 21:00:00+00:00,drift,28.3,954.8482416873902,17.0,1.0,3,TIER_3_STATIC_MAHALANOBIS,-1,NORMAL,-1,NORMAL,False
8888,AWS-VAR-052,VAR,2025-03-26 21:00:00+00:00,drift,29.3,1000.0944383592613,24.0,1.0,3,TIER_3_STATIC_MAHALANOBIS,-1,NORMAL,-1,NORMAL,False
8888,AWS-BHO-102,BHO,2025-03-26 21:00:00+00:00,drift,27.1,962.4741324072844,22.0,1.0,3,TIER_3_STATIC_MAHALANOBIS,-1,NORMAL,-1,NORMAL,False
8888,AWS-KOL-101,KOL,2025-03-26 23:00:00+00:00,drift,25.1,1005.6,93.80726374474422,26.0,1,TIER_1_SPIKE,-1,NORMAL,1,TIER_1_SPIKE,True
8888,AWS-DEL-101,DEL,2025-03-27 00:00:00+00:00,drift,24.4,983.6,41.15373837377882,1.0,3,TIER_3_STATIC_MAHALANOBIS,-1,NORMAL,-1,NORMAL,False
8888,AWS-KOL-101,KOL,2025-03-27 00:00:00+00:00,drift,24.9,1005.1,93.1559004779511,27.0,1,TIER_1_SPIKE,-1,NORMAL,1,TIER_1_SPIKE,True
8888,AWS-KOL-101,KOL,2025-03-27 01:00:00+00:00,drift,24.6,1004.6,95.52445644504664,28.0,1,TIER_1_SPIKE,-1,NORMAL,1,TIER_1_SPIKE,True
8888,AWS-VAR-103,VAR,2025-03-27 01:00:00+00:00,drift,23.0,999.2395481104933,40.0,1.0,3,TIER_3_STATIC_MAHALANOBIS,-1,NORMAL,1,TIER_1_SPIKE,True
8888,AWS-KOL-101,KOL,2025-03-27 02:00:00+00:00,drift,24.2,1004.3,96.91191139153328,29.0,1,TIER_1_SPIKE,-1,NORMAL,1,TIER_1_SPIKE,True
8888,AWS-KOL-101,KOL,2025-03-27 03:00:00+00:00,drift,23.7,1004.1,99.31738791395853,30.0,1,TIER_1_SPIKE,-1,NORMAL,1,TIER_1_SPIKE,True
8888,AWS-CHN-102,CHN,2025-03-27 03:00:00+00:00,frozen_value,25.2,1005.2,95.0,12.0,1,TIER_1_SPIKE,-1,NORMAL,1,TIER_1_SPIKE,True
8888,AWS-CHN-102,CHN,2025-03-27 04:00:00+00:00,frozen_value,24.8,1005.3099388964312,96.0,13.0,1,TIER_1_SPIKE,-1,NORMAL,1,TIER_1_SPIKE,True
8888,AWS-BHO-030,BHO,2025-03-27 04:00:00+00:00,drift,25.8,956.0343104807118,22.0,1.0,3,TIER_3_STATIC_MAHALANOBIS,-1,NORMAL,-1,NORMAL,False
8888,AWS-KOL-101,KOL,2025-03-27 04:00:00+00:00,drift,23.2,1004.2099388964311,99.74012090865385,31.0,1,TIER_1_SPIKE,-1,NORMAL,1,TIER_1_SPIKE,True
8888,AWS-KOL-101,KOL,2025-03-27 05:00:00+00:00,drift,23.0,1004.1980204350413,100.0,32.0,1,TIER_1_SPIKE,-1,NORMAL,1,TIER_1_SPIKE,True
8888,AWS-BHO-030,BHO,2025-03-27 05:00:00+00:00,drift,25.6,956.7892699207537,23.0,1.0,3,TIER_3_STATIC_MAHALANOBIS,-1,NORMAL,2,TIER_2_ROC_CUSUM,True
8888,AWS-DEL-011,DEL,2025-03-27 05:00:00+00:00,drift,24.2,986.8240858461095,37.0,1.0,3,TIER_3_STATIC_MAHALANOBIS,-1,NORMAL,-1,NORMAL,False
8888,AWS-DEL-011,DEL,2025-03-27 06:00:00+00:00,drift,24.1,988.0198683931155,41.0,1.0,3,TIER_3_STATIC_MAHALANOBIS,-1,NORMAL,2,TIER_2_ROC_CUSUM,True
8888,AWS-BHO-030,BHO,2025-03-27 06:00:00+00:00,drift,25.4,957.9442293607955,27.0,1.0,3,TIER_3_STATIC_MAHALANOBIS,-1,NORMAL,2,TIER_2_ROC_CUSUM,True
8888,AWS-DEL-101,DEL,2025-03-27 07:00:00+00:00,drift,25.0,982.5154286233764,48.10162196147396,1.0,3,TIER_3_STATIC_MAHALANOBIS,-1,NORMAL,-1,NORMAL,False
8888,AWS-DEL-011,DEL,2025-03-27 07:00:00+00:00,drift,24.7,988.9156509401216,39.0,1.0,3,TIER_3_STATIC_MAHALANOBIS,-1,NORMAL,2,TIER_2_ROC_CUSUM,True
8888,AWS-VAR-052,VAR,2025-03-27 08:00:00+00:00,drift,29.013776485446968,1004.8283205544487,30.0,1.0,3,TIER_3_STATIC_MAHALANOBIS,-1,NORMAL,-1,NORMAL,False
8888,AWS-BHO-103,BHO,2025-03-27 08:00:00+00:00,drift,27.513734159327647,966.0336228112541,27.0,1.0,3,TIER_3_STATIC_MAHALANOBIS,-1,NORMAL,-1,NORMAL,False
8888,AWS-BHO-101,BHO,2025-03-27 08:00:00+00:00,drift,29.313760562537194,960.4513075435195,25.0,1.0,3,TIER_3_STATIC_MAHALANOBIS,-1,NORMAL,-1,NORMAL,False
8888,AWS-BHO-102,BHO,2025-03-27 08:00:00+00:00,drift,27.91371327244007,967.8156780552974,23.0,1.0,3,TIER_3_STATIC_MAHALANOBIS,-1,NORMAL,-1,NORMAL,False
8888,AWS-DEL-102,DEL,2025-03-27 09:00:00+00:00,drift,28.8,979.5298217280497,36.08439472577545,1.0,3,TIER_3_STATIC_MAHALANOBIS,-1,NORMAL,-1,NORMAL,False
8888,AWS-RAN-067,RAN,2025-03-27 10:00:00+00:00,drift,32.5,934.6361479155217,23.60131610109436,1.0,3,TIER_3_STATIC_MAHALANOBIS,-1,NORMAL,1,TIER_1_SPIKE,True
8888,AWS-MUM-103,MUM,2025-03-27 11:00:00+00:00,drift,33.3,1009.5,53.135067893552524,20.0,1,TIER_1_SPIKE,-1,NORMAL,-1,NORMAL,False
8888,AWS-MUM-102,MUM,2025-03-27 11:00:00+00:00,drift,32.7,1009.5,56.13382705074648,2.0,1,TIER_1_SPIKE,-1,NORMAL,-1,NORMAL,False
8888,AWS-MUM-102,MUM,2025-03-27 15:00:00+00:00,drift,33.2,1006.0,50.376628371485296,6.0,1,TIER_1_SPIKE,-1,NORMAL,-1,NORMAL,False
8888,AWS-MUM-103,MUM,2025-03-27 15:00:00+00:00,drift,34.1,1006.0,46.378117382852544,1.0,1,TIER_1_SPIKE,-1,NORMAL,-1,NORMAL,False
8888,AWS-RAN-067,RAN,2025-03-27 16:00:00+00:00,drift,32.7,935.1,26.962652229347178,1.0,3,TIER_3_STATIC_MAHALANOBIS,-1,NORMAL,1,TIER_1_SPIKE,True
8888,AWS-DEL-102,DEL,2025-03-27 19:00:00+00:00,drift,29.5,979.0,38.80419265144492,1.0,3,TIER_3_STATIC_MAHALANOBIS,-1,NORMAL,-1,NORMAL,False
8888,AWS-KOL-103,KOL,2025-03-27 20:00:00+00:00,drift,29.3,1002.7,54.45448297727354,86.0,1,TIER_1_SPIKE,-1,NORMAL,-1,NORMAL,False
8888,AWS-VAR-103,VAR,2025-03-27 21:00:00+00:00,drift,24.392199894681312,1005.8103311254836,25.0,1.0,3,TIER_3_STATIC_MAHALANOBIS,-1,NORMAL,1,TIER_1_SPIKE,True
8888,AWS-RAN-101,RAN,2025-03-27 21:00:00+00:00,drift,26.8,936.4,36.097229512381034,1.0,3,TIER_3_STATIC_MAHALANOBIS,-1,NORMAL,-1,NORMAL,False
8888,AWS-BHO-030,BHO,2025-03-27 21:00:00+00:00,drift,25.692979075235904,961.8686209614235,20.0,1.0,3,TIER_3_STATIC_MAHALANOBIS,-1,NORMAL,-1,NORMAL,False
8888,AWS-DEL-011,DEL,2025-03-27 21:00:00+00:00,drift,25.293317608140136,991.6566065982068,28.0,1.0,3,TIER_3_STATIC_MAHALANOBIS,-1,NORMAL,-1,NORMAL,False
8888,AWS-DEL-011,DEL,2025-03-27 22:00:00+00:00,drift,24.807126008721575,992.0523891452129,30.0,1.0,3,TIER_3_STATIC_MAHALANOBIS,-1,NORMAL,-1,NORMAL,False
8888,AWS-DEL-103,DEL,2025-03-28 04:00:00+00:00,drift,23.0,981.5,39.0,1.0,3,TIER_3_STATIC_MAHALANOBIS,-1,NORMAL,1,TIER_1_SPIKE,True
8888,AWS-CHN-024,CHN,2025-03-28 05:00:00+00:00,drift,27.476538390238026,1005.9,86.0,1.0,3,TIER_3_STATIC_MAHALANOBIS,-1,NORMAL,2,TIER_2_ROC_CUSUM,True
8888,AWS-RAN-102,RAN,2025-03-28 07:00:00+00:00,drift,23.292959251684408,968.5,44.0,1.0,3,TIER_3_STATIC_MAHALANOBIS,-1,NORMAL,-1,NORMAL,False
8888,AWS-RAN-101,RAN,2025-03-28 07:00:00+00:00,drift,25.59318878152021,938.0,34.0,1.0,3,TIER_3_STATIC_MAHALANOBIS,-1,NORMAL,-1,NORMAL,False
8888,AWS-KOL-103,KOL,2025-03-28 08:00:00+00:00,drift,28.79110535313981,1005.1,60.0,2.0,1,TIER_1_SPIKE,-1,NORMAL,-1,NORMAL,False
8888,AWS-DEL-103,DEL,2025-03-28 08:00:00+00:00,drift,22.79072696127708,985.6,33.0,1.0,3,TIER_3_STATIC_MAHALANOBIS,-1,NORMAL,1,TIER_1_SPIKE,True
8888,AWS-VAR-052,VAR,2025-03-28 10:00:00+00:00,drift,28.171965107068093,998.3,22.0,1.0,3,TIER_3_STATIC_MAHALANOBIS,-1,NORMAL,-1,NORMAL,False
8888,AWS-RAN-067,RAN,2025-03-28 11:00:00+00:00,drift,31.184082119580484,939.2,19.0,1.0,3,TIER_3_STATIC_MAHALANOBIS,-1,NORMAL,1,TIER_1_SPIKE,True
8888,AWS-RAN-067,RAN,2025-03-28 12:00:00+00:00,drift,31.081808136663405,938.5,20.0,1.0,3,TIER_3_STATIC_MAHALANOBIS,-1,NORMAL,1,TIER_1_SPIKE,True
8888,AWS-BHO-101,BHO,2025-03-28 13:00:00+00:00,unstructured_anomaly,29.502574244226675,963.0295885161992,15.0,1.0,3,TIER_3_STATIC_MAHALANOBIS,-1,NORMAL,-1,NORMAL,False
8888,AWS-DEL-011,DEL,2025-03-28 13:00:00+00:00,unstructured_anomaly,25.502574244226675,993.9295885161991,15.0,1.0,3,TIER_3_STATIC_MAHALANOBIS,-1,NORMAL,-1,NORMAL,False
8888,AWS-RAN-067,RAN,2025-03-28 13:00:00+00:00,drift,31.079534153746337,937.5,18.0,1.0,3,TIER_3_STATIC_MAHALANOBIS,-1,NORMAL,1,TIER_1_SPIKE,True
8888,AWS-MUM-102,MUM,2025-03-28 14:00:00+00:00,drift,32.97762570449923,1004.5,34.0,29.0,1,TIER_1_SPIKE,-1,NORMAL,-1,NORMAL,False
8888,AWS-RAN-067,RAN,2025-03-28 14:00:00+00:00,drift,30.47726017082926,936.5,19.0,1.0,3,TIER_3_STATIC_MAHALANOBIS,-1,NORMAL,1,TIER_1_SPIKE,True
8888,AWS-BHO-103,BHO,2025-03-28 15:00:00+00:00,unstructured_anomaly,29.380528031213796,964.5145410855952,15.0,1.0,3,TIER_3_STATIC_MAHALANOBIS,-1,NORMAL,-1,NORMAL,False
8888,AWS-RAN-101,RAN,2025-03-28 17:00:00+00:00,drift,25.970484719920908,935.9,25.0,1.0,3,TIER_3_STATIC_MAHALANOBIS,-1,NORMAL,-1,NORMAL,False
8888,AWS-RAN-102,RAN,2025-03-28 18:00:00+00:00,drift,22.967143174527237,965.2,35.0,1.0,3,TIER_3_STATIC_MAHALANOBIS,-1,NORMAL,-1,NORMAL,False
8888,AWS-DEL-103,DEL,2025-03-28 18:00:00+00:00,drift,21.867544364469794,983.6,20.0,1.0,3,TIER_3_STATIC_MAHALANOBIS,-1,NORMAL,1,TIER_1_SPIKE,True
8888,AWS-VAR-103,VAR,2025-03-28 19:00:00+00:00,unstructured_anomaly,25.469051540370586,1002.6084389101354,42.202946428564736,1.0,3,TIER_3_STATIC_MAHALANOBIS,-1,NORMAL,1,TIER_1_SPIKE,True
8888,AWS-BHO-030,BHO,2025-03-28 19:00:00+00:00,unstructured_anomaly,25.369051540370585,961.9084389101354,33.202946428564736,1.0,3,TIER_3_STATIC_MAHALANOBIS,-1,NORMAL,-1,NORMAL,False
8888,AWS-KOL-102,KOL,2025-03-28 20:00:00+00:00,drift,24.664570530657873,1003.3431924569918,56.0,13.0,1,TIER_1_SPIKE,-1,NORMAL,1,TIER_1_SPIKE,True
8888,AWS-KOL-101,KOL,2025-03-28 21:00:00+00:00,drift,20.762215470597738,1004.8134914567153,78.0,72.0,1,TIER_1_SPIKE,-1,NORMAL,1,TIER_1_SPIKE,True
8888,AWS-KOL-015,KOL,2025-03-28 22:00:00+00:00,drift,21.560081233681522,1004.6690401819603,73.0,41.0,3,TIER_3_STATIC_MAHALANOBIS,-1,NORMAL,1,TIER_1_SPIKE,True
8888,AWS-RAN-103,RAN,2025-03-28 23:00:00+00:00,drift,18.955551013988803,972.5710149796198,34.0,1.0,3,TIER_3_STATIC_MAHALANOBIS,-1,NORMAL,-1,NORMAL,False
8888,AWS-RAN-103,RAN,2025-03-29 01:00:00+00:00,drift,18.250872173356044,972.1922269109613,33.0,1.0,3,TIER_3_STATIC_MAHALANOBIS,-1,NORMAL,-1,NORMAL,False
8888,AWS-RAN-103,RAN,2025-03-29 02:00:00+00:00,drift,17.74853275303967,972.3224459362432,34.0,1.0,3,TIER_3_STATIC_MAHALANOBIS,-1,NORMAL,2,TIER_2_ROC_CUSUM,True
8888,AWS-KOL-103,KOL,2025-03-29 07:00:00+00:00,drift,29.1,1012.6204464115873,71.0,1.0,1,TIER_1_SPIKE,-1,NORMAL,-1,NORMAL,False
8888,AWS-MUM-102,MUM,2025-03-29 09:00:00+00:00,drift,32.1,1012.4868419817113,23.0,48.0,1,TIER_1_SPIKE,-1,NORMAL,-1,NORMAL,False
8888,AWS-BHO-103,BHO,2025-03-29 13:00:00+00:00,unstructured_anomaly,27.741285810613725,968.4293387856296,15.0,1.0,3,TIER_3_STATIC_MAHALANOBIS,-1,NORMAL,-1,NORMAL,False
8888,AWS-BHO-101,BHO,2025-03-29 13:00:00+00:00,unstructured_anomaly,28.541285810613722,962.6293387856296,15.0,1.0,3,TIER_3_STATIC_MAHALANOBIS,-1,NORMAL,-1,NORMAL,False
8888,AWS-BHO-101,BHO,2025-03-29 14:00:00+00:00,unstructured_anomaly,28.614638003307572,962.3986715527528,15.0,1.0,3,TIER_3_STATIC_MAHALANOBIS,-1,NORMAL,2,TIER_2_ROC_CUSUM,True
8888,AWS-BHO-102,BHO,2025-03-29 14:00:00+00:00,unstructured_anomaly,28.314638003307568,969.9986715527529,15.0,1.0,3,TIER_3_STATIC_MAHALANOBIS,-1,NORMAL,-1,NORMAL,False
8888,AWS-BHO-103,BHO,2025-03-29 14:00:00+00:00,unstructured_anomaly,27.814638003307568,968.1986715527528,15.0,1.0,3,TIER_3_STATIC_MAHALANOBIS,-1,NORMAL,2,TIER_2_ROC_CUSUM,True
8888,AWS-BHO-103,BHO,2025-03-29 16:00:00+00:00,unstructured_anomaly,27.562948419886258,966.7188163120906,15.0,1.0,3,TIER_3_STATIC_MAHALANOBIS,-1,NORMAL,2,TIER_2_ROC_CUSUM,True
8888,AWS-BHO-102,BHO,2025-03-29 16:00:00+00:00,unstructured_anomaly,28.562948419886258,968.2188163120906,15.0,1.0,3,TIER_3_STATIC_MAHALANOBIS,-1,NORMAL,2,TIER_2_ROC_CUSUM,True
8888,AWS-BHO-101,BHO,2025-03-29 16:00:00+00:00,unstructured_anomaly,28.562948419886258,960.9188163120906,15.0,1.0,3,TIER_3_STATIC_MAHALANOBIS,-1,NORMAL,2,TIER_2_ROC_CUSUM,True
8888,AWS-VAR-052,VAR,2025-03-29 16:00:00+00:00,unstructured_anomaly,28.16294841988626,1003.7188163120906,15.0,1.0,3,TIER_3_STATIC_MAHALANOBIS,-1,NORMAL,-1,NORMAL,False
8888,AWS-MUM-101,MUM,2025-03-29 18:00:00+00:00,drift,33.5,1015.1010440619579,27.0,28.0,3,TIER_3_STATIC_MAHALANOBIS,-1,NORMAL,1,TIER_1_SPIKE,True
8888,AWS-MUM-102,MUM,2025-03-29 19:00:00+00:00,drift,33.0,1016.2670817263756,26.0,58.0,1,TIER_1_SPIKE,-1,NORMAL,-1,NORMAL,False
8888,AWS-MUM-007,MUM,2025-03-29 20:00:00+00:00,drift,30.0,1018.8070773938582,47.0,2.0,3,TIER_3_STATIC_MAHALANOBIS,-1,NORMAL,1,TIER_1_SPIKE,True
8888,AWS-MUM-102,MUM,2025-03-29 20:00:00+00:00,drift,33.1,1018.3454073772876,24.0,59.0,1,TIER_1_SPIKE,-1,NORMAL,-1,NORMAL,False
20260924,AWS-DEL-101,DEL,2025-03-05 14:00:00+00:00,unstructured_anomaly,16.68598177922957,997.0476529887816,42.23027969232599,1.0,3,TIER_3_STATIC_MAHALANOBIS,-1,NORMAL,-1,NORMAL,False
20260924,AWS-RAN-067,RAN,2025-03-05 16:00:00+00:00,unstructured_anomaly,19.91074921568358,944.5543304235246,38.743124282302475,1.0,3,TIER_3_STATIC_MAHALANOBIS,-1,NORMAL,-1,NORMAL,False
20260924,AWS-DEL-101,DEL,2025-03-05 16:00:00+00:00,unstructured_anomaly,16.91074921568358,995.4543304235245,45.743124282302475,1.0,3,TIER_3_STATIC_MAHALANOBIS,-1,NORMAL,2,TIER_2_ROC_CUSUM,True
20260924,AWS-DEL-102,DEL,2025-03-05 19:00:00+00:00,unstructured_anomaly,12.271590559365443,994.9685763578876,51.34591950568066,1.0,3,TIER_3_STATIC_MAHALANOBIS,-1,NORMAL,-1,NORMAL,False
20260924,AWS-DEL-103,DEL,2025-03-05 19:00:00+00:00,unstructured_anomaly,12.871590559365444,995.7685763578877,50.34591950568066,1.0,3,TIER_3_STATIC_MAHALANOBIS,-1,NORMAL,1,TIER_1_SPIKE,True
20260924,AWS-CHN-103,CHN,2025-03-06 00:00:00+00:00,drift,24.1,1005.6,98.0,1.0,3,TIER_3_STATIC_MAHALANOBIS,-1,NORMAL,-1,NORMAL,False
20260924,AWS-DEL-101,DEL,2025-03-06 01:00:00+00:00,drift,16.5,989.3747658640248,42.0,1.0,3,TIER_3_STATIC_MAHALANOBIS,-1,NORMAL,1,TIER_1_SPIKE,True
20260924,AWS-CHN-103,CHN,2025-03-06 01:00:00+00:00,drift,23.9,1005.4304104785045,98.0,1.0,3,TIER_3_STATIC_MAHALANOBIS,-1,NORMAL,2,TIER_2_ROC_CUSUM,True
20260924,AWS-MUM-007,MUM,2025-03-06 01:00:00+00:00,drift,27.2,1010.9022735418223,20.0,1.0,3,TIER_3_STATIC_MAHALANOBIS,-1,NORMAL,-1,NORMAL,False
20260924,AWS-CHN-103,CHN,2025-03-06 02:00:00+00:00,drift,23.6,1005.160820957009,99.0,1.0,3,TIER_3_STATIC_MAHALANOBIS,-1,NORMAL,2,TIER_2_ROC_CUSUM,True
20260924,AWS-CHN-103,CHN,2025-03-06 03:00:00+00:00,drift,23.5,1005.4912314355134,100.0,1.0,3,TIER_3_STATIC_MAHALANOBIS,-1,NORMAL,2,TIER_2_ROC_CUSUM,True
20260924,AWS-CHN-103,CHN,2025-03-06 04:00:00+00:00,drift,23.3,1005.821641914018,99.0,1.0,3,TIER_3_STATIC_MAHALANOBIS,-1,NORMAL,-1,NORMAL,False
20260924,AWS-MUM-103,MUM,2025-03-06 05:00:00+00:00,unstructured_anomaly,29.309657095454256,1001.2922010585413,15.0,1.0,3,TIER_3_STATIC_MAHALANOBIS,-1,NORMAL,-1,NORMAL,False
20260924,AWS-CHN-103,CHN,2025-03-06 05:00:00+00:00,drift,23.3,1006.6520523925225,97.0,1.0,3,TIER_3_STATIC_MAHALANOBIS,-1,NORMAL,2,TIER_2_ROC_CUSUM,True
20260924,AWS-DEL-102,DEL,2025-03-06 07:00:00+00:00,drift,11.9,987.8886877518931,57.0,1.0,3,TIER_3_STATIC_MAHALANOBIS,-1,NORMAL,-1,NORMAL,False
20260924,AWS-BHO-103,BHO,2025-03-06 08:00:00+00:00,drift,18.2,965.6,43.9203209720717,1.0,3,TIER_3_STATIC_MAHALANOBIS,-1,NORMAL,-1,NORMAL,False
20260924,AWS-BHO-101,BHO,2025-03-06 08:00:00+00:00,drift,19.0,959.6,34.92227491310967,1.0,3,TIER_3_STATIC_MAHALANOBIS,-1,NORMAL,-1,NORMAL,False
20260924,AWS-BHO-030,BHO,2025-03-06 12:00:00+00:00,unstructured_anomaly,21.1800735630657,966.6582523200711,30.31283296501202,1.0,3,TIER_3_STATIC_MAHALANOBIS,-1,NORMAL,-1,NORMAL,False
20260924,AWS-RAN-103,RAN,2025-03-06 17:00:00+00:00,unstructured_anomaly,20.915550819121997,981.8896876132728,35.22085268771744,1.0,3,TIER_3_STATIC_MAHALANOBIS,-1,NORMAL,-1,NORMAL,False
20260924,AWS-VAR-102,VAR,2025-03-06 17:00:00+00:00,drift,22.9,1008.9210376787277,36.0,1.0,3,TIER_3_STATIC_MAHALANOBIS,-1,NORMAL,-1,NORMAL,False
20260924,AWS-MUM-101,MUM,2025-03-06 18:00:00+00:00,unstructured_anomaly,25.887241288351497,1015.4532431167582,15.0,1.0,3,TIER_3_STATIC_MAHALANOBIS,-1,NORMAL,-1,NORMAL,False
20260924,AWS-KOL-015,KOL,2025-03-06 18:00:00+00:00,drift,25.6,1018.0689275578411,31.0,26.0,3,TIER_3_STATIC_MAHALANOBIS,-1,NORMAL,-1,NORMAL,False
20260924,AWS-VAR-103,VAR,2025-03-06 18:00:00+00:00,drift,21.5,1008.8730590486117,35.0,1.0,3,TIER_3_STATIC_MAHALANOBIS,-1,NORMAL,-1,NORMAL,False
20260924,AWS-RAN-067,RAN,2025-03-06 18:00:00+00:00,drift,20.8,946.6665440225794,27.0,1.0,3,TIER_3_STATIC_MAHALANOBIS,-1,NORMAL,-1,NORMAL,False
20260924,AWS-MUM-102,MUM,2025-03-06 19:00:00+00:00,drift,30.9,1014.3494943220587,24.0,1.0,3,TIER_3_STATIC_MAHALANOBIS,-1,NORMAL,-1,NORMAL,False
20260924,AWS-CHN-024,CHN,2025-03-06 20:00:00+00:00,unstructured_anomaly,22.981310759946645,1016.0543304235246,76.230279692326,1.0,3,TIER_3_STATIC_MAHALANOBIS,-1,NORMAL,1,TIER_1_SPIKE,True
20260924,AWS-DEL-011,DEL,2025-03-06 20:00:00+00:00,unstructured_anomaly,16.081310759946646,994.6543304235246,61.23027969232599,1.0,3,TIER_3_STATIC_MAHALANOBIS,-1,NORMAL,-1,NORMAL,False
20260924,AWS-RAN-101,RAN,2025-03-06 20:00:00+00:00,drift,19.0,948.175819218962,32.0,1.0,3,TIER_3_STATIC_MAHALANOBIS,-1,NORMAL,-1,NORMAL,False
20260924,AWS-MUM-007,MUM,2025-03-06 20:00:00+00:00,drift,28.4,1016.5454708364458,32.0,1.0,3,TIER_3_STATIC_MAHALANOBIS,-1,NORMAL,-1,NORMAL,False
20260924,AWS-BHO-102,BHO,2025-03-06 20:00:00+00:00,drift,21.5,964.6,11.491293916544803,1.0,3,TIER_3_STATIC_MAHALANOBIS,-1,NORMAL,-1,NORMAL,False
20260924,AWS-CHN-101,CHN,2025-03-06 20:00:00+00:00,unstructured_anomaly,20.981310759946645,1015.2543304235246,88.230279692326,1.0,3,TIER_3_STATIC_MAHALANOBIS,-1,NORMAL,-1,NORMAL,False
20260924,AWS-MUM-007,MUM,2025-03-06 21:00:00+00:00,drift,27.9,1017.2477443782681,30.0,1.0,3,TIER_3_STATIC_MAHALANOBIS,-1,NORMAL,-1,NORMAL,False
20260924,AWS-RAN-101,RAN,2025-03-06 21:00:00+00:00,drift,19.1,948.7596101799102,32.0,1.0,3,TIER_3_STATIC_MAHALANOBIS,-1,NORMAL,-1,NORMAL,False
20260924,AWS-BHO-102,BHO,2025-03-06 21:00:00+00:00,drift,20.9,964.6,11.806720127738656,1.0,3,TIER_3_STATIC_MAHALANOBIS,-1,NORMAL,-1,NORMAL,False
20260924,AWS-MUM-007,MUM,2025-03-06 22:00:00+00:00,drift,27.5,1017.5500179200903,25.0,1.0,3,TIER_3_STATIC_MAHALANOBIS,-1,NORMAL,-1,NORMAL,False
20260924,AWS-DEL-101,DEL,2025-03-06 22:00:00+00:00,drift,17.9,997.1448490085439,46.0,1.0,3,TIER_3_STATIC_MAHALANOBIS,-1,NORMAL,1,TIER_1_SPIKE,True
20260924,AWS-MUM-007,MUM,2025-03-06 23:00:00+00:00,drift,27.0,1017.3522914619126,23.0,1.0,3,TIER_3_STATIC_MAHALANOBIS,-1,NORMAL,-1,NORMAL,False
20260924,AWS-CHN-103,CHN,2025-03-06 23:00:00+00:00,drift,23.5,1012.4994410056033,89.0,3.0,1,TIER_1_SPIKE,-1,NORMAL,-1,NORMAL,False
20260924,AWS-MUM-007,MUM,2025-03-07 00:00:00+00:00,drift,26.9,1016.8545650037349,24.0,1.0,3,TIER_3_STATIC_MAHALANOBIS,-1,NORMAL,-1,NORMAL,False
20260924,AWS-DEL-103,DEL,2025-03-07 00:00:00+00:00,drift,14.4,995.8218608735654,67.0,1.0,3,TIER_3_STATIC_MAHALANOBIS,-1,NORMAL,1,TIER_1_SPIKE,True
20260924,AWS-CHN-103,CHN,2025-03-07 00:00:00+00:00,drift,23.0,1012.6298514841079,93.0,4.0,1,TIER_1_SPIKE,-1,NORMAL,-1,NORMAL,False
20260924,AWS-MUM-007,MUM,2025-03-07 01:00:00+00:00,drift,26.7,1016.8568385455573,23.0,1.0,3,TIER_3_STATIC_MAHALANOBIS,-1,NORMAL,-1,NORMAL,False
20260924,AWS-CHN-103,CHN,2025-03-07 01:00:00+00:00,drift,22.5,1012.6602619626124,95.0,5.0,1,TIER_1_SPIKE,-1,NORMAL,2,TIER_2_ROC_CUSUM,True
20260924,AWS-MUM-007,MUM,2025-03-07 02:00:00+00:00,drift,26.1,1016.5591120873796,23.0,1.0,3,TIER_3_STATIC_MAHALANOBIS,-1,NORMAL,2,TIER_2_ROC_CUSUM,True
20260924,AWS-CHN-103,CHN,2025-03-07 02:00:00+00:00,drift,22.0,1012.6906724411168,96.0,6.0,1,TIER_1_SPIKE,-1,NORMAL,1,TIER_1_SPIKE,True
20260924,AWS-CHN-024,CHN,2025-03-07 09:00:00+00:00,unstructured_anomaly,23.0705201978375,1019.603829208207,70.06614649301468,1.0,3,TIER_3_STATIC_MAHALANOBIS,-1,NORMAL,1,TIER_1_SPIKE,True
20260924,AWS-VAR-052,VAR,2025-03-07 09:00:00+00:00,drift,23.0,1001.7858498587879,40.0,1.0,3,TIER_3_STATIC_MAHALANOBIS,-1,NORMAL,-1,NORMAL,False
20260924,AWS-DEL-011,DEL,2025-03-07 10:00:00+00:00,unstructured_anomaly,17.107976528703553,995.9556242898169,50.36490918657663,1.0,3,TIER_3_STATIC_MAHALANOBIS,-1,NORMAL,-1,NORMAL,False
20260924,AWS-DEL-101,DEL,2025-03-07 10:00:00+00:00,unstructured_anomaly,17.556702378621655,997.9318183227932,51.12200140611532,1.0,3,TIER_3_STATIC_MAHALANOBIS,-1,NORMAL,-1,NORMAL,False
20260924,AWS-RAN-102,RAN,2025-03-07 10:00:00+00:00,unstructured_anomaly,19.256702378621657,981.8318183227932,45.12200140611532,1.0,3,TIER_3_STATIC_MAHALANOBIS,-1,NORMAL,-1,NORMAL,False
20260924,AWS-RAN-101,RAN,2025-03-07 10:00:00+00:00,unstructured_anomaly,19.156702378621656,950.6318183227933,38.12200140611532,1.0,3,TIER_3_STATIC_MAHALANOBIS,-1,NORMAL,-1,NORMAL,False
20260924,AWS-KOL-103,KOL,2025-03-07 10:00:00+00:00,unstructured_anomaly,22.256702378621657,1019.5318183227932,46.12200140611532,36.0,1,TIER_1_SPIKE,-1,NORMAL,1,TIER_1_SPIKE,True
20260924,AWS-VAR-101,VAR,2025-03-07 10:00:00+00:00,unstructured_anomaly,19.107976528703553,1011.255624289817,51.36490918657663,1.0,3,TIER_3_STATIC_MAHALANOBIS,-1,NORMAL,-1,NORMAL,False
20260924,AWS-MUM-007,MUM,2025-03-07 10:00:00+00:00,unstructured_anomaly,26.056702378621655,1020.4318183227932,33.12200140611532,1.0,3,TIER_3_STATIC_MAHALANOBIS,-1,NORMAL,-1,NORMAL,False
20260924,AWS-RAN-067,RAN,2025-03-07 12:00:00+00:00,unstructured_anomaly,21.74685920774247,947.7665811748628,32.14829708626041,1.0,3,TIER_3_STATIC_MAHALANOBIS,-1,NORMAL,-1,NORMAL,False
20260924,AWS-VAR-052,VAR,2025-03-07 20:00:00+00:00,drift,23.7,995.5957301122407,38.0,1.0,3,TIER_3_STATIC_MAHALANOBIS,-1,NORMAL,-1,NORMAL,False
20260924,AWS-CHN-102,CHN,2025-03-07 20:00:00+00:00,drift,26.4,1007.8,77.865815342106,11.0,1,TIER_1_SPIKE,-1,NORMAL,1,TIER_1_SPIKE,True
20260924,AWS-CHN-102,CHN,2025-03-07 21:00:00+00:00,drift,26.3,1008.4,74.4389784105272,12.0,1,TIER_1_SPIKE,-1,NORMAL,1,TIER_1_SPIKE,True
20260924,AWS-CHN-102,CHN,2025-03-07 22:00:00+00:00,drift,26.0,1008.3,76.0121414789484,13.0,1,TIER_1_SPIKE,-1,NORMAL,1,TIER_1_SPIKE,True
20260924,AWS-MUM-103,MUM,2025-03-07 22:00:00+00:00,frozen_value,28.5,1008.8,26.0,1.0,3,TIER_3_STATIC_MAHALANOBIS,-1,NORMAL,-1,NORMAL,False
20260924,AWS-CHN-102,CHN,2025-03-07 23:00:00+00:00,drift,25.4,1008.3638209042733,80.5853045473696,14.0,1,TIER_1_SPIKE,-1,NORMAL,1,TIER_1_SPIKE,True
20260924,AWS-MUM-101,MUM,2025-03-08 00:00:00+00:00,frozen_value,26.1,1009.0385749461849,32.0,1.0,3,TIER_3_STATIC_MAHALANOBIS,-1,NORMAL,-1,NORMAL,False
20260924,AWS-CHN-101,CHN,2025-03-08 01:00:00+00:00,drift,22.9,1008.4860586794103,91.7316345215477,1.0,3,TIER_3_STATIC_MAHALANOBIS,-1,NORMAL,-1,NORMAL,False
20260924,AWS-BHO-103,BHO,2025-03-08 02:00:00+00:00,frozen_value,18.9,960.1200883719894,38.0,1.0,3,TIER_3_STATIC_MAHALANOBIS,-1,NORMAL,-1,NORMAL,False
20260924,AWS-BHO-101,BHO,2025-03-08 02:00:00+00:00,frozen_value,19.4,954.4200883719893,29.0,1.0,3,TIER_3_STATIC_MAHALANOBIS,-1,NORMAL,-1,NORMAL,False
20260924,AWS-CHN-101,CHN,2025-03-08 02:00:00+00:00,drift,22.7,1008.5200883719893,92.30479797370248,1.0,3,TIER_3_STATIC_MAHALANOBIS,-1,NORMAL,2,TIER_2_ROC_CUSUM,True
20260924,AWS-CHN-101,CHN,2025-03-08 03:00:00+00:00,drift,22.6,1008.5037916362115,92.87796142585725,1.0,3,TIER_3_STATIC_MAHALANOBIS,-1,NORMAL,2,TIER_2_ROC_CUSUM,True
20260924,AWS-CHN-101,CHN,2025-03-08 04:00:00+00:00,drift,22.7,1008.4947500392238,92.45112487801201,1.0,3,TIER_3_STATIC_MAHALANOBIS,-1,NORMAL,2,TIER_2_ROC_CUSUM,True
20260924,AWS-CHN-101,CHN,2025-03-08 05:00:00+00:00,drift,23.2,1006.8,90.02428833016678,1.0,3,TIER_3_STATIC_MAHALANOBIS,-1,NORMAL,-1,NORMAL,False
20260924,AWS-CHN-101,CHN,2025-03-08 06:00:00+00:00,drift,23.1,1007.3,91.59745178232156,1.0,3,TIER_3_STATIC_MAHALANOBIS,-1,NORMAL,2,TIER_2_ROC_CUSUM,True
20260924,AWS-CHN-102,CHN,2025-03-08 07:00:00+00:00,drift,24.7,1008.2,82.17060909473919,22.0,1,TIER_1_SPIKE,-1,NORMAL,1,TIER_1_SPIKE,True
20260924,AWS-KOL-101,KOL,2025-03-08 08:00:00+00:00,drift,25.1,1010.4,65.74287396581337,25.0,3,TIER_3_STATIC_MAHALANOBIS,-1,NORMAL,-1,NORMAL,False
20260924,AWS-VAR-052,VAR,2025-03-08 09:00:00+00:00,drift,22.294362349582286,992.0261883601844,37.0,1.0,3,TIER_3_STATIC_MAHALANOBIS,-1,NORMAL,-1,NORMAL,False
20260924,AWS-KOL-103,KOL,2025-03-08 09:00:00+00:00,unstructured_anomaly,21.29505454710263,1016.55127386205,43.06846106690357,16.0,1,TIER_1_SPIKE,-1,NORMAL,1,TIER_1_SPIKE,True
20260924,AWS-KOL-101,KOL,2025-03-08 18:00:00+00:00,drift,26.2,1007.8,54.47397629864476,35.0,1,TIER_1_SPIKE,-1,NORMAL,-1,NORMAL,False
20260924,AWS-CHN-101,CHN,2025-03-08 22:00:00+00:00,drift,24.4,1007.8,76.76806701679789,1.0,3,TIER_3_STATIC_MAHALANOBIS,-1,NORMAL,-1,NORMAL,False
20260924,AWS-CHN-102,CHN,2025-03-08 22:00:00+00:00,drift,25.9,1007.6,69.76805512105719,37.0,1,TIER_1_SPIKE,-1,NORMAL,-1,NORMAL,False
20260924,AWS-VAR-101,VAR,2025-03-08 22:00:00+00:00,drift,21.1,1001.2,27.784197033460842,1.0,3,TIER_3_STATIC_MAHALANOBIS,-1,NORMAL,-1,NORMAL,False
20260924,AWS-CHN-102,CHN,2025-03-08 23:00:00+00:00,drift,25.4,1007.6,72.34121818947838,38.0,3,TIER_3_STATIC_MAHALANOBIS,-1,NORMAL,-1,NORMAL,False
20260924,AWS-CHN-101,CHN,2025-03-08 23:00:00+00:00,drift,24.0,1007.7,78.34123046895265,1.0,3,TIER_3_STATIC_MAHALANOBIS,-1,NORMAL,-1,NORMAL,False
20260924,AWS-CHN-101,CHN,2025-03-09 00:00:00+00:00,drift,23.4,1007.2,79.91439392110742,1.0,3,TIER_3_STATIC_MAHALANOBIS,-1,NORMAL,-1,NORMAL,False
20260924,AWS-BHO-102,BHO,2025-03-09 03:00:00+00:00,unstructured_anomaly,22.85764853337956,952.4304396067199,34.24721389992508,1.0,3,TIER_3_STATIC_MAHALANOBIS,-1,NORMAL,-1,NORMAL,False
20260924,AWS-MUM-102,MUM,2025-03-09 08:00:00+00:00,unstructured_anomaly,32.39444344376387,1001.2458815619922,21.16831554365109,1.0,3,TIER_3_STATIC_MAHALANOBIS,-1,NORMAL,-1,NORMAL,False
20260924,AWS-KOL-103,KOL,2025-03-09 09:00:00+00:00,unstructured_anomaly,22.385914867389264,1021.403763658849,45.461778231828085,15.0,1,TIER_1_SPIKE,-1,NORMAL,-1,NORMAL,False
20260924,AWS-KOL-101,KOL,2025-03-09 18:00:00+00:00,frozen_value,27.4,1010.4,53.0,21.0,1,TIER_1_SPIKE,-1,NORMAL,-1,NORMAL,False
20260924,AWS-RAN-103,RAN,2025-03-09 19:00:00+00:00,frozen_value,25.1,975.8,37.0,1.0,3,TIER_3_STATIC_MAHALANOBIS,-1,NORMAL,-1,NORMAL,False
20260924,AWS-MUM-103,MUM,2025-03-09 21:00:00+00:00,frozen_value,30.0,1004.0,34.0,1.0,3,TIER_3_STATIC_MAHALANOBIS,-1,NORMAL,-1,NORMAL,False
20260924,AWS-CHN-024,CHN,2025-03-10 00:00:00+00:00,frozen_value,27.0,1011.1,71.0,9.0,1,TIER_1_SPIKE,-1,NORMAL,-1,NORMAL,False
20260924,AWS-CHN-102,CHN,2025-03-10 00:00:00+00:00,frozen_value,26.5,1010.0,73.0,63.0,1,TIER_1_SPIKE,-1,NORMAL,-1,NORMAL,False
20260924,AWS-BHO-103,BHO,2025-03-10 00:00:00+00:00,drift,20.2,963.2,44.28812148548326,1.0,3,TIER_3_STATIC_MAHALANOBIS,-1,NORMAL,-1,NORMAL,False
20260924,AWS-BHO-103,BHO,2025-03-10 01:00:00+00:00,drift,19.9,962.8,46.6772432979772,1.0,3,TIER_3_STATIC_MAHALANOBIS,-1,NORMAL,-1,NORMAL,False
20260924,AWS-CHN-024,CHN,2025-03-10 01:00:00+00:00,drift,26.6,1010.6,71.0,10.0,1,TIER_1_SPIKE,-1,NORMAL,2,TIER_2_ROC_CUSUM,True
20260924,AWS-CHN-101,CHN,2025-03-10 01:00:00+00:00,drift,25.4,1009.5,74.0,1.0,3,TIER_3_STATIC_MAHALANOBIS,-1,NORMAL,-1,NORMAL,False
20260924,AWS-CHN-103,CHN,2025-03-10 02:00:00+00:00,drift,24.2,1005.7,85.0,64.0,1,TIER_1_SPIKE,-1,NORMAL,2,TIER_2_ROC_CUSUM,True
20260924,AWS-CHN-101,CHN,2025-03-10 02:00:00+00:00,drift,24.8,1008.6151729047698,74.0,1.0,3,TIER_3_STATIC_MAHALANOBIS,-1,NORMAL,2,TIER_2_ROC_CUSUM,True
20260924,AWS-DEL-103,DEL,2025-03-10 02:00:00+00:00,drift,18.2,988.7,70.0,1.0,3,TIER_3_STATIC_MAHALANOBIS,-1,NORMAL,1,TIER_1_SPIKE,True
20260924,AWS-CHN-024,CHN,2025-03-10 02:00:00+00:00,drift,26.4,1009.6160630964066,71.0,11.0,1,TIER_1_SPIKE,-1,NORMAL,2,TIER_2_ROC_CUSUM,True
20260924,AWS-DEL-011,DEL,2025-03-10 02:00:00+00:00,drift,20.4,988.6703051580337,53.0,1.0,3,TIER_3_STATIC_MAHALANOBIS,-1,NORMAL,-1,NORMAL,False
20260924,AWS-BHO-103,BHO,2025-03-10 02:00:00+00:00,drift,19.7,962.2064449124398,49.13107143135447,1.0,3,TIER_3_STATIC_MAHALANOBIS,-1,NORMAL,2,TIER_2_ROC_CUSUM,True
20260924,AWS-CHN-101,CHN,2025-03-10 03:00:00+00:00,drift,24.4,1007.9303458095396,74.0,1.0,3,TIER_3_STATIC_MAHALANOBIS,-1,NORMAL,1,TIER_1_SPIKE,True
20260924,AWS-DEL-011,DEL,2025-03-10 03:00:00+00:00,drift,19.9,988.0406103160674,53.0,1.0,3,TIER_3_STATIC_MAHALANOBIS,-1,NORMAL,-1,NORMAL,False
20260924,AWS-BHO-103,BHO,2025-03-10 03:00:00+00:00,drift,19.3,961.5128898248797,52.648295087344145,1.0,3,TIER_3_STATIC_MAHALANOBIS,-1,NORMAL,2,TIER_2_ROC_CUSUM,True
20260924,AWS-CHN-103,CHN,2025-03-10 03:00:00+00:00,drift,23.8,1005.8598678513509,87.0,65.0,1,TIER_1_SPIKE,-1,NORMAL,1,TIER_1_SPIKE,True
20260924,AWS-CHN-024,CHN,2025-03-10 03:00:00+00:00,drift,26.2,1008.9321261928131,71.0,12.0,1,TIER_1_SPIKE,-1,NORMAL,2,TIER_2_ROC_CUSUM,True
20260924,AWS-DEL-103,DEL,2025-03-10 03:00:00+00:00,drift,17.8,989.0399665478348,71.0,1.0,3,TIER_3_STATIC_MAHALANOBIS,-1,NORMAL,1,TIER_1_SPIKE,True
20260924,AWS-CHN-101,CHN,2025-03-10 04:00:00+00:00,drift,23.9,1007.8455187143094,74.0,1.0,3,TIER_3_STATIC_MAHALANOBIS,-1,NORMAL,1,TIER_1_SPIKE,True
20260924,AWS-BHO-101,BHO,2025-03-10 04:00:00+00:00,drift,21.6,955.2525537402328,46.223639394482454,1.0,3,TIER_3_STATIC_MAHALANOBIS,-1,NORMAL,1,TIER_1_SPIKE,True
20260924,AWS-DEL-011,DEL,2025-03-10 04:00:00+00:00,drift,19.4,987.910915474101,53.0,1.0,3,TIER_3_STATIC_MAHALANOBIS,-1,NORMAL,2,TIER_2_ROC_CUSUM,True
20260924,AWS-CHN-024,CHN,2025-03-10 04:00:00+00:00,drift,26.2,1008.8481892892198,71.0,13.0,1,TIER_1_SPIKE,-1,NORMAL,-1,NORMAL,False
20260924,AWS-BHO-103,BHO,2025-03-10 04:00:00+00:00,drift,19.0,961.4193347373194,55.22770728637966,1.0,3,TIER_3_STATIC_MAHALANOBIS,-1,NORMAL,1,TIER_1_SPIKE,True
20260924,AWS-DEL-103,DEL,2025-03-10 04:00:00+00:00,drift,17.4,989.6799330956696,71.0,1.0,3,TIER_3_STATIC_MAHALANOBIS,-1,NORMAL,1,TIER_1_SPIKE,True
20260924,AWS-CHN-103,CHN,2025-03-10 04:00:00+00:00,drift,23.8,1006.519735702702,85.0,66.0,1,TIER_1_SPIKE,-1,NORMAL,-1,NORMAL,False
20260924,AWS-BHO-103,BHO,2025-03-10 05:00:00+00:00,drift,18.4,961.6257796497594,58.86819121144261,1.0,3,TIER_3_STATIC_MAHALANOBIS,-1,NORMAL,1,TIER_1_SPIKE,True
20260924,AWS-DEL-011,DEL,2025-03-10 05:00:00+00:00,drift,19.0,988.1812206321347,53.0,1.0,3,TIER_3_STATIC_MAHALANOBIS,-1,NORMAL,1,TIER_1_SPIKE,True
20260924,AWS-BHO-101,BHO,2025-03-10 05:00:00+00:00,drift,21.0,955.4700716536436,49.86389732555111,1.0,3,TIER_3_STATIC_MAHALANOBIS,-1,NORMAL,-1,NORMAL,False
20260924,AWS-CHN-101,CHN,2025-03-10 05:00:00+00:00,drift,23.7,1008.0606916190792,74.0,1.0,3,TIER_3_STATIC_MAHALANOBIS,-1,NORMAL,1,TIER_1_SPIKE,True
20260924,AWS-DEL-103,DEL,2025-03-10 05:00:00+00:00,drift,16.9,990.9198996435043,71.0,1.0,3,TIER_3_STATIC_MAHALANOBIS,-1,NORMAL,1,TIER_1_SPIKE,True
20260924,AWS-BHO-103,BHO,2025-03-10 06:00:00+00:00,drift,18.9,962.7322245621992,61.56870898696133,1.0,3,TIER_3_STATIC_MAHALANOBIS,-1,NORMAL,1,TIER_1_SPIKE,True
20260924,AWS-BHO-101,BHO,2025-03-10 06:00:00+00:00,drift,21.1,956.6875895670545,53.56418910707555,1.0,3,TIER_3_STATIC_MAHALANOBIS,-1,NORMAL,2,TIER_2_ROC_CUSUM,True
20260924,AWS-DEL-103,DEL,2025-03-10 06:00:00+00:00,drift,17.1,992.9598661913392,74.0,1.0,3,TIER_3_STATIC_MAHALANOBIS,-1,NORMAL,1,TIER_1_SPIKE,True
20260924,AWS-CHN-024,CHN,2025-03-10 07:00:00+00:00,drift,26.9,1010.7963785784395,72.0,16.0,1,TIER_1_SPIKE,-1,NORMAL,-1,NORMAL,False
20260924,AWS-DEL-101,DEL,2025-03-10 07:00:00+00:00,drift,18.1,996.0979603337407,73.0,1.0,3,TIER_3_STATIC_MAHALANOBIS,-1,NORMAL,-1,NORMAL,False
20260924,AWS-RAN-102,RAN,2025-03-10 07:00:00+00:00,drift,20.4,980.3186481481051,61.0,1.0,3,TIER_3_STATIC_MAHALANOBIS,-1,NORMAL,-1,NORMAL,False
20260924,AWS-VAR-101,VAR,2025-03-10 08:00:00+00:00,drift,22.3,1005.5129176253926,52.0,1.0,3,TIER_3_STATIC_MAHALANOBIS,-1,NORMAL,-1,NORMAL,False
20260924,AWS-KOL-101,KOL,2025-03-10 18:00:00+00:00,drift,27.7,1005.1417412475793,50.0,10.0,1,TIER_1_SPIKE,-1,NORMAL,-1,NORMAL,False
20260924,AWS-CHN-024,CHN,2025-03-10 18:00:00+00:00,drift,28.2,1005.1730726389121,64.0,10.0,3,TIER_3_STATIC_MAHALANOBIS,-1,NORMAL,-1,NORMAL,False
20260924,AWS-VAR-052,VAR,2025-03-10 20:00:00+00:00,drift,25.3,1004.3405992809572,42.23901110503064,1.0,3,TIER_3_STATIC_MAHALANOBIS,-1,NORMAL,-1,NORMAL,False
20260924,AWS-BHO-102,BHO,2025-03-10 21:00:00+00:00,drift,25.0,960.8613208874897,28.0,1.0,3,TIER_3_STATIC_MAHALANOBIS,-1,NORMAL,-1,NORMAL,False
20260924,AWS-RAN-102,RAN,2025-03-10 22:00:00+00:00,drift,21.5,987.2745925924207,66.0,1.0,3,TIER_3_STATIC_MAHALANOBIS,-1,NORMAL,-1,NORMAL,False
20260924,AWS-DEL-103,DEL,2025-03-11 00:00:00+00:00,drift,18.8,1000.9792640523655,72.0,1.0,3,TIER_3_STATIC_MAHALANOBIS,-1,NORMAL,1,TIER_1_SPIKE,True
20260924,AWS-KOL-103,KOL,2025-03-11 00:00:00+00:00,drift,24.5,1027.1443549397152,59.0,30.0,1,TIER_1_SPIKE,-1,NORMAL,-1,NORMAL,False
20260924,AWS-BHO-030,BHO,2025-03-11 00:00:00+00:00,drift,23.2,958.1447488582164,35.88789890558654,1.0,3,TIER_3_STATIC_MAHALANOBIS,-1,NORMAL,-1,NORMAL,False
20260924,AWS-KOL-103,KOL,2025-03-11 01:00:00+00:00,drift,23.9,1027.4327347097023,62.0,31.0,1,TIER_1_SPIKE,-1,NORMAL,2,TIER_2_ROC_CUSUM,True
20260924,AWS-DEL-101,DEL,2025-03-11 01:00:00+00:00,drift,18.6,1003.0106175352076,78.0,1.0,3,TIER_3_STATIC_MAHALANOBIS,-1,NORMAL,-1,NORMAL,False
20260924,AWS-DEL-102,DEL,2025-03-11 02:00:00+00:00,unstructured_anomaly,12.571798641453558,994.52013435249,80.40905906136629,1.0,3,TIER_3_STATIC_MAHALANOBIS,-1,NORMAL,-1,NORMAL,False
20260924,AWS-DEL-011,DEL,2025-03-11 03:00:00+00:00,drift,20.6,979.6279341088757,64.0,1.0,3,TIER_3_STATIC_MAHALANOBIS,-1,NORMAL,1,TIER_1_SPIKE,True
20260924,AWS-KOL-102,KOL,2025-03-11 06:00:00+00:00,unstructured_anomaly,31.158217906715308,1006.388576308279,58.272943512454134,90.0,1,TIER_1_SPIKE,-1,NORMAL,-1,NORMAL,False
20260924,AWS-VAR-102,VAR,2025-03-11 06:00:00+00:00,unstructured_anomaly,23.358217906715307,998.388576308279,64.27294351245413,7.0,1,TIER_1_SPIKE,-1,NORMAL,-1,NORMAL,False
20260924,AWS-MUM-102,MUM,2025-03-11 06:00:00+00:00,unstructured_anomaly,31.958217906715305,1002.288576308279,33.272943512454134,1.0,3,TIER_3_STATIC_MAHALANOBIS,-1,NORMAL,-1,NORMAL,False
20260924,AWS-RAN-101,RAN,2025-03-11 08:00:00+00:00,unstructured_anomaly,19.514551314710907,954.301101431128,28.966178085199417,1.0,3,TIER_3_STATIC_MAHALANOBIS,-1,NORMAL,-1,NORMAL,False
20260924,AWS-BHO-030,BHO,2025-03-11 08:00:00+00:00,drift,24.0,960.9,44.18835479768544,1.0,3,TIER_3_STATIC_MAHALANOBIS,-1,NORMAL,-1,NORMAL,False
20260924,AWS-MUM-103,MUM,2025-03-11 09:00:00+00:00,drift,32.03249024020694,1012.2,30.0,1.0,3,TIER_3_STATIC_MAHALANOBIS,-1,NORMAL,-1,NORMAL,False
20260924,AWS-MUM-103,MUM,2025-03-11 18:00:00+00:00,drift,32.72262368631133,1007.4,35.0,1.0,3,TIER_3_STATIC_MAHALANOBIS,-1,NORMAL,-1,NORMAL,False
20260924,AWS-VAR-052,VAR,2025-03-11 21:00:00+00:00,drift,26.6,1002.0,54.564103646952645,1.0,3,TIER_3_STATIC_MAHALANOBIS,-1,NORMAL,-1,NORMAL,False
20260924,AWS-RAN-103,RAN,2025-03-11 22:00:00+00:00,drift,21.564828887569792,976.8,36.0,1.0,3,TIER_3_STATIC_MAHALANOBIS,-1,NORMAL,-1,NORMAL,False
20260924,AWS-BHO-030,BHO,2025-03-11 23:00:00+00:00,drift,25.3,956.4,52.37670959537088,1.0,3,TIER_3_STATIC_MAHALANOBIS,-1,NORMAL,-1,NORMAL,False
20260924,AWS-BHO-101,BHO,2025-03-12 02:00:00+00:00,drift,23.3,954.3,32.85455805523808,1.0,3,TIER_3_STATIC_MAHALANOBIS,-1,NORMAL,-1,NORMAL,False
20260924,AWS-BHO-103,BHO,2025-03-12 02:00:00+00:00,drift,20.4,959.8,43.854109336359954,1.0,3,TIER_3_STATIC_MAHALANOBIS,-1,NORMAL,1,TIER_1_SPIKE,True
20260924,AWS-BHO-103,BHO,2025-03-12 03:00:00+00:00,drift,20.2,959.5,43.70706052549099,1.0,3,TIER_3_STATIC_MAHALANOBIS,-1,NORMAL,1,TIER_1_SPIKE,True
20260924,AWS-BHO-103,BHO,2025-03-12 06:00:00+00:00,drift,19.9,960.2,44.033065561678626,1.0,3,TIER_3_STATIC_MAHALANOBIS,-1,NORMAL,1,TIER_1_SPIKE,True
20260924,AWS-BHO-101,BHO,2025-03-12 07:00:00+00:00,drift,23.5,955.5,36.74012396955405,1.0,3,TIER_3_STATIC_MAHALANOBIS,-1,NORMAL,-1,NORMAL,False
20260924,AWS-RAN-103,RAN,2025-03-12 08:00:00+00:00,drift,21.877939255167757,977.2,34.0,1.0,3,TIER_3_STATIC_MAHALANOBIS,-1,NORMAL,-1,NORMAL,False
20260924,AWS-VAR-101,VAR,2025-03-12 20:00:00+00:00,unstructured_anomaly,22.380903566668138,1005.7459757190901,49.813872206159886,1.0,3,TIER_3_STATIC_MAHALANOBIS,-1,NORMAL,-1,NORMAL,False
20260924,AWS-DEL-011,DEL,2025-03-12 20:00:00+00:00,unstructured_anomaly,20.780903566668137,992.1459757190901,63.813872206159886,1.0,3,TIER_3_STATIC_MAHALANOBIS,-1,NORMAL,-1,NORMAL,False
20260924,AWS-BHO-102,BHO,2025-03-12 23:00:00+00:00,drift,22.9,960.9,18.159519425823188,1.0,3,TIER_3_STATIC_MAHALANOBIS,-1,NORMAL,-1,NORMAL,False
20260924,AWS-BHO-102,BHO,2025-03-13 00:00:00+00:00,drift,22.3,960.9,20.408507921015158,1.0,3,TIER_3_STATIC_MAHALANOBIS,-1,NORMAL,-1,NORMAL,False
20260924,AWS-BHO-102,BHO,2025-03-13 01:00:00+00:00,drift,22.3,960.2,18.634329795426943,1.0,3,TIER_3_STATIC_MAHALANOBIS,-1,NORMAL,-1,NORMAL,False
20260924,AWS-RAN-067,RAN,2025-03-13 01:00:00+00:00,frozen_value,22.0,936.7,31.0,1.0,3,TIER_3_STATIC_MAHALANOBIS,-1,NORMAL,-1,NORMAL,False
20260924,AWS-CHN-103,CHN,2025-03-13 01:00:00+00:00,frozen_value,23.8,1004.6,96.0,48.0,3,TIER_3_STATIC_MAHALANOBIS,-1,NORMAL,2,TIER_2_ROC_CUSUM,True
20260924,AWS-BHO-103,BHO,2025-03-13 06:00:00+00:00,frozen_value,20.1,959.1,37.0,1.0,3,TIER_3_STATIC_MAHALANOBIS,-1,NORMAL,-1,NORMAL,False
20260924,AWS-CHN-103,CHN,2025-03-13 06:00:00+00:00,frozen_value,24.4,1004.5430902228602,99.0,53.0,3,TIER_3_STATIC_MAHALANOBIS,-1,NORMAL,-1,NORMAL,False
20260924,AWS-BHO-101,BHO,2025-03-13 06:00:00+00:00,frozen_value,22.6,953.8,30.0,1.0,3,TIER_3_STATIC_MAHALANOBIS,-1,NORMAL,-1,NORMAL,False
20260924,AWS-BHO-030,BHO,2025-03-13 06:00:00+00:00,frozen_value,23.6,953.5430902228602,30.0,1.0,3,TIER_3_STATIC_MAHALANOBIS,-1,NORMAL,-1,NORMAL,False
20260924,AWS-VAR-103,VAR,2025-03-13 08:00:00+00:00,frozen_value,25.6,996.037391753142,56.0,71.0,3,TIER_3_STATIC_MAHALANOBIS,-1,NORMAL,-1,NORMAL,False
20260924,AWS-VAR-052,VAR,2025-03-13 08:00:00+00:00,frozen_value,26.6,996.9373917531419,48.0,1.0,3,TIER_3_STATIC_MAHALANOBIS,-1,NORMAL,-1,NORMAL,False
20260924,AWS-MUM-103,MUM,2025-03-13 09:00:00+00:00,frozen_value,31.3,1008.2,42.0,7.0,1,TIER_1_SPIKE,-1,NORMAL,-1,NORMAL,False
20260924,AWS-VAR-101,VAR,2025-03-13 22:00:00+00:00,unstructured_anomaly,20.939585475853782,1005.6283450077225,59.97318730687395,1.0,3,TIER_3_STATIC_MAHALANOBIS,-1,NORMAL,-1,NORMAL,False
20260924,AWS-VAR-102,VAR,2025-03-13 23:00:00+00:00,frozen_value,23.5,997.7,52.0,72.0,1,TIER_1_SPIKE,-1,NORMAL,-1,NORMAL,False
20260924,AWS-CHN-103,CHN,2025-03-13 23:00:00+00:00,frozen_value,24.6,1005.3,97.0,70.0,3,TIER_3_STATIC_MAHALANOBIS,-1,NORMAL,-1,NORMAL,False
20260924,AWS-RAN-067,RAN,2025-03-13 23:00:00+00:00,frozen_value,23.2,938.1,37.0,1.0,3,TIER_3_STATIC_MAHALANOBIS,-1,NORMAL,-1,NORMAL,False
20260924,AWS-CHN-103,CHN,2025-03-14 00:00:00+00:00,frozen_value,24.0,1004.7,97.0,71.0,3,TIER_3_STATIC_MAHALANOBIS,-1,NORMAL,-1,NORMAL,False
20260924,AWS-CHN-103,CHN,2025-03-14 01:00:00+00:00,frozen_value,23.9,1004.4,97.0,72.0,3,TIER_3_STATIC_MAHALANOBIS,-1,NORMAL,2,TIER_2_ROC_CUSUM,True
20260924,AWS-CHN-103,CHN,2025-03-14 02:00:00+00:00,frozen_value,23.8,1003.8,97.0,73.0,3,TIER_3_STATIC_MAHALANOBIS,-1,NORMAL,2,TIER_2_ROC_CUSUM,True
20260924,AWS-BHO-030,BHO,2025-03-14 04:00:00+00:00,frozen_value,25.3,952.5,15.0,1.0,3,TIER_3_STATIC_MAHALANOBIS,-1,NORMAL,-1,NORMAL,False
20260924,AWS-RAN-101,RAN,2025-03-14 05:00:00+00:00,frozen_value,22.0,937.9,39.0,1.0,3,TIER_3_STATIC_MAHALANOBIS,-1,NORMAL,-1,NORMAL,False
20260924,AWS-KOL-101,KOL,2025-03-14 18:00:00+00:00,drift,30.6,1006.6,64.64104178825666,13.0,1,TIER_1_SPIKE,-1,NORMAL,-1,NORMAL,False
20260924,AWS-KOL-102,KOL,2025-03-14 18:00:00+00:00,drift,32.2,1006.2,60.63924636329351,82.0,1,TIER_1_SPIKE,-1,NORMAL,-1,NORMAL,False
20260924,AWS-MUM-102,MUM,2025-03-14 18:00:00+00:00,drift,33.9,1006.3,18.641968608254246,21.0,1,TIER_1_SPIKE,-1,NORMAL,-1,NORMAL,False
20260924,AWS-MUM-103,MUM,2025-03-14 19:00:00+00:00,drift,33.1,1006.9,19.882903379111667,19.0,1,TIER_1_SPIKE,-1,NORMAL,-1,NORMAL,False
20260924,AWS-VAR-052,VAR,2025-03-14 20:00:00+00:00,drift,29.2,998.8,31.77728986823043,1.0,3,TIER_3_STATIC_MAHALANOBIS,-1,NORMAL,-1,NORMAL,False
20260924,AWS-CHN-101,CHN,2025-03-14 20:00:00+00:00,drift,25.7,1008.4,83.76982315288919,1.0,3,TIER_3_STATIC_MAHALANOBIS,-1,NORMAL,-1,NORMAL,False
20260924,AWS-VAR-103,VAR,2025-03-14 21:00:00+00:00,drift,25.6,998.7,38.338732558349584,108.0,3,TIER_3_STATIC_MAHALANOBIS,-1,NORMAL,-1,NORMAL,False
20260924,AWS-CHN-103,CHN,2025-03-14 21:00:00+00:00,drift,25.2,1005.8,85.32909028681304,1.0,1,TIER_1_SPIKE,-1,NORMAL,-1,NORMAL,False
20260924,AWS-RAN-067,RAN,2025-03-14 21:00:00+00:00,drift,25.0,939.8,22.33647115100362,1.0,3,TIER_3_STATIC_MAHALANOBIS,-1,NORMAL,-1,NORMAL,False
20260924,AWS-BHO-030,BHO,2025-03-14 22:00:00+00:00,drift,26.9,955.0,21.91275164373438,1.0,3,TIER_3_STATIC_MAHALANOBIS,-1,NORMAL,-1,NORMAL,False
20260924,AWS-VAR-102,VAR,2025-03-14 22:00:00+00:00,drift,24.4,999.9,45.90359147197979,95.0,1,TIER_1_SPIKE,-1,NORMAL,-1,NORMAL,False
20260924,AWS-VAR-103,VAR,2025-03-14 22:00:00+00:00,drift,25.0,998.9,41.9032504474534,109.0,3,TIER_3_STATIC_MAHALANOBIS,-1,NORMAL,-1,NORMAL,False
20260924,AWS-BHO-030,BHO,2025-03-14 23:00:00+00:00,drift,26.5,954.8,21.477948189715406,1.0,3,TIER_3_STATIC_MAHALANOBIS,-1,NORMAL,-1,NORMAL,False
20260924,AWS-RAN-101,RAN,2025-03-14 23:00:00+00:00,drift,23.1,939.8,30.464312831109808,1.0,3,TIER_3_STATIC_MAHALANOBIS,-1,NORMAL,-1,NORMAL,False
20260924,AWS-VAR-102,VAR,2025-03-14 23:00:00+00:00,drift,23.9,999.6,48.46813371997835,96.0,1,TIER_1_SPIKE,-1,NORMAL,-1,NORMAL,False
20260924,AWS-VAR-103,VAR,2025-03-14 23:00:00+00:00,drift,24.4,998.5,44.467768336557214,110.0,3,TIER_3_STATIC_MAHALANOBIS,-1,NORMAL,-1,NORMAL,False
20260924,AWS-RAN-101,RAN,2025-03-15 00:00:00+00:00,drift,23.0,939.4,33.0286003531838,1.0,3,TIER_3_STATIC_MAHALANOBIS,-1,NORMAL,-1,NORMAL,False
20260924,AWS-RAN-103,RAN,2025-03-15 00:00:00+00:00,drift,23.2,974.6,35.356581797702404,1.0,3,TIER_3_STATIC_MAHALANOBIS,-1,NORMAL,-1,NORMAL,False
20260924,AWS-RAN-102,RAN,2025-03-15 03:00:00+00:00,drift,19.1,969.2,51.72120398765077,1.0,3,TIER_3_STATIC_MAHALANOBIS,-1,NORMAL,-1,NORMAL,False
20260924,AWS-DEL-011,DEL,2025-03-15 04:00:00+00:00,drift,19.6,984.0,56.29318961483441,1.0,3,TIER_3_STATIC_MAHALANOBIS,-1,NORMAL,-1,NORMAL,False
20260924,AWS-RAN-102,RAN,2025-03-15 04:00:00+00:00,drift,18.6,969.4,54.285477881737656,1.0,3,TIER_3_STATIC_MAHALANOBIS,-1,NORMAL,2,TIER_2_ROC_CUSUM,True
20260924,AWS-VAR-101,VAR,2025-03-15 04:00:00+00:00,drift,21.5,998.3,53.2935722085449,1.0,3,TIER_3_STATIC_MAHALANOBIS,-1,NORMAL,-1,NORMAL,False
20260924,AWS-KOL-103,KOL,2025-03-15 05:00:00+00:00,drift,24.7,1007.7,84.8452702272964,11.0,1,TIER_1_SPIKE,-1,NORMAL,1,TIER_1_SPIKE,True
20260924,AWS-VAR-101,VAR,2025-03-15 05:00:00+00:00,drift,21.0,999.1,55.85825081897215,1.0,3,TIER_3_STATIC_MAHALANOBIS,-1,NORMAL,2,TIER_2_ROC_CUSUM,True
20260924,AWS-DEL-011,DEL,2025-03-15 05:00:00+00:00,drift,19.0,984.5,56.85784909557613,1.0,3,TIER_3_STATIC_MAHALANOBIS,-1,NORMAL,2,TIER_2_ROC_CUSUM,True
20260924,AWS-RAN-102,RAN,2025-03-15 05:00:00+00:00,drift,18.3,969.8,54.84975177582454,1.0,3,TIER_3_STATIC_MAHALANOBIS,-1,NORMAL,1,TIER_1_SPIKE,True
20260924,AWS-DEL-011,DEL,2025-03-15 07:00:00+00:00,drift,19.5,980.9422982511012,57.98716805705957,1.0,3,TIER_3_STATIC_MAHALANOBIS,-1,NORMAL,2,TIER_2_ROC_CUSUM,True
20260924,AWS-RAN-067,RAN,2025-03-15 07:00:00+00:00,drift,24.7,935.3643127548906,32.97991049792949,1.0,3,TIER_3_STATIC_MAHALANOBIS,-1,NORMAL,-1,NORMAL,False
20260924,AWS-CHN-101,CHN,2025-03-15 07:00:00+00:00,drift,25.7,1004.7464885783572,80.97549437637093,1.0,3,TIER_3_STATIC_MAHALANOBIS,-1,NORMAL,-1,NORMAL,False
20260924,AWS-KOL-101,KOL,2025-03-15 08:00:00+00:00,drift,29.3,1007.6598405381733,64.53850029181598,3.0,1,TIER_1_SPIKE,-1,NORMAL,-1,NORMAL,False
20260924,AWS-VAR-052,VAR,2025-03-15 08:00:00+00:00,drift,28.3,998.4664299013319,35.55457973646086,1.0,3,TIER_3_STATIC_MAHALANOBIS,-1,NORMAL,-1,NORMAL,False
20260924,AWS-BHO-102,BHO,2025-03-15 08:00:00+00:00,spike,26.6,961.9047429979922,30.0,1.0,3,TIER_3_STATIC_MAHALANOBIS,-1,NORMAL,-1,NORMAL,False
20260924,AWS-BHO-030,BHO,2025-03-15 08:00:00+00:00,drift,27.2,954.8239518726889,20.564717103544652,1.0,3,TIER_3_STATIC_MAHALANOBIS,-1,NORMAL,-1,NORMAL,False
20260924,AWS-KOL-102,KOL,2025-03-15 09:00:00+00:00,drift,32.0,1009.2312384268787,51.09811590823377,97.0,1,TIER_1_SPIKE,-1,NORMAL,-1,NORMAL,False
20260924,AWS-MUM-103,MUM,2025-03-15 10:00:00+00:00,drift,33.8,1010.2777873239203,14.29742027467,34.0,1,TIER_1_SPIKE,-1,NORMAL,-1,NORMAL,False
20260924,AWS-MUM-102,MUM,2025-03-15 10:00:00+00:00,drift,35.0,1009.9883300275059,11.669118381461042,37.0,1,TIER_1_SPIKE,-1,NORMAL,-1,NORMAL,False
20260924,AWS-MUM-102,MUM,2025-03-15 17:00:00+00:00,drift,34.7,1007.0,10.618496407239014,44.0,1,TIER_1_SPIKE,-1,NORMAL,-1,NORMAL,False
20260924,AWS-KOL-101,KOL,2025-03-15 18:00:00+00:00,drift,30.4,1008.3,54.17954208007263,13.0,1,TIER_1_SPIKE,-1,NORMAL,-1,NORMAL,False
20260924,AWS-CHN-101,CHN,2025-03-15 19:00:00+00:00,drift,26.9,1008.6,68.74531752926012,1.0,3,TIER_3_STATIC_MAHALANOBIS,-1,NORMAL,-1,NORMAL,False
20260924,AWS-KOL-101,KOL,2025-03-15 19:00:00+00:00,drift,30.2,1008.9,51.743646258898295,14.0,1,TIER_1_SPIKE,-1,NORMAL,-1,NORMAL,False
20260924,AWS-CHN-101,CHN,2025-03-15 20:00:00+00:00,drift,26.3,1009.5,70.30946945866755,1.0,3,TIER_3_STATIC_MAHALANOBIS,-1,NORMAL,-1,NORMAL,False
20260924,AWS-KOL-102,KOL,2025-03-15 20:00:00+00:00,drift,30.9,1009.5,57.301286907856635,108.0,1,TIER_1_SPIKE,-1,NORMAL,-1,NORMAL,False
20260924,AWS-VAR-052,VAR,2025-03-15 21:00:00+00:00,drift,29.4,1001.5,25.896643760377152,1.0,3,TIER_3_STATIC_MAHALANOBIS,-1,NORMAL,-1,NORMAL,False
20260924,AWS-BHO-102,BHO,2025-03-15 21:00:00+00:00,drift,27.8,965.9990299401068,25.0,1.0,3,TIER_3_STATIC_MAHALANOBIS,-1,NORMAL,-1,NORMAL,False
20260924,AWS-CHN-101,CHN,2025-03-15 21:00:00+00:00,drift,25.8,1010.3,73.87362138807498,1.0,3,TIER_3_STATIC_MAHALANOBIS,-1,NORMAL,-1,NORMAL,False
20260924,AWS-CHN-102,CHN,2025-03-15 21:00:00+00:00,drift,27.5,1010.2,64.87360343844301,14.0,3,TIER_3_STATIC_MAHALANOBIS,-1,NORMAL,1,TIER_1_SPIKE,True
20260924,AWS-CHN-101,CHN,2025-03-15 22:00:00+00:00,drift,25.5,1010.5,75.43777331748242,1.0,3,TIER_3_STATIC_MAHALANOBIS,-1,NORMAL,-1,NORMAL,False
20260924,AWS-VAR-103,VAR,2025-03-15 22:00:00+00:00,drift,26.1,1000.4,36.45167978594493,2.0,1,TIER_1_SPIKE,-1,NORMAL,-1,NORMAL,False
20260924,AWS-CHN-102,CHN,2025-03-15 22:00:00+00:00,drift,27.1,1010.5,66.43775488272524,15.0,3,TIER_3_STATIC_MAHALANOBIS,-1,NORMAL,1,TIER_1_SPIKE,True
20260924,AWS-VAR-102,VAR,2025-03-15 22:00:00+00:00,drift,25.4,1001.6,39.45260542394514,119.0,1,TIER_1_SPIKE,-1,NORMAL,-1,NORMAL,False
20260924,AWS-BHO-102,BHO,2025-03-15 23:00:00+00:00,drift,27.5,966.4987065868089,25.0,1.0,3,TIER_3_STATIC_MAHALANOBIS,-1,NORMAL,-1,NORMAL,False
20260924,AWS-VAR-103,VAR,2025-03-15 23:00:00+00:00,drift,26.1,999.8,34.01619767504875,3.0,1,TIER_1_SPIKE,-1,NORMAL,-1,NORMAL,False
20260924,AWS-RAN-103,RAN,2025-03-15 23:00:00+00:00,drift,24.7,980.8408789037895,31.0,1.0,3,TIER_3_STATIC_MAHALANOBIS,-1,NORMAL,-1,NORMAL,False
20260924,AWS-CHN-101,CHN,2025-03-15 23:00:00+00:00,drift,25.1,1010.3,77.00192524688984,1.0,3,TIER_3_STATIC_MAHALANOBIS,-1,NORMAL,-1,NORMAL,False
20260924,AWS-VAR-102,VAR,2025-03-15 23:00:00+00:00,drift,25.4,1000.9,42.0171476719437,120.0,1,TIER_1_SPIKE,-1,NORMAL,-1,NORMAL,False
20260924,AWS-CHN-102,CHN,2025-03-15 23:00:00+00:00,drift,26.6,1010.3,70.00190632700749,16.0,3,TIER_3_STATIC_MAHALANOBIS,-1,NORMAL,1,TIER_1_SPIKE,True
20260924,AWS-BHO-030,BHO,2025-03-16 00:00:00+00:00,drift,28.529769601202425,956.2,6.607861839241085,1.0,3,TIER_3_STATIC_MAHALANOBIS,-1,NORMAL,-1,NORMAL,False
20260924,AWS-VAR-103,VAR,2025-03-16 00:00:00+00:00,drift,26.1,999.4,38.58071556415257,4.0,1,TIER_1_SPIKE,-1,NORMAL,-1,NORMAL,False
20260924,AWS-DEL-011,DEL,2025-03-16 00:00:00+00:00,drift,20.77178629338869,987.3,48.58637922966882,1.0,3,TIER_3_STATIC_MAHALANOBIS,-1,NORMAL,-1,NORMAL,False
20260924,AWS-RAN-067,RAN,2025-03-16 00:00:00+00:00,drift,25.8,940.8,16.573757387703456,1.0,3,TIER_3_STATIC_MAHALANOBIS,-1,NORMAL,-1,NORMAL,False
20260924,AWS-CHN-101,CHN,2025-03-16 00:00:00+00:00,drift,24.871966280564127,1009.9,75.56607717629728,1.0,3,TIER_3_STATIC_MAHALANOBIS,-1,NORMAL,-1,NORMAL,False
20260924,AWS-VAR-102,VAR,2025-03-16 00:00:00+00:00,drift,25.4,1000.6,43.58168991994225,121.0,1,TIER_1_SPIKE,-1,NORMAL,-1,NORMAL,False
20260924,AWS-BHO-030,BHO,2025-03-16 01:00:00+00:00,drift,28.004235926253426,955.9,6.173058385222113,1.0,3,TIER_3_STATIC_MAHALANOBIS,-1,NORMAL,-1,NORMAL,False
20260924,AWS-VAR-102,VAR,2025-03-16 01:00:00+00:00,drift,25.4,1000.2,43.14623216794081,122.0,1,TIER_1_SPIKE,-1,NORMAL,-1,NORMAL,False
20260924,AWS-VAR-103,VAR,2025-03-16 01:00:00+00:00,drift,26.1,999.0,44.14523345325638,5.0,1,TIER_1_SPIKE,-1,NORMAL,-1,NORMAL,False
20260924,AWS-RAN-067,RAN,2025-03-16 01:00:00+00:00,drift,25.8,940.3,18.138101322396043,1.0,3,TIER_3_STATIC_MAHALANOBIS,-1,NORMAL,-1,NORMAL,False
20260924,AWS-CHN-101,CHN,2025-03-16 01:00:00+00:00,drift,24.592199755612327,1009.3,76.13022910570471,1.0,3,TIER_3_STATIC_MAHALANOBIS,-1,NORMAL,2,TIER_2_ROC_CUSUM,True
20260924,AWS-RAN-103,RAN,2025-03-16 02:00:00+00:00,drift,24.76171590145437,980.8687084927107,36.0,1.0,3,TIER_3_STATIC_MAHALANOBIS,-1,NORMAL,2,TIER_2_ROC_CUSUM,True
20260924,AWS-BHO-101,BHO,2025-03-16 02:00:00+00:00,drift,25.2,959.1002120910429,29.0,1.0,3,TIER_3_STATIC_MAHALANOBIS,-1,NORMAL,-1,NORMAL,False
20260924,AWS-RAN-067,RAN,2025-03-16 02:00:00+00:00,drift,25.8,939.5,17.70244525708863,1.0,3,TIER_3_STATIC_MAHALANOBIS,-1,NORMAL,2,TIER_2_ROC_CUSUM,True
20260924,AWS-VAR-102,VAR,2025-03-16 02:00:00+00:00,drift,25.4,999.6,43.71077441593937,123.0,1,TIER_1_SPIKE,-1,NORMAL,2,TIER_2_ROC_CUSUM,True
20260924,AWS-BHO-102,BHO,2025-03-16 02:00:00+00:00,drift,27.3,966.9982215568623,28.0,1.0,3,TIER_3_STATIC_MAHALANOBIS,-1,NORMAL,2,TIER_2_ROC_CUSUM,True
20260924,AWS-VAR-103,VAR,2025-03-16 02:00:00+00:00,drift,26.1,998.6,44.70975134236019,6.0,1,TIER_1_SPIKE,-1,NORMAL,2,TIER_2_ROC_CUSUM,True
20260924,AWS-RAN-067,RAN,2025-03-16 03:00:00+00:00,drift,25.8,938.9,18.266789191781218,1.0,3,TIER_3_STATIC_MAHALANOBIS,-1,NORMAL,2,TIER_2_ROC_CUSUM,True
20260924,AWS-VAR-101,VAR,2025-03-16 05:00:00+00:00,drift,22.779603228226478,999.7,63.0,1.0,3,TIER_3_STATIC_MAHALANOBIS,-1,NORMAL,1,TIER_1_SPIKE,True
20260924,AWS-DEL-103,DEL,2025-03-16 05:00:00+00:00,frozen_value,17.1,986.4,77.0,1.0,3,TIER_3_STATIC_MAHALANOBIS,-1,NORMAL,1,TIER_1_SPIKE,True
20260924,AWS-KOL-103,KOL,2025-03-16 05:00:00+00:00,frozen_value,25.1,1007.9,96.0,20.0,1,TIER_1_SPIKE,-1,NORMAL,1,TIER_1_SPIKE,True
20260924,AWS-RAN-101,RAN,2025-03-16 05:00:00+00:00,frozen_value,22.2,939.0,48.0,1.0,3,TIER_3_STATIC_MAHALANOBIS,-1,NORMAL,-1,NORMAL,False
20260924,AWS-DEL-102,DEL,2025-03-16 05:00:00+00:00,frozen_value,16.8,985.3,79.0,1.0,3,TIER_3_STATIC_MAHALANOBIS,-1,NORMAL,-1,NORMAL,False
20260924,AWS-DEL-101,DEL,2025-03-16 05:00:00+00:00,frozen_value,17.5,988.4,78.0,1.0,3,TIER_3_STATIC_MAHALANOBIS,-1,NORMAL,-1,NORMAL,False
20260924,AWS-RAN-103,RAN,2025-03-16 07:00:00+00:00,drift,25.585774234288557,984.9817578075791,44.0,1.0,3,TIER_3_STATIC_MAHALANOBIS,-1,NORMAL,1,TIER_1_SPIKE,True
20260924,AWS-KOL-102,KOL,2025-03-16 08:00:00+00:00,frozen_value,30.6,1008.1,70.0,120.0,1,TIER_1_SPIKE,-1,NORMAL,-1,NORMAL,False
20260924,AWS-BHO-102,BHO,2025-03-16 08:00:00+00:00,drift,27.6,972.197251496969,30.0,1.0,3,TIER_3_STATIC_MAHALANOBIS,-1,NORMAL,-1,NORMAL,False
20260924,AWS-DEL-011,DEL,2025-03-16 09:00:00+00:00,drift,20.504521815991772,989.5,57.0,1.0,3,TIER_3_STATIC_MAHALANOBIS,-1,NORMAL,-1,NORMAL,False
20260924,AWS-KOL-101,KOL,2025-03-16 09:00:00+00:00,drift,30.00526422642856,1010.5,62.0,6.0,1,TIER_1_SPIKE,-1,NORMAL,-1,NORMAL,False
20260924,AWS-MUM-103,MUM,2025-03-16 12:00:00+00:00,drift,32.633068183362525,1018.7502727679292,23.0,14.0,1,TIER_1_SPIKE,-1,NORMAL,-1,NORMAL,False
20260924,AWS-VAR-052,VAR,2025-03-16 12:00:00+00:00,drift,30.78505976685427,1001.9,30.0,1.0,3,TIER_3_STATIC_MAHALANOBIS,-1,NORMAL,-1,NORMAL,False
20260924,AWS-VAR-052,VAR,2025-03-16 13:00:00+00:00,drift,30.746836556829205,1001.2,27.0,1.0,3,TIER_3_STATIC_MAHALANOBIS,-1,NORMAL,2,TIER_2_ROC_CUSUM,True
20260924,AWS-VAR-052,VAR,2025-03-16 14:00:00+00:00,drift,31.002758838781332,999.8,27.0,1.0,3,TIER_3_STATIC_MAHALANOBIS,-1,NORMAL,2,TIER_2_ROC_CUSUM,True
20260924,AWS-MUM-103,MUM,2025-03-16 15:00:00+00:00,drift,32.64700341042548,1016.0860260204906,20.0,17.0,1,TIER_1_SPIKE,-1,NORMAL,2,TIER_2_ROC_CUSUM,True
20260924,AWS-VAR-103,VAR,2025-03-16 16:00:00+00:00,unstructured_anomaly,25.12277321620706,1005.4523634286317,53.15920007804322,20.0,1,TIER_1_SPIKE,-1,NORMAL,-1,NORMAL,False
20260924,AWS-KOL-102,KOL,2025-03-16 16:00:00+00:00,unstructured_anomaly,29.62277321620706,1013.4523634286317,58.15920007804322,128.0,1,TIER_1_SPIKE,-1,NORMAL,-1,NORMAL,False
20260924,AWS-MUM-007,MUM,2025-03-16 16:00:00+00:00,unstructured_anomaly,26.02277321620706,1015.6523634286317,56.15920007804322,9.0,3,TIER_3_STATIC_MAHALANOBIS,-1,NORMAL,-1,NORMAL,False
20260924,AWS-VAR-102,VAR,2025-03-16 16:00:00+00:00,unstructured_anomaly,24.72277321620706,1006.8523634286316,55.15920007804322,137.0,1,TIER_1_SPIKE,-1,NORMAL,1,TIER_1_SPIKE,True
20260924,AWS-BHO-030,BHO,2025-03-16 17:00:00+00:00,drift,29.437752436522516,954.0,17.0,1.0,3,TIER_3_STATIC_MAHALANOBIS,-1,NORMAL,-1,NORMAL,False
20260924,AWS-CHN-101,CHN,2025-03-17 00:00:00+00:00,drift,25.5,1008.8,96.0,1.0,3,TIER_3_STATIC_MAHALANOBIS,-1,NORMAL,-1,NORMAL,False
20260924,AWS-DEL-011,DEL,2025-03-17 00:00:00+00:00,drift,20.8,987.1,44.0,1.0,3,TIER_3_STATIC_MAHALANOBIS,-1,NORMAL,-1,NORMAL,False
20260924,AWS-CHN-101,CHN,2025-03-17 01:00:00+00:00,drift,25.163163615553707,1008.4,97.0,1.0,3,TIER_3_STATIC_MAHALANOBIS,-1,NORMAL,2,TIER_2_ROC_CUSUM,True
20260924,AWS-VAR-101,VAR,2025-03-17 06:00:00+00:00,drift,23.666836787490105,999.1,67.0,1.0,3,TIER_3_STATIC_MAHALANOBIS,-1,NORMAL,1,TIER_1_SPIKE,True
20260924,AWS-KOL-101,KOL,2025-03-17 08:00:00+00:00,drift,30.172288332208684,1010.0,77.0,7.0,1,TIER_1_SPIKE,-1,NORMAL,-1,NORMAL,False
20260924,AWS-CHN-024,CHN,2025-03-17 09:00:00+00:00,drift,33.13320349656963,1011.6,58.0,42.0,3,TIER_3_STATIC_MAHALANOBIS,-1,NORMAL,-1,NORMAL,False
20260924,AWS-RAN-103,RAN,2025-03-17 10:00:00+00:00,unstructured_anomaly,24.51107387410638,985.9946388169315,55.031025602964746,1.0,3,TIER_3_STATIC_MAHALANOBIS,-1,NORMAL,1,TIER_1_SPIKE,True
20260924,AWS-KOL-103,KOL,2025-03-17 15:00:00+00:00,drift,25.4,1006.326941027959,81.0,7.0,1,TIER_1_SPIKE,-1,NORMAL,-1,NORMAL,False
20260924,AWS-CHN-024,CHN,2025-03-17 16:00:00+00:00,drift,33.9154795423276,1006.7,61.0,5.0,1,TIER_1_SPIKE,-1,NORMAL,-1,NORMAL,False
20260924,AWS-KOL-101,KOL,2025-03-17 16:00:00+00:00,drift,30.518918684566295,1007.1,66.0,15.0,1,TIER_1_SPIKE,-1,NORMAL,-1,NORMAL,False
20260924,AWS-KOL-101,KOL,2025-03-17 17:00:00+00:00,drift,30.519665739275613,1007.1,67.0,16.0,1,TIER_1_SPIKE,-1,NORMAL,-1,NORMAL,False
20260924,AWS-CHN-103,CHN,2025-03-17 18:00:00+00:00,drift,29.9,1001.0365370638348,68.0,27.0,3,TIER_3_STATIC_MAHALANOBIS,-1,NORMAL,-1,NORMAL,False
20260924,AWS-MUM-102,MUM,2025-03-17 18:00:00+00:00,drift,33.0,1006.047991134466,29.0,10.0,1,TIER_1_SPIKE,-1,NORMAL,-1,NORMAL,False
20260924,AWS-KOL-101,KOL,2025-03-17 19:00:00+00:00,drift,30.632299085506503,1008.5,74.0,18.0,1,TIER_1_SPIKE,-1,NORMAL,2,TIER_2_ROC_CUSUM,True
20260924,AWS-RAN-101,RAN,2025-03-17 20:00:00+00:00,drift,24.3,936.8427083243357,54.0,1.0,3,TIER_3_STATIC_MAHALANOBIS,-1,NORMAL,-1,NORMAL,False
20260924,AWS-RAN-101,RAN,2025-03-17 21:00:00+00:00,drift,24.3,937.1252314714841,54.0,1.0,3,TIER_3_STATIC_MAHALANOBIS,-1,NORMAL,-1,NORMAL,False
20260924,AWS-BHO-101,BHO,2025-03-17 22:00:00+00:00,drift,24.4,956.9,17.688282330324988,1.0,3,TIER_3_STATIC_MAHALANOBIS,-1,NORMAL,-1,NORMAL,False
20260924,AWS-BHO-103,BHO,2025-03-17 22:00:00+00:00,drift,23.6,962.4,19.679776038991804,1.0,3,TIER_3_STATIC_MAHALANOBIS,-1,NORMAL,-1,NORMAL,False
20260924,AWS-BHO-102,BHO,2025-03-17 22:00:00+00:00,drift,25.9,964.7,14.678913122769968,1.0,3,TIER_3_STATIC_MAHALANOBIS,-1,NORMAL,-1,NORMAL,False
20260924,AWS-BHO-101,BHO,2025-03-17 23:00:00+00:00,drift,23.8,956.8,17.36428976007038,1.0,3,TIER_3_STATIC_MAHALANOBIS,-1,NORMAL,-1,NORMAL,False
20260924,AWS-BHO-103,BHO,2025-03-17 23:00:00+00:00,drift,23.7,962.5,17.355559618965273,1.0,3,TIER_3_STATIC_MAHALANOBIS,-1,NORMAL,-1,NORMAL,False
20260924,AWS-BHO-101,BHO,2025-03-18 00:00:00+00:00,drift,23.2,956.6,17.040297189815774,1.0,3,TIER_3_STATIC_MAHALANOBIS,-1,NORMAL,-1,NORMAL,False
20260924,AWS-KOL-103,KOL,2025-03-18 02:00:00+00:00,drift,25.2,1001.0010288548463,91.0,18.0,1,TIER_1_SPIKE,-1,NORMAL,-1,NORMAL,False
20260924,AWS-DEL-102,DEL,2025-03-18 02:00:00+00:00,drift,16.0,981.1797179287863,68.0,1.0,3,TIER_3_STATIC_MAHALANOBIS,-1,NORMAL,-1,NORMAL,False
20260924,AWS-RAN-102,RAN,2025-03-18 02:00:00+00:00,drift,21.1,965.8090672815142,62.0,1.0,3,TIER_3_STATIC_MAHALANOBIS,-1,NORMAL,-1,NORMAL,False
20260924,AWS-KOL-103,KOL,2025-03-18 03:00:00+00:00,drift,24.9,1000.107764111836,93.0,19.0,1,TIER_1_SPIKE,-1,NORMAL,2,TIER_2_ROC_CUSUM,True
20260924,AWS-RAN-102,RAN,2025-03-18 03:00:00+00:00,drift,20.6,965.1563384336151,62.0,1.0,3,TIER_3_STATIC_MAHALANOBIS,-1,NORMAL,2,TIER_2_ROC_CUSUM,True
20260924,AWS-KOL-103,KOL,2025-03-18 04:00:00+00:00,drift,24.6,1000.4144993688258,95.0,20.0,1,TIER_1_SPIKE,-1,NORMAL,2,TIER_2_ROC_CUSUM,True
20260924,AWS-DEL-011,DEL,2025-03-18 04:00:00+00:00,drift,22.65216550096249,986.9,59.0,1.0,3,TIER_3_STATIC_MAHALANOBIS,-1,NORMAL,-1,NORMAL,False
20260924,AWS-RAN-102,RAN,2025-03-18 04:00:00+00:00,drift,20.3,965.0036095857162,62.0,1.0,3,TIER_3_STATIC_MAHALANOBIS,-1,NORMAL,1,TIER_1_SPIKE,True
20260924,AWS-VAR-101,VAR,2025-03-18 05:00:00+00:00,drift,24.89168986567172,1001.3,50.0,1.0,3,TIER_3_STATIC_MAHALANOBIS,-1,NORMAL,1,TIER_1_SPIKE,True
20260924,AWS-DEL-101,DEL,2025-03-18 05:00:00+00:00,drift,16.1,982.4413767650664,63.0,1.0,3,TIER_3_STATIC_MAHALANOBIS,-1,NORMAL,-1,NORMAL,False
20260924,AWS-KOL-103,KOL,2025-03-18 05:00:00+00:00,drift,24.4,1000.8212346258155,95.0,21.0,1,TIER_1_SPIKE,-1,NORMAL,2,TIER_2_ROC_CUSUM,True
20260924,AWS-DEL-011,DEL,2025-03-18 05:00:00+00:00,drift,22.390785469481298,986.9,60.0,1.0,3,TIER_3_STATIC_MAHALANOBIS,-1,NORMAL,2,TIER_2_ROC_CUSUM,True
20260924,AWS-RAN-102,RAN,2025-03-18 05:00:00+00:00,drift,19.7,964.8508807378172,62.0,1.0,3,TIER_3_STATIC_MAHALANOBIS,-1,NORMAL,1,TIER_1_SPIKE,True
20260924,AWS-RAN-102,RAN,2025-03-18 06:00:00+00:00,drift,20.1,965.698151889918,62.0,1.0,3,TIER_3_STATIC_MAHALANOBIS,-1,NORMAL,1,TIER_1_SPIKE,True
20260924,AWS-DEL-103,DEL,2025-03-18 06:00:00+00:00,drift,16.4,981.2121467555273,80.0,1.0,3,TIER_3_STATIC_MAHALANOBIS,-1,NORMAL,1,TIER_1_SPIKE,True
20260924,AWS-KOL-102,KOL,2025-03-18 07:00:00+00:00,drift,28.1,1001.9347200642331,72.0,37.0,1,TIER_1_SPIKE,-1,NORMAL,-1,NORMAL,False
20260924,AWS-RAN-067,RAN,2025-03-18 08:00:00+00:00,drift,24.7,936.1759818108588,33.0,1.0,3,TIER_3_STATIC_MAHALANOBIS,-1,NORMAL,-1,NORMAL,False
20260924,AWS-VAR-102,VAR,2025-03-18 08:00:00+00:00,drift,23.7,995.5418728322339,49.0,177.0,3,TIER_3_STATIC_MAHALANOBIS,-1,NORMAL,-1,NORMAL,False
20260924,AWS-VAR-103,VAR,2025-03-18 08:00:00+00:00,drift,24.1,994.8176283957941,48.0,23.0,1,TIER_1_SPIKE,-1,NORMAL,-1,NORMAL,False
20260924,AWS-CHN-103,CHN,2025-03-18 08:00:00+00:00,drift,29.9,1000.9096111915045,69.0,41.0,3,TIER_3_STATIC_MAHALANOBIS,-1,NORMAL,-1,NORMAL,False
20260924,AWS-KOL-015,KOL,2025-03-18 09:00:00+00:00,drift,32.2,1001.648256408587,36.0,24.0,3,TIER_3_STATIC_MAHALANOBIS,-1,NORMAL,-1,NORMAL,False
20260924,AWS-VAR-052,VAR,2025-03-18 10:00:00+00:00,drift,29.9,1003.5,27.29121844995963,1.0,3,TIER_3_STATIC_MAHALANOBIS,-1,NORMAL,-1,NORMAL,False
20260924,AWS-MUM-102,MUM,2025-03-18 10:00:00+00:00,drift,31.7,1004.4433994418171,35.0,1.0,1,TIER_1_SPIKE,-1,NORMAL,-1,NORMAL,False
20260924,AWS-BHO-030,BHO,2025-03-18 10:00:00+00:00,drift,28.5,959.3,30.290341158241425,1.0,3,TIER_3_STATIC_MAHALANOBIS,-1,NORMAL,-1,NORMAL,False
20260924,AWS-KOL-015,KOL,2025-03-18 18:00:00+00:00,drift,31.5,995.9089067575545,45.0,33.0,1,TIER_1_SPIKE,-1,NORMAL,-1,NORMAL,False
20260924,AWS-VAR-052,VAR,2025-03-18 18:00:00+00:00,drift,29.1,1000.7,25.520522125159946,1.0,3,TIER_3_STATIC_MAHALANOBIS,-1,NORMAL,-1,NORMAL,False
20260924,AWS-MUM-102,MUM,2025-03-18 18:00:00+00:00,drift,31.6,999.6411035954924,36.0,9.0,1,TIER_1_SPIKE,-1,NORMAL,-1,NORMAL,False
20260924,AWS-MUM-007,MUM,2025-03-18 18:00:00+00:00,drift,28.8,1001.1765636272047,58.0,9.0,3,TIER_3_STATIC_MAHALANOBIS,-1,NORMAL,-1,NORMAL,False
20260924,AWS-CHN-103,CHN,2025-03-18 18:00:00+00:00,drift,30.2,995.847521282697,63.0,51.0,1,TIER_1_SPIKE,-1,NORMAL,-1,NORMAL,False
20260924,AWS-RAN-067,RAN,2025-03-18 18:00:00+00:00,drift,25.9,930.3216874350774,31.0,1.0,3,TIER_3_STATIC_MAHALANOBIS,-1,NORMAL,-1,NORMAL,False
20260924,AWS-BHO-030,BHO,2025-03-18 19:00:00+00:00,drift,28.3,955.8,31.076212429827013,1.0,3,TIER_3_STATIC_MAHALANOBIS,-1,NORMAL,-1,NORMAL,False
20260924,AWS-RAN-101,RAN,2025-03-18 20:00:00+00:00,drift,23.6,931.0232638558975,36.0,1.0,3,TIER_3_STATIC_MAHALANOBIS,-1,NORMAL,-1,NORMAL,False
20260924,AWS-BHO-030,BHO,2025-03-18 20:00:00+00:00,drift,28.0,956.4,30.66511129311623,1.0,3,TIER_3_STATIC_MAHALANOBIS,-1,NORMAL,-1,NORMAL,False
20260924,AWS-VAR-103,VAR,2025-03-18 20:00:00+00:00,drift,23.5,988.8134160505336,34.0,35.0,1,TIER_1_SPIKE,-1,NORMAL,-1,NORMAL,False
20260924,AWS-KOL-015,KOL,2025-03-18 20:00:00+00:00,drift,30.8,996.2223846128805,39.0,35.0,1,TIER_1_SPIKE,-1,NORMAL,-1,NORMAL,False
20260924,AWS-RAN-101,RAN,2025-03-18 21:00:00+00:00,drift,23.2,930.805787003046,35.0,1.0,3,TIER_3_STATIC_MAHALANOBIS,-1,NORMAL,-1,NORMAL,False
20260924,AWS-VAR-102,VAR,2025-03-18 22:00:00+00:00,drift,23.3,989.83645472039,35.0,191.0,1,TIER_1_SPIKE,-1,NORMAL,-1,NORMAL,False
20260924,AWS-RAN-102,RAN,2025-03-18 23:00:00+00:00,drift,20.5,960.5017614756342,47.0,1.0,3,TIER_3_STATIC_MAHALANOBIS,-1,NORMAL,-1,NORMAL,False
20260924,AWS-KOL-102,KOL,2025-03-19 00:00:00+00:00,drift,27.4,995.7492321188314,62.0,54.0,1,TIER_1_SPIKE,-1,NORMAL,-1,NORMAL,False
20260924,AWS-DEL-102,DEL,2025-03-19 01:00:00+00:00,drift,17.8,974.4419520862588,58.0,1.0,3,TIER_3_STATIC_MAHALANOBIS,-1,NORMAL,-1,NORMAL,False
20260924,AWS-DEL-103,DEL,2025-03-19 02:00:00+00:00,drift,18.1,974.5038801823982,62.0,1.0,3,TIER_3_STATIC_MAHALANOBIS,-1,NORMAL,1,TIER_1_SPIKE,True
20260924,AWS-KOL-103,KOL,2025-03-19 04:00:00+00:00,drift,23.0,993.8761455365798,78.0,44.0,1,TIER_1_SPIKE,-1,NORMAL,2,TIER_2_ROC_CUSUM,True
20260924,AWS-KOL-103,KOL,2025-03-19 05:00:00+00:00,drift,22.8,994.1828807935696,80.0,45.0,1,TIER_1_SPIKE,-1,NORMAL,1,TIER_1_SPIKE,True
20260924,AWS-DEL-101,DEL,2025-03-19 05:00:00+00:00,drift,17.6,975.0632124518215,59.0,1.0,3,TIER_3_STATIC_MAHALANOBIS,-1,NORMAL,-1,NORMAL,False
20260924,AWS-BHO-030,BHO,2025-03-19 09:00:00+00:00,drift,27.1,959.3,43.565332237321385,1.0,3,TIER_3_STATIC_MAHALANOBIS,-1,NORMAL,-1,NORMAL,False
20260924,AWS-BHO-102,BHO,2025-03-19 23:00:00+00:00,frozen_value,25.7,964.9,33.0,1.0,3,TIER_3_STATIC_MAHALANOBIS,-1,NORMAL,-1,NORMAL,False
20260924,AWS-DEL-011,DEL,2025-03-19 23:00:00+00:00,frozen_value,24.0,990.4,35.0,1.0,3,TIER_3_STATIC_MAHALANOBIS,-1,NORMAL,-1,NORMAL,False
20260924,AWS-BHO-101,BHO,2025-03-19 23:00:00+00:00,frozen_value,26.3,956.9,31.0,1.0,3,TIER_3_STATIC_MAHALANOBIS,-1,NORMAL,-1,NORMAL,False
20260924,AWS-VAR-101,VAR,2025-03-19 23:00:00+00:00,frozen_value,25.3,1004.1,42.0,1.0,3,TIER_3_STATIC_MAHALANOBIS,-1,NORMAL,1,TIER_1_SPIKE,True
20260924,AWS-DEL-011,DEL,2025-03-20 00:00:00+00:00,frozen_value,24.0,990.1,37.0,1.0,3,TIER_3_STATIC_MAHALANOBIS,-1,NORMAL,-1,NORMAL,False
20260924,AWS-BHO-101,BHO,2025-03-20 00:00:00+00:00,frozen_value,26.3,956.8,33.0,1.0,3,TIER_3_STATIC_MAHALANOBIS,-1,NORMAL,-1,NORMAL,False
20260924,AWS-VAR-101,VAR,2025-03-20 00:00:00+00:00,frozen_value,25.3,1004.2,45.0,1.0,3,TIER_3_STATIC_MAHALANOBIS,-1,NORMAL,1,TIER_1_SPIKE,True
20260924,AWS-BHO-102,BHO,2025-03-20 00:00:00+00:00,frozen_value,25.7,965.0,33.0,1.0,3,TIER_3_STATIC_MAHALANOBIS,-1,NORMAL,-1,NORMAL,False
20260924,AWS-DEL-011,DEL,2025-03-20 01:00:00+00:00,frozen_value,24.0,989.9,38.0,1.0,3,TIER_3_STATIC_MAHALANOBIS,-1,NORMAL,-1,NORMAL,False
20260924,AWS-BHO-101,BHO,2025-03-20 01:00:00+00:00,frozen_value,26.3,956.5,34.0,1.0,3,TIER_3_STATIC_MAHALANOBIS,-1,NORMAL,-1,NORMAL,False
20260924,AWS-VAR-101,VAR,2025-03-20 01:00:00+00:00,frozen_value,25.3,1004.0,45.0,1.0,3,TIER_3_STATIC_MAHALANOBIS,-1,NORMAL,1,TIER_1_SPIKE,True
20260924,AWS-BHO-102,BHO,2025-03-20 01:00:00+00:00,frozen_value,25.7,964.5,33.0,1.0,3,TIER_3_STATIC_MAHALANOBIS,-1,NORMAL,-1,NORMAL,False
20260924,AWS-DEL-011,DEL,2025-03-20 02:00:00+00:00,frozen_value,24.0,989.4,41.0,1.0,3,TIER_3_STATIC_MAHALANOBIS,-1,NORMAL,-1,NORMAL,False
20260924,AWS-BHO-102,BHO,2025-03-20 02:00:00+00:00,frozen_value,25.7,964.2,33.0,1.0,3,TIER_3_STATIC_MAHALANOBIS,-1,NORMAL,-1,NORMAL,False
20260924,AWS-BHO-101,BHO,2025-03-20 02:00:00+00:00,frozen_value,26.3,956.0,35.0,1.0,3,TIER_3_STATIC_MAHALANOBIS,-1,NORMAL,-1,NORMAL,False
20260924,AWS-BHO-102,BHO,2025-03-20 03:00:00+00:00,frozen_value,25.7,964.2,34.0,1.0,3,TIER_3_STATIC_MAHALANOBIS,-1,NORMAL,2,TIER_2_ROC_CUSUM,True
20260924,AWS-BHO-101,BHO,2025-03-20 03:00:00+00:00,frozen_value,26.3,955.8,36.0,1.0,3,TIER_3_STATIC_MAHALANOBIS,-1,NORMAL,2,TIER_2_ROC_CUSUM,True
20260924,AWS-DEL-011,DEL,2025-03-20 03:00:00+00:00,frozen_value,24.0,988.9,44.0,1.0,3,TIER_3_STATIC_MAHALANOBIS,-1,NORMAL,2,TIER_2_ROC_CUSUM,True
20260924,AWS-BHO-103,BHO,2025-03-20 03:00:00+00:00,frozen_value,25.0,962.1,37.0,1.0,3,TIER_3_STATIC_MAHALANOBIS,-1,NORMAL,-1,NORMAL,False
20260924,AWS-BHO-103,BHO,2025-03-20 04:00:00+00:00,frozen_value,25.0,961.9,37.0,1.0,3,TIER_3_STATIC_MAHALANOBIS,-1,NORMAL,2,TIER_2_ROC_CUSUM,True
20260924,AWS-CHN-102,CHN,2025-03-20 05:00:00+00:00,frozen_value,27.7,1011.4,94.0,10.0,1,TIER_1_SPIKE,-1,NORMAL,-1,NORMAL,False
20260924,AWS-BHO-103,BHO,2025-03-20 05:00:00+00:00,frozen_value,25.0,962.3,39.0,1.0,3,TIER_3_STATIC_MAHALANOBIS,-1,NORMAL,2,TIER_2_ROC_CUSUM,True
20260924,AWS-BHO-103,BHO,2025-03-20 06:00:00+00:00,frozen_value,25.0,963.1,42.0,1.0,3,TIER_3_STATIC_MAHALANOBIS,-1,NORMAL,2,TIER_2_ROC_CUSUM,True
20260924,AWS-CHN-102,CHN,2025-03-20 06:00:00+00:00,frozen_value,27.7,1011.9,93.0,11.0,1,TIER_1_SPIKE,-1,NORMAL,2,TIER_2_ROC_CUSUM,True
20260924,AWS-BHO-030,BHO,2025-03-20 08:00:00+00:00,drift,26.435821341585346,959.3,37.0,1.0,3,TIER_3_STATIC_MAHALANOBIS,-1,NORMAL,-1,NORMAL,False
20260924,AWS-MUM-102,MUM,2025-03-20 22:00:00+00:00,unstructured_anomaly,34.25764853337956,1004.6820533401941,15.0,51.0,1,TIER_1_SPIKE,-1,NORMAL,-1,NORMAL,False
20260924,AWS-BHO-030,BHO,2025-03-21 01:00:00+00:00,drift,27.522816028292617,956.8,48.0,1.0,3,TIER_3_STATIC_MAHALANOBIS,-1,NORMAL,-1,NORMAL,False
20260924,AWS-CHN-102,CHN,2025-03-21 01:00:00+00:00,frozen_value,27.5,1011.3,80.0,6.0,1,TIER_1_SPIKE,-1,NORMAL,2,TIER_2_ROC_CUSUM,True
20260924,AWS-KOL-015,KOL,2025-03-21 01:00:00+00:00,unstructured_anomaly,33.114070039678595,1004.3920237915457,59.171008850830844,15.0,1,TIER_1_SPIKE,-1,NORMAL,-1,NORMAL,False
20260924,AWS-CHN-102,CHN,2025-03-21 02:00:00+00:00,frozen_value,27.3,1011.3370729601331,81.0,7.0,1,TIER_1_SPIKE,-1,NORMAL,2,TIER_2_ROC_CUSUM,True
20260924,AWS-BHO-030,BHO,2025-03-21 02:00:00+00:00,drift,27.827933362804806,956.3,47.0,1.0,3,TIER_3_STATIC_MAHALANOBIS,-1,NORMAL,-1,NORMAL,False
20260924,AWS-CHN-102,CHN,2025-03-21 03:00:00+00:00,frozen_value,27.0,1011.4001252426044,82.0,8.0,1,TIER_1_SPIKE,-1,NORMAL,2,TIER_2_ROC_CUSUM,True
20260924,AWS-BHO-030,BHO,2025-03-21 03:00:00+00:00,drift,27.933050697317,955.8,42.0,1.0,3,TIER_3_STATIC_MAHALANOBIS,-1,NORMAL,2,TIER_2_ROC_CUSUM,True
20260924,AWS-CHN-102,CHN,2025-03-21 04:00:00+00:00,frozen_value,26.7,1011.4476707267137,84.0,9.0,1,TIER_1_SPIKE,-1,NORMAL,1,TIER_1_SPIKE,True
20260924,AWS-DEL-103,DEL,2025-03-21 05:00:00+00:00,drift,18.1,988.1,47.0,1.0,3,TIER_3_STATIC_MAHALANOBIS,-1,NORMAL,1,TIER_1_SPIKE,True
20260924,AWS-MUM-007,MUM,2025-03-21 05:00:00+00:00,drift,25.3,1012.8,69.0,21.0,1,TIER_1_SPIKE,-1,NORMAL,2,TIER_2_ROC_CUSUM,True
20260924,AWS-CHN-102,CHN,2025-03-21 05:00:00+00:00,frozen_value,26.4,1011.4577532438998,86.0,10.0,1,TIER_1_SPIKE,-1,NORMAL,1,TIER_1_SPIKE,True
20260924,AWS-MUM-007,MUM,2025-03-21 06:00:00+00:00,drift,25.77937853180145,1013.6,73.0,22.0,1,TIER_1_SPIKE,-1,NORMAL,2,TIER_2_ROC_CUSUM,True
20260924,AWS-BHO-030,BHO,2025-03-21 06:00:00+00:00,drift,27.448402700853574,957.5,40.0,1.0,3,TIER_3_STATIC_MAHALANOBIS,-1,NORMAL,-1,NORMAL,False
20260924,AWS-MUM-007,MUM,2025-03-21 07:00:00+00:00,drift,26.158757063602902,1014.0,73.0,23.0,1,TIER_1_SPIKE,-1,NORMAL,-1,NORMAL,False
20260924,AWS-CHN-103,CHN,2025-03-21 08:00:00+00:00,drift,31.338542078158742,1010.4,64.0,2.0,1,TIER_1_SPIKE,-1,NORMAL,-1,NORMAL,False
20260924,AWS-CHN-024,CHN,2025-03-21 08:00:00+00:00,drift,30.3,1012.4803923940049,65.0,19.0,1,TIER_1_SPIKE,-1,NORMAL,-1,NORMAL,False
20260924,AWS-BHO-101,BHO,2025-03-21 08:00:00+00:00,frozen_value,25.6,956.6803923940049,27.0,1.0,3,TIER_3_STATIC_MAHALANOBIS,-1,NORMAL,-1,NORMAL,False
20260924,AWS-VAR-101,VAR,2025-03-21 08:00:00+00:00,drift,26.3,1003.1803923940049,61.0,1.0,3,TIER_3_STATIC_MAHALANOBIS,-1,NORMAL,1,TIER_1_SPIKE,True
20260924,AWS-DEL-011,DEL,2025-03-21 09:00:00+00:00,drift,25.1,989.662303481869,42.42877614822589,1.0,3,TIER_3_STATIC_MAHALANOBIS,-1,NORMAL,-1,NORMAL,False
20260924,AWS-RAN-103,RAN,2025-03-21 09:00:00+00:00,frozen_value,26.8,979.762303481869,60.0,1.0,3,TIER_3_STATIC_MAHALANOBIS,-1,NORMAL,-1,NORMAL,False
20260924,AWS-RAN-067,RAN,2025-03-21 09:00:00+00:00,drift,26.61840082925582,946.4,60.133191432465985,1.0,3,TIER_3_STATIC_MAHALANOBIS,-1,NORMAL,-1,NORMAL,False
20260924,AWS-KOL-101,KOL,2025-03-21 16:00:00+00:00,drift,28.0,1012.9,58.43485344065901,15.0,1,TIER_1_SPIKE,-1,NORMAL,1,TIER_1_SPIKE,True
20260924,AWS-CHN-024,CHN,2025-03-21 16:00:00+00:00,drift,30.8,1009.8,66.4310740747848,4.0,1,TIER_1_SPIKE,-1,NORMAL,-1,NORMAL,False
20260924,AWS-KOL-015,KOL,2025-03-21 16:00:00+00:00,drift,32.77498108514624,1011.5,51.65478793689935,7.0,1,TIER_1_SPIKE,-1,NORMAL,-1,NORMAL,False
20260924,AWS-CHN-024,CHN,2025-03-21 17:00:00+00:00,drift,30.79758634434367,1009.9,70.8599583341329,5.0,1,TIER_1_SPIKE,-1,NORMAL,-1,NORMAL,False
20260924,AWS-KOL-102,KOL,2025-03-22 00:00:00+00:00,drift,28.211254491653015,1012.7,85.20346788820561,32.0,1,TIER_1_SPIKE,-1,NORMAL,-1,NORMAL,False
20260924,AWS-KOL-102,KOL,2025-03-22 01:00:00+00:00,drift,28.490794201740016,1012.1,90.86073095587882,33.0,1,TIER_1_SPIKE,-1,NORMAL,-1,NORMAL,False
20260924,AWS-KOL-102,KOL,2025-03-22 02:00:00+00:00,drift,28.570333911827017,1012.8,88.53527548892852,34.0,1,TIER_1_SPIKE,-1,NORMAL,2,TIER_2_ROC_CUSUM,True
20260924,AWS-KOL-102,KOL,2025-03-22 03:00:00+00:00,drift,28.349873621914018,1011.7,93.22655909764421,35.0,1,TIER_1_SPIKE,-1,NORMAL,2,TIER_2_ROC_CUSUM,True
20260924,AWS-CHN-102,CHN,2025-03-22 03:00:00+00:00,drift,26.9,1009.0,96.15727753071181,1.0,3,TIER_3_STATIC_MAHALANOBIS,-1,NORMAL,2,TIER_2_ROC_CUSUM,True
20260924,AWS-CHN-102,CHN,2025-03-22 04:00:00+00:00,drift,26.3,1009.0,99.58660792706507,2.0,1,TIER_1_SPIKE,-1,NORMAL,1,TIER_1_SPIKE,True
20260924,AWS-KOL-102,KOL,2025-03-22 04:00:00+00:00,drift,28.62941333200102,1012.5,95.93408444539406,36.0,1,TIER_1_SPIKE,-1,NORMAL,2,TIER_2_ROC_CUSUM,True
20260924,AWS-CHN-102,CHN,2025-03-22 05:00:00+00:00,drift,26.1,1009.6,100.0,3.0,1,TIER_1_SPIKE,-1,NORMAL,1,TIER_1_SPIKE,True
20260924,AWS-KOL-102,KOL,2025-03-22 05:00:00+00:00,drift,28.50895304208802,1013.2,99.65739341157138,37.0,1,TIER_1_SPIKE,-1,NORMAL,-1,NORMAL,False
20260924,AWS-KOL-102,KOL,2025-03-22 06:00:00+00:00,drift,28.48849275217502,1014.2,97.39606225624392,38.0,1,TIER_1_SPIKE,-1,NORMAL,2,TIER_2_ROC_CUSUM,True
20260924,AWS-KOL-102,KOL,2025-03-22 07:00:00+00:00,drift,29.06803246226202,1015.4,95.14969757632461,39.0,1,TIER_1_SPIKE,-1,NORMAL,2,TIER_2_ROC_CUSUM,True
20260924,AWS-VAR-101,VAR,2025-03-22 08:00:00+00:00,drift,24.4,1005.3,73.2913556503847,1.0,3,TIER_3_STATIC_MAHALANOBIS,-1,NORMAL,1,TIER_1_SPIKE,True
20260924,AWS-KOL-102,KOL,2025-03-22 08:00:00+00:00,drift,29.44757217234902,1015.9,98.91793289451375,40.0,1,TIER_1_SPIKE,-1,NORMAL,1,TIER_1_SPIKE,True
20260924,AWS-CHN-024,CHN,2025-03-22 08:00:00+00:00,drift,29.9,1013.6,81.29322222435441,20.0,1,TIER_1_SPIKE,-1,NORMAL,-1,NORMAL,False
20260924,AWS-DEL-011,DEL,2025-03-22 09:00:00+00:00,drift,26.2,990.4,43.71940370564741,1.0,3,TIER_3_STATIC_MAHALANOBIS,-1,NORMAL,-1,NORMAL,False
20260924,AWS-MUM-103,MUM,2025-03-22 11:00:00+00:00,frozen_value,33.4,1012.7,27.0,1.0,1,TIER_1_SPIKE,-1,NORMAL,-1,NORMAL,False
20260924,AWS-RAN-103,RAN,2025-03-22 15:00:00+00:00,frozen_value,27.4,980.262280369362,48.0,1.0,3,TIER_3_STATIC_MAHALANOBIS,-1,NORMAL,-1,NORMAL,False
20260924,AWS-CHN-024,CHN,2025-03-22 16:00:00+00:00,drift,30.5,1009.1,79.72429629913921,2.0,1,TIER_1_SPIKE,-1,NORMAL,-1,NORMAL,False
20260924,AWS-CHN-024,CHN,2025-03-22 17:00:00+00:00,drift,30.0,1009.5,84.15318055848732,3.0,1,TIER_1_SPIKE,-1,NORMAL,-1,NORMAL,False
20260924,AWS-CHN-024,CHN,2025-03-22 18:00:00+00:00,drift,29.4,1010.4,88.58206481783542,4.0,1,TIER_1_SPIKE,-1,NORMAL,-1,NORMAL,False
20260924,AWS-DEL-011,DEL,2025-03-22 19:00:00+00:00,drift,26.9,988.4,42.00716518790637,1.0,3,TIER_3_STATIC_MAHALANOBIS,-1,NORMAL,-1,NORMAL,False
20260924,AWS-CHN-024,CHN,2025-03-22 19:00:00+00:00,drift,29.0,1011.6,93.01094907718351,5.0,1,TIER_1_SPIKE,-1,NORMAL,-1,NORMAL,False
20260924,AWS-KOL-102,KOL,2025-03-22 19:00:00+00:00,multivariate_inconsistency,30.357654476461434,1014.1970299984981,100.0,51.0,1,TIER_1_SPIKE,-1,NORMAL,1,TIER_1_SPIKE,True
20260924,AWS-CHN-024,CHN,2025-03-22 20:00:00+00:00,drift,28.7,1012.1,95.43983333653162,6.0,1,TIER_1_SPIKE,-1,NORMAL,-1,NORMAL,False
20260924,AWS-KOL-102,KOL,2025-03-22 23:00:00+00:00,multivariate_inconsistency,31.138665584386104,1014.281128358253,100.0,55.0,1,TIER_1_SPIKE,-1,NORMAL,1,TIER_1_SPIKE,True
20260924,AWS-KOL-102,KOL,2025-03-23 00:00:00+00:00,multivariate_inconsistency,30.838665584386103,1013.2919385765287,100.0,56.0,1,TIER_1_SPIKE,-1,NORMAL,1,TIER_1_SPIKE,True
20260924,AWS-KOL-102,KOL,2025-03-23 01:00:00+00:00,multivariate_inconsistency,30.738665584386105,1012.5320768920526,100.0,57.0,1,TIER_1_SPIKE,-1,NORMAL,1,TIER_1_SPIKE,True
20260924,AWS-KOL-102,KOL,2025-03-23 02:00:00+00:00,multivariate_inconsistency,30.238665584386105,1011.80203126218,100.0,58.0,1,TIER_1_SPIKE,-1,NORMAL,-1,NORMAL,False
20260924,AWS-BHO-101,BHO,2025-03-23 08:00:00+00:00,drift,26.076028430703143,959.9,28.0,1.0,3,TIER_3_STATIC_MAHALANOBIS,-1,NORMAL,-1,NORMAL,False
20260924,AWS-BHO-103,BHO,2025-03-23 08:00:00+00:00,drift,25.27609007303094,966.0,33.0,1.0,3,TIER_3_STATIC_MAHALANOBIS,-1,NORMAL,-1,NORMAL,False
20260924,AWS-BHO-102,BHO,2025-03-23 09:00:00+00:00,drift,28.349308391858816,968.5,25.0,1.0,3,TIER_3_STATIC_MAHALANOBIS,-1,NORMAL,-1,NORMAL,False
20260924,AWS-KOL-101,KOL,2025-03-23 09:00:00+00:00,drift,26.949075714158493,1016.7,66.0,1.0,1,TIER_1_SPIKE,-1,NORMAL,1,TIER_1_SPIKE,True
20260924,AWS-DEL-011,DEL,2025-03-23 09:00:00+00:00,drift,27.449217593295838,992.3,31.0,1.0,3,TIER_3_STATIC_MAHALANOBIS,-1,NORMAL,-1,NORMAL,False
20260924,AWS-KOL-101,KOL,2025-03-23 11:00:00+00:00,drift,26.548921257667438,1015.8,68.0,3.0,1,TIER_1_SPIKE,-1,NORMAL,1,TIER_1_SPIKE,True
20260924,AWS-KOL-101,KOL,2025-03-23 17:00:00+00:00,drift,27.499064178048567,1012.2,68.0,9.0,1,TIER_1_SPIKE,-1,NORMAL,1,TIER_1_SPIKE,True
20260924,AWS-RAN-101,RAN,2025-03-23 18:00:00+00:00,frozen_value,20.7,942.4,63.0,1.0,3,TIER_3_STATIC_MAHALANOBIS,-1,NORMAL,-1,NORMAL,False
20260924,AWS-VAR-052,VAR,2025-03-23 18:00:00+00:00,frozen_value,29.3,1003.0,25.0,1.0,3,TIER_3_STATIC_MAHALANOBIS,-1,NORMAL,-1,NORMAL,False
20260924,AWS-BHO-102,BHO,2025-03-23 19:00:00+00:00,drift,29.017677902646017,964.4132044187626,14.0,1.0,3,TIER_3_STATIC_MAHALANOBIS,-1,NORMAL,-1,NORMAL,False
20260924,AWS-VAR-102,VAR,2025-03-23 19:00:00+00:00,frozen_value,25.5,1003.7,35.0,12.0,1,TIER_1_SPIKE,-1,NORMAL,-1,NORMAL,False
20260924,AWS-RAN-101,RAN,2025-03-23 19:00:00+00:00,frozen_value,20.1,942.8,63.0,1.0,3,TIER_3_STATIC_MAHALANOBIS,-1,NORMAL,-1,NORMAL,False
20260924,AWS-BHO-030,BHO,2025-03-23 20:00:00+00:00,frozen_value,28.8,958.7,11.0,1.0,3,TIER_3_STATIC_MAHALANOBIS,-1,NORMAL,-1,NORMAL,False
20260924,AWS-VAR-103,VAR,2025-03-23 20:00:00+00:00,frozen_value,24.6,1003.6,33.0,22.0,1,TIER_1_SPIKE,-1,NORMAL,-1,NORMAL,False
20260924,AWS-BHO-103,BHO,2025-03-23 20:00:00+00:00,drift,26.343421986351842,962.6125296269188,19.0,1.0,3,TIER_3_STATIC_MAHALANOBIS,-1,NORMAL,-1,NORMAL,False
20260924,AWS-BHO-103,BHO,2025-03-23 21:00:00+00:00,drift,26.180557822018876,962.6083372458445,18.0,1.0,3,TIER_3_STATIC_MAHALANOBIS,-1,NORMAL,-1,NORMAL,False
20260924,AWS-DEL-011,DEL,2025-03-23 21:00:00+00:00,drift,27.980455285371118,989.5083372458445,30.0,1.0,3,TIER_3_STATIC_MAHALANOBIS,-1,NORMAL,-1,NORMAL,False
20260924,AWS-BHO-101,BHO,2025-03-23 22:00:00+00:00,drift,26.928039309768096,957.2071477693833,17.0,1.0,3,TIER_3_STATIC_MAHALANOBIS,-1,NORMAL,-1,NORMAL,False
20260924,AWS-DEL-011,DEL,2025-03-23 22:00:00+00:00,drift,27.628423075966197,989.4071477693833,32.0,1.0,3,TIER_3_STATIC_MAHALANOBIS,-1,NORMAL,-1,NORMAL,False
20260924,AWS-BHO-103,BHO,2025-03-23 22:00:00+00:00,drift,26.52853244839047,962.5071477693833,17.0,1.0,3,TIER_3_STATIC_MAHALANOBIS,-1,NORMAL,-1,NORMAL,False
20260924,AWS-VAR-101,VAR,2025-03-23 23:00:00+00:00,drift,24.788008818139815,1002.8363055131015,53.0,1.0,3,TIER_3_STATIC_MAHALANOBIS,-1,NORMAL,1,TIER_1_SPIKE,True
20260924,AWS-VAR-101,VAR,2025-03-24 00:00:00+00:00,drift,24.35704975220255,1002.8359727757303,56.0,1.0,3,TIER_3_STATIC_MAHALANOBIS,-1,NORMAL,1,TIER_1_SPIKE,True
20260924,AWS-VAR-101,VAR,2025-03-24 01:00:00+00:00,drift,24.036299733841936,1002.8323040457868,59.0,1.0,3,TIER_3_STATIC_MAHALANOBIS,-1,NORMAL,1,TIER_1_SPIKE,True
20260924,AWS-RAN-103,RAN,2025-03-24 09:00:00+00:00,drift,28.6,982.0,40.94398186484328,1.0,3,TIER_3_STATIC_MAHALANOBIS,-1,NORMAL,-1,NORMAL,False
20260924,AWS-MUM-103,MUM,2025-03-24 18:00:00+00:00,drift,31.8,1007.5208927186126,43.541428607025885,8.0,3,TIER_3_STATIC_MAHALANOBIS,-1,NORMAL,-1,NORMAL,False
20260924,AWS-VAR-052,VAR,2025-03-24 18:00:00+00:00,drift,30.6,1002.2397050404694,24.0,1.0,3,TIER_3_STATIC_MAHALANOBIS,-1,NORMAL,-1,NORMAL,False
20260924,AWS-MUM-102,MUM,2025-03-24 18:00:00+00:00,unstructured_anomaly,36.45179007815298,999.2659439476176,33.58113616491424,25.0,1,TIER_1_SPIKE,-1,NORMAL,-1,NORMAL,False
20260924,AWS-BHO-030,BHO,2025-03-24 19:00:00+00:00,drift,29.5,957.5655292922706,17.0,1.0,3,TIER_3_STATIC_MAHALANOBIS,-1,NORMAL,-1,NORMAL,False
20260924,AWS-KOL-102,KOL,2025-03-24 20:00:00+00:00,unstructured_anomaly,31.857068627306372,1004.4781046426481,84.40506427409242,1.0,1,TIER_1_SPIKE,-1,NORMAL,-1,NORMAL,False
20260924,AWS-VAR-101,VAR,2025-03-24 22:00:00+00:00,drift,25.2,1004.3762076835695,42.0,1.0,3,TIER_3_STATIC_MAHALANOBIS,-1,NORMAL,1,TIER_1_SPIKE,True
20260924,AWS-DEL-011,DEL,2025-03-24 22:00:00+00:00,drift,26.4,989.5557654957598,34.0,1.0,3,TIER_3_STATIC_MAHALANOBIS,-1,NORMAL,-1,NORMAL,False
20260924,AWS-RAN-102,RAN,2025-03-25 00:00:00+00:00,drift,20.1,972.5,58.0,1.0,3,TIER_3_STATIC_MAHALANOBIS,-1,NORMAL,-1,NORMAL,False
20260924,AWS-DEL-101,DEL,2025-03-25 01:00:00+00:00,drift,20.2,988.1190307224381,58.0,1.0,3,TIER_3_STATIC_MAHALANOBIS,-1,NORMAL,-1,NORMAL,False
20260924,AWS-DEL-103,DEL,2025-03-25 02:00:00+00:00,drift,19.1,985.3859175209038,66.0,1.0,3,TIER_3_STATIC_MAHALANOBIS,-1,NORMAL,1,TIER_1_SPIKE,True
20260924,AWS-KOL-103,KOL,2025-03-25 03:00:00+00:00,drift,20.8,1008.3067075452105,84.0,18.0,1,TIER_1_SPIKE,-1,NORMAL,1,TIER_1_SPIKE,True
20260924,AWS-KOL-103,KOL,2025-03-25 04:00:00+00:00,drift,20.3,1008.1616178223051,85.0,19.0,1,TIER_1_SPIKE,-1,NORMAL,1,TIER_1_SPIKE,True
20260924,AWS-CHN-101,CHN,2025-03-25 04:00:00+00:00,drift,25.5640171586624,1008.6663397651822,97.0,1.0,3,TIER_3_STATIC_MAHALANOBIS,-1,NORMAL,-1,NORMAL,False
20260924,AWS-DEL-102,DEL,2025-03-25 04:00:00+00:00,drift,20.3,982.9431661210318,54.0,1.0,3,TIER_3_STATIC_MAHALANOBIS,-1,NORMAL,-1,NORMAL,False
20260924,AWS-CHN-102,CHN,2025-03-25 04:00:00+00:00,drift,25.863958094372265,1008.5768762602273,99.0,1.0,3,TIER_3_STATIC_MAHALANOBIS,-1,NORMAL,1,TIER_1_SPIKE,True
20260924,AWS-DEL-102,DEL,2025-03-25 05:00:00+00:00,drift,19.7,982.7386005229934,56.0,1.0,3,TIER_3_STATIC_MAHALANOBIS,-1,NORMAL,2,TIER_2_ROC_CUSUM,True
20260924,AWS-DEL-102,DEL,2025-03-25 06:00:00+00:00,drift,19.2,983.3167911790317,60.0,1.0,3,TIER_3_STATIC_MAHALANOBIS,-1,NORMAL,1,TIER_1_SPIKE,True
20260924,AWS-RAN-101,RAN,2025-03-25 06:00:00+00:00,drift,19.3,938.8887428183592,70.0,1.0,3,TIER_3_STATIC_MAHALANOBIS,-1,NORMAL,-1,NORMAL,False
20260924,AWS-BHO-101,BHO,2025-03-25 07:00:00+00:00,drift,24.963541711986526,956.1,28.0,1.0,3,TIER_3_STATIC_MAHALANOBIS,-1,NORMAL,-1,NORMAL,False
20260924,AWS-KOL-101,KOL,2025-03-25 07:00:00+00:00,drift,26.163284796403783,1014.106342493714,88.0,9.0,1,TIER_1_SPIKE,-1,NORMAL,1,TIER_1_SPIKE,True
20260924,AWS-DEL-103,DEL,2025-03-25 07:00:00+00:00,drift,20.0,985.2599745640616,61.0,1.0,3,TIER_3_STATIC_MAHALANOBIS,-1,NORMAL,1,TIER_1_SPIKE,True
20260924,AWS-DEL-101,DEL,2025-03-25 07:00:00+00:00,drift,20.4,987.0608748548254,58.0,1.0,3,TIER_3_STATIC_MAHALANOBIS,-1,NORMAL,-1,NORMAL,False
20260924,AWS-RAN-067,RAN,2025-03-25 08:00:00+00:00,drift,25.7,940.7973577992447,40.0,1.0,3,TIER_3_STATIC_MAHALANOBIS,-1,NORMAL,-1,NORMAL,False
20260924,AWS-BHO-102,BHO,2025-03-25 08:00:00+00:00,drift,28.096950976888834,965.3,27.0,1.0,3,TIER_3_STATIC_MAHALANOBIS,-1,NORMAL,-1,NORMAL,False
20260924,AWS-CHN-103,CHN,2025-03-25 08:00:00+00:00,drift,29.0,1005.3998388169853,71.0,2.0,1,TIER_1_SPIKE,-1,NORMAL,-1,NORMAL,False
20260924,AWS-BHO-103,BHO,2025-03-25 08:00:00+00:00,drift,27.79673237476465,963.4,32.0,1.0,3,TIER_3_STATIC_MAHALANOBIS,-1,NORMAL,-1,NORMAL,False
20260924,AWS-DEL-011,DEL,2025-03-25 08:00:00+00:00,drift,27.29676128016373,990.3011651259665,41.0,1.0,3,TIER_3_STATIC_MAHALANOBIS,-1,NORMAL,-1,NORMAL,False
20260924,AWS-RAN-103,RAN,2025-03-25 08:00:00+00:00,drift,29.297450647407036,981.0199190032035,38.86654857928858,1.0,3,TIER_3_STATIC_MAHALANOBIS,-1,NORMAL,-1,NORMAL,False
20260924,AWS-VAR-052,VAR,2025-03-25 09:00:00+00:00,drift,30.5,1007.0077251872889,31.0,1.0,3,TIER_3_STATIC_MAHALANOBIS,-1,NORMAL,-1,NORMAL,False
20260924,AWS-BHO-030,BHO,2025-03-25 09:00:00+00:00,drift,29.3,961.658114441286,23.0,1.0,3,TIER_3_STATIC_MAHALANOBIS,-1,NORMAL,-1,NORMAL,False
20260924,AWS-MUM-102,MUM,2025-03-25 11:00:00+00:00,drift,35.9,1006.62810116015,29.0,1.0,1,TIER_1_SPIKE,-1,NORMAL,-1,NORMAL,False
20260924,AWS-VAR-052,VAR,2025-03-25 18:00:00+00:00,drift,31.4,1005.0739017289973,26.0,1.0,3,TIER_3_STATIC_MAHALANOBIS,-1,NORMAL,-1,NORMAL,False
20260924,AWS-BHO-030,BHO,2025-03-25 19:00:00+00:00,drift,30.5,959.3546102020522,28.0,1.0,3,TIER_3_STATIC_MAHALANOBIS,-1,NORMAL,-1,NORMAL,False
20260924,AWS-CHN-103,CHN,2025-03-25 19:00:00+00:00,drift,27.9,998.9261705803784,71.0,13.0,1,TIER_1_SPIKE,-1,NORMAL,-1,NORMAL,False
20260924,AWS-MUM-007,MUM,2025-03-25 22:00:00+00:00,drift,27.1,1004.0530501222294,78.0,1.0,3,TIER_3_STATIC_MAHALANOBIS,-1,NORMAL,-1,NORMAL,False
20260924,AWS-MUM-007,MUM,2025-03-25 23:00:00+00:00,drift,26.7,1003.3283614024579,80.0,2.0,1,TIER_1_SPIKE,-1,NORMAL,-1,NORMAL,False
20260924,AWS-BHO-103,BHO,2025-03-25 23:00:00+00:00,drift,29.291286332705745,958.6,25.0,1.0,3,TIER_3_STATIC_MAHALANOBIS,-1,NORMAL,-1,NORMAL,False
20260924,AWS-BHO-103,BHO,2025-03-26 00:00:00+00:00,drift,29.424256596568483,958.2,25.0,1.0,3,TIER_3_STATIC_MAHALANOBIS,-1,NORMAL,-1,NORMAL,False
20260924,AWS-BHO-102,BHO,2025-03-26 00:00:00+00:00,drift,29.12486382469121,960.0,24.0,1.0,3,TIER_3_STATIC_MAHALANOBIS,-1,NORMAL,-1,NORMAL,False
20260924,AWS-MUM-007,MUM,2025-03-26 00:00:00+00:00,drift,26.1,1002.4979354975529,81.0,3.0,1,TIER_1_SPIKE,-1,NORMAL,-1,NORMAL,False
20260924,AWS-MUM-007,MUM,2025-03-26 01:00:00+00:00,drift,25.7,1001.5619163913577,83.0,4.0,1,TIER_1_SPIKE,-1,NORMAL,-1,NORMAL,False
20260924,AWS-BHO-102,BHO,2025-03-26 01:00:00+00:00,drift,29.35785837767886,959.2,25.0,1.0,3,TIER_3_STATIC_MAHALANOBIS,-1,NORMAL,-1,NORMAL,False
20260924,AWS-MUM-007,MUM,2025-03-26 02:00:00+00:00,drift,25.4,1000.5204387876273,84.0,5.0,1,TIER_1_SPIKE,-1,NORMAL,-1,NORMAL,False
20260924,AWS-KOL-101,KOL,2025-03-26 02:00:00+00:00,drift,27.688586187862768,1017.2158053021793,91.0,28.0,1,TIER_1_SPIKE,-1,NORMAL,1,TIER_1_SPIKE,True
20260924,AWS-BHO-102,BHO,2025-03-26 02:00:00+00:00,drift,28.790852930666507,958.9,27.0,1.0,3,TIER_3_STATIC_MAHALANOBIS,-1,NORMAL,2,TIER_2_ROC_CUSUM,True
20260924,AWS-KOL-101,KOL,2025-03-26 03:00:00+00:00,drift,27.821496787413242,1017.4191159113427,91.0,29.0,1,TIER_1_SPIKE,-1,NORMAL,1,TIER_1_SPIKE,True
20260924,AWS-BHO-102,BHO,2025-03-26 03:00:00+00:00,drift,28.223847483654154,958.5,30.0,1.0,3,TIER_3_STATIC_MAHALANOBIS,-1,NORMAL,1,TIER_1_SPIKE,True
20260924,AWS-VAR-101,VAR,2025-03-26 03:00:00+00:00,drift,27.324675425774686,1006.5057502268351,54.0,1.0,3,TIER_3_STATIC_MAHALANOBIS,-1,NORMAL,1,TIER_1_SPIKE,True
20260924,AWS-MUM-007,MUM,2025-03-26 03:00:00+00:00,drift,25.326577011942245,999.6736290452471,88.0,6.0,1,TIER_1_SPIKE,-1,NORMAL,-1,NORMAL,False
20260924,AWS-BHO-102,BHO,2025-03-26 04:00:00+00:00,drift,27.856842036641805,958.3,33.0,1.0,3,TIER_3_STATIC_MAHALANOBIS,-1,NORMAL,1,TIER_1_SPIKE,True
20260924,AWS-MUM-007,MUM,2025-03-26 04:00:00+00:00,drift,25.389433949795922,999.5216059877522,91.0,7.0,1,TIER_1_SPIKE,-1,NORMAL,2,TIER_2_ROC_CUSUM,True
20260924,AWS-VAR-101,VAR,2025-03-26 04:00:00+00:00,drift,27.057699548123782,1007.0640754722277,58.0,1.0,3,TIER_3_STATIC_MAHALANOBIS,-1,NORMAL,1,TIER_1_SPIKE,True
20260924,AWS-KOL-101,KOL,2025-03-26 04:00:00+00:00,drift,27.954407386963716,1018.2308843120081,92.0,30.0,1,TIER_1_SPIKE,-1,NORMAL,1,TIER_1_SPIKE,True
20260924,AWS-KOL-101,KOL,2025-03-26 05:00:00+00:00,drift,28.187317986514188,1019.2510245424503,92.0,31.0,1,TIER_1_SPIKE,-1,NORMAL,1,TIER_1_SPIKE,True
20260924,AWS-MUM-007,MUM,2025-03-26 05:00:00+00:00,drift,25.435755871798182,999.4644816079661,91.94962940606787,8.0,1,TIER_1_SPIKE,-1,NORMAL,2,TIER_2_ROC_CUSUM,True
20260924,AWS-VAR-101,VAR,2025-03-26 05:00:00+00:00,drift,26.890723670472877,1008.029898290608,60.0,1.0,3,TIER_3_STATIC_MAHALANOBIS,-1,NORMAL,1,TIER_1_SPIKE,True
20260924,AWS-BHO-102,BHO,2025-03-26 05:00:00+00:00,drift,27.289836589629452,958.7,35.950521846263534,1.0,3,TIER_3_STATIC_MAHALANOBIS,-1,NORMAL,1,TIER_1_SPIKE,True
20260924,AWS-DEL-103,DEL,2025-03-26 06:00:00+00:00,drift,20.03463121872522,981.7,62.84178765953485,1.0,3,TIER_3_STATIC_MAHALANOBIS,-1,NORMAL,1,TIER_1_SPIKE,True
20260924,AWS-DEL-101,DEL,2025-03-26 06:00:00+00:00,drift,20.93463121872522,983.4,56.841871612091246,1.0,3,TIER_3_STATIC_MAHALANOBIS,-1,NORMAL,-1,NORMAL,False
20260924,AWS-BHO-102,BHO,2025-03-26 06:00:00+00:00,drift,27.7228311426171,959.4,38.843309548422525,1.0,3,TIER_3_STATIC_MAHALANOBIS,-1,NORMAL,1,TIER_1_SPIKE,True
20260924,AWS-RAN-101,RAN,2025-03-26 06:00:00+00:00,drift,20.43463121872522,937.4,51.84175200453805,1.0,3,TIER_3_STATIC_MAHALANOBIS,-1,NORMAL,-1,NORMAL,False
20260924,AWS-DEL-011,DEL,2025-03-26 06:00:00+00:00,drift,29.022177742786173,992.1807020001443,56.0,1.0,3,TIER_3_STATIC_MAHALANOBIS,-1,NORMAL,-1,NORMAL,False
20260924,AWS-RAN-101,RAN,2025-03-26 07:00:00+00:00,drift,20.427643916934592,939.3,45.68961161366478,1.0,3,TIER_3_STATIC_MAHALANOBIS,-1,NORMAL,-1,NORMAL,False
20260924,AWS-VAR-052,VAR,2025-03-26 09:00:00+00:00,drift,32.3,999.7,21.129163786884877,1.0,3,TIER_3_STATIC_MAHALANOBIS,-1,NORMAL,-1,NORMAL,False
20260924,AWS-BHO-030,BHO,2025-03-26 09:00:00+00:00,drift,31.6,956.0,16.134268844006222,1.0,3,TIER_3_STATIC_MAHALANOBIS,-1,NORMAL,-1,NORMAL,False
20260924,AWS-MUM-102,MUM,2025-03-26 12:00:00+00:00,drift,34.6,1007.2,41.406622554958375,1.0,1,TIER_1_SPIKE,-1,NORMAL,-1,NORMAL,False
20260924,AWS-MUM-102,MUM,2025-03-26 13:00:00+00:00,drift,35.0,1006.2,38.06040814952386,2.0,1,TIER_1_SPIKE,-1,NORMAL,2,TIER_2_ROC_CUSUM,True
20260924,AWS-MUM-102,MUM,2025-03-26 14:00:00+00:00,drift,35.0,1005.3,33.68730016146642,3.0,1,TIER_1_SPIKE,-1,NORMAL,1,TIER_1_SPIKE,True
20260924,AWS-MUM-102,MUM,2025-03-26 15:00:00+00:00,drift,34.6,1004.7,31.288202059146645,4.0,1,TIER_1_SPIKE,-1,NORMAL,1,TIER_1_SPIKE,True
20260924,AWS-RAN-067,RAN,2025-03-26 18:00:00+00:00,drift,25.3,936.2,23.945612481140763,1.0,3,TIER_3_STATIC_MAHALANOBIS,-1,NORMAL,-1,NORMAL,False
20260924,AWS-BHO-103,BHO,2025-03-26 18:00:00+00:00,drift,30.9,956.6,15.956168350183923,1.0,3,TIER_3_STATIC_MAHALANOBIS,-1,NORMAL,-1,NORMAL,False
20260924,AWS-VAR-052,VAR,2025-03-26 19:00:00+00:00,drift,32.5,995.6,12.151597469104011,1.0,3,TIER_3_STATIC_MAHALANOBIS,-1,NORMAL,-1,NORMAL,False
20260924,AWS-RAN-067,RAN,2025-03-26 19:00:00+00:00,drift,24.7,936.6,25.449865999722228,1.0,3,TIER_3_STATIC_MAHALANOBIS,-1,NORMAL,-1,NORMAL,False
20260924,AWS-CHN-103,CHN,2025-03-26 19:00:00+00:00,drift,28.6,1001.9,64.44122758334213,21.0,1,TIER_1_SPIKE,-1,NORMAL,-1,NORMAL,False
20260924,AWS-KOL-102,KOL,2025-03-26 19:00:00+00:00,drift,29.5,1004.6,58.44343858497784,48.0,1,TIER_1_SPIKE,-1,NORMAL,-1,NORMAL,False
20260924,AWS-BHO-030,BHO,2025-03-26 19:00:00+00:00,drift,31.3,951.9,11.16062949324178,1.0,3,TIER_3_STATIC_MAHALANOBIS,-1,NORMAL,-1,NORMAL,False
20260924,AWS-VAR-102,VAR,2025-03-26 20:00:00+00:00,drift,27.0,996.5,25.93495833690595,14.0,1,TIER_1_SPIKE,-1,NORMAL,-1,NORMAL,False
20260924,AWS-VAR-103,VAR,2025-03-26 21:00:00+00:00,drift,26.4,995.8,23.39379253818562,12.0,1,TIER_1_SPIKE,-1,NORMAL,-1,NORMAL,False
20260924,AWS-RAN-102,RAN,2025-03-26 21:00:00+00:00,drift,22.0,968.4,42.38918170009939,1.0,3,TIER_3_STATIC_MAHALANOBIS,-1,NORMAL,-1,NORMAL,False
20260924,AWS-VAR-103,VAR,2025-03-26 22:00:00+00:00,drift,26.1,995.8,22.831246825511275,13.0,1,TIER_1_SPIKE,-1,NORMAL,-1,NORMAL,False
20260924,AWS-BHO-101,BHO,2025-03-26 22:00:00+00:00,drift,26.8,952.6,13.845400929715698,1.0,3,TIER_3_STATIC_MAHALANOBIS,-1,NORMAL,-1,NORMAL,False
20260924,AWS-RAN-101,RAN,2025-03-27 00:00:00+00:00,drift,21.3,936.3,31.637167739222356,1.0,3,TIER_3_STATIC_MAHALANOBIS,-1,NORMAL,-1,NORMAL,False
20260924,AWS-MUM-007,MUM,2025-03-27 02:00:00+00:00,drift,24.8,1008.4,82.36192984685557,8.0,1,TIER_1_SPIKE,-1,NORMAL,-1,NORMAL,False
20260924,AWS-MUM-007,MUM,2025-03-27 03:00:00+00:00,drift,24.5,1008.0,83.69509589135208,9.0,1,TIER_1_SPIKE,-1,NORMAL,-1,NORMAL,False
20260924,AWS-DEL-101,DEL,2025-03-27 04:00:00+00:00,drift,22.3,982.4,39.01258020904092,1.0,3,TIER_3_STATIC_MAHALANOBIS,-1,NORMAL,-1,NORMAL,False
20260924,AWS-DEL-103,DEL,2025-03-27 04:00:00+00:00,drift,21.7,980.5,45.01157277836416,1.0,3,TIER_3_STATIC_MAHALANOBIS,-1,NORMAL,1,TIER_1_SPIKE,True
20260924,AWS-MUM-007,MUM,2025-03-27 04:00:00+00:00,drift,24.3,1008.1,84.00841688032027,10.0,1,TIER_1_SPIKE,-1,NORMAL,2,TIER_2_ROC_CUSUM,True
20260924,AWS-DEL-103,DEL,2025-03-27 05:00:00+00:00,drift,21.4,980.9,44.30545169556491,1.0,3,TIER_3_STATIC_MAHALANOBIS,-1,NORMAL,1,TIER_1_SPIKE,True
20260924,AWS-DEL-101,DEL,2025-03-27 05:00:00+00:00,drift,22.4,982.8,35.306501102519874,1.0,3,TIER_3_STATIC_MAHALANOBIS,-1,NORMAL,2,TIER_2_ROC_CUSUM,True
20260924,AWS-MUM-007,MUM,2025-03-27 05:00:00+00:00,drift,24.4,1008.5,82.3021643017692,11.0,1,TIER_1_SPIKE,-1,NORMAL,2,TIER_2_ROC_CUSUM,True
20260924,AWS-RAN-101,RAN,2025-03-27 06:00:00+00:00,drift,21.5,936.5,29.57955043548399,1.0,3,TIER_3_STATIC_MAHALANOBIS,-1,NORMAL,-1,NORMAL,False
20260924,AWS-DEL-102,DEL,2025-03-27 06:00:00+00:00,drift,21.0,980.7,36.584674578408205,1.0,3,TIER_3_STATIC_MAHALANOBIS,-1,NORMAL,1,TIER_1_SPIKE,True
20260924,AWS-MUM-007,MUM,2025-03-27 06:00:00+00:00,drift,25.0,1009.6,80.57659506089477,12.0,1,TIER_1_SPIKE,-1,NORMAL,2,TIER_2_ROC_CUSUM,True
20260924,AWS-BHO-101,BHO,2025-03-27 07:00:00+00:00,drift,26.5,953.8,16.862879943367915,1.0,3,TIER_3_STATIC_MAHALANOBIS,-1,NORMAL,-1,NORMAL,False
20260924,AWS-RAN-067,RAN,2025-03-27 07:00:00+00:00,drift,24.9,937.9,23.836377137909682,1.0,3,TIER_3_STATIC_MAHALANOBIS,-1,NORMAL,-1,NORMAL,False
20260924,AWS-CHN-103,CHN,2025-03-27 07:00:00+00:00,drift,27.3,1004.3,66.8208279884255,1.0,1,TIER_1_SPIKE,-1,NORMAL,-1,NORMAL,False
20260924,AWS-MUM-007,MUM,2025-03-27 07:00:00+00:00,drift,25.2,1010.2,78.83195280203465,13.0,1,TIER_1_SPIKE,-1,NORMAL,-1,NORMAL,False
20260924,AWS-RAN-102,RAN,2025-03-27 07:00:00+00:00,drift,23.2,968.9,38.83432569127727,1.0,3,TIER_3_STATIC_MAHALANOBIS,-1,NORMAL,-1,NORMAL,False
20260924,AWS-KOL-102,KOL,2025-03-27 08:00:00+00:00,drift,30.3,1006.3,48.061059424905494,61.0,1,TIER_1_SPIKE,-1,NORMAL,-1,NORMAL,False
20260924,AWS-VAR-102,VAR,2025-03-27 08:00:00+00:00,drift,28.3,997.7,22.0794083090559,26.0,1,TIER_1_SPIKE,-1,NORMAL,-1,NORMAL,False
20260924,AWS-BHO-030,BHO,2025-03-27 09:00:00+00:00,drift,32.7,955.7,9.99753440217156,1.0,3,TIER_3_STATIC_MAHALANOBIS,-1,NORMAL,-1,NORMAL,False
20260924,AWS-BHO-103,BHO,2025-03-27 09:00:00+00:00,drift,31.3,961.0,8.312982098977043,1.0,3,TIER_3_STATIC_MAHALANOBIS,-1,NORMAL,-1,NORMAL,False
20260924,AWS-VAR-052,VAR,2025-03-27 09:00:00+00:00,drift,32.8,997.8,12.983004624210801,1.0,3,TIER_3_STATIC_MAHALANOBIS,-1,NORMAL,-1,NORMAL,False
20260924,AWS-MUM-102,MUM,2025-03-27 12:00:00+00:00,drift,33.7,1008.6,29.828374285457336,1.0,1,TIER_1_SPIKE,-1,NORMAL,1,TIER_1_SPIKE,True
20260924,AWS-MUM-102,MUM,2025-03-27 15:00:00+00:00,drift,33.2,1006.0,22.211655823117606,4.0,1,TIER_1_SPIKE,-1,NORMAL,1,TIER_1_SPIKE,True
20260924,AWS-RAN-103,RAN,2025-03-27 17:00:00+00:00,drift,32.7,968.8,19.0,1.0,3,TIER_3_STATIC_MAHALANOBIS,-1,NORMAL,-1,NORMAL,False
20260924,AWS-DEL-102,DEL,2025-03-28 02:00:00+00:00,drift,22.0,980.1,44.88675641302247,1.0,3,TIER_3_STATIC_MAHALANOBIS,-1,NORMAL,-1,NORMAL,False
20260924,AWS-VAR-103,VAR,2025-03-28 02:00:00+00:00,drift,24.6,992.9,29.88704460241835,7.0,1,TIER_1_SPIKE,-1,NORMAL,-1,NORMAL,False
20260924,AWS-DEL-101,DEL,2025-03-28 03:00:00+00:00,drift,23.9,982.7,37.06334901163256,1.0,3,TIER_3_STATIC_MAHALANOBIS,-1,NORMAL,-1,NORMAL,False
20260924,AWS-DEL-011,DEL,2025-03-28 04:00:00+00:00,multivariate_inconsistency,30.14954257412045,982.3467030398258,48.656243357115976,1.0,3,TIER_3_STATIC_MAHALANOBIS,-1,NORMAL,-1,NORMAL,False
20260924,AWS-DEL-103,DEL,2025-03-28 04:00:00+00:00,drift,23.0,981.5,33.24029111806568,1.0,3,TIER_3_STATIC_MAHALANOBIS,-1,NORMAL,1,TIER_1_SPIKE,True
20260924,AWS-RAN-101,RAN,2025-03-28 05:00:00+00:00,drift,23.4,935.5,24.41733495546923,1.0,3,TIER_3_STATIC_MAHALANOBIS,-1,NORMAL,-1,NORMAL,False
20260924,AWS-RAN-103,RAN,2025-03-28 08:00:00+00:00,drift,32.8,973.4,21.200992909556938,1.0,3,TIER_3_STATIC_MAHALANOBIS,-1,NORMAL,-1,NORMAL,False
20260924,AWS-MUM-102,MUM,2025-03-28 10:00:00+00:00,drift,31.7,999.710944347972,34.30157805737798,23.0,1,TIER_1_SPIKE,-1,NORMAL,1,TIER_1_SPIKE,True
20260924,AWS-BHO-030,BHO,2025-03-28 10:00:00+00:00,spike,31.9,947.8109443479719,16.0,1.0,3,TIER_3_STATIC_MAHALANOBIS,-1,NORMAL,-1,NORMAL,False
20260924,AWS-MUM-103,MUM,2025-03-28 11:00:00+00:00,drift,34.1,999.010944347972,29.606046960422688,20.0,3,TIER_3_STATIC_MAHALANOBIS,-1,NORMAL,-1,NORMAL,False
20260924,AWS-RAN-103,RAN,2025-03-28 17:00:00+00:00,drift,33.78192516691597,969.6,11.963284519687633,1.0,3,TIER_3_STATIC_MAHALANOBIS,-1,NORMAL,-1,NORMAL,False
20260924,AWS-MUM-102,MUM,2025-03-28 18:00:00+00:00,drift,32.5,1004.0,25.717933784995203,1.0,1,TIER_1_SPIKE,-1,NORMAL,1,TIER_1_SPIKE,True
20260924,AWS-MUM-103,MUM,2025-03-28 18:00:00+00:00,drift,33.84302309945004,1003.9,28.291987378602034,1.0,1,TIER_1_SPIKE,-1,NORMAL,-1,NORMAL,False
20260924,AWS-CHN-101,CHN,2025-03-28 18:00:00+00:00,drift,30.843360836277828,1002.8,57.0,10.0,3,TIER_3_STATIC_MAHALANOBIS,-1,NORMAL,-1,NORMAL,False
20260924,AWS-BHO-030,BHO,2025-03-28 19:00:00+00:00,drift,30.788100268045945,953.5,17.0,1.0,3,TIER_3_STATIC_MAHALANOBIS,-1,NORMAL,-1,NORMAL,False
20260924,AWS-VAR-052,VAR,2025-03-28 19:00:00+00:00,drift,33.08809268544898,994.9,23.0,1.0,3,TIER_3_STATIC_MAHALANOBIS,-1,NORMAL,-1,NORMAL,False
20260924,AWS-KOL-102,KOL,2025-03-28 20:00:00+00:00,drift,31.1,1003.2,37.06634665793541,97.0,1,TIER_1_SPIKE,-1,NORMAL,-1,NORMAL,False
20260924,AWS-CHN-103,CHN,2025-03-28 20:00:00+00:00,drift,29.1,1001.4,51.062811534653505,16.0,1,TIER_1_SPIKE,-1,NORMAL,-1,NORMAL,False
20260924,AWS-VAR-102,VAR,2025-03-28 20:00:00+00:00,drift,30.2,995.8,10.080963148835455,15.0,1,TIER_1_SPIKE,-1,NORMAL,-1,NORMAL,False
20260924,AWS-RAN-067,RAN,2025-03-28 20:00:00+00:00,drift,27.9,936.6,8.07602050951359,1.0,3,TIER_3_STATIC_MAHALANOBIS,-1,NORMAL,-1,NORMAL,False
20260924,AWS-RAN-102,RAN,2025-03-28 21:00:00+00:00,drift,24.6,967.5,25.25149369513053,1.0,3,TIER_3_STATIC_MAHALANOBIS,-1,NORMAL,-1,NORMAL,False
20260924,AWS-VAR-101,VAR,2025-03-29 00:00:00+00:00,drift,27.22105746637258,996.3,27.0,1.0,3,TIER_3_STATIC_MAHALANOBIS,-1,NORMAL,1,TIER_1_SPIKE,True
20260924,AWS-RAN-101,RAN,2025-03-29 01:00:00+00:00,drift,25.2,935.6660550831206,34.0,1.0,3,TIER_3_STATIC_MAHALANOBIS,-1,NORMAL,-1,NORMAL,False
20260924,AWS-VAR-103,VAR,2025-03-29 02:00:00+00:00,drift,25.3,994.3711898280967,24.0,8.0,1,TIER_1_SPIKE,-1,NORMAL,-1,NORMAL,False
20260924,AWS-RAN-101,RAN,2025-03-29 02:00:00+00:00,drift,24.7,934.9163798160276,36.0,1.0,3,TIER_3_STATIC_MAHALANOBIS,-1,NORMAL,2,TIER_2_ROC_CUSUM,True
20260924,AWS-RAN-101,RAN,2025-03-29 03:00:00+00:00,drift,24.3,934.3899661022158,38.0,1.0,3,TIER_3_STATIC_MAHALANOBIS,-1,NORMAL,1,TIER_1_SPIKE,True
20260924,AWS-RAN-101,RAN,2025-03-29 04:00:00+00:00,drift,24.0,934.4009711510017,38.0,1.0,3,TIER_3_STATIC_MAHALANOBIS,-1,NORMAL,1,TIER_1_SPIKE,True
20260924,AWS-RAN-101,RAN,2025-03-29 06:00:00+00:00,drift,23.5,935.3655602771486,43.0,1.0,3,TIER_3_STATIC_MAHALANOBIS,-1,NORMAL,1,TIER_1_SPIKE,True
20260924,AWS-VAR-103,VAR,2025-03-29 08:00:00+00:00,drift,24.6,995.9799515834857,28.0,14.0,1,TIER_1_SPIKE,-1,NORMAL,-1,NORMAL,False
20260924,AWS-CHN-103,CHN,2025-03-29 08:00:00+00:00,drift,30.5,1001.0554821448882,58.0,4.0,1,TIER_1_SPIKE,-1,NORMAL,-1,NORMAL,False
20260924,AWS-MUM-102,MUM,2025-03-29 09:00:00+00:00,drift,32.1,1004.2279299450244,23.0,16.0,1,TIER_1_SPIKE,-1,NORMAL,1,TIER_1_SPIKE,True
20260924,AWS-DEL-101,DEL,2025-03-29 09:00:00+00:00,drift,22.4,984.8553977158576,23.0,1.0,3,TIER_3_STATIC_MAHALANOBIS,-1,NORMAL,-1,NORMAL,False
20260924,AWS-DEL-102,DEL,2025-03-29 09:00:00+00:00,drift,20.4,982.422655463217,30.0,1.0,3,TIER_3_STATIC_MAHALANOBIS,-1,NORMAL,-1,NORMAL,False
20260924,AWS-DEL-103,DEL,2025-03-29 09:00:00+00:00,drift,21.8,982.9501945432403,25.0,1.0,3,TIER_3_STATIC_MAHALANOBIS,-1,NORMAL,1,TIER_1_SPIKE,True
20260924,AWS-CHN-101,CHN,2025-03-29 09:00:00+00:00,drift,31.653423558958128,1007.2,43.0,1.0,1,TIER_1_SPIKE,-1,NORMAL,-1,NORMAL,False
20260924,AWS-VAR-101,VAR,2025-03-29 10:00:00+00:00,drift,27.34327179291492,1000.6,19.0,1.0,3,TIER_3_STATIC_MAHALANOBIS,-1,NORMAL,1,TIER_1_SPIKE,True
20260924,AWS-VAR-102,VAR,2025-03-29 10:00:00+00:00,drift,29.8,995.559719616333,19.0,2.0,1,TIER_1_SPIKE,-1,NORMAL,-1,NORMAL,False
20260924,AWS-MUM-103,MUM,2025-03-29 11:00:00+00:00,drift,34.82967505559866,1011.7926370675706,19.0,18.0,3,TIER_3_STATIC_MAHALANOBIS,-1,NORMAL,-1,NORMAL,False
20260924,AWS-BHO-030,BHO,2025-03-29 12:00:00+00:00,drift,29.208497747512713,956.5,10.0,1.0,3,TIER_3_STATIC_MAHALANOBIS,-1,NORMAL,-1,NORMAL,False
20260924,AWS-VAR-052,VAR,2025-03-29 14:00:00+00:00,drift,31.441074089621782,996.7,10.0,1.0,3,TIER_3_STATIC_MAHALANOBIS,-1,NORMAL,-1,NORMAL,False
20260924,AWS-VAR-052,VAR,2025-03-29 15:00:00+00:00,drift,31.096125429541093,996.1,10.0,1.0,3,TIER_3_STATIC_MAHALANOBIS,-1,NORMAL,-1,NORMAL,False
20260924,AWS-RAN-103,RAN,2025-03-29 15:00:00+00:00,drift,33.49350136111501,978.976395865987,15.0,1.0,3,TIER_3_STATIC_MAHALANOBIS,-1,NORMAL,-1,NORMAL,False
20260924,AWS-MUM-103,MUM,2025-03-29 16:00:00+00:00,drift,35.742588191121094,1008.8198832639148,17.0,1.0,1,TIER_1_SPIKE,-1,NORMAL,-1,NORMAL,False
20260924,AWS-VAR-101,VAR,2025-03-29 17:00:00+00:00,drift,27.981811128229523,996.0,13.0,1.0,3,TIER_3_STATIC_MAHALANOBIS,-1,NORMAL,1,TIER_1_SPIKE,True
20260924,AWS-BHO-030,BHO,2025-03-29 17:00:00+00:00,drift,29.68429033496069,953.2,8.0,1.0,3,TIER_3_STATIC_MAHALANOBIS,-1,NORMAL,-1,NORMAL,False
45456231412727229999,AWS-DEL-101,DEL,2025-03-05 16:00:00+00:00,unstructured_anomaly,17.410763819601186,997.0058846308909,46.85156206352251,1.0,3,TIER_3_STATIC_MAHALANOBIS,-1,NORMAL,-1,NORMAL,False
45456231412727229999,AWS-MUM-102,MUM,2025-03-05 17:00:00+00:00,unstructured_anomaly,29.7461308361895,1015.0738289789495,37.50371362773278,1.0,3,TIER_3_STATIC_MAHALANOBIS,-1,NORMAL,-1,NORMAL,False
45456231412727229999,AWS-KOL-103,KOL,2025-03-05 17:00:00+00:00,unstructured_anomaly,22.3461308361895,1014.2738289789495,55.50371362773278,1.0,1,TIER_1_SPIKE,-1,NORMAL,1,TIER_1_SPIKE,True
45456231412727229999,AWS-VAR-102,VAR,2025-03-06 07:00:00+00:00,unstructured_anomaly,21.58257323744048,996.938808568151,43.74445698437707,1.0,3,TIER_3_STATIC_MAHALANOBIS,-1,NORMAL,-1,NORMAL,False
45456231412727229999,AWS-VAR-052,VAR,2025-03-06 07:00:00+00:00,unstructured_anomaly,22.08257323744048,996.838808568151,37.74445698437707,1.0,3,TIER_3_STATIC_MAHALANOBIS,-1,NORMAL,-1,NORMAL,False
45456231412727229999,AWS-VAR-101,VAR,2025-03-06 07:00:00+00:00,unstructured_anomaly,21.78257323744048,996.7388085681511,42.74445698437707,1.0,3,TIER_3_STATIC_MAHALANOBIS,-1,NORMAL,-1,NORMAL,False
45456231412727229999,AWS-RAN-067,RAN,2025-03-06 19:00:00+00:00,frozen_value,20.8,939.7,33.0,1.0,3,TIER_3_STATIC_MAHALANOBIS,-1,NORMAL,-1,NORMAL,False
45456231412727229999,AWS-RAN-101,RAN,2025-03-06 20:00:00+00:00,frozen_value,21.7,940.5,32.0,1.0,3,TIER_3_STATIC_MAHALANOBIS,-1,NORMAL,-1,NORMAL,False
45456231412727229999,AWS-RAN-067,RAN,2025-03-06 20:00:00+00:00,frozen_value,20.8,940.3,34.0,1.0,3,TIER_3_STATIC_MAHALANOBIS,-1,NORMAL,-1,NORMAL,False
45456231412727229999,AWS-RAN-101,RAN,2025-03-06 21:00:00+00:00,frozen_value,21.7,940.7,32.0,1.0,3,TIER_3_STATIC_MAHALANOBIS,-1,NORMAL,-1,NORMAL,False
45456231412727229999,AWS-RAN-067,RAN,2025-03-06 21:00:00+00:00,frozen_value,20.8,940.4,33.0,1.0,3,TIER_3_STATIC_MAHALANOBIS,-1,NORMAL,-1,NORMAL,False
45456231412727229999,AWS-RAN-101,RAN,2025-03-06 22:00:00+00:00,frozen_value,21.7,940.5,33.0,1.0,3,TIER_3_STATIC_MAHALANOBIS,-1,NORMAL,-1,NORMAL,False
45456231412727229999,AWS-RAN-102,RAN,2025-03-06 22:00:00+00:00,frozen_value,21.6,972.6,42.0,1.0,3,TIER_3_STATIC_MAHALANOBIS,-1,NORMAL,-1,NORMAL,False
45456231412727229999,AWS-RAN-067,RAN,2025-03-06 22:00:00+00:00,frozen_value,20.8,940.3,29.0,1.0,3,TIER_3_STATIC_MAHALANOBIS,-1,NORMAL,-1,NORMAL,False
45456231412727229999,AWS-RAN-067,RAN,2025-03-06 23:00:00+00:00,frozen_value,20.8,939.8,30.0,1.0,3,TIER_3_STATIC_MAHALANOBIS,-1,NORMAL,2,TIER_2_ROC_CUSUM,True
45456231412727229999,AWS-RAN-102,RAN,2025-03-06 23:00:00+00:00,frozen_value,21.6,972.1,47.0,1.0,3,TIER_3_STATIC_MAHALANOBIS,-1,NORMAL,-1,NORMAL,False
45456231412727229999,AWS-RAN-101,RAN,2025-03-06 23:00:00+00:00,frozen_value,21.7,939.7,34.0,1.0,3,TIER_3_STATIC_MAHALANOBIS,-1,NORMAL,-1,NORMAL,False
45456231412727229999,AWS-RAN-101,RAN,2025-03-07 00:00:00+00:00,frozen_value,21.7,939.5,30.0,1.0,3,TIER_3_STATIC_MAHALANOBIS,-1,NORMAL,-1,NORMAL,False
45456231412727229999,AWS-RAN-102,RAN,2025-03-07 00:00:00+00:00,frozen_value,21.6,971.7,50.0,1.0,3,TIER_3_STATIC_MAHALANOBIS,-1,NORMAL,-1,NORMAL,False
45456231412727229999,AWS-VAR-103,VAR,2025-03-07 19:00:00+00:00,frozen_value,21.3,998.3,40.0,1.0,3,TIER_3_STATIC_MAHALANOBIS,-1,NORMAL,-1,NORMAL,False
45456231412727229999,AWS-MUM-103,MUM,2025-03-07 19:00:00+00:00,frozen_value,31.6,1006.5,26.0,1.0,3,TIER_3_STATIC_MAHALANOBIS,-1,NORMAL,-1,NORMAL,False
45456231412727229999,AWS-MUM-102,MUM,2025-03-07 20:00:00+00:00,frozen_value,30.6,1007.5,27.0,1.0,3,TIER_3_STATIC_MAHALANOBIS,-1,NORMAL,-1,NORMAL,False
45456231412727229999,AWS-CHN-101,CHN,2025-03-07 22:00:00+00:00,frozen_value,24.8,1008.5,79.0,28.0,3,TIER_3_STATIC_MAHALANOBIS,-1,NORMAL,-1,NORMAL,False
45456231412727229999,AWS-MUM-101,MUM,2025-03-07 22:00:00+00:00,frozen_value,28.0,1009.0,27.0,1.0,3,TIER_3_STATIC_MAHALANOBIS,-1,NORMAL,-1,NORMAL,False
45456231412727229999,AWS-BHO-102,BHO,2025-03-07 22:00:00+00:00,drift,19.8,965.3033032623823,36.0,1.0,3,TIER_3_STATIC_MAHALANOBIS,-1,NORMAL,-1,NORMAL,False
45456231412727229999,AWS-CHN-024,CHN,2025-03-07 23:00:00+00:00,frozen_value,26.1,1009.3,79.0,7.0,1,TIER_1_SPIKE,-1,NORMAL,1,TIER_1_SPIKE,True
45456231412727229999,AWS-BHO-102,BHO,2025-03-07 23:00:00+00:00,drift,19.5,965.3365746972408,37.0,1.0,3,TIER_3_STATIC_MAHALANOBIS,-1,NORMAL,-1,NORMAL,False
45456231412727229999,AWS-CHN-102,CHN,2025-03-07 23:00:00+00:00,frozen_value,25.4,1008.2,79.0,5.0,1,TIER_1_SPIKE,-1,NORMAL,-1,NORMAL,False
45456231412727229999,AWS-DEL-102,DEL,2025-03-08 00:00:00+00:00,frozen_value,16.0,983.3,55.0,1.0,3,TIER_3_STATIC_MAHALANOBIS,-1,NORMAL,-1,NORMAL,False
45456231412727229999,AWS-CHN-024,CHN,2025-03-08 00:00:00+00:00,frozen_value,25.8,1008.7,79.0,8.0,1,TIER_1_SPIKE,-1,NORMAL,1,TIER_1_SPIKE,True
45456231412727229999,AWS-BHO-102,BHO,2025-03-08 00:00:00+00:00,drift,19.0,965.3866497117391,36.0,1.0,3,TIER_3_STATIC_MAHALANOBIS,-1,NORMAL,-1,NORMAL,False
45456231412727229999,AWS-BHO-103,BHO,2025-03-08 01:00:00+00:00,drift,19.1,963.6990936575677,37.0,1.0,3,TIER_3_STATIC_MAHALANOBIS,-1,NORMAL,-1,NORMAL,False
45456231412727229999,AWS-BHO-103,BHO,2025-03-08 02:00:00+00:00,drift,18.9,963.4759778322674,38.0,1.0,3,TIER_3_STATIC_MAHALANOBIS,-1,NORMAL,-1,NORMAL,False
45456231412727229999,AWS-BHO-101,BHO,2025-03-08 02:00:00+00:00,drift,19.4,957.8899850116732,29.0,1.0,3,TIER_3_STATIC_MAHALANOBIS,-1,NORMAL,-1,NORMAL,False
45456231412727229999,AWS-BHO-030,BHO,2025-03-08 02:00:00+00:00,drift,20.9,958.1027131990041,35.0,1.0,3,TIER_3_STATIC_MAHALANOBIS,-1,NORMAL,-1,NORMAL,False
45456231412727229999,AWS-MUM-102,MUM,2025-03-08 08:00:00+00:00,unstructured_anomaly,31.42986031581202,1001.4707965980498,15.0,1.0,3,TIER_3_STATIC_MAHALANOBIS,-1,NORMAL,-1,NORMAL,False
45456231412727229999,AWS-KOL-102,KOL,2025-03-08 12:00:00+00:00,unstructured_anomaly,26.15865993293041,1015.8387117206952,46.12946631930032,15.0,3,TIER_3_STATIC_MAHALANOBIS,-1,NORMAL,-1,NORMAL,False
45456231412727229999,AWS-KOL-103,KOL,2025-03-08 12:00:00+00:00,unstructured_anomaly,25.558659932930407,1015.7387117206952,50.12946631930032,17.0,3,TIER_3_STATIC_MAHALANOBIS,-1,NORMAL,1,TIER_1_SPIKE,True
45456231412727229999,AWS-KOL-015,KOL,2025-03-08 12:00:00+00:00,unstructured_anomaly,25.358659932930404,1015.6387117206951,52.12946631930032,15.0,3,TIER_3_STATIC_MAHALANOBIS,-1,NORMAL,-1,NORMAL,False
45456231412727229999,AWS-RAN-067,RAN,2025-03-08 17:00:00+00:00,unstructured_anomaly,19.306056555127647,944.6368074785629,41.159863266425646,1.0,3,TIER_3_STATIC_MAHALANOBIS,-1,NORMAL,-1,NORMAL,False
45456231412727229999,AWS-RAN-102,RAN,2025-03-08 17:00:00+00:00,unstructured_anomaly,20.806056555127647,975.7368074785629,41.159863266425646,1.0,3,TIER_3_STATIC_MAHALANOBIS,-1,NORMAL,-1,NORMAL,False
45456231412727229999,AWS-VAR-102,VAR,2025-03-08 19:00:00+00:00,drift,21.6,1001.928310654037,51.94916300896872,1.0,3,TIER_3_STATIC_MAHALANOBIS,-1,NORMAL,-1,NORMAL,False
45456231412727229999,AWS-VAR-101,VAR,2025-03-08 19:00:00+00:00,drift,24.6,1001.9057640034844,33.949166865119885,1.0,3,TIER_3_STATIC_MAHALANOBIS,-1,NORMAL,-1,NORMAL,False
45456231412727229999,AWS-VAR-052,VAR,2025-03-08 19:00:00+00:00,drift,25.6,1001.8103583258543,29.94930299219484,1.0,3,TIER_3_STATIC_MAHALANOBIS,-1,NORMAL,-1,NORMAL,False
45456231412727229999,AWS-VAR-103,VAR,2025-03-08 19:00:00+00:00,drift,23.0,998.2,35.94911051083654,1.0,3,TIER_3_STATIC_MAHALANOBIS,-1,NORMAL,-1,NORMAL,False
45456231412727229999,AWS-MUM-103,MUM,2025-03-08 19:00:00+00:00,drift,31.7,1005.2,25.94866463733707,1.0,3,TIER_3_STATIC_MAHALANOBIS,-1,NORMAL,-1,NORMAL,False
45456231412727229999,AWS-MUM-101,MUM,2025-03-08 20:00:00+00:00,drift,28.9,1006.4,34.801893449207654,1.0,3,TIER_3_STATIC_MAHALANOBIS,-1,NORMAL,-1,NORMAL,False
45456231412727229999,AWS-CHN-102,CHN,2025-03-08 22:00:00+00:00,drift,25.9,1007.6,82.2319761510805,4.0,1,TIER_1_SPIKE,-1,NORMAL,-1,NORMAL,False
45456231412727229999,AWS-CHN-103,CHN,2025-03-08 22:00:00+00:00,drift,24.2,1004.5,85.23052306907127,4.0,1,TIER_1_SPIKE,-1,NORMAL,-1,NORMAL,False
45456231412727229999,AWS-CHN-102,CHN,2025-03-08 23:00:00+00:00,drift,25.4,1007.6,84.80910177077835,5.0,1,TIER_1_SPIKE,-1,NORMAL,-1,NORMAL,False
45456231412727229999,AWS-DEL-103,DEL,2025-03-09 00:00:00+00:00,drift,15.5,984.6,77.29623450839209,1.0,3,TIER_3_STATIC_MAHALANOBIS,-1,NORMAL,1,TIER_1_SPIKE,True
45456231412727229999,AWS-DEL-101,DEL,2025-03-09 00:00:00+00:00,drift,16.7,986.6,64.29602195143391,1.0,3,TIER_3_STATIC_MAHALANOBIS,-1,NORMAL,-1,NORMAL,False
45456231412727229999,AWS-DEL-102,DEL,2025-03-09 01:00:00+00:00,drift,17.4,983.4,59.692725382938264,1.0,3,TIER_3_STATIC_MAHALANOBIS,-1,NORMAL,-1,NORMAL,False
45456231412727229999,AWS-MUM-007,MUM,2025-03-09 02:00:00+00:00,drift,24.61697687639856,1007.2,49.99644801009524,1.0,3,TIER_3_STATIC_MAHALANOBIS,-1,NORMAL,-1,NORMAL,False
45456231412727229999,AWS-MUM-007,MUM,2025-03-09 03:00:00+00:00,drift,24.26463007188457,1006.8,51.21186320239903,1.0,3,TIER_3_STATIC_MAHALANOBIS,-1,NORMAL,-1,NORMAL,False
45456231412727229999,AWS-MUM-007,MUM,2025-03-09 04:00:00+00:00,drift,23.841781389239962,1006.8,50.33759316781054,1.0,3,TIER_3_STATIC_MAHALANOBIS,-1,NORMAL,2,TIER_2_ROC_CUSUM,True
45456231412727229999,AWS-DEL-102,DEL,2025-03-09 06:00:00+00:00,drift,16.58377666405556,984.2,65.32370484262378,1.0,3,TIER_3_STATIC_MAHALANOBIS,-1,NORMAL,-1,NORMAL,False
45456231412727229999,AWS-CHN-103,CHN,2025-03-09 06:00:00+00:00,drift,23.982847408330716,1004.1,91.3160390072007,12.0,1,TIER_1_SPIKE,-1,NORMAL,-1,NORMAL,False
45456231412727229999,AWS-MUM-007,MUM,2025-03-09 06:00:00+00:00,drift,23.482348198737487,1007.5,50.32089879851973,1.0,3,TIER_3_STATIC_MAHALANOBIS,-1,NORMAL,2,TIER_2_ROC_CUSUM,True
45456231412727229999,AWS-DEL-103,DEL,2025-03-09 07:00:00+00:00,drift,16.04675690739638,986.5,74.18048586100835,1.0,3,TIER_3_STATIC_MAHALANOBIS,-1,NORMAL,-1,NORMAL,False
45456231412727229999,AWS-RAN-067,RAN,2025-03-09 07:00:00+00:00,drift,20.2,941.8,44.0,1.0,3,TIER_3_STATIC_MAHALANOBIS,-1,NORMAL,-1,NORMAL,False
45456231412727229999,AWS-DEL-101,DEL,2025-03-09 07:00:00+00:00,drift,16.146899928509516,988.5,74.18002532093232,1.0,3,TIER_3_STATIC_MAHALANOBIS,-1,NORMAL,-1,NORMAL,False
45456231412727229999,AWS-CHN-102,CHN,2025-03-09 07:00:00+00:00,drift,25.345105801787586,1008.3,85.17833034907902,13.0,1,TIER_1_SPIKE,-1,NORMAL,-1,NORMAL,False
45456231412727229999,AWS-DEL-102,DEL,2025-03-09 07:00:00+00:00,drift,16.94674729260419,985.2,64.1819124875907,1.0,3,TIER_3_STATIC_MAHALANOBIS,-1,NORMAL,2,TIER_2_ROC_CUSUM,True
45456231412727229999,AWS-KOL-101,KOL,2025-03-09 07:00:00+00:00,drift,25.04578694899352,1013.1,79.1772330410308,13.0,3,TIER_3_STATIC_MAHALANOBIS,-1,NORMAL,-1,NORMAL,False
45456231412727229999,AWS-MUM-007,MUM,2025-03-09 07:00:00+00:00,drift,23.9450331342225,1008.3,45.17887260647796,1.0,3,TIER_3_STATIC_MAHALANOBIS,-1,NORMAL,-1,NORMAL,False
45456231412727229999,AWS-KOL-102,KOL,2025-03-09 08:00:00+00:00,drift,27.436517433825152,1013.6,63.94420945273681,35.0,1,TIER_1_SPIKE,-1,NORMAL,-1,NORMAL,False
45456231412727229999,AWS-RAN-101,RAN,2025-03-09 08:00:00+00:00,drift,23.2,943.6,41.55331499236392,1.0,3,TIER_3_STATIC_MAHALANOBIS,-1,NORMAL,-1,NORMAL,False
45456231412727229999,AWS-RAN-103,RAN,2025-03-09 08:00:00+00:00,drift,24.3,979.5,39.55332834839786,1.0,3,TIER_3_STATIC_MAHALANOBIS,-1,NORMAL,-1,NORMAL,False
45456231412727229999,AWS-VAR-103,VAR,2025-03-09 08:00:00+00:00,drift,23.03769115502008,1003.3,46.95241633460919,1.0,3,TIER_3_STATIC_MAHALANOBIS,-1,NORMAL,-1,NORMAL,False
45456231412727229999,AWS-MUM-101,MUM,2025-03-09 09:00:00+00:00,drift,29.855885558484978,1009.3,27.62240006068437,1.0,3,TIER_3_STATIC_MAHALANOBIS,-1,NORMAL,-1,NORMAL,False
45456231412727229999,AWS-MUM-102,MUM,2025-03-09 09:00:00+00:00,drift,31.455415708190316,1008.7,21.627111469560752,1.0,3,TIER_3_STATIC_MAHALANOBIS,-1,NORMAL,-1,NORMAL,False
45456231412727229999,AWS-RAN-101,RAN,2025-03-09 19:00:00+00:00,drift,23.7,942.0,39.639779908367046,1.0,3,TIER_3_STATIC_MAHALANOBIS,-1,NORMAL,-1,NORMAL,False
45456231412727229999,AWS-RAN-103,RAN,2025-03-09 19:00:00+00:00,drift,25.1,977.6,43.6399401807743,1.0,3,TIER_3_STATIC_MAHALANOBIS,-1,NORMAL,-1,NORMAL,False
45456231412727229999,AWS-RAN-102,RAN,2025-03-09 21:00:00+00:00,drift,21.5,974.8,49.74683410685314,1.0,3,TIER_3_STATIC_MAHALANOBIS,-1,NORMAL,-1,NORMAL,False
45456231412727229999,AWS-RAN-067,RAN,2025-03-09 22:00:00+00:00,drift,21.0,943.4,45.29930805167356,1.0,3,TIER_3_STATIC_MAHALANOBIS,-1,NORMAL,-1,NORMAL,False
45456231412727229999,AWS-BHO-030,BHO,2025-03-09 23:00:00+00:00,drift,23.2,961.315284967956,29.0,1.0,3,TIER_3_STATIC_MAHALANOBIS,-1,NORMAL,-1,NORMAL,False
45456231412727229999,AWS-CHN-024,CHN,2025-03-10 01:00:00+00:00,drift,26.6,1015.0895480943285,81.95522594607473,10.0,1,TIER_1_SPIKE,-1,NORMAL,1,TIER_1_SPIKE,True
45456231412727229999,AWS-DEL-011,DEL,2025-03-10 06:00:00+00:00,unstructured_anomaly,13.468244706482887,997.5265322856457,81.29537794730747,1.0,3,TIER_3_STATIC_MAHALANOBIS,-1,NORMAL,1,TIER_1_SPIKE,True
45456231412727229999,AWS-BHO-103,BHO,2025-03-10 07:00:00+00:00,drift,20.4,970.7438842534261,40.0,1.0,3,TIER_3_STATIC_MAHALANOBIS,-1,NORMAL,-1,NORMAL,False
45456231412727229999,AWS-BHO-101,BHO,2025-03-10 07:00:00+00:00,drift,22.0,964.553996971199,32.0,1.0,3,TIER_3_STATIC_MAHALANOBIS,-1,NORMAL,-1,NORMAL,False
45456231412727229999,AWS-CHN-024,CHN,2025-03-10 07:00:00+00:00,drift,26.9,1012.5,85.2736345947663,16.0,1,TIER_1_SPIKE,-1,NORMAL,1,TIER_1_SPIKE,True
45456231412727229999,AWS-BHO-102,BHO,2025-03-10 07:00:00+00:00,drift,20.6,972.6882082445974,40.0,1.0,3,TIER_3_STATIC_MAHALANOBIS,-1,NORMAL,-1,NORMAL,False
45456231412727229999,AWS-MUM-103,MUM,2025-03-10 08:00:00+00:00,unstructured_anomaly,31.969542113543415,1003.4589241393013,23.629432971525418,1.0,3,TIER_3_STATIC_MAHALANOBIS,-1,NORMAL,-1,NORMAL,False
45456231412727229999,AWS-BHO-030,BHO,2025-03-10 08:00:00+00:00,drift,23.3,966.6459726690109,35.0,1.0,3,TIER_3_STATIC_MAHALANOBIS,-1,NORMAL,-1,NORMAL,False
45456231412727229999,AWS-MUM-101,MUM,2025-03-10 08:00:00+00:00,unstructured_anomaly,31.569542113543413,1003.6589241393013,24.629432971525418,1.0,3,TIER_3_STATIC_MAHALANOBIS,-1,NORMAL,-1,NORMAL,False
45456231412727229999,AWS-KOL-103,KOL,2025-03-10 09:00:00+00:00,unstructured_anomaly,23.283955377167562,1023.7288382604702,71.44771301526077,38.0,1,TIER_1_SPIKE,-1,NORMAL,-1,NORMAL,False
45456231412727229999,AWS-KOL-015,KOL,2025-03-10 09:00:00+00:00,unstructured_anomaly,22.683955377167564,1023.4288382604702,77.44771301526077,60.0,1,TIER_1_SPIKE,-1,NORMAL,-1,NORMAL,False
45456231412727229999,AWS-VAR-101,VAR,2025-03-10 18:00:00+00:00,drift,27.3,1004.4,32.465938462082235,1.0,3,TIER_3_STATIC_MAHALANOBIS,-1,NORMAL,-1,NORMAL,False
45456231412727229999,AWS-VAR-052,VAR,2025-03-10 18:00:00+00:00,drift,28.0,1004.4,30.466363393983386,1.0,3,TIER_3_STATIC_MAHALANOBIS,-1,NORMAL,-1,NORMAL,False
45456231412727229999,AWS-VAR-102,VAR,2025-03-10 19:00:00+00:00,drift,23.4,1004.7,46.9545583208687,1.0,3,TIER_3_STATIC_MAHALANOBIS,-1,NORMAL,-1,NORMAL,False
45456231412727229999,AWS-BHO-101,BHO,2025-03-10 23:00:00+00:00,frozen_value,22.9,958.0,33.0,1.0,3,TIER_3_STATIC_MAHALANOBIS,-1,NORMAL,-1,NORMAL,False
45456231412727229999,AWS-BHO-030,BHO,2025-03-10 23:00:00+00:00,frozen_value,24.7,959.1,30.0,1.0,3,TIER_3_STATIC_MAHALANOBIS,-1,NORMAL,-1,NORMAL,False
45456231412727229999,AWS-BHO-103,BHO,2025-03-10 23:00:00+00:00,frozen_value,21.7,964.1,33.0,1.0,3,TIER_3_STATIC_MAHALANOBIS,-1,NORMAL,-1,NORMAL,False
45456231412727229999,AWS-BHO-101,BHO,2025-03-11 00:00:00+00:00,frozen_value,22.835510989389523,957.9,32.0,1.0,3,TIER_3_STATIC_MAHALANOBIS,-1,NORMAL,-1,NORMAL,False
45456231412727229999,AWS-BHO-030,BHO,2025-03-11 00:00:00+00:00,frozen_value,24.635510989389523,958.5,33.0,1.0,3,TIER_3_STATIC_MAHALANOBIS,-1,NORMAL,-1,NORMAL,False
45456231412727229999,AWS-BHO-103,BHO,2025-03-11 00:00:00+00:00,frozen_value,21.635510989389523,963.6,36.0,1.0,3,TIER_3_STATIC_MAHALANOBIS,-1,NORMAL,-1,NORMAL,False
45456231412727229999,AWS-BHO-030,BHO,2025-03-11 01:00:00+00:00,frozen_value,24.614140754003365,958.1,36.0,1.0,3,TIER_3_STATIC_MAHALANOBIS,-1,NORMAL,-1,NORMAL,False
45456231412727229999,AWS-BHO-101,BHO,2025-03-11 01:00:00+00:00,frozen_value,22.814140754003365,957.6,30.0,1.0,3,TIER_3_STATIC_MAHALANOBIS,-1,NORMAL,-1,NORMAL,False
45456231412727229999,AWS-BHO-103,BHO,2025-03-11 01:00:00+00:00,frozen_value,21.614140754003365,963.3,39.0,1.0,3,TIER_3_STATIC_MAHALANOBIS,-1,NORMAL,-1,NORMAL,False
45456231412727229999,AWS-CHN-101,CHN,2025-03-11 01:00:00+00:00,drift,25.9,1009.4,69.88155872008033,20.0,1,TIER_1_SPIKE,-1,NORMAL,-1,NORMAL,False
45456231412727229999,AWS-BHO-103,BHO,2025-03-11 02:00:00+00:00,frozen_value,21.570672193453753,962.8,40.0,1.0,3,TIER_3_STATIC_MAHALANOBIS,-1,NORMAL,-1,NORMAL,False
45456231412727229999,AWS-BHO-030,BHO,2025-03-11 02:00:00+00:00,frozen_value,24.570672193453753,957.4,36.0,1.0,3,TIER_3_STATIC_MAHALANOBIS,-1,NORMAL,-1,NORMAL,False
45456231412727229999,AWS-BHO-101,BHO,2025-03-11 02:00:00+00:00,frozen_value,22.770672193453752,956.8,30.0,1.0,3,TIER_3_STATIC_MAHALANOBIS,-1,NORMAL,-1,NORMAL,False
45456231412727229999,AWS-CHN-101,CHN,2025-03-11 02:00:00+00:00,drift,25.7,1008.7,70.36971459208836,21.0,1,TIER_1_SPIKE,-1,NORMAL,2,TIER_2_ROC_CUSUM,True
45456231412727229999,AWS-BHO-101,BHO,2025-03-11 03:00:00+00:00,frozen_value,22.84511089084909,956.4,31.0,1.0,3,TIER_3_STATIC_MAHALANOBIS,-1,NORMAL,-1,NORMAL,False
45456231412727229999,AWS-BHO-030,BHO,2025-03-11 03:00:00+00:00,frozen_value,24.64511089084909,957.0,37.0,1.0,3,TIER_3_STATIC_MAHALANOBIS,-1,NORMAL,-1,NORMAL,False
45456231412727229999,AWS-BHO-103,BHO,2025-03-11 03:00:00+00:00,frozen_value,21.64511089084909,962.4,41.0,1.0,3,TIER_3_STATIC_MAHALANOBIS,-1,NORMAL,2,TIER_2_ROC_CUSUM,True
45456231412727229999,AWS-CHN-101,CHN,2025-03-11 03:00:00+00:00,drift,26.0,1008.5,68.8578704640964,22.0,1,TIER_1_SPIKE,-1,NORMAL,2,TIER_2_ROC_CUSUM,True
45456231412727229999,AWS-BHO-101,BHO,2025-03-11 04:00:00+00:00,frozen_value,22.91179658269048,956.5,32.0,1.0,3,TIER_3_STATIC_MAHALANOBIS,-1,NORMAL,2,TIER_2_ROC_CUSUM,True
45456231412727229999,AWS-BHO-103,BHO,2025-03-11 04:00:00+00:00,frozen_value,21.711796582690482,962.4,43.0,1.0,3,TIER_3_STATIC_MAHALANOBIS,-1,NORMAL,2,TIER_2_ROC_CUSUM,True
45456231412727229999,AWS-CHN-101,CHN,2025-03-11 04:00:00+00:00,drift,25.811171873162063,1008.1,68.34602633610443,23.0,1,TIER_1_SPIKE,-1,NORMAL,2,TIER_2_ROC_CUSUM,True
45456231412727229999,AWS-BHO-030,BHO,2025-03-11 04:00:00+00:00,frozen_value,24.711796582690482,957.0,39.0,1.0,3,TIER_3_STATIC_MAHALANOBIS,-1,NORMAL,2,TIER_2_ROC_CUSUM,True
45456231412727229999,AWS-BHO-103,BHO,2025-03-11 05:00:00+00:00,frozen_value,21.703082922374744,962.7,45.0,1.0,3,TIER_3_STATIC_MAHALANOBIS,-1,NORMAL,2,TIER_2_ROC_CUSUM,True
45456231412727229999,AWS-BHO-101,BHO,2025-03-11 05:00:00+00:00,frozen_value,22.903082922374743,956.8,33.0,1.0,3,TIER_3_STATIC_MAHALANOBIS,-1,NORMAL,2,TIER_2_ROC_CUSUM,True
45456231412727229999,AWS-BHO-030,BHO,2025-03-11 05:00:00+00:00,frozen_value,24.703082922374744,957.4,41.0,1.0,3,TIER_3_STATIC_MAHALANOBIS,-1,NORMAL,2,TIER_2_ROC_CUSUM,True
45456231412727229999,AWS-CHN-101,CHN,2025-03-11 05:00:00+00:00,drift,25.622343746324127,1008.6,68.83418220811247,24.0,1,TIER_1_SPIKE,-1,NORMAL,-1,NORMAL,False
45456231412727229999,AWS-CHN-101,CHN,2025-03-11 06:00:00+00:00,drift,25.93351561948619,1009.3,72.32233808012049,25.0,1,TIER_1_SPIKE,-1,NORMAL,-1,NORMAL,False
45456231412727229999,AWS-CHN-024,CHN,2025-03-11 06:00:00+00:00,drift,26.633852177419985,1010.4,69.32917981247851,21.0,1,TIER_1_SPIKE,-1,NORMAL,-1,NORMAL,False
45456231412727229999,AWS-CHN-024,CHN,2025-03-11 07:00:00+00:00,drift,27.245136236559983,1011.4,64.81779179997707,22.0,1,TIER_1_SPIKE,-1,NORMAL,-1,NORMAL,False
45456231412727229999,AWS-VAR-102,VAR,2025-03-11 08:00:00+00:00,drift,23.2,1006.8,53.306872863691986,1.0,3,TIER_3_STATIC_MAHALANOBIS,-1,NORMAL,-1,NORMAL,False
45456231412727229999,AWS-VAR-101,VAR,2025-03-11 09:00:00+00:00,drift,27.4,1007.1,33.79563077249343,1.0,3,TIER_3_STATIC_MAHALANOBIS,-1,NORMAL,-1,NORMAL,False
45456231412727229999,AWS-VAR-052,VAR,2025-03-11 09:00:00+00:00,drift,28.1,1007.1,28.798180363900315,1.0,3,TIER_3_STATIC_MAHALANOBIS,-1,NORMAL,-1,NORMAL,False
45456231412727229999,AWS-RAN-067,RAN,2025-03-11 13:00:00+00:00,unstructured_anomaly,23.91900224050435,949.5281202519723,38.710635271207636,1.0,3,TIER_3_STATIC_MAHALANOBIS,-1,NORMAL,-1,NORMAL,False
45456231412727229999,AWS-RAN-101,RAN,2025-03-11 13:00:00+00:00,unstructured_anomaly,24.91900224050435,949.6281202519723,37.710635271207636,1.0,3,TIER_3_STATIC_MAHALANOBIS,-1,NORMAL,-1,NORMAL,False
45456231412727229999,AWS-RAN-103,RAN,2025-03-11 16:00:00+00:00,unstructured_anomaly,25.594628265787932,982.0174773892063,35.230714657314685,1.0,3,TIER_3_STATIC_MAHALANOBIS,-1,NORMAL,-1,NORMAL,False
45456231412727229999,AWS-VAR-101,VAR,2025-03-11 19:00:00+00:00,drift,27.4,1001.4,25.68209231276756,1.0,3,TIER_3_STATIC_MAHALANOBIS,-1,NORMAL,-1,NORMAL,False
45456231412727229999,AWS-VAR-052,VAR,2025-03-11 19:00:00+00:00,drift,28.7,1001.5,21.686058343844934,1.0,3,TIER_3_STATIC_MAHALANOBIS,-1,NORMAL,-1,NORMAL,False
45456231412727229999,AWS-VAR-102,VAR,2025-03-11 21:00:00+00:00,drift,22.9,1002.0,41.65918740651527,1.0,3,TIER_3_STATIC_MAHALANOBIS,-1,NORMAL,-1,NORMAL,False
45456231412727229999,AWS-RAN-103,RAN,2025-03-12 08:00:00+00:00,drift,27.1,977.2,35.234587154768256,1.0,3,TIER_3_STATIC_MAHALANOBIS,-1,NORMAL,-1,NORMAL,False
45456231412727229999,AWS-RAN-101,RAN,2025-03-12 08:00:00+00:00,drift,25.8,942.0,37.234558704375786,1.0,3,TIER_3_STATIC_MAHALANOBIS,-1,NORMAL,-1,NORMAL,False
45456231412727229999,AWS-RAN-102,RAN,2025-03-12 08:00:00+00:00,drift,24.7,972.8,49.23459741694465,1.0,3,TIER_3_STATIC_MAHALANOBIS,-1,NORMAL,-1,NORMAL,False
45456231412727229999,AWS-CHN-101,CHN,2025-03-12 10:00:00+00:00,drift,24.546328068023982,1010.5,70.0,1.0,1,TIER_1_SPIKE,-1,NORMAL,-1,NORMAL,False
45456231412727229999,AWS-CHN-101,CHN,2025-03-12 13:00:00+00:00,drift,25.279843687510173,1006.8221419420987,63.0,4.0,1,TIER_1_SPIKE,-1,NORMAL,2,TIER_2_ROC_CUSUM,True
45456231412727229999,AWS-CHN-101,CHN,2025-03-12 14:00:00+00:00,drift,24.69101556067224,1006.5716515638949,63.0,5.0,1,TIER_1_SPIKE,-1,NORMAL,-1,NORMAL,False
45456231412727229999,AWS-MUM-101,MUM,2025-03-12 17:00:00+00:00,frozen_value,34.8,1005.5,22.033556844245474,40.0,1,TIER_1_SPIKE,-1,NORMAL,-1,NORMAL,False
45456231412727229999,AWS-MUM-102,MUM,2025-03-12 17:00:00+00:00,frozen_value,36.1,1004.8,21.033556844245474,34.0,1,TIER_1_SPIKE,-1,NORMAL,-1,NORMAL,False
45456231412727229999,AWS-MUM-103,MUM,2025-03-12 18:00:00+00:00,frozen_value,33.6,1005.8,23.000149292784496,42.0,1,TIER_1_SPIKE,-1,NORMAL,-1,NORMAL,False
45456231412727229999,AWS-KOL-102,KOL,2025-03-12 18:00:00+00:00,frozen_value,31.5,1005.2,23.000149292784496,20.0,1,TIER_1_SPIKE,-1,NORMAL,-1,NORMAL,False
45456231412727229999,AWS-RAN-103,RAN,2025-03-12 19:00:00+00:00,drift,27.7,972.0,32.024816505993655,1.0,3,TIER_3_STATIC_MAHALANOBIS,-1,NORMAL,-1,NORMAL,False
45456231412727229999,AWS-RAN-101,RAN,2025-03-12 19:00:00+00:00,drift,25.8,937.3,34.024631578442595,1.0,3,TIER_3_STATIC_MAHALANOBIS,-1,NORMAL,-1,NORMAL,False
45456231412727229999,AWS-RAN-102,RAN,2025-03-12 20:00:00+00:00,drift,24.9,968.8,41.64218191861256,1.0,3,TIER_3_STATIC_MAHALANOBIS,-1,NORMAL,-1,NORMAL,False
45456231412727229999,AWS-RAN-101,RAN,2025-03-12 21:00:00+00:00,drift,25.2,938.4,36.25919028281837,1.0,3,TIER_3_STATIC_MAHALANOBIS,-1,NORMAL,-1,NORMAL,False
45456231412727229999,AWS-RAN-101,RAN,2025-03-12 22:00:00+00:00,drift,25.0,938.5,34.876469635006266,1.0,3,TIER_3_STATIC_MAHALANOBIS,-1,NORMAL,-1,NORMAL,False
45456231412727229999,AWS-RAN-067,RAN,2025-03-12 22:00:00+00:00,drift,22.1,938.2,45.875882112018246,1.0,3,TIER_3_STATIC_MAHALANOBIS,-1,NORMAL,-1,NORMAL,False
45456231412727229999,AWS-RAN-101,RAN,2025-03-12 23:00:00+00:00,drift,25.0,938.3,35.49374898719416,1.0,3,TIER_3_STATIC_MAHALANOBIS,-1,NORMAL,-1,NORMAL,False
45456231412727229999,AWS-RAN-067,RAN,2025-03-12 23:00:00+00:00,drift,21.5,937.9,46.49312474401939,1.0,3,TIER_3_STATIC_MAHALANOBIS,-1,NORMAL,-1,NORMAL,False
45456231412727229999,AWS-RAN-067,RAN,2025-03-13 00:00:00+00:00,drift,21.9,937.4,43.110367376020534,1.0,3,TIER_3_STATIC_MAHALANOBIS,-1,NORMAL,-1,NORMAL,False
45456231412727229999,AWS-RAN-067,RAN,2025-03-13 01:00:00+00:00,drift,22.0,936.7,42.72761000802167,1.0,3,TIER_3_STATIC_MAHALANOBIS,-1,NORMAL,-1,NORMAL,False
45456231412727229999,AWS-CHN-102,CHN,2025-03-13 02:00:00+00:00,drift,23.9,1007.1,100.0,11.0,1,TIER_1_SPIKE,-1,NORMAL,1,TIER_1_SPIKE,True
45456231412727229999,AWS-RAN-067,RAN,2025-03-13 02:00:00+00:00,drift,21.5,936.1,44.344852640022815,1.0,3,TIER_3_STATIC_MAHALANOBIS,-1,NORMAL,2,TIER_2_ROC_CUSUM,True
45456231412727229999,AWS-CHN-103,CHN,2025-03-13 02:00:00+00:00,drift,23.6,1004.1,96.0,10.0,1,TIER_1_SPIKE,-1,NORMAL,2,TIER_2_ROC_CUSUM,True
45456231412727229999,AWS-CHN-103,CHN,2025-03-13 03:00:00+00:00,drift,23.3,1004.0,97.16311690881219,11.0,1,TIER_1_SPIKE,-1,NORMAL,1,TIER_1_SPIKE,True
45456231412727229999,AWS-CHN-102,CHN,2025-03-13 03:00:00+00:00,drift,23.7,1007.0,100.0,12.0,1,TIER_1_SPIKE,-1,NORMAL,1,TIER_1_SPIKE,True
45456231412727229999,AWS-DEL-102,DEL,2025-03-13 03:00:00+00:00,drift,20.7,980.3,63.162472259281614,1.0,3,TIER_3_STATIC_MAHALANOBIS,-1,NORMAL,1,TIER_1_SPIKE,True
45456231412727229999,AWS-RAN-067,RAN,2025-03-13 03:00:00+00:00,drift,21.7,935.9,45.96209527202395,1.0,3,TIER_3_STATIC_MAHALANOBIS,-1,NORMAL,2,TIER_2_ROC_CUSUM,True
45456231412727229999,AWS-CHN-103,CHN,2025-03-13 04:00:00+00:00,drift,23.1,1004.0,98.44591295314945,12.0,1,TIER_1_SPIKE,-1,NORMAL,1,TIER_1_SPIKE,True
45456231412727229999,AWS-CHN-102,CHN,2025-03-13 04:00:00+00:00,drift,23.5,1007.0,100.0,13.0,1,TIER_1_SPIKE,-1,NORMAL,1,TIER_1_SPIKE,True
45456231412727229999,AWS-CHN-103,CHN,2025-03-13 05:00:00+00:00,drift,22.8,1004.5,100.0,13.0,1,TIER_1_SPIKE,-1,NORMAL,1,TIER_1_SPIKE,True
45456231412727229999,AWS-CHN-102,CHN,2025-03-13 05:00:00+00:00,drift,23.3,1007.4,100.0,14.0,1,TIER_1_SPIKE,-1,NORMAL,1,TIER_1_SPIKE,True
45456231412727229999,AWS-KOL-101,KOL,2025-03-13 07:00:00+00:00,drift,25.6,1008.1,72.68648080407989,13.0,1,TIER_1_SPIKE,-1,NORMAL,-1,NORMAL,False
45456231412727229999,AWS-RAN-102,RAN,2025-03-13 08:00:00+00:00,drift,26.2,971.6,55.04976642028046,1.0,3,TIER_3_STATIC_MAHALANOBIS,-1,NORMAL,-1,NORMAL,False
45456231412727229999,AWS-MUM-103,MUM,2025-03-13 10:00:00+00:00,drift,34.8,1009.9,33.3404869664321,3.0,1,TIER_1_SPIKE,-1,NORMAL,-1,NORMAL,False
45456231412727229999,AWS-MUM-102,MUM,2025-03-13 10:00:00+00:00,drift,35.4,1009.7,32.3401810424621,51.0,1,TIER_1_SPIKE,-1,NORMAL,-1,NORMAL,False
45456231412727229999,AWS-MUM-101,MUM,2025-03-13 10:00:00+00:00,drift,34.9,1010.3,33.34263333037364,3.0,1,TIER_1_SPIKE,-1,NORMAL,-1,NORMAL,False
45456231412727229999,AWS-MUM-102,MUM,2025-03-13 16:00:00+00:00,drift,36.2,1009.7,40.539527548005545,57.0,1,TIER_1_SPIKE,-1,NORMAL,-1,NORMAL,False
45456231412727229999,AWS-MUM-101,MUM,2025-03-13 17:00:00+00:00,drift,35.0,1005.2,41.34032758564109,10.0,1,TIER_1_SPIKE,-1,NORMAL,-1,NORMAL,False
45456231412727229999,AWS-VAR-103,VAR,2025-03-13 20:00:00+00:00,drift,25.5,996.3,56.86110971711571,58.0,1,TIER_1_SPIKE,-1,NORMAL,-1,NORMAL,False
45456231412727229999,AWS-DEL-101,DEL,2025-03-13 23:00:00+00:00,drift,21.0,984.4,76.59787067944862,1.0,3,TIER_3_STATIC_MAHALANOBIS,-1,NORMAL,1,TIER_1_SPIKE,True
45456231412727229999,AWS-KOL-103,KOL,2025-03-13 23:00:00+00:00,drift,26.7,1006.0,96.60303967960044,6.0,1,TIER_1_SPIKE,-1,NORMAL,-1,NORMAL,False
45456231412727229999,AWS-KOL-103,KOL,2025-03-14 00:00:00+00:00,drift,26.2,1006.0,99.55590657261901,7.0,1,TIER_1_SPIKE,-1,NORMAL,-1,NORMAL,False
45456231412727229999,AWS-CHN-103,CHN,2025-03-14 00:00:00+00:00,drift,24.0,1005.2,100.0,7.0,1,TIER_1_SPIKE,-1,NORMAL,-1,NORMAL,False
45456231412727229999,AWS-DEL-102,DEL,2025-03-14 00:00:00+00:00,drift,21.9,981.3,71.54746891848737,1.0,3,TIER_3_STATIC_MAHALANOBIS,-1,NORMAL,1,TIER_1_SPIKE,True
45456231412727229999,AWS-KOL-015,KOL,2025-03-14 00:00:00+00:00,drift,26.3,1005.8,100.0,19.0,1,TIER_1_SPIKE,-1,NORMAL,-1,NORMAL,False
45456231412727229999,AWS-KOL-015,KOL,2025-03-14 01:00:00+00:00,drift,26.0,1005.8,100.0,20.0,1,TIER_1_SPIKE,-1,NORMAL,-1,NORMAL,False
45456231412727229999,AWS-DEL-103,DEL,2025-03-14 01:00:00+00:00,drift,19.1,982.6,87.52228279507447,1.0,3,TIER_3_STATIC_MAHALANOBIS,-1,NORMAL,-1,NORMAL,False
45456231412727229999,AWS-CHN-103,CHN,2025-03-14 01:00:00+00:00,drift,23.9,1005.2,100.0,8.0,1,TIER_1_SPIKE,-1,NORMAL,1,TIER_1_FROZEN,True
45456231412727229999,AWS-CHN-102,CHN,2025-03-14 01:00:00+00:00,drift,24.8,1008.3,100.0,8.0,1,TIER_1_SPIKE,-1,NORMAL,2,TIER_2_ROC_CUSUM,True
45456231412727229999,AWS-DEL-102,DEL,2025-03-14 01:00:00+00:00,drift,21.4,981.3,75.51990842773353,1.0,3,TIER_3_STATIC_MAHALANOBIS,-1,NORMAL,1,TIER_1_SPIKE,True
45456231412727229999,AWS-KOL-103,KOL,2025-03-14 01:00:00+00:00,drift,25.6,1006.0,100.0,8.0,1,TIER_1_SPIKE,-1,NORMAL,2,TIER_2_ROC_CUSUM,True
45456231412727229999,AWS-CHN-103,CHN,2025-03-14 02:00:00+00:00,frozen_value,23.8,1005.2,99.0,9.0,1,TIER_1_SPIKE,-1,NORMAL,2,TIER_2_ROC_CUSUM,True
45456231412727229999,AWS-CHN-102,CHN,2025-03-14 03:00:00+00:00,frozen_value,24.5,1008.3,99.0,10.0,1,TIER_1_SPIKE,-1,NORMAL,2,TIER_2_ROC_CUSUM,True
45456231412727229999,AWS-CHN-103,CHN,2025-03-14 03:00:00+00:00,frozen_value,24.4,1005.2,98.0,10.0,1,TIER_1_SPIKE,-1,NORMAL,2,TIER_2_ROC_CUSUM,True
45456231412727229999,AWS-VAR-102,VAR,2025-03-14 07:00:00+00:00,drift,22.8,1000.0,51.99620003783624,1.0,3,TIER_3_STATIC_MAHALANOBIS,-1,NORMAL,-1,NORMAL,False
45456231412727229999,AWS-VAR-052,VAR,2025-03-14 08:00:00+00:00,drift,27.9,1001.0,33.427598418643555,1.0,3,TIER_3_STATIC_MAHALANOBIS,-1,NORMAL,-1,NORMAL,False
45456231412727229999,AWS-RAN-102,RAN,2025-03-14 08:00:00+00:00,drift,26.1,972.8,50.214369756216065,1.0,3,TIER_3_STATIC_MAHALANOBIS,-1,NORMAL,-1,NORMAL,False
45456231412727229999,AWS-VAR-101,VAR,2025-03-14 09:00:00+00:00,drift,30.7,1001.4,27.853019752858998,1.0,3,TIER_3_STATIC_MAHALANOBIS,-1,NORMAL,-1,NORMAL,False
45456231412727229999,AWS-VAR-101,VAR,2025-03-14 14:00:00+00:00,unstructured_anomaly,30.35534049897979,1005.7694077146612,36.45348277785199,1.0,3,TIER_3_STATIC_MAHALANOBIS,-1,NORMAL,-1,NORMAL,False
45456231412727229999,AWS-VAR-052,VAR,2025-03-14 16:00:00+00:00,unstructured_anomaly,28.896623901330088,1003.661458644165,39.6226694869914,1.0,3,TIER_3_STATIC_MAHALANOBIS,-1,NORMAL,-1,NORMAL,False
45456231412727229999,AWS-CHN-101,CHN,2025-03-14 18:00:00+00:00,drift,27.6,1005.534434274786,77.0,16.0,1,TIER_1_SPIKE,-1,NORMAL,-1,NORMAL,False
45456231412727229999,AWS-RAN-101,RAN,2025-03-14 19:00:00+00:00,drift,27.3,938.7,35.14355731817247,1.0,3,TIER_3_STATIC_MAHALANOBIS,-1,NORMAL,-1,NORMAL,False
45456231412727229999,AWS-RAN-103,RAN,2025-03-14 19:00:00+00:00,drift,28.4,973.2,33.143857924622566,1.0,3,TIER_3_STATIC_MAHALANOBIS,-1,NORMAL,-1,NORMAL,False
45456231412727229999,AWS-RAN-102,RAN,2025-03-14 19:00:00+00:00,drift,26.4,969.5,40.14450264340931,1.0,3,TIER_3_STATIC_MAHALANOBIS,-1,NORMAL,-1,NORMAL,False
45456231412727229999,AWS-KOL-102,KOL,2025-03-14 20:00:00+00:00,sensor_fail_low,29.7,1007.5,0.06982655471074357,39.0,1,TIER_1_SPIKE,-1,NORMAL,-1,NORMAL,False
45456231412727229999,AWS-RAN-067,RAN,2025-03-14 21:00:00+00:00,drift,25.0,939.8,34.042711208789996,1.0,3,TIER_3_STATIC_MAHALANOBIS,-1,NORMAL,-1,NORMAL,False
45456231412727229999,AWS-BHO-101,BHO,2025-03-15 03:00:00+00:00,drift,22.2,952.9,28.22799090473149,1.0,3,TIER_3_STATIC_MAHALANOBIS,-1,NORMAL,-1,NORMAL,False
45456231412727229999,AWS-BHO-102,BHO,2025-03-15 03:00:00+00:00,drift,21.0,960.4,33.22855129684197,1.0,3,TIER_3_STATIC_MAHALANOBIS,-1,NORMAL,-1,NORMAL,False
45456231412727229999,AWS-VAR-103,VAR,2025-03-15 05:00:00+00:00,unstructured_anomaly,27.24153287121262,991.3632926307547,48.71358803599312,91.0,1,TIER_1_SPIKE,-1,NORMAL,-1,NORMAL,False
45456231412727229999,AWS-BHO-103,BHO,2025-03-15 08:00:00+00:00,drift,26.2,962.8,35.5564174861673,1.0,3,TIER_3_STATIC_MAHALANOBIS,-1,NORMAL,-1,NORMAL,False
45456231412727229999,AWS-CHN-101,CHN,2025-03-15 08:00:00+00:00,drift,28.2,1004.8049542365372,77.0,2.0,1,TIER_1_SPIKE,-1,NORMAL,-1,NORMAL,False
45456231412727229999,AWS-VAR-052,VAR,2025-03-15 08:00:00+00:00,frozen_value,28.3,1001.7,46.0,1.0,3,TIER_3_STATIC_MAHALANOBIS,-1,NORMAL,-1,NORMAL,False
45456231412727229999,AWS-RAN-103,RAN,2025-03-15 08:00:00+00:00,drift,29.7,978.0,47.81855199403036,1.0,3,TIER_3_STATIC_MAHALANOBIS,-1,NORMAL,-1,NORMAL,False
45456231412727229999,AWS-BHO-030,BHO,2025-03-15 08:00:00+00:00,drift,27.2,957.2,32.555645071277574,1.0,3,TIER_3_STATIC_MAHALANOBIS,-1,NORMAL,-1,NORMAL,False
45456231412727229999,AWS-VAR-101,VAR,2025-03-15 09:00:00+00:00,frozen_value,31.0,1001.723370382271,41.0,1.0,3,TIER_3_STATIC_MAHALANOBIS,-1,NORMAL,-1,NORMAL,False
45456231412727229999,AWS-CHN-101,CHN,2025-03-15 18:00:00+00:00,drift,27.9,998.8410399235023,77.0,12.0,1,TIER_1_SPIKE,-1,NORMAL,-1,NORMAL,False
45456231412727229999,AWS-RAN-067,RAN,2025-03-15 18:00:00+00:00,unstructured_anomaly,23.350289254549608,946.6350951223335,35.97667508783406,1.0,3,TIER_3_STATIC_MAHALANOBIS,-1,NORMAL,-1,NORMAL,False
45456231412727229999,AWS-DEL-102,DEL,2025-03-15 22:00:00+00:00,frozen_value,22.4,985.7,67.0,1.0,3,TIER_3_STATIC_MAHALANOBIS,-1,NORMAL,-1,NORMAL,False
45456231412727229999,AWS-VAR-103,VAR,2025-03-15 23:00:00+00:00,frozen_value,27.0,999.8,51.0,109.0,3,TIER_3_STATIC_MAHALANOBIS,-1,NORMAL,-1,NORMAL,False
45456231412727229999,AWS-DEL-102,DEL,2025-03-15 23:00:00+00:00,frozen_value,22.4,985.7,69.0,1.0,3,TIER_3_STATIC_MAHALANOBIS,-1,NORMAL,-1,NORMAL,False
45456231412727229999,AWS-VAR-103,VAR,2025-03-16 00:00:00+00:00,frozen_value,27.0,999.4,56.0,110.0,3,TIER_3_STATIC_MAHALANOBIS,-1,NORMAL,-1,NORMAL,False
45456231412727229999,AWS-DEL-102,DEL,2025-03-16 00:00:00+00:00,frozen_value,22.4,985.6,71.0,1.0,3,TIER_3_STATIC_MAHALANOBIS,-1,NORMAL,-1,NORMAL,False
45456231412727229999,AWS-DEL-102,DEL,2025-03-16 01:00:00+00:00,frozen_value,22.4,985.4,74.0,1.0,3,TIER_3_STATIC_MAHALANOBIS,-1,NORMAL,2,TIER_2_ROC_CUSUM,True
45456231412727229999,AWS-VAR-103,VAR,2025-03-16 01:00:00+00:00,frozen_value,27.0,999.0,62.0,111.0,3,TIER_3_STATIC_MAHALANOBIS,-1,NORMAL,-1,NORMAL,False
45456231412727229999,AWS-DEL-102,DEL,2025-03-16 02:00:00+00:00,frozen_value,22.4,985.1,76.0,1.0,3,TIER_3_STATIC_MAHALANOBIS,-1,NORMAL,-1,NORMAL,False
45456231412727229999,AWS-VAR-103,VAR,2025-03-16 02:00:00+00:00,frozen_value,27.0,998.6,63.0,112.0,3,TIER_3_STATIC_MAHALANOBIS,-1,NORMAL,2,TIER_2_ROC_CUSUM,True
45456231412727229999,AWS-BHO-103,BHO,2025-03-16 03:00:00+00:00,drift,25.8,960.4,43.64616396278754,1.0,3,TIER_3_STATIC_MAHALANOBIS,-1,NORMAL,-1,NORMAL,False
45456231412727229999,AWS-KOL-103,KOL,2025-03-16 03:00:00+00:00,frozen_value,25.6,1007.6,93.04597621136384,10.0,1,TIER_1_SPIKE,-1,NORMAL,-1,NORMAL,False
45456231412727229999,AWS-DEL-103,DEL,2025-03-16 03:00:00+00:00,frozen_value,17.7,985.9,77.04597621136384,1.0,3,TIER_3_STATIC_MAHALANOBIS,-1,NORMAL,-1,NORMAL,False
45456231412727229999,AWS-CHN-102,CHN,2025-03-16 03:00:00+00:00,frozen_value,24.5,1008.4,96.04597621136384,9.0,1,TIER_1_SPIKE,-1,NORMAL,-1,NORMAL,False
45456231412727229999,AWS-BHO-030,BHO,2025-03-16 03:00:00+00:00,drift,25.5,954.8,46.64329499319713,1.0,3,TIER_3_STATIC_MAHALANOBIS,-1,NORMAL,-1,NORMAL,False
45456231412727229999,AWS-CHN-102,CHN,2025-03-16 04:00:00+00:00,frozen_value,24.2,1008.6,96.04864418753415,10.0,1,TIER_1_SPIKE,-1,NORMAL,2,TIER_2_ROC_CUSUM,True
45456231412727229999,AWS-KOL-103,KOL,2025-03-16 04:00:00+00:00,frozen_value,25.4,1007.9,93.04864418753415,11.0,1,TIER_1_SPIKE,-1,NORMAL,2,TIER_2_ROC_CUSUM,True
45456231412727229999,AWS-DEL-103,DEL,2025-03-16 04:00:00+00:00,frozen_value,17.1,986.4,77.04864418753415,1.0,3,TIER_3_STATIC_MAHALANOBIS,-1,NORMAL,2,TIER_2_ROC_CUSUM,True
45456231412727229999,AWS-DEL-103,DEL,2025-03-16 05:00:00+00:00,frozen_value,17.1,986.7,77.12181319213305,1.0,3,TIER_3_STATIC_MAHALANOBIS,-1,NORMAL,2,TIER_2_ROC_CUSUM,True
45456231412727229999,AWS-KOL-103,KOL,2025-03-16 05:00:00+00:00,frozen_value,25.1,1008.4,93.12181319213305,12.0,1,TIER_1_SPIKE,-1,NORMAL,2,TIER_2_ROC_CUSUM,True
45456231412727229999,AWS-CHN-102,CHN,2025-03-16 05:00:00+00:00,frozen_value,24.3,1009.2,96.12181319213305,11.0,1,TIER_1_SPIKE,-1,NORMAL,2,TIER_2_ROC_CUSUM,True
45456231412727229999,AWS-DEL-101,DEL,2025-03-16 07:00:00+00:00,frozen_value,19.8,989.4,73.08788481771155,1.0,3,TIER_3_STATIC_MAHALANOBIS,-1,NORMAL,1,TIER_1_SPIKE,True
45456231412727229999,AWS-BHO-030,BHO,2025-03-16 07:00:00+00:00,drift,25.0,957.2,50.502808284728495,1.0,3,TIER_3_STATIC_MAHALANOBIS,-1,NORMAL,-1,NORMAL,False
45456231412727229999,AWS-VAR-052,VAR,2025-03-16 08:00:00+00:00,frozen_value,29.3,1001.8,52.9664542753121,1.0,3,TIER_3_STATIC_MAHALANOBIS,-1,NORMAL,-1,NORMAL,False
45456231412727229999,AWS-RAN-103,RAN,2025-03-16 10:00:00+00:00,unstructured_anomaly,27.68285330400189,985.9916815782009,45.86525809771802,1.0,3,TIER_3_STATIC_MAHALANOBIS,-1,NORMAL,-1,NORMAL,False
45456231412727229999,AWS-MUM-103,MUM,2025-03-16 13:00:00+00:00,unstructured_anomaly,31.68704518085309,1015.3096236588154,35.45520445722983,5.0,1,TIER_1_SPIKE,-1,NORMAL,-1,NORMAL,False
45456231412727229999,AWS-KOL-103,KOL,2025-03-17 00:00:00+00:00,frozen_value,25.5,1007.0,83.0,31.0,1,TIER_1_SPIKE,-1,NORMAL,-1,NORMAL,False
45456231412727229999,AWS-KOL-103,KOL,2025-03-17 01:00:00+00:00,frozen_value,25.4,1007.0,84.0,32.0,1,TIER_1_SPIKE,-1,NORMAL,-1,NORMAL,False
45456231412727229999,AWS-CHN-102,CHN,2025-03-17 02:00:00+00:00,frozen_value,25.8,1008.7,96.0,9.0,1,TIER_1_SPIKE,-1,NORMAL,2,TIER_2_ROC_CUSUM,True
45456231412727229999,AWS-KOL-103,KOL,2025-03-17 02:00:00+00:00,frozen_value,25.0,1007.0,88.0,33.0,1,TIER_1_SPIKE,-1,NORMAL,2,TIER_2_ROC_CUSUM,True
45456231412727229999,AWS-KOL-103,KOL,2025-03-17 03:00:00+00:00,frozen_value,24.7,1007.0,91.0,34.0,1,TIER_1_SPIKE,-1,NORMAL,2,TIER_2_ROC_CUSUM,True
45456231412727229999,AWS-DEL-103,DEL,2025-03-17 03:00:00+00:00,frozen_value,16.7,986.6,60.0,1.0,3,TIER_3_STATIC_MAHALANOBIS,-1,NORMAL,1,TIER_1_SPIKE,True
45456231412727229999,AWS-CHN-102,CHN,2025-03-17 03:00:00+00:00,frozen_value,25.3,1008.7,98.0,10.0,1,TIER_1_SPIKE,-1,NORMAL,1,TIER_1_SPIKE,True
45456231412727229999,AWS-CHN-102,CHN,2025-03-17 04:00:00+00:00,frozen_value,25.3,1008.7,98.0,11.0,1,TIER_1_SPIKE,-1,NORMAL,1,TIER_1_SPIKE,True
45456231412727229999,AWS-KOL-103,KOL,2025-03-17 04:00:00+00:00,frozen_value,24.5,1007.0,93.0,35.0,1,TIER_1_SPIKE,-1,NORMAL,1,TIER_1_SPIKE,True
45456231412727229999,AWS-DEL-103,DEL,2025-03-17 04:00:00+00:00,frozen_value,16.2,986.6,62.0,1.0,3,TIER_3_STATIC_MAHALANOBIS,-1,NORMAL,1,TIER_1_SPIKE,True
45456231412727229999,AWS-CHN-101,CHN,2025-03-17 04:00:00+00:00,frozen_value,24.6,1008.8,99.0,1.0,3,TIER_3_STATIC_MAHALANOBIS,-1,NORMAL,-1,NORMAL,False
45456231412727229999,AWS-CHN-024,CHN,2025-03-17 04:00:00+00:00,frozen_value,25.9,1009.7,95.0,1.0,3,TIER_3_STATIC_MAHALANOBIS,-1,NORMAL,1,TIER_1_SPIKE,True
45456231412727229999,AWS-RAN-102,RAN,2025-03-17 08:00:00+00:00,drift,24.083472368592556,972.4675646400938,51.0,1.0,3,TIER_3_STATIC_MAHALANOBIS,-1,NORMAL,-1,NORMAL,False
45456231412727229999,AWS-RAN-067,RAN,2025-03-17 08:00:00+00:00,drift,23.352878662692536,941.3978412071582,47.0,1.0,3,TIER_3_STATIC_MAHALANOBIS,-1,NORMAL,-1,NORMAL,False
45456231412727229999,AWS-DEL-101,DEL,2025-03-17 08:00:00+00:00,spike,18.70703850812401,990.5,64.0,1.0,3,TIER_3_STATIC_MAHALANOBIS,-1,NORMAL,1,TIER_1_SPIKE,True
45456231412727229999,AWS-CHN-103,CHN,2025-03-17 08:00:00+00:00,spike,27.153085365588684,1007.4,71.0,14.0,1,TIER_1_SPIKE,-1,NORMAL,-1,NORMAL,False
45456231412727229999,AWS-VAR-052,VAR,2025-03-17 08:00:00+00:00,drift,27.8,1001.5024571831153,47.0,1.0,3,TIER_3_STATIC_MAHALANOBIS,-1,NORMAL,-1,NORMAL,False
45456231412727229999,AWS-RAN-101,RAN,2025-03-17 08:00:00+00:00,drift,23.755186973910448,941.6966379986056,47.0,1.0,3,TIER_3_STATIC_MAHALANOBIS,-1,NORMAL,-1,NORMAL,False
45456231412727229999,AWS-BHO-103,BHO,2025-03-17 09:00:00+00:00,drift,26.6,964.5,44.0,1.0,3,TIER_3_STATIC_MAHALANOBIS,-1,NORMAL,-1,NORMAL,False
45456231412727229999,AWS-VAR-101,VAR,2025-03-17 10:00:00+00:00,drift,30.8,1001.6105109133632,36.0,1.0,3,TIER_3_STATIC_MAHALANOBIS,-1,NORMAL,-1,NORMAL,False
45456231412727229999,AWS-MUM-101,MUM,2025-03-17 11:00:00+00:00,drift,35.4,1011.5,26.0,10.0,1,TIER_1_SPIKE,-1,NORMAL,-1,NORMAL,False
45456231412727229999,AWS-KOL-101,KOL,2025-03-17 16:00:00+00:00,drift,28.872722972641768,1007.1,66.0,7.0,1,TIER_1_SPIKE,-1,NORMAL,-1,NORMAL,False
45456231412727229999,AWS-KOL-101,KOL,2025-03-17 17:00:00+00:00,drift,28.916240743689002,1007.1,67.0,8.0,1,TIER_1_SPIKE,-1,NORMAL,-1,NORMAL,False
45456231412727229999,AWS-MUM-101,MUM,2025-03-17 17:00:00+00:00,drift,35.41698765198574,1007.6,23.0,16.0,1,TIER_1_SPIKE,-1,NORMAL,-1,NORMAL,False
45456231412727229999,AWS-MUM-102,MUM,2025-03-17 18:00:00+00:00,drift,34.28161336462833,1007.8,29.0,11.0,1,TIER_1_SPIKE,-1,NORMAL,-1,NORMAL,False
45456231412727229999,AWS-KOL-101,KOL,2025-03-17 19:00:00+00:00,drift,29.16584980911999,1008.5,74.0,10.0,1,TIER_1_SPIKE,-1,NORMAL,2,TIER_2_ROC_CUSUM,True
45456231412727229999,AWS-KOL-101,KOL,2025-03-17 20:00:00+00:00,drift,28.569086433446724,1009.0,80.0,11.0,1,TIER_1_SPIKE,-1,NORMAL,1,TIER_1_SPIKE,True
45456231412727229999,AWS-DEL-102,DEL,2025-03-17 21:00:00+00:00,drift,23.29142784922887,987.9,49.0,1.0,3,TIER_3_STATIC_MAHALANOBIS,-1,NORMAL,-1,NORMAL,False
45456231412727229999,AWS-BHO-101,BHO,2025-03-17 21:00:00+00:00,drift,25.2,952.3773277627829,26.0,1.0,3,TIER_3_STATIC_MAHALANOBIS,-1,NORMAL,-1,NORMAL,False
45456231412727229999,AWS-KOL-101,KOL,2025-03-17 21:00:00+00:00,drift,28.089799489490172,1009.1,84.0,12.0,1,TIER_1_SPIKE,-1,NORMAL,1,TIER_1_SPIKE,True
45456231412727229999,AWS-RAN-067,RAN,2025-03-17 22:00:00+00:00,drift,24.740951385043974,936.467618107373,50.0,1.0,3,TIER_3_STATIC_MAHALANOBIS,-1,NORMAL,-1,NORMAL,False
45456231412727229999,AWS-MUM-103,MUM,2025-03-17 22:00:00+00:00,drift,30.728481519652995,1010.0,45.0,21.0,1,TIER_1_SPIKE,-1,NORMAL,-1,NORMAL,False
45456231412727229999,AWS-RAN-101,RAN,2025-03-17 22:00:00+00:00,drift,25.140905989239034,936.049569979085,52.0,1.0,3,TIER_3_STATIC_MAHALANOBIS,-1,NORMAL,-1,NORMAL,False
45456231412727229999,AWS-RAN-102,RAN,2025-03-17 22:00:00+00:00,drift,25.341745868472863,967.2134696014072,54.0,1.0,3,TIER_3_STATIC_MAHALANOBIS,-1,NORMAL,-1,NORMAL,False
45456231412727229999,AWS-KOL-101,KOL,2025-03-17 22:00:00+00:00,drift,27.627097739321332,1009.3,88.0,13.0,1,TIER_1_SPIKE,-1,NORMAL,1,TIER_1_SPIKE,True
45456231412727229999,AWS-DEL-102,DEL,2025-03-17 22:00:00+00:00,drift,22.728888935033893,987.9,52.0,1.0,3,TIER_3_STATIC_MAHALANOBIS,-1,NORMAL,-1,NORMAL,False
45456231412727229999,AWS-BHO-030,BHO,2025-03-17 22:00:00+00:00,drift,25.1,952.5079846867125,32.0,1.0,3,TIER_3_STATIC_MAHALANOBIS,-1,NORMAL,-1,NORMAL,False
45456231412727229999,AWS-RAN-102,RAN,2025-03-17 23:00:00+00:00,drift,24.7386111093894,966.6810342415009,57.0,1.0,3,TIER_3_STATIC_MAHALANOBIS,-1,NORMAL,-1,NORMAL,False
45456231412727229999,AWS-RAN-101,RAN,2025-03-17 23:00:00+00:00,drift,24.937677910240698,935.8462079776908,51.0,1.0,3,TIER_3_STATIC_MAHALANOBIS,-1,NORMAL,-1,NORMAL,False
45456231412727229999,AWS-BHO-030,BHO,2025-03-17 23:00:00+00:00,drift,24.6,952.1470604318442,31.0,1.0,3,TIER_3_STATIC_MAHALANOBIS,-1,NORMAL,-1,NORMAL,False
45456231412727229999,AWS-KOL-101,KOL,2025-03-17 23:00:00+00:00,drift,27.680214559560685,1009.1,91.0,14.0,1,TIER_1_SPIKE,-1,NORMAL,1,TIER_1_SPIKE,True
45456231412727229999,AWS-DEL-102,DEL,2025-03-17 23:00:00+00:00,drift,22.282168591247117,987.3,55.0,1.0,3,TIER_3_STATIC_MAHALANOBIS,-1,NORMAL,-1,NORMAL,False
45456231412727229999,AWS-BHO-102,BHO,2025-03-17 23:00:00+00:00,drift,25.0,959.1059844192681,27.0,1.0,3,TIER_3_STATIC_MAHALANOBIS,-1,NORMAL,-1,NORMAL,False
45456231412727229999,AWS-RAN-067,RAN,2025-03-17 23:00:00+00:00,drift,24.137728350023963,935.7654593145313,53.0,1.0,3,TIER_3_STATIC_MAHALANOBIS,-1,NORMAL,-1,NORMAL,False
45456231412727229999,AWS-DEL-102,DEL,2025-03-18 00:00:00+00:00,drift,21.950598179119197,987.1,57.0,1.0,3,TIER_3_STATIC_MAHALANOBIS,-1,NORMAL,-1,NORMAL,False
45456231412727229999,AWS-RAN-101,RAN,2025-03-18 00:00:00+00:00,drift,24.758517419975075,935.4428459762964,52.0,1.0,3,TIER_3_STATIC_MAHALANOBIS,-1,NORMAL,-1,NORMAL,False
45456231412727229999,AWS-RAN-102,RAN,2025-03-18 00:00:00+00:00,drift,24.559543939038647,966.2485988815947,58.0,1.0,3,TIER_3_STATIC_MAHALANOBIS,-1,NORMAL,-1,NORMAL,False
45456231412727229999,AWS-RAN-067,RAN,2025-03-18 00:00:00+00:00,drift,23.858572903736672,935.2633005216894,53.0,1.0,3,TIER_3_STATIC_MAHALANOBIS,-1,NORMAL,-1,NORMAL,False
45456231412727229999,AWS-KOL-101,KOL,2025-03-18 00:00:00+00:00,drift,27.748481311458896,1008.7,95.0,15.0,1,TIER_1_SPIKE,-1,NORMAL,1,TIER_1_SPIKE,True
45456231412727229999,AWS-RAN-102,RAN,2025-03-18 01:00:00+00:00,drift,24.204045668919658,965.3161635216885,61.0,1.0,3,TIER_3_STATIC_MAHALANOBIS,-1,NORMAL,-1,NORMAL,False
45456231412727229999,AWS-RAN-067,RAN,2025-03-18 01:00:00+00:00,drift,23.702986357681137,934.5611417288477,53.0,1.0,3,TIER_3_STATIC_MAHALANOBIS,-1,NORMAL,-1,NORMAL,False
45456231412727229999,AWS-RAN-101,RAN,2025-03-18 01:00:00+00:00,drift,24.602925829941217,934.7394839749021,52.0,1.0,3,TIER_3_STATIC_MAHALANOBIS,-1,NORMAL,-1,NORMAL,False
45456231412727229999,AWS-KOL-101,KOL,2025-03-18 01:00:00+00:00,drift,27.731308062989662,1008.1,99.0,16.0,1,TIER_1_SPIKE,-1,NORMAL,1,TIER_1_SPIKE,True
45456231412727229999,AWS-DEL-011,DEL,2025-03-18 02:00:00+00:00,drift,18.7,981.1896572859163,50.93546858311372,1.0,3,TIER_3_STATIC_MAHALANOBIS,-1,NORMAL,-1,NORMAL,False
45456231412727229999,AWS-RAN-101,RAN,2025-03-18 02:00:00+00:00,drift,24.470457038518436,933.9361219735079,53.0,1.0,3,TIER_3_STATIC_MAHALANOBIS,-1,NORMAL,2,TIER_2_ROC_CUSUM,True
45456231412727229999,AWS-RAN-067,RAN,2025-03-18 02:00:00+00:00,drift,23.570522610236683,933.7589829360059,53.0,1.0,3,TIER_3_STATIC_MAHALANOBIS,-1,NORMAL,2,TIER_2_ROC_CUSUM,True
45456231412727229999,AWS-KOL-101,KOL,2025-03-18 02:00:00+00:00,drift,28.2281692409062,1007.5,99.0,17.0,1,TIER_1_SPIKE,-1,NORMAL,1,TIER_1_SPIKE,True
45456231412727229999,AWS-RAN-102,RAN,2025-03-18 02:00:00+00:00,drift,23.87167019741175,964.7837281617824,62.0,1.0,3,TIER_3_STATIC_MAHALANOBIS,-1,NORMAL,2,TIER_2_ROC_CUSUM,True
45456231412727229999,AWS-CHN-024,CHN,2025-03-18 03:00:00+00:00,drift,26.4,1001.5713360939292,93.0,1.0,3,TIER_3_STATIC_MAHALANOBIS,-1,NORMAL,1,TIER_1_SPIKE,True
45456231412727229999,AWS-KOL-101,KOL,2025-03-18 03:00:00+00:00,drift,28.238592700407345,1007.1,99.0,18.0,1,TIER_1_SPIKE,-1,NORMAL,1,TIER_1_SPIKE,True
45456231412727229999,AWS-DEL-011,DEL,2025-03-18 03:00:00+00:00,drift,18.1,980.2522708272803,50.9642790691297,1.0,3,TIER_3_STATIC_MAHALANOBIS,-1,NORMAL,2,TIER_2_ROC_CUSUM,True
45456231412727229999,AWS-CHN-024,CHN,2025-03-18 04:00:00+00:00,drift,26.1,1001.1399028986256,95.0,2.0,3,TIER_3_STATIC_MAHALANOBIS,-1,NORMAL,1,TIER_1_SPIKE,True
45456231412727229999,AWS-KOL-101,KOL,2025-03-18 04:00:00+00:00,drift,28.662151231424197,1007.7,100.0,19.0,1,TIER_1_SPIKE,-1,NORMAL,1,TIER_1_SPIKE,True
45456231412727229999,AWS-DEL-011,DEL,2025-03-18 04:00:00+00:00,drift,17.6,979.8148843686442,50.97615940530843,1.0,3,TIER_3_STATIC_MAHALANOBIS,-1,NORMAL,1,TIER_1_SPIKE,True
45456231412727229999,AWS-CHN-101,CHN,2025-03-18 04:00:00+00:00,drift,24.9,1000.2364068576751,99.0,1.0,3,TIER_3_STATIC_MAHALANOBIS,-1,NORMAL,-1,NORMAL,False
45456231412727229999,AWS-CHN-024,CHN,2025-03-18 05:00:00+00:00,drift,25.9,1001.4084697033221,95.0,3.0,1,TIER_1_SPIKE,-1,NORMAL,1,TIER_1_SPIKE,True
45456231412727229999,AWS-KOL-101,KOL,2025-03-18 05:00:00+00:00,drift,28.7984558443411,1008.6,99.0,20.0,1,TIER_1_SPIKE,-1,NORMAL,1,TIER_1_SPIKE,True
45456231412727229999,AWS-DEL-011,DEL,2025-03-18 05:00:00+00:00,drift,17.1,979.4774979100083,50.97593493418542,1.0,3,TIER_3_STATIC_MAHALANOBIS,-1,NORMAL,1,TIER_1_SPIKE,True
45456231412727229999,AWS-DEL-011,DEL,2025-03-18 06:00:00+00:00,drift,17.6,980.0401114513724,50.95600219768358,1.0,3,TIER_3_STATIC_MAHALANOBIS,-1,NORMAL,1,TIER_1_SPIKE,True
45456231412727229999,AWS-DEL-011,DEL,2025-03-18 07:00:00+00:00,drift,17.560783209741537,980.7027249927363,50.90546643541751,1.0,3,TIER_3_STATIC_MAHALANOBIS,-1,NORMAL,1,TIER_1_SPIKE,True
45456231412727229999,AWS-DEL-011,DEL,2025-03-18 08:00:00+00:00,drift,17.499398093095333,980.8653385341004,50.83678125621059,1.0,3,TIER_3_STATIC_MAHALANOBIS,-1,NORMAL,1,TIER_1_SPIKE,True
45456231412727229999,AWS-DEL-011,DEL,2025-03-18 09:00:00+00:00,drift,17.50500987241144,981.0279520754643,47.0,1.0,3,TIER_3_STATIC_MAHALANOBIS,-1,NORMAL,1,TIER_1_SPIKE,True
45456231412727229999,AWS-RAN-102,RAN,2025-03-19 03:00:00+00:00,unstructured_anomaly,24.58344311743186,965.4056539258542,70.95156989836407,1.0,3,TIER_3_STATIC_MAHALANOBIS,-1,NORMAL,-1,NORMAL,False
45456231412727229999,AWS-RAN-102,RAN,2025-03-19 04:00:00+00:00,unstructured_anomaly,24.531560792509236,963.7985480712239,71.33764724802231,1.0,3,TIER_3_STATIC_MAHALANOBIS,-1,NORMAL,2,TIER_2_ROC_CUSUM,True
45456231412727229999,AWS-DEL-011,DEL,2025-03-19 04:00:00+00:00,drift,18.3,987.4154235368712,58.0,1.0,3,TIER_3_STATIC_MAHALANOBIS,-1,NORMAL,-1,NORMAL,False
45456231412727229999,AWS-DEL-011,DEL,2025-03-19 05:00:00+00:00,drift,17.8,987.7062957070084,61.0,1.0,3,TIER_3_STATIC_MAHALANOBIS,-1,NORMAL,2,TIER_2_ROC_CUSUM,True
45456231412727229999,AWS-BHO-102,BHO,2025-03-19 08:00:00+00:00,drift,24.2,966.2,34.0,1.0,3,TIER_3_STATIC_MAHALANOBIS,-1,NORMAL,-1,NORMAL,False
45456231412727229999,AWS-BHO-030,BHO,2025-03-19 08:00:00+00:00,drift,24.0,958.7,35.0,1.0,3,TIER_3_STATIC_MAHALANOBIS,-1,NORMAL,-1,NORMAL,False
45456231412727229999,AWS-BHO-101,BHO,2025-03-19 09:00:00+00:00,drift,28.2,958.8,27.752217437687452,1.0,3,TIER_3_STATIC_MAHALANOBIS,-1,NORMAL,-1,NORMAL,False
45456231412727229999,AWS-VAR-052,VAR,2025-03-19 09:00:00+00:00,drift,28.1,1007.5432621514036,30.0,1.0,3,TIER_3_STATIC_MAHALANOBIS,-1,NORMAL,-1,NORMAL,False
45456231412727229999,AWS-BHO-103,BHO,2025-03-19 09:00:00+00:00,drift,28.0,964.9,28.752456630933587,1.0,3,TIER_3_STATIC_MAHALANOBIS,-1,NORMAL,-1,NORMAL,False
45456231412727229999,AWS-MUM-103,MUM,2025-03-19 10:00:00+00:00,frozen_value,31.9,1011.6,32.0,28.0,1,TIER_1_SPIKE,-1,NORMAL,-1,NORMAL,False
45456231412727229999,AWS-MUM-102,MUM,2025-03-19 10:00:00+00:00,frozen_value,32.4,1011.4,31.0,51.0,1,TIER_1_SPIKE,-1,NORMAL,-1,NORMAL,False
45456231412727229999,AWS-MUM-101,MUM,2025-03-19 11:00:00+00:00,frozen_value,34.9,1011.8613065936337,24.0,3.0,1,TIER_1_SPIKE,-1,NORMAL,-1,NORMAL,False
45456231412727229999,AWS-VAR-101,VAR,2025-03-19 11:00:00+00:00,drift,31.2,1007.6926439930736,23.0,1.0,3,TIER_3_STATIC_MAHALANOBIS,-1,NORMAL,-1,NORMAL,False
45456231412727229999,AWS-VAR-101,VAR,2025-03-19 16:00:00+00:00,drift,31.860167166628422,1006.4001331639074,21.0,1.0,3,TIER_3_STATIC_MAHALANOBIS,-1,NORMAL,-1,NORMAL,False
45456231412727229999,AWS-MUM-102,MUM,2025-03-19 17:00:00+00:00,drift,32.040269523549036,1007.4,37.0,58.0,1,TIER_1_SPIKE,-1,NORMAL,-1,NORMAL,False
45456231412727229999,AWS-KOL-102,KOL,2025-03-19 17:00:00+00:00,drift,32.64045389983716,1009.6,47.0,10.0,1,TIER_1_SPIKE,-1,NORMAL,-1,NORMAL,False
45456231412727229999,AWS-MUM-103,MUM,2025-03-19 17:00:00+00:00,drift,32.94009440437654,1007.4,33.0,35.0,1,TIER_1_SPIKE,-1,NORMAL,-1,NORMAL,False
45456231412727229999,AWS-VAR-102,VAR,2025-03-19 18:00:00+00:00,drift,25.020261033036572,1008.3538948921849,43.0,1.0,3,TIER_3_STATIC_MAHALANOBIS,-1,NORMAL,1,TIER_1_SPIKE,True
45456231412727229999,AWS-VAR-052,VAR,2025-03-19 19:00:00+00:00,drift,27.80051252742617,1009.5740362466379,27.0,1.0,3,TIER_3_STATIC_MAHALANOBIS,-1,NORMAL,-1,NORMAL,False
45456231412727229999,AWS-DEL-102,DEL,2025-03-19 19:00:00+00:00,drift,23.999924461556212,987.3,37.0,1.0,3,TIER_3_STATIC_MAHALANOBIS,-1,NORMAL,-1,NORMAL,False
45456231412727229999,AWS-BHO-101,BHO,2025-03-19 19:00:00+00:00,drift,28.400381372881288,955.1,29.274391814561966,1.0,3,TIER_3_STATIC_MAHALANOBIS,-1,NORMAL,-1,NORMAL,False
45456231412727229999,AWS-BHO-103,BHO,2025-03-19 19:00:00+00:00,drift,27.700271841882834,960.7,35.27702294026945,1.0,3,TIER_3_STATIC_MAHALANOBIS,-1,NORMAL,-1,NORMAL,False
45456231412727229999,AWS-KOL-101,KOL,2025-03-19 19:00:00+00:00,drift,26.500734412136698,1012.4,75.0,2.0,1,TIER_1_SPIKE,-1,NORMAL,1,TIER_1_SPIKE,True
45456231412727229999,AWS-CHN-103,CHN,2025-03-19 19:00:00+00:00,drift,26.900875552220732,1006.9,80.0,1.0,1,TIER_1_SPIKE,-1,NORMAL,-1,NORMAL,False
45456231412727229999,AWS-DEL-101,DEL,2025-03-19 20:00:00+00:00,drift,21.67975315906698,990.8,39.0,1.0,3,TIER_3_STATIC_MAHALANOBIS,-1,NORMAL,1,TIER_1_SPIKE,True
45456231412727229999,AWS-MUM-007,MUM,2025-03-19 20:00:00+00:00,drift,25.681723098346335,1011.6,54.0,1.0,3,TIER_3_STATIC_MAHALANOBIS,-1,NORMAL,-1,NORMAL,False
45456231412727229999,AWS-BHO-101,BHO,2025-03-19 20:00:00+00:00,drift,27.780457647457546,955.9,30.02660925224942,1.0,3,TIER_3_STATIC_MAHALANOBIS,-1,NORMAL,-1,NORMAL,False
45456231412727229999,AWS-KOL-103,KOL,2025-03-19 21:00:00+00:00,drift,25.860951552377596,1012.9,77.0,38.0,1,TIER_1_SPIKE,-1,NORMAL,1,TIER_1_SPIKE,True
45456231412727229999,AWS-BHO-102,BHO,2025-03-19 21:00:00+00:00,drift,25.66018464752273,964.8,38.78225768969707,1.0,3,TIER_3_STATIC_MAHALANOBIS,-1,NORMAL,-1,NORMAL,False
45456231412727229999,AWS-CHN-102,CHN,2025-03-19 21:00:00+00:00,drift,26.26186521901996,1011.7,80.0,5.0,1,TIER_1_SPIKE,-1,NORMAL,1,TIER_1_SPIKE,True
45456231412727229999,AWS-MUM-007,MUM,2025-03-19 21:00:00+00:00,drift,25.162010281404054,1012.3,57.0,2.0,1,TIER_1_SPIKE,-1,NORMAL,-1,NORMAL,False
45456231412727229999,AWS-CHN-102,CHN,2025-03-19 22:00:00+00:00,drift,25.642131678879952,1012.1,82.0,6.0,1,TIER_1_SPIKE,-1,NORMAL,1,TIER_1_SPIKE,True
45456231412727229999,AWS-BHO-030,BHO,2025-03-19 22:00:00+00:00,drift,24.540856328458418,957.6,39.5328745231517,1.0,3,TIER_3_STATIC_MAHALANOBIS,-1,NORMAL,-1,NORMAL,False
45456231412727229999,AWS-DEL-103,DEL,2025-03-19 23:00:00+00:00,drift,16.919856464837174,989.8,53.0,1.0,3,TIER_3_STATIC_MAHALANOBIS,-1,NORMAL,1,TIER_1_SPIKE,True
45456231412727229999,AWS-DEL-011,DEL,2025-03-20 07:00:00+00:00,drift,16.161921357684545,990.7,55.0,1.0,3,TIER_3_STATIC_MAHALANOBIS,-1,NORMAL,1,TIER_1_SPIKE,True
45456231412727229999,AWS-DEL-101,DEL,2025-03-20 09:00:00+00:00,drift,20.819218337045427,993.5,39.26469603525591,1.0,3,TIER_3_STATIC_MAHALANOBIS,-1,NORMAL,1,TIER_1_SPIKE,True
45456231412727229999,AWS-VAR-102,VAR,2025-03-20 10:00:00+00:00,drift,23.701305165182852,1007.5,36.897917747137555,1.0,3,TIER_3_STATIC_MAHALANOBIS,-1,NORMAL,-1,NORMAL,False
45456231412727229999,AWS-DEL-102,DEL,2025-03-20 11:00:00+00:00,drift,23.479682738536088,990.6138174159307,23.529956515697222,1.0,3,TIER_3_STATIC_MAHALANOBIS,-1,NORMAL,-1,NORMAL,False
45456231412727229999,AWS-BHO-102,BHO,2025-03-20 11:00:00+00:00,drift,25.580553942568187,966.9,44.31699674014006,1.0,3,TIER_3_STATIC_MAHALANOBIS,-1,NORMAL,-1,NORMAL,False
45456231412727229999,AWS-BHO-030,BHO,2025-03-20 11:00:00+00:00,drift,24.882247862203347,959.7,46.31340086607827,1.0,3,TIER_3_STATIC_MAHALANOBIS,-1,NORMAL,-1,NORMAL,False
45456231412727229999,AWS-VAR-052,VAR,2025-03-20 11:00:00+00:00,drift,26.282152615189926,1006.2,24.531105670509504,1.0,3,TIER_3_STATIC_MAHALANOBIS,-1,NORMAL,-1,NORMAL,False
45456231412727229999,AWS-DEL-102,DEL,2025-03-20 12:00:00+00:00,drift,24.059667630847333,989.6441950471226,20.162445644621528,1.0,3,TIER_3_STATIC_MAHALANOBIS,-1,NORMAL,2,TIER_2_ROC_CUSUM,True
45456231412727229999,AWS-BHO-101,BHO,2025-03-20 12:00:00+00:00,drift,26.161678040677668,958.5,42.06208825524864,1.0,3,TIER_3_STATIC_MAHALANOBIS,-1,NORMAL,-1,NORMAL,False
45456231412727229999,AWS-BHO-103,BHO,2025-03-20 12:00:00+00:00,drift,26.561196104284477,964.1,45.068785666140414,1.0,3,TIER_3_STATIC_MAHALANOBIS,-1,NORMAL,-1,NORMAL,False
45456231412727229999,AWS-DEL-102,DEL,2025-03-20 13:00:00+00:00,drift,23.939652523158575,988.3165288985301,19.794934773545833,1.0,3,TIER_3_STATIC_MAHALANOBIS,-1,NORMAL,2,TIER_2_ROC_CUSUM,True
45456231412727229999,AWS-VAR-052,VAR,2025-03-20 13:00:00+00:00,drift,26.942357626160394,1003.6,24.796658505764256,1.0,3,TIER_3_STATIC_MAHALANOBIS,-1,NORMAL,2,TIER_2_ROC_CUSUM,True
45456231412727229999,AWS-DEL-102,DEL,2025-03-20 14:00:00+00:00,drift,23.419637415469815,987.1404644360056,22.427423902470135,1.0,3,TIER_3_STATIC_MAHALANOBIS,-1,NORMAL,2,TIER_2_ROC_CUSUM,True
45456231412727229999,AWS-VAR-052,VAR,2025-03-20 14:00:00+00:00,drift,26.622460131645628,1002.2,24.42943492339163,1.0,3,TIER_3_STATIC_MAHALANOBIS,-1,NORMAL,2,TIER_2_ROC_CUSUM,True
45456231412727229999,AWS-RAN-103,RAN,2025-03-20 15:00:00+00:00,drift,30.563038005041687,976.559931449793,37.0,1.0,3,TIER_3_STATIC_MAHALANOBIS,-1,NORMAL,-1,NORMAL,False
45456231412727229999,AWS-RAN-102,RAN,2025-03-20 18:00:00+00:00,drift,26.781021205538092,971.2452161581639,56.0,1.0,3,TIER_3_STATIC_MAHALANOBIS,-1,NORMAL,-1,NORMAL,False
45456231412727229999,AWS-CHN-101,CHN,2025-03-20 19:00:00+00:00,drift,28.6,1010.9,71.58674313445019,12.0,3,TIER_3_STATIC_MAHALANOBIS,-1,NORMAL,-1,NORMAL,False
45456231412727229999,AWS-CHN-101,CHN,2025-03-20 20:00:00+00:00,drift,28.3,1011.8,72.2189717289877,13.0,3,TIER_3_STATIC_MAHALANOBIS,-1,NORMAL,-1,NORMAL,False
45456231412727229999,AWS-CHN-101,CHN,2025-03-20 21:00:00+00:00,drift,27.9,1012.4,73.85120032352522,14.0,3,TIER_3_STATIC_MAHALANOBIS,-1,NORMAL,-1,NORMAL,False
45456231412727229999,AWS-CHN-101,CHN,2025-03-20 22:00:00+00:00,drift,27.5,1012.7,75.48342891806274,15.0,3,TIER_3_STATIC_MAHALANOBIS,-1,NORMAL,-1,NORMAL,False
45456231412727229999,AWS-CHN-101,CHN,2025-03-20 23:00:00+00:00,drift,27.2,1012.5,77.11565751260025,16.0,3,TIER_3_STATIC_MAHALANOBIS,-1,NORMAL,-1,NORMAL,False
45456231412727229999,AWS-CHN-101,CHN,2025-03-21 00:00:00+00:00,drift,27.0,1012.0,76.74788610713776,17.0,3,TIER_3_STATIC_MAHALANOBIS,-1,NORMAL,-1,NORMAL,False
45456231412727229999,AWS-CHN-024,CHN,2025-03-21 00:00:00+00:00,drift,28.1,1013.0,71.75579710436898,1.0,3,TIER_3_STATIC_MAHALANOBIS,-1,NORMAL,-1,NORMAL,False
45456231412727229999,AWS-CHN-101,CHN,2025-03-21 01:00:00+00:00,drift,27.0,1011.4,76.38011470167528,18.0,3,TIER_3_STATIC_MAHALANOBIS,-1,NORMAL,-1,NORMAL,False
45456231412727229999,AWS-CHN-024,CHN,2025-03-21 01:00:00+00:00,drift,28.0,1012.4,71.3884910516848,2.0,3,TIER_3_STATIC_MAHALANOBIS,-1,NORMAL,-1,NORMAL,False
45456231412727229999,AWS-CHN-101,CHN,2025-03-21 04:00:00+00:00,drift,25.65501287823399,1011.0,81.27680048528782,1.0,3,TIER_3_STATIC_MAHALANOBIS,-1,NORMAL,1,TIER_1_SPIKE,True
45456231412727229999,AWS-CHN-101,CHN,2025-03-21 05:00:00+00:00,drift,25.210025756467978,1011.4,80.90902907982534,2.0,1,TIER_1_SPIKE,-1,NORMAL,1,TIER_1_SPIKE,True
45456231412727229999,AWS-KOL-102,KOL,2025-03-21 09:00:00+00:00,drift,30.1,1016.1,37.43173568219334,38.0,1,TIER_1_SPIKE,-1,NORMAL,-1,NORMAL,False
45456231412727229999,AWS-VAR-101,VAR,2025-03-21 10:00:00+00:00,drift,30.4,1006.1,35.081347738447164,1.0,3,TIER_3_STATIC_MAHALANOBIS,-1,NORMAL,-1,NORMAL,False
45456231412727229999,AWS-MUM-103,MUM,2025-03-21 10:00:00+00:00,drift,30.5,1014.6,36.06737210055678,76.0,1,TIER_1_SPIKE,-1,NORMAL,-1,NORMAL,False
45456231412727229999,AWS-MUM-102,MUM,2025-03-21 10:00:00+00:00,drift,31.0,1014.4,32.068164824659696,32.0,1,TIER_1_SPIKE,-1,NORMAL,-1,NORMAL,False
45456231412727229999,AWS-MUM-101,MUM,2025-03-21 11:00:00+00:00,drift,33.7,1014.1,22.691961371014102,3.0,1,TIER_1_SPIKE,-1,NORMAL,-1,NORMAL,False
45456231412727229999,AWS-MUM-101,MUM,2025-03-21 16:00:00+00:00,drift,33.4,1009.4,18.851240187266622,8.0,1,TIER_1_SPIKE,-1,NORMAL,-1,NORMAL,False
45456231412727229999,AWS-KOL-102,KOL,2025-03-21 16:00:00+00:00,drift,29.8,1011.7,34.855664519706934,45.0,1,TIER_1_SPIKE,-1,NORMAL,-1,NORMAL,False
45456231412727229999,AWS-KOL-101,KOL,2025-03-21 17:00:00+00:00,drift,26.3,1012.3,56.49252425022495,8.0,1,TIER_1_SPIKE,-1,NORMAL,1,TIER_1_SPIKE,True
45456231412727229999,AWS-KOL-102,KOL,2025-03-21 17:00:00+00:00,drift,29.2,1012.1,37.487654353637446,46.0,1,TIER_1_SPIKE,-1,NORMAL,-1,NORMAL,False
45456231412727229999,AWS-BHO-103,BHO,2025-03-21 18:00:00+00:00,drift,28.6,961.0,25.0,1.0,3,TIER_3_STATIC_MAHALANOBIS,-1,NORMAL,-1,NORMAL,False
45456231412727229999,AWS-KOL-103,KOL,2025-03-21 19:00:00+00:00,drift,23.5,1014.6,56.756190950641454,84.0,1,TIER_1_SPIKE,-1,NORMAL,1,TIER_1_SPIKE,True
45456231412727229999,AWS-CHN-101,CHN,2025-03-21 19:00:00+00:00,drift,24.58020605174384,1010.1,65.76022940335056,13.0,1,TIER_1_SPIKE,-1,NORMAL,1,TIER_1_SPIKE,True
45456231412727229999,AWS-BHO-101,BHO,2025-03-21 19:00:00+00:00,drift,27.1,955.9,25.92137937906923,1.0,3,TIER_3_STATIC_MAHALANOBIS,-1,NORMAL,-1,NORMAL,False
45456231412727229999,AWS-VAR-052,VAR,2025-03-21 19:00:00+00:00,drift,28.7,1001.4,25.779951034585526,1.0,3,TIER_3_STATIC_MAHALANOBIS,-1,NORMAL,1,TIER_1_SPIKE,True
45456231412727229999,AWS-DEL-102,DEL,2025-03-21 19:00:00+00:00,drift,24.1,986.8,26.76960864127499,1.0,3,TIER_3_STATIC_MAHALANOBIS,-1,NORMAL,1,TIER_1_SPIKE,True
45456231412727229999,AWS-CHN-103,CHN,2025-03-21 19:00:00+00:00,drift,28.5,1007.0,62.746900441046364,11.0,1,TIER_1_SPIKE,-1,NORMAL,-1,NORMAL,False
45456231412727229999,AWS-CHN-103,CHN,2025-03-21 20:00:00+00:00,drift,28.1,1007.6,66.37875878663098,12.0,1,TIER_1_SPIKE,-1,NORMAL,-1,NORMAL,False
45456231412727229999,AWS-CHN-101,CHN,2025-03-21 20:00:00+00:00,drift,24.03521892997783,1010.9269151933831,65.39245799788807,14.0,1,TIER_1_SPIKE,-1,NORMAL,1,TIER_1_SPIKE,True
45456231412727229999,AWS-BHO-102,BHO,2025-03-21 20:00:00+00:00,drift,27.6,964.6,24.754073357275075,1.0,3,TIER_3_STATIC_MAHALANOBIS,-1,NORMAL,-1,NORMAL,False
45456231412727229999,AWS-VAR-102,VAR,2025-03-21 21:00:00+00:00,drift,25.1,1002.8,36.04029146374233,1.0,3,TIER_3_STATIC_MAHALANOBIS,-1,NORMAL,-1,NORMAL,False
45456231412727229999,AWS-BHO-030,BHO,2025-03-21 21:00:00+00:00,drift,26.7,957.8,27.52144235882557,1.0,3,TIER_3_STATIC_MAHALANOBIS,-1,NORMAL,-1,NORMAL,False
45456231412727229999,AWS-CHN-103,CHN,2025-03-21 21:00:00+00:00,drift,27.7,1008.2,68.0106171322156,13.0,1,TIER_1_SPIKE,-1,NORMAL,-1,NORMAL,False
45456231412727229999,AWS-BHO-101,BHO,2025-03-21 21:00:00+00:00,drift,26.6,957.3,24.521802069057465,1.0,3,TIER_3_STATIC_MAHALANOBIS,-1,NORMAL,-1,NORMAL,False
45456231412727229999,AWS-CHN-101,CHN,2025-03-21 21:00:00+00:00,drift,23.490231808211817,1011.8538303867662,67.0246865924256,15.0,1,TIER_1_SPIKE,-1,NORMAL,1,TIER_1_SPIKE,True
45456231412727229999,AWS-CHN-103,CHN,2025-03-21 22:00:00+00:00,drift,27.3,1008.4,68.64247547780023,14.0,1,TIER_1_SPIKE,-1,NORMAL,-1,NORMAL,False
45456231412727229999,AWS-DEL-101,DEL,2025-03-21 22:00:00+00:00,drift,22.8,990.2,19.661572687490242,1.0,3,TIER_3_STATIC_MAHALANOBIS,-1,NORMAL,1,TIER_1_SPIKE,True
45456231412727229999,AWS-CHN-102,CHN,2025-03-21 22:00:00+00:00,drift,28.2,1011.3,64.6565420395219,5.0,1,TIER_1_SPIKE,-1,NORMAL,1,TIER_1_SPIKE,True
45456231412727229999,AWS-CHN-103,CHN,2025-03-21 23:00:00+00:00,drift,26.8,1008.1,71.27433382338485,15.0,1,TIER_1_SPIKE,-1,NORMAL,-1,NORMAL,False
45456231412727229999,AWS-CHN-102,CHN,2025-03-21 23:00:00+00:00,drift,27.9,1011.0,66.28876106617629,6.0,1,TIER_1_SPIKE,-1,NORMAL,1,TIER_1_SPIKE,True
45456231412727229999,AWS-CHN-103,CHN,2025-03-22 00:00:00+00:00,drift,26.4,1007.7,73.90619216896947,16.0,1,TIER_1_SPIKE,-1,NORMAL,-1,NORMAL,False
45456231412727229999,AWS-CHN-102,CHN,2025-03-22 00:00:00+00:00,drift,27.6,1010.5,67.9209800928307,7.0,1,TIER_1_SPIKE,-1,NORMAL,1,TIER_1_SPIKE,True
45456231412727229999,AWS-KOL-103,KOL,2025-03-22 00:00:00+00:00,drift,22.8,1012.5,60.91677302711943,89.0,1,TIER_1_SPIKE,-1,NORMAL,1,TIER_1_SPIKE,True
45456231412727229999,AWS-CHN-102,CHN,2025-03-22 01:00:00+00:00,drift,27.3,1009.8,70.55319911948511,8.0,1,TIER_1_SPIKE,-1,NORMAL,1,TIER_1_SPIKE,True
45456231412727229999,AWS-KOL-103,KOL,2025-03-22 01:00:00+00:00,drift,22.6,1012.1,62.548889442415025,90.0,1,TIER_1_SPIKE,-1,NORMAL,1,TIER_1_SPIKE,True
45456231412727229999,AWS-CHN-103,CHN,2025-03-22 01:00:00+00:00,drift,26.0,1006.9,75.53805051455409,17.0,1,TIER_1_SPIKE,-1,NORMAL,2,TIER_2_ROC_CUSUM,True
45456231412727229999,AWS-CHN-102,CHN,2025-03-22 02:00:00+00:00,drift,27.2,1009.3,70.18541814613951,9.0,1,TIER_1_SPIKE,-1,NORMAL,1,TIER_1_SPIKE,True
45456231412727229999,AWS-DEL-103,DEL,2025-03-22 02:00:00+00:00,drift,19.1,986.1,26.19232443236099,1.0,3,TIER_3_STATIC_MAHALANOBIS,-1,NORMAL,1,TIER_1_SPIKE,True
45456231412727229999,AWS-CHN-103,CHN,2025-03-22 02:00:00+00:00,drift,25.8,1006.3,77.16990886013872,18.0,1,TIER_1_SPIKE,-1,NORMAL,2,TIER_2_ROC_CUSUM,True
45456231412727229999,AWS-KOL-103,KOL,2025-03-22 02:00:00+00:00,drift,22.4,1012.5,66.18100585771062,91.0,1,TIER_1_SPIKE,-1,NORMAL,1,TIER_1_SPIKE,True
45456231412727229999,AWS-DEL-103,DEL,2025-03-22 03:00:00+00:00,drift,18.6,985.7,26.824704070322877,1.0,3,TIER_3_STATIC_MAHALANOBIS,-1,NORMAL,1,TIER_1_SPIKE,True
45456231412727229999,AWS-CHN-103,CHN,2025-03-22 03:00:00+00:00,drift,25.9,1006.0,75.80176720572334,19.0,1,TIER_1_SPIKE,-1,NORMAL,2,TIER_2_ROC_CUSUM,True
45456231412727229999,AWS-CHN-102,CHN,2025-03-22 03:00:00+00:00,drift,26.9,1009.0,71.81763717279392,10.0,1,TIER_1_SPIKE,-1,NORMAL,1,TIER_1_SPIKE,True
45456231412727229999,AWS-DEL-103,DEL,2025-03-22 04:00:00+00:00,drift,18.4,985.9,26.45708370828476,1.0,3,TIER_3_STATIC_MAHALANOBIS,-1,NORMAL,1,TIER_1_SPIKE,True
45456231412727229999,AWS-CHN-102,CHN,2025-03-22 04:00:00+00:00,drift,26.3,1009.0,74.44985619944833,11.0,1,TIER_1_SPIKE,-1,NORMAL,1,TIER_1_SPIKE,True
45456231412727229999,AWS-CHN-103,CHN,2025-03-22 04:00:00+00:00,drift,26.1,1006.0,74.43362555130795,20.0,1,TIER_1_SPIKE,-1,NORMAL,-1,NORMAL,False
45456231412727229999,AWS-DEL-011,DEL,2025-03-22 05:00:00+00:00,drift,18.0,986.5,29.10222829217777,1.0,3,TIER_3_STATIC_MAHALANOBIS,-1,NORMAL,1,TIER_1_SPIKE,True
45456231412727229999,AWS-CHN-103,CHN,2025-03-22 05:00:00+00:00,drift,26.2,1006.6,74.06548389689257,21.0,1,TIER_1_SPIKE,-1,NORMAL,2,TIER_2_ROC_CUSUM,True
45456231412727229999,AWS-CHN-102,CHN,2025-03-22 05:00:00+00:00,drift,26.1,1009.6,76.08207522610275,12.0,1,TIER_1_SPIKE,-1,NORMAL,1,TIER_1_SPIKE,True
45456231412727229999,AWS-CHN-103,CHN,2025-03-22 06:00:00+00:00,drift,26.0,1007.6,76.69734224247719,22.0,1,TIER_1_SPIKE,-1,NORMAL,2,TIER_2_ROC_CUSUM,True
45456231412727229999,AWS-KOL-103,KOL,2025-03-22 07:00:00+00:00,drift,21.7,1015.3,63.3415879341886,96.0,1,TIER_1_SPIKE,-1,NORMAL,1,TIER_1_SPIKE,True
45456231412727229999,AWS-RAN-067,RAN,2025-03-22 08:00:00+00:00,drift,19.6,945.1,69.93962008764832,1.0,3,TIER_3_STATIC_MAHALANOBIS,-1,NORMAL,-1,NORMAL,False
45456231412727229999,AWS-BHO-101,BHO,2025-03-22 08:00:00+00:00,drift,25.9,959.7,28.94979166674809,1.0,3,TIER_3_STATIC_MAHALANOBIS,-1,NORMAL,-1,NORMAL,False
45456231412727229999,AWS-CHN-101,CHN,2025-03-22 08:00:00+00:00,drift,22.99537346878571,1015.5498975139803,71.0,26.0,1,TIER_1_SPIKE,-1,NORMAL,1,TIER_1_SPIKE,True
45456231412727229999,AWS-BHO-030,BHO,2025-03-22 09:00:00+00:00,drift,28.0,960.7,26.21906233020341,1.0,3,TIER_3_STATIC_MAHALANOBIS,-1,NORMAL,-1,NORMAL,False
45456231412727229999,AWS-RAN-102,RAN,2025-03-22 09:00:00+00:00,drift,25.6,977.1,49.20914409867,1.0,3,TIER_3_STATIC_MAHALANOBIS,-1,NORMAL,-1,NORMAL,False
45456231412727229999,AWS-RAN-101,RAN,2025-03-22 09:00:00+00:00,drift,22.6,945.9,59.20950076266604,1.0,3,TIER_3_STATIC_MAHALANOBIS,-1,NORMAL,-1,NORMAL,False
45456231412727229999,AWS-BHO-103,BHO,2025-03-22 09:00:00+00:00,drift,28.4,966.2,25.217562551579437,1.0,3,TIER_3_STATIC_MAHALANOBIS,-1,NORMAL,-1,NORMAL,False
45456231412727229999,AWS-MUM-103,MUM,2025-03-22 10:00:00+00:00,drift,31.485444949425155,1013.5,37.0,2.0,1,TIER_1_SPIKE,-1,NORMAL,-1,NORMAL,False
45456231412727229999,AWS-MUM-102,MUM,2025-03-22 10:00:00+00:00,drift,31.985329414012618,1013.3,35.0,4.0,1,TIER_1_SPIKE,-1,NORMAL,-1,NORMAL,False
45456231412727229999,AWS-RAN-103,RAN,2025-03-22 11:00:00+00:00,drift,28.8,980.3,36.65378261014515,1.0,3,TIER_3_STATIC_MAHALANOBIS,-1,NORMAL,-1,NORMAL,False
45456231412727229999,AWS-MUM-101,MUM,2025-03-22 11:00:00+00:00,drift,34.3781656609856,1013.0,30.0,27.0,1,TIER_1_SPIKE,-1,NORMAL,-1,NORMAL,False
45456231412727229999,AWS-KOL-101,KOL,2025-03-22 12:00:00+00:00,drift,26.47045517589126,1014.0,74.0,27.0,1,TIER_1_SPIKE,-1,NORMAL,1,TIER_1_SPIKE,True
45456231412727229999,AWS-CHN-101,CHN,2025-03-22 15:00:00+00:00,drift,22.18046361642364,1012.7383038676621,62.0,6.0,1,TIER_1_SPIKE,-1,NORMAL,1,TIER_1_SPIKE,True
45456231412727229999,AWS-CHN-101,CHN,2025-03-22 16:00:00+00:00,drift,21.93547649465763,1012.7652190610452,64.0,7.0,1,TIER_1_SPIKE,-1,NORMAL,1,TIER_1_SPIKE,True
45456231412727229999,AWS-RAN-067,RAN,2025-03-22 16:00:00+00:00,drift,20.3,941.1,64.2352843881639,1.0,3,TIER_3_STATIC_MAHALANOBIS,-1,NORMAL,-1,NORMAL,False
45456231412727229999,AWS-KOL-101,KOL,2025-03-22 17:00:00+00:00,drift,26.933524145755335,1011.8,79.0,32.0,1,TIER_1_SPIKE,-1,NORMAL,1,TIER_1_SPIKE,True
45456231412727229999,AWS-RAN-067,RAN,2025-03-22 17:00:00+00:00,drift,20.4,940.9,61.264791880358956,1.0,3,TIER_3_STATIC_MAHALANOBIS,-1,NORMAL,-1,NORMAL,False
45456231412727229999,AWS-MUM-101,MUM,2025-03-22 17:00:00+00:00,drift,34.634496982956804,1008.0,40.0,33.0,1,TIER_1_SPIKE,-1,NORMAL,-1,NORMAL,False
45456231412727229999,AWS-KOL-101,KOL,2025-03-22 18:00:00+00:00,drift,26.72613793972815,1013.7,74.0,33.0,1,TIER_1_SPIKE,-1,NORMAL,1,TIER_1_SPIKE,True
45456231412727229999,AWS-MUM-103,MUM,2025-03-22 20:00:00+00:00,drift,32.61266969655093,1009.8,50.0,12.0,1,TIER_1_SPIKE,-1,NORMAL,-1,NORMAL,False
45456231412727229999,AWS-MUM-103,MUM,2025-03-22 21:00:00+00:00,drift,32.305392171263506,1010.6,52.0,13.0,1,TIER_1_SPIKE,-1,NORMAL,-1,NORMAL,False
45456231412727229999,AWS-MUM-103,MUM,2025-03-22 22:00:00+00:00,drift,32.298114645976085,1011.0,53.0,14.0,1,TIER_1_SPIKE,-1,NORMAL,2,TIER_2_ROC_CUSUM,True
45456231412727229999,AWS-BHO-101,BHO,2025-03-22 23:00:00+00:00,frozen_value,26.893637033055214,957.8,21.0,1.0,3,TIER_3_STATIC_MAHALANOBIS,-1,NORMAL,-1,NORMAL,False
45456231412727229999,AWS-BHO-030,BHO,2025-03-22 23:00:00+00:00,frozen_value,27.393637033055214,958.3,24.0,1.0,3,TIER_3_STATIC_MAHALANOBIS,-1,NORMAL,-1,NORMAL,False
45456231412727229999,AWS-MUM-103,MUM,2025-03-22 23:00:00+00:00,drift,31.890837120688662,1010.9,55.0,15.0,1,TIER_1_SPIKE,-1,NORMAL,-1,NORMAL,False
45456231412727229999,AWS-BHO-102,BHO,2025-03-22 23:00:00+00:00,frozen_value,26.293637033055216,965.0,24.0,1.0,3,TIER_3_STATIC_MAHALANOBIS,-1,NORMAL,-1,NORMAL,False
45456231412727229999,AWS-BHO-030,BHO,2025-03-23 00:00:00+00:00,frozen_value,27.379631573652112,958.0,27.0,1.0,3,TIER_3_STATIC_MAHALANOBIS,-1,NORMAL,-1,NORMAL,False
45456231412727229999,AWS-BHO-101,BHO,2025-03-23 00:00:00+00:00,frozen_value,26.879631573652112,957.6,23.0,1.0,3,TIER_3_STATIC_MAHALANOBIS,-1,NORMAL,-1,NORMAL,False
45456231412727229999,AWS-BHO-102,BHO,2025-03-23 00:00:00+00:00,frozen_value,26.279631573652114,964.9,26.0,1.0,3,TIER_3_STATIC_MAHALANOBIS,-1,NORMAL,-1,NORMAL,False
45456231412727229999,AWS-BHO-101,BHO,2025-03-23 01:00:00+00:00,frozen_value,26.82470081139329,956.7,26.0,1.0,3,TIER_3_STATIC_MAHALANOBIS,-1,NORMAL,-1,NORMAL,False
45456231412727229999,AWS-BHO-030,BHO,2025-03-23 01:00:00+00:00,frozen_value,27.32470081139329,957.3,26.0,1.0,3,TIER_3_STATIC_MAHALANOBIS,-1,NORMAL,-1,NORMAL,False
45456231412727229999,AWS-BHO-102,BHO,2025-03-23 01:00:00+00:00,frozen_value,26.22470081139329,964.4,30.0,1.0,3,TIER_3_STATIC_MAHALANOBIS,-1,NORMAL,-1,NORMAL,False
45456231412727229999,AWS-BHO-102,BHO,2025-03-23 02:00:00+00:00,frozen_value,26.21580690931767,964.2,33.0,1.0,3,TIER_3_STATIC_MAHALANOBIS,-1,NORMAL,-1,NORMAL,False
45456231412727229999,AWS-BHO-101,BHO,2025-03-23 02:00:00+00:00,frozen_value,26.81580690931767,955.7,28.0,1.0,3,TIER_3_STATIC_MAHALANOBIS,-1,NORMAL,-1,NORMAL,False
45456231412727229999,AWS-BHO-030,BHO,2025-03-23 02:00:00+00:00,frozen_value,27.31580690931767,956.5,26.0,1.0,3,TIER_3_STATIC_MAHALANOBIS,-1,NORMAL,-1,NORMAL,False
45456231412727229999,AWS-BHO-030,BHO,2025-03-23 03:00:00+00:00,frozen_value,27.30275090022323,956.6,29.0,1.0,3,TIER_3_STATIC_MAHALANOBIS,-1,NORMAL,2,TIER_2_ROC_CUSUM,True
45456231412727229999,AWS-BHO-102,BHO,2025-03-23 03:00:00+00:00,frozen_value,26.202750900223233,964.2,33.0,1.0,3,TIER_3_STATIC_MAHALANOBIS,-1,NORMAL,2,TIER_2_ROC_CUSUM,True
45456231412727229999,AWS-BHO-101,BHO,2025-03-23 03:00:00+00:00,frozen_value,26.80275090022323,955.6,29.0,1.0,3,TIER_3_STATIC_MAHALANOBIS,-1,NORMAL,2,TIER_2_ROC_CUSUM,True
45456231412727229999,AWS-BHO-101,BHO,2025-03-23 04:00:00+00:00,frozen_value,26.737923247125554,956.5,28.0,1.0,3,TIER_3_STATIC_MAHALANOBIS,-1,NORMAL,2,TIER_2_ROC_CUSUM,True
45456231412727229999,AWS-BHO-030,BHO,2025-03-23 04:00:00+00:00,frozen_value,27.237923247125554,956.8,31.0,1.0,3,TIER_3_STATIC_MAHALANOBIS,-1,NORMAL,2,TIER_2_ROC_CUSUM,True
45456231412727229999,AWS-BHO-102,BHO,2025-03-23 04:00:00+00:00,frozen_value,26.137923247125556,964.3,35.0,1.0,3,TIER_3_STATIC_MAHALANOBIS,-1,NORMAL,2,TIER_2_ROC_CUSUM,True
45456231412727229999,AWS-BHO-101,BHO,2025-03-23 08:00:00+00:00,frozen_value,26.0,959.9,28.0,1.0,3,TIER_3_STATIC_MAHALANOBIS,-1,NORMAL,-1,NORMAL,False
45456231412727229999,AWS-VAR-101,VAR,2025-03-23 16:00:00+00:00,drift,32.1,1001.7,10.138748527931808,31.0,1,TIER_1_SPIKE,-1,NORMAL,-1,NORMAL,False
45456231412727229999,AWS-VAR-052,VAR,2025-03-23 18:00:00+00:00,drift,29.3,1003.3325676292031,14.959653447225145,33.0,1,TIER_1_SPIKE,-1,NORMAL,-1,NORMAL,False
45456231412727229999,AWS-VAR-102,VAR,2025-03-23 18:00:00+00:00,drift,27.0,1003.4355234683293,24.95728156699603,33.0,1,TIER_1_SPIKE,-1,NORMAL,-1,NORMAL,False
45456231412727229999,AWS-BHO-103,BHO,2025-03-23 23:00:00+00:00,multivariate_inconsistency,29.157169392947882,964.1067152273356,42.41287184645544,1.0,3,TIER_3_STATIC_MAHALANOBIS,-1,NORMAL,-1,NORMAL,False
45456231412727229999,AWS-DEL-011,DEL,2025-03-24 05:00:00+00:00,drift,20.0,991.5428634384326,49.0,1.0,3,TIER_3_STATIC_MAHALANOBIS,-1,NORMAL,1,TIER_1_SPIKE,True
45456231412727229999,AWS-DEL-011,DEL,2025-03-24 06:00:00+00:00,drift,20.1,993.5214353916352,55.0,1.0,3,TIER_3_STATIC_MAHALANOBIS,-1,NORMAL,1,TIER_1_SPIKE,True
45456231412727229999,AWS-VAR-052,VAR,2025-03-24 20:00:00+00:00,drift,28.1,1012.3793259884845,34.0,17.0,1,TIER_1_SPIKE,-1,NORMAL,-1,NORMAL,False
45456231412727229999,AWS-VAR-102,VAR,2025-03-24 20:00:00+00:00,drift,25.5,1012.6591336448886,40.0,13.0,1,TIER_1_SPIKE,-1,NORMAL,-1,NORMAL,False
45456231412727229999,AWS-RAN-101,RAN,2025-03-24 23:00:00+00:00,frozen_value,20.4,941.7,52.0,1.0,3,TIER_3_STATIC_MAHALANOBIS,-1,NORMAL,-1,NORMAL,False
45456231412727229999,AWS-CHN-102,CHN,2025-03-25 00:00:00+00:00,frozen_value,27.668812685264186,1009.0,86.0,9.0,1,TIER_1_SPIKE,-1,NORMAL,1,TIER_1_SPIKE,True
45456231412727229999,AWS-CHN-103,CHN,2025-03-25 00:00:00+00:00,frozen_value,26.568812685264184,1006.0,89.0,14.0,1,TIER_1_SPIKE,-1,NORMAL,-1,NORMAL,False
45456231412727229999,AWS-CHN-103,CHN,2025-03-25 01:00:00+00:00,frozen_value,26.581691230430803,1005.2,91.0,15.0,1,TIER_1_SPIKE,-1,NORMAL,2,TIER_2_ROC_CUSUM,True
45456231412727229999,AWS-CHN-102,CHN,2025-03-25 01:00:00+00:00,frozen_value,27.681691230430804,1008.1,89.0,10.0,1,TIER_1_SPIKE,-1,NORMAL,1,TIER_1_SPIKE,True
45456231412727229999,AWS-CHN-103,CHN,2025-03-25 02:00:00+00:00,frozen_value,26.565612170391027,1004.4,94.0,16.0,1,TIER_1_SPIKE,-1,NORMAL,2,TIER_2_ROC_CUSUM,True
45456231412727229999,AWS-CHN-102,CHN,2025-03-25 02:00:00+00:00,frozen_value,27.66561217039103,1007.4,92.0,11.0,1,TIER_1_SPIKE,-1,NORMAL,1,TIER_1_SPIKE,True
45456231412727229999,AWS-CHN-102,CHN,2025-03-25 03:00:00+00:00,frozen_value,27.667987401639348,1007.1,95.0,12.0,1,TIER_1_SPIKE,-1,NORMAL,1,TIER_1_SPIKE,True
45456231412727229999,AWS-DEL-011,DEL,2025-03-25 03:00:00+00:00,drift,21.8,994.9714464088923,51.0,1.0,3,TIER_3_STATIC_MAHALANOBIS,-1,NORMAL,1,TIER_1_SPIKE,True
45456231412727229999,AWS-CHN-103,CHN,2025-03-25 03:00:00+00:00,frozen_value,26.567987401639346,1004.1,97.0,17.0,1,TIER_1_SPIKE,-1,NORMAL,2,TIER_2_ROC_CUSUM,True
45456231412727229999,AWS-DEL-011,DEL,2025-03-25 04:00:00+00:00,drift,21.2,995.050018362095,53.0,1.0,3,TIER_3_STATIC_MAHALANOBIS,-1,NORMAL,1,TIER_1_SPIKE,True
45456231412727229999,AWS-CHN-102,CHN,2025-03-25 04:00:00+00:00,drift,27.68457551749467,1006.9,99.0,13.0,1,TIER_1_SPIKE,-1,NORMAL,1,TIER_1_SPIKE,True
45456231412727229999,AWS-CHN-024,CHN,2025-03-25 04:00:00+00:00,frozen_value,27.88457551749467,1007.9,94.0,1.0,3,TIER_3_STATIC_MAHALANOBIS,-1,NORMAL,2,TIER_2_ROC_CUSUM,True
45456231412727229999,AWS-CHN-103,CHN,2025-03-25 04:00:00+00:00,drift,26.58457551749467,1003.8,98.0,18.0,1,TIER_1_SPIKE,-1,NORMAL,-1,NORMAL,False
45456231412727229999,AWS-DEL-011,DEL,2025-03-25 05:00:00+00:00,drift,20.9,995.2285903152978,53.0,1.0,3,TIER_3_STATIC_MAHALANOBIS,-1,NORMAL,1,TIER_1_SPIKE,True
45456231412727229999,AWS-CHN-102,CHN,2025-03-25 05:00:00+00:00,drift,27.705501045594747,1007.3,100.0,14.0,1,TIER_1_SPIKE,-1,NORMAL,1,TIER_1_SPIKE,True
45456231412727229999,AWS-CHN-103,CHN,2025-03-25 05:00:00+00:00,drift,26.605501045594746,1004.2,99.04170292677756,19.0,1,TIER_1_SPIKE,-1,NORMAL,2,TIER_2_ROC_CUSUM,True
45456231412727229999,AWS-DEL-011,DEL,2025-03-25 06:00:00+00:00,drift,21.0,996.4071622685004,55.0,1.0,3,TIER_3_STATIC_MAHALANOBIS,-1,NORMAL,1,TIER_1_SPIKE,True
45456231412727229999,AWS-CHN-102,CHN,2025-03-25 06:00:00+00:00,drift,27.652813849788398,1008.2,94.14812712996655,15.0,1,TIER_1_SPIKE,-1,NORMAL,1,TIER_1_SPIKE,True
45456231412727229999,AWS-BHO-102,BHO,2025-03-25 08:00:00+00:00,drift,26.0,965.3,25.849964328244116,1.0,3,TIER_3_STATIC_MAHALANOBIS,-1,NORMAL,-1,NORMAL,False
45456231412727229999,AWS-VAR-052,VAR,2025-03-25 08:00:00+00:00,drift,26.8,1015.6701375389223,41.0,4.0,1,TIER_1_SPIKE,-1,NORMAL,-1,NORMAL,False
45456231412727229999,AWS-DEL-101,DEL,2025-03-25 08:00:00+00:00,drift,24.0,989.0,46.53600852116171,1.0,3,TIER_3_STATIC_MAHALANOBIS,-1,NORMAL,-1,NORMAL,False
45456231412727229999,AWS-KOL-101,KOL,2025-03-25 08:00:00+00:00,drift,26.9,1011.3,79.53669398513867,22.0,1,TIER_1_SPIKE,-1,NORMAL,1,TIER_1_SPIKE,True
45456231412727229999,AWS-VAR-102,VAR,2025-03-25 08:00:00+00:00,drift,26.0,1015.9854152648389,46.0,1.0,1,TIER_1_SPIKE,-1,NORMAL,-1,NORMAL,False
45456231412727229999,AWS-BHO-101,BHO,2025-03-25 08:00:00+00:00,drift,27.3,957.3,22.8521554874138,1.0,3,TIER_3_STATIC_MAHALANOBIS,-1,NORMAL,-1,NORMAL,False
45456231412727229999,AWS-DEL-102,DEL,2025-03-25 09:00:00+00:00,drift,27.9,986.3,34.81162607017052,1.0,3,TIER_3_STATIC_MAHALANOBIS,-1,NORMAL,1,TIER_1_SPIKE,True
45456231412727229999,AWS-BHO-103,BHO,2025-03-25 09:00:00+00:00,drift,29.2,964.0,23.61936969030567,1.0,3,TIER_3_STATIC_MAHALANOBIS,-1,NORMAL,-1,NORMAL,False
45456231412727229999,AWS-MUM-102,MUM,2025-03-25 09:00:00+00:00,drift,30.9,1009.8,44.81309020761459,29.0,1,TIER_1_SPIKE,-1,NORMAL,-1,NORMAL,False
45456231412727229999,AWS-MUM-103,MUM,2025-03-25 09:00:00+00:00,drift,30.6,1009.9,46.81320689869911,1.0,1,TIER_1_SPIKE,-1,NORMAL,-1,NORMAL,False
45456231412727229999,AWS-BHO-030,BHO,2025-03-25 09:00:00+00:00,drift,29.3,958.5,21.620361157681533,1.0,3,TIER_3_STATIC_MAHALANOBIS,-1,NORMAL,-1,NORMAL,False
45456231412727229999,AWS-KOL-102,KOL,2025-03-25 09:00:00+00:00,drift,29.7,1010.6,55.81394032846555,12.0,1,TIER_1_SPIKE,-1,NORMAL,-1,NORMAL,False
45456231412727229999,AWS-MUM-101,MUM,2025-03-25 10:00:00+00:00,drift,34.1,1009.9,35.144088352347815,3.0,1,TIER_1_SPIKE,-1,NORMAL,-1,NORMAL,False
45456231412727229999,AWS-BHO-103,BHO,2025-03-25 18:00:00+00:00,drift,30.1,958.3,16.787586533328763,1.0,3,TIER_3_STATIC_MAHALANOBIS,-1,NORMAL,-1,NORMAL,False
45456231412727229999,AWS-BHO-030,BHO,2025-03-25 19:00:00+00:00,drift,30.5,953.1,23.396479183876636,1.0,3,TIER_3_STATIC_MAHALANOBIS,-1,NORMAL,-1,NORMAL,False
45456231412727229999,AWS-DEL-102,DEL,2025-03-25 20:00:00+00:00,drift,29.0,982.1,34.139924233705756,1.0,3,TIER_3_STATIC_MAHALANOBIS,-1,NORMAL,1,TIER_1_SPIKE,True
45456231412727229999,AWS-CHN-103,CHN,2025-03-25 20:00:00+00:00,drift,26.9,1004.0,87.14964619653583,11.0,1,TIER_1_SPIKE,-1,NORMAL,-1,NORMAL,False
45456231412727229999,AWS-BHO-101,BHO,2025-03-25 20:00:00+00:00,drift,27.8,952.3,10.991221416680414,1.0,3,TIER_3_STATIC_MAHALANOBIS,-1,NORMAL,-1,NORMAL,False
45456231412727229999,AWS-KOL-102,KOL,2025-03-25 20:00:00+00:00,drift,28.5,1007.5,59.14732986024983,23.0,1,TIER_1_SPIKE,-1,NORMAL,-1,NORMAL,False
45456231412727229999,AWS-KOL-103,KOL,2025-03-25 20:00:00+00:00,drift,25.4,1007.3,77.14529720996121,12.0,1,TIER_1_SPIKE,-1,NORMAL,1,TIER_1_SPIKE,True
45456231412727229999,AWS-CHN-102,CHN,2025-03-25 20:00:00+00:00,drift,28.0,1007.1,83.14399636261268,11.0,1,TIER_1_SPIKE,-1,NORMAL,1,TIER_1_SPIKE,True
45456231412727229999,AWS-MUM-103,MUM,2025-03-25 20:00:00+00:00,drift,29.9,1007.1,60.14498288499723,12.0,1,TIER_1_SPIKE,-1,NORMAL,-1,NORMAL,False
45456231412727229999,AWS-KOL-101,KOL,2025-03-25 20:00:00+00:00,drift,26.7,1007.9,68.1451513835563,11.0,1,TIER_1_SPIKE,-1,NORMAL,1,TIER_1_SPIKE,True
45456231412727229999,AWS-CHN-103,CHN,2025-03-25 21:00:00+00:00,drift,26.4,1004.8,91.00846731555957,12.0,1,TIER_1_SPIKE,-1,NORMAL,-1,NORMAL,False
45456231412727229999,AWS-KOL-101,KOL,2025-03-25 21:00:00+00:00,drift,26.1,1008.1,70.00369157676882,12.0,1,TIER_1_SPIKE,-1,NORMAL,1,TIER_1_SPIKE,True
45456231412727229999,AWS-CHN-102,CHN,2025-03-25 21:00:00+00:00,drift,27.7,1007.8,86.00246436701622,12.0,1,TIER_1_SPIKE,-1,NORMAL,1,TIER_1_SPIKE,True
45456231412727229999,AWS-MUM-103,MUM,2025-03-25 21:00:00+00:00,drift,29.6,1007.9,62.00351254704981,13.0,1,TIER_1_SPIKE,-1,NORMAL,-1,NORMAL,False
45456231412727229999,AWS-RAN-102,RAN,2025-03-25 21:00:00+00:00,drift,21.0,969.8574537106617,54.72471001633076,1.0,3,TIER_3_STATIC_MAHALANOBIS,-1,NORMAL,-1,NORMAL,False
45456231412727229999,AWS-CHN-102,CHN,2025-03-25 22:00:00+00:00,drift,27.3,1007.6,88.90622645244159,13.0,1,TIER_1_SPIKE,-1,NORMAL,1,TIER_1_SPIKE,True
45456231412727229999,AWS-CHN-103,CHN,2025-03-25 22:00:00+00:00,drift,25.8,1004.6,94.91258251560514,13.0,1,TIER_1_SPIKE,-1,NORMAL,-1,NORMAL,False
45456231412727229999,AWS-RAN-102,RAN,2025-03-25 22:00:00+00:00,drift,20.5,969.8373789229865,53.49391383696099,1.0,3,TIER_3_STATIC_MAHALANOBIS,-1,NORMAL,-1,NORMAL,False
45456231412727229999,AWS-DEL-101,DEL,2025-03-25 22:00:00+00:00,drift,24.5,985.5,47.90444126310683,1.0,3,TIER_3_STATIC_MAHALANOBIS,-1,NORMAL,-1,NORMAL,False
45456231412727229999,AWS-BHO-102,BHO,2025-03-25 22:00:00+00:00,drift,26.9,960.0,14.126370240739988,1.0,3,TIER_3_STATIC_MAHALANOBIS,-1,NORMAL,-1,NORMAL,False
45456231412727229999,AWS-RAN-101,RAN,2025-03-25 23:00:00+00:00,drift,20.3,937.8026711157173,36.2203196492841,1.0,3,TIER_3_STATIC_MAHALANOBIS,-1,NORMAL,-1,NORMAL,False
45456231412727229999,AWS-RAN-102,RAN,2025-03-25 23:00:00+00:00,drift,20.0,969.5320496779784,53.22021110345527,1.0,3,TIER_3_STATIC_MAHALANOBIS,-1,NORMAL,-1,NORMAL,False
45456231412727229999,AWS-CHN-102,CHN,2025-03-25 23:00:00+00:00,drift,26.7,1007.0,93.85496245921087,14.0,1,TIER_1_SPIKE,-1,NORMAL,1,TIER_1_SPIKE,True
45456231412727229999,AWS-DEL-103,DEL,2025-03-25 23:00:00+00:00,drift,22.0,982.8,62.85250534929408,1.0,3,TIER_3_STATIC_MAHALANOBIS,-1,NORMAL,1,TIER_1_SPIKE,True
45456231412727229999,AWS-CHN-102,CHN,2025-03-26 00:00:00+00:00,drift,26.1,1006.4,97.84837164465739,15.0,1,TIER_1_SPIKE,-1,NORMAL,1,TIER_1_SPIKE,True
45456231412727229999,AWS-DEL-103,DEL,2025-03-26 00:00:00+00:00,drift,21.5,982.1,67.84578521316604,1.0,3,TIER_3_STATIC_MAHALANOBIS,-1,NORMAL,1,TIER_1_SPIKE,True
45456231412727229999,AWS-RAN-101,RAN,2025-03-26 00:00:00+00:00,drift,19.8,937.4020340703665,38.90951224762094,1.0,3,TIER_3_STATIC_MAHALANOBIS,-1,NORMAL,-1,NORMAL,False
45456231412727229999,AWS-CHN-102,CHN,2025-03-26 01:00:00+00:00,drift,25.7,1005.8,99.88617057045418,16.0,1,TIER_1_SPIKE,-1,NORMAL,1,TIER_1_SPIKE,True
45456231412727229999,AWS-DEL-103,DEL,2025-03-26 01:00:00+00:00,drift,21.2,981.5,69.88345481738827,1.0,3,TIER_3_STATIC_MAHALANOBIS,-1,NORMAL,1,TIER_1_SPIKE,True
45456231412727229999,AWS-CHN-102,CHN,2025-03-26 02:00:00+00:00,drift,25.1,1005.2,100.0,17.0,1,TIER_1_SPIKE,-1,NORMAL,1,TIER_1_SPIKE,True
45456231412727229999,AWS-RAN-101,RAN,2025-03-26 02:00:00+00:00,drift,20.4,936.4387865632187,42.191089269076514,1.0,3,TIER_3_STATIC_MAHALANOBIS,-1,NORMAL,2,TIER_2_ROC_CUSUM,True
45456231412727229999,AWS-CHN-102,CHN,2025-03-26 03:00:00+00:00,drift,24.6,1005.2,100.0,18.0,1,TIER_1_SPIKE,-1,NORMAL,1,TIER_1_SPIKE,True
45456231412727229999,AWS-CHN-102,CHN,2025-03-26 04:00:00+00:00,drift,24.3,1005.5,100.0,19.0,1,TIER_1_SPIKE,-1,NORMAL,1,TIER_1_SPIKE,True
45456231412727229999,AWS-CHN-102,CHN,2025-03-26 05:00:00+00:00,drift,24.1,1006.1,100.0,20.0,1,TIER_1_SPIKE,-1,NORMAL,1,TIER_1_SPIKE,True
45456231412727229999,AWS-CHN-103,CHN,2025-03-26 06:00:00+00:00,drift,26.5,1003.5,100.0,21.0,1,TIER_1_SPIKE,-1,NORMAL,-1,NORMAL,False
45456231412727229999,AWS-RAN-101,RAN,2025-03-26 06:00:00+00:00,drift,20.4,938.6582159981336,48.4287558992471,1.0,3,TIER_3_STATIC_MAHALANOBIS,-1,NORMAL,-1,NORMAL,False
45456231412727229999,AWS-RAN-102,RAN,2025-03-26 06:00:00+00:00,drift,19.7,970.1803438627351,54.42845739821782,1.0,3,TIER_3_STATIC_MAHALANOBIS,-1,NORMAL,-1,NORMAL,False
45456231412727229999,AWS-CHN-103,CHN,2025-03-26 07:00:00+00:00,drift,27.1,1004.3,98.04058860607903,22.0,1,TIER_1_SPIKE,-1,NORMAL,-1,NORMAL,False
45456231412727229999,AWS-RAN-067,RAN,2025-03-26 07:00:00+00:00,drift,24.1,940.3349322085194,41.92930479996725,1.0,3,TIER_3_STATIC_MAHALANOBIS,-1,NORMAL,-1,NORMAL,False
45456231412727229999,AWS-BHO-101,BHO,2025-03-26 08:00:00+00:00,drift,28.3,954.8,11.998613854472703,1.0,3,TIER_3_STATIC_MAHALANOBIS,-1,NORMAL,-1,NORMAL,False
45456231412727229999,AWS-BHO-102,BHO,2025-03-26 08:00:00+00:00,drift,27.8,962.4,14.990579604183859,1.0,3,TIER_3_STATIC_MAHALANOBIS,-1,NORMAL,-1,NORMAL,False
45456231412727229999,AWS-RAN-103,RAN,2025-03-26 08:00:00+00:00,drift,28.4,977.1282480793828,32.40741613358559,1.0,3,TIER_3_STATIC_MAHALANOBIS,-1,NORMAL,-1,NORMAL,False
45456231412727229999,AWS-BHO-103,BHO,2025-03-26 09:00:00+00:00,drift,30.8,961.4,11.404033572961689,1.0,3,TIER_3_STATIC_MAHALANOBIS,-1,NORMAL,-1,NORMAL,False
45456231412727229999,AWS-BHO-030,BHO,2025-03-26 09:00:00+00:00,drift,31.6,956.0,8.407404562039613,1.0,3,TIER_3_STATIC_MAHALANOBIS,-1,NORMAL,-1,NORMAL,False
45456231412727229999,AWS-VAR-101,VAR,2025-03-26 16:00:00+00:00,spike,34.728643952031454,994.9,16.0,35.0,1,TIER_1_SPIKE,-1,NORMAL,-1,NORMAL,False
45456231412727229999,AWS-BHO-103,BHO,2025-03-26 18:00:00+00:00,drift,30.9,956.6,2.546338413374613,1.0,3,TIER_3_STATIC_MAHALANOBIS,-1,NORMAL,-1,NORMAL,False
45456231412727229999,AWS-BHO-102,BHO,2025-03-26 20:00:00+00:00,drift,28.8,959.1,1.1074019832231095,1.0,3,TIER_3_STATIC_MAHALANOBIS,-1,NORMAL,-1,NORMAL,False
45456231412727229999,AWS-RAN-102,RAN,2025-03-26 23:00:00+00:00,drift,20.7,974.2559581487944,48.0,1.0,3,TIER_3_STATIC_MAHALANOBIS,-1,NORMAL,-1,NORMAL,False
45456231412727229999,AWS-RAN-101,RAN,2025-03-27 00:00:00+00:00,drift,21.3,942.5518442970812,39.0,1.0,3,TIER_3_STATIC_MAHALANOBIS,-1,NORMAL,-1,NORMAL,False
45456231412727229999,AWS-RAN-102,RAN,2025-03-27 00:00:00+00:00,drift,20.7,974.1586752346591,45.0,1.0,3,TIER_3_STATIC_MAHALANOBIS,-1,NORMAL,-1,NORMAL,False
45456231412727229999,AWS-RAN-102,RAN,2025-03-27 01:00:00+00:00,drift,20.4,973.9725359680949,48.0,1.0,3,TIER_3_STATIC_MAHALANOBIS,-1,NORMAL,-1,NORMAL,False
45456231412727229999,AWS-RAN-101,RAN,2025-03-27 06:00:00+00:00,drift,21.5,945.1660063467245,41.0,1.0,3,TIER_3_STATIC_MAHALANOBIS,-1,NORMAL,-1,NORMAL,False
45456231412727229999,AWS-RAN-067,RAN,2025-03-27 07:00:00+00:00,drift,24.9,946.9556935488815,36.0,1.0,3,TIER_3_STATIC_MAHALANOBIS,-1,NORMAL,-1,NORMAL,False
45456231412727229999,AWS-RAN-103,RAN,2025-03-27 07:00:00+00:00,drift,26.8,983.0593882324391,36.0,1.0,3,TIER_3_STATIC_MAHALANOBIS,-1,NORMAL,-1,NORMAL,False
45456231412727229999,AWS-VAR-101,VAR,2025-03-27 10:00:00+00:00,spike,35.3,1002.0437278398268,21.0,53.0,1,TIER_1_SPIKE,-1,NORMAL,-1,NORMAL,False
45456231412727229999,AWS-VAR-052,VAR,2025-03-27 18:00:00+00:00,unstructured_anomaly,28.070586526831754,1001.4518568138664,31.191350905186273,62.0,1,TIER_1_SPIKE,-1,NORMAL,-1,NORMAL,False
45456231412727229999,AWS-VAR-102,VAR,2025-03-27 18:00:00+00:00,unstructured_anomaly,25.27058652683175,1001.3518568138663,35.19135090518627,59.0,3,TIER_3_STATIC_MAHALANOBIS,-1,NORMAL,-1,NORMAL,False
45456231412727229999,AWS-DEL-011,DEL,2025-03-27 21:00:00+00:00,unstructured_anomaly,23.386123009553273,988.1174773892063,45.43103507247354,1.0,3,TIER_3_STATIC_MAHALANOBIS,-1,NORMAL,1,TIER_1_SPIKE,True
45456231412727229999,AWS-BHO-102,BHO,2025-03-28 20:00:00+00:00,drift,29.1,961.5,15.143896587953801,1.0,3,TIER_3_STATIC_MAHALANOBIS,-1,NORMAL,-1,NORMAL,False
45456231412727229999,AWS-KOL-102,KOL,2025-03-29 00:00:00+00:00,frozen_value,27.9,1003.7,77.0,19.0,1,TIER_1_SPIKE,-1,NORMAL,-1,NORMAL,False
45456231412727229999,AWS-CHN-102,CHN,2025-03-29 01:00:00+00:00,frozen_value,26.1,1005.1359906806355,89.0,7.0,1,TIER_1_SPIKE,-1,NORMAL,1,TIER_1_SPIKE,True
45456231412727229999,AWS-CHN-102,CHN,2025-03-29 02:00:00+00:00,frozen_value,25.5,1005.1653911026767,92.0,8.0,1,TIER_1_SPIKE,-1,NORMAL,1,TIER_1_SPIKE,True
45456231412727229999,AWS-KOL-102,KOL,2025-03-29 02:00:00+00:00,frozen_value,27.3,1003.6653911026767,75.0,1.0,3,TIER_3_STATIC_MAHALANOBIS,-1,NORMAL,2,TIER_2_ROC_CUSUM,True
45456231412727229999,AWS-KOL-015,KOL,2025-03-29 02:00:00+00:00,frozen_value,26.5,1003.3653911026767,79.0,1.0,3,TIER_3_STATIC_MAHALANOBIS,-1,NORMAL,1,TIER_1_SPIKE,True
45456231412727229999,AWS-CHN-024,CHN,2025-03-29 06:00:00+00:00,drift,25.8,1006.8779120182496,93.0,4.0,3,TIER_3_STATIC_MAHALANOBIS,-1,NORMAL,1,TIER_1_SPIKE,True
45456231412727229999,AWS-DEL-101,DEL,2025-03-29 11:00:00+00:00,drift,27.0,988.3,16.0,1.0,3,TIER_3_STATIC_MAHALANOBIS,-1,NORMAL,-1,NORMAL,False
45456231412727229999,AWS-BHO-103,BHO,2025-03-29 11:00:00+00:00,drift,30.5,966.4508381787599,0.576224095579219,1.0,3,TIER_3_STATIC_MAHALANOBIS,-1,NORMAL,-1,NORMAL,False
45456231412727229999,AWS-MUM-101,MUM,2025-03-29 11:00:00+00:00,drift,37.9,1006.8,17.0,35.0,1,TIER_1_SPIKE,-1,NORMAL,-1,NORMAL,False
45456231412727229999,AWS-RAN-067,RAN,2025-03-29 11:00:00+00:00,unstructured_anomaly,24.35316958605914,947.1054195530093,15.0,1.0,3,TIER_3_STATIC_MAHALANOBIS,-1,NORMAL,-1,NORMAL,False
45456231412727229999,AWS-DEL-102,DEL,2025-03-29 14:00:00+00:00,drift,27.432306143581958,983.2,21.0,1.0,3,TIER_3_STATIC_MAHALANOBIS,-1,NORMAL,1,TIER_1_SPIKE,True
45456231412727229999,AWS-DEL-102,DEL,2025-03-29 15:00:00+00:00,drift,27.533919304680133,982.4,21.0,1.0,3,TIER_3_STATIC_MAHALANOBIS,-1,NORMAL,1,TIER_1_SPIKE,True
45456231412727229999,AWS-DEL-102,DEL,2025-03-29 16:00:00+00:00,drift,26.919244283860948,982.0,20.0,1.0,3,TIER_3_STATIC_MAHALANOBIS,-1,NORMAL,1,TIER_1_SPIKE,True
45456231412727229999,AWS-MUM-101,MUM,2025-03-29 16:00:00+00:00,drift,38.01941741624445,1002.7,18.0,40.0,1,TIER_1_SPIKE,-1,NORMAL,-1,NORMAL,False
45456231412727229999,AWS-DEL-101,DEL,2025-03-29 17:00:00+00:00,drift,27.98950315222932,984.4,19.0,1.0,3,TIER_3_STATIC_MAHALANOBIS,-1,NORMAL,-1,NORMAL,False
45456231412727229999,AWS-DEL-103,DEL,2025-03-29 18:00:00+00:00,drift,25.346127951541117,983.5,20.0,1.0,3,TIER_3_STATIC_MAHALANOBIS,-1,NORMAL,1,TIER_1_SPIKE,True
45456231412727229999,AWS-KOL-101,KOL,2025-03-29 19:00:00+00:00,drift,27.89075156988435,1005.1,65.0,1.0,1,TIER_1_SPIKE,-1,NORMAL,1,TIER_1_SPIKE,True
45456231412727229999,AWS-KOL-101,KOL,2025-03-29 20:00:00+00:00,drift,27.621878165438478,1006.1,62.0,2.0,1,TIER_1_SPIKE,-1,NORMAL,1,TIER_1_SPIKE,True
45456231412727229999,AWS-CHN-102,CHN,2025-03-29 21:00:00+00:00,drift,27.042237922840137,1005.9,83.0,3.0,1,TIER_1_SPIKE,-1,NORMAL,1,TIER_1_SPIKE,True
45456231412727229999,AWS-CHN-103,CHN,2025-03-29 21:00:00+00:00,drift,25.94138312505881,1002.9,77.0,27.0,1,TIER_1_SPIKE,-1,NORMAL,-1,NORMAL,False
45456231412727229999,AWS-MUM-102,MUM,2025-03-30 02:00:00+00:00,drift,26.173099299404193,1004.9,36.0,50.0,1,TIER_1_SPIKE,-1,NORMAL,-1,NORMAL,False
45456231412727229999,AWS-KOL-103,KOL,2025-03-30 03:00:00+00:00,drift,23.329952452544774,1005.7,95.0,1.0,3,TIER_3_STATIC_MAHALANOBIS,-1,NORMAL,1,TIER_1_SPIKE,True
45456231412727229999,AWS-CHN-024,CHN,2025-03-30 04:00:00+00:00,drift,24.8,1012.6865953480018,96.0,1.0,3,TIER_3_STATIC_MAHALANOBIS,-1,NORMAL,1,TIER_1_SPIKE,True
45456231412727229999,AWS-KOL-103,KOL,2025-03-30 04:00:00+00:00,drift,22.776638588500923,1006.3,95.0,2.0,1,TIER_1_SPIKE,-1,NORMAL,1,TIER_1_SPIKE,True
45456231412727229999,AWS-CHN-024,CHN,2025-03-30 05:00:00+00:00,drift,24.3,1013.8150748869663,96.0,2.0,1,TIER_1_SPIKE,-1,NORMAL,1,TIER_1_SPIKE,True
45456231412727229999,AWS-KOL-103,KOL,2025-03-30 05:00:00+00:00,drift,22.31404403066444,1007.4,95.0,3.0,1,TIER_1_SPIKE,-1,NORMAL,1,TIER_1_SPIKE,True
45456231412727229999,AWS-CHN-103,CHN,2025-03-30 08:00:00+00:00,drift,25.373379711168845,1005.1,70.0,38.0,1,TIER_1_SPIKE,-1,NORMAL,-1,NORMAL,False
45456231412727229999,AWS-KOL-101,KOL,2025-03-30 08:00:00+00:00,drift,26.772848477819515,1010.7,71.0,14.0,1,TIER_1_SPIKE,-1,NORMAL,1,TIER_1_SPIKE,True
45456231412727229999,AWS-MUM-102,MUM,2025-03-30 09:00:00+00:00,drift,26.073729329383987,1007.7,40.0,2.0,1,TIER_1_SPIKE,-1,NORMAL,-1,NORMAL,False
45456231412727229999,AWS-DEL-103,DEL,2025-03-30 11:00:00+00:00,drift,24.450697458497878,987.5,15.0,1.0,3,TIER_3_STATIC_MAHALANOBIS,-1,NORMAL,1,TIER_1_SPIKE,True
45456231412727229999,AWS-DEL-101,DEL,2025-03-30 12:00:00+00:00,drift,26.327420701081113,988.7,11.0,1.0,3,TIER_3_STATIC_MAHALANOBIS,-1,NORMAL,-1,NORMAL,False
45456231412727229999,AWS-MUM-101,MUM,2025-03-30 13:00:00+00:00,drift,36.99817408142355,1004.8,12.0,6.0,1,TIER_1_SPIKE,-1,NORMAL,-1,NORMAL,False
45456231412727229999,AWS-DEL-101,DEL,2025-03-30 13:00:00+00:00,drift,26.696664542475496,987.8,11.0,1.0,3,TIER_3_STATIC_MAHALANOBIS,-1,NORMAL,2,TIER_2_ROC_CUSUM,True
45456231412727229999,AWS-DEL-101,DEL,2025-03-30 14:00:00+00:00,drift,27.058035232112477,986.9,11.0,1.0,3,TIER_3_STATIC_MAHALANOBIS,-1,NORMAL,1,TIER_1_SPIKE,True
45456231412727229999,AWS-DEL-103,DEL,2025-03-30 16:00:00+00:00,drift,25.15822939231391,984.1,14.0,1.0,3,TIER_3_STATIC_MAHALANOBIS,-1,NORMAL,1,TIER_1_SPIKE,True
