timestamp,temperature_c,pressure_hpa,humidity_pct,station_id,station_name,cluster_id,role,is_anomaly,fault_type
2025-01-01 00:00:00,14.2,960.7,94.0,AWS-BHO-030,Bhopal,BHO,center,False,
2025-01-01 01:00:00,13.6,960.2,95.0,AWS-BHO-030,Bhopal,BHO,center,False,
2025-01-01 02:00:00,13.1,959.5,96.0,AWS-BHO-030,Bhopal,BHO,center,False,
2025-01-01 03:00:00,12.6,959.1,96.0,AWS-BHO-030,Bhopal,BHO,center,False,
2025-01-01 04:00:00,12.1,958.9,97.0,AWS-BHO-030,Bhopal,BHO,center,False,
2025-01-01 05:00:00,11.6,959.0,97.0,AWS-BHO-030,Bhopal,BHO,center,False,
2025-01-01 06:00:00,10.9,959.8,98.0,AWS-BHO-030,Bhopal,BHO,center,False,
2025-01-01 07:00:00,10.9,960.5,98.0,AWS-BHO-030,Bhopal,BHO,center,False,
2025-01-01 08:00:00,12.5,961.6,93.0,AWS-BHO-030,Bhopal,BHO,center,False,
2025-01-01 09:00:00,14.9,962.6,86.0,AWS-BHO-030,Bhopal,BHO,center,False,
2025-01-01 10:00:00,17.3,962.9,78.0,AWS-BHO-030,Bhopal,BHO,center,False,
2025-01-01 11:00:00,19.2,962.5,70.0,AWS-BHO-030,Bhopal,BHO,center,False,
2025-01-01 12:00:00,20.5,-0.03349646330676778,64.0,AWS-BHO-030,Bhopal,BHO,center,True,sensor_fail_low
2025-01-01 13:00:00,21.3,-0.027495010052679236,58.0,AWS-BHO-030,Bhopal,BHO,center,True,sensor_fail_low
2025-01-01 14:00:00,21.6,0.004087559058507891,54.0,AWS-BHO-030,Bhopal,BHO,center,True,sensor_fail_low
2025-01-01 15:00:00,21.4,0.0009930863035717246,52.0,AWS-BHO-030,Bhopal,BHO,center,True,sensor_fail_low
2025-01-01 16:00:00,20.5,959.4,56.0,AWS-BHO-030,Bhopal,BHO,center,False,
2025-01-01 17:00:00,18.4,959.0,67.0,AWS-BHO-030,Bhopal,BHO,center,False,
2025-01-01 18:00:00,16.3,959.3,77.0,AWS-BHO-030,Bhopal,BHO,center,False,
2025-01-01 19:00:00,15.1,959.6,82.0,AWS-BHO-030,Bhopal,BHO,center,False,
2025-01-01 20:00:00,14.3,960.3,84.0,AWS-BHO-030,Bhopal,BHO,center,False,
2025-01-01 21:00:00,13.7,960.7,83.0,AWS-BHO-030,Bhopal,BHO,center,False,
2025-01-01 22:00:00,13.1,960.8,83.0,AWS-BHO-030,Bhopal,BHO,center,False,
2025-01-01 23:00:00,12.6,960.5,84.0,AWS-BHO-030,Bhopal,BHO,center,False,
2025-01-02 00:00:00,12.2,960.0,86.0,AWS-BHO-030,Bhopal,BHO,center,False,
2025-01-02 01:00:00,12.0,959.4,88.0,AWS-BHO-030,Bhopal,BHO,center,False,
2025-01-02 02:00:00,11.5,958.8,90.0,AWS-BHO-030,Bhopal,BHO,center,False,
2025-01-02 03:00:00,10.5,958.4,93.0,AWS-BHO-030,Bhopal,BHO,center,False,
2025-01-02 04:00:00,10.0,958.4,94.0,AWS-BHO-030,Bhopal,BHO,center,False,
2025-01-02 05:00:00,9.5,958.7,94.0,AWS-BHO-030,Bhopal,BHO,center,False,
2025-01-02 06:00:00,9.7,959.5,92.0,AWS-BHO-030,Bhopal,BHO,center,False,
2025-01-02 07:00:00,9.7,960.1,89.0,AWS-BHO-030,Bhopal,BHO,center,False,
2025-01-02 08:00:00,11.7,961.2,83.0,AWS-BHO-030,Bhopal,BHO,center,False,
2025-01-02 09:00:00,15.1,962.4,71.0,AWS-BHO-030,Bhopal,BHO,center,False,
2025-01-02 10:00:00,17.8,963.0,58.0,AWS-BHO-030,Bhopal,BHO,center,False,
2025-01-02 11:00:00,20.0,962.6,48.0,AWS-BHO-030,Bhopal,BHO,center,False,
2025-01-02 12:00:00,21.6,961.6,42.0,AWS-BHO-030,Bhopal,BHO,center,False,
2025-01-02 13:00:00,22.7,960.7,39.0,AWS-BHO-030,Bhopal,BHO,center,False,
2025-01-02 14:00:00,23.1,960.1,38.0,AWS-BHO-030,Bhopal,BHO,center,False,
2025-01-02 15:00:00,22.9,959.9,40.0,AWS-BHO-030,Bhopal,BHO,center,False,
2025-01-02 16:00:00,21.7,959.7,52.0,AWS-BHO-030,Bhopal,BHO,center,False,
2025-01-02 17:00:00,19.1,959.6,67.0,AWS-BHO-030,Bhopal,BHO,center,False,
2025-01-02 18:00:00,17.7,960.1,72.0,AWS-BHO-030,Bhopal,BHO,center,False,
2025-01-02 19:00:00,16.8,960.8,76.0,AWS-BHO-030,Bhopal,BHO,center,False,
2025-01-02 20:00:00,16.0,961.3,80.0,AWS-BHO-030,Bhopal,BHO,center,False,
2025-01-02 21:00:00,15.7,961.2,78.0,AWS-BHO-030,Bhopal,BHO,center,False,
2025-01-02 22:00:00,15.3,961.2,77.0,AWS-BHO-030,Bhopal,BHO,center,False,
2025-01-02 23:00:00,14.9,960.5,76.0,AWS-BHO-030,Bhopal,BHO,center,False,
2025-01-03 00:00:00,14.3,959.9,76.0,AWS-BHO-030,Bhopal,BHO,center,False,
2025-01-03 01:00:00,13.0,959.2,80.0,AWS-BHO-030,Bhopal,BHO,center,False,
2025-01-03 02:00:00,12.0,958.9,82.0,AWS-BHO-030,Bhopal,BHO,center,False,
2025-01-03 03:00:00,11.7,958.8,82.0,AWS-BHO-030,Bhopal,BHO,center,False,
2025-01-03 04:00:00,11.6,958.6,83.0,AWS-BHO-030,Bhopal,BHO,center,False,
2025-01-03 05:00:00,11.3,958.7,84.0,AWS-BHO-030,Bhopal,BHO,center,False,
2025-01-03 06:00:00,11.2,959.5,85.0,AWS-BHO-030,Bhopal,BHO,center,False,
2025-01-03 07:00:00,11.2,960.1,85.0,AWS-BHO-030,Bhopal,BHO,center,False,
2025-01-03 08:00:00,13.6,961.3,80.0,AWS-BHO-030,Bhopal,BHO,center,False,
2025-01-03 09:00:00,16.9,962.4,72.0,AWS-BHO-030,Bhopal,BHO,center,False,
2025-01-03 10:00:00,19.9,963.3,63.0,AWS-BHO-030,Bhopal,BHO,center,False,
2025-01-03 11:00:00,22.0,962.7,54.0,AWS-BHO-030,Bhopal,BHO,center,False,
2025-01-03 12:00:00,23.4,962.0,49.0,AWS-BHO-030,Bhopal,BHO,center,False,
2025-01-03 13:00:00,24.2,961.0,45.0,AWS-BHO-030,Bhopal,BHO,center,False,
2025-01-03 14:00:00,24.5,960.3,44.0,AWS-BHO-030,Bhopal,BHO,center,False,
2025-01-03 15:00:00,24.3,959.9,45.0,AWS-BHO-030,Bhopal,BHO,center,False,
2025-01-03 16:00:00,23.4,959.5,54.0,AWS-BHO-030,Bhopal,BHO,center,False,
2025-01-03 17:00:00,20.7,959.2,68.0,AWS-BHO-030,Bhopal,BHO,center,False,
2025-01-03 18:00:00,19.3,959.5,70.0,AWS-BHO-030,Bhopal,BHO,center,False,
2025-01-03 19:00:00,17.8,959.9,75.0,AWS-BHO-030,Bhopal,BHO,center,False,
2025-01-03 20:00:00,16.9,960.3,77.0,AWS-BHO-030,Bhopal,BHO,center,False,
2025-01-03 21:00:00,16.2,960.2,78.0,AWS-BHO-030,Bhopal,BHO,center,False,
2025-01-03 22:00:00,15.5,960.2,80.0,AWS-BHO-030,Bhopal,BHO,center,False,
2025-01-03 23:00:00,14.9,959.6,82.0,AWS-BHO-030,Bhopal,BHO,center,False,
2025-01-04 00:00:00,14.5,959.0,81.0,AWS-BHO-030,Bhopal,BHO,center,False,
2025-01-04 01:00:00,14.2,958.2,81.0,AWS-BHO-030,Bhopal,BHO,center,True,frozen_value
2025-01-04 02:00:00,14.211997273810244,957.7,82.0,AWS-BHO-030,Bhopal,BHO,center,True,frozen_value
2025-01-04 03:00:00,14.218812690445237,957.2,82.0,AWS-BHO-030,Bhopal,BHO,center,True,frozen_value
2025-01-04 04:00:00,14.20902369248588,956.8,83.0,AWS-BHO-030,Bhopal,BHO,center,True,frozen_value
2025-01-04 05:00:00,14.19214214070998,956.9,84.0,AWS-BHO-030,Bhopal,BHO,center,True,frozen_value
2025-01-04 06:00:00,14.204392316560506,957.7,84.0,AWS-BHO-030,Bhopal,BHO,center,True,frozen_value
2025-01-04 07:00:00,14.19289083826431,974.1275032473272,83.0,AWS-BHO-030,Bhopal,BHO,center,True,frozen_value
2025-01-04 08:00:00,14.200093459768306,959.8,78.0,AWS-BHO-030,Bhopal,BHO,center,True,frozen_value
2025-01-04 09:00:00,14.203063543812988,960.9,72.0,AWS-BHO-030,Bhopal,BHO,center,True,frozen_value
2025-01-04 10:00:00,14.203007426032235,961.6,62.0,AWS-BHO-030,Bhopal,BHO,center,True,frozen_value
2025-01-04 11:00:00,14.198024241906776,961.3,52.0,AWS-BHO-030,Bhopal,BHO,center,True,frozen_value
2025-01-04 12:00:00,14.18539030134026,960.2,45.0,AWS-BHO-030,Bhopal,BHO,center,True,frozen_value
2025-01-04 13:00:00,14.168219006538529,959.3,43.0,AWS-BHO-030,Bhopal,BHO,center,True,frozen_value
2025-01-04 14:00:00,24.4,958.3,43.0,AWS-BHO-030,Bhopal,BHO,center,False,
2025-01-04 15:00:00,24.2,957.8,44.0,AWS-BHO-030,Bhopal,BHO,center,False,
2025-01-04 16:00:00,23.2,957.3,52.0,AWS-BHO-030,Bhopal,BHO,center,False,
2025-01-04 17:00:00,20.7,957.1,67.0,AWS-BHO-030,Bhopal,BHO,center,False,
2025-01-04 18:00:00,19.2,957.7,72.0,AWS-BHO-030,Bhopal,BHO,center,False,
2025-01-04 19:00:00,17.8,958.3,77.0,AWS-BHO-030,Bhopal,BHO,center,False,
2025-01-04 20:00:00,16.4,958.7,82.0,AWS-BHO-030,Bhopal,BHO,center,False,
2025-01-04 21:00:00,15.3,958.5,86.0,AWS-BHO-030,Bhopal,BHO,center,True,frozen_value
2025-01-04 22:00:00,15.294461338341797,958.5,86.0,AWS-BHO-030,Bhopal,BHO,center,True,frozen_value
2025-01-04 23:00:00,15.31537543263941,957.9,83.0,AWS-BHO-030,Bhopal,BHO,center,True,frozen_value
2025-01-05 00:00:00,15.336664509657844,957.2,81.0,AWS-BHO-030,Bhopal,BHO,center,True,frozen_value
2025-01-05 01:00:00,15.3398841459495,956.6,82.0,AWS-BHO-030,Bhopal,BHO,center,True,frozen_value
2025-01-05 02:00:00,15.335864380939555,956.6,82.0,AWS-BHO-030,Bhopal,BHO,center,True,frozen_value
2025-01-05 03:00:00,15.336458188751633,956.6,82.0,AWS-BHO-030,Bhopal,BHO,center,True,frozen_value
2025-01-05 04:00:00,15.340605217715465,956.6,81.0,AWS-BHO-030,Bhopal,BHO,center,True,frozen_value
2025-01-05 05:00:00,15.345836599740483,956.6,76.0,AWS-BHO-030,Bhopal,BHO,center,True,frozen_value
2025-01-05 06:00:00,15.332664800788896,956.6,71.0,AWS-BHO-030,Bhopal,BHO,center,True,frozen_value
2025-01-05 07:00:00,15.326050137633525,956.6,70.0,AWS-BHO-030,Bhopal,BHO,center,True,frozen_value
2025-01-05 08:00:00,14.6,956.6,65.0,AWS-BHO-030,Bhopal,BHO,center,True,frozen_value
2025-01-05 09:00:00,17.0,956.6,61.0,AWS-BHO-030,Bhopal,BHO,center,True,frozen_value
2025-01-05 10:00:00,19.0,956.6,58.0,AWS-BHO-030,Bhopal,BHO,center,True,frozen_value
2025-01-05 11:00:00,21.3,956.6,54.0,AWS-BHO-030,Bhopal,BHO,center,True,frozen_value
2025-01-05 12:00:00,22.3,956.6,51.0,AWS-BHO-030,Bhopal,BHO,center,True,frozen_value
2025-01-05 13:00:00,22.0,957.9,53.0,AWS-BHO-030,Bhopal,BHO,center,False,
2025-01-05 14:00:00,21.8,957.1,55.0,AWS-BHO-030,Bhopal,BHO,center,False,
2025-01-05 15:00:00,21.5,956.6,59.0,AWS-BHO-030,Bhopal,BHO,center,False,
2025-01-05 16:00:00,20.5,956.0,69.0,AWS-BHO-030,Bhopal,BHO,center,False,
2025-01-05 17:00:00,19.6,956.2,76.0,AWS-BHO-030,Bhopal,BHO,center,False,
2025-01-05 18:00:00,18.3,957.0,76.0,AWS-BHO-030,Bhopal,BHO,center,False,
2025-01-05 19:00:00,17.4,957.1,76.0,AWS-BHO-030,Bhopal,BHO,center,False,
2025-01-05 20:00:00,16.6,957.7,79.0,AWS-BHO-030,Bhopal,BHO,center,False,
2025-01-05 21:00:00,16.4,957.7,77.0,AWS-BHO-030,Bhopal,BHO,center,False,
2025-01-05 22:00:00,16.1,957.3,75.0,AWS-BHO-030,Bhopal,BHO,center,False,
2025-01-05 23:00:00,14.9,957.0,82.0,AWS-BHO-030,Bhopal,BHO,center,False,
2025-01-06 00:00:00,14.1,956.5,85.0,AWS-BHO-030,Bhopal,BHO,center,False,
2025-01-06 01:00:00,14.8,956.1,84.0,AWS-BHO-030,Bhopal,BHO,center,False,
2025-01-06 02:00:00,14.4,955.7,85.0,AWS-BHO-030,Bhopal,BHO,center,False,
2025-01-06 03:00:00,13.6,955.2,85.0,AWS-BHO-030,Bhopal,BHO,center,False,
2025-01-06 04:00:00,13.1,955.2,82.0,AWS-BHO-030,Bhopal,BHO,center,False,
2025-01-06 05:00:00,12.7,955.3,81.0,AWS-BHO-030,Bhopal,BHO,center,False,
2025-01-06 06:00:00,12.7,956.1,83.0,AWS-BHO-030,Bhopal,BHO,center,False,
2025-01-06 07:00:00,12.9,956.7,82.0,AWS-BHO-030,Bhopal,BHO,center,False,
2025-01-06 08:00:00,15.1,957.9,76.0,AWS-BHO-030,Bhopal,BHO,center,False,
2025-01-06 09:00:00,18.2,959.3,70.0,AWS-BHO-030,Bhopal,BHO,center,False,
2025-01-06 10:00:00,21.2,959.9,60.0,AWS-BHO-030,Bhopal,BHO,center,False,
2025-01-06 11:00:00,23.3,959.5,50.0,AWS-BHO-030,Bhopal,BHO,center,False,
2025-01-06 12:00:00,24.5,958.6,48.0,AWS-BHO-030,Bhopal,BHO,center,False,
2025-01-06 13:00:00,25.2,957.7,46.0,AWS-BHO-030,Bhopal,BHO,center,False,
2025-01-06 14:00:00,25.5,957.1,43.0,AWS-BHO-030,Bhopal,BHO,center,False,
2025-01-06 15:00:00,25.2,956.8,44.0,AWS-BHO-030,Bhopal,BHO,center,False,
2025-01-06 16:00:00,24.4,956.6,49.0,AWS-BHO-030,Bhopal,BHO,center,False,
2025-01-06 17:00:00,22.5,956.6,61.0,AWS-BHO-030,Bhopal,BHO,center,False,
2025-01-06 18:00:00,20.8,957.0,71.0,AWS-BHO-030,Bhopal,BHO,center,False,
2025-01-06 19:00:00,19.6,957.5,75.0,AWS-BHO-030,Bhopal,BHO,center,False,
2025-01-06 20:00:00,18.5,958.2,80.0,AWS-BHO-030,Bhopal,BHO,center,False,
2025-01-06 21:00:00,17.4,958.8,81.0,AWS-BHO-030,Bhopal,BHO,center,False,
2025-01-06 22:00:00,16.4,959.1,84.0,AWS-BHO-030,Bhopal,BHO,center,False,
2025-01-06 23:00:00,15.5,959.1,90.0,AWS-BHO-030,Bhopal,BHO,center,False,
2025-01-07 00:00:00,14.7,959.0,94.0,AWS-BHO-030,Bhopal,BHO,center,False,
2025-01-07 01:00:00,14.0,958.9,95.0,AWS-BHO-030,Bhopal,BHO,center,False,
2025-01-07 02:00:00,13.2,958.9,95.0,AWS-BHO-030,Bhopal,BHO,center,False,
2025-01-07 03:00:00,12.5,958.9,95.0,AWS-BHO-030,Bhopal,BHO,center,False,
2025-01-07 04:00:00,11.9,958.9,95.0,AWS-BHO-030,Bhopal,BHO,center,False,
2025-01-07 05:00:00,11.5,959.2,95.0,AWS-BHO-030,Bhopal,BHO,center,False,
2025-01-07 06:00:00,10.5,960.3,96.0,AWS-BHO-030,Bhopal,BHO,center,False,
2025-01-07 07:00:00,10.3,961.0,96.0,AWS-BHO-030,Bhopal,BHO,center,False,
2025-01-07 08:00:00,11.5,962.2,90.0,AWS-BHO-030,Bhopal,BHO,center,False,
2025-01-07 09:00:00,13.5,962.9,81.0,AWS-BHO-030,Bhopal,BHO,center,False,
2025-01-07 10:00:00,15.6,962.9,72.0,AWS-BHO-030,Bhopal,BHO,center,False,
2025-01-07 11:00:00,17.8,962.3,63.0,AWS-BHO-030,Bhopal,BHO,center,False,
2025-01-07 12:00:00,19.5,961.1,55.0,AWS-BHO-030,Bhopal,BHO,center,False,
2025-01-07 13:00:00,20.5,959.9,49.0,AWS-BHO-030,Bhopal,BHO,center,False,
2025-01-07 14:00:00,20.9,959.0,45.0,AWS-BHO-030,Bhopal,BHO,center,False,
2025-01-07 15:00:00,20.8,958.5,46.0,AWS-BHO-030,Bhopal,BHO,center,False,
2025-01-07 16:00:00,57.78201530280021,958.2,49.0,AWS-BHO-030,Bhopal,BHO,center,True,spike
2025-01-07 17:00:00,55.98201530280021,958.1,62.0,AWS-BHO-030,Bhopal,BHO,center,True,spike
2025-01-07 18:00:00,54.48201530280021,958.7,74.0,AWS-BHO-030,Bhopal,BHO,center,True,spike
2025-01-07 19:00:00,53.28201530280021,959.0,76.0,AWS-BHO-030,Bhopal,BHO,center,True,spike
2025-01-07 20:00:00,14.8,959.4,71.0,AWS-BHO-030,Bhopal,BHO,center,False,
2025-01-07 21:00:00,,959.9,73.0,AWS-BHO-030,Bhopal,BHO,center,True,dropout
2025-01-07 22:00:00,12.7,959.8,79.0,AWS-BHO-030,Bhopal,BHO,center,False,
2025-01-07 23:00:00,11.7,959.0,83.0,AWS-BHO-030,Bhopal,BHO,center,False,
2025-01-08 00:00:00,11.0,958.5,86.0,AWS-BHO-030,Bhopal,BHO,center,False,
2025-01-08 01:00:00,10.3,957.9,91.0,AWS-BHO-030,Bhopal,BHO,center,False,
2025-01-08 02:00:00,9.8,957.3,93.0,AWS-BHO-030,Bhopal,BHO,center,False,
2025-01-08 03:00:00,9.3,957.2,94.0,AWS-BHO-030,Bhopal,BHO,center,False,
2025-01-08 04:00:00,8.6,957.2,95.0,AWS-BHO-030,Bhopal,BHO,center,False,
2025-01-08 05:00:00,7.8,957.4,97.0,AWS-BHO-030,Bhopal,BHO,center,False,
2025-01-08 06:00:00,7.7,958.2,98.0,AWS-BHO-030,Bhopal,BHO,center,False,
2025-01-08 07:00:00,7.7,959.1,99.0,AWS-BHO-030,Bhopal,BHO,center,False,
2025-01-08 08:00:00,9.5,960.6,94.0,AWS-BHO-030,Bhopal,BHO,center,False,
2025-01-08 09:00:00,12.4,961.9,82.0,AWS-BHO-030,Bhopal,BHO,center,False,
2025-01-08 10:00:00,14.9,962.0,67.0,AWS-BHO-030,Bhopal,BHO,center,False,
2025-01-08 11:00:00,16.8,961.4,57.0,AWS-BHO-030,Bhopal,BHO,center,False,
2025-01-08 12:00:00,18.2,960.4,51.0,AWS-BHO-030,Bhopal,BHO,center,False,
2025-01-08 13:00:00,19.2,959.5,49.0,AWS-BHO-030,Bhopal,BHO,center,False,
2025-01-08 14:00:00,19.8,958.8,47.0,AWS-BHO-030,Bhopal,BHO,center,False,
2025-01-08 15:00:00,20.0,958.5,47.0,AWS-BHO-030,Bhopal,BHO,center,False,
2025-01-08 16:00:00,19.7,958.4,47.0,AWS-BHO-030,Bhopal,BHO,center,False,
2025-01-08 17:00:00,17.8,958.5,64.0,AWS-BHO-030,Bhopal,BHO,center,False,
2025-01-08 18:00:00,16.4,958.5,69.0,AWS-BHO-030,Bhopal,BHO,center,False,
2025-01-08 19:00:00,-26.57937357966959,959.0,76.0,AWS-BHO-030,Bhopal,BHO,center,True,spike
2025-01-08 20:00:00,-27.67937357966959,959.4,79.0,AWS-BHO-030,Bhopal,BHO,center,True,spike
2025-01-08 21:00:00,-28.47937357966959,959.4,81.0,AWS-BHO-030,Bhopal,BHO,center,True,spike
2025-01-08 22:00:00,-29.47937357966959,959.1,84.0,AWS-BHO-030,Bhopal,BHO,center,True,spike
2025-01-08 23:00:00,-30.17937357966959,,83.0,AWS-BHO-030,Bhopal,BHO,center,True,dropout
2025-01-09 00:00:00,-30.67937357966959,958.5,83.0,AWS-BHO-030,Bhopal,BHO,center,True,spike
2025-01-09 01:00:00,10.4,958.1,82.0,AWS-BHO-030,Bhopal,BHO,center,False,
2025-01-09 02:00:00,10.2,957.8,81.0,AWS-BHO-030,Bhopal,BHO,center,False,
2025-01-09 03:00:00,10.4,957.4,76.0,AWS-BHO-030,Bhopal,BHO,center,False,
2025-01-09 04:00:00,9.8,957.4,76.0,AWS-BHO-030,Bhopal,BHO,center,False,
2025-01-09 05:00:00,9.1,957.7,77.0,AWS-BHO-030,Bhopal,BHO,center,False,
2025-01-09 06:00:00,8.7,958.7,80.0,AWS-BHO-030,Bhopal,BHO,center,False,
2025-01-09 07:00:00,9.1,959.7,84.0,AWS-BHO-030,Bhopal,BHO,center,False,
2025-01-09 08:00:00,11.3,961.1,82.0,AWS-BHO-030,Bhopal,BHO,center,False,
2025-01-09 09:00:00,14.4,962.3,72.0,AWS-BHO-030,Bhopal,BHO,center,False,
2025-01-09 10:00:00,17.3,962.4,60.0,AWS-BHO-030,Bhopal,BHO,center,False,
2025-01-09 11:00:00,19.4,961.8,50.0,AWS-BHO-030,Bhopal,BHO,center,False,
2025-01-09 12:00:00,20.8,960.7,45.0,AWS-BHO-030,Bhopal,BHO,center,False,
2025-01-09 13:00:00,21.7,960.0,41.0,AWS-BHO-030,Bhopal,BHO,center,False,
2025-01-09 14:00:00,22.2,959.1,40.0,AWS-BHO-030,Bhopal,BHO,center,False,
2025-01-09 15:00:00,22.1,958.8,42.0,AWS-BHO-030,Bhopal,BHO,center,False,
2025-01-09 16:00:00,21.5,958.8,44.0,AWS-BHO-030,Bhopal,BHO,center,False,
2025-01-09 17:00:00,19.6,958.8,55.0,AWS-BHO-030,Bhopal,BHO,center,False,
2025-01-09 18:00:00,17.9,959.4,63.0,AWS-BHO-030,Bhopal,BHO,center,False,
2025-01-09 19:00:00,16.7,959.9,69.0,AWS-BHO-030,Bhopal,BHO,center,False,
2025-01-09 20:00:00,15.8,960.5,71.0,AWS-BHO-030,Bhopal,BHO,center,False,
2025-01-09 21:00:00,14.9,961.2,73.0,AWS-BHO-030,Bhopal,BHO,center,False,
2025-01-09 22:00:00,14.0,961.3,76.0,AWS-BHO-030,Bhopal,BHO,center,False,
2025-01-09 23:00:00,13.1,961.0,77.0,AWS-BHO-030,Bhopal,BHO,center,False,
2025-01-10 00:00:00,12.5,960.6,74.0,AWS-BHO-030,Bhopal,BHO,center,False,
2025-01-10 01:00:00,12.2,960.2,69.0,AWS-BHO-030,Bhopal,BHO,center,False,
2025-01-10 02:00:00,11.9,959.9,68.0,AWS-BHO-030,Bhopal,BHO,center,False,
2025-01-10 03:00:00,11.6,959.6,70.0,AWS-BHO-030,Bhopal,BHO,center,False,
2025-01-10 04:00:00,11.2,959.3,74.0,AWS-BHO-030,Bhopal,BHO,center,False,
2025-01-10 05:00:00,10.8,959.5,76.0,AWS-BHO-030,Bhopal,BHO,center,False,
2025-01-10 06:00:00,10.3,960.2,80.0,AWS-BHO-030,Bhopal,BHO,center,False,
2025-01-10 07:00:00,10.3,960.9,80.0,AWS-BHO-030,Bhopal,BHO,center,False,
2025-01-10 08:00:00,12.0,962.1,74.0,AWS-BHO-030,Bhopal,BHO,center,False,
2025-01-10 09:00:00,15.0,963.4,62.0,AWS-BHO-030,Bhopal,BHO,center,False,
2025-01-10 10:00:00,18.0,963.8,53.0,AWS-BHO-030,Bhopal,BHO,center,False,
2025-01-10 11:00:00,20.6,963.3,44.0,AWS-BHO-030,Bhopal,BHO,center,False,
2025-01-10 12:00:00,22.1,962.2,38.0,AWS-BHO-030,Bhopal,BHO,center,False,
2025-01-10 13:00:00,22.9,961.4,37.0,AWS-BHO-030,Bhopal,BHO,center,False,
2025-01-10 14:00:00,23.2,960.5,37.0,AWS-BHO-030,Bhopal,BHO,center,False,
2025-01-10 15:00:00,23.1,959.8,38.0,AWS-BHO-030,Bhopal,BHO,center,False,
2025-01-10 16:00:00,22.4,959.6,40.0,AWS-BHO-030,Bhopal,BHO,center,False,
2025-01-10 17:00:00,20.5,959.3,53.0,AWS-BHO-030,Bhopal,BHO,center,False,
2025-01-10 18:00:00,19.2,959.1,57.0,AWS-BHO-030,Bhopal,BHO,center,False,
2025-01-10 19:00:00,18.2,959.4,59.0,AWS-BHO-030,Bhopal,BHO,center,False,
2025-01-10 20:00:00,17.2,959.8,61.0,AWS-BHO-030,Bhopal,BHO,center,False,
2025-01-10 21:00:00,16.0,960.3,66.0,AWS-BHO-030,Bhopal,BHO,center,False,
2025-01-10 22:00:00,14.7,960.4,75.0,AWS-BHO-030,Bhopal,BHO,center,False,
2025-01-10 23:00:00,13.8,959.9,81.0,AWS-BHO-030,Bhopal,BHO,center,False,
2025-01-11 00:00:00,14.0,959.5,77.0,AWS-BHO-030,Bhopal,BHO,center,False,
2025-01-11 01:00:00,13.9,959.3,73.0,AWS-BHO-030,Bhopal,BHO,center,False,
2025-01-11 02:00:00,13.4,958.7,76.0,AWS-BHO-030,Bhopal,BHO,center,False,
2025-01-11 03:00:00,12.8,958.4,79.0,AWS-BHO-030,Bhopal,BHO,center,False,
2025-01-11 04:00:00,12.4,958.4,82.0,AWS-BHO-030,Bhopal,BHO,center,False,
2025-01-11 05:00:00,12.0,958.4,83.0,AWS-BHO-030,Bhopal,BHO,center,False,
2025-01-11 06:00:00,11.6,959.0,84.0,AWS-BHO-030,Bhopal,BHO,center,False,
2025-01-11 07:00:00,11.6,959.4,83.0,AWS-BHO-030,Bhopal,BHO,center,False,
2025-01-11 08:00:00,13.7,960.7,74.0,AWS-BHO-030,Bhopal,BHO,center,False,
2025-01-11 09:00:00,16.8,961.6,63.0,AWS-BHO-030,Bhopal,BHO,center,False,
2025-01-11 10:00:00,19.9,962.1,53.0,AWS-BHO-030,Bhopal,BHO,center,False,
2025-01-11 11:00:00,22.1,961.4,49.0,AWS-BHO-030,Bhopal,BHO,center,False,
2025-01-11 12:00:00,23.5,960.4,48.0,AWS-BHO-030,Bhopal,BHO,center,False,
2025-01-11 13:00:00,24.4,959.4,45.0,AWS-BHO-030,Bhopal,BHO,center,False,
2025-01-11 14:00:00,25.0,958.5,43.0,AWS-BHO-030,Bhopal,BHO,center,False,
2025-01-11 15:00:00,25.2,957.9,42.0,AWS-BHO-030,Bhopal,BHO,center,False,
2025-01-11 16:00:00,24.5,957.8,45.0,AWS-BHO-030,Bhopal,BHO,center,False,
2025-01-11 17:00:00,23.0,957.6,55.0,AWS-BHO-030,Bhopal,BHO,center,False,
2025-01-11 18:00:00,20.4,957.6,71.0,AWS-BHO-030,Bhopal,BHO,center,False,
2025-01-11 19:00:00,19.5,958.1,71.0,AWS-BHO-030,Bhopal,BHO,center,False,
2025-01-11 20:00:00,18.4,958.6,75.0,AWS-BHO-030,Bhopal,BHO,center,False,
2025-01-11 21:00:00,18.2,959.0,74.0,AWS-BHO-030,Bhopal,BHO,center,False,
2025-01-11 22:00:00,17.8,959.1,73.0,AWS-BHO-030,Bhopal,BHO,center,False,
2025-01-11 23:00:00,17.4,958.9,74.0,AWS-BHO-030,Bhopal,BHO,center,False,
2025-01-12 00:00:00,16.7,958.6,76.0,AWS-BHO-030,Bhopal,BHO,center,False,
2025-01-12 01:00:00,16.7,958.4,75.0,AWS-BHO-030,Bhopal,BHO,center,False,
2025-01-12 02:00:00,16.1,958.2,79.0,AWS-BHO-030,Bhopal,BHO,center,False,
2025-01-12 03:00:00,16.0,958.3,82.0,AWS-BHO-030,Bhopal,BHO,center,False,
2025-01-12 04:00:00,15.6,958.5,85.0,AWS-BHO-030,Bhopal,BHO,center,False,
2025-01-12 05:00:00,15.8,958.6,86.0,AWS-BHO-030,Bhopal,BHO,center,False,
2025-01-12 06:00:00,15.8,959.6,89.0,AWS-BHO-030,Bhopal,BHO,center,False,
2025-01-12 07:00:00,15.8,959.8,92.0,AWS-BHO-030,Bhopal,BHO,center,False,
2025-01-12 08:00:00,16.8,961.0,89.0,AWS-BHO-030,Bhopal,BHO,center,False,
2025-01-12 09:00:00,19.2,962.1,75.0,AWS-BHO-030,Bhopal,BHO,center,False,
2025-01-12 10:00:00,21.1,962.4,65.0,AWS-BHO-030,Bhopal,BHO,center,False,
2025-01-12 11:00:00,22.5,961.8,58.0,AWS-BHO-030,Bhopal,BHO,center,False,
2025-01-12 12:00:00,23.7,960.9,51.0,AWS-BHO-030,Bhopal,BHO,center,False,
2025-01-12 13:00:00,24.2,959.6,48.0,AWS-BHO-030,Bhopal,BHO,center,False,
2025-01-12 14:00:00,24.3,959.0,46.0,AWS-BHO-030,Bhopal,BHO,center,False,
2025-01-12 15:00:00,24.4,958.6,43.0,AWS-BHO-030,Bhopal,BHO,center,False,
2025-01-12 16:00:00,24.0,958.8,43.0,AWS-BHO-030,Bhopal,BHO,center,False,
2025-01-12 17:00:00,22.6,958.9,48.0,AWS-BHO-030,Bhopal,BHO,center,False,
2025-01-12 18:00:00,20.1,959.9,60.0,AWS-BHO-030,Bhopal,BHO,center,False,
2025-01-12 19:00:00,18.5,960.5,65.0,AWS-BHO-030,Bhopal,BHO,center,False,
2025-01-12 20:00:00,17.0,961.0,69.0,AWS-BHO-030,Bhopal,BHO,center,False,
2025-01-12 21:00:00,15.7,961.5,72.0,AWS-BHO-030,Bhopal,BHO,center,False,
2025-01-12 22:00:00,14.8,961.5,75.0,AWS-BHO-030,Bhopal,BHO,center,False,
2025-01-12 23:00:00,14.0,960.9,79.0,AWS-BHO-030,Bhopal,BHO,center,False,
2025-01-13 00:00:00,13.4,960.4,82.0,AWS-BHO-030,Bhopal,BHO,center,False,
2025-01-13 01:00:00,12.7,960.1,84.0,AWS-BHO-030,Bhopal,BHO,center,False,
2025-01-13 02:00:00,12.0,959.7,86.0,AWS-BHO-030,Bhopal,BHO,center,False,
2025-01-13 03:00:00,11.5,959.4,86.0,AWS-BHO-030,Bhopal,BHO,center,False,
2025-01-13 04:00:00,11.1,959.4,87.0,AWS-BHO-030,Bhopal,BHO,center,False,
2025-01-13 05:00:00,10.8,959.7,90.0,AWS-BHO-030,Bhopal,BHO,center,False,
2025-01-13 06:00:00,10.1,960.4,93.0,AWS-BHO-030,Bhopal,BHO,center,False,
2025-01-13 07:00:00,10.1,960.8,95.0,AWS-BHO-030,Bhopal,BHO,center,False,
2025-01-13 08:00:00,11.9,961.8,87.0,AWS-BHO-030,Bhopal,BHO,center,False,
2025-01-13 09:00:00,14.4,962.7,78.0,AWS-BHO-030,Bhopal,BHO,center,False,
2025-01-13 10:00:00,16.5,962.7,68.0,AWS-BHO-030,Bhopal,BHO,center,False,
2025-01-13 11:00:00,18.0,962.4,57.0,AWS-BHO-030,Bhopal,BHO,center,False,
2025-01-13 12:00:00,19.2,961.0,50.0,AWS-BHO-030,Bhopal,BHO,center,False,
2025-01-13 13:00:00,20.0,959.7,45.0,AWS-BHO-030,Bhopal,BHO,center,False,
2025-01-13 14:00:00,20.4,959.0,43.0,AWS-BHO-030,Bhopal,BHO,center,False,
2025-01-13 15:00:00,20.3,958.6,44.0,AWS-BHO-030,Bhopal,BHO,center,False,
2025-01-13 16:00:00,19.5,958.7,47.0,AWS-BHO-030,Bhopal,BHO,center,False,
2025-01-13 17:00:00,17.8,958.7,54.0,AWS-BHO-030,Bhopal,BHO,center,False,
2025-01-13 18:00:00,15.8,959.5,67.0,AWS-BHO-030,Bhopal,BHO,center,False,
2025-01-13 19:00:00,14.8,959.8,73.0,AWS-BHO-030,Bhopal,BHO,center,False,
2025-01-13 20:00:00,14.0,960.2,76.0,AWS-BHO-030,Bhopal,BHO,center,False,
2025-01-13 21:00:00,13.6,960.3,78.0,AWS-BHO-030,Bhopal,BHO,center,False,
2025-01-13 22:00:00,13.2,960.3,81.0,AWS-BHO-030,Bhopal,BHO,center,False,
2025-01-13 23:00:00,12.7,959.7,84.0,AWS-BHO-030,Bhopal,BHO,center,False,
2025-01-14 00:00:00,11.9,959.3,89.0,AWS-BHO-030,Bhopal,BHO,center,False,
2025-01-14 01:00:00,11.2,959.3,93.0,AWS-BHO-030,Bhopal,BHO,center,False,
2025-01-14 02:00:00,10.6,958.6,94.0,AWS-BHO-030,Bhopal,BHO,center,False,
2025-01-14 03:00:00,10.2,958.3,94.0,AWS-BHO-030,Bhopal,BHO,center,False,
2025-01-14 04:00:00,9.8,958.2,94.0,AWS-BHO-030,Bhopal,BHO,center,False,
2025-01-14 05:00:00,9.8,958.6,94.0,AWS-BHO-030,Bhopal,BHO,center,False,
2025-01-14 06:00:00,9.3,960.2,95.0,AWS-BHO-030,Bhopal,BHO,center,False,
2025-01-14 07:00:00,9.2,960.7,96.0,AWS-BHO-030,Bhopal,BHO,center,False,
2025-01-14 08:00:00,11.4,961.5,85.0,AWS-BHO-030,Bhopal,BHO,center,False,
2025-01-14 09:00:00,14.5,962.6,71.0,AWS-BHO-030,Bhopal,BHO,center,False,
2025-01-14 10:00:00,17.1,963.1,62.0,AWS-BHO-030,Bhopal,BHO,center,False,
2025-01-14 11:00:00,19.2,962.7,55.0,AWS-BHO-030,Bhopal,BHO,center,False,
2025-01-14 12:00:00,20.8,961.4,51.0,AWS-BHO-030,Bhopal,BHO,center,False,
2025-01-14 13:00:00,21.9,960.4,50.0,AWS-BHO-030,Bhopal,BHO,center,False,
2025-01-14 14:00:00,22.4,959.4,64.78780507962689,AWS-BHO-030,Bhopal,BHO,center,True,drift
2025-01-14 15:00:00,22.4,959.1,67.12378238247521,AWS-BHO-030,Bhopal,BHO,center,True,drift
2025-01-14 16:00:00,21.8,959.4,70.45975968532352,AWS-BHO-030,Bhopal,BHO,center,True,drift
2025-01-14 17:00:00,20.5,959.7,76.79573698817184,AWS-BHO-030,Bhopal,BHO,center,True,drift
2025-01-14 18:00:00,18.9,960.1,87.13171429102016,AWS-BHO-030,Bhopal,BHO,center,True,drift
2025-01-14 19:00:00,17.6,960.4,91.46769159386848,AWS-BHO-030,Bhopal,BHO,center,True,drift
2025-01-14 20:00:00,16.8,960.9,92.8036688967168,AWS-BHO-030,Bhopal,BHO,center,True,drift
2025-01-14 21:00:00,16.2,961.1,93.1396461995651,AWS-BHO-030,Bhopal,BHO,center,True,drift
2025-01-14 22:00:00,15.5,961.4,94.47562350241343,AWS-BHO-030,Bhopal,BHO,center,True,drift
2025-01-14 23:00:00,14.8,961.2,96.81160080526175,AWS-BHO-030,Bhopal,BHO,center,True,drift
2025-01-15 00:00:00,14.1,960.9,100.0,AWS-BHO-030,Bhopal,BHO,center,True,drift
2025-01-15 01:00:00,13.7,960.5,100.0,AWS-BHO-030,Bhopal,BHO,center,True,drift
2025-01-15 02:00:00,13.3,959.8,100.0,AWS-BHO-030,Bhopal,BHO,center,True,drift
2025-01-15 03:00:00,13.1,959.4,100.0,AWS-BHO-030,Bhopal,BHO,center,True,drift
2025-01-15 04:00:00,13.1,959.3,100.0,AWS-BHO-030,Bhopal,BHO,center,True,drift
2025-01-15 05:00:00,13.2,959.7,98.82746462235166,AWS-BHO-030,Bhopal,BHO,center,True,drift
2025-01-15 06:00:00,13.6,960.6,94.16344192519998,AWS-BHO-030,Bhopal,BHO,center,True,drift
2025-01-15 07:00:00,13.4,960.9,95.4994192280483,AWS-BHO-030,Bhopal,BHO,center,True,drift
2025-01-15 08:00:00,15.0,961.7,90.83539653089662,AWS-BHO-030,Bhopal,BHO,center,True,drift
2025-01-15 09:00:00,17.3,962.5,84.17137383374492,AWS-BHO-030,Bhopal,BHO,center,True,drift
2025-01-15 10:00:00,20.0,962.8,79.50735113659324,AWS-BHO-030,Bhopal,BHO,center,True,drift
2025-01-15 11:00:00,22.3,962.4,75.84332843944156,AWS-BHO-030,Bhopal,BHO,center,True,drift
2025-01-15 12:00:00,23.7,961.2,74.17930574228988,AWS-BHO-030,Bhopal,BHO,center,True,drift
2025-01-15 13:00:00,24.8,960.3,70.5152830451382,AWS-BHO-030,Bhopal,BHO,center,True,drift
2025-01-15 14:00:00,24.8,959.6,70.85126034798651,AWS-BHO-030,Bhopal,BHO,center,True,drift
2025-01-15 15:00:00,25.1,959.0,47.0,AWS-BHO-030,Bhopal,BHO,center,False,
2025-01-15 16:00:00,24.8,958.8,47.0,AWS-BHO-030,Bhopal,BHO,center,False,
2025-01-15 17:00:00,23.7,958.5,52.0,AWS-BHO-030,Bhopal,BHO,center,False,
2025-01-15 18:00:00,21.0,959.3,64.0,AWS-BHO-030,Bhopal,BHO,center,False,
2025-01-15 19:00:00,19.9,959.7,67.0,AWS-BHO-030,Bhopal,BHO,center,False,
2025-01-15 20:00:00,19.0,959.9,69.0,AWS-BHO-030,Bhopal,BHO,center,False,
2025-01-15 21:00:00,18.5,960.1,69.0,AWS-BHO-030,Bhopal,BHO,center,False,
2025-01-15 22:00:00,18.0,960.3,70.0,AWS-BHO-030,Bhopal,BHO,center,False,
2025-01-15 23:00:00,17.3,960.0,74.0,AWS-BHO-030,Bhopal,BHO,center,False,
2025-01-16 00:00:00,16.8,959.5,77.0,AWS-BHO-030,Bhopal,BHO,center,False,
2025-01-16 01:00:00,16.4,959.3,78.0,AWS-BHO-030,Bhopal,BHO,center,False,
2025-01-16 02:00:00,16.0,958.9,80.0,AWS-BHO-030,Bhopal,BHO,center,False,
2025-01-16 03:00:00,15.9,958.4,80.0,AWS-BHO-030,Bhopal,BHO,center,True,frozen_value
2025-01-16 04:00:00,15.2,958.4,85.0,AWS-BHO-030,Bhopal,BHO,center,True,frozen_value
2025-01-16 05:00:00,15.1,958.4,85.0,AWS-BHO-030,Bhopal,BHO,center,True,frozen_value
2025-01-16 06:00:00,16.0,958.4,80.0,AWS-BHO-030,Bhopal,BHO,center,True,frozen_value
2025-01-16 07:00:00,16.6,958.4,77.0,AWS-BHO-030,Bhopal,BHO,center,True,frozen_value
2025-01-16 08:00:00,17.4,958.4,74.0,AWS-BHO-030,Bhopal,BHO,center,True,frozen_value
2025-01-16 09:00:00,18.4,958.4,71.0,AWS-BHO-030,Bhopal,BHO,center,True,frozen_value
2025-01-16 10:00:00,20.4,958.4,64.0,AWS-BHO-030,Bhopal,BHO,center,True,frozen_value
2025-01-16 11:00:00,23.2,958.4,55.0,AWS-BHO-030,Bhopal,BHO,center,True,frozen_value
2025-01-16 12:00:00,23.9,958.4,54.0,AWS-BHO-030,Bhopal,BHO,center,True,frozen_value
2025-01-16 13:00:00,24.9,958.4,49.0,AWS-BHO-030,Bhopal,BHO,center,True,frozen_value
2025-01-16 14:00:00,24.0,958.4,53.0,AWS-BHO-030,Bhopal,BHO,center,True,frozen_value
2025-01-16 15:00:00,23.4,960.0,58.0,AWS-BHO-030,Bhopal,BHO,center,False,
2025-01-16 16:00:00,22.3,960.1,64.0,AWS-BHO-030,Bhopal,BHO,center,False,
2025-01-16 17:00:00,20.4,960.5,73.0,AWS-BHO-030,Bhopal,BHO,center,False,
2025-01-16 18:00:00,20.2,961.5,74.0,AWS-BHO-030,Bhopal,BHO,center,False,
2025-01-16 19:00:00,19.0,962.0,81.0,AWS-BHO-030,Bhopal,BHO,center,False,
2025-01-16 20:00:00,18.2,962.5,83.0,AWS-BHO-030,Bhopal,BHO,center,False,
2025-01-16 21:00:00,17.5,962.9,87.0,AWS-BHO-030,Bhopal,BHO,center,False,
2025-01-16 22:00:00,16.7,963.4,91.0,AWS-BHO-030,Bhopal,BHO,center,False,
2025-01-16 23:00:00,15.5,963.1,93.0,AWS-BHO-030,Bhopal,BHO,center,False,
2025-01-17 00:00:00,14.8,962.8,93.0,AWS-BHO-030,Bhopal,BHO,center,False,
2025-01-17 01:00:00,14.2,962.3,93.0,AWS-BHO-030,Bhopal,BHO,center,False,
2025-01-17 02:00:00,6.931692691432769,968.1217778960819,74.84013673357435,AWS-BHO-030,Bhopal,BHO,center,True,unstructured_anomaly
2025-01-17 03:00:00,7.061989893994089,969.6099765112876,95.0,AWS-BHO-030,Bhopal,BHO,center,True,unstructured_anomaly
2025-01-17 04:00:00,19.01541598593712,953.3107512269789,95.0,AWS-BHO-030,Bhopal,BHO,center,True,unstructured_anomaly
2025-01-17 05:00:00,18.352605608922218,953.3996439508471,95.0,AWS-BHO-030,Bhopal,BHO,center,True,unstructured_anomaly
2025-01-17 06:00:00,12.0,962.1,93.0,AWS-BHO-030,Bhopal,BHO,center,False,
2025-01-17 07:00:00,12.1,962.5,91.0,AWS-BHO-030,Bhopal,BHO,center,False,
2025-01-17 08:00:00,13.0,963.0,86.0,AWS-BHO-030,Bhopal,BHO,center,False,
2025-01-17 09:00:00,15.2,963.4,76.0,AWS-BHO-030,Bhopal,BHO,center,False,
2025-01-17 10:00:00,17.7,963.6,67.0,AWS-BHO-030,Bhopal,BHO,center,False,
2025-01-17 11:00:00,19.6,963.1,61.0,AWS-BHO-030,Bhopal,BHO,center,False,
2025-01-17 12:00:00,21.1,961.8,58.0,AWS-BHO-030,Bhopal,BHO,center,False,
2025-01-17 13:00:00,22.1,960.8,57.0,AWS-BHO-030,Bhopal,BHO,center,False,
2025-01-17 14:00:00,22.5,959.8,57.0,AWS-BHO-030,Bhopal,BHO,center,False,
2025-01-17 15:00:00,22.3,959.5,59.0,AWS-BHO-030,Bhopal,BHO,center,False,
2025-01-17 16:00:00,21.4,959.2,64.0,AWS-BHO-030,Bhopal,BHO,center,False,
2025-01-17 17:00:00,20.0,959.3,71.0,AWS-BHO-030,Bhopal,BHO,center,False,
2025-01-17 18:00:00,17.9,959.9,81.0,AWS-BHO-030,Bhopal,BHO,center,False,
2025-01-17 19:00:00,16.9,960.4,84.0,AWS-BHO-030,Bhopal,BHO,center,False,
2025-01-17 20:00:00,16.3,960.9,85.0,AWS-BHO-030,Bhopal,BHO,center,False,
2025-01-17 21:00:00,15.6,961.1,86.0,AWS-BHO-030,Bhopal,BHO,center,False,
2025-01-17 22:00:00,14.9,961.1,88.0,AWS-BHO-030,Bhopal,BHO,center,False,
2025-01-17 23:00:00,14.3,960.6,91.0,AWS-BHO-030,Bhopal,BHO,center,False,
2025-01-18 00:00:00,13.7,960.2,94.0,AWS-BHO-030,Bhopal,BHO,center,False,
2025-01-18 01:00:00,13.4,959.7,94.0,AWS-BHO-030,Bhopal,BHO,center,False,
2025-01-18 02:00:00,13.0,959.4,95.0,AWS-BHO-030,Bhopal,BHO,center,False,
2025-01-18 03:00:00,12.7,972.176466751341,95.0,AWS-BHO-030,Bhopal,BHO,center,True,spike
2025-01-18 04:00:00,12.5,965.5833223505562,94.0,AWS-BHO-030,Bhopal,BHO,center,True,spike
2025-01-18 05:00:00,12.2,962.5158154867685,94.0,AWS-BHO-030,Bhopal,BHO,center,True,spike
2025-01-18 06:00:00,12.1,960.2,93.0,AWS-BHO-030,Bhopal,BHO,center,False,
2025-01-18 07:00:00,12.0,960.8,93.0,AWS-BHO-030,Bhopal,BHO,center,False,
2025-01-18 08:00:00,13.6,961.7,86.0,AWS-BHO-030,Bhopal,BHO,center,False,
2025-01-18 09:00:00,16.3,962.7,75.0,AWS-BHO-030,Bhopal,BHO,center,False,
2025-01-18 10:00:00,18.8,962.9,67.0,AWS-BHO-030,Bhopal,BHO,center,False,
2025-01-18 11:00:00,20.9,962.4,61.0,AWS-BHO-030,Bhopal,BHO,center,False,
2025-01-18 12:00:00,22.6,961.3,57.0,AWS-BHO-030,Bhopal,BHO,center,True,frozen_value
2025-01-18 13:00:00,22.6,960.3,54.0,AWS-BHO-030,Bhopal,BHO,center,True,frozen_value
2025-01-18 14:00:00,22.6,959.5,53.0,AWS-BHO-030,Bhopal,BHO,center,True,frozen_value
2025-01-18 15:00:00,22.6,958.8,53.0,AWS-BHO-030,Bhopal,BHO,center,True,frozen_value
2025-01-18 16:00:00,22.6,958.6,55.0,AWS-BHO-030,Bhopal,BHO,center,True,frozen_value
2025-01-18 17:00:00,22.6,958.5,63.0,AWS-BHO-030,Bhopal,BHO,center,True,frozen_value
2025-01-18 18:00:00,22.6,959.0,72.0,AWS-BHO-030,Bhopal,BHO,center,True,frozen_value
2025-01-18 19:00:00,22.6,959.4,79.0,AWS-BHO-030,Bhopal,BHO,center,True,frozen_value
2025-01-18 20:00:00,22.6,959.9,86.0,AWS-BHO-030,Bhopal,BHO,center,True,frozen_value
2025-01-18 21:00:00,22.6,960.2,89.0,AWS-BHO-030,Bhopal,BHO,center,True,frozen_value
2025-01-18 22:00:00,22.6,960.4,91.0,AWS-BHO-030,Bhopal,BHO,center,True,frozen_value
2025-01-18 23:00:00,22.6,959.9,91.0,AWS-BHO-030,Bhopal,BHO,center,True,frozen_value
2025-01-19 00:00:00,22.6,959.7,90.0,AWS-BHO-030,Bhopal,BHO,center,True,frozen_value
2025-01-19 01:00:00,22.6,959.4,89.0,AWS-BHO-030,Bhopal,BHO,center,True,frozen_value
2025-01-19 02:00:00,14.8,958.8,89.0,AWS-BHO-030,Bhopal,BHO,center,False,
2025-01-19 03:00:00,13.9,958.7,91.0,AWS-BHO-030,Bhopal,BHO,center,False,
2025-01-19 04:00:00,13.5,958.4,91.0,AWS-BHO-030,Bhopal,BHO,center,False,
2025-01-19 05:00:00,13.0,958.4,93.0,AWS-BHO-030,Bhopal,BHO,center,False,
2025-01-19 06:00:00,13.1,959.6,92.0,AWS-BHO-030,Bhopal,BHO,center,False,
2025-01-19 07:00:00,12.9,960.0,93.0,AWS-BHO-030,Bhopal,BHO,center,False,
2025-01-19 08:00:00,14.8,961.0,85.0,AWS-BHO-030,Bhopal,BHO,center,False,
2025-01-19 09:00:00,18.1,962.4,72.0,AWS-BHO-030,Bhopal,BHO,center,False,
2025-01-19 10:00:00,20.9,963.0,63.0,AWS-BHO-030,Bhopal,BHO,center,False,
2025-01-19 11:00:00,22.9,962.5,54.0,AWS-BHO-030,Bhopal,BHO,center,False,
2025-01-19 12:00:00,24.2,961.6,48.0,AWS-BHO-030,Bhopal,BHO,center,False,
2025-01-19 13:00:00,25.0,960.8,44.0,AWS-BHO-030,Bhopal,BHO,center,False,
2025-01-19 14:00:00,25.5,960.1,42.0,AWS-BHO-030,Bhopal,BHO,center,False,
2025-01-19 15:00:00,25.5,959.4,41.0,AWS-BHO-030,Bhopal,BHO,center,False,
2025-01-19 16:00:00,25.0,958.9,42.0,AWS-BHO-030,Bhopal,BHO,center,False,
2025-01-19 17:00:00,23.0,958.7,63.5506467300378,AWS-BHO-030,Bhopal,BHO,center,True,drift
2025-01-19 18:00:00,21.3,958.9,69.40813207641347,AWS-BHO-030,Bhopal,BHO,center,True,drift
2025-01-19 19:00:00,20.0,959.3,75.26561742278912,AWS-BHO-030,Bhopal,BHO,center,True,drift
2025-01-19 20:00:00,18.9,959.6,80.12310276916479,AWS-BHO-030,Bhopal,BHO,center,True,drift
2025-01-19 21:00:00,18.1,959.5,81.98058811554044,AWS-BHO-030,Bhopal,BHO,center,True,drift
2025-01-19 22:00:00,17.5,959.4,82.83807346191611,AWS-BHO-030,Bhopal,BHO,center,True,drift
2025-01-19 23:00:00,16.6,959.1,88.69555880829176,AWS-BHO-030,Bhopal,BHO,center,True,drift
2025-01-20 00:00:00,16.1,958.6,90.55304415466743,AWS-BHO-030,Bhopal,BHO,center,True,drift
2025-01-20 01:00:00,14.6,957.9,98.41052950104309,AWS-BHO-030,Bhopal,BHO,center,True,drift
2025-01-20 02:00:00,14.5,957.6,99.26801484741875,AWS-BHO-030,Bhopal,BHO,center,True,drift
2025-01-20 03:00:00,14.7,957.3,99.12550019379441,AWS-BHO-030,Bhopal,BHO,center,True,drift
2025-01-20 04:00:00,14.4,957.1,100.0,AWS-BHO-030,Bhopal,BHO,center,True,drift
2025-01-20 05:00:00,13.9,957.1,100.0,AWS-BHO-030,Bhopal,BHO,center,True,drift
2025-01-20 06:00:00,13.3,958.3,100.0,AWS-BHO-030,Bhopal,BHO,center,True,drift
2025-01-20 07:00:00,13.2,958.7,100.0,AWS-BHO-030,Bhopal,BHO,center,True,drift
2025-01-20 08:00:00,15.6,959.9,100.0,AWS-BHO-030,Bhopal,BHO,center,True,drift
2025-01-20 09:00:00,19.2,961.2,90.27041227204839,AWS-BHO-030,Bhopal,BHO,center,True,drift
2025-01-20 10:00:00,22.0,961.7,80.12789761842404,AWS-BHO-030,Bhopal,BHO,center,True,drift
2025-01-20 11:00:00,23.9,961.3,72.9853829647997,AWS-BHO-030,Bhopal,BHO,center,True,drift
2025-01-20 12:00:00,25.1,960.6,41.0,AWS-BHO-030,Bhopal,BHO,center,False,
2025-01-20 13:00:00,25.8,959.5,38.0,AWS-BHO-030,Bhopal,BHO,center,False,
2025-01-20 14:00:00,26.1,958.6,38.0,AWS-BHO-030,Bhopal,BHO,center,False,
2025-01-20 15:00:00,25.9,958.2,39.0,AWS-BHO-030,Bhopal,BHO,center,False,
2025-01-20 16:00:00,25.1,957.9,41.0,AWS-BHO-030,Bhopal,BHO,center,False,
2025-01-20 17:00:00,23.4,957.9,48.0,AWS-BHO-030,Bhopal,BHO,center,False,
2025-01-20 18:00:00,21.8,957.8,58.0,AWS-BHO-030,Bhopal,BHO,center,False,
2025-01-20 19:00:00,20.2,958.2,65.0,AWS-BHO-030,Bhopal,BHO,center,False,
2025-01-20 20:00:00,19.4,958.4,67.0,AWS-BHO-030,Bhopal,BHO,center,False,
2025-01-20 21:00:00,19.0,958.5,68.0,AWS-BHO-030,Bhopal,BHO,center,False,
2025-01-20 22:00:00,18.4,958.6,80.65382852283862,AWS-BHO-030,Bhopal,BHO,center,True,drift
2025-01-20 23:00:00,17.3,958.1,85.92712392003959,AWS-BHO-030,Bhopal,BHO,center,True,drift
2025-01-21 00:00:00,16.5,957.5,90.29602867829203,AWS-BHO-030,Bhopal,BHO,center,True,drift
2025-01-21 01:00:00,16.0,956.8,91.71238436829788,AWS-BHO-030,Bhopal,BHO,center,True,drift
2025-01-21 02:00:00,15.2,956.2,95.16289542952022,AWS-BHO-030,Bhopal,BHO,center,True,drift
2025-01-21 03:00:00,14.7,956.0,97.64063734785887,AWS-BHO-030,Bhopal,BHO,center,True,drift
2025-01-21 04:00:00,14.4,955.7,100.0,AWS-BHO-030,Bhopal,BHO,center,True,drift
2025-01-21 05:00:00,13.8,955.7,100.0,AWS-BHO-030,Bhopal,BHO,center,True,drift
2025-01-21 06:00:00,13.5,963.6404773903571,100.0,AWS-BHO-030,Bhopal,BHO,center,True,drift
2025-01-21 07:00:00,13.7,964.7881779997999,100.0,AWS-BHO-030,Bhopal,BHO,center,True,drift
2025-01-21 08:00:00,16.1,966.3358786092429,94.32250918615011,AWS-BHO-030,Bhopal,BHO,center,True,drift
2025-01-21 09:00:00,19.6,967.7835792186856,80.90448026508346,AWS-BHO-030,Bhopal,BHO,center,True,drift
2025-01-21 10:00:00,22.2,968.6312798281285,74.49890169866757,AWS-BHO-030,Bhopal,BHO,center,True,drift
2025-01-21 11:00:00,24.2,968.4789804375714,68.10496750908841,AWS-BHO-030,Bhopal,BHO,center,True,drift
2025-01-21 12:00:00,25.4,968.0266810470143,61.72198265761222,AWS-BHO-030,Bhopal,BHO,center,True,drift
2025-01-21 13:00:00,26.1,967.5743816564571,60.34934084055479,AWS-BHO-030,Bhopal,BHO,center,True,drift
2025-01-21 14:00:00,26.3,966.8220822659,59.986507931877156,AWS-BHO-030,Bhopal,BHO,center,True,drift
2025-01-21 15:00:00,26.2,966.6697828753429,61.63300936892126,AWS-BHO-030,Bhopal,BHO,center,True,drift
2025-01-21 16:00:00,25.5,966.9174834847857,65.28842036288944,AWS-BHO-030,Bhopal,BHO,center,True,drift
2025-01-21 17:00:00,24.1,967.0651840942286,70.95235817808353,AWS-BHO-030,Bhopal,BHO,center,True,drift
2025-01-21 18:00:00,22.4,967.7128847036715,80.6244759557926,AWS-BHO-030,Bhopal,BHO,center,True,drift
2025-01-21 19:00:00,20.9,968.4605853131144,82.3044577113181,AWS-BHO-030,Bhopal,BHO,center,True,drift
2025-01-21 20:00:00,20.0,969.1082859225572,84.99201423557395,AWS-BHO-030,Bhopal,BHO,center,True,drift
2025-01-21 21:00:00,19.2,969.5559865320001,86.6868797036962,AWS-BHO-030,Bhopal,BHO,center,True,drift
2025-01-21 22:00:00,18.4,969.903687141443,63.0,AWS-BHO-030,Bhopal,BHO,center,True,drift
2025-01-21 23:00:00,18.0,969.5513877508859,64.0,AWS-BHO-030,Bhopal,BHO,center,True,drift
2025-01-22 00:00:00,17.0,969.3990883603287,71.0,AWS-BHO-030,Bhopal,BHO,center,True,drift
2025-01-22 01:00:00,16.1,969.3467889697715,76.0,AWS-BHO-030,Bhopal,BHO,center,True,drift
2025-01-22 02:00:00,15.7,969.0944895792145,78.0,AWS-BHO-030,Bhopal,BHO,center,True,drift
2025-01-22 03:00:00,15.3,955.0,80.0,AWS-BHO-030,Bhopal,BHO,center,False,
2025-01-22 04:00:00,21.36941828210056,947.6197708046967,67.40599185264104,AWS-BHO-030,Bhopal,BHO,center,True,unstructured_anomaly
2025-01-22 05:00:00,20.416165939404955,946.270195059776,66.86440847344369,AWS-BHO-030,Bhopal,BHO,center,True,unstructured_anomaly
2025-01-22 06:00:00,8.282485496144371,962.7548814180724,95.0,AWS-BHO-030,Bhopal,BHO,center,True,unstructured_anomaly
2025-01-22 07:00:00,20.375098266086027,948.0203194970196,95.0,AWS-BHO-030,Bhopal,BHO,center,True,unstructured_anomaly
2025-01-22 08:00:00,22.467281752693125,951.0752631331122,57.37309649300039,AWS-BHO-030,Bhopal,BHO,center,True,unstructured_anomaly
2025-01-22 09:00:00,25.984264938889886,950.4703392744318,49.370025455150596,AWS-BHO-030,Bhopal,BHO,center,True,unstructured_anomaly
2025-01-22 10:00:00,15.534037443630245,967.040938391539,41.77935558537898,AWS-BHO-030,Bhopal,BHO,center,True,unstructured_anomaly
2025-01-22 11:00:00,17.732702647390266,967.0640643214618,31.43589034236784,AWS-BHO-030,Bhopal,BHO,center,True,unstructured_anomaly
2025-01-22 12:00:00,25.8,958.1,44.0,AWS-BHO-030,Bhopal,BHO,center,False,
2025-01-22 13:00:00,26.6,957.1,43.0,AWS-BHO-030,Bhopal,BHO,center,False,
2025-01-22 14:00:00,27.3,956.1,40.0,AWS-BHO-030,Bhopal,BHO,center,False,
2025-01-22 15:00:00,27.5,955.5,37.0,AWS-BHO-030,Bhopal,BHO,center,False,
2025-01-22 16:00:00,27.1,955.5,36.0,AWS-BHO-030,Bhopal,BHO,center,False,
2025-01-22 17:00:00,25.7,955.5,40.0,AWS-BHO-030,Bhopal,BHO,center,False,
2025-01-22 18:00:00,23.1,955.8,49.0,AWS-BHO-030,Bhopal,BHO,center,False,
2025-01-22 19:00:00,21.6,956.2,55.0,AWS-BHO-030,Bhopal,BHO,center,False,
2025-01-22 20:00:00,20.1,956.7,66.0,AWS-BHO-030,Bhopal,BHO,center,False,
2025-01-22 21:00:00,18.7,956.8,80.0,AWS-BHO-030,Bhopal,BHO,center,False,
2025-01-22 22:00:00,18.0,957.0,84.0,AWS-BHO-030,Bhopal,BHO,center,False,
2025-01-22 23:00:00,17.1,956.7,87.0,AWS-BHO-030,Bhopal,BHO,center,False,
2025-01-23 00:00:00,16.8,956.5,87.0,AWS-BHO-030,Bhopal,BHO,center,False,
2025-01-23 01:00:00,16.4,956.0,88.0,AWS-BHO-030,Bhopal,BHO,center,False,
2025-01-23 02:00:00,15.9,955.2,88.0,AWS-BHO-030,Bhopal,BHO,center,False,
2025-01-23 03:00:00,15.5,954.6,88.0,AWS-BHO-030,Bhopal,BHO,center,False,
2025-01-23 04:00:00,15.2,954.7,88.0,AWS-BHO-030,Bhopal,BHO,center,False,
2025-01-23 05:00:00,14.9,954.8,88.0,AWS-BHO-030,Bhopal,BHO,center,False,
2025-01-23 06:00:00,15.5,955.8,86.0,AWS-BHO-030,Bhopal,BHO,center,False,
2025-01-23 07:00:00,15.6,956.4,84.0,AWS-BHO-030,Bhopal,BHO,center,False,
2025-01-23 08:00:00,17.5,957.6,76.0,AWS-BHO-030,Bhopal,BHO,center,False,
2025-01-23 09:00:00,20.4,958.9,65.0,AWS-BHO-030,Bhopal,BHO,center,False,
2025-01-23 10:00:00,23.5,959.5,53.0,AWS-BHO-030,Bhopal,BHO,center,False,
2025-01-23 11:00:00,18.259189830509023,959.1,43.0,AWS-BHO-030,Bhopal,BHO,center,True,drift
2025-01-23 12:00:00,19.507131959674002,958.1,38.0,AWS-BHO-030,Bhopal,BHO,center,True,drift
2025-01-23 13:00:00,20.017826871714842,957.2,38.0,AWS-BHO-030,Bhopal,BHO,center,True,drift
2025-01-23 14:00:00,20.405606235641812,956.4,37.0,AWS-BHO-030,Bhopal,BHO,center,True,drift
2025-01-23 15:00:00,20.475319230376783,956.0,35.0,AWS-BHO-030,Bhopal,BHO,center,True,drift
2025-01-23 16:00:00,19.929705507340437,955.8,35.0,AWS-BHO-030,Bhopal,BHO,center,True,drift
2025-01-23 17:00:00,18.070584501533894,955.8,41.0,AWS-BHO-030,Bhopal,BHO,center,True,drift
2025-01-23 18:00:00,15.399275554625538,955.9,54.0,AWS-BHO-030,Bhopal,BHO,center,True,drift
2025-01-23 19:00:00,14.41679061290048,956.5,53.0,AWS-BHO-030,Bhopal,BHO,center,True,drift
2025-01-23 20:00:00,13.323936860029908,957.3,56.0,AWS-BHO-030,Bhopal,BHO,center,True,drift
2025-01-23 21:00:00,11.72137707793878,958.1,63.0,AWS-BHO-030,Bhopal,BHO,center,True,drift
2025-01-23 22:00:00,10.209667768722863,957.9,72.0,AWS-BHO-030,Bhopal,BHO,center,True,drift
2025-01-23 23:00:00,8.989284565772735,957.8,78.0,AWS-BHO-030,Bhopal,BHO,center,True,drift
2025-01-24 00:00:00,7.960639905382248,957.4,82.0,AWS-BHO-030,Bhopal,BHO,center,True,drift
2025-01-24 01:00:00,6.92409574390126,957.1,85.0,AWS-BHO-030,Bhopal,BHO,center,True,drift
2025-01-24 02:00:00,5.879972971632103,956.6,90.0,AWS-BHO-030,Bhopal,BHO,center,True,drift
2025-01-24 03:00:00,5.028558548778696,956.4,93.0,AWS-BHO-030,Bhopal,BHO,center,True,drift
2025-01-24 04:00:00,4.2701110251367815,956.5,94.0,AWS-BHO-030,Bhopal,BHO,center,True,drift
2025-01-24 05:00:00,3.7048648847265397,956.8,94.0,AWS-BHO-030,Bhopal,BHO,center,True,drift
2025-01-24 06:00:00,3.2330340179196106,957.5,93.0,AWS-BHO-030,Bhopal,BHO,center,True,drift
2025-01-24 07:00:00,2.854814533649865,958.1,90.0,AWS-BHO-030,Bhopal,BHO,center,True,drift
2025-01-24 08:00:00,3.8703870643099485,959.1,82.0,AWS-BHO-030,Bhopal,BHO,center,True,drift
2025-01-24 09:00:00,5.779918674964424,960.1,71.0,AWS-BHO-030,Bhopal,BHO,center,True,drift
2025-01-24 10:00:00,7.5835644599254515,960.5,63.0,AWS-BHO-030,Bhopal,BHO,center,True,drift
2025-01-24 11:00:00,9.181468889411324,960.1,57.0,AWS-BHO-030,Bhopal,BHO,center,True,drift
2025-01-24 12:00:00,10.173766954306828,959.2,54.0,AWS-BHO-030,Bhopal,BHO,center,True,drift
2025-01-24 13:00:00,10.760585146245507,958.2,52.0,AWS-BHO-030,Bhopal,BHO,center,True,drift
2025-01-24 14:00:00,24.4,957.4,52.0,AWS-BHO-030,Bhopal,BHO,center,False,
2025-01-24 15:00:00,24.1,957.0,53.0,AWS-BHO-030,Bhopal,BHO,center,False,
2025-01-24 16:00:00,23.4,957.0,55.0,AWS-BHO-030,Bhopal,BHO,center,False,
2025-01-24 17:00:00,22.3,957.3,58.0,AWS-BHO-030,Bhopal,BHO,center,False,
2025-01-24 18:00:00,20.8,958.0,65.0,AWS-BHO-030,Bhopal,BHO,center,False,
2025-01-24 19:00:00,19.8,958.5,67.0,AWS-BHO-030,Bhopal,BHO,center,False,
2025-01-24 20:00:00,18.9,959.0,68.0,AWS-BHO-030,Bhopal,BHO,center,False,
2025-01-24 21:00:00,18.3,959.1,67.0,AWS-BHO-030,Bhopal,BHO,center,False,
2025-01-24 22:00:00,17.4,959.2,68.0,AWS-BHO-030,Bhopal,BHO,center,False,
2025-01-24 23:00:00,16.4,958.8,69.0,AWS-BHO-030,Bhopal,BHO,center,False,
2025-01-25 00:00:00,15.6,958.3,69.0,AWS-BHO-030,Bhopal,BHO,center,False,
2025-01-25 01:00:00,14.9,958.1,72.0,AWS-BHO-030,Bhopal,BHO,center,False,
2025-01-25 02:00:00,14.2,957.4,74.0,AWS-BHO-030,Bhopal,BHO,center,False,
2025-01-25 03:00:00,13.7,957.0,76.0,AWS-BHO-030,Bhopal,BHO,center,False,
2025-01-25 04:00:00,13.3,956.8,77.0,AWS-BHO-030,Bhopal,BHO,center,False,
2025-01-25 05:00:00,-40.079885488480535,957.0,78.0,AWS-BHO-030,Bhopal,BHO,center,True,sensor_fail_low
2025-01-25 06:00:00,-39.99104424323357,957.7,82.0,AWS-BHO-030,Bhopal,BHO,center,True,sensor_fail_low
2025-01-25 07:00:00,-39.925245164088054,958.3,81.0,AWS-BHO-030,Bhopal,BHO,center,True,sensor_fail_low
2025-01-25 08:00:00,-40.02830864065534,959.3,72.0,AWS-BHO-030,Bhopal,BHO,center,True,sensor_fail_low
2025-01-25 09:00:00,17.5,960.5,59.0,AWS-BHO-030,Bhopal,BHO,center,False,
2025-01-25 10:00:00,20.3,960.9,47.0,AWS-BHO-030,Bhopal,BHO,center,False,
2025-01-25 11:00:00,22.3,960.5,42.0,AWS-BHO-030,Bhopal,BHO,center,False,
2025-01-25 12:00:00,23.8,959.8,40.0,AWS-BHO-030,Bhopal,BHO,center,False,
2025-01-25 13:00:00,24.7,958.9,39.0,AWS-BHO-030,Bhopal,BHO,center,False,
2025-01-25 14:00:00,25.0,958.0,39.0,AWS-BHO-030,Bhopal,BHO,center,False,
2025-01-25 15:00:00,24.9,957.6,40.0,AWS-BHO-030,Bhopal,BHO,center,False,
2025-01-25 16:00:00,24.3,957.5,42.0,AWS-BHO-030,Bhopal,BHO,center,False,
2025-01-25 17:00:00,22.6,957.7,49.0,AWS-BHO-030,Bhopal,BHO,center,False,
2025-01-25 18:00:00,21.0,957.8,57.0,AWS-BHO-030,Bhopal,BHO,center,False,
2025-01-25 19:00:00,20.0,958.2,60.0,AWS-BHO-030,Bhopal,BHO,center,False,
2025-01-25 20:00:00,18.9,958.6,64.0,AWS-BHO-030,Bhopal,BHO,center,False,
2025-01-25 21:00:00,18.3,958.7,65.0,AWS-BHO-030,Bhopal,BHO,center,False,
2025-01-25 22:00:00,18.0,958.8,65.0,AWS-BHO-030,Bhopal,BHO,center,False,
2025-01-25 23:00:00,17.4,958.5,66.0,AWS-BHO-030,Bhopal,BHO,center,False,
2025-01-26 00:00:00,16.6,957.8,69.0,AWS-BHO-030,Bhopal,BHO,center,False,
2025-01-26 01:00:00,15.9,957.3,72.0,AWS-BHO-030,Bhopal,BHO,center,False,
2025-01-26 02:00:00,15.3,956.9,75.0,AWS-BHO-030,Bhopal,BHO,center,False,
2025-01-26 03:00:00,14.6,956.5,89.89529479649806,AWS-BHO-030,Bhopal,BHO,center,True,drift
2025-01-26 04:00:00,14.0,956.3,89.1076893719148,AWS-BHO-030,Bhopal,BHO,center,True,drift
2025-01-26 05:00:00,13.5,956.4,88.37139086433997,AWS-BHO-030,Bhopal,BHO,center,True,drift
2025-01-26 06:00:00,12.9,957.3,94.65869783804075,AWS-BHO-030,Bhopal,BHO,center,True,drift
2025-01-26 07:00:00,12.7,957.9,94.96249467846204,AWS-BHO-030,Bhopal,BHO,center,True,drift
2025-01-26 08:00:00,14.6,959.2,85.27917354495023,AWS-BHO-030,Bhopal,BHO,center,True,drift
2025-01-26 09:00:00,17.9,960.6,69.60651169336982,AWS-BHO-030,Bhopal,BHO,center,True,drift
2025-01-26 10:00:00,20.9,961.2,59.942988450018206,AWS-BHO-030,Bhopal,BHO,center,True,drift
2025-01-26 11:00:00,23.0,960.7,56.28749180250669,AWS-BHO-030,Bhopal,BHO,center,True,drift
2025-01-26 12:00:00,24.4,959.6,54.63916997642271,AWS-BHO-030,Bhopal,BHO,center,True,drift
2025-01-26 13:00:00,25.6,958.4,51.99734779957177,AWS-BHO-030,Bhopal,BHO,center,True,drift
2025-01-26 14:00:00,26.1,957.5,50.361475784015106,AWS-BHO-030,Bhopal,BHO,center,True,drift
2025-01-26 15:00:00,26.1,956.8,50.731097260976064,AWS-BHO-030,Bhopal,BHO,center,True,drift
2025-01-26 16:00:00,25.5,956.4,53.10582617256873,AWS-BHO-030,Bhopal,BHO,center,True,drift
2025-01-26 17:00:00,23.5,956.4,62.48533149905005,AWS-BHO-030,Bhopal,BHO,center,True,drift
2025-01-26 18:00:00,21.1,956.3,74.86932600055206,AWS-BHO-030,Bhopal,BHO,center,True,drift
2025-01-26 19:00:00,19.6,957.0,80.25755786667884,AWS-BHO-030,Bhopal,BHO,center,True,drift
2025-01-26 20:00:00,18.3,957.3,82.64980438619168,AWS-BHO-030,Bhopal,BHO,center,True,drift
2025-01-26 21:00:00,17.6,957.6,82.04586705686751,AWS-BHO-030,Bhopal,BHO,center,True,drift
2025-01-26 22:00:00,17.0,957.5,81.44556774536977,AWS-BHO-030,Bhopal,BHO,center,True,drift
2025-01-26 23:00:00,16.1,957.0,82.84874562782373,AWS-BHO-030,Bhopal,BHO,center,True,drift
2025-01-27 00:00:00,15.3,943.0584704180359,85.25525472098175,AWS-BHO-030,Bhopal,BHO,center,True,drift
2025-01-27 01:00:00,14.2,952.0247411836879,87.66496186707806,AWS-BHO-030,Bhopal,BHO,center,True,drift
2025-01-27 02:00:00,13.6,954.3330208518161,87.07774507203074,AWS-BHO-030,Bhopal,BHO,center,True,drift
2025-01-27 03:00:00,13.1,954.857420964213,88.49349212226821,AWS-BHO-030,Bhopal,BHO,center,True,drift
2025-01-27 04:00:00,13.5,955.3,63.0,AWS-BHO-030,Bhopal,BHO,center,False,
2025-01-27 05:00:00,13.3,955.2,64.0,AWS-BHO-030,Bhopal,BHO,center,False,
2025-01-27 06:00:00,12.5,955.9,72.0,AWS-BHO-030,Bhopal,BHO,center,False,
2025-01-27 07:00:00,21.306829635546862,957.1248088044948,100.0,AWS-BHO-030,Bhopal,BHO,center,True,multivariate_inconsistency
2025-01-27 08:00:00,23.106829635546863,957.6475916954988,100.0,AWS-BHO-030,Bhopal,BHO,center,True,multivariate_inconsistency
2025-01-27 09:00:00,26.606829635546863,958.4695022662569,93.36912998057002,AWS-BHO-030,Bhopal,BHO,center,True,multivariate_inconsistency
2025-01-27 10:00:00,30.106829635546863,959.7237650318064,72.78973938104005,AWS-BHO-030,Bhopal,BHO,center,True,multivariate_inconsistency
2025-01-27 11:00:00,32.40682963554686,958.590066957766,59.25414144298834,AWS-BHO-030,Bhopal,BHO,center,True,multivariate_inconsistency
2025-01-27 12:00:00,24.7,957.7,34.0,AWS-BHO-030,Bhopal,BHO,center,False,
2025-01-27 13:00:00,25.6,956.5,33.0,AWS-BHO-030,Bhopal,BHO,center,False,
2025-01-27 14:00:00,26.0,955.7,32.0,AWS-BHO-030,Bhopal,BHO,center,False,
2025-01-27 15:00:00,25.9,955.2,34.0,AWS-BHO-030,Bhopal,BHO,center,False,
2025-01-27 16:00:00,24.9,955.1,37.0,AWS-BHO-030,Bhopal,BHO,center,False,
2025-01-27 17:00:00,22.8,955.2,44.0,AWS-BHO-030,Bhopal,BHO,center,False,
2025-01-27 18:00:00,21.0,955.3,51.0,AWS-BHO-030,Bhopal,BHO,center,False,
2025-01-27 19:00:00,19.8,955.5,54.0,AWS-BHO-030,Bhopal,BHO,center,False,
2025-01-27 20:00:00,18.7,956.0,52.0,AWS-BHO-030,Bhopal,BHO,center,False,
2025-01-27 21:00:00,18.1,956.3,50.0,AWS-BHO-030,Bhopal,BHO,center,False,
2025-01-27 22:00:00,17.8,956.2,50.0,AWS-BHO-030,Bhopal,BHO,center,False,
2025-01-27 23:00:00,17.3,955.7,50.0,AWS-BHO-030,Bhopal,BHO,center,False,
2025-01-28 00:00:00,16.4,955.1,53.0,AWS-BHO-030,Bhopal,BHO,center,False,
2025-01-28 01:00:00,15.1,954.6,60.0,AWS-BHO-030,Bhopal,BHO,center,False,
2025-01-28 02:00:00,13.8,954.0,68.0,AWS-BHO-030,Bhopal,BHO,center,False,
2025-01-28 03:00:00,13.3,953.6,70.0,AWS-BHO-030,Bhopal,BHO,center,False,
2025-01-28 04:00:00,13.3,953.6,70.0,AWS-BHO-030,Bhopal,BHO,center,False,
2025-01-28 05:00:00,12.9,954.0,71.0,AWS-BHO-030,Bhopal,BHO,center,False,
2025-01-28 06:00:00,12.4,955.2,73.0,AWS-BHO-030,Bhopal,BHO,center,False,
2025-01-28 07:00:00,12.0,955.7,74.0,AWS-BHO-030,Bhopal,BHO,center,False,
2025-01-28 08:00:00,14.4,957.1,65.0,AWS-BHO-030,Bhopal,BHO,center,False,
2025-01-28 09:00:00,18.2,958.4,53.0,AWS-BHO-030,Bhopal,BHO,center,False,
2025-01-28 10:00:00,21.3,958.9,44.0,AWS-BHO-030,Bhopal,BHO,center,False,
2025-01-28 11:00:00,23.4,958.7,38.0,AWS-BHO-030,Bhopal,BHO,center,False,
2025-01-28 12:00:00,24.8,957.8,34.0,AWS-BHO-030,Bhopal,BHO,center,False,
2025-01-28 13:00:00,25.8,957.1,32.0,AWS-BHO-030,Bhopal,BHO,center,False,
2025-01-28 14:00:00,26.1,956.3,32.0,AWS-BHO-030,Bhopal,BHO,center,False,
2025-01-28 15:00:00,26.0,955.9,33.0,AWS-BHO-030,Bhopal,BHO,center,False,
2025-01-28 16:00:00,25.4,955.7,35.0,AWS-BHO-030,Bhopal,BHO,center,False,
2025-01-28 17:00:00,24.1,955.7,37.0,AWS-BHO-030,Bhopal,BHO,center,False,
2025-01-28 18:00:00,22.2,955.9,46.0,AWS-BHO-030,Bhopal,BHO,center,False,
2025-01-28 19:00:00,20.4,956.3,53.0,AWS-BHO-030,Bhopal,BHO,center,False,
2025-01-28 20:00:00,19.3,957.0,56.0,AWS-BHO-030,Bhopal,BHO,center,False,
2025-01-28 21:00:00,18.6,957.4,57.0,AWS-BHO-030,Bhopal,BHO,center,False,
2025-01-28 22:00:00,17.7,957.3,60.0,AWS-BHO-030,Bhopal,BHO,center,False,
2025-01-28 23:00:00,16.9,957.0,62.0,AWS-BHO-030,Bhopal,BHO,center,False,
2025-01-29 00:00:00,16.3,956.6,65.0,AWS-BHO-030,Bhopal,BHO,center,False,
2025-01-29 01:00:00,15.8,956.2,66.0,AWS-BHO-030,Bhopal,BHO,center,False,
2025-01-29 02:00:00,15.2,955.8,69.0,AWS-BHO-030,Bhopal,BHO,center,False,
2025-01-29 03:00:00,14.9,955.3,69.0,AWS-BHO-030,Bhopal,BHO,center,False,
2025-01-29 04:00:00,14.4,955.3,0.04868619165430274,AWS-BHO-030,Bhopal,BHO,center,True,sensor_fail_low
2025-01-29 05:00:00,14.4,955.4,-0.03924655229804869,AWS-BHO-030,Bhopal,BHO,center,True,sensor_fail_low
2025-01-29 06:00:00,14.2,956.3,-0.02747131892414295,AWS-BHO-030,Bhopal,BHO,center,True,sensor_fail_low
2025-01-29 07:00:00,14.1,956.3,-0.08894094564458416,AWS-BHO-030,Bhopal,BHO,center,True,sensor_fail_low
2025-01-29 08:00:00,15.9,956.3,45.0,AWS-BHO-030,Bhopal,BHO,center,True,frozen_value
2025-01-29 09:00:00,19.2,956.3,37.0,AWS-BHO-030,Bhopal,BHO,center,True,frozen_value
2025-01-29 10:00:00,22.4,956.3,33.0,AWS-BHO-030,Bhopal,BHO,center,True,frozen_value
2025-01-29 11:00:00,25.2,956.3,31.0,AWS-BHO-030,Bhopal,BHO,center,True,frozen_value
2025-01-29 12:00:00,27.1,956.3,30.0,AWS-BHO-030,Bhopal,BHO,center,True,frozen_value
2025-01-29 13:00:00,28.3,956.3,26.0,AWS-BHO-030,Bhopal,BHO,center,True,frozen_value
2025-01-29 14:00:00,28.9,956.3,26.0,AWS-BHO-030,Bhopal,BHO,center,True,frozen_value
2025-01-29 15:00:00,29.1,956.3,26.0,AWS-BHO-030,Bhopal,BHO,center,True,frozen_value
2025-01-29 16:00:00,28.6,956.3,27.0,AWS-BHO-030,Bhopal,BHO,center,True,frozen_value
2025-01-29 17:00:00,37.17142313497229,955.3656588666969,57.89943732237563,AWS-BHO-030,Bhopal,BHO,center,True,multivariate_inconsistency
2025-01-29 18:00:00,34.17142313497229,955.689371449253,82.28576666811692,AWS-BHO-030,Bhopal,BHO,center,True,multivariate_inconsistency
2025-01-29 19:00:00,32.37142313497229,956.1215373003624,98.10913783901003,AWS-BHO-030,Bhopal,BHO,center,True,multivariate_inconsistency
2025-01-29 20:00:00,21.2,956.4,66.0,AWS-BHO-030,Bhopal,BHO,center,False,
2025-01-29 21:00:00,20.3,956.6,73.0,AWS-BHO-030,Bhopal,BHO,center,False,
2025-01-29 22:00:00,19.6,956.3,77.0,AWS-BHO-030,Bhopal,BHO,center,False,
2025-01-29 23:00:00,19.0,956.0,79.0,AWS-BHO-030,Bhopal,BHO,center,False,
2025-01-30 00:00:00,18.5,955.6,81.0,AWS-BHO-030,Bhopal,BHO,center,False,
2025-01-30 01:00:00,18.0,955.1,82.0,AWS-BHO-030,Bhopal,BHO,center,False,
2025-01-30 02:00:00,17.8,954.4,81.0,AWS-BHO-030,Bhopal,BHO,center,False,
2025-01-30 03:00:00,17.8,954.0,79.0,AWS-BHO-030,Bhopal,BHO,center,False,
2025-01-30 04:00:00,17.6,953.8,78.0,AWS-BHO-030,Bhopal,BHO,center,False,
2025-01-30 05:00:00,17.2,953.7,77.0,AWS-BHO-030,Bhopal,BHO,center,False,
2025-01-30 06:00:00,16.5,954.8,80.0,AWS-BHO-030,Bhopal,BHO,center,False,
2025-01-30 07:00:00,16.6,955.8,71.0,AWS-BHO-030,Bhopal,BHO,center,False,
2025-01-30 08:00:00,18.6,956.8,60.0,AWS-BHO-030,Bhopal,BHO,center,False,
2025-01-30 09:00:00,21.6,957.7,50.0,AWS-BHO-030,Bhopal,BHO,center,False,
2025-01-30 10:00:00,24.7,958.3,39.0,AWS-BHO-030,Bhopal,BHO,center,False,
2025-01-30 11:00:00,26.9,958.0,28.0,AWS-BHO-030,Bhopal,BHO,center,False,
2025-01-30 12:00:00,28.3,957.1,20.0,AWS-BHO-030,Bhopal,BHO,center,False,
2025-01-30 13:00:00,28.9,956.0,16.0,AWS-BHO-030,Bhopal,BHO,center,False,
2025-01-30 14:00:00,29.0,955.0,16.0,AWS-BHO-030,Bhopal,BHO,center,False,
2025-01-30 15:00:00,28.7,954.5,19.0,AWS-BHO-030,Bhopal,BHO,center,False,
2025-01-30 16:00:00,27.9,954.3,22.0,AWS-BHO-030,Bhopal,BHO,center,False,
2025-01-30 17:00:00,26.4,954.2,26.0,AWS-BHO-030,Bhopal,BHO,center,False,
2025-01-30 18:00:00,24.8,954.1,31.0,AWS-BHO-030,Bhopal,BHO,center,False,
2025-01-30 19:00:00,22.8,954.0,36.0,AWS-BHO-030,Bhopal,BHO,center,False,
2025-01-30 20:00:00,20.9,954.7,46.0,AWS-BHO-030,Bhopal,BHO,center,False,
2025-01-30 21:00:00,19.9,955.0,55.0,AWS-BHO-030,Bhopal,BHO,center,False,
2025-01-30 22:00:00,20.0,955.1,55.0,AWS-BHO-030,Bhopal,BHO,center,False,
2025-01-30 23:00:00,19.1,954.6,57.0,AWS-BHO-030,Bhopal,BHO,center,False,
2025-01-31 00:00:00,27.238162747943086,954.3083157123416,100.0,AWS-BHO-030,Bhopal,BHO,center,True,multivariate_inconsistency
2025-01-31 01:00:00,26.538162747943083,952.6363977104731,100.0,AWS-BHO-030,Bhopal,BHO,center,True,multivariate_inconsistency
2025-01-31 02:00:00,26.838162747943084,953.0453951538497,98.16180961499941,AWS-BHO-030,Bhopal,BHO,center,True,multivariate_inconsistency
2025-01-31 03:00:00,17.4,952.9,54.0,AWS-BHO-030,Bhopal,BHO,center,False,
2025-01-31 04:00:00,16.6,952.7,54.0,AWS-BHO-030,Bhopal,BHO,center,False,
2025-01-31 05:00:00,16.2,953.1,54.0,AWS-BHO-030,Bhopal,BHO,center,False,
2025-01-31 06:00:00,15.8,953.9,59.0,AWS-BHO-030,Bhopal,BHO,center,False,
2025-01-31 07:00:00,15.7,954.6,59.0,AWS-BHO-030,Bhopal,BHO,center,False,
2025-01-31 08:00:00,17.7,956.1,54.0,AWS-BHO-030,Bhopal,BHO,center,False,
2025-01-31 09:00:00,20.9,957.6,45.0,AWS-BHO-030,Bhopal,BHO,center,False,
2025-01-31 10:00:00,23.8,958.1,37.0,AWS-BHO-030,Bhopal,BHO,center,False,
2025-01-31 11:00:00,25.9,957.6,30.0,AWS-BHO-030,Bhopal,BHO,center,False,
2025-01-31 12:00:00,27.0,956.9,28.0,AWS-BHO-030,Bhopal,BHO,center,False,
2025-01-31 13:00:00,27.8,955.9,28.0,AWS-BHO-030,Bhopal,BHO,center,False,
2025-01-31 14:00:00,28.5,955.1,26.0,AWS-BHO-030,Bhopal,BHO,center,False,
2025-01-31 15:00:00,28.3,954.5,27.0,AWS-BHO-030,Bhopal,BHO,center,False,
2025-01-31 16:00:00,27.6,954.4,30.0,AWS-BHO-030,Bhopal,BHO,center,False,
2025-01-31 17:00:00,25.8,954.3,36.0,AWS-BHO-030,Bhopal,BHO,center,False,
2025-01-31 18:00:00,23.4,954.4,46.0,AWS-BHO-030,Bhopal,BHO,center,False,
2025-01-31 19:00:00,22.2,954.9,50.0,AWS-BHO-030,Bhopal,BHO,center,False,
2025-01-31 20:00:00,21.4,955.4,55.0,AWS-BHO-030,Bhopal,BHO,center,False,
2025-01-31 21:00:00,20.9,955.7,57.0,AWS-BHO-030,Bhopal,BHO,center,False,
2025-01-31 22:00:00,20.4,955.8,58.0,AWS-BHO-030,Bhopal,BHO,center,False,
2025-01-31 23:00:00,19.9,955.3,57.0,AWS-BHO-030,Bhopal,BHO,center,False,
2025-02-01 00:00:00,19.7,954.8,55.0,AWS-BHO-030,Bhopal,BHO,center,False,
2025-02-01 01:00:00,19.4,954.3,53.0,AWS-BHO-030,Bhopal,BHO,center,False,
2025-02-01 02:00:00,19.0,953.9,53.0,AWS-BHO-030,Bhopal,BHO,center,False,
2025-02-01 03:00:00,18.4,953.8,55.0,AWS-BHO-030,Bhopal,BHO,center,False,
2025-02-01 04:00:00,17.2,953.8,61.0,AWS-BHO-030,Bhopal,BHO,center,False,
2025-02-01 05:00:00,16.2,953.9,67.0,AWS-BHO-030,Bhopal,BHO,center,False,
2025-02-01 06:00:00,15.5,954.8,,AWS-BHO-030,Bhopal,BHO,center,True,dropout
2025-02-01 07:00:00,15.6,955.5,75.0,AWS-BHO-030,Bhopal,BHO,center,False,
2025-02-01 08:00:00,17.8,956.9,66.0,AWS-BHO-030,Bhopal,BHO,center,False,
2025-02-01 09:00:00,21.3,958.2,51.0,AWS-BHO-030,Bhopal,BHO,center,False,
2025-02-01 10:00:00,24.1,958.8,40.0,AWS-BHO-030,Bhopal,BHO,center,False,
2025-02-01 11:00:00,25.8,958.5,35.0,AWS-BHO-030,Bhopal,BHO,center,False,
2025-02-01 12:00:00,26.8,957.9,33.0,AWS-BHO-030,Bhopal,BHO,center,False,
2025-02-01 13:00:00,27.6,957.1,32.0,AWS-BHO-030,Bhopal,BHO,center,False,
2025-02-01 14:00:00,28.1,956.2,30.0,AWS-BHO-030,Bhopal,BHO,center,False,
2025-02-01 15:00:00,28.3,955.7,29.0,AWS-BHO-030,Bhopal,BHO,center,False,
2025-02-01 16:00:00,27.8,955.8,30.0,AWS-BHO-030,Bhopal,BHO,center,False,
2025-02-01 17:00:00,26.8,956.1,32.0,AWS-BHO-030,Bhopal,BHO,center,False,
2025-02-01 18:00:00,25.2,956.2,34.0,AWS-BHO-030,Bhopal,BHO,center,False,
2025-02-01 19:00:00,23.8,956.7,38.0,AWS-BHO-030,Bhopal,BHO,center,False,
2025-02-01 20:00:00,22.3,957.2,44.0,AWS-BHO-030,Bhopal,BHO,center,False,
2025-02-01 21:00:00,21.2,957.8,46.0,AWS-BHO-030,Bhopal,BHO,center,False,
2025-02-01 22:00:00,20.1,957.6,48.0,AWS-BHO-030,Bhopal,BHO,center,False,
2025-02-01 23:00:00,19.6,957.2,47.0,AWS-BHO-030,Bhopal,BHO,center,False,
2025-02-02 00:00:00,18.9,956.7,47.0,AWS-BHO-030,Bhopal,BHO,center,False,
2025-02-02 01:00:00,18.3,956.4,48.0,AWS-BHO-030,Bhopal,BHO,center,False,
2025-02-02 02:00:00,17.6,955.7,50.0,AWS-BHO-030,Bhopal,BHO,center,False,
2025-02-02 03:00:00,17.1,955.4,52.0,AWS-BHO-030,Bhopal,BHO,center,False,
2025-02-02 04:00:00,16.6,955.3,54.0,AWS-BHO-030,Bhopal,BHO,center,False,
2025-02-02 05:00:00,16.1,955.4,56.0,AWS-BHO-030,Bhopal,BHO,center,False,
2025-02-02 06:00:00,15.6,956.4,60.0,AWS-BHO-030,Bhopal,BHO,center,False,
2025-02-02 07:00:00,15.5,957.1,61.0,AWS-BHO-030,Bhopal,BHO,center,False,
2025-02-02 08:00:00,17.6,958.6,55.0,AWS-BHO-030,Bhopal,BHO,center,False,
2025-02-02 09:00:00,20.8,960.1,45.0,AWS-BHO-030,Bhopal,BHO,center,False,
2025-02-02 10:00:00,23.8,960.7,37.0,AWS-BHO-030,Bhopal,BHO,center,False,
2025-02-02 11:00:00,25.6,960.3,32.0,AWS-BHO-030,Bhopal,BHO,center,False,
2025-02-02 12:00:00,26.5,959.2,32.0,AWS-BHO-030,Bhopal,BHO,center,False,
2025-02-02 13:00:00,27.2,958.3,32.0,AWS-BHO-030,Bhopal,BHO,center,False,
2025-02-02 14:00:00,27.5,957.6,32.0,AWS-BHO-030,Bhopal,BHO,center,False,
2025-02-02 15:00:00,27.5,957.1,33.0,AWS-BHO-030,Bhopal,BHO,center,False,
2025-02-02 16:00:00,26.9,957.0,35.0,AWS-BHO-030,Bhopal,BHO,center,False,
2025-02-02 17:00:00,25.5,957.0,39.0,AWS-BHO-030,Bhopal,BHO,center,False,
2025-02-02 18:00:00,23.8,957.2,47.0,AWS-BHO-030,Bhopal,BHO,center,False,
2025-02-02 19:00:00,22.8,957.4,48.0,AWS-BHO-030,Bhopal,BHO,center,False,
2025-02-02 20:00:00,22.1,957.7,49.0,AWS-BHO-030,Bhopal,BHO,center,False,
2025-02-02 21:00:00,21.4,957.8,51.0,AWS-BHO-030,Bhopal,BHO,center,False,
2025-02-02 22:00:00,20.8,958.0,52.0,AWS-BHO-030,Bhopal,BHO,center,False,
2025-02-02 23:00:00,19.9,,55.0,AWS-BHO-030,Bhopal,BHO,center,True,dropout
2025-02-03 00:00:00,19.2,957.0,56.0,AWS-BHO-030,Bhopal,BHO,center,False,
2025-02-03 01:00:00,18.8,956.5,57.0,AWS-BHO-030,Bhopal,BHO,center,False,
2025-02-03 02:00:00,18.2,955.7,59.0,AWS-BHO-030,Bhopal,BHO,center,False,
2025-02-03 03:00:00,17.6,955.2,60.0,AWS-BHO-030,Bhopal,BHO,center,False,
2025-02-03 04:00:00,17.1,955.0,62.0,AWS-BHO-030,Bhopal,BHO,center,False,
2025-02-03 05:00:00,16.7,955.1,64.0,AWS-BHO-030,Bhopal,BHO,center,False,
2025-02-03 06:00:00,16.9,956.2,65.0,AWS-BHO-030,Bhopal,BHO,center,False,
2025-02-03 07:00:00,16.8,956.9,67.0,AWS-BHO-030,Bhopal,BHO,center,False,
2025-02-03 08:00:00,18.8,958.0,60.0,AWS-BHO-030,Bhopal,BHO,center,False,
2025-02-03 09:00:00,21.7,959.2,52.0,AWS-BHO-030,Bhopal,BHO,center,False,
2025-02-03 10:00:00,24.6,959.8,46.0,AWS-BHO-030,Bhopal,BHO,center,False,
2025-02-03 11:00:00,26.9,959.3,42.0,AWS-BHO-030,Bhopal,BHO,center,False,
2025-02-03 12:00:00,28.6,958.3,41.0,AWS-BHO-030,Bhopal,BHO,center,False,
2025-02-03 13:00:00,29.7,957.1,42.0,AWS-BHO-030,Bhopal,BHO,center,False,
2025-02-03 14:00:00,31.0,956.3,35.0,AWS-BHO-030,Bhopal,BHO,center,False,
2025-02-03 15:00:00,31.2,955.9,31.0,AWS-BHO-030,Bhopal,BHO,center,False,
2025-02-03 16:00:00,30.5,955.9,34.0,AWS-BHO-030,Bhopal,BHO,center,False,
2025-02-03 17:00:00,29.0,956.0,39.0,AWS-BHO-030,Bhopal,BHO,center,False,
2025-02-03 18:00:00,26.8,956.7,49.0,AWS-BHO-030,Bhopal,BHO,center,False,
2025-02-03 19:00:00,25.7,957.1,52.0,AWS-BHO-030,Bhopal,BHO,center,False,
2025-02-03 20:00:00,24.9,957.6,55.0,AWS-BHO-030,Bhopal,BHO,center,False,
2025-02-03 21:00:00,24.2,957.8,57.0,AWS-BHO-030,Bhopal,BHO,center,False,
2025-02-03 22:00:00,24.1,957.9,56.0,AWS-BHO-030,Bhopal,BHO,center,False,
2025-02-03 23:00:00,23.8,957.6,55.0,AWS-BHO-030,Bhopal,BHO,center,False,
2025-02-04 00:00:00,23.0,957.1,69.22243616298837,AWS-BHO-030,Bhopal,BHO,center,True,drift
2025-02-04 01:00:00,20.6,956.9,77.38406203890925,AWS-BHO-030,Bhopal,BHO,center,True,drift
2025-02-04 02:00:00,19.5,956.4,88.58919675216535,AWS-BHO-030,Bhopal,BHO,center,True,drift
2025-02-04 03:00:00,19.3,956.1,89.81475330607871,AWS-BHO-030,Bhopal,BHO,center,True,drift
2025-02-04 04:00:00,19.1,955.7,94.05468736662179,AWS-BHO-030,Bhopal,BHO,center,True,drift
2025-02-04 05:00:00,18.3,955.5,99.30591280462623,AWS-BHO-030,Bhopal,BHO,center,True,drift
2025-02-04 06:00:00,18.3,956.4,100.0,AWS-BHO-030,Bhopal,BHO,center,True,drift
2025-02-04 07:00:00,18.2,957.2,100.0,AWS-BHO-030,Bhopal,BHO,center,True,drift
2025-02-04 08:00:00,20.4,958.3,89.11097622533143,AWS-BHO-030,Bhopal,BHO,center,True,drift
2025-02-04 09:00:00,23.2,959.7,76.39312570140409,AWS-BHO-030,Bhopal,BHO,center,True,drift
2025-02-04 10:00:00,26.3,960.4,66.68105567043133,AWS-BHO-030,Bhopal,BHO,center,True,drift
2025-02-04 11:00:00,28.5,960.2,59.97428735540723,AWS-BHO-030,Bhopal,BHO,center,True,drift
2025-02-04 12:00:00,30.0,959.0,56.27242214116799,AWS-BHO-030,Bhopal,BHO,center,True,drift
2025-02-04 13:00:00,31.0,957.8,51.575122499515864,AWS-BHO-030,Bhopal,BHO,center,True,drift
2025-02-04 14:00:00,31.5,956.8,45.88209859145494,AWS-BHO-030,Bhopal,BHO,center,True,drift
2025-02-04 15:00:00,30.9,956.2,46.19309856666353,AWS-BHO-030,Bhopal,BHO,center,True,drift
2025-02-04 16:00:00,30.3,956.0,48.50790135847721,AWS-BHO-030,Bhopal,BHO,center,True,drift
2025-02-04 17:00:00,29.2,955.8,51.826311214840395,AWS-BHO-030,Bhopal,BHO,center,True,drift
2025-02-04 18:00:00,26.9,956.1,61.148153468424326,AWS-BHO-030,Bhopal,BHO,center,True,drift
2025-02-04 19:00:00,25.0,,76.47327121126128,AWS-BHO-030,Bhopal,BHO,center,True,dropout
2025-02-04 20:00:00,52.85518135501996,956.8,86.80152264263901,AWS-BHO-030,Bhopal,BHO,center,True,drift
2025-02-04 21:00:00,60.0,957.1,90.13277892682973,AWS-BHO-030,Bhopal,BHO,center,True,drift
2025-02-04 22:00:00,60.0,957.1,81.46692244285278,AWS-BHO-030,Bhopal,BHO,center,True,drift
2025-02-04 23:00:00,60.0,956.8,74.80384533984585,AWS-BHO-030,Bhopal,BHO,center,True,drift
2025-02-05 00:00:00,60.0,956.6,74.1434483336285,AWS-BHO-030,Bhopal,BHO,center,True,drift
2025-02-05 01:00:00,20.9,956.2,74.48563969575444,AWS-BHO-030,Bhopal,BHO,center,True,drift
2025-02-05 02:00:00,20.0,955.9,78.8303343977517,AWS-BHO-030,Bhopal,BHO,center,True,drift
2025-02-05 03:00:00,19.2,955.8,85.17745338164208,AWS-BHO-030,Bhopal,BHO,center,True,drift
2025-02-05 04:00:00,18.6,955.7,91.52692293409439,AWS-BHO-030,Bhopal,BHO,center,True,drift
2025-02-05 05:00:00,18.0,956.0,97.87867414629474,AWS-BHO-030,Bhopal,BHO,center,True,drift
2025-02-05 06:00:00,17.0,957.1,100.0,AWS-BHO-030,Bhopal,BHO,center,True,drift
2025-02-05 07:00:00,16.9,957.8,87.0,AWS-BHO-030,Bhopal,BHO,center,False,
2025-02-05 08:00:00,18.6,959.1,78.0,AWS-BHO-030,Bhopal,BHO,center,False,
2025-02-05 09:00:00,21.0,960.0,65.0,AWS-BHO-030,Bhopal,BHO,center,False,
2025-02-05 10:00:00,23.1,960.5,54.0,AWS-BHO-030,Bhopal,BHO,center,False,
2025-02-05 11:00:00,24.7,960.1,46.0,AWS-BHO-030,Bhopal,BHO,center,False,
2025-02-05 12:00:00,25.8,959.1,42.0,AWS-BHO-030,Bhopal,BHO,center,False,
2025-02-05 13:00:00,19.862000915854054,966.3802645014713,53.77422355748155,AWS-BHO-030,Bhopal,BHO,center,True,unstructured_anomaly
2025-02-05 14:00:00,21.387506099292487,965.457559898475,53.77378739878614,AWS-BHO-030,Bhopal,BHO,center,True,unstructured_anomaly
2025-02-05 15:00:00,34.04153287121262,949.9632926307547,19.71358803599312,AWS-BHO-030,Bhopal,BHO,center,True,unstructured_anomaly
2025-02-05 16:00:00,20.367719456081915,965.1274743112455,51.055738469405384,AWS-BHO-030,Bhopal,BHO,center,True,unstructured_anomaly
2025-02-05 17:00:00,32.800727586551105,948.626896417701,22.253233566383763,AWS-BHO-030,Bhopal,BHO,center,True,unstructured_anomaly
2025-02-05 18:00:00,23.4,957.3,50.0,AWS-BHO-030,Bhopal,BHO,center,False,
2025-02-05 19:00:00,22.2,958.0,55.0,AWS-BHO-030,Bhopal,BHO,center,False,
2025-02-05 20:00:00,21.2,958.5,52.0,AWS-BHO-030,Bhopal,BHO,center,False,
2025-02-05 21:00:00,20.4,959.0,51.0,AWS-BHO-030,Bhopal,BHO,center,False,
2025-02-05 22:00:00,19.5,959.1,54.0,AWS-BHO-030,Bhopal,BHO,center,False,
2025-02-05 23:00:00,18.2,959.1,57.0,AWS-BHO-030,Bhopal,BHO,center,False,
2025-02-06 00:00:00,17.3,958.7,59.0,AWS-BHO-030,Bhopal,BHO,center,False,
2025-02-06 01:00:00,16.6,958.6,59.0,AWS-BHO-030,Bhopal,BHO,center,False,
2025-02-06 02:00:00,15.9,957.9,58.0,AWS-BHO-030,Bhopal,BHO,center,False,
2025-02-06 03:00:00,15.3,957.6,55.0,AWS-BHO-030,Bhopal,BHO,center,False,
2025-02-06 04:00:00,14.6,957.7,52.0,AWS-BHO-030,Bhopal,BHO,center,False,
2025-02-06 05:00:00,14.1,957.9,49.0,AWS-BHO-030,Bhopal,BHO,center,False,
2025-02-06 06:00:00,13.1,959.0,57.0,AWS-BHO-030,Bhopal,BHO,center,False,
2025-02-06 07:00:00,13.0,959.8,55.0,AWS-BHO-030,Bhopal,BHO,center,False,
2025-02-06 08:00:00,14.6,960.9,49.0,AWS-BHO-030,Bhopal,BHO,center,False,
2025-02-06 09:00:00,16.8,961.7,41.0,AWS-BHO-030,Bhopal,BHO,center,False,
2025-02-06 10:00:00,19.1,962.3,34.0,AWS-BHO-030,Bhopal,BHO,center,False,
2025-02-06 11:00:00,20.9,962.1,30.0,AWS-BHO-030,Bhopal,BHO,center,False,
2025-02-06 12:00:00,22.2,961.4,27.0,AWS-BHO-030,Bhopal,BHO,center,False,
2025-02-06 13:00:00,23.1,960.4,25.0,AWS-BHO-030,Bhopal,BHO,center,False,
2025-02-06 14:00:00,23.4,959.3,25.0,AWS-BHO-030,Bhopal,BHO,center,False,
2025-02-06 15:00:00,23.4,958.5,25.0,AWS-BHO-030,Bhopal,BHO,center,False,
2025-02-06 16:00:00,22.8,958.2,26.0,AWS-BHO-030,Bhopal,BHO,center,False,
2025-02-06 17:00:00,21.6,958.2,29.0,AWS-BHO-030,Bhopal,BHO,center,False,
2025-02-06 18:00:00,20.0,959.0,35.0,AWS-BHO-030,Bhopal,BHO,center,False,
2025-02-06 19:00:00,19.0,959.4,39.0,AWS-BHO-030,Bhopal,BHO,center,False,
2025-02-06 20:00:00,18.5,960.1,39.0,AWS-BHO-030,Bhopal,BHO,center,False,
2025-02-06 21:00:00,17.8,960.2,40.0,AWS-BHO-030,Bhopal,BHO,center,False,
2025-02-06 22:00:00,17.0,960.1,42.0,AWS-BHO-030,Bhopal,BHO,center,False,
2025-02-06 23:00:00,16.3,960.0,44.0,AWS-BHO-030,Bhopal,BHO,center,False,
2025-02-07 00:00:00,15.4,959.6,48.0,AWS-BHO-030,Bhopal,BHO,center,False,
2025-02-07 01:00:00,14.9,958.9,50.0,AWS-BHO-030,Bhopal,BHO,center,False,
2025-02-07 02:00:00,14.6,958.3,51.0,AWS-BHO-030,Bhopal,BHO,center,False,
2025-02-07 03:00:00,14.3,958.2,52.0,AWS-BHO-030,Bhopal,BHO,center,False,
2025-02-07 04:00:00,13.8,958.3,53.0,AWS-BHO-030,Bhopal,BHO,center,False,
2025-02-07 05:00:00,13.3,958.6,55.0,AWS-BHO-030,Bhopal,BHO,center,False,
2025-02-07 06:00:00,13.0,959.8,60.0,AWS-BHO-030,Bhopal,BHO,center,False,
2025-02-07 07:00:00,12.9,960.7,58.0,AWS-BHO-030,Bhopal,BHO,center,False,
2025-02-07 08:00:00,14.4,962.1,53.0,AWS-BHO-030,Bhopal,BHO,center,False,
2025-02-07 09:00:00,16.7,963.1,45.0,AWS-BHO-030,Bhopal,BHO,center,False,
2025-02-07 10:00:00,19.0,963.6,37.0,AWS-BHO-030,Bhopal,BHO,center,False,
2025-02-07 11:00:00,21.2,963.4,27.0,AWS-BHO-030,Bhopal,BHO,center,False,
2025-02-07 12:00:00,22.8,962.3,23.0,AWS-BHO-030,Bhopal,BHO,center,False,
2025-02-07 13:00:00,23.8,961.2,22.0,AWS-BHO-030,Bhopal,BHO,center,False,
2025-02-07 14:00:00,24.4,960.1,22.0,AWS-BHO-030,Bhopal,BHO,center,False,
2025-02-07 15:00:00,24.4,959.7,22.0,AWS-BHO-030,Bhopal,BHO,center,False,
2025-02-07 16:00:00,23.8,959.4,24.0,AWS-BHO-030,Bhopal,BHO,center,False,
2025-02-07 17:00:00,22.6,959.2,28.0,AWS-BHO-030,Bhopal,BHO,center,False,
2025-02-07 18:00:00,20.8,959.4,34.0,AWS-BHO-030,Bhopal,BHO,center,False,
2025-02-07 19:00:00,19.7,959.6,36.0,AWS-BHO-030,Bhopal,BHO,center,False,
2025-02-07 20:00:00,19.0,960.2,37.0,AWS-BHO-030,Bhopal,BHO,center,False,
2025-02-07 21:00:00,18.3,960.2,38.0,AWS-BHO-030,Bhopal,BHO,center,False,
2025-02-07 22:00:00,17.7,960.0,40.0,AWS-BHO-030,Bhopal,BHO,center,False,
2025-02-07 23:00:00,17.0,959.6,42.0,AWS-BHO-030,Bhopal,BHO,center,False,
2025-02-08 00:00:00,16.3,958.9,44.0,AWS-BHO-030,Bhopal,BHO,center,False,
2025-02-08 01:00:00,15.6,958.3,47.0,AWS-BHO-030,Bhopal,BHO,center,False,
2025-02-08 02:00:00,15.0,957.6,50.0,AWS-BHO-030,Bhopal,BHO,center,False,
2025-02-08 03:00:00,14.6,957.4,51.0,AWS-BHO-030,Bhopal,BHO,center,False,
2025-02-08 04:00:00,14.1,957.2,52.0,AWS-BHO-030,Bhopal,BHO,center,False,
2025-02-08 05:00:00,13.5,957.4,52.0,AWS-BHO-030,Bhopal,BHO,center,False,
2025-02-08 06:00:00,13.0,958.2,56.0,AWS-BHO-030,Bhopal,BHO,center,False,
2025-02-08 07:00:00,12.9,959.0,55.0,AWS-BHO-030,Bhopal,BHO,center,False,
2025-02-08 08:00:00,14.7,960.3,50.0,AWS-BHO-030,Bhopal,BHO,center,False,
2025-02-08 09:00:00,18.0,961.6,40.0,AWS-BHO-030,Bhopal,BHO,center,False,
2025-02-08 10:00:00,21.3,962.3,30.0,AWS-BHO-030,Bhopal,BHO,center,False,
2025-02-08 11:00:00,23.5,961.9,25.0,AWS-BHO-030,Bhopal,BHO,center,False,
2025-02-08 12:00:00,25.2,961.1,23.0,AWS-BHO-030,Bhopal,BHO,center,False,
2025-02-08 13:00:00,26.2,960.0,23.0,AWS-BHO-030,Bhopal,BHO,center,False,
2025-02-08 14:00:00,26.7,959.1,23.0,AWS-BHO-030,Bhopal,BHO,center,False,
2025-02-08 15:00:00,26.6,958.3,24.0,AWS-BHO-030,Bhopal,BHO,center,False,
2025-02-08 16:00:00,25.9,958.3,26.0,AWS-BHO-030,Bhopal,BHO,center,False,
2025-02-08 17:00:00,24.3,958.4,30.0,AWS-BHO-030,Bhopal,BHO,center,False,
2025-02-08 18:00:00,22.5,958.3,37.0,AWS-BHO-030,Bhopal,BHO,center,False,
2025-02-08 19:00:00,21.2,958.7,37.0,AWS-BHO-030,Bhopal,BHO,center,False,
2025-02-08 20:00:00,20.1,959.3,38.0,AWS-BHO-030,Bhopal,BHO,center,False,
2025-02-08 21:00:00,19.4,959.3,38.0,AWS-BHO-030,Bhopal,BHO,center,False,
2025-02-08 22:00:00,18.8,959.2,40.0,AWS-BHO-030,Bhopal,BHO,center,False,
2025-02-08 23:00:00,17.9,959.0,43.0,AWS-BHO-030,Bhopal,BHO,center,False,
2025-02-09 00:00:00,17.5,958.2,44.0,AWS-BHO-030,Bhopal,BHO,center,False,
2025-02-09 01:00:00,17.0,957.7,44.0,AWS-BHO-030,Bhopal,BHO,center,False,
2025-02-09 02:00:00,16.2,956.9,46.0,AWS-BHO-030,Bhopal,BHO,center,False,
2025-02-09 03:00:00,15.6,956.5,49.0,AWS-BHO-030,Bhopal,BHO,center,False,
2025-02-09 04:00:00,15.2,956.4,51.0,AWS-BHO-030,Bhopal,BHO,center,False,
2025-02-09 05:00:00,15.2,956.5,52.0,AWS-BHO-030,Bhopal,BHO,center,False,
2025-02-09 06:00:00,15.0,957.3,55.0,AWS-BHO-030,Bhopal,BHO,center,False,
2025-02-09 07:00:00,15.0,957.9,55.0,AWS-BHO-030,Bhopal,BHO,center,False,
2025-02-09 08:00:00,17.4,959.1,48.0,AWS-BHO-030,Bhopal,BHO,center,False,
2025-02-09 09:00:00,20.8,960.4,39.0,AWS-BHO-030,Bhopal,BHO,center,False,
2025-02-09 10:00:00,24.2,961.0,33.0,AWS-BHO-030,Bhopal,BHO,center,False,
2025-02-09 11:00:00,26.7,960.6,29.0,AWS-BHO-030,Bhopal,BHO,center,False,
2025-02-09 12:00:00,28.1,959.5,30.0,AWS-BHO-030,Bhopal,BHO,center,False,
2025-02-09 13:00:00,28.9,958.4,31.0,AWS-BHO-030,Bhopal,BHO,center,False,
2025-02-09 14:00:00,29.3,957.3,31.0,AWS-BHO-030,Bhopal,BHO,center,False,
2025-02-09 15:00:00,29.7,956.7,31.0,AWS-BHO-030,Bhopal,BHO,center,False,
2025-02-09 16:00:00,29.6,956.4,32.0,AWS-BHO-030,Bhopal,BHO,center,False,
2025-02-09 17:00:00,28.2,956.4,36.0,AWS-BHO-030,Bhopal,BHO,center,False,
2025-02-09 18:00:00,25.5,956.6,49.0,AWS-BHO-030,Bhopal,BHO,center,False,
2025-02-09 19:00:00,24.1,957.0,55.0,AWS-BHO-030,Bhopal,BHO,center,False,
2025-02-09 20:00:00,22.7,957.6,60.0,AWS-BHO-030,Bhopal,BHO,center,False,
2025-02-09 21:00:00,21.7,957.8,64.0,AWS-BHO-030,Bhopal,BHO,center,False,
2025-02-09 22:00:00,20.6,957.8,71.0,AWS-BHO-030,Bhopal,BHO,center,False,
2025-02-09 23:00:00,20.1,957.1,76.0,AWS-BHO-030,Bhopal,BHO,center,False,
2025-02-10 00:00:00,19.7,956.7,74.0,AWS-BHO-030,Bhopal,BHO,center,False,
2025-02-10 01:00:00,19.2,956.1,75.0,AWS-BHO-030,Bhopal,BHO,center,False,
2025-02-10 02:00:00,18.7,955.6,76.0,AWS-BHO-030,Bhopal,BHO,center,False,
2025-02-10 03:00:00,18.3,955.4,77.0,AWS-BHO-030,Bhopal,BHO,center,False,
2025-02-10 04:00:00,17.7,955.0,79.0,AWS-BHO-030,Bhopal,BHO,center,False,
2025-02-10 05:00:00,17.5,955.4,79.0,AWS-BHO-030,Bhopal,BHO,center,False,
2025-02-10 06:00:00,17.0,956.5,81.0,AWS-BHO-030,Bhopal,BHO,center,False,
2025-02-10 07:00:00,17.8,957.4,76.0,AWS-BHO-030,Bhopal,BHO,center,False,
2025-02-10 08:00:00,20.7,958.9,64.0,AWS-BHO-030,Bhopal,BHO,center,False,
2025-02-10 09:00:00,24.6,960.4,52.0,AWS-BHO-030,Bhopal,BHO,center,False,
2025-02-10 10:00:00,27.4,961.2,43.0,AWS-BHO-030,Bhopal,BHO,center,False,
2025-02-10 11:00:00,29.0,960.7,39.0,AWS-BHO-030,Bhopal,BHO,center,False,
2025-02-10 12:00:00,30.3,959.8,35.0,AWS-BHO-030,Bhopal,BHO,center,False,
2025-02-10 13:00:00,31.0,958.6,30.0,AWS-BHO-030,Bhopal,BHO,center,False,
2025-02-10 14:00:00,31.3,957.6,25.0,AWS-BHO-030,Bhopal,BHO,center,False,
2025-02-10 15:00:00,31.3,957.0,22.0,AWS-BHO-030,Bhopal,BHO,center,False,
2025-02-10 16:00:00,30.6,956.9,22.0,AWS-BHO-030,Bhopal,BHO,center,False,
2025-02-10 17:00:00,29.5,956.9,25.0,AWS-BHO-030,Bhopal,BHO,center,False,
2025-02-10 18:00:00,27.4,957.1,28.0,AWS-BHO-030,Bhopal,BHO,center,False,
2025-02-10 19:00:00,26.2,957.6,24.0,AWS-BHO-030,Bhopal,BHO,center,False,
2025-02-10 20:00:00,24.6,958.4,26.0,AWS-BHO-030,Bhopal,BHO,center,False,
2025-02-10 21:00:00,22.5,958.5,32.0,AWS-BHO-030,Bhopal,BHO,center,False,
2025-02-10 22:00:00,21.2,958.7,35.0,AWS-BHO-030,Bhopal,BHO,center,False,
2025-02-10 23:00:00,20.3,958.4,39.0,AWS-BHO-030,Bhopal,BHO,center,False,
2025-02-11 00:00:00,19.8,957.7,40.0,AWS-BHO-030,Bhopal,BHO,center,False,
2025-02-11 01:00:00,18.9,956.9,43.0,AWS-BHO-030,Bhopal,BHO,center,False,
2025-02-11 02:00:00,18.8,956.3,42.0,AWS-BHO-030,Bhopal,BHO,center,False,
2025-02-11 03:00:00,17.8,955.9,46.0,AWS-BHO-030,Bhopal,BHO,center,False,
2025-02-11 04:00:00,16.9,955.7,49.0,AWS-BHO-030,Bhopal,BHO,center,False,
2025-02-11 05:00:00,16.6,955.9,52.0,AWS-BHO-030,Bhopal,BHO,center,False,
2025-02-11 06:00:00,16.6,956.8,55.0,AWS-BHO-030,Bhopal,BHO,center,False,
2025-02-11 07:00:00,17.2,957.2,59.0,AWS-BHO-030,Bhopal,BHO,center,False,
2025-02-11 08:00:00,19.6,958.4,47.0,AWS-BHO-030,Bhopal,BHO,center,False,
2025-02-11 09:00:00,23.7,959.8,38.0,AWS-BHO-030,Bhopal,BHO,center,False,
2025-02-11 10:00:00,26.7,960.6,30.0,AWS-BHO-030,Bhopal,BHO,center,False,
2025-02-11 11:00:00,28.6,960.3,24.0,AWS-BHO-030,Bhopal,BHO,center,False,
2025-02-11 12:00:00,29.9,959.5,21.0,AWS-BHO-030,Bhopal,BHO,center,False,
2025-02-11 13:00:00,30.8,958.5,19.0,AWS-BHO-030,Bhopal,BHO,center,False,
2025-02-11 14:00:00,31.1,957.6,18.0,AWS-BHO-030,Bhopal,BHO,center,False,
2025-02-11 15:00:00,30.9,956.9,16.0,AWS-BHO-030,Bhopal,BHO,center,False,
2025-02-11 16:00:00,30.2,956.7,16.0,AWS-BHO-030,Bhopal,BHO,center,False,
2025-02-11 17:00:00,28.8,956.6,19.0,AWS-BHO-030,Bhopal,BHO,center,False,
2025-02-11 18:00:00,26.9,956.5,23.0,AWS-BHO-030,Bhopal,BHO,center,False,
2025-02-11 19:00:00,24.4,956.9,31.0,AWS-BHO-030,Bhopal,BHO,center,False,
2025-02-11 20:00:00,23.0,957.5,44.0,AWS-BHO-030,Bhopal,BHO,center,False,
2025-02-11 21:00:00,22.9,957.9,44.0,AWS-BHO-030,Bhopal,BHO,center,False,
2025-02-11 22:00:00,22.3,958.1,44.0,AWS-BHO-030,Bhopal,BHO,center,False,
2025-02-11 23:00:00,20.8,957.5,48.0,AWS-BHO-030,Bhopal,BHO,center,False,
2025-02-12 00:00:00,20.5,957.0,46.0,AWS-BHO-030,Bhopal,BHO,center,False,
2025-02-12 01:00:00,20.4,956.7,41.0,AWS-BHO-030,Bhopal,BHO,center,False,
2025-02-12 02:00:00,19.9,956.3,37.0,AWS-BHO-030,Bhopal,BHO,center,False,
2025-02-12 03:00:00,19.1,955.9,38.0,AWS-BHO-030,Bhopal,BHO,center,False,
2025-02-12 04:00:00,18.4,956.2,41.0,AWS-BHO-030,Bhopal,BHO,center,False,
2025-02-12 05:00:00,17.8,956.5,44.0,AWS-BHO-030,Bhopal,BHO,center,False,
2025-02-12 06:00:00,16.7,957.5,52.0,AWS-BHO-030,Bhopal,BHO,center,False,
2025-02-12 07:00:00,16.7,958.2,54.0,AWS-BHO-030,Bhopal,BHO,center,False,
2025-02-12 08:00:00,18.9,959.2,49.0,AWS-BHO-030,Bhopal,BHO,center,False,
2025-02-12 09:00:00,22.0,960.7,41.0,AWS-BHO-030,Bhopal,BHO,center,False,
2025-02-12 10:00:00,24.9,961.2,35.0,AWS-BHO-030,Bhopal,BHO,center,False,
2025-02-12 11:00:00,27.0,960.9,29.0,AWS-BHO-030,Bhopal,BHO,center,False,
2025-02-12 12:00:00,28.3,960.1,26.0,AWS-BHO-030,Bhopal,BHO,center,False,
2025-02-12 13:00:00,29.1,959.2,24.0,AWS-BHO-030,Bhopal,BHO,center,False,
2025-02-12 14:00:00,29.6,958.1,23.0,AWS-BHO-030,Bhopal,BHO,center,False,
2025-02-12 15:00:00,29.6,957.7,22.0,AWS-BHO-030,Bhopal,BHO,center,False,
2025-02-12 16:00:00,29.0,957.7,22.0,AWS-BHO-030,Bhopal,BHO,center,False,
2025-02-12 17:00:00,27.6,957.8,24.0,AWS-BHO-030,Bhopal,BHO,center,False,
2025-02-12 18:00:00,25.8,957.9,29.0,AWS-BHO-030,Bhopal,BHO,center,False,
2025-02-12 19:00:00,24.2,958.4,32.0,AWS-BHO-030,Bhopal,BHO,center,False,
2025-02-12 20:00:00,22.8,959.2,32.0,AWS-BHO-030,Bhopal,BHO,center,False,
2025-02-12 21:00:00,22.1,959.6,30.0,AWS-BHO-030,Bhopal,BHO,center,False,
2025-02-12 22:00:00,20.9,960.0,33.0,AWS-BHO-030,Bhopal,BHO,center,False,
2025-02-12 23:00:00,20.0,959.5,36.0,AWS-BHO-030,Bhopal,BHO,center,False,
2025-02-13 00:00:00,19.1,959.0,39.0,AWS-BHO-030,Bhopal,BHO,center,False,
2025-02-13 01:00:00,18.4,958.7,41.0,AWS-BHO-030,Bhopal,BHO,center,False,
2025-02-13 02:00:00,17.6,958.1,44.0,AWS-BHO-030,Bhopal,BHO,center,False,
2025-02-13 03:00:00,-21.811365398582073,957.8,49.0,AWS-BHO-030,Bhopal,BHO,center,True,spike
2025-02-13 04:00:00,-3.4875970547883313,957.6,50.0,AWS-BHO-030,Bhopal,BHO,center,True,spike
2025-02-13 05:00:00,5.738833055251275,957.8,49.0,AWS-BHO-030,Bhopal,BHO,center,True,spike
2025-02-13 06:00:00,9.360018111504417,958.6,56.0,AWS-BHO-030,Bhopal,BHO,center,True,spike
2025-02-13 07:00:00,14.3,959.3,55.0,AWS-BHO-030,Bhopal,BHO,center,False,
2025-02-13 08:00:00,16.8,960.6,47.0,AWS-BHO-030,Bhopal,BHO,center,False,
2025-02-13 09:00:00,20.4,962.1,36.0,AWS-BHO-030,Bhopal,BHO,center,False,
2025-02-13 10:00:00,23.4,962.7,27.0,AWS-BHO-030,Bhopal,BHO,center,False,
2025-02-13 11:00:00,24.9,962.3,22.0,AWS-BHO-030,Bhopal,BHO,center,False,
2025-02-13 12:00:00,25.6,961.4,22.0,AWS-BHO-030,Bhopal,BHO,center,False,
2025-02-13 13:00:00,26.2,960.2,22.0,AWS-BHO-030,Bhopal,BHO,center,False,
2025-02-13 14:00:00,26.7,959.2,22.0,AWS-BHO-030,Bhopal,BHO,center,False,
2025-02-13 15:00:00,27.0,958.3,22.0,AWS-BHO-030,Bhopal,BHO,center,True,frozen_value
2025-02-13 16:00:00,26.8,958.3,20.0,AWS-BHO-030,Bhopal,BHO,center,True,frozen_value
2025-02-13 17:00:00,25.7,958.3,20.0,AWS-BHO-030,Bhopal,BHO,center,True,frozen_value
2025-02-13 18:00:00,23.2,958.3,30.0,AWS-BHO-030,Bhopal,BHO,center,True,frozen_value
2025-02-13 19:00:00,21.8,958.3,32.0,AWS-BHO-030,Bhopal,BHO,center,True,frozen_value
2025-02-13 20:00:00,21.1,958.3,32.0,AWS-BHO-030,Bhopal,BHO,center,True,frozen_value
2025-02-13 21:00:00,20.5,958.3,34.0,AWS-BHO-030,Bhopal,BHO,center,True,frozen_value
2025-02-13 22:00:00,20.0,958.3,37.0,AWS-BHO-030,Bhopal,BHO,center,True,frozen_value
2025-02-13 23:00:00,19.0,958.3,38.0,AWS-BHO-030,Bhopal,BHO,center,True,frozen_value
2025-02-14 00:00:00,18.1,959.0,40.0,AWS-BHO-030,Bhopal,BHO,center,False,
2025-02-14 01:00:00,17.6,958.3,41.0,AWS-BHO-030,Bhopal,BHO,center,False,
2025-02-14 02:00:00,17.0,957.5,42.0,AWS-BHO-030,Bhopal,BHO,center,False,
2025-02-14 03:00:00,15.8,956.9,47.0,AWS-BHO-030,Bhopal,BHO,center,False,
2025-02-14 04:00:00,15.3,956.7,49.0,AWS-BHO-030,Bhopal,BHO,center,False,
2025-02-14 05:00:00,14.8,956.8,51.0,AWS-BHO-030,Bhopal,BHO,center,False,
2025-02-14 06:00:00,13.6,958.0,59.0,AWS-BHO-030,Bhopal,BHO,center,False,
2025-02-14 07:00:00,14.0,958.8,58.0,AWS-BHO-030,Bhopal,BHO,center,False,
2025-02-14 08:00:00,17.0,959.9,49.0,AWS-BHO-030,Bhopal,BHO,center,False,
2025-02-14 09:00:00,27.13964912589841,954.7923912647592,17.1789740175135,AWS-BHO-030,Bhopal,BHO,center,True,unstructured_anomaly
2025-02-14 10:00:00,18.261507604495137,968.6256340202177,15.0,AWS-BHO-030,Bhopal,BHO,center,True,unstructured_anomaly
2025-02-14 11:00:00,32.44088794754063,953.1665473608704,37.947657957898855,AWS-BHO-030,Bhopal,BHO,center,True,unstructured_anomaly
2025-02-14 12:00:00,34.858784966230395,952.8749395462099,15.0,AWS-BHO-030,Bhopal,BHO,center,True,unstructured_anomaly
2025-02-14 13:00:00,22.99667296926686,967.6208481734185,29.770338641191273,AWS-BHO-030,Bhopal,BHO,center,True,unstructured_anomaly
2025-02-14 14:00:00,24.08751378278903,964.5523149071984,15.0,AWS-BHO-030,Bhopal,BHO,center,True,unstructured_anomaly
2025-02-14 15:00:00,23.96596939814928,965.0051588850807,33.50371362773278,AWS-BHO-030,Bhopal,BHO,center,True,unstructured_anomaly
2025-02-14 16:00:00,34.47603325682695,948.264450956108,15.0,AWS-BHO-030,Bhopal,BHO,center,True,unstructured_anomaly
2025-02-14 17:00:00,27.8,956.9,17.0,AWS-BHO-030,Bhopal,BHO,center,False,
2025-02-14 18:00:00,24.9,956.8,25.0,AWS-BHO-030,Bhopal,BHO,center,False,
2025-02-14 19:00:00,22.6,957.6,40.0,AWS-BHO-030,Bhopal,BHO,center,False,
2025-02-14 20:00:00,21.7,958.0,43.0,AWS-BHO-030,Bhopal,BHO,center,False,
2025-02-14 21:00:00,21.0,957.9,43.0,AWS-BHO-030,Bhopal,BHO,center,False,
2025-02-14 22:00:00,20.2,958.2,46.0,AWS-BHO-030,Bhopal,BHO,center,False,
2025-02-14 23:00:00,20.0,957.6,47.0,AWS-BHO-030,Bhopal,BHO,center,False,
2025-02-15 00:00:00,19.8,957.0,46.0,AWS-BHO-030,Bhopal,BHO,center,False,
2025-02-15 01:00:00,19.7,956.3,43.0,AWS-BHO-030,Bhopal,BHO,center,False,
2025-02-15 02:00:00,19.5,955.5,42.0,AWS-BHO-030,Bhopal,BHO,center,False,
2025-02-15 03:00:00,19.1,955.0,42.0,AWS-BHO-030,Bhopal,BHO,center,False,
2025-02-15 04:00:00,18.8,954.8,43.0,AWS-BHO-030,Bhopal,BHO,center,False,
2025-02-15 05:00:00,18.2,954.8,46.0,AWS-BHO-030,Bhopal,BHO,center,False,
2025-02-15 06:00:00,17.5,956.1,51.0,AWS-BHO-030,Bhopal,BHO,center,False,
2025-02-15 07:00:00,17.6,956.9,51.0,AWS-BHO-030,Bhopal,BHO,center,False,
2025-02-15 08:00:00,19.9,958.1,46.0,AWS-BHO-030,Bhopal,BHO,center,False,
2025-02-15 09:00:00,23.5,959.1,37.0,AWS-BHO-030,Bhopal,BHO,center,False,
2025-02-15 10:00:00,26.8,959.3,29.0,AWS-BHO-030,Bhopal,BHO,center,False,
2025-02-15 11:00:00,29.0,958.8,23.0,AWS-BHO-030,Bhopal,BHO,center,False,
2025-02-15 12:00:00,30.4,958.0,19.0,AWS-BHO-030,Bhopal,BHO,center,False,
2025-02-15 13:00:00,31.1,957.0,18.0,AWS-BHO-030,Bhopal,BHO,center,False,
2025-02-15 14:00:00,31.2,956.0,18.0,AWS-BHO-030,Bhopal,BHO,center,False,
2025-02-15 15:00:00,31.2,955.1,19.0,AWS-BHO-030,Bhopal,BHO,center,False,
2025-02-15 16:00:00,31.4,954.8,18.0,AWS-BHO-030,Bhopal,BHO,center,False,
2025-02-15 17:00:00,30.1,954.7,19.0,AWS-BHO-030,Bhopal,BHO,center,False,
2025-02-15 18:00:00,25.4,954.6,42.0,AWS-BHO-030,Bhopal,BHO,center,False,
2025-02-15 19:00:00,24.3,955.0,45.0,AWS-BHO-030,Bhopal,BHO,center,False,
2025-02-15 20:00:00,23.5,955.5,44.0,AWS-BHO-030,Bhopal,BHO,center,False,
2025-02-15 21:00:00,23.7,956.0,36.0,AWS-BHO-030,Bhopal,BHO,center,False,
2025-02-15 22:00:00,22.6,956.0,38.0,AWS-BHO-030,Bhopal,BHO,center,False,
2025-02-15 23:00:00,22.1,955.7,39.0,AWS-BHO-030,Bhopal,BHO,center,False,
2025-02-16 00:00:00,21.9,955.3,38.0,AWS-BHO-030,Bhopal,BHO,center,False,
2025-02-16 01:00:00,21.9,954.6,34.0,AWS-BHO-030,Bhopal,BHO,center,False,
2025-02-16 02:00:00,20.9,954.3,35.0,AWS-BHO-030,Bhopal,BHO,center,False,
2025-02-16 03:00:00,,954.1,38.0,AWS-BHO-030,Bhopal,BHO,center,True,dropout
2025-02-16 04:00:00,19.6,954.2,41.0,AWS-BHO-030,Bhopal,BHO,center,False,
2025-02-16 05:00:00,19.2,954.6,45.0,AWS-BHO-030,Bhopal,BHO,center,False,
2025-02-16 06:00:00,18.3,956.0,51.0,AWS-BHO-030,Bhopal,BHO,center,False,
2025-02-16 07:00:00,18.5,956.5,54.0,AWS-BHO-030,Bhopal,BHO,center,False,
2025-02-16 08:00:00,20.5,957.7,50.0,AWS-BHO-030,Bhopal,BHO,center,False,
2025-02-16 09:00:00,23.3,958.6,44.0,AWS-BHO-030,Bhopal,BHO,center,False,
2025-02-16 10:00:00,26.1,959.0,37.0,AWS-BHO-030,Bhopal,BHO,center,False,
2025-02-16 11:00:00,28.5,958.5,29.0,AWS-BHO-030,Bhopal,BHO,center,False,
2025-02-16 12:00:00,30.0,957.8,24.0,AWS-BHO-030,Bhopal,BHO,center,False,
2025-02-16 13:00:00,30.9,956.7,21.0,AWS-BHO-030,Bhopal,BHO,center,False,
2025-02-16 14:00:00,31.2,955.9,20.0,AWS-BHO-030,Bhopal,BHO,center,False,
2025-02-16 15:00:00,30.7,955.5,22.0,AWS-BHO-030,Bhopal,BHO,center,False,
2025-02-16 16:00:00,30.2,955.5,23.0,AWS-BHO-030,Bhopal,BHO,center,False,
2025-02-16 17:00:00,29.5,955.6,24.0,AWS-BHO-030,Bhopal,BHO,center,False,
2025-02-16 18:00:00,27.3,955.7,29.0,AWS-BHO-030,Bhopal,BHO,center,False,
2025-02-16 19:00:00,25.1,956.4,35.0,AWS-BHO-030,Bhopal,BHO,center,False,
2025-02-16 20:00:00,23.7,957.2,47.0,AWS-BHO-030,Bhopal,BHO,center,False,
2025-02-16 21:00:00,23.4,957.5,49.0,AWS-BHO-030,Bhopal,BHO,center,False,
2025-02-16 22:00:00,22.3,957.2,53.0,AWS-BHO-030,Bhopal,BHO,center,True,frozen_value
2025-02-16 23:00:00,22.290195802435385,957.0,54.0,AWS-BHO-030,Bhopal,BHO,center,True,frozen_value
2025-02-17 00:00:00,22.274849523273833,956.5,57.0,AWS-BHO-030,Bhopal,BHO,center,True,frozen_value
2025-02-17 01:00:00,22.27625246810286,956.4,58.0,AWS-BHO-030,Bhopal,BHO,center,True,frozen_value
2025-02-17 02:00:00,22.268077389887516,956.2,51.0,AWS-BHO-030,Bhopal,BHO,center,True,frozen_value
2025-02-17 03:00:00,22.273351477691595,956.0,50.0,AWS-BHO-030,Bhopal,BHO,center,True,frozen_value
2025-02-17 04:00:00,22.274121656598876,955.9,48.0,AWS-BHO-030,Bhopal,BHO,center,True,frozen_value
2025-02-17 05:00:00,22.29485231567505,956.0,49.0,AWS-BHO-030,Bhopal,BHO,center,True,frozen_value
2025-02-17 06:00:00,22.28650042780981,957.1,56.0,AWS-BHO-030,Bhopal,BHO,center,True,frozen_value
2025-02-17 07:00:00,22.276109023001446,957.8,57.0,AWS-BHO-030,Bhopal,BHO,center,True,frozen_value
2025-02-17 08:00:00,22.278385472529234,959.0,51.0,AWS-BHO-030,Bhopal,BHO,center,True,frozen_value
2025-02-17 09:00:00,22.260926268693023,960.0,43.0,AWS-BHO-030,Bhopal,BHO,center,True,frozen_value
2025-02-17 10:00:00,22.255622093001218,960.3,37.0,AWS-BHO-030,Bhopal,BHO,center,True,frozen_value
2025-02-17 11:00:00,28.1,960.0,34.0,AWS-BHO-030,Bhopal,BHO,center,False,
2025-02-17 12:00:00,29.4,959.4,31.0,AWS-BHO-030,Bhopal,BHO,center,False,
2025-02-17 13:00:00,30.4,958.6,28.0,AWS-BHO-030,Bhopal,BHO,center,False,
2025-02-17 14:00:00,31.0,957.6,25.0,AWS-BHO-030,Bhopal,BHO,center,False,
2025-02-17 15:00:00,31.4,957.0,22.0,AWS-BHO-030,Bhopal,BHO,center,False,
2025-02-17 16:00:00,31.3,956.7,21.0,AWS-BHO-030,Bhopal,BHO,center,False,
2025-02-17 17:00:00,30.0,957.0,22.0,AWS-BHO-030,Bhopal,BHO,center,False,
2025-02-17 18:00:00,26.8,957.4,34.0,AWS-BHO-030,Bhopal,BHO,center,False,
2025-02-17 19:00:00,25.7,957.7,40.0,AWS-BHO-030,Bhopal,BHO,center,False,
2025-02-17 20:00:00,24.7,958.3,45.0,AWS-BHO-030,Bhopal,BHO,center,False,
2025-02-17 21:00:00,23.7,958.4,48.0,AWS-BHO-030,Bhopal,BHO,center,False,
2025-02-17 22:00:00,23.0,958.6,50.0,AWS-BHO-030,Bhopal,BHO,center,False,
2025-02-17 23:00:00,22.1,958.4,52.0,AWS-BHO-030,Bhopal,BHO,center,False,
2025-02-18 00:00:00,20.9,957.6,57.0,AWS-BHO-030,Bhopal,BHO,center,False,
2025-02-18 01:00:00,19.9,957.1,62.0,AWS-BHO-030,Bhopal,BHO,center,False,
2025-02-18 02:00:00,19.2,956.3,65.0,AWS-BHO-030,Bhopal,BHO,center,False,
2025-02-18 03:00:00,18.6,956.0,69.0,AWS-BHO-030,Bhopal,BHO,center,False,
2025-02-18 04:00:00,18.5,955.8,68.0,AWS-BHO-030,Bhopal,BHO,center,False,
2025-02-18 05:00:00,18.5,956.1,64.0,AWS-BHO-030,Bhopal,BHO,center,False,
2025-02-18 06:00:00,18.2,957.4,66.0,AWS-BHO-030,Bhopal,BHO,center,False,
2025-02-18 07:00:00,18.3,958.0,64.0,AWS-BHO-030,Bhopal,BHO,center,False,
2025-02-18 08:00:00,20.5,958.8,57.0,AWS-BHO-030,Bhopal,BHO,center,False,
2025-02-18 09:00:00,23.5,959.7,0.0755332394205471,AWS-BHO-030,Bhopal,BHO,center,True,sensor_fail_low
2025-02-18 10:00:00,26.5,960.4,-0.06105196899639162,AWS-BHO-030,Bhopal,BHO,center,True,sensor_fail_low
2025-02-18 11:00:00,28.4,960.1,-0.02298075564800725,AWS-BHO-030,Bhopal,BHO,center,True,sensor_fail_low
2025-02-18 12:00:00,29.7,959.2,-0.07435812156053016,AWS-BHO-030,Bhopal,BHO,center,True,sensor_fail_low
2025-02-18 13:00:00,30.6,958.1,29.0,AWS-BHO-030,Bhopal,BHO,center,False,
2025-02-18 14:00:00,31.2,957.2,28.0,AWS-BHO-030,Bhopal,BHO,center,False,
2025-02-18 15:00:00,31.0,956.4,27.0,AWS-BHO-030,Bhopal,BHO,center,False,
2025-02-18 16:00:00,30.8,956.1,26.0,AWS-BHO-030,Bhopal,BHO,center,False,
2025-02-18 17:00:00,30.1,956.2,25.0,AWS-BHO-030,Bhopal,BHO,center,False,
2025-02-18 18:00:00,27.0,956.3,37.0,AWS-BHO-030,Bhopal,BHO,center,False,
2025-02-18 19:00:00,25.6,957.0,41.0,AWS-BHO-030,Bhopal,BHO,center,False,
2025-02-18 20:00:00,24.6,957.4,45.0,AWS-BHO-030,Bhopal,BHO,center,False,
2025-02-18 21:00:00,23.7,957.8,49.0,AWS-BHO-030,Bhopal,BHO,center,False,
2025-02-18 22:00:00,22.7,958.1,53.0,AWS-BHO-030,Bhopal,BHO,center,False,
2025-02-18 23:00:00,21.8,957.5,56.0,AWS-BHO-030,Bhopal,BHO,center,False,
2025-02-19 00:00:00,28.426012859888292,957.6327883521878,100.0,AWS-BHO-030,Bhopal,BHO,center,True,multivariate_inconsistency
2025-02-19 01:00:00,27.726012859888293,957.2988785556965,100.0,AWS-BHO-030,Bhopal,BHO,center,True,multivariate_inconsistency
2025-02-19 02:00:00,26.926012859888292,955.5920286491308,100.0,AWS-BHO-030,Bhopal,BHO,center,True,multivariate_inconsistency
2025-02-19 03:00:00,18.8,955.5,72.0,AWS-BHO-030,Bhopal,BHO,center,False,
2025-02-19 04:00:00,18.2,955.3,75.0,AWS-BHO-030,Bhopal,BHO,center,False,
2025-02-19 05:00:00,17.9,955.5,76.0,AWS-BHO-030,Bhopal,BHO,center,False,
2025-02-19 06:00:00,17.4,956.6,81.0,AWS-BHO-030,Bhopal,BHO,center,False,
2025-02-19 07:00:00,17.4,957.4,80.0,AWS-BHO-030,Bhopal,BHO,center,False,
2025-02-19 08:00:00,19.5,958.4,71.0,AWS-BHO-030,Bhopal,BHO,center,False,
2025-02-19 09:00:00,22.4,966.8560342416995,57.0,AWS-BHO-030,Bhopal,BHO,center,True,drift
2025-02-19 10:00:00,24.9,967.1035089732966,48.0,AWS-BHO-030,Bhopal,BHO,center,True,drift
2025-02-19 11:00:00,27.0,966.6776988357084,41.0,AWS-BHO-030,Bhopal,BHO,center,True,drift
2025-02-19 12:00:00,28.4,965.6670133127109,36.0,AWS-BHO-030,Bhopal,BHO,center,True,drift
2025-02-19 13:00:00,28.8,964.6678269140835,33.0,AWS-BHO-030,Bhopal,BHO,center,True,drift
2025-02-19 14:00:00,28.9,963.6781567030728,33.0,AWS-BHO-030,Bhopal,BHO,center,True,drift
2025-02-19 15:00:00,29.0,963.0967151925022,33.0,AWS-BHO-030,Bhopal,BHO,center,True,drift
2025-02-19 16:00:00,28.7,962.8225850017643,32.0,AWS-BHO-030,Bhopal,BHO,center,True,drift
2025-02-19 17:00:00,28.5,962.955072543223,32.0,AWS-BHO-030,Bhopal,BHO,center,True,drift
2025-02-19 18:00:00,26.1,963.1936312940151,41.0,AWS-BHO-030,Bhopal,BHO,center,True,drift
2025-02-19 19:00:00,24.9,963.8378172483098,43.0,AWS-BHO-030,Bhopal,BHO,center,True,drift
2025-02-19 20:00:00,24.3,964.8872610920471,47.0,AWS-BHO-030,Bhopal,BHO,center,True,drift
2025-02-19 21:00:00,23.3,965.5416498345616,49.0,AWS-BHO-030,Bhopal,BHO,center,True,drift
2025-02-19 22:00:00,22.2,965.7007141448768,55.0,AWS-BHO-030,Bhopal,BHO,center,True,drift
2025-02-19 23:00:00,22.0,965.4642193094527,55.0,AWS-BHO-030,Bhopal,BHO,center,True,drift
2025-02-20 00:00:00,21.0,965.2319585862455,59.0,AWS-BHO-030,Bhopal,BHO,center,True,drift
2025-02-20 01:00:00,20.1,965.0037481998874,62.0,AWS-BHO-030,Bhopal,BHO,center,True,drift
2025-02-20 02:00:00,19.3,964.7794234938896,66.0,AWS-BHO-030,Bhopal,BHO,center,True,drift
2025-02-20 03:00:00,18.6,964.5588359190684,68.0,AWS-BHO-030,Bhopal,BHO,center,True,drift
2025-02-20 04:00:00,18.3,964.8418506394759,68.0,AWS-BHO-030,Bhopal,BHO,center,True,drift
2025-02-20 05:00:00,17.7,965.4283446029714,71.0,AWS-BHO-030,Bhopal,BHO,center,True,drift
2025-02-20 06:00:00,17.7,966.8182049672586,74.0,AWS-BHO-030,Bhopal,BHO,center,True,drift
2025-02-20 07:00:00,18.4,967.8113278019026,71.0,AWS-BHO-030,Bhopal,BHO,center,True,drift
2025-02-20 08:00:00,20.9,969.4076170074577,62.0,AWS-BHO-030,Bhopal,BHO,center,True,drift
2025-02-20 09:00:00,23.9,970.8069834074364,51.0,AWS-BHO-030,Bhopal,BHO,center,True,drift
2025-02-20 10:00:00,26.6,971.5093439793626,41.0,AWS-BHO-030,Bhopal,BHO,center,True,drift
2025-02-20 11:00:00,28.5,971.5146211988426,33.0,AWS-BHO-030,Bhopal,BHO,center,True,drift
2025-02-20 12:00:00,30.1,970.8227424762983,24.0,AWS-BHO-030,Bhopal,BHO,center,True,drift
2025-02-20 13:00:00,30.9,970.0336396702975,20.0,AWS-BHO-030,Bhopal,BHO,center,True,drift
2025-02-20 14:00:00,31.0,957.4,19.0,AWS-BHO-030,Bhopal,BHO,center,False,
2025-02-20 15:00:00,31.2,956.8,19.0,AWS-BHO-030,Bhopal,BHO,center,False,
2025-02-20 16:00:00,31.2,956.4,19.0,AWS-BHO-030,Bhopal,BHO,center,False,
2025-02-20 17:00:00,29.7,956.4,18.0,AWS-BHO-030,Bhopal,BHO,center,False,
2025-02-20 18:00:00,27.7,957.1,20.0,AWS-BHO-030,Bhopal,BHO,center,False,
2025-02-20 19:00:00,26.4,957.6,18.0,AWS-BHO-030,Bhopal,BHO,center,False,
2025-02-20 20:00:00,24.5,958.3,19.0,AWS-BHO-030,Bhopal,BHO,center,False,
2025-02-20 21:00:00,23.1,958.6,30.0,AWS-BHO-030,Bhopal,BHO,center,False,
2025-02-20 22:00:00,22.9,958.7,42.0,AWS-BHO-030,Bhopal,BHO,center,False,
2025-02-20 23:00:00,22.2,958.3,46.0,AWS-BHO-030,Bhopal,BHO,center,False,
2025-02-21 00:00:00,21.1,958.0,50.0,AWS-BHO-030,Bhopal,BHO,center,False,
2025-02-21 01:00:00,21.3,957.5,44.0,AWS-BHO-030,Bhopal,BHO,center,False,
2025-02-21 02:00:00,20.8,957.0,37.0,AWS-BHO-030,Bhopal,BHO,center,False,
2025-02-21 03:00:00,20.0,956.9,35.0,AWS-BHO-030,Bhopal,BHO,center,False,
2025-02-21 04:00:00,19.2,957.1,37.0,AWS-BHO-030,Bhopal,BHO,center,False,
2025-02-21 05:00:00,18.6,957.5,40.0,AWS-BHO-030,Bhopal,BHO,center,False,
2025-02-21 06:00:00,18.3,958.6,45.0,AWS-BHO-030,Bhopal,BHO,center,False,
2025-02-21 07:00:00,18.7,959.5,46.0,AWS-BHO-030,Bhopal,BHO,center,False,
2025-02-21 08:00:00,21.1,960.7,43.0,AWS-BHO-030,Bhopal,BHO,center,False,
2025-02-21 09:00:00,18.59661694931857,970.463506913232,19.82638810223238,AWS-BHO-030,Bhopal,BHO,center,True,unstructured_anomaly
2025-02-21 10:00:00,32.89426761281934,953.9780293683586,15.0,AWS-BHO-030,Bhopal,BHO,center,True,unstructured_anomaly
2025-02-21 11:00:00,23.1791713691414,969.3594942277266,15.0,AWS-BHO-030,Bhopal,BHO,center,True,unstructured_anomaly
2025-02-21 12:00:00,23.21573443994035,969.5794537825358,36.464197483649045,AWS-BHO-030,Bhopal,BHO,center,True,unstructured_anomaly
2025-02-21 13:00:00,23.874097633705773,966.8443230349739,15.0,AWS-BHO-030,Bhopal,BHO,center,True,unstructured_anomaly
2025-02-21 14:00:00,37.458942009360534,951.4388837817596,33.4244209721206,AWS-BHO-030,Bhopal,BHO,center,True,unstructured_anomaly
2025-02-21 15:00:00,30.7,958.1,18.0,AWS-BHO-030,Bhopal,BHO,center,False,
2025-02-21 16:00:00,30.2,957.8,19.0,AWS-BHO-030,Bhopal,BHO,center,False,
2025-02-21 17:00:00,29.3,957.7,20.0,AWS-BHO-030,Bhopal,BHO,center,False,
2025-02-21 18:00:00,26.6,958.1,33.0,AWS-BHO-030,Bhopal,BHO,center,False,
2025-02-21 19:00:00,25.0,,33.0,AWS-BHO-030,Bhopal,BHO,center,True,dropout
2025-02-21 20:00:00,23.7,959.4,37.0,AWS-BHO-030,Bhopal,BHO,center,False,
2025-02-21 21:00:00,22.7,960.1,40.0,AWS-BHO-030,Bhopal,BHO,center,False,
2025-02-21 22:00:00,22.8,960.6,37.0,AWS-BHO-030,Bhopal,BHO,center,False,
2025-02-21 23:00:00,21.7,960.0,41.0,AWS-BHO-030,Bhopal,BHO,center,False,
2025-02-22 00:00:00,20.3,959.3,46.0,AWS-BHO-030,Bhopal,BHO,center,False,
2025-02-22 01:00:00,19.9,958.9,47.0,AWS-BHO-030,Bhopal,BHO,center,False,
2025-02-22 02:00:00,19.6,958.4,47.0,AWS-BHO-030,Bhopal,BHO,center,False,
2025-02-22 03:00:00,18.9,958.3,49.0,AWS-BHO-030,Bhopal,BHO,center,False,
2025-02-22 04:00:00,18.3,958.2,50.0,AWS-BHO-030,Bhopal,BHO,center,False,
2025-02-22 05:00:00,17.9,958.5,51.0,AWS-BHO-030,Bhopal,BHO,center,False,
2025-02-22 06:00:00,17.7,959.0,55.0,AWS-BHO-030,Bhopal,BHO,center,False,
2025-02-22 07:00:00,17.7,960.0,56.0,AWS-BHO-030,Bhopal,BHO,center,False,
2025-02-22 08:00:00,19.9,961.4,50.0,AWS-BHO-030,Bhopal,BHO,center,False,
2025-02-22 09:00:00,22.6,962.8,42.0,AWS-BHO-030,Bhopal,BHO,center,False,
2025-02-22 10:00:00,24.9,963.1,35.0,AWS-BHO-030,Bhopal,BHO,center,False,
2025-02-22 11:00:00,26.5,962.9,29.0,AWS-BHO-030,Bhopal,BHO,center,False,
2025-02-22 12:00:00,27.7,962.2,26.0,AWS-BHO-030,Bhopal,BHO,center,False,
2025-02-22 13:00:00,28.5,961.4,25.0,AWS-BHO-030,Bhopal,BHO,center,False,
2025-02-22 14:00:00,29.0,960.5,24.0,AWS-BHO-030,Bhopal,BHO,center,False,
2025-02-22 15:00:00,29.1,959.6,23.0,AWS-BHO-030,Bhopal,BHO,center,False,
2025-02-22 16:00:00,28.9,959.5,22.0,AWS-BHO-030,Bhopal,BHO,center,False,
2025-02-22 17:00:00,22.498471879191356,966.3531582742845,41.516953829175534,AWS-BHO-030,Bhopal,BHO,center,True,unstructured_anomaly
2025-02-22 18:00:00,19.15038650910335,966.827282849535,48.77969618160111,AWS-BHO-030,Bhopal,BHO,center,True,unstructured_anomaly
2025-02-22 19:00:00,30.64516837209744,952.8773537338873,55.869725740169926,AWS-BHO-030,Bhopal,BHO,center,True,unstructured_anomaly
2025-02-22 20:00:00,29.069761050216243,953.7642495372961,64.96245629584122,AWS-BHO-030,Bhopal,BHO,center,True,unstructured_anomaly
2025-02-22 21:00:00,21.4,960.8,50.0,AWS-BHO-030,Bhopal,BHO,center,False,
2025-02-22 22:00:00,20.8,960.9,51.0,AWS-BHO-030,Bhopal,BHO,center,False,
2025-02-22 23:00:00,20.0,960.6,53.0,AWS-BHO-030,Bhopal,BHO,center,False,
2025-02-23 00:00:00,19.3,959.9,58.0,AWS-BHO-030,Bhopal,BHO,center,False,
2025-02-23 01:00:00,18.6,959.3,60.0,AWS-BHO-030,Bhopal,BHO,center,False,
2025-02-23 02:00:00,17.3,958.7,64.0,AWS-BHO-030,Bhopal,BHO,center,False,
2025-02-23 03:00:00,16.9,958.6,66.0,AWS-BHO-030,Bhopal,BHO,center,False,
2025-02-23 04:00:00,16.3,958.5,67.0,AWS-BHO-030,Bhopal,BHO,center,False,
2025-02-23 05:00:00,16.1,958.8,65.0,AWS-BHO-030,Bhopal,BHO,center,False,
2025-02-23 06:00:00,15.7,959.7,68.0,AWS-BHO-030,Bhopal,BHO,center,False,
2025-02-23 07:00:00,16.0,960.8,66.0,AWS-BHO-030,Bhopal,BHO,center,False,
2025-02-23 08:00:00,19.3,962.3,54.0,AWS-BHO-030,Bhopal,BHO,center,False,
2025-02-23 09:00:00,22.7,963.3,43.0,AWS-BHO-030,Bhopal,BHO,center,False,
2025-02-23 10:00:00,25.4,963.9,35.0,AWS-BHO-030,Bhopal,BHO,center,False,
2025-02-23 11:00:00,27.2,963.4,30.0,AWS-BHO-030,Bhopal,BHO,center,False,
2025-02-23 12:00:00,28.4,962.4,27.0,AWS-BHO-030,Bhopal,BHO,center,False,
2025-02-23 13:00:00,29.1,961.4,24.0,AWS-BHO-030,Bhopal,BHO,center,False,
2025-02-23 14:00:00,29.5,960.2,23.0,AWS-BHO-030,Bhopal,BHO,center,False,
2025-02-23 15:00:00,29.7,959.2,23.0,AWS-BHO-030,Bhopal,BHO,center,False,
2025-02-23 16:00:00,29.7,958.8,20.0,AWS-BHO-030,Bhopal,BHO,center,False,
2025-02-23 17:00:00,28.8,959.1,19.0,AWS-BHO-030,Bhopal,BHO,center,False,
2025-02-23 18:00:00,25.6,959.1,32.0,AWS-BHO-030,Bhopal,BHO,center,False,
2025-02-23 19:00:00,23.8,959.7,40.0,AWS-BHO-030,Bhopal,BHO,center,False,
2025-02-23 20:00:00,22.8,960.2,44.0,AWS-BHO-030,Bhopal,BHO,center,False,
2025-02-23 21:00:00,21.9,960.6,44.0,AWS-BHO-030,Bhopal,BHO,center,False,
2025-02-23 22:00:00,21.0,960.5,46.0,AWS-BHO-030,Bhopal,BHO,center,False,
2025-02-23 23:00:00,20.6,960.2,46.0,AWS-BHO-030,Bhopal,BHO,center,False,
2025-02-24 00:00:00,20.5,959.8,45.0,AWS-BHO-030,Bhopal,BHO,center,False,
2025-02-24 01:00:00,19.5,959.5,46.0,AWS-BHO-030,Bhopal,BHO,center,False,
2025-02-24 02:00:00,18.0,959.3,50.0,AWS-BHO-030,Bhopal,BHO,center,False,
2025-02-24 03:00:00,17.0,959.2,55.0,AWS-BHO-030,Bhopal,BHO,center,False,
2025-02-24 04:00:00,16.5,959.0,57.0,AWS-BHO-030,Bhopal,BHO,center,False,
2025-02-24 05:00:00,16.0,959.5,60.0,AWS-BHO-030,Bhopal,BHO,center,False,
2025-02-24 06:00:00,15.8,960.7,66.0,AWS-BHO-030,Bhopal,BHO,center,False,
2025-02-24 07:00:00,16.2,961.7,66.0,AWS-BHO-030,Bhopal,BHO,center,False,
2025-02-24 08:00:00,19.0,963.1,57.0,AWS-BHO-030,Bhopal,BHO,center,False,
2025-02-24 09:00:00,22.2,964.1,48.0,AWS-BHO-030,Bhopal,BHO,center,False,
2025-02-24 10:00:00,25.1,964.3,40.0,AWS-BHO-030,Bhopal,BHO,center,False,
2025-02-24 11:00:00,27.4,964.0,32.0,AWS-BHO-030,Bhopal,BHO,center,False,
2025-02-24 12:00:00,28.7,963.0,27.0,AWS-BHO-030,Bhopal,BHO,center,False,
2025-02-24 13:00:00,29.3,961.8,24.0,AWS-BHO-030,Bhopal,BHO,center,False,
2025-02-24 14:00:00,29.5,960.4,24.0,AWS-BHO-030,Bhopal,BHO,center,False,
2025-02-24 15:00:00,29.4,959.8,24.0,AWS-BHO-030,Bhopal,BHO,center,False,
2025-02-24 16:00:00,28.9,959.6,25.0,AWS-BHO-030,Bhopal,BHO,center,False,
2025-02-24 17:00:00,27.6,959.9,26.0,AWS-BHO-030,Bhopal,BHO,center,False,
2025-02-24 18:00:00,25.5,960.4,30.0,AWS-BHO-030,Bhopal,BHO,center,False,
2025-02-24 19:00:00,24.6,960.9,32.0,AWS-BHO-030,Bhopal,BHO,center,False,
2025-02-24 20:00:00,24.3,961.7,33.0,AWS-BHO-030,Bhopal,BHO,center,False,
2025-02-24 21:00:00,23.3,962.2,35.0,AWS-BHO-030,Bhopal,BHO,center,False,
2025-02-24 22:00:00,21.7,962.1,40.0,AWS-BHO-030,Bhopal,BHO,center,False,
2025-02-24 23:00:00,20.3,962.0,43.0,AWS-BHO-030,Bhopal,BHO,center,False,
2025-02-25 00:00:00,28.388721874714903,960.6055351640333,83.70865260481929,AWS-BHO-030,Bhopal,BHO,center,True,multivariate_inconsistency
2025-02-25 01:00:00,27.28872187471491,961.2163178484291,91.41022833542432,AWS-BHO-030,Bhopal,BHO,center,True,multivariate_inconsistency
2025-02-25 02:00:00,26.388721874714903,959.6784251394528,100.0,AWS-BHO-030,Bhopal,BHO,center,True,multivariate_inconsistency
2025-02-25 03:00:00,17.1,959.8,55.0,AWS-BHO-030,Bhopal,BHO,center,False,
2025-02-25 04:00:00,16.7,959.8,56.0,AWS-BHO-030,Bhopal,BHO,center,False,
2025-02-25 05:00:00,16.3,960.0,57.0,AWS-BHO-030,Bhopal,BHO,center,False,
2025-02-25 06:00:00,16.1,961.2,62.0,AWS-BHO-030,Bhopal,BHO,center,False,
2025-02-25 07:00:00,16.5,961.8,61.0,AWS-BHO-030,Bhopal,BHO,center,False,
2025-02-25 08:00:00,19.2,963.4,54.0,AWS-BHO-030,Bhopal,BHO,center,False,
2025-02-25 09:00:00,22.3,964.4,44.0,AWS-BHO-030,Bhopal,BHO,center,False,
2025-02-25 10:00:00,25.0,965.2,35.0,AWS-BHO-030,Bhopal,BHO,center,False,
2025-02-25 11:00:00,27.0,964.9,29.0,AWS-BHO-030,Bhopal,BHO,center,False,
2025-02-25 12:00:00,28.3,964.1,26.0,AWS-BHO-030,Bhopal,BHO,center,False,
2025-02-25 13:00:00,29.1,962.8,24.0,AWS-BHO-030,Bhopal,BHO,center,False,
2025-02-25 14:00:00,29.5,961.8,23.0,AWS-BHO-030,Bhopal,BHO,center,False,
2025-02-25 15:00:00,29.5,961.4,22.0,AWS-BHO-030,Bhopal,BHO,center,False,
2025-02-25 16:00:00,29.2,961.2,22.0,AWS-BHO-030,Bhopal,BHO,center,False,
2025-02-25 17:00:00,28.1,961.3,24.0,AWS-BHO-030,Bhopal,BHO,center,False,
2025-02-25 18:00:00,25.8,961.9,29.0,AWS-BHO-030,Bhopal,BHO,center,False,
2025-02-25 19:00:00,24.2,962.6,33.0,AWS-BHO-030,Bhopal,BHO,center,False,
2025-02-25 20:00:00,23.1,963.1,36.0,AWS-BHO-030,Bhopal,BHO,center,False,
2025-02-25 21:00:00,22.4,963.4,37.0,AWS-BHO-030,Bhopal,BHO,center,False,
2025-02-25 22:00:00,21.6,963.3,38.0,AWS-BHO-030,Bhopal,BHO,center,False,
2025-02-25 23:00:00,20.9,963.1,39.0,AWS-BHO-030,Bhopal,BHO,center,False,
2025-02-26 00:00:00,19.7,962.6,44.0,AWS-BHO-030,Bhopal,BHO,center,False,
2025-02-26 01:00:00,18.8,961.8,49.0,AWS-BHO-030,Bhopal,BHO,center,False,
2025-02-26 02:00:00,18.1,961.2,53.0,AWS-BHO-030,Bhopal,BHO,center,False,
2025-02-26 03:00:00,17.6,960.6,55.0,AWS-BHO-030,Bhopal,BHO,center,False,
2025-02-26 04:00:00,16.8,960.2,60.0,AWS-BHO-030,Bhopal,BHO,center,False,
2025-02-26 05:00:00,16.3,960.6,62.0,AWS-BHO-030,Bhopal,BHO,center,False,
2025-02-26 06:00:00,16.4,961.8,64.0,AWS-BHO-030,Bhopal,BHO,center,False,
2025-02-26 07:00:00,16.9,962.9,64.0,AWS-BHO-030,Bhopal,BHO,center,False,
2025-02-26 08:00:00,19.5,964.4,58.0,AWS-BHO-030,Bhopal,BHO,center,False,
2025-02-26 09:00:00,22.6,965.4,49.0,AWS-BHO-030,Bhopal,BHO,center,False,
2025-02-26 10:00:00,25.6,965.9,40.0,AWS-BHO-030,Bhopal,BHO,center,False,
2025-02-26 11:00:00,27.8,965.4,32.0,AWS-BHO-030,Bhopal,BHO,center,False,
2025-02-26 12:00:00,29.2,964.2,28.0,AWS-BHO-030,Bhopal,BHO,center,False,
2025-02-26 13:00:00,30.1,963.1,25.0,AWS-BHO-030,Bhopal,BHO,center,False,
2025-02-26 14:00:00,30.5,962.0,25.0,AWS-BHO-030,Bhopal,BHO,center,False,
2025-02-26 15:00:00,30.5,961.1,24.0,AWS-BHO-030,Bhopal,BHO,center,False,
2025-02-26 16:00:00,30.1,960.6,25.0,AWS-BHO-030,Bhopal,BHO,center,False,
2025-02-26 17:00:00,28.9,960.4,29.0,AWS-BHO-030,Bhopal,BHO,center,False,
2025-02-26 18:00:00,26.1,960.5,45.0,AWS-BHO-030,Bhopal,BHO,center,False,
2025-02-26 19:00:00,25.3,960.8,49.0,AWS-BHO-030,Bhopal,BHO,center,False,
2025-02-26 20:00:00,23.3,961.4,57.0,AWS-BHO-030,Bhopal,BHO,center,False,
2025-02-26 21:00:00,22.5,961.8,58.0,AWS-BHO-030,Bhopal,BHO,center,False,
2025-02-26 22:00:00,21.4,961.8,58.0,AWS-BHO-030,Bhopal,BHO,center,False,
2025-02-26 23:00:00,20.7,961.1,57.0,AWS-BHO-030,Bhopal,BHO,center,False,
2025-02-27 00:00:00,19.9,960.6,58.0,AWS-BHO-030,Bhopal,BHO,center,False,
2025-02-27 01:00:00,10.84525670104076,959.8,63.0,AWS-BHO-030,Bhopal,BHO,center,True,drift
2025-02-27 02:00:00,10.631441416555273,959.4,56.0,AWS-BHO-030,Bhopal,BHO,center,True,drift
2025-02-27 03:00:00,10.21762613206978,958.9,53.0,AWS-BHO-030,Bhopal,BHO,center,True,drift
2025-02-27 04:00:00,8.703810847584291,958.7,60.0,AWS-BHO-030,Bhopal,BHO,center,True,drift
2025-02-27 05:00:00,7.789995563098801,959.1,62.0,AWS-BHO-030,Bhopal,BHO,center,True,drift
2025-02-27 06:00:00,7.97618027861331,960.0,62.0,AWS-BHO-030,Bhopal,BHO,center,True,drift
2025-02-27 07:00:00,8.562364994127822,960.7,58.0,AWS-BHO-030,Bhopal,BHO,center,True,drift
2025-02-27 08:00:00,10.848549709642331,962.0,53.0,AWS-BHO-030,Bhopal,BHO,center,True,drift
2025-02-27 09:00:00,13.334734425156842,962.8,47.0,AWS-BHO-030,Bhopal,BHO,center,True,drift
2025-02-27 10:00:00,16.120919140671354,962.9,39.0,AWS-BHO-030,Bhopal,BHO,center,True,drift
2025-02-27 11:00:00,18.10710385618586,962.3,31.0,AWS-BHO-030,Bhopal,BHO,center,True,drift
2025-02-27 12:00:00,19.19328857170037,961.1,28.0,AWS-BHO-030,Bhopal,BHO,center,True,drift
2025-02-27 13:00:00,19.879473287214882,959.8,25.0,AWS-BHO-030,Bhopal,BHO,center,True,drift
2025-02-27 14:00:00,20.365658002729393,958.5,21.0,AWS-BHO-030,Bhopal,BHO,center,True,drift
2025-02-27 15:00:00,20.2518427182439,957.5,19.0,AWS-BHO-030,Bhopal,BHO,center,True,drift
2025-02-27 16:00:00,19.538027433758412,957.0,19.0,AWS-BHO-030,Bhopal,BHO,center,True,drift
2025-02-27 17:00:00,17.424212149272925,956.9,27.0,AWS-BHO-030,Bhopal,BHO,center,True,drift
2025-02-27 18:00:00,14.41039686478743,957.2,32.0,AWS-BHO-030,Bhopal,BHO,center,True,drift
2025-02-27 19:00:00,12.996581580301942,957.7,34.0,AWS-BHO-030,Bhopal,BHO,center,True,drift
2025-02-27 20:00:00,11.882766295816452,958.1,35.0,AWS-BHO-030,Bhopal,BHO,center,True,drift
2025-02-27 21:00:00,10.568951011330963,958.2,39.0,AWS-BHO-030,Bhopal,BHO,center,True,drift
2025-02-27 22:00:00,24.4,958.4,40.0,AWS-BHO-030,Bhopal,BHO,center,False,
2025-02-27 23:00:00,24.1,957.8,39.0,AWS-BHO-030,Bhopal,BHO,center,False,
2025-02-28 00:00:00,23.7,957.2,40.0,AWS-BHO-030,Bhopal,BHO,center,False,
2025-02-28 01:00:00,22.9,956.7,42.0,AWS-BHO-030,Bhopal,BHO,center,False,
2025-02-28 02:00:00,21.5,956.2,49.0,AWS-BHO-030,Bhopal,BHO,center,False,
2025-02-28 03:00:00,21.4,955.4,48.0,AWS-BHO-030,Bhopal,BHO,center,False,
2025-02-28 04:00:00,21.3,955.2,49.0,AWS-BHO-030,Bhopal,BHO,center,False,
2025-02-28 05:00:00,20.6,955.1,52.0,AWS-BHO-030,Bhopal,BHO,center,False,
2025-02-28 06:00:00,20.9,956.1,52.0,AWS-BHO-030,Bhopal,BHO,center,False,
2025-02-28 07:00:00,21.5,957.1,51.0,AWS-BHO-030,Bhopal,BHO,center,False,
2025-02-28 08:00:00,24.4,958.7,47.0,AWS-BHO-030,Bhopal,BHO,center,False,
2025-02-28 09:00:00,27.6,960.0,40.0,AWS-BHO-030,Bhopal,BHO,center,False,
2025-02-28 10:00:00,30.4,960.6,,AWS-BHO-030,Bhopal,BHO,center,True,dropout
2025-02-28 11:00:00,31.9,960.3,22.0,AWS-BHO-030,Bhopal,BHO,center,False,
2025-02-28 12:00:00,32.7,959.1,22.0,AWS-BHO-030,Bhopal,BHO,center,False,
2025-02-28 13:00:00,33.3,957.7,22.0,AWS-BHO-030,Bhopal,BHO,center,False,
2025-02-28 14:00:00,33.4,956.4,22.0,AWS-BHO-030,Bhopal,BHO,center,False,
2025-02-28 15:00:00,33.4,955.6,23.0,AWS-BHO-030,Bhopal,BHO,center,False,
2025-02-28 16:00:00,32.9,955.3,23.0,AWS-BHO-030,Bhopal,BHO,center,False,
2025-02-28 17:00:00,31.6,955.3,29.0,AWS-BHO-030,Bhopal,BHO,center,False,
2025-02-28 18:00:00,28.3,955.9,34.0,AWS-BHO-030,Bhopal,BHO,center,False,
2025-02-28 19:00:00,26.8,956.2,37.0,AWS-BHO-030,Bhopal,BHO,center,False,
2025-02-28 20:00:00,26.1,957.0,38.0,AWS-BHO-030,Bhopal,BHO,center,False,
2025-02-28 21:00:00,25.7,957.4,37.0,AWS-BHO-030,Bhopal,BHO,center,False,
2025-02-28 22:00:00,25.3,957.3,39.0,AWS-BHO-030,Bhopal,BHO,center,False,
2025-02-28 23:00:00,25.0,957.0,40.0,AWS-BHO-030,Bhopal,BHO,center,False,
2025-03-01 00:00:00,24.6,956.4,43.0,AWS-BHO-030,Bhopal,BHO,center,False,
2025-03-01 01:00:00,23.2,956.1,48.0,AWS-BHO-030,Bhopal,BHO,center,False,
2025-03-01 02:00:00,22.2,955.3,51.0,AWS-BHO-030,Bhopal,BHO,center,False,
2025-03-01 03:00:00,21.3,954.7,54.0,AWS-BHO-030,Bhopal,BHO,center,False,
2025-03-01 04:00:00,21.1,954.5,51.0,AWS-BHO-030,Bhopal,BHO,center,False,
2025-03-01 05:00:00,21.2,954.8,48.0,AWS-BHO-030,Bhopal,BHO,center,False,
2025-03-01 06:00:00,20.7,956.2,53.0,AWS-BHO-030,Bhopal,BHO,center,False,
2025-03-01 07:00:00,21.0,957.0,51.0,AWS-BHO-030,Bhopal,BHO,center,False,
2025-03-01 08:00:00,23.3,958.3,47.0,AWS-BHO-030,Bhopal,BHO,center,False,
2025-03-01 09:00:00,26.2,959.3,39.0,AWS-BHO-030,Bhopal,BHO,center,False,
2025-03-01 10:00:00,28.7,959.8,33.0,AWS-BHO-030,Bhopal,BHO,center,False,
2025-03-01 11:00:00,30.5,959.5,-0.05006841973294312,AWS-BHO-030,Bhopal,BHO,center,True,sensor_fail_low
2025-03-01 12:00:00,31.6,958.3,0.016400001530819927,AWS-BHO-030,Bhopal,BHO,center,True,sensor_fail_low
2025-03-01 13:00:00,32.3,957.2,0.008688010616721127,AWS-BHO-030,Bhopal,BHO,center,True,sensor_fail_low
2025-03-01 14:00:00,31.9,956.1,0.049946100349148155,AWS-BHO-030,Bhopal,BHO,center,True,sensor_fail_low
2025-03-01 15:00:00,32.3,955.3,23.0,AWS-BHO-030,Bhopal,BHO,center,False,
2025-03-01 16:00:00,31.6,955.4,24.0,AWS-BHO-030,Bhopal,BHO,center,False,
2025-03-01 17:00:00,30.5,955.3,26.0,AWS-BHO-030,Bhopal,BHO,center,False,
2025-03-01 18:00:00,28.8,955.9,30.0,AWS-BHO-030,Bhopal,BHO,center,False,
2025-03-01 19:00:00,28.0,956.1,31.0,AWS-BHO-030,Bhopal,BHO,center,False,
2025-03-01 20:00:00,26.4,956.4,39.0,AWS-BHO-030,Bhopal,BHO,center,False,
2025-03-01 21:00:00,24.6,956.8,42.0,AWS-BHO-030,Bhopal,BHO,center,False,
2025-03-01 22:00:00,23.6,956.5,46.0,AWS-BHO-030,Bhopal,BHO,center,False,
2025-03-01 23:00:00,23.7,956.3,45.0,AWS-BHO-030,Bhopal,BHO,center,False,
2025-03-02 00:00:00,23.8,955.7,42.0,AWS-BHO-030,Bhopal,BHO,center,False,
2025-03-02 01:00:00,23.4,955.2,41.0,AWS-BHO-030,Bhopal,BHO,center,False,
2025-03-02 02:00:00,22.2,954.5,41.0,AWS-BHO-030,Bhopal,BHO,center,False,
2025-03-02 03:00:00,22.0,953.9,41.0,AWS-BHO-030,Bhopal,BHO,center,False,
2025-03-02 04:00:00,21.5,953.7,41.0,AWS-BHO-030,Bhopal,BHO,center,False,
2025-03-02 05:00:00,20.9,953.9,42.0,AWS-BHO-030,Bhopal,BHO,center,False,
2025-03-02 06:00:00,20.9,955.2,46.0,AWS-BHO-030,Bhopal,BHO,center,False,
2025-03-02 07:00:00,20.9,955.8,46.0,AWS-BHO-030,Bhopal,BHO,center,False,
2025-03-02 08:00:00,23.1,956.9,43.0,AWS-BHO-030,Bhopal,BHO,center,False,
2025-03-02 09:00:00,26.1,958.0,36.0,AWS-BHO-030,Bhopal,BHO,center,False,
2025-03-02 10:00:00,28.5,958.4,30.0,AWS-BHO-030,Bhopal,BHO,center,False,
2025-03-02 11:00:00,30.0,958.2,26.0,AWS-BHO-030,Bhopal,BHO,center,False,
2025-03-02 12:00:00,31.0,957.3,23.0,AWS-BHO-030,Bhopal,BHO,center,False,
2025-03-02 13:00:00,31.7,956.1,22.0,AWS-BHO-030,Bhopal,BHO,center,False,
2025-03-02 14:00:00,32.0,955.0,21.0,AWS-BHO-030,Bhopal,BHO,center,False,
2025-03-02 15:00:00,32.2,954.1,20.0,AWS-BHO-030,Bhopal,BHO,center,False,
2025-03-02 16:00:00,31.7,954.0,20.0,AWS-BHO-030,Bhopal,BHO,center,False,
2025-03-02 17:00:00,30.4,953.9,24.0,AWS-BHO-030,Bhopal,BHO,center,False,
2025-03-02 18:00:00,27.9,954.3,28.0,AWS-BHO-030,Bhopal,BHO,center,False,
2025-03-02 19:00:00,26.8,0.06567775740649172,32.0,AWS-BHO-030,Bhopal,BHO,center,True,sensor_fail_low
2025-03-02 20:00:00,24.6,0.05717593458960263,44.0,AWS-BHO-030,Bhopal,BHO,center,True,sensor_fail_low
2025-03-02 21:00:00,23.2,-0.05308907331540738,47.0,AWS-BHO-030,Bhopal,BHO,center,True,sensor_fail_low
2025-03-02 22:00:00,22.2,-0.015884484922003027,52.0,AWS-BHO-030,Bhopal,BHO,center,True,sensor_fail_low
2025-03-02 23:00:00,21.2,956.0,52.0,AWS-BHO-030,Bhopal,BHO,center,False,
2025-03-03 00:00:00,20.9,955.4,49.0,AWS-BHO-030,Bhopal,BHO,center,False,
2025-03-03 01:00:00,21.5,955.0,43.0,AWS-BHO-030,Bhopal,BHO,center,False,
2025-03-03 02:00:00,20.5,954.7,47.0,AWS-BHO-030,Bhopal,BHO,center,False,
2025-03-03 03:00:00,19.5,954.3,52.0,AWS-BHO-030,Bhopal,BHO,center,False,
2025-03-03 04:00:00,19.2,954.5,54.0,AWS-BHO-030,Bhopal,BHO,center,False,
2025-03-03 05:00:00,18.5,955.1,59.0,AWS-BHO-030,Bhopal,BHO,center,False,
2025-03-03 06:00:00,17.7,955.5,74.0,AWS-BHO-030,Bhopal,BHO,center,False,
2025-03-03 07:00:00,18.4,956.7,75.0,AWS-BHO-030,Bhopal,BHO,center,False,
2025-03-03 08:00:00,21.0,958.1,69.0,AWS-BHO-030,Bhopal,BHO,center,False,
2025-03-03 09:00:00,23.8,959.6,60.0,AWS-BHO-030,Bhopal,BHO,center,False,
2025-03-03 10:00:00,26.8,960.0,46.0,AWS-BHO-030,Bhopal,BHO,center,False,
2025-03-03 11:00:00,28.8,959.6,36.0,AWS-BHO-030,Bhopal,BHO,center,False,
2025-03-03 12:00:00,30.2,958.5,30.0,AWS-BHO-030,Bhopal,BHO,center,False,
2025-03-03 13:00:00,31.4,957.2,26.0,AWS-BHO-030,Bhopal,BHO,center,False,
2025-03-03 14:00:00,32.2,956.2,22.0,AWS-BHO-030,Bhopal,BHO,center,False,
2025-03-03 15:00:00,32.5,955.3,20.0,AWS-BHO-030,Bhopal,BHO,center,False,
2025-03-03 16:00:00,32.2,955.1,20.0,AWS-BHO-030,Bhopal,BHO,center,False,
2025-03-03 17:00:00,31.3,955.2,23.0,AWS-BHO-030,Bhopal,BHO,center,False,
2025-03-03 18:00:00,28.0,955.8,44.0,AWS-BHO-030,Bhopal,BHO,center,False,
2025-03-03 19:00:00,26.8,956.1,39.0,AWS-BHO-030,Bhopal,BHO,center,False,
2025-03-03 20:00:00,25.1,956.8,46.0,AWS-BHO-030,Bhopal,BHO,center,False,
2025-03-03 21:00:00,24.4,956.9,49.0,AWS-BHO-030,Bhopal,BHO,center,False,
2025-03-03 22:00:00,23.7,956.8,52.0,AWS-BHO-030,Bhopal,BHO,center,False,
2025-03-03 23:00:00,23.0,956.3,55.0,AWS-BHO-030,Bhopal,BHO,center,False,
2025-03-04 00:00:00,22.8,955.8,53.0,AWS-BHO-030,Bhopal,BHO,center,False,
2025-03-04 01:00:00,22.6,955.4,52.0,AWS-BHO-030,Bhopal,BHO,center,False,
2025-03-04 02:00:00,22.1,954.6,52.0,AWS-BHO-030,Bhopal,BHO,center,False,
2025-03-04 03:00:00,21.5,954.5,51.0,AWS-BHO-030,Bhopal,BHO,center,False,
2025-03-04 04:00:00,21.6,954.5,45.0,AWS-BHO-030,Bhopal,BHO,center,False,
2025-03-04 05:00:00,21.4,955.1,44.0,AWS-BHO-030,Bhopal,BHO,center,False,
2025-03-04 06:00:00,20.8,956.5,48.0,AWS-BHO-030,Bhopal,BHO,center,False,
2025-03-04 07:00:00,21.2,957.4,47.0,AWS-BHO-030,Bhopal,BHO,center,False,
2025-03-04 08:00:00,23.3,958.6,42.0,AWS-BHO-030,Bhopal,BHO,center,False,
2025-03-04 09:00:00,25.5,959.8,35.0,AWS-BHO-030,Bhopal,BHO,center,False,
2025-03-04 10:00:00,27.3,960.2,30.0,AWS-BHO-030,Bhopal,BHO,center,False,
2025-03-04 11:00:00,28.9,960.0,26.0,AWS-BHO-030,Bhopal,BHO,center,False,
2025-03-04 12:00:00,30.1,959.1,23.0,AWS-BHO-030,Bhopal,BHO,center,False,
2025-03-04 13:00:00,30.8,958.3,22.0,AWS-BHO-030,Bhopal,BHO,center,False,
2025-03-04 14:00:00,31.0,957.5,21.0,AWS-BHO-030,Bhopal,BHO,center,False,
2025-03-04 15:00:00,31.0,956.7,20.0,AWS-BHO-030,Bhopal,BHO,center,False,
2025-03-04 16:00:00,30.3,956.7,19.0,AWS-BHO-030,Bhopal,BHO,center,False,
2025-03-04 17:00:00,29.1,956.9,20.0,AWS-BHO-030,Bhopal,BHO,center,False,
2025-03-04 18:00:00,26.7,958.0,24.0,AWS-BHO-030,Bhopal,BHO,center,False,
2025-03-04 19:00:00,25.2,958.6,26.0,AWS-BHO-030,Bhopal,BHO,center,False,
2025-03-04 20:00:00,24.0,959.2,27.0,AWS-BHO-030,Bhopal,BHO,center,False,
2025-03-04 21:00:00,22.6,959.5,30.0,AWS-BHO-030,Bhopal,BHO,center,False,
2025-03-04 22:00:00,21.6,959.8,30.0,AWS-BHO-030,Bhopal,BHO,center,False,
2025-03-04 23:00:00,20.4,959.5,28.0,AWS-BHO-030,Bhopal,BHO,center,False,
2025-03-05 00:00:00,19.4,959.1,27.0,AWS-BHO-030,Bhopal,BHO,center,False,
2025-03-05 01:00:00,18.6,958.5,26.0,AWS-BHO-030,Bhopal,BHO,center,False,
2025-03-05 02:00:00,17.7,957.9,26.0,AWS-BHO-030,Bhopal,BHO,center,False,
2025-03-05 03:00:00,16.9,957.5,26.0,AWS-BHO-030,Bhopal,BHO,center,False,
2025-03-05 04:00:00,16.2,957.7,26.0,AWS-BHO-030,Bhopal,BHO,center,False,
2025-03-05 05:00:00,15.8,958.2,26.0,AWS-BHO-030,Bhopal,BHO,center,False,
2025-03-05 06:00:00,15.0,959.1,39.0,AWS-BHO-030,Bhopal,BHO,center,False,
2025-03-05 07:00:00,15.3,960.0,42.0,AWS-BHO-030,Bhopal,BHO,center,False,
2025-03-05 08:00:00,16.8,960.7,39.0,AWS-BHO-030,Bhopal,BHO,center,False,
2025-03-05 09:00:00,19.4,961.3,34.0,AWS-BHO-030,Bhopal,BHO,center,False,
2025-03-05 10:00:00,21.6,961.7,27.0,AWS-BHO-030,Bhopal,BHO,center,False,
2025-03-05 11:00:00,23.9,961.3,21.0,AWS-BHO-030,Bhopal,BHO,center,False,
2025-03-05 12:00:00,25.7,960.2,14.0,AWS-BHO-030,Bhopal,BHO,center,False,
2025-03-05 13:00:00,26.9,959.0,13.0,AWS-BHO-030,Bhopal,BHO,center,False,
2025-03-05 14:00:00,27.3,958.1,13.0,AWS-BHO-030,Bhopal,BHO,center,False,
2025-03-05 15:00:00,27.4,957.5,11.0,AWS-BHO-030,Bhopal,BHO,center,False,
2025-03-05 16:00:00,26.8,957.4,10.0,AWS-BHO-030,Bhopal,BHO,center,False,
2025-03-05 17:00:00,25.6,957.3,12.0,AWS-BHO-030,Bhopal,BHO,center,False,
2025-03-05 18:00:00,23.8,957.6,16.0,AWS-BHO-030,Bhopal,BHO,center,False,
2025-03-05 19:00:00,22.6,957.9,16.0,AWS-BHO-030,Bhopal,BHO,center,False,
2025-03-05 20:00:00,21.8,958.6,16.0,AWS-BHO-030,Bhopal,BHO,center,False,
2025-03-05 21:00:00,20.6,959.2,18.0,AWS-BHO-030,Bhopal,BHO,center,False,
2025-03-05 22:00:00,19.5,959.4,21.0,AWS-BHO-030,Bhopal,BHO,center,False,
2025-03-05 23:00:00,13.001255018886543,967.3784292989324,43.58167804635466,AWS-BHO-030,Bhopal,BHO,center,True,unstructured_anomaly
2025-03-06 00:00:00,11.853225949849637,967.1846806661167,15.0,AWS-BHO-030,Bhopal,BHO,center,True,unstructured_anomaly
2025-03-06 01:00:00,10.479889430173865,966.0828944014562,16.20145295936258,AWS-BHO-030,Bhopal,BHO,center,True,unstructured_anomaly
2025-03-06 02:00:00,22.939326702860505,949.1313004296568,51.553437324790636,AWS-BHO-030,Bhopal,BHO,center,True,unstructured_anomaly
2025-03-06 03:00:00,9.829298328538812,964.2077693784815,19.54067650567455,AWS-BHO-030,Bhopal,BHO,center,True,unstructured_anomaly
2025-03-06 04:00:00,15.6,956.8,40.0,AWS-BHO-030,Bhopal,BHO,center,False,
2025-03-06 05:00:00,15.0,956.7,44.0,AWS-BHO-030,Bhopal,BHO,center,False,
2025-03-06 06:00:00,14.7,957.4,49.0,AWS-BHO-030,Bhopal,BHO,center,False,
2025-03-06 07:00:00,15.7,958.3,48.0,AWS-BHO-030,Bhopal,BHO,center,False,
2025-03-06 08:00:00,19.2,959.9,43.0,AWS-BHO-030,Bhopal,BHO,center,False,
2025-03-06 09:00:00,22.6,960.9,29.0,AWS-BHO-030,Bhopal,BHO,center,False,
2025-03-06 10:00:00,24.8,961.1,20.0,AWS-BHO-030,Bhopal,BHO,center,False,
2025-03-06 11:00:00,26.5,960.6,16.0,AWS-BHO-030,Bhopal,BHO,center,False,
2025-03-06 12:00:00,28.0,960.1,14.0,AWS-BHO-030,Bhopal,BHO,center,False,
2025-03-06 13:00:00,29.2,959.2,12.0,AWS-BHO-030,Bhopal,BHO,center,False,
2025-03-06 14:00:00,29.9,958.6,10.0,AWS-BHO-030,Bhopal,BHO,center,False,
2025-03-06 15:00:00,29.8,957.9,9.0,AWS-BHO-030,Bhopal,BHO,center,False,
2025-03-06 16:00:00,29.4,957.4,9.0,AWS-BHO-030,Bhopal,BHO,center,False,
2025-03-06 17:00:00,28.3,957.0,12.0,AWS-BHO-030,Bhopal,BHO,center,False,
2025-03-06 18:00:00,25.2,957.2,25.0,AWS-BHO-030,Bhopal,BHO,center,False,
2025-03-06 19:00:00,23.3,957.3,31.0,AWS-BHO-030,Bhopal,BHO,center,False,
2025-03-06 20:00:00,22.1,957.5,34.0,AWS-BHO-030,Bhopal,BHO,center,False,
2025-03-06 21:00:00,21.2,957.5,35.0,AWS-BHO-030,Bhopal,BHO,center,False,
2025-03-06 22:00:00,19.8,957.1,38.0,AWS-BHO-030,Bhopal,BHO,center,False,
2025-03-06 23:00:00,18.8,956.6,44.0,AWS-BHO-030,Bhopal,BHO,center,False,
2025-03-07 00:00:00,18.9,956.1,42.0,AWS-BHO-030,Bhopal,BHO,center,False,
2025-03-07 01:00:00,18.1,955.7,42.0,AWS-BHO-030,Bhopal,BHO,center,False,
2025-03-07 02:00:00,17.5,955.1,38.0,AWS-BHO-030,Bhopal,BHO,center,False,
2025-03-07 03:00:00,17.1,954.9,36.0,AWS-BHO-030,Bhopal,BHO,center,False,
2025-03-07 04:00:00,16.5,954.6,36.0,AWS-BHO-030,Bhopal,BHO,center,False,
2025-03-07 05:00:00,15.8,954.7,42.0,AWS-BHO-030,Bhopal,BHO,center,False,
2025-03-07 06:00:00,15.2,955.3,45.0,AWS-BHO-030,Bhopal,BHO,center,False,
2025-03-07 07:00:00,16.4,956.4,52.0,AWS-BHO-030,Bhopal,BHO,center,False,
2025-03-07 08:00:00,19.9,958.0,37.0,AWS-BHO-030,Bhopal,BHO,center,False,
2025-03-07 09:00:00,24.3,959.2,27.0,AWS-BHO-030,Bhopal,BHO,center,False,
2025-03-07 10:00:00,27.5,959.3,19.0,AWS-BHO-030,Bhopal,BHO,center,False,
2025-03-07 11:00:00,29.5,958.9,14.0,AWS-BHO-030,Bhopal,BHO,center,False,
2025-03-07 12:00:00,30.7,957.8,13.0,AWS-BHO-030,Bhopal,BHO,center,False,
2025-03-07 13:00:00,31.6,956.5,12.0,AWS-BHO-030,Bhopal,BHO,center,False,
2025-03-07 14:00:00,32.2,955.6,12.0,AWS-BHO-030,Bhopal,BHO,center,False,
2025-03-07 15:00:00,32.3,954.6,11.0,AWS-BHO-030,Bhopal,BHO,center,False,
2025-03-07 16:00:00,31.9,954.6,12.0,AWS-BHO-030,Bhopal,BHO,center,False,
2025-03-07 17:00:00,30.9,954.2,15.0,AWS-BHO-030,Bhopal,BHO,center,False,
2025-03-07 18:00:00,27.6,953.9,25.0,AWS-BHO-030,Bhopal,BHO,center,False,
2025-03-07 19:00:00,25.3,954.2,32.0,AWS-BHO-030,Bhopal,BHO,center,False,
2025-03-07 20:00:00,23.7,954.7,33.0,AWS-BHO-030,Bhopal,BHO,center,False,
2025-03-07 21:00:00,22.9,954.9,33.0,AWS-BHO-030,Bhopal,BHO,center,False,
2025-03-07 22:00:00,22.4,954.8,32.0,AWS-BHO-030,Bhopal,BHO,center,False,
2025-03-07 23:00:00,22.7,954.5,31.0,AWS-BHO-030,Bhopal,BHO,center,False,
2025-03-08 00:00:00,22.1,954.2,33.0,AWS-BHO-030,Bhopal,BHO,center,False,
2025-03-08 01:00:00,22.0,953.7,33.0,AWS-BHO-030,Bhopal,BHO,center,False,
2025-03-08 02:00:00,20.9,952.9,35.0,AWS-BHO-030,Bhopal,BHO,center,False,
2025-03-08 03:00:00,20.2,952.2,34.0,AWS-BHO-030,Bhopal,BHO,center,False,
2025-03-08 04:00:00,20.0,951.7,33.0,AWS-BHO-030,Bhopal,BHO,center,False,
2025-03-08 05:00:00,19.7,951.9,33.0,AWS-BHO-030,Bhopal,BHO,center,False,
2025-03-08 06:00:00,19.0,952.7,38.0,AWS-BHO-030,Bhopal,BHO,center,False,
2025-03-08 07:00:00,19.9,953.5,36.0,AWS-BHO-030,Bhopal,BHO,center,False,
2025-03-08 08:00:00,23.1,955.0,34.0,AWS-BHO-030,Bhopal,BHO,center,False,
2025-03-08 09:00:00,37.247259614282285,955.4223702011401,50.7989768192176,AWS-BHO-030,Bhopal,BHO,center,True,multivariate_inconsistency
2025-03-08 10:00:00,39.94725961428228,956.6361591884469,40.744676569710094,AWS-BHO-030,Bhopal,BHO,center,True,multivariate_inconsistency
2025-03-08 11:00:00,41.747259614282285,956.0583862352081,32.832105890289725,AWS-BHO-030,Bhopal,BHO,center,True,multivariate_inconsistency
2025-03-08 12:00:00,42.647259614282284,955.166439513221,28.903183211643967,AWS-BHO-030,Bhopal,BHO,center,True,multivariate_inconsistency
2025-03-08 13:00:00,43.147259614282284,954.1189910805491,28.866508185966715,AWS-BHO-030,Bhopal,BHO,center,True,multivariate_inconsistency
2025-03-08 14:00:00,32.8,953.5,15.0,AWS-BHO-030,Bhopal,BHO,center,False,
2025-03-08 15:00:00,32.6,953.0,15.0,AWS-BHO-030,Bhopal,BHO,center,False,
2025-03-08 16:00:00,32.2,952.8,16.0,AWS-BHO-030,Bhopal,BHO,center,False,
2025-03-08 17:00:00,31.2,952.9,18.0,AWS-BHO-030,Bhopal,BHO,center,False,
2025-03-08 18:00:00,27.4,953.0,28.0,AWS-BHO-030,Bhopal,BHO,center,False,
2025-03-08 19:00:00,26.0,953.5,29.0,AWS-BHO-030,Bhopal,BHO,center,False,
2025-03-08 20:00:00,24.4,954.1,32.0,AWS-BHO-030,Bhopal,BHO,center,False,
2025-03-08 21:00:00,23.9,954.4,31.0,AWS-BHO-030,Bhopal,BHO,center,False,
2025-03-08 22:00:00,23.3,954.6,28.0,AWS-BHO-030,Bhopal,BHO,center,False,
2025-03-08 23:00:00,21.8,954.8,26.0,AWS-BHO-030,Bhopal,BHO,center,False,
2025-03-09 00:00:00,20.6,954.4,33.0,AWS-BHO-030,Bhopal,BHO,center,False,
2025-03-09 01:00:00,19.4,954.3,41.0,AWS-BHO-030,Bhopal,BHO,center,False,
2025-03-09 02:00:00,25.577356344114676,952.7712765558421,83.75924103770075,AWS-BHO-030,Bhopal,BHO,center,True,multivariate_inconsistency
2025-03-09 03:00:00,25.477356344114675,952.9911835149534,75.56541082582092,AWS-BHO-030,Bhopal,BHO,center,True,multivariate_inconsistency
2025-03-09 04:00:00,25.577356344114676,953.7637856031408,72.26287462076142,AWS-BHO-030,Bhopal,BHO,center,True,multivariate_inconsistency
2025-03-09 05:00:00,25.277356344114676,953.8511010399862,73.95767059837387,AWS-BHO-030,Bhopal,BHO,center,True,multivariate_inconsistency
2025-03-09 06:00:00,25.377356344114673,955.0774125561073,82.1557449689096,AWS-BHO-030,Bhopal,BHO,center,True,multivariate_inconsistency
2025-03-09 07:00:00,19.1,955.8,49.0,AWS-BHO-030,Bhopal,BHO,center,False,
2025-03-09 08:00:00,22.0,957.3,44.0,AWS-BHO-030,Bhopal,BHO,center,False,
2025-03-09 09:00:00,25.7,958.4,36.0,AWS-BHO-030,Bhopal,BHO,center,False,
2025-03-09 10:00:00,29.0,958.8,28.0,AWS-BHO-030,Bhopal,BHO,center,False,
2025-03-09 11:00:00,31.0,958.9,21.0,AWS-BHO-030,Bhopal,BHO,center,False,
2025-03-09 12:00:00,32.2,957.9,18.0,AWS-BHO-030,Bhopal,BHO,center,False,
2025-03-09 13:00:00,32.9,957.1,17.0,AWS-BHO-030,Bhopal,BHO,center,False,
2025-03-09 14:00:00,33.1,956.3,17.0,AWS-BHO-030,Bhopal,BHO,center,False,
2025-03-09 15:00:00,32.9,955.7,17.0,AWS-BHO-030,Bhopal,BHO,center,False,
2025-03-09 16:00:00,32.3,955.6,17.0,AWS-BHO-030,Bhopal,BHO,center,False,
2025-03-09 17:00:00,31.1,955.8,20.0,AWS-BHO-030,Bhopal,BHO,center,False,
2025-03-09 18:00:00,28.4,956.2,25.0,AWS-BHO-030,Bhopal,BHO,center,False,
2025-03-09 19:00:00,26.5,956.3,33.0,AWS-BHO-030,Bhopal,BHO,center,False,
2025-03-09 20:00:00,25.3,957.4,33.0,AWS-BHO-030,Bhopal,BHO,center,False,
2025-03-09 21:00:00,25.3,958.0,31.0,AWS-BHO-030,Bhopal,BHO,center,False,
2025-03-09 22:00:00,24.8,958.4,28.0,AWS-BHO-030,Bhopal,BHO,center,False,
2025-03-09 23:00:00,23.2,958.1,0.026730247473947824,AWS-BHO-030,Bhopal,BHO,center,True,sensor_fail_low
2025-03-10 00:00:00,22.2,958.1,-0.1501287131729183,AWS-BHO-030,Bhopal,BHO,center,True,sensor_fail_low
2025-03-10 01:00:00,21.4,957.5,-0.034240276472788024,AWS-BHO-030,Bhopal,BHO,center,True,sensor_fail_low
2025-03-10 02:00:00,21.0,957.1,0.0312425577662327,AWS-BHO-030,Bhopal,BHO,center,True,sensor_fail_low
2025-03-10 03:00:00,20.7,956.6,34.0,AWS-BHO-030,Bhopal,BHO,center,False,
2025-03-10 04:00:00,20.1,956.7,36.0,AWS-BHO-030,Bhopal,BHO,center,False,
2025-03-10 05:00:00,19.6,957.3,37.0,AWS-BHO-030,Bhopal,BHO,center,False,
2025-03-10 06:00:00,20.0,958.7,38.0,AWS-BHO-030,Bhopal,BHO,center,False,
2025-03-10 07:00:00,20.7,959.5,38.0,AWS-BHO-030,Bhopal,BHO,center,False,
2025-03-10 08:00:00,23.3,960.8,35.0,AWS-BHO-030,Bhopal,BHO,center,False,
2025-03-10 09:00:00,26.3,961.8,30.0,AWS-BHO-030,Bhopal,BHO,center,False,
2025-03-10 10:00:00,29.5,962.2,25.0,AWS-BHO-030,Bhopal,BHO,center,False,
2025-03-10 11:00:00,32.1,961.7,19.0,AWS-BHO-030,Bhopal,BHO,center,False,
2025-03-10 12:00:00,33.5,960.8,17.0,AWS-BHO-030,Bhopal,BHO,center,False,
2025-03-10 13:00:00,34.3,959.8,16.0,AWS-BHO-030,Bhopal,BHO,center,False,
2025-03-10 14:00:00,34.5,958.8,15.0,AWS-BHO-030,Bhopal,BHO,center,False,
2025-03-10 15:00:00,34.5,958.1,16.0,AWS-BHO-030,Bhopal,BHO,center,False,
2025-03-10 16:00:00,34.0,958.0,16.0,AWS-BHO-030,Bhopal,BHO,center,False,
2025-03-10 17:00:00,32.8,958.1,18.0,AWS-BHO-030,Bhopal,BHO,center,False,
2025-03-10 18:00:00,30.2,958.3,23.0,AWS-BHO-030,Bhopal,BHO,center,False,
2025-03-10 19:00:00,28.3,958.3,29.0,AWS-BHO-030,Bhopal,BHO,center,False,
2025-03-10 20:00:00,27.4,959.2,29.0,AWS-BHO-030,Bhopal,BHO,center,False,
2025-03-10 21:00:00,26.3,959.2,30.0,AWS-BHO-030,Bhopal,BHO,center,False,
2025-03-10 22:00:00,25.6,959.1,31.0,AWS-BHO-030,Bhopal,BHO,center,False,
2025-03-10 23:00:00,24.7,959.1,30.0,AWS-BHO-030,Bhopal,BHO,center,False,
2025-03-11 00:00:00,23.2,958.5,33.0,AWS-BHO-030,Bhopal,BHO,center,False,
2025-03-11 01:00:00,22.4,958.1,36.0,AWS-BHO-030,Bhopal,BHO,center,False,
2025-03-11 02:00:00,21.9,957.4,36.0,AWS-BHO-030,Bhopal,BHO,center,False,
2025-03-11 03:00:00,21.3,957.0,37.0,AWS-BHO-030,Bhopal,BHO,center,False,
2025-03-11 04:00:00,20.7,957.0,39.0,AWS-BHO-030,Bhopal,BHO,center,False,
2025-03-11 05:00:00,20.3,957.4,41.0,AWS-BHO-030,Bhopal,BHO,center,False,
2025-03-11 06:00:00,19.9,958.5,46.0,AWS-BHO-030,Bhopal,BHO,center,False,
2025-03-11 07:00:00,21.1,959.6,43.0,AWS-BHO-030,Bhopal,BHO,center,False,
2025-03-11 08:00:00,24.0,960.9,38.0,AWS-BHO-030,Bhopal,BHO,center,False,
2025-03-11 09:00:00,27.4,961.9,32.0,AWS-BHO-030,Bhopal,BHO,center,False,
2025-03-11 10:00:00,30.8,961.9,26.0,AWS-BHO-030,Bhopal,BHO,center,False,
2025-03-11 11:00:00,33.2,961.3,20.0,AWS-BHO-030,Bhopal,BHO,center,False,
2025-03-11 12:00:00,34.5,960.3,18.0,AWS-BHO-030,Bhopal,BHO,center,False,
2025-03-11 13:00:00,35.2,959.0,16.0,AWS-BHO-030,Bhopal,BHO,center,False,
2025-03-11 14:00:00,35.7,958.0,15.0,AWS-BHO-030,Bhopal,BHO,center,False,
2025-03-11 15:00:00,35.9,957.0,14.0,AWS-BHO-030,Bhopal,BHO,center,False,
2025-03-11 16:00:00,35.9,956.4,14.0,AWS-BHO-030,Bhopal,BHO,center,False,
2025-03-11 17:00:00,34.2,956.5,19.0,AWS-BHO-030,Bhopal,BHO,center,False,
2025-03-11 18:00:00,30.0,956.8,32.0,AWS-BHO-030,Bhopal,BHO,center,False,
2025-03-11 19:00:00,28.7,956.9,35.0,AWS-BHO-030,Bhopal,BHO,center,False,
2025-03-11 20:00:00,28.0,957.2,37.0,AWS-BHO-030,Bhopal,BHO,center,False,
2025-03-11 21:00:00,26.3,957.5,34.0,AWS-BHO-030,Bhopal,BHO,center,False,
2025-03-11 22:00:00,25.6,957.2,36.0,AWS-BHO-030,Bhopal,BHO,center,False,
2025-03-11 23:00:00,25.3,956.4,40.0,AWS-BHO-030,Bhopal,BHO,center,False,
2025-03-12 00:00:00,34.344210135726925,955.3621575068353,72.303273775011,AWS-BHO-030,Bhopal,BHO,center,True,multivariate_inconsistency
2025-03-12 01:00:00,34.844210135726925,955.3470042486591,66.3529929974973,AWS-BHO-030,Bhopal,BHO,center,True,multivariate_inconsistency
2025-03-12 02:00:00,34.14421013572693,954.8525112934495,68.43124953765994,AWS-BHO-030,Bhopal,BHO,center,True,multivariate_inconsistency
2025-03-12 03:00:00,33.844210135726925,954.5140932035135,68.48573310390313,AWS-BHO-030,Bhopal,BHO,center,True,multivariate_inconsistency
2025-03-12 04:00:00,33.14421013572693,953.8222039744247,72.53405287412286,AWS-BHO-030,Bhopal,BHO,center,True,multivariate_inconsistency
2025-03-12 05:00:00,22.6,954.2,39.0,AWS-BHO-030,Bhopal,BHO,center,False,
2025-03-12 06:00:00,23.2,955.2,38.0,AWS-BHO-030,Bhopal,BHO,center,False,
2025-03-12 07:00:00,24.0,955.8,37.0,AWS-BHO-030,Bhopal,BHO,center,False,
2025-03-12 08:00:00,27.3,957.5,35.0,AWS-BHO-030,Bhopal,BHO,center,False,
2025-03-12 09:00:00,30.6,958.2,28.0,AWS-BHO-030,Bhopal,BHO,center,False,
2025-03-12 10:00:00,33.2,958.6,22.0,AWS-BHO-030,Bhopal,BHO,center,False,
2025-03-12 11:00:00,34.9,957.8,18.0,AWS-BHO-030,Bhopal,BHO,center,False,
2025-03-12 12:00:00,36.2,956.7,15.0,AWS-BHO-030,Bhopal,BHO,center,True,frozen_value
2025-03-12 13:00:00,36.9,956.7089610684077,13.0,AWS-BHO-030,Bhopal,BHO,center,True,frozen_value
2025-03-12 14:00:00,37.1,956.7082489151186,11.0,AWS-BHO-030,Bhopal,BHO,center,True,frozen_value
2025-03-12 15:00:00,37.5,956.6976112777963,10.0,AWS-BHO-030,Bhopal,BHO,center,True,frozen_value
2025-03-12 16:00:00,36.9,956.698575563527,10.0,AWS-BHO-030,Bhopal,BHO,center,True,frozen_value
2025-03-12 17:00:00,35.2,956.6953700282191,12.0,AWS-BHO-030,Bhopal,BHO,center,True,frozen_value
2025-03-12 18:00:00,33.2,956.6888497441366,12.0,AWS-BHO-030,Bhopal,BHO,center,True,frozen_value
2025-03-12 19:00:00,32.0,956.7000155487459,14.0,AWS-BHO-030,Bhopal,BHO,center,True,frozen_value
2025-03-12 20:00:00,31.0,956.7100184025222,15.0,AWS-BHO-030,Bhopal,BHO,center,True,frozen_value
2025-03-12 21:00:00,29.5,956.7087113534748,18.0,AWS-BHO-030,Bhopal,BHO,center,True,frozen_value
2025-03-12 22:00:00,26.8,956.701975851458,24.0,AWS-BHO-030,Bhopal,BHO,center,True,frozen_value
2025-03-12 23:00:00,25.6,956.7138963170966,26.0,AWS-BHO-030,Bhopal,BHO,center,True,frozen_value
2025-03-13 00:00:00,24.7,954.1,26.0,AWS-BHO-030,Bhopal,BHO,center,False,
2025-03-13 01:00:00,23.7,953.6,28.0,AWS-BHO-030,Bhopal,BHO,center,False,
2025-03-13 02:00:00,23.9,953.0,26.0,AWS-BHO-030,Bhopal,BHO,center,False,
2025-03-13 03:00:00,24.2,952.8,26.0,AWS-BHO-030,Bhopal,BHO,center,False,
2025-03-13 04:00:00,24.5,952.8,26.0,AWS-BHO-030,Bhopal,BHO,center,False,
2025-03-13 05:00:00,23.9,953.2,26.0,AWS-BHO-030,Bhopal,BHO,center,False,
2025-03-13 06:00:00,23.6,954.1,30.0,AWS-BHO-030,Bhopal,BHO,center,False,
2025-03-13 07:00:00,24.5,954.9,29.0,AWS-BHO-030,Bhopal,BHO,center,False,
2025-03-13 08:00:00,27.3,956.0,27.0,AWS-BHO-030,Bhopal,BHO,center,False,
2025-03-13 09:00:00,30.9,957.1,22.0,AWS-BHO-030,Bhopal,BHO,center,False,
2025-03-13 10:00:00,33.6,957.2,16.0,AWS-BHO-030,Bhopal,BHO,center,False,
2025-03-13 11:00:00,35.1,956.7,13.0,AWS-BHO-030,Bhopal,BHO,center,False,
2025-03-13 12:00:00,36.2,955.7,11.0,AWS-BHO-030,Bhopal,BHO,center,False,
2025-03-13 13:00:00,36.7,954.1,10.0,AWS-BHO-030,Bhopal,BHO,center,False,
2025-03-13 14:00:00,37.1,952.7,9.0,AWS-BHO-030,Bhopal,BHO,center,False,
2025-03-13 15:00:00,36.9,951.9,8.0,AWS-BHO-030,Bhopal,BHO,center,False,
2025-03-13 16:00:00,36.6,951.5,8.0,AWS-BHO-030,Bhopal,BHO,center,False,
2025-03-13 17:00:00,35.2,951.4,10.0,AWS-BHO-030,Bhopal,BHO,center,False,
2025-03-13 18:00:00,,951.5,13.0,AWS-BHO-030,Bhopal,BHO,center,True,dropout
2025-03-13 19:00:00,29.8,952.0,16.0,AWS-BHO-030,Bhopal,BHO,center,False,
2025-03-13 20:00:00,28.6,952.8,16.0,AWS-BHO-030,Bhopal,BHO,center,False,
2025-03-13 21:00:00,28.3,953.7,14.0,AWS-BHO-030,Bhopal,BHO,center,False,
2025-03-13 22:00:00,26.9,953.7,15.0,AWS-BHO-030,Bhopal,BHO,center,False,
2025-03-13 23:00:00,26.7,953.7,15.0,AWS-BHO-030,Bhopal,BHO,center,False,
2025-03-14 00:00:00,26.7,953.4,16.0,AWS-BHO-030,Bhopal,BHO,center,False,
2025-03-14 01:00:00,26.2,952.9,17.0,AWS-BHO-030,Bhopal,BHO,center,False,
2025-03-14 02:00:00,26.3,952.4,18.0,AWS-BHO-030,Bhopal,BHO,center,False,
2025-03-14 03:00:00,26.1,952.2,20.0,AWS-BHO-030,Bhopal,BHO,center,False,
2025-03-14 04:00:00,25.3,952.5,22.0,AWS-BHO-030,Bhopal,BHO,center,False,
2025-03-14 05:00:00,24.5,953.1,25.0,AWS-BHO-030,Bhopal,BHO,center,False,
2025-03-14 06:00:00,23.8,954.2,30.0,AWS-BHO-030,Bhopal,BHO,center,False,
2025-03-14 07:00:00,24.4,955.2,32.0,AWS-BHO-030,Bhopal,BHO,center,True,frozen_value
2025-03-14 08:00:00,27.1,956.8,32.0,AWS-BHO-030,Bhopal,BHO,center,True,frozen_value
2025-03-14 09:00:00,29.8,957.8,32.0,AWS-BHO-030,Bhopal,BHO,center,True,frozen_value
2025-03-14 10:00:00,32.1,957.9,32.0,AWS-BHO-030,Bhopal,BHO,center,True,frozen_value
2025-03-14 11:00:00,33.9,957.6,32.0,AWS-BHO-030,Bhopal,BHO,center,True,frozen_value
2025-03-14 12:00:00,35.3,956.5,32.0,AWS-BHO-030,Bhopal,BHO,center,True,frozen_value
2025-03-14 13:00:00,36.4,955.2,32.0,AWS-BHO-030,Bhopal,BHO,center,True,frozen_value
2025-03-14 14:00:00,36.9,954.0,32.0,AWS-BHO-030,Bhopal,BHO,center,True,frozen_value
2025-03-14 15:00:00,36.9,953.2,32.0,AWS-BHO-030,Bhopal,BHO,center,True,frozen_value
2025-03-14 16:00:00,36.2,952.8,32.0,AWS-BHO-030,Bhopal,BHO,center,True,frozen_value
2025-03-14 17:00:00,35.0,952.8,32.0,AWS-BHO-030,Bhopal,BHO,center,True,frozen_value
2025-03-14 18:00:00,31.8,953.0,32.0,AWS-BHO-030,Bhopal,BHO,center,True,frozen_value
2025-03-14 19:00:00,31.5,953.7,32.0,AWS-BHO-030,Bhopal,BHO,center,True,frozen_value
2025-03-14 20:00:00,29.4,954.3,32.0,AWS-BHO-030,Bhopal,BHO,center,True,frozen_value
2025-03-14 21:00:00,27.4,954.7,28.0,AWS-BHO-030,Bhopal,BHO,center,False,
2025-03-14 22:00:00,26.9,955.0,28.0,AWS-BHO-030,Bhopal,BHO,center,False,
2025-03-14 23:00:00,26.5,954.8,28.0,AWS-BHO-030,Bhopal,BHO,center,False,
2025-03-15 00:00:00,25.6,954.6,29.0,AWS-BHO-030,Bhopal,BHO,center,False,
2025-03-15 01:00:00,24.5,954.0,31.0,AWS-BHO-030,Bhopal,BHO,center,False,
2025-03-15 02:00:00,24.1,953.7,30.0,AWS-BHO-030,Bhopal,BHO,center,False,
2025-03-15 03:00:00,24.0,953.4,29.0,AWS-BHO-030,Bhopal,BHO,center,False,
2025-03-15 04:00:00,23.6,953.3,30.0,AWS-BHO-030,Bhopal,BHO,center,False,
2025-03-15 05:00:00,23.4,953.6,31.0,AWS-BHO-030,Bhopal,BHO,center,False,
2025-03-15 06:00:00,23.2,954.9,34.0,AWS-BHO-030,Bhopal,BHO,center,False,
2025-03-15 07:00:00,24.0,955.8,34.0,AWS-BHO-030,Bhopal,BHO,center,False,
2025-03-15 08:00:00,27.2,957.2,31.0,AWS-BHO-030,Bhopal,BHO,center,False,
2025-03-15 09:00:00,30.7,958.2,25.0,AWS-BHO-030,Bhopal,BHO,center,False,
2025-03-15 10:00:00,33.1,958.4,19.0,AWS-BHO-030,Bhopal,BHO,center,False,
2025-03-15 11:00:00,34.5,958.1,16.0,AWS-BHO-030,Bhopal,BHO,center,False,
2025-03-15 12:00:00,35.7,957.3,15.0,AWS-BHO-030,Bhopal,BHO,center,False,
2025-03-15 13:00:00,36.7,956.3,14.0,AWS-BHO-030,Bhopal,BHO,center,False,
2025-03-15 14:00:00,37.4,955.4,13.0,AWS-BHO-030,Bhopal,BHO,center,False,
2025-03-15 15:00:00,36.6,954.6,14.0,AWS-BHO-030,Bhopal,BHO,center,False,
2025-03-15 16:00:00,35.4,954.5,15.0,AWS-BHO-030,Bhopal,BHO,center,False,
2025-03-15 17:00:00,34.6,954.6,17.0,AWS-BHO-030,Bhopal,BHO,center,False,
2025-03-15 18:00:00,,955.2,19.0,AWS-BHO-030,Bhopal,BHO,center,True,dropout
2025-03-15 19:00:00,31.3,955.7,20.0,AWS-BHO-030,Bhopal,BHO,center,False,
2025-03-15 20:00:00,30.2,956.3,22.0,AWS-BHO-030,Bhopal,BHO,center,False,
2025-03-15 21:00:00,29.6,956.7,23.0,AWS-BHO-030,Bhopal,BHO,center,False,
2025-03-15 22:00:00,29.6,956.8,23.0,AWS-BHO-030,Bhopal,BHO,center,False,
2025-03-15 23:00:00,29.1,956.5,24.0,AWS-BHO-030,Bhopal,BHO,center,False,
2025-03-16 00:00:00,28.7,956.2,24.0,AWS-BHO-030,Bhopal,BHO,center,False,
2025-03-16 01:00:00,28.3,955.9,24.0,AWS-BHO-030,Bhopal,BHO,center,False,
2025-03-16 02:00:00,26.7,955.5,28.0,AWS-BHO-030,Bhopal,BHO,center,False,
2025-03-16 03:00:00,25.5,954.8,35.0,AWS-BHO-030,Bhopal,BHO,center,False,
2025-03-16 04:00:00,24.8,961.9944423347207,37.0,AWS-BHO-030,Bhopal,BHO,center,True,drift
2025-03-16 05:00:00,24.4,962.7100523267076,37.0,AWS-BHO-030,Bhopal,BHO,center,True,drift
2025-03-16 06:00:00,24.5,963.8956226244612,37.0,AWS-BHO-030,Bhopal,BHO,center,True,drift
2025-03-16 07:00:00,25.0,965.1153237608331,36.0,AWS-BHO-030,Bhopal,BHO,center,True,drift
2025-03-16 08:00:00,27.2,966.6594239782418,31.0,AWS-BHO-030,Bhopal,BHO,center,True,drift
2025-03-16 09:00:00,29.4,967.6228859554418,25.0,AWS-BHO-030,Bhopal,BHO,center,True,drift
2025-03-16 10:00:00,31.3,968.2025616532666,22.0,AWS-BHO-030,Bhopal,BHO,center,True,drift
2025-03-16 11:00:00,33.2,968.2962734393415,19.0,AWS-BHO-030,Bhopal,BHO,center,True,drift
2025-03-16 12:00:00,34.5,967.6024144108848,16.0,AWS-BHO-030,Bhopal,BHO,center,True,drift
2025-03-16 13:00:00,34.5,966.719744226005,16.0,AWS-BHO-030,Bhopal,BHO,center,True,drift
2025-03-16 14:00:00,34.5,965.9472731178685,15.0,AWS-BHO-030,Bhopal,BHO,center,True,drift
2025-03-16 15:00:00,34.6,965.6841907885175,15.0,AWS-BHO-030,Bhopal,BHO,center,True,drift
2025-03-16 16:00:00,33.9,965.8298202321732,16.0,AWS-BHO-030,Bhopal,BHO,center,True,drift
2025-03-16 17:00:00,33.1,965.9835863614503,17.0,AWS-BHO-030,Bhopal,BHO,center,True,drift
2025-03-16 18:00:00,30.4,966.4449938992236,32.0,AWS-BHO-030,Bhopal,BHO,center,True,drift
2025-03-16 19:00:00,29.5,967.4136113238209,24.0,AWS-BHO-030,Bhopal,BHO,center,True,drift
2025-03-16 20:00:00,28.4,968.3890589117858,25.0,AWS-BHO-030,Bhopal,BHO,center,True,drift
2025-03-16 21:00:00,27.5,968.9709996386283,27.0,AWS-BHO-030,Bhopal,BHO,center,True,drift
2025-03-16 22:00:00,27.1,969.5591321246827,28.0,AWS-BHO-030,Bhopal,BHO,center,True,drift
2025-03-16 23:00:00,26.7,955.3,28.0,AWS-BHO-030,Bhopal,BHO,center,False,
2025-03-17 00:00:00,25.9,955.2,29.0,AWS-BHO-030,Bhopal,BHO,center,False,
2025-03-17 01:00:00,25.2,954.9,30.0,AWS-BHO-030,Bhopal,BHO,center,False,
2025-03-17 02:00:00,23.9,954.4,34.0,AWS-BHO-030,Bhopal,BHO,center,False,
2025-03-17 03:00:00,23.0,954.1,38.0,AWS-BHO-030,Bhopal,BHO,center,False,
2025-03-17 04:00:00,22.2,954.2,41.0,AWS-BHO-030,Bhopal,BHO,center,False,
2025-03-17 05:00:00,21.6,954.8,43.0,AWS-BHO-030,Bhopal,BHO,center,False,
2025-03-17 06:00:00,21.4,955.9,53.0,AWS-BHO-030,Bhopal,BHO,center,False,
2025-03-17 07:00:00,22.1,957.0,53.0,AWS-BHO-030,Bhopal,BHO,center,False,
2025-03-17 08:00:00,23.9,958.2,51.0,AWS-BHO-030,Bhopal,BHO,center,False,
2025-03-17 09:00:00,26.1,958.9,45.0,AWS-BHO-030,Bhopal,BHO,center,False,
2025-03-17 10:00:00,28.3,959.3,37.0,AWS-BHO-030,Bhopal,BHO,center,False,
2025-03-17 11:00:00,30.1,959.0,30.0,AWS-BHO-030,Bhopal,BHO,center,False,
2025-03-17 12:00:00,31.1,958.1,27.0,AWS-BHO-030,Bhopal,BHO,center,False,
2025-03-17 13:00:00,32.1,957.0,25.0,AWS-BHO-030,Bhopal,BHO,center,False,
2025-03-17 14:00:00,33.0,955.6,22.0,AWS-BHO-030,Bhopal,BHO,center,False,
2025-03-17 15:00:00,33.4,954.8,18.0,AWS-BHO-030,Bhopal,BHO,center,False,
2025-03-17 16:00:00,32.9,954.7,17.0,AWS-BHO-030,Bhopal,BHO,center,False,
2025-03-17 17:00:00,31.9,955.1,18.0,AWS-BHO-030,Bhopal,BHO,center,False,
2025-03-17 18:00:00,30.0,955.9,21.0,AWS-BHO-030,Bhopal,BHO,center,False,
2025-03-17 19:00:00,28.2,956.4,24.0,AWS-BHO-030,Bhopal,BHO,center,False,
2025-03-17 20:00:00,27.0,957.0,26.0,AWS-BHO-030,Bhopal,BHO,center,False,
2025-03-17 21:00:00,26.0,957.1,29.0,AWS-BHO-030,Bhopal,BHO,center,False,
2025-03-17 22:00:00,25.1,957.2,32.0,AWS-BHO-030,Bhopal,BHO,center,False,
2025-03-17 23:00:00,24.6,957.2,31.0,AWS-BHO-030,Bhopal,BHO,center,False,
2025-03-18 00:00:00,23.5,957.1,32.0,AWS-BHO-030,Bhopal,BHO,center,False,
2025-03-18 01:00:00,22.7,956.7,33.0,AWS-BHO-030,Bhopal,BHO,center,False,
2025-03-18 02:00:00,21.9,955.8,36.0,AWS-BHO-030,Bhopal,BHO,center,False,
2025-03-18 03:00:00,21.3,955.6,40.0,AWS-BHO-030,Bhopal,BHO,center,False,
2025-03-18 04:00:00,20.7,955.6,43.0,AWS-BHO-030,Bhopal,BHO,center,False,
2025-03-18 05:00:00,20.1,955.8,46.0,AWS-BHO-030,Bhopal,BHO,center,False,
2025-03-18 06:00:00,20.0,956.6,52.0,AWS-BHO-030,Bhopal,BHO,center,False,
2025-03-18 07:00:00,20.8,957.5,51.0,AWS-BHO-030,Bhopal,BHO,center,False,
2025-03-18 08:00:00,23.1,958.6,44.0,AWS-BHO-030,Bhopal,BHO,center,False,
2025-03-18 09:00:00,25.9,959.2,37.0,AWS-BHO-030,Bhopal,BHO,center,False,
2025-03-18 10:00:00,28.5,959.3,30.0,AWS-BHO-030,Bhopal,BHO,center,False,
2025-03-18 11:00:00,30.3,958.8,26.0,AWS-BHO-030,Bhopal,BHO,center,False,
2025-03-18 12:00:00,31.7,957.9,22.0,AWS-BHO-030,Bhopal,BHO,center,False,
2025-03-18 13:00:00,32.5,956.8,20.0,AWS-BHO-030,Bhopal,BHO,center,False,
2025-03-18 14:00:00,32.8,955.9,20.0,AWS-BHO-030,Bhopal,BHO,center,False,
2025-03-18 15:00:00,33.0,955.4,19.0,AWS-BHO-030,Bhopal,BHO,center,False,
2025-03-18 16:00:00,32.9,955.2,19.0,AWS-BHO-030,Bhopal,BHO,center,False,
2025-03-18 17:00:00,32.4,955.1,19.0,AWS-BHO-030,Bhopal,BHO,center,False,
2025-03-18 18:00:00,30.2,955.5,24.0,AWS-BHO-030,Bhopal,BHO,center,False,
2025-03-18 19:00:00,28.3,955.8,27.0,AWS-BHO-030,Bhopal,BHO,center,False,
2025-03-18 20:00:00,28.0,956.4,26.0,AWS-BHO-030,Bhopal,BHO,center,False,
2025-03-18 21:00:00,26.7,956.9,28.0,AWS-BHO-030,Bhopal,BHO,center,False,
2025-03-18 22:00:00,25.3,957.0,30.0,AWS-BHO-030,Bhopal,BHO,center,False,
2025-03-18 23:00:00,24.7,956.5,28.0,AWS-BHO-030,Bhopal,BHO,center,False,
2025-03-19 00:00:00,24.0,956.0,28.0,AWS-BHO-030,Bhopal,BHO,center,False,
2025-03-19 01:00:00,22.7,955.7,31.0,AWS-BHO-030,Bhopal,BHO,center,False,
2025-03-19 02:00:00,21.7,955.1,35.0,AWS-BHO-030,Bhopal,BHO,center,False,
2025-03-19 03:00:00,21.0,954.9,37.0,AWS-BHO-030,Bhopal,BHO,center,False,
2025-03-19 04:00:00,20.5,0.013450989978583561,39.0,AWS-BHO-030,Bhopal,BHO,center,True,sensor_fail_low
2025-03-19 05:00:00,20.2,-0.0762128668655897,40.0,AWS-BHO-030,Bhopal,BHO,center,True,sensor_fail_low
2025-03-19 06:00:00,20.0,-0.032343803707397804,44.0,AWS-BHO-030,Bhopal,BHO,center,True,sensor_fail_low
2025-03-19 07:00:00,21.1,-0.011857637721838586,42.0,AWS-BHO-030,Bhopal,BHO,center,True,sensor_fail_low
2025-03-19 08:00:00,24.0,958.7,35.0,AWS-BHO-030,Bhopal,BHO,center,False,
2025-03-19 09:00:00,27.1,959.3,29.0,AWS-BHO-030,Bhopal,BHO,center,False,
2025-03-19 10:00:00,30.1,959.5,25.0,AWS-BHO-030,Bhopal,BHO,center,False,
2025-03-19 11:00:00,32.6,959.0,22.0,AWS-BHO-030,Bhopal,BHO,center,False,
2025-03-19 12:00:00,34.1,958.2,20.0,AWS-BHO-030,Bhopal,BHO,center,False,
2025-03-19 13:00:00,34.8,957.3,20.0,AWS-BHO-030,Bhopal,BHO,center,False,
2025-03-19 14:00:00,35.2,956.1,18.0,AWS-BHO-030,Bhopal,BHO,center,False,
2025-03-19 15:00:00,36.1,955.1,16.0,AWS-BHO-030,Bhopal,BHO,center,False,
2025-03-19 16:00:00,35.8,954.8,16.0,AWS-BHO-030,Bhopal,BHO,center,False,
2025-03-19 17:00:00,34.8,954.4,17.0,AWS-BHO-030,Bhopal,BHO,center,False,
2025-03-19 18:00:00,32.7,955.0,21.0,AWS-BHO-030,Bhopal,BHO,center,False,
2025-03-19 19:00:00,31.3,955.6,22.0,AWS-BHO-030,Bhopal,BHO,center,False,
2025-03-19 20:00:00,30.4,956.2,23.0,AWS-BHO-030,Bhopal,BHO,center,False,
2025-03-19 21:00:00,29.9,956.8,22.0,AWS-BHO-030,Bhopal,BHO,center,False,
2025-03-19 22:00:00,27.1,957.6,29.0,AWS-BHO-030,Bhopal,BHO,center,False,
2025-03-19 23:00:00,25.8,957.5,34.0,AWS-BHO-030,Bhopal,BHO,center,False,
2025-03-20 00:00:00,24.8,957.5,35.0,AWS-BHO-030,Bhopal,BHO,center,False,
2025-03-20 01:00:00,24.2,956.9,36.0,AWS-BHO-030,Bhopal,BHO,center,False,
2025-03-20 02:00:00,23.3,956.7,37.0,AWS-BHO-030,Bhopal,BHO,center,False,
2025-03-20 03:00:00,32.888249067326775,956.8359213142626,67.98602861269791,AWS-BHO-030,Bhopal,BHO,center,True,multivariate_inconsistency
2025-03-20 04:00:00,32.48824906732678,955.9687743190522,68.05579665454152,AWS-BHO-030,Bhopal,BHO,center,True,multivariate_inconsistency
2025-03-20 05:00:00,32.08824906732677,956.5180863750358,73.80290086146613,AWS-BHO-030,Bhopal,BHO,center,True,multivariate_inconsistency
2025-03-20 06:00:00,21.9,957.5,42.0,AWS-BHO-030,Bhopal,BHO,center,False,
2025-03-20 07:00:00,22.6,958.4,44.0,AWS-BHO-030,Bhopal,BHO,center,False,
2025-03-20 08:00:00,25.0,959.3,37.0,AWS-BHO-030,Bhopal,BHO,center,False,
2025-03-20 09:00:00,27.3,960.1,32.0,AWS-BHO-030,Bhopal,BHO,center,False,
2025-03-20 10:00:00,29.5,960.2,29.0,AWS-BHO-030,Bhopal,BHO,center,False,
2025-03-20 11:00:00,31.6,959.7,26.0,AWS-BHO-030,Bhopal,BHO,center,False,
2025-03-20 12:00:00,33.2,958.9,22.0,AWS-BHO-030,Bhopal,BHO,center,False,
2025-03-20 13:00:00,34.2,957.8,19.0,AWS-BHO-030,Bhopal,BHO,center,False,
2025-03-20 14:00:00,-40.01880633878738,956.6,19.0,AWS-BHO-030,Bhopal,BHO,center,True,sensor_fail_low
2025-03-20 15:00:00,-40.099286595922266,955.5,17.0,AWS-BHO-030,Bhopal,BHO,center,True,sensor_fail_low
2025-03-20 16:00:00,-39.958548303006374,954.9,16.0,AWS-BHO-030,Bhopal,BHO,center,True,sensor_fail_low
2025-03-20 17:00:00,-40.054039466195874,955.1,17.0,AWS-BHO-030,Bhopal,BHO,center,True,sensor_fail_low
2025-03-20 18:00:00,31.1,955.9,20.0,AWS-BHO-030,Bhopal,BHO,center,False,
2025-03-20 19:00:00,29.3,956.5,31.0,AWS-BHO-030,Bhopal,BHO,center,False,
2025-03-20 20:00:00,27.6,957.0,35.0,AWS-BHO-030,Bhopal,BHO,center,False,
2025-03-20 21:00:00,26.6,957.3,33.0,AWS-BHO-030,Bhopal,BHO,center,False,
2025-03-20 22:00:00,25.5,957.8,37.0,AWS-BHO-030,Bhopal,BHO,center,False,
2025-03-20 23:00:00,24.2,957.8,41.0,AWS-BHO-030,Bhopal,BHO,center,False,
2025-03-21 00:00:00,23.5,957.2,53.0,AWS-BHO-030,Bhopal,BHO,center,False,
2025-03-21 01:00:00,22.6,956.8,48.0,AWS-BHO-030,Bhopal,BHO,center,False,
2025-03-21 02:00:00,22.7,956.3,47.0,AWS-BHO-030,Bhopal,BHO,center,False,
2025-03-21 03:00:00,22.6,955.8,42.0,AWS-BHO-030,Bhopal,BHO,center,False,
2025-03-21 04:00:00,23.1,956.1,30.0,AWS-BHO-030,Bhopal,BHO,center,False,
2025-03-21 05:00:00,23.5,956.6,25.0,AWS-BHO-030,Bhopal,BHO,center,False,
2025-03-21 06:00:00,21.5,957.5,40.0,AWS-BHO-030,Bhopal,BHO,center,False,
2025-03-21 07:00:00,57.764202723736574,958.5,38.0,AWS-BHO-030,Bhopal,BHO,center,True,spike
2025-03-21 08:00:00,25.0,959.6,31.0,AWS-BHO-030,Bhopal,BHO,center,False,
2025-03-21 09:00:00,27.8,960.3,28.0,AWS-BHO-030,Bhopal,BHO,center,False,
2025-03-21 10:00:00,29.8,960.5,25.0,AWS-BHO-030,Bhopal,BHO,center,False,
2025-03-21 11:00:00,31.3,960.1,21.0,AWS-BHO-030,Bhopal,BHO,center,False,
2025-03-21 12:00:00,32.6,959.0,16.0,AWS-BHO-030,Bhopal,BHO,center,False,
2025-03-21 13:00:00,33.4,957.8,14.0,AWS-BHO-030,Bhopal,BHO,center,False,
2025-03-21 14:00:00,33.8,956.5,13.0,AWS-BHO-030,Bhopal,BHO,center,False,
2025-03-21 15:00:00,33.7,955.7,12.0,AWS-BHO-030,Bhopal,BHO,center,False,
2025-03-21 16:00:00,33.2,955.2,11.0,AWS-BHO-030,Bhopal,BHO,center,False,
2025-03-21 17:00:00,32.7,955.1,11.0,AWS-BHO-030,Bhopal,BHO,center,False,
2025-03-21 18:00:00,30.1,955.9,21.0,AWS-BHO-030,Bhopal,BHO,center,False,
2025-03-21 19:00:00,28.1,956.4,33.0,AWS-BHO-030,Bhopal,BHO,center,False,
2025-03-21 20:00:00,27.6,957.3,28.0,AWS-BHO-030,Bhopal,BHO,center,False,
2025-03-21 21:00:00,26.7,957.8,28.0,AWS-BHO-030,Bhopal,BHO,center,False,
2025-03-21 22:00:00,25.3,970.8809118909475,30.0,AWS-BHO-030,Bhopal,BHO,center,True,spike
2025-03-21 23:00:00,24.3,957.7,32.0,AWS-BHO-030,Bhopal,BHO,center,False,
2025-03-22 00:00:00,22.9,957.5,37.0,AWS-BHO-030,Bhopal,BHO,center,False,
2025-03-22 01:00:00,22.4,957.0,37.0,AWS-BHO-030,Bhopal,BHO,center,False,
2025-03-22 02:00:00,22.2,956.5,35.0,AWS-BHO-030,Bhopal,BHO,center,False,
2025-03-22 03:00:00,21.3,956.8,36.0,AWS-BHO-030,Bhopal,BHO,center,False,
2025-03-22 04:00:00,20.8,956.7,38.0,AWS-BHO-030,Bhopal,BHO,center,False,
2025-03-22 05:00:00,20.4,957.0,39.0,AWS-BHO-030,Bhopal,BHO,center,False,
2025-03-22 06:00:00,20.0,957.6,49.0,AWS-BHO-030,Bhopal,BHO,center,False,
2025-03-22 07:00:00,21.5,958.8,46.0,AWS-BHO-030,Bhopal,BHO,center,False,
2025-03-22 08:00:00,24.8,960.0,40.0,AWS-BHO-030,Bhopal,BHO,center,False,
2025-03-22 09:00:00,28.0,960.7,33.0,AWS-BHO-030,Bhopal,BHO,center,False,
2025-03-22 10:00:00,30.4,960.8,24.0,AWS-BHO-030,Bhopal,BHO,center,False,
2025-03-22 11:00:00,32.0,960.3,18.0,AWS-BHO-030,Bhopal,BHO,center,False,
2025-03-22 12:00:00,33.2,959.3,16.0,AWS-BHO-030,Bhopal,BHO,center,False,
2025-03-22 13:00:00,33.8,958.0,15.0,AWS-BHO-030,Bhopal,BHO,center,False,
2025-03-22 14:00:00,33.6,957.2,15.0,AWS-BHO-030,Bhopal,BHO,center,False,
2025-03-22 15:00:00,33.6,956.5,14.0,AWS-BHO-030,Bhopal,BHO,center,False,
2025-03-22 16:00:00,33.4,956.1,14.0,AWS-BHO-030,Bhopal,BHO,center,False,
2025-03-22 17:00:00,32.8,956.0,13.0,AWS-BHO-030,Bhopal,BHO,center,False,
2025-03-22 18:00:00,30.4,956.7,15.0,AWS-BHO-030,Bhopal,BHO,center,False,
2025-03-22 19:00:00,28.7,957.1,17.0,AWS-BHO-030,Bhopal,BHO,center,False,
2025-03-22 20:00:00,27.4,957.4,20.0,AWS-BHO-030,Bhopal,BHO,center,False,
2025-03-22 21:00:00,27.0,957.9,20.0,AWS-BHO-030,Bhopal,BHO,center,False,
2025-03-22 22:00:00,26.6,958.4,21.0,AWS-BHO-030,Bhopal,BHO,center,False,
2025-03-22 23:00:00,25.1,958.3,24.0,AWS-BHO-030,Bhopal,BHO,center,False,
2025-03-23 00:00:00,23.8,958.0,27.0,AWS-BHO-030,Bhopal,BHO,center,False,
2025-03-23 01:00:00,23.6,957.3,26.0,AWS-BHO-030,Bhopal,BHO,center,False,
2025-03-23 02:00:00,23.2,956.5,26.0,AWS-BHO-030,Bhopal,BHO,center,False,
2025-03-23 03:00:00,22.0,956.6,29.0,AWS-BHO-030,Bhopal,BHO,center,False,
2025-03-23 04:00:00,20.6,956.8,31.0,AWS-BHO-030,Bhopal,BHO,center,False,
2025-03-23 05:00:00,20.1,957.4,33.0,AWS-BHO-030,Bhopal,BHO,center,False,
2025-03-23 06:00:00,19.1,957.8,43.0,AWS-BHO-030,Bhopal,BHO,center,False,
2025-03-23 07:00:00,21.2,959.1,36.0,AWS-BHO-030,Bhopal,BHO,center,False,
2025-03-23 08:00:00,24.4,960.4,32.0,AWS-BHO-030,Bhopal,BHO,center,False,
2025-03-23 09:00:00,27.9,961.3,27.0,AWS-BHO-030,Bhopal,BHO,center,False,
2025-03-23 10:00:00,30.9,961.6,19.0,AWS-BHO-030,Bhopal,BHO,center,False,
2025-03-23 11:00:00,32.6,960.9,13.0,AWS-BHO-030,Bhopal,BHO,center,False,
2025-03-23 12:00:00,33.4,960.0,12.0,AWS-BHO-030,Bhopal,BHO,center,False,
2025-03-23 13:00:00,34.1,958.8,11.0,AWS-BHO-030,Bhopal,BHO,center,False,
2025-03-23 14:00:00,34.5,957.8,10.0,AWS-BHO-030,Bhopal,BHO,center,False,
2025-03-23 15:00:00,34.4,957.1,9.0,AWS-BHO-030,Bhopal,BHO,center,False,
2025-03-23 16:00:00,33.7,957.0,8.0,AWS-BHO-030,Bhopal,BHO,center,False,
2025-03-23 17:00:00,39.594366672415205,949.2020939086664,26.292104522301102,AWS-BHO-030,Bhopal,BHO,center,True,unstructured_anomaly
2025-03-23 18:00:00,36.47916003412007,949.8305922853388,15.0,AWS-BHO-030,Bhopal,BHO,center,True,unstructured_anomaly
2025-03-23 19:00:00,22.474037105965408,965.8834972480458,15.0,AWS-BHO-030,Bhopal,BHO,center,True,unstructured_anomaly
2025-03-23 20:00:00,34.44465950102021,951.938541355835,15.0,AWS-BHO-030,Bhopal,BHO,center,True,unstructured_anomaly
2025-03-23 21:00:00,32.753920975982595,950.3380236365151,29.996403304703325,AWS-BHO-030,Bhopal,BHO,center,True,unstructured_anomaly
2025-03-23 22:00:00,19.296623901330086,966.8377745825638,15.0,AWS-BHO-030,Bhopal,BHO,center,True,unstructured_anomaly
2025-03-23 23:00:00,30.364985974271026,951.1151043436656,15.0,AWS-BHO-030,Bhopal,BHO,center,True,unstructured_anomaly
2025-03-24 00:00:00,16.174747593478703,965.426741388926,41.52065795385505,AWS-BHO-030,Bhopal,BHO,center,True,unstructured_anomaly
2025-03-24 01:00:00,22.3,958.0,27.0,AWS-BHO-030,Bhopal,BHO,center,False,
2025-03-24 02:00:00,21.3,957.4,31.0,AWS-BHO-030,Bhopal,BHO,center,False,
2025-03-24 03:00:00,20.5,957.3,35.0,AWS-BHO-030,Bhopal,BHO,center,False,
2025-03-24 04:00:00,20.1,957.3,38.0,AWS-BHO-030,Bhopal,BHO,center,False,
2025-03-24 05:00:00,20.2,957.7,39.0,AWS-BHO-030,Bhopal,BHO,center,False,
2025-03-24 06:00:00,20.7,958.7,41.0,AWS-BHO-030,Bhopal,BHO,center,False,
2025-03-24 07:00:00,21.9,959.9,40.0,AWS-BHO-030,Bhopal,BHO,center,False,
2025-03-24 08:00:00,17.92617091934094,968.3863507331872,18.20217570845122,AWS-BHO-030,Bhopal,BHO,center,True,unstructured_anomaly
2025-03-24 09:00:00,33.688274176604324,954.5736372903282,42.53567058781231,AWS-BHO-030,Bhopal,BHO,center,True,unstructured_anomaly
2025-03-24 10:00:00,38.060710163641964,953.9380030678369,36.78960838695207,AWS-BHO-030,Bhopal,BHO,center,True,unstructured_anomaly
2025-03-24 11:00:00,39.077854238613384,953.1074066343675,31.667285293372494,AWS-BHO-030,Bhopal,BHO,center,True,unstructured_anomaly
2025-03-24 12:00:00,41.11693860460736,951.7450994908625,29.33400591877891,AWS-BHO-030,Bhopal,BHO,center,True,unstructured_anomaly
2025-03-24 13:00:00,28.35937904565457,967.319679999855,31.958837912714138,AWS-BHO-030,Bhopal,BHO,center,True,unstructured_anomaly
2025-03-24 14:00:00,40.45266908658512,949.1459406828194,15.0,AWS-BHO-030,Bhopal,BHO,center,True,unstructured_anomaly
2025-03-24 15:00:00,34.8,956.8,12.0,AWS-BHO-030,Bhopal,BHO,center,False,
2025-03-24 16:00:00,34.5,956.4,12.0,AWS-BHO-030,Bhopal,BHO,center,False,
2025-03-24 17:00:00,33.5,956.4,13.0,AWS-BHO-030,Bhopal,BHO,center,False,
2025-03-24 18:00:00,30.8,956.8,15.0,AWS-BHO-030,Bhopal,BHO,center,False,
2025-03-24 19:00:00,29.5,957.2,17.0,AWS-BHO-030,Bhopal,BHO,center,False,
2025-03-24 20:00:00,28.2,957.6,19.0,AWS-BHO-030,Bhopal,BHO,center,False,
2025-03-24 21:00:00,27.5,957.8,18.0,AWS-BHO-030,Bhopal,BHO,center,False,
2025-03-24 22:00:00,26.5,957.8,19.0,AWS-BHO-030,Bhopal,BHO,center,False,
2025-03-24 23:00:00,25.1,957.4,20.0,AWS-BHO-030,Bhopal,BHO,center,False,
2025-03-25 00:00:00,23.5,956.7,24.0,AWS-BHO-030,Bhopal,BHO,center,False,
2025-03-25 01:00:00,22.2,955.9,27.0,AWS-BHO-030,Bhopal,BHO,center,False,
2025-03-25 02:00:00,21.2,955.1,36.0,AWS-BHO-030,Bhopal,BHO,center,False,
2025-03-25 03:00:00,21.0,954.9,35.0,AWS-BHO-030,Bhopal,BHO,center,False,
2025-03-25 04:00:00,21.0,954.8,35.0,AWS-BHO-030,Bhopal,BHO,center,False,
2025-03-25 05:00:00,20.6,954.7,34.0,AWS-BHO-030,Bhopal,BHO,center,False,
2025-03-25 06:00:00,21.2,955.9,34.0,AWS-BHO-030,Bhopal,BHO,center,False,
2025-03-25 07:00:00,22.6,956.8,33.0,AWS-BHO-030,Bhopal,BHO,center,False,
2025-03-25 08:00:00,25.7,957.8,29.0,AWS-BHO-030,Bhopal,BHO,center,False,
2025-03-25 09:00:00,29.3,958.5,23.0,AWS-BHO-030,Bhopal,BHO,center,False,
2025-03-25 10:00:00,32.3,958.5,16.0,AWS-BHO-030,Bhopal,BHO,center,False,
2025-03-25 11:00:00,34.1,957.8,13.0,AWS-BHO-030,Bhopal,BHO,center,False,
2025-03-25 12:00:00,35.3,956.9,12.0,AWS-BHO-030,Bhopal,BHO,center,False,
2025-03-25 13:00:00,35.9,955.5,11.0,AWS-BHO-030,Bhopal,BHO,center,False,
2025-03-25 14:00:00,36.1,954.4,11.0,AWS-BHO-030,Bhopal,BHO,center,False,
2025-03-25 15:00:00,36.0,953.5,11.0,AWS-BHO-030,Bhopal,BHO,center,False,
2025-03-25 16:00:00,35.4,953.1,12.0,AWS-BHO-030,Bhopal,BHO,center,False,
2025-03-25 17:00:00,34.4,952.9,12.0,AWS-BHO-030,Bhopal,BHO,center,False,
2025-03-25 18:00:00,32.0,953.1,14.0,AWS-BHO-030,Bhopal,BHO,center,False,
2025-03-25 19:00:00,30.5,953.1,28.0,AWS-BHO-030,Bhopal,BHO,center,False,
2025-03-25 20:00:00,28.8,953.8,20.0,AWS-BHO-030,Bhopal,BHO,center,False,
2025-03-25 21:00:00,28.0,954.2,22.0,AWS-BHO-030,Bhopal,BHO,center,False,
2025-03-25 22:00:00,27.4,954.1,20.0,AWS-BHO-030,Bhopal,BHO,center,False,
2025-03-25 23:00:00,25.8,953.3,25.0,AWS-BHO-030,Bhopal,BHO,center,False,
2025-03-26 00:00:00,25.3,952.5,30.0,AWS-BHO-030,Bhopal,BHO,center,False,
2025-03-26 01:00:00,24.3,952.2,26.0,AWS-BHO-030,Bhopal,BHO,center,False,
2025-03-26 02:00:00,24.1,951.7,26.0,AWS-BHO-030,Bhopal,BHO,center,False,
2025-03-26 03:00:00,23.8,951.2,28.0,AWS-BHO-030,Bhopal,BHO,center,False,
2025-03-26 04:00:00,22.6,951.0,34.0,AWS-BHO-030,Bhopal,BHO,center,False,
2025-03-26 05:00:00,22.4,951.9,41.0,AWS-BHO-030,Bhopal,BHO,center,False,
2025-03-26 06:00:00,22.1,952.6,39.0,AWS-BHO-030,Bhopal,BHO,center,False,
2025-03-26 07:00:00,24.2,953.8,31.0,AWS-BHO-030,Bhopal,BHO,center,False,
2025-03-26 08:00:00,27.5,955.1,26.0,AWS-BHO-030,Bhopal,BHO,center,False,
2025-03-26 09:00:00,31.6,956.0,20.0,AWS-BHO-030,Bhopal,BHO,center,False,
2025-03-26 10:00:00,34.4,956.0,14.0,AWS-BHO-030,Bhopal,BHO,center,False,
2025-03-26 11:00:00,35.6,955.7,12.0,AWS-BHO-030,Bhopal,BHO,center,False,
2025-03-26 12:00:00,36.6,954.9,11.0,AWS-BHO-030,Bhopal,BHO,center,False,
2025-03-26 13:00:00,37.2,953.8,10.0,AWS-BHO-030,Bhopal,BHO,center,False,
2025-03-26 14:00:00,37.6,952.6,10.0,AWS-BHO-030,Bhopal,BHO,center,False,
2025-03-26 15:00:00,37.9,951.8,10.0,AWS-BHO-030,Bhopal,BHO,center,False,
2025-03-26 16:00:00,37.6,951.4,9.0,AWS-BHO-030,Bhopal,BHO,center,False,
2025-03-26 17:00:00,0.1215510868803591,951.5,9.0,AWS-BHO-030,Bhopal,BHO,center,True,spike
2025-03-26 18:00:00,33.0,951.5,20.0,AWS-BHO-030,Bhopal,BHO,center,False,
2025-03-26 19:00:00,31.3,951.9,18.0,AWS-BHO-030,Bhopal,BHO,center,False,
2025-03-26 20:00:00,30.0,952.5,18.0,AWS-BHO-030,Bhopal,BHO,center,False,
2025-03-26 21:00:00,30.1,953.1,16.0,AWS-BHO-030,Bhopal,BHO,center,False,
2025-03-26 22:00:00,29.2,953.1,17.0,AWS-BHO-030,Bhopal,BHO,center,False,
2025-03-26 23:00:00,28.6,953.0,-0.04171791311202474,AWS-BHO-030,Bhopal,BHO,center,True,sensor_fail_low
2025-03-27 00:00:00,28.7,952.8,-0.01764497205404939,AWS-BHO-030,Bhopal,BHO,center,True,sensor_fail_low
2025-03-27 01:00:00,28.1,952.3,0.01423387248092519,AWS-BHO-030,Bhopal,BHO,center,True,sensor_fail_low
2025-03-27 02:00:00,26.9,951.6,-0.03715615652330788,AWS-BHO-030,Bhopal,BHO,center,True,sensor_fail_low
2025-03-27 03:00:00,26.4,951.6,22.0,AWS-BHO-030,Bhopal,BHO,center,False,
2025-03-27 04:00:00,25.8,951.7,22.0,AWS-BHO-030,Bhopal,BHO,center,False,
2025-03-27 05:00:00,25.6,952.2,23.0,AWS-BHO-030,Bhopal,BHO,center,False,
2025-03-27 06:00:00,25.4,953.1,27.0,AWS-BHO-030,Bhopal,BHO,center,False,
2025-03-27 07:00:00,26.6,953.9,27.0,AWS-BHO-030,Bhopal,BHO,center,False,
2025-03-27 08:00:00,29.4,955.1,25.0,AWS-BHO-030,Bhopal,BHO,center,False,
2025-03-27 09:00:00,32.7,955.7,21.0,AWS-BHO-030,Bhopal,BHO,center,False,
2025-03-27 10:00:00,35.1,955.9,17.0,AWS-BHO-030,Bhopal,BHO,center,False,
2025-03-27 11:00:00,36.7,955.3,14.0,AWS-BHO-030,Bhopal,BHO,center,False,
2025-03-27 12:00:00,31.26336184782242,960.9671365911306,29.972447226935945,AWS-BHO-030,Bhopal,BHO,center,True,unstructured_anomaly
2025-03-27 13:00:00,32.881425457051165,960.6951236623729,15.0,AWS-BHO-030,Bhopal,BHO,center,True,unstructured_anomaly
2025-03-27 14:00:00,44.761517996493005,945.1287427990771,29.634546184391755,AWS-BHO-030,Bhopal,BHO,center,True,unstructured_anomaly
2025-03-27 15:00:00,31.27730012504975,959.2390239581317,15.0,AWS-BHO-030,Bhopal,BHO,center,True,unstructured_anomaly
2025-03-27 16:00:00,38.3,951.1,11.0,AWS-BHO-030,Bhopal,BHO,center,False,
2025-03-27 17:00:00,37.0,951.0,13.0,AWS-BHO-030,Bhopal,BHO,center,False,
2025-03-27 18:00:00,34.7,951.0,12.0,AWS-BHO-030,Bhopal,BHO,center,False,
2025-03-27 19:00:00,32.4,951.3,21.0,AWS-BHO-030,Bhopal,BHO,center,False,
2025-03-27 20:00:00,30.7,952.3,19.0,AWS-BHO-030,Bhopal,BHO,center,False,
2025-03-27 21:00:00,29.7,953.2,20.0,AWS-BHO-030,Bhopal,BHO,center,False,
2025-03-27 22:00:00,29.3,953.4,24.0,AWS-BHO-030,Bhopal,BHO,center,False,
2025-03-27 23:00:00,28.2,953.1,25.0,AWS-BHO-030,Bhopal,BHO,center,False,
2025-03-28 00:00:00,27.4,952.9,26.0,AWS-BHO-030,Bhopal,BHO,center,False,
2025-03-28 01:00:00,27.1,952.7,27.0,AWS-BHO-030,Bhopal,BHO,center,False,
2025-03-28 02:00:00,26.7,952.3,31.0,AWS-BHO-030,Bhopal,BHO,center,False,
2025-03-28 03:00:00,26.2,952.3,35.0,AWS-BHO-030,Bhopal,BHO,center,False,
2025-03-28 04:00:00,25.8,952.7,36.0,AWS-BHO-030,Bhopal,BHO,center,False,
2025-03-28 05:00:00,25.1,953.3,36.0,AWS-BHO-030,Bhopal,BHO,center,False,
2025-03-28 06:00:00,24.9,954.1,39.0,AWS-BHO-030,Bhopal,BHO,center,False,
2025-03-28 07:00:00,25.8,955.1,36.0,AWS-BHO-030,Bhopal,BHO,center,False,
2025-03-28 08:00:00,28.0,956.5,28.0,AWS-BHO-030,Bhopal,BHO,center,False,
2025-03-28 09:00:00,30.0,957.0,21.0,AWS-BHO-030,Bhopal,BHO,center,False,
2025-03-28 10:00:00,31.9,957.3,16.0,AWS-BHO-030,Bhopal,BHO,center,False,
2025-03-28 11:00:00,33.4,956.8,14.0,AWS-BHO-030,Bhopal,BHO,center,False,
2025-03-28 12:00:00,34.6,956.3,14.0,AWS-BHO-030,Bhopal,BHO,center,False,
2025-03-28 13:00:00,35.4,955.1,14.0,AWS-BHO-030,Bhopal,BHO,center,False,
2025-03-28 14:00:00,35.9,953.8,14.0,AWS-BHO-030,Bhopal,BHO,center,False,
2025-03-28 15:00:00,35.9,953.0,14.0,AWS-BHO-030,Bhopal,BHO,center,False,
2025-03-28 16:00:00,35.3,952.8,14.0,AWS-BHO-030,Bhopal,BHO,center,False,
2025-03-28 17:00:00,34.3,952.9,15.0,AWS-BHO-030,Bhopal,BHO,center,False,
2025-03-28 18:00:00,32.4,953.2,17.0,AWS-BHO-030,Bhopal,BHO,center,False,
2025-03-28 19:00:00,30.9,953.5,17.0,AWS-BHO-030,Bhopal,BHO,center,False,
2025-03-28 20:00:00,29.8,954.4,18.0,AWS-BHO-030,Bhopal,BHO,center,False,
2025-03-28 21:00:00,28.4,954.9,18.0,AWS-BHO-030,Bhopal,BHO,center,False,
2025-03-28 22:00:00,27.0,955.3,15.0,AWS-BHO-030,Bhopal,BHO,center,False,
2025-03-28 23:00:00,25.8,955.0,13.0,AWS-BHO-030,Bhopal,BHO,center,False,
2025-03-29 00:00:00,24.9,954.5,12.0,AWS-BHO-030,Bhopal,BHO,center,False,
2025-03-29 01:00:00,23.8,954.1,12.0,AWS-BHO-030,Bhopal,BHO,center,False,
2025-03-29 02:00:00,22.9,953.4,13.0,AWS-BHO-030,Bhopal,BHO,center,False,
2025-03-29 03:00:00,22.2,952.9,13.0,AWS-BHO-030,Bhopal,BHO,center,False,
2025-03-29 04:00:00,21.5,953.0,14.0,AWS-BHO-030,Bhopal,BHO,center,False,
2025-03-29 05:00:00,20.9,953.5,15.0,AWS-BHO-030,Bhopal,BHO,center,False,
2025-03-29 06:00:00,20.3,954.3,17.0,AWS-BHO-030,Bhopal,BHO,center,False,
2025-03-29 07:00:00,21.5,955.4,18.0,AWS-BHO-030,Bhopal,BHO,center,False,
2025-03-29 08:00:00,33.42588773635038,956.9403187549286,28.09613450970449,AWS-BHO-030,Bhopal,BHO,center,True,multivariate_inconsistency
2025-03-29 09:00:00,35.82588773635038,957.8819843639466,27.92616578839114,AWS-BHO-030,Bhopal,BHO,center,True,multivariate_inconsistency
2025-03-29 10:00:00,38.22588773635038,957.7511532475897,24.05777006569685,AWS-BHO-030,Bhopal,BHO,center,True,multivariate_inconsistency
2025-03-29 11:00:00,40.12588773635038,956.9913685260575,20.260925614565316,AWS-BHO-030,Bhopal,BHO,center,True,multivariate_inconsistency
2025-03-29 12:00:00,31.9,956.5,10.0,AWS-BHO-030,Bhopal,BHO,center,False,
2025-03-29 13:00:00,33.0,955.4,9.0,AWS-BHO-030,Bhopal,BHO,center,False,
2025-03-29 14:00:00,33.8,954.5,9.0,AWS-BHO-030,Bhopal,BHO,center,False,
2025-03-29 15:00:00,34.2,953.6,9.0,AWS-BHO-030,Bhopal,BHO,center,False,
2025-03-29 16:00:00,34.4,953.3,8.0,AWS-BHO-030,Bhopal,BHO,center,False,
2025-03-29 17:00:00,33.6,953.2,8.0,AWS-BHO-030,Bhopal,BHO,center,False,
2025-03-29 18:00:00,31.2,953.7,9.0,AWS-BHO-030,Bhopal,BHO,center,False,
2025-03-29 19:00:00,29.3,954.2,9.0,AWS-BHO-030,Bhopal,BHO,center,False,
2025-03-29 20:00:00,27.7,954.7,9.0,AWS-BHO-030,Bhopal,BHO,center,False,
2025-03-29 21:00:00,26.4,955.4,9.0,AWS-BHO-030,Bhopal,BHO,center,False,
2025-03-29 22:00:00,25.5,955.5,9.0,AWS-BHO-030,Bhopal,BHO,center,False,
2025-03-29 23:00:00,24.5,955.1,10.0,AWS-BHO-030,Bhopal,BHO,center,False,
2025-03-30 00:00:00,23.3,954.6,11.0,AWS-BHO-030,Bhopal,BHO,center,False,
2025-03-30 01:00:00,22.3,953.8,13.0,AWS-BHO-030,Bhopal,BHO,center,False,
2025-03-30 02:00:00,21.4,953.2,15.0,AWS-BHO-030,Bhopal,BHO,center,False,
2025-03-30 03:00:00,20.5,952.9,17.0,AWS-BHO-030,Bhopal,BHO,center,False,
2025-03-30 04:00:00,19.9,953.0,18.0,AWS-BHO-030,Bhopal,BHO,center,False,
2025-03-30 05:00:00,19.6,953.5,17.0,AWS-BHO-030,Bhopal,BHO,center,False,
2025-03-30 06:00:00,19.6,954.6,19.0,AWS-BHO-030,Bhopal,BHO,center,False,
2025-03-30 07:00:00,20.9,955.8,20.0,AWS-BHO-030,Bhopal,BHO,center,False,
2025-03-30 08:00:00,23.8,957.4,18.0,AWS-BHO-030,Bhopal,BHO,center,False,
2025-03-30 09:00:00,27.0,958.2,16.0,AWS-BHO-030,Bhopal,BHO,center,False,
2025-03-30 10:00:00,29.7,958.6,13.0,AWS-BHO-030,Bhopal,BHO,center,False,
2025-03-30 11:00:00,31.8,958.2,11.0,AWS-BHO-030,Bhopal,BHO,center,False,
2025-03-30 12:00:00,33.5,957.5,9.0,AWS-BHO-030,Bhopal,BHO,center,False,
2025-03-30 13:00:00,34.6,956.4,9.0,AWS-BHO-030,Bhopal,BHO,center,False,
2025-03-30 14:00:00,35.1,955.3,9.0,AWS-BHO-030,Bhopal,BHO,center,False,
2025-03-30 15:00:00,35.1,954.7,9.0,AWS-BHO-030,Bhopal,BHO,center,False,
2025-03-30 16:00:00,34.9,954.3,9.0,AWS-BHO-030,Bhopal,BHO,center,False,
2025-03-30 17:00:00,34.2,954.1,9.0,AWS-BHO-030,Bhopal,BHO,center,False,
2025-03-30 18:00:00,32.0,954.3,12.0,AWS-BHO-030,Bhopal,BHO,center,False,
2025-03-30 19:00:00,30.5,954.6,13.0,AWS-BHO-030,Bhopal,BHO,center,False,
2025-03-30 20:00:00,29.9,955.2,14.0,AWS-BHO-030,Bhopal,BHO,center,False,
2025-03-30 21:00:00,28.9,955.8,15.0,AWS-BHO-030,Bhopal,BHO,center,False,
2025-03-30 22:00:00,27.5,955.9,16.0,AWS-BHO-030,Bhopal,BHO,center,False,
2025-03-30 23:00:00,26.2,955.5,18.0,AWS-BHO-030,Bhopal,BHO,center,False,
2025-03-31 00:00:00,24.6,955.2,20.0,AWS-BHO-030,Bhopal,BHO,center,False,
2025-03-31 01:00:00,23.5,954.6,22.0,AWS-BHO-030,Bhopal,BHO,center,False,
2025-03-31 02:00:00,22.9,953.7,23.0,AWS-BHO-030,Bhopal,BHO,center,False,
2025-03-31 03:00:00,22.5,953.8,24.0,AWS-BHO-030,Bhopal,BHO,center,False,
2025-03-31 04:00:00,22.0,953.8,25.0,AWS-BHO-030,Bhopal,BHO,center,False,
2025-03-31 05:00:00,21.6,954.2,27.0,AWS-BHO-030,Bhopal,BHO,center,False,
2025-03-31 06:00:00,21.8,955.2,29.0,AWS-BHO-030,Bhopal,BHO,center,False,
2025-03-31 07:00:00,22.9,956.2,29.0,AWS-BHO-030,Bhopal,BHO,center,False,
2025-03-31 08:00:00,25.5,957.5,24.0,AWS-BHO-030,Bhopal,BHO,center,False,
2025-03-31 09:00:00,28.2,958.1,20.0,AWS-BHO-030,Bhopal,BHO,center,False,
2025-03-31 10:00:00,31.4,958.3,14.0,AWS-BHO-030,Bhopal,BHO,center,False,
2025-03-31 11:00:00,33.7,957.8,12.0,AWS-BHO-030,Bhopal,BHO,center,False,
2025-03-31 12:00:00,35.4,957.2,11.0,AWS-BHO-030,Bhopal,BHO,center,False,
2025-03-31 13:00:00,36.4,955.8,10.0,AWS-BHO-030,Bhopal,BHO,center,False,
2025-03-31 14:00:00,36.8,954.8,10.0,AWS-BHO-030,Bhopal,BHO,center,False,
2025-03-31 15:00:00,36.8,953.9,10.0,AWS-BHO-030,Bhopal,BHO,center,False,
2025-03-31 16:00:00,36.3,953.6,11.0,AWS-BHO-030,Bhopal,BHO,center,False,
2025-03-31 17:00:00,35.4,953.2,12.0,AWS-BHO-030,Bhopal,BHO,center,False,
2025-03-31 18:00:00,32.9,953.5,14.0,AWS-BHO-030,Bhopal,BHO,center,False,
2025-03-31 19:00:00,31.5,953.8,14.0,AWS-BHO-030,Bhopal,BHO,center,False,
2025-03-31 20:00:00,30.7,954.4,14.0,AWS-BHO-030,Bhopal,BHO,center,False,
2025-03-31 21:00:00,29.5,954.7,15.0,AWS-BHO-030,Bhopal,BHO,center,False,
2025-03-31 22:00:00,27.9,955.1,17.0,AWS-BHO-030,Bhopal,BHO,center,False,
2025-03-31 23:00:00,26.4,954.5,19.0,AWS-BHO-030,Bhopal,BHO,center,False,
