timestamp,temperature_c,pressure_hpa,humidity_pct,station_id,station_name,cluster_id,role,is_anomaly,fault_type
2025-01-01 00:00:00,25.1,1013.2,73.0,AWS-MUM-103,Kalyan,MUM,neighbor,False,
2025-01-01 01:00:00,24.4,1012.7,76.0,AWS-MUM-103,Kalyan,MUM,neighbor,False,
2025-01-01 02:00:00,24.0,1012.0,75.0,AWS-MUM-103,Kalyan,MUM,neighbor,False,
2025-01-01 03:00:00,23.4,1011.6,77.0,AWS-MUM-103,Kalyan,MUM,neighbor,False,
2025-01-01 04:00:00,22.6,1011.4,79.0,AWS-MUM-103,Kalyan,MUM,neighbor,False,
2025-01-01 05:00:00,21.9,1011.7,83.0,AWS-MUM-103,Kalyan,MUM,neighbor,False,
2025-01-01 06:00:00,21.1,1012.3,87.0,AWS-MUM-103,Kalyan,MUM,neighbor,False,
2025-01-01 07:00:00,20.8,1012.9,86.0,AWS-MUM-103,Kalyan,MUM,neighbor,False,
2025-01-01 08:00:00,22.2,1013.8,76.0,AWS-MUM-103,Kalyan,MUM,neighbor,False,
2025-01-01 09:00:00,24.9,1014.4,62.0,AWS-MUM-103,Kalyan,MUM,neighbor,False,
2025-01-01 10:00:00,27.9,1014.4,51.0,AWS-MUM-103,Kalyan,MUM,neighbor,False,
2025-01-01 11:00:00,30.4,1013.9,44.0,AWS-MUM-103,Kalyan,MUM,neighbor,False,
2025-01-01 12:00:00,32.1,1012.9,38.0,AWS-MUM-103,Kalyan,MUM,neighbor,False,
2025-01-01 13:00:00,33.0,1011.4,33.0,AWS-MUM-103,Kalyan,MUM,neighbor,False,
2025-01-01 14:00:00,33.4,1010.3,32.0,AWS-MUM-103,Kalyan,MUM,neighbor,False,
2025-01-01 15:00:00,33.6,1009.4,31.0,AWS-MUM-103,Kalyan,MUM,neighbor,False,
2025-01-01 16:00:00,33.5,1009.1,32.0,AWS-MUM-103,Kalyan,MUM,neighbor,False,
2025-01-01 17:00:00,32.4,1009.2,36.0,AWS-MUM-103,Kalyan,MUM,neighbor,False,
2025-01-01 18:00:00,29.5,1010.0,52.0,AWS-MUM-103,Kalyan,MUM,neighbor,False,
2025-01-01 19:00:00,28.0,1010.9,59.0,AWS-MUM-103,Kalyan,MUM,neighbor,False,
2025-01-01 20:00:00,27.3,1012.0,60.0,AWS-MUM-103,Kalyan,MUM,neighbor,False,
2025-01-01 21:00:00,26.7,1012.6,61.0,AWS-MUM-103,Kalyan,MUM,neighbor,False,
2025-01-01 22:00:00,25.9,1013.0,64.0,AWS-MUM-103,Kalyan,MUM,neighbor,False,
2025-01-01 23:00:00,24.9,1012.9,68.0,AWS-MUM-103,Kalyan,MUM,neighbor,False,
2025-01-02 00:00:00,24.0,1012.6,73.0,AWS-MUM-103,Kalyan,MUM,neighbor,False,
2025-01-02 01:00:00,23.2,1012.3,78.0,AWS-MUM-103,Kalyan,MUM,neighbor,False,
2025-01-02 02:00:00,22.5,1012.0,83.0,AWS-MUM-103,Kalyan,MUM,neighbor,False,
2025-01-02 03:00:00,21.7,1011.6,86.0,AWS-MUM-103,Kalyan,MUM,neighbor,False,
2025-01-02 04:00:00,21.1,1011.4,89.0,AWS-MUM-103,Kalyan,MUM,neighbor,False,
2025-01-02 05:00:00,20.5,1011.5,93.0,AWS-MUM-103,Kalyan,MUM,neighbor,False,
2025-01-02 06:00:00,20.0,1012.0,94.0,AWS-MUM-103,Kalyan,MUM,neighbor,False,
2025-01-02 07:00:00,19.8,1012.6,94.0,AWS-MUM-103,Kalyan,MUM,neighbor,False,
2025-01-02 08:00:00,21.1,1013.5,83.0,AWS-MUM-103,Kalyan,MUM,neighbor,False,
2025-01-02 09:00:00,23.7,1014.2,68.0,AWS-MUM-103,Kalyan,MUM,neighbor,False,
2025-01-02 10:00:00,26.9,1014.3,54.0,AWS-MUM-103,Kalyan,MUM,neighbor,False,
2025-01-02 11:00:00,29.7,1013.5,44.0,AWS-MUM-103,Kalyan,MUM,neighbor,False,
2025-01-02 12:00:00,31.7,1012.6,36.0,AWS-MUM-103,Kalyan,MUM,neighbor,False,
2025-01-02 13:00:00,33.1,1011.2,30.0,AWS-MUM-103,Kalyan,MUM,neighbor,False,
2025-01-02 14:00:00,33.8,1010.2,27.0,AWS-MUM-103,Kalyan,MUM,neighbor,False,
2025-01-02 15:00:00,34.1,1009.7,27.0,AWS-MUM-103,Kalyan,MUM,neighbor,False,
2025-01-02 16:00:00,33.9,1009.4,27.0,AWS-MUM-103,Kalyan,MUM,neighbor,False,
2025-01-02 17:00:00,32.8,1009.6,31.0,AWS-MUM-103,Kalyan,MUM,neighbor,False,
2025-01-02 18:00:00,30.3,1010.3,41.0,AWS-MUM-103,Kalyan,MUM,neighbor,False,
2025-01-02 19:00:00,28.3,1011.3,51.0,AWS-MUM-103,Kalyan,MUM,neighbor,False,
2025-01-02 20:00:00,27.5,1012.2,54.0,AWS-MUM-103,Kalyan,MUM,neighbor,False,
2025-01-02 21:00:00,26.6,1012.7,58.0,AWS-MUM-103,Kalyan,MUM,neighbor,False,
2025-01-02 22:00:00,25.5,1012.9,62.0,AWS-MUM-103,Kalyan,MUM,neighbor,False,
2025-01-02 23:00:00,23.9,1013.0,68.0,AWS-MUM-103,Kalyan,MUM,neighbor,False,
2025-01-03 00:00:00,22.6,1012.9,74.0,AWS-MUM-103,Kalyan,MUM,neighbor,False,
2025-01-03 01:00:00,21.6,1012.4,77.0,AWS-MUM-103,Kalyan,MUM,neighbor,False,
2025-01-03 02:00:00,21.0,1011.9,78.0,AWS-MUM-103,Kalyan,MUM,neighbor,True,drift
2025-01-03 03:00:00,31.443911661548047,1011.6,79.0,AWS-MUM-103,Kalyan,MUM,neighbor,True,drift
2025-01-03 04:00:00,41.88782332309609,1011.6,79.0,AWS-MUM-103,Kalyan,MUM,neighbor,True,drift
2025-01-03 05:00:00,52.33173498464414,1011.8,78.0,AWS-MUM-103,Kalyan,MUM,neighbor,True,drift
2025-01-03 06:00:00,62.775646646192186,1012.7,76.0,AWS-MUM-103,Kalyan,MUM,neighbor,True,drift
2025-01-03 07:00:00,73.21955830774024,1013.5,77.0,AWS-MUM-103,Kalyan,MUM,neighbor,True,drift
2025-01-03 08:00:00,83.66346996928829,1014.3,72.0,AWS-MUM-103,Kalyan,MUM,neighbor,True,drift
2025-01-03 09:00:00,94.10738163083631,1014.9,61.0,AWS-MUM-103,Kalyan,MUM,neighbor,True,drift
2025-01-03 10:00:00,104.55129329238437,1014.7,48.0,AWS-MUM-103,Kalyan,MUM,neighbor,True,drift
2025-01-03 11:00:00,114.99520495393242,1013.9,36.0,AWS-MUM-103,Kalyan,MUM,neighbor,True,drift
2025-01-03 12:00:00,125.43911661548047,1012.9,30.0,AWS-MUM-103,Kalyan,MUM,neighbor,True,drift
2025-01-03 13:00:00,135.8830282770285,1011.3,25.0,AWS-MUM-103,Kalyan,MUM,neighbor,True,drift
2025-01-03 14:00:00,146.32693993857657,1010.4,23.0,AWS-MUM-103,Kalyan,MUM,neighbor,True,drift
2025-01-03 15:00:00,156.7708516001246,1009.7,22.0,AWS-MUM-103,Kalyan,MUM,neighbor,True,drift
2025-01-03 16:00:00,167.21476326167263,1009.3,22.0,AWS-MUM-103,Kalyan,MUM,neighbor,True,drift
2025-01-03 17:00:00,177.6586749232207,1009.2,23.0,AWS-MUM-103,Kalyan,MUM,neighbor,True,drift
2025-01-03 18:00:00,188.10258658476874,1009.7,27.0,AWS-MUM-103,Kalyan,MUM,neighbor,True,drift
2025-01-03 19:00:00,198.5464982463168,1010.8,38.0,AWS-MUM-103,Kalyan,MUM,neighbor,True,drift
2025-01-03 20:00:00,208.99040990786483,1011.4,52.0,AWS-MUM-103,Kalyan,MUM,neighbor,True,drift
2025-01-03 21:00:00,219.43432156941287,1011.6,54.0,AWS-MUM-103,Kalyan,MUM,neighbor,True,drift
2025-01-03 22:00:00,229.87823323096094,1011.8,59.0,AWS-MUM-103,Kalyan,MUM,neighbor,True,drift
2025-01-03 23:00:00,240.32214489250896,1011.5,64.0,AWS-MUM-103,Kalyan,MUM,neighbor,True,drift
2025-01-04 00:00:00,250.766056554057,1011.1,64.0,AWS-MUM-103,Kalyan,MUM,neighbor,True,drift
2025-01-04 01:00:00,261.20996821560504,1010.8,63.0,AWS-MUM-103,Kalyan,MUM,neighbor,True,drift
2025-01-04 02:00:00,271.65387987715314,1010.5,66.0,AWS-MUM-103,Kalyan,MUM,neighbor,True,drift
2025-01-04 03:00:00,282.09779153870113,1010.0,69.0,AWS-MUM-103,Kalyan,MUM,neighbor,True,drift
2025-01-04 04:00:00,292.5417032002492,1010.3,72.0,AWS-MUM-103,Kalyan,MUM,neighbor,True,drift
2025-01-04 05:00:00,302.9856148617973,1010.5,77.0,AWS-MUM-103,Kalyan,MUM,neighbor,True,drift
2025-01-04 06:00:00,313.42952652334526,1011.5,77.0,AWS-MUM-103,Kalyan,MUM,neighbor,True,drift
2025-01-04 07:00:00,323.87343818489336,1012.1,78.0,AWS-MUM-103,Kalyan,MUM,neighbor,True,drift
2025-01-04 08:00:00,334.3173498464414,1012.7,73.0,AWS-MUM-103,Kalyan,MUM,neighbor,True,drift
2025-01-04 09:00:00,344.76126150798945,1013.3,57.0,AWS-MUM-103,Kalyan,MUM,neighbor,True,drift
2025-01-04 10:00:00,355.2051731695375,1013.2,41.0,AWS-MUM-103,Kalyan,MUM,neighbor,True,drift
2025-01-04 11:00:00,29.4,1012.4,29.0,AWS-MUM-103,Kalyan,MUM,neighbor,False,
2025-01-04 12:00:00,31.6,1011.2,22.0,AWS-MUM-103,Kalyan,MUM,neighbor,False,
2025-01-04 13:00:00,32.8,1009.9,20.0,AWS-MUM-103,Kalyan,MUM,neighbor,False,
2025-01-04 14:00:00,33.7,1008.9,18.0,AWS-MUM-103,Kalyan,MUM,neighbor,False,
2025-01-04 15:00:00,34.2,1008.2,17.0,AWS-MUM-103,Kalyan,MUM,neighbor,False,
2025-01-04 16:00:00,33.6,1008.1,18.0,AWS-MUM-103,Kalyan,MUM,neighbor,False,
2025-01-04 17:00:00,31.3,1008.7,27.0,AWS-MUM-103,Kalyan,MUM,neighbor,False,
2025-01-04 18:00:00,28.1,1009.5,41.0,AWS-MUM-103,Kalyan,MUM,neighbor,False,
2025-01-04 19:00:00,26.5,1010.5,48.0,AWS-MUM-103,Kalyan,MUM,neighbor,False,
2025-01-04 20:00:00,24.9,1011.4,56.0,AWS-MUM-103,Kalyan,MUM,neighbor,False,
2025-01-04 21:00:00,24.0,1011.7,58.0,AWS-MUM-103,Kalyan,MUM,neighbor,False,
2025-01-04 22:00:00,23.0,1011.8,62.0,AWS-MUM-103,Kalyan,MUM,neighbor,False,
2025-01-04 23:00:00,22.5,1011.3,68.0,AWS-MUM-103,Kalyan,MUM,neighbor,False,
2025-01-05 00:00:00,21.2,1011.0,78.0,AWS-MUM-103,Kalyan,MUM,neighbor,False,
2025-01-05 01:00:00,20.4,1010.5,85.0,AWS-MUM-103,Kalyan,MUM,neighbor,False,
2025-01-05 02:00:00,19.7,1010.2,91.0,AWS-MUM-103,Kalyan,MUM,neighbor,False,
2025-01-05 03:00:00,19.0,1009.7,95.0,AWS-MUM-103,Kalyan,MUM,neighbor,False,
2025-01-05 04:00:00,18.6,1009.9,93.0,AWS-MUM-103,Kalyan,MUM,neighbor,False,
2025-01-05 05:00:00,18.1,1010.2,93.0,AWS-MUM-103,Kalyan,MUM,neighbor,True,frozen_value
2025-01-05 06:00:00,18.1,1010.7,95.0,AWS-MUM-103,Kalyan,MUM,neighbor,True,frozen_value
2025-01-05 07:00:00,18.1,1011.4,97.0,AWS-MUM-103,Kalyan,MUM,neighbor,True,frozen_value
2025-01-05 08:00:00,18.1,1012.4,84.0,AWS-MUM-103,Kalyan,MUM,neighbor,True,frozen_value
2025-01-05 09:00:00,18.1,1012.8,62.0,AWS-MUM-103,Kalyan,MUM,neighbor,True,frozen_value
2025-01-05 10:00:00,18.1,1012.8,49.0,AWS-MUM-103,Kalyan,MUM,neighbor,True,frozen_value
2025-01-05 11:00:00,18.1,1012.0,41.0,AWS-MUM-103,Kalyan,MUM,neighbor,True,frozen_value
2025-01-05 12:00:00,18.1,1011.0,35.0,AWS-MUM-103,Kalyan,MUM,neighbor,True,frozen_value
2025-01-05 13:00:00,18.1,1009.7,29.0,AWS-MUM-103,Kalyan,MUM,neighbor,True,frozen_value
2025-01-05 14:00:00,31.9,1008.7,28.0,AWS-MUM-103,Kalyan,MUM,neighbor,False,
2025-01-05 15:00:00,32.3,1008.2,27.0,AWS-MUM-103,Kalyan,MUM,neighbor,False,
2025-01-05 16:00:00,31.6,1008.1,30.0,AWS-MUM-103,Kalyan,MUM,neighbor,False,
2025-01-05 17:00:00,29.3,1008.5,45.0,AWS-MUM-103,Kalyan,MUM,neighbor,False,
2025-01-05 18:00:00,26.7,1009.4,59.0,AWS-MUM-103,Kalyan,MUM,neighbor,False,
2025-01-05 19:00:00,25.7,1010.6,62.0,AWS-MUM-103,Kalyan,MUM,neighbor,False,
2025-01-05 20:00:00,24.8,1011.3,67.0,AWS-MUM-103,Kalyan,MUM,neighbor,False,
2025-01-05 21:00:00,24.4,1012.0,67.0,AWS-MUM-103,Kalyan,MUM,neighbor,False,
2025-01-05 22:00:00,24.1,1012.1,66.0,AWS-MUM-103,Kalyan,MUM,neighbor,False,
2025-01-05 23:00:00,23.8,1011.7,64.0,AWS-MUM-103,Kalyan,MUM,neighbor,False,
2025-01-06 00:00:00,23.0,1011.3,65.0,AWS-MUM-103,Kalyan,MUM,neighbor,False,
2025-01-06 01:00:00,21.5,1011.0,70.0,AWS-MUM-103,Kalyan,MUM,neighbor,False,
2025-01-06 02:00:00,20.7,1010.6,73.0,AWS-MUM-103,Kalyan,MUM,neighbor,False,
2025-01-06 03:00:00,19.9,1010.3,79.0,AWS-MUM-103,Kalyan,MUM,neighbor,False,
2025-01-06 04:00:00,19.2,1010.2,83.0,AWS-MUM-103,Kalyan,MUM,neighbor,False,
2025-01-06 05:00:00,18.9,1010.4,83.0,AWS-MUM-103,Kalyan,MUM,neighbor,False,
2025-01-06 06:00:00,18.1,1011.2,87.0,AWS-MUM-103,Kalyan,MUM,neighbor,False,
2025-01-06 07:00:00,18.1,1011.8,84.0,AWS-MUM-103,Kalyan,MUM,neighbor,False,
2025-01-06 08:00:00,19.5,1012.7,76.0,AWS-MUM-103,Kalyan,MUM,neighbor,False,
2025-01-06 09:00:00,21.9,1013.4,63.0,AWS-MUM-103,Kalyan,MUM,neighbor,False,
2025-01-06 10:00:00,24.5,1013.3,53.0,AWS-MUM-103,Kalyan,MUM,neighbor,False,
2025-01-06 11:00:00,27.2,1012.6,45.0,AWS-MUM-103,Kalyan,MUM,neighbor,False,
2025-01-06 12:00:00,29.3,1011.5,38.0,AWS-MUM-103,Kalyan,MUM,neighbor,False,
2025-01-06 13:00:00,30.5,1010.2,32.0,AWS-MUM-103,Kalyan,MUM,neighbor,True,drift
2025-01-06 14:00:00,31.0,1010.4272829768464,29.0,AWS-MUM-103,Kalyan,MUM,neighbor,True,drift
2025-01-06 15:00:00,30.9,1011.024557049436,28.0,AWS-MUM-103,Kalyan,MUM,neighbor,True,drift
2025-01-06 16:00:00,30.3,1011.9530337841304,29.0,AWS-MUM-103,Kalyan,MUM,neighbor,True,drift
2025-01-06 17:00:00,29.0,1013.1940708158294,34.0,AWS-MUM-103,Kalyan,MUM,neighbor,True,drift
2025-01-06 18:00:00,27.1,1014.7353036817556,41.0,AWS-MUM-103,Kalyan,MUM,neighbor,True,drift
2025-01-06 19:00:00,25.2,1016.5675412454965,48.0,AWS-MUM-103,Kalyan,MUM,neighbor,True,drift
2025-01-06 20:00:00,23.7,1018.6835068525834,54.0,AWS-MUM-103,Kalyan,MUM,neighbor,True,drift
2025-01-06 21:00:00,22.6,1021.077201372016,59.0,AWS-MUM-103,Kalyan,MUM,neighbor,True,drift
2025-01-06 22:00:00,21.6,1023.7435365652107,63.0,AWS-MUM-103,Kalyan,MUM,neighbor,True,drift
2025-01-06 23:00:00,21.0,1026.6781050670743,62.0,AWS-MUM-103,Kalyan,MUM,neighbor,True,drift
2025-01-07 00:00:00,20.4,1029.877026817449,60.0,AWS-MUM-103,Kalyan,MUM,neighbor,True,drift
2025-01-07 01:00:00,20.0,1033.3368415789087,60.0,AWS-MUM-103,Kalyan,MUM,neighbor,True,drift
2025-01-07 02:00:00,19.5,1037.054430864515,60.0,AWS-MUM-103,Kalyan,MUM,neighbor,True,drift
2025-01-07 03:00:00,18.9,1041.026959499857,63.0,AWS-MUM-103,Kalyan,MUM,neighbor,True,drift
2025-01-07 04:00:00,18.2,1045.2518307832252,66.0,AWS-MUM-103,Kalyan,MUM,neighbor,True,drift
2025-01-07 05:00:00,17.7,1049.7266513550169,70.0,AWS-MUM-103,Kalyan,MUM,neighbor,True,drift
2025-01-07 06:00:00,17.3,1054.4492031804186,80.0,AWS-MUM-103,Kalyan,MUM,neighbor,True,drift
2025-01-07 07:00:00,17.1,1059.4174208596412,84.0,AWS-MUM-103,Kalyan,MUM,neighbor,True,drift
2025-01-07 08:00:00,18.6,1064.6293730051702,76.0,AWS-MUM-103,Kalyan,MUM,neighbor,True,drift
2025-01-07 09:00:00,21.7,1070.083246776046,62.0,AWS-MUM-103,Kalyan,MUM,neighbor,True,drift
2025-01-07 10:00:00,25.3,1075.777334899171,51.0,AWS-MUM-103,Kalyan,MUM,neighbor,True,drift
2025-01-07 11:00:00,28.5,1081.7100246756875,42.0,AWS-MUM-103,Kalyan,MUM,neighbor,True,drift
2025-01-07 12:00:00,30.7,1087.879788590468,35.0,AWS-MUM-103,Kalyan,MUM,neighbor,True,drift
2025-01-07 13:00:00,32.1,1094.2851762300002,30.0,AWS-MUM-103,Kalyan,MUM,neighbor,True,drift
2025-01-07 14:00:00,32.8,1100.0,26.0,AWS-MUM-103,Kalyan,MUM,neighbor,True,drift
2025-01-07 15:00:00,32.9,1100.0,24.0,AWS-MUM-103,Kalyan,MUM,neighbor,True,drift
2025-01-07 16:00:00,32.6,1100.0,24.0,AWS-MUM-103,Kalyan,MUM,neighbor,True,drift
2025-01-07 17:00:00,31.7,1100.0,26.0,AWS-MUM-103,Kalyan,MUM,neighbor,True,drift
2025-01-07 18:00:00,29.8,1100.0,33.0,AWS-MUM-103,Kalyan,MUM,neighbor,True,drift
2025-01-07 19:00:00,28.5,1100.0,34.0,AWS-MUM-103,Kalyan,MUM,neighbor,True,drift
2025-01-07 20:00:00,26.2,1100.0,43.0,AWS-MUM-103,Kalyan,MUM,neighbor,True,drift
2025-01-07 21:00:00,24.8,1100.0,51.0,AWS-MUM-103,Kalyan,MUM,neighbor,True,drift
2025-01-07 22:00:00,24.0,1100.0,55.0,AWS-MUM-103,Kalyan,MUM,neighbor,True,drift
2025-01-07 23:00:00,23.4,1100.0,58.0,AWS-MUM-103,Kalyan,MUM,neighbor,True,drift
2025-01-08 00:00:00,22.8,1100.0,61.0,AWS-MUM-103,Kalyan,MUM,neighbor,True,drift
2025-01-08 01:00:00,22.2,1100.0,64.0,AWS-MUM-103,Kalyan,MUM,neighbor,True,drift
2025-01-08 02:00:00,21.6,1100.0,66.0,AWS-MUM-103,Kalyan,MUM,neighbor,True,drift
2025-01-08 03:00:00,21.0,1100.0,69.0,AWS-MUM-103,Kalyan,MUM,neighbor,True,drift
2025-01-08 04:00:00,20.4,1100.0,71.0,AWS-MUM-103,Kalyan,MUM,neighbor,True,drift
2025-01-08 05:00:00,19.9,1100.0,73.0,AWS-MUM-103,Kalyan,MUM,neighbor,True,drift
2025-01-08 06:00:00,19.4,1100.0,75.0,AWS-MUM-103,Kalyan,MUM,neighbor,True,drift
2025-01-08 07:00:00,19.1,1100.0,76.0,AWS-MUM-103,Kalyan,MUM,neighbor,True,drift
2025-01-08 08:00:00,20.3,1100.0,70.0,AWS-MUM-103,Kalyan,MUM,neighbor,True,drift
2025-01-08 09:00:00,23.1,1100.0,59.0,AWS-MUM-103,Kalyan,MUM,neighbor,True,drift
2025-01-08 10:00:00,26.6,1100.0,47.0,AWS-MUM-103,Kalyan,MUM,neighbor,True,drift
2025-01-08 11:00:00,29.5,1012.2,38.0,AWS-MUM-103,Kalyan,MUM,neighbor,False,
2025-01-08 12:00:00,31.7,1010.9,31.0,AWS-MUM-103,Kalyan,MUM,neighbor,False,
2025-01-08 13:00:00,32.9,1009.7,25.0,AWS-MUM-103,Kalyan,MUM,neighbor,False,
2025-01-08 14:00:00,33.3,1008.7,24.0,AWS-MUM-103,Kalyan,MUM,neighbor,False,
2025-01-08 15:00:00,33.4,1008.1,24.0,AWS-MUM-103,Kalyan,MUM,neighbor,False,
2025-01-08 16:00:00,32.8,1007.9,25.0,AWS-MUM-103,Kalyan,MUM,neighbor,False,
2025-01-08 17:00:00,31.4,1008.2,28.0,AWS-MUM-103,Kalyan,MUM,neighbor,False,
2025-01-08 18:00:00,29.8,1008.8,30.0,AWS-MUM-103,Kalyan,MUM,neighbor,False,
2025-01-08 19:00:00,27.7,1009.7,45.0,AWS-MUM-103,Kalyan,MUM,neighbor,False,
2025-01-08 20:00:00,26.2,1010.5,53.0,AWS-MUM-103,Kalyan,MUM,neighbor,False,
2025-01-08 21:00:00,25.4,1010.8,50.0,AWS-MUM-103,Kalyan,MUM,neighbor,False,
2025-01-08 22:00:00,24.5,1011.0,47.0,AWS-MUM-103,Kalyan,MUM,neighbor,False,
2025-01-08 23:00:00,23.5,1010.9,51.0,AWS-MUM-103,Kalyan,MUM,neighbor,False,
2025-01-09 00:00:00,142.06153875048963,1008.5309065772351,100.0,AWS-MUM-103,Kalyan,MUM,neighbor,True,multivariate_inconsistency
2025-01-09 01:00:00,141.16153875048963,1010.8962388229352,100.0,AWS-MUM-103,Kalyan,MUM,neighbor,True,multivariate_inconsistency
2025-01-09 02:00:00,140.26153875048962,1008.7490685199936,100.0,AWS-MUM-103,Kalyan,MUM,neighbor,True,multivariate_inconsistency
2025-01-09 03:00:00,139.56153875048963,1009.1517551096664,100.0,AWS-MUM-103,Kalyan,MUM,neighbor,True,multivariate_inconsistency
2025-01-09 04:00:00,158.28444569231715,1008.7181492031083,100.0,AWS-MUM-103,Kalyan,MUM,neighbor,True,multivariate_inconsistency
2025-01-09 05:00:00,158.08444569231713,1010.3705470787916,100.0,AWS-MUM-103,Kalyan,MUM,neighbor,True,multivariate_inconsistency
2025-01-09 06:00:00,157.78444569231715,1012.1471458361718,100.0,AWS-MUM-103,Kalyan,MUM,neighbor,True,multivariate_inconsistency
2025-01-09 07:00:00,157.78444569231715,1011.8655673865169,100.0,AWS-MUM-103,Kalyan,MUM,neighbor,True,multivariate_inconsistency
2025-01-09 08:00:00,159.28444569231715,1010.9843760608597,100.0,AWS-MUM-103,Kalyan,MUM,neighbor,True,multivariate_inconsistency
2025-01-09 09:00:00,23.5,1013.0,49.0,AWS-MUM-103,Kalyan,MUM,neighbor,False,
2025-01-09 10:00:00,27.2,1013.0,37.0,AWS-MUM-103,Kalyan,MUM,neighbor,False,
2025-01-09 11:00:00,29.9,1012.2,30.0,AWS-MUM-103,Kalyan,MUM,neighbor,False,
2025-01-09 12:00:00,31.8,1010.9,26.0,AWS-MUM-103,Kalyan,MUM,neighbor,False,
2025-01-09 13:00:00,32.6,1009.8,23.0,AWS-MUM-103,Kalyan,MUM,neighbor,False,
2025-01-09 14:00:00,32.9,1008.7,23.0,AWS-MUM-103,Kalyan,MUM,neighbor,False,
2025-01-09 15:00:00,32.9,1008.1,23.0,AWS-MUM-103,Kalyan,MUM,neighbor,False,
2025-01-09 16:00:00,32.8,1008.0,23.0,AWS-MUM-103,Kalyan,MUM,neighbor,False,
2025-01-09 17:00:00,32.1,1008.5,23.0,AWS-MUM-103,Kalyan,MUM,neighbor,False,
2025-01-09 18:00:00,29.4,1009.7,28.0,AWS-MUM-103,Kalyan,MUM,neighbor,False,
2025-01-09 19:00:00,27.5,1010.6,38.0,AWS-MUM-103,Kalyan,MUM,neighbor,False,
2025-01-09 20:00:00,25.5,1011.8,51.0,AWS-MUM-103,Kalyan,MUM,neighbor,False,
2025-01-09 21:00:00,24.3,,53.0,AWS-MUM-103,Kalyan,MUM,neighbor,True,dropout
2025-01-09 22:00:00,23.4,1013.3,55.0,AWS-MUM-103,Kalyan,MUM,neighbor,False,
2025-01-09 23:00:00,22.3,1012.9,61.0,AWS-MUM-103,Kalyan,MUM,neighbor,False,
2025-01-10 00:00:00,21.7,1012.2,64.0,AWS-MUM-103,Kalyan,MUM,neighbor,False,
2025-01-10 01:00:00,21.1,1011.7,66.0,AWS-MUM-103,Kalyan,MUM,neighbor,False,
2025-01-10 02:00:00,20.4,1011.2,68.0,AWS-MUM-103,Kalyan,MUM,neighbor,False,
2025-01-10 03:00:00,19.7,1010.8,69.0,AWS-MUM-103,Kalyan,MUM,neighbor,False,
2025-01-10 04:00:00,19.1,1010.8,72.0,AWS-MUM-103,Kalyan,MUM,neighbor,False,
2025-01-10 05:00:00,18.6,1011.0,74.0,AWS-MUM-103,Kalyan,MUM,neighbor,False,
2025-01-10 06:00:00,18.4,1012.2,73.0,AWS-MUM-103,Kalyan,MUM,neighbor,False,
2025-01-10 07:00:00,18.2,1012.8,72.0,AWS-MUM-103,Kalyan,MUM,neighbor,False,
2025-01-10 08:00:00,19.9,1013.7,66.0,AWS-MUM-103,Kalyan,MUM,neighbor,False,
2025-01-10 09:00:00,23.3,1014.3,51.0,AWS-MUM-103,Kalyan,MUM,neighbor,False,
2025-01-10 10:00:00,27.0,1014.4,39.0,AWS-MUM-103,Kalyan,MUM,neighbor,False,
2025-01-10 11:00:00,29.6,1013.9,33.0,AWS-MUM-103,Kalyan,MUM,neighbor,False,
2025-01-10 12:00:00,31.5,1012.6,30.0,AWS-MUM-103,Kalyan,MUM,neighbor,False,
2025-01-10 13:00:00,32.6,1011.4,26.0,AWS-MUM-103,Kalyan,MUM,neighbor,False,
2025-01-10 14:00:00,32.9,1010.4,25.0,AWS-MUM-103,Kalyan,MUM,neighbor,False,
2025-01-10 15:00:00,32.9,1009.9,25.0,AWS-MUM-103,Kalyan,MUM,neighbor,False,
2025-01-10 16:00:00,32.1,1009.8,26.0,AWS-MUM-103,Kalyan,MUM,neighbor,False,
2025-01-10 17:00:00,30.7,1010.2,30.0,AWS-MUM-103,Kalyan,MUM,neighbor,False,
2025-01-10 18:00:00,28.3,1010.7,38.0,AWS-MUM-103,Kalyan,MUM,neighbor,False,
2025-01-10 19:00:00,26.8,1011.5,45.0,AWS-MUM-103,Kalyan,MUM,neighbor,False,
2025-01-10 20:00:00,25.9,1012.3,51.0,AWS-MUM-103,Kalyan,MUM,neighbor,False,
2025-01-10 21:00:00,24.8,1013.3,61.0,AWS-MUM-103,Kalyan,MUM,neighbor,False,
2025-01-10 22:00:00,24.2,1013.7,56.0,AWS-MUM-103,Kalyan,MUM,neighbor,False,
2025-01-10 23:00:00,23.3,1013.4,58.0,AWS-MUM-103,Kalyan,MUM,neighbor,False,
2025-01-11 00:00:00,22.3,1012.9,62.0,AWS-MUM-103,Kalyan,MUM,neighbor,False,
2025-01-11 01:00:00,21.6,1012.6,65.0,AWS-MUM-103,Kalyan,MUM,neighbor,False,
2025-01-11 02:00:00,20.9,1012.0,69.0,AWS-MUM-103,Kalyan,MUM,neighbor,False,
2025-01-11 03:00:00,20.2,1011.5,73.0,AWS-MUM-103,Kalyan,MUM,neighbor,False,
2025-01-11 04:00:00,19.8,1011.6,76.0,AWS-MUM-103,Kalyan,MUM,neighbor,False,
2025-01-11 05:00:00,19.4,1011.8,75.0,AWS-MUM-103,Kalyan,MUM,neighbor,False,
2025-01-11 06:00:00,19.3,1012.6,80.0,AWS-MUM-103,Kalyan,MUM,neighbor,False,
2025-01-11 07:00:00,18.9,1013.2,85.0,AWS-MUM-103,Kalyan,MUM,neighbor,False,
2025-01-11 08:00:00,20.5,1014.2,74.0,AWS-MUM-103,Kalyan,MUM,neighbor,False,
2025-01-11 09:00:00,23.3,1014.7,59.0,AWS-MUM-103,Kalyan,MUM,neighbor,False,
2025-01-11 10:00:00,26.0,1014.8,49.0,AWS-MUM-103,Kalyan,MUM,neighbor,False,
2025-01-11 11:00:00,28.1,1014.0,41.0,AWS-MUM-103,Kalyan,MUM,neighbor,False,
2025-01-11 12:00:00,29.7,1012.6,35.0,AWS-MUM-103,Kalyan,MUM,neighbor,False,
2025-01-11 13:00:00,30.9,1011.4,32.0,AWS-MUM-103,Kalyan,MUM,neighbor,False,
2025-01-11 14:00:00,31.4,1010.2,31.0,AWS-MUM-103,Kalyan,MUM,neighbor,False,
2025-01-11 15:00:00,31.4,1009.6,33.0,AWS-MUM-103,Kalyan,MUM,neighbor,False,
2025-01-11 16:00:00,30.5,1009.7,36.0,AWS-MUM-103,Kalyan,MUM,neighbor,False,
2025-01-11 17:00:00,28.9,1010.2,40.0,AWS-MUM-103,Kalyan,MUM,neighbor,False,
2025-01-11 18:00:00,27.0,1011.1,45.0,AWS-MUM-103,Kalyan,MUM,neighbor,False,
2025-01-11 19:00:00,25.7,1011.7,51.0,AWS-MUM-103,Kalyan,MUM,neighbor,False,
2025-01-11 20:00:00,24.6,1012.7,57.0,AWS-MUM-103,Kalyan,MUM,neighbor,False,
2025-01-11 21:00:00,23.8,1013.5,60.0,AWS-MUM-103,Kalyan,MUM,neighbor,False,
2025-01-11 22:00:00,22.9,1013.9,64.0,AWS-MUM-103,Kalyan,MUM,neighbor,False,
2025-01-11 23:00:00,22.1,1013.9,69.0,AWS-MUM-103,Kalyan,MUM,neighbor,False,
2025-01-12 00:00:00,21.4,1013.5,72.0,AWS-MUM-103,Kalyan,MUM,neighbor,False,
2025-01-12 01:00:00,20.6,1013.2,76.0,AWS-MUM-103,Kalyan,MUM,neighbor,False,
2025-01-12 02:00:00,19.7,1012.5,83.0,AWS-MUM-103,Kalyan,MUM,neighbor,False,
2025-01-12 03:00:00,19.2,1012.1,86.0,AWS-MUM-103,Kalyan,MUM,neighbor,False,
2025-01-12 04:00:00,18.9,1012.2,87.0,AWS-MUM-103,Kalyan,MUM,neighbor,False,
2025-01-12 05:00:00,18.8,1012.6,85.0,AWS-MUM-103,Kalyan,MUM,neighbor,False,
2025-01-12 06:00:00,18.3,1013.1,91.0,AWS-MUM-103,Kalyan,MUM,neighbor,False,
2025-01-12 07:00:00,18.4,1013.9,88.0,AWS-MUM-103,Kalyan,MUM,neighbor,False,
2025-01-12 08:00:00,19.9,1014.7,75.0,AWS-MUM-103,Kalyan,MUM,neighbor,False,
2025-01-12 09:00:00,22.0,1015.0,61.0,AWS-MUM-103,Kalyan,MUM,neighbor,False,
2025-01-12 10:00:00,24.6,1014.9,53.0,AWS-MUM-103,Kalyan,MUM,neighbor,False,
2025-01-12 11:00:00,27.4,1014.1,44.0,AWS-MUM-103,Kalyan,MUM,neighbor,False,
2025-01-12 12:00:00,29.8,1012.8,36.0,AWS-MUM-103,Kalyan,MUM,neighbor,False,
2025-01-12 13:00:00,31.1,1011.1,32.0,AWS-MUM-103,Kalyan,MUM,neighbor,False,
2025-01-12 14:00:00,31.7,1010.0,31.0,AWS-MUM-103,Kalyan,MUM,neighbor,False,
2025-01-12 15:00:00,32.0,1009.1,31.0,AWS-MUM-103,Kalyan,MUM,neighbor,False,
2025-01-12 16:00:00,31.8,1009.0,31.0,AWS-MUM-103,Kalyan,MUM,neighbor,False,
2025-01-12 17:00:00,30.9,1009.3,33.0,AWS-MUM-103,Kalyan,MUM,neighbor,True,frozen_value
2025-01-12 18:00:00,28.9,1010.3,33.0,AWS-MUM-103,Kalyan,MUM,neighbor,True,frozen_value
2025-01-12 19:00:00,26.9,1011.1,33.0,AWS-MUM-103,Kalyan,MUM,neighbor,True,frozen_value
2025-01-12 20:00:00,25.8,1012.1,33.0,AWS-MUM-103,Kalyan,MUM,neighbor,True,frozen_value
2025-01-12 21:00:00,25.0,1012.6,33.0,AWS-MUM-103,Kalyan,MUM,neighbor,True,frozen_value
2025-01-12 22:00:00,24.4,1012.7,33.0,AWS-MUM-103,Kalyan,MUM,neighbor,True,frozen_value
2025-01-12 23:00:00,23.6,1012.3,33.0,AWS-MUM-103,Kalyan,MUM,neighbor,True,frozen_value
2025-01-13 00:00:00,22.9,1012.0,33.0,AWS-MUM-103,Kalyan,MUM,neighbor,True,frozen_value
2025-01-13 01:00:00,22.4,1011.6,62.0,AWS-MUM-103,Kalyan,MUM,neighbor,False,
2025-01-13 02:00:00,21.9,1011.0,67.0,AWS-MUM-103,Kalyan,MUM,neighbor,False,
2025-01-13 03:00:00,21.6,1010.5,70.0,AWS-MUM-103,Kalyan,MUM,neighbor,False,
2025-01-13 04:00:00,21.6,1010.4,72.0,AWS-MUM-103,Kalyan,MUM,neighbor,False,
2025-01-13 05:00:00,21.5,1010.4,73.0,AWS-MUM-103,Kalyan,MUM,neighbor,False,
2025-01-13 06:00:00,21.8,1011.3,70.0,AWS-MUM-103,Kalyan,MUM,neighbor,False,
2025-01-13 07:00:00,21.6,1011.8,72.0,AWS-MUM-103,Kalyan,MUM,neighbor,False,
2025-01-13 08:00:00,23.1,1012.6,66.0,AWS-MUM-103,Kalyan,MUM,neighbor,False,
2025-01-13 09:00:00,25.7,1012.8,56.0,AWS-MUM-103,Kalyan,MUM,neighbor,False,
2025-01-13 10:00:00,28.4,1012.5,47.0,AWS-MUM-103,Kalyan,MUM,neighbor,False,
2025-01-13 11:00:00,30.5,1011.7,42.0,AWS-MUM-103,Kalyan,MUM,neighbor,False,
2025-01-13 12:00:00,32.2,1010.3,38.0,AWS-MUM-103,Kalyan,MUM,neighbor,False,
2025-01-13 13:00:00,33.4,1008.9,33.0,AWS-MUM-103,Kalyan,MUM,neighbor,False,
2025-01-13 14:00:00,34.0,1007.8,31.0,AWS-MUM-103,Kalyan,MUM,neighbor,False,
2025-01-13 15:00:00,34.2,1007.0,29.0,AWS-MUM-103,Kalyan,MUM,neighbor,False,
2025-01-13 16:00:00,34.3,1006.7,28.0,AWS-MUM-103,Kalyan,MUM,neighbor,False,
2025-01-13 17:00:00,33.4,1007.0,29.0,AWS-MUM-103,Kalyan,MUM,neighbor,False,
2025-01-13 18:00:00,30.9,1008.0,36.0,AWS-MUM-103,Kalyan,MUM,neighbor,False,
2025-01-13 19:00:00,29.2,1008.8,44.0,AWS-MUM-103,Kalyan,MUM,neighbor,False,
2025-01-13 20:00:00,27.6,1009.9,53.0,AWS-MUM-103,Kalyan,MUM,neighbor,True,drift
2025-01-13 21:00:00,26.2,1010.8894490652208,55.0,AWS-MUM-103,Kalyan,MUM,neighbor,True,drift
2025-01-13 22:00:00,25.1,1012.4335241312127,56.0,AWS-MUM-103,Kalyan,MUM,neighbor,True,drift
2025-01-13 23:00:00,24.0,1014.2912578054071,59.0,AWS-MUM-103,Kalyan,MUM,neighbor,True,drift
2025-01-14 00:00:00,23.2,1016.3873531077204,63.0,AWS-MUM-103,Kalyan,MUM,neighbor,True,drift
2025-01-14 01:00:00,22.7,1018.6806439411306,64.0,AWS-MUM-103,Kalyan,MUM,neighbor,True,drift
2025-01-14 02:00:00,22.4,1021.1444095571181,64.0,AWS-MUM-103,Kalyan,MUM,neighbor,True,drift
2025-01-14 03:00:00,22.1,1023.7596147235048,65.0,AWS-MUM-103,Kalyan,MUM,neighbor,True,drift
2025-01-14 04:00:00,21.7,1026.5118704500126,68.0,AWS-MUM-103,Kalyan,MUM,neighbor,True,drift
2025-01-14 05:00:00,21.3,1029.3898404801378,72.0,AWS-MUM-103,Kalyan,MUM,neighbor,True,drift
2025-01-14 06:00:00,20.7,1032.3843162658968,78.0,AWS-MUM-103,Kalyan,MUM,neighbor,True,drift
2025-01-14 07:00:00,20.7,1035.4876392631288,79.0,AWS-MUM-103,Kalyan,MUM,neighbor,True,drift
2025-01-14 08:00:00,22.2,1038.6933196166938,73.0,AWS-MUM-103,Kalyan,MUM,neighbor,True,drift
2025-01-14 09:00:00,25.3,1041.995773299709,60.0,AWS-MUM-103,Kalyan,MUM,neighbor,True,drift
2025-01-14 10:00:00,28.9,1045.3901344420738,47.0,AWS-MUM-103,Kalyan,MUM,neighbor,True,drift
2025-01-14 11:00:00,31.6,1048.8721174068485,37.0,AWS-MUM-103,Kalyan,MUM,neighbor,True,drift
2025-01-14 12:00:00,33.3,1052.4379129336355,33.0,AWS-MUM-103,Kalyan,MUM,neighbor,True,drift
2025-01-14 13:00:00,34.4,1056.0841082978463,29.0,AWS-MUM-103,Kalyan,MUM,neighbor,True,drift
2025-01-14 14:00:00,34.9,1059.8076248259079,28.0,AWS-MUM-103,Kalyan,MUM,neighbor,True,drift
2025-01-14 15:00:00,34.9,1063.6056682259195,27.0,AWS-MUM-103,Kalyan,MUM,neighbor,True,drift
2025-01-14 16:00:00,33.4,1067.4756885606857,32.0,AWS-MUM-103,Kalyan,MUM,neighbor,True,drift
2025-01-14 17:00:00,30.4,1071.4153475970065,45.0,AWS-MUM-103,Kalyan,MUM,neighbor,True,drift
2025-01-14 18:00:00,28.5,1075.422491881485,54.0,AWS-MUM-103,Kalyan,MUM,neighbor,True,drift
2025-01-14 19:00:00,26.8,1079.495130321103,60.0,AWS-MUM-103,Kalyan,MUM,neighbor,True,drift
2025-01-14 20:00:00,25.9,1083.6314153498238,64.0,AWS-MUM-103,Kalyan,MUM,neighbor,True,drift
2025-01-14 21:00:00,25.4,1087.8296269806929,65.0,AWS-MUM-103,Kalyan,MUM,neighbor,True,drift
2025-01-14 22:00:00,24.9,1092.0881592025708,67.0,AWS-MUM-103,Kalyan,MUM,neighbor,True,drift
2025-01-14 23:00:00,24.4,1096.4055082990965,69.0,AWS-MUM-103,Kalyan,MUM,neighbor,True,drift
2025-01-15 00:00:00,23.8,1100.0,72.0,AWS-MUM-103,Kalyan,MUM,neighbor,True,drift
2025-01-15 01:00:00,23.9,1100.0,74.0,AWS-MUM-103,Kalyan,MUM,neighbor,True,drift
2025-01-15 02:00:00,23.5,1100.0,73.0,AWS-MUM-103,Kalyan,MUM,neighbor,True,drift
2025-01-15 03:00:00,23.2,1100.0,74.0,AWS-MUM-103,Kalyan,MUM,neighbor,True,drift
2025-01-15 04:00:00,22.7,1100.0,76.0,AWS-MUM-103,Kalyan,MUM,neighbor,True,drift
2025-01-15 05:00:00,22.3,1100.0,78.0,AWS-MUM-103,Kalyan,MUM,neighbor,True,drift
2025-01-15 06:00:00,21.8,1100.0,83.0,AWS-MUM-103,Kalyan,MUM,neighbor,True,drift
2025-01-15 07:00:00,21.5,1100.0,84.0,AWS-MUM-103,Kalyan,MUM,neighbor,True,drift
2025-01-15 08:00:00,23.2,1100.0,75.0,AWS-MUM-103,Kalyan,MUM,neighbor,True,drift
2025-01-15 09:00:00,25.9,1100.0,61.0,AWS-MUM-103,Kalyan,MUM,neighbor,True,drift
2025-01-15 10:00:00,28.3,1100.0,53.0,AWS-MUM-103,Kalyan,MUM,neighbor,True,drift
2025-01-15 11:00:00,30.6,1100.0,45.0,AWS-MUM-103,Kalyan,MUM,neighbor,True,drift
2025-01-15 12:00:00,32.2,1100.0,41.0,AWS-MUM-103,Kalyan,MUM,neighbor,True,drift
2025-01-15 13:00:00,33.8,1010.4,36.0,AWS-MUM-103,Kalyan,MUM,neighbor,False,
2025-01-15 14:00:00,33.6,1009.5,37.0,AWS-MUM-103,Kalyan,MUM,neighbor,False,
2025-01-15 15:00:00,31.8,1009.1,44.0,AWS-MUM-103,Kalyan,MUM,neighbor,False,
2025-01-15 16:00:00,30.5,1009.4,47.0,AWS-MUM-103,Kalyan,MUM,neighbor,False,
2025-01-15 17:00:00,29.2,1009.9,50.0,AWS-MUM-103,Kalyan,MUM,neighbor,False,
2025-01-15 18:00:00,27.3,1011.1,58.0,AWS-MUM-103,Kalyan,MUM,neighbor,False,
2025-01-15 19:00:00,26.0,1012.2,64.0,AWS-MUM-103,Kalyan,MUM,neighbor,False,
2025-01-15 20:00:00,25.0,1013.4,67.0,AWS-MUM-103,Kalyan,MUM,neighbor,False,
2025-01-15 21:00:00,24.4,1013.8,69.0,AWS-MUM-103,Kalyan,MUM,neighbor,False,
2025-01-15 22:00:00,23.8,1014.1,71.0,AWS-MUM-103,Kalyan,MUM,neighbor,False,
2025-01-15 23:00:00,23.2,1014.0,73.0,AWS-MUM-103,Kalyan,MUM,neighbor,False,
2025-01-16 00:00:00,22.7,1013.5,75.0,AWS-MUM-103,Kalyan,MUM,neighbor,False,
2025-01-16 01:00:00,22.3,1013.1,77.0,AWS-MUM-103,Kalyan,MUM,neighbor,False,
2025-01-16 02:00:00,21.7,1012.4,80.0,AWS-MUM-103,Kalyan,MUM,neighbor,False,
2025-01-16 03:00:00,,1011.9,82.0,AWS-MUM-103,Kalyan,MUM,neighbor,True,dropout
2025-01-16 04:00:00,20.7,1011.6,83.0,AWS-MUM-103,Kalyan,MUM,neighbor,False,
2025-01-16 05:00:00,20.4,1011.6,83.0,AWS-MUM-103,Kalyan,MUM,neighbor,False,
2025-01-16 06:00:00,19.5,1012.5,89.0,AWS-MUM-103,Kalyan,MUM,neighbor,False,
2025-01-16 07:00:00,19.4,1013.1,89.0,AWS-MUM-103,Kalyan,MUM,neighbor,False,
2025-01-16 08:00:00,20.5,1013.9,82.0,AWS-MUM-103,Kalyan,MUM,neighbor,False,
2025-01-16 09:00:00,22.8,1014.4,71.0,AWS-MUM-103,Kalyan,MUM,neighbor,False,
2025-01-16 10:00:00,25.8,1014.4,60.0,AWS-MUM-103,Kalyan,MUM,neighbor,False,
2025-01-16 11:00:00,28.6,1013.5,50.0,AWS-MUM-103,Kalyan,MUM,neighbor,False,
2025-01-16 12:00:00,30.6,1012.4,44.0,AWS-MUM-103,Kalyan,MUM,neighbor,False,
2025-01-16 13:00:00,31.8,1011.0,40.0,AWS-MUM-103,Kalyan,MUM,neighbor,False,
2025-01-16 14:00:00,32.5,1010.0,38.0,AWS-MUM-103,Kalyan,MUM,neighbor,False,
2025-01-16 15:00:00,32.8,1009.5,35.0,AWS-MUM-103,Kalyan,MUM,neighbor,False,
2025-01-16 16:00:00,32.3,1009.5,37.0,AWS-MUM-103,Kalyan,MUM,neighbor,False,
2025-01-16 17:00:00,30.9,1010.3,41.0,AWS-MUM-103,Kalyan,MUM,neighbor,False,
2025-01-16 18:00:00,28.5,1011.4,54.0,AWS-MUM-103,Kalyan,MUM,neighbor,False,
2025-01-16 19:00:00,26.8,1012.3,59.0,AWS-MUM-103,Kalyan,MUM,neighbor,False,
2025-01-16 20:00:00,26.0,1013.3,60.0,AWS-MUM-103,Kalyan,MUM,neighbor,False,
2025-01-16 21:00:00,25.4,1013.8,61.0,AWS-MUM-103,Kalyan,MUM,neighbor,False,
2025-01-16 22:00:00,168.37961875368381,1011.3379545411719,100.0,AWS-MUM-103,Kalyan,MUM,neighbor,True,multivariate_inconsistency
2025-01-16 23:00:00,168.0796187536838,1013.5448319525132,100.0,AWS-MUM-103,Kalyan,MUM,neighbor,True,multivariate_inconsistency
2025-01-17 00:00:00,167.5796187536838,1013.9648194969606,100.0,AWS-MUM-103,Kalyan,MUM,neighbor,True,multivariate_inconsistency
2025-01-17 01:00:00,167.0796187536838,1010.7236112913367,100.0,AWS-MUM-103,Kalyan,MUM,neighbor,True,multivariate_inconsistency
2025-01-17 02:00:00,23.2,1011.6,68.0,AWS-MUM-103,Kalyan,MUM,neighbor,False,
2025-01-17 03:00:00,22.9,1011.3,70.0,AWS-MUM-103,Kalyan,MUM,neighbor,False,
2025-01-17 04:00:00,23.1,1011.1,70.0,AWS-MUM-103,Kalyan,MUM,neighbor,False,
2025-01-17 05:00:00,23.2,1010.9,70.0,AWS-MUM-103,Kalyan,MUM,neighbor,False,
2025-01-17 06:00:00,22.6,1011.6,75.0,AWS-MUM-103,Kalyan,MUM,neighbor,False,
2025-01-17 07:00:00,22.3,1012.0,76.0,AWS-MUM-103,Kalyan,MUM,neighbor,False,
2025-01-17 08:00:00,23.6,1012.6,70.0,AWS-MUM-103,Kalyan,MUM,neighbor,False,
2025-01-17 09:00:00,26.3,1012.8,60.0,AWS-MUM-103,Kalyan,MUM,neighbor,False,
2025-01-17 10:00:00,29.3,1012.6,48.0,AWS-MUM-103,Kalyan,MUM,neighbor,False,
2025-01-17 11:00:00,31.3,1012.0,40.0,AWS-MUM-103,Kalyan,MUM,neighbor,False,
2025-01-17 12:00:00,33.0,1010.6,35.0,AWS-MUM-103,Kalyan,MUM,neighbor,False,
2025-01-17 13:00:00,33.9,1009.1,30.0,AWS-MUM-103,Kalyan,MUM,neighbor,False,
2025-01-17 14:00:00,86.68983518689407,1007.9,28.0,AWS-MUM-103,Kalyan,MUM,neighbor,True,spike
2025-01-17 15:00:00,34.7,1007.1,27.0,AWS-MUM-103,Kalyan,MUM,neighbor,False,
2025-01-17 16:00:00,34.7,1006.9,26.0,AWS-MUM-103,Kalyan,MUM,neighbor,False,
2025-01-17 17:00:00,34.1,1007.3,27.0,AWS-MUM-103,Kalyan,MUM,neighbor,False,
2025-01-17 18:00:00,32.0,1008.2,31.0,AWS-MUM-103,Kalyan,MUM,neighbor,False,
2025-01-17 19:00:00,29.9,1009.1,38.0,AWS-MUM-103,Kalyan,MUM,neighbor,False,
2025-01-17 20:00:00,27.4,1010.4,56.0,AWS-MUM-103,Kalyan,MUM,neighbor,False,
2025-01-17 21:00:00,26.3,1011.0,60.0,AWS-MUM-103,Kalyan,MUM,neighbor,False,
2025-01-17 22:00:00,25.5,1011.2,63.0,AWS-MUM-103,Kalyan,MUM,neighbor,False,
2025-01-17 23:00:00,25.4,1010.9,58.0,AWS-MUM-103,Kalyan,MUM,neighbor,False,
2025-01-18 00:00:00,25.1,1010.5,53.0,AWS-MUM-103,Kalyan,MUM,neighbor,False,
2025-01-18 01:00:00,24.2,1010.2,56.0,AWS-MUM-103,Kalyan,MUM,neighbor,False,
2025-01-18 02:00:00,23.6,1009.9,58.0,AWS-MUM-103,Kalyan,MUM,neighbor,False,
2025-01-18 03:00:00,23.2,1009.7,59.0,AWS-MUM-103,Kalyan,MUM,neighbor,False,
2025-01-18 04:00:00,22.8,1009.5,59.0,AWS-MUM-103,Kalyan,MUM,neighbor,False,
2025-01-18 05:00:00,22.3,1009.8,61.0,AWS-MUM-103,Kalyan,MUM,neighbor,False,
2025-01-18 06:00:00,21.3,1010.7,65.0,AWS-MUM-103,Kalyan,MUM,neighbor,False,
2025-01-18 07:00:00,21.0,1011.4,66.0,AWS-MUM-103,Kalyan,MUM,neighbor,False,
2025-01-18 08:00:00,22.6,1012.2,59.0,AWS-MUM-103,Kalyan,MUM,neighbor,False,
2025-01-18 09:00:00,26.0,1012.9,48.0,AWS-MUM-103,Kalyan,MUM,neighbor,False,
2025-01-18 10:00:00,29.2,1013.0,36.0,AWS-MUM-103,Kalyan,MUM,neighbor,False,
2025-01-18 11:00:00,31.4,1012.3,31.0,AWS-MUM-103,Kalyan,MUM,neighbor,False,
2025-01-18 12:00:00,32.9,1010.8,26.0,AWS-MUM-103,Kalyan,MUM,neighbor,False,
2025-01-18 13:00:00,33.9,1009.3,21.0,AWS-MUM-103,Kalyan,MUM,neighbor,False,
2025-01-18 14:00:00,34.2,1008.1,18.0,AWS-MUM-103,Kalyan,MUM,neighbor,False,
2025-01-18 15:00:00,34.3,1007.5,17.0,AWS-MUM-103,Kalyan,MUM,neighbor,False,
2025-01-18 16:00:00,34.0,1007.4,16.0,AWS-MUM-103,Kalyan,MUM,neighbor,False,
2025-01-18 17:00:00,33.3,1007.7,17.0,AWS-MUM-103,Kalyan,MUM,neighbor,False,
2025-01-18 18:00:00,30.7,1008.7,23.0,AWS-MUM-103,Kalyan,MUM,neighbor,False,
2025-01-18 19:00:00,29.1,1009.5,34.0,AWS-MUM-103,Kalyan,MUM,neighbor,False,
2025-01-18 20:00:00,26.9,1010.3,46.0,AWS-MUM-103,Kalyan,MUM,neighbor,False,
2025-01-18 21:00:00,25.8,1011.1,50.0,AWS-MUM-103,Kalyan,MUM,neighbor,False,
2025-01-18 22:00:00,24.5,1011.5,56.0,AWS-MUM-103,Kalyan,MUM,neighbor,False,
2025-01-18 23:00:00,23.8,1011.3,59.0,AWS-MUM-103,Kalyan,MUM,neighbor,False,
2025-01-19 00:00:00,23.4,1011.1,57.0,AWS-MUM-103,Kalyan,MUM,neighbor,False,
2025-01-19 01:00:00,22.7,1011.0,57.0,AWS-MUM-103,Kalyan,MUM,neighbor,False,
2025-01-19 02:00:00,21.9,1010.5,60.0,AWS-MUM-103,Kalyan,MUM,neighbor,False,
2025-01-19 03:00:00,21.6,1010.2,61.0,AWS-MUM-103,Kalyan,MUM,neighbor,False,
2025-01-19 04:00:00,21.1,1010.3,63.0,AWS-MUM-103,Kalyan,MUM,neighbor,False,
2025-01-19 05:00:00,20.6,1010.5,65.0,AWS-MUM-103,Kalyan,MUM,neighbor,False,
2025-01-19 06:00:00,19.8,1011.6,69.0,AWS-MUM-103,Kalyan,MUM,neighbor,False,
2025-01-19 07:00:00,19.7,1012.3,68.0,AWS-MUM-103,Kalyan,MUM,neighbor,False,
2025-01-19 08:00:00,21.1,1013.1,63.0,AWS-MUM-103,Kalyan,MUM,neighbor,False,
2025-01-19 09:00:00,24.2,1013.8,51.0,AWS-MUM-103,Kalyan,MUM,neighbor,False,
2025-01-19 10:00:00,28.1,1013.8,39.0,AWS-MUM-103,Kalyan,MUM,neighbor,False,
2025-01-19 11:00:00,30.9,1013.2,33.0,AWS-MUM-103,Kalyan,MUM,neighbor,False,
2025-01-19 12:00:00,32.9,1012.1,28.0,AWS-MUM-103,Kalyan,MUM,neighbor,False,
2025-01-19 13:00:00,33.8,1010.9,23.0,AWS-MUM-103,Kalyan,MUM,neighbor,False,
2025-01-19 14:00:00,34.1,1009.8,20.0,AWS-MUM-103,Kalyan,MUM,neighbor,False,
2025-01-19 15:00:00,85.9953738539666,1008.9,18.0,AWS-MUM-103,Kalyan,MUM,neighbor,True,spike
2025-01-19 16:00:00,34.1,1008.6,19.0,AWS-MUM-103,Kalyan,MUM,neighbor,False,
2025-01-19 17:00:00,33.5,1008.6,20.0,AWS-MUM-103,Kalyan,MUM,neighbor,False,
2025-01-19 18:00:00,31.1,1009.3,27.0,AWS-MUM-103,Kalyan,MUM,neighbor,False,
2025-01-19 19:00:00,28.4,1010.1,40.0,AWS-MUM-103,Kalyan,MUM,neighbor,False,
2025-01-19 20:00:00,27.4,1010.8,41.0,AWS-MUM-103,Kalyan,MUM,neighbor,False,
2025-01-19 21:00:00,26.4,1011.4,43.0,AWS-MUM-103,Kalyan,MUM,neighbor,False,
2025-01-19 22:00:00,25.4,1011.8,46.0,AWS-MUM-103,Kalyan,MUM,neighbor,False,
2025-01-19 23:00:00,24.2,1011.6,50.0,AWS-MUM-103,Kalyan,MUM,neighbor,False,
2025-01-20 00:00:00,23.7,1011.3,53.0,AWS-MUM-103,Kalyan,MUM,neighbor,False,
2025-01-20 01:00:00,22.7,1010.7,57.0,AWS-MUM-103,Kalyan,MUM,neighbor,False,
2025-01-20 02:00:00,21.8,1010.3,62.0,AWS-MUM-103,Kalyan,MUM,neighbor,False,
2025-01-20 03:00:00,21.1,1009.9,65.0,AWS-MUM-103,Kalyan,MUM,neighbor,False,
2025-01-20 04:00:00,20.6,1010.0,67.0,AWS-MUM-103,Kalyan,MUM,neighbor,False,
2025-01-20 05:00:00,20.1,1010.2,69.0,AWS-MUM-103,Kalyan,MUM,neighbor,False,
2025-01-20 06:00:00,20.1,1010.9,72.0,AWS-MUM-103,Kalyan,MUM,neighbor,False,
2025-01-20 07:00:00,19.7,1011.4,72.0,AWS-MUM-103,Kalyan,MUM,neighbor,False,
2025-01-20 08:00:00,21.0,1012.3,66.0,AWS-MUM-103,Kalyan,MUM,neighbor,False,
2025-01-20 09:00:00,24.0,1013.1,53.0,AWS-MUM-103,Kalyan,MUM,neighbor,False,
2025-01-20 10:00:00,27.9,1013.1,40.0,AWS-MUM-103,Kalyan,MUM,neighbor,False,
2025-01-20 11:00:00,31.2,1012.3,30.0,AWS-MUM-103,Kalyan,MUM,neighbor,False,
2025-01-20 12:00:00,33.2,1011.3,25.0,AWS-MUM-103,Kalyan,MUM,neighbor,False,
2025-01-20 13:00:00,34.1,1010.0,22.0,AWS-MUM-103,Kalyan,MUM,neighbor,False,
2025-01-20 14:00:00,34.6,1008.8,22.0,AWS-MUM-103,Kalyan,MUM,neighbor,False,
2025-01-20 15:00:00,34.8,1008.2,21.0,AWS-MUM-103,Kalyan,MUM,neighbor,False,
2025-01-20 16:00:00,34.6,1007.8,22.0,AWS-MUM-103,Kalyan,MUM,neighbor,False,
2025-01-20 17:00:00,33.5,1008.0,25.0,AWS-MUM-103,Kalyan,MUM,neighbor,False,
2025-01-20 18:00:00,30.8,1008.5,36.0,AWS-MUM-103,Kalyan,MUM,neighbor,False,
2025-01-20 19:00:00,28.6,1009.2,41.0,AWS-MUM-103,Kalyan,MUM,neighbor,False,
2025-01-20 20:00:00,27.4,1010.2,43.0,AWS-MUM-103,Kalyan,MUM,neighbor,False,
2025-01-20 21:00:00,26.5,1010.9,45.0,AWS-MUM-103,Kalyan,MUM,neighbor,False,
2025-01-20 22:00:00,25.5,1011.3,48.0,AWS-MUM-103,Kalyan,MUM,neighbor,False,
2025-01-20 23:00:00,24.5,1011.0,52.0,AWS-MUM-103,Kalyan,MUM,neighbor,False,
2025-01-21 00:00:00,23.7,1010.6,56.0,AWS-MUM-103,Kalyan,MUM,neighbor,False,
2025-01-21 01:00:00,23.0,1010.0,59.0,AWS-MUM-103,Kalyan,MUM,neighbor,False,
2025-01-21 02:00:00,22.1,1009.4,63.0,AWS-MUM-103,Kalyan,MUM,neighbor,False,
2025-01-21 03:00:00,21.2,1009.0,68.0,AWS-MUM-103,Kalyan,MUM,neighbor,False,
2025-01-21 04:00:00,20.4,1008.8,71.0,AWS-MUM-103,Kalyan,MUM,neighbor,False,
2025-01-21 05:00:00,19.7,1009.1,75.0,AWS-MUM-103,Kalyan,MUM,neighbor,False,
2025-01-21 06:00:00,19.5,1009.9,80.0,AWS-MUM-103,Kalyan,MUM,neighbor,False,
2025-01-21 07:00:00,19.3,1010.4,81.0,AWS-MUM-103,Kalyan,MUM,neighbor,False,
2025-01-21 08:00:00,20.9,1011.1,70.0,AWS-MUM-103,Kalyan,MUM,neighbor,False,
2025-01-21 09:00:00,23.8,1011.8,55.0,AWS-MUM-103,Kalyan,MUM,neighbor,False,
2025-01-21 10:00:00,27.3,1011.9,43.0,AWS-MUM-103,Kalyan,MUM,neighbor,False,
2025-01-21 11:00:00,30.5,1011.2,34.0,AWS-MUM-103,Kalyan,MUM,neighbor,False,
2025-01-21 12:00:00,32.6,1010.2,28.0,AWS-MUM-103,Kalyan,MUM,neighbor,False,
2025-01-21 13:00:00,33.8,1008.8,24.0,AWS-MUM-103,Kalyan,MUM,neighbor,False,
2025-01-21 14:00:00,34.5,1007.5,23.0,AWS-MUM-103,Kalyan,MUM,neighbor,False,
2025-01-21 15:00:00,34.7,1006.6,23.0,AWS-MUM-103,Kalyan,MUM,neighbor,False,
2025-01-21 16:00:00,34.4,1006.6,24.0,AWS-MUM-103,Kalyan,MUM,neighbor,False,
2025-01-21 17:00:00,32.8,1006.9,31.0,AWS-MUM-103,Kalyan,MUM,neighbor,False,
2025-01-21 18:00:00,30.2,1007.6,40.0,AWS-MUM-103,Kalyan,MUM,neighbor,False,
2025-01-21 19:00:00,28.4,1008.0,44.0,AWS-MUM-103,Kalyan,MUM,neighbor,False,
2025-01-21 20:00:00,27.4,1009.0,46.0,AWS-MUM-103,Kalyan,MUM,neighbor,False,
2025-01-21 21:00:00,26.6,1009.8,48.0,AWS-MUM-103,Kalyan,MUM,neighbor,False,
2025-01-21 22:00:00,25.4,1010.0,51.0,AWS-MUM-103,Kalyan,MUM,neighbor,False,
2025-01-21 23:00:00,24.2,1009.6,57.0,AWS-MUM-103,Kalyan,MUM,neighbor,False,
2025-01-22 00:00:00,23.5,1009.3,60.0,AWS-MUM-103,Kalyan,MUM,neighbor,False,
2025-01-22 01:00:00,23.0,1009.0,61.0,AWS-MUM-103,Kalyan,MUM,neighbor,False,
2025-01-22 02:00:00,21.8,1008.4,68.0,AWS-MUM-103,Kalyan,MUM,neighbor,False,
2025-01-22 03:00:00,21.3,1008.1,71.0,AWS-MUM-103,Kalyan,MUM,neighbor,False,
2025-01-22 04:00:00,20.5,1008.1,74.0,AWS-MUM-103,Kalyan,MUM,neighbor,False,
2025-01-22 05:00:00,85.25340286510544,1008.2,77.0,AWS-MUM-103,Kalyan,MUM,neighbor,True,spike
2025-01-22 06:00:00,19.7,1009.0,82.0,AWS-MUM-103,Kalyan,MUM,neighbor,False,
2025-01-22 07:00:00,19.5,1009.7,83.0,AWS-MUM-103,Kalyan,MUM,neighbor,False,
2025-01-22 08:00:00,21.0,1010.7,74.0,AWS-MUM-103,Kalyan,MUM,neighbor,False,
2025-01-22 09:00:00,23.9,1011.4,60.0,AWS-MUM-103,Kalyan,MUM,neighbor,False,
2025-01-22 10:00:00,27.5,1011.4,45.0,AWS-MUM-103,Kalyan,MUM,neighbor,False,
2025-01-22 11:00:00,30.5,1010.7,36.0,AWS-MUM-103,Kalyan,MUM,neighbor,False,
2025-01-22 12:00:00,32.7,1009.6,28.0,AWS-MUM-103,Kalyan,MUM,neighbor,False,
2025-01-22 13:00:00,34.1,1008.1,25.0,AWS-MUM-103,Kalyan,MUM,neighbor,False,
2025-01-22 14:00:00,34.9,1006.9,24.0,AWS-MUM-103,Kalyan,MUM,neighbor,False,
2025-01-22 15:00:00,34.9,1006.2,25.0,AWS-MUM-103,Kalyan,MUM,neighbor,False,
2025-01-22 16:00:00,33.2,1006.4,33.0,AWS-MUM-103,Kalyan,MUM,neighbor,False,
2025-01-22 17:00:00,30.8,1007.0,41.0,AWS-MUM-103,Kalyan,MUM,neighbor,False,
2025-01-22 18:00:00,29.1,1007.6,45.0,AWS-MUM-103,Kalyan,MUM,neighbor,False,
2025-01-22 19:00:00,27.9,1008.5,47.0,AWS-MUM-103,Kalyan,MUM,neighbor,False,
2025-01-22 20:00:00,26.7,1009.7,49.0,AWS-MUM-103,Kalyan,MUM,neighbor,False,
2025-01-22 21:00:00,25.8,1010.5,51.0,AWS-MUM-103,Kalyan,MUM,neighbor,False,
2025-01-22 22:00:00,25.0,1010.8,53.0,AWS-MUM-103,Kalyan,MUM,neighbor,False,
2025-01-22 23:00:00,24.4,1010.8,56.0,AWS-MUM-103,Kalyan,MUM,neighbor,False,
2025-01-23 00:00:00,23.9,1010.5,57.0,AWS-MUM-103,Kalyan,MUM,neighbor,False,
2025-01-23 01:00:00,23.7,1010.0,58.0,AWS-MUM-103,Kalyan,MUM,neighbor,True,frozen_value
2025-01-23 02:00:00,23.2,1010.0,60.0,AWS-MUM-103,Kalyan,MUM,neighbor,True,frozen_value
2025-01-23 03:00:00,22.8,1010.0,61.0,AWS-MUM-103,Kalyan,MUM,neighbor,True,frozen_value
2025-01-23 04:00:00,22.3,1010.0,63.0,AWS-MUM-103,Kalyan,MUM,neighbor,True,frozen_value
2025-01-23 05:00:00,22.1,1010.0,62.0,AWS-MUM-103,Kalyan,MUM,neighbor,True,frozen_value
2025-01-23 06:00:00,20.9,1010.0,69.0,AWS-MUM-103,Kalyan,MUM,neighbor,True,frozen_value
2025-01-23 07:00:00,20.7,1010.0,70.0,AWS-MUM-103,Kalyan,MUM,neighbor,True,frozen_value
2025-01-23 08:00:00,22.0,1010.9,63.0,AWS-MUM-103,Kalyan,MUM,neighbor,False,
2025-01-23 09:00:00,24.3,1011.7,52.0,AWS-MUM-103,Kalyan,MUM,neighbor,False,
2025-01-23 10:00:00,26.9,1011.6,44.0,AWS-MUM-103,Kalyan,MUM,neighbor,False,
2025-01-23 11:00:00,29.4,1011.2,39.0,AWS-MUM-103,Kalyan,MUM,neighbor,False,
2025-01-23 12:00:00,31.0,1010.2,35.0,AWS-MUM-103,Kalyan,MUM,neighbor,False,
2025-01-23 13:00:00,32.2,1008.8,32.0,AWS-MUM-103,Kalyan,MUM,neighbor,False,
2025-01-23 14:00:00,33.0,1007.8,29.0,AWS-MUM-103,Kalyan,MUM,neighbor,False,
2025-01-23 15:00:00,33.2,1007.0,29.0,AWS-MUM-103,Kalyan,MUM,neighbor,False,
2025-01-23 16:00:00,32.8,1006.8,29.0,AWS-MUM-103,Kalyan,MUM,neighbor,False,
2025-01-23 17:00:00,31.5,1007.0,31.0,AWS-MUM-103,Kalyan,MUM,neighbor,False,
2025-01-23 18:00:00,29.4,1007.7,38.0,AWS-MUM-103,Kalyan,MUM,neighbor,False,
2025-01-23 19:00:00,27.3,1008.3,45.0,AWS-MUM-103,Kalyan,MUM,neighbor,False,
2025-01-23 20:00:00,25.8,1009.2,47.0,AWS-MUM-103,Kalyan,MUM,neighbor,False,
2025-01-23 21:00:00,25.1,1009.8,47.0,AWS-MUM-103,Kalyan,MUM,neighbor,False,
2025-01-23 22:00:00,24.4,1009.8,47.0,AWS-MUM-103,Kalyan,MUM,neighbor,False,
2025-01-23 23:00:00,24.0,1009.7,45.0,AWS-MUM-103,Kalyan,MUM,neighbor,False,
2025-01-24 00:00:00,23.6,1009.1,43.0,AWS-MUM-103,Kalyan,MUM,neighbor,False,
2025-01-24 01:00:00,23.1,1008.5,44.0,AWS-MUM-103,Kalyan,MUM,neighbor,False,
2025-01-24 02:00:00,22.5,1007.8,46.0,AWS-MUM-103,Kalyan,MUM,neighbor,False,
2025-01-24 03:00:00,21.9,1007.4,49.0,AWS-MUM-103,Kalyan,MUM,neighbor,False,
2025-01-24 04:00:00,21.2,1007.4,53.0,AWS-MUM-103,Kalyan,MUM,neighbor,False,
2025-01-24 05:00:00,20.7,1007.6,56.0,AWS-MUM-103,Kalyan,MUM,neighbor,False,
2025-01-24 06:00:00,19.6,1008.2,66.0,AWS-MUM-103,Kalyan,MUM,neighbor,False,
2025-01-24 07:00:00,19.3,1008.7,70.0,AWS-MUM-103,Kalyan,MUM,neighbor,False,
2025-01-24 08:00:00,20.8,1009.5,65.0,AWS-MUM-103,Kalyan,MUM,neighbor,False,
2025-01-24 09:00:00,24.0,1009.9,55.0,AWS-MUM-103,Kalyan,MUM,neighbor,False,
2025-01-24 10:00:00,27.6,1010.0,47.0,AWS-MUM-103,Kalyan,MUM,neighbor,False,
2025-01-24 11:00:00,31.1,1009.4,37.0,AWS-MUM-103,Kalyan,MUM,neighbor,False,
2025-01-24 12:00:00,33.4,1008.3,32.0,AWS-MUM-103,Kalyan,MUM,neighbor,False,
2025-01-24 13:00:00,34.9,1007.2,29.0,AWS-MUM-103,Kalyan,MUM,neighbor,False,
2025-01-24 14:00:00,35.7,1006.2,27.0,AWS-MUM-103,Kalyan,MUM,neighbor,False,
2025-01-24 15:00:00,35.5,1005.7,28.0,AWS-MUM-103,Kalyan,MUM,neighbor,False,
2025-01-24 16:00:00,34.4,1005.7,31.0,AWS-MUM-103,Kalyan,MUM,neighbor,False,
2025-01-24 17:00:00,32.6,1006.4,36.0,AWS-MUM-103,Kalyan,MUM,neighbor,False,
2025-01-24 18:00:00,30.5,1007.5,41.0,AWS-MUM-103,Kalyan,MUM,neighbor,False,
2025-01-24 19:00:00,29.1,1008.3,45.0,AWS-MUM-103,Kalyan,MUM,neighbor,False,
2025-01-24 20:00:00,27.9,1009.2,50.0,AWS-MUM-103,Kalyan,MUM,neighbor,False,
2025-01-24 21:00:00,26.9,1009.8,54.0,AWS-MUM-103,Kalyan,MUM,neighbor,False,
2025-01-24 22:00:00,26.0,1010.0,58.0,AWS-MUM-103,Kalyan,MUM,neighbor,False,
2025-01-24 23:00:00,25.1,1010.1,64.0,AWS-MUM-103,Kalyan,MUM,neighbor,False,
2025-01-25 00:00:00,24.4,1009.5,65.0,AWS-MUM-103,Kalyan,MUM,neighbor,False,
2025-01-25 01:00:00,23.8,1009.1,68.0,AWS-MUM-103,Kalyan,MUM,neighbor,False,
2025-01-25 02:00:00,23.2,1008.6,70.0,AWS-MUM-103,Kalyan,MUM,neighbor,False,
2025-01-25 03:00:00,22.6,1008.2,73.0,AWS-MUM-103,Kalyan,MUM,neighbor,True,drift
2025-01-25 04:00:00,26.04433532602159,1008.2,76.0,AWS-MUM-103,Kalyan,MUM,neighbor,True,drift
2025-01-25 05:00:00,29.48867065204318,1008.3,78.0,AWS-MUM-103,Kalyan,MUM,neighbor,True,drift
2025-01-25 06:00:00,32.93300597806477,1009.0,80.0,AWS-MUM-103,Kalyan,MUM,neighbor,True,drift
2025-01-25 07:00:00,36.37734130408636,1009.3,78.0,AWS-MUM-103,Kalyan,MUM,neighbor,True,drift
2025-01-25 08:00:00,39.821676630107945,1010.3,69.0,AWS-MUM-103,Kalyan,MUM,neighbor,True,drift
2025-01-25 09:00:00,43.26601195612953,1011.0,56.0,AWS-MUM-103,Kalyan,MUM,neighbor,True,drift
2025-01-25 10:00:00,46.710347282151126,1011.2,45.0,AWS-MUM-103,Kalyan,MUM,neighbor,True,drift
2025-01-25 11:00:00,50.15468260817271,1010.7,35.0,AWS-MUM-103,Kalyan,MUM,neighbor,True,drift
2025-01-25 12:00:00,53.59901793419431,1009.6,30.0,AWS-MUM-103,Kalyan,MUM,neighbor,True,drift
2025-01-25 13:00:00,57.043353260215895,1008.3,25.0,AWS-MUM-103,Kalyan,MUM,neighbor,True,drift
2025-01-25 14:00:00,60.48768858623748,1007.3,23.0,AWS-MUM-103,Kalyan,MUM,neighbor,True,drift
2025-01-25 15:00:00,63.93202391225907,1006.8,24.0,AWS-MUM-103,Kalyan,MUM,neighbor,True,drift
2025-01-25 16:00:00,67.37635923828066,1006.8,26.0,AWS-MUM-103,Kalyan,MUM,neighbor,True,drift
2025-01-25 17:00:00,70.82069456430224,1007.4,29.0,AWS-MUM-103,Kalyan,MUM,neighbor,True,drift
2025-01-25 18:00:00,74.26502989032383,1007.9,35.0,AWS-MUM-103,Kalyan,MUM,neighbor,True,drift
2025-01-25 19:00:00,77.70936521634542,1008.6,44.0,AWS-MUM-103,Kalyan,MUM,neighbor,True,drift
2025-01-25 20:00:00,81.15370054236702,1009.7,51.0,AWS-MUM-103,Kalyan,MUM,neighbor,True,drift
2025-01-25 21:00:00,84.5980358683886,1010.6,54.0,AWS-MUM-103,Kalyan,MUM,neighbor,True,drift
2025-01-25 22:00:00,88.04237119441021,1010.7,58.0,AWS-MUM-103,Kalyan,MUM,neighbor,True,drift
2025-01-25 23:00:00,91.4867065204318,1010.3,64.0,AWS-MUM-103,Kalyan,MUM,neighbor,True,drift
2025-01-26 00:00:00,94.93104184645335,1009.7,66.0,AWS-MUM-103,Kalyan,MUM,neighbor,True,drift
2025-01-26 01:00:00,98.37537717247497,1009.4,66.0,AWS-MUM-103,Kalyan,MUM,neighbor,True,drift
2025-01-26 02:00:00,101.81971249849656,1008.8,68.0,AWS-MUM-103,Kalyan,MUM,neighbor,True,drift
2025-01-26 03:00:00,105.26404782451814,1008.5,71.0,AWS-MUM-103,Kalyan,MUM,neighbor,True,drift
2025-01-26 04:00:00,108.70838315053973,1008.4,74.0,AWS-MUM-103,Kalyan,MUM,neighbor,True,drift
2025-01-26 05:00:00,112.15271847656132,1008.6,77.0,AWS-MUM-103,Kalyan,MUM,neighbor,True,drift
2025-01-26 06:00:00,115.5970538025829,1009.4,86.0,AWS-MUM-103,Kalyan,MUM,neighbor,True,drift
2025-01-26 07:00:00,119.0413891286045,1010.3,87.0,AWS-MUM-103,Kalyan,MUM,neighbor,True,drift
2025-01-26 08:00:00,122.48572445462608,1011.2,78.0,AWS-MUM-103,Kalyan,MUM,neighbor,True,drift
2025-01-26 09:00:00,125.93005978064767,1011.7,62.0,AWS-MUM-103,Kalyan,MUM,neighbor,True,drift
2025-01-26 10:00:00,129.37439510666925,1011.9,48.0,AWS-MUM-103,Kalyan,MUM,neighbor,True,drift
2025-01-26 11:00:00,132.81873043269084,1010.9,37.0,AWS-MUM-103,Kalyan,MUM,neighbor,True,drift
2025-01-26 12:00:00,136.26306575871243,1009.5,28.0,AWS-MUM-103,Kalyan,MUM,neighbor,True,drift
2025-01-26 13:00:00,139.70740108473404,1008.1,22.0,AWS-MUM-103,Kalyan,MUM,neighbor,True,drift
2025-01-26 14:00:00,143.1517364107556,1007.0,20.0,AWS-MUM-103,Kalyan,MUM,neighbor,True,drift
2025-01-26 15:00:00,146.59607173677722,1006.2,19.0,AWS-MUM-103,Kalyan,MUM,neighbor,True,drift
2025-01-26 16:00:00,150.0404070627988,1005.9,24.0,AWS-MUM-103,Kalyan,MUM,neighbor,True,drift
2025-01-26 17:00:00,153.4847423888204,1006.3,34.0,AWS-MUM-103,Kalyan,MUM,neighbor,True,drift
2025-01-26 18:00:00,156.92907771484198,1006.9,40.0,AWS-MUM-103,Kalyan,MUM,neighbor,True,drift
2025-01-26 19:00:00,160.37341304086357,1007.6,45.0,AWS-MUM-103,Kalyan,MUM,neighbor,True,drift
2025-01-26 20:00:00,163.81774836688516,1008.8,49.0,AWS-MUM-103,Kalyan,MUM,neighbor,True,drift
2025-01-26 21:00:00,167.2620836929067,1009.9,53.0,AWS-MUM-103,Kalyan,MUM,neighbor,True,drift
2025-01-26 22:00:00,170.7064190189283,1010.2,55.0,AWS-MUM-103,Kalyan,MUM,neighbor,True,drift
2025-01-26 23:00:00,174.15075434494992,1010.0,59.0,AWS-MUM-103,Kalyan,MUM,neighbor,True,drift
2025-01-27 00:00:00,177.5950896709715,1009.7,62.0,AWS-MUM-103,Kalyan,MUM,neighbor,True,drift
2025-01-27 01:00:00,181.0394249969931,1009.3,68.0,AWS-MUM-103,Kalyan,MUM,neighbor,True,drift
2025-01-27 02:00:00,184.48376032301468,1008.9,69.0,AWS-MUM-103,Kalyan,MUM,neighbor,True,drift
2025-01-27 03:00:00,22.9,1008.5,73.0,AWS-MUM-103,Kalyan,MUM,neighbor,False,
2025-01-27 04:00:00,22.2,1008.4,77.0,AWS-MUM-103,Kalyan,MUM,neighbor,False,
2025-01-27 05:00:00,21.7,1008.3,80.0,AWS-MUM-103,Kalyan,MUM,neighbor,False,
2025-01-27 06:00:00,21.2,1008.9,85.0,AWS-MUM-103,Kalyan,MUM,neighbor,False,
2025-01-27 07:00:00,21.0,1009.6,86.0,AWS-MUM-103,Kalyan,MUM,neighbor,False,
2025-01-27 08:00:00,22.6,1010.2,78.0,AWS-MUM-103,Kalyan,MUM,neighbor,False,
2025-01-27 09:00:00,25.5,1010.7,64.0,AWS-MUM-103,Kalyan,MUM,neighbor,False,
2025-01-27 10:00:00,28.8,1010.5,52.0,AWS-MUM-103,Kalyan,MUM,neighbor,False,
2025-01-27 11:00:00,31.8,1009.8,42.0,AWS-MUM-103,Kalyan,MUM,neighbor,False,
2025-01-27 12:00:00,34.3,1008.7,32.0,AWS-MUM-103,Kalyan,MUM,neighbor,False,
2025-01-27 13:00:00,35.8,1007.3,24.0,AWS-MUM-103,Kalyan,MUM,neighbor,False,
2025-01-27 14:00:00,36.5,1006.2,23.0,AWS-MUM-103,Kalyan,MUM,neighbor,False,
2025-01-27 15:00:00,36.6,1005.4,23.0,AWS-MUM-103,Kalyan,MUM,neighbor,False,
2025-01-27 16:00:00,35.9,1005.2,25.0,AWS-MUM-103,Kalyan,MUM,neighbor,False,
2025-01-27 17:00:00,34.1,1005.4,31.0,AWS-MUM-103,Kalyan,MUM,neighbor,False,
2025-01-27 18:00:00,31.7,1006.0,36.0,AWS-MUM-103,Kalyan,MUM,neighbor,False,
2025-01-27 19:00:00,29.7,1006.7,39.0,AWS-MUM-103,Kalyan,MUM,neighbor,False,
2025-01-27 20:00:00,28.3,1007.8,40.0,AWS-MUM-103,Kalyan,MUM,neighbor,False,
2025-01-27 21:00:00,27.2,1008.5,43.0,AWS-MUM-103,Kalyan,MUM,neighbor,False,
2025-01-27 22:00:00,26.1,1008.7,46.0,AWS-MUM-103,Kalyan,MUM,neighbor,False,
2025-01-27 23:00:00,25.1,1008.6,51.0,AWS-MUM-103,Kalyan,MUM,neighbor,True,drift
2025-01-28 00:00:00,23.8,1008.1,51.490950764415174,AWS-MUM-103,Kalyan,MUM,neighbor,True,drift
2025-01-28 01:00:00,23.3,1007.9,52.707216720692564,AWS-MUM-103,Kalyan,MUM,neighbor,True,drift
2025-01-28 02:00:00,22.6,1007.5,54.54052510902636,AWS-MUM-103,Kalyan,MUM,neighbor,True,drift
2025-01-28 03:00:00,22.1,1007.0,56.94124391749409,AWS-MUM-103,Kalyan,MUM,neighbor,True,drift
2025-01-28 04:00:00,21.6,1006.6,59.877206026804004,AWS-MUM-103,Kalyan,MUM,neighbor,True,drift
2025-01-28 05:00:00,20.9,1006.8,63.32488730738926,AWS-MUM-103,Kalyan,MUM,neighbor,True,drift
2025-01-28 06:00:00,20.4,1007.6,67.26589970164768,AWS-MUM-103,Kalyan,MUM,neighbor,True,drift
2025-01-28 07:00:00,20.1,1008.5,71.68524180155174,AWS-MUM-103,Kalyan,MUM,neighbor,True,drift
2025-01-28 08:00:00,21.9,1009.6,76.57030316520233,AWS-MUM-103,Kalyan,MUM,neighbor,True,drift
2025-01-28 09:00:00,24.7,1010.4,81.91024547859257,AWS-MUM-103,Kalyan,MUM,neighbor,True,drift
2025-01-28 10:00:00,28.1,1010.5,87.69559272190901,AWS-MUM-103,Kalyan,MUM,neighbor,True,drift
2025-01-28 11:00:00,31.2,1010.1,93.91794635722457,AWS-MUM-103,Kalyan,MUM,neighbor,True,drift
2025-01-28 12:00:00,33.8,1009.0,100.0,AWS-MUM-103,Kalyan,MUM,neighbor,True,drift
2025-01-28 13:00:00,35.0,1008.1,100.0,AWS-MUM-103,Kalyan,MUM,neighbor,True,drift
2025-01-28 14:00:00,35.2,1007.2,100.0,AWS-MUM-103,Kalyan,MUM,neighbor,True,drift
2025-01-28 15:00:00,35.1,1006.6,100.0,AWS-MUM-103,Kalyan,MUM,neighbor,True,drift
2025-01-28 16:00:00,34.4,1006.4,100.0,AWS-MUM-103,Kalyan,MUM,neighbor,True,drift
2025-01-28 17:00:00,32.6,1006.9,100.0,AWS-MUM-103,Kalyan,MUM,neighbor,True,drift
2025-01-28 18:00:00,30.0,1008.0,100.0,AWS-MUM-103,Kalyan,MUM,neighbor,True,drift
2025-01-28 19:00:00,28.0,1008.8,100.0,AWS-MUM-103,Kalyan,MUM,neighbor,True,drift
2025-01-28 20:00:00,26.4,1009.9,100.0,AWS-MUM-103,Kalyan,MUM,neighbor,True,drift
2025-01-28 21:00:00,24.8,1010.8,100.0,AWS-MUM-103,Kalyan,MUM,neighbor,True,drift
2025-01-28 22:00:00,23.8,1011.0,100.0,AWS-MUM-103,Kalyan,MUM,neighbor,True,drift
2025-01-28 23:00:00,23.0,1010.9,100.0,AWS-MUM-103,Kalyan,MUM,neighbor,True,drift
2025-01-29 00:00:00,22.0,1010.7,100.0,AWS-MUM-103,Kalyan,MUM,neighbor,True,drift
2025-01-29 01:00:00,21.0,1010.3,100.0,AWS-MUM-103,Kalyan,MUM,neighbor,True,drift
2025-01-29 02:00:00,20.3,1010.2,100.0,AWS-MUM-103,Kalyan,MUM,neighbor,True,drift
2025-01-29 03:00:00,19.7,1009.6,100.0,AWS-MUM-103,Kalyan,MUM,neighbor,True,drift
2025-01-29 04:00:00,19.2,1009.5,100.0,AWS-MUM-103,Kalyan,MUM,neighbor,True,drift
2025-01-29 05:00:00,18.8,1009.6,100.0,AWS-MUM-103,Kalyan,MUM,neighbor,True,drift
2025-01-29 06:00:00,18.5,1010.4,100.0,AWS-MUM-103,Kalyan,MUM,neighbor,True,drift
2025-01-29 07:00:00,18.6,1011.2,100.0,AWS-MUM-103,Kalyan,MUM,neighbor,True,drift
2025-01-29 08:00:00,20.4,1012.2,100.0,AWS-MUM-103,Kalyan,MUM,neighbor,True,drift
2025-01-29 09:00:00,23.7,1012.9,100.0,AWS-MUM-103,Kalyan,MUM,neighbor,True,drift
2025-01-29 10:00:00,27.3,1013.2,100.0,AWS-MUM-103,Kalyan,MUM,neighbor,True,drift
2025-01-29 11:00:00,30.4,1012.8,100.0,AWS-MUM-103,Kalyan,MUM,neighbor,True,drift
2025-01-29 12:00:00,32.8,1011.5,100.0,AWS-MUM-103,Kalyan,MUM,neighbor,True,drift
2025-01-29 13:00:00,34.6,1010.0,100.0,AWS-MUM-103,Kalyan,MUM,neighbor,True,drift
2025-01-29 14:00:00,35.3,1008.9,100.0,AWS-MUM-103,Kalyan,MUM,neighbor,True,drift
2025-01-29 15:00:00,34.8,1008.1,100.0,AWS-MUM-103,Kalyan,MUM,neighbor,True,drift
2025-01-29 16:00:00,33.3,1008.0,100.0,AWS-MUM-103,Kalyan,MUM,neighbor,True,drift
2025-01-29 17:00:00,31.5,1008.3,100.0,AWS-MUM-103,Kalyan,MUM,neighbor,True,drift
2025-01-29 18:00:00,29.3,1008.6,100.0,AWS-MUM-103,Kalyan,MUM,neighbor,True,drift
2025-01-29 19:00:00,27.4,1009.3,100.0,AWS-MUM-103,Kalyan,MUM,neighbor,True,drift
2025-01-29 20:00:00,26.0,1010.2,100.0,AWS-MUM-103,Kalyan,MUM,neighbor,True,drift
2025-01-29 21:00:00,25.0,1010.7,100.0,AWS-MUM-103,Kalyan,MUM,neighbor,True,drift
2025-01-29 22:00:00,23.7,1010.8,62.0,AWS-MUM-103,Kalyan,MUM,neighbor,False,
2025-01-29 23:00:00,23.1,1010.9,65.0,AWS-MUM-103,Kalyan,MUM,neighbor,False,
2025-01-30 00:00:00,22.0,1010.6,71.0,AWS-MUM-103,Kalyan,MUM,neighbor,False,
2025-01-30 01:00:00,21.4,1010.1,77.0,AWS-MUM-103,Kalyan,MUM,neighbor,False,
2025-01-30 02:00:00,20.8,1009.4,82.0,AWS-MUM-103,Kalyan,MUM,neighbor,False,
2025-01-30 03:00:00,20.1,1008.6,85.0,AWS-MUM-103,Kalyan,MUM,neighbor,False,
2025-01-30 04:00:00,19.6,1008.5,87.0,AWS-MUM-103,Kalyan,MUM,neighbor,False,
2025-01-30 05:00:00,19.1,1008.5,88.0,AWS-MUM-103,Kalyan,MUM,neighbor,False,
2025-01-30 06:00:00,18.8,1009.5,91.0,AWS-MUM-103,Kalyan,MUM,neighbor,False,
2025-01-30 07:00:00,18.6,1010.2,90.0,AWS-MUM-103,Kalyan,MUM,neighbor,False,
2025-01-30 08:00:00,20.2,1010.8,78.0,AWS-MUM-103,Kalyan,MUM,neighbor,False,
2025-01-30 09:00:00,23.5,1011.5,59.0,AWS-MUM-103,Kalyan,MUM,neighbor,False,
2025-01-30 10:00:00,27.1,1011.8,44.0,AWS-MUM-103,Kalyan,MUM,neighbor,False,
2025-01-30 11:00:00,30.4,1011.3,33.0,AWS-MUM-103,Kalyan,MUM,neighbor,False,
2025-01-30 12:00:00,33.1,1010.4,25.0,AWS-MUM-103,Kalyan,MUM,neighbor,False,
2025-01-30 13:00:00,34.9,1009.0,21.0,AWS-MUM-103,Kalyan,MUM,neighbor,False,
2025-01-30 14:00:00,35.4,1007.5,23.0,AWS-MUM-103,Kalyan,MUM,neighbor,False,
2025-01-30 15:00:00,34.9,1007.0,25.0,AWS-MUM-103,Kalyan,MUM,neighbor,False,
2025-01-30 16:00:00,34.3,1006.6,26.0,AWS-MUM-103,Kalyan,MUM,neighbor,False,
2025-01-30 17:00:00,33.4,1006.7,28.0,AWS-MUM-103,Kalyan,MUM,neighbor,False,
2025-01-30 18:00:00,31.5,1007.0,32.0,AWS-MUM-103,Kalyan,MUM,neighbor,False,
2025-01-30 19:00:00,29.0,1007.7,0.5038009591715897,AWS-MUM-103,Kalyan,MUM,neighbor,True,sensor_fail_low
2025-01-30 20:00:00,27.6,1008.6,0.5480531609140743,AWS-MUM-103,Kalyan,MUM,neighbor,True,sensor_fail_low
2025-01-30 21:00:00,26.2,1009.3,0.441774466163837,AWS-MUM-103,Kalyan,MUM,neighbor,True,sensor_fail_low
2025-01-30 22:00:00,25.1,1009.4,0.7866290396006574,AWS-MUM-103,Kalyan,MUM,neighbor,True,sensor_fail_low
2025-01-30 23:00:00,23.7,1009.1,52.0,AWS-MUM-103,Kalyan,MUM,neighbor,False,
2025-01-31 00:00:00,22.8,1008.7,56.0,AWS-MUM-103,Kalyan,MUM,neighbor,False,
2025-01-31 01:00:00,22.3,1008.5,63.0,AWS-MUM-103,Kalyan,MUM,neighbor,False,
2025-01-31 02:00:00,21.0,1008.2,70.0,AWS-MUM-103,Kalyan,MUM,neighbor,False,
2025-01-31 03:00:00,20.3,1007.9,75.0,AWS-MUM-103,Kalyan,MUM,neighbor,False,
2025-01-31 04:00:00,19.7,,79.0,AWS-MUM-103,Kalyan,MUM,neighbor,True,dropout
2025-01-31 05:00:00,19.1,1008.4,79.0,AWS-MUM-103,Kalyan,MUM,neighbor,False,
2025-01-31 06:00:00,149.05452549707852,1008.7070946566379,100.0,AWS-MUM-103,Kalyan,MUM,neighbor,True,multivariate_inconsistency
2025-01-31 07:00:00,148.85452549707853,1010.2859727383793,100.0,AWS-MUM-103,Kalyan,MUM,neighbor,True,multivariate_inconsistency
2025-01-31 08:00:00,150.35452549707853,1011.5655698810017,100.0,AWS-MUM-103,Kalyan,MUM,neighbor,True,multivariate_inconsistency
2025-01-31 09:00:00,153.35452549707853,1008.9677220763699,100.0,AWS-MUM-103,Kalyan,MUM,neighbor,True,multivariate_inconsistency
2025-01-31 10:00:00,26.4,1011.5,42.0,AWS-MUM-103,Kalyan,MUM,neighbor,False,
2025-01-31 11:00:00,29.4,1011.0,32.0,AWS-MUM-103,Kalyan,MUM,neighbor,False,
2025-01-31 12:00:00,31.8,1009.9,25.0,AWS-MUM-103,Kalyan,MUM,neighbor,False,
2025-01-31 13:00:00,33.4,1008.6,23.0,AWS-MUM-103,Kalyan,MUM,neighbor,False,
2025-01-31 14:00:00,34.1,1007.4,24.0,AWS-MUM-103,Kalyan,MUM,neighbor,False,
2025-01-31 15:00:00,33.7,1006.6,26.0,AWS-MUM-103,Kalyan,MUM,neighbor,False,
2025-01-31 16:00:00,32.5,1006.5,30.0,AWS-MUM-103,Kalyan,MUM,neighbor,False,
2025-01-31 17:00:00,30.7,1006.8,35.0,AWS-MUM-103,Kalyan,MUM,neighbor,False,
2025-01-31 18:00:00,28.2,1007.7,44.0,AWS-MUM-103,Kalyan,MUM,neighbor,False,
2025-01-31 19:00:00,26.1,1008.6,56.0,AWS-MUM-103,Kalyan,MUM,neighbor,False,
2025-01-31 20:00:00,24.6,1009.7,62.0,AWS-MUM-103,Kalyan,MUM,neighbor,False,
2025-01-31 21:00:00,23.5,1010.7,65.0,AWS-MUM-103,Kalyan,MUM,neighbor,False,
2025-01-31 22:00:00,22.7,1011.1,68.0,AWS-MUM-103,Kalyan,MUM,neighbor,False,
2025-01-31 23:00:00,21.8,1010.9,74.0,AWS-MUM-103,Kalyan,MUM,neighbor,False,
2025-02-01 00:00:00,20.9,1010.5,78.0,AWS-MUM-103,Kalyan,MUM,neighbor,False,
2025-02-01 01:00:00,20.2,1009.9,83.0,AWS-MUM-103,Kalyan,MUM,neighbor,False,
2025-02-01 02:00:00,19.5,1009.3,87.0,AWS-MUM-103,Kalyan,MUM,neighbor,False,
2025-02-01 03:00:00,18.7,1008.9,92.0,AWS-MUM-103,Kalyan,MUM,neighbor,False,
2025-02-01 04:00:00,18.1,1008.9,95.0,AWS-MUM-103,Kalyan,MUM,neighbor,False,
2025-02-01 05:00:00,17.7,1009.1,97.0,AWS-MUM-103,Kalyan,MUM,neighbor,False,
2025-02-01 06:00:00,17.3,1010.2,100.0,AWS-MUM-103,Kalyan,MUM,neighbor,False,
2025-02-01 07:00:00,17.1,1011.0,100.0,AWS-MUM-103,Kalyan,MUM,neighbor,False,
2025-02-01 08:00:00,18.2,1011.8,93.0,AWS-MUM-103,Kalyan,MUM,neighbor,False,
2025-02-01 09:00:00,21.0,1012.4,71.0,AWS-MUM-103,Kalyan,MUM,neighbor,False,
2025-02-01 10:00:00,24.8,1012.6,54.0,AWS-MUM-103,Kalyan,MUM,neighbor,False,
2025-02-01 11:00:00,27.8,1011.8,36.0,AWS-MUM-103,Kalyan,MUM,neighbor,False,
2025-02-01 12:00:00,30.3,1010.6,25.0,AWS-MUM-103,Kalyan,MUM,neighbor,False,
2025-02-01 13:00:00,32.0,1009.5,22.0,AWS-MUM-103,Kalyan,MUM,neighbor,False,
2025-02-01 14:00:00,32.9,1008.3,24.0,AWS-MUM-103,Kalyan,MUM,neighbor,False,
2025-02-01 15:00:00,32.8,1007.7,28.0,AWS-MUM-103,Kalyan,MUM,neighbor,False,
2025-02-01 16:00:00,31.9,1007.5,33.0,AWS-MUM-103,Kalyan,MUM,neighbor,False,
2025-02-01 17:00:00,30.3,1008.1,39.0,AWS-MUM-103,Kalyan,MUM,neighbor,False,
2025-02-01 18:00:00,28.0,1009.0,46.0,AWS-MUM-103,Kalyan,MUM,neighbor,False,
2025-02-01 19:00:00,26.6,1009.8,49.0,AWS-MUM-103,Kalyan,MUM,neighbor,False,
2025-02-01 20:00:00,25.3,1010.7,51.0,AWS-MUM-103,Kalyan,MUM,neighbor,False,
2025-02-01 21:00:00,24.3,1011.3,52.0,AWS-MUM-103,Kalyan,MUM,neighbor,False,
2025-02-01 22:00:00,23.5,1011.5,51.0,AWS-MUM-103,Kalyan,MUM,neighbor,False,
2025-02-01 23:00:00,22.8,1011.3,51.0,AWS-MUM-103,Kalyan,MUM,neighbor,False,
2025-02-02 00:00:00,22.1,1011.2,54.0,AWS-MUM-103,Kalyan,MUM,neighbor,False,
2025-02-02 01:00:00,21.3,1010.6,58.0,AWS-MUM-103,Kalyan,MUM,neighbor,False,
2025-02-02 02:00:00,20.7,1009.8,61.0,AWS-MUM-103,Kalyan,MUM,neighbor,False,
2025-02-02 03:00:00,20.2,1009.3,63.0,AWS-MUM-103,Kalyan,MUM,neighbor,False,
2025-02-02 04:00:00,19.8,50.388169529203644,65.0,AWS-MUM-103,Kalyan,MUM,neighbor,True,sensor_fail_low
2025-02-02 05:00:00,19.3,49.64542581282394,65.0,AWS-MUM-103,Kalyan,MUM,neighbor,True,sensor_fail_low
2025-02-02 06:00:00,18.8,50.51534800797875,72.0,AWS-MUM-103,Kalyan,MUM,neighbor,True,sensor_fail_low
2025-02-02 07:00:00,18.7,51.257605737596755,75.0,AWS-MUM-103,Kalyan,MUM,neighbor,True,sensor_fail_low
2025-02-02 08:00:00,20.1,1011.8,68.0,AWS-MUM-103,Kalyan,MUM,neighbor,False,
2025-02-02 09:00:00,22.9,1012.4,54.0,AWS-MUM-103,Kalyan,MUM,neighbor,False,
2025-02-02 10:00:00,26.3,1012.5,41.0,AWS-MUM-103,Kalyan,MUM,neighbor,False,
2025-02-02 11:00:00,29.5,1011.7,32.0,AWS-MUM-103,Kalyan,MUM,neighbor,False,
2025-02-02 12:00:00,32.2,1010.2,24.0,AWS-MUM-103,Kalyan,MUM,neighbor,False,
2025-02-02 13:00:00,34.0,1008.9,21.0,AWS-MUM-103,Kalyan,MUM,neighbor,False,
2025-02-02 14:00:00,34.9,1007.8,20.0,AWS-MUM-103,Kalyan,MUM,neighbor,False,
2025-02-02 15:00:00,35.0,1007.1,21.0,AWS-MUM-103,Kalyan,MUM,neighbor,False,
2025-02-02 16:00:00,34.2,1007.1,23.0,AWS-MUM-103,Kalyan,MUM,neighbor,False,
2025-02-02 17:00:00,32.7,1007.5,27.0,AWS-MUM-103,Kalyan,MUM,neighbor,False,
2025-02-02 18:00:00,30.5,1008.3,35.0,AWS-MUM-103,Kalyan,MUM,neighbor,False,
2025-02-02 19:00:00,28.2,1008.9,41.0,AWS-MUM-103,Kalyan,MUM,neighbor,False,
2025-02-02 20:00:00,26.9,1010.0,44.0,AWS-MUM-103,Kalyan,MUM,neighbor,False,
2025-02-02 21:00:00,25.9,1010.6,45.0,AWS-MUM-103,Kalyan,MUM,neighbor,False,
2025-02-02 22:00:00,25.0,1010.8,44.0,AWS-MUM-103,Kalyan,MUM,neighbor,False,
2025-02-02 23:00:00,24.1,1010.9,46.0,AWS-MUM-103,Kalyan,MUM,neighbor,False,
2025-02-03 00:00:00,23.2,1010.3,54.0,AWS-MUM-103,Kalyan,MUM,neighbor,False,
2025-02-03 01:00:00,22.6,1009.9,56.0,AWS-MUM-103,Kalyan,MUM,neighbor,False,
2025-02-03 02:00:00,22.0,1009.4,58.0,AWS-MUM-103,Kalyan,MUM,neighbor,False,
2025-02-03 03:00:00,21.3,1008.8,62.0,AWS-MUM-103,Kalyan,MUM,neighbor,False,
2025-02-03 04:00:00,20.8,1008.5,67.0,AWS-MUM-103,Kalyan,MUM,neighbor,False,
2025-02-03 05:00:00,20.4,1008.7,69.0,AWS-MUM-103,Kalyan,MUM,neighbor,False,
2025-02-03 06:00:00,19.8,1009.5,77.0,AWS-MUM-103,Kalyan,MUM,neighbor,False,
2025-02-03 07:00:00,19.8,1010.2,76.0,AWS-MUM-103,Kalyan,MUM,neighbor,False,
2025-02-03 08:00:00,21.6,1011.0,67.0,AWS-MUM-103,Kalyan,MUM,neighbor,False,
2025-02-03 09:00:00,24.6,1011.7,52.0,AWS-MUM-103,Kalyan,MUM,neighbor,False,
2025-02-03 10:00:00,28.3,1012.1,38.0,AWS-MUM-103,Kalyan,MUM,neighbor,False,
2025-02-03 11:00:00,31.2,1011.5,29.0,AWS-MUM-103,Kalyan,MUM,neighbor,False,
2025-02-03 12:00:00,33.1,1010.3,26.0,AWS-MUM-103,Kalyan,MUM,neighbor,False,
2025-02-03 13:00:00,34.0,1009.1,28.0,AWS-MUM-103,Kalyan,MUM,neighbor,False,
2025-02-03 14:00:00,33.8,1008.1,31.0,AWS-MUM-103,Kalyan,MUM,neighbor,False,
2025-02-03 15:00:00,32.9,1007.8,30.0,AWS-MUM-103,Kalyan,MUM,neighbor,True,drift
2025-02-03 16:00:00,31.7,1008.0,7.928472567388955,AWS-MUM-103,Kalyan,MUM,neighbor,True,drift
2025-02-03 17:00:00,29.9,1008.5,0.0,AWS-MUM-103,Kalyan,MUM,neighbor,True,drift
2025-02-03 18:00:00,27.7,1009.7,0.0,AWS-MUM-103,Kalyan,MUM,neighbor,True,drift
2025-02-03 19:00:00,26.5,1010.7,0.0,AWS-MUM-103,Kalyan,MUM,neighbor,True,drift
2025-02-03 20:00:00,25.6,1011.9,0.0,AWS-MUM-103,Kalyan,MUM,neighbor,True,drift
2025-02-03 21:00:00,24.9,1012.5,0.0,AWS-MUM-103,Kalyan,MUM,neighbor,True,drift
2025-02-03 22:00:00,24.0,1012.8,0.0,AWS-MUM-103,Kalyan,MUM,neighbor,True,drift
2025-02-03 23:00:00,23.1,1012.6,0.0,AWS-MUM-103,Kalyan,MUM,neighbor,True,drift
2025-02-04 00:00:00,22.3,1012.2,0.0,AWS-MUM-103,Kalyan,MUM,neighbor,True,drift
2025-02-04 01:00:00,21.4,1011.7,0.0,AWS-MUM-103,Kalyan,MUM,neighbor,True,drift
2025-02-04 02:00:00,20.7,1010.9,0.0,AWS-MUM-103,Kalyan,MUM,neighbor,True,drift
2025-02-04 03:00:00,20.1,1010.4,0.0,AWS-MUM-103,Kalyan,MUM,neighbor,True,drift
2025-02-04 04:00:00,19.7,1010.1,0.0,AWS-MUM-103,Kalyan,MUM,neighbor,True,drift
2025-02-04 05:00:00,19.2,1010.1,0.0,AWS-MUM-103,Kalyan,MUM,neighbor,True,drift
2025-02-04 06:00:00,19.0,1011.4,0.0,AWS-MUM-103,Kalyan,MUM,neighbor,True,drift
2025-02-04 07:00:00,18.8,1012.1,0.0,AWS-MUM-103,Kalyan,MUM,neighbor,True,drift
2025-02-04 08:00:00,20.8,1013.0,0.0,AWS-MUM-103,Kalyan,MUM,neighbor,True,drift
2025-02-04 09:00:00,24.3,1014.1,0.0,AWS-MUM-103,Kalyan,MUM,neighbor,True,drift
2025-02-04 10:00:00,27.2,1014.1,0.0,AWS-MUM-103,Kalyan,MUM,neighbor,True,drift
2025-02-04 11:00:00,29.9,1013.7,0.0,AWS-MUM-103,Kalyan,MUM,neighbor,True,drift
2025-02-04 12:00:00,31.8,1012.4,27.0,AWS-MUM-103,Kalyan,MUM,neighbor,False,
2025-02-04 13:00:00,33.1,1010.9,26.0,AWS-MUM-103,Kalyan,MUM,neighbor,False,
2025-02-04 14:00:00,34.0,1009.7,27.0,AWS-MUM-103,Kalyan,MUM,neighbor,False,
2025-02-04 15:00:00,34.0,1008.8,28.0,AWS-MUM-103,Kalyan,MUM,neighbor,False,
2025-02-04 16:00:00,33.0,1008.6,30.0,AWS-MUM-103,Kalyan,MUM,neighbor,False,
2025-02-04 17:00:00,31.2,1008.8,35.0,AWS-MUM-103,Kalyan,MUM,neighbor,False,
2025-02-04 18:00:00,28.5,1009.9,41.0,AWS-MUM-103,Kalyan,MUM,neighbor,False,
2025-02-04 19:00:00,26.7,1010.4,45.0,AWS-MUM-103,Kalyan,MUM,neighbor,False,
2025-02-04 20:00:00,25.5,1011.4,47.0,AWS-MUM-103,Kalyan,MUM,neighbor,False,
2025-02-04 21:00:00,24.7,1011.8,45.0,AWS-MUM-103,Kalyan,MUM,neighbor,False,
2025-02-04 22:00:00,24.1,1012.0,43.0,AWS-MUM-103,Kalyan,MUM,neighbor,False,
2025-02-04 23:00:00,23.5,1012.0,43.0,AWS-MUM-103,Kalyan,MUM,neighbor,False,
2025-02-05 00:00:00,22.9,1011.6,45.0,AWS-MUM-103,Kalyan,MUM,neighbor,False,
2025-02-05 01:00:00,22.3,1011.2,46.0,AWS-MUM-103,Kalyan,MUM,neighbor,False,
2025-02-05 02:00:00,22.1,1010.9,44.0,AWS-MUM-103,Kalyan,MUM,neighbor,False,
2025-02-05 03:00:00,21.9,1010.4,42.0,AWS-MUM-103,Kalyan,MUM,neighbor,False,
2025-02-05 04:00:00,21.5,1010.2,43.0,AWS-MUM-103,Kalyan,MUM,neighbor,False,
2025-02-05 05:00:00,21.1,1010.3,43.0,AWS-MUM-103,Kalyan,MUM,neighbor,False,
2025-02-05 06:00:00,20.4,1010.8,47.0,AWS-MUM-103,Kalyan,MUM,neighbor,False,
2025-02-05 07:00:00,20.2,1011.5,46.0,AWS-MUM-103,Kalyan,MUM,neighbor,False,
2025-02-05 08:00:00,21.5,1012.5,41.0,AWS-MUM-103,Kalyan,MUM,neighbor,False,
2025-02-05 09:00:00,24.0,1012.6,33.0,AWS-MUM-103,Kalyan,MUM,neighbor,False,
2025-02-05 10:00:00,27.0,1012.7,29.0,AWS-MUM-103,Kalyan,MUM,neighbor,False,
2025-02-05 11:00:00,29.7,1011.7,26.0,AWS-MUM-103,Kalyan,MUM,neighbor,False,
2025-02-05 12:00:00,31.6,1010.7,23.0,AWS-MUM-103,Kalyan,MUM,neighbor,False,
2025-02-05 13:00:00,32.8,1009.3,21.0,AWS-MUM-103,Kalyan,MUM,neighbor,False,
2025-02-05 14:00:00,33.8,1008.1,20.0,AWS-MUM-103,Kalyan,MUM,neighbor,False,
2025-02-05 15:00:00,34.3,1007.2,19.0,AWS-MUM-103,Kalyan,MUM,neighbor,False,
2025-02-05 16:00:00,34.1,1007.1,19.0,AWS-MUM-103,Kalyan,MUM,neighbor,False,
2025-02-05 17:00:00,32.0,1007.3,22.0,AWS-MUM-103,Kalyan,MUM,neighbor,False,
2025-02-05 18:00:00,29.3,1008.1,30.0,AWS-MUM-103,Kalyan,MUM,neighbor,False,
2025-02-05 19:00:00,27.2,1008.8,36.0,AWS-MUM-103,Kalyan,MUM,neighbor,False,
2025-02-05 20:00:00,25.6,1009.9,38.0,AWS-MUM-103,Kalyan,MUM,neighbor,False,
2025-02-05 21:00:00,24.7,1010.7,38.0,AWS-MUM-103,Kalyan,MUM,neighbor,False,
2025-02-05 22:00:00,23.9,1010.7,40.0,AWS-MUM-103,Kalyan,MUM,neighbor,False,
2025-02-05 23:00:00,23.3,1010.6,42.0,AWS-MUM-103,Kalyan,MUM,neighbor,False,
2025-02-06 00:00:00,22.8,1010.1,42.0,AWS-MUM-103,Kalyan,MUM,neighbor,False,
2025-02-06 01:00:00,22.1,1009.8,43.0,AWS-MUM-103,Kalyan,MUM,neighbor,False,
2025-02-06 02:00:00,21.5,1009.1,43.0,AWS-MUM-103,Kalyan,MUM,neighbor,False,
2025-02-06 03:00:00,20.7,1008.6,44.0,AWS-MUM-103,Kalyan,MUM,neighbor,False,
2025-02-06 04:00:00,20.1,1008.5,46.0,AWS-MUM-103,Kalyan,MUM,neighbor,False,
2025-02-06 05:00:00,19.5,1008.7,50.0,AWS-MUM-103,Kalyan,MUM,neighbor,False,
2025-02-06 06:00:00,18.6,1009.5,59.0,AWS-MUM-103,Kalyan,MUM,neighbor,False,
2025-02-06 07:00:00,18.6,1010.0,64.0,AWS-MUM-103,Kalyan,MUM,neighbor,False,
2025-02-06 08:00:00,20.6,1010.7,57.0,AWS-MUM-103,Kalyan,MUM,neighbor,False,
2025-02-06 09:00:00,23.9,1011.2,45.0,AWS-MUM-103,Kalyan,MUM,neighbor,False,
2025-02-06 10:00:00,27.6,1011.2,37.0,AWS-MUM-103,Kalyan,MUM,neighbor,False,
2025-02-06 11:00:00,31.1,1010.6,31.0,AWS-MUM-103,Kalyan,MUM,neighbor,False,
2025-02-06 12:00:00,33.5,1009.5,27.0,AWS-MUM-103,Kalyan,MUM,neighbor,False,
2025-02-06 13:00:00,34.9,1008.1,24.0,AWS-MUM-103,Kalyan,MUM,neighbor,False,
2025-02-06 14:00:00,35.8,1007.0,22.0,AWS-MUM-103,Kalyan,MUM,neighbor,False,
2025-02-06 15:00:00,36.2,1006.1,21.0,AWS-MUM-103,Kalyan,MUM,neighbor,False,
2025-02-06 16:00:00,35.8,1005.9,22.0,AWS-MUM-103,Kalyan,MUM,neighbor,False,
2025-02-06 17:00:00,33.6,1006.2,30.0,AWS-MUM-103,Kalyan,MUM,neighbor,False,
2025-02-06 18:00:00,175.11287471621696,1007.3113018900665,100.0,AWS-MUM-103,Kalyan,MUM,neighbor,True,multivariate_inconsistency
2025-02-06 19:00:00,173.31287471621695,1007.3841303087395,100.0,AWS-MUM-103,Kalyan,MUM,neighbor,True,multivariate_inconsistency
2025-02-06 20:00:00,172.31287471621695,1008.0152231478069,100.0,AWS-MUM-103,Kalyan,MUM,neighbor,True,multivariate_inconsistency
2025-02-06 21:00:00,27.3,1009.9,51.0,AWS-MUM-103,Kalyan,MUM,neighbor,False,
2025-02-06 22:00:00,26.7,1010.1,53.0,AWS-MUM-103,Kalyan,MUM,neighbor,False,
2025-02-06 23:00:00,25.9,1009.8,56.0,AWS-MUM-103,Kalyan,MUM,neighbor,False,
2025-02-07 00:00:00,24.9,1009.5,59.0,AWS-MUM-103,Kalyan,MUM,neighbor,False,
2025-02-07 01:00:00,24.0,1009.2,62.0,AWS-MUM-103,Kalyan,MUM,neighbor,False,
2025-02-07 02:00:00,23.2,1008.9,65.0,AWS-MUM-103,Kalyan,MUM,neighbor,False,
2025-02-07 03:00:00,22.4,1008.5,68.0,AWS-MUM-103,Kalyan,MUM,neighbor,False,
2025-02-07 04:00:00,22.0,1008.5,70.0,AWS-MUM-103,Kalyan,MUM,neighbor,False,
2025-02-07 05:00:00,21.6,1031.481122934765,72.0,AWS-MUM-103,Kalyan,MUM,neighbor,True,spike
2025-02-07 06:00:00,22.0,1009.7,71.0,AWS-MUM-103,Kalyan,MUM,neighbor,False,
2025-02-07 07:00:00,22.2,1010.5,0.5008034098132172,AWS-MUM-103,Kalyan,MUM,neighbor,True,sensor_fail_low
2025-02-07 08:00:00,24.0,1011.5,0.4776073553858841,AWS-MUM-103,Kalyan,MUM,neighbor,True,sensor_fail_low
2025-02-07 09:00:00,27.1,1012.3,0.6094032246515431,AWS-MUM-103,Kalyan,MUM,neighbor,True,sensor_fail_low
2025-02-07 10:00:00,30.5,1012.8,0.8320690495062698,AWS-MUM-103,Kalyan,MUM,neighbor,True,sensor_fail_low
2025-02-07 11:00:00,33.6,1012.0,32.0,AWS-MUM-103,Kalyan,MUM,neighbor,False,
2025-02-07 12:00:00,35.7,1010.8,25.0,AWS-MUM-103,Kalyan,MUM,neighbor,False,
2025-02-07 13:00:00,37.0,1009.6,22.0,AWS-MUM-103,Kalyan,MUM,neighbor,False,
2025-02-07 14:00:00,37.9,1008.3,19.0,AWS-MUM-103,Kalyan,MUM,neighbor,False,
2025-02-07 15:00:00,37.8,1007.5,20.0,AWS-MUM-103,Kalyan,MUM,neighbor,False,
2025-02-07 16:00:00,36.2,1007.6,24.0,AWS-MUM-103,Kalyan,MUM,neighbor,False,
2025-02-07 17:00:00,33.4,1008.1,32.0,AWS-MUM-103,Kalyan,MUM,neighbor,False,
2025-02-07 18:00:00,31.3,1009.1,39.0,AWS-MUM-103,Kalyan,MUM,neighbor,False,
2025-02-07 19:00:00,30.0,1009.6,42.0,AWS-MUM-103,Kalyan,MUM,neighbor,False,
2025-02-07 20:00:00,29.0,1010.8,50.0,AWS-MUM-103,Kalyan,MUM,neighbor,False,
2025-02-07 21:00:00,28.3,1011.5,48.0,AWS-MUM-103,Kalyan,MUM,neighbor,False,
2025-02-07 22:00:00,27.8,1011.6,49.0,AWS-MUM-103,Kalyan,MUM,neighbor,False,
2025-02-07 23:00:00,26.6,1011.2,56.0,AWS-MUM-103,Kalyan,MUM,neighbor,False,
2025-02-08 00:00:00,25.8,1010.8,59.0,AWS-MUM-103,Kalyan,MUM,neighbor,False,
2025-02-08 01:00:00,24.9,1010.2,63.0,AWS-MUM-103,Kalyan,MUM,neighbor,False,
2025-02-08 02:00:00,24.0,1009.8,66.0,AWS-MUM-103,Kalyan,MUM,neighbor,False,
2025-02-08 03:00:00,23.3,1009.3,68.0,AWS-MUM-103,Kalyan,MUM,neighbor,False,
2025-02-08 04:00:00,22.7,1009.2,71.0,AWS-MUM-103,Kalyan,MUM,neighbor,False,
2025-02-08 05:00:00,22.2,1009.3,74.0,AWS-MUM-103,Kalyan,MUM,neighbor,False,
2025-02-08 06:00:00,22.1,1010.2,75.0,AWS-MUM-103,Kalyan,MUM,neighbor,False,
2025-02-08 07:00:00,22.1,1010.7,75.0,AWS-MUM-103,Kalyan,MUM,neighbor,False,
2025-02-08 08:00:00,23.8,1011.6,67.0,AWS-MUM-103,Kalyan,MUM,neighbor,False,
2025-02-08 09:00:00,26.7,1012.2,56.0,AWS-MUM-103,Kalyan,MUM,neighbor,False,
2025-02-08 10:00:00,30.1,1012.4,44.0,AWS-MUM-103,Kalyan,MUM,neighbor,False,
2025-02-08 11:00:00,33.0,1012.0,35.0,AWS-MUM-103,Kalyan,MUM,neighbor,False,
2025-02-08 12:00:00,35.2,1010.9,27.0,AWS-MUM-103,Kalyan,MUM,neighbor,False,
2025-02-08 13:00:00,36.5,1009.6,23.0,AWS-MUM-103,Kalyan,MUM,neighbor,False,
2025-02-08 14:00:00,37.2,1008.4,21.0,AWS-MUM-103,Kalyan,MUM,neighbor,False,
2025-02-08 15:00:00,37.0,1007.5,23.0,AWS-MUM-103,Kalyan,MUM,neighbor,False,
2025-02-08 16:00:00,36.2,1007.5,27.0,AWS-MUM-103,Kalyan,MUM,neighbor,False,
2025-02-08 17:00:00,34.4,1007.8,31.0,AWS-MUM-103,Kalyan,MUM,neighbor,False,
2025-02-08 18:00:00,32.1,1008.5,35.0,AWS-MUM-103,Kalyan,MUM,neighbor,False,
2025-02-08 19:00:00,30.6,1009.2,38.0,AWS-MUM-103,Kalyan,MUM,neighbor,False,
2025-02-08 20:00:00,29.4,1010.5,42.0,AWS-MUM-103,Kalyan,MUM,neighbor,False,
2025-02-08 21:00:00,28.3,1011.2,45.0,AWS-MUM-103,Kalyan,MUM,neighbor,False,
2025-02-08 22:00:00,27.6,1011.5,47.0,AWS-MUM-103,Kalyan,MUM,neighbor,False,
2025-02-08 23:00:00,26.7,1011.6,50.0,AWS-MUM-103,Kalyan,MUM,neighbor,False,
2025-02-09 00:00:00,25.6,1010.9,54.0,AWS-MUM-103,Kalyan,MUM,neighbor,False,
2025-02-09 01:00:00,24.7,1010.3,59.0,AWS-MUM-103,Kalyan,MUM,neighbor,False,
2025-02-09 02:00:00,24.0,1009.6,62.0,AWS-MUM-103,Kalyan,MUM,neighbor,False,
2025-02-09 03:00:00,23.3,1009.0,64.0,AWS-MUM-103,Kalyan,MUM,neighbor,False,
2025-02-09 04:00:00,22.6,1008.8,70.0,AWS-MUM-103,Kalyan,MUM,neighbor,False,
2025-02-09 05:00:00,22.6,1009.0,69.0,AWS-MUM-103,Kalyan,MUM,neighbor,False,
2025-02-09 06:00:00,22.0,1009.8,74.0,AWS-MUM-103,Kalyan,MUM,neighbor,False,
2025-02-09 07:00:00,21.8,1010.3,73.0,AWS-MUM-103,Kalyan,MUM,neighbor,False,
2025-02-09 08:00:00,23.5,1011.1,64.0,AWS-MUM-103,Kalyan,MUM,neighbor,False,
2025-02-09 09:00:00,26.3,1011.6,50.0,AWS-MUM-103,Kalyan,MUM,neighbor,False,
2025-02-09 10:00:00,29.8,1011.9,39.0,AWS-MUM-103,Kalyan,MUM,neighbor,False,
2025-02-09 11:00:00,33.0,1011.3,32.0,AWS-MUM-103,Kalyan,MUM,neighbor,False,
2025-02-09 12:00:00,35.3,1010.0,25.0,AWS-MUM-103,Kalyan,MUM,neighbor,False,
2025-02-09 13:00:00,36.6,1008.7,21.0,AWS-MUM-103,Kalyan,MUM,neighbor,False,
2025-02-09 14:00:00,37.3,1007.2,20.0,AWS-MUM-103,Kalyan,MUM,neighbor,False,
2025-02-09 15:00:00,37.3,1006.7,21.0,AWS-MUM-103,Kalyan,MUM,neighbor,False,
2025-02-09 16:00:00,36.4,1006.6,23.0,AWS-MUM-103,Kalyan,MUM,neighbor,False,
2025-02-09 17:00:00,34.3,1007.0,27.0,AWS-MUM-103,Kalyan,MUM,neighbor,False,
2025-02-09 18:00:00,32.6,1007.6,26.0,AWS-MUM-103,Kalyan,MUM,neighbor,True,frozen_value
2025-02-09 19:00:00,31.2,1008.2,26.0,AWS-MUM-103,Kalyan,MUM,neighbor,True,frozen_value
2025-02-09 20:00:00,29.9,1009.7,26.0,AWS-MUM-103,Kalyan,MUM,neighbor,True,frozen_value
2025-02-09 21:00:00,28.8,1010.5,26.0,AWS-MUM-103,Kalyan,MUM,neighbor,True,frozen_value
2025-02-09 22:00:00,27.8,1010.7,26.0,AWS-MUM-103,Kalyan,MUM,neighbor,True,frozen_value
2025-02-09 23:00:00,26.7,1010.8,26.0,AWS-MUM-103,Kalyan,MUM,neighbor,True,frozen_value
2025-02-10 00:00:00,25.5,1010.5,26.0,AWS-MUM-103,Kalyan,MUM,neighbor,True,frozen_value
2025-02-10 01:00:00,24.9,1010.1,26.0,AWS-MUM-103,Kalyan,MUM,neighbor,True,frozen_value
2025-02-10 02:00:00,24.3,1009.8,48.0,AWS-MUM-103,Kalyan,MUM,neighbor,False,
2025-02-10 03:00:00,23.6,1009.5,53.0,AWS-MUM-103,Kalyan,MUM,neighbor,False,
2025-02-10 04:00:00,23.0,1009.6,57.0,AWS-MUM-103,Kalyan,MUM,neighbor,False,
2025-02-10 05:00:00,22.3,1009.9,60.0,AWS-MUM-103,Kalyan,MUM,neighbor,False,
2025-02-10 06:00:00,21.8,1010.8,63.0,AWS-MUM-103,Kalyan,MUM,neighbor,False,
2025-02-10 07:00:00,21.7,1011.5,63.0,AWS-MUM-103,Kalyan,MUM,neighbor,False,
2025-02-10 08:00:00,23.3,1012.5,56.0,AWS-MUM-103,Kalyan,MUM,neighbor,False,
2025-02-10 09:00:00,26.3,1013.2,44.0,AWS-MUM-103,Kalyan,MUM,neighbor,False,
2025-02-10 10:00:00,29.8,1013.7,34.0,AWS-MUM-103,Kalyan,MUM,neighbor,False,
2025-02-10 11:00:00,32.8,1013.0,28.0,AWS-MUM-103,Kalyan,MUM,neighbor,False,
2025-02-10 12:00:00,35.0,1011.8,23.0,AWS-MUM-103,Kalyan,MUM,neighbor,False,
2025-02-10 13:00:00,36.3,1010.3,19.0,AWS-MUM-103,Kalyan,MUM,neighbor,False,
2025-02-10 14:00:00,37.1,1009.2,18.0,AWS-MUM-103,Kalyan,MUM,neighbor,False,
2025-02-10 15:00:00,37.2,1008.4,18.0,AWS-MUM-103,Kalyan,MUM,neighbor,False,
2025-02-10 16:00:00,36.0,1008.2,21.0,AWS-MUM-103,Kalyan,MUM,neighbor,False,
2025-02-10 17:00:00,33.7,1008.6,24.0,AWS-MUM-103,Kalyan,MUM,neighbor,False,
2025-02-10 18:00:00,31.3,1009.6,27.0,AWS-MUM-103,Kalyan,MUM,neighbor,False,
2025-02-10 19:00:00,29.7,1010.3,30.0,AWS-MUM-103,Kalyan,MUM,neighbor,False,
2025-02-10 20:00:00,28.6,1011.5,31.0,AWS-MUM-103,Kalyan,MUM,neighbor,False,
2025-02-10 21:00:00,27.7,1012.1,32.0,AWS-MUM-103,Kalyan,MUM,neighbor,False,
2025-02-10 22:00:00,26.5,1012.4,35.0,AWS-MUM-103,Kalyan,MUM,neighbor,False,
2025-02-10 23:00:00,25.8,1012.7,37.0,AWS-MUM-103,Kalyan,MUM,neighbor,False,
2025-02-11 00:00:00,24.6,1012.2,41.0,AWS-MUM-103,Kalyan,MUM,neighbor,False,
2025-02-11 01:00:00,23.4,1011.7,50.0,AWS-MUM-103,Kalyan,MUM,neighbor,False,
2025-02-11 02:00:00,22.5,1011.0,57.0,AWS-MUM-103,Kalyan,MUM,neighbor,False,
2025-02-11 03:00:00,21.8,1010.6,64.0,AWS-MUM-103,Kalyan,MUM,neighbor,False,
2025-02-11 04:00:00,21.5,1010.6,65.0,AWS-MUM-103,Kalyan,MUM,neighbor,False,
2025-02-11 05:00:00,21.1,1010.8,66.0,AWS-MUM-103,Kalyan,MUM,neighbor,False,
2025-02-11 06:00:00,20.1,1011.6,74.0,AWS-MUM-103,Kalyan,MUM,neighbor,False,
2025-02-11 07:00:00,20.0,1012.3,74.0,AWS-MUM-103,Kalyan,MUM,neighbor,False,
2025-02-11 08:00:00,21.7,1013.2,64.0,AWS-MUM-103,Kalyan,MUM,neighbor,False,
2025-02-11 09:00:00,25.2,1013.9,47.0,AWS-MUM-103,Kalyan,MUM,neighbor,False,
2025-02-11 10:00:00,28.9,1014.0,34.0,AWS-MUM-103,Kalyan,MUM,neighbor,False,
2025-02-11 11:00:00,32.0,1013.5,26.0,AWS-MUM-103,Kalyan,MUM,neighbor,False,
2025-02-11 12:00:00,34.4,1012.5,20.0,AWS-MUM-103,Kalyan,MUM,neighbor,False,
2025-02-11 13:00:00,35.9,1011.1,16.0,AWS-MUM-103,Kalyan,MUM,neighbor,False,
2025-02-11 14:00:00,36.7,1010.1,16.0,AWS-MUM-103,Kalyan,MUM,neighbor,False,
2025-02-11 15:00:00,36.1,1009.3,19.0,AWS-MUM-103,Kalyan,MUM,neighbor,False,
2025-02-11 16:00:00,34.5,1009.2,22.0,AWS-MUM-103,Kalyan,MUM,neighbor,False,
2025-02-11 17:00:00,32.7,1009.5,24.0,AWS-MUM-103,Kalyan,MUM,neighbor,False,
2025-02-11 18:00:00,30.6,1010.2,28.0,AWS-MUM-103,Kalyan,MUM,neighbor,False,
2025-02-11 19:00:00,28.6,1011.2,33.0,AWS-MUM-103,Kalyan,MUM,neighbor,False,
2025-02-11 20:00:00,27.1,1011.9,37.0,AWS-MUM-103,Kalyan,MUM,neighbor,False,
2025-02-11 21:00:00,26.2,1012.5,39.0,AWS-MUM-103,Kalyan,MUM,neighbor,False,
2025-02-11 22:00:00,25.1,1012.7,41.0,AWS-MUM-103,Kalyan,MUM,neighbor,False,
2025-02-11 23:00:00,23.9,1012.8,46.0,AWS-MUM-103,Kalyan,MUM,neighbor,False,
2025-02-12 00:00:00,22.7,1012.4,52.0,AWS-MUM-103,Kalyan,MUM,neighbor,False,
2025-02-12 01:00:00,21.7,1012.0,57.0,AWS-MUM-103,Kalyan,MUM,neighbor,True,frozen_value
2025-02-12 02:00:00,21.7,1011.5,60.0,AWS-MUM-103,Kalyan,MUM,neighbor,True,frozen_value
2025-02-12 03:00:00,21.7,1011.0,63.0,AWS-MUM-103,Kalyan,MUM,neighbor,True,frozen_value
2025-02-12 04:00:00,21.7,1011.1,67.0,AWS-MUM-103,Kalyan,MUM,neighbor,True,frozen_value
2025-02-12 05:00:00,21.7,1011.6,69.0,AWS-MUM-103,Kalyan,MUM,neighbor,True,frozen_value
2025-02-12 06:00:00,21.7,1012.5,73.0,AWS-MUM-103,Kalyan,MUM,neighbor,True,frozen_value
2025-02-12 07:00:00,21.7,1013.4,74.0,AWS-MUM-103,Kalyan,MUM,neighbor,True,frozen_value
2025-02-12 08:00:00,21.7,1014.1,65.0,AWS-MUM-103,Kalyan,MUM,neighbor,True,frozen_value
2025-02-12 09:00:00,23.5,1014.9,46.0,AWS-MUM-103,Kalyan,MUM,neighbor,False,
2025-02-12 10:00:00,27.6,1014.9,33.0,AWS-MUM-103,Kalyan,MUM,neighbor,False,
2025-02-12 11:00:00,30.9,1014.1,27.0,AWS-MUM-103,Kalyan,MUM,neighbor,False,
2025-02-12 12:00:00,33.1,1012.6,22.0,AWS-MUM-103,Kalyan,MUM,neighbor,False,
2025-02-12 13:00:00,34.5,1011.3,19.0,AWS-MUM-103,Kalyan,MUM,neighbor,False,
2025-02-12 14:00:00,35.4,1010.0,16.0,AWS-MUM-103,Kalyan,MUM,neighbor,False,
2025-02-12 15:00:00,35.6,1009.1,15.0,AWS-MUM-103,Kalyan,MUM,neighbor,False,
2025-02-12 16:00:00,35.4,1008.8,15.0,AWS-MUM-103,Kalyan,MUM,neighbor,False,
2025-02-12 17:00:00,34.7,1009.0,17.0,AWS-MUM-103,Kalyan,MUM,neighbor,False,
2025-02-12 18:00:00,32.8,1009.7,21.0,AWS-MUM-103,Kalyan,MUM,neighbor,False,
2025-02-12 19:00:00,30.1,1010.4,33.0,AWS-MUM-103,Kalyan,MUM,neighbor,False,
2025-02-12 20:00:00,,1011.2,45.0,AWS-MUM-103,Kalyan,MUM,neighbor,True,dropout
2025-02-12 21:00:00,26.8,1011.7,49.0,AWS-MUM-103,Kalyan,MUM,neighbor,False,
2025-02-12 22:00:00,25.6,1012.0,51.0,AWS-MUM-103,Kalyan,MUM,neighbor,False,
2025-02-12 23:00:00,24.9,1011.9,52.0,AWS-MUM-103,Kalyan,MUM,neighbor,False,
2025-02-13 00:00:00,24.5,1011.4,48.0,AWS-MUM-103,Kalyan,MUM,neighbor,False,
2025-02-13 01:00:00,24.0,1010.9,46.0,AWS-MUM-103,Kalyan,MUM,neighbor,False,
2025-02-13 02:00:00,23.0,1010.6,48.0,AWS-MUM-103,Kalyan,MUM,neighbor,False,
2025-02-13 03:00:00,21.9,1010.2,51.0,AWS-MUM-103,Kalyan,MUM,neighbor,False,
2025-02-13 04:00:00,21.0,1010.2,54.0,AWS-MUM-103,Kalyan,MUM,neighbor,False,
2025-02-13 05:00:00,20.4,1010.5,55.0,AWS-MUM-103,Kalyan,MUM,neighbor,False,
2025-02-13 06:00:00,19.5,1011.3,64.0,AWS-MUM-103,Kalyan,MUM,neighbor,False,
2025-02-13 07:00:00,19.3,1012.1,65.0,AWS-MUM-103,Kalyan,MUM,neighbor,False,
2025-02-13 08:00:00,21.0,1013.0,58.0,AWS-MUM-103,Kalyan,MUM,neighbor,False,
2025-02-13 09:00:00,24.2,1013.5,46.0,AWS-MUM-103,Kalyan,MUM,neighbor,False,
2025-02-13 10:00:00,28.2,1013.8,36.0,AWS-MUM-103,Kalyan,MUM,neighbor,False,
2025-02-13 11:00:00,31.9,1013.1,27.0,AWS-MUM-103,Kalyan,MUM,neighbor,False,
2025-02-13 12:00:00,34.5,1011.9,20.0,AWS-MUM-103,Kalyan,MUM,neighbor,False,
2025-02-13 13:00:00,36.0,1010.6,15.0,AWS-MUM-103,Kalyan,MUM,neighbor,False,
2025-02-13 14:00:00,36.7,1009.5,14.0,AWS-MUM-103,Kalyan,MUM,neighbor,False,
2025-02-13 15:00:00,37.3,1008.5,14.0,AWS-MUM-103,Kalyan,MUM,neighbor,False,
2025-02-13 16:00:00,37.7,1008.0,13.0,AWS-MUM-103,Kalyan,MUM,neighbor,False,
2025-02-13 17:00:00,36.7,1008.0,14.0,AWS-MUM-103,Kalyan,MUM,neighbor,False,
2025-02-13 18:00:00,33.5,1008.8,28.0,AWS-MUM-103,Kalyan,MUM,neighbor,False,
2025-02-13 19:00:00,31.2,1009.4,34.0,AWS-MUM-103,Kalyan,MUM,neighbor,False,
2025-02-13 20:00:00,29.5,1010.5,35.0,AWS-MUM-103,Kalyan,MUM,neighbor,False,
2025-02-13 21:00:00,28.3,1011.2,37.0,AWS-MUM-103,Kalyan,MUM,neighbor,False,
2025-02-13 22:00:00,27.8,1011.2,37.0,AWS-MUM-103,Kalyan,MUM,neighbor,False,
2025-02-13 23:00:00,27.3,1011.1,35.0,AWS-MUM-103,Kalyan,MUM,neighbor,False,
2025-02-14 00:00:00,26.4,1010.6,34.0,AWS-MUM-103,Kalyan,MUM,neighbor,False,
2025-02-14 01:00:00,25.6,1010.3,36.0,AWS-MUM-103,Kalyan,MUM,neighbor,False,
2025-02-14 02:00:00,24.7,1009.9,40.0,AWS-MUM-103,Kalyan,MUM,neighbor,False,
2025-02-14 03:00:00,23.9,1009.7,43.0,AWS-MUM-103,Kalyan,MUM,neighbor,False,
2025-02-14 04:00:00,23.2,1009.9,46.0,AWS-MUM-103,Kalyan,MUM,neighbor,False,
2025-02-14 05:00:00,22.6,1010.1,50.0,AWS-MUM-103,Kalyan,MUM,neighbor,False,
2025-02-14 06:00:00,20.9,1011.2,60.0,AWS-MUM-103,Kalyan,MUM,neighbor,False,
2025-02-14 07:00:00,20.7,1011.9,61.0,AWS-MUM-103,Kalyan,MUM,neighbor,False,
2025-02-14 08:00:00,22.7,1012.7,53.0,AWS-MUM-103,Kalyan,MUM,neighbor,False,
2025-02-14 09:00:00,26.2,1013.4,41.0,AWS-MUM-103,Kalyan,MUM,neighbor,False,
2025-02-14 10:00:00,30.1,1013.5,30.0,AWS-MUM-103,Kalyan,MUM,neighbor,False,
2025-02-14 11:00:00,33.4,1012.8,22.0,AWS-MUM-103,Kalyan,MUM,neighbor,False,
2025-02-14 12:00:00,35.3,1011.4,17.0,AWS-MUM-103,Kalyan,MUM,neighbor,False,
2025-02-14 13:00:00,36.4,1010.0,15.0,AWS-MUM-103,Kalyan,MUM,neighbor,False,
2025-02-14 14:00:00,37.1,1008.9,14.0,AWS-MUM-103,Kalyan,MUM,neighbor,False,
2025-02-14 15:00:00,37.4,1007.8,14.0,AWS-MUM-103,Kalyan,MUM,neighbor,True,frozen_value
2025-02-14 16:00:00,37.7,1007.4,14.0,AWS-MUM-103,Kalyan,MUM,neighbor,True,frozen_value
2025-02-14 17:00:00,36.7,1007.5,14.0,AWS-MUM-103,Kalyan,MUM,neighbor,True,frozen_value
2025-02-14 18:00:00,33.3,1007.9,14.0,AWS-MUM-103,Kalyan,MUM,neighbor,True,frozen_value
2025-02-14 19:00:00,31.3,1009.0,14.0,AWS-MUM-103,Kalyan,MUM,neighbor,True,frozen_value
2025-02-14 20:00:00,30.1,1010.0,14.0,AWS-MUM-103,Kalyan,MUM,neighbor,True,frozen_value
2025-02-14 21:00:00,29.1,1010.9,14.0,AWS-MUM-103,Kalyan,MUM,neighbor,True,frozen_value
2025-02-14 22:00:00,28.1,1011.3,14.0,AWS-MUM-103,Kalyan,MUM,neighbor,True,frozen_value
2025-02-14 23:00:00,27.6,1011.2,14.0,AWS-MUM-103,Kalyan,MUM,neighbor,True,frozen_value
2025-02-15 00:00:00,26.9,1010.8,33.0,AWS-MUM-103,Kalyan,MUM,neighbor,False,
2025-02-15 01:00:00,25.9,1010.2,35.0,AWS-MUM-103,Kalyan,MUM,neighbor,False,
2025-02-15 02:00:00,25.0,1009.6,37.0,AWS-MUM-103,Kalyan,MUM,neighbor,False,
2025-02-15 03:00:00,24.0,1009.2,41.0,AWS-MUM-103,Kalyan,MUM,neighbor,False,
2025-02-15 04:00:00,23.0,1009.2,44.0,AWS-MUM-103,Kalyan,MUM,neighbor,False,
2025-02-15 05:00:00,22.2,1009.3,48.0,AWS-MUM-103,Kalyan,MUM,neighbor,False,
2025-02-15 06:00:00,20.8,1010.4,57.0,AWS-MUM-103,Kalyan,MUM,neighbor,False,
2025-02-15 07:00:00,20.6,1011.3,59.0,AWS-MUM-103,Kalyan,MUM,neighbor,False,
2025-02-15 08:00:00,22.3,1012.1,52.0,AWS-MUM-103,Kalyan,MUM,neighbor,False,
2025-02-15 09:00:00,25.7,1012.5,40.0,AWS-MUM-103,Kalyan,MUM,neighbor,False,
2025-02-15 10:00:00,29.9,1012.3,30.0,AWS-MUM-103,Kalyan,MUM,neighbor,False,
2025-02-15 11:00:00,33.4,1011.5,22.0,AWS-MUM-103,Kalyan,MUM,neighbor,False,
2025-02-15 12:00:00,35.6,1010.3,16.0,AWS-MUM-103,Kalyan,MUM,neighbor,False,
2025-02-15 13:00:00,37.0,1009.1,13.0,AWS-MUM-103,Kalyan,MUM,neighbor,False,
2025-02-15 14:00:00,37.9,1007.7,11.0,AWS-MUM-103,Kalyan,MUM,neighbor,False,
2025-02-15 15:00:00,38.2,1006.8,11.0,AWS-MUM-103,Kalyan,MUM,neighbor,False,
2025-02-15 16:00:00,37.6,1006.7,11.0,AWS-MUM-103,Kalyan,MUM,neighbor,False,
2025-02-15 17:00:00,36.2,1007.1,13.0,AWS-MUM-103,Kalyan,MUM,neighbor,False,
2025-02-15 18:00:00,33.9,1007.8,18.0,AWS-MUM-103,Kalyan,MUM,neighbor,False,
2025-02-15 19:00:00,31.6,1008.4,21.0,AWS-MUM-103,Kalyan,MUM,neighbor,False,
2025-02-15 20:00:00,30.0,1009.4,23.0,AWS-MUM-103,Kalyan,MUM,neighbor,False,
2025-02-15 21:00:00,28.4,1010.1,24.0,AWS-MUM-103,Kalyan,MUM,neighbor,False,
2025-02-15 22:00:00,27.0,1010.1,27.0,AWS-MUM-103,Kalyan,MUM,neighbor,False,
2025-02-15 23:00:00,25.8,1010.2,30.0,AWS-MUM-103,Kalyan,MUM,neighbor,False,
2025-02-16 00:00:00,24.6,1009.6,33.0,AWS-MUM-103,Kalyan,MUM,neighbor,False,
2025-02-16 01:00:00,23.2,1009.3,38.0,AWS-MUM-103,Kalyan,MUM,neighbor,False,
2025-02-16 02:00:00,22.3,1009.0,42.0,AWS-MUM-103,Kalyan,MUM,neighbor,False,
2025-02-16 03:00:00,21.5,1008.7,46.0,AWS-MUM-103,Kalyan,MUM,neighbor,False,
2025-02-16 04:00:00,21.1,1009.0,47.0,AWS-MUM-103,Kalyan,MUM,neighbor,False,
2025-02-16 05:00:00,20.7,1009.4,49.0,AWS-MUM-103,Kalyan,MUM,neighbor,True,frozen_value
2025-02-16 06:00:00,19.8,1010.4,49.0,AWS-MUM-103,Kalyan,MUM,neighbor,True,frozen_value
2025-02-16 07:00:00,19.7,1011.0,49.0,AWS-MUM-103,Kalyan,MUM,neighbor,True,frozen_value
2025-02-16 08:00:00,21.8,1012.0,49.0,AWS-MUM-103,Kalyan,MUM,neighbor,True,frozen_value
2025-02-16 09:00:00,25.5,1012.8,49.0,AWS-MUM-103,Kalyan,MUM,neighbor,True,frozen_value
2025-02-16 10:00:00,30.0,1012.9,49.0,AWS-MUM-103,Kalyan,MUM,neighbor,True,frozen_value
2025-02-16 11:00:00,33.6,1012.0,49.0,AWS-MUM-103,Kalyan,MUM,neighbor,True,frozen_value
2025-02-16 12:00:00,35.3,1010.9,49.0,AWS-MUM-103,Kalyan,MUM,neighbor,True,frozen_value
2025-02-16 13:00:00,36.5,1009.7,49.0,AWS-MUM-103,Kalyan,MUM,neighbor,True,frozen_value
2025-02-16 14:00:00,37.3,1008.4,12.0,AWS-MUM-103,Kalyan,MUM,neighbor,False,
2025-02-16 15:00:00,37.3,1007.8,13.0,AWS-MUM-103,Kalyan,MUM,neighbor,False,
2025-02-16 16:00:00,36.2,1007.9,17.0,AWS-MUM-103,Kalyan,MUM,neighbor,False,
2025-02-16 17:00:00,34.3,1008.4,19.0,AWS-MUM-103,Kalyan,MUM,neighbor,False,
2025-02-16 18:00:00,31.9,1009.2,21.0,AWS-MUM-103,Kalyan,MUM,neighbor,False,
2025-02-16 19:00:00,30.0,1009.8,25.0,AWS-MUM-103,Kalyan,MUM,neighbor,False,
2025-02-16 20:00:00,28.6,1011.0,27.0,AWS-MUM-103,Kalyan,MUM,neighbor,False,
2025-02-16 21:00:00,27.6,1011.5,28.0,AWS-MUM-103,Kalyan,MUM,neighbor,False,
2025-02-16 22:00:00,26.1,1011.7,31.0,AWS-MUM-103,Kalyan,MUM,neighbor,False,
2025-02-16 23:00:00,25.2,1011.9,34.0,AWS-MUM-103,Kalyan,MUM,neighbor,False,
2025-02-17 00:00:00,23.9,1011.6,39.0,AWS-MUM-103,Kalyan,MUM,neighbor,False,
2025-02-17 01:00:00,22.6,1011.3,47.0,AWS-MUM-103,Kalyan,MUM,neighbor,False,
2025-02-17 02:00:00,21.8,1010.8,53.0,AWS-MUM-103,Kalyan,MUM,neighbor,False,
2025-02-17 03:00:00,21.2,1010.2,54.0,AWS-MUM-103,Kalyan,MUM,neighbor,False,
2025-02-17 04:00:00,20.7,1010.2,57.0,AWS-MUM-103,Kalyan,MUM,neighbor,False,
2025-02-17 05:00:00,20.2,1010.1,60.0,AWS-MUM-103,Kalyan,MUM,neighbor,False,
2025-02-17 06:00:00,20.0,1011.1,65.0,AWS-MUM-103,Kalyan,MUM,neighbor,False,
2025-02-17 07:00:00,20.1,1012.0,64.0,AWS-MUM-103,Kalyan,MUM,neighbor,False,
2025-02-17 08:00:00,22.3,1012.9,56.0,AWS-MUM-103,Kalyan,MUM,neighbor,False,
2025-02-17 09:00:00,26.2,1013.3,39.0,AWS-MUM-103,Kalyan,MUM,neighbor,False,
2025-02-17 10:00:00,30.2,1013.3,26.0,AWS-MUM-103,Kalyan,MUM,neighbor,False,
2025-02-17 11:00:00,33.2,1012.7,23.0,AWS-MUM-103,Kalyan,MUM,neighbor,False,
2025-02-17 12:00:00,35.2,1011.4,20.0,AWS-MUM-103,Kalyan,MUM,neighbor,False,
2025-02-17 13:00:00,36.6,1010.2,17.0,AWS-MUM-103,Kalyan,MUM,neighbor,False,
2025-02-17 14:00:00,37.6,1009.1,15.0,AWS-MUM-103,Kalyan,MUM,neighbor,False,
2025-02-17 15:00:00,38.0,1008.3,14.0,AWS-MUM-103,Kalyan,MUM,neighbor,False,
2025-02-17 16:00:00,37.4,1008.0,15.0,AWS-MUM-103,Kalyan,MUM,neighbor,False,
2025-02-17 17:00:00,35.5,1008.3,20.0,AWS-MUM-103,Kalyan,MUM,neighbor,False,
2025-02-17 18:00:00,32.6,1009.0,29.0,AWS-MUM-103,Kalyan,MUM,neighbor,False,
2025-02-17 19:00:00,30.5,1009.7,34.0,AWS-MUM-103,Kalyan,MUM,neighbor,False,
2025-02-17 20:00:00,29.4,1010.7,35.0,AWS-MUM-103,Kalyan,MUM,neighbor,False,
2025-02-17 21:00:00,28.4,1011.5,36.0,AWS-MUM-103,Kalyan,MUM,neighbor,False,
2025-02-17 22:00:00,27.4,1012.0,38.0,AWS-MUM-103,Kalyan,MUM,neighbor,False,
2025-02-17 23:00:00,26.4,1012.0,39.0,AWS-MUM-103,Kalyan,MUM,neighbor,False,
2025-02-18 00:00:00,25.4,1011.6,42.0,AWS-MUM-103,Kalyan,MUM,neighbor,False,
2025-02-18 01:00:00,24.4,1011.1,45.0,AWS-MUM-103,Kalyan,MUM,neighbor,False,
2025-02-18 02:00:00,23.5,1010.6,49.0,AWS-MUM-103,Kalyan,MUM,neighbor,False,
2025-02-18 03:00:00,22.6,1010.2,53.0,AWS-MUM-103,Kalyan,MUM,neighbor,False,
2025-02-18 04:00:00,21.9,1010.0,56.0,AWS-MUM-103,Kalyan,MUM,neighbor,False,
2025-02-18 05:00:00,21.2,1010.0,61.0,AWS-MUM-103,Kalyan,MUM,neighbor,False,
2025-02-18 06:00:00,20.8,1011.4,65.0,AWS-MUM-103,Kalyan,MUM,neighbor,False,
2025-02-18 07:00:00,20.8,1012.1,63.0,AWS-MUM-103,Kalyan,MUM,neighbor,False,
2025-02-18 08:00:00,22.6,1012.9,55.0,AWS-MUM-103,Kalyan,MUM,neighbor,False,
2025-02-18 09:00:00,26.0,1013.3,42.0,AWS-MUM-103,Kalyan,MUM,neighbor,False,
2025-02-18 10:00:00,30.0,1013.4,31.0,AWS-MUM-103,Kalyan,MUM,neighbor,False,
2025-02-18 11:00:00,33.3,1012.8,24.0,AWS-MUM-103,Kalyan,MUM,neighbor,False,
2025-02-18 12:00:00,35.4,1011.5,20.0,AWS-MUM-103,Kalyan,MUM,neighbor,False,
2025-02-18 13:00:00,37.1,1010.2,15.0,AWS-MUM-103,Kalyan,MUM,neighbor,False,
2025-02-18 14:00:00,38.0,1008.9,12.0,AWS-MUM-103,Kalyan,MUM,neighbor,False,
2025-02-18 15:00:00,38.4,1007.9,10.0,AWS-MUM-103,Kalyan,MUM,neighbor,False,
2025-02-18 16:00:00,36.3,1008.0,20.0,AWS-MUM-103,Kalyan,MUM,neighbor,False,
2025-02-18 17:00:00,34.1,1008.4,28.0,AWS-MUM-103,Kalyan,MUM,neighbor,False,
2025-02-18 18:00:00,32.4,1009.0,29.0,AWS-MUM-103,Kalyan,MUM,neighbor,False,
2025-02-18 19:00:00,31.0,1009.5,31.0,AWS-MUM-103,Kalyan,MUM,neighbor,False,
2025-02-18 20:00:00,29.8,1010.4,34.0,AWS-MUM-103,Kalyan,MUM,neighbor,False,
2025-02-18 21:00:00,28.9,1011.0,36.0,AWS-MUM-103,Kalyan,MUM,neighbor,False,
2025-02-18 22:00:00,28.1,1011.3,36.0,AWS-MUM-103,Kalyan,MUM,neighbor,False,
2025-02-18 23:00:00,27.2,1011.2,38.0,AWS-MUM-103,Kalyan,MUM,neighbor,False,
2025-02-19 00:00:00,26.3,1010.5,42.0,AWS-MUM-103,Kalyan,MUM,neighbor,False,
2025-02-19 01:00:00,25.3,1009.9,45.0,AWS-MUM-103,Kalyan,MUM,neighbor,False,
2025-02-19 02:00:00,24.4,1009.4,47.0,AWS-MUM-103,Kalyan,MUM,neighbor,False,
2025-02-19 03:00:00,23.6,1009.1,48.0,AWS-MUM-103,Kalyan,MUM,neighbor,False,
2025-02-19 04:00:00,23.0,1008.9,50.0,AWS-MUM-103,Kalyan,MUM,neighbor,False,
2025-02-19 05:00:00,22.3,1009.3,52.0,AWS-MUM-103,Kalyan,MUM,neighbor,False,
2025-02-19 06:00:00,20.5,1010.3,70.0,AWS-MUM-103,Kalyan,MUM,neighbor,False,
2025-02-19 07:00:00,20.6,1010.9,69.0,AWS-MUM-103,Kalyan,MUM,neighbor,False,
2025-02-19 08:00:00,22.6,1011.7,60.0,AWS-MUM-103,Kalyan,MUM,neighbor,False,
2025-02-19 09:00:00,26.4,1012.2,43.0,AWS-MUM-103,Kalyan,MUM,neighbor,False,
2025-02-19 10:00:00,30.6,1012.3,30.0,AWS-MUM-103,Kalyan,MUM,neighbor,False,
2025-02-19 11:00:00,33.2,1011.6,24.0,AWS-MUM-103,Kalyan,MUM,neighbor,False,
2025-02-19 12:00:00,34.6,1010.4,21.0,AWS-MUM-103,Kalyan,MUM,neighbor,False,
2025-02-19 13:00:00,35.6,1009.2,18.0,AWS-MUM-103,Kalyan,MUM,neighbor,False,
2025-02-19 14:00:00,36.3,1008.2,17.0,AWS-MUM-103,Kalyan,MUM,neighbor,False,
2025-02-19 15:00:00,36.6,1007.3,17.0,AWS-MUM-103,Kalyan,MUM,neighbor,False,
2025-02-19 16:00:00,36.1,1007.1,18.0,AWS-MUM-103,Kalyan,MUM,neighbor,False,
2025-02-19 17:00:00,34.8,1007.6,21.0,AWS-MUM-103,Kalyan,MUM,neighbor,False,
2025-02-19 18:00:00,32.9,1008.1,27.0,AWS-MUM-103,Kalyan,MUM,neighbor,False,
2025-02-19 19:00:00,30.8,1008.8,31.0,AWS-MUM-103,Kalyan,MUM,neighbor,False,
2025-02-19 20:00:00,29.4,1009.7,32.0,AWS-MUM-103,Kalyan,MUM,neighbor,False,
2025-02-19 21:00:00,28.4,1010.1,33.0,AWS-MUM-103,Kalyan,MUM,neighbor,False,
2025-02-19 22:00:00,27.2,1010.4,36.0,AWS-MUM-103,Kalyan,MUM,neighbor,False,
2025-02-19 23:00:00,26.1,1010.4,40.0,AWS-MUM-103,Kalyan,MUM,neighbor,False,
2025-02-20 00:00:00,24.8,1010.1,45.0,AWS-MUM-103,Kalyan,MUM,neighbor,False,
2025-02-20 01:00:00,23.9,1009.7,48.0,AWS-MUM-103,Kalyan,MUM,neighbor,False,
2025-02-20 02:00:00,23.2,1009.1,50.0,AWS-MUM-103,Kalyan,MUM,neighbor,False,
2025-02-20 03:00:00,22.8,1008.7,49.0,AWS-MUM-103,Kalyan,MUM,neighbor,False,
2025-02-20 04:00:00,22.3,1008.8,51.0,AWS-MUM-103,Kalyan,MUM,neighbor,False,
2025-02-20 05:00:00,21.9,1009.1,52.0,AWS-MUM-103,Kalyan,MUM,neighbor,False,
2025-02-20 06:00:00,20.8,1010.3,61.0,AWS-MUM-103,Kalyan,MUM,neighbor,False,
2025-02-20 07:00:00,20.6,1011.3,62.0,AWS-MUM-103,Kalyan,MUM,neighbor,False,
2025-02-20 08:00:00,22.7,1012.0,55.0,AWS-MUM-103,Kalyan,MUM,neighbor,False,
2025-02-20 09:00:00,26.4,1012.7,42.0,AWS-MUM-103,Kalyan,MUM,neighbor,False,
2025-02-20 10:00:00,30.7,1012.8,30.0,AWS-MUM-103,Kalyan,MUM,neighbor,False,
2025-02-20 11:00:00,33.6,1012.5,23.0,AWS-MUM-103,Kalyan,MUM,neighbor,False,
2025-02-20 12:00:00,35.1,1011.3,19.0,AWS-MUM-103,Kalyan,MUM,neighbor,False,
2025-02-20 13:00:00,36.2,1010.1,17.0,AWS-MUM-103,Kalyan,MUM,neighbor,False,
2025-02-20 14:00:00,36.9,1009.1,15.0,AWS-MUM-103,Kalyan,MUM,neighbor,False,
2025-02-20 15:00:00,37.2,1008.2,15.0,AWS-MUM-103,Kalyan,MUM,neighbor,False,
2025-02-20 16:00:00,37.0,1007.7,15.0,AWS-MUM-103,Kalyan,MUM,neighbor,False,
2025-02-20 17:00:00,36.2,1031.02103030327,15.0,AWS-MUM-103,Kalyan,MUM,neighbor,True,spike
2025-02-20 18:00:00,34.5,1008.2,19.0,AWS-MUM-103,Kalyan,MUM,neighbor,True,drift
2025-02-20 19:00:00,32.0,1009.2,16.39702266113464,AWS-MUM-103,Kalyan,MUM,neighbor,True,drift
2025-02-20 20:00:00,30.3,1010.3,12.021306938907575,AWS-MUM-103,Kalyan,MUM,neighbor,True,drift
2025-02-20 21:00:00,29.3,1011.0,6.574102378134221,AWS-MUM-103,Kalyan,MUM,neighbor,True,drift
2025-02-20 22:00:00,28.4,1011.6,0.2887474022491503,AWS-MUM-103,Kalyan,MUM,neighbor,True,drift
2025-02-20 23:00:00,28.1,1011.6,0.0,AWS-MUM-103,Kalyan,MUM,neighbor,True,drift
2025-02-21 00:00:00,27.5,1011.4,0.0,AWS-MUM-103,Kalyan,MUM,neighbor,True,drift
2025-02-21 01:00:00,27.0,1011.0,0.0,AWS-MUM-103,Kalyan,MUM,neighbor,True,drift
2025-02-21 02:00:00,26.7,1010.4,0.0,AWS-MUM-103,Kalyan,MUM,neighbor,True,drift
2025-02-21 03:00:00,26.1,1010.1,0.0,AWS-MUM-103,Kalyan,MUM,neighbor,True,drift
2025-02-21 04:00:00,25.2,1010.3,0.0,AWS-MUM-103,Kalyan,MUM,neighbor,True,drift
2025-02-21 05:00:00,24.5,1010.5,0.0,AWS-MUM-103,Kalyan,MUM,neighbor,True,drift
2025-02-21 06:00:00,22.6,1011.6,0.0,AWS-MUM-103,Kalyan,MUM,neighbor,True,drift
2025-02-21 07:00:00,22.3,1012.3,0.0,AWS-MUM-103,Kalyan,MUM,neighbor,True,drift
2025-02-21 08:00:00,24.2,1013.3,0.0,AWS-MUM-103,Kalyan,MUM,neighbor,True,drift
2025-02-21 09:00:00,27.7,1013.8,0.0,AWS-MUM-103,Kalyan,MUM,neighbor,True,drift
2025-02-21 10:00:00,31.9,1013.8,0.0,AWS-MUM-103,Kalyan,MUM,neighbor,True,drift
2025-02-21 11:00:00,35.4,1013.2,0.0,AWS-MUM-103,Kalyan,MUM,neighbor,True,drift
2025-02-21 12:00:00,37.1,1012.1,0.0,AWS-MUM-103,Kalyan,MUM,neighbor,True,drift
2025-02-21 13:00:00,37.8,1011.1,0.0,AWS-MUM-103,Kalyan,MUM,neighbor,True,drift
2025-02-21 14:00:00,38.4,1009.8,0.0,AWS-MUM-103,Kalyan,MUM,neighbor,True,drift
2025-02-21 15:00:00,38.7,1008.8,0.0,AWS-MUM-103,Kalyan,MUM,neighbor,True,drift
2025-02-21 16:00:00,38.9,1008.3,0.0,AWS-MUM-103,Kalyan,MUM,neighbor,True,drift
2025-02-21 17:00:00,38.0,1008.4,0.0,AWS-MUM-103,Kalyan,MUM,neighbor,True,drift
2025-02-21 18:00:00,35.5,1009.2,0.0,AWS-MUM-103,Kalyan,MUM,neighbor,True,drift
2025-02-21 19:00:00,32.9,1010.2,0.0,AWS-MUM-103,Kalyan,MUM,neighbor,True,drift
2025-02-21 20:00:00,31.2,1011.4,0.0,AWS-MUM-103,Kalyan,MUM,neighbor,True,drift
2025-02-21 21:00:00,30.0,1012.4,0.0,AWS-MUM-103,Kalyan,MUM,neighbor,True,drift
2025-02-21 22:00:00,29.2,1012.6,0.0,AWS-MUM-103,Kalyan,MUM,neighbor,True,drift
2025-02-21 23:00:00,28.7,1012.1,0.0,AWS-MUM-103,Kalyan,MUM,neighbor,True,drift
2025-02-22 00:00:00,28.2,1011.5,0.0,AWS-MUM-103,Kalyan,MUM,neighbor,True,drift
2025-02-22 01:00:00,27.6,1011.1,0.0,AWS-MUM-103,Kalyan,MUM,neighbor,True,drift
2025-02-22 02:00:00,26.7,1011.0,0.0,AWS-MUM-103,Kalyan,MUM,neighbor,True,drift
2025-02-22 03:00:00,25.9,1010.5,0.0,AWS-MUM-103,Kalyan,MUM,neighbor,True,drift
2025-02-22 04:00:00,24.9,1010.6,0.0,AWS-MUM-103,Kalyan,MUM,neighbor,True,drift
2025-02-22 05:00:00,23.9,1010.9,0.0,AWS-MUM-103,Kalyan,MUM,neighbor,True,drift
2025-02-22 06:00:00,23.0,1011.3,0.0,AWS-MUM-103,Kalyan,MUM,neighbor,True,drift
2025-02-22 07:00:00,22.5,1012.0,0.0,AWS-MUM-103,Kalyan,MUM,neighbor,True,drift
2025-02-22 08:00:00,24.3,1012.9,0.0,AWS-MUM-103,Kalyan,MUM,neighbor,True,drift
2025-02-22 09:00:00,27.9,1013.6,0.0,AWS-MUM-103,Kalyan,MUM,neighbor,True,drift
2025-02-22 10:00:00,32.0,1013.7,0.0,AWS-MUM-103,Kalyan,MUM,neighbor,True,drift
2025-02-22 11:00:00,35.3,1013.5,0.0,AWS-MUM-103,Kalyan,MUM,neighbor,True,drift
2025-02-22 12:00:00,37.2,1012.5,0.0,AWS-MUM-103,Kalyan,MUM,neighbor,True,drift
2025-02-22 13:00:00,38.3,1011.3,0.0,AWS-MUM-103,Kalyan,MUM,neighbor,True,drift
2025-02-22 14:00:00,39.3,1010.2,0.0,AWS-MUM-103,Kalyan,MUM,neighbor,True,drift
2025-02-22 15:00:00,39.5,1009.0,0.0,AWS-MUM-103,Kalyan,MUM,neighbor,True,drift
2025-02-22 16:00:00,38.5,1008.9,0.0,AWS-MUM-103,Kalyan,MUM,neighbor,True,drift
2025-02-22 17:00:00,36.9,1009.2,0.0,AWS-MUM-103,Kalyan,MUM,neighbor,True,drift
2025-02-22 18:00:00,31.4,1009.7,0.0,AWS-MUM-103,Kalyan,MUM,neighbor,True,drift
2025-02-22 19:00:00,30.9,1010.7,37.0,AWS-MUM-103,Kalyan,MUM,neighbor,False,
2025-02-22 20:00:00,30.9,1012.0,30.0,AWS-MUM-103,Kalyan,MUM,neighbor,False,
2025-02-22 21:00:00,30.0,1012.5,32.0,AWS-MUM-103,Kalyan,MUM,neighbor,False,
2025-02-22 22:00:00,29.3,1012.9,33.0,AWS-MUM-103,Kalyan,MUM,neighbor,False,
2025-02-22 23:00:00,28.4,1012.9,34.0,AWS-MUM-103,Kalyan,MUM,neighbor,False,
2025-02-23 00:00:00,27.2,1012.6,35.0,AWS-MUM-103,Kalyan,MUM,neighbor,False,
2025-02-23 01:00:00,26.2,1012.1,36.0,AWS-MUM-103,Kalyan,MUM,neighbor,False,
2025-02-23 02:00:00,25.2,1011.7,38.0,AWS-MUM-103,Kalyan,MUM,neighbor,False,
2025-02-23 03:00:00,24.3,1011.3,41.0,AWS-MUM-103,Kalyan,MUM,neighbor,False,
2025-02-23 04:00:00,23.5,1011.3,44.0,AWS-MUM-103,Kalyan,MUM,neighbor,False,
2025-02-23 05:00:00,22.9,1011.3,47.0,AWS-MUM-103,Kalyan,MUM,neighbor,False,
2025-02-23 06:00:00,22.2,1011.9,56.0,AWS-MUM-103,Kalyan,MUM,neighbor,False,
2025-02-23 07:00:00,22.0,1012.8,56.0,AWS-MUM-103,Kalyan,MUM,neighbor,False,
2025-02-23 08:00:00,24.0,1013.5,47.0,AWS-MUM-103,Kalyan,MUM,neighbor,False,
2025-02-23 09:00:00,27.8,1014.3,36.0,AWS-MUM-103,Kalyan,MUM,neighbor,False,
2025-02-23 10:00:00,32.3,1014.3,26.0,AWS-MUM-103,Kalyan,MUM,neighbor,False,
2025-02-23 11:00:00,35.6,1013.7,19.0,AWS-MUM-103,Kalyan,MUM,neighbor,False,
2025-02-23 12:00:00,37.3,1012.7,15.0,AWS-MUM-103,Kalyan,MUM,neighbor,False,
2025-02-23 13:00:00,38.2,1011.5,13.0,AWS-MUM-103,Kalyan,MUM,neighbor,False,
2025-02-23 14:00:00,39.0,1010.1,12.0,AWS-MUM-103,Kalyan,MUM,neighbor,False,
2025-02-23 15:00:00,39.1,1009.0,10.0,AWS-MUM-103,Kalyan,MUM,neighbor,False,
2025-02-23 16:00:00,38.6,1008.9,11.0,AWS-MUM-103,Kalyan,MUM,neighbor,False,
2025-02-23 17:00:00,38.2,1009.1,10.0,AWS-MUM-103,Kalyan,MUM,neighbor,False,
2025-02-23 18:00:00,34.7,1009.6,22.0,AWS-MUM-103,Kalyan,MUM,neighbor,False,
2025-02-23 19:00:00,32.4,1010.4,25.0,AWS-MUM-103,Kalyan,MUM,neighbor,False,
2025-02-23 20:00:00,31.2,1011.5,27.0,AWS-MUM-103,Kalyan,MUM,neighbor,False,
2025-02-23 21:00:00,30.2,1012.4,28.0,AWS-MUM-103,Kalyan,MUM,neighbor,False,
2025-02-23 22:00:00,29.4,1012.2,31.0,AWS-MUM-103,Kalyan,MUM,neighbor,False,
2025-02-23 23:00:00,28.3,1012.2,33.0,AWS-MUM-103,Kalyan,MUM,neighbor,False,
2025-02-24 00:00:00,26.8,1011.7,37.0,AWS-MUM-103,Kalyan,MUM,neighbor,False,
2025-02-24 01:00:00,25.7,1011.5,39.0,AWS-MUM-103,Kalyan,MUM,neighbor,False,
2025-02-24 02:00:00,24.7,1011.1,40.0,AWS-MUM-103,Kalyan,MUM,neighbor,False,
2025-02-24 03:00:00,24.0,1010.9,41.0,AWS-MUM-103,Kalyan,MUM,neighbor,False,
2025-02-24 04:00:00,23.2,1010.9,43.0,AWS-MUM-103,Kalyan,MUM,neighbor,False,
2025-02-24 05:00:00,22.5,1011.2,44.0,AWS-MUM-103,Kalyan,MUM,neighbor,False,
2025-02-24 06:00:00,163.78521446649742,1011.6629136593683,100.0,AWS-MUM-103,Kalyan,MUM,neighbor,True,multivariate_inconsistency
2025-02-24 07:00:00,163.78521446649742,1013.4332711255262,100.0,AWS-MUM-103,Kalyan,MUM,neighbor,True,multivariate_inconsistency
2025-02-24 08:00:00,166.08521446649743,1012.3070341883051,100.0,AWS-MUM-103,Kalyan,MUM,neighbor,True,multivariate_inconsistency
2025-02-24 09:00:00,169.98521446649744,1013.6003151708501,91.99310029526484,AWS-MUM-103,Kalyan,MUM,neighbor,True,multivariate_inconsistency
2025-02-24 10:00:00,174.48521446649744,1012.507451749938,83.99310029526484,AWS-MUM-103,Kalyan,MUM,neighbor,True,multivariate_inconsistency
2025-02-24 11:00:00,36.3,1013.5,17.0,AWS-MUM-103,Kalyan,MUM,neighbor,False,
2025-02-24 12:00:00,37.7,1012.6,13.0,AWS-MUM-103,Kalyan,MUM,neighbor,False,
2025-02-24 13:00:00,38.5,1010.9,11.0,AWS-MUM-103,Kalyan,MUM,neighbor,False,
2025-02-24 14:00:00,38.8,1009.6,10.0,AWS-MUM-103,Kalyan,MUM,neighbor,False,
2025-02-24 15:00:00,38.7,1008.7,10.0,AWS-MUM-103,Kalyan,MUM,neighbor,False,
2025-02-24 16:00:00,38.6,1008.5,11.0,AWS-MUM-103,Kalyan,MUM,neighbor,False,
2025-02-24 17:00:00,37.1,1008.8,14.0,AWS-MUM-103,Kalyan,MUM,neighbor,False,
2025-02-24 18:00:00,34.3,1009.8,18.0,AWS-MUM-103,Kalyan,MUM,neighbor,False,
2025-02-24 19:00:00,32.9,1010.6,23.0,AWS-MUM-103,Kalyan,MUM,neighbor,False,
2025-02-24 20:00:00,31.6,1012.1,26.0,AWS-MUM-103,Kalyan,MUM,neighbor,False,
2025-02-24 21:00:00,30.4,1013.0,28.0,AWS-MUM-103,Kalyan,MUM,neighbor,False,
2025-02-24 22:00:00,29.4,1013.3,29.0,AWS-MUM-103,Kalyan,MUM,neighbor,False,
2025-02-24 23:00:00,28.5,1013.1,30.0,AWS-MUM-103,Kalyan,MUM,neighbor,False,
2025-02-25 00:00:00,27.6,1012.5,31.0,AWS-MUM-103,Kalyan,MUM,neighbor,False,
2025-02-25 01:00:00,26.7,1012.0,31.0,AWS-MUM-103,Kalyan,MUM,neighbor,False,
2025-02-25 02:00:00,25.7,1011.2,33.0,AWS-MUM-103,Kalyan,MUM,neighbor,False,
2025-02-25 03:00:00,24.8,1010.7,35.0,AWS-MUM-103,Kalyan,MUM,neighbor,False,
2025-02-25 04:00:00,24.1,1010.5,37.0,AWS-MUM-103,Kalyan,MUM,neighbor,False,
2025-02-25 05:00:00,23.6,1010.8,39.0,AWS-MUM-103,Kalyan,MUM,neighbor,False,
2025-02-25 06:00:00,23.1,1011.9,45.0,AWS-MUM-103,Kalyan,MUM,neighbor,False,
2025-02-25 07:00:00,23.0,1012.8,47.0,AWS-MUM-103,Kalyan,MUM,neighbor,False,
2025-02-25 08:00:00,24.9,1013.6,41.0,AWS-MUM-103,Kalyan,MUM,neighbor,False,
2025-02-25 09:00:00,28.6,1014.1,33.0,AWS-MUM-103,Kalyan,MUM,neighbor,False,
2025-02-25 10:00:00,,1014.6,25.0,AWS-MUM-103,Kalyan,MUM,neighbor,True,dropout
2025-02-25 11:00:00,35.7,1014.1,18.0,AWS-MUM-103,Kalyan,MUM,neighbor,False,
2025-02-25 12:00:00,37.3,1012.9,15.0,AWS-MUM-103,Kalyan,MUM,neighbor,False,
2025-02-25 13:00:00,38.2,1011.4,14.0,AWS-MUM-103,Kalyan,MUM,neighbor,False,
2025-02-25 14:00:00,38.8,1010.3,13.0,AWS-MUM-103,Kalyan,MUM,neighbor,False,
2025-02-25 15:00:00,39.1,1009.4,12.0,AWS-MUM-103,Kalyan,MUM,neighbor,False,
2025-02-25 16:00:00,39.0,1009.4,11.0,AWS-MUM-103,Kalyan,MUM,neighbor,False,
2025-02-25 17:00:00,37.1,1009.9,15.0,AWS-MUM-103,Kalyan,MUM,neighbor,False,
2025-02-25 18:00:00,32.9,1011.0,,AWS-MUM-103,Kalyan,MUM,neighbor,True,dropout
2025-02-25 19:00:00,31.0,1012.5,33.0,AWS-MUM-103,Kalyan,MUM,neighbor,False,
2025-02-25 20:00:00,29.9,1014.0,37.0,AWS-MUM-103,Kalyan,MUM,neighbor,False,
2025-02-25 21:00:00,29.6,1014.9,36.0,AWS-MUM-103,Kalyan,MUM,neighbor,False,
2025-02-25 22:00:00,28.8,1014.9,40.0,AWS-MUM-103,Kalyan,MUM,neighbor,False,
2025-02-25 23:00:00,27.4,1014.7,46.0,AWS-MUM-103,Kalyan,MUM,neighbor,False,
2025-02-26 00:00:00,26.8,1013.9,49.0,AWS-MUM-103,Kalyan,MUM,neighbor,False,
2025-02-26 01:00:00,25.8,1013.3,52.0,AWS-MUM-103,Kalyan,MUM,neighbor,False,
2025-02-26 02:00:00,24.8,1012.6,55.0,AWS-MUM-103,Kalyan,MUM,neighbor,False,
2025-02-26 03:00:00,24.1,1012.1,55.0,AWS-MUM-103,Kalyan,MUM,neighbor,False,
2025-02-26 04:00:00,23.5,1012.0,54.0,AWS-MUM-103,Kalyan,MUM,neighbor,False,
2025-02-26 05:00:00,22.9,1012.2,53.0,AWS-MUM-103,Kalyan,MUM,neighbor,False,
2025-02-26 06:00:00,22.4,1012.9,58.0,AWS-MUM-103,Kalyan,MUM,neighbor,False,
2025-02-26 07:00:00,22.6,1013.7,55.0,AWS-MUM-103,Kalyan,MUM,neighbor,False,
2025-02-26 08:00:00,24.7,1014.7,45.0,AWS-MUM-103,Kalyan,MUM,neighbor,False,
2025-02-26 09:00:00,28.5,1015.2,33.0,AWS-MUM-103,Kalyan,MUM,neighbor,False,
2025-02-26 10:00:00,32.8,1015.1,25.0,AWS-MUM-103,Kalyan,MUM,neighbor,False,
2025-02-26 11:00:00,35.8,1014.6,20.0,AWS-MUM-103,Kalyan,MUM,neighbor,False,
2025-02-26 12:00:00,37.6,1013.1,16.0,AWS-MUM-103,Kalyan,MUM,neighbor,False,
2025-02-26 13:00:00,38.4,1011.7,14.0,AWS-MUM-103,Kalyan,MUM,neighbor,False,
2025-02-26 14:00:00,39.1,1010.5,14.0,AWS-MUM-103,Kalyan,MUM,neighbor,False,
2025-02-26 15:00:00,39.8,1009.4,13.0,AWS-MUM-103,Kalyan,MUM,neighbor,False,
2025-02-26 16:00:00,39.5,1008.8,13.0,AWS-MUM-103,Kalyan,MUM,neighbor,False,
2025-02-26 17:00:00,36.2,1009.3,21.0,AWS-MUM-103,Kalyan,MUM,neighbor,False,
2025-02-26 18:00:00,32.2,1010.4,30.0,AWS-MUM-103,Kalyan,MUM,neighbor,True,frozen_value
2025-02-26 19:00:00,32.2,1011.2,39.0,AWS-MUM-103,Kalyan,MUM,neighbor,True,frozen_value
2025-02-26 20:00:00,32.2,1012.6,41.0,AWS-MUM-103,Kalyan,MUM,neighbor,True,frozen_value
2025-02-26 21:00:00,32.2,1013.2,42.0,AWS-MUM-103,Kalyan,MUM,neighbor,True,frozen_value
2025-02-26 22:00:00,32.2,1013.5,42.0,AWS-MUM-103,Kalyan,MUM,neighbor,True,frozen_value
2025-02-26 23:00:00,32.2,1013.1,42.0,AWS-MUM-103,Kalyan,MUM,neighbor,True,frozen_value
2025-02-27 00:00:00,32.2,1012.6,46.0,AWS-MUM-103,Kalyan,MUM,neighbor,True,frozen_value
2025-02-27 01:00:00,26.2,1012.0,50.0,AWS-MUM-103,Kalyan,MUM,neighbor,False,
2025-02-27 02:00:00,25.2,1011.4,52.0,AWS-MUM-103,Kalyan,MUM,neighbor,False,
2025-02-27 03:00:00,24.5,1011.1,54.0,AWS-MUM-103,Kalyan,MUM,neighbor,False,
2025-02-27 04:00:00,23.7,1011.2,56.0,AWS-MUM-103,Kalyan,MUM,neighbor,False,
2025-02-27 05:00:00,23.2,1011.2,57.0,AWS-MUM-103,Kalyan,MUM,neighbor,False,
2025-02-27 06:00:00,23.0,1012.1,59.0,AWS-MUM-103,Kalyan,MUM,neighbor,False,
2025-02-27 07:00:00,23.2,1012.7,56.0,AWS-MUM-103,Kalyan,MUM,neighbor,False,
2025-02-27 08:00:00,25.2,1013.6,49.0,AWS-MUM-103,Kalyan,MUM,neighbor,False,
2025-02-27 09:00:00,29.0,1013.8,37.0,AWS-MUM-103,Kalyan,MUM,neighbor,False,
2025-02-27 10:00:00,33.3,1014.0,27.0,AWS-MUM-103,Kalyan,MUM,neighbor,False,
2025-02-27 11:00:00,36.2,1013.2,23.0,AWS-MUM-103,Kalyan,MUM,neighbor,False,
2025-02-27 12:00:00,37.9,1011.5,19.0,AWS-MUM-103,Kalyan,MUM,neighbor,False,
2025-02-27 13:00:00,39.1,1009.8,17.0,AWS-MUM-103,Kalyan,MUM,neighbor,False,
2025-02-27 14:00:00,39.6,1008.1,16.0,AWS-MUM-103,Kalyan,MUM,neighbor,False,
2025-02-27 15:00:00,39.0,1007.2,17.0,AWS-MUM-103,Kalyan,MUM,neighbor,False,
2025-02-27 16:00:00,36.0,1007.6,23.0,AWS-MUM-103,Kalyan,MUM,neighbor,False,
2025-02-27 17:00:00,35.0,1007.8,25.0,AWS-MUM-103,Kalyan,MUM,neighbor,False,
2025-02-27 18:00:00,32.5,1008.9,33.0,AWS-MUM-103,Kalyan,MUM,neighbor,False,
2025-02-27 19:00:00,30.9,1009.8,38.0,AWS-MUM-103,Kalyan,MUM,neighbor,False,
2025-02-27 20:00:00,30.2,1011.2,45.0,AWS-MUM-103,Kalyan,MUM,neighbor,False,
2025-02-27 21:00:00,29.5,1012.0,44.0,AWS-MUM-103,Kalyan,MUM,neighbor,False,
2025-02-27 22:00:00,29.2,1012.0,45.0,AWS-MUM-103,Kalyan,MUM,neighbor,False,
2025-02-27 23:00:00,28.5,1011.6,49.0,AWS-MUM-103,Kalyan,MUM,neighbor,False,
2025-02-28 00:00:00,-14.78466456295149,1011.1,55.0,AWS-MUM-103,Kalyan,MUM,neighbor,True,sensor_fail_low
2025-02-28 01:00:00,-15.093115220923378,1010.5,53.0,AWS-MUM-103,Kalyan,MUM,neighbor,True,sensor_fail_low
2025-02-28 02:00:00,-14.560026354963462,1009.8,58.0,AWS-MUM-103,Kalyan,MUM,neighbor,True,sensor_fail_low
2025-02-28 03:00:00,-14.798278335038164,1009.3,60.0,AWS-MUM-103,Kalyan,MUM,neighbor,True,sensor_fail_low
2025-02-28 04:00:00,23.9,1009.0,64.0,AWS-MUM-103,Kalyan,MUM,neighbor,False,
2025-02-28 05:00:00,23.3,1009.3,65.0,AWS-MUM-103,Kalyan,MUM,neighbor,False,
2025-02-28 06:00:00,23.3,1010.7,65.0,AWS-MUM-103,Kalyan,MUM,neighbor,False,
2025-02-28 07:00:00,23.8,1011.5,61.0,AWS-MUM-103,Kalyan,MUM,neighbor,False,
2025-02-28 08:00:00,26.0,1012.2,51.0,AWS-MUM-103,Kalyan,MUM,neighbor,False,
2025-02-28 09:00:00,29.4,1012.7,41.0,AWS-MUM-103,Kalyan,MUM,neighbor,False,
2025-02-28 10:00:00,32.3,1012.9,32.0,AWS-MUM-103,Kalyan,MUM,neighbor,False,
2025-02-28 11:00:00,34.8,1012.2,23.0,AWS-MUM-103,Kalyan,MUM,neighbor,False,
2025-02-28 12:00:00,36.7,1010.9,20.0,AWS-MUM-103,Kalyan,MUM,neighbor,False,
2025-02-28 13:00:00,38.0,1009.3,19.0,AWS-MUM-103,Kalyan,MUM,neighbor,False,
2025-02-28 14:00:00,38.6,1008.0,19.0,AWS-MUM-103,Kalyan,MUM,neighbor,False,
2025-02-28 15:00:00,38.7,1006.9,19.0,AWS-MUM-103,Kalyan,MUM,neighbor,False,
2025-02-28 16:00:00,38.0,1006.4,21.0,AWS-MUM-103,Kalyan,MUM,neighbor,False,
2025-02-28 17:00:00,37.0,1006.6,23.0,AWS-MUM-103,Kalyan,MUM,neighbor,False,
2025-02-28 18:00:00,34.8,1007.7,29.0,AWS-MUM-103,Kalyan,MUM,neighbor,False,
2025-02-28 19:00:00,32.7,1008.5,29.0,AWS-MUM-103,Kalyan,MUM,neighbor,False,
2025-02-28 20:00:00,31.6,1009.2,30.0,AWS-MUM-103,Kalyan,MUM,neighbor,False,
2025-02-28 21:00:00,30.6,1009.9,30.0,AWS-MUM-103,Kalyan,MUM,neighbor,False,
2025-02-28 22:00:00,29.8,1010.0,31.0,AWS-MUM-103,Kalyan,MUM,neighbor,False,
2025-02-28 23:00:00,28.6,1009.8,34.0,AWS-MUM-103,Kalyan,MUM,neighbor,False,
2025-03-01 00:00:00,27.6,1009.8,38.0,AWS-MUM-103,Kalyan,MUM,neighbor,False,
2025-03-01 01:00:00,26.7,1009.5,39.0,AWS-MUM-103,Kalyan,MUM,neighbor,False,
2025-03-01 02:00:00,26.1,1008.9,40.0,AWS-MUM-103,Kalyan,MUM,neighbor,False,
2025-03-01 03:00:00,25.6,1008.3,41.0,AWS-MUM-103,Kalyan,MUM,neighbor,False,
2025-03-01 04:00:00,24.8,1008.5,44.0,AWS-MUM-103,Kalyan,MUM,neighbor,False,
2025-03-01 05:00:00,24.3,1008.6,46.0,AWS-MUM-103,Kalyan,MUM,neighbor,False,
2025-03-01 06:00:00,24.2,1009.8,48.0,AWS-MUM-103,Kalyan,MUM,neighbor,False,
2025-03-01 07:00:00,24.1,1010.4,49.0,AWS-MUM-103,Kalyan,MUM,neighbor,False,
2025-03-01 08:00:00,25.7,1011.1,44.0,AWS-MUM-103,Kalyan,MUM,neighbor,False,
2025-03-01 09:00:00,28.9,1011.7,34.0,AWS-MUM-103,Kalyan,MUM,neighbor,False,
2025-03-01 10:00:00,32.4,1011.9,26.0,AWS-MUM-103,Kalyan,MUM,neighbor,False,
2025-03-01 11:00:00,35.3,1011.2,23.0,AWS-MUM-103,Kalyan,MUM,neighbor,False,
2025-03-01 12:00:00,37.2,1009.8,21.0,AWS-MUM-103,Kalyan,MUM,neighbor,False,
2025-03-01 13:00:00,38.4,1008.4,19.0,AWS-MUM-103,Kalyan,MUM,neighbor,False,
2025-03-01 14:00:00,38.7,1007.3,20.0,AWS-MUM-103,Kalyan,MUM,neighbor,False,
2025-03-01 15:00:00,37.8,1006.7,23.0,AWS-MUM-103,Kalyan,MUM,neighbor,False,
2025-03-01 16:00:00,36.9,1006.6,24.0,AWS-MUM-103,Kalyan,MUM,neighbor,False,
2025-03-01 17:00:00,-15.638630643682976,1006.8,25.0,AWS-MUM-103,Kalyan,MUM,neighbor,True,sensor_fail_low
2025-03-01 18:00:00,-15.16581121701147,1007.8,28.0,AWS-MUM-103,Kalyan,MUM,neighbor,True,sensor_fail_low
2025-03-01 19:00:00,-15.441786835128973,1008.7,32.0,AWS-MUM-103,Kalyan,MUM,neighbor,True,sensor_fail_low
2025-03-01 20:00:00,-15.242837280244999,1009.6,33.0,AWS-MUM-103,Kalyan,MUM,neighbor,True,sensor_fail_low
2025-03-01 21:00:00,29.8,1009.8,31.0,AWS-MUM-103,Kalyan,MUM,neighbor,False,
2025-03-01 22:00:00,29.0,1009.8,32.0,AWS-MUM-103,Kalyan,MUM,neighbor,False,
2025-03-01 23:00:00,28.0,1009.5,34.0,AWS-MUM-103,Kalyan,MUM,neighbor,False,
2025-03-02 00:00:00,27.2,1009.1,37.0,AWS-MUM-103,Kalyan,MUM,neighbor,False,
2025-03-02 01:00:00,26.1,1008.4,39.0,AWS-MUM-103,Kalyan,MUM,neighbor,False,
2025-03-02 02:00:00,25.3,1007.9,43.0,AWS-MUM-103,Kalyan,MUM,neighbor,False,
2025-03-02 03:00:00,24.7,1007.5,45.0,AWS-MUM-103,Kalyan,MUM,neighbor,False,
2025-03-02 04:00:00,23.9,1007.5,50.0,AWS-MUM-103,Kalyan,MUM,neighbor,False,
2025-03-02 05:00:00,23.2,1007.8,54.0,AWS-MUM-103,Kalyan,MUM,neighbor,False,
2025-03-02 06:00:00,23.0,1008.9,58.0,AWS-MUM-103,Kalyan,MUM,neighbor,False,
2025-03-02 07:00:00,23.1,1009.7,57.0,AWS-MUM-103,Kalyan,MUM,neighbor,False,
2025-03-02 08:00:00,25.2,1010.3,47.0,AWS-MUM-103,Kalyan,MUM,neighbor,False,
2025-03-02 09:00:00,29.0,1010.9,34.0,AWS-MUM-103,Kalyan,MUM,neighbor,False,
2025-03-02 10:00:00,32.9,1011.3,26.0,AWS-MUM-103,Kalyan,MUM,neighbor,False,
2025-03-02 11:00:00,35.5,1010.7,20.0,AWS-MUM-103,Kalyan,MUM,neighbor,False,
2025-03-02 12:00:00,37.1,1009.5,16.0,AWS-MUM-103,Kalyan,MUM,neighbor,False,
2025-03-02 13:00:00,38.1,1008.1,13.0,AWS-MUM-103,Kalyan,MUM,neighbor,False,
2025-03-02 14:00:00,38.5,1006.9,13.0,AWS-MUM-103,Kalyan,MUM,neighbor,False,
2025-03-02 15:00:00,38.6,1006.1,13.0,AWS-MUM-103,Kalyan,MUM,neighbor,False,
2025-03-02 16:00:00,38.7,1005.9,12.0,AWS-MUM-103,Kalyan,MUM,neighbor,False,
2025-03-02 17:00:00,37.1,1006.2,16.0,AWS-MUM-103,Kalyan,MUM,neighbor,False,
2025-03-02 18:00:00,33.1,1007.1,28.0,AWS-MUM-103,Kalyan,MUM,neighbor,False,
2025-03-02 19:00:00,31.6,1008.0,28.0,AWS-MUM-103,Kalyan,MUM,neighbor,False,
2025-03-02 20:00:00,30.4,1008.8,29.0,AWS-MUM-103,Kalyan,MUM,neighbor,False,
2025-03-02 21:00:00,29.6,1009.5,29.0,AWS-MUM-103,Kalyan,MUM,neighbor,True,drift
2025-03-02 22:00:00,28.8,1009.5493995550356,31.0,AWS-MUM-103,Kalyan,MUM,neighbor,True,drift
2025-03-02 23:00:00,27.8,1009.6903139637868,35.0,AWS-MUM-103,Kalyan,MUM,neighbor,True,drift
2025-03-03 00:00:00,27.1,1009.9191376396398,37.0,AWS-MUM-103,Kalyan,MUM,neighbor,True,drift
2025-03-03 01:00:00,26.2,1010.2340205456136,41.0,AWS-MUM-103,Kalyan,MUM,neighbor,True,drift
2025-03-03 02:00:00,25.2,1010.6336949609233,46.0,AWS-MUM-103,Kalyan,MUM,neighbor,True,drift
2025-03-03 03:00:00,24.4,1011.1171964571688,52.0,AWS-MUM-103,Kalyan,MUM,neighbor,True,drift
2025-03-03 04:00:00,23.8,1011.683747547661,57.0,AWS-MUM-103,Kalyan,MUM,neighbor,True,drift
2025-03-03 05:00:00,23.4,1012.3326976187155,59.0,AWS-MUM-103,Kalyan,MUM,neighbor,True,drift
2025-03-03 06:00:00,22.8,1013.0634877975955,61.0,AWS-MUM-103,Kalyan,MUM,neighbor,True,drift
2025-03-03 07:00:00,22.9,1013.8756286154761,60.0,AWS-MUM-103,Kalyan,MUM,neighbor,True,drift
2025-03-03 08:00:00,24.8,1014.7686849224767,52.0,AWS-MUM-103,Kalyan,MUM,neighbor,True,drift
2025-03-03 09:00:00,28.5,1015.7422652227667,38.0,AWS-MUM-103,Kalyan,MUM,neighbor,True,drift
2025-03-03 10:00:00,32.7,1016.7960138578192,26.0,AWS-MUM-103,Kalyan,MUM,neighbor,True,drift
2025-03-03 11:00:00,36.0,1017.9296051076823,17.0,AWS-MUM-103,Kalyan,MUM,neighbor,True,drift
2025-03-03 12:00:00,38.0,1019.1427386311068,14.0,AWS-MUM-103,Kalyan,MUM,neighbor,True,drift
2025-03-03 13:00:00,38.9,1020.4351358685321,13.0,AWS-MUM-103,Kalyan,MUM,neighbor,True,drift
2025-03-03 14:00:00,39.7,1021.8065371551879,13.0,AWS-MUM-103,Kalyan,MUM,neighbor,True,drift
2025-03-03 15:00:00,40.0,1023.2566993693233,12.0,AWS-MUM-103,Kalyan,MUM,neighbor,True,drift
2025-03-03 16:00:00,39.3,1024.7853939913014,13.0,AWS-MUM-103,Kalyan,MUM,neighbor,True,drift
2025-03-03 17:00:00,38.0,1026.392405483346,15.0,AWS-MUM-103,Kalyan,MUM,neighbor,True,drift
2025-03-03 18:00:00,36.1,1028.0775299231748,20.0,AWS-MUM-103,Kalyan,MUM,neighbor,True,drift
2025-03-03 19:00:00,33.3,1029.8405738412455,27.0,AWS-MUM-103,Kalyan,MUM,neighbor,True,drift
2025-03-03 20:00:00,31.6,1031.6813532231834,30.0,AWS-MUM-103,Kalyan,MUM,neighbor,True,drift
2025-03-03 21:00:00,30.5,1033.5996926476048,30.0,AWS-MUM-103,Kalyan,MUM,neighbor,True,drift
2025-03-03 22:00:00,29.7,1035.595424535966,30.0,AWS-MUM-103,Kalyan,MUM,neighbor,True,drift
2025-03-03 23:00:00,29.0,1037.6683884958904,33.0,AWS-MUM-103,Kalyan,MUM,neighbor,True,drift
2025-03-04 00:00:00,28.4,1039.818430743111,34.0,AWS-MUM-103,Kalyan,MUM,neighbor,True,drift
2025-03-04 01:00:00,27.7,1042.0454035899982,36.0,AWS-MUM-103,Kalyan,MUM,neighbor,True,drift
2025-03-04 02:00:00,27.0,1044.349164990854,37.0,AWS-MUM-103,Kalyan,MUM,neighbor,True,drift
2025-03-04 03:00:00,26.4,1046.7295781359041,39.0,AWS-MUM-103,Kalyan,MUM,neighbor,True,drift
2025-03-04 04:00:00,25.4,1049.1865110872902,42.0,AWS-MUM-103,Kalyan,MUM,neighbor,True,drift
2025-03-04 05:00:00,24.5,1051.7198364514832,45.0,AWS-MUM-103,Kalyan,MUM,neighbor,True,drift
2025-03-04 06:00:00,23.9,1054.3294310834328,50.0,AWS-MUM-103,Kalyan,MUM,neighbor,True,drift
2025-03-04 07:00:00,23.8,1057.015175818495,50.0,AWS-MUM-103,Kalyan,MUM,neighbor,True,drift
2025-03-04 08:00:00,26.3,1059.7769552287746,42.0,AWS-MUM-103,Kalyan,MUM,neighbor,True,drift
2025-03-04 09:00:00,30.0,1062.6146574010188,33.0,AWS-MUM-103,Kalyan,MUM,neighbor,True,drift
2025-03-04 10:00:00,32.9,1065.528173733601,25.0,AWS-MUM-103,Kalyan,MUM,neighbor,True,drift
2025-03-04 11:00:00,35.0,1068.517398750473,21.0,AWS-MUM-103,Kalyan,MUM,neighbor,True,drift
2025-03-04 12:00:00,36.8,1071.582229930255,17.0,AWS-MUM-103,Kalyan,MUM,neighbor,True,drift
2025-03-04 13:00:00,37.7,1074.7225675488692,16.0,AWS-MUM-103,Kalyan,MUM,neighbor,True,drift
2025-03-04 14:00:00,38.6,1077.938314534329,15.0,AWS-MUM-103,Kalyan,MUM,neighbor,True,drift
2025-03-04 15:00:00,38.9,1081.2293763324649,15.0,AWS-MUM-103,Kalyan,MUM,neighbor,True,drift
2025-03-04 16:00:00,38.5,1006.7,15.0,AWS-MUM-103,Kalyan,MUM,neighbor,False,
2025-03-04 17:00:00,37.4,1007.0,17.0,AWS-MUM-103,Kalyan,MUM,neighbor,False,
2025-03-04 18:00:00,35.4,1008.4,22.0,AWS-MUM-103,Kalyan,MUM,neighbor,False,
2025-03-04 19:00:00,32.5,1009.1,34.0,AWS-MUM-103,Kalyan,MUM,neighbor,False,
2025-03-04 20:00:00,30.6,1009.8,38.0,AWS-MUM-103,Kalyan,MUM,neighbor,False,
2025-03-04 21:00:00,29.7,1010.5,38.0,AWS-MUM-103,Kalyan,MUM,neighbor,False,
2025-03-04 22:00:00,29.0,1011.0,39.0,AWS-MUM-103,Kalyan,MUM,neighbor,False,
2025-03-04 23:00:00,28.6,1010.7,37.0,AWS-MUM-103,Kalyan,MUM,neighbor,False,
2025-03-05 00:00:00,28.2,1010.5,34.0,AWS-MUM-103,Kalyan,MUM,neighbor,False,
2025-03-05 01:00:00,181.91516959286668,1010.8789305329667,81.99296523315441,AWS-MUM-103,Kalyan,MUM,neighbor,True,multivariate_inconsistency
2025-03-05 02:00:00,181.2151695928667,1005.8969701126888,82.99296523315441,AWS-MUM-103,Kalyan,MUM,neighbor,True,multivariate_inconsistency
2025-03-05 03:00:00,180.6151695928667,1009.425224793391,82.99296523315441,AWS-MUM-103,Kalyan,MUM,neighbor,True,multivariate_inconsistency
2025-03-05 04:00:00,180.01516959286667,1009.2146456371354,82.99296523315441,AWS-MUM-103,Kalyan,MUM,neighbor,True,multivariate_inconsistency
2025-03-05 05:00:00,25.0,1008.6,36.0,AWS-MUM-103,Kalyan,MUM,neighbor,False,
2025-03-05 06:00:00,23.6,1009.4,42.0,AWS-MUM-103,Kalyan,MUM,neighbor,False,
2025-03-05 07:00:00,23.5,1010.2,43.0,AWS-MUM-103,Kalyan,MUM,neighbor,False,
2025-03-05 08:00:00,25.7,1011.1,37.0,AWS-MUM-103,Kalyan,MUM,neighbor,False,
2025-03-05 09:00:00,29.2,1011.7,28.0,AWS-MUM-103,Kalyan,MUM,neighbor,False,
2025-03-05 10:00:00,32.8,1011.6,22.0,AWS-MUM-103,Kalyan,MUM,neighbor,False,
2025-03-05 11:00:00,35.9,1010.8,16.0,AWS-MUM-103,Kalyan,MUM,neighbor,False,
2025-03-05 12:00:00,37.6,1009.7,14.0,AWS-MUM-103,Kalyan,MUM,neighbor,False,
2025-03-05 13:00:00,38.6,1008.4,11.0,AWS-MUM-103,Kalyan,MUM,neighbor,False,
2025-03-05 14:00:00,39.3,1007.3,9.0,AWS-MUM-103,Kalyan,MUM,neighbor,False,
2025-03-05 15:00:00,39.6,1006.5,8.0,AWS-MUM-103,Kalyan,MUM,neighbor,False,
2025-03-05 16:00:00,39.5,1006.2,7.0,AWS-MUM-103,Kalyan,MUM,neighbor,False,
2025-03-05 17:00:00,38.7,1006.4,8.0,AWS-MUM-103,Kalyan,MUM,neighbor,False,
2025-03-05 18:00:00,34.8,1007.4,22.0,AWS-MUM-103,Kalyan,MUM,neighbor,False,
2025-03-05 19:00:00,32.0,1008.1,26.0,AWS-MUM-103,Kalyan,MUM,neighbor,False,
2025-03-05 20:00:00,30.7,1009.1,26.0,AWS-MUM-103,Kalyan,MUM,neighbor,False,
2025-03-05 21:00:00,29.9,1010.0,25.0,AWS-MUM-103,Kalyan,MUM,neighbor,False,
2025-03-05 22:00:00,29.4,1010.6,22.0,AWS-MUM-103,Kalyan,MUM,neighbor,False,
2025-03-05 23:00:00,28.6,1010.4,20.0,AWS-MUM-103,Kalyan,MUM,neighbor,False,
2025-03-06 00:00:00,27.6,1010.2,21.0,AWS-MUM-103,Kalyan,MUM,neighbor,False,
2025-03-06 01:00:00,26.5,1009.9,24.0,AWS-MUM-103,Kalyan,MUM,neighbor,False,
2025-03-06 02:00:00,25.5,1009.5,26.0,AWS-MUM-103,Kalyan,MUM,neighbor,False,
2025-03-06 03:00:00,24.6,1009.2,28.0,AWS-MUM-103,Kalyan,MUM,neighbor,False,
2025-03-06 04:00:00,23.7,1009.5,30.0,AWS-MUM-103,Kalyan,MUM,neighbor,False,
2025-03-06 05:00:00,23.1,1009.7,30.0,AWS-MUM-103,Kalyan,MUM,neighbor,False,
2025-03-06 06:00:00,21.2,1010.5,42.0,AWS-MUM-103,Kalyan,MUM,neighbor,False,
2025-03-06 07:00:00,21.0,1011.2,41.0,AWS-MUM-103,Kalyan,MUM,neighbor,False,
2025-03-06 08:00:00,23.4,1012.2,33.0,AWS-MUM-103,Kalyan,MUM,neighbor,False,
2025-03-06 09:00:00,27.2,1012.8,24.0,AWS-MUM-103,Kalyan,MUM,neighbor,False,
2025-03-06 10:00:00,31.3,1012.8,17.0,AWS-MUM-103,Kalyan,MUM,neighbor,False,
2025-03-06 11:00:00,34.8,1012.0,14.0,AWS-MUM-103,Kalyan,MUM,neighbor,False,
2025-03-06 12:00:00,36.8,1011.0,12.0,AWS-MUM-103,Kalyan,MUM,neighbor,False,
2025-03-06 13:00:00,38.2,1009.7,8.0,AWS-MUM-103,Kalyan,MUM,neighbor,False,
2025-03-06 14:00:00,39.3,1008.7,5.0,AWS-MUM-103,Kalyan,MUM,neighbor,False,
2025-03-06 15:00:00,39.3,1007.8,6.0,AWS-MUM-103,Kalyan,MUM,neighbor,False,
2025-03-06 16:00:00,37.2,1007.5,13.0,AWS-MUM-103,Kalyan,MUM,neighbor,False,
2025-03-06 17:00:00,35.4,1007.3,16.0,AWS-MUM-103,Kalyan,MUM,neighbor,False,
2025-03-06 18:00:00,33.6,1007.9,18.0,AWS-MUM-103,Kalyan,MUM,neighbor,False,
2025-03-06 19:00:00,31.4,1008.7,23.0,AWS-MUM-103,Kalyan,MUM,neighbor,False,
2025-03-06 20:00:00,30.2,1009.5,22.0,AWS-MUM-103,Kalyan,MUM,neighbor,False,
2025-03-06 21:00:00,29.2,1010.0,21.0,AWS-MUM-103,Kalyan,MUM,neighbor,False,
2025-03-06 22:00:00,27.9,1010.0,23.0,AWS-MUM-103,Kalyan,MUM,neighbor,False,
2025-03-06 23:00:00,27.1,1009.4,26.0,AWS-MUM-103,Kalyan,MUM,neighbor,False,
2025-03-07 00:00:00,26.6,1008.8,26.0,AWS-MUM-103,Kalyan,MUM,neighbor,True,drift
2025-03-07 01:00:00,25.6,1008.5,23.747575397848216,AWS-MUM-103,Kalyan,MUM,neighbor,True,drift
2025-03-07 02:00:00,24.5,1007.9,19.66144212338142,AWS-MUM-103,Kalyan,MUM,neighbor,True,drift
2025-03-07 03:00:00,23.8,1007.7,14.389390334882894,AWS-MUM-103,Kalyan,MUM,neighbor,True,drift
2025-03-07 04:00:00,23.5,1007.8,8.161161185674676,AWS-MUM-103,Kalyan,MUM,neighbor,True,drift
2025-03-07 05:00:00,23.4,1008.3,1.1091791106335833,AWS-MUM-103,Kalyan,MUM,neighbor,True,drift
2025-03-07 06:00:00,21.8,1009.3,0.0,AWS-MUM-103,Kalyan,MUM,neighbor,True,drift
2025-03-07 07:00:00,21.5,1010.2,0.0,AWS-MUM-103,Kalyan,MUM,neighbor,True,drift
2025-03-07 08:00:00,23.7,1011.0,0.0,AWS-MUM-103,Kalyan,MUM,neighbor,True,drift
2025-03-07 09:00:00,27.3,1011.4,0.0,AWS-MUM-103,Kalyan,MUM,neighbor,True,drift
2025-03-07 10:00:00,31.3,1011.2,0.0,AWS-MUM-103,Kalyan,MUM,neighbor,True,drift
2025-03-07 11:00:00,34.8,1010.6,0.0,AWS-MUM-103,Kalyan,MUM,neighbor,True,drift
2025-03-07 12:00:00,36.9,1009.3,0.0,AWS-MUM-103,Kalyan,MUM,neighbor,True,drift
2025-03-07 13:00:00,38.2,1007.9,0.0,AWS-MUM-103,Kalyan,MUM,neighbor,True,drift
2025-03-07 14:00:00,39.0,1006.6,0.0,AWS-MUM-103,Kalyan,MUM,neighbor,True,drift
2025-03-07 15:00:00,39.6,1005.3,0.0,AWS-MUM-103,Kalyan,MUM,neighbor,True,drift
2025-03-07 16:00:00,39.8,1004.8,0.0,AWS-MUM-103,Kalyan,MUM,neighbor,True,drift
2025-03-07 17:00:00,37.9,1004.9,0.0,AWS-MUM-103,Kalyan,MUM,neighbor,True,drift
2025-03-07 18:00:00,33.4,1005.5,0.0,AWS-MUM-103,Kalyan,MUM,neighbor,True,drift
2025-03-07 19:00:00,31.6,1006.5,0.0,AWS-MUM-103,Kalyan,MUM,neighbor,True,drift
2025-03-07 20:00:00,30.7,1007.5,0.0,AWS-MUM-103,Kalyan,MUM,neighbor,True,drift
2025-03-07 21:00:00,30.0,1008.3,0.0,AWS-MUM-103,Kalyan,MUM,neighbor,True,drift
2025-03-07 22:00:00,28.5,1008.8,0.0,AWS-MUM-103,Kalyan,MUM,neighbor,True,drift
2025-03-07 23:00:00,28.1,1008.8,0.0,AWS-MUM-103,Kalyan,MUM,neighbor,True,drift
2025-03-08 00:00:00,27.0,1008.3,0.0,AWS-MUM-103,Kalyan,MUM,neighbor,True,drift
2025-03-08 01:00:00,25.8,1007.8,0.0,AWS-MUM-103,Kalyan,MUM,neighbor,True,drift
2025-03-08 02:00:00,25.1,1007.0,0.0,AWS-MUM-103,Kalyan,MUM,neighbor,True,drift
2025-03-08 03:00:00,23.9,1006.5,0.0,AWS-MUM-103,Kalyan,MUM,neighbor,True,drift
2025-03-08 04:00:00,22.8,1006.4,0.0,AWS-MUM-103,Kalyan,MUM,neighbor,True,drift
2025-03-08 05:00:00,22.1,1006.7,0.0,AWS-MUM-103,Kalyan,MUM,neighbor,True,drift
2025-03-08 06:00:00,20.7,1007.4,0.0,AWS-MUM-103,Kalyan,MUM,neighbor,True,drift
2025-03-08 07:00:00,21.1,1008.0,0.0,AWS-MUM-103,Kalyan,MUM,neighbor,True,drift
2025-03-08 08:00:00,23.7,1008.8,0.0,AWS-MUM-103,Kalyan,MUM,neighbor,True,drift
2025-03-08 09:00:00,27.9,1009.4,0.0,AWS-MUM-103,Kalyan,MUM,neighbor,True,drift
2025-03-08 10:00:00,32.2,1009.2,0.0,AWS-MUM-103,Kalyan,MUM,neighbor,True,drift
2025-03-08 11:00:00,35.6,1008.6,0.0,AWS-MUM-103,Kalyan,MUM,neighbor,True,drift
2025-03-08 12:00:00,37.6,1007.3,0.0,AWS-MUM-103,Kalyan,MUM,neighbor,True,drift
2025-03-08 13:00:00,39.2,1005.8,0.0,AWS-MUM-103,Kalyan,MUM,neighbor,True,drift
2025-03-08 14:00:00,40.2,1004.5,0.0,AWS-MUM-103,Kalyan,MUM,neighbor,True,drift
2025-03-08 15:00:00,39.7,1003.7,0.0,AWS-MUM-103,Kalyan,MUM,neighbor,True,drift
2025-03-08 16:00:00,38.1,1003.7,0.0,AWS-MUM-103,Kalyan,MUM,neighbor,True,drift
2025-03-08 17:00:00,36.3,1004.1,0.0,AWS-MUM-103,Kalyan,MUM,neighbor,True,drift
2025-03-08 18:00:00,33.8,1004.6,23.0,AWS-MUM-103,Kalyan,MUM,neighbor,False,
2025-03-08 19:00:00,31.7,1005.2,26.0,AWS-MUM-103,Kalyan,MUM,neighbor,False,
2025-03-08 20:00:00,30.3,1006.1,29.0,AWS-MUM-103,Kalyan,MUM,neighbor,False,
2025-03-08 21:00:00,29.1,1006.8,30.0,AWS-MUM-103,Kalyan,MUM,neighbor,False,
2025-03-08 22:00:00,27.9,1007.5,32.0,AWS-MUM-103,Kalyan,MUM,neighbor,False,
2025-03-08 23:00:00,26.9,1007.5,33.0,AWS-MUM-103,Kalyan,MUM,neighbor,False,
2025-03-09 00:00:00,25.7,1007.1,37.0,AWS-MUM-103,Kalyan,MUM,neighbor,False,
2025-03-09 01:00:00,24.7,1006.9,41.0,AWS-MUM-103,Kalyan,MUM,neighbor,False,
2025-03-09 02:00:00,23.8,1006.3,47.0,AWS-MUM-103,Kalyan,MUM,neighbor,False,
2025-03-09 03:00:00,23.5,1005.9,55.0,AWS-MUM-103,Kalyan,MUM,neighbor,False,
2025-03-09 04:00:00,22.8,1006.0,57.0,AWS-MUM-103,Kalyan,MUM,neighbor,False,
2025-03-09 05:00:00,22.4,1006.3,58.0,AWS-MUM-103,Kalyan,MUM,neighbor,False,
2025-03-09 06:00:00,22.0,1006.8,62.0,AWS-MUM-103,Kalyan,MUM,neighbor,False,
2025-03-09 07:00:00,22.3,1007.6,62.0,AWS-MUM-103,Kalyan,MUM,neighbor,False,
2025-03-09 08:00:00,24.8,1008.5,51.0,AWS-MUM-103,Kalyan,MUM,neighbor,False,
2025-03-09 09:00:00,28.6,1009.1,38.0,AWS-MUM-103,Kalyan,MUM,neighbor,False,
2025-03-09 10:00:00,32.3,1008.9,26.0,AWS-MUM-103,Kalyan,MUM,neighbor,False,
2025-03-09 11:00:00,35.9,1008.4,18.0,AWS-MUM-103,Kalyan,MUM,neighbor,False,
2025-03-09 12:00:00,38.3,1007.3,14.0,AWS-MUM-103,Kalyan,MUM,neighbor,False,
2025-03-09 13:00:00,39.6,1006.1,12.0,AWS-MUM-103,Kalyan,MUM,neighbor,False,
2025-03-09 14:00:00,40.4,1005.0,11.0,AWS-MUM-103,Kalyan,MUM,neighbor,False,
2025-03-09 15:00:00,40.5,1004.1,11.0,AWS-MUM-103,Kalyan,MUM,neighbor,False,
2025-03-09 16:00:00,38.5,1004.0,18.0,AWS-MUM-103,Kalyan,MUM,neighbor,False,
2025-03-09 17:00:00,36.0,1004.2,23.0,AWS-MUM-103,Kalyan,MUM,neighbor,False,
2025-03-09 18:00:00,,1005.2,31.0,AWS-MUM-103,Kalyan,MUM,neighbor,True,dropout
2025-03-09 19:00:00,31.9,1006.2,31.0,AWS-MUM-103,Kalyan,MUM,neighbor,False,
2025-03-09 20:00:00,30.9,1007.6,34.0,AWS-MUM-103,Kalyan,MUM,neighbor,False,
2025-03-09 21:00:00,30.0,1008.9,34.0,AWS-MUM-103,Kalyan,MUM,neighbor,False,
2025-03-09 22:00:00,29.4,1009.3,36.0,AWS-MUM-103,Kalyan,MUM,neighbor,False,
2025-03-09 23:00:00,28.6,1009.2,38.0,AWS-MUM-103,Kalyan,MUM,neighbor,False,
2025-03-10 00:00:00,27.7,1008.7,40.0,AWS-MUM-103,Kalyan,MUM,neighbor,False,
2025-03-10 01:00:00,27.0,1008.0,40.0,AWS-MUM-103,Kalyan,MUM,neighbor,False,
2025-03-10 02:00:00,26.6,1007.4,40.0,AWS-MUM-103,Kalyan,MUM,neighbor,False,
2025-03-10 03:00:00,25.9,1006.8,41.0,AWS-MUM-103,Kalyan,MUM,neighbor,False,
2025-03-10 04:00:00,24.8,1006.9,45.0,AWS-MUM-103,Kalyan,MUM,neighbor,False,
2025-03-10 05:00:00,23.8,1007.1,48.0,AWS-MUM-103,Kalyan,MUM,neighbor,False,
2025-03-10 06:00:00,23.3,1008.2,55.0,AWS-MUM-103,Kalyan,MUM,neighbor,False,
2025-03-10 07:00:00,23.6,1009.2,52.0,AWS-MUM-103,Kalyan,MUM,neighbor,False,
2025-03-10 08:00:00,26.3,1010.0,42.0,AWS-MUM-103,Kalyan,MUM,neighbor,False,
2025-03-10 09:00:00,31.1,1010.4,30.0,AWS-MUM-103,Kalyan,MUM,neighbor,False,
2025-03-10 10:00:00,35.5,1010.4,20.0,AWS-MUM-103,Kalyan,MUM,neighbor,False,
2025-03-10 11:00:00,38.5,1009.7,17.0,AWS-MUM-103,Kalyan,MUM,neighbor,False,
2025-03-10 12:00:00,40.6,1008.7,13.0,AWS-MUM-103,Kalyan,MUM,neighbor,False,
2025-03-10 13:00:00,41.4,1007.3,12.0,AWS-MUM-103,Kalyan,MUM,neighbor,False,
2025-03-10 14:00:00,42.2,1006.1,11.0,AWS-MUM-103,Kalyan,MUM,neighbor,False,
2025-03-10 15:00:00,42.7,1005.2,11.0,AWS-MUM-103,Kalyan,MUM,neighbor,False,
2025-03-10 16:00:00,41.9,1005.0,12.0,AWS-MUM-103,Kalyan,MUM,neighbor,False,
2025-03-10 17:00:00,36.2,1006.2,22.0,AWS-MUM-103,Kalyan,MUM,neighbor,False,
2025-03-10 18:00:00,34.1,1006.9,25.0,AWS-MUM-103,Kalyan,MUM,neighbor,False,
2025-03-10 19:00:00,33.0,1008.0,30.0,AWS-MUM-103,Kalyan,MUM,neighbor,False,
2025-03-10 20:00:00,32.3,1009.2,33.0,AWS-MUM-103,Kalyan,MUM,neighbor,False,
2025-03-10 21:00:00,31.5,1010.0,36.0,AWS-MUM-103,Kalyan,MUM,neighbor,False,
2025-03-10 22:00:00,31.0,1010.1,38.0,AWS-MUM-103,Kalyan,MUM,neighbor,False,
2025-03-10 23:00:00,29.9,1010.0,39.0,AWS-MUM-103,Kalyan,MUM,neighbor,False,
2025-03-11 00:00:00,29.3,1009.5,49.0,AWS-MUM-103,Kalyan,MUM,neighbor,False,
2025-03-11 01:00:00,28.2,1009.0,43.0,AWS-MUM-103,Kalyan,MUM,neighbor,False,
2025-03-11 02:00:00,27.3,1008.3,45.0,AWS-MUM-103,Kalyan,MUM,neighbor,False,
2025-03-11 03:00:00,26.4,1008.1,46.0,AWS-MUM-103,Kalyan,MUM,neighbor,False,
2025-03-11 04:00:00,25.4,1008.0,48.0,AWS-MUM-103,Kalyan,MUM,neighbor,False,
2025-03-11 05:00:00,25.4,1008.3,45.0,AWS-MUM-103,Kalyan,MUM,neighbor,False,
2025-03-11 06:00:00,25.6,1009.4,45.0,AWS-MUM-103,Kalyan,MUM,neighbor,False,
2025-03-11 07:00:00,26.1,1010.4,43.0,AWS-MUM-103,Kalyan,MUM,neighbor,False,
2025-03-11 08:00:00,28.5,1011.5,37.0,AWS-MUM-103,Kalyan,MUM,neighbor,False,
2025-03-11 09:00:00,32.3,1012.2,0.5133413729214329,AWS-MUM-103,Kalyan,MUM,neighbor,True,sensor_fail_low
2025-03-11 10:00:00,35.9,1012.0,0.510851496222203,AWS-MUM-103,Kalyan,MUM,neighbor,True,sensor_fail_low
2025-03-11 11:00:00,38.5,1011.2,0.8695458448607012,AWS-MUM-103,Kalyan,MUM,neighbor,True,sensor_fail_low
2025-03-11 12:00:00,40.3,1009.9,0.3517712892437295,AWS-MUM-103,Kalyan,MUM,neighbor,True,sensor_fail_low
2025-03-11 13:00:00,40.9,1008.2,15.0,AWS-MUM-103,Kalyan,MUM,neighbor,False,
2025-03-11 14:00:00,41.7,1007.1,14.0,AWS-MUM-103,Kalyan,MUM,neighbor,False,
2025-03-11 15:00:00,42.2,1006.0,13.0,AWS-MUM-103,Kalyan,MUM,neighbor,False,
2025-03-11 16:00:00,39.0,1005.8,22.0,AWS-MUM-103,Kalyan,MUM,neighbor,False,
2025-03-11 17:00:00,35.7,1006.6,28.0,AWS-MUM-103,Kalyan,MUM,neighbor,False,
2025-03-11 18:00:00,34.3,1007.4,,AWS-MUM-103,Kalyan,MUM,neighbor,True,dropout
2025-03-11 19:00:00,31.9,1008.7,43.0,AWS-MUM-103,Kalyan,MUM,neighbor,False,
2025-03-11 20:00:00,31.4,1010.0,45.0,AWS-MUM-103,Kalyan,MUM,neighbor,False,
2025-03-11 21:00:00,31.1,1010.8,54.0,AWS-MUM-103,Kalyan,MUM,neighbor,False,
2025-03-11 22:00:00,30.3,1010.8,48.0,AWS-MUM-103,Kalyan,MUM,neighbor,False,
2025-03-11 23:00:00,29.6,1010.5,49.0,AWS-MUM-103,Kalyan,MUM,neighbor,False,
2025-03-12 00:00:00,28.8,1009.7,52.0,AWS-MUM-103,Kalyan,MUM,neighbor,False,
2025-03-12 01:00:00,27.8,1009.1,57.0,AWS-MUM-103,Kalyan,MUM,neighbor,False,
2025-03-12 02:00:00,26.9,1008.3,59.0,AWS-MUM-103,Kalyan,MUM,neighbor,False,
2025-03-12 03:00:00,26.4,1007.9,59.0,AWS-MUM-103,Kalyan,MUM,neighbor,False,
2025-03-12 04:00:00,25.6,1007.6,61.0,AWS-MUM-103,Kalyan,MUM,neighbor,False,
2025-03-12 05:00:00,24.9,1008.1,63.0,AWS-MUM-103,Kalyan,MUM,neighbor,False,
2025-03-12 06:00:00,24.8,1009.1,63.0,AWS-MUM-103,Kalyan,MUM,neighbor,False,
2025-03-12 07:00:00,24.8,1009.6,62.0,AWS-MUM-103,Kalyan,MUM,neighbor,False,
2025-03-12 08:00:00,27.3,1010.3,52.0,AWS-MUM-103,Kalyan,MUM,neighbor,False,
2025-03-12 09:00:00,30.8,1010.3,39.0,AWS-MUM-103,Kalyan,MUM,neighbor,False,
2025-03-12 10:00:00,34.3,1010.3,30.0,AWS-MUM-103,Kalyan,MUM,neighbor,False,
2025-03-12 11:00:00,37.0,1009.6,23.0,AWS-MUM-103,Kalyan,MUM,neighbor,False,
2025-03-12 12:00:00,39.1,1008.4,18.0,AWS-MUM-103,Kalyan,MUM,neighbor,False,
2025-03-12 13:00:00,40.5,1006.9,14.0,AWS-MUM-103,Kalyan,MUM,neighbor,False,
2025-03-12 14:00:00,41.2,1005.8,13.0,AWS-MUM-103,Kalyan,MUM,neighbor,False,
2025-03-12 15:00:00,40.9,1004.9,14.0,AWS-MUM-103,Kalyan,MUM,neighbor,False,
2025-03-12 16:00:00,38.2,1004.8,20.0,AWS-MUM-103,Kalyan,MUM,neighbor,False,
2025-03-12 17:00:00,36.2,1004.9,25.0,AWS-MUM-103,Kalyan,MUM,neighbor,False,
2025-03-12 18:00:00,33.6,1005.8,33.0,AWS-MUM-103,Kalyan,MUM,neighbor,False,
2025-03-12 19:00:00,32.0,1006.8,41.0,AWS-MUM-103,Kalyan,MUM,neighbor,False,
2025-03-12 20:00:00,31.1,1008.1,46.0,AWS-MUM-103,Kalyan,MUM,neighbor,False,
2025-03-12 21:00:00,30.8,1009.0,47.0,AWS-MUM-103,Kalyan,MUM,neighbor,False,
2025-03-12 22:00:00,30.0,1009.3,51.0,AWS-MUM-103,Kalyan,MUM,neighbor,False,
2025-03-12 23:00:00,29.2,1009.2,54.0,AWS-MUM-103,Kalyan,MUM,neighbor,False,
2025-03-13 00:00:00,28.5,1008.8,,AWS-MUM-103,Kalyan,MUM,neighbor,True,dropout
2025-03-13 01:00:00,27.8,1008.4,61.0,AWS-MUM-103,Kalyan,MUM,neighbor,False,
2025-03-13 02:00:00,26.8,1007.6,68.0,AWS-MUM-103,Kalyan,MUM,neighbor,False,
2025-03-13 03:00:00,26.0,1007.4,70.0,AWS-MUM-103,Kalyan,MUM,neighbor,False,
2025-03-13 04:00:00,25.3,1007.3,70.0,AWS-MUM-103,Kalyan,MUM,neighbor,False,
2025-03-13 05:00:00,24.7,1007.5,72.0,AWS-MUM-103,Kalyan,MUM,neighbor,False,
2025-03-13 06:00:00,25.0,1008.2,70.0,AWS-MUM-103,Kalyan,MUM,neighbor,False,
2025-03-13 07:00:00,25.3,1008.7,67.0,AWS-MUM-103,Kalyan,MUM,neighbor,False,
2025-03-13 08:00:00,27.6,1009.4,56.0,AWS-MUM-103,Kalyan,MUM,neighbor,False,
2025-03-13 09:00:00,31.3,1009.9,42.0,AWS-MUM-103,Kalyan,MUM,neighbor,False,
2025-03-13 10:00:00,34.8,1009.7,30.0,AWS-MUM-103,Kalyan,MUM,neighbor,False,
2025-03-13 11:00:00,37.5,1009.1,22.0,AWS-MUM-103,Kalyan,MUM,neighbor,False,
2025-03-13 12:00:00,39.6,1007.8,18.0,AWS-MUM-103,Kalyan,MUM,neighbor,False,
2025-03-13 13:00:00,40.3,1006.3,18.0,AWS-MUM-103,Kalyan,MUM,neighbor,False,
2025-03-13 14:00:00,39.5,1005.2,23.0,AWS-MUM-103,Kalyan,MUM,neighbor,False,
2025-03-13 15:00:00,38.4,1004.7,25.0,AWS-MUM-103,Kalyan,MUM,neighbor,False,
2025-03-13 16:00:00,37.6,1004.5,27.0,AWS-MUM-103,Kalyan,MUM,neighbor,False,
2025-03-13 17:00:00,36.5,1004.7,27.0,AWS-MUM-103,Kalyan,MUM,neighbor,False,
2025-03-13 18:00:00,33.8,1005.3,39.0,AWS-MUM-103,Kalyan,MUM,neighbor,False,
2025-03-13 19:00:00,32.0,1006.0,47.0,AWS-MUM-103,Kalyan,MUM,neighbor,False,
2025-03-13 20:00:00,30.9,1007.0,50.0,AWS-MUM-103,Kalyan,MUM,neighbor,False,
2025-03-13 21:00:00,30.0,1007.8,54.0,AWS-MUM-103,Kalyan,MUM,neighbor,False,
2025-03-13 22:00:00,29.1,1008.2,61.0,AWS-MUM-103,Kalyan,MUM,neighbor,False,
2025-03-13 23:00:00,28.0,1008.5,68.0,AWS-MUM-103,Kalyan,MUM,neighbor,False,
2025-03-14 00:00:00,27.3,1008.3,71.0,AWS-MUM-103,Kalyan,MUM,neighbor,False,
2025-03-14 01:00:00,26.5,1007.9,75.0,AWS-MUM-103,Kalyan,MUM,neighbor,False,
2025-03-14 02:00:00,25.8,1007.4,77.0,AWS-MUM-103,Kalyan,MUM,neighbor,False,
2025-03-14 03:00:00,25.3,1007.1,78.0,AWS-MUM-103,Kalyan,MUM,neighbor,False,
2025-03-14 04:00:00,24.9,1007.3,79.0,AWS-MUM-103,Kalyan,MUM,neighbor,False,
2025-03-14 05:00:00,24.2,1007.5,83.0,AWS-MUM-103,Kalyan,MUM,neighbor,False,
2025-03-14 06:00:00,24.7,1008.7,86.0,AWS-MUM-103,Kalyan,MUM,neighbor,False,
2025-03-14 07:00:00,25.3,1009.3,83.0,AWS-MUM-103,Kalyan,MUM,neighbor,False,
2025-03-14 08:00:00,27.4,1010.2,73.0,AWS-MUM-103,Kalyan,MUM,neighbor,False,
2025-03-14 09:00:00,30.3,1010.9,58.0,AWS-MUM-103,Kalyan,MUM,neighbor,False,
2025-03-14 10:00:00,33.4,1010.6,42.0,AWS-MUM-103,Kalyan,MUM,neighbor,False,
2025-03-14 11:00:00,36.2,1009.9,29.0,AWS-MUM-103,Kalyan,MUM,neighbor,False,
2025-03-14 12:00:00,38.6,1008.7,21.0,AWS-MUM-103,Kalyan,MUM,neighbor,False,
2025-03-14 13:00:00,39.9,1007.2,17.0,AWS-MUM-103,Kalyan,MUM,neighbor,False,
2025-03-14 14:00:00,40.1,1005.9,19.0,AWS-MUM-103,Kalyan,MUM,neighbor,False,
2025-03-14 15:00:00,39.3,1005.2,19.0,AWS-MUM-103,Kalyan,MUM,neighbor,False,
2025-03-14 16:00:00,38.9,1005.1,16.0,AWS-MUM-103,Kalyan,MUM,neighbor,False,
2025-03-14 17:00:00,37.6,1005.4,14.0,AWS-MUM-103,Kalyan,MUM,neighbor,False,
2025-03-14 18:00:00,35.2,1006.3,18.0,AWS-MUM-103,Kalyan,MUM,neighbor,False,
2025-03-14 19:00:00,33.1,1006.9,22.0,AWS-MUM-103,Kalyan,MUM,neighbor,False,
2025-03-14 20:00:00,31.5,1007.7,27.0,AWS-MUM-103,Kalyan,MUM,neighbor,False,
2025-03-14 21:00:00,30.3,1008.4,30.0,AWS-MUM-103,Kalyan,MUM,neighbor,False,
2025-03-14 22:00:00,29.0,1008.8,36.0,AWS-MUM-103,Kalyan,MUM,neighbor,False,
2025-03-14 23:00:00,28.2,1009.0,36.0,AWS-MUM-103,Kalyan,MUM,neighbor,False,
2025-03-15 00:00:00,27.1,1008.7,37.0,AWS-MUM-103,Kalyan,MUM,neighbor,False,
2025-03-15 01:00:00,25.8,1008.3,45.0,AWS-MUM-103,Kalyan,MUM,neighbor,False,
2025-03-15 02:00:00,25.0,1008.0,50.0,AWS-MUM-103,Kalyan,MUM,neighbor,False,
2025-03-15 03:00:00,24.4,1007.5,51.0,AWS-MUM-103,Kalyan,MUM,neighbor,False,
2025-03-15 04:00:00,23.9,1007.4,55.0,AWS-MUM-103,Kalyan,MUM,neighbor,False,
2025-03-15 05:00:00,23.2,1007.7,60.0,AWS-MUM-103,Kalyan,MUM,neighbor,False,
2025-03-15 06:00:00,23.8,1008.9,60.0,AWS-MUM-103,Kalyan,MUM,neighbor,False,
2025-03-15 07:00:00,24.4,1009.5,58.0,AWS-MUM-103,Kalyan,MUM,neighbor,False,
2025-03-15 08:00:00,26.8,1010.2,50.0,AWS-MUM-103,Kalyan,MUM,neighbor,False,
2025-03-15 09:00:00,30.4,1010.7,40.0,AWS-MUM-103,Kalyan,MUM,neighbor,False,
2025-03-15 10:00:00,33.8,1010.8,27.0,AWS-MUM-103,Kalyan,MUM,neighbor,False,
2025-03-15 11:00:00,36.2,1010.0,20.0,AWS-MUM-103,Kalyan,MUM,neighbor,False,
2025-03-15 12:00:00,38.1,1009.1,16.0,AWS-MUM-103,Kalyan,MUM,neighbor,False,
2025-03-15 13:00:00,39.5,1007.9,14.0,AWS-MUM-103,Kalyan,MUM,neighbor,False,
2025-03-15 14:00:00,40.0,1007.1,16.0,AWS-MUM-103,Kalyan,MUM,neighbor,False,
2025-03-15 15:00:00,39.0,1006.6,17.0,AWS-MUM-103,Kalyan,MUM,neighbor,False,
2025-03-15 16:00:00,37.4,1006.6,19.0,AWS-MUM-103,Kalyan,MUM,neighbor,False,
2025-03-15 17:00:00,35.3,1007.0,24.0,AWS-MUM-103,Kalyan,MUM,neighbor,False,
2025-03-15 18:00:00,32.8,1007.5,32.0,AWS-MUM-103,Kalyan,MUM,neighbor,False,
2025-03-15 19:00:00,31.4,1008.2,38.0,AWS-MUM-103,Kalyan,MUM,neighbor,False,
2025-03-15 20:00:00,30.3,1009.1,45.0,AWS-MUM-103,Kalyan,MUM,neighbor,False,
2025-03-15 21:00:00,29.9,1010.5,46.0,AWS-MUM-103,Kalyan,MUM,neighbor,False,
2025-03-15 22:00:00,29.6,1011.0,45.0,AWS-MUM-103,Kalyan,MUM,neighbor,False,
2025-03-15 23:00:00,28.3,1010.9,49.0,AWS-MUM-103,Kalyan,MUM,neighbor,False,
2025-03-16 00:00:00,27.5,1010.7,51.0,AWS-MUM-103,Kalyan,MUM,neighbor,False,
2025-03-16 01:00:00,26.7,1010.3,53.0,AWS-MUM-103,Kalyan,MUM,neighbor,False,
2025-03-16 02:00:00,26.0,1009.6,55.0,AWS-MUM-103,Kalyan,MUM,neighbor,False,
2025-03-16 03:00:00,25.1,1009.0,62.0,AWS-MUM-103,Kalyan,MUM,neighbor,False,
2025-03-16 04:00:00,24.3,1009.0,69.0,AWS-MUM-103,Kalyan,MUM,neighbor,False,
2025-03-16 05:00:00,23.7,1009.3,75.0,AWS-MUM-103,Kalyan,MUM,neighbor,False,
2025-03-16 06:00:00,23.5,1010.2,77.0,AWS-MUM-103,Kalyan,MUM,neighbor,False,
2025-03-16 07:00:00,24.3,1011.0,70.0,AWS-MUM-103,Kalyan,MUM,neighbor,False,
2025-03-16 08:00:00,26.9,1011.8,51.0,AWS-MUM-103,Kalyan,MUM,neighbor,False,
2025-03-16 09:00:00,29.7,1012.2,41.0,AWS-MUM-103,Kalyan,MUM,neighbor,False,
2025-03-16 10:00:00,32.3,1012.1,35.0,AWS-MUM-103,Kalyan,MUM,neighbor,False,
2025-03-16 11:00:00,34.6,1011.2,29.0,AWS-MUM-103,Kalyan,MUM,neighbor,False,
2025-03-16 12:00:00,36.8,1010.1,23.0,AWS-MUM-103,Kalyan,MUM,neighbor,False,
2025-03-16 13:00:00,38.3,1008.4,19.0,AWS-MUM-103,Kalyan,MUM,neighbor,True,frozen_value
2025-03-16 14:00:00,39.0,1007.2,19.0,AWS-MUM-103,Kalyan,MUM,neighbor,True,frozen_value
2025-03-16 15:00:00,38.9,1006.2,19.0,AWS-MUM-103,Kalyan,MUM,neighbor,True,frozen_value
2025-03-16 16:00:00,37.6,1006.0,19.0,AWS-MUM-103,Kalyan,MUM,neighbor,True,frozen_value
2025-03-16 17:00:00,36.1,1006.0,19.0,AWS-MUM-103,Kalyan,MUM,neighbor,True,frozen_value
2025-03-16 18:00:00,34.1,1006.5,19.0,AWS-MUM-103,Kalyan,MUM,neighbor,True,frozen_value
2025-03-16 19:00:00,32.6,1007.0,19.0,AWS-MUM-103,Kalyan,MUM,neighbor,True,frozen_value
2025-03-16 20:00:00,31.5,1007.8,19.0,AWS-MUM-103,Kalyan,MUM,neighbor,True,frozen_value
2025-03-16 21:00:00,30.7,1008.8,28.0,AWS-MUM-103,Kalyan,MUM,neighbor,False,
2025-03-16 22:00:00,29.6,1009.3,29.0,AWS-MUM-103,Kalyan,MUM,neighbor,False,
2025-03-16 23:00:00,28.4,1009.6,33.0,AWS-MUM-103,Kalyan,MUM,neighbor,False,
2025-03-17 00:00:00,27.4,1009.6,35.0,AWS-MUM-103,Kalyan,MUM,neighbor,False,
2025-03-17 01:00:00,26.4,1009.4,46.0,AWS-MUM-103,Kalyan,MUM,neighbor,False,
2025-03-17 02:00:00,86.43849086339655,1009.0,56.0,AWS-MUM-103,Kalyan,MUM,neighbor,True,spike
2025-03-17 03:00:00,25.0,1008.8,60.0,AWS-MUM-103,Kalyan,MUM,neighbor,False,
2025-03-17 04:00:00,24.3,1008.5,67.0,AWS-MUM-103,Kalyan,MUM,neighbor,False,
2025-03-17 05:00:00,23.7,1008.8,71.0,AWS-MUM-103,Kalyan,MUM,neighbor,False,
2025-03-17 06:00:00,24.2,1009.6,71.0,AWS-MUM-103,Kalyan,MUM,neighbor,False,
2025-03-17 07:00:00,24.7,1010.1,68.0,AWS-MUM-103,Kalyan,MUM,neighbor,False,
2025-03-17 08:00:00,27.0,1010.9,54.0,AWS-MUM-103,Kalyan,MUM,neighbor,False,
2025-03-17 09:00:00,29.9,1011.4,42.0,AWS-MUM-103,Kalyan,MUM,neighbor,False,
2025-03-17 10:00:00,32.8,1011.4,31.0,AWS-MUM-103,Kalyan,MUM,neighbor,False,
2025-03-17 11:00:00,35.2,1011.2,25.0,AWS-MUM-103,Kalyan,MUM,neighbor,False,
2025-03-17 12:00:00,37.0,1010.2,21.0,AWS-MUM-103,Kalyan,MUM,neighbor,False,
2025-03-17 13:00:00,38.4,1008.6,18.0,AWS-MUM-103,Kalyan,MUM,neighbor,False,
2025-03-17 14:00:00,38.7,1007.4,18.0,AWS-MUM-103,Kalyan,MUM,neighbor,True,drift
2025-03-17 15:00:00,37.8,1006.7,0.0,AWS-MUM-103,Kalyan,MUM,neighbor,True,drift
2025-03-17 16:00:00,36.9,1006.7,0.0,AWS-MUM-103,Kalyan,MUM,neighbor,True,drift
2025-03-17 17:00:00,35.6,1007.1,0.0,AWS-MUM-103,Kalyan,MUM,neighbor,True,drift
2025-03-17 18:00:00,33.6,1007.9,0.0,AWS-MUM-103,Kalyan,MUM,neighbor,True,drift
2025-03-17 19:00:00,31.9,1008.5,0.0,AWS-MUM-103,Kalyan,MUM,neighbor,True,drift
2025-03-17 20:00:00,30.4,1009.1,0.0,AWS-MUM-103,Kalyan,MUM,neighbor,True,drift
2025-03-17 21:00:00,29.4,1009.7,0.0,AWS-MUM-103,Kalyan,MUM,neighbor,True,drift
2025-03-17 22:00:00,28.2,1010.0,0.0,AWS-MUM-103,Kalyan,MUM,neighbor,True,drift
2025-03-17 23:00:00,27.1,1009.8,0.0,AWS-MUM-103,Kalyan,MUM,neighbor,True,drift
2025-03-18 00:00:00,26.1,1009.7,0.0,AWS-MUM-103,Kalyan,MUM,neighbor,True,drift
2025-03-18 01:00:00,25.5,1009.3,0.0,AWS-MUM-103,Kalyan,MUM,neighbor,True,drift
2025-03-18 02:00:00,24.2,1008.6,0.0,AWS-MUM-103,Kalyan,MUM,neighbor,True,drift
2025-03-18 03:00:00,23.5,1008.4,0.0,AWS-MUM-103,Kalyan,MUM,neighbor,True,drift
2025-03-18 04:00:00,22.9,1008.1,0.0,AWS-MUM-103,Kalyan,MUM,neighbor,True,drift
2025-03-18 05:00:00,22.5,1008.1,0.0,AWS-MUM-103,Kalyan,MUM,neighbor,True,drift
2025-03-18 06:00:00,22.5,1008.8,0.0,AWS-MUM-103,Kalyan,MUM,neighbor,True,drift
2025-03-18 07:00:00,22.8,1009.3,0.0,AWS-MUM-103,Kalyan,MUM,neighbor,True,drift
2025-03-18 08:00:00,25.1,1009.9,0.0,AWS-MUM-103,Kalyan,MUM,neighbor,True,drift
2025-03-18 09:00:00,28.4,1010.5,0.0,AWS-MUM-103,Kalyan,MUM,neighbor,True,drift
2025-03-18 10:00:00,31.3,1010.3,0.0,AWS-MUM-103,Kalyan,MUM,neighbor,True,drift
2025-03-18 11:00:00,34.1,1009.7,0.0,AWS-MUM-103,Kalyan,MUM,neighbor,True,drift
2025-03-18 12:00:00,36.7,1008.6,0.0,AWS-MUM-103,Kalyan,MUM,neighbor,True,drift
2025-03-18 13:00:00,38.6,1007.2,0.0,AWS-MUM-103,Kalyan,MUM,neighbor,True,drift
2025-03-18 14:00:00,39.2,1006.2,0.0,AWS-MUM-103,Kalyan,MUM,neighbor,True,drift
2025-03-18 15:00:00,37.7,1005.9,0.0,AWS-MUM-103,Kalyan,MUM,neighbor,True,drift
2025-03-18 16:00:00,36.2,1006.2,0.0,AWS-MUM-103,Kalyan,MUM,neighbor,True,drift
2025-03-18 17:00:00,34.4,1006.5,0.0,AWS-MUM-103,Kalyan,MUM,neighbor,True,drift
2025-03-18 18:00:00,32.3,1007.3,0.0,AWS-MUM-103,Kalyan,MUM,neighbor,True,drift
2025-03-18 19:00:00,30.4,1008.0,0.0,AWS-MUM-103,Kalyan,MUM,neighbor,True,drift
2025-03-18 20:00:00,29.2,1008.8,0.0,AWS-MUM-103,Kalyan,MUM,neighbor,True,drift
2025-03-18 21:00:00,28.3,1009.6,0.0,AWS-MUM-103,Kalyan,MUM,neighbor,True,drift
2025-03-18 22:00:00,27.6,1010.1,58.0,AWS-MUM-103,Kalyan,MUM,neighbor,False,
2025-03-18 23:00:00,26.5,1010.0,64.0,AWS-MUM-103,Kalyan,MUM,neighbor,False,
2025-03-19 00:00:00,25.5,1009.8,71.0,AWS-MUM-103,Kalyan,MUM,neighbor,False,
2025-03-19 01:00:00,24.7,1009.4,77.0,AWS-MUM-103,Kalyan,MUM,neighbor,False,
2025-03-19 02:00:00,24.2,1008.9,78.0,AWS-MUM-103,Kalyan,MUM,neighbor,False,
2025-03-19 03:00:00,23.6,1008.6,80.0,AWS-MUM-103,Kalyan,MUM,neighbor,False,
2025-03-19 04:00:00,23.3,1008.8,81.0,AWS-MUM-103,Kalyan,MUM,neighbor,False,
2025-03-19 05:00:00,23.0,1009.0,79.0,AWS-MUM-103,Kalyan,MUM,neighbor,False,
2025-03-19 06:00:00,22.7,1010.0,84.0,AWS-MUM-103,Kalyan,MUM,neighbor,False,
2025-03-19 07:00:00,23.5,1010.6,79.0,AWS-MUM-103,Kalyan,MUM,neighbor,False,
2025-03-19 08:00:00,25.7,1011.4,66.0,AWS-MUM-103,Kalyan,MUM,neighbor,False,
2025-03-19 09:00:00,28.8,50.6177231691891,50.0,AWS-MUM-103,Kalyan,MUM,neighbor,True,sensor_fail_low
2025-03-19 10:00:00,31.9,48.96794006645267,32.0,AWS-MUM-103,Kalyan,MUM,neighbor,True,sensor_fail_low
2025-03-19 11:00:00,34.5,50.92841698122492,21.0,AWS-MUM-103,Kalyan,MUM,neighbor,True,sensor_fail_low
2025-03-19 12:00:00,36.6,49.24563021066793,17.0,AWS-MUM-103,Kalyan,MUM,neighbor,True,sensor_fail_low
2025-03-19 13:00:00,38.0,1008.9,16.0,AWS-MUM-103,Kalyan,MUM,neighbor,False,
2025-03-19 14:00:00,37.4,1008.0,24.0,AWS-MUM-103,Kalyan,MUM,neighbor,False,
2025-03-19 15:00:00,35.9,1007.3,33.0,AWS-MUM-103,Kalyan,MUM,neighbor,False,
2025-03-19 16:00:00,35.0,1007.3,34.0,AWS-MUM-103,Kalyan,MUM,neighbor,False,
2025-03-19 17:00:00,33.9,1007.4,33.0,AWS-MUM-103,Kalyan,MUM,neighbor,False,
2025-03-19 18:00:00,31.8,1008.8,34.0,AWS-MUM-103,Kalyan,MUM,neighbor,False,
2025-03-19 19:00:00,30.3,1009.6,36.0,AWS-MUM-103,Kalyan,MUM,neighbor,False,
2025-03-19 20:00:00,29.1,1010.6,36.0,AWS-MUM-103,Kalyan,MUM,neighbor,False,
2025-03-19 21:00:00,28.2,1011.3,38.0,AWS-MUM-103,Kalyan,MUM,neighbor,False,
2025-03-19 22:00:00,191.11696693331027,1013.5960551272279,100.0,AWS-MUM-103,Kalyan,MUM,neighbor,True,multivariate_inconsistency
2025-03-19 23:00:00,190.31696693331025,1011.551277472347,100.0,AWS-MUM-103,Kalyan,MUM,neighbor,True,multivariate_inconsistency
2025-03-20 00:00:00,189.41696693331025,1011.397064100239,100.0,AWS-MUM-103,Kalyan,MUM,neighbor,True,multivariate_inconsistency
2025-03-20 01:00:00,25.1,1011.1,50.0,AWS-MUM-103,Kalyan,MUM,neighbor,False,
2025-03-20 02:00:00,24.8,1010.7,48.0,AWS-MUM-103,Kalyan,MUM,neighbor,False,
2025-03-20 03:00:00,24.1,1010.0,50.0,AWS-MUM-103,Kalyan,MUM,neighbor,False,
2025-03-20 04:00:00,23.3,1009.9,55.0,AWS-MUM-103,Kalyan,MUM,neighbor,False,
2025-03-20 05:00:00,22.9,1010.5,59.0,AWS-MUM-103,Kalyan,MUM,neighbor,False,
2025-03-20 06:00:00,23.2,1011.4,62.0,AWS-MUM-103,Kalyan,MUM,neighbor,False,
2025-03-20 07:00:00,23.7,1012.2,60.0,AWS-MUM-103,Kalyan,MUM,neighbor,False,
2025-03-20 08:00:00,26.2,1013.1,48.0,AWS-MUM-103,Kalyan,MUM,neighbor,False,
2025-03-20 09:00:00,30.0,1013.6,31.0,AWS-MUM-103,Kalyan,MUM,neighbor,False,
2025-03-20 10:00:00,33.0,1013.5,23.0,AWS-MUM-103,Kalyan,MUM,neighbor,False,
2025-03-20 11:00:00,35.4,1012.9,17.0,AWS-MUM-103,Kalyan,MUM,neighbor,False,
2025-03-20 12:00:00,36.8,1011.7,13.0,AWS-MUM-103,Kalyan,MUM,neighbor,False,
2025-03-20 13:00:00,166.77236915483644,1011.2402209905636,71.94689782178612,AWS-MUM-103,Kalyan,MUM,neighbor,True,multivariate_inconsistency
2025-03-20 14:00:00,167.47236915483643,1006.934718184569,70.94689782178612,AWS-MUM-103,Kalyan,MUM,neighbor,True,multivariate_inconsistency
2025-03-20 15:00:00,167.27236915483644,1008.4067893695487,71.94689782178612,AWS-MUM-103,Kalyan,MUM,neighbor,True,multivariate_inconsistency
2025-03-20 16:00:00,37.4,1008.5,12.0,AWS-MUM-103,Kalyan,MUM,neighbor,False,
2025-03-20 17:00:00,36.0,1008.7,10.0,AWS-MUM-103,Kalyan,MUM,neighbor,False,
2025-03-20 18:00:00,34.0,1010.1,12.0,AWS-MUM-103,Kalyan,MUM,neighbor,False,
2025-03-20 19:00:00,32.4,1010.7,15.0,AWS-MUM-103,Kalyan,MUM,neighbor,False,
2025-03-20 20:00:00,30.9,1011.4,20.0,AWS-MUM-103,Kalyan,MUM,neighbor,False,
2025-03-20 21:00:00,29.8,1012.3,24.0,AWS-MUM-103,Kalyan,MUM,neighbor,False,
2025-03-20 22:00:00,28.5,1012.7,33.0,AWS-MUM-103,Kalyan,MUM,neighbor,False,
2025-03-20 23:00:00,27.0,1012.7,52.0,AWS-MUM-103,Kalyan,MUM,neighbor,False,
2025-03-21 00:00:00,26.3,1012.5,60.0,AWS-MUM-103,Kalyan,MUM,neighbor,False,
2025-03-21 01:00:00,25.3,1012.3,63.0,AWS-MUM-103,Kalyan,MUM,neighbor,False,
2025-03-21 02:00:00,24.7,1011.7,63.0,AWS-MUM-103,Kalyan,MUM,neighbor,False,
2025-03-21 03:00:00,24.0,1011.5,64.0,AWS-MUM-103,Kalyan,MUM,neighbor,False,
2025-03-21 04:00:00,23.5,1011.7,65.0,AWS-MUM-103,Kalyan,MUM,neighbor,False,
2025-03-21 05:00:00,23.2,1012.0,67.0,AWS-MUM-103,Kalyan,MUM,neighbor,False,
2025-03-21 06:00:00,23.0,1012.9,71.0,AWS-MUM-103,Kalyan,MUM,neighbor,False,
2025-03-21 07:00:00,23.8,1013.3,66.0,AWS-MUM-103,Kalyan,MUM,neighbor,False,
2025-03-21 08:00:00,26.2,1014.3,55.0,AWS-MUM-103,Kalyan,MUM,neighbor,False,
2025-03-21 09:00:00,28.4,1014.8,51.0,AWS-MUM-103,Kalyan,MUM,neighbor,False,
2025-03-21 10:00:00,30.5,1014.6,46.0,AWS-MUM-103,Kalyan,MUM,neighbor,False,
2025-03-21 11:00:00,33.0,1013.8,35.0,AWS-MUM-103,Kalyan,MUM,neighbor,False,
2025-03-21 12:00:00,35.0,1012.5,26.0,AWS-MUM-103,Kalyan,MUM,neighbor,False,
2025-03-21 13:00:00,36.5,1010.9,22.0,AWS-MUM-103,Kalyan,MUM,neighbor,False,
2025-03-21 14:00:00,37.3,1009.8,21.0,AWS-MUM-103,Kalyan,MUM,neighbor,False,
2025-03-21 15:00:00,35.7,1008.9,30.0,AWS-MUM-103,Kalyan,MUM,neighbor,False,
2025-03-21 16:00:00,34.5,1008.7,31.0,AWS-MUM-103,Kalyan,MUM,neighbor,False,
2025-03-21 17:00:00,32.9,1008.9,31.0,AWS-MUM-103,Kalyan,MUM,neighbor,False,
2025-03-21 18:00:00,30.7,1009.8,37.0,AWS-MUM-103,Kalyan,MUM,neighbor,False,
2025-03-21 19:00:00,29.2,1010.7,43.0,AWS-MUM-103,Kalyan,MUM,neighbor,False,
2025-03-21 20:00:00,28.1,1011.4,50.0,AWS-MUM-103,Kalyan,MUM,neighbor,False,
2025-03-21 21:00:00,27.4,1011.9,55.0,AWS-MUM-103,Kalyan,MUM,neighbor,False,
2025-03-21 22:00:00,26.5,1012.1,60.0,AWS-MUM-103,Kalyan,MUM,neighbor,False,
2025-03-21 23:00:00,25.7,1012.1,65.0,AWS-MUM-103,Kalyan,MUM,neighbor,False,
2025-03-22 00:00:00,25.0,1012.0,72.0,AWS-MUM-103,Kalyan,MUM,neighbor,False,
2025-03-22 01:00:00,24.2,1011.6,79.0,AWS-MUM-103,Kalyan,MUM,neighbor,False,
2025-03-22 02:00:00,23.3,1011.2,83.0,AWS-MUM-103,Kalyan,MUM,neighbor,False,
2025-03-22 03:00:00,22.5,1010.7,86.0,AWS-MUM-103,Kalyan,MUM,neighbor,False,
2025-03-22 04:00:00,22.1,1010.8,87.0,AWS-MUM-103,Kalyan,MUM,neighbor,False,
2025-03-22 05:00:00,21.7,1011.2,83.0,AWS-MUM-103,Kalyan,MUM,neighbor,False,
2025-03-22 06:00:00,22.3,1011.9,79.0,AWS-MUM-103,Kalyan,MUM,neighbor,False,
2025-03-22 07:00:00,22.8,1012.6,72.0,AWS-MUM-103,Kalyan,MUM,neighbor,False,
2025-03-22 08:00:00,25.0,1013.6,61.0,AWS-MUM-103,Kalyan,MUM,neighbor,False,
2025-03-22 09:00:00,27.8,1013.9,53.0,AWS-MUM-103,Kalyan,MUM,neighbor,False,
2025-03-22 10:00:00,30.9,1013.5,37.0,AWS-MUM-103,Kalyan,MUM,neighbor,False,
2025-03-22 11:00:00,33.4,1012.7,27.0,AWS-MUM-103,Kalyan,MUM,neighbor,False,
2025-03-22 12:00:00,35.4,1011.4,20.0,AWS-MUM-103,Kalyan,MUM,neighbor,False,
2025-03-22 13:00:00,36.8,1010.1,15.0,AWS-MUM-103,Kalyan,MUM,neighbor,False,
2025-03-22 14:00:00,37.8,1008.8,13.0,AWS-MUM-103,Kalyan,MUM,neighbor,False,
2025-03-22 15:00:00,38.3,1007.6,11.0,AWS-MUM-103,Kalyan,MUM,neighbor,False,
2025-03-22 16:00:00,36.7,1007.3,18.0,AWS-MUM-103,Kalyan,MUM,neighbor,False,
2025-03-22 17:00:00,32.8,1007.3,39.0,AWS-MUM-103,Kalyan,MUM,neighbor,False,
2025-03-22 18:00:00,31.2,1008.3,43.0,AWS-MUM-103,Kalyan,MUM,neighbor,False,
2025-03-22 19:00:00,30.1,1008.9,46.0,AWS-MUM-103,Kalyan,MUM,neighbor,False,
2025-03-22 20:00:00,29.1,1009.8,50.0,AWS-MUM-103,Kalyan,MUM,neighbor,False,
2025-03-22 21:00:00,28.5,1010.6,52.0,AWS-MUM-103,Kalyan,MUM,neighbor,False,
2025-03-22 22:00:00,28.2,1011.0,53.0,AWS-MUM-103,Kalyan,MUM,neighbor,False,
2025-03-22 23:00:00,27.5,1010.9,55.0,AWS-MUM-103,Kalyan,MUM,neighbor,False,
2025-03-23 00:00:00,26.5,1010.4,61.0,AWS-MUM-103,Kalyan,MUM,neighbor,False,
2025-03-23 01:00:00,25.4,1009.9,69.0,AWS-MUM-103,Kalyan,MUM,neighbor,False,
2025-03-23 02:00:00,24.6,1009.4,75.0,AWS-MUM-103,Kalyan,MUM,neighbor,False,
2025-03-23 03:00:00,24.0,1009.3,79.0,AWS-MUM-103,Kalyan,MUM,neighbor,False,
2025-03-23 04:00:00,23.4,1009.5,83.0,AWS-MUM-103,Kalyan,MUM,neighbor,False,
2025-03-23 05:00:00,22.9,1010.0,86.0,AWS-MUM-103,Kalyan,MUM,neighbor,False,
2025-03-23 06:00:00,23.1,1011.0,90.0,AWS-MUM-103,Kalyan,MUM,neighbor,False,
2025-03-23 07:00:00,23.9,1011.8,84.0,AWS-MUM-103,Kalyan,MUM,neighbor,False,
2025-03-23 08:00:00,26.0,1012.4,73.0,AWS-MUM-103,Kalyan,MUM,neighbor,False,
2025-03-23 09:00:00,28.7,1012.7,59.0,AWS-MUM-103,Kalyan,MUM,neighbor,False,
2025-03-23 10:00:00,31.8,1012.6,43.0,AWS-MUM-103,Kalyan,MUM,neighbor,False,
2025-03-23 11:00:00,165.0026314311384,1009.59514905466,98.44654570753106,AWS-MUM-103,Kalyan,MUM,neighbor,True,multivariate_inconsistency
2025-03-23 12:00:00,167.7026314311384,1010.7193561890349,88.44654570753106,AWS-MUM-103,Kalyan,MUM,neighbor,True,multivariate_inconsistency
2025-03-23 13:00:00,169.30263143113842,1007.1893713790637,84.44654570753106,AWS-MUM-103,Kalyan,MUM,neighbor,True,multivariate_inconsistency
2025-03-23 14:00:00,170.1026314311384,1007.3966808443253,84.44654570753106,AWS-MUM-103,Kalyan,MUM,neighbor,True,multivariate_inconsistency
2025-03-23 15:00:00,169.6026314311384,1007.8710536937889,86.44654570753106,AWS-MUM-103,Kalyan,MUM,neighbor,True,multivariate_inconsistency
2025-03-23 16:00:00,37.0,1007.2,26.0,AWS-MUM-103,Kalyan,MUM,neighbor,False,
2025-03-23 17:00:00,35.2,1007.4,30.0,AWS-MUM-103,Kalyan,MUM,neighbor,False,
2025-03-23 18:00:00,-19.808430555271123,1008.3,41.0,AWS-MUM-103,Kalyan,MUM,neighbor,True,spike
2025-03-23 19:00:00,30.9,1009.4,0.5683520379766474,AWS-MUM-103,Kalyan,MUM,neighbor,True,sensor_fail_low
2025-03-23 20:00:00,30.1,1010.8,0.43977250924595457,AWS-MUM-103,Kalyan,MUM,neighbor,True,sensor_fail_low
2025-03-23 21:00:00,29.7,1011.6,0.573863761039407,AWS-MUM-103,Kalyan,MUM,neighbor,True,sensor_fail_low
2025-03-23 22:00:00,29.3,1011.8,0.38215397496062464,AWS-MUM-103,Kalyan,MUM,neighbor,True,sensor_fail_low
2025-03-23 23:00:00,28.3,1011.7,60.0,AWS-MUM-103,Kalyan,MUM,neighbor,False,
2025-03-24 00:00:00,27.7,1011.3,65.0,AWS-MUM-103,Kalyan,MUM,neighbor,False,
2025-03-24 01:00:00,26.8,1010.8,74.0,AWS-MUM-103,Kalyan,MUM,neighbor,False,
2025-03-24 02:00:00,26.1,1010.2,81.0,AWS-MUM-103,Kalyan,MUM,neighbor,False,
2025-03-24 03:00:00,25.5,1009.7,87.0,AWS-MUM-103,Kalyan,MUM,neighbor,False,
2025-03-24 04:00:00,24.8,1009.8,92.0,AWS-MUM-103,Kalyan,MUM,neighbor,False,
2025-03-24 05:00:00,24.2,1010.2,96.0,AWS-MUM-103,Kalyan,MUM,neighbor,False,
2025-03-24 06:00:00,25.4,1011.2,94.0,AWS-MUM-103,Kalyan,MUM,neighbor,False,
2025-03-24 07:00:00,25.8,1012.1,93.0,AWS-MUM-103,Kalyan,MUM,neighbor,False,
2025-03-24 08:00:00,26.4,1013.1,87.0,AWS-MUM-103,Kalyan,MUM,neighbor,False,
2025-03-24 09:00:00,28.4,1013.5,75.0,AWS-MUM-103,Kalyan,MUM,neighbor,False,
2025-03-24 10:00:00,31.8,1012.9,55.0,AWS-MUM-103,Kalyan,MUM,neighbor,False,
2025-03-24 11:00:00,35.1,1011.8,34.0,AWS-MUM-103,Kalyan,MUM,neighbor,False,
2025-03-24 12:00:00,37.9,1010.2,19.0,AWS-MUM-103,Kalyan,MUM,neighbor,False,
2025-03-24 13:00:00,39.8,1008.7,14.0,AWS-MUM-103,Kalyan,MUM,neighbor,False,
2025-03-24 14:00:00,40.9,1007.3,13.0,AWS-MUM-103,Kalyan,MUM,neighbor,False,
2025-03-24 15:00:00,39.2,1006.5,21.0,AWS-MUM-103,Kalyan,MUM,neighbor,False,
2025-03-24 16:00:00,35.3,1006.5,36.0,AWS-MUM-103,Kalyan,MUM,neighbor,False,
2025-03-24 17:00:00,34.6,1006.4,35.0,AWS-MUM-103,Kalyan,MUM,neighbor,False,
2025-03-24 18:00:00,31.8,1007.3,45.0,AWS-MUM-103,Kalyan,MUM,neighbor,False,
2025-03-24 19:00:00,29.8,1008.5,58.0,AWS-MUM-103,Kalyan,MUM,neighbor,False,
2025-03-24 20:00:00,29.5,1009.9,59.0,AWS-MUM-103,Kalyan,MUM,neighbor,False,
2025-03-24 21:00:00,29.5,1010.7,56.0,AWS-MUM-103,Kalyan,MUM,neighbor,False,
2025-03-24 22:00:00,28.8,1010.9,58.0,AWS-MUM-103,Kalyan,MUM,neighbor,False,
2025-03-24 23:00:00,28.1,1010.2,64.0,AWS-MUM-103,Kalyan,MUM,neighbor,False,
2025-03-25 00:00:00,27.1,1029.6405746164407,71.0,AWS-MUM-103,Kalyan,MUM,neighbor,True,spike
2025-03-25 01:00:00,26.0,1008.5,78.0,AWS-MUM-103,Kalyan,MUM,neighbor,False,
2025-03-25 02:00:00,25.2,1007.8,83.0,AWS-MUM-103,Kalyan,MUM,neighbor,False,
2025-03-25 03:00:00,24.6,1007.4,86.0,AWS-MUM-103,Kalyan,MUM,neighbor,False,
2025-03-25 04:00:00,24.0,1007.4,89.0,AWS-MUM-103,Kalyan,MUM,neighbor,False,
2025-03-25 05:00:00,23.5,1007.6,91.0,AWS-MUM-103,Kalyan,MUM,neighbor,False,
2025-03-25 06:00:00,23.9,1008.2,84.0,AWS-MUM-103,Kalyan,MUM,neighbor,False,
2025-03-25 07:00:00,24.5,1009.0,80.0,AWS-MUM-103,Kalyan,MUM,neighbor,False,
2025-03-25 08:00:00,27.1,1009.8,65.0,AWS-MUM-103,Kalyan,MUM,neighbor,False,
2025-03-25 09:00:00,30.6,1009.9,46.0,AWS-MUM-103,Kalyan,MUM,neighbor,False,
2025-03-25 10:00:00,33.6,1009.6,35.0,AWS-MUM-103,Kalyan,MUM,neighbor,False,
2025-03-25 11:00:00,36.4,1008.7,27.0,AWS-MUM-103,Kalyan,MUM,neighbor,False,
2025-03-25 12:00:00,38.7,1007.3,22.0,AWS-MUM-103,Kalyan,MUM,neighbor,False,
2025-03-25 13:00:00,39.6,1005.8,21.0,AWS-MUM-103,Kalyan,MUM,neighbor,False,
2025-03-25 14:00:00,38.9,1004.8,25.0,AWS-MUM-103,Kalyan,MUM,neighbor,False,
2025-03-25 15:00:00,37.0,1004.3,30.0,AWS-MUM-103,Kalyan,MUM,neighbor,False,
2025-03-25 16:00:00,36.4,1004.0,29.0,AWS-MUM-103,Kalyan,MUM,neighbor,False,
2025-03-25 17:00:00,34.0,1004.2,36.0,AWS-MUM-103,Kalyan,MUM,neighbor,False,
2025-03-25 18:00:00,31.8,1004.6,46.0,AWS-MUM-103,Kalyan,MUM,neighbor,False,
2025-03-25 19:00:00,30.4,1006.1,52.0,AWS-MUM-103,Kalyan,MUM,neighbor,False,
2025-03-25 20:00:00,29.9,1007.1,53.0,AWS-MUM-103,Kalyan,MUM,neighbor,False,
2025-03-25 21:00:00,29.6,1007.9,54.0,AWS-MUM-103,Kalyan,MUM,neighbor,False,
2025-03-25 22:00:00,28.9,1008.1,58.0,AWS-MUM-103,Kalyan,MUM,neighbor,False,
2025-03-25 23:00:00,27.9,1007.7,65.0,AWS-MUM-103,Kalyan,MUM,neighbor,False,
2025-03-26 00:00:00,26.9,1007.1,71.0,AWS-MUM-103,Kalyan,MUM,neighbor,False,
2025-03-26 01:00:00,26.2,1006.7,77.0,AWS-MUM-103,Kalyan,MUM,neighbor,False,
2025-03-26 02:00:00,25.5,1006.0,83.0,AWS-MUM-103,Kalyan,MUM,neighbor,False,
2025-03-26 03:00:00,24.7,1005.6,87.0,AWS-MUM-103,Kalyan,MUM,neighbor,False,
2025-03-26 04:00:00,24.2,1005.7,89.0,AWS-MUM-103,Kalyan,MUM,neighbor,False,
2025-03-26 05:00:00,23.9,1006.0,91.0,AWS-MUM-103,Kalyan,MUM,neighbor,False,
2025-03-26 06:00:00,24.6,1006.9,94.0,AWS-MUM-103,Kalyan,MUM,neighbor,False,
2025-03-26 07:00:00,25.2,1007.6,90.0,AWS-MUM-103,Kalyan,MUM,neighbor,False,
2025-03-26 08:00:00,27.3,1008.5,79.0,AWS-MUM-103,Kalyan,MUM,neighbor,False,
2025-03-26 09:00:00,29.6,1008.8,66.0,AWS-MUM-103,Kalyan,MUM,neighbor,False,
2025-03-26 10:00:00,32.1,1008.7,51.0,AWS-MUM-103,Kalyan,MUM,neighbor,False,
2025-03-26 11:00:00,34.5,1008.0,38.0,AWS-MUM-103,Kalyan,MUM,neighbor,False,
2025-03-26 12:00:00,36.3,1007.1,30.0,AWS-MUM-103,Kalyan,MUM,neighbor,False,
2025-03-26 13:00:00,36.7,1006.1,28.0,AWS-MUM-103,Kalyan,MUM,neighbor,False,
2025-03-26 14:00:00,36.2,1005.3,28.0,AWS-MUM-103,Kalyan,MUM,neighbor,False,
2025-03-26 15:00:00,35.5,1004.7,29.0,AWS-MUM-103,Kalyan,MUM,neighbor,False,
2025-03-26 16:00:00,34.2,1004.5,32.0,AWS-MUM-103,Kalyan,MUM,neighbor,False,
2025-03-26 17:00:00,32.5,1004.9,37.0,AWS-MUM-103,Kalyan,MUM,neighbor,False,
2025-03-26 18:00:00,30.3,1005.4,48.0,AWS-MUM-103,Kalyan,MUM,neighbor,False,
2025-03-26 19:00:00,29.1,1006.1,54.0,AWS-MUM-103,Kalyan,MUM,neighbor,False,
2025-03-26 20:00:00,28.0,1007.1,65.0,AWS-MUM-103,Kalyan,MUM,neighbor,False,
2025-03-26 21:00:00,-22.187409961092673,1008.3,70.0,AWS-MUM-103,Kalyan,MUM,neighbor,True,spike
2025-03-26 22:00:00,27.3,1008.8,73.0,AWS-MUM-103,Kalyan,MUM,neighbor,False,
2025-03-26 23:00:00,27.0,1009.0,73.0,AWS-MUM-103,Kalyan,MUM,neighbor,False,
2025-03-27 00:00:00,26.5,1008.6,76.0,AWS-MUM-103,Kalyan,MUM,neighbor,False,
2025-03-27 01:00:00,26.1,1008.1,77.0,AWS-MUM-103,Kalyan,MUM,neighbor,False,
2025-03-27 02:00:00,25.4,1007.4,81.0,AWS-MUM-103,Kalyan,MUM,neighbor,False,
2025-03-27 03:00:00,24.6,1007.1,87.0,AWS-MUM-103,Kalyan,MUM,neighbor,False,
2025-03-27 04:00:00,24.1,1007.3,91.0,AWS-MUM-103,Kalyan,MUM,neighbor,False,
2025-03-27 05:00:00,23.6,1007.7,95.0,AWS-MUM-103,Kalyan,MUM,neighbor,False,
2025-03-27 06:00:00,24.5,1008.8,91.0,AWS-MUM-103,Kalyan,MUM,neighbor,False,
2025-03-27 07:00:00,25.0,1009.3,86.0,AWS-MUM-103,Kalyan,MUM,neighbor,False,
2025-03-27 08:00:00,27.2,1010.0,73.0,AWS-MUM-103,Kalyan,MUM,neighbor,False,
2025-03-27 09:00:00,29.0,1010.2,64.0,AWS-MUM-103,Kalyan,MUM,neighbor,True,frozen_value
2025-03-27 10:00:00,29.0,1010.1,54.0,AWS-MUM-103,Kalyan,MUM,neighbor,True,frozen_value
2025-03-27 11:00:00,29.0,1009.5,46.0,AWS-MUM-103,Kalyan,MUM,neighbor,True,frozen_value
2025-03-27 12:00:00,29.0,1008.5,40.0,AWS-MUM-103,Kalyan,MUM,neighbor,True,frozen_value
2025-03-27 13:00:00,29.0,1007.5,35.0,AWS-MUM-103,Kalyan,MUM,neighbor,True,frozen_value
2025-03-27 14:00:00,29.0,1006.6,34.0,AWS-MUM-103,Kalyan,MUM,neighbor,True,frozen_value
2025-03-27 15:00:00,29.0,1006.0,37.0,AWS-MUM-103,Kalyan,MUM,neighbor,True,frozen_value
2025-03-27 16:00:00,29.0,1005.6,39.0,AWS-MUM-103,Kalyan,MUM,neighbor,True,frozen_value
2025-03-27 17:00:00,31.8,1005.6,45.0,AWS-MUM-103,Kalyan,MUM,neighbor,False,
2025-03-27 18:00:00,29.4,1006.1,59.0,AWS-MUM-103,Kalyan,MUM,neighbor,False,
2025-03-27 19:00:00,27.7,1007.0,67.0,AWS-MUM-103,Kalyan,MUM,neighbor,False,
2025-03-27 20:00:00,27.1,1007.7,71.0,AWS-MUM-103,Kalyan,MUM,neighbor,False,
2025-03-27 21:00:00,26.6,1008.1,74.0,AWS-MUM-103,Kalyan,MUM,neighbor,False,
2025-03-27 22:00:00,26.2,1008.5,76.0,AWS-MUM-103,Kalyan,MUM,neighbor,False,
2025-03-27 23:00:00,25.8,1008.6,78.0,AWS-MUM-103,Kalyan,MUM,neighbor,False,
2025-03-28 00:00:00,25.3,1008.2,80.0,AWS-MUM-103,Kalyan,MUM,neighbor,False,
2025-03-28 01:00:00,24.8,1007.7,83.0,AWS-MUM-103,Kalyan,MUM,neighbor,False,
2025-03-28 02:00:00,24.2,1007.0,86.0,AWS-MUM-103,Kalyan,MUM,neighbor,False,
2025-03-28 03:00:00,23.6,1006.6,91.0,AWS-MUM-103,Kalyan,MUM,neighbor,False,
2025-03-28 04:00:00,23.3,1006.9,93.0,AWS-MUM-103,Kalyan,MUM,neighbor,False,
2025-03-28 05:00:00,23.2,1007.4,92.0,AWS-MUM-103,Kalyan,MUM,neighbor,False,
2025-03-28 06:00:00,23.5,1008.2,91.0,AWS-MUM-103,Kalyan,MUM,neighbor,False,
2025-03-28 07:00:00,24.0,1008.7,87.0,AWS-MUM-103,Kalyan,MUM,neighbor,False,
2025-03-28 08:00:00,26.1,1009.5,74.0,AWS-MUM-103,Kalyan,MUM,neighbor,False,
2025-03-28 09:00:00,28.6,1009.7,61.0,AWS-MUM-103,Kalyan,MUM,neighbor,False,
2025-03-28 10:00:00,31.4,1009.4,47.0,AWS-MUM-103,Kalyan,MUM,neighbor,False,
2025-03-28 11:00:00,34.1,1008.5,36.0,AWS-MUM-103,Kalyan,MUM,neighbor,False,
2025-03-28 12:00:00,36.7,1007.5,28.0,AWS-MUM-103,Kalyan,MUM,neighbor,False,
2025-03-28 13:00:00,38.5,1005.9,23.0,AWS-MUM-103,Kalyan,MUM,neighbor,False,
2025-03-28 14:00:00,38.9,1004.4,24.0,AWS-MUM-103,Kalyan,MUM,neighbor,False,
2025-03-28 15:00:00,38.1,1003.5,29.0,AWS-MUM-103,Kalyan,MUM,neighbor,False,
2025-03-28 16:00:00,37.5,1003.1,32.0,AWS-MUM-103,Kalyan,MUM,neighbor,False,
2025-03-28 17:00:00,35.8,1003.4,36.0,AWS-MUM-103,Kalyan,MUM,neighbor,False,
2025-03-28 18:00:00,33.9,1003.9,39.0,AWS-MUM-103,Kalyan,MUM,neighbor,False,
2025-03-28 19:00:00,32.4,1004.6,37.0,AWS-MUM-103,Kalyan,MUM,neighbor,False,
2025-03-28 20:00:00,31.8,1005.6,31.0,AWS-MUM-103,Kalyan,MUM,neighbor,False,
2025-03-28 21:00:00,31.3,1006.3,28.0,AWS-MUM-103,Kalyan,MUM,neighbor,False,
2025-03-28 22:00:00,30.5,1006.9,0.5362009016598582,AWS-MUM-103,Kalyan,MUM,neighbor,True,sensor_fail_low
2025-03-28 23:00:00,29.6,1007.0,0.4112592405419353,AWS-MUM-103,Kalyan,MUM,neighbor,True,sensor_fail_low
2025-03-29 00:00:00,28.7,1006.4,0.6147985048743932,AWS-MUM-103,Kalyan,MUM,neighbor,True,sensor_fail_low
2025-03-29 01:00:00,28.0,1005.7,0.4272782899042398,AWS-MUM-103,Kalyan,MUM,neighbor,True,sensor_fail_low
2025-03-29 02:00:00,27.6,1005.0,34.0,AWS-MUM-103,Kalyan,MUM,neighbor,False,
2025-03-29 03:00:00,27.0,1004.5,34.0,AWS-MUM-103,Kalyan,MUM,neighbor,False,
2025-03-29 04:00:00,26.3,1004.5,34.0,AWS-MUM-103,Kalyan,MUM,neighbor,False,
2025-03-29 05:00:00,25.5,1004.8,35.0,AWS-MUM-103,Kalyan,MUM,neighbor,False,
2025-03-29 06:00:00,-20.04569176804136,1005.4,47.0,AWS-MUM-103,Kalyan,MUM,neighbor,True,spike
2025-03-29 07:00:00,25.3,,45.0,AWS-MUM-103,Kalyan,MUM,neighbor,True,dropout
2025-03-29 08:00:00,27.8,1006.9,0.36270082113034063,AWS-MUM-103,Kalyan,MUM,neighbor,True,sensor_fail_low
2025-03-29 09:00:00,31.2,1007.4,0.5963394518814017,AWS-MUM-103,Kalyan,MUM,neighbor,True,sensor_fail_low
2025-03-29 10:00:00,34.5,1007.2,0.6742026510033872,AWS-MUM-103,Kalyan,MUM,neighbor,True,sensor_fail_low
2025-03-29 11:00:00,37.3,1006.6,0.4455358181590766,AWS-MUM-103,Kalyan,MUM,neighbor,True,sensor_fail_low
2025-03-29 12:00:00,39.4,1005.5,17.0,AWS-MUM-103,Kalyan,MUM,neighbor,False,
2025-03-29 13:00:00,40.9,1004.1,15.0,AWS-MUM-103,Kalyan,MUM,neighbor,False,
2025-03-29 14:00:00,41.5,1003.0,14.0,AWS-MUM-103,Kalyan,MUM,neighbor,False,
2025-03-29 15:00:00,40.9,1002.2,15.0,AWS-MUM-103,Kalyan,MUM,neighbor,False,
2025-03-29 16:00:00,39.4,1002.1,17.0,AWS-MUM-103,Kalyan,MUM,neighbor,False,
2025-03-29 17:00:00,37.7,1002.3,18.0,AWS-MUM-103,Kalyan,MUM,neighbor,False,
2025-03-29 18:00:00,34.8,1003.3,22.0,AWS-MUM-103,Kalyan,MUM,neighbor,False,
2025-03-29 19:00:00,33.7,1004.3,22.0,AWS-MUM-103,Kalyan,MUM,neighbor,False,
2025-03-29 20:00:00,33.1,1005.5,21.0,AWS-MUM-103,Kalyan,MUM,neighbor,False,
2025-03-29 21:00:00,32.4,1006.4,21.0,AWS-MUM-103,Kalyan,MUM,neighbor,False,
2025-03-29 22:00:00,31.9,1006.6,22.0,AWS-MUM-103,Kalyan,MUM,neighbor,False,
2025-03-29 23:00:00,30.8,1006.6,24.0,AWS-MUM-103,Kalyan,MUM,neighbor,False,
2025-03-30 00:00:00,29.9,1006.1,27.0,AWS-MUM-103,Kalyan,MUM,neighbor,False,
2025-03-30 01:00:00,29.4,1005.6,28.0,AWS-MUM-103,Kalyan,MUM,neighbor,False,
2025-03-30 02:00:00,28.3,1004.9,32.0,AWS-MUM-103,Kalyan,MUM,neighbor,False,
2025-03-30 03:00:00,27.0,1004.5,39.0,AWS-MUM-103,Kalyan,MUM,neighbor,False,
2025-03-30 04:00:00,26.7,1004.7,45.0,AWS-MUM-103,Kalyan,MUM,neighbor,False,
2025-03-30 05:00:00,25.8,1005.1,48.0,AWS-MUM-103,Kalyan,MUM,neighbor,False,
2025-03-30 06:00:00,26.1,1006.0,54.0,AWS-MUM-103,Kalyan,MUM,neighbor,False,
2025-03-30 07:00:00,26.5,1006.9,51.0,AWS-MUM-103,Kalyan,MUM,neighbor,False,
2025-03-30 08:00:00,28.4,1007.8,40.0,AWS-MUM-103,Kalyan,MUM,neighbor,False,
2025-03-30 09:00:00,29.6,1008.1,34.0,AWS-MUM-103,Kalyan,MUM,neighbor,False,
2025-03-30 10:00:00,32.3,1007.8,25.0,AWS-MUM-103,Kalyan,MUM,neighbor,False,
2025-03-30 11:00:00,36.2,1007.1,18.0,AWS-MUM-103,Kalyan,MUM,neighbor,False,
2025-03-30 12:00:00,39.4,1006.1,14.0,AWS-MUM-103,Kalyan,MUM,neighbor,False,
2025-03-30 13:00:00,41.4,1004.6,13.0,AWS-MUM-103,Kalyan,MUM,neighbor,False,
2025-03-30 14:00:00,42.7,1003.4,12.0,AWS-MUM-103,Kalyan,MUM,neighbor,False,
2025-03-30 15:00:00,41.9,1002.5,14.0,AWS-MUM-103,Kalyan,MUM,neighbor,False,
2025-03-30 16:00:00,39.0,1002.2,17.0,AWS-MUM-103,Kalyan,MUM,neighbor,False,
2025-03-30 17:00:00,38.1,1002.5,16.0,AWS-MUM-103,Kalyan,MUM,neighbor,False,
2025-03-30 18:00:00,36.6,1003.7,17.0,AWS-MUM-103,Kalyan,MUM,neighbor,False,
2025-03-30 19:00:00,35.3,1004.6,16.0,AWS-MUM-103,Kalyan,MUM,neighbor,False,
2025-03-30 20:00:00,34.8,1005.7,16.0,AWS-MUM-103,Kalyan,MUM,neighbor,False,
2025-03-30 21:00:00,33.9,1007.0,17.0,AWS-MUM-103,Kalyan,MUM,neighbor,False,
2025-03-30 22:00:00,32.8,1007.6,20.0,AWS-MUM-103,Kalyan,MUM,neighbor,False,
2025-03-30 23:00:00,31.8,1007.6,21.0,AWS-MUM-103,Kalyan,MUM,neighbor,False,
2025-03-31 00:00:00,31.4,1007.2,23.0,AWS-MUM-103,Kalyan,MUM,neighbor,False,
2025-03-31 01:00:00,30.5,1006.7,30.0,AWS-MUM-103,Kalyan,MUM,neighbor,False,
2025-03-31 02:00:00,29.5,1006.0,42.0,AWS-MUM-103,Kalyan,MUM,neighbor,False,
2025-03-31 03:00:00,28.9,1005.6,48.0,AWS-MUM-103,Kalyan,MUM,neighbor,False,
2025-03-31 04:00:00,27.4,1005.7,53.0,AWS-MUM-103,Kalyan,MUM,neighbor,False,
2025-03-31 05:00:00,27.1,1006.1,56.0,AWS-MUM-103,Kalyan,MUM,neighbor,False,
2025-03-31 06:00:00,27.3,1006.7,67.0,AWS-MUM-103,Kalyan,MUM,neighbor,False,
2025-03-31 07:00:00,27.5,1007.1,68.0,AWS-MUM-103,Kalyan,MUM,neighbor,False,
2025-03-31 08:00:00,29.1,1007.8,62.0,AWS-MUM-103,Kalyan,MUM,neighbor,False,
2025-03-31 09:00:00,31.9,1008.0,49.0,AWS-MUM-103,Kalyan,MUM,neighbor,False,
2025-03-31 10:00:00,35.0,1007.9,34.0,AWS-MUM-103,Kalyan,MUM,neighbor,False,
2025-03-31 11:00:00,37.6,1007.2,24.0,AWS-MUM-103,Kalyan,MUM,neighbor,False,
2025-03-31 12:00:00,40.0,1006.3,19.0,AWS-MUM-103,Kalyan,MUM,neighbor,False,
2025-03-31 13:00:00,41.7,1004.8,16.0,AWS-MUM-103,Kalyan,MUM,neighbor,False,
2025-03-31 14:00:00,42.2,1003.8,15.0,AWS-MUM-103,Kalyan,MUM,neighbor,False,
2025-03-31 15:00:00,42.3,1002.8,14.0,AWS-MUM-103,Kalyan,MUM,neighbor,False,
2025-03-31 16:00:00,41.1,1002.5,14.0,AWS-MUM-103,Kalyan,MUM,neighbor,False,
2025-03-31 17:00:00,38.6,1002.7,16.0,AWS-MUM-103,Kalyan,MUM,neighbor,False,
2025-03-31 18:00:00,37.0,1003.7,14.0,AWS-MUM-103,Kalyan,MUM,neighbor,False,
2025-03-31 19:00:00,35.7,1004.6,15.0,AWS-MUM-103,Kalyan,MUM,neighbor,False,
2025-03-31 20:00:00,35.0,1005.5,14.0,AWS-MUM-103,Kalyan,MUM,neighbor,False,
2025-03-31 21:00:00,34.1,1006.1,17.0,AWS-MUM-103,Kalyan,MUM,neighbor,False,
2025-03-31 22:00:00,33.6,1006.6,16.0,AWS-MUM-103,Kalyan,MUM,neighbor,False,
2025-03-31 23:00:00,32.5,1006.4,21.0,AWS-MUM-103,Kalyan,MUM,neighbor,False,
