timestamp,temperature_c,pressure_hpa,humidity_pct,station_id,station_name,cluster_id,role,is_anomaly,fault_type
2025-01-01 00:00:00,10.4,943.1,93.0,AWS-RAN-067,Ranchi,RAN,center,False,
2025-01-01 01:00:00,10.2,942.6,94.0,AWS-RAN-067,Ranchi,RAN,center,False,
2025-01-01 02:00:00,9.9,942.0,95.0,AWS-RAN-067,Ranchi,RAN,center,False,
2025-01-01 03:00:00,9.6,941.5,97.0,AWS-RAN-067,Ranchi,RAN,center,False,
2025-01-01 04:00:00,9.4,941.8,98.0,AWS-RAN-067,Ranchi,RAN,center,False,
2025-01-01 05:00:00,9.3,942.2,99.0,AWS-RAN-067,Ranchi,RAN,center,False,
2025-01-01 06:00:00,9.4,943.4,99.0,AWS-RAN-067,Ranchi,RAN,center,False,
2025-01-01 07:00:00,9.5,943.8,98.0,AWS-RAN-067,Ranchi,RAN,center,False,
2025-01-01 08:00:00,10.9,944.8,87.0,AWS-RAN-067,Ranchi,RAN,center,False,
2025-01-01 09:00:00,13.2,945.3,71.0,AWS-RAN-067,Ranchi,RAN,center,False,
2025-01-01 10:00:00,15.7,945.1,59.0,AWS-RAN-067,Ranchi,RAN,center,False,
2025-01-01 11:00:00,17.9,944.6,48.0,AWS-RAN-067,Ranchi,RAN,center,False,
2025-01-01 12:00:00,19.3,943.8,42.0,AWS-RAN-067,Ranchi,RAN,center,False,
2025-01-01 13:00:00,20.0,942.7,39.0,AWS-RAN-067,Ranchi,RAN,center,False,
2025-01-01 14:00:00,20.0,942.0,38.0,AWS-RAN-067,Ranchi,RAN,center,False,
2025-01-01 15:00:00,19.4,941.6,41.0,AWS-RAN-067,Ranchi,RAN,center,False,
2025-01-01 16:00:00,17.7,941.6,48.0,AWS-RAN-067,Ranchi,RAN,center,False,
2025-01-01 17:00:00,14.8,941.3,59.0,AWS-RAN-067,Ranchi,RAN,center,False,
2025-01-01 18:00:00,13.2,942.3,72.0,AWS-RAN-067,Ranchi,RAN,center,False,
2025-01-01 19:00:00,22.03256536568965,942.7713847396556,100.0,AWS-RAN-067,Ranchi,RAN,center,True,multivariate_inconsistency
2025-01-01 20:00:00,21.132565365689647,943.0117810410172,100.0,AWS-RAN-067,Ranchi,RAN,center,True,multivariate_inconsistency
2025-01-01 21:00:00,20.632565365689647,942.5155534002579,100.0,AWS-RAN-067,Ranchi,RAN,center,True,multivariate_inconsistency
2025-01-01 22:00:00,20.332565365689646,942.7518757408199,100.0,AWS-RAN-067,Ranchi,RAN,center,True,multivariate_inconsistency
2025-01-01 23:00:00,20.03256536568965,943.1096340442364,100.0,AWS-RAN-067,Ranchi,RAN,center,True,multivariate_inconsistency
2025-01-02 00:00:00,9.7,942.4,81.0,AWS-RAN-067,Ranchi,RAN,center,False,
2025-01-02 01:00:00,9.2,941.7,85.0,AWS-RAN-067,Ranchi,RAN,center,False,
2025-01-02 02:00:00,8.7,940.8,87.0,AWS-RAN-067,Ranchi,RAN,center,False,
2025-01-02 03:00:00,8.3,940.3,88.0,AWS-RAN-067,Ranchi,RAN,center,False,
2025-01-02 04:00:00,8.2,940.4,88.0,AWS-RAN-067,Ranchi,RAN,center,False,
2025-01-02 05:00:00,8.1,940.9,88.0,AWS-RAN-067,Ranchi,RAN,center,False,
2025-01-02 06:00:00,8.2,942.4,89.0,AWS-RAN-067,Ranchi,RAN,center,False,
2025-01-02 07:00:00,9.4,943.3,0.052791135303092644,AWS-RAN-067,Ranchi,RAN,center,True,sensor_fail_low
2025-01-02 08:00:00,11.7,944.1,0.022818255971335983,AWS-RAN-067,Ranchi,RAN,center,True,sensor_fail_low
2025-01-02 09:00:00,14.2,944.7,-0.05398026450446139,AWS-RAN-067,Ranchi,RAN,center,True,sensor_fail_low
2025-01-02 10:00:00,16.5,944.9,-0.012363195079317817,AWS-RAN-067,Ranchi,RAN,center,True,sensor_fail_low
2025-01-02 11:00:00,17.8,944.5,45.0,AWS-RAN-067,Ranchi,RAN,center,False,
2025-01-02 12:00:00,18.8,943.5,43.0,AWS-RAN-067,Ranchi,RAN,center,False,
2025-01-02 13:00:00,19.3,942.8,42.0,AWS-RAN-067,Ranchi,RAN,center,False,
2025-01-02 14:00:00,19.3,942.6,42.0,AWS-RAN-067,Ranchi,RAN,center,False,
2025-01-02 15:00:00,18.6,942.1,44.0,AWS-RAN-067,Ranchi,RAN,center,False,
2025-01-02 16:00:00,17.2,942.1,50.0,AWS-RAN-067,Ranchi,RAN,center,False,
2025-01-02 17:00:00,14.2,941.9,61.0,AWS-RAN-067,Ranchi,RAN,center,False,
2025-01-02 18:00:00,13.1,942.5,69.0,AWS-RAN-067,Ranchi,RAN,center,False,
2025-01-02 19:00:00,12.5,943.1,73.0,AWS-RAN-067,Ranchi,RAN,center,False,
2025-01-02 20:00:00,12.2,943.3,74.0,AWS-RAN-067,Ranchi,RAN,center,False,
2025-01-02 21:00:00,12.0,943.4,76.0,AWS-RAN-067,Ranchi,RAN,center,False,
2025-01-02 22:00:00,11.8,943.4,78.0,AWS-RAN-067,Ranchi,RAN,center,False,
2025-01-02 23:00:00,11.4,943.1,82.0,AWS-RAN-067,Ranchi,RAN,center,False,
2025-01-03 00:00:00,10.7,942.7,87.0,AWS-RAN-067,Ranchi,RAN,center,False,
2025-01-03 01:00:00,10.0,942.2,92.0,AWS-RAN-067,Ranchi,RAN,center,False,
2025-01-03 02:00:00,9.8,941.7,92.0,AWS-RAN-067,Ranchi,RAN,center,False,
2025-01-03 03:00:00,9.6,941.2,92.0,AWS-RAN-067,Ranchi,RAN,center,False,
2025-01-03 04:00:00,9.3,941.3,93.0,AWS-RAN-067,Ranchi,RAN,center,False,
2025-01-03 05:00:00,9.1,941.9,94.0,AWS-RAN-067,Ranchi,RAN,center,False,
2025-01-03 06:00:00,8.8,943.1,96.0,AWS-RAN-067,Ranchi,RAN,center,False,
2025-01-03 07:00:00,9.6,943.5,-0.029132693288959424,AWS-RAN-067,Ranchi,RAN,center,True,sensor_fail_low
2025-01-03 08:00:00,11.7,944.8,-0.003038466741130698,AWS-RAN-067,Ranchi,RAN,center,True,sensor_fail_low
2025-01-03 09:00:00,14.5,945.3,-0.01677007502878618,AWS-RAN-067,Ranchi,RAN,center,True,sensor_fail_low
2025-01-03 10:00:00,17.1,945.1,-0.05407243289160662,AWS-RAN-067,Ranchi,RAN,center,True,sensor_fail_low
2025-01-03 11:00:00,18.9,944.6,50.0,AWS-RAN-067,Ranchi,RAN,center,False,
2025-01-03 12:00:00,19.9,943.6,47.0,AWS-RAN-067,Ranchi,RAN,center,False,
2025-01-03 13:00:00,20.5,942.8,46.0,AWS-RAN-067,Ranchi,RAN,center,False,
2025-01-03 14:00:00,20.7,942.2,47.0,AWS-RAN-067,Ranchi,RAN,center,False,
2025-01-03 15:00:00,20.3,942.0,49.0,AWS-RAN-067,Ranchi,RAN,center,False,
2025-01-03 16:00:00,19.0,942.0,56.0,AWS-RAN-067,Ranchi,RAN,center,False,
2025-01-03 17:00:00,15.1,941.4,72.0,AWS-RAN-067,Ranchi,RAN,center,False,
2025-01-03 18:00:00,14.4,942.2,75.0,AWS-RAN-067,Ranchi,RAN,center,False,
2025-01-03 19:00:00,13.4,942.7,79.0,AWS-RAN-067,Ranchi,RAN,center,False,
2025-01-03 20:00:00,12.7,943.0,82.0,AWS-RAN-067,Ranchi,RAN,center,False,
2025-01-03 21:00:00,12.1,942.8,86.0,AWS-RAN-067,Ranchi,RAN,center,False,
2025-01-03 22:00:00,11.5,942.4,89.0,AWS-RAN-067,Ranchi,RAN,center,False,
2025-01-03 23:00:00,11.0,0.007123748356794038,90.0,AWS-RAN-067,Ranchi,RAN,center,True,sensor_fail_low
2025-01-04 00:00:00,10.8,0.01093922351951694,91.0,AWS-RAN-067,Ranchi,RAN,center,True,sensor_fail_low
2025-01-04 01:00:00,10.5,-0.06027680736793334,91.0,AWS-RAN-067,Ranchi,RAN,center,True,sensor_fail_low
2025-01-04 02:00:00,10.3,0.04997325733160071,93.0,AWS-RAN-067,Ranchi,RAN,center,True,sensor_fail_low
2025-01-04 03:00:00,10.1,940.0,93.0,AWS-RAN-067,Ranchi,RAN,center,False,
2025-01-04 04:00:00,10.0,940.1,94.0,AWS-RAN-067,Ranchi,RAN,center,False,
2025-01-04 05:00:00,10.0,940.4,94.0,AWS-RAN-067,Ranchi,RAN,center,False,
2025-01-04 06:00:00,9.6,941.4,95.0,AWS-RAN-067,Ranchi,RAN,center,False,
2025-01-04 07:00:00,10.6,942.3,94.0,AWS-RAN-067,Ranchi,RAN,center,False,
2025-01-04 08:00:00,12.9,943.9,88.0,AWS-RAN-067,Ranchi,RAN,center,False,
2025-01-04 09:00:00,15.6,944.8,74.0,AWS-RAN-067,Ranchi,RAN,center,False,
2025-01-04 10:00:00,17.6,944.7,61.0,AWS-RAN-067,Ranchi,RAN,center,False,
2025-01-04 11:00:00,19.1,944.1,51.0,AWS-RAN-067,Ranchi,RAN,center,False,
2025-01-04 12:00:00,20.1,943.2,46.0,AWS-RAN-067,Ranchi,RAN,center,False,
2025-01-04 13:00:00,20.8,942.0,43.0,AWS-RAN-067,Ranchi,RAN,center,False,
2025-01-04 14:00:00,21.0,941.3,42.0,AWS-RAN-067,Ranchi,RAN,center,False,
2025-01-04 15:00:00,20.7,940.9,44.0,AWS-RAN-067,Ranchi,RAN,center,False,
2025-01-04 16:00:00,19.3,940.8,52.0,AWS-RAN-067,Ranchi,RAN,center,False,
2025-01-04 17:00:00,15.7,940.4,64.0,AWS-RAN-067,Ranchi,RAN,center,False,
2025-01-04 18:00:00,15.4,941.2,66.0,AWS-RAN-067,Ranchi,RAN,center,False,
2025-01-04 19:00:00,14.6,942.0,73.0,AWS-RAN-067,Ranchi,RAN,center,False,
2025-01-04 20:00:00,13.9,942.5,83.0,AWS-RAN-067,Ranchi,RAN,center,False,
2025-01-04 21:00:00,12.9,942.7,90.0,AWS-RAN-067,Ranchi,RAN,center,False,
2025-01-04 22:00:00,12.1,942.5,93.0,AWS-RAN-067,Ranchi,RAN,center,False,
2025-01-04 23:00:00,11.4,942.0,94.0,AWS-RAN-067,Ranchi,RAN,center,False,
2025-01-05 00:00:00,10.8,941.4,94.0,AWS-RAN-067,Ranchi,RAN,center,False,
2025-01-05 01:00:00,10.4,940.7,94.0,AWS-RAN-067,Ranchi,RAN,center,False,
2025-01-05 02:00:00,10.3,940.3,94.0,AWS-RAN-067,Ranchi,RAN,center,False,
2025-01-05 03:00:00,10.4,940.2,93.0,AWS-RAN-067,Ranchi,RAN,center,False,
2025-01-05 04:00:00,10.3,940.2,93.0,AWS-RAN-067,Ranchi,RAN,center,False,
2025-01-05 05:00:00,10.3,940.6,92.0,AWS-RAN-067,Ranchi,RAN,center,False,
2025-01-05 06:00:00,9.9,941.4,94.0,AWS-RAN-067,Ranchi,RAN,center,False,
2025-01-05 07:00:00,12.1,942.6,91.0,AWS-RAN-067,Ranchi,RAN,center,False,
2025-01-05 08:00:00,15.2,944.4,81.0,AWS-RAN-067,Ranchi,RAN,center,False,
2025-01-05 09:00:00,18.0,945.5,67.0,AWS-RAN-067,Ranchi,RAN,center,False,
2025-01-05 10:00:00,19.8,945.4,57.0,AWS-RAN-067,Ranchi,RAN,center,False,
2025-01-05 11:00:00,21.0,944.8,51.0,AWS-RAN-067,Ranchi,RAN,center,False,
2025-01-05 12:00:00,21.7,943.6,50.0,AWS-RAN-067,Ranchi,RAN,center,False,
2025-01-05 13:00:00,,942.8,49.0,AWS-RAN-067,Ranchi,RAN,center,True,dropout
2025-01-05 14:00:00,22.3,942.1,50.0,AWS-RAN-067,Ranchi,RAN,center,False,
2025-01-05 15:00:00,21.9,941.7,53.0,AWS-RAN-067,Ranchi,RAN,center,False,
2025-01-05 16:00:00,20.6,941.5,59.0,AWS-RAN-067,Ranchi,RAN,center,False,
2025-01-05 17:00:00,17.3,941.5,74.0,AWS-RAN-067,Ranchi,RAN,center,False,
2025-01-05 18:00:00,16.3,942.2,73.0,AWS-RAN-067,Ranchi,RAN,center,False,
2025-01-05 19:00:00,15.3,942.4,78.0,AWS-RAN-067,Ranchi,RAN,center,False,
2025-01-05 20:00:00,14.7,942.7,82.0,AWS-RAN-067,Ranchi,RAN,center,False,
2025-01-05 21:00:00,14.0,942.9,86.0,AWS-RAN-067,Ranchi,RAN,center,False,
2025-01-05 22:00:00,13.8,942.5,87.0,AWS-RAN-067,Ranchi,RAN,center,False,
2025-01-05 23:00:00,-26.130881108047333,942.1,86.0,AWS-RAN-067,Ranchi,RAN,center,True,spike
2025-01-06 00:00:00,-8.475434136912815,941.6,86.0,AWS-RAN-067,Ranchi,RAN,center,True,spike
2025-01-06 01:00:00,1.0836890294391779,941.2,88.0,AWS-RAN-067,Ranchi,RAN,center,True,spike
2025-01-06 02:00:00,6.337581432299936,940.6,91.0,AWS-RAN-067,Ranchi,RAN,center,True,spike
2025-01-06 03:00:00,8.744955990641747,940.2,93.0,AWS-RAN-067,Ranchi,RAN,center,True,spike
2025-01-06 04:00:00,11.5,939.9,95.0,AWS-RAN-067,Ranchi,RAN,center,False,
2025-01-06 05:00:00,11.5,940.2,96.0,AWS-RAN-067,Ranchi,RAN,center,False,
2025-01-06 06:00:00,11.0,940.6,98.0,AWS-RAN-067,Ranchi,RAN,center,False,
2025-01-06 07:00:00,12.4,942.1,97.0,AWS-RAN-067,Ranchi,RAN,center,False,
2025-01-06 08:00:00,15.5,943.8,88.0,AWS-RAN-067,Ranchi,RAN,center,False,
2025-01-06 09:00:00,17.9,944.8,73.0,AWS-RAN-067,Ranchi,RAN,center,False,
2025-01-06 10:00:00,19.6,944.6,61.0,AWS-RAN-067,Ranchi,RAN,center,False,
2025-01-06 11:00:00,20.9,943.9,53.0,AWS-RAN-067,Ranchi,RAN,center,False,
2025-01-06 12:00:00,21.9,942.9,47.0,AWS-RAN-067,Ranchi,RAN,center,False,
2025-01-06 13:00:00,22.5,941.7,42.0,AWS-RAN-067,Ranchi,RAN,center,False,
2025-01-06 14:00:00,23.0,941.0,39.0,AWS-RAN-067,Ranchi,RAN,center,False,
2025-01-06 15:00:00,22.8,940.7,39.0,AWS-RAN-067,Ranchi,RAN,center,False,
2025-01-06 16:00:00,21.2,940.5,49.0,AWS-RAN-067,Ranchi,RAN,center,False,
2025-01-06 17:00:00,18.8,940.4,54.0,AWS-RAN-067,Ranchi,RAN,center,False,
2025-01-06 18:00:00,16.3,940.0,65.0,AWS-RAN-067,Ranchi,RAN,center,False,
2025-01-06 19:00:00,15.6,940.5,69.0,AWS-RAN-067,Ranchi,RAN,center,False,
2025-01-06 20:00:00,15.0,941.0,71.0,AWS-RAN-067,Ranchi,RAN,center,False,
2025-01-06 21:00:00,14.8,941.3,71.0,AWS-RAN-067,Ranchi,RAN,center,False,
2025-01-06 22:00:00,14.4,941.2,72.0,AWS-RAN-067,Ranchi,RAN,center,False,
2025-01-06 23:00:00,14.1,940.6,72.0,AWS-RAN-067,Ranchi,RAN,center,False,
2025-01-07 00:00:00,14.3,940.4,71.0,AWS-RAN-067,Ranchi,RAN,center,False,
2025-01-07 01:00:00,14.7,940.2,69.0,AWS-RAN-067,Ranchi,RAN,center,False,
2025-01-07 02:00:00,14.7,940.0,69.0,AWS-RAN-067,Ranchi,RAN,center,False,
2025-01-07 03:00:00,14.0,939.8,73.0,AWS-RAN-067,Ranchi,RAN,center,False,
2025-01-07 04:00:00,12.8,939.7,80.0,AWS-RAN-067,Ranchi,RAN,center,False,
2025-01-07 05:00:00,12.5,940.1,86.0,AWS-RAN-067,Ranchi,RAN,center,False,
2025-01-07 06:00:00,12.1,941.2,90.0,AWS-RAN-067,Ranchi,RAN,center,False,
2025-01-07 07:00:00,19.038706000411665,934.8240350733053,95.0,AWS-RAN-067,Ranchi,RAN,center,True,unstructured_anomaly
2025-01-07 08:00:00,9.809466818989062,952.2326076302821,95.0,AWS-RAN-067,Ranchi,RAN,center,True,unstructured_anomaly
2025-01-07 09:00:00,25.40945567088224,937.112769110169,84.76787973189607,AWS-RAN-067,Ranchi,RAN,center,True,unstructured_anomaly
2025-01-07 10:00:00,27.432505736587977,935.1356706742026,76.98655344576005,AWS-RAN-067,Ranchi,RAN,center,True,unstructured_anomaly
2025-01-07 11:00:00,15.696847602032909,949.6648008596269,32.4971522421868,AWS-RAN-067,Ranchi,RAN,center,True,unstructured_anomaly
2025-01-07 12:00:00,15.40921418096136,949.2119561164828,33.04810662809629,AWS-RAN-067,Ranchi,RAN,center,True,unstructured_anomaly
2025-01-07 13:00:00,28.18307998616633,932.6549065760909,64.72187127258906,AWS-RAN-067,Ranchi,RAN,center,True,unstructured_anomaly
2025-01-07 14:00:00,21.1,940.4,48.0,AWS-RAN-067,Ranchi,RAN,center,False,
2025-01-07 15:00:00,20.4,939.9,49.0,AWS-RAN-067,Ranchi,RAN,center,False,
2025-01-07 16:00:00,18.8,939.9,55.0,AWS-RAN-067,Ranchi,RAN,center,False,
2025-01-07 17:00:00,16.4,939.7,67.0,AWS-RAN-067,Ranchi,RAN,center,False,
2025-01-07 18:00:00,14.7,940.1,79.0,AWS-RAN-067,Ranchi,RAN,center,False,
2025-01-07 19:00:00,13.9,940.8,83.0,AWS-RAN-067,Ranchi,RAN,center,False,
2025-01-07 20:00:00,12.8,941.2,90.0,AWS-RAN-067,Ranchi,RAN,center,False,
2025-01-07 21:00:00,12.2,941.6,90.0,AWS-RAN-067,Ranchi,RAN,center,False,
2025-01-07 22:00:00,11.8,941.6,90.0,AWS-RAN-067,Ranchi,RAN,center,False,
2025-01-07 23:00:00,11.0,941.1,95.0,AWS-RAN-067,Ranchi,RAN,center,False,
2025-01-08 00:00:00,10.4,940.6,98.0,AWS-RAN-067,Ranchi,RAN,center,False,
2025-01-08 01:00:00,10.3,940.2,99.0,AWS-RAN-067,Ranchi,RAN,center,False,
2025-01-08 02:00:00,10.1,939.6,98.0,AWS-RAN-067,Ranchi,RAN,center,False,
2025-01-08 03:00:00,9.8,939.3,95.0,AWS-RAN-067,Ranchi,RAN,center,False,
2025-01-08 04:00:00,9.0,939.3,95.0,AWS-RAN-067,Ranchi,RAN,center,False,
2025-01-08 05:00:00,8.7,939.8,94.0,AWS-RAN-067,Ranchi,RAN,center,False,
2025-01-08 06:00:00,9.3,941.2,95.0,AWS-RAN-067,Ranchi,RAN,center,False,
2025-01-08 07:00:00,9.8,942.3,87.0,AWS-RAN-067,Ranchi,RAN,center,False,
2025-01-08 08:00:00,11.3,943.3,76.0,AWS-RAN-067,Ranchi,RAN,center,False,
2025-01-08 09:00:00,13.6,943.9,63.0,AWS-RAN-067,Ranchi,RAN,center,False,
2025-01-08 10:00:00,15.9,943.9,51.0,AWS-RAN-067,Ranchi,RAN,center,False,
2025-01-08 11:00:00,17.9,943.5,44.0,AWS-RAN-067,Ranchi,RAN,center,False,
2025-01-08 12:00:00,19.3,942.8,38.0,AWS-RAN-067,Ranchi,RAN,center,False,
2025-01-08 13:00:00,20.0,942.0,35.0,AWS-RAN-067,Ranchi,RAN,center,False,
2025-01-08 14:00:00,20.2,941.5,33.0,AWS-RAN-067,Ranchi,RAN,center,False,
2025-01-08 15:00:00,19.6,941.2,34.0,AWS-RAN-067,Ranchi,RAN,center,False,
2025-01-08 16:00:00,18.2,941.1,38.0,AWS-RAN-067,Ranchi,RAN,center,False,
2025-01-08 17:00:00,14.9,940.8,49.0,AWS-RAN-067,Ranchi,RAN,center,False,
2025-01-08 18:00:00,13.9,941.8,62.0,AWS-RAN-067,Ranchi,RAN,center,False,
2025-01-08 19:00:00,13.0,942.4,65.0,AWS-RAN-067,Ranchi,RAN,center,False,
2025-01-08 20:00:00,12.2,942.8,66.0,AWS-RAN-067,Ranchi,RAN,center,False,
2025-01-08 21:00:00,11.3,943.0,68.0,AWS-RAN-067,Ranchi,RAN,center,False,
2025-01-08 22:00:00,10.0,943.0,75.0,AWS-RAN-067,Ranchi,RAN,center,False,
2025-01-08 23:00:00,10.1,942.7,74.0,AWS-RAN-067,Ranchi,RAN,center,False,
2025-01-09 00:00:00,9.6,942.2,77.0,AWS-RAN-067,Ranchi,RAN,center,False,
2025-01-09 01:00:00,9.3,941.7,79.0,AWS-RAN-067,Ranchi,RAN,center,False,
2025-01-09 02:00:00,8.9,941.4,81.0,AWS-RAN-067,Ranchi,RAN,center,False,
2025-01-09 03:00:00,8.2,941.1,84.0,AWS-RAN-067,Ranchi,RAN,center,False,
2025-01-09 04:00:00,7.7,941.2,87.0,AWS-RAN-067,Ranchi,RAN,center,False,
2025-01-09 05:00:00,7.3,941.6,88.0,AWS-RAN-067,Ranchi,RAN,center,False,
2025-01-09 06:00:00,7.0,942.6,93.0,AWS-RAN-067,Ranchi,RAN,center,False,
2025-01-09 07:00:00,8.9,944.2,88.0,AWS-RAN-067,Ranchi,RAN,center,False,
2025-01-09 08:00:00,12.0,945.8,76.0,AWS-RAN-067,Ranchi,RAN,center,False,
2025-01-09 09:00:00,14.6,946.5,63.0,AWS-RAN-067,Ranchi,RAN,center,False,
2025-01-09 10:00:00,16.6,946.3,57.0,AWS-RAN-067,Ranchi,RAN,center,False,
2025-01-09 11:00:00,18.1,945.5,50.0,AWS-RAN-067,Ranchi,RAN,center,False,
2025-01-09 12:00:00,19.5,944.5,43.0,AWS-RAN-067,Ranchi,RAN,center,False,
2025-01-09 13:00:00,20.6,943.7,38.0,AWS-RAN-067,Ranchi,RAN,center,False,
2025-01-09 14:00:00,21.1,943.2,35.0,AWS-RAN-067,Ranchi,RAN,center,False,
2025-01-09 15:00:00,20.8,942.8,35.0,AWS-RAN-067,Ranchi,RAN,center,False,
2025-01-09 16:00:00,19.2,942.8,41.0,AWS-RAN-067,Ranchi,RAN,center,False,
2025-01-09 17:00:00,15.7,942.5,52.0,AWS-RAN-067,Ranchi,RAN,center,False,
2025-01-09 18:00:00,14.9,942.9,56.0,AWS-RAN-067,Ranchi,RAN,center,False,
2025-01-09 19:00:00,13.7,943.7,60.0,AWS-RAN-067,Ranchi,RAN,center,False,
2025-01-09 20:00:00,12.5,944.6,67.0,AWS-RAN-067,Ranchi,RAN,center,False,
2025-01-09 21:00:00,11.3,945.2,75.0,AWS-RAN-067,Ranchi,RAN,center,False,
2025-01-09 22:00:00,10.7,945.2,80.0,AWS-RAN-067,Ranchi,RAN,center,False,
2025-01-09 23:00:00,10.4,944.9,83.0,AWS-RAN-067,Ranchi,RAN,center,False,
2025-01-10 00:00:00,10.2,944.5,85.0,AWS-RAN-067,Ranchi,RAN,center,False,
2025-01-10 01:00:00,9.8,944.0,87.0,AWS-RAN-067,Ranchi,RAN,center,False,
2025-01-10 02:00:00,9.3,943.8,89.0,AWS-RAN-067,Ranchi,RAN,center,False,
2025-01-10 03:00:00,9.1,943.5,90.0,AWS-RAN-067,Ranchi,RAN,center,False,
2025-01-10 04:00:00,8.9,943.6,90.0,AWS-RAN-067,Ranchi,RAN,center,False,
2025-01-10 05:00:00,8.6,943.9,91.0,AWS-RAN-067,Ranchi,RAN,center,False,
2025-01-10 06:00:00,40.557331495545,944.5,91.0,AWS-RAN-067,Ranchi,RAN,center,True,spike
2025-01-10 07:00:00,51.9345309442085,945.6,-0.07632646383987689,AWS-RAN-067,Ranchi,RAN,center,True,sensor_fail_low
2025-01-10 08:00:00,60.0,947.1,-0.11681450836579908,AWS-RAN-067,Ranchi,RAN,center,True,sensor_fail_low
2025-01-10 09:00:00,60.0,948.1,-0.06952199384441857,AWS-RAN-067,Ranchi,RAN,center,True,sensor_fail_low
2025-01-10 10:00:00,60.0,948.1,-0.05105692899458342,AWS-RAN-067,Ranchi,RAN,center,True,sensor_fail_low
2025-01-10 11:00:00,19.3,947.4,42.0,AWS-RAN-067,Ranchi,RAN,center,False,
2025-01-10 12:00:00,20.6,946.3,36.0,AWS-RAN-067,Ranchi,RAN,center,False,
2025-01-10 13:00:00,21.4,945.6,31.0,AWS-RAN-067,Ranchi,RAN,center,False,
2025-01-10 14:00:00,21.7,945.2,28.0,AWS-RAN-067,Ranchi,RAN,center,False,
2025-01-10 15:00:00,21.2,944.9,31.0,AWS-RAN-067,Ranchi,RAN,center,False,
2025-01-10 16:00:00,19.6,944.7,40.0,AWS-RAN-067,Ranchi,RAN,center,False,
2025-01-10 17:00:00,15.3,943.9,56.0,AWS-RAN-067,Ranchi,RAN,center,False,
2025-01-10 18:00:00,14.8,943.9,60.0,AWS-RAN-067,Ranchi,RAN,center,False,
2025-01-10 19:00:00,14.0,944.3,64.0,AWS-RAN-067,Ranchi,RAN,center,False,
2025-01-10 20:00:00,12.7,944.7,71.0,AWS-RAN-067,Ranchi,RAN,center,False,
2025-01-10 21:00:00,11.9,945.0,75.0,AWS-RAN-067,Ranchi,RAN,center,False,
2025-01-10 22:00:00,11.2,945.0,79.0,AWS-RAN-067,Ranchi,RAN,center,False,
2025-01-10 23:00:00,10.8,944.5,80.0,AWS-RAN-067,Ranchi,RAN,center,False,
2025-01-11 00:00:00,10.4,943.8,81.0,AWS-RAN-067,Ranchi,RAN,center,False,
2025-01-11 01:00:00,9.9,943.5,83.0,AWS-RAN-067,Ranchi,RAN,center,False,
2025-01-11 02:00:00,9.3,943.1,86.0,AWS-RAN-067,Ranchi,RAN,center,False,
2025-01-11 03:00:00,9.0,942.8,86.0,AWS-RAN-067,Ranchi,RAN,center,False,
2025-01-11 04:00:00,,942.7,85.0,AWS-RAN-067,Ranchi,RAN,center,True,dropout
2025-01-11 05:00:00,8.9,943.5,84.0,AWS-RAN-067,Ranchi,RAN,center,False,
2025-01-11 06:00:00,9.2,944.5,83.0,AWS-RAN-067,Ranchi,RAN,center,False,
2025-01-11 07:00:00,10.9,945.8,81.0,AWS-RAN-067,Ranchi,RAN,center,False,
2025-01-11 08:00:00,14.5,947.5,66.0,AWS-RAN-067,Ranchi,RAN,center,False,
2025-01-11 09:00:00,17.2,948.7,57.0,AWS-RAN-067,Ranchi,RAN,center,False,
2025-01-11 10:00:00,19.1,948.4,50.0,AWS-RAN-067,Ranchi,RAN,center,False,
2025-01-11 11:00:00,20.6,947.5,45.0,AWS-RAN-067,Ranchi,RAN,center,False,
2025-01-11 12:00:00,21.7,946.4,39.0,AWS-RAN-067,Ranchi,RAN,center,False,
2025-01-11 13:00:00,22.4,945.4,35.0,AWS-RAN-067,Ranchi,RAN,center,False,
2025-01-11 14:00:00,22.8,944.7,32.0,AWS-RAN-067,Ranchi,RAN,center,False,
2025-01-11 15:00:00,22.7,944.2,32.0,AWS-RAN-067,Ranchi,RAN,center,False,
2025-01-11 16:00:00,21.5,943.9,40.0,AWS-RAN-067,Ranchi,RAN,center,False,
2025-01-11 17:00:00,17.1,943.1,54.0,AWS-RAN-067,Ranchi,RAN,center,False,
2025-01-11 18:00:00,15.6,943.2,61.0,AWS-RAN-067,Ranchi,RAN,center,False,
2025-01-11 19:00:00,14.4,943.5,63.0,AWS-RAN-067,Ranchi,RAN,center,False,
2025-01-11 20:00:00,14.4,944.2,59.0,AWS-RAN-067,Ranchi,RAN,center,False,
2025-01-11 21:00:00,14.3,944.6,58.0,AWS-RAN-067,Ranchi,RAN,center,False,
2025-01-11 22:00:00,13.5,944.6,61.0,AWS-RAN-067,Ranchi,RAN,center,False,
2025-01-11 23:00:00,12.7,944.3,64.0,AWS-RAN-067,Ranchi,RAN,center,False,
2025-01-12 00:00:00,12.2,943.9,64.0,AWS-RAN-067,Ranchi,RAN,center,False,
2025-01-12 01:00:00,12.1,943.8,63.0,AWS-RAN-067,Ranchi,RAN,center,False,
2025-01-12 02:00:00,12.0,943.4,63.0,AWS-RAN-067,Ranchi,RAN,center,False,
2025-01-12 03:00:00,11.6,942.9,66.0,AWS-RAN-067,Ranchi,RAN,center,False,
2025-01-12 04:00:00,11.3,942.8,72.0,AWS-RAN-067,Ranchi,RAN,center,False,
2025-01-12 05:00:00,10.8,943.1,76.0,AWS-RAN-067,Ranchi,RAN,center,False,
2025-01-12 06:00:00,10.2,943.6,79.0,AWS-RAN-067,Ranchi,RAN,center,False,
2025-01-12 07:00:00,12.4,945.0,71.0,AWS-RAN-067,Ranchi,RAN,center,False,
2025-01-12 08:00:00,15.9,946.6,57.0,AWS-RAN-067,Ranchi,RAN,center,False,
2025-01-12 09:00:00,18.6,947.5,48.0,AWS-RAN-067,Ranchi,RAN,center,False,
2025-01-12 10:00:00,20.4,947.1,45.0,AWS-RAN-067,Ranchi,RAN,center,False,
2025-01-12 11:00:00,21.7,946.3,42.0,AWS-RAN-067,Ranchi,RAN,center,False,
2025-01-12 12:00:00,22.7,945.0,38.0,AWS-RAN-067,Ranchi,RAN,center,False,
2025-01-12 13:00:00,23.3,944.0,35.0,AWS-RAN-067,Ranchi,RAN,center,False,
2025-01-12 14:00:00,23.6,943.1,34.0,AWS-RAN-067,Ranchi,RAN,center,False,
2025-01-12 15:00:00,23.5,942.7,34.0,AWS-RAN-067,Ranchi,RAN,center,False,
2025-01-12 16:00:00,22.6,942.5,50.0,AWS-RAN-067,Ranchi,RAN,center,False,
2025-01-12 17:00:00,19.5,942.3,49.0,AWS-RAN-067,Ranchi,RAN,center,False,
2025-01-12 18:00:00,17.7,943.0,55.0,AWS-RAN-067,Ranchi,RAN,center,False,
2025-01-12 19:00:00,16.3,943.2,61.0,AWS-RAN-067,Ranchi,RAN,center,False,
2025-01-12 20:00:00,15.8,943.6,61.0,AWS-RAN-067,Ranchi,RAN,center,False,
2025-01-12 21:00:00,16.1,943.9,58.0,AWS-RAN-067,Ranchi,RAN,center,False,
2025-01-12 22:00:00,14.6,943.5,64.0,AWS-RAN-067,Ranchi,RAN,center,False,
2025-01-12 23:00:00,13.9,943.1,67.0,AWS-RAN-067,Ranchi,RAN,center,False,
2025-01-13 00:00:00,13.7,942.9,74.0,AWS-RAN-067,Ranchi,RAN,center,False,
2025-01-13 01:00:00,13.7,942.6,78.0,AWS-RAN-067,Ranchi,RAN,center,False,
2025-01-13 02:00:00,13.4,942.0,81.0,AWS-RAN-067,Ranchi,RAN,center,False,
2025-01-13 03:00:00,13.0,941.7,85.0,AWS-RAN-067,Ranchi,RAN,center,False,
2025-01-13 04:00:00,12.5,941.6,89.0,AWS-RAN-067,Ranchi,RAN,center,False,
2025-01-13 05:00:00,12.6,942.1,90.0,AWS-RAN-067,Ranchi,RAN,center,False,
2025-01-13 06:00:00,13.1,942.9,89.0,AWS-RAN-067,Ranchi,RAN,center,False,
2025-01-13 07:00:00,14.2,943.8,86.0,AWS-RAN-067,Ranchi,RAN,center,False,
2025-01-13 08:00:00,17.2,945.1,74.0,AWS-RAN-067,Ranchi,RAN,center,False,
2025-01-13 09:00:00,19.5,945.8,57.0,AWS-RAN-067,Ranchi,RAN,center,False,
2025-01-13 10:00:00,20.7,945.5,53.0,AWS-RAN-067,Ranchi,RAN,center,False,
2025-01-13 11:00:00,21.8,944.7,49.0,AWS-RAN-067,Ranchi,RAN,center,False,
2025-01-13 12:00:00,22.6,943.7,47.0,AWS-RAN-067,Ranchi,RAN,center,False,
2025-01-13 13:00:00,23.3,942.5,44.0,AWS-RAN-067,Ranchi,RAN,center,False,
2025-01-13 14:00:00,23.7,941.7,41.0,AWS-RAN-067,Ranchi,RAN,center,False,
2025-01-13 15:00:00,23.4,941.4,41.0,AWS-RAN-067,Ranchi,RAN,center,False,
2025-01-13 16:00:00,21.8,941.5,48.0,AWS-RAN-067,Ranchi,RAN,center,False,
2025-01-13 17:00:00,19.3,941.9,60.0,AWS-RAN-067,Ranchi,RAN,center,False,
2025-01-13 18:00:00,17.6,942.2,67.0,AWS-RAN-067,Ranchi,RAN,center,False,
2025-01-13 19:00:00,16.3,942.9,73.0,AWS-RAN-067,Ranchi,RAN,center,False,
2025-01-13 20:00:00,15.5,943.4,78.0,AWS-RAN-067,Ranchi,RAN,center,False,
2025-01-13 21:00:00,14.7,943.6,84.0,AWS-RAN-067,Ranchi,RAN,center,False,
2025-01-13 22:00:00,13.8,943.7,90.0,AWS-RAN-067,Ranchi,RAN,center,False,
2025-01-13 23:00:00,13.3,943.5,92.0,AWS-RAN-067,Ranchi,RAN,center,False,
2025-01-14 00:00:00,13.3,943.3,93.0,AWS-RAN-067,Ranchi,RAN,center,False,
2025-01-14 01:00:00,13.3,943.1,94.0,AWS-RAN-067,Ranchi,RAN,center,False,
2025-01-14 02:00:00,13.0,942.8,94.0,AWS-RAN-067,Ranchi,RAN,center,False,
2025-01-14 03:00:00,12.7,942.7,95.0,AWS-RAN-067,Ranchi,RAN,center,False,
2025-01-14 04:00:00,12.4,942.8,96.0,AWS-RAN-067,Ranchi,RAN,center,False,
2025-01-14 05:00:00,12.2,943.3,97.0,AWS-RAN-067,Ranchi,RAN,center,False,
2025-01-14 06:00:00,11.7,944.1,99.0,AWS-RAN-067,Ranchi,RAN,center,False,
2025-01-14 07:00:00,12.3,945.2,100.0,AWS-RAN-067,Ranchi,RAN,center,True,drift
2025-01-14 08:00:00,13.5,946.5,100.0,AWS-RAN-067,Ranchi,RAN,center,True,drift
2025-01-14 09:00:00,16.8,947.9,89.20623875500628,AWS-RAN-067,Ranchi,RAN,center,True,drift
2025-01-14 10:00:00,19.2,948.1,77.66123682617075,AWS-RAN-067,Ranchi,RAN,center,True,drift
2025-01-14 11:00:00,20.8,947.3,71.1162348973352,AWS-RAN-067,Ranchi,RAN,center,True,drift
2025-01-14 12:00:00,22.0,946.1,63.57123296849966,AWS-RAN-067,Ranchi,RAN,center,True,drift
2025-01-14 13:00:00,22.6,944.9,58.02623103966411,AWS-RAN-067,Ranchi,RAN,center,True,drift
2025-01-14 14:00:00,22.7,944.3,56.481229110828565,AWS-RAN-067,Ranchi,RAN,center,True,drift
2025-01-14 15:00:00,22.2,944.2,57.93622718199302,AWS-RAN-067,Ranchi,RAN,center,True,drift
2025-01-14 16:00:00,20.8,944.3,62.39122525315747,AWS-RAN-067,Ranchi,RAN,center,True,drift
2025-01-14 17:00:00,18.2,944.4,70.84622332432193,AWS-RAN-067,Ranchi,RAN,center,True,drift
2025-01-14 18:00:00,16.7,944.9,78.30122139548638,AWS-RAN-067,Ranchi,RAN,center,True,drift
2025-01-14 19:00:00,15.0,945.4,84.75621946665083,AWS-RAN-067,Ranchi,RAN,center,True,drift
2025-01-14 20:00:00,14.4,945.9,87.2112175378153,AWS-RAN-067,Ranchi,RAN,center,True,drift
2025-01-14 21:00:00,13.9,946.4,91.66621560897975,AWS-RAN-067,Ranchi,RAN,center,True,drift
2025-01-14 22:00:00,13.0,945.9,99.12121368014421,AWS-RAN-067,Ranchi,RAN,center,True,drift
2025-01-14 23:00:00,12.0,945.7,100.0,AWS-RAN-067,Ranchi,RAN,center,True,drift
2025-01-15 00:00:00,11.7,945.4,100.0,AWS-RAN-067,Ranchi,RAN,center,True,drift
2025-01-15 01:00:00,11.5,944.8,100.0,AWS-RAN-067,Ranchi,RAN,center,True,drift
2025-01-15 02:00:00,11.6,944.2,100.0,AWS-RAN-067,Ranchi,RAN,center,True,drift
2025-01-15 03:00:00,11.7,944.0,100.0,AWS-RAN-067,Ranchi,RAN,center,True,drift
2025-01-15 04:00:00,11.5,944.2,100.0,AWS-RAN-067,Ranchi,RAN,center,True,drift
2025-01-15 05:00:00,11.2,944.9,100.0,AWS-RAN-067,Ranchi,RAN,center,True,drift
2025-01-15 06:00:00,10.5,945.7,100.0,AWS-RAN-067,Ranchi,RAN,center,True,drift
2025-01-15 07:00:00,12.5,946.7,100.0,AWS-RAN-067,Ranchi,RAN,center,True,drift
2025-01-15 08:00:00,15.8,948.2,72.0,AWS-RAN-067,Ranchi,RAN,center,False,
2025-01-15 09:00:00,18.0,949.0,63.0,AWS-RAN-067,Ranchi,RAN,center,False,
2025-01-15 10:00:00,19.7,948.9,55.0,AWS-RAN-067,Ranchi,RAN,center,False,
2025-01-15 11:00:00,20.8,947.8,48.0,AWS-RAN-067,Ranchi,RAN,center,False,
2025-01-15 12:00:00,21.5,946.4,45.0,AWS-RAN-067,Ranchi,RAN,center,False,
2025-01-15 13:00:00,22.0,945.3,43.0,AWS-RAN-067,Ranchi,RAN,center,False,
2025-01-15 14:00:00,22.1,944.7,40.0,AWS-RAN-067,Ranchi,RAN,center,False,
2025-01-15 15:00:00,21.7,944.4,39.0,AWS-RAN-067,Ranchi,RAN,center,False,
2025-01-15 16:00:00,20.5,944.3,42.0,AWS-RAN-067,Ranchi,RAN,center,False,
2025-01-15 17:00:00,17.6,943.9,52.0,AWS-RAN-067,Ranchi,RAN,center,False,
2025-01-15 18:00:00,16.7,945.0,57.0,AWS-RAN-067,Ranchi,RAN,center,False,
2025-01-15 19:00:00,15.7,945.2,60.0,AWS-RAN-067,Ranchi,RAN,center,False,
2025-01-15 20:00:00,14.4,945.5,67.0,AWS-RAN-067,Ranchi,RAN,center,False,
2025-01-15 21:00:00,13.1,945.2,75.0,AWS-RAN-067,Ranchi,RAN,center,False,
2025-01-15 22:00:00,11.7,945.0,83.0,AWS-RAN-067,Ranchi,RAN,center,False,
2025-01-15 23:00:00,10.9,944.4,86.0,AWS-RAN-067,Ranchi,RAN,center,False,
2025-01-16 00:00:00,10.7,944.0,86.0,AWS-RAN-067,Ranchi,RAN,center,False,
2025-01-16 01:00:00,10.5,943.5,85.0,AWS-RAN-067,Ranchi,RAN,center,False,
2025-01-16 02:00:00,10.3,942.8,85.0,AWS-RAN-067,Ranchi,RAN,center,False,
2025-01-16 03:00:00,10.4,942.3,83.0,AWS-RAN-067,Ranchi,RAN,center,False,
2025-01-16 04:00:00,10.4,942.3,83.0,AWS-RAN-067,Ranchi,RAN,center,False,
2025-01-16 05:00:00,9.9,942.6,85.0,AWS-RAN-067,Ranchi,RAN,center,False,
2025-01-16 06:00:00,9.9,944.0,90.0,AWS-RAN-067,Ranchi,RAN,center,False,
2025-01-16 07:00:00,11.6,945.1,83.0,AWS-RAN-067,Ranchi,RAN,center,False,
2025-01-16 08:00:00,14.7,946.5,70.0,AWS-RAN-067,Ranchi,RAN,center,False,
2025-01-16 09:00:00,17.0,947.7,57.0,AWS-RAN-067,Ranchi,RAN,center,False,
2025-01-16 10:00:00,18.5,947.5,52.0,AWS-RAN-067,Ranchi,RAN,center,False,
2025-01-16 11:00:00,19.7,946.7,48.0,AWS-RAN-067,Ranchi,RAN,center,False,
2025-01-16 12:00:00,20.7,945.6,44.0,AWS-RAN-067,Ranchi,RAN,center,False,
2025-01-16 13:00:00,21.4,944.7,38.0,AWS-RAN-067,Ranchi,RAN,center,False,
2025-01-16 14:00:00,21.8,944.2,34.0,AWS-RAN-067,Ranchi,RAN,center,False,
2025-01-16 15:00:00,21.5,943.9,33.0,AWS-RAN-067,Ranchi,RAN,center,False,
2025-01-16 16:00:00,20.2,944.1,36.0,AWS-RAN-067,Ranchi,RAN,center,False,
2025-01-16 17:00:00,17.2,943.9,43.0,AWS-RAN-067,Ranchi,RAN,center,False,
2025-01-16 18:00:00,16.3,944.3,53.0,AWS-RAN-067,Ranchi,RAN,center,False,
2025-01-16 19:00:00,15.1,945.0,58.0,AWS-RAN-067,Ranchi,RAN,center,False,
2025-01-16 20:00:00,14.0,945.4,64.0,AWS-RAN-067,Ranchi,RAN,center,False,
2025-01-16 21:00:00,12.8,945.2,71.0,AWS-RAN-067,Ranchi,RAN,center,False,
2025-01-16 22:00:00,11.2,944.8,79.0,AWS-RAN-067,Ranchi,RAN,center,False,
2025-01-16 23:00:00,11.3,944.8,79.0,AWS-RAN-067,Ranchi,RAN,center,False,
2025-01-17 00:00:00,11.3,944.5,77.0,AWS-RAN-067,Ranchi,RAN,center,False,
2025-01-17 01:00:00,10.9,944.1,76.0,AWS-RAN-067,Ranchi,RAN,center,False,
2025-01-17 02:00:00,10.8,943.7,73.0,AWS-RAN-067,Ranchi,RAN,center,False,
2025-01-17 03:00:00,10.1,942.9,73.0,AWS-RAN-067,Ranchi,RAN,center,False,
2025-01-17 04:00:00,9.8,942.6,70.0,AWS-RAN-067,Ranchi,RAN,center,False,
2025-01-17 05:00:00,10.3,943.2,64.0,AWS-RAN-067,Ranchi,RAN,center,False,
2025-01-17 06:00:00,9.5,943.7,79.0,AWS-RAN-067,Ranchi,RAN,center,False,
2025-01-17 07:00:00,11.4,944.5,69.0,AWS-RAN-067,Ranchi,RAN,center,False,
2025-01-17 08:00:00,14.2,945.5,59.0,AWS-RAN-067,Ranchi,RAN,center,False,
2025-01-17 09:00:00,16.5,946.3,46.0,AWS-RAN-067,Ranchi,RAN,center,False,
2025-01-17 10:00:00,18.0,946.3,38.0,AWS-RAN-067,Ranchi,RAN,center,False,
2025-01-17 11:00:00,19.1,945.7,33.0,AWS-RAN-067,Ranchi,RAN,center,False,
2025-01-17 12:00:00,18.9,944.8,34.0,AWS-RAN-067,Ranchi,RAN,center,False,
2025-01-17 13:00:00,19.9,943.8,34.0,AWS-RAN-067,Ranchi,RAN,center,False,
2025-01-17 14:00:00,20.4,943.1,35.0,AWS-RAN-067,Ranchi,RAN,center,False,
2025-01-17 15:00:00,20.2,943.0,36.0,AWS-RAN-067,Ranchi,RAN,center,False,
2025-01-17 16:00:00,19.1,943.1,40.0,AWS-RAN-067,Ranchi,RAN,center,False,
2025-01-17 17:00:00,16.0,942.6,52.0,AWS-RAN-067,Ranchi,RAN,center,False,
2025-01-17 18:00:00,15.2,942.8,59.0,AWS-RAN-067,Ranchi,RAN,center,False,
2025-01-17 19:00:00,14.4,943.6,63.0,AWS-RAN-067,Ranchi,RAN,center,False,
2025-01-17 20:00:00,13.8,944.0,73.0,AWS-RAN-067,Ranchi,RAN,center,False,
2025-01-17 21:00:00,19.983384784362563,944.0,80.0,AWS-RAN-067,Ranchi,RAN,center,True,drift
2025-01-17 22:00:00,19.543751815040707,943.9,82.0,AWS-RAN-067,Ranchi,RAN,center,True,drift
2025-01-17 23:00:00,19.53508774789931,943.3,79.0,AWS-RAN-067,Ranchi,RAN,center,True,drift
2025-01-18 00:00:00,19.843456243563416,943.1,73.0,AWS-RAN-067,Ranchi,RAN,center,True,drift
2025-01-18 01:00:00,20.064615878343865,942.8,70.0,AWS-RAN-067,Ranchi,RAN,center,True,drift
2025-01-18 02:00:00,19.996272252881496,942.6,70.0,AWS-RAN-067,Ranchi,RAN,center,True,drift
2025-01-18 03:00:00,19.736947012765818,942.3,74.0,AWS-RAN-067,Ranchi,RAN,center,True,drift
2025-01-18 04:00:00,19.485593014512382,942.0,77.0,AWS-RAN-067,Ranchi,RAN,center,True,drift
2025-01-18 05:00:00,19.441422410192946,942.3,78.0,AWS-RAN-067,Ranchi,RAN,center,True,drift
2025-01-18 06:00:00,19.60381696615196,943.5,80.0,AWS-RAN-067,Ranchi,RAN,center,True,drift
2025-01-18 07:00:00,20.372276221644277,944.4,79.0,AWS-RAN-067,Ranchi,RAN,center,True,drift
2025-01-18 08:00:00,23.14638522894378,945.7,68.0,AWS-RAN-067,Ranchi,RAN,center,True,drift
2025-01-18 09:00:00,26.025793327414355,946.6,55.0,AWS-RAN-067,Ranchi,RAN,center,True,drift
2025-01-18 10:00:00,28.31019955256616,946.8,46.0,AWS-RAN-067,Ranchi,RAN,center,True,drift
2025-01-18 11:00:00,30.199342245251167,946.2,41.0,AWS-RAN-067,Ranchi,RAN,center,True,drift
2025-01-18 12:00:00,31.49299143297719,945.1,38.0,AWS-RAN-067,Ranchi,RAN,center,True,drift
2025-01-18 13:00:00,32.290943105278906,944.1,38.0,AWS-RAN-067,Ranchi,RAN,center,True,drift
2025-01-18 14:00:00,32.59301482155648,943.1,39.0,AWS-RAN-067,Ranchi,RAN,center,True,drift
2025-01-18 15:00:00,32.399042280018264,942.8,40.0,AWS-RAN-067,Ranchi,RAN,center,True,drift
2025-01-18 16:00:00,31.508876595020944,942.7,43.0,AWS-RAN-067,Ranchi,RAN,center,True,drift
2025-01-18 17:00:00,28.22238210651449,942.2,57.0,AWS-RAN-067,Ranchi,RAN,center,True,drift
2025-01-18 18:00:00,27.23943459589538,942.6,58.0,AWS-RAN-067,Ranchi,RAN,center,True,drift
2025-01-18 19:00:00,26.35991981690148,943.2,,AWS-RAN-067,Ranchi,RAN,center,True,dropout
2025-01-18 20:00:00,25.483732273985012,943.3,67.0,AWS-RAN-067,Ranchi,RAN,center,True,drift
2025-01-18 21:00:00,25.110774197425656,943.3,70.0,AWS-RAN-067,Ranchi,RAN,center,True,drift
2025-01-18 22:00:00,25.040954676548743,943.4,70.0,AWS-RAN-067,Ranchi,RAN,center,True,drift
2025-01-18 23:00:00,24.674188921255727,942.9,71.0,AWS-RAN-067,Ranchi,RAN,center,True,drift
2025-01-19 00:00:00,24.510397628627906,942.2,71.0,AWS-RAN-067,Ranchi,RAN,center,True,drift
2025-01-19 01:00:00,24.249506436285067,941.6,73.0,AWS-RAN-067,Ranchi,RAN,center,True,drift
2025-01-19 02:00:00,24.391445447919246,941.1,73.0,AWS-RAN-067,Ranchi,RAN,center,True,drift
2025-01-19 03:00:00,12.2,940.9,72.0,AWS-RAN-067,Ranchi,RAN,center,False,
2025-01-19 04:00:00,11.8,941.0,73.0,AWS-RAN-067,Ranchi,RAN,center,False,
2025-01-19 05:00:00,11.6,941.5,74.0,AWS-RAN-067,Ranchi,RAN,center,False,
2025-01-19 06:00:00,11.1,942.7,80.0,AWS-RAN-067,Ranchi,RAN,center,False,
2025-01-19 07:00:00,12.3,943.7,77.0,AWS-RAN-067,Ranchi,RAN,center,False,
2025-01-19 08:00:00,15.2,945.3,66.0,AWS-RAN-067,Ranchi,RAN,center,False,
2025-01-19 09:00:00,17.9,946.0,54.0,AWS-RAN-067,Ranchi,RAN,center,False,
2025-01-19 10:00:00,20.0,945.9,41.0,AWS-RAN-067,Ranchi,RAN,center,False,
2025-01-19 11:00:00,21.8,945.2,31.0,AWS-RAN-067,Ranchi,RAN,center,False,
2025-01-19 12:00:00,23.1,944.0,26.0,AWS-RAN-067,Ranchi,RAN,center,False,
2025-01-19 13:00:00,23.8,943.0,23.0,AWS-RAN-067,Ranchi,RAN,center,False,
2025-01-19 14:00:00,23.9,942.3,21.0,AWS-RAN-067,Ranchi,RAN,center,False,
2025-01-19 15:00:00,23.2,942.0,24.0,AWS-RAN-067,Ranchi,RAN,center,False,
2025-01-19 16:00:00,21.7,941.7,29.0,AWS-RAN-067,Ranchi,RAN,center,False,
2025-01-19 17:00:00,18.4,941.2,39.0,AWS-RAN-067,Ranchi,RAN,center,False,
2025-01-19 18:00:00,17.2,941.3,46.0,AWS-RAN-067,Ranchi,RAN,center,False,
2025-01-19 19:00:00,16.3,941.5,52.0,AWS-RAN-067,Ranchi,RAN,center,False,
2025-01-19 20:00:00,15.6,941.6,55.0,AWS-RAN-067,Ranchi,RAN,center,False,
2025-01-19 21:00:00,15.2,941.6,55.0,AWS-RAN-067,Ranchi,RAN,center,False,
2025-01-19 22:00:00,15.0,,51.0,AWS-RAN-067,Ranchi,RAN,center,True,dropout
2025-01-19 23:00:00,14.6,941.1,51.0,AWS-RAN-067,Ranchi,RAN,center,False,
2025-01-20 00:00:00,14.1,940.5,54.0,AWS-RAN-067,Ranchi,RAN,center,False,
2025-01-20 01:00:00,13.9,940.0,54.0,AWS-RAN-067,Ranchi,RAN,center,False,
2025-01-20 02:00:00,19.935855966083572,933.2958196860789,34.82599436875917,AWS-RAN-067,Ranchi,RAN,center,True,unstructured_anomaly
2025-01-20 03:00:00,18.998080753482096,931.9081401600657,35.38228832762055,AWS-RAN-067,Ranchi,RAN,center,True,unstructured_anomaly
2025-01-20 04:00:00,7.398977660052657,946.7823730230998,33.84712610105248,AWS-RAN-067,Ranchi,RAN,center,True,unstructured_anomaly
2025-01-20 05:00:00,6.398384296287267,947.5721142157561,71.69121429876081,AWS-RAN-067,Ranchi,RAN,center,True,unstructured_anomaly
2025-01-20 06:00:00,5.016515707087761,948.3735522798968,47.69984874942301,AWS-RAN-067,Ranchi,RAN,center,True,unstructured_anomaly
2025-01-20 07:00:00,13.0,941.5,64.0,AWS-RAN-067,Ranchi,RAN,center,False,
2025-01-20 08:00:00,15.9,942.7,57.0,AWS-RAN-067,Ranchi,RAN,center,False,
2025-01-20 09:00:00,18.8,943.6,48.0,AWS-RAN-067,Ranchi,RAN,center,False,
2025-01-20 10:00:00,21.1,943.7,41.0,AWS-RAN-067,Ranchi,RAN,center,False,
2025-01-20 11:00:00,22.7,943.2,37.0,AWS-RAN-067,Ranchi,RAN,center,False,
2025-01-20 12:00:00,23.7,942.5,36.0,AWS-RAN-067,Ranchi,RAN,center,False,
2025-01-20 13:00:00,24.3,941.8,34.0,AWS-RAN-067,Ranchi,RAN,center,False,
2025-01-20 14:00:00,24.5,940.9,33.0,AWS-RAN-067,Ranchi,RAN,center,False,
2025-01-20 15:00:00,24.0,940.4,33.0,AWS-RAN-067,Ranchi,RAN,center,False,
2025-01-20 16:00:00,22.7,940.3,39.0,AWS-RAN-067,Ranchi,RAN,center,False,
2025-01-20 17:00:00,20.1,940.0,48.0,AWS-RAN-067,Ranchi,RAN,center,False,
2025-01-20 18:00:00,19.0,940.2,54.0,AWS-RAN-067,Ranchi,RAN,center,False,
2025-01-20 19:00:00,18.0,940.7,61.0,AWS-RAN-067,Ranchi,RAN,center,False,
2025-01-20 20:00:00,17.5,940.9,65.0,AWS-RAN-067,Ranchi,RAN,center,False,
2025-01-20 21:00:00,17.3,940.9,66.0,AWS-RAN-067,Ranchi,RAN,center,False,
2025-01-20 22:00:00,16.9,940.9,67.0,AWS-RAN-067,Ranchi,RAN,center,False,
2025-01-20 23:00:00,16.4,940.6,68.0,AWS-RAN-067,Ranchi,RAN,center,False,
2025-01-21 00:00:00,16.0,940.0,69.0,AWS-RAN-067,Ranchi,RAN,center,False,
2025-01-21 01:00:00,15.7,939.4,70.0,AWS-RAN-067,Ranchi,RAN,center,False,
2025-01-21 02:00:00,15.5,938.7,69.0,AWS-RAN-067,Ranchi,RAN,center,False,
2025-01-21 03:00:00,15.2,938.5,68.0,AWS-RAN-067,Ranchi,RAN,center,False,
2025-01-21 04:00:00,15.0,938.5,70.0,AWS-RAN-067,Ranchi,RAN,center,False,
2025-01-21 05:00:00,14.7,938.8,75.0,AWS-RAN-067,Ranchi,RAN,center,False,
2025-01-21 06:00:00,13.7,939.2,83.0,AWS-RAN-067,Ranchi,RAN,center,False,
2025-01-21 07:00:00,14.7,940.2,80.0,AWS-RAN-067,Ranchi,RAN,center,False,
2025-01-21 08:00:00,17.2,941.7,71.0,AWS-RAN-067,Ranchi,RAN,center,False,
2025-01-21 09:00:00,19.7,942.8,59.0,AWS-RAN-067,Ranchi,RAN,center,False,
2025-01-21 10:00:00,22.0,943.2,45.0,AWS-RAN-067,Ranchi,RAN,center,False,
2025-01-21 11:00:00,23.8,942.7,37.0,AWS-RAN-067,Ranchi,RAN,center,False,
2025-01-21 12:00:00,25.1,941.9,31.0,AWS-RAN-067,Ranchi,RAN,center,False,
2025-01-21 13:00:00,25.8,941.1,28.0,AWS-RAN-067,Ranchi,RAN,center,False,
2025-01-21 14:00:00,26.0,940.2,26.0,AWS-RAN-067,Ranchi,RAN,center,False,
2025-01-21 15:00:00,25.5,940.1,26.0,AWS-RAN-067,Ranchi,RAN,center,False,
2025-01-21 16:00:00,24.0,940.0,30.0,AWS-RAN-067,Ranchi,RAN,center,False,
2025-01-21 17:00:00,21.2,939.7,38.0,AWS-RAN-067,Ranchi,RAN,center,False,
2025-01-21 18:00:00,19.6,940.2,49.0,AWS-RAN-067,Ranchi,RAN,center,False,
2025-01-21 19:00:00,18.5,940.5,53.0,AWS-RAN-067,Ranchi,RAN,center,False,
2025-01-21 20:00:00,17.8,940.8,53.0,AWS-RAN-067,Ranchi,RAN,center,False,
2025-01-21 21:00:00,17.4,940.8,54.0,AWS-RAN-067,Ranchi,RAN,center,False,
2025-01-21 22:00:00,17.1,940.6,55.0,AWS-RAN-067,Ranchi,RAN,center,False,
2025-01-21 23:00:00,16.9,940.6,57.0,AWS-RAN-067,Ranchi,RAN,center,False,
2025-01-22 00:00:00,16.6,940.2,58.0,AWS-RAN-067,Ranchi,RAN,center,False,
2025-01-22 01:00:00,16.1,939.8,57.0,AWS-RAN-067,Ranchi,RAN,center,False,
2025-01-22 02:00:00,15.6,939.3,55.0,AWS-RAN-067,Ranchi,RAN,center,False,
2025-01-22 03:00:00,15.1,938.9,54.0,AWS-RAN-067,Ranchi,RAN,center,False,
2025-01-22 04:00:00,14.6,938.9,54.0,AWS-RAN-067,Ranchi,RAN,center,False,
2025-01-22 05:00:00,14.3,939.5,56.0,AWS-RAN-067,Ranchi,RAN,center,False,
2025-01-22 06:00:00,13.4,940.2,64.0,AWS-RAN-067,Ranchi,RAN,center,False,
2025-01-22 07:00:00,15.0,941.1,60.0,AWS-RAN-067,Ranchi,RAN,center,False,
2025-01-22 08:00:00,18.4,943.0,51.0,AWS-RAN-067,Ranchi,RAN,center,False,
2025-01-22 09:00:00,21.2,944.1,43.0,AWS-RAN-067,Ranchi,RAN,center,False,
2025-01-22 10:00:00,23.8,944.0,33.0,AWS-RAN-067,Ranchi,RAN,center,False,
2025-01-22 11:00:00,25.7,943.5,27.0,AWS-RAN-067,Ranchi,RAN,center,False,
2025-01-22 12:00:00,26.9,942.5,25.0,AWS-RAN-067,Ranchi,RAN,center,False,
2025-01-22 13:00:00,27.5,941.5,25.0,AWS-RAN-067,Ranchi,RAN,center,False,
2025-01-22 14:00:00,27.3,940.8,27.0,AWS-RAN-067,Ranchi,RAN,center,False,
2025-01-22 15:00:00,26.3,940.4,28.0,AWS-RAN-067,Ranchi,RAN,center,False,
2025-01-22 16:00:00,24.9,940.3,31.0,AWS-RAN-067,Ranchi,RAN,center,False,
2025-01-22 17:00:00,22.0,940.0,39.0,AWS-RAN-067,Ranchi,RAN,center,False,
2025-01-22 18:00:00,20.5,940.4,45.0,AWS-RAN-067,Ranchi,RAN,center,False,
2025-01-22 19:00:00,19.1,941.0,50.0,AWS-RAN-067,Ranchi,RAN,center,False,
2025-01-22 20:00:00,18.2,941.4,53.0,AWS-RAN-067,Ranchi,RAN,center,False,
2025-01-22 21:00:00,17.3,941.7,56.0,AWS-RAN-067,Ranchi,RAN,center,False,
2025-01-22 22:00:00,16.6,941.5,60.0,AWS-RAN-067,Ranchi,RAN,center,False,
2025-01-22 23:00:00,16.1,941.3,64.0,AWS-RAN-067,Ranchi,RAN,center,False,
2025-01-23 00:00:00,15.6,940.7,67.0,AWS-RAN-067,Ranchi,RAN,center,False,
2025-01-23 01:00:00,15.2,940.3,70.0,AWS-RAN-067,Ranchi,RAN,center,False,
2025-01-23 02:00:00,14.9,939.5,72.0,AWS-RAN-067,Ranchi,RAN,center,False,
2025-01-23 03:00:00,14.7,939.3,72.0,AWS-RAN-067,Ranchi,RAN,center,False,
2025-01-23 04:00:00,21.52608551476598,939.5682888807194,100.0,AWS-RAN-067,Ranchi,RAN,center,True,multivariate_inconsistency
2025-01-23 05:00:00,21.626085514765983,940.3950939740597,100.0,AWS-RAN-067,Ranchi,RAN,center,True,multivariate_inconsistency
2025-01-23 06:00:00,21.726085514765984,941.1337091940538,100.0,AWS-RAN-067,Ranchi,RAN,center,True,multivariate_inconsistency
2025-01-23 07:00:00,23.126085514765983,941.6511604692944,100.0,AWS-RAN-067,Ranchi,RAN,center,True,multivariate_inconsistency
2025-01-23 08:00:00,26.326085514765982,943.8027372908836,92.90463097283482,AWS-RAN-067,Ranchi,RAN,center,True,multivariate_inconsistency
2025-01-23 09:00:00,22.0,944.6,46.0,AWS-RAN-067,Ranchi,RAN,center,False,
2025-01-23 10:00:00,24.1,944.5,40.0,AWS-RAN-067,Ranchi,RAN,center,False,
2025-01-23 11:00:00,25.8,943.9,35.0,AWS-RAN-067,Ranchi,RAN,center,False,
2025-01-23 12:00:00,27.3,942.6,30.0,AWS-RAN-067,Ranchi,RAN,center,False,
2025-01-23 13:00:00,28.2,941.6,26.0,AWS-RAN-067,Ranchi,RAN,center,False,
2025-01-23 14:00:00,28.4,940.8,24.0,AWS-RAN-067,Ranchi,RAN,center,False,
2025-01-23 15:00:00,28.0,940.4,25.0,AWS-RAN-067,Ranchi,RAN,center,False,
2025-01-23 16:00:00,26.9,940.1,28.0,AWS-RAN-067,Ranchi,RAN,center,False,
2025-01-23 17:00:00,23.5,940.3,41.0,AWS-RAN-067,Ranchi,RAN,center,False,
2025-01-23 18:00:00,21.2,940.6,48.0,AWS-RAN-067,Ranchi,RAN,center,False,
2025-01-23 19:00:00,19.9,941.4,53.0,AWS-RAN-067,Ranchi,RAN,center,False,
2025-01-23 20:00:00,19.0,941.5,58.0,AWS-RAN-067,Ranchi,RAN,center,False,
2025-01-23 21:00:00,,941.5,61.0,AWS-RAN-067,Ranchi,RAN,center,True,dropout
2025-01-23 22:00:00,17.4,941.5,64.0,AWS-RAN-067,Ranchi,RAN,center,False,
2025-01-23 23:00:00,16.7,941.2,66.0,AWS-RAN-067,Ranchi,RAN,center,False,
2025-01-24 00:00:00,16.2,940.6,68.0,AWS-RAN-067,Ranchi,RAN,center,False,
2025-01-24 01:00:00,10.785539900090564,947.6370638521216,86.68013621120278,AWS-RAN-067,Ranchi,RAN,center,True,unstructured_anomaly
2025-01-24 02:00:00,22.17224063937144,931.0776044899703,84.74813342287895,AWS-RAN-067,Ranchi,RAN,center,True,unstructured_anomaly
2025-01-24 03:00:00,9.86074620287273,945.7251314271407,56.64621185429873,AWS-RAN-067,Ranchi,RAN,center,True,unstructured_anomaly
2025-01-24 04:00:00,9.191422326471592,946.1959414316505,88.5615264084853,AWS-RAN-067,Ranchi,RAN,center,True,unstructured_anomaly
2025-01-24 05:00:00,20.726738179995365,932.8539159767976,59.33916364249262,AWS-RAN-067,Ranchi,RAN,center,True,unstructured_anomaly
2025-01-24 06:00:00,13.6,939.8,81.0,AWS-RAN-067,Ranchi,RAN,center,False,
2025-01-24 07:00:00,15.4,940.9,74.0,AWS-RAN-067,Ranchi,RAN,center,False,
2025-01-24 08:00:00,18.9,942.5,61.0,AWS-RAN-067,Ranchi,RAN,center,False,
2025-01-24 09:00:00,21.7,943.4,52.0,AWS-RAN-067,Ranchi,RAN,center,False,
2025-01-24 10:00:00,23.7,943.3,44.0,AWS-RAN-067,Ranchi,RAN,center,False,
2025-01-24 11:00:00,25.3,942.7,39.0,AWS-RAN-067,Ranchi,RAN,center,False,
2025-01-24 12:00:00,26.7,941.6,35.0,AWS-RAN-067,Ranchi,RAN,center,False,
2025-01-24 13:00:00,27.9,940.7,30.0,AWS-RAN-067,Ranchi,RAN,center,False,
2025-01-24 14:00:00,27.9,939.9,28.0,AWS-RAN-067,Ranchi,RAN,center,False,
2025-01-24 15:00:00,27.1,939.4,31.0,AWS-RAN-067,Ranchi,RAN,center,False,
2025-01-24 16:00:00,24.5,939.7,41.0,AWS-RAN-067,Ranchi,RAN,center,False,
2025-01-24 17:00:00,23.0,939.9,46.0,AWS-RAN-067,Ranchi,RAN,center,False,
2025-01-24 18:00:00,21.0,940.6,53.0,AWS-RAN-067,Ranchi,RAN,center,False,
2025-01-24 19:00:00,19.2,941.3,61.0,AWS-RAN-067,Ranchi,RAN,center,False,
2025-01-24 20:00:00,18.3,942.0,65.0,AWS-RAN-067,Ranchi,RAN,center,False,
2025-01-24 21:00:00,17.4,941.9,69.0,AWS-RAN-067,Ranchi,RAN,center,False,
2025-01-24 22:00:00,16.8,941.9,71.0,AWS-RAN-067,Ranchi,RAN,center,False,
2025-01-24 23:00:00,,941.3,73.0,AWS-RAN-067,Ranchi,RAN,center,True,dropout
2025-01-25 00:00:00,15.6,941.1,75.0,AWS-RAN-067,Ranchi,RAN,center,False,
2025-01-25 01:00:00,14.9,940.6,79.0,AWS-RAN-067,Ranchi,RAN,center,False,
2025-01-25 02:00:00,14.3,940.1,83.0,AWS-RAN-067,Ranchi,RAN,center,False,
2025-01-25 03:00:00,13.8,939.9,87.0,AWS-RAN-067,Ranchi,RAN,center,False,
2025-01-25 04:00:00,13.2,940.0,91.0,AWS-RAN-067,Ranchi,RAN,center,False,
2025-01-25 05:00:00,13.0,940.5,0.10057468788372437,AWS-RAN-067,Ranchi,RAN,center,True,sensor_fail_low
2025-01-25 06:00:00,12.6,941.5,0.01784593981502426,AWS-RAN-067,Ranchi,RAN,center,True,sensor_fail_low
2025-01-25 07:00:00,14.0,942.5,-0.046150289149714974,AWS-RAN-067,Ranchi,RAN,center,True,sensor_fail_low
2025-01-25 08:00:00,16.6,943.7,0.059752061720686846,AWS-RAN-067,Ranchi,RAN,center,True,sensor_fail_low
2025-01-25 09:00:00,19.0,944.4,63.0,AWS-RAN-067,Ranchi,RAN,center,True,frozen_value
2025-01-25 10:00:00,21.2,944.4,63.0,AWS-RAN-067,Ranchi,RAN,center,True,frozen_value
2025-01-25 11:00:00,23.2,943.8,63.0,AWS-RAN-067,Ranchi,RAN,center,True,frozen_value
2025-01-25 12:00:00,23.8,942.7,63.0,AWS-RAN-067,Ranchi,RAN,center,True,frozen_value
2025-01-25 13:00:00,24.1,941.9,63.0,AWS-RAN-067,Ranchi,RAN,center,True,frozen_value
2025-01-25 14:00:00,24.2,941.1,63.0,AWS-RAN-067,Ranchi,RAN,center,True,frozen_value
2025-01-25 15:00:00,23.6,940.9,63.0,AWS-RAN-067,Ranchi,RAN,center,True,frozen_value
2025-01-25 16:00:00,22.2,940.8,63.0,AWS-RAN-067,Ranchi,RAN,center,True,frozen_value
2025-01-25 17:00:00,19.6,940.9,63.0,AWS-RAN-067,Ranchi,RAN,center,True,frozen_value
2025-01-25 18:00:00,18.2,941.0,63.0,AWS-RAN-067,Ranchi,RAN,center,True,frozen_value
2025-01-25 19:00:00,17.1,941.3,63.0,AWS-RAN-067,Ranchi,RAN,center,True,frozen_value
2025-01-25 20:00:00,16.6,941.5,63.0,AWS-RAN-067,Ranchi,RAN,center,True,frozen_value
2025-01-25 21:00:00,16.4,941.7,63.0,AWS-RAN-067,Ranchi,RAN,center,True,frozen_value
2025-01-25 22:00:00,16.3,942.0,63.0,AWS-RAN-067,Ranchi,RAN,center,True,frozen_value
2025-01-25 23:00:00,16.0,941.7,63.0,AWS-RAN-067,Ranchi,RAN,center,True,frozen_value
2025-01-26 00:00:00,15.0,941.2,63.0,AWS-RAN-067,Ranchi,RAN,center,True,frozen_value
2025-01-26 01:00:00,13.7,940.6,54.0,AWS-RAN-067,Ranchi,RAN,center,False,
2025-01-26 02:00:00,12.8,940.3,58.0,AWS-RAN-067,Ranchi,RAN,center,False,
2025-01-26 03:00:00,12.0,940.0,60.0,AWS-RAN-067,Ranchi,RAN,center,False,
2025-01-26 04:00:00,11.2,939.8,62.0,AWS-RAN-067,Ranchi,RAN,center,False,
2025-01-26 05:00:00,10.4,940.2,63.0,AWS-RAN-067,Ranchi,RAN,center,False,
2025-01-26 06:00:00,9.7,941.0,70.0,AWS-RAN-067,Ranchi,RAN,center,False,
2025-01-26 07:00:00,5.0,950.1668482232644,74.62760981010162,AWS-RAN-067,Ranchi,RAN,center,True,unstructured_anomaly
2025-01-26 08:00:00,8.869376480509594,951.6690858779988,59.901331430404724,AWS-RAN-067,Ranchi,RAN,center,True,unstructured_anomaly
2025-01-26 09:00:00,23.175416715026106,938.2879432206078,18.201379992259703,AWS-RAN-067,Ranchi,RAN,center,True,unstructured_anomaly
2025-01-26 10:00:00,24.723665371383166,937.815563333553,15.0,AWS-RAN-067,Ranchi,RAN,center,True,unstructured_anomaly
2025-01-26 11:00:00,20.3,944.1,27.0,AWS-RAN-067,Ranchi,RAN,center,False,
2025-01-26 12:00:00,21.3,942.8,24.0,AWS-RAN-067,Ranchi,RAN,center,False,
2025-01-26 13:00:00,22.1,941.8,22.0,AWS-RAN-067,Ranchi,RAN,center,False,
2025-01-26 14:00:00,22.5,941.0,21.0,AWS-RAN-067,Ranchi,RAN,center,False,
2025-01-26 15:00:00,22.3,940.4,22.0,AWS-RAN-067,Ranchi,RAN,center,False,
2025-01-26 16:00:00,21.3,940.1,25.0,AWS-RAN-067,Ranchi,RAN,center,False,
2025-01-26 17:00:00,18.6,939.5,32.0,AWS-RAN-067,Ranchi,RAN,center,False,
2025-01-26 18:00:00,17.3,939.5,40.0,AWS-RAN-067,Ranchi,RAN,center,False,
2025-01-26 19:00:00,16.6,940.2,42.0,AWS-RAN-067,Ranchi,RAN,center,False,
2025-01-26 20:00:00,15.5,940.4,47.0,AWS-RAN-067,Ranchi,RAN,center,False,
2025-01-26 21:00:00,14.4,940.5,51.0,AWS-RAN-067,Ranchi,RAN,center,False,
2025-01-26 22:00:00,13.8,940.3,52.0,AWS-RAN-067,Ranchi,RAN,center,False,
2025-01-26 23:00:00,13.4,939.9,52.0,AWS-RAN-067,Ranchi,RAN,center,False,
2025-01-27 00:00:00,13.0,939.2,52.0,AWS-RAN-067,Ranchi,RAN,center,False,
2025-01-27 01:00:00,12.7,938.9,52.0,AWS-RAN-067,Ranchi,RAN,center,False,
2025-01-27 02:00:00,12.2,938.3,54.0,AWS-RAN-067,Ranchi,RAN,center,False,
2025-01-27 03:00:00,11.4,938.1,58.0,AWS-RAN-067,Ranchi,RAN,center,False,
2025-01-27 04:00:00,10.8,938.0,62.0,AWS-RAN-067,Ranchi,RAN,center,False,
2025-01-27 05:00:00,10.5,938.3,64.0,AWS-RAN-067,Ranchi,RAN,center,False,
2025-01-27 06:00:00,9.8,938.6,69.0,AWS-RAN-067,Ranchi,RAN,center,False,
2025-01-27 07:00:00,11.5,939.8,61.0,AWS-RAN-067,Ranchi,RAN,center,False,
2025-01-27 08:00:00,15.0,941.3,49.0,AWS-RAN-067,Ranchi,RAN,center,False,
2025-01-27 09:00:00,17.6,942.1,37.0,AWS-RAN-067,Ranchi,RAN,center,False,
2025-01-27 10:00:00,19.5,942.4,28.0,AWS-RAN-067,Ranchi,RAN,center,False,
2025-01-27 11:00:00,21.0,941.7,22.0,AWS-RAN-067,Ranchi,RAN,center,False,
2025-01-27 12:00:00,22.1,940.8,21.0,AWS-RAN-067,Ranchi,RAN,center,False,
2025-01-27 13:00:00,22.7,939.9,20.0,AWS-RAN-067,Ranchi,RAN,center,False,
2025-01-27 14:00:00,22.7,939.1,20.0,AWS-RAN-067,Ranchi,RAN,center,False,
2025-01-27 15:00:00,22.2,938.8,20.0,AWS-RAN-067,Ranchi,RAN,center,False,
2025-01-27 16:00:00,21.0,938.6,22.0,AWS-RAN-067,Ranchi,RAN,center,False,
2025-01-27 17:00:00,17.9,938.4,27.0,AWS-RAN-067,Ranchi,RAN,center,False,
2025-01-27 18:00:00,16.8,937.9,32.0,AWS-RAN-067,Ranchi,RAN,center,False,
2025-01-27 19:00:00,15.8,938.4,36.0,AWS-RAN-067,Ranchi,RAN,center,False,
2025-01-27 20:00:00,14.6,938.6,39.0,AWS-RAN-067,Ranchi,RAN,center,False,
2025-01-27 21:00:00,13.7,939.0,42.0,AWS-RAN-067,Ranchi,RAN,center,False,
2025-01-27 22:00:00,13.5,938.9,43.0,AWS-RAN-067,Ranchi,RAN,center,False,
2025-01-27 23:00:00,13.4,938.4,45.0,AWS-RAN-067,Ranchi,RAN,center,False,
2025-01-28 00:00:00,13.4,938.2,45.0,AWS-RAN-067,Ranchi,RAN,center,False,
2025-01-28 01:00:00,13.3,938.0,46.0,AWS-RAN-067,Ranchi,RAN,center,False,
2025-01-28 02:00:00,12.7,937.6,49.0,AWS-RAN-067,Ranchi,RAN,center,False,
2025-01-28 03:00:00,12.0,937.1,53.0,AWS-RAN-067,Ranchi,RAN,center,False,
2025-01-28 04:00:00,11.5,936.8,56.0,AWS-RAN-067,Ranchi,RAN,center,False,
2025-01-28 05:00:00,11.2,937.3,59.0,AWS-RAN-067,Ranchi,RAN,center,False,
2025-01-28 06:00:00,10.0,938.2,71.0,AWS-RAN-067,Ranchi,RAN,center,False,
2025-01-28 07:00:00,11.9,939.8,64.0,AWS-RAN-067,Ranchi,RAN,center,False,
2025-01-28 08:00:00,22.666590895885406,933.7923490305529,65.63243950686898,AWS-RAN-067,Ranchi,RAN,center,True,unstructured_anomaly
2025-01-28 09:00:00,25.10492251515539,935.2114391027505,22.81278908991138,AWS-RAN-067,Ranchi,RAN,center,True,unstructured_anomaly
2025-01-28 10:00:00,13.76076864876754,952.1784303565406,47.262781084212364,AWS-RAN-067,Ranchi,RAN,center,True,unstructured_anomaly
2025-01-28 11:00:00,28.065090916010853,935.5723959091225,15.0,AWS-RAN-067,Ranchi,RAN,center,True,unstructured_anomaly
2025-01-28 12:00:00,23.0,941.8,23.0,AWS-RAN-067,Ranchi,RAN,center,False,
2025-01-28 13:00:00,23.6,941.1,22.0,AWS-RAN-067,Ranchi,RAN,center,False,
2025-01-28 14:00:00,23.7,940.4,21.0,AWS-RAN-067,Ranchi,RAN,center,False,
2025-01-28 15:00:00,23.3,940.2,21.0,AWS-RAN-067,Ranchi,RAN,center,False,
2025-01-28 16:00:00,22.3,940.2,22.0,AWS-RAN-067,Ranchi,RAN,center,False,
2025-01-28 17:00:00,19.1,939.9,30.0,AWS-RAN-067,Ranchi,RAN,center,False,
2025-01-28 18:00:00,18.1,940.3,37.0,AWS-RAN-067,Ranchi,RAN,center,False,
2025-01-28 19:00:00,16.1,940.7,43.0,AWS-RAN-067,Ranchi,RAN,center,False,
2025-01-28 20:00:00,15.9,941.3,43.0,AWS-RAN-067,Ranchi,RAN,center,False,
2025-01-28 21:00:00,15.2,941.6,44.0,AWS-RAN-067,Ranchi,RAN,center,False,
2025-01-28 22:00:00,14.5,941.9,44.0,AWS-RAN-067,Ranchi,RAN,center,False,
2025-01-28 23:00:00,14.8,941.8,41.0,AWS-RAN-067,Ranchi,RAN,center,False,
2025-01-29 00:00:00,14.1,941.6,42.0,AWS-RAN-067,Ranchi,RAN,center,False,
2025-01-29 01:00:00,13.5,941.3,44.0,AWS-RAN-067,Ranchi,RAN,center,False,
2025-01-29 02:00:00,13.1,940.9,47.0,AWS-RAN-067,Ranchi,RAN,center,False,
2025-01-29 03:00:00,12.8,940.6,50.0,AWS-RAN-067,Ranchi,RAN,center,False,
2025-01-29 04:00:00,12.4,940.4,56.0,AWS-RAN-067,Ranchi,RAN,center,False,
2025-01-29 05:00:00,11.7,940.7,64.0,AWS-RAN-067,Ranchi,RAN,center,False,
2025-01-29 06:00:00,10.7,941.4,74.0,AWS-RAN-067,Ranchi,RAN,center,False,
2025-01-29 07:00:00,13.0,942.9,68.0,AWS-RAN-067,Ranchi,RAN,center,False,
2025-01-29 08:00:00,16.3,944.4,58.0,AWS-RAN-067,Ranchi,RAN,center,False,
2025-01-29 09:00:00,19.3,945.6,50.0,AWS-RAN-067,Ranchi,RAN,center,False,
2025-01-29 10:00:00,21.7,945.8,41.0,AWS-RAN-067,Ranchi,RAN,center,False,
2025-01-29 11:00:00,23.5,945.2,34.0,AWS-RAN-067,Ranchi,RAN,center,False,
2025-01-29 12:00:00,24.9,944.0,29.0,AWS-RAN-067,Ranchi,RAN,center,False,
2025-01-29 13:00:00,25.8,942.8,25.0,AWS-RAN-067,Ranchi,RAN,center,False,
2025-01-29 14:00:00,26.3,941.7,23.0,AWS-RAN-067,Ranchi,RAN,center,False,
2025-01-29 15:00:00,26.1,941.4,22.0,AWS-RAN-067,Ranchi,RAN,center,False,
2025-01-29 16:00:00,24.9,941.0,24.0,AWS-RAN-067,Ranchi,RAN,center,False,
2025-01-29 17:00:00,21.8,940.8,32.0,AWS-RAN-067,Ranchi,RAN,center,False,
2025-01-29 18:00:00,20.0,940.8,46.0,AWS-RAN-067,Ranchi,RAN,center,False,
2025-01-29 19:00:00,18.7,941.2,58.0,AWS-RAN-067,Ranchi,RAN,center,False,
2025-01-29 20:00:00,18.4,941.6,63.0,AWS-RAN-067,Ranchi,RAN,center,False,
2025-01-29 21:00:00,18.6,941.5,62.0,AWS-RAN-067,Ranchi,RAN,center,False,
2025-01-29 22:00:00,18.4,941.4,60.0,AWS-RAN-067,Ranchi,RAN,center,False,
2025-01-29 23:00:00,17.3,940.8,59.0,AWS-RAN-067,Ranchi,RAN,center,False,
2025-01-30 00:00:00,17.5,940.2,59.0,AWS-RAN-067,Ranchi,RAN,center,False,
2025-01-30 01:00:00,17.0,939.6,64.0,AWS-RAN-067,Ranchi,RAN,center,False,
2025-01-30 02:00:00,16.4,938.6,68.0,AWS-RAN-067,Ranchi,RAN,center,False,
2025-01-30 03:00:00,15.9,938.0,71.0,AWS-RAN-067,Ranchi,RAN,center,False,
2025-01-30 04:00:00,16.0,937.7,71.0,AWS-RAN-067,Ranchi,RAN,center,False,
2025-01-30 05:00:00,16.0,937.8,72.0,AWS-RAN-067,Ranchi,RAN,center,False,
2025-01-30 06:00:00,15.2,938.5,76.0,AWS-RAN-067,Ranchi,RAN,center,True,frozen_value
2025-01-30 07:00:00,17.2,938.5,66.0,AWS-RAN-067,Ranchi,RAN,center,True,frozen_value
2025-01-30 08:00:00,20.8,938.5,53.0,AWS-RAN-067,Ranchi,RAN,center,True,frozen_value
2025-01-30 09:00:00,23.6,938.5,46.0,AWS-RAN-067,Ranchi,RAN,center,True,frozen_value
2025-01-30 10:00:00,25.8,938.5,40.0,AWS-RAN-067,Ranchi,RAN,center,True,frozen_value
2025-01-30 11:00:00,27.5,938.5,34.0,AWS-RAN-067,Ranchi,RAN,center,True,frozen_value
2025-01-30 12:00:00,28.0,938.5,34.0,AWS-RAN-067,Ranchi,RAN,center,True,frozen_value
2025-01-30 13:00:00,28.4,938.5,32.0,AWS-RAN-067,Ranchi,RAN,center,True,frozen_value
2025-01-30 14:00:00,28.2,938.5,32.0,AWS-RAN-067,Ranchi,RAN,center,True,frozen_value
2025-01-30 15:00:00,27.2,938.5,33.0,AWS-RAN-067,Ranchi,RAN,center,True,frozen_value
2025-01-30 16:00:00,25.7,938.0,36.0,AWS-RAN-067,Ranchi,RAN,center,False,
2025-01-30 17:00:00,23.4,937.9,40.0,AWS-RAN-067,Ranchi,RAN,center,False,
2025-01-30 18:00:00,21.5,938.0,47.0,AWS-RAN-067,Ranchi,RAN,center,False,
2025-01-30 19:00:00,19.7,938.5,52.0,AWS-RAN-067,Ranchi,RAN,center,False,
2025-01-30 20:00:00,19.1,938.7,53.0,AWS-RAN-067,Ranchi,RAN,center,False,
2025-01-30 21:00:00,19.1,938.9,51.0,AWS-RAN-067,Ranchi,RAN,center,False,
2025-01-30 22:00:00,18.5,938.6,52.0,AWS-RAN-067,Ranchi,RAN,center,False,
2025-01-30 23:00:00,17.5,938.0,55.0,AWS-RAN-067,Ranchi,RAN,center,False,
2025-01-31 00:00:00,16.7,937.4,59.0,AWS-RAN-067,Ranchi,RAN,center,False,
2025-01-31 01:00:00,16.7,937.1,59.0,AWS-RAN-067,Ranchi,RAN,center,False,
2025-01-31 02:00:00,16.5,936.7,61.0,AWS-RAN-067,Ranchi,RAN,center,False,
2025-01-31 03:00:00,16.2,936.5,64.0,AWS-RAN-067,Ranchi,RAN,center,False,
2025-01-31 04:00:00,15.7,936.4,67.0,AWS-RAN-067,Ranchi,RAN,center,False,
2025-01-31 05:00:00,15.2,937.0,70.0,AWS-RAN-067,Ranchi,RAN,center,False,
2025-01-31 06:00:00,14.5,937.9,78.0,AWS-RAN-067,Ranchi,RAN,center,False,
2025-01-31 07:00:00,16.7,939.4,68.0,AWS-RAN-067,Ranchi,RAN,center,False,
2025-01-31 08:00:00,21.2,941.5,50.0,AWS-RAN-067,Ranchi,RAN,center,False,
2025-01-31 09:00:00,23.5,942.7,46.0,AWS-RAN-067,Ranchi,RAN,center,False,
2025-01-31 10:00:00,25.2,942.8,43.0,AWS-RAN-067,Ranchi,RAN,center,False,
2025-01-31 11:00:00,26.7,942.0,37.0,AWS-RAN-067,Ranchi,RAN,center,False,
2025-01-31 12:00:00,28.2,941.2,28.0,AWS-RAN-067,Ranchi,RAN,center,False,
2025-01-31 13:00:00,29.0,940.3,22.0,AWS-RAN-067,Ranchi,RAN,center,False,
2025-01-31 14:00:00,28.8,939.6,25.0,AWS-RAN-067,Ranchi,RAN,center,False,
2025-01-31 15:00:00,28.2,939.3,26.0,AWS-RAN-067,Ranchi,RAN,center,False,
2025-01-31 16:00:00,27.0,939.3,27.0,AWS-RAN-067,Ranchi,RAN,center,False,
2025-01-31 17:00:00,24.2,939.5,33.0,AWS-RAN-067,Ranchi,RAN,center,False,
2025-01-31 18:00:00,22.4,939.5,39.0,AWS-RAN-067,Ranchi,RAN,center,False,
2025-01-31 19:00:00,21.0,939.9,40.0,AWS-RAN-067,Ranchi,RAN,center,False,
2025-01-31 20:00:00,19.5,940.6,44.0,AWS-RAN-067,Ranchi,RAN,center,False,
2025-01-31 21:00:00,19.2,940.9,44.0,AWS-RAN-067,Ranchi,RAN,center,False,
2025-01-31 22:00:00,18.2,940.3,46.0,AWS-RAN-067,Ranchi,RAN,center,False,
2025-01-31 23:00:00,17.5,939.8,48.0,AWS-RAN-067,Ranchi,RAN,center,False,
2025-02-01 00:00:00,16.8,939.3,51.0,AWS-RAN-067,Ranchi,RAN,center,False,
2025-02-01 01:00:00,16.7,939.1,51.0,AWS-RAN-067,Ranchi,RAN,center,False,
2025-02-01 02:00:00,16.5,938.4,52.0,AWS-RAN-067,Ranchi,RAN,center,False,
2025-02-01 03:00:00,16.2,938.1,53.0,AWS-RAN-067,Ranchi,RAN,center,False,
2025-02-01 04:00:00,15.6,938.0,58.0,AWS-RAN-067,Ranchi,RAN,center,False,
2025-02-01 05:00:00,15.1,938.6,65.0,AWS-RAN-067,Ranchi,RAN,center,False,
2025-02-01 06:00:00,14.7,939.1,77.0,AWS-RAN-067,Ranchi,RAN,center,False,
2025-02-01 07:00:00,17.1,940.7,70.0,AWS-RAN-067,Ranchi,RAN,center,False,
2025-02-01 08:00:00,20.6,942.5,57.0,AWS-RAN-067,Ranchi,RAN,center,False,
2025-02-01 09:00:00,23.2,943.9,48.0,AWS-RAN-067,Ranchi,RAN,center,False,
2025-02-01 10:00:00,25.1,943.9,41.0,AWS-RAN-067,Ranchi,RAN,center,False,
2025-02-01 11:00:00,26.6,943.3,37.0,AWS-RAN-067,Ranchi,RAN,center,False,
2025-02-01 12:00:00,27.9,942.2,35.0,AWS-RAN-067,Ranchi,RAN,center,False,
2025-02-01 13:00:00,29.0,941.2,30.0,AWS-RAN-067,Ranchi,RAN,center,False,
2025-02-01 14:00:00,29.5,940.4,27.0,AWS-RAN-067,Ranchi,RAN,center,False,
2025-02-01 15:00:00,29.4,940.1,26.0,AWS-RAN-067,Ranchi,RAN,center,False,
2025-02-01 16:00:00,27.6,940.4,31.0,AWS-RAN-067,Ranchi,RAN,center,False,
2025-02-01 17:00:00,24.7,940.7,40.0,AWS-RAN-067,Ranchi,RAN,center,False,
2025-02-01 18:00:00,22.7,940.6,50.0,AWS-RAN-067,Ranchi,RAN,center,False,
2025-02-01 19:00:00,21.6,941.2,55.0,AWS-RAN-067,Ranchi,RAN,center,False,
2025-02-01 20:00:00,20.9,0.023637575497735583,56.0,AWS-RAN-067,Ranchi,RAN,center,True,sensor_fail_low
2025-02-01 21:00:00,20.2,-0.0229729158063324,56.0,AWS-RAN-067,Ranchi,RAN,center,True,sensor_fail_low
2025-02-01 22:00:00,19.3,0.07495454084075039,60.0,AWS-RAN-067,Ranchi,RAN,center,True,sensor_fail_low
2025-02-01 23:00:00,18.8,0.04460812776615306,63.0,AWS-RAN-067,Ranchi,RAN,center,True,sensor_fail_low
2025-02-02 00:00:00,18.8,940.6,64.0,AWS-RAN-067,Ranchi,RAN,center,False,
2025-02-02 01:00:00,18.8,940.1,65.0,AWS-RAN-067,Ranchi,RAN,center,False,
2025-02-02 02:00:00,18.5,939.4,66.0,AWS-RAN-067,Ranchi,RAN,center,False,
2025-02-02 03:00:00,18.6,939.1,66.0,AWS-RAN-067,Ranchi,RAN,center,False,
2025-02-02 04:00:00,18.4,938.8,67.0,AWS-RAN-067,Ranchi,RAN,center,False,
2025-02-02 05:00:00,18.1,939.4,68.0,AWS-RAN-067,Ranchi,RAN,center,False,
2025-02-02 06:00:00,16.6,940.1,79.0,AWS-RAN-067,Ranchi,RAN,center,False,
2025-02-02 07:00:00,17.9,941.6,74.0,AWS-RAN-067,Ranchi,RAN,center,False,
2025-02-02 08:00:00,21.2,943.3,65.0,AWS-RAN-067,Ranchi,RAN,center,False,
2025-02-02 09:00:00,23.5,944.2,59.0,AWS-RAN-067,Ranchi,RAN,center,False,
2025-02-02 10:00:00,25.4,944.3,50.0,AWS-RAN-067,Ranchi,RAN,center,False,
2025-02-02 11:00:00,26.7,943.4,44.0,AWS-RAN-067,Ranchi,RAN,center,False,
2025-02-02 12:00:00,27.7,942.4,40.0,AWS-RAN-067,Ranchi,RAN,center,False,
2025-02-02 13:00:00,28.3,941.5,36.0,AWS-RAN-067,Ranchi,RAN,center,False,
2025-02-02 14:00:00,28.2,940.9,35.0,AWS-RAN-067,Ranchi,RAN,center,False,
2025-02-02 15:00:00,27.6,940.6,36.0,AWS-RAN-067,Ranchi,RAN,center,False,
2025-02-02 16:00:00,26.7,940.6,37.0,AWS-RAN-067,Ranchi,RAN,center,False,
2025-02-02 17:00:00,24.3,940.5,44.0,AWS-RAN-067,Ranchi,RAN,center,False,
2025-02-02 18:00:00,22.3,940.5,52.0,AWS-RAN-067,Ranchi,RAN,center,False,
2025-02-02 19:00:00,21.3,940.9,54.0,AWS-RAN-067,Ranchi,RAN,center,False,
2025-02-02 20:00:00,20.8,941.3,55.0,AWS-RAN-067,Ranchi,RAN,center,False,
2025-02-02 21:00:00,19.9,941.4,58.0,AWS-RAN-067,Ranchi,RAN,center,False,
2025-02-02 22:00:00,19.4,941.4,60.0,AWS-RAN-067,Ranchi,RAN,center,False,
2025-02-02 23:00:00,19.0,940.8,62.0,AWS-RAN-067,Ranchi,RAN,center,False,
2025-02-03 00:00:00,18.7,940.4,64.0,AWS-RAN-067,Ranchi,RAN,center,False,
2025-02-03 01:00:00,18.0,940.0,67.0,AWS-RAN-067,Ranchi,RAN,center,False,
2025-02-03 02:00:00,17.1,939.5,71.0,AWS-RAN-067,Ranchi,RAN,center,False,
2025-02-03 03:00:00,16.2,939.3,74.0,AWS-RAN-067,Ranchi,RAN,center,False,
2025-02-03 04:00:00,15.3,939.2,78.0,AWS-RAN-067,Ranchi,RAN,center,False,
2025-02-03 05:00:00,15.0,939.6,79.0,AWS-RAN-067,Ranchi,RAN,center,False,
2025-02-03 06:00:00,14.2,940.5,86.0,AWS-RAN-067,Ranchi,RAN,center,False,
2025-02-03 07:00:00,16.8,941.9,73.0,AWS-RAN-067,Ranchi,RAN,center,False,
2025-02-03 08:00:00,20.2,943.5,58.0,AWS-RAN-067,Ranchi,RAN,center,False,
2025-02-03 09:00:00,22.2,944.5,50.0,AWS-RAN-067,Ranchi,RAN,center,False,
2025-02-03 10:00:00,23.8,944.8,44.0,AWS-RAN-067,Ranchi,RAN,center,False,
2025-02-03 11:00:00,25.2,943.9,39.0,AWS-RAN-067,Ranchi,RAN,center,False,
2025-02-03 12:00:00,26.4,942.9,36.0,AWS-RAN-067,Ranchi,RAN,center,False,
2025-02-03 13:00:00,26.8,942.0,35.0,AWS-RAN-067,Ranchi,RAN,center,False,
2025-02-03 14:00:00,26.9,941.3,34.0,AWS-RAN-067,Ranchi,RAN,center,False,
2025-02-03 15:00:00,26.5,941.3,35.0,AWS-RAN-067,Ranchi,RAN,center,False,
2025-02-03 16:00:00,25.5,941.3,37.0,AWS-RAN-067,Ranchi,RAN,center,False,
2025-02-03 17:00:00,23.2,941.4,42.0,AWS-RAN-067,Ranchi,RAN,center,False,
2025-02-03 18:00:00,21.3,941.9,47.0,AWS-RAN-067,Ranchi,RAN,center,False,
2025-02-03 19:00:00,20.4,942.5,49.0,AWS-RAN-067,Ranchi,RAN,center,False,
2025-02-03 20:00:00,19.6,943.2,52.0,AWS-RAN-067,Ranchi,RAN,center,False,
2025-02-03 21:00:00,18.3,943.2,56.0,AWS-RAN-067,Ranchi,RAN,center,False,
2025-02-03 22:00:00,17.2,942.9,62.0,AWS-RAN-067,Ranchi,RAN,center,False,
2025-02-03 23:00:00,16.2,942.5,67.0,AWS-RAN-067,Ranchi,RAN,center,False,
2025-02-04 00:00:00,15.5,942.1,71.0,AWS-RAN-067,Ranchi,RAN,center,False,
2025-02-04 01:00:00,14.9,941.6,74.0,AWS-RAN-067,Ranchi,RAN,center,False,
2025-02-04 02:00:00,14.4,940.6,77.0,AWS-RAN-067,Ranchi,RAN,center,False,
2025-02-04 03:00:00,14.0,940.2,79.0,AWS-RAN-067,Ranchi,RAN,center,False,
2025-02-04 04:00:00,14.2,940.0,77.0,AWS-RAN-067,Ranchi,RAN,center,False,
2025-02-04 05:00:00,14.2,940.4,76.0,AWS-RAN-067,Ranchi,RAN,center,False,
2025-02-04 06:00:00,13.9,941.1,78.0,AWS-RAN-067,Ranchi,RAN,center,False,
2025-02-04 07:00:00,16.3,942.5,67.0,AWS-RAN-067,Ranchi,RAN,center,False,
2025-02-04 08:00:00,20.0,944.0,54.0,AWS-RAN-067,Ranchi,RAN,center,False,
2025-02-04 09:00:00,23.2,944.9,44.0,AWS-RAN-067,Ranchi,RAN,center,False,
2025-02-04 10:00:00,25.7,945.1,37.0,AWS-RAN-067,Ranchi,RAN,center,False,
2025-02-04 11:00:00,27.4,944.2,20.938680189098633,AWS-RAN-067,Ranchi,RAN,center,True,drift
2025-02-04 12:00:00,27.9,943.2,20.57018116399587,AWS-RAN-067,Ranchi,RAN,center,True,drift
2025-02-04 13:00:00,28.0,942.3,19.201682138893105,AWS-RAN-067,Ranchi,RAN,center,True,drift
2025-02-04 14:00:00,27.5,941.6,19.83318311379034,AWS-RAN-067,Ranchi,RAN,center,True,drift
2025-02-04 15:00:00,27.0,941.3,19.464684088687576,AWS-RAN-067,Ranchi,RAN,center,True,drift
2025-02-04 16:00:00,25.8,941.1,22.096185063584812,AWS-RAN-067,Ranchi,RAN,center,True,drift
2025-02-04 17:00:00,23.6,941.0,27.727686038482048,AWS-RAN-067,Ranchi,RAN,center,True,drift
2025-02-04 18:00:00,21.7,940.6,34.359187013379284,AWS-RAN-067,Ranchi,RAN,center,True,drift
2025-02-04 19:00:00,20.6,941.0,36.99068798827652,AWS-RAN-067,Ranchi,RAN,center,True,drift
2025-02-04 20:00:00,19.9,941.3,39.622188963173755,AWS-RAN-067,Ranchi,RAN,center,True,drift
2025-02-04 21:00:00,19.3,941.1,41.25368993807099,AWS-RAN-067,Ranchi,RAN,center,True,drift
2025-02-04 22:00:00,19.5,940.8,38.88519091296823,AWS-RAN-067,Ranchi,RAN,center,True,drift
2025-02-04 23:00:00,19.7,940.3,37.51669188786546,AWS-RAN-067,Ranchi,RAN,center,True,drift
2025-02-05 00:00:00,19.7,939.9,36.14819286276269,AWS-RAN-067,Ranchi,RAN,center,True,drift
2025-02-05 01:00:00,19.8,939.4,34.77969383765993,AWS-RAN-067,Ranchi,RAN,center,True,drift
2025-02-05 02:00:00,19.1,939.1,37.41119481255716,AWS-RAN-067,Ranchi,RAN,center,True,drift
2025-02-05 03:00:00,18.0,938.9,42.0426957874544,AWS-RAN-067,Ranchi,RAN,center,True,drift
2025-02-05 04:00:00,17.4,938.8,43.674196762351635,AWS-RAN-067,Ranchi,RAN,center,True,drift
2025-02-05 05:00:00,17.1,939.2,43.30569773724887,AWS-RAN-067,Ranchi,RAN,center,True,drift
2025-02-05 06:00:00,16.9,939.6,44.937198712146106,AWS-RAN-067,Ranchi,RAN,center,True,drift
2025-02-05 07:00:00,18.9,940.8,38.56869968704334,AWS-RAN-067,Ranchi,RAN,center,True,drift
2025-02-05 08:00:00,22.6,942.4,28.200200661940578,AWS-RAN-067,Ranchi,RAN,center,True,drift
2025-02-05 09:00:00,25.7,943.5,19.831701636837813,AWS-RAN-067,Ranchi,RAN,center,True,drift
2025-02-05 10:00:00,27.7,943.5,15.46320261173505,AWS-RAN-067,Ranchi,RAN,center,True,drift
2025-02-05 11:00:00,29.0,943.5,12.094703586632285,AWS-RAN-067,Ranchi,RAN,center,True,drift
2025-02-05 12:00:00,29.8,943.5,9.72620456152952,AWS-RAN-067,Ranchi,RAN,center,True,drift
2025-02-05 13:00:00,29.7,943.5,9.357705536426753,AWS-RAN-067,Ranchi,RAN,center,True,drift
2025-02-05 14:00:00,29.7,943.5,6.989206511323989,AWS-RAN-067,Ranchi,RAN,center,True,drift
2025-02-05 15:00:00,28.9,943.5,9.620707486221225,AWS-RAN-067,Ranchi,RAN,center,True,drift
2025-02-05 16:00:00,27.8,943.5,33.0,AWS-RAN-067,Ranchi,RAN,center,True,frozen_value
2025-02-05 17:00:00,25.8,943.5,39.0,AWS-RAN-067,Ranchi,RAN,center,True,frozen_value
2025-02-05 18:00:00,23.7,943.5,46.0,AWS-RAN-067,Ranchi,RAN,center,True,frozen_value
2025-02-05 19:00:00,22.6,943.5,51.0,AWS-RAN-067,Ranchi,RAN,center,True,frozen_value
2025-02-05 20:00:00,21.1,943.5,58.0,AWS-RAN-067,Ranchi,RAN,center,True,frozen_value
2025-02-05 21:00:00,19.8,943.5,64.0,AWS-RAN-067,Ranchi,RAN,center,True,frozen_value
2025-02-05 22:00:00,19.6,943.5,65.0,AWS-RAN-067,Ranchi,RAN,center,True,frozen_value
2025-02-05 23:00:00,19.0,943.5,68.0,AWS-RAN-067,Ranchi,RAN,center,True,frozen_value
2025-02-06 00:00:00,18.7,943.5,69.0,AWS-RAN-067,Ranchi,RAN,center,True,frozen_value
2025-02-06 01:00:00,18.5,940.4,70.0,AWS-RAN-067,Ranchi,RAN,center,False,
2025-02-06 02:00:00,18.1,939.9,71.0,AWS-RAN-067,Ranchi,RAN,center,False,
2025-02-06 03:00:00,17.7,939.7,73.0,AWS-RAN-067,Ranchi,RAN,center,False,
2025-02-06 04:00:00,17.1,939.6,76.0,AWS-RAN-067,Ranchi,RAN,center,False,
2025-02-06 05:00:00,16.6,940.1,78.0,AWS-RAN-067,Ranchi,RAN,center,False,
2025-02-06 06:00:00,16.2,941.1,82.0,AWS-RAN-067,Ranchi,RAN,center,False,
2025-02-06 07:00:00,-9.963196589459972,941.9,79.0,AWS-RAN-067,Ranchi,RAN,center,True,spike
2025-02-06 08:00:00,6.42030555032485,943.0,72.0,AWS-RAN-067,Ranchi,RAN,center,True,spike
2025-02-06 09:00:00,15.023875754474407,943.6,61.0,AWS-RAN-067,Ranchi,RAN,center,True,spike
2025-02-06 10:00:00,20.12656825579435,943.6,51.0,AWS-RAN-067,Ranchi,RAN,center,True,spike
2025-02-06 11:00:00,24.5,943.4,44.0,AWS-RAN-067,Ranchi,RAN,center,False,
2025-02-06 12:00:00,25.5,942.6,39.0,AWS-RAN-067,Ranchi,RAN,center,False,
2025-02-06 13:00:00,26.1,941.9,35.0,AWS-RAN-067,Ranchi,RAN,center,False,
2025-02-06 14:00:00,26.1,941.3,32.0,AWS-RAN-067,Ranchi,RAN,center,False,
2025-02-06 15:00:00,25.5,940.7,29.0,AWS-RAN-067,Ranchi,RAN,center,False,
2025-02-06 16:00:00,24.3,940.6,28.0,AWS-RAN-067,Ranchi,RAN,center,False,
2025-02-06 17:00:00,22.0,940.8,29.0,AWS-RAN-067,Ranchi,RAN,center,False,
2025-02-06 18:00:00,20.1,941.1,34.0,AWS-RAN-067,Ranchi,RAN,center,False,
2025-02-06 19:00:00,18.8,941.7,31.0,AWS-RAN-067,Ranchi,RAN,center,False,
2025-02-06 20:00:00,17.6,942.0,30.0,AWS-RAN-067,Ranchi,RAN,center,False,
2025-02-06 21:00:00,17.0,942.1,29.0,AWS-RAN-067,Ranchi,RAN,center,False,
2025-02-06 22:00:00,16.6,942.0,28.0,AWS-RAN-067,Ranchi,RAN,center,False,
2025-02-06 23:00:00,15.8,941.9,28.0,AWS-RAN-067,Ranchi,RAN,center,False,
2025-02-07 00:00:00,15.1,941.2,29.0,AWS-RAN-067,Ranchi,RAN,center,False,
2025-02-07 01:00:00,14.6,940.7,,AWS-RAN-067,Ranchi,RAN,center,True,dropout
2025-02-07 02:00:00,14.2,940.2,33.0,AWS-RAN-067,Ranchi,RAN,center,False,
2025-02-07 03:00:00,13.7,940.0,36.0,AWS-RAN-067,Ranchi,RAN,center,False,
2025-02-07 04:00:00,13.3,940.0,40.0,AWS-RAN-067,Ranchi,RAN,center,False,
2025-02-07 05:00:00,12.9,940.4,43.0,AWS-RAN-067,Ranchi,RAN,center,False,
2025-02-07 06:00:00,12.2,941.3,52.0,AWS-RAN-067,Ranchi,RAN,center,False,
2025-02-07 07:00:00,13.4,942.3,50.0,AWS-RAN-067,Ranchi,RAN,center,False,
2025-02-07 08:00:00,16.1,943.8,42.0,AWS-RAN-067,Ranchi,RAN,center,False,
2025-02-07 09:00:00,18.7,945.0,34.0,AWS-RAN-067,Ranchi,RAN,center,False,
2025-02-07 10:00:00,21.0,945.2,29.0,AWS-RAN-067,Ranchi,RAN,center,False,
2025-02-07 11:00:00,23.2,944.7,22.0,AWS-RAN-067,Ranchi,RAN,center,False,
2025-02-07 12:00:00,24.9,943.8,17.0,AWS-RAN-067,Ranchi,RAN,center,False,
2025-02-07 13:00:00,25.6,943.1,15.0,AWS-RAN-067,Ranchi,RAN,center,False,
2025-02-07 14:00:00,25.7,942.2,14.0,AWS-RAN-067,Ranchi,RAN,center,False,
2025-02-07 15:00:00,25.4,941.8,16.0,AWS-RAN-067,Ranchi,RAN,center,False,
2025-02-07 16:00:00,24.3,941.8,18.0,AWS-RAN-067,Ranchi,RAN,center,False,
2025-02-07 17:00:00,21.3,941.3,26.0,AWS-RAN-067,Ranchi,RAN,center,False,
2025-02-07 18:00:00,19.3,941.6,33.0,AWS-RAN-067,Ranchi,RAN,center,False,
2025-02-07 19:00:00,18.4,942.4,36.0,AWS-RAN-067,Ranchi,RAN,center,False,
2025-02-07 20:00:00,17.0,942.6,38.0,AWS-RAN-067,Ranchi,RAN,center,False,
2025-02-07 21:00:00,16.3,942.7,36.0,AWS-RAN-067,Ranchi,RAN,center,False,
2025-02-07 22:00:00,16.5,942.8,32.0,AWS-RAN-067,Ranchi,RAN,center,False,
2025-02-07 23:00:00,16.4,942.6,32.0,AWS-RAN-067,Ranchi,RAN,center,False,
2025-02-08 00:00:00,15.7,941.8,34.0,AWS-RAN-067,Ranchi,RAN,center,False,
2025-02-08 01:00:00,14.9,940.9,36.0,AWS-RAN-067,Ranchi,RAN,center,False,
2025-02-08 02:00:00,14.1,940.3,37.0,AWS-RAN-067,Ranchi,RAN,center,True,frozen_value
2025-02-08 03:00:00,13.4,940.3,37.0,AWS-RAN-067,Ranchi,RAN,center,True,frozen_value
2025-02-08 04:00:00,12.8,940.3,37.0,AWS-RAN-067,Ranchi,RAN,center,True,frozen_value
2025-02-08 05:00:00,12.4,940.7,37.0,AWS-RAN-067,Ranchi,RAN,center,True,frozen_value
2025-02-08 06:00:00,11.7,941.5,37.0,AWS-RAN-067,Ranchi,RAN,center,True,frozen_value
2025-02-08 07:00:00,13.3,942.7,37.0,AWS-RAN-067,Ranchi,RAN,center,True,frozen_value
2025-02-08 08:00:00,16.6,944.1,37.0,AWS-RAN-067,Ranchi,RAN,center,True,frozen_value
2025-02-08 09:00:00,19.3,945.1,37.0,AWS-RAN-067,Ranchi,RAN,center,True,frozen_value
2025-02-08 10:00:00,21.3,945.3,37.0,AWS-RAN-067,Ranchi,RAN,center,True,frozen_value
2025-02-08 11:00:00,22.9,944.9,37.0,AWS-RAN-067,Ranchi,RAN,center,True,frozen_value
2025-02-08 12:00:00,24.0,944.0,17.0,AWS-RAN-067,Ranchi,RAN,center,False,
2025-02-08 13:00:00,24.7,943.0,15.0,AWS-RAN-067,Ranchi,RAN,center,False,
2025-02-08 14:00:00,24.7,942.0,14.0,AWS-RAN-067,Ranchi,RAN,center,False,
2025-02-08 15:00:00,24.2,941.6,15.0,AWS-RAN-067,Ranchi,RAN,center,False,
2025-02-08 16:00:00,23.0,941.5,17.0,AWS-RAN-067,Ranchi,RAN,center,False,
2025-02-08 17:00:00,20.8,941.4,22.0,AWS-RAN-067,Ranchi,RAN,center,False,
2025-02-08 18:00:00,18.7,941.5,27.0,AWS-RAN-067,Ranchi,RAN,center,False,
2025-02-08 19:00:00,17.8,942.0,29.0,AWS-RAN-067,Ranchi,RAN,center,False,
2025-02-08 20:00:00,17.1,942.5,29.0,AWS-RAN-067,Ranchi,RAN,center,False,
2025-02-08 21:00:00,16.4,942.7,29.0,AWS-RAN-067,Ranchi,RAN,center,False,
2025-02-08 22:00:00,15.6,942.7,31.0,AWS-RAN-067,Ranchi,RAN,center,False,
2025-02-08 23:00:00,15.1,942.4,33.0,AWS-RAN-067,Ranchi,RAN,center,False,
2025-02-09 00:00:00,14.7,941.8,34.0,AWS-RAN-067,Ranchi,RAN,center,False,
2025-02-09 01:00:00,14.4,941.1,34.0,AWS-RAN-067,Ranchi,RAN,center,False,
2025-02-09 02:00:00,13.9,940.4,37.0,AWS-RAN-067,Ranchi,RAN,center,False,
2025-02-09 03:00:00,13.3,940.0,39.0,AWS-RAN-067,Ranchi,RAN,center,False,
2025-02-09 04:00:00,12.8,939.9,42.0,AWS-RAN-067,Ranchi,RAN,center,False,
2025-02-09 05:00:00,12.5,940.2,43.0,AWS-RAN-067,Ranchi,RAN,center,False,
2025-02-09 06:00:00,12.3,940.9,47.0,AWS-RAN-067,Ranchi,RAN,center,False,
2025-02-09 07:00:00,14.5,942.1,41.0,AWS-RAN-067,Ranchi,RAN,center,False,
2025-02-09 08:00:00,18.3,943.7,32.0,AWS-RAN-067,Ranchi,RAN,center,False,
2025-02-09 09:00:00,21.0,944.6,-0.03878358071032289,AWS-RAN-067,Ranchi,RAN,center,True,sensor_fail_low
2025-02-09 10:00:00,22.9,944.6,-0.09638840068900079,AWS-RAN-067,Ranchi,RAN,center,True,sensor_fail_low
2025-02-09 11:00:00,24.2,944.0,0.045560415478948624,AWS-RAN-067,Ranchi,RAN,center,True,sensor_fail_low
2025-02-09 12:00:00,25.3,942.9,0.040442278666234656,AWS-RAN-067,Ranchi,RAN,center,True,sensor_fail_low
2025-02-09 13:00:00,25.9,942.0,19.0,AWS-RAN-067,Ranchi,RAN,center,False,
2025-02-09 14:00:00,25.9,941.3,20.0,AWS-RAN-067,Ranchi,RAN,center,False,
2025-02-09 15:00:00,25.5,940.9,20.0,AWS-RAN-067,Ranchi,RAN,center,False,
2025-02-09 16:00:00,24.4,941.0,21.0,AWS-RAN-067,Ranchi,RAN,center,False,
2025-02-09 17:00:00,21.8,940.8,25.0,AWS-RAN-067,Ranchi,RAN,center,False,
2025-02-09 18:00:00,20.0,940.9,30.0,AWS-RAN-067,Ranchi,RAN,center,False,
2025-02-09 19:00:00,19.1,941.2,32.0,AWS-RAN-067,Ranchi,RAN,center,False,
2025-02-09 20:00:00,18.8,941.6,33.0,AWS-RAN-067,Ranchi,RAN,center,False,
2025-02-09 21:00:00,18.4,942.0,34.0,AWS-RAN-067,Ranchi,RAN,center,False,
2025-02-09 22:00:00,18.0,942.1,35.0,AWS-RAN-067,Ranchi,RAN,center,False,
2025-02-09 23:00:00,17.5,941.6,36.0,AWS-RAN-067,Ranchi,RAN,center,False,
2025-02-10 00:00:00,16.9,941.0,37.0,AWS-RAN-067,Ranchi,RAN,center,False,
2025-02-10 01:00:00,26.29940863379159,940.5787071215893,71.77625416074741,AWS-RAN-067,Ranchi,RAN,center,True,multivariate_inconsistency
2025-02-10 02:00:00,25.49940863379159,940.2046100245982,77.30693437073379,AWS-RAN-067,Ranchi,RAN,center,True,multivariate_inconsistency
2025-02-10 03:00:00,24.699408633791588,938.5948538957975,81.05772414935223,AWS-RAN-067,Ranchi,RAN,center,True,multivariate_inconsistency
2025-02-10 04:00:00,24.49940863379159,939.6636879582359,81.09662886674272,AWS-RAN-067,Ranchi,RAN,center,True,multivariate_inconsistency
2025-02-10 05:00:00,13.9,939.6,44.0,AWS-RAN-067,Ranchi,RAN,center,False,
2025-02-10 06:00:00,13.5,924.6339437831912,49.0,AWS-RAN-067,Ranchi,RAN,center,True,spike
2025-02-10 07:00:00,17.1,926.2339437831912,41.0,AWS-RAN-067,Ranchi,RAN,center,True,spike
2025-02-10 08:00:00,20.8,927.8339437831912,35.0,AWS-RAN-067,Ranchi,RAN,center,True,spike
2025-02-10 09:00:00,23.6,929.0339437831913,27.0,AWS-RAN-067,Ranchi,RAN,center,True,spike
2025-02-10 10:00:00,-11.809668493728402,929.1339437831912,23.0,AWS-RAN-067,Ranchi,RAN,center,True,spike
2025-02-10 11:00:00,26.8,928.5339437831913,21.0,AWS-RAN-067,Ranchi,RAN,center,True,spike
2025-02-10 12:00:00,27.9,943.7,19.0,AWS-RAN-067,Ranchi,RAN,center,False,
2025-02-10 13:00:00,28.6,942.7,17.0,AWS-RAN-067,Ranchi,RAN,center,False,
2025-02-10 14:00:00,28.5,941.7,18.0,AWS-RAN-067,Ranchi,RAN,center,False,
2025-02-10 15:00:00,27.7,941.5,21.0,AWS-RAN-067,Ranchi,RAN,center,False,
2025-02-10 16:00:00,26.4,941.4,23.0,AWS-RAN-067,Ranchi,RAN,center,False,
2025-02-10 17:00:00,23.5,941.2,29.0,AWS-RAN-067,Ranchi,RAN,center,False,
2025-02-10 18:00:00,22.0,941.0,31.0,AWS-RAN-067,Ranchi,RAN,center,False,
2025-02-10 19:00:00,20.3,941.6,35.0,AWS-RAN-067,Ranchi,RAN,center,False,
2025-02-10 20:00:00,19.3,941.9,39.0,AWS-RAN-067,Ranchi,RAN,center,False,
2025-02-10 21:00:00,18.2,941.9,43.0,AWS-RAN-067,Ranchi,RAN,center,False,
2025-02-10 22:00:00,18.1,941.9,44.0,AWS-RAN-067,Ranchi,RAN,center,False,
2025-02-10 23:00:00,18.1,941.4,43.0,AWS-RAN-067,Ranchi,RAN,center,False,
2025-02-11 00:00:00,17.8,941.1,43.0,AWS-RAN-067,Ranchi,RAN,center,False,
2025-02-11 01:00:00,17.4,940.1,44.0,AWS-RAN-067,Ranchi,RAN,center,False,
2025-02-11 02:00:00,17.0,939.5,46.0,AWS-RAN-067,Ranchi,RAN,center,False,
2025-02-11 03:00:00,17.0,939.0,46.0,AWS-RAN-067,Ranchi,RAN,center,False,
2025-02-11 04:00:00,17.1,939.1,46.0,AWS-RAN-067,Ranchi,RAN,center,False,
2025-02-11 05:00:00,17.3,939.8,46.0,AWS-RAN-067,Ranchi,RAN,center,False,
2025-02-11 06:00:00,17.0,940.5,51.0,AWS-RAN-067,Ranchi,RAN,center,False,
2025-02-11 07:00:00,18.9,941.7,47.0,AWS-RAN-067,Ranchi,RAN,center,False,
2025-02-11 08:00:00,22.2,943.4,39.0,AWS-RAN-067,Ranchi,RAN,center,False,
2025-02-11 09:00:00,24.5,944.2,35.0,AWS-RAN-067,Ranchi,RAN,center,False,
2025-02-11 10:00:00,26.3,944.5,29.0,AWS-RAN-067,Ranchi,RAN,center,False,
2025-02-11 11:00:00,27.3,943.7,26.0,AWS-RAN-067,Ranchi,RAN,center,False,
2025-02-11 12:00:00,27.8,943.0,23.0,AWS-RAN-067,Ranchi,RAN,center,False,
2025-02-11 13:00:00,28.2,942.2,21.0,AWS-RAN-067,Ranchi,RAN,center,False,
2025-02-11 14:00:00,28.0,941.3,19.0,AWS-RAN-067,Ranchi,RAN,center,False,
2025-02-11 15:00:00,27.7,940.7,18.0,AWS-RAN-067,Ranchi,RAN,center,False,
2025-02-11 16:00:00,26.5,940.7,20.0,AWS-RAN-067,Ranchi,RAN,center,False,
2025-02-11 17:00:00,24.4,940.4,24.0,AWS-RAN-067,Ranchi,RAN,center,False,
2025-02-11 18:00:00,21.8,940.4,31.0,AWS-RAN-067,Ranchi,RAN,center,False,
2025-02-11 19:00:00,21.3,941.0,32.0,AWS-RAN-067,Ranchi,RAN,center,False,
2025-02-11 20:00:00,21.0,941.3,33.0,AWS-RAN-067,Ranchi,RAN,center,False,
2025-02-11 21:00:00,20.3,941.4,35.0,AWS-RAN-067,Ranchi,RAN,center,False,
2025-02-11 22:00:00,19.7,941.5,36.0,AWS-RAN-067,Ranchi,RAN,center,False,
2025-02-11 23:00:00,18.8,941.2,39.0,AWS-RAN-067,Ranchi,RAN,center,False,
2025-02-12 00:00:00,17.9,940.6,42.0,AWS-RAN-067,Ranchi,RAN,center,False,
2025-02-12 01:00:00,23.968446771352887,933.1947742266983,62.301512578657366,AWS-RAN-067,Ranchi,RAN,center,True,unstructured_anomaly
2025-02-12 02:00:00,22.470578851567392,931.5734470971536,28.38450748495929,AWS-RAN-067,Ranchi,RAN,center,True,unstructured_anomaly
2025-02-12 03:00:00,10.918991813225261,946.954154619731,27.942590344152087,AWS-RAN-067,Ranchi,RAN,center,True,unstructured_anomaly
2025-02-12 04:00:00,22.902898705299407,930.9591971922675,29.401347540145203,AWS-RAN-067,Ranchi,RAN,center,True,unstructured_anomaly
2025-02-12 05:00:00,10.927669462949847,947.5941033514308,62.23755086131089,AWS-RAN-067,Ranchi,RAN,center,True,unstructured_anomaly
2025-02-12 06:00:00,22.89952264274004,933.0240128669291,35.73311866945457,AWS-RAN-067,Ranchi,RAN,center,True,unstructured_anomaly
2025-02-12 07:00:00,24.91999150726629,933.6235622886439,27.91506320730634,AWS-RAN-067,Ranchi,RAN,center,True,unstructured_anomaly
2025-02-12 08:00:00,15.529395918850957,949.7466839599546,20.38090306022408,AWS-RAN-067,Ranchi,RAN,center,True,unstructured_anomaly
2025-02-12 09:00:00,25.3,944.5,29.0,AWS-RAN-067,Ranchi,RAN,center,False,
2025-02-12 10:00:00,27.1,944.5,26.0,AWS-RAN-067,Ranchi,RAN,center,False,
2025-02-12 11:00:00,28.1,943.6,23.0,AWS-RAN-067,Ranchi,RAN,center,False,
2025-02-12 12:00:00,28.6,942.6,22.0,AWS-RAN-067,Ranchi,RAN,center,False,
2025-02-12 13:00:00,28.4,941.5,23.0,AWS-RAN-067,Ranchi,RAN,center,False,
2025-02-12 14:00:00,28.2,940.6,23.0,AWS-RAN-067,Ranchi,RAN,center,False,
2025-02-12 15:00:00,27.7,940.1,24.0,AWS-RAN-067,Ranchi,RAN,center,False,
2025-02-12 16:00:00,26.7,940.2,26.0,AWS-RAN-067,Ranchi,RAN,center,False,
2025-02-12 17:00:00,24.3,939.9,30.0,AWS-RAN-067,Ranchi,RAN,center,False,
2025-02-12 18:00:00,22.6,940.3,33.0,AWS-RAN-067,Ranchi,RAN,center,False,
2025-02-12 19:00:00,21.3,940.8,36.0,AWS-RAN-067,Ranchi,RAN,center,False,
2025-02-12 20:00:00,20.0,941.0,40.0,AWS-RAN-067,Ranchi,RAN,center,False,
2025-02-12 21:00:00,19.0,941.2,43.0,AWS-RAN-067,Ranchi,RAN,center,False,
2025-02-12 22:00:00,18.2,941.1,45.0,AWS-RAN-067,Ranchi,RAN,center,False,
2025-02-12 23:00:00,18.0,940.9,45.0,AWS-RAN-067,Ranchi,RAN,center,False,
2025-02-13 00:00:00,18.1,940.7,44.0,AWS-RAN-067,Ranchi,RAN,center,False,
2025-02-13 01:00:00,17.6,940.2,46.0,AWS-RAN-067,Ranchi,RAN,center,False,
2025-02-13 02:00:00,17.5,939.5,47.0,AWS-RAN-067,Ranchi,RAN,center,False,
2025-02-13 03:00:00,17.2,939.1,47.0,AWS-RAN-067,Ranchi,RAN,center,False,
2025-02-13 04:00:00,16.8,939.0,47.0,AWS-RAN-067,Ranchi,RAN,center,False,
2025-02-13 05:00:00,16.6,939.5,46.0,AWS-RAN-067,Ranchi,RAN,center,False,
2025-02-13 06:00:00,15.9,940.3,58.0,AWS-RAN-067,Ranchi,RAN,center,False,
2025-02-13 07:00:00,17.2,941.5,57.0,AWS-RAN-067,Ranchi,RAN,center,False,
2025-02-13 08:00:00,19.4,942.7,50.0,AWS-RAN-067,Ranchi,RAN,center,False,
2025-02-13 09:00:00,21.1,943.8,40.0,AWS-RAN-067,Ranchi,RAN,center,False,
2025-02-13 10:00:00,22.5,943.8,33.0,AWS-RAN-067,Ranchi,RAN,center,False,
2025-02-13 11:00:00,23.9,943.2,27.0,AWS-RAN-067,Ranchi,RAN,center,False,
2025-02-13 12:00:00,25.1,942.1,22.0,AWS-RAN-067,Ranchi,RAN,center,False,
2025-02-13 13:00:00,26.1,941.2,18.0,AWS-RAN-067,Ranchi,RAN,center,False,
2025-02-13 14:00:00,26.1,940.3,17.0,AWS-RAN-067,Ranchi,RAN,center,False,
2025-02-13 15:00:00,25.6,939.7,17.0,AWS-RAN-067,Ranchi,RAN,center,False,
2025-02-13 16:00:00,24.7,939.6,17.0,AWS-RAN-067,Ranchi,RAN,center,False,
2025-02-13 17:00:00,22.3,939.5,21.0,AWS-RAN-067,Ranchi,RAN,center,False,
2025-02-13 18:00:00,20.0,939.7,27.0,AWS-RAN-067,Ranchi,RAN,center,False,
2025-02-13 19:00:00,18.9,940.4,30.0,AWS-RAN-067,Ranchi,RAN,center,False,
2025-02-13 20:00:00,18.2,941.0,33.0,AWS-RAN-067,Ranchi,RAN,center,False,
2025-02-13 21:00:00,17.7,941.2,34.0,AWS-RAN-067,Ranchi,RAN,center,False,
2025-02-13 22:00:00,16.8,941.6,36.0,AWS-RAN-067,Ranchi,RAN,center,False,
2025-02-13 23:00:00,16.3,941.2,36.0,AWS-RAN-067,Ranchi,RAN,center,False,
2025-02-14 00:00:00,16.2,940.9,37.0,AWS-RAN-067,Ranchi,RAN,center,False,
2025-02-14 01:00:00,15.5,940.2,40.0,AWS-RAN-067,Ranchi,RAN,center,False,
2025-02-14 02:00:00,14.9,938.9,46.0,AWS-RAN-067,Ranchi,RAN,center,False,
2025-02-14 03:00:00,14.4,938.8,48.0,AWS-RAN-067,Ranchi,RAN,center,False,
2025-02-14 04:00:00,14.2,938.4,49.0,AWS-RAN-067,Ranchi,RAN,center,False,
2025-02-14 05:00:00,13.8,938.5,48.0,AWS-RAN-067,Ranchi,RAN,center,False,
2025-02-14 06:00:00,12.6,939.8,53.0,AWS-RAN-067,Ranchi,RAN,center,False,
2025-02-14 07:00:00,14.5,941.0,48.0,AWS-RAN-067,Ranchi,RAN,center,False,
2025-02-14 08:00:00,17.5,942.3,39.0,AWS-RAN-067,Ranchi,RAN,center,False,
2025-02-14 09:00:00,20.3,943.2,29.0,AWS-RAN-067,Ranchi,RAN,center,False,
2025-02-14 10:00:00,22.6,943.4,20.0,AWS-RAN-067,Ranchi,RAN,center,False,
2025-02-14 11:00:00,23.9,942.7,16.0,AWS-RAN-067,Ranchi,RAN,center,False,
2025-02-14 12:00:00,24.8,941.5,14.0,AWS-RAN-067,Ranchi,RAN,center,False,
2025-02-14 13:00:00,25.5,940.4,14.0,AWS-RAN-067,Ranchi,RAN,center,False,
2025-02-14 14:00:00,25.6,939.6,15.0,AWS-RAN-067,Ranchi,RAN,center,False,
2025-02-14 15:00:00,25.2,939.3,16.0,AWS-RAN-067,Ranchi,RAN,center,False,
2025-02-14 16:00:00,24.4,939.2,17.0,AWS-RAN-067,Ranchi,RAN,center,False,
2025-02-14 17:00:00,22.3,939.2,20.0,AWS-RAN-067,Ranchi,RAN,center,False,
2025-02-14 18:00:00,20.0,939.5,27.0,AWS-RAN-067,Ranchi,RAN,center,False,
2025-02-14 19:00:00,18.9,939.8,30.0,AWS-RAN-067,Ranchi,RAN,center,False,
2025-02-14 20:00:00,18.1,940.4,32.0,AWS-RAN-067,Ranchi,RAN,center,False,
2025-02-14 21:00:00,17.5,940.7,34.0,AWS-RAN-067,Ranchi,RAN,center,False,
2025-02-14 22:00:00,17.0,940.7,35.0,AWS-RAN-067,Ranchi,RAN,center,False,
2025-02-14 23:00:00,16.6,940.3,35.0,AWS-RAN-067,Ranchi,RAN,center,False,
2025-02-15 00:00:00,16.3,940.0,36.0,AWS-RAN-067,Ranchi,RAN,center,False,
2025-02-15 01:00:00,15.9,939.4,39.0,AWS-RAN-067,Ranchi,RAN,center,False,
2025-02-15 02:00:00,15.8,939.0,41.0,AWS-RAN-067,Ranchi,RAN,center,False,
2025-02-15 03:00:00,16.0,938.6,40.0,AWS-RAN-067,Ranchi,RAN,center,False,
2025-02-15 04:00:00,16.0,938.6,38.0,AWS-RAN-067,Ranchi,RAN,center,False,
2025-02-15 05:00:00,15.6,939.0,39.0,AWS-RAN-067,Ranchi,RAN,center,False,
2025-02-15 06:00:00,14.3,939.8,46.0,AWS-RAN-067,Ranchi,RAN,center,False,
2025-02-15 07:00:00,16.5,941.1,41.0,AWS-RAN-067,Ranchi,RAN,center,False,
2025-02-15 08:00:00,20.1,942.5,34.0,AWS-RAN-067,Ranchi,RAN,center,False,
2025-02-15 09:00:00,22.6,943.3,27.0,AWS-RAN-067,Ranchi,RAN,center,False,
2025-02-15 10:00:00,24.2,943.4,23.0,AWS-RAN-067,Ranchi,RAN,center,False,
2025-02-15 11:00:00,25.4,942.5,21.0,AWS-RAN-067,Ranchi,RAN,center,False,
2025-02-15 12:00:00,26.2,941.4,21.0,AWS-RAN-067,Ranchi,RAN,center,False,
2025-02-15 13:00:00,26.7,940.4,20.0,AWS-RAN-067,Ranchi,RAN,center,False,
2025-02-15 14:00:00,26.5,939.6,21.0,AWS-RAN-067,Ranchi,RAN,center,False,
2025-02-15 15:00:00,26.2,939.2,21.0,AWS-RAN-067,Ranchi,RAN,center,False,
2025-02-15 16:00:00,25.6,939.4,22.0,AWS-RAN-067,Ranchi,RAN,center,False,
2025-02-15 17:00:00,23.5,939.4,26.0,AWS-RAN-067,Ranchi,RAN,center,False,
2025-02-15 18:00:00,21.2,939.2,31.0,AWS-RAN-067,Ranchi,RAN,center,False,
2025-02-15 19:00:00,20.2,939.6,33.0,AWS-RAN-067,Ranchi,RAN,center,False,
2025-02-15 20:00:00,19.7,940.0,35.0,AWS-RAN-067,Ranchi,RAN,center,False,
2025-02-15 21:00:00,17.8,940.3,40.0,AWS-RAN-067,Ranchi,RAN,center,False,
2025-02-15 22:00:00,17.3,940.5,41.0,AWS-RAN-067,Ranchi,RAN,center,False,
2025-02-15 23:00:00,17.0,939.8,43.0,AWS-RAN-067,Ranchi,RAN,center,False,
2025-02-16 00:00:00,17.0,939.4,42.0,AWS-RAN-067,Ranchi,RAN,center,False,
2025-02-16 01:00:00,16.6,938.3,43.0,AWS-RAN-067,Ranchi,RAN,center,False,
2025-02-16 02:00:00,15.8,937.7,46.0,AWS-RAN-067,Ranchi,RAN,center,False,
2025-02-16 03:00:00,15.4,937.3,47.0,AWS-RAN-067,Ranchi,RAN,center,False,
2025-02-16 04:00:00,15.1,937.2,48.0,AWS-RAN-067,Ranchi,RAN,center,False,
2025-02-16 05:00:00,15.2,937.8,47.0,AWS-RAN-067,Ranchi,RAN,center,False,
2025-02-16 06:00:00,8.60604589962271,947.4357062447469,34.85624852599566,AWS-RAN-067,Ranchi,RAN,center,True,unstructured_anomaly
2025-02-16 07:00:00,11.28263908701354,948.5122708347753,59.829175851831565,AWS-RAN-067,Ranchi,RAN,center,True,unstructured_anomaly
2025-02-16 08:00:00,29.10527551438079,934.3410660655323,49.7560732476428,AWS-RAN-067,Ranchi,RAN,center,True,unstructured_anomaly
2025-02-16 09:00:00,18.232425639307415,951.5691649016379,15.0,AWS-RAN-067,Ranchi,RAN,center,True,unstructured_anomaly
2025-02-16 10:00:00,27.1,943.1,24.0,AWS-RAN-067,Ranchi,RAN,center,False,
2025-02-16 11:00:00,28.6,942.5,20.0,AWS-RAN-067,Ranchi,RAN,center,False,
2025-02-16 12:00:00,29.1,941.4,20.0,AWS-RAN-067,Ranchi,RAN,center,False,
2025-02-16 13:00:00,29.7,940.3,19.0,AWS-RAN-067,Ranchi,RAN,center,False,
2025-02-16 14:00:00,29.7,939.4,19.0,AWS-RAN-067,Ranchi,RAN,center,False,
2025-02-16 15:00:00,29.4,939.1,19.0,AWS-RAN-067,Ranchi,RAN,center,False,
2025-02-16 16:00:00,28.8,939.1,20.0,AWS-RAN-067,Ranchi,RAN,center,False,
2025-02-16 17:00:00,24.7,938.9,32.0,AWS-RAN-067,Ranchi,RAN,center,False,
2025-02-16 18:00:00,23.0,940.0,33.0,AWS-RAN-067,Ranchi,RAN,center,False,
2025-02-16 19:00:00,21.5,940.7,37.0,AWS-RAN-067,Ranchi,RAN,center,False,
2025-02-16 20:00:00,21.2,941.3,38.0,AWS-RAN-067,Ranchi,RAN,center,False,
2025-02-16 21:00:00,20.6,941.7,40.0,AWS-RAN-067,Ranchi,RAN,center,False,
2025-02-16 22:00:00,19.2,941.9,43.0,AWS-RAN-067,Ranchi,RAN,center,False,
2025-02-16 23:00:00,18.8,941.6,45.0,AWS-RAN-067,Ranchi,RAN,center,False,
2025-02-17 00:00:00,17.9,941.3,51.0,AWS-RAN-067,Ranchi,RAN,center,False,
2025-02-17 01:00:00,17.0,940.7,56.0,AWS-RAN-067,Ranchi,RAN,center,False,
2025-02-17 02:00:00,16.8,939.9,58.0,AWS-RAN-067,Ranchi,RAN,center,False,
2025-02-17 03:00:00,16.3,939.6,61.0,AWS-RAN-067,Ranchi,RAN,center,False,
2025-02-17 04:00:00,15.8,939.7,64.0,AWS-RAN-067,Ranchi,RAN,center,False,
2025-02-17 05:00:00,15.7,940.3,64.0,AWS-RAN-067,Ranchi,RAN,center,False,
2025-02-17 06:00:00,15.3,941.3,67.0,AWS-RAN-067,Ranchi,RAN,center,False,
2025-02-17 07:00:00,18.0,943.1,58.0,AWS-RAN-067,Ranchi,RAN,center,False,
2025-02-17 08:00:00,21.6,944.5,49.0,AWS-RAN-067,Ranchi,RAN,center,False,
2025-02-17 09:00:00,24.4,945.2,40.0,AWS-RAN-067,Ranchi,RAN,center,False,
2025-02-17 10:00:00,26.1,945.1,34.0,AWS-RAN-067,Ranchi,RAN,center,False,
2025-02-17 11:00:00,27.3,944.3,30.0,AWS-RAN-067,Ranchi,RAN,center,False,
2025-02-17 12:00:00,28.3,943.3,28.0,AWS-RAN-067,Ranchi,RAN,center,False,
2025-02-17 13:00:00,29.1,942.5,26.0,AWS-RAN-067,Ranchi,RAN,center,False,
2025-02-17 14:00:00,29.7,941.4,22.0,AWS-RAN-067,Ranchi,RAN,center,False,
2025-02-17 15:00:00,28.8,940.9,24.0,AWS-RAN-067,Ranchi,RAN,center,False,
2025-02-17 16:00:00,27.7,941.0,26.0,AWS-RAN-067,Ranchi,RAN,center,False,
2025-02-17 17:00:00,26.1,941.4,29.0,AWS-RAN-067,Ranchi,RAN,center,False,
2025-02-17 18:00:00,23.7,941.7,36.0,AWS-RAN-067,Ranchi,RAN,center,False,
2025-02-17 19:00:00,21.7,942.5,46.0,AWS-RAN-067,Ranchi,RAN,center,False,
2025-02-17 20:00:00,20.2,942.9,52.0,AWS-RAN-067,Ranchi,RAN,center,False,
2025-02-17 21:00:00,19.5,943.1,55.0,AWS-RAN-067,Ranchi,RAN,center,False,
2025-02-17 22:00:00,18.8,943.3,58.0,AWS-RAN-067,Ranchi,RAN,center,False,
2025-02-17 23:00:00,17.8,943.0,63.0,AWS-RAN-067,Ranchi,RAN,center,False,
2025-02-18 00:00:00,17.2,942.5,68.0,AWS-RAN-067,Ranchi,RAN,center,False,
2025-02-18 01:00:00,16.9,941.8,72.0,AWS-RAN-067,Ranchi,RAN,center,False,
2025-02-18 02:00:00,16.6,941.1,73.0,AWS-RAN-067,Ranchi,RAN,center,False,
2025-02-18 03:00:00,16.2,940.4,74.0,AWS-RAN-067,Ranchi,RAN,center,False,
2025-02-18 04:00:00,15.5,940.2,77.0,AWS-RAN-067,Ranchi,RAN,center,False,
2025-02-18 05:00:00,15.2,940.4,78.0,AWS-RAN-067,Ranchi,RAN,center,False,
2025-02-18 06:00:00,15.3,923.7216810320476,80.0,AWS-RAN-067,Ranchi,RAN,center,True,spike
2025-02-18 07:00:00,17.7,925.1216810320476,69.0,AWS-RAN-067,Ranchi,RAN,center,True,spike
2025-02-18 08:00:00,20.5,926.7216810320476,59.0,AWS-RAN-067,Ranchi,RAN,center,True,spike
2025-02-18 09:00:00,22.8,927.3216810320476,47.0,AWS-RAN-067,Ranchi,RAN,center,True,spike
2025-02-18 10:00:00,24.6,927.7216810320476,39.0,AWS-RAN-067,Ranchi,RAN,center,True,spike
2025-02-18 11:00:00,25.9,926.8216810320476,33.0,AWS-RAN-067,Ranchi,RAN,center,True,spike
2025-02-18 12:00:00,26.8,943.5,29.0,AWS-RAN-067,Ranchi,RAN,center,False,
2025-02-18 13:00:00,27.4,942.6,27.0,AWS-RAN-067,Ranchi,RAN,center,False,
2025-02-18 14:00:00,27.5,941.8,26.0,AWS-RAN-067,Ranchi,RAN,center,False,
2025-02-18 15:00:00,27.4,941.3,26.0,AWS-RAN-067,Ranchi,RAN,center,False,
2025-02-18 16:00:00,26.4,941.1,26.0,AWS-RAN-067,Ranchi,RAN,center,False,
2025-02-18 17:00:00,25.2,949.4689157788524,28.0,AWS-RAN-067,Ranchi,RAN,center,True,drift
2025-02-18 18:00:00,23.6,949.6603097495314,33.0,AWS-RAN-067,Ranchi,RAN,center,True,drift
2025-02-18 19:00:00,22.7,950.4517037202103,37.0,AWS-RAN-067,Ranchi,RAN,center,True,drift
2025-02-18 20:00:00,22.1,951.5430976908891,39.0,AWS-RAN-067,Ranchi,RAN,center,True,drift
2025-02-18 21:00:00,20.9,952.2344916615681,41.0,AWS-RAN-067,Ranchi,RAN,center,True,drift
2025-02-18 22:00:00,19.7,952.325885632247,44.0,AWS-RAN-067,Ranchi,RAN,center,True,drift
2025-02-18 23:00:00,19.5,952.2172796029259,45.0,AWS-RAN-067,Ranchi,RAN,center,True,drift
2025-02-19 00:00:00,18.5,952.1086735736048,48.0,AWS-RAN-067,Ranchi,RAN,center,True,drift
2025-02-19 01:00:00,18.3,952.1000675442838,49.0,AWS-RAN-067,Ranchi,RAN,center,True,drift
2025-02-19 02:00:00,17.5,951.7914615149627,53.0,AWS-RAN-067,Ranchi,RAN,center,True,drift
2025-02-19 03:00:00,17.3,951.7828554856417,54.0,AWS-RAN-067,Ranchi,RAN,center,True,drift
2025-02-19 04:00:00,17.3,952.1742494563206,56.0,AWS-RAN-067,Ranchi,RAN,center,True,drift
2025-02-19 05:00:00,16.4,952.8656434269996,61.0,AWS-RAN-067,Ranchi,RAN,center,True,drift
2025-02-19 06:00:00,16.4,954.3570373976785,67.0,AWS-RAN-067,Ranchi,RAN,center,True,drift
2025-02-19 07:00:00,18.6,955.8484313683574,60.0,AWS-RAN-067,Ranchi,RAN,center,True,drift
2025-02-19 08:00:00,21.7,957.6398253390364,51.0,AWS-RAN-067,Ranchi,RAN,center,True,drift
2025-02-19 09:00:00,24.0,958.6312193097152,42.0,AWS-RAN-067,Ranchi,RAN,center,True,drift
2025-02-19 10:00:00,25.7,958.8226132803942,38.0,AWS-RAN-067,Ranchi,RAN,center,True,drift
2025-02-19 11:00:00,26.8,958.514007251073,34.0,AWS-RAN-067,Ranchi,RAN,center,True,drift
2025-02-19 12:00:00,27.0,957.9054012217521,32.0,AWS-RAN-067,Ranchi,RAN,center,True,drift
2025-02-19 13:00:00,27.8,957.096795192431,30.0,AWS-RAN-067,Ranchi,RAN,center,True,drift
2025-02-19 14:00:00,27.7,956.48818916311,30.0,AWS-RAN-067,Ranchi,RAN,center,True,drift
2025-02-19 15:00:00,27.4,956.3795831337889,30.0,AWS-RAN-067,Ranchi,RAN,center,True,drift
2025-02-19 16:00:00,27.1,956.4709771044678,30.0,AWS-RAN-067,Ranchi,RAN,center,True,drift
2025-02-19 17:00:00,25.6,939.5,33.0,AWS-RAN-067,Ranchi,RAN,center,False,
2025-02-19 18:00:00,23.9,940.2,38.0,AWS-RAN-067,Ranchi,RAN,center,False,
2025-02-19 19:00:00,22.5,940.7,43.0,AWS-RAN-067,Ranchi,RAN,center,False,
2025-02-19 20:00:00,21.2,941.4,48.0,AWS-RAN-067,Ranchi,RAN,center,False,
2025-02-19 21:00:00,21.2,942.1,49.0,AWS-RAN-067,Ranchi,RAN,center,False,
2025-02-19 22:00:00,20.7,942.5,49.0,AWS-RAN-067,Ranchi,RAN,center,False,
2025-02-19 23:00:00,19.6,941.9,53.0,AWS-RAN-067,Ranchi,RAN,center,False,
2025-02-20 00:00:00,19.4,941.5,56.0,AWS-RAN-067,Ranchi,RAN,center,False,
2025-02-20 01:00:00,19.2,941.1,64.0,AWS-RAN-067,Ranchi,RAN,center,False,
2025-02-20 02:00:00,18.9,940.8,62.0,AWS-RAN-067,Ranchi,RAN,center,False,
2025-02-20 03:00:00,18.7,940.4,60.0,AWS-RAN-067,Ranchi,RAN,center,False,
2025-02-20 04:00:00,18.3,940.5,62.0,AWS-RAN-067,Ranchi,RAN,center,False,
2025-02-20 05:00:00,17.4,941.5,69.0,AWS-RAN-067,Ranchi,RAN,center,False,
2025-02-20 06:00:00,17.2,942.2,89.0,AWS-RAN-067,Ranchi,RAN,center,False,
2025-02-20 07:00:00,18.7,943.0,83.0,AWS-RAN-067,Ranchi,RAN,center,False,
2025-02-20 08:00:00,22.1,944.4,63.0,AWS-RAN-067,Ranchi,RAN,center,False,
2025-02-20 09:00:00,24.0,945.2,51.0,AWS-RAN-067,Ranchi,RAN,center,False,
2025-02-20 10:00:00,32.6086994654741,944.7679719466748,84.67777088462208,AWS-RAN-067,Ranchi,RAN,center,True,multivariate_inconsistency
2025-02-20 11:00:00,33.9086994654741,944.008015427156,71.44703004037567,AWS-RAN-067,Ranchi,RAN,center,True,multivariate_inconsistency
2025-02-20 12:00:00,35.6086994654741,943.5256830838408,66.3305348627895,AWS-RAN-067,Ranchi,RAN,center,True,multivariate_inconsistency
2025-02-20 13:00:00,36.00869946547411,941.637754613745,63.040464529127625,AWS-RAN-067,Ranchi,RAN,center,True,multivariate_inconsistency
2025-02-20 14:00:00,22.2,941.7,63.0,AWS-RAN-067,Ranchi,RAN,center,False,
2025-02-20 15:00:00,19.8,942.2,78.0,AWS-RAN-067,Ranchi,RAN,center,False,
2025-02-20 16:00:00,22.0,941.3,63.0,AWS-RAN-067,Ranchi,RAN,center,False,
2025-02-20 17:00:00,21.8,941.5,67.0,AWS-RAN-067,Ranchi,RAN,center,False,
2025-02-20 18:00:00,19.4,941.5,82.0,AWS-RAN-067,Ranchi,RAN,center,False,
2025-02-20 19:00:00,18.6,942.3,86.0,AWS-RAN-067,Ranchi,RAN,center,False,
2025-02-20 20:00:00,18.1,943.0,88.0,AWS-RAN-067,Ranchi,RAN,center,False,
2025-02-20 21:00:00,17.9,943.4,90.0,AWS-RAN-067,Ranchi,RAN,center,False,
2025-02-20 22:00:00,17.4,944.0,92.0,AWS-RAN-067,Ranchi,RAN,center,False,
2025-02-20 23:00:00,16.7,943.4,96.0,AWS-RAN-067,Ranchi,RAN,center,False,
2025-02-21 00:00:00,16.1,942.5,96.0,AWS-RAN-067,Ranchi,RAN,center,False,
2025-02-21 01:00:00,15.9,941.5,96.0,AWS-RAN-067,Ranchi,RAN,center,False,
2025-02-21 02:00:00,15.9,940.9,94.0,AWS-RAN-067,Ranchi,RAN,center,False,
2025-02-21 03:00:00,16.0,940.8,92.0,AWS-RAN-067,Ranchi,RAN,center,False,
2025-02-21 04:00:00,16.2,941.1,91.0,AWS-RAN-067,Ranchi,RAN,center,False,
2025-02-21 05:00:00,16.3,941.8,89.0,AWS-RAN-067,Ranchi,RAN,center,False,
2025-02-21 06:00:00,16.1,942.5,89.0,AWS-RAN-067,Ranchi,RAN,center,False,
2025-02-21 07:00:00,18.7,944.2,77.0,AWS-RAN-067,Ranchi,RAN,center,False,
2025-02-21 08:00:00,22.5,945.7,61.0,AWS-RAN-067,Ranchi,RAN,center,False,
2025-02-21 09:00:00,25.0,946.4,47.0,AWS-RAN-067,Ranchi,RAN,center,False,
2025-02-21 10:00:00,26.5,946.3,34.0,AWS-RAN-067,Ranchi,RAN,center,False,
2025-02-21 11:00:00,27.7,945.8,30.0,AWS-RAN-067,Ranchi,RAN,center,False,
2025-02-21 12:00:00,28.1,944.8,28.0,AWS-RAN-067,Ranchi,RAN,center,False,
2025-02-21 13:00:00,28.1,943.7,26.0,AWS-RAN-067,Ranchi,RAN,center,False,
2025-02-21 14:00:00,28.2,942.8,26.0,AWS-RAN-067,Ranchi,RAN,center,False,
2025-02-21 15:00:00,27.7,942.1,27.0,AWS-RAN-067,Ranchi,RAN,center,False,
2025-02-21 16:00:00,27.4,941.6,26.0,AWS-RAN-067,Ranchi,RAN,center,False,
2025-02-21 17:00:00,25.1,941.6,32.0,AWS-RAN-067,Ranchi,RAN,center,True,frozen_value
2025-02-21 18:00:00,25.117611179159674,941.5,38.0,AWS-RAN-067,Ranchi,RAN,center,True,frozen_value
2025-02-21 19:00:00,25.106734485531273,942.1,41.0,AWS-RAN-067,Ranchi,RAN,center,True,frozen_value
2025-02-21 20:00:00,25.078644835422132,942.5,43.0,AWS-RAN-067,Ranchi,RAN,center,True,frozen_value
2025-02-21 21:00:00,25.08427174650908,943.1,47.0,AWS-RAN-067,Ranchi,RAN,center,True,frozen_value
2025-02-21 22:00:00,25.08727545436588,943.2,51.0,AWS-RAN-067,Ranchi,RAN,center,True,frozen_value
2025-02-21 23:00:00,25.07650296434767,942.4,55.0,AWS-RAN-067,Ranchi,RAN,center,True,frozen_value
2025-02-22 00:00:00,25.092412841949795,941.9,57.0,AWS-RAN-067,Ranchi,RAN,center,True,frozen_value
2025-02-22 01:00:00,25.107210106209937,941.3,60.0,AWS-RAN-067,Ranchi,RAN,center,True,frozen_value
2025-02-22 02:00:00,25.0922439304348,941.2,63.0,AWS-RAN-067,Ranchi,RAN,center,True,frozen_value
2025-02-22 03:00:00,25.090938979660894,941.0,63.0,AWS-RAN-067,Ranchi,RAN,center,True,frozen_value
2025-02-22 04:00:00,25.09898375848873,941.2,62.0,AWS-RAN-067,Ranchi,RAN,center,True,frozen_value
2025-02-22 05:00:00,25.09690923216924,941.5,63.0,AWS-RAN-067,Ranchi,RAN,center,True,frozen_value
2025-02-22 06:00:00,25.10051303657301,942.3,70.0,AWS-RAN-067,Ranchi,RAN,center,True,frozen_value
2025-02-22 07:00:00,25.096510828145043,943.6,63.0,AWS-RAN-067,Ranchi,RAN,center,True,frozen_value
2025-02-22 08:00:00,22.3,945.2,52.0,AWS-RAN-067,Ranchi,RAN,center,False,
2025-02-22 09:00:00,24.2,945.9,43.0,AWS-RAN-067,Ranchi,RAN,center,False,
2025-02-22 10:00:00,25.6,946.0,38.0,AWS-RAN-067,Ranchi,RAN,center,False,
2025-02-22 11:00:00,26.0,945.3,37.0,AWS-RAN-067,Ranchi,RAN,center,False,
2025-02-22 12:00:00,26.7,944.5,35.0,AWS-RAN-067,Ranchi,RAN,center,False,
2025-02-22 13:00:00,27.4,943.3,32.0,AWS-RAN-067,Ranchi,RAN,center,False,
2025-02-22 14:00:00,27.2,942.1,31.0,AWS-RAN-067,Ranchi,RAN,center,False,
2025-02-22 15:00:00,26.8,942.0,31.0,AWS-RAN-067,Ranchi,RAN,center,False,
2025-02-22 16:00:00,24.6,942.1,42.0,AWS-RAN-067,Ranchi,RAN,center,False,
2025-02-22 17:00:00,22.6,942.0,57.0,AWS-RAN-067,Ranchi,RAN,center,False,
2025-02-22 18:00:00,19.9,942.3,71.0,AWS-RAN-067,Ranchi,RAN,center,False,
2025-02-22 19:00:00,19.0,942.7,73.0,AWS-RAN-067,Ranchi,RAN,center,False,
2025-02-22 20:00:00,18.5,943.2,74.0,AWS-RAN-067,Ranchi,RAN,center,False,
2025-02-22 21:00:00,17.6,943.8,78.0,AWS-RAN-067,Ranchi,RAN,center,False,
2025-02-22 22:00:00,17.6,944.1,74.0,AWS-RAN-067,Ranchi,RAN,center,False,
2025-02-22 23:00:00,17.9,944.1,67.0,AWS-RAN-067,Ranchi,RAN,center,False,
2025-02-23 00:00:00,17.5,943.5,66.0,AWS-RAN-067,Ranchi,RAN,center,False,
2025-02-23 01:00:00,17.0,942.9,68.0,AWS-RAN-067,Ranchi,RAN,center,False,
2025-02-23 02:00:00,16.6,942.4,71.0,AWS-RAN-067,Ranchi,RAN,center,False,
2025-02-23 03:00:00,16.0,942.0,73.0,AWS-RAN-067,Ranchi,RAN,center,False,
2025-02-23 04:00:00,15.5,942.1,76.0,AWS-RAN-067,Ranchi,RAN,center,False,
2025-02-23 05:00:00,15.3,942.6,77.0,AWS-RAN-067,Ranchi,RAN,center,False,
2025-02-23 06:00:00,16.1,943.7,79.0,AWS-RAN-067,Ranchi,RAN,center,False,
2025-02-23 07:00:00,18.2,945.4,71.0,AWS-RAN-067,Ranchi,RAN,center,False,
2025-02-23 08:00:00,21.4,946.8,58.0,AWS-RAN-067,Ranchi,RAN,center,False,
2025-02-23 09:00:00,23.1,,48.0,AWS-RAN-067,Ranchi,RAN,center,True,dropout
2025-02-23 10:00:00,24.0,947.5,41.0,AWS-RAN-067,Ranchi,RAN,center,False,
2025-02-23 11:00:00,24.8,946.6,37.0,AWS-RAN-067,Ranchi,RAN,center,False,
2025-02-23 12:00:00,25.5,945.5,34.0,AWS-RAN-067,Ranchi,RAN,center,False,
2025-02-23 13:00:00,26.4,944.7,31.0,AWS-RAN-067,Ranchi,RAN,center,False,
2025-02-23 14:00:00,26.5,943.7,29.0,AWS-RAN-067,Ranchi,RAN,center,False,
2025-02-23 15:00:00,26.1,943.0,29.0,AWS-RAN-067,Ranchi,RAN,center,False,
2025-02-23 16:00:00,25.4,942.8,28.0,AWS-RAN-067,Ranchi,RAN,center,False,
2025-02-23 17:00:00,23.4,942.9,34.0,AWS-RAN-067,Ranchi,RAN,center,False,
2025-02-23 18:00:00,20.9,943.4,40.0,AWS-RAN-067,Ranchi,RAN,center,False,
2025-02-23 19:00:00,19.7,944.2,42.0,AWS-RAN-067,Ranchi,RAN,center,False,
2025-02-23 20:00:00,18.9,944.9,44.0,AWS-RAN-067,Ranchi,RAN,center,False,
2025-02-23 21:00:00,17.7,945.0,48.0,AWS-RAN-067,Ranchi,RAN,center,False,
2025-02-23 22:00:00,17.6,945.7,48.0,AWS-RAN-067,Ranchi,RAN,center,False,
2025-02-23 23:00:00,16.5,945.1,54.0,AWS-RAN-067,Ranchi,RAN,center,False,
2025-02-24 00:00:00,15.8,944.5,59.0,AWS-RAN-067,Ranchi,RAN,center,False,
2025-02-24 01:00:00,15.4,943.9,62.0,AWS-RAN-067,Ranchi,RAN,center,False,
2025-02-24 02:00:00,14.5,943.5,67.0,AWS-RAN-067,Ranchi,RAN,center,False,
2025-02-24 03:00:00,14.2,943.4,68.0,AWS-RAN-067,Ranchi,RAN,center,False,
2025-02-24 04:00:00,14.1,943.7,69.0,AWS-RAN-067,Ranchi,RAN,center,False,
2025-02-24 05:00:00,13.9,944.3,69.0,AWS-RAN-067,Ranchi,RAN,center,False,
2025-02-24 06:00:00,14.0,945.3,76.0,AWS-RAN-067,Ranchi,RAN,center,False,
2025-02-24 07:00:00,16.9,946.8,66.0,AWS-RAN-067,Ranchi,RAN,center,False,
2025-02-24 08:00:00,20.4,948.3,50.0,AWS-RAN-067,Ranchi,RAN,center,False,
2025-02-24 09:00:00,22.2,949.0,39.0,AWS-RAN-067,Ranchi,RAN,center,False,
2025-02-24 10:00:00,23.6,948.8,33.0,AWS-RAN-067,Ranchi,RAN,center,False,
2025-02-24 11:00:00,24.9,948.0,28.0,AWS-RAN-067,Ranchi,RAN,center,False,
2025-02-24 12:00:00,26.3,946.7,22.0,AWS-RAN-067,Ranchi,RAN,center,False,
2025-02-24 13:00:00,26.8,945.4,21.0,AWS-RAN-067,Ranchi,RAN,center,False,
2025-02-24 14:00:00,26.6,944.2,22.0,AWS-RAN-067,Ranchi,RAN,center,False,
2025-02-24 15:00:00,26.5,943.5,20.0,AWS-RAN-067,Ranchi,RAN,center,False,
2025-02-24 16:00:00,25.5,943.3,21.0,AWS-RAN-067,Ranchi,RAN,center,False,
2025-02-24 17:00:00,23.2,943.4,26.0,AWS-RAN-067,Ranchi,RAN,center,False,
2025-02-24 18:00:00,21.3,943.8,32.0,AWS-RAN-067,Ranchi,RAN,center,False,
2025-02-24 19:00:00,19.9,944.7,36.0,AWS-RAN-067,Ranchi,RAN,center,False,
2025-02-24 20:00:00,18.2,945.2,41.0,AWS-RAN-067,Ranchi,RAN,center,False,
2025-02-24 21:00:00,18.4,945.7,40.0,AWS-RAN-067,Ranchi,RAN,center,False,
2025-02-24 22:00:00,17.9,945.9,42.0,AWS-RAN-067,Ranchi,RAN,center,False,
2025-02-24 23:00:00,16.9,945.6,46.0,AWS-RAN-067,Ranchi,RAN,center,False,
2025-02-25 00:00:00,16.5,945.2,51.0,AWS-RAN-067,Ranchi,RAN,center,False,
2025-02-25 01:00:00,16.1,944.6,53.0,AWS-RAN-067,Ranchi,RAN,center,False,
2025-02-25 02:00:00,15.7,943.8,54.0,AWS-RAN-067,Ranchi,RAN,center,False,
2025-02-25 03:00:00,15.3,943.6,56.0,AWS-RAN-067,Ranchi,RAN,center,False,
2025-02-25 04:00:00,14.8,943.7,59.0,AWS-RAN-067,Ranchi,RAN,center,False,
2025-02-25 05:00:00,14.2,943.9,62.0,AWS-RAN-067,Ranchi,RAN,center,False,
2025-02-25 06:00:00,14.2,945.4,65.0,AWS-RAN-067,Ranchi,RAN,center,False,
2025-02-25 07:00:00,17.3,946.9,56.0,AWS-RAN-067,Ranchi,RAN,center,False,
2025-02-25 08:00:00,20.5,948.3,45.0,AWS-RAN-067,Ranchi,RAN,center,False,
2025-02-25 09:00:00,22.6,949.2,38.0,AWS-RAN-067,Ranchi,RAN,center,False,
2025-02-25 10:00:00,24.3,949.0,33.0,AWS-RAN-067,Ranchi,RAN,center,False,
2025-02-25 11:00:00,25.5,948.2,31.0,AWS-RAN-067,Ranchi,RAN,center,False,
2025-02-25 12:00:00,26.4,947.2,30.0,AWS-RAN-067,Ranchi,RAN,center,False,
2025-02-25 13:00:00,27.2,946.3,28.0,AWS-RAN-067,Ranchi,RAN,center,False,
2025-02-25 14:00:00,28.1,945.2,24.0,AWS-RAN-067,Ranchi,RAN,center,False,
2025-02-25 15:00:00,27.7,944.9,25.0,AWS-RAN-067,Ranchi,RAN,center,False,
2025-02-25 16:00:00,26.9,944.7,27.0,AWS-RAN-067,Ranchi,RAN,center,False,
2025-02-25 17:00:00,24.4,944.7,39.0,AWS-RAN-067,Ranchi,RAN,center,False,
2025-02-25 18:00:00,22.3,946.0,43.0,AWS-RAN-067,Ranchi,RAN,center,False,
2025-02-25 19:00:00,20.5,946.6,49.0,AWS-RAN-067,Ranchi,RAN,center,False,
2025-02-25 20:00:00,19.9,947.5,50.0,AWS-RAN-067,Ranchi,RAN,center,False,
2025-02-25 21:00:00,18.7,947.7,53.0,AWS-RAN-067,Ranchi,RAN,center,False,
2025-02-25 22:00:00,17.7,947.2,57.0,AWS-RAN-067,Ranchi,RAN,center,False,
2025-02-25 23:00:00,17.5,946.7,56.0,AWS-RAN-067,Ranchi,RAN,center,False,
2025-02-26 00:00:00,17.0,946.3,57.0,AWS-RAN-067,Ranchi,RAN,center,False,
2025-02-26 01:00:00,16.8,945.7,57.0,AWS-RAN-067,Ranchi,RAN,center,False,
2025-02-26 02:00:00,15.6,944.7,60.0,AWS-RAN-067,Ranchi,RAN,center,False,
2025-02-26 03:00:00,15.2,944.5,61.0,AWS-RAN-067,Ranchi,RAN,center,False,
2025-02-26 04:00:00,14.4,944.5,65.0,AWS-RAN-067,Ranchi,RAN,center,False,
2025-02-26 05:00:00,14.2,944.9,67.0,AWS-RAN-067,Ranchi,RAN,center,False,
2025-02-26 06:00:00,14.3,946.1,74.0,AWS-RAN-067,Ranchi,RAN,center,False,
2025-02-26 07:00:00,25.711167251975507,948.2376483021412,100.0,AWS-RAN-067,Ranchi,RAN,center,True,multivariate_inconsistency
2025-02-26 08:00:00,28.61116725197551,948.8015305157231,94.19069084212944,AWS-RAN-067,Ranchi,RAN,center,True,multivariate_inconsistency
2025-02-26 09:00:00,30.61116725197551,948.5369355481141,84.10816987539476,AWS-RAN-067,Ranchi,RAN,center,True,multivariate_inconsistency
2025-02-26 10:00:00,32.11116725197551,949.9370027730901,78.04860712410186,AWS-RAN-067,Ranchi,RAN,center,True,multivariate_inconsistency
2025-02-26 11:00:00,33.01116725197551,948.7870873028279,74.05762340817407,AWS-RAN-067,Ranchi,RAN,center,True,multivariate_inconsistency
2025-02-26 12:00:00,25.9,947.5,38.0,AWS-RAN-067,Ranchi,RAN,center,False,
2025-02-26 13:00:00,25.9,946.2,37.0,AWS-RAN-067,Ranchi,RAN,center,False,
2025-02-26 14:00:00,26.1,945.2,36.0,AWS-RAN-067,Ranchi,RAN,center,False,
2025-02-26 15:00:00,25.9,944.6,36.0,AWS-RAN-067,Ranchi,RAN,center,False,
2025-02-26 16:00:00,25.4,944.5,37.0,AWS-RAN-067,Ranchi,RAN,center,False,
2025-02-26 17:00:00,33.10415383764208,944.7918072676279,77.95165627809648,AWS-RAN-067,Ranchi,RAN,center,True,multivariate_inconsistency
2025-02-26 18:00:00,31.00415383764208,944.403631272403,81.64483682691831,AWS-RAN-067,Ranchi,RAN,center,True,multivariate_inconsistency
2025-02-26 19:00:00,30.10415383764208,944.7226847528531,86.81634293612848,AWS-RAN-067,Ranchi,RAN,center,True,multivariate_inconsistency
2025-02-26 20:00:00,29.10415383764208,945.4435772180859,95.37597662431443,AWS-RAN-067,Ranchi,RAN,center,True,multivariate_inconsistency
2025-02-26 21:00:00,19.6,945.5,57.0,AWS-RAN-067,Ranchi,RAN,center,False,
2025-02-26 22:00:00,18.8,945.5,56.0,AWS-RAN-067,Ranchi,RAN,center,False,
2025-02-26 23:00:00,17.9,945.3,54.0,AWS-RAN-067,Ranchi,RAN,center,False,
2025-02-27 00:00:00,17.8,944.8,44.0,AWS-RAN-067,Ranchi,RAN,center,False,
2025-02-27 01:00:00,16.7,943.6,51.0,AWS-RAN-067,Ranchi,RAN,center,False,
2025-02-27 02:00:00,16.4,943.1,54.0,AWS-RAN-067,Ranchi,RAN,center,False,
2025-02-27 03:00:00,15.2,942.7,54.0,AWS-RAN-067,Ranchi,RAN,center,False,
2025-02-27 04:00:00,14.5,942.9,55.0,AWS-RAN-067,Ranchi,RAN,center,False,
2025-02-27 05:00:00,14.0,943.3,60.0,AWS-RAN-067,Ranchi,RAN,center,False,
2025-02-27 06:00:00,13.9,943.7,72.0,AWS-RAN-067,Ranchi,RAN,center,False,
2025-02-27 07:00:00,17.5,945.3,63.0,AWS-RAN-067,Ranchi,RAN,center,False,
2025-02-27 08:00:00,21.0,946.5,54.0,AWS-RAN-067,Ranchi,RAN,center,False,
2025-02-27 09:00:00,23.3,947.3,39.0,AWS-RAN-067,Ranchi,RAN,center,False,
2025-02-27 10:00:00,24.7,947.3,36.0,AWS-RAN-067,Ranchi,RAN,center,False,
2025-02-27 11:00:00,26.1,946.3,33.0,AWS-RAN-067,Ranchi,RAN,center,False,
2025-02-27 12:00:00,27.3,945.1,30.0,AWS-RAN-067,Ranchi,RAN,center,False,
2025-02-27 13:00:00,27.8,943.8,28.0,AWS-RAN-067,Ranchi,RAN,center,False,
2025-02-27 14:00:00,27.7,942.6,28.0,AWS-RAN-067,Ranchi,RAN,center,False,
2025-02-27 15:00:00,27.2,942.2,29.0,AWS-RAN-067,Ranchi,RAN,center,False,
2025-02-27 16:00:00,26.4,942.3,31.0,AWS-RAN-067,Ranchi,RAN,center,False,
2025-02-27 17:00:00,24.5,942.2,36.0,AWS-RAN-067,Ranchi,RAN,center,False,
2025-02-27 18:00:00,22.5,942.7,42.0,AWS-RAN-067,Ranchi,RAN,center,False,
2025-02-27 19:00:00,21.1,943.1,45.0,AWS-RAN-067,Ranchi,RAN,center,False,
2025-02-27 20:00:00,20.3,943.7,48.0,AWS-RAN-067,Ranchi,RAN,center,False,
2025-02-27 21:00:00,19.9,944.1,50.0,AWS-RAN-067,Ranchi,RAN,center,False,
2025-02-27 22:00:00,19.1,943.7,54.0,AWS-RAN-067,Ranchi,RAN,center,False,
2025-02-27 23:00:00,18.0,943.1,59.0,AWS-RAN-067,Ranchi,RAN,center,False,
2025-02-28 00:00:00,17.2,942.4,63.0,AWS-RAN-067,Ranchi,RAN,center,False,
2025-02-28 01:00:00,16.7,941.5,65.0,AWS-RAN-067,Ranchi,RAN,center,False,
2025-02-28 02:00:00,16.4,941.4,67.0,AWS-RAN-067,Ranchi,RAN,center,False,
2025-02-28 03:00:00,16.7,941.6,66.0,AWS-RAN-067,Ranchi,RAN,center,False,
2025-02-28 04:00:00,16.4,941.5,67.0,AWS-RAN-067,Ranchi,RAN,center,False,
2025-02-28 05:00:00,17.0,941.9,64.0,AWS-RAN-067,Ranchi,RAN,center,False,
2025-02-28 06:00:00,16.6,942.2,68.0,AWS-RAN-067,Ranchi,RAN,center,False,
2025-02-28 07:00:00,26.039197957967943,936.9923920417458,78.2381024222821,AWS-RAN-067,Ranchi,RAN,center,True,unstructured_anomaly
2025-02-28 08:00:00,16.40173822223496,951.4694952650351,31.47829124512171,AWS-RAN-067,Ranchi,RAN,center,True,unstructured_anomaly
2025-02-28 09:00:00,19.004213794110186,952.6697408298035,54.59595514685451,AWS-RAN-067,Ranchi,RAN,center,True,unstructured_anomaly
2025-02-28 10:00:00,33.06552332278097,939.3440840907224,48.121468530089004,AWS-RAN-067,Ranchi,RAN,center,True,unstructured_anomaly
2025-02-28 11:00:00,22.200940697804214,952.8071526767976,15.0,AWS-RAN-067,Ranchi,RAN,center,True,unstructured_anomaly
2025-02-28 12:00:00,35.796342188790334,936.5927906268075,15.0,AWS-RAN-067,Ranchi,RAN,center,True,unstructured_anomaly
2025-02-28 13:00:00,30.3,942.7,25.0,AWS-RAN-067,Ranchi,RAN,center,False,
2025-02-28 14:00:00,30.9,941.5,23.0,AWS-RAN-067,Ranchi,RAN,center,False,
2025-02-28 15:00:00,31.2,940.5,21.0,AWS-RAN-067,Ranchi,RAN,center,False,
2025-02-28 16:00:00,30.0,940.6,23.0,AWS-RAN-067,Ranchi,RAN,center,False,
2025-02-28 17:00:00,26.8,941.1,35.0,AWS-RAN-067,Ranchi,RAN,center,False,
2025-02-28 18:00:00,24.7,941.8,43.0,AWS-RAN-067,Ranchi,RAN,center,False,
2025-02-28 19:00:00,22.6,942.1,49.0,AWS-RAN-067,Ranchi,RAN,center,False,
2025-02-28 20:00:00,21.9,942.7,51.0,AWS-RAN-067,Ranchi,RAN,center,False,
2025-02-28 21:00:00,21.3,942.5,53.0,AWS-RAN-067,Ranchi,RAN,center,False,
2025-02-28 22:00:00,20.4,942.2,56.0,AWS-RAN-067,Ranchi,RAN,center,False,
2025-02-28 23:00:00,19.8,941.5,58.0,AWS-RAN-067,Ranchi,RAN,center,False,
2025-03-01 00:00:00,19.5,940.8,59.0,AWS-RAN-067,Ranchi,RAN,center,False,
2025-03-01 01:00:00,19.7,940.2,58.0,AWS-RAN-067,Ranchi,RAN,center,False,
2025-03-01 02:00:00,19.7,939.9,55.0,AWS-RAN-067,Ranchi,RAN,center,False,
2025-03-01 03:00:00,19.7,939.6,53.0,AWS-RAN-067,Ranchi,RAN,center,False,
2025-03-01 04:00:00,19.3,939.2,56.0,AWS-RAN-067,Ranchi,RAN,center,False,
2025-03-01 05:00:00,19.2,939.6,59.0,AWS-RAN-067,Ranchi,RAN,center,False,
2025-03-01 06:00:00,19.2,940.8,60.0,AWS-RAN-067,Ranchi,RAN,center,False,
2025-03-01 07:00:00,21.3,942.1,54.0,AWS-RAN-067,Ranchi,RAN,center,False,
2025-03-01 08:00:00,24.5,943.4,46.0,AWS-RAN-067,Ranchi,RAN,center,False,
2025-03-01 09:00:00,27.1,944.1,39.0,AWS-RAN-067,Ranchi,RAN,center,False,
2025-03-01 10:00:00,29.2,956.3127190175727,33.0,AWS-RAN-067,Ranchi,RAN,center,True,spike
2025-03-01 11:00:00,30.7,942.9,27.0,AWS-RAN-067,Ranchi,RAN,center,False,
2025-03-01 12:00:00,31.4,941.7,24.0,AWS-RAN-067,Ranchi,RAN,center,False,
2025-03-01 13:00:00,32.1,940.4,23.0,AWS-RAN-067,Ranchi,RAN,center,False,
2025-03-01 14:00:00,31.8,939.3,23.0,AWS-RAN-067,Ranchi,RAN,center,False,
2025-03-01 15:00:00,31.4,938.5,23.0,AWS-RAN-067,Ranchi,RAN,center,False,
2025-03-01 16:00:00,-7.789548335177155,938.5,24.0,AWS-RAN-067,Ranchi,RAN,center,True,spike
2025-03-01 17:00:00,13.234181038478429,939.3,47.0,AWS-RAN-067,Ranchi,RAN,center,True,spike
2025-03-01 18:00:00,20.78889560549219,939.5,37.0,AWS-RAN-067,Ranchi,RAN,center,True,spike
2025-03-01 19:00:00,22.551789469368973,940.3,38.0,AWS-RAN-067,Ranchi,RAN,center,True,spike
2025-03-01 20:00:00,22.22336281988359,940.7,42.0,AWS-RAN-067,Ranchi,RAN,center,True,spike
2025-03-01 21:00:00,22.0,940.5,44.0,AWS-RAN-067,Ranchi,RAN,center,False,
2025-03-01 22:00:00,21.2,940.2,46.0,AWS-RAN-067,Ranchi,RAN,center,False,
2025-03-01 23:00:00,21.2,939.8,44.0,AWS-RAN-067,Ranchi,RAN,center,False,
2025-03-02 00:00:00,20.7,939.4,48.0,AWS-RAN-067,Ranchi,RAN,center,False,
2025-03-02 01:00:00,20.0,938.8,54.0,AWS-RAN-067,Ranchi,RAN,center,False,
2025-03-02 02:00:00,19.4,938.2,61.0,AWS-RAN-067,Ranchi,RAN,center,False,
2025-03-02 03:00:00,19.5,937.5,62.0,AWS-RAN-067,Ranchi,RAN,center,False,
2025-03-02 04:00:00,19.6,937.5,61.0,AWS-RAN-067,Ranchi,RAN,center,False,
2025-03-02 05:00:00,19.8,937.9,60.0,AWS-RAN-067,Ranchi,RAN,center,False,
2025-03-02 06:00:00,20.3,938.6,63.0,AWS-RAN-067,Ranchi,RAN,center,False,
2025-03-02 07:00:00,22.5,940.0,56.0,AWS-RAN-067,Ranchi,RAN,center,False,
2025-03-02 08:00:00,25.6,941.2,45.0,AWS-RAN-067,Ranchi,RAN,center,False,
2025-03-02 09:00:00,27.7,941.9,33.0,AWS-RAN-067,Ranchi,RAN,center,False,
2025-03-02 10:00:00,29.2,942.0,30.0,AWS-RAN-067,Ranchi,RAN,center,False,
2025-03-02 11:00:00,30.4,941.3,26.0,AWS-RAN-067,Ranchi,RAN,center,False,
2025-03-02 12:00:00,30.9,940.2,25.0,AWS-RAN-067,Ranchi,RAN,center,False,
2025-03-02 13:00:00,30.9,938.9,26.0,AWS-RAN-067,Ranchi,RAN,center,False,
2025-03-02 14:00:00,30.6,938.0,26.0,AWS-RAN-067,Ranchi,RAN,center,False,
2025-03-02 15:00:00,30.6,937.3,24.0,AWS-RAN-067,Ranchi,RAN,center,False,
2025-03-02 16:00:00,29.3,937.2,28.0,AWS-RAN-067,Ranchi,RAN,center,False,
2025-03-02 17:00:00,27.9,937.1,29.0,AWS-RAN-067,Ranchi,RAN,center,False,
2025-03-02 18:00:00,24.3,937.5,43.0,AWS-RAN-067,Ranchi,RAN,center,False,
2025-03-02 19:00:00,23.2,938.3,47.0,AWS-RAN-067,Ranchi,RAN,center,False,
2025-03-02 20:00:00,22.3,939.0,49.0,AWS-RAN-067,Ranchi,RAN,center,False,
2025-03-02 21:00:00,21.8,939.7,50.0,AWS-RAN-067,Ranchi,RAN,center,False,
2025-03-02 22:00:00,20.6,940.0,54.0,AWS-RAN-067,Ranchi,RAN,center,False,
2025-03-02 23:00:00,19.9,939.6,59.0,AWS-RAN-067,Ranchi,RAN,center,False,
2025-03-03 00:00:00,19.7,939.2,61.0,AWS-RAN-067,Ranchi,RAN,center,False,
2025-03-03 01:00:00,19.3,938.6,63.0,AWS-RAN-067,Ranchi,RAN,center,False,
2025-03-03 02:00:00,19.3,938.1,63.0,AWS-RAN-067,Ranchi,RAN,center,False,
2025-03-03 03:00:00,19.0,938.0,-0.09591962185345947,AWS-RAN-067,Ranchi,RAN,center,True,sensor_fail_low
2025-03-03 04:00:00,18.5,938.4,0.06154199076914296,AWS-RAN-067,Ranchi,RAN,center,True,sensor_fail_low
2025-03-03 05:00:00,17.9,939.0,0.015681738798847693,AWS-RAN-067,Ranchi,RAN,center,True,sensor_fail_low
2025-03-03 06:00:00,18.2,940.0,0.02163964848919142,AWS-RAN-067,Ranchi,RAN,center,True,sensor_fail_low
2025-03-03 07:00:00,20.5,941.6,62.0,AWS-RAN-067,Ranchi,RAN,center,False,
2025-03-03 08:00:00,23.2,942.7,50.0,AWS-RAN-067,Ranchi,RAN,center,False,
2025-03-03 09:00:00,25.1,943.4,44.0,AWS-RAN-067,Ranchi,RAN,center,False,
2025-03-03 10:00:00,26.6,943.6,40.0,AWS-RAN-067,Ranchi,RAN,center,False,
2025-03-03 11:00:00,27.9,942.9,36.0,AWS-RAN-067,Ranchi,RAN,center,False,
2025-03-03 12:00:00,29.1,941.6,33.0,AWS-RAN-067,Ranchi,RAN,center,False,
2025-03-03 13:00:00,29.8,940.6,28.0,AWS-RAN-067,Ranchi,RAN,center,False,
2025-03-03 14:00:00,29.4,939.7,28.0,AWS-RAN-067,Ranchi,RAN,center,False,
2025-03-03 15:00:00,29.0,938.6,28.0,AWS-RAN-067,Ranchi,RAN,center,False,
2025-03-03 16:00:00,28.3,938.7,30.0,AWS-RAN-067,Ranchi,RAN,center,False,
2025-03-03 17:00:00,26.1,938.8,37.0,AWS-RAN-067,Ranchi,RAN,center,False,
2025-03-03 18:00:00,23.9,939.2,39.0,AWS-RAN-067,Ranchi,RAN,center,False,
2025-03-03 19:00:00,23.0,939.8,39.0,AWS-RAN-067,Ranchi,RAN,center,False,
2025-03-03 20:00:00,22.2,940.2,38.0,AWS-RAN-067,Ranchi,RAN,center,False,
2025-03-03 21:00:00,21.6,940.4,39.0,AWS-RAN-067,Ranchi,RAN,center,False,
2025-03-03 22:00:00,21.0,940.4,40.0,AWS-RAN-067,Ranchi,RAN,center,False,
2025-03-03 23:00:00,20.5,940.2,41.0,AWS-RAN-067,Ranchi,RAN,center,False,
2025-03-04 00:00:00,19.8,939.8,43.0,AWS-RAN-067,Ranchi,RAN,center,False,
2025-03-04 01:00:00,18.7,939.2,46.0,AWS-RAN-067,Ranchi,RAN,center,False,
2025-03-04 02:00:00,18.1,938.4,48.0,AWS-RAN-067,Ranchi,RAN,center,False,
2025-03-04 03:00:00,17.8,937.9,49.0,AWS-RAN-067,Ranchi,RAN,center,False,
2025-03-04 04:00:00,17.4,938.2,49.0,AWS-RAN-067,Ranchi,RAN,center,False,
2025-03-04 05:00:00,16.9,938.8,51.0,AWS-RAN-067,Ranchi,RAN,center,False,
2025-03-04 06:00:00,16.2,939.6,-0.012160928915738419,AWS-RAN-067,Ranchi,RAN,center,True,sensor_fail_low
2025-03-04 07:00:00,19.0,941.1,-0.08671642378519052,AWS-RAN-067,Ranchi,RAN,center,True,sensor_fail_low
2025-03-04 08:00:00,22.4,942.3,-0.056490543292695455,AWS-RAN-067,Ranchi,RAN,center,True,sensor_fail_low
2025-03-04 09:00:00,24.9,943.0,-0.041626143081151444,AWS-RAN-067,Ranchi,RAN,center,True,sensor_fail_low
2025-03-04 10:00:00,27.1,943.5,28.0,AWS-RAN-067,Ranchi,RAN,center,False,
2025-03-04 11:00:00,28.8,942.8,24.0,AWS-RAN-067,Ranchi,RAN,center,False,
2025-03-04 12:00:00,29.0,941.5,26.0,AWS-RAN-067,Ranchi,RAN,center,False,
2025-03-04 13:00:00,29.7,940.6,24.0,AWS-RAN-067,Ranchi,RAN,center,False,
2025-03-04 14:00:00,29.9,939.9,22.0,AWS-RAN-067,Ranchi,RAN,center,False,
2025-03-04 15:00:00,21.260858971655082,939.4,25.0,AWS-RAN-067,Ranchi,RAN,center,True,drift
2025-03-04 16:00:00,20.644906060911246,939.0,25.0,AWS-RAN-067,Ranchi,RAN,center,True,drift
2025-03-04 17:00:00,18.395290510402752,938.7,30.0,AWS-RAN-067,Ranchi,RAN,center,True,drift
2025-03-04 18:00:00,15.931163974595997,938.7,33.0,AWS-RAN-067,Ranchi,RAN,center,True,drift
2025-03-04 19:00:00,14.357149452916634,939.2,36.0,AWS-RAN-067,Ranchi,RAN,center,True,drift
2025-03-04 20:00:00,13.57553934438839,939.9,36.0,AWS-RAN-067,Ranchi,RAN,center,True,drift
2025-03-04 21:00:00,12.187724459162657,940.3,40.0,AWS-RAN-067,Ranchi,RAN,center,True,drift
2025-03-04 22:00:00,10.694645082800534,940.3,50.0,AWS-RAN-067,Ranchi,RAN,center,True,drift
2025-03-04 23:00:00,10.296982159002692,940.2,56.0,AWS-RAN-067,Ranchi,RAN,center,True,drift
2025-03-05 00:00:00,9.895252988855134,939.7,59.0,AWS-RAN-067,Ranchi,RAN,center,True,drift
2025-03-05 01:00:00,8.989864688582859,939.0,61.0,AWS-RAN-067,Ranchi,RAN,center,True,drift
2025-03-05 02:00:00,7.881146492549696,938.5,63.0,AWS-RAN-067,Ranchi,RAN,center,True,drift
2025-03-05 03:00:00,7.069370467048573,937.7,60.0,AWS-RAN-067,Ranchi,RAN,center,True,drift
2025-03-05 04:00:00,6.654765425880392,938.0,55.0,AWS-RAN-067,Ranchi,RAN,center,True,drift
2025-03-05 05:00:00,6.637526636800027,938.1,50.0,AWS-RAN-067,Ranchi,RAN,center,True,drift
2025-03-05 06:00:00,6.317822805076652,939.3,51.0,AWS-RAN-067,Ranchi,RAN,center,True,drift
2025-03-05 07:00:00,7.095801230427433,940.6,51.0,AWS-RAN-067,Ranchi,RAN,center,True,drift
2025-03-05 08:00:00,8.271591700435735,941.3,36.0,AWS-RAN-067,Ranchi,RAN,center,True,drift
2025-03-05 09:00:00,9.145309486756638,941.8,31.0,AWS-RAN-067,Ranchi,RAN,center,True,drift
2025-03-05 10:00:00,10.11705768959975,942.1,29.0,AWS-RAN-067,Ranchi,RAN,center,True,drift
2025-03-05 11:00:00,10.986929099326343,941.1,27.0,AWS-RAN-067,Ranchi,RAN,center,True,drift
2025-03-05 12:00:00,12.0550076939444,939.9,24.0,AWS-RAN-067,Ranchi,RAN,center,True,drift
2025-03-05 13:00:00,12.721369857764419,938.9,20.0,AWS-RAN-067,Ranchi,RAN,center,True,drift
2025-03-05 14:00:00,12.586085383520958,938.1,20.0,AWS-RAN-067,Ranchi,RAN,center,True,drift
2025-03-05 15:00:00,11.84921830422455,937.5,20.0,AWS-RAN-067,Ranchi,RAN,center,True,drift
2025-03-05 16:00:00,26.0,937.4,21.0,AWS-RAN-067,Ranchi,RAN,center,False,
2025-03-05 17:00:00,24.1,937.5,23.0,AWS-RAN-067,Ranchi,RAN,center,False,
2025-03-05 18:00:00,21.5,938.2,27.0,AWS-RAN-067,Ranchi,RAN,center,False,
2025-03-05 19:00:00,20.5,938.7,29.0,AWS-RAN-067,Ranchi,RAN,center,False,
2025-03-05 20:00:00,19.3,939.1,30.0,AWS-RAN-067,Ranchi,RAN,center,True,frozen_value
2025-03-05 21:00:00,18.4,939.0853962042049,31.0,AWS-RAN-067,Ranchi,RAN,center,True,frozen_value
2025-03-05 22:00:00,18.1,939.0915939216144,30.0,AWS-RAN-067,Ranchi,RAN,center,True,frozen_value
2025-03-05 23:00:00,17.2,939.0963163125257,32.0,AWS-RAN-067,Ranchi,RAN,center,True,frozen_value
2025-03-06 00:00:00,15.9,939.0878420612675,36.0,AWS-RAN-067,Ranchi,RAN,center,True,frozen_value
2025-03-06 01:00:00,15.0,939.0692270945382,38.0,AWS-RAN-067,Ranchi,RAN,center,True,frozen_value
2025-03-06 02:00:00,14.3,939.0686367321348,39.0,AWS-RAN-067,Ranchi,RAN,center,True,frozen_value
2025-03-06 03:00:00,14.0,939.0710978822568,40.0,AWS-RAN-067,Ranchi,RAN,center,True,frozen_value
2025-03-06 04:00:00,13.9,939.0603071730583,40.0,AWS-RAN-067,Ranchi,RAN,center,True,frozen_value
2025-03-06 05:00:00,13.7,939.0624422776617,41.0,AWS-RAN-067,Ranchi,RAN,center,True,frozen_value
2025-03-06 06:00:00,13.3,939.7,48.0,AWS-RAN-067,Ranchi,RAN,center,False,
2025-03-06 07:00:00,15.6,941.0,44.0,AWS-RAN-067,Ranchi,RAN,center,False,
2025-03-06 08:00:00,18.2,942.1,22.762126588214723,AWS-RAN-067,Ranchi,RAN,center,True,drift
2025-03-06 09:00:00,20.3,942.9,14.500075930616937,AWS-RAN-067,Ranchi,RAN,center,True,drift
2025-03-06 10:00:00,22.2,943.0,8.123915746629809,AWS-RAN-067,Ranchi,RAN,center,True,drift
2025-03-06 11:00:00,23.9,942.6,4.68789393012664,AWS-RAN-067,Ranchi,RAN,center,True,drift
2025-03-06 12:00:00,25.3,941.8,2.207797047314667,AWS-RAN-067,Ranchi,RAN,center,True,drift
2025-03-06 13:00:00,26.3,941.1,0.6920151858723393,AWS-RAN-067,Ranchi,RAN,center,True,drift
2025-03-06 14:00:00,26.9,940.3,0.0,AWS-RAN-067,Ranchi,RAN,center,True,drift
2025-03-06 15:00:00,26.9,939.9,0.0,AWS-RAN-067,Ranchi,RAN,center,True,drift
2025-03-06 16:00:00,25.8,939.9,0.0,AWS-RAN-067,Ranchi,RAN,center,True,drift
2025-03-06 17:00:00,23.3,939.9,4.358490229193677,AWS-RAN-067,Ranchi,RAN,center,True,drift
2025-03-06 18:00:00,20.8,939.8,9.720477189680185,AWS-RAN-067,Ranchi,RAN,center,True,drift
2025-03-06 19:00:00,18.8,939.7,15.064045762291954,AWS-RAN-067,Ranchi,RAN,center,True,drift
2025-03-06 20:00:00,18.3,940.3,15.39041369280698,AWS-RAN-067,Ranchi,RAN,center,True,drift
2025-03-06 21:00:00,17.7,940.4,13.700621815187176,AWS-RAN-067,Ranchi,RAN,center,True,drift
2025-03-06 22:00:00,18.0,940.3,8.995571600136362,AWS-RAN-067,Ranchi,RAN,center,True,drift
2025-03-06 23:00:00,17.2,939.8,9.276052579997888,AWS-RAN-067,Ranchi,RAN,center,True,drift
2025-03-07 00:00:00,15.6,939.1,14.542762882504327,AWS-RAN-067,Ranchi,RAN,center,True,drift
2025-03-07 01:00:00,14.9,938.4,18.796324933314352,AWS-RAN-067,Ranchi,RAN,center,True,drift
2025-03-07 02:00:00,14.3,937.8,23.037297684948157,AWS-RAN-067,Ranchi,RAN,center,True,drift
2025-03-07 03:00:00,13.9,,48.0,AWS-RAN-067,Ranchi,RAN,center,True,dropout
2025-03-07 04:00:00,13.7,937.4,49.0,AWS-RAN-067,Ranchi,RAN,center,False,
2025-03-07 05:00:00,13.8,937.9,48.0,AWS-RAN-067,Ranchi,RAN,center,False,
2025-03-07 06:00:00,13.9,938.4,50.0,AWS-RAN-067,Ranchi,RAN,center,False,
2025-03-07 07:00:00,16.8,939.7,41.0,AWS-RAN-067,Ranchi,RAN,center,False,
2025-03-07 08:00:00,20.2,941.1,32.0,AWS-RAN-067,Ranchi,RAN,center,False,
2025-03-07 09:00:00,22.7,941.4,26.0,AWS-RAN-067,Ranchi,RAN,center,False,
2025-03-07 10:00:00,24.9,941.7,21.0,AWS-RAN-067,Ranchi,RAN,center,False,
2025-03-07 11:00:00,26.5,941.2,16.0,AWS-RAN-067,Ranchi,RAN,center,False,
2025-03-07 12:00:00,27.5,940.2,14.0,AWS-RAN-067,Ranchi,RAN,center,False,
2025-03-07 13:00:00,27.7,939.3,14.0,AWS-RAN-067,Ranchi,RAN,center,False,
2025-03-07 14:00:00,27.7,938.3,14.0,AWS-RAN-067,Ranchi,RAN,center,False,
2025-03-07 15:00:00,27.3,938.0,14.0,AWS-RAN-067,Ranchi,RAN,center,False,
2025-03-07 16:00:00,26.4,938.0,16.0,AWS-RAN-067,Ranchi,RAN,center,False,
2025-03-07 17:00:00,24.3,937.8,19.0,AWS-RAN-067,Ranchi,RAN,center,False,
2025-03-07 18:00:00,22.1,937.5,24.0,AWS-RAN-067,Ranchi,RAN,center,False,
2025-03-07 19:00:00,20.9,938.0,26.0,AWS-RAN-067,Ranchi,RAN,center,False,
2025-03-07 20:00:00,20.3,938.3,26.0,AWS-RAN-067,Ranchi,RAN,center,False,
2025-03-07 21:00:00,20.2,938.4,24.0,AWS-RAN-067,Ranchi,RAN,center,False,
2025-03-07 22:00:00,18.7,938.1,28.0,AWS-RAN-067,Ranchi,RAN,center,False,
2025-03-07 23:00:00,17.1,937.9,36.0,AWS-RAN-067,Ranchi,RAN,center,False,
2025-03-08 00:00:00,16.7,937.8,40.0,AWS-RAN-067,Ranchi,RAN,center,False,
2025-03-08 01:00:00,16.4,937.1,43.0,AWS-RAN-067,Ranchi,RAN,center,False,
2025-03-08 02:00:00,15.9,936.4,45.0,AWS-RAN-067,Ranchi,RAN,center,False,
2025-03-08 03:00:00,15.7,935.8,45.0,AWS-RAN-067,Ranchi,RAN,center,False,
2025-03-08 04:00:00,15.5,935.8,46.0,AWS-RAN-067,Ranchi,RAN,center,False,
2025-03-08 05:00:00,15.4,936.2,45.0,AWS-RAN-067,Ranchi,RAN,center,False,
2025-03-08 06:00:00,15.1,936.7,51.0,AWS-RAN-067,Ranchi,RAN,center,False,
2025-03-08 07:00:00,18.6,938.3,41.0,AWS-RAN-067,Ranchi,RAN,center,False,
2025-03-08 08:00:00,22.5,940.0,31.0,AWS-RAN-067,Ranchi,RAN,center,False,
2025-03-08 09:00:00,24.9,940.6,24.0,AWS-RAN-067,Ranchi,RAN,center,False,
2025-03-08 10:00:00,26.8,940.6,20.0,AWS-RAN-067,Ranchi,RAN,center,False,
2025-03-08 11:00:00,34.93107616037064,933.1290215734105,34.84511394885315,AWS-RAN-067,Ranchi,RAN,center,True,unstructured_anomaly
2025-03-08 12:00:00,22.979833751482083,945.8231719906494,15.0,AWS-RAN-067,Ranchi,RAN,center,True,unstructured_anomaly
2025-03-08 13:00:00,36.31148355517065,929.7800235613716,36.01029784284069,AWS-RAN-067,Ranchi,RAN,center,True,unstructured_anomaly
2025-03-08 14:00:00,22.357037636667364,944.3347753880354,15.0,AWS-RAN-067,Ranchi,RAN,center,True,unstructured_anomaly
2025-03-08 15:00:00,21.903700102933264,945.3884820473073,33.190413633234414,AWS-RAN-067,Ranchi,RAN,center,True,unstructured_anomaly
2025-03-08 16:00:00,21.645251119053093,944.2319035247417,15.0,AWS-RAN-067,Ranchi,RAN,center,True,unstructured_anomaly
2025-03-08 17:00:00,32.006724392101745,928.9700821501747,40.57365721155193,AWS-RAN-067,Ranchi,RAN,center,True,unstructured_anomaly
2025-03-08 18:00:00,17.68792623456946,944.5350886257384,42.307505422023,AWS-RAN-067,Ranchi,RAN,center,True,unstructured_anomaly
2025-03-08 19:00:00,22.7,938.5,27.0,AWS-RAN-067,Ranchi,RAN,center,False,
2025-03-08 20:00:00,21.8,939.0,28.0,AWS-RAN-067,Ranchi,RAN,center,False,
2025-03-08 21:00:00,19.9,939.3,33.0,AWS-RAN-067,Ranchi,RAN,center,False,
2025-03-08 22:00:00,18.8,939.4,36.0,AWS-RAN-067,Ranchi,RAN,center,False,
2025-03-08 23:00:00,18.0,939.1,39.0,AWS-RAN-067,Ranchi,RAN,center,False,
2025-03-09 00:00:00,17.4,939.0,41.0,AWS-RAN-067,Ranchi,RAN,center,False,
2025-03-09 01:00:00,16.9,938.5,44.0,AWS-RAN-067,Ranchi,RAN,center,False,
2025-03-09 02:00:00,16.5,938.2,46.0,AWS-RAN-067,Ranchi,RAN,center,False,
2025-03-09 03:00:00,15.9,938.1,48.0,AWS-RAN-067,Ranchi,RAN,center,False,
2025-03-09 04:00:00,15.7,938.3,48.0,AWS-RAN-067,Ranchi,RAN,center,False,
2025-03-09 05:00:00,15.9,939.2,49.0,AWS-RAN-067,Ranchi,RAN,center,False,
2025-03-09 06:00:00,16.2,940.2,54.0,AWS-RAN-067,Ranchi,RAN,center,False,
2025-03-09 07:00:00,20.2,941.8,44.0,AWS-RAN-067,Ranchi,RAN,center,False,
2025-03-09 08:00:00,23.4,943.5,38.0,AWS-RAN-067,Ranchi,RAN,center,False,
2025-03-09 09:00:00,25.6,944.1,31.0,AWS-RAN-067,Ranchi,RAN,center,False,
2025-03-09 10:00:00,27.3,944.5,27.0,AWS-RAN-067,Ranchi,RAN,center,False,
2025-03-09 11:00:00,28.5,944.0,24.0,AWS-RAN-067,Ranchi,RAN,center,False,
2025-03-09 12:00:00,29.2,943.2,22.0,AWS-RAN-067,Ranchi,RAN,center,False,
2025-03-09 13:00:00,29.6,942.2,21.0,AWS-RAN-067,Ranchi,RAN,center,False,
2025-03-09 14:00:00,29.8,941.5,21.0,AWS-RAN-067,Ranchi,RAN,center,False,
2025-03-09 15:00:00,29.7,941.1,20.0,AWS-RAN-067,Ranchi,RAN,center,False,
2025-03-09 16:00:00,29.5,941.0,20.0,AWS-RAN-067,Ranchi,RAN,center,False,
2025-03-09 17:00:00,27.3,941.0,26.0,AWS-RAN-067,Ranchi,RAN,center,False,
2025-03-09 18:00:00,25.0,941.4,28.0,AWS-RAN-067,Ranchi,RAN,center,False,
2025-03-09 19:00:00,22.6,942.1,35.0,AWS-RAN-067,Ranchi,RAN,center,False,
2025-03-09 20:00:00,22.4,942.8,36.0,AWS-RAN-067,Ranchi,RAN,center,False,
2025-03-09 21:00:00,22.6,943.0,33.0,AWS-RAN-067,Ranchi,RAN,center,False,
2025-03-09 22:00:00,21.0,943.4,37.0,AWS-RAN-067,Ranchi,RAN,center,False,
2025-03-09 23:00:00,19.9,943.2,41.0,AWS-RAN-067,Ranchi,RAN,center,False,
2025-03-10 00:00:00,19.1,943.2,44.0,AWS-RAN-067,Ranchi,RAN,center,False,
2025-03-10 01:00:00,18.6,942.7,48.0,AWS-RAN-067,Ranchi,RAN,center,False,
2025-03-10 02:00:00,17.3,942.2,55.0,AWS-RAN-067,Ranchi,RAN,center,False,
2025-03-10 03:00:00,17.4,942.0,57.0,AWS-RAN-067,Ranchi,RAN,center,False,
2025-03-10 04:00:00,17.3,942.1,59.0,AWS-RAN-067,Ranchi,RAN,center,False,
2025-03-10 05:00:00,16.8,942.4,62.0,AWS-RAN-067,Ranchi,RAN,center,False,
2025-03-10 06:00:00,17.0,943.7,71.0,AWS-RAN-067,Ranchi,RAN,center,False,
2025-03-10 07:00:00,20.8,945.0,57.0,AWS-RAN-067,Ranchi,RAN,center,False,
2025-03-10 08:00:00,24.0,946.3,48.0,AWS-RAN-067,Ranchi,RAN,center,False,
2025-03-10 09:00:00,26.9,947.0,36.0,AWS-RAN-067,Ranchi,RAN,center,False,
2025-03-10 10:00:00,28.7,947.1,29.0,AWS-RAN-067,Ranchi,RAN,center,False,
2025-03-10 11:00:00,29.9,946.3,27.0,AWS-RAN-067,Ranchi,RAN,center,False,
2025-03-10 12:00:00,30.6,945.1,26.0,AWS-RAN-067,Ranchi,RAN,center,False,
2025-03-10 13:00:00,31.0,944.1,25.0,AWS-RAN-067,Ranchi,RAN,center,False,
2025-03-10 14:00:00,31.3,943.1,24.0,AWS-RAN-067,Ranchi,RAN,center,False,
2025-03-10 15:00:00,31.2,942.5,24.0,AWS-RAN-067,Ranchi,RAN,center,False,
2025-03-10 16:00:00,30.0,942.2,25.0,AWS-RAN-067,Ranchi,RAN,center,False,
2025-03-10 17:00:00,28.5,942.2,27.0,AWS-RAN-067,Ranchi,RAN,center,False,
2025-03-10 18:00:00,26.5,942.5,31.0,AWS-RAN-067,Ranchi,RAN,center,False,
2025-03-10 19:00:00,25.0,942.9,33.0,AWS-RAN-067,Ranchi,RAN,center,False,
2025-03-10 20:00:00,23.8,944.0,36.0,AWS-RAN-067,Ranchi,RAN,center,False,
2025-03-10 21:00:00,22.5,943.9,46.0,AWS-RAN-067,Ranchi,RAN,center,False,
2025-03-10 22:00:00,21.6,943.5,56.0,AWS-RAN-067,Ranchi,RAN,center,False,
2025-03-10 23:00:00,20.4,942.8,62.0,AWS-RAN-067,Ranchi,RAN,center,True,frozen_value
2025-03-11 00:00:00,20.4,942.8,65.0,AWS-RAN-067,Ranchi,RAN,center,True,frozen_value
2025-03-11 01:00:00,20.4,942.1,69.0,AWS-RAN-067,Ranchi,RAN,center,True,frozen_value
2025-03-11 02:00:00,20.4,941.5,73.0,AWS-RAN-067,Ranchi,RAN,center,True,frozen_value
2025-03-11 03:00:00,20.4,941.5,76.0,AWS-RAN-067,Ranchi,RAN,center,True,frozen_value
2025-03-11 04:00:00,20.4,942.0,78.0,AWS-RAN-067,Ranchi,RAN,center,True,frozen_value
2025-03-11 05:00:00,20.4,941.6,83.0,AWS-RAN-067,Ranchi,RAN,center,True,frozen_value
2025-03-11 06:00:00,20.4,942.9,98.89581225783654,AWS-RAN-067,Ranchi,RAN,center,True,drift
2025-03-11 07:00:00,20.4,944.5,84.02450372118518,AWS-RAN-067,Ranchi,RAN,center,True,drift
2025-03-11 08:00:00,20.4,945.9,66.1923178030592,AWS-RAN-067,Ranchi,RAN,center,True,drift
2025-03-11 09:00:00,25.8,946.2,53.37895096100331,AWS-RAN-067,Ranchi,RAN,center,True,drift
2025-03-11 10:00:00,27.7,945.9,43.5789619871205,AWS-RAN-067,Ranchi,RAN,center,True,drift
2025-03-11 11:00:00,29.2,945.0,39.7895485383969,AWS-RAN-067,Ranchi,RAN,center,True,drift
2025-03-11 12:00:00,30.2,943.7,37.00896538293961,AWS-RAN-067,Ranchi,RAN,center,True,drift
2025-03-11 13:00:00,30.7,942.6,36.23600851245312,AWS-RAN-067,Ranchi,RAN,center,True,drift
2025-03-11 14:00:00,30.6,941.8,35.46979143003142,AWS-RAN-067,Ranchi,RAN,center,True,drift
2025-03-11 15:00:00,29.9,941.3,38.70963114235178,AWS-RAN-067,Ranchi,RAN,center,True,drift
2025-03-11 16:00:00,29.4,941.0,36.954983521084166,AWS-RAN-067,Ranchi,RAN,center,True,drift
2025-03-11 17:00:00,27.7,941.0,41.20540374272555,AWS-RAN-067,Ranchi,RAN,center,True,drift
2025-03-11 18:00:00,25.4,941.3,46.46052063620668,AWS-RAN-067,Ranchi,RAN,center,True,drift
2025-03-11 19:00:00,24.2,941.7,49.720019277002606,AWS-RAN-067,Ranchi,RAN,center,True,drift
2025-03-11 20:00:00,23.4,941.7,53.98362873641596,AWS-RAN-067,Ranchi,RAN,center,True,drift
2025-03-11 21:00:00,22.7,941.6,56.25111319487863,AWS-RAN-067,Ranchi,RAN,center,True,drift
2025-03-11 22:00:00,22.4,941.3,55.52226532999097,AWS-RAN-067,Ranchi,RAN,center,True,drift
2025-03-11 23:00:00,21.8,940.5,56.79690128960779,AWS-RAN-067,Ranchi,RAN,center,True,drift
2025-03-12 00:00:00,20.7,940.1,60.074856798120706,AWS-RAN-067,Ranchi,RAN,center,True,drift
2025-03-12 01:00:00,19.8,939.1,63.3559840911052,AWS-RAN-067,Ranchi,RAN,center,True,drift
2025-03-12 02:00:00,19.3,938.5,64.64014946738374,AWS-RAN-067,Ranchi,RAN,center,True,drift
2025-03-12 03:00:00,19.3,938.0,64.92723130923265,AWS-RAN-067,Ranchi,RAN,center,True,drift
2025-03-12 04:00:00,19.9,938.0,62.21711846299923,AWS-RAN-067,Ranchi,RAN,center,True,drift
2025-03-12 05:00:00,20.1,938.5,60.509708900996785,AWS-RAN-067,Ranchi,RAN,center,True,drift
2025-03-12 06:00:00,19.8,939.5,64.80490860563054,AWS-RAN-067,Ranchi,RAN,center,True,drift
2025-03-12 07:00:00,22.9,940.6,59.10263063106366,AWS-RAN-067,Ranchi,RAN,center,True,drift
2025-03-12 08:00:00,26.7,941.8,52.402794308159876,AWS-RAN-067,Ranchi,RAN,center,True,drift
2025-03-12 09:00:00,29.5,942.4,44.705324566123764,AWS-RAN-067,Ranchi,RAN,center,True,drift
2025-03-12 10:00:00,31.4,942.1,40.01015134999763,AWS-RAN-067,Ranchi,RAN,center,True,drift
2025-03-12 11:00:00,32.3,941.0,39.31720911751185,AWS-RAN-067,Ranchi,RAN,center,True,drift
2025-03-12 12:00:00,40.503852489100545,939.8778132041083,29.789186193948463,AWS-RAN-067,Ranchi,RAN,center,True,multivariate_inconsistency
2025-03-12 13:00:00,40.80385248910054,938.6526623324216,28.016242826354244,AWS-RAN-067,Ranchi,RAN,center,True,multivariate_inconsistency
2025-03-12 14:00:00,40.903852489100544,937.4666224554823,28.009373919415538,AWS-RAN-067,Ranchi,RAN,center,True,multivariate_inconsistency
2025-03-12 15:00:00,40.503852489100545,937.3291450958664,28.0368811237162,AWS-RAN-067,Ranchi,RAN,center,True,multivariate_inconsistency
2025-03-12 16:00:00,32.1,936.8,17.0,AWS-RAN-067,Ranchi,RAN,center,False,
2025-03-12 17:00:00,29.9,936.6,21.0,AWS-RAN-067,Ranchi,RAN,center,False,
2025-03-12 18:00:00,27.7,937.1,24.0,AWS-RAN-067,Ranchi,RAN,center,False,
2025-03-12 19:00:00,26.2,937.4,27.0,AWS-RAN-067,Ranchi,RAN,center,False,
2025-03-12 20:00:00,25.2,938.0,29.0,AWS-RAN-067,Ranchi,RAN,center,False,
2025-03-12 21:00:00,23.9,938.1,32.0,AWS-RAN-067,Ranchi,RAN,center,False,
2025-03-12 22:00:00,22.1,938.2,36.0,AWS-RAN-067,Ranchi,RAN,center,False,
2025-03-12 23:00:00,21.5,937.9,36.0,AWS-RAN-067,Ranchi,RAN,center,False,
2025-03-13 00:00:00,21.9,937.4,32.0,AWS-RAN-067,Ranchi,RAN,center,False,
2025-03-13 01:00:00,22.0,936.7,31.0,AWS-RAN-067,Ranchi,RAN,center,False,
2025-03-13 02:00:00,21.5,936.1,32.0,AWS-RAN-067,Ranchi,RAN,center,False,
2025-03-13 03:00:00,21.7,935.9,33.0,AWS-RAN-067,Ranchi,RAN,center,False,
2025-03-13 04:00:00,20.6,936.2,36.0,AWS-RAN-067,Ranchi,RAN,center,False,
2025-03-13 05:00:00,20.4,936.6,37.0,AWS-RAN-067,Ranchi,RAN,center,False,
2025-03-13 06:00:00,20.5,937.7,42.0,AWS-RAN-067,Ranchi,RAN,center,False,
2025-03-13 07:00:00,23.6,939.3,37.0,AWS-RAN-067,Ranchi,RAN,center,False,
2025-03-13 08:00:00,27.4,940.8,31.0,AWS-RAN-067,Ranchi,RAN,center,False,
2025-03-13 09:00:00,29.7,941.3,27.0,AWS-RAN-067,Ranchi,RAN,center,False,
2025-03-13 10:00:00,31.5,954.9480345822248,23.0,AWS-RAN-067,Ranchi,RAN,center,True,spike
2025-03-13 11:00:00,32.8,954.1480345822248,20.0,AWS-RAN-067,Ranchi,RAN,center,True,spike
2025-03-13 12:00:00,33.7,953.0480345822248,17.0,AWS-RAN-067,Ranchi,RAN,center,True,spike
2025-03-13 13:00:00,33.8,951.8480345822247,16.0,AWS-RAN-067,Ranchi,RAN,center,True,spike
2025-03-13 14:00:00,33.5,936.9,16.0,AWS-RAN-067,Ranchi,RAN,center,False,
2025-03-13 15:00:00,33.0,936.2,17.0,AWS-RAN-067,Ranchi,RAN,center,False,
2025-03-13 16:00:00,32.1,936.1,19.0,AWS-RAN-067,Ranchi,RAN,center,False,
2025-03-13 17:00:00,40.07813771065537,936.2831330084249,34.41137549030877,AWS-RAN-067,Ranchi,RAN,center,True,multivariate_inconsistency
2025-03-13 18:00:00,37.97813771065536,937.1608853645793,39.50263593759878,AWS-RAN-067,Ranchi,RAN,center,True,multivariate_inconsistency
2025-03-13 19:00:00,36.778137710655365,936.3072970040527,41.25414365739194,AWS-RAN-067,Ranchi,RAN,center,True,multivariate_inconsistency
2025-03-13 20:00:00,35.67813771065536,937.7674233194692,43.005745454878685,AWS-RAN-067,Ranchi,RAN,center,True,multivariate_inconsistency
2025-03-13 21:00:00,34.278137710655365,938.3887631438539,49.77225933840296,AWS-RAN-067,Ranchi,RAN,center,True,multivariate_inconsistency
2025-03-13 22:00:00,23.5,938.1,34.0,AWS-RAN-067,Ranchi,RAN,center,False,
2025-03-13 23:00:00,23.2,938.1,37.0,AWS-RAN-067,Ranchi,RAN,center,False,
2025-03-14 00:00:00,22.3,937.5,41.0,AWS-RAN-067,Ranchi,RAN,center,False,
2025-03-14 01:00:00,20.5,936.7,48.0,AWS-RAN-067,Ranchi,RAN,center,False,
2025-03-14 02:00:00,19.8,936.5,51.0,AWS-RAN-067,Ranchi,RAN,center,False,
2025-03-14 03:00:00,19.3,936.1,52.0,AWS-RAN-067,Ranchi,RAN,center,False,
2025-03-14 04:00:00,19.3,936.4,53.0,AWS-RAN-067,Ranchi,RAN,center,False,
2025-03-14 05:00:00,19.3,937.3,53.0,AWS-RAN-067,Ranchi,RAN,center,False,
2025-03-14 06:00:00,19.2,938.3,62.0,AWS-RAN-067,Ranchi,RAN,center,False,
2025-03-14 07:00:00,23.3,940.1,49.0,AWS-RAN-067,Ranchi,RAN,center,False,
2025-03-14 08:00:00,27.6,941.9,37.0,AWS-RAN-067,Ranchi,RAN,center,False,
2025-03-14 09:00:00,29.9,942.3,29.0,AWS-RAN-067,Ranchi,RAN,center,False,
2025-03-14 10:00:00,31.6,942.3,24.0,AWS-RAN-067,Ranchi,RAN,center,False,
2025-03-14 11:00:00,32.9,941.7,21.0,AWS-RAN-067,Ranchi,RAN,center,False,
2025-03-14 12:00:00,34.0,940.7,18.0,AWS-RAN-067,Ranchi,RAN,center,False,
2025-03-14 13:00:00,35.3,939.6,14.0,AWS-RAN-067,Ranchi,RAN,center,False,
2025-03-14 14:00:00,34.3,938.5,16.0,AWS-RAN-067,Ranchi,RAN,center,False,
2025-03-14 15:00:00,34.0,937.6,16.0,AWS-RAN-067,Ranchi,RAN,center,False,
2025-03-14 16:00:00,32.9,937.6,15.0,AWS-RAN-067,Ranchi,RAN,center,False,
2025-03-14 17:00:00,31.0,937.6,17.0,AWS-RAN-067,Ranchi,RAN,center,False,
2025-03-14 18:00:00,27.4,938.2,23.0,AWS-RAN-067,Ranchi,RAN,center,False,
2025-03-14 19:00:00,27.4,938.9,21.0,AWS-RAN-067,Ranchi,RAN,center,False,
2025-03-14 20:00:00,26.5,939.4,24.0,AWS-RAN-067,Ranchi,RAN,center,False,
2025-03-14 21:00:00,25.0,939.8,28.0,AWS-RAN-067,Ranchi,RAN,center,False,
2025-03-14 22:00:00,23.5,939.8,35.0,AWS-RAN-067,Ranchi,RAN,center,False,
2025-03-14 23:00:00,22.5,939.8,39.0,AWS-RAN-067,Ranchi,RAN,center,False,
2025-03-15 00:00:00,22.2,939.2,42.0,AWS-RAN-067,Ranchi,RAN,center,False,
2025-03-15 01:00:00,21.5,938.6,44.0,AWS-RAN-067,Ranchi,RAN,center,False,
2025-03-15 02:00:00,21.2,937.9,46.0,AWS-RAN-067,Ranchi,RAN,center,False,
2025-03-15 03:00:00,20.7,937.5,47.0,AWS-RAN-067,Ranchi,RAN,center,False,
2025-03-15 04:00:00,20.4,937.6,48.0,AWS-RAN-067,Ranchi,RAN,center,False,
2025-03-15 05:00:00,21.3,938.2,45.0,AWS-RAN-067,Ranchi,RAN,center,False,
2025-03-15 06:00:00,21.4,939.5,54.0,AWS-RAN-067,Ranchi,RAN,center,False,
2025-03-15 07:00:00,24.7,941.4,43.0,AWS-RAN-067,Ranchi,RAN,center,False,
2025-03-15 08:00:00,28.7,943.0,34.0,AWS-RAN-067,Ranchi,RAN,center,False,
2025-03-15 09:00:00,30.9,943.7,26.0,AWS-RAN-067,Ranchi,RAN,center,False,
2025-03-15 10:00:00,32.3,943.7,23.0,AWS-RAN-067,Ranchi,RAN,center,False,
2025-03-15 11:00:00,33.6,943.2,21.0,AWS-RAN-067,Ranchi,RAN,center,False,
2025-03-15 12:00:00,34.9,942.2,17.0,AWS-RAN-067,Ranchi,RAN,center,False,
2025-03-15 13:00:00,35.4,941.3,16.0,AWS-RAN-067,Ranchi,RAN,center,False,
2025-03-15 14:00:00,35.1,940.4,15.0,AWS-RAN-067,Ranchi,RAN,center,False,
2025-03-15 15:00:00,34.6,939.7,14.0,AWS-RAN-067,Ranchi,RAN,center,False,
2025-03-15 16:00:00,33.8,939.5,14.0,AWS-RAN-067,Ranchi,RAN,center,False,
2025-03-15 17:00:00,31.9,939.5,17.0,AWS-RAN-067,Ranchi,RAN,center,False,
2025-03-15 18:00:00,29.4,940.2,20.0,AWS-RAN-067,Ranchi,RAN,center,False,
2025-03-15 19:00:00,28.5,940.6,20.0,AWS-RAN-067,Ranchi,RAN,center,False,
2025-03-15 20:00:00,27.6,941.2,21.0,AWS-RAN-067,Ranchi,RAN,center,False,
2025-03-15 21:00:00,26.6,941.5,23.0,AWS-RAN-067,Ranchi,RAN,center,False,
2025-03-15 22:00:00,25.8,941.8,24.0,AWS-RAN-067,Ranchi,RAN,center,False,
2025-03-15 23:00:00,24.5,941.6,28.0,AWS-RAN-067,Ranchi,RAN,center,False,
2025-03-16 00:00:00,23.5,940.8,34.0,AWS-RAN-067,Ranchi,RAN,center,False,
2025-03-16 01:00:00,24.0,940.3,36.0,AWS-RAN-067,Ranchi,RAN,center,False,
2025-03-16 02:00:00,23.9,939.5,36.0,AWS-RAN-067,Ranchi,RAN,center,False,
2025-03-16 03:00:00,23.4,938.9,37.0,AWS-RAN-067,Ranchi,RAN,center,False,
2025-03-16 04:00:00,23.1,939.1,39.0,AWS-RAN-067,Ranchi,RAN,center,False,
2025-03-16 05:00:00,22.7,939.4,40.0,AWS-RAN-067,Ranchi,RAN,center,False,
2025-03-16 06:00:00,22.5,939.7,53.0,AWS-RAN-067,Ranchi,RAN,center,False,
2025-03-16 07:00:00,25.8,941.1,43.0,AWS-RAN-067,Ranchi,RAN,center,False,
2025-03-16 08:00:00,29.6,942.4,36.0,AWS-RAN-067,Ranchi,RAN,center,False,
2025-03-16 09:00:00,32.3,942.9,25.0,AWS-RAN-067,Ranchi,RAN,center,False,
2025-03-16 10:00:00,34.2,943.0,18.0,AWS-RAN-067,Ranchi,RAN,center,True,frozen_value
2025-03-16 11:00:00,34.21089104954589,942.3,17.0,AWS-RAN-067,Ranchi,RAN,center,True,frozen_value
2025-03-16 12:00:00,34.21324315553316,941.3,16.0,AWS-RAN-067,Ranchi,RAN,center,True,frozen_value
2025-03-16 13:00:00,34.224821878111776,940.1,17.0,AWS-RAN-067,Ranchi,RAN,center,True,frozen_value
2025-03-16 14:00:00,34.20912898758015,938.9,17.0,AWS-RAN-067,Ranchi,RAN,center,True,frozen_value
2025-03-16 15:00:00,34.20754057110895,938.2,17.0,AWS-RAN-067,Ranchi,RAN,center,True,frozen_value
2025-03-16 16:00:00,34.20132910746914,938.2,17.0,AWS-RAN-067,Ranchi,RAN,center,True,frozen_value
2025-03-16 17:00:00,34.18888559950195,,28.0,AWS-RAN-067,Ranchi,RAN,center,True,dropout
2025-03-16 18:00:00,34.182329386619465,939.6,38.0,AWS-RAN-067,Ranchi,RAN,center,True,frozen_value
2025-03-16 19:00:00,27.0,939.8,39.0,AWS-RAN-067,Ranchi,RAN,center,False,
2025-03-16 20:00:00,26.3,940.0,40.0,AWS-RAN-067,Ranchi,RAN,center,False,
2025-03-16 21:00:00,24.8,939.9,44.0,AWS-RAN-067,Ranchi,RAN,center,False,
2025-03-16 22:00:00,23.9,939.7,48.0,AWS-RAN-067,Ranchi,RAN,center,False,
2025-03-16 23:00:00,23.7,939.3,48.0,AWS-RAN-067,Ranchi,RAN,center,False,
2025-03-17 00:00:00,23.0,938.8,50.0,AWS-RAN-067,Ranchi,RAN,center,False,
2025-03-17 01:00:00,22.1,938.3,53.0,AWS-RAN-067,Ranchi,RAN,center,False,
2025-03-17 02:00:00,21.9,937.8,54.0,AWS-RAN-067,Ranchi,RAN,center,False,
2025-03-17 03:00:00,21.5,937.5,55.0,AWS-RAN-067,Ranchi,RAN,center,False,
2025-03-17 04:00:00,21.4,937.6,55.0,AWS-RAN-067,Ranchi,RAN,center,False,
2025-03-17 05:00:00,21.0,938.0,56.0,AWS-RAN-067,Ranchi,RAN,center,False,
2025-03-17 06:00:00,21.7,939.2,61.0,AWS-RAN-067,Ranchi,RAN,center,False,
2025-03-17 07:00:00,23.6,940.7,55.0,AWS-RAN-067,Ranchi,RAN,center,False,
2025-03-17 08:00:00,26.2,941.7,47.0,AWS-RAN-067,Ranchi,RAN,center,False,
2025-03-17 09:00:00,28.6,942.1,40.0,AWS-RAN-067,Ranchi,RAN,center,False,
2025-03-17 10:00:00,30.4,942.9,37.0,AWS-RAN-067,Ranchi,RAN,center,False,
2025-03-17 11:00:00,27.1,942.3,49.0,AWS-RAN-067,Ranchi,RAN,center,False,
2025-03-17 12:00:00,27.6,941.9,46.0,AWS-RAN-067,Ranchi,RAN,center,False,
2025-03-17 13:00:00,28.9,940.4,40.0,AWS-RAN-067,Ranchi,RAN,center,False,
2025-03-17 14:00:00,30.6,939.4,37.0,AWS-RAN-067,Ranchi,RAN,center,False,
2025-03-17 15:00:00,27.4,938.9,43.0,AWS-RAN-067,Ranchi,RAN,center,False,
2025-03-17 16:00:00,29.2,938.7,36.0,AWS-RAN-067,Ranchi,RAN,center,False,
2025-03-17 17:00:00,28.6,938.7,39.0,AWS-RAN-067,Ranchi,RAN,center,False,
2025-03-17 18:00:00,26.4,939.0,47.0,AWS-RAN-067,Ranchi,RAN,center,False,
2025-03-17 19:00:00,25.8,939.4,47.0,AWS-RAN-067,Ranchi,RAN,center,False,
2025-03-17 20:00:00,24.5,939.8,47.0,AWS-RAN-067,Ranchi,RAN,center,False,
2025-03-17 21:00:00,24.1,940.4,46.0,AWS-RAN-067,Ranchi,RAN,center,False,
2025-03-17 22:00:00,23.3,941.0,50.0,AWS-RAN-067,Ranchi,RAN,center,False,
2025-03-17 23:00:00,22.4,940.6,53.0,AWS-RAN-067,Ranchi,RAN,center,False,
2025-03-18 00:00:00,21.8,940.4,53.0,AWS-RAN-067,Ranchi,RAN,center,False,
2025-03-18 01:00:00,21.3,940.0,53.0,AWS-RAN-067,Ranchi,RAN,center,False,
2025-03-18 02:00:00,20.8,939.5,53.0,AWS-RAN-067,Ranchi,RAN,center,False,
2025-03-18 03:00:00,20.5,939.0,52.0,AWS-RAN-067,Ranchi,RAN,center,False,
2025-03-18 04:00:00,20.2,939.3,51.0,AWS-RAN-067,Ranchi,RAN,center,False,
2025-03-18 05:00:00,19.5,939.3,52.0,AWS-RAN-067,Ranchi,RAN,center,False,
2025-03-18 06:00:00,26.42405897625818,940.0909048424782,80.1010404217453,AWS-RAN-067,Ranchi,RAN,center,True,multivariate_inconsistency
2025-03-18 07:00:00,28.62405897625818,941.7274809466765,67.46165246940245,AWS-RAN-067,Ranchi,RAN,center,True,multivariate_inconsistency
2025-03-18 08:00:00,31.32405897625818,942.9848181638865,50.31104051697978,AWS-RAN-067,Ranchi,RAN,center,True,multivariate_inconsistency
2025-03-18 09:00:00,33.22405897625818,943.128007111129,44.03966278831302,AWS-RAN-067,Ranchi,RAN,center,True,multivariate_inconsistency
2025-03-18 10:00:00,34.92405897625818,943.5792718112153,39.34703367153485,AWS-RAN-067,Ranchi,RAN,center,True,multivariate_inconsistency
2025-03-18 11:00:00,29.5,942.5,25.0,AWS-RAN-067,Ranchi,RAN,center,False,
2025-03-18 12:00:00,30.6,941.7,24.0,AWS-RAN-067,Ranchi,RAN,center,False,
2025-03-18 13:00:00,31.1,940.8,23.0,AWS-RAN-067,Ranchi,RAN,center,False,
2025-03-18 14:00:00,31.6,940.0,22.0,AWS-RAN-067,Ranchi,RAN,center,False,
2025-03-18 15:00:00,32.1,939.2,20.0,AWS-RAN-067,Ranchi,RAN,center,False,
2025-03-18 16:00:00,30.7,939.2,21.0,AWS-RAN-067,Ranchi,RAN,center,False,
2025-03-18 17:00:00,28.4,939.5,26.0,AWS-RAN-067,Ranchi,RAN,center,False,
2025-03-18 18:00:00,25.9,940.1,31.0,AWS-RAN-067,Ranchi,RAN,center,False,
2025-03-18 19:00:00,24.4,940.9,34.0,AWS-RAN-067,Ranchi,RAN,center,False,
2025-03-18 20:00:00,23.9,941.5,31.0,AWS-RAN-067,Ranchi,RAN,center,False,
2025-03-18 21:00:00,23.2,941.6,31.0,AWS-RAN-067,Ranchi,RAN,center,False,
2025-03-18 22:00:00,22.4,958.2827533636236,33.0,AWS-RAN-067,Ranchi,RAN,center,True,spike
2025-03-18 23:00:00,21.9,958.0827533636236,34.0,AWS-RAN-067,Ranchi,RAN,center,True,spike
2025-03-19 00:00:00,21.1,957.8827533636236,36.0,AWS-RAN-067,Ranchi,RAN,center,True,spike
2025-03-19 01:00:00,20.6,957.2827533636236,37.0,AWS-RAN-067,Ranchi,RAN,center,True,spike
2025-03-19 02:00:00,20.1,940.3,37.0,AWS-RAN-067,Ranchi,RAN,center,False,
2025-03-19 03:00:00,20.0,940.1,37.0,AWS-RAN-067,Ranchi,RAN,center,False,
2025-03-19 04:00:00,19.9,940.2,37.0,AWS-RAN-067,Ranchi,RAN,center,False,
2025-03-19 05:00:00,18.5,940.8,41.0,AWS-RAN-067,Ranchi,RAN,center,False,
2025-03-19 06:00:00,18.2,942.5,50.0,AWS-RAN-067,Ranchi,RAN,center,False,
2025-03-19 07:00:00,21.6,951.4359788146411,40.0,AWS-RAN-067,Ranchi,RAN,center,True,drift
2025-03-19 08:00:00,24.4,952.9660398769538,32.0,AWS-RAN-067,Ranchi,RAN,center,True,drift
2025-03-19 09:00:00,26.7,953.6961009392664,27.0,AWS-RAN-067,Ranchi,RAN,center,True,drift
2025-03-19 10:00:00,28.7,954.3261620015792,24.0,AWS-RAN-067,Ranchi,RAN,center,True,drift
2025-03-19 11:00:00,30.3,954.0562230638918,23.0,AWS-RAN-067,Ranchi,RAN,center,True,drift
2025-03-19 12:00:00,31.7,953.3862841262046,22.0,AWS-RAN-067,Ranchi,RAN,center,True,drift
2025-03-19 13:00:00,32.8,952.6163451885172,21.0,AWS-RAN-067,Ranchi,RAN,center,True,drift
2025-03-19 14:00:00,33.4,951.9464062508299,20.0,AWS-RAN-067,Ranchi,RAN,center,True,drift
2025-03-19 15:00:00,33.2,951.5764673131426,20.0,AWS-RAN-067,Ranchi,RAN,center,True,drift
2025-03-19 16:00:00,32.4,951.3065283754553,22.0,AWS-RAN-067,Ranchi,RAN,center,True,drift
2025-03-19 17:00:00,31.0,951.6365894377681,33.0,AWS-RAN-067,Ranchi,RAN,center,True,drift
2025-03-19 18:00:00,28.4,952.5666505000808,30.0,AWS-RAN-067,Ranchi,RAN,center,True,drift
2025-03-19 19:00:00,27.2,953.3967115623934,30.0,AWS-RAN-067,Ranchi,RAN,center,True,drift
2025-03-19 20:00:00,25.9,953.9267726247061,33.0,AWS-RAN-067,Ranchi,RAN,center,True,drift
2025-03-19 21:00:00,25.2,954.9568336870187,36.0,AWS-RAN-067,Ranchi,RAN,center,True,drift
2025-03-19 22:00:00,24.3,955.3868947493315,39.0,AWS-RAN-067,Ranchi,RAN,center,True,drift
2025-03-19 23:00:00,23.5,955.2169558116442,41.0,AWS-RAN-067,Ranchi,RAN,center,True,drift
2025-03-20 00:00:00,23.0,955.2470168739569,42.0,AWS-RAN-067,Ranchi,RAN,center,True,drift
2025-03-20 01:00:00,22.4,954.5770779362696,45.0,AWS-RAN-067,Ranchi,RAN,center,True,drift
2025-03-20 02:00:00,21.6,954.4071389985824,51.0,AWS-RAN-067,Ranchi,RAN,center,True,drift
2025-03-20 03:00:00,21.1,954.537200060895,54.0,AWS-RAN-067,Ranchi,RAN,center,True,drift
2025-03-20 04:00:00,21.0,955.2672611232076,52.0,AWS-RAN-067,Ranchi,RAN,center,True,drift
2025-03-20 05:00:00,21.2,955.8973221855204,51.0,AWS-RAN-067,Ranchi,RAN,center,True,drift
2025-03-20 06:00:00,21.3,957.427383247833,64.0,AWS-RAN-067,Ranchi,RAN,center,True,drift
2025-03-20 07:00:00,23.8,959.0574443101458,46.0,AWS-RAN-067,Ranchi,RAN,center,True,drift
2025-03-20 08:00:00,26.0,959.9875053724584,32.0,AWS-RAN-067,Ranchi,RAN,center,True,drift
2025-03-20 09:00:00,28.1,960.717566434771,32.0,AWS-RAN-067,Ranchi,RAN,center,True,drift
2025-03-20 10:00:00,29.3,946.6,32.0,AWS-RAN-067,Ranchi,RAN,center,False,
2025-03-20 11:00:00,30.5,945.8,31.0,AWS-RAN-067,Ranchi,RAN,center,False,
2025-03-20 12:00:00,31.9,945.2,29.0,AWS-RAN-067,Ranchi,RAN,center,False,
2025-03-20 13:00:00,30.8,943.6,32.0,AWS-RAN-067,Ranchi,RAN,center,False,
2025-03-20 14:00:00,22.68266195210826,950.9379447993011,20.83830435038838,AWS-RAN-067,Ranchi,RAN,center,True,unstructured_anomaly
2025-03-20 15:00:00,18.74462040981327,949.890852185304,77.66345753965913,AWS-RAN-067,Ranchi,RAN,center,True,unstructured_anomaly
2025-03-20 16:00:00,19.72975086001314,949.9049371717974,69.89295641888629,AWS-RAN-067,Ranchi,RAN,center,True,unstructured_anomaly
2025-03-20 17:00:00,31.905929484591447,935.8752100752536,34.52394752674947,AWS-RAN-067,Ranchi,RAN,center,True,unstructured_anomaly
2025-03-20 18:00:00,32.375156501378235,935.153062222077,68.58308860086825,AWS-RAN-067,Ranchi,RAN,center,True,unstructured_anomaly
2025-03-20 19:00:00,24.3,944.1,55.0,AWS-RAN-067,Ranchi,RAN,center,False,
2025-03-20 20:00:00,23.7,944.7,61.0,AWS-RAN-067,Ranchi,RAN,center,False,
2025-03-20 21:00:00,22.9,944.9,65.0,AWS-RAN-067,Ranchi,RAN,center,False,
2025-03-20 22:00:00,22.1,944.6,68.0,AWS-RAN-067,Ranchi,RAN,center,False,
2025-03-20 23:00:00,20.9,944.9,76.0,AWS-RAN-067,Ranchi,RAN,center,False,
2025-03-21 00:00:00,20.7,943.9,76.0,AWS-RAN-067,Ranchi,RAN,center,False,
2025-03-21 01:00:00,20.2,943.5,80.0,AWS-RAN-067,Ranchi,RAN,center,False,
2025-03-21 02:00:00,19.9,942.9,84.0,AWS-RAN-067,Ranchi,RAN,center,False,
2025-03-21 03:00:00,19.8,942.7,82.0,AWS-RAN-067,Ranchi,RAN,center,False,
2025-03-21 04:00:00,18.6,943.2,90.0,AWS-RAN-067,Ranchi,RAN,center,False,
2025-03-21 05:00:00,18.6,942.8,90.0,AWS-RAN-067,Ranchi,RAN,center,False,
2025-03-21 06:00:00,20.0,944.3,81.0,AWS-RAN-067,Ranchi,RAN,center,False,
2025-03-21 07:00:00,22.1,945.2,73.0,AWS-RAN-067,Ranchi,RAN,center,False,
2025-03-21 08:00:00,24.0,946.3,67.0,AWS-RAN-067,Ranchi,RAN,center,False,
2025-03-21 09:00:00,25.5,946.4,60.0,AWS-RAN-067,Ranchi,RAN,center,True,frozen_value
2025-03-21 10:00:00,25.5,946.7,53.0,AWS-RAN-067,Ranchi,RAN,center,True,frozen_value
2025-03-21 11:00:00,25.5,946.5,68.0,AWS-RAN-067,Ranchi,RAN,center,True,frozen_value
2025-03-21 12:00:00,25.5,945.1,81.0,AWS-RAN-067,Ranchi,RAN,center,True,frozen_value
2025-03-21 13:00:00,25.5,943.5,88.0,AWS-RAN-067,Ranchi,RAN,center,True,frozen_value
2025-03-21 14:00:00,25.5,942.3,71.0,AWS-RAN-067,Ranchi,RAN,center,True,frozen_value
2025-03-21 15:00:00,25.5,942.0,58.0,AWS-RAN-067,Ranchi,RAN,center,True,frozen_value
2025-03-21 16:00:00,25.5,941.4,71.0,AWS-RAN-067,Ranchi,RAN,center,True,frozen_value
2025-03-21 17:00:00,25.5,941.9,75.0,AWS-RAN-067,Ranchi,RAN,center,True,frozen_value
2025-03-21 18:00:00,19.9,943.2,83.0,AWS-RAN-067,Ranchi,RAN,center,False,
2025-03-21 19:00:00,19.1,942.6,92.0,AWS-RAN-067,Ranchi,RAN,center,False,
2025-03-21 20:00:00,18.4,943.3,94.0,AWS-RAN-067,Ranchi,RAN,center,False,
2025-03-21 21:00:00,18.4,943.1,92.0,AWS-RAN-067,Ranchi,RAN,center,False,
2025-03-21 22:00:00,17.9,944.3,95.0,AWS-RAN-067,Ranchi,RAN,center,False,
2025-03-21 23:00:00,17.9,943.7,98.0,AWS-RAN-067,Ranchi,RAN,center,False,
2025-03-22 00:00:00,17.5,942.4,99.0,AWS-RAN-067,Ranchi,RAN,center,False,
2025-03-22 01:00:00,17.5,941.5,98.0,AWS-RAN-067,Ranchi,RAN,center,False,
2025-03-22 02:00:00,17.5,942.0,96.0,AWS-RAN-067,Ranchi,RAN,center,False,
2025-03-22 03:00:00,17.9,940.6,92.0,AWS-RAN-067,Ranchi,RAN,center,False,
2025-03-22 04:00:00,17.8,940.9,92.0,AWS-RAN-067,Ranchi,RAN,center,False,
2025-03-22 05:00:00,17.1,941.1,92.0,AWS-RAN-067,Ranchi,RAN,center,False,
2025-03-22 06:00:00,16.8,942.5,91.0,AWS-RAN-067,Ranchi,RAN,center,False,
2025-03-22 07:00:00,17.7,943.9,85.0,AWS-RAN-067,Ranchi,RAN,center,False,
2025-03-22 08:00:00,19.6,945.1,76.0,AWS-RAN-067,Ranchi,RAN,center,False,
2025-03-22 09:00:00,22.4,945.2,67.0,AWS-RAN-067,Ranchi,RAN,center,False,
2025-03-22 10:00:00,24.8,945.3,57.0,AWS-RAN-067,Ranchi,RAN,center,False,
2025-03-22 11:00:00,26.3,944.6,50.0,AWS-RAN-067,Ranchi,RAN,center,False,
2025-03-22 12:00:00,27.3,943.6,46.0,AWS-RAN-067,Ranchi,RAN,center,False,
2025-03-22 13:00:00,27.8,942.5,44.0,AWS-RAN-067,Ranchi,RAN,center,False,
2025-03-22 14:00:00,27.8,941.6,43.0,AWS-RAN-067,Ranchi,RAN,center,False,
2025-03-22 15:00:00,27.7,940.6,39.0,AWS-RAN-067,Ranchi,RAN,center,False,
2025-03-22 16:00:00,20.3,941.1,77.0,AWS-RAN-067,Ranchi,RAN,center,False,
2025-03-22 17:00:00,20.4,940.9,75.0,AWS-RAN-067,Ranchi,RAN,center,False,
2025-03-22 18:00:00,20.6,942.1,66.0,AWS-RAN-067,Ranchi,RAN,center,False,
2025-03-22 19:00:00,18.7,942.1,75.0,AWS-RAN-067,Ranchi,RAN,center,False,
2025-03-22 20:00:00,17.8,943.4,80.0,AWS-RAN-067,Ranchi,RAN,center,False,
2025-03-22 21:00:00,17.4,943.8,81.0,AWS-RAN-067,Ranchi,RAN,center,False,
2025-03-22 22:00:00,17.7,943.7,75.0,AWS-RAN-067,Ranchi,RAN,center,False,
2025-03-22 23:00:00,17.3,943.6,80.0,AWS-RAN-067,Ranchi,RAN,center,False,
2025-03-23 00:00:00,16.7,942.7,91.0,AWS-RAN-067,Ranchi,RAN,center,False,
2025-03-23 01:00:00,16.4,941.6,94.0,AWS-RAN-067,Ranchi,RAN,center,False,
2025-03-23 02:00:00,16.1,940.8,94.0,AWS-RAN-067,Ranchi,RAN,center,False,
2025-03-23 03:00:00,16.7,941.3,88.0,AWS-RAN-067,Ranchi,RAN,center,False,
2025-03-23 04:00:00,17.3,941.9,79.0,AWS-RAN-067,Ranchi,RAN,center,False,
2025-03-23 05:00:00,18.2,942.4,65.0,AWS-RAN-067,Ranchi,RAN,center,False,
2025-03-23 06:00:00,17.8,943.7,67.0,AWS-RAN-067,Ranchi,RAN,center,False,
2025-03-23 07:00:00,20.2,944.2,58.0,AWS-RAN-067,Ranchi,RAN,center,False,
2025-03-23 08:00:00,23.9,945.4,43.0,AWS-RAN-067,Ranchi,RAN,center,False,
2025-03-23 09:00:00,26.9,945.9,30.0,AWS-RAN-067,Ranchi,RAN,center,False,
2025-03-23 10:00:00,27.9,945.8,25.0,AWS-RAN-067,Ranchi,RAN,center,False,
2025-03-23 11:00:00,28.0,945.0,24.0,AWS-RAN-067,Ranchi,RAN,center,False,
2025-03-23 12:00:00,28.9,944.0,22.0,AWS-RAN-067,Ranchi,RAN,center,False,
2025-03-23 13:00:00,28.2,942.9,23.0,AWS-RAN-067,Ranchi,RAN,center,False,
2025-03-23 14:00:00,28.1,942.0,23.0,AWS-RAN-067,Ranchi,RAN,center,False,
2025-03-23 15:00:00,28.0,941.5,22.0,AWS-RAN-067,Ranchi,RAN,center,False,
2025-03-23 16:00:00,27.5,941.4,23.0,AWS-RAN-067,Ranchi,RAN,center,False,
2025-03-23 17:00:00,24.9,941.2,36.0,AWS-RAN-067,Ranchi,RAN,center,False,
2025-03-23 18:00:00,22.0,942.2,43.0,AWS-RAN-067,Ranchi,RAN,center,False,
2025-03-23 19:00:00,21.6,943.0,46.0,AWS-RAN-067,Ranchi,RAN,center,False,
2025-03-23 20:00:00,20.1,943.3,52.0,AWS-RAN-067,Ranchi,RAN,center,False,
2025-03-23 21:00:00,19.1,943.6,71.96438872316241,AWS-RAN-067,Ranchi,RAN,center,True,drift
2025-03-23 22:00:00,18.0,943.7,84.36427092440509,AWS-RAN-067,Ranchi,RAN,center,True,drift
2025-03-23 23:00:00,17.4,943.2,91.87965646220266,AWS-RAN-067,Ranchi,RAN,center,True,drift
2025-03-24 00:00:00,17.2,942.9,95.45001672523313,AWS-RAN-067,Ranchi,RAN,center,True,drift
2025-03-24 01:00:00,16.8,942.1,97.05929325135733,AWS-RAN-067,Ranchi,RAN,center,True,drift
2025-03-24 02:00:00,16.5,941.6,98.6992465565662,AWS-RAN-067,Ranchi,RAN,center,True,drift
2025-03-24 03:00:00,16.4,941.3,98.36475857779602,AWS-RAN-067,Ranchi,RAN,center,True,drift
2025-03-24 04:00:00,-40.12925493442957,941.6,97.0523055244162,AWS-RAN-067,Ranchi,RAN,center,True,sensor_fail_low
2025-03-24 05:00:00,-40.05944099542899,942.3,98.7592971363591,AWS-RAN-067,Ranchi,RAN,center,True,sensor_fail_low
2025-03-24 06:00:00,-40.02097902082329,943.4,98.48374055647191,AWS-RAN-067,Ranchi,RAN,center,True,sensor_fail_low
2025-03-24 07:00:00,-40.04620973498877,945.1,88.22405003841283,AWS-RAN-067,Ranchi,RAN,center,True,sensor_fail_low
2025-03-24 08:00:00,23.7,946.3,76.97893063116454,AWS-RAN-067,Ranchi,RAN,center,True,drift
2025-03-24 09:00:00,25.8,946.5,63.74730283906814,AWS-RAN-067,Ranchi,RAN,center,True,drift
2025-03-24 10:00:00,27.2,946.2,55.528251552031534,AWS-RAN-067,Ranchi,RAN,center,True,drift
2025-03-24 11:00:00,28.0,945.2,53.32099013338001,AWS-RAN-067,Ranchi,RAN,center,True,drift
2025-03-24 12:00:00,28.6,944.0,52.124834390313694,AWS-RAN-067,Ranchi,RAN,center,True,drift
2025-03-24 13:00:00,29.0,942.6,28.0,AWS-RAN-067,Ranchi,RAN,center,False,
2025-03-24 14:00:00,29.2,941.6,27.0,AWS-RAN-067,Ranchi,RAN,center,False,
2025-03-24 15:00:00,29.2,941.0,27.0,AWS-RAN-067,Ranchi,RAN,center,False,
2025-03-24 16:00:00,28.5,941.0,27.0,AWS-RAN-067,Ranchi,RAN,center,False,
2025-03-24 17:00:00,26.3,940.7,33.0,AWS-RAN-067,Ranchi,RAN,center,False,
2025-03-24 18:00:00,24.0,940.9,38.0,AWS-RAN-067,Ranchi,RAN,center,False,
2025-03-24 19:00:00,22.5,941.4,42.0,AWS-RAN-067,Ranchi,RAN,center,False,
2025-03-24 20:00:00,21.6,942.0,48.0,AWS-RAN-067,Ranchi,RAN,center,False,
2025-03-24 21:00:00,20.8,942.7,49.0,AWS-RAN-067,Ranchi,RAN,center,False,
2025-03-24 22:00:00,20.0,942.1,48.0,AWS-RAN-067,Ranchi,RAN,center,False,
2025-03-24 23:00:00,20.5,941.6,48.0,AWS-RAN-067,Ranchi,RAN,center,False,
2025-03-25 00:00:00,19.4,940.5,53.0,AWS-RAN-067,Ranchi,RAN,center,False,
2025-03-25 01:00:00,18.8,939.6,56.0,AWS-RAN-067,Ranchi,RAN,center,False,
2025-03-25 02:00:00,18.2,939.2,59.0,AWS-RAN-067,Ranchi,RAN,center,False,
2025-03-25 03:00:00,18.1,939.0,60.0,AWS-RAN-067,Ranchi,RAN,center,False,
2025-03-25 04:00:00,18.4,939.0,57.0,AWS-RAN-067,Ranchi,RAN,center,False,
2025-03-25 05:00:00,18.8,939.0,55.0,AWS-RAN-067,Ranchi,RAN,center,False,
2025-03-25 06:00:00,19.9,939.7,63.0,AWS-RAN-067,Ranchi,RAN,center,False,
2025-03-25 07:00:00,22.7,940.9,57.0,AWS-RAN-067,Ranchi,RAN,center,False,
2025-03-25 08:00:00,25.7,942.3,40.0,AWS-RAN-067,Ranchi,RAN,center,False,
2025-03-25 09:00:00,27.2,942.5,34.0,AWS-RAN-067,Ranchi,RAN,center,False,
2025-03-25 10:00:00,28.4,942.1,30.0,AWS-RAN-067,Ranchi,RAN,center,False,
2025-03-25 11:00:00,29.5,941.5,27.0,AWS-RAN-067,Ranchi,RAN,center,False,
2025-03-25 12:00:00,30.3,940.3,24.0,AWS-RAN-067,Ranchi,RAN,center,False,
2025-03-25 13:00:00,41.024688981086484,938.9372091940439,47.447355357953825,AWS-RAN-067,Ranchi,RAN,center,True,multivariate_inconsistency
2025-03-25 14:00:00,41.32468898108648,937.8225713563589,41.48385042879687,AWS-RAN-067,Ranchi,RAN,center,True,multivariate_inconsistency
2025-03-25 15:00:00,41.12468898108648,937.5810099925936,37.55265576943786,AWS-RAN-067,Ranchi,RAN,center,True,multivariate_inconsistency
2025-03-25 16:00:00,40.12468898108648,937.1956119745494,37.651288422784745,AWS-RAN-067,Ranchi,RAN,center,True,multivariate_inconsistency
2025-03-25 17:00:00,37.42468898108648,937.0320887411038,51.89173015736816,AWS-RAN-067,Ranchi,RAN,center,True,multivariate_inconsistency
2025-03-25 18:00:00,24.6,937.1,29.0,AWS-RAN-067,Ranchi,RAN,center,False,
2025-03-25 19:00:00,23.8,937.5,28.0,AWS-RAN-067,Ranchi,RAN,center,False,
2025-03-25 20:00:00,23.1,938.1,29.0,AWS-RAN-067,Ranchi,RAN,center,False,
2025-03-25 21:00:00,22.0,938.4,32.0,AWS-RAN-067,Ranchi,RAN,center,False,
2025-03-25 22:00:00,20.8,938.1,36.0,AWS-RAN-067,Ranchi,RAN,center,False,
2025-03-25 23:00:00,21.2,937.6,36.0,AWS-RAN-067,Ranchi,RAN,center,False,
2025-03-26 00:00:00,20.6,937.0,39.0,AWS-RAN-067,Ranchi,RAN,center,False,
2025-03-26 01:00:00,19.5,936.3,43.0,AWS-RAN-067,Ranchi,RAN,center,False,
2025-03-26 02:00:00,18.9,935.6,46.0,AWS-RAN-067,Ranchi,RAN,center,False,
2025-03-26 03:00:00,18.8,935.3,48.0,AWS-RAN-067,Ranchi,RAN,center,False,
2025-03-26 04:00:00,19.0,935.4,48.0,AWS-RAN-067,Ranchi,RAN,center,False,
2025-03-26 05:00:00,19.2,936.0,47.0,AWS-RAN-067,Ranchi,RAN,center,False,
2025-03-26 06:00:00,20.6,937.3,53.0,AWS-RAN-067,Ranchi,RAN,center,False,
2025-03-26 07:00:00,24.1,938.9,46.0,AWS-RAN-067,Ranchi,RAN,center,False,
2025-03-26 08:00:00,26.9,940.1,37.0,AWS-RAN-067,Ranchi,RAN,center,False,
2025-03-26 09:00:00,28.8,940.5,27.0,AWS-RAN-067,Ranchi,RAN,center,False,
2025-03-26 10:00:00,30.0,940.4,24.0,AWS-RAN-067,Ranchi,RAN,center,False,
2025-03-26 11:00:00,31.0,939.8,21.0,AWS-RAN-067,Ranchi,RAN,center,False,
2025-03-26 12:00:00,32.0,938.8,19.0,AWS-RAN-067,Ranchi,RAN,center,False,
2025-03-26 13:00:00,32.5,937.6,16.0,AWS-RAN-067,Ranchi,RAN,center,False,
2025-03-26 14:00:00,32.2,936.9,16.0,AWS-RAN-067,Ranchi,RAN,center,False,
2025-03-26 15:00:00,31.9,936.6,16.0,AWS-RAN-067,Ranchi,RAN,center,False,
2025-03-26 16:00:00,31.1,936.4,16.0,AWS-RAN-067,Ranchi,RAN,center,False,
2025-03-26 17:00:00,28.2,936.1,24.0,AWS-RAN-067,Ranchi,RAN,center,False,
2025-03-26 18:00:00,25.3,936.2,28.0,AWS-RAN-067,Ranchi,RAN,center,False,
2025-03-26 19:00:00,24.7,936.6,30.0,AWS-RAN-067,Ranchi,RAN,center,False,
2025-03-26 20:00:00,23.9,937.2,33.0,AWS-RAN-067,Ranchi,RAN,center,False,
2025-03-26 21:00:00,22.7,937.2,36.0,AWS-RAN-067,Ranchi,RAN,center,False,
2025-03-26 22:00:00,22.4,937.1,37.0,AWS-RAN-067,Ranchi,RAN,center,False,
2025-03-26 23:00:00,21.3,936.5,38.0,AWS-RAN-067,Ranchi,RAN,center,False,
2025-03-27 00:00:00,20.7,936.0,38.0,AWS-RAN-067,Ranchi,RAN,center,False,
2025-03-27 01:00:00,20.3,935.3,39.0,AWS-RAN-067,Ranchi,RAN,center,False,
2025-03-27 02:00:00,20.2,934.7,40.0,AWS-RAN-067,Ranchi,RAN,center,False,
2025-03-27 03:00:00,20.1,942.9537716023584,40.0,AWS-RAN-067,Ranchi,RAN,center,True,drift
2025-03-27 04:00:00,20.1,943.5155907361802,40.0,AWS-RAN-067,Ranchi,RAN,center,True,drift
2025-03-27 05:00:00,20.0,944.5033643489116,40.0,AWS-RAN-067,Ranchi,RAN,center,True,drift
2025-03-27 06:00:00,21.0,945.8590982555074,41.0,AWS-RAN-067,Ranchi,RAN,center,True,drift
2025-03-27 07:00:00,24.9,947.9654595268239,36.0,AWS-RAN-067,Ranchi,RAN,center,True,drift
2025-03-27 08:00:00,28.8,949.9131392292695,29.0,AWS-RAN-067,Ranchi,RAN,center,True,drift
2025-03-27 09:00:00,31.2,950.9961692490721,20.0,AWS-RAN-067,Ranchi,RAN,center,True,drift
2025-03-27 10:00:00,32.5,951.5103386366297,17.0,AWS-RAN-067,Ranchi,RAN,center,True,drift
2025-03-27 11:00:00,33.8,951.2524892291332,14.0,AWS-RAN-067,Ranchi,RAN,center,True,drift
2025-03-27 12:00:00,34.0,951.0201494653031,15.0,AWS-RAN-067,Ranchi,RAN,center,True,drift
2025-03-27 13:00:00,34.6,950.5113233103174,14.0,AWS-RAN-067,Ranchi,RAN,center,True,drift
2025-03-27 14:00:00,34.5,950.3243592288164,14.0,AWS-RAN-067,Ranchi,RAN,center,True,drift
2025-03-27 15:00:00,33.8,950.5578641584138,15.0,AWS-RAN-067,Ranchi,RAN,center,True,drift
2025-03-27 16:00:00,32.7,951.1106444872329,17.0,AWS-RAN-067,Ranchi,RAN,center,True,drift
2025-03-27 17:00:00,30.3,951.5816640942274,21.0,AWS-RAN-067,Ranchi,RAN,center,True,drift
2025-03-27 18:00:00,28.2,952.2700136322331,22.0,AWS-RAN-067,Ranchi,RAN,center,True,drift
2025-03-27 19:00:00,27.5,935.1,22.029748470683536,AWS-RAN-067,Ranchi,RAN,center,True,frozen_value
2025-03-27 20:00:00,26.2,935.7,22.025405810956485,AWS-RAN-067,Ranchi,RAN,center,True,frozen_value
2025-03-27 21:00:00,25.6,936.3,22.037757749065893,AWS-RAN-067,Ranchi,RAN,center,True,frozen_value
2025-03-27 22:00:00,25.7,936.2,22.010754909708727,AWS-RAN-067,Ranchi,RAN,center,True,frozen_value
2025-03-27 23:00:00,24.9,935.9,22.021617524989544,AWS-RAN-067,Ranchi,RAN,center,True,frozen_value
2025-03-28 00:00:00,24.2,935.3,22.015934495320355,AWS-RAN-067,Ranchi,RAN,center,True,frozen_value
2025-03-28 01:00:00,23.7,934.6,22.00797196814757,AWS-RAN-067,Ranchi,RAN,center,True,frozen_value
2025-03-28 02:00:00,23.4,934.1,22.006835619761123,AWS-RAN-067,Ranchi,RAN,center,True,frozen_value
2025-03-28 03:00:00,23.4,934.1,31.0,AWS-RAN-067,Ranchi,RAN,center,False,
2025-03-28 04:00:00,23.1,934.7,32.0,AWS-RAN-067,Ranchi,RAN,center,False,
2025-03-28 05:00:00,22.6,935.1,34.0,AWS-RAN-067,Ranchi,RAN,center,False,
2025-03-28 06:00:00,22.8,935.9,37.0,AWS-RAN-067,Ranchi,RAN,center,False,
2025-03-28 07:00:00,26.3,937.8,33.0,AWS-RAN-067,Ranchi,RAN,center,False,
2025-03-28 08:00:00,29.7,939.0,28.0,AWS-RAN-067,Ranchi,RAN,center,False,
2025-03-28 09:00:00,31.7,939.6,24.0,AWS-RAN-067,Ranchi,RAN,center,False,
2025-03-28 10:00:00,33.1,939.7,21.0,AWS-RAN-067,Ranchi,RAN,center,False,
2025-03-28 11:00:00,34.0,939.2,19.0,AWS-RAN-067,Ranchi,RAN,center,False,
2025-03-28 12:00:00,34.3,938.5,20.0,AWS-RAN-067,Ranchi,RAN,center,False,
2025-03-28 13:00:00,34.7,937.5,18.0,AWS-RAN-067,Ranchi,RAN,center,False,
2025-03-28 14:00:00,34.5,936.5,19.0,AWS-RAN-067,Ranchi,RAN,center,False,
2025-03-28 15:00:00,33.9,935.8,19.0,AWS-RAN-067,Ranchi,RAN,center,False,
2025-03-28 16:00:00,32.9,935.9,22.0,AWS-RAN-067,Ranchi,RAN,center,False,
2025-03-28 17:00:00,30.8,935.7,26.0,AWS-RAN-067,Ranchi,RAN,center,False,
2025-03-28 18:00:00,28.6,935.3,28.0,AWS-RAN-067,Ranchi,RAN,center,False,
2025-03-28 19:00:00,28.5,936.1,26.0,AWS-RAN-067,Ranchi,RAN,center,False,
2025-03-28 20:00:00,27.9,936.6,27.0,AWS-RAN-067,Ranchi,RAN,center,False,
2025-03-28 21:00:00,26.3,936.9,31.0,AWS-RAN-067,Ranchi,RAN,center,False,
2025-03-28 22:00:00,24.7,937.0,36.0,AWS-RAN-067,Ranchi,RAN,center,False,
2025-03-28 23:00:00,24.1,936.6,38.0,AWS-RAN-067,Ranchi,RAN,center,False,
2025-03-29 00:00:00,24.4,936.1,36.0,AWS-RAN-067,Ranchi,RAN,center,False,
2025-03-29 01:00:00,24.3,935.5,37.0,AWS-RAN-067,Ranchi,RAN,center,False,
2025-03-29 02:00:00,23.8,935.1,39.0,AWS-RAN-067,Ranchi,RAN,center,False,
2025-03-29 03:00:00,23.1,935.0,41.0,AWS-RAN-067,Ranchi,RAN,center,False,
2025-03-29 04:00:00,22.7,935.3,42.0,AWS-RAN-067,Ranchi,RAN,center,False,
2025-03-29 05:00:00,22.0,936.1,44.0,AWS-RAN-067,Ranchi,RAN,center,False,
2025-03-29 06:00:00,22.2,937.3,48.0,AWS-RAN-067,Ranchi,RAN,center,False,
2025-03-29 07:00:00,24.4,938.6,42.0,AWS-RAN-067,Ranchi,RAN,center,False,
2025-03-29 08:00:00,26.9,939.7,30.0,AWS-RAN-067,Ranchi,RAN,center,False,
2025-03-29 09:00:00,28.7,940.3,23.0,AWS-RAN-067,Ranchi,RAN,center,False,
2025-03-29 10:00:00,30.2,940.7,20.0,AWS-RAN-067,Ranchi,RAN,center,False,
2025-03-29 11:00:00,31.5,940.4,18.0,AWS-RAN-067,Ranchi,RAN,center,False,
2025-03-29 12:00:00,32.5,939.4,17.0,AWS-RAN-067,Ranchi,RAN,center,False,
2025-03-29 13:00:00,33.1,938.5,17.0,AWS-RAN-067,Ranchi,RAN,center,False,
2025-03-29 14:00:00,33.2,937.8,16.0,AWS-RAN-067,Ranchi,RAN,center,False,
2025-03-29 15:00:00,33.0,937.1,16.0,AWS-RAN-067,Ranchi,RAN,center,False,
2025-03-29 16:00:00,32.3,936.8,15.0,AWS-RAN-067,Ranchi,RAN,center,False,
2025-03-29 17:00:00,29.5,936.5,20.0,AWS-RAN-067,Ranchi,RAN,center,False,
2025-03-29 18:00:00,26.9,936.4,23.0,AWS-RAN-067,Ranchi,RAN,center,False,
2025-03-29 19:00:00,26.0,937.2,23.0,AWS-RAN-067,Ranchi,RAN,center,False,
2025-03-29 20:00:00,24.6,938.0,24.0,AWS-RAN-067,Ranchi,RAN,center,False,
2025-03-29 21:00:00,23.6,938.4,24.0,AWS-RAN-067,Ranchi,RAN,center,False,
2025-03-29 22:00:00,23.3,938.7,24.0,AWS-RAN-067,Ranchi,RAN,center,False,
2025-03-29 23:00:00,23.1,938.5,24.0,AWS-RAN-067,Ranchi,RAN,center,False,
2025-03-30 00:00:00,22.4,938.0,26.0,AWS-RAN-067,Ranchi,RAN,center,False,
2025-03-30 01:00:00,21.9,937.3,26.0,AWS-RAN-067,Ranchi,RAN,center,False,
2025-03-30 02:00:00,21.0,936.8,26.0,AWS-RAN-067,Ranchi,RAN,center,False,
2025-03-30 03:00:00,20.5,936.6,27.0,AWS-RAN-067,Ranchi,RAN,center,False,
2025-03-30 04:00:00,20.0,936.9,27.0,AWS-RAN-067,Ranchi,RAN,center,False,
2025-03-30 05:00:00,19.7,937.6,27.0,AWS-RAN-067,Ranchi,RAN,center,False,
2025-03-30 06:00:00,20.3,939.1,29.0,AWS-RAN-067,Ranchi,RAN,center,False,
2025-03-30 07:00:00,22.8,940.8,27.0,AWS-RAN-067,Ranchi,RAN,center,False,
2025-03-30 08:00:00,25.7,942.2,20.0,AWS-RAN-067,Ranchi,RAN,center,False,
2025-03-30 09:00:00,28.1,942.8,15.0,AWS-RAN-067,Ranchi,RAN,center,False,
2025-03-30 10:00:00,30.1,942.9,13.0,AWS-RAN-067,Ranchi,RAN,center,False,
2025-03-30 11:00:00,31.6,942.6,12.0,AWS-RAN-067,Ranchi,RAN,center,False,
2025-03-30 12:00:00,32.8,941.7,12.0,AWS-RAN-067,Ranchi,RAN,center,False,
2025-03-30 13:00:00,33.6,940.9,12.0,AWS-RAN-067,Ranchi,RAN,center,False,
2025-03-30 14:00:00,34.0,939.7,11.0,AWS-RAN-067,Ranchi,RAN,center,False,
2025-03-30 15:00:00,33.9,939.0,11.0,AWS-RAN-067,Ranchi,RAN,center,False,
2025-03-30 16:00:00,33.0,938.6,12.0,AWS-RAN-067,Ranchi,RAN,center,False,
2025-03-30 17:00:00,30.1,938.3,17.0,AWS-RAN-067,Ranchi,RAN,center,False,
2025-03-30 18:00:00,27.2,938.1,18.0,AWS-RAN-067,Ranchi,RAN,center,False,
2025-03-30 19:00:00,24.7,938.5,21.0,AWS-RAN-067,Ranchi,RAN,center,False,
2025-03-30 20:00:00,24.1,939.4,21.0,AWS-RAN-067,Ranchi,RAN,center,False,
2025-03-30 21:00:00,23.6,939.8,18.0,AWS-RAN-067,Ranchi,RAN,center,False,
2025-03-30 22:00:00,22.7,939.7,19.0,AWS-RAN-067,Ranchi,RAN,center,False,
2025-03-30 23:00:00,21.5,939.2,21.0,AWS-RAN-067,Ranchi,RAN,center,False,
2025-03-31 00:00:00,21.2,938.8,22.0,AWS-RAN-067,Ranchi,RAN,center,False,
2025-03-31 01:00:00,20.7,937.9,22.0,AWS-RAN-067,Ranchi,RAN,center,False,
2025-03-31 02:00:00,20.0,937.7,23.0,AWS-RAN-067,Ranchi,RAN,center,False,
2025-03-31 03:00:00,19.1,937.4,26.0,AWS-RAN-067,Ranchi,RAN,center,False,
2025-03-31 04:00:00,18.4,937.4,28.0,AWS-RAN-067,Ranchi,RAN,center,False,
2025-03-31 05:00:00,18.6,938.0,29.0,AWS-RAN-067,Ranchi,RAN,center,False,
2025-03-31 06:00:00,20.8,939.4,29.0,AWS-RAN-067,Ranchi,RAN,center,False,
2025-03-31 07:00:00,24.5,941.1,26.0,AWS-RAN-067,Ranchi,RAN,center,False,
2025-03-31 08:00:00,27.8,942.2,21.0,AWS-RAN-067,Ranchi,RAN,center,False,
2025-03-31 09:00:00,29.8,942.7,16.0,AWS-RAN-067,Ranchi,RAN,center,False,
2025-03-31 10:00:00,31.3,942.8,14.0,AWS-RAN-067,Ranchi,RAN,center,False,
2025-03-31 11:00:00,32.4,942.3,12.0,AWS-RAN-067,Ranchi,RAN,center,False,
2025-03-31 12:00:00,33.2,941.5,11.0,AWS-RAN-067,Ranchi,RAN,center,False,
2025-03-31 13:00:00,33.7,940.5,11.0,AWS-RAN-067,Ranchi,RAN,center,False,
2025-03-31 14:00:00,33.9,939.4,10.0,AWS-RAN-067,Ranchi,RAN,center,False,
2025-03-31 15:00:00,33.7,938.7,10.0,AWS-RAN-067,Ranchi,RAN,center,False,
2025-03-31 16:00:00,33.1,938.3,9.0,AWS-RAN-067,Ranchi,RAN,center,False,
2025-03-31 17:00:00,30.6,937.9,12.0,AWS-RAN-067,Ranchi,RAN,center,False,
2025-03-31 18:00:00,28.1,937.7,16.0,AWS-RAN-067,Ranchi,RAN,center,False,
2025-03-31 19:00:00,27.1,938.2,16.0,AWS-RAN-067,Ranchi,RAN,center,False,
2025-03-31 20:00:00,25.5,938.5,17.0,AWS-RAN-067,Ranchi,RAN,center,False,
2025-03-31 21:00:00,24.5,938.6,17.0,AWS-RAN-067,Ranchi,RAN,center,False,
2025-03-31 22:00:00,23.6,938.6,17.0,AWS-RAN-067,Ranchi,RAN,center,False,
2025-03-31 23:00:00,22.9,938.1,18.0,AWS-RAN-067,Ranchi,RAN,center,False,
