timestamp,temperature_c,pressure_hpa,humidity_pct,station_id,station_name,cluster_id,role,is_anomaly,fault_type
2025-01-01 00:00:00,8.3,994.3,100.0,AWS-DEL-011,Delhi,DEL,center,False,
2025-01-01 01:00:00,8.0,993.7,100.0,AWS-DEL-011,Delhi,DEL,center,False,
2025-01-01 02:00:00,7.8,993.3,100.0,AWS-DEL-011,Delhi,DEL,center,False,
2025-01-01 03:00:00,8.0,993.1,99.0,AWS-DEL-011,Delhi,DEL,center,False,
2025-01-01 04:00:00,7.7,992.9,98.0,AWS-DEL-011,Delhi,DEL,center,False,
2025-01-01 05:00:00,7.8,993.0,97.0,AWS-DEL-011,Delhi,DEL,center,False,
2025-01-01 06:00:00,8.4,993.7,96.0,AWS-DEL-011,Delhi,DEL,center,False,
2025-01-01 07:00:00,8.5,994.2,95.0,AWS-DEL-011,Delhi,DEL,center,False,
2025-01-01 08:00:00,8.9,994.7,93.0,AWS-DEL-011,Delhi,DEL,center,False,
2025-01-01 09:00:00,9.5,995.2,97.0,AWS-DEL-011,Delhi,DEL,center,False,
2025-01-01 10:00:00,11.3,995.4,89.0,AWS-DEL-011,Delhi,DEL,center,False,
2025-01-01 11:00:00,13.2,994.9,82.0,AWS-DEL-011,Delhi,DEL,center,False,
2025-01-01 12:00:00,14.6,993.8,78.0,AWS-DEL-011,Delhi,DEL,center,False,
2025-01-01 13:00:00,15.8,992.5,73.0,AWS-DEL-011,Delhi,DEL,center,False,
2025-01-01 14:00:00,16.6,991.7,71.0,AWS-DEL-011,Delhi,DEL,center,False,
2025-01-01 15:00:00,16.8,991.3,70.0,AWS-DEL-011,Delhi,DEL,center,False,
2025-01-01 16:00:00,16.3,991.3,73.0,AWS-DEL-011,Delhi,DEL,center,False,
2025-01-01 17:00:00,14.7,991.4,80.0,AWS-DEL-011,Delhi,DEL,center,False,
2025-01-01 18:00:00,12.2,993.0,86.0,AWS-DEL-011,Delhi,DEL,center,False,
2025-01-01 19:00:00,11.6,993.3,88.0,AWS-DEL-011,Delhi,DEL,center,False,
2025-01-01 20:00:00,11.1,993.7,90.0,AWS-DEL-011,Delhi,DEL,center,False,
2025-01-01 21:00:00,10.7,993.8,91.0,AWS-DEL-011,Delhi,DEL,center,False,
2025-01-01 22:00:00,10.3,993.6,93.0,AWS-DEL-011,Delhi,DEL,center,False,
2025-01-01 23:00:00,9.8,993.2,94.0,AWS-DEL-011,Delhi,DEL,center,False,
2025-01-02 00:00:00,9.5,992.5,95.0,AWS-DEL-011,Delhi,DEL,center,False,
2025-01-02 01:00:00,9.1,991.8,96.0,AWS-DEL-011,Delhi,DEL,center,False,
2025-01-02 02:00:00,8.9,991.5,96.0,AWS-DEL-011,Delhi,DEL,center,False,
2025-01-02 03:00:00,8.5,991.4,97.0,AWS-DEL-011,Delhi,DEL,center,False,
2025-01-02 04:00:00,8.5,991.3,97.0,AWS-DEL-011,Delhi,DEL,center,False,
2025-01-02 05:00:00,8.8,991.5,97.0,AWS-DEL-011,Delhi,DEL,center,False,
2025-01-02 06:00:00,8.7,992.4,97.0,AWS-DEL-011,Delhi,DEL,center,False,
2025-01-02 07:00:00,8.7,992.7,96.0,AWS-DEL-011,Delhi,DEL,center,False,
2025-01-02 08:00:00,9.9,993.7,93.0,AWS-DEL-011,Delhi,DEL,center,False,
2025-01-02 09:00:00,11.7,994.5,90.0,AWS-DEL-011,Delhi,DEL,center,False,
2025-01-02 10:00:00,13.6,994.8,82.0,AWS-DEL-011,Delhi,DEL,center,False,
2025-01-02 11:00:00,15.2,994.3,76.0,AWS-DEL-011,Delhi,DEL,center,False,
2025-01-02 12:00:00,16.5,993.5,71.0,AWS-DEL-011,Delhi,DEL,center,False,
2025-01-02 13:00:00,17.6,992.6,66.0,AWS-DEL-011,Delhi,DEL,center,False,
2025-01-02 14:00:00,18.2,991.9,65.0,AWS-DEL-011,Delhi,DEL,center,False,
2025-01-02 15:00:00,18.2,991.7,65.0,AWS-DEL-011,Delhi,DEL,center,False,
2025-01-02 16:00:00,17.6,991.7,69.0,AWS-DEL-011,Delhi,DEL,center,False,
2025-01-02 17:00:00,15.7,991.5,78.0,AWS-DEL-011,Delhi,DEL,center,False,
2025-01-02 18:00:00,13.6,992.6,81.0,AWS-DEL-011,Delhi,DEL,center,False,
2025-01-02 19:00:00,13.1,992.6,83.0,AWS-DEL-011,Delhi,DEL,center,False,
2025-01-02 20:00:00,12.6,992.9,84.0,AWS-DEL-011,Delhi,DEL,center,False,
2025-01-02 21:00:00,11.8,993.2,87.0,AWS-DEL-011,Delhi,DEL,center,False,
2025-01-02 22:00:00,11.0,993.3,90.0,AWS-DEL-011,Delhi,DEL,center,False,
2025-01-02 23:00:00,10.2,992.8,92.0,AWS-DEL-011,Delhi,DEL,center,False,
2025-01-03 00:00:00,9.7,992.4,93.0,AWS-DEL-011,Delhi,DEL,center,False,
2025-01-03 01:00:00,9.4,992.0,93.0,AWS-DEL-011,Delhi,DEL,center,False,
2025-01-03 02:00:00,9.0,991.6,94.0,AWS-DEL-011,Delhi,DEL,center,False,
2025-01-03 03:00:00,9.2,991.6,94.0,AWS-DEL-011,Delhi,DEL,center,False,
2025-01-03 04:00:00,8.9,991.6,96.0,AWS-DEL-011,Delhi,DEL,center,False,
2025-01-03 05:00:00,8.6,991.8,98.0,AWS-DEL-011,Delhi,DEL,center,False,
2025-01-03 06:00:00,9.3,992.5,99.0,AWS-DEL-011,Delhi,DEL,center,False,
2025-01-03 07:00:00,9.2,993.1,96.0,AWS-DEL-011,Delhi,DEL,center,False,
2025-01-03 08:00:00,9.8,994.1,96.0,AWS-DEL-011,Delhi,DEL,center,False,
2025-01-03 09:00:00,11.0,994.9,95.0,AWS-DEL-011,Delhi,DEL,center,False,
2025-01-03 10:00:00,12.8,1011.4062448223651,92.0,AWS-DEL-011,Delhi,DEL,center,True,spike
2025-01-03 11:00:00,15.2,1002.4971255159412,82.0,AWS-DEL-011,Delhi,DEL,center,True,spike
2025-01-03 12:00:00,17.3,997.2784329222343,72.0,AWS-DEL-011,Delhi,DEL,center,True,spike
2025-01-03 13:00:00,18.7,994.4579119289863,64.0,AWS-DEL-011,Delhi,DEL,center,True,spike
2025-01-03 14:00:00,26.864444958256318,992.7401007753581,62.0,AWS-DEL-011,Delhi,DEL,center,True,drift
2025-01-03 15:00:00,27.246900517647113,991.4,61.0,AWS-DEL-011,Delhi,DEL,center,True,drift
2025-01-03 16:00:00,26.829356077037907,990.9,70.0,AWS-DEL-011,Delhi,DEL,center,True,drift
2025-01-03 17:00:00,24.7118116364287,990.8,78.0,AWS-DEL-011,Delhi,DEL,center,True,drift
2025-01-03 18:00:00,22.894267195819495,991.7,82.0,AWS-DEL-011,Delhi,DEL,center,True,drift
2025-01-03 19:00:00,22.07672275521029,991.8,86.0,AWS-DEL-011,Delhi,DEL,center,True,drift
2025-01-03 20:00:00,21.359178314601085,991.9,89.0,AWS-DEL-011,Delhi,DEL,center,True,drift
2025-01-03 21:00:00,20.74163387399188,991.8,90.0,AWS-DEL-011,Delhi,DEL,center,True,drift
2025-01-03 22:00:00,20.324089433382674,991.4,91.0,AWS-DEL-011,Delhi,DEL,center,True,drift
2025-01-03 23:00:00,20.00654499277347,991.0,90.97195991449404,AWS-DEL-011,Delhi,DEL,center,True,drift
2025-01-04 00:00:00,19.589000552164265,990.5,90.97529152465785,AWS-DEL-011,Delhi,DEL,center,True,drift
2025-01-04 01:00:00,19.171456111555056,990.1,90.9553459761833,AWS-DEL-011,Delhi,DEL,center,True,drift
2025-01-04 02:00:00,18.95391167094585,989.6,90.961908210371,AWS-DEL-011,Delhi,DEL,center,True,drift
2025-01-04 03:00:00,18.836367230336645,989.1,90.96080089482865,AWS-DEL-011,Delhi,DEL,center,True,drift
2025-01-04 04:00:00,18.41882278972744,988.8,90.968461044171,AWS-DEL-011,Delhi,DEL,center,True,drift
2025-01-04 05:00:00,18.801278349118235,989.0,90.95955540190891,AWS-DEL-011,Delhi,DEL,center,True,drift
2025-01-04 06:00:00,19.38373390850903,990.2,90.97475557234041,AWS-DEL-011,Delhi,DEL,center,True,drift
2025-01-04 07:00:00,19.76618946789982,990.9,90.98778438349447,AWS-DEL-011,Delhi,DEL,center,True,drift
2025-01-04 08:00:00,20.748645027290614,991.7,90.99305765655977,AWS-DEL-011,Delhi,DEL,center,True,drift
2025-01-04 09:00:00,22.83110058668141,992.5,90.97420475798083,AWS-DEL-011,Delhi,DEL,center,True,drift
2025-01-04 10:00:00,25.513556146072204,992.7,90.98848405224213,AWS-DEL-011,Delhi,DEL,center,True,drift
2025-01-04 11:00:00,28.296011705463,992.2,82.0,AWS-DEL-011,Delhi,DEL,center,True,drift
2025-01-04 12:00:00,30.778467264853795,991.2,74.0,AWS-DEL-011,Delhi,DEL,center,True,drift
2025-01-04 13:00:00,32.060922824244585,990.2,70.0,AWS-DEL-011,Delhi,DEL,center,True,drift
2025-01-04 14:00:00,32.84337838363538,989.3,69.0,AWS-DEL-011,Delhi,DEL,center,True,drift
2025-01-04 15:00:00,33.12583394302618,988.9,69.0,AWS-DEL-011,Delhi,DEL,center,True,drift
2025-01-04 16:00:00,32.50828950241697,988.6,74.0,AWS-DEL-011,Delhi,DEL,center,True,drift
2025-01-04 17:00:00,30.090745061807763,988.6,84.0,AWS-DEL-011,Delhi,DEL,center,True,drift
2025-01-04 18:00:00,27.07320062119856,989.8,86.0,AWS-DEL-011,Delhi,DEL,center,True,drift
2025-01-04 19:00:00,26.655656180589354,990.4,89.0,AWS-DEL-011,Delhi,DEL,center,True,drift
2025-01-04 20:00:00,13.2,990.8,92.0,AWS-DEL-011,Delhi,DEL,center,False,
2025-01-04 21:00:00,12.6,991.0,94.0,AWS-DEL-011,Delhi,DEL,center,False,
2025-01-04 22:00:00,12.0,990.7,95.0,AWS-DEL-011,Delhi,DEL,center,False,
2025-01-04 23:00:00,11.1,990.3,96.0,AWS-DEL-011,Delhi,DEL,center,False,
2025-01-05 00:00:00,10.4,989.8,96.0,AWS-DEL-011,Delhi,DEL,center,False,
2025-01-05 01:00:00,9.3,989.4,97.0,AWS-DEL-011,Delhi,DEL,center,False,
2025-01-05 02:00:00,9.3,989.3,98.0,AWS-DEL-011,Delhi,DEL,center,False,
2025-01-05 03:00:00,9.2,989.4,98.0,AWS-DEL-011,Delhi,DEL,center,False,
2025-01-05 04:00:00,9.3,989.4,99.0,AWS-DEL-011,Delhi,DEL,center,False,
2025-01-05 05:00:00,9.9,989.7,100.0,AWS-DEL-011,Delhi,DEL,center,False,
2025-01-05 06:00:00,9.9,990.6,98.0,AWS-DEL-011,Delhi,DEL,center,False,
2025-01-05 07:00:00,9.7,991.1,98.0,AWS-DEL-011,Delhi,DEL,center,False,
2025-01-05 08:00:00,9.7,991.9,97.0,AWS-DEL-011,Delhi,DEL,center,False,
2025-01-05 09:00:00,10.1,992.7,97.0,AWS-DEL-011,Delhi,DEL,center,False,
2025-01-05 10:00:00,11.7,993.0,91.0,AWS-DEL-011,Delhi,DEL,center,False,
2025-01-05 11:00:00,14.0,992.4,84.0,AWS-DEL-011,Delhi,DEL,center,False,
2025-01-05 12:00:00,15.7,991.3,79.0,AWS-DEL-011,Delhi,DEL,center,False,
2025-01-05 13:00:00,17.1,990.3,75.0,AWS-DEL-011,Delhi,DEL,center,False,
2025-01-05 14:00:00,17.9,989.7,71.0,AWS-DEL-011,Delhi,DEL,center,False,
2025-01-05 15:00:00,18.1,989.3,71.0,AWS-DEL-011,Delhi,DEL,center,False,
2025-01-05 16:00:00,17.6,988.9,74.0,AWS-DEL-011,Delhi,DEL,center,False,
2025-01-05 17:00:00,16.0,988.6,81.0,AWS-DEL-011,Delhi,DEL,center,False,
2025-01-05 18:00:00,13.8,989.6,87.0,AWS-DEL-011,Delhi,DEL,center,False,
2025-01-05 19:00:00,13.2,990.0,90.0,AWS-DEL-011,Delhi,DEL,center,False,
2025-01-05 20:00:00,12.6,990.7,91.0,AWS-DEL-011,Delhi,DEL,center,False,
2025-01-05 21:00:00,12.2,991.0,92.0,AWS-DEL-011,Delhi,DEL,center,False,
2025-01-05 22:00:00,11.5,991.2,94.0,AWS-DEL-011,Delhi,DEL,center,False,
2025-01-05 23:00:00,10.8,991.0,95.0,AWS-DEL-011,Delhi,DEL,center,False,
2025-01-06 00:00:00,10.3,990.7,97.0,AWS-DEL-011,Delhi,DEL,center,False,
2025-01-06 01:00:00,9.8,990.3,98.0,AWS-DEL-011,Delhi,DEL,center,False,
2025-01-06 02:00:00,9.7,990.0,99.0,AWS-DEL-011,Delhi,DEL,center,False,
2025-01-06 03:00:00,8.8,989.3,100.0,AWS-DEL-011,Delhi,DEL,center,False,
2025-01-06 04:00:00,9.1,989.6,99.0,AWS-DEL-011,Delhi,DEL,center,False,
2025-01-06 05:00:00,9.0,990.0,100.0,AWS-DEL-011,Delhi,DEL,center,False,
2025-01-06 06:00:00,9.9,991.1,100.0,AWS-DEL-011,Delhi,DEL,center,False,
2025-01-06 07:00:00,10.6,991.4,98.0,AWS-DEL-011,Delhi,DEL,center,False,
2025-01-06 08:00:00,10.9,992.3,98.0,AWS-DEL-011,Delhi,DEL,center,False,
2025-01-06 09:00:00,12.5,993.7,92.0,AWS-DEL-011,Delhi,DEL,center,False,
2025-01-06 10:00:00,14.0,993.9,88.0,AWS-DEL-011,Delhi,DEL,center,False,
2025-01-06 11:00:00,15.7,993.2,81.0,AWS-DEL-011,Delhi,DEL,center,False,
2025-01-06 12:00:00,16.8,992.3,77.0,AWS-DEL-011,Delhi,DEL,center,False,
2025-01-06 13:00:00,17.5,991.5,74.0,AWS-DEL-011,Delhi,DEL,center,False,
2025-01-06 14:00:00,17.9,991.0,71.0,AWS-DEL-011,Delhi,DEL,center,False,
2025-01-06 15:00:00,18.0,990.8,73.0,AWS-DEL-011,Delhi,DEL,center,False,
2025-01-06 16:00:00,17.4,990.5,75.0,AWS-DEL-011,Delhi,DEL,center,False,
2025-01-06 17:00:00,16.1,990.5,80.0,AWS-DEL-011,Delhi,DEL,center,False,
2025-01-06 18:00:00,14.2,991.5,86.0,AWS-DEL-011,Delhi,DEL,center,False,
2025-01-06 19:00:00,13.6,991.7,87.0,AWS-DEL-011,Delhi,DEL,center,False,
2025-01-06 20:00:00,13.5,992.1,87.0,AWS-DEL-011,Delhi,DEL,center,False,
2025-01-06 21:00:00,13.0,992.5,88.0,AWS-DEL-011,Delhi,DEL,center,False,
2025-01-06 22:00:00,12.4,992.6,91.0,AWS-DEL-011,Delhi,DEL,center,False,
2025-01-06 23:00:00,11.9,992.5,94.0,AWS-DEL-011,Delhi,DEL,center,False,
2025-01-07 00:00:00,11.5,992.2,95.0,AWS-DEL-011,Delhi,DEL,center,False,
2025-01-07 01:00:00,11.3,991.8,95.0,AWS-DEL-011,Delhi,DEL,center,False,
2025-01-07 02:00:00,11.0,991.7,95.0,AWS-DEL-011,Delhi,DEL,center,False,
2025-01-07 03:00:00,10.7,991.6,96.0,AWS-DEL-011,Delhi,DEL,center,False,
2025-01-07 04:00:00,10.4,991.5,97.0,AWS-DEL-011,Delhi,DEL,center,False,
2025-01-07 05:00:00,10.2,991.5,97.0,AWS-DEL-011,Delhi,DEL,center,False,
2025-01-07 06:00:00,11.3,992.8,98.0,AWS-DEL-011,Delhi,DEL,center,False,
2025-01-07 07:00:00,11.1,993.6,98.0,AWS-DEL-011,Delhi,DEL,center,False,
2025-01-07 08:00:00,11.2,994.5,99.0,AWS-DEL-011,Delhi,DEL,center,False,
2025-01-07 09:00:00,11.7,995.0,97.0,AWS-DEL-011,Delhi,DEL,center,False,
2025-01-07 10:00:00,12.9,994.8,92.0,AWS-DEL-011,Delhi,DEL,center,False,
2025-01-07 11:00:00,14.2,994.3,86.0,AWS-DEL-011,Delhi,DEL,center,False,
2025-01-07 12:00:00,15.6,993.3,79.0,AWS-DEL-011,Delhi,DEL,center,True,frozen_value
2025-01-07 13:00:00,16.9,993.2982846389649,69.0,AWS-DEL-011,Delhi,DEL,center,True,frozen_value
2025-01-07 14:00:00,17.5,993.2945789347144,69.0,AWS-DEL-011,Delhi,DEL,center,True,frozen_value
2025-01-07 15:00:00,17.5,993.2820053544671,69.0,AWS-DEL-011,Delhi,DEL,center,True,frozen_value
2025-01-07 16:00:00,16.8,993.2820307960291,72.0,AWS-DEL-011,Delhi,DEL,center,True,frozen_value
2025-01-07 17:00:00,15.5,993.2821880095552,78.0,AWS-DEL-011,Delhi,DEL,center,True,frozen_value
2025-01-07 18:00:00,13.8,993.2824277331333,86.0,AWS-DEL-011,Delhi,DEL,center,True,frozen_value
2025-01-07 19:00:00,13.3,993.275989652925,87.0,AWS-DEL-011,Delhi,DEL,center,True,frozen_value
2025-01-07 20:00:00,12.8,993.2792536514638,89.0,AWS-DEL-011,Delhi,DEL,center,True,frozen_value
2025-01-07 21:00:00,12.2,993.2826750624979,91.0,AWS-DEL-011,Delhi,DEL,center,True,frozen_value
2025-01-07 22:00:00,11.7,993.2871547638146,91.0,AWS-DEL-011,Delhi,DEL,center,True,frozen_value
2025-01-07 23:00:00,11.2,993.2817894421745,90.0,AWS-DEL-011,Delhi,DEL,center,True,frozen_value
2025-01-08 00:00:00,10.7,990.3,89.0,AWS-DEL-011,Delhi,DEL,center,False,
2025-01-08 01:00:00,10.2,989.6,88.0,AWS-DEL-011,Delhi,DEL,center,False,
2025-01-08 02:00:00,9.8,989.1,88.0,AWS-DEL-011,Delhi,DEL,center,False,
2025-01-08 03:00:00,9.5,988.8,88.0,AWS-DEL-011,Delhi,DEL,center,False,
2025-01-08 04:00:00,9.2,988.5,87.0,AWS-DEL-011,Delhi,DEL,center,False,
2025-01-08 05:00:00,9.0,988.7,86.0,AWS-DEL-011,Delhi,DEL,center,False,
2025-01-08 06:00:00,8.9,989.2,88.0,AWS-DEL-011,Delhi,DEL,center,False,
2025-01-08 07:00:00,8.7,990.0,88.0,AWS-DEL-011,Delhi,DEL,center,False,
2025-01-08 08:00:00,9.6,991.0,84.0,AWS-DEL-011,Delhi,DEL,center,False,
2025-01-08 09:00:00,11.3,992.3,80.0,AWS-DEL-011,Delhi,DEL,center,False,
2025-01-08 10:00:00,13.2,992.7,73.0,AWS-DEL-011,Delhi,DEL,center,False,
2025-01-08 11:00:00,15.0,992.1,67.0,AWS-DEL-011,Delhi,DEL,center,False,
2025-01-08 12:00:00,16.7,991.3,62.0,AWS-DEL-011,Delhi,DEL,center,False,
2025-01-08 13:00:00,17.8,990.5,56.0,AWS-DEL-011,Delhi,DEL,center,False,
2025-01-08 14:00:00,18.4,990.0,52.0,AWS-DEL-011,Delhi,DEL,center,False,
2025-01-08 15:00:00,18.3,989.9,52.0,AWS-DEL-011,Delhi,DEL,center,False,
2025-01-08 16:00:00,17.6,989.7,57.0,AWS-DEL-011,Delhi,DEL,center,False,
2025-01-08 17:00:00,15.4,989.6,67.0,AWS-DEL-011,Delhi,DEL,center,False,
2025-01-08 18:00:00,14.7,989.9,71.0,AWS-DEL-011,Delhi,DEL,center,False,
2025-01-08 19:00:00,13.8,990.3,73.0,AWS-DEL-011,Delhi,DEL,center,False,
2025-01-08 20:00:00,13.0,990.8,75.0,AWS-DEL-011,Delhi,DEL,center,False,
2025-01-08 21:00:00,12.3,991.2,76.0,AWS-DEL-011,Delhi,DEL,center,False,
2025-01-08 22:00:00,11.7,991.2,76.0,AWS-DEL-011,Delhi,DEL,center,False,
2025-01-08 23:00:00,10.9,990.9,79.0,AWS-DEL-011,Delhi,DEL,center,False,
2025-01-09 00:00:00,10.1,990.6,82.0,AWS-DEL-011,Delhi,DEL,center,False,
2025-01-09 01:00:00,9.3,990.5,85.0,AWS-DEL-011,Delhi,DEL,center,False,
2025-01-09 02:00:00,8.9,990.7,85.0,AWS-DEL-011,Delhi,DEL,center,False,
2025-01-09 03:00:00,8.5,990.5,85.0,AWS-DEL-011,Delhi,DEL,center,False,
2025-01-09 04:00:00,8.2,990.5,86.0,AWS-DEL-011,Delhi,DEL,center,False,
2025-01-09 05:00:00,8.0,990.6,86.0,AWS-DEL-011,Delhi,DEL,center,False,
2025-01-09 06:00:00,8.3,991.4,87.0,AWS-DEL-011,Delhi,DEL,center,False,
2025-01-09 07:00:00,8.3,992.1,87.0,AWS-DEL-011,Delhi,DEL,center,False,
2025-01-09 08:00:00,9.1,993.3,90.0,AWS-DEL-011,Delhi,DEL,center,False,
2025-01-09 09:00:00,11.8,994.5,87.0,AWS-DEL-011,Delhi,DEL,center,False,
2025-01-09 10:00:00,14.8,995.2,77.0,AWS-DEL-011,Delhi,DEL,center,False,
2025-01-09 11:00:00,16.5,994.7,67.0,AWS-DEL-011,Delhi,DEL,center,False,
2025-01-09 12:00:00,17.5,993.7,62.0,AWS-DEL-011,Delhi,DEL,center,False,
2025-01-09 13:00:00,18.3,992.8,58.0,AWS-DEL-011,Delhi,DEL,center,False,
2025-01-09 14:00:00,18.7,992.3,56.0,AWS-DEL-011,Delhi,DEL,center,False,
2025-01-09 15:00:00,18.7,992.0,55.0,AWS-DEL-011,Delhi,DEL,center,False,
2025-01-09 16:00:00,18.2,992.0,61.0,AWS-DEL-011,Delhi,DEL,center,False,
2025-01-09 17:00:00,16.4,992.0,66.0,AWS-DEL-011,Delhi,DEL,center,False,
2025-01-09 18:00:00,15.1,992.9,72.0,AWS-DEL-011,Delhi,DEL,center,False,
2025-01-09 19:00:00,13.8,993.0,77.0,AWS-DEL-011,Delhi,DEL,center,False,
2025-01-09 20:00:00,12.9,993.7,81.0,AWS-DEL-011,Delhi,DEL,center,False,
2025-01-09 21:00:00,12.6,984.6283762546984,81.0,AWS-DEL-011,Delhi,DEL,center,True,drift
2025-01-09 22:00:00,12.1,984.4400155990542,82.0,AWS-DEL-011,Delhi,DEL,center,True,drift
2025-01-09 23:00:00,11.1,983.9516549434101,86.0,AWS-DEL-011,Delhi,DEL,center,True,drift
2025-01-10 00:00:00,10.3,983.2632942877659,90.0,AWS-DEL-011,Delhi,DEL,center,True,drift
2025-01-10 01:00:00,9.7,982.6749336321217,92.0,AWS-DEL-011,Delhi,DEL,center,True,drift
2025-01-10 02:00:00,9.2,982.1865729764776,93.0,AWS-DEL-011,Delhi,DEL,center,True,drift
2025-01-10 03:00:00,8.8,981.7982123208334,94.0,AWS-DEL-011,Delhi,DEL,center,True,drift
2025-01-10 04:00:00,8.6,981.3098516651892,94.0,AWS-DEL-011,Delhi,DEL,center,True,drift
2025-01-10 05:00:00,8.4,981.221491009545,93.0,AWS-DEL-011,Delhi,DEL,center,True,drift
2025-01-10 06:00:00,8.5,982.1331303539008,96.0,AWS-DEL-011,Delhi,DEL,center,True,drift
2025-01-10 07:00:00,7.9,982.6447696982567,99.0,AWS-DEL-011,Delhi,DEL,center,True,drift
2025-01-10 08:00:00,8.8,983.4564090426126,98.0,AWS-DEL-011,Delhi,DEL,center,True,drift
2025-01-10 09:00:00,10.9,984.1680483869684,94.0,AWS-DEL-011,Delhi,DEL,center,True,drift
2025-01-10 10:00:00,12.7,984.2796877313242,91.0,AWS-DEL-011,Delhi,DEL,center,True,drift
2025-01-10 11:00:00,15.1,983.29132707568,68.67296207967924,AWS-DEL-011,Delhi,DEL,center,True,drift
2025-01-10 12:00:00,16.6,981.9029664200358,58.943586870278914,AWS-DEL-011,Delhi,DEL,center,True,drift
2025-01-10 13:00:00,17.5,980.4146057643917,52.10333507069757,AWS-DEL-011,Delhi,DEL,center,True,drift
2025-01-10 14:00:00,17.9,979.4262451087475,47.21543349111349,AWS-DEL-011,Delhi,DEL,center,True,drift
2025-01-10 15:00:00,17.9,978.6378844531033,44.295099882593654,AWS-DEL-011,Delhi,DEL,center,True,drift
2025-01-10 16:00:00,17.2,977.9495237974592,46.34987250118905,AWS-DEL-011,Delhi,DEL,center,True,drift
2025-01-10 17:00:00,15.2,992.8,57.38432161282151,AWS-DEL-011,Delhi,DEL,center,True,drift
2025-01-10 18:00:00,13.4,992.9,63.40153535049859,AWS-DEL-011,Delhi,DEL,center,True,drift
2025-01-10 19:00:00,13.408086726931177,993.3,64.40374910283177,AWS-DEL-011,Delhi,DEL,center,True,drift
2025-01-10 20:00:00,13.374475019460181,993.7,67.39266041082567,AWS-DEL-011,Delhi,DEL,center,True,drift
2025-01-10 21:00:00,13.357368731613533,994.0,69.36960479910432,AWS-DEL-011,Delhi,DEL,center,True,drift
2025-01-10 22:00:00,13.371968456369522,993.9,69.33566198915166,AWS-DEL-011,Delhi,DEL,center,True,drift
2025-01-10 23:00:00,13.375479132382093,993.6,68.29172398632761,AWS-DEL-011,Delhi,DEL,center,True,drift
2025-01-11 00:00:00,13.407063017545202,993.0,68.23854080859988,AWS-DEL-011,Delhi,DEL,center,True,drift
2025-01-11 01:00:00,13.413410328390793,992.8,67.1767523756713,AWS-DEL-011,Delhi,DEL,center,True,drift
2025-01-11 02:00:00,13.424185240224643,992.7,68.1069114473783,AWS-DEL-011,Delhi,DEL,center,True,drift
2025-01-11 03:00:00,8.3,992.6,96.0,AWS-DEL-011,Delhi,DEL,center,False,
2025-01-11 04:00:00,8.0,992.5,96.0,AWS-DEL-011,Delhi,DEL,center,False,
2025-01-11 05:00:00,8.0,992.9,96.0,AWS-DEL-011,Delhi,DEL,center,False,
2025-01-11 06:00:00,9.1,993.4,97.0,AWS-DEL-011,Delhi,DEL,center,False,
2025-01-11 07:00:00,9.1,994.0,97.0,AWS-DEL-011,Delhi,DEL,center,False,
2025-01-11 08:00:00,10.1,994.8,97.0,AWS-DEL-011,Delhi,DEL,center,False,
2025-01-11 09:00:00,11.6,995.5,92.0,AWS-DEL-011,Delhi,DEL,center,False,
2025-01-11 10:00:00,13.6,995.3,84.0,AWS-DEL-011,Delhi,DEL,center,False,
2025-01-11 11:00:00,15.3,994.8,79.0,AWS-DEL-011,Delhi,DEL,center,False,
2025-01-11 12:00:00,16.2,993.6,75.0,AWS-DEL-011,Delhi,DEL,center,False,
2025-01-11 13:00:00,16.8,992.6,73.0,AWS-DEL-011,Delhi,DEL,center,False,
2025-01-11 14:00:00,16.8,991.5,71.0,AWS-DEL-011,Delhi,DEL,center,False,
2025-01-11 15:00:00,16.5,991.2,73.0,AWS-DEL-011,Delhi,DEL,center,False,
2025-01-11 16:00:00,16.2,990.7,76.0,AWS-DEL-011,Delhi,DEL,center,False,
2025-01-11 17:00:00,14.9,990.7,84.0,AWS-DEL-011,Delhi,DEL,center,False,
2025-01-11 18:00:00,13.6,992.0,93.0,AWS-DEL-011,Delhi,DEL,center,False,
2025-01-11 19:00:00,13.0,991.8,93.0,AWS-DEL-011,Delhi,DEL,center,False,
2025-01-11 20:00:00,12.7,992.0,86.0,AWS-DEL-011,Delhi,DEL,center,False,
2025-01-11 21:00:00,12.3,992.5,85.0,AWS-DEL-011,Delhi,DEL,center,False,
2025-01-11 22:00:00,11.6,992.6,89.0,AWS-DEL-011,Delhi,DEL,center,False,
2025-01-11 23:00:00,11.3,992.8,91.0,AWS-DEL-011,Delhi,DEL,center,False,
2025-01-12 00:00:00,11.0,992.4,90.0,AWS-DEL-011,Delhi,DEL,center,False,
2025-01-12 01:00:00,9.9,992.2,93.0,AWS-DEL-011,Delhi,DEL,center,False,
2025-01-12 02:00:00,10.4,992.0,94.0,AWS-DEL-011,Delhi,DEL,center,False,
2025-01-12 03:00:00,9.9,991.8,95.0,AWS-DEL-011,Delhi,DEL,center,False,
2025-01-12 04:00:00,9.8,991.7,93.0,AWS-DEL-011,Delhi,DEL,center,False,
2025-01-12 05:00:00,10.4,991.9,93.0,AWS-DEL-011,Delhi,DEL,center,False,
2025-01-12 06:00:00,10.5,992.8,96.0,AWS-DEL-011,Delhi,DEL,center,False,
2025-01-12 07:00:00,10.2,993.5,96.0,AWS-DEL-011,Delhi,DEL,center,False,
2025-01-12 08:00:00,12.0,994.5,95.0,AWS-DEL-011,Delhi,DEL,center,False,
2025-01-12 09:00:00,13.9,995.8,91.0,AWS-DEL-011,Delhi,DEL,center,False,
2025-01-12 10:00:00,,996.0,87.0,AWS-DEL-011,Delhi,DEL,center,True,dropout
2025-01-12 11:00:00,16.4,995.2,82.0,AWS-DEL-011,Delhi,DEL,center,False,
2025-01-12 12:00:00,17.4,994.1,77.0,AWS-DEL-011,Delhi,DEL,center,False,
2025-01-12 13:00:00,17.8,993.1,73.0,AWS-DEL-011,Delhi,DEL,center,False,
2025-01-12 14:00:00,18.0,992.3,70.0,AWS-DEL-011,Delhi,DEL,center,False,
2025-01-12 15:00:00,18.0,992.1,67.0,AWS-DEL-011,Delhi,DEL,center,False,
2025-01-12 16:00:00,17.9,992.4,67.0,AWS-DEL-011,Delhi,DEL,center,False,
2025-01-12 17:00:00,16.3,992.6,77.0,AWS-DEL-011,Delhi,DEL,center,False,
2025-01-12 18:00:00,13.4,993.6,91.0,AWS-DEL-011,Delhi,DEL,center,False,
2025-01-12 19:00:00,12.9,994.2,92.0,AWS-DEL-011,Delhi,DEL,center,False,
2025-01-12 20:00:00,12.8,994.9,93.0,AWS-DEL-011,Delhi,DEL,center,False,
2025-01-12 21:00:00,12.3,995.4,94.0,AWS-DEL-011,Delhi,DEL,center,False,
2025-01-12 22:00:00,11.7,995.3,95.0,AWS-DEL-011,Delhi,DEL,center,False,
2025-01-12 23:00:00,10.6,994.8,96.0,AWS-DEL-011,Delhi,DEL,center,False,
2025-01-13 00:00:00,9.9,994.1,96.0,AWS-DEL-011,Delhi,DEL,center,False,
2025-01-13 01:00:00,9.8,993.9,96.0,AWS-DEL-011,Delhi,DEL,center,False,
2025-01-13 02:00:00,9.7,993.4,97.0,AWS-DEL-011,Delhi,DEL,center,False,
2025-01-13 03:00:00,9.5,993.2,97.0,AWS-DEL-011,Delhi,DEL,center,False,
2025-01-13 04:00:00,9.4,993.1,98.0,AWS-DEL-011,Delhi,DEL,center,False,
2025-01-13 05:00:00,9.2,993.3,99.0,AWS-DEL-011,Delhi,DEL,center,False,
2025-01-13 06:00:00,9.9,993.7,98.0,AWS-DEL-011,Delhi,DEL,center,False,
2025-01-13 07:00:00,9.8,994.0,97.0,AWS-DEL-011,Delhi,DEL,center,False,
2025-01-13 08:00:00,10.8,994.8,94.0,AWS-DEL-011,Delhi,DEL,center,False,
2025-01-13 09:00:00,12.2,995.4,92.0,AWS-DEL-011,Delhi,DEL,center,False,
2025-01-13 10:00:00,14.1,995.5,83.0,AWS-DEL-011,Delhi,DEL,center,False,
2025-01-13 11:00:00,15.7,994.8,77.0,AWS-DEL-011,Delhi,DEL,center,False,
2025-01-13 12:00:00,17.2,993.5,73.0,AWS-DEL-011,Delhi,DEL,center,False,
2025-01-13 13:00:00,18.3,992.4,68.0,AWS-DEL-011,Delhi,DEL,center,False,
2025-01-13 14:00:00,18.9,991.8,65.0,AWS-DEL-011,Delhi,DEL,center,False,
2025-01-13 15:00:00,19.0,991.5,65.0,AWS-DEL-011,Delhi,DEL,center,False,
2025-01-13 16:00:00,18.5,991.2,69.0,AWS-DEL-011,Delhi,DEL,center,False,
2025-01-13 17:00:00,16.8,991.3,77.0,AWS-DEL-011,Delhi,DEL,center,False,
2025-01-13 18:00:00,15.5,992.0,82.0,AWS-DEL-011,Delhi,DEL,center,False,
2025-01-13 19:00:00,14.8,992.3,83.0,AWS-DEL-011,Delhi,DEL,center,False,
2025-01-13 20:00:00,14.1,992.6,85.0,AWS-DEL-011,Delhi,DEL,center,False,
2025-01-13 21:00:00,13.4,993.0,86.0,AWS-DEL-011,Delhi,DEL,center,False,
2025-01-13 22:00:00,12.8,992.8,88.0,AWS-DEL-011,Delhi,DEL,center,False,
2025-01-13 23:00:00,12.2,992.5,90.0,AWS-DEL-011,Delhi,DEL,center,False,
2025-01-14 00:00:00,11.6,992.2,91.0,AWS-DEL-011,Delhi,DEL,center,False,
2025-01-14 01:00:00,11.1,991.9,93.0,AWS-DEL-011,Delhi,DEL,center,False,
2025-01-14 02:00:00,10.7,991.5,94.0,AWS-DEL-011,Delhi,DEL,center,False,
2025-01-14 03:00:00,9.9,991.3,95.0,AWS-DEL-011,Delhi,DEL,center,False,
2025-01-14 04:00:00,9.5,991.2,95.0,AWS-DEL-011,Delhi,DEL,center,False,
2025-01-14 05:00:00,9.0,991.4,95.0,AWS-DEL-011,Delhi,DEL,center,False,
2025-01-14 06:00:00,9.1,992.9,96.0,AWS-DEL-011,Delhi,DEL,center,False,
2025-01-14 07:00:00,8.7,993.6,97.0,AWS-DEL-011,Delhi,DEL,center,False,
2025-01-14 08:00:00,10.0,994.5,95.0,AWS-DEL-011,Delhi,DEL,center,False,
2025-01-14 09:00:00,11.9,995.5,90.0,AWS-DEL-011,Delhi,DEL,center,False,
2025-01-14 10:00:00,13.7,996.0,83.0,AWS-DEL-011,Delhi,DEL,center,False,
2025-01-14 11:00:00,15.4,995.7,75.0,AWS-DEL-011,Delhi,DEL,center,False,
2025-01-14 12:00:00,16.7,994.8,70.0,AWS-DEL-011,Delhi,DEL,center,False,
2025-01-14 13:00:00,17.6,994.0,67.0,AWS-DEL-011,Delhi,DEL,center,False,
2025-01-14 14:00:00,18.1,993.3,64.0,AWS-DEL-011,Delhi,DEL,center,False,
2025-01-14 15:00:00,18.2,993.0,64.0,AWS-DEL-011,Delhi,DEL,center,False,
2025-01-14 16:00:00,17.8,993.0,66.0,AWS-DEL-011,Delhi,DEL,center,False,
2025-01-14 17:00:00,16.2,993.0,74.0,AWS-DEL-011,Delhi,DEL,center,False,
2025-01-14 18:00:00,15.4,993.7,76.0,AWS-DEL-011,Delhi,DEL,center,False,
2025-01-14 19:00:00,14.4,994.0,80.0,AWS-DEL-011,Delhi,DEL,center,False,
2025-01-14 20:00:00,14.1,994.3,80.0,AWS-DEL-011,Delhi,DEL,center,False,
2025-01-14 21:00:00,13.3,994.4,82.0,AWS-DEL-011,Delhi,DEL,center,False,
2025-01-14 22:00:00,13.3,994.7,82.0,AWS-DEL-011,Delhi,DEL,center,False,
2025-01-14 23:00:00,12.4,994.6,85.0,AWS-DEL-011,Delhi,DEL,center,False,
2025-01-15 00:00:00,11.9,994.3,88.0,AWS-DEL-011,Delhi,DEL,center,False,
2025-01-15 01:00:00,11.4,994.3,90.0,AWS-DEL-011,Delhi,DEL,center,False,
2025-01-15 02:00:00,10.6,993.8,93.0,AWS-DEL-011,Delhi,DEL,center,False,
2025-01-15 03:00:00,9.5,993.8,99.0,AWS-DEL-011,Delhi,DEL,center,False,
2025-01-15 04:00:00,9.3,994.0,99.0,AWS-DEL-011,Delhi,DEL,center,False,
2025-01-15 05:00:00,9.1,994.3,99.0,AWS-DEL-011,Delhi,DEL,center,False,
2025-01-15 06:00:00,9.1,995.0,99.0,AWS-DEL-011,Delhi,DEL,center,False,
2025-01-15 07:00:00,9.2,995.7,98.0,AWS-DEL-011,Delhi,DEL,center,False,
2025-01-15 08:00:00,9.7,996.5,98.0,AWS-DEL-011,Delhi,DEL,center,False,
2025-01-15 09:00:00,11.0,997.2,93.0,AWS-DEL-011,Delhi,DEL,center,False,
2025-01-15 10:00:00,12.6,997.5,94.0,AWS-DEL-011,Delhi,DEL,center,False,
2025-01-15 11:00:00,15.2,996.9,87.0,AWS-DEL-011,Delhi,DEL,center,False,
2025-01-15 12:00:00,17.1,995.4,79.0,AWS-DEL-011,Delhi,DEL,center,False,
2025-01-15 13:00:00,18.0,993.9,69.0,AWS-DEL-011,Delhi,DEL,center,False,
2025-01-15 14:00:00,18.3,992.8,67.0,AWS-DEL-011,Delhi,DEL,center,False,
2025-01-15 15:00:00,18.4,992.6,66.0,AWS-DEL-011,Delhi,DEL,center,False,
2025-01-15 16:00:00,18.0,992.3,67.0,AWS-DEL-011,Delhi,DEL,center,False,
2025-01-15 17:00:00,16.3,992.0,78.0,AWS-DEL-011,Delhi,DEL,center,False,
2025-01-15 18:00:00,14.2,993.4,82.0,AWS-DEL-011,Delhi,DEL,center,False,
2025-01-15 19:00:00,13.6,993.8,86.0,AWS-DEL-011,Delhi,DEL,center,False,
2025-01-15 20:00:00,12.9,994.1,89.0,AWS-DEL-011,Delhi,DEL,center,False,
2025-01-15 21:00:00,13.0,994.4,89.0,AWS-DEL-011,Delhi,DEL,center,False,
2025-01-15 22:00:00,12.9,994.5,90.0,AWS-DEL-011,Delhi,DEL,center,False,
2025-01-15 23:00:00,12.2,993.9,93.0,AWS-DEL-011,Delhi,DEL,center,False,
2025-01-16 00:00:00,12.0,993.8,92.0,AWS-DEL-011,Delhi,DEL,center,False,
2025-01-16 01:00:00,11.6,993.7,93.0,AWS-DEL-011,Delhi,DEL,center,False,
2025-01-16 02:00:00,11.1,993.3,95.0,AWS-DEL-011,Delhi,DEL,center,False,
2025-01-16 03:00:00,11.7,993.1,95.0,AWS-DEL-011,Delhi,DEL,center,False,
2025-01-16 04:00:00,11.6,993.1,95.0,AWS-DEL-011,Delhi,DEL,center,False,
2025-01-16 05:00:00,11.8,993.3,94.0,AWS-DEL-011,Delhi,DEL,center,False,
2025-01-16 06:00:00,12.2,994.5,94.0,AWS-DEL-011,Delhi,DEL,center,False,
2025-01-16 07:00:00,12.3,995.3,94.0,AWS-DEL-011,Delhi,DEL,center,False,
2025-01-16 08:00:00,12.6,995.9,93.0,AWS-DEL-011,Delhi,DEL,center,False,
2025-01-16 09:00:00,13.1,996.9,93.0,AWS-DEL-011,Delhi,DEL,center,False,
2025-01-16 10:00:00,14.5,997.5,87.0,AWS-DEL-011,Delhi,DEL,center,False,
2025-01-16 11:00:00,16.2,997.1,75.0,AWS-DEL-011,Delhi,DEL,center,False,
2025-01-16 12:00:00,17.0,996.3,70.0,AWS-DEL-011,Delhi,DEL,center,False,
2025-01-16 13:00:00,17.4,995.4,67.0,AWS-DEL-011,Delhi,DEL,center,False,
2025-01-16 14:00:00,18.0,994.8,63.0,AWS-DEL-011,Delhi,DEL,center,True,frozen_value
2025-01-16 15:00:00,18.0,994.8,63.0,AWS-DEL-011,Delhi,DEL,center,True,frozen_value
2025-01-16 16:00:00,17.8,994.7,63.0,AWS-DEL-011,Delhi,DEL,center,True,frozen_value
2025-01-16 17:00:00,17.0,994.8,63.0,AWS-DEL-011,Delhi,DEL,center,True,frozen_value
2025-01-16 18:00:00,14.7,995.8,63.0,AWS-DEL-011,Delhi,DEL,center,True,frozen_value
2025-01-16 19:00:00,13.8,996.4,63.0,AWS-DEL-011,Delhi,DEL,center,True,frozen_value
2025-01-16 20:00:00,13.3,997.1,63.0,AWS-DEL-011,Delhi,DEL,center,True,frozen_value
2025-01-16 21:00:00,12.6,997.5,63.0,AWS-DEL-011,Delhi,DEL,center,True,frozen_value
2025-01-16 22:00:00,12.1,997.5,63.0,AWS-DEL-011,Delhi,DEL,center,True,frozen_value
2025-01-16 23:00:00,11.5,997.2,63.0,AWS-DEL-011,Delhi,DEL,center,True,frozen_value
2025-01-17 00:00:00,11.1,996.7,63.0,AWS-DEL-011,Delhi,DEL,center,True,frozen_value
2025-01-17 01:00:00,11.0,996.2,63.0,AWS-DEL-011,Delhi,DEL,center,True,frozen_value
2025-01-17 02:00:00,11.0,995.8,63.0,AWS-DEL-011,Delhi,DEL,center,True,frozen_value
2025-01-17 03:00:00,10.7,995.5,63.0,AWS-DEL-011,Delhi,DEL,center,True,frozen_value
2025-01-17 04:00:00,10.3,995.2,63.0,AWS-DEL-011,Delhi,DEL,center,True,frozen_value
2025-01-17 05:00:00,9.8,995.4,89.0,AWS-DEL-011,Delhi,DEL,center,False,
2025-01-17 06:00:00,9.3,995.9,94.0,AWS-DEL-011,Delhi,DEL,center,False,
2025-01-17 07:00:00,9.2,996.3,94.0,AWS-DEL-011,Delhi,DEL,center,False,
2025-01-17 08:00:00,10.7,996.9,91.0,AWS-DEL-011,Delhi,DEL,center,False,
2025-01-17 09:00:00,12.4,997.6,87.0,AWS-DEL-011,Delhi,DEL,center,False,
2025-01-17 10:00:00,14.3,997.7,81.0,AWS-DEL-011,Delhi,DEL,center,False,
2025-01-17 11:00:00,16.2,996.7,74.0,AWS-DEL-011,Delhi,DEL,center,False,
2025-01-17 12:00:00,17.6,995.2,67.0,AWS-DEL-011,Delhi,DEL,center,False,
2025-01-17 13:00:00,18.5,993.8,62.0,AWS-DEL-011,Delhi,DEL,center,False,
2025-01-17 14:00:00,18.9,992.8,58.0,AWS-DEL-011,Delhi,DEL,center,False,
2025-01-17 15:00:00,18.8,992.4,58.0,AWS-DEL-011,Delhi,DEL,center,False,
2025-01-17 16:00:00,18.0,992.2,61.0,AWS-DEL-011,Delhi,DEL,center,False,
2025-01-17 17:00:00,16.2,992.1,69.0,AWS-DEL-011,Delhi,DEL,center,False,
2025-01-17 18:00:00,14.2,993.0,76.0,AWS-DEL-011,Delhi,DEL,center,False,
2025-01-17 19:00:00,13.3,993.2,79.0,AWS-DEL-011,Delhi,DEL,center,False,
2025-01-17 20:00:00,12.6,993.6,82.0,AWS-DEL-011,Delhi,DEL,center,False,
2025-01-17 21:00:00,11.8,993.7,85.0,AWS-DEL-011,Delhi,DEL,center,False,
2025-01-17 22:00:00,10.7,993.6,89.0,AWS-DEL-011,Delhi,DEL,center,False,
2025-01-17 23:00:00,10.2,993.8,91.0,AWS-DEL-011,Delhi,DEL,center,False,
2025-01-18 00:00:00,9.7,993.6,93.0,AWS-DEL-011,Delhi,DEL,center,False,
2025-01-18 01:00:00,8.8,992.8,96.0,AWS-DEL-011,Delhi,DEL,center,False,
2025-01-18 02:00:00,,992.3,97.0,AWS-DEL-011,Delhi,DEL,center,True,dropout
2025-01-18 03:00:00,8.2,992.2,99.0,AWS-DEL-011,Delhi,DEL,center,False,
2025-01-18 04:00:00,7.9,992.5,100.0,AWS-DEL-011,Delhi,DEL,center,False,
2025-01-18 05:00:00,7.8,992.5,99.0,AWS-DEL-011,Delhi,DEL,center,False,
2025-01-18 06:00:00,9.5,993.3,99.0,AWS-DEL-011,Delhi,DEL,center,False,
2025-01-18 07:00:00,9.7,994.4,97.0,AWS-DEL-011,Delhi,DEL,center,False,
2025-01-18 08:00:00,10.0,995.5,98.0,AWS-DEL-011,Delhi,DEL,center,False,
2025-01-18 09:00:00,10.7,996.5,96.0,AWS-DEL-011,Delhi,DEL,center,False,
2025-01-18 10:00:00,12.7,996.3,89.0,AWS-DEL-011,Delhi,DEL,center,False,
2025-01-18 11:00:00,14.0,995.3,84.0,AWS-DEL-011,Delhi,DEL,center,False,
2025-01-18 12:00:00,15.6,993.9,77.0,AWS-DEL-011,Delhi,DEL,center,False,
2025-01-18 13:00:00,17.1,992.9,69.0,AWS-DEL-011,Delhi,DEL,center,False,
2025-01-18 14:00:00,17.8,992.4,65.0,AWS-DEL-011,Delhi,DEL,center,False,
2025-01-18 15:00:00,17.8,991.5,62.0,AWS-DEL-011,Delhi,DEL,center,False,
2025-01-18 16:00:00,17.6,991.0,63.0,AWS-DEL-011,Delhi,DEL,center,False,
2025-01-18 17:00:00,16.0,991.0,72.0,AWS-DEL-011,Delhi,DEL,center,False,
2025-01-18 18:00:00,15.1,991.7,79.0,AWS-DEL-011,Delhi,DEL,center,False,
2025-01-18 19:00:00,14.1,991.8,81.0,AWS-DEL-011,Delhi,DEL,center,False,
2025-01-18 20:00:00,13.2,991.9,84.0,AWS-DEL-011,Delhi,DEL,center,False,
2025-01-18 21:00:00,12.3,991.9,87.0,AWS-DEL-011,Delhi,DEL,center,False,
2025-01-18 22:00:00,11.1,992.0,92.0,AWS-DEL-011,Delhi,DEL,center,False,
2025-01-18 23:00:00,10.1,992.0,96.0,AWS-DEL-011,Delhi,DEL,center,False,
2025-01-19 00:00:00,9.7,991.9,98.0,AWS-DEL-011,Delhi,DEL,center,False,
2025-01-19 01:00:00,9.4,0.00929239719181319,100.0,AWS-DEL-011,Delhi,DEL,center,True,sensor_fail_low
2025-01-19 02:00:00,9.2,0.02299202547687182,100.0,AWS-DEL-011,Delhi,DEL,center,True,sensor_fail_low
2025-01-19 03:00:00,8.9,0.06529497546399247,100.0,AWS-DEL-011,Delhi,DEL,center,True,sensor_fail_low
2025-01-19 04:00:00,9.1,0.01670432451220868,98.0,AWS-DEL-011,Delhi,DEL,center,True,sensor_fail_low
2025-01-19 05:00:00,9.0,991.3,99.0,AWS-DEL-011,Delhi,DEL,center,False,
2025-01-19 06:00:00,10.4,992.0,95.0,AWS-DEL-011,Delhi,DEL,center,False,
2025-01-19 07:00:00,10.4,992.7,96.0,AWS-DEL-011,Delhi,DEL,center,False,
2025-01-19 08:00:00,10.9,993.3,95.0,AWS-DEL-011,Delhi,DEL,center,False,
2025-01-19 09:00:00,12.3,994.2,96.0,AWS-DEL-011,Delhi,DEL,center,False,
2025-01-19 10:00:00,14.3,994.6,90.0,AWS-DEL-011,Delhi,DEL,center,False,
2025-01-19 11:00:00,16.5,994.3,84.0,AWS-DEL-011,Delhi,DEL,center,False,
2025-01-19 12:00:00,18.7,993.4,73.0,AWS-DEL-011,Delhi,DEL,center,False,
2025-01-19 13:00:00,20.2,992.1,67.0,AWS-DEL-011,Delhi,DEL,center,False,
2025-01-19 14:00:00,21.1,991.2,65.0,AWS-DEL-011,Delhi,DEL,center,False,
2025-01-19 15:00:00,21.3,1008.6671730038186,65.0,AWS-DEL-011,Delhi,DEL,center,True,spike
2025-01-19 16:00:00,20.8,1013.6873249049642,68.0,AWS-DEL-011,Delhi,DEL,center,True,spike
2025-01-19 17:00:00,19.0,1018.8074768061097,78.0,AWS-DEL-011,Delhi,DEL,center,True,spike
2025-01-19 18:00:00,18.1,990.4,81.0,AWS-DEL-011,Delhi,DEL,center,False,
2025-01-19 19:00:00,17.7,990.4,80.0,AWS-DEL-011,Delhi,DEL,center,False,
2025-01-19 20:00:00,17.2,990.8,80.0,AWS-DEL-011,Delhi,DEL,center,False,
2025-01-19 21:00:00,16.6,990.9,80.0,AWS-DEL-011,Delhi,DEL,center,False,
2025-01-19 22:00:00,15.6,990.8,84.0,AWS-DEL-011,Delhi,DEL,center,False,
2025-01-19 23:00:00,14.7,990.5,88.0,AWS-DEL-011,Delhi,DEL,center,False,
2025-01-20 00:00:00,14.3,990.1,89.0,AWS-DEL-011,Delhi,DEL,center,False,
2025-01-20 01:00:00,21.477241266354554,989.7381224906976,100.0,AWS-DEL-011,Delhi,DEL,center,True,multivariate_inconsistency
2025-01-20 02:00:00,21.077241266354555,988.7343957450663,100.0,AWS-DEL-011,Delhi,DEL,center,True,multivariate_inconsistency
2025-01-20 03:00:00,20.777241266354554,988.8595580062945,100.0,AWS-DEL-011,Delhi,DEL,center,True,multivariate_inconsistency
2025-01-20 04:00:00,20.577241266354555,988.9681903006733,100.0,AWS-DEL-011,Delhi,DEL,center,True,multivariate_inconsistency
2025-01-20 05:00:00,12.5,989.0,91.0,AWS-DEL-011,Delhi,DEL,center,False,
2025-01-20 06:00:00,12.0,990.0,93.0,AWS-DEL-011,Delhi,DEL,center,False,
2025-01-20 07:00:00,11.7,990.6,94.0,AWS-DEL-011,Delhi,DEL,center,False,
2025-01-20 08:00:00,12.6,991.2,93.0,AWS-DEL-011,Delhi,DEL,center,False,
2025-01-20 09:00:00,22.55834273220342,991.8001721358493,100.0,AWS-DEL-011,Delhi,DEL,center,True,multivariate_inconsistency
2025-01-20 10:00:00,24.658342732203423,992.3424797571273,100.0,AWS-DEL-011,Delhi,DEL,center,True,multivariate_inconsistency
2025-01-20 11:00:00,26.658342732203423,992.9621431423716,100.0,AWS-DEL-011,Delhi,DEL,center,True,multivariate_inconsistency
2025-01-20 12:00:00,20.1,991.5,72.0,AWS-DEL-011,Delhi,DEL,center,False,
2025-01-20 13:00:00,21.2,990.5,70.0,AWS-DEL-011,Delhi,DEL,center,False,
2025-01-20 14:00:00,21.9,989.6,66.0,AWS-DEL-011,Delhi,DEL,center,False,
2025-01-20 15:00:00,21.9,989.0,65.0,AWS-DEL-011,Delhi,DEL,center,False,
2025-01-20 16:00:00,21.4,988.8,68.0,AWS-DEL-011,Delhi,DEL,center,False,
2025-01-20 17:00:00,19.6,988.7,75.0,AWS-DEL-011,Delhi,DEL,center,False,
2025-01-20 18:00:00,18.5,988.9,79.0,AWS-DEL-011,Delhi,DEL,center,False,
2025-01-20 19:00:00,17.9,989.2,81.0,AWS-DEL-011,Delhi,DEL,center,False,
2025-01-20 20:00:00,17.1,989.4,84.0,AWS-DEL-011,Delhi,DEL,center,False,
2025-01-20 21:00:00,16.4,989.7,86.0,AWS-DEL-011,Delhi,DEL,center,False,
2025-01-20 22:00:00,15.9,989.9,87.0,AWS-DEL-011,Delhi,DEL,center,False,
2025-01-20 23:00:00,15.3,989.7,88.0,AWS-DEL-011,Delhi,DEL,center,False,
2025-01-21 00:00:00,14.6,989.1,88.0,AWS-DEL-011,Delhi,DEL,center,False,
2025-01-21 01:00:00,14.1,989.0,89.0,AWS-DEL-011,Delhi,DEL,center,False,
2025-01-21 02:00:00,13.6,988.5,90.0,AWS-DEL-011,Delhi,DEL,center,False,
2025-01-21 03:00:00,12.7,988.4,91.0,AWS-DEL-011,Delhi,DEL,center,False,
2025-01-21 04:00:00,12.3,988.0,91.0,AWS-DEL-011,Delhi,DEL,center,False,
2025-01-21 05:00:00,11.8,987.9,92.0,AWS-DEL-011,Delhi,DEL,center,False,
2025-01-21 06:00:00,11.3,988.5,90.0,AWS-DEL-011,Delhi,DEL,center,False,
2025-01-21 07:00:00,11.1,989.1,91.0,AWS-DEL-011,Delhi,DEL,center,False,
2025-01-21 08:00:00,12.4,990.1,87.0,AWS-DEL-011,Delhi,DEL,center,False,
2025-01-21 09:00:00,14.2,990.6,84.0,AWS-DEL-011,Delhi,DEL,center,False,
2025-01-21 10:00:00,16.6,991.2,75.0,AWS-DEL-011,Delhi,DEL,center,False,
2025-01-21 11:00:00,18.7,991.0,68.0,AWS-DEL-011,Delhi,DEL,center,False,
2025-01-21 12:00:00,20.3,989.9,62.0,AWS-DEL-011,Delhi,DEL,center,False,
2025-01-21 13:00:00,21.4,988.9,58.0,AWS-DEL-011,Delhi,DEL,center,False,
2025-01-21 14:00:00,21.9,988.3,55.0,AWS-DEL-011,Delhi,DEL,center,False,
2025-01-21 15:00:00,21.7,987.7,55.0,AWS-DEL-011,Delhi,DEL,center,False,
2025-01-21 16:00:00,20.9,987.4,60.0,AWS-DEL-011,Delhi,DEL,center,False,
2025-01-21 17:00:00,19.0,987.2,69.0,AWS-DEL-011,Delhi,DEL,center,False,
2025-01-21 18:00:00,17.7,987.4,74.0,AWS-DEL-011,Delhi,DEL,center,False,
2025-01-21 19:00:00,17.0,988.0,77.0,AWS-DEL-011,Delhi,DEL,center,False,
2025-01-21 20:00:00,16.1,988.6,79.0,AWS-DEL-011,Delhi,DEL,center,False,
2025-01-21 21:00:00,15.4,989.0,81.0,AWS-DEL-011,Delhi,DEL,center,False,
2025-01-21 22:00:00,14.7,988.8,82.0,AWS-DEL-011,Delhi,DEL,center,False,
2025-01-21 23:00:00,14.2,988.6,83.0,AWS-DEL-011,Delhi,DEL,center,False,
2025-01-22 00:00:00,13.6,988.3,84.0,AWS-DEL-011,Delhi,DEL,center,False,
2025-01-22 01:00:00,13.1,988.3,86.0,AWS-DEL-011,Delhi,DEL,center,False,
2025-01-22 02:00:00,12.4,987.9,89.0,AWS-DEL-011,Delhi,DEL,center,False,
2025-01-22 03:00:00,11.9,987.6,90.0,AWS-DEL-011,Delhi,DEL,center,False,
2025-01-22 04:00:00,11.3,987.3,91.0,AWS-DEL-011,Delhi,DEL,center,False,
2025-01-22 05:00:00,10.8,987.4,92.0,AWS-DEL-011,Delhi,DEL,center,False,
2025-01-22 06:00:00,10.5,988.2,94.0,AWS-DEL-011,Delhi,DEL,center,False,
2025-01-22 07:00:00,10.4,988.7,94.0,AWS-DEL-011,Delhi,DEL,center,False,
2025-01-22 08:00:00,11.9,989.5,91.0,AWS-DEL-011,Delhi,DEL,center,False,
2025-01-22 09:00:00,14.3,990.2,85.0,AWS-DEL-011,Delhi,DEL,center,False,
2025-01-22 10:00:00,16.9,990.6,76.0,AWS-DEL-011,Delhi,DEL,center,False,
2025-01-22 11:00:00,19.3,990.3,68.0,AWS-DEL-011,Delhi,DEL,center,False,
2025-01-22 12:00:00,21.2,989.4,58.0,AWS-DEL-011,Delhi,DEL,center,False,
2025-01-22 13:00:00,22.3,988.3,49.0,AWS-DEL-011,Delhi,DEL,center,False,
2025-01-22 14:00:00,22.8,987.6,45.0,AWS-DEL-011,Delhi,DEL,center,False,
2025-01-22 15:00:00,22.8,987.1,45.0,AWS-DEL-011,Delhi,DEL,center,False,
2025-01-22 16:00:00,22.0,986.9,53.0,AWS-DEL-011,Delhi,DEL,center,False,
2025-01-22 17:00:00,20.0,986.8,65.0,AWS-DEL-011,Delhi,DEL,center,False,
2025-01-22 18:00:00,18.6,987.6,67.0,AWS-DEL-011,Delhi,DEL,center,False,
2025-01-22 19:00:00,17.8,988.1,73.0,AWS-DEL-011,Delhi,DEL,center,False,
2025-01-22 20:00:00,17.0,988.7,76.0,AWS-DEL-011,Delhi,DEL,center,False,
2025-01-22 21:00:00,16.6,989.0,77.0,AWS-DEL-011,Delhi,DEL,center,False,
2025-01-22 22:00:00,15.9,989.0,78.0,AWS-DEL-011,Delhi,DEL,center,False,
2025-01-22 23:00:00,15.1,989.1,80.0,AWS-DEL-011,Delhi,DEL,center,False,
2025-01-23 00:00:00,,989.4,81.0,AWS-DEL-011,Delhi,DEL,center,True,dropout
2025-01-23 01:00:00,14.9,989.4,81.0,AWS-DEL-011,Delhi,DEL,center,False,
2025-01-23 02:00:00,14.2,988.7,80.0,AWS-DEL-011,Delhi,DEL,center,False,
2025-01-23 03:00:00,13.5,988.7,89.0,AWS-DEL-011,Delhi,DEL,center,False,
2025-01-23 04:00:00,13.5,988.0,89.0,AWS-DEL-011,Delhi,DEL,center,False,
2025-01-23 05:00:00,12.7,988.1,91.0,AWS-DEL-011,Delhi,DEL,center,False,
2025-01-23 06:00:00,13.0,989.0,90.0,AWS-DEL-011,Delhi,DEL,center,False,
2025-01-23 07:00:00,11.7,989.5,93.0,AWS-DEL-011,Delhi,DEL,center,False,
2025-01-23 08:00:00,13.5,990.5,91.0,AWS-DEL-011,Delhi,DEL,center,False,
2025-01-23 09:00:00,15.3,991.5,87.0,AWS-DEL-011,Delhi,DEL,center,False,
2025-01-23 10:00:00,17.4,992.3,77.0,AWS-DEL-011,Delhi,DEL,center,False,
2025-01-23 11:00:00,19.3,992.0,67.0,AWS-DEL-011,Delhi,DEL,center,False,
2025-01-23 12:00:00,20.8,991.0,55.0,AWS-DEL-011,Delhi,DEL,center,False,
2025-01-23 13:00:00,21.7,990.4,45.0,AWS-DEL-011,Delhi,DEL,center,False,
2025-01-23 14:00:00,21.9,989.8,40.0,AWS-DEL-011,Delhi,DEL,center,False,
2025-01-23 15:00:00,21.6,989.5,40.0,AWS-DEL-011,Delhi,DEL,center,False,
2025-01-23 16:00:00,20.7,989.4,47.0,AWS-DEL-011,Delhi,DEL,center,False,
2025-01-23 17:00:00,18.8,989.5,57.0,AWS-DEL-011,Delhi,DEL,center,False,
2025-01-23 18:00:00,17.4,989.7,60.0,AWS-DEL-011,Delhi,DEL,center,False,
2025-01-23 19:00:00,16.3,990.4,61.0,AWS-DEL-011,Delhi,DEL,center,False,
2025-01-23 20:00:00,15.5,990.8,63.0,AWS-DEL-011,Delhi,DEL,center,False,
2025-01-23 21:00:00,14.8,991.2,68.0,AWS-DEL-011,Delhi,DEL,center,False,
2025-01-23 22:00:00,14.3,991.1,70.0,AWS-DEL-011,Delhi,DEL,center,False,
2025-01-23 23:00:00,13.8,991.0,71.0,AWS-DEL-011,Delhi,DEL,center,False,
2025-01-24 00:00:00,13.1,990.4,73.0,AWS-DEL-011,Delhi,DEL,center,False,
2025-01-24 01:00:00,12.5,990.0,74.0,AWS-DEL-011,Delhi,DEL,center,False,
2025-01-24 02:00:00,11.9,989.4,75.0,AWS-DEL-011,Delhi,DEL,center,False,
2025-01-24 03:00:00,11.4,989.1,77.0,AWS-DEL-011,Delhi,DEL,center,False,
2025-01-24 04:00:00,11.1,989.0,78.0,AWS-DEL-011,Delhi,DEL,center,False,
2025-01-24 05:00:00,10.6,989.2,80.0,AWS-DEL-011,Delhi,DEL,center,False,
2025-01-24 06:00:00,10.8,989.7,85.0,AWS-DEL-011,Delhi,DEL,center,False,
2025-01-24 07:00:00,10.4,990.6,85.0,AWS-DEL-011,Delhi,DEL,center,False,
2025-01-24 08:00:00,11.3,991.3,83.0,AWS-DEL-011,Delhi,DEL,center,False,
2025-01-24 09:00:00,13.2,992.2,77.0,AWS-DEL-011,Delhi,DEL,center,False,
2025-01-24 10:00:00,15.5,992.4,69.0,AWS-DEL-011,Delhi,DEL,center,False,
2025-01-24 11:00:00,17.8,992.1,61.0,AWS-DEL-011,Delhi,DEL,center,False,
2025-01-24 12:00:00,19.6,991.4,53.0,AWS-DEL-011,Delhi,DEL,center,False,
2025-01-24 13:00:00,20.6,990.4,45.0,AWS-DEL-011,Delhi,DEL,center,False,
2025-01-24 14:00:00,20.9,989.8,42.0,AWS-DEL-011,Delhi,DEL,center,False,
2025-01-24 15:00:00,20.7,989.4,42.0,AWS-DEL-011,Delhi,DEL,center,False,
2025-01-24 16:00:00,19.9,989.2,47.0,AWS-DEL-011,Delhi,DEL,center,False,
2025-01-24 17:00:00,18.1,989.2,56.0,AWS-DEL-011,Delhi,DEL,center,False,
2025-01-24 18:00:00,17.1,989.6,61.0,AWS-DEL-011,Delhi,DEL,center,False,
2025-01-24 19:00:00,16.1,989.9,65.0,AWS-DEL-011,Delhi,DEL,center,False,
2025-01-24 20:00:00,15.2,990.2,68.0,AWS-DEL-011,Delhi,DEL,center,False,
2025-01-24 21:00:00,14.4,990.4,70.0,AWS-DEL-011,Delhi,DEL,center,False,
2025-01-24 22:00:00,13.6,990.3,71.0,AWS-DEL-011,Delhi,DEL,center,False,
2025-01-24 23:00:00,12.9,989.9,72.0,AWS-DEL-011,Delhi,DEL,center,False,
2025-01-25 00:00:00,12.3,989.6,73.0,AWS-DEL-011,Delhi,DEL,center,False,
2025-01-25 01:00:00,11.6,989.3,73.0,AWS-DEL-011,Delhi,DEL,center,False,
2025-01-25 02:00:00,11.1,988.8,74.0,AWS-DEL-011,Delhi,DEL,center,False,
2025-01-25 03:00:00,10.6,988.7,74.0,AWS-DEL-011,Delhi,DEL,center,False,
2025-01-25 04:00:00,10.2,988.5,74.0,AWS-DEL-011,Delhi,DEL,center,False,
2025-01-25 05:00:00,9.7,988.8,73.0,AWS-DEL-011,Delhi,DEL,center,False,
2025-01-25 06:00:00,9.4,989.2,78.0,AWS-DEL-011,Delhi,DEL,center,False,
2025-01-25 07:00:00,9.0,990.0,78.0,AWS-DEL-011,Delhi,DEL,center,False,
2025-01-25 08:00:00,10.1,990.7,74.0,AWS-DEL-011,Delhi,DEL,center,False,
2025-01-25 09:00:00,12.1,991.6,68.0,AWS-DEL-011,Delhi,DEL,center,False,
2025-01-25 10:00:00,14.6,992.4,60.0,AWS-DEL-011,Delhi,DEL,center,False,
2025-01-25 11:00:00,16.8,991.8,54.0,AWS-DEL-011,Delhi,DEL,center,False,
2025-01-25 12:00:00,18.7,991.0,48.0,AWS-DEL-011,Delhi,DEL,center,False,
2025-01-25 13:00:00,20.1,990.0,43.0,AWS-DEL-011,Delhi,DEL,center,False,
2025-01-25 14:00:00,20.8,989.1,40.0,AWS-DEL-011,Delhi,DEL,center,False,
2025-01-25 15:00:00,20.7,988.8,40.0,AWS-DEL-011,Delhi,DEL,center,False,
2025-01-25 16:00:00,19.8,988.7,46.0,AWS-DEL-011,Delhi,DEL,center,False,
2025-01-25 17:00:00,17.7,988.7,56.0,AWS-DEL-011,Delhi,DEL,center,False,
2025-01-25 18:00:00,16.6,989.0,59.0,AWS-DEL-011,Delhi,DEL,center,False,
2025-01-25 19:00:00,15.6,989.6,61.0,AWS-DEL-011,Delhi,DEL,center,False,
2025-01-25 20:00:00,14.5,989.9,63.0,AWS-DEL-011,Delhi,DEL,center,False,
2025-01-25 21:00:00,13.7,990.1,64.0,AWS-DEL-011,Delhi,DEL,center,False,
2025-01-25 22:00:00,13.0,990.1,65.0,AWS-DEL-011,Delhi,DEL,center,False,
2025-01-25 23:00:00,12.3,989.9,66.0,AWS-DEL-011,Delhi,DEL,center,False,
2025-01-26 00:00:00,11.6,989.2,67.0,AWS-DEL-011,Delhi,DEL,center,False,
2025-01-26 01:00:00,10.9,989.0,69.0,AWS-DEL-011,Delhi,DEL,center,False,
2025-01-26 02:00:00,18.698339088578606,988.5538220886282,100.0,AWS-DEL-011,Delhi,DEL,center,True,multivariate_inconsistency
2025-01-26 03:00:00,18.298339088578608,988.327785902264,100.0,AWS-DEL-011,Delhi,DEL,center,True,multivariate_inconsistency
2025-01-26 04:00:00,17.89833908857861,989.0875606644987,100.0,AWS-DEL-011,Delhi,DEL,center,True,multivariate_inconsistency
2025-01-26 05:00:00,17.39833908857861,988.8049463897947,100.0,AWS-DEL-011,Delhi,DEL,center,True,multivariate_inconsistency
2025-01-26 06:00:00,8.5,989.4,82.0,AWS-DEL-011,Delhi,DEL,center,False,
2025-01-26 07:00:00,8.2,990.0,82.0,AWS-DEL-011,Delhi,DEL,center,False,
2025-01-26 08:00:00,9.5,991.0,76.0,AWS-DEL-011,Delhi,DEL,center,False,
2025-01-26 09:00:00,11.9,991.9,67.0,AWS-DEL-011,Delhi,DEL,center,False,
2025-01-26 10:00:00,14.8,992.5,56.0,AWS-DEL-011,Delhi,DEL,center,False,
2025-01-26 11:00:00,17.3,992.0,49.0,AWS-DEL-011,Delhi,DEL,center,False,
2025-01-26 12:00:00,19.1,990.8,42.0,AWS-DEL-011,Delhi,DEL,center,False,
2025-01-26 13:00:00,20.4,989.6,39.0,AWS-DEL-011,Delhi,DEL,center,False,
2025-01-26 14:00:00,21.0,988.9,38.0,AWS-DEL-011,Delhi,DEL,center,False,
2025-01-26 15:00:00,21.0,988.5,37.0,AWS-DEL-011,Delhi,DEL,center,False,
2025-01-26 16:00:00,20.2,988.3,42.0,AWS-DEL-011,Delhi,DEL,center,False,
2025-01-26 17:00:00,18.0,988.0,56.0,AWS-DEL-011,Delhi,DEL,center,False,
2025-01-26 18:00:00,16.9,988.2,60.0,AWS-DEL-011,Delhi,DEL,center,False,
2025-01-26 19:00:00,15.9,988.6,62.0,AWS-DEL-011,Delhi,DEL,center,False,
2025-01-26 20:00:00,14.8,988.9,64.0,AWS-DEL-011,Delhi,DEL,center,False,
2025-01-26 21:00:00,13.7,989.0,68.0,AWS-DEL-011,Delhi,DEL,center,False,
2025-01-26 22:00:00,12.9,989.2,70.0,AWS-DEL-011,Delhi,DEL,center,False,
2025-01-26 23:00:00,12.3,989.1,71.0,AWS-DEL-011,Delhi,DEL,center,False,
2025-01-27 00:00:00,11.4,988.7,73.0,AWS-DEL-011,Delhi,DEL,center,False,
2025-01-27 01:00:00,10.7,988.4,74.0,AWS-DEL-011,Delhi,DEL,center,False,
2025-01-27 02:00:00,10.0,988.0,76.0,AWS-DEL-011,Delhi,DEL,center,False,
2025-01-27 03:00:00,9.4,987.7,78.0,AWS-DEL-011,Delhi,DEL,center,False,
2025-01-27 04:00:00,8.8,987.5,80.0,AWS-DEL-011,Delhi,DEL,center,False,
2025-01-27 05:00:00,8.4,987.5,80.0,AWS-DEL-011,Delhi,DEL,center,False,
2025-01-27 06:00:00,8.1,988.2,90.0,AWS-DEL-011,Delhi,DEL,center,False,
2025-01-27 07:00:00,7.8,989.0,90.0,AWS-DEL-011,Delhi,DEL,center,False,
2025-01-27 08:00:00,9.4,989.8,82.0,AWS-DEL-011,Delhi,DEL,center,False,
2025-01-27 09:00:00,12.3,990.8,69.0,AWS-DEL-011,Delhi,DEL,center,False,
2025-01-27 10:00:00,15.4,991.3,56.0,AWS-DEL-011,Delhi,DEL,center,False,
2025-01-27 11:00:00,17.9,990.9,47.0,AWS-DEL-011,Delhi,DEL,center,False,
2025-01-27 12:00:00,19.7,989.6,38.0,AWS-DEL-011,Delhi,DEL,center,False,
2025-01-27 13:00:00,30.799174734670643,988.2049689382147,68.95562291743957,AWS-DEL-011,Delhi,DEL,center,True,multivariate_inconsistency
2025-01-27 14:00:00,31.399174734670645,987.2595394763515,62.767124893718574,AWS-DEL-011,Delhi,DEL,center,True,multivariate_inconsistency
2025-01-27 15:00:00,31.299174734670643,986.3896050163966,64.80976363486445,AWS-DEL-011,Delhi,DEL,center,True,multivariate_inconsistency
2025-01-27 16:00:00,20.7,986.6,37.0,AWS-DEL-011,Delhi,DEL,center,False,
2025-01-27 17:00:00,19.0,986.6,46.0,AWS-DEL-011,Delhi,DEL,center,False,
2025-01-27 18:00:00,17.8,986.5,53.0,AWS-DEL-011,Delhi,DEL,center,False,
2025-01-27 19:00:00,16.7,987.0,59.0,AWS-DEL-011,Delhi,DEL,center,False,
2025-01-27 20:00:00,15.7,987.3,64.0,AWS-DEL-011,Delhi,DEL,center,False,
2025-01-27 21:00:00,14.7,987.5,68.0,AWS-DEL-011,Delhi,DEL,center,False,
2025-01-27 22:00:00,14.1,987.5,67.0,AWS-DEL-011,Delhi,DEL,center,False,
2025-01-27 23:00:00,13.6,987.2,64.0,AWS-DEL-011,Delhi,DEL,center,False,
2025-01-28 00:00:00,12.9,986.4,64.0,AWS-DEL-011,Delhi,DEL,center,False,
2025-01-28 01:00:00,12.2,986.4,66.0,AWS-DEL-011,Delhi,DEL,center,False,
2025-01-28 02:00:00,11.5,985.9,69.0,AWS-DEL-011,Delhi,DEL,center,False,
2025-01-28 03:00:00,10.8,985.7,71.0,AWS-DEL-011,Delhi,DEL,center,False,
2025-01-28 04:00:00,10.1,985.6,72.0,AWS-DEL-011,Delhi,DEL,center,False,
2025-01-28 05:00:00,9.4,985.9,74.0,AWS-DEL-011,Delhi,DEL,center,False,
2025-01-28 06:00:00,8.5,987.4,82.0,AWS-DEL-011,Delhi,DEL,center,False,
2025-01-28 07:00:00,8.0,988.3,84.0,AWS-DEL-011,Delhi,DEL,center,False,
2025-01-28 08:00:00,9.9,989.3,74.0,AWS-DEL-011,Delhi,DEL,center,False,
2025-01-28 09:00:00,12.9,990.3,61.0,AWS-DEL-011,Delhi,DEL,center,False,
2025-01-28 10:00:00,16.0,990.7,51.0,AWS-DEL-011,Delhi,DEL,center,False,
2025-01-28 11:00:00,18.7,990.1,42.0,AWS-DEL-011,Delhi,DEL,center,False,
2025-01-28 12:00:00,20.8,989.2,34.0,AWS-DEL-011,Delhi,DEL,center,False,
2025-01-28 13:00:00,22.2,988.3,28.0,AWS-DEL-011,Delhi,DEL,center,False,
2025-01-28 14:00:00,22.9,987.7,26.0,AWS-DEL-011,Delhi,DEL,center,False,
2025-01-28 15:00:00,22.8,987.2,26.0,AWS-DEL-011,Delhi,DEL,center,False,
2025-01-28 16:00:00,22.0,987.0,31.0,AWS-DEL-011,Delhi,DEL,center,False,
2025-01-28 17:00:00,20.3,986.9,42.0,AWS-DEL-011,Delhi,DEL,center,False,
2025-01-28 18:00:00,19.0,987.0,53.0,AWS-DEL-011,Delhi,DEL,center,False,
2025-01-28 19:00:00,17.5,987.7,61.0,AWS-DEL-011,Delhi,DEL,center,False,
2025-01-28 20:00:00,16.3,988.2,67.0,AWS-DEL-011,Delhi,DEL,center,False,
2025-01-28 21:00:00,15.1,988.5,72.0,AWS-DEL-011,Delhi,DEL,center,False,
2025-01-28 22:00:00,14.1,988.7,75.0,AWS-DEL-011,Delhi,DEL,center,False,
2025-01-28 23:00:00,13.4,988.8,74.0,AWS-DEL-011,Delhi,DEL,center,False,
2025-01-29 00:00:00,12.7,988.7,75.0,AWS-DEL-011,Delhi,DEL,center,False,
2025-01-29 01:00:00,11.9,988.6,79.0,AWS-DEL-011,Delhi,DEL,center,False,
2025-01-29 02:00:00,11.5,988.2,82.0,AWS-DEL-011,Delhi,DEL,center,False,
2025-01-29 03:00:00,11.2,988.2,84.0,AWS-DEL-011,Delhi,DEL,center,False,
2025-01-29 04:00:00,11.2,988.2,85.0,AWS-DEL-011,Delhi,DEL,center,False,
2025-01-29 05:00:00,10.7,988.4,87.0,AWS-DEL-011,Delhi,DEL,center,False,
2025-01-29 06:00:00,10.4,989.5,87.0,AWS-DEL-011,Delhi,DEL,center,False,
2025-01-29 07:00:00,10.2,990.3,89.0,AWS-DEL-011,Delhi,DEL,center,False,
2025-01-29 08:00:00,11.9,991.1,83.0,AWS-DEL-011,Delhi,DEL,center,False,
2025-01-29 09:00:00,14.8,992.0,70.0,AWS-DEL-011,Delhi,DEL,center,False,
2025-01-29 10:00:00,18.1,992.5,56.0,AWS-DEL-011,Delhi,DEL,center,False,
2025-01-29 11:00:00,-40.060986772769624,992.2,45.0,AWS-DEL-011,Delhi,DEL,center,True,sensor_fail_low
2025-01-29 12:00:00,-40.06448443543876,991.1,36.0,AWS-DEL-011,Delhi,DEL,center,True,sensor_fail_low
2025-01-29 13:00:00,-40.02651208479177,989.7,32.0,AWS-DEL-011,Delhi,DEL,center,True,sensor_fail_low
2025-01-29 14:00:00,-40.09710080315105,988.8,31.0,AWS-DEL-011,Delhi,DEL,center,True,sensor_fail_low
2025-01-29 15:00:00,23.8,988.0,33.0,AWS-DEL-011,Delhi,DEL,center,False,
2025-01-29 16:00:00,23.0,987.8,36.0,AWS-DEL-011,Delhi,DEL,center,False,
2025-01-29 17:00:00,21.5,987.6,43.0,AWS-DEL-011,Delhi,DEL,center,False,
2025-01-29 18:00:00,20.1,987.7,52.0,AWS-DEL-011,Delhi,DEL,center,False,
2025-01-29 19:00:00,18.9,988.1,59.0,AWS-DEL-011,Delhi,DEL,center,False,
2025-01-29 20:00:00,18.0,988.6,64.0,AWS-DEL-011,Delhi,DEL,center,False,
2025-01-29 21:00:00,17.2,988.7,66.0,AWS-DEL-011,Delhi,DEL,center,False,
2025-01-29 22:00:00,16.4,988.7,68.0,AWS-DEL-011,Delhi,DEL,center,False,
2025-01-29 23:00:00,15.7,988.4,71.0,AWS-DEL-011,Delhi,DEL,center,False,
2025-01-30 00:00:00,14.8,988.0,74.0,AWS-DEL-011,Delhi,DEL,center,False,
2025-01-30 01:00:00,14.1,987.5,78.0,AWS-DEL-011,Delhi,DEL,center,False,
2025-01-30 02:00:00,13.4,986.9,82.0,AWS-DEL-011,Delhi,DEL,center,False,
2025-01-30 03:00:00,12.7,986.3,85.0,AWS-DEL-011,Delhi,DEL,center,False,
2025-01-30 04:00:00,12.1,986.0,88.0,AWS-DEL-011,Delhi,DEL,center,False,
2025-01-30 05:00:00,11.7,985.7,90.0,AWS-DEL-011,Delhi,DEL,center,False,
2025-01-30 06:00:00,11.4,986.5,92.0,AWS-DEL-011,Delhi,DEL,center,False,
2025-01-30 07:00:00,11.3,987.1,91.0,AWS-DEL-011,Delhi,DEL,center,False,
2025-01-30 08:00:00,13.0,987.8,83.0,AWS-DEL-011,Delhi,DEL,center,False,
2025-01-30 09:00:00,15.8,988.4,70.0,AWS-DEL-011,Delhi,DEL,center,False,
2025-01-30 10:00:00,19.0,988.8,57.0,AWS-DEL-011,Delhi,DEL,center,False,
2025-01-30 11:00:00,21.4,988.4,46.0,AWS-DEL-011,Delhi,DEL,center,False,
2025-01-30 12:00:00,23.0,987.3,40.0,AWS-DEL-011,Delhi,DEL,center,False,
2025-01-30 13:00:00,24.1,986.0,0.04904367425073406,AWS-DEL-011,Delhi,DEL,center,True,sensor_fail_low
2025-01-30 14:00:00,24.7,985.1,-0.01559663166308644,AWS-DEL-011,Delhi,DEL,center,True,sensor_fail_low
2025-01-30 15:00:00,24.8,984.7,0.0477523104845623,AWS-DEL-011,Delhi,DEL,center,True,sensor_fail_low
2025-01-30 16:00:00,24.2,984.4,0.04374969968812108,AWS-DEL-011,Delhi,DEL,center,True,sensor_fail_low
2025-01-30 17:00:00,22.9,984.3,43.0,AWS-DEL-011,Delhi,DEL,center,False,
2025-01-30 18:00:00,21.3,984.4,54.0,AWS-DEL-011,Delhi,DEL,center,False,
2025-01-30 19:00:00,19.9,984.6,63.0,AWS-DEL-011,Delhi,DEL,center,False,
2025-01-30 20:00:00,18.7,985.0,71.0,AWS-DEL-011,Delhi,DEL,center,False,
2025-01-30 21:00:00,17.8,985.4,77.0,AWS-DEL-011,Delhi,DEL,center,False,
2025-01-30 22:00:00,17.2,985.6,80.0,AWS-DEL-011,Delhi,DEL,center,False,
2025-01-30 23:00:00,16.6,985.6,82.0,AWS-DEL-011,Delhi,DEL,center,False,
2025-01-31 00:00:00,16.1,985.0,83.0,AWS-DEL-011,Delhi,DEL,center,False,
2025-01-31 01:00:00,15.5,984.9,85.0,AWS-DEL-011,Delhi,DEL,center,False,
2025-01-31 02:00:00,14.6,984.6,89.0,AWS-DEL-011,Delhi,DEL,center,False,
2025-01-31 03:00:00,14.1,984.2,91.0,AWS-DEL-011,Delhi,DEL,center,False,
2025-01-31 04:00:00,13.5,983.9,92.0,AWS-DEL-011,Delhi,DEL,center,False,
2025-01-31 05:00:00,12.9,984.1,94.0,AWS-DEL-011,Delhi,DEL,center,False,
2025-01-31 06:00:00,12.5,984.8,99.0,AWS-DEL-011,Delhi,DEL,center,False,
2025-01-31 07:00:00,12.1,985.5,99.0,AWS-DEL-011,Delhi,DEL,center,False,
2025-01-31 08:00:00,13.0,986.5,97.0,AWS-DEL-011,Delhi,DEL,center,False,
2025-01-31 09:00:00,14.8,987.6,90.0,AWS-DEL-011,Delhi,DEL,center,False,
2025-01-31 10:00:00,18.4,988.2,72.0,AWS-DEL-011,Delhi,DEL,center,False,
2025-01-31 11:00:00,22.1,987.8,57.0,AWS-DEL-011,Delhi,DEL,center,False,
2025-01-31 12:00:00,24.4,987.0,43.0,AWS-DEL-011,Delhi,DEL,center,False,
2025-01-31 13:00:00,25.8,986.0,29.0,AWS-DEL-011,Delhi,DEL,center,False,
2025-01-31 14:00:00,26.3,985.5,25.0,AWS-DEL-011,Delhi,DEL,center,False,
2025-01-31 15:00:00,26.1,985.0,25.0,AWS-DEL-011,Delhi,DEL,center,False,
2025-01-31 16:00:00,25.5,984.8,26.0,AWS-DEL-011,Delhi,DEL,center,False,
2025-01-31 17:00:00,24.2,984.9,30.0,AWS-DEL-011,Delhi,DEL,center,False,
2025-01-31 18:00:00,22.2,985.5,46.0,AWS-DEL-011,Delhi,DEL,center,False,
2025-01-31 19:00:00,21.0,986.0,57.0,AWS-DEL-011,Delhi,DEL,center,False,
2025-01-31 20:00:00,20.2,986.6,58.0,AWS-DEL-011,Delhi,DEL,center,False,
2025-01-31 21:00:00,19.3,987.0,58.0,AWS-DEL-011,Delhi,DEL,center,False,
2025-01-31 22:00:00,18.7,987.2,59.0,AWS-DEL-011,Delhi,DEL,center,False,
2025-01-31 23:00:00,17.6,987.0,64.0,AWS-DEL-011,Delhi,DEL,center,False,
2025-02-01 00:00:00,16.8,986.7,72.0,AWS-DEL-011,Delhi,DEL,center,False,
2025-02-01 01:00:00,-39.906609724621035,986.3,75.0,AWS-DEL-011,Delhi,DEL,center,True,sensor_fail_low
2025-02-01 02:00:00,-40.00396043987886,986.0,75.0,AWS-DEL-011,Delhi,DEL,center,True,sensor_fail_low
2025-02-01 03:00:00,-39.979878643376914,985.8,74.0,AWS-DEL-011,Delhi,DEL,center,True,sensor_fail_low
2025-02-01 04:00:00,-39.965504679520826,985.8,76.0,AWS-DEL-011,Delhi,DEL,center,True,sensor_fail_low
2025-02-01 05:00:00,14.5,985.7,77.0,AWS-DEL-011,Delhi,DEL,center,True,frozen_value
2025-02-01 06:00:00,12.7,986.9,77.00028905685505,AWS-DEL-011,Delhi,DEL,center,True,frozen_value
2025-02-01 07:00:00,12.9,987.8,76.99907916252478,AWS-DEL-011,Delhi,DEL,center,True,frozen_value
2025-02-01 08:00:00,14.7,988.6,77.01613173893685,AWS-DEL-011,Delhi,DEL,center,True,frozen_value
2025-02-01 09:00:00,17.6,989.6,77.03521418544912,AWS-DEL-011,Delhi,DEL,center,True,frozen_value
2025-02-01 10:00:00,20.6,990.3,77.03934753127416,AWS-DEL-011,Delhi,DEL,center,True,frozen_value
2025-02-01 11:00:00,23.0,990.1,77.04998371467335,AWS-DEL-011,Delhi,DEL,center,True,frozen_value
2025-02-01 12:00:00,24.4,989.5,77.05,AWS-DEL-011,Delhi,DEL,center,True,frozen_value
2025-02-01 13:00:00,25.3,988.5,77.05,AWS-DEL-011,Delhi,DEL,center,True,frozen_value
2025-02-01 14:00:00,25.5,987.7,77.04223950347645,AWS-DEL-011,Delhi,DEL,center,True,frozen_value
2025-02-01 15:00:00,25.5,987.2,32.0,AWS-DEL-011,Delhi,DEL,center,False,
2025-02-01 16:00:00,25.1,987.2,33.0,AWS-DEL-011,Delhi,DEL,center,False,
2025-02-01 17:00:00,24.1,987.3,36.0,AWS-DEL-011,Delhi,DEL,center,False,
2025-02-01 18:00:00,21.3,987.7,60.0,AWS-DEL-011,Delhi,DEL,center,False,
2025-02-01 19:00:00,20.8,988.2,61.0,AWS-DEL-011,Delhi,DEL,center,False,
2025-02-01 20:00:00,19.6,988.7,64.0,AWS-DEL-011,Delhi,DEL,center,False,
2025-02-01 21:00:00,17.7,990.3,77.0,AWS-DEL-011,Delhi,DEL,center,False,
2025-02-01 22:00:00,17.3,989.9,80.0,AWS-DEL-011,Delhi,DEL,center,False,
2025-02-01 23:00:00,17.1,989.8,79.0,AWS-DEL-011,Delhi,DEL,center,False,
2025-02-02 00:00:00,16.4,989.7,81.0,AWS-DEL-011,Delhi,DEL,center,False,
2025-02-02 01:00:00,15.5,989.5,84.0,AWS-DEL-011,Delhi,DEL,center,False,
2025-02-02 02:00:00,15.0,988.9,85.0,AWS-DEL-011,Delhi,DEL,center,False,
2025-02-02 03:00:00,14.7,988.9,86.0,AWS-DEL-011,Delhi,DEL,center,False,
2025-02-02 04:00:00,14.8,988.7,84.0,AWS-DEL-011,Delhi,DEL,center,False,
2025-02-02 05:00:00,14.2,988.9,85.0,AWS-DEL-011,Delhi,DEL,center,False,
2025-02-02 06:00:00,13.7,989.6,91.0,AWS-DEL-011,Delhi,DEL,center,False,
2025-02-02 07:00:00,13.7,990.3,91.0,AWS-DEL-011,Delhi,DEL,center,False,
2025-02-02 08:00:00,21.317246059813165,984.620157356851,69.34343081967597,AWS-DEL-011,Delhi,DEL,center,True,unstructured_anomaly
2025-02-02 09:00:00,11.13050822358254,1000.887000654475,60.129486681195274,AWS-DEL-011,Delhi,DEL,center,True,unstructured_anomaly
2025-02-02 10:00:00,12.404743910411035,1000.3063853472047,80.97647167104714,AWS-DEL-011,Delhi,DEL,center,True,unstructured_anomaly
2025-02-02 11:00:00,27.481698714424383,984.2266007263221,68.16390561303176,AWS-DEL-011,Delhi,DEL,center,True,unstructured_anomaly
2025-02-02 12:00:00,16.47405971709565,999.9324790368669,30.306818978472407,AWS-DEL-011,Delhi,DEL,center,True,unstructured_anomaly
2025-02-02 13:00:00,29.064919990296712,981.9364116355762,21.701167074716988,AWS-DEL-011,Delhi,DEL,center,True,unstructured_anomaly
2025-02-02 14:00:00,29.19021270913111,981.7015013029232,54.35568391207751,AWS-DEL-011,Delhi,DEL,center,True,unstructured_anomaly
2025-02-02 15:00:00,17.5015002488309,997.0902176356947,55.36895393113533,AWS-DEL-011,Delhi,DEL,center,True,unstructured_anomaly
2025-02-02 16:00:00,22.6,989.4,42.0,AWS-DEL-011,Delhi,DEL,center,False,
2025-02-02 17:00:00,21.3,989.4,48.0,AWS-DEL-011,Delhi,DEL,center,False,
2025-02-02 18:00:00,19.0,989.6,68.0,AWS-DEL-011,Delhi,DEL,center,False,
2025-02-02 19:00:00,18.1,990.1,74.0,AWS-DEL-011,Delhi,DEL,center,False,
2025-02-02 20:00:00,17.2,990.6,79.0,AWS-DEL-011,Delhi,DEL,center,False,
2025-02-02 21:00:00,16.3,990.7,81.0,AWS-DEL-011,Delhi,DEL,center,False,
2025-02-02 22:00:00,15.5,990.9,83.0,AWS-DEL-011,Delhi,DEL,center,False,
2025-02-02 23:00:00,14.8,990.6,83.0,AWS-DEL-011,Delhi,DEL,center,False,
2025-02-03 00:00:00,14.1,989.8,82.0,AWS-DEL-011,Delhi,DEL,center,False,
2025-02-03 01:00:00,13.3,989.2,82.0,AWS-DEL-011,Delhi,DEL,center,False,
2025-02-03 02:00:00,12.6,988.7,83.0,AWS-DEL-011,Delhi,DEL,center,False,
2025-02-03 03:00:00,11.9,988.5,86.0,AWS-DEL-011,Delhi,DEL,center,False,
2025-02-03 04:00:00,11.3,988.2,86.0,AWS-DEL-011,Delhi,DEL,center,False,
2025-02-03 05:00:00,10.8,988.2,87.0,AWS-DEL-011,Delhi,DEL,center,False,
2025-02-03 06:00:00,11.0,989.1,91.0,AWS-DEL-011,Delhi,DEL,center,False,
2025-02-03 07:00:00,10.9,989.8,91.0,AWS-DEL-011,Delhi,DEL,center,False,
2025-02-03 08:00:00,12.7,990.6,84.0,AWS-DEL-011,Delhi,DEL,center,False,
2025-02-03 09:00:00,15.1,991.5,73.0,AWS-DEL-011,Delhi,DEL,center,False,
2025-02-03 10:00:00,17.8,991.7,60.0,AWS-DEL-011,Delhi,DEL,center,False,
2025-02-03 11:00:00,20.0,991.1,46.0,AWS-DEL-011,Delhi,DEL,center,False,
2025-02-03 12:00:00,21.4,989.9,37.0,AWS-DEL-011,Delhi,DEL,center,False,
2025-02-03 13:00:00,22.4,989.0,34.0,AWS-DEL-011,Delhi,DEL,center,False,
2025-02-03 14:00:00,22.7,988.3,34.0,AWS-DEL-011,Delhi,DEL,center,False,
2025-02-03 15:00:00,22.8,988.0,35.0,AWS-DEL-011,Delhi,DEL,center,False,
2025-02-03 16:00:00,22.3,988.1,37.0,AWS-DEL-011,Delhi,DEL,center,False,
2025-02-03 17:00:00,20.7,988.2,57.0,AWS-DEL-011,Delhi,DEL,center,False,
2025-02-03 18:00:00,18.8,989.0,59.0,AWS-DEL-011,Delhi,DEL,center,False,
2025-02-03 19:00:00,17.5,989.6,64.0,AWS-DEL-011,Delhi,DEL,center,False,
2025-02-03 20:00:00,16.5,990.1,68.0,AWS-DEL-011,Delhi,DEL,center,False,
2025-02-03 21:00:00,16.2,990.2,70.0,AWS-DEL-011,Delhi,DEL,center,False,
2025-02-03 22:00:00,15.6,990.4,69.0,AWS-DEL-011,Delhi,DEL,center,False,
2025-02-03 23:00:00,14.8,990.1,72.0,AWS-DEL-011,Delhi,DEL,center,False,
2025-02-04 00:00:00,14.3,989.7,73.0,AWS-DEL-011,Delhi,DEL,center,False,
2025-02-04 01:00:00,14.3,989.3,73.0,AWS-DEL-011,Delhi,DEL,center,False,
2025-02-04 02:00:00,13.9,989.1,73.0,AWS-DEL-011,Delhi,DEL,center,False,
2025-02-04 03:00:00,13.6,988.8,74.0,AWS-DEL-011,Delhi,DEL,center,False,
2025-02-04 04:00:00,13.2,988.5,75.0,AWS-DEL-011,Delhi,DEL,center,False,
2025-02-04 05:00:00,13.0,989.0,76.0,AWS-DEL-011,Delhi,DEL,center,False,
2025-02-04 06:00:00,15.1,990.2,75.0,AWS-DEL-011,Delhi,DEL,center,False,
2025-02-04 07:00:00,14.9,990.7,71.0,AWS-DEL-011,Delhi,DEL,center,False,
2025-02-04 08:00:00,15.2,991.3,70.0,AWS-DEL-011,Delhi,DEL,center,False,
2025-02-04 09:00:00,16.4,992.0,68.0,AWS-DEL-011,Delhi,DEL,center,False,
2025-02-04 10:00:00,18.0,992.2,63.0,AWS-DEL-011,Delhi,DEL,center,False,
2025-02-04 11:00:00,20.2,991.9,53.0,AWS-DEL-011,Delhi,DEL,center,False,
2025-02-04 12:00:00,21.8,990.8,51.0,AWS-DEL-011,Delhi,DEL,center,False,
2025-02-04 13:00:00,22.4,989.6,52.0,AWS-DEL-011,Delhi,DEL,center,False,
2025-02-04 14:00:00,22.9,988.7,51.0,AWS-DEL-011,Delhi,DEL,center,False,
2025-02-04 15:00:00,22.8,988.3,51.0,AWS-DEL-011,Delhi,DEL,center,False,
2025-02-04 16:00:00,22.7,988.0,52.0,AWS-DEL-011,Delhi,DEL,center,False,
2025-02-04 17:00:00,21.5,987.7,78.67947501536972,AWS-DEL-011,Delhi,DEL,center,True,drift
2025-02-04 18:00:00,19.2,988.1,91.02050481955936,AWS-DEL-011,Delhi,DEL,center,True,drift
2025-02-04 19:00:00,18.4,988.6,96.53205352997973,AWS-DEL-011,Delhi,DEL,center,True,drift
2025-02-04 20:00:00,17.8,988.8,99.13666292680902,AWS-DEL-011,Delhi,DEL,center,True,drift
2025-02-04 21:00:00,17.1,988.8,100.0,AWS-DEL-011,Delhi,DEL,center,True,drift
2025-02-04 22:00:00,16.7,988.6,100.0,AWS-DEL-011,Delhi,DEL,center,True,drift
2025-02-04 23:00:00,16.9,989.0,100.0,AWS-DEL-011,Delhi,DEL,center,True,drift
2025-02-05 00:00:00,15.7,988.6,100.0,AWS-DEL-011,Delhi,DEL,center,True,drift
2025-02-05 01:00:00,14.9,988.6,100.0,AWS-DEL-011,Delhi,DEL,center,True,drift
2025-02-05 02:00:00,14.4,988.3,100.0,AWS-DEL-011,Delhi,DEL,center,True,drift
2025-02-05 03:00:00,13.6,988.0,100.0,AWS-DEL-011,Delhi,DEL,center,True,drift
2025-02-05 04:00:00,13.4,988.4,100.0,AWS-DEL-011,Delhi,DEL,center,True,drift
2025-02-05 05:00:00,12.8,988.7,100.0,AWS-DEL-011,Delhi,DEL,center,True,drift
2025-02-05 06:00:00,12.2,0.02718241711352077,100.0,AWS-DEL-011,Delhi,DEL,center,True,sensor_fail_low
2025-02-05 07:00:00,11.9,-0.0019492232935639058,100.0,AWS-DEL-011,Delhi,DEL,center,True,sensor_fail_low
2025-02-05 08:00:00,13.0,0.03922083387507918,100.0,AWS-DEL-011,Delhi,DEL,center,True,sensor_fail_low
2025-02-05 09:00:00,15.1,-0.07140584100815316,100.0,AWS-DEL-011,Delhi,DEL,center,True,sensor_fail_low
2025-02-05 10:00:00,17.4,992.7,91.11277609880767,AWS-DEL-011,Delhi,DEL,center,True,drift
2025-02-05 11:00:00,19.2,992.6,81.24561143320923,AWS-DEL-011,Delhi,DEL,center,True,drift
2025-02-05 12:00:00,20.5,991.7,42.0,AWS-DEL-011,Delhi,DEL,center,False,
2025-02-05 13:00:00,21.2,990.9,37.0,AWS-DEL-011,Delhi,DEL,center,False,
2025-02-05 14:00:00,21.4,990.2,34.0,AWS-DEL-011,Delhi,DEL,center,False,
2025-02-05 15:00:00,21.1,989.9,33.0,AWS-DEL-011,Delhi,DEL,center,False,
2025-02-05 16:00:00,20.3,989.9,36.0,AWS-DEL-011,Delhi,DEL,center,False,
2025-02-05 17:00:00,19.1,990.0,43.0,AWS-DEL-011,Delhi,DEL,center,False,
2025-02-05 18:00:00,17.8,990.5,50.0,AWS-DEL-011,Delhi,DEL,center,False,
2025-02-05 19:00:00,16.8,991.1,58.0,AWS-DEL-011,Delhi,DEL,center,False,
2025-02-05 20:00:00,15.5,991.5,65.0,AWS-DEL-011,Delhi,DEL,center,False,
2025-02-05 21:00:00,14.5,992.0,69.0,AWS-DEL-011,Delhi,DEL,center,False,
2025-02-05 22:00:00,13.8,992.4,70.0,AWS-DEL-011,Delhi,DEL,center,False,
2025-02-05 23:00:00,13.2,992.1,68.0,AWS-DEL-011,Delhi,DEL,center,False,
2025-02-06 00:00:00,13.0,991.8,62.0,AWS-DEL-011,Delhi,DEL,center,False,
2025-02-06 01:00:00,13.4,991.7,56.0,AWS-DEL-011,Delhi,DEL,center,False,
2025-02-06 02:00:00,13.1,991.1,57.0,AWS-DEL-011,Delhi,DEL,center,False,
2025-02-06 03:00:00,13.0,990.8,56.0,AWS-DEL-011,Delhi,DEL,center,False,
2025-02-06 04:00:00,13.0,990.6,56.0,AWS-DEL-011,Delhi,DEL,center,False,
2025-02-06 05:00:00,12.8,1007.4272110680482,56.0,AWS-DEL-011,Delhi,DEL,center,True,spike
2025-02-06 06:00:00,11.7,1008.6272110680483,75.0,AWS-DEL-011,Delhi,DEL,center,True,spike
2025-02-06 07:00:00,11.4,1009.2272110680483,75.0,AWS-DEL-011,Delhi,DEL,center,True,spike
2025-02-06 08:00:00,12.8,1009.8272110680483,69.0,AWS-DEL-011,Delhi,DEL,center,True,spike
2025-02-06 09:00:00,15.2,993.8,62.0,AWS-DEL-011,Delhi,DEL,center,False,
2025-02-06 10:00:00,11.074425790363236,1002.3560790668034,69.49291294471412,AWS-DEL-011,Delhi,DEL,center,True,unstructured_anomaly
2025-02-06 11:00:00,13.528805015579499,1002.1143773307784,22.995079026892736,AWS-DEL-011,Delhi,DEL,center,True,unstructured_anomaly
2025-02-06 12:00:00,27.69381339378038,986.1480176222348,48.49479522999509,AWS-DEL-011,Delhi,DEL,center,True,unstructured_anomaly
2025-02-06 13:00:00,15.530501226729319,1000.768616139226,43.11287192329728,AWS-DEL-011,Delhi,DEL,center,True,unstructured_anomaly
2025-02-06 14:00:00,14.056224506232507,997.9302868175879,45.25944787859208,AWS-DEL-011,Delhi,DEL,center,True,unstructured_anomaly
2025-02-06 15:00:00,20.6,990.7,33.0,AWS-DEL-011,Delhi,DEL,center,False,
2025-02-06 16:00:00,19.8,990.5,38.0,AWS-DEL-011,Delhi,DEL,center,False,
2025-02-06 17:00:00,18.6,990.4,43.0,AWS-DEL-011,Delhi,DEL,center,False,
2025-02-06 18:00:00,17.8,990.8,47.0,AWS-DEL-011,Delhi,DEL,center,False,
2025-02-06 19:00:00,16.6,991.3,51.0,AWS-DEL-011,Delhi,DEL,center,False,
2025-02-06 20:00:00,15.6,991.9,52.0,AWS-DEL-011,Delhi,DEL,center,False,
2025-02-06 21:00:00,14.8,992.4,54.0,AWS-DEL-011,Delhi,DEL,center,False,
2025-02-06 22:00:00,14.2,992.4,55.0,AWS-DEL-011,Delhi,DEL,center,False,
2025-02-06 23:00:00,13.5,992.5,57.0,AWS-DEL-011,Delhi,DEL,center,False,
2025-02-07 00:00:00,13.1,992.3,59.0,AWS-DEL-011,Delhi,DEL,center,False,
2025-02-07 01:00:00,12.6,992.0,60.0,AWS-DEL-011,Delhi,DEL,center,False,
2025-02-07 02:00:00,12.2,991.5,60.0,AWS-DEL-011,Delhi,DEL,center,False,
2025-02-07 03:00:00,11.7,991.1,61.0,AWS-DEL-011,Delhi,DEL,center,False,
2025-02-07 04:00:00,11.2,991.1,62.0,AWS-DEL-011,Delhi,DEL,center,False,
2025-02-07 05:00:00,10.8,991.1,64.0,AWS-DEL-011,Delhi,DEL,center,False,
2025-02-07 06:00:00,10.7,991.5,73.0,AWS-DEL-011,Delhi,DEL,center,False,
2025-02-07 07:00:00,10.6,992.0,71.0,AWS-DEL-011,Delhi,DEL,center,False,
2025-02-07 08:00:00,11.9,992.7,66.0,AWS-DEL-011,Delhi,DEL,center,False,
2025-02-07 09:00:00,14.1,993.4,58.0,AWS-DEL-011,Delhi,DEL,center,False,
2025-02-07 10:00:00,16.2,993.4,51.0,AWS-DEL-011,Delhi,DEL,center,False,
2025-02-07 11:00:00,18.2,993.2,45.0,AWS-DEL-011,Delhi,DEL,center,False,
2025-02-07 12:00:00,19.7,992.6,39.0,AWS-DEL-011,Delhi,DEL,center,False,
2025-02-07 13:00:00,20.6,991.9,35.0,AWS-DEL-011,Delhi,DEL,center,False,
2025-02-07 14:00:00,20.8,991.1,32.0,AWS-DEL-011,Delhi,DEL,center,False,
2025-02-07 15:00:00,20.7,990.6,31.0,AWS-DEL-011,Delhi,DEL,center,False,
2025-02-07 16:00:00,20.0,990.3,36.0,AWS-DEL-011,Delhi,DEL,center,False,
2025-02-07 17:00:00,18.7,990.2,41.0,AWS-DEL-011,Delhi,DEL,center,False,
2025-02-07 18:00:00,17.9,990.6,45.0,AWS-DEL-011,Delhi,DEL,center,False,
2025-02-07 19:00:00,16.8,991.2,50.0,AWS-DEL-011,Delhi,DEL,center,False,
2025-02-07 20:00:00,15.9,991.6,52.0,AWS-DEL-011,Delhi,DEL,center,False,
2025-02-07 21:00:00,49.81192927892692,991.5,53.0,AWS-DEL-011,Delhi,DEL,center,True,spike
2025-02-07 22:00:00,26.293453557957136,991.4,54.0,AWS-DEL-011,Delhi,DEL,center,True,spike
2025-02-07 23:00:00,17.906851526634348,991.2,54.0,AWS-DEL-011,Delhi,DEL,center,True,spike
2025-02-08 00:00:00,14.861336531118118,990.2,54.0,AWS-DEL-011,Delhi,DEL,center,True,spike
2025-02-08 01:00:00,13.562517050766138,989.8,55.0,AWS-DEL-011,Delhi,DEL,center,True,spike
2025-02-08 02:00:00,12.8,989.1,55.0,AWS-DEL-011,Delhi,DEL,center,False,
2025-02-08 03:00:00,19.523276626662962,981.4159733191274,73.73897141224501,AWS-DEL-011,Delhi,DEL,center,True,unstructured_anomaly
2025-02-08 04:00:00,19.306683898039495,980.9451114835964,72.44982597156474,AWS-DEL-011,Delhi,DEL,center,True,unstructured_anomaly
2025-02-08 05:00:00,17.770675543068982,981.7021693468677,41.54465197742825,AWS-DEL-011,Delhi,DEL,center,True,unstructured_anomaly
2025-02-08 06:00:00,16.632569224050233,983.5360754471118,85.17295475059802,AWS-DEL-011,Delhi,DEL,center,True,unstructured_anomaly
2025-02-08 07:00:00,5.0,997.2242738634504,48.37526552642863,AWS-DEL-011,Delhi,DEL,center,True,unstructured_anomaly
2025-02-08 08:00:00,18.81338130111941,983.2758953381394,79.50550282824028,AWS-DEL-011,Delhi,DEL,center,True,unstructured_anomaly
2025-02-08 09:00:00,20.279231387069327,984.4942037544615,40.94309462420142,AWS-DEL-011,Delhi,DEL,center,True,unstructured_anomaly
2025-02-08 10:00:00,11.35538319556984,999.7053208208168,33.49759569418506,AWS-DEL-011,Delhi,DEL,center,True,unstructured_anomaly
2025-02-08 11:00:00,19.6,992.8,42.0,AWS-DEL-011,Delhi,DEL,center,False,
2025-02-08 12:00:00,21.5,991.7,36.0,AWS-DEL-011,Delhi,DEL,center,False,
2025-02-08 13:00:00,22.8,990.6,32.0,AWS-DEL-011,Delhi,DEL,center,False,
2025-02-08 14:00:00,23.3,989.6,30.0,AWS-DEL-011,Delhi,DEL,center,False,
2025-02-08 15:00:00,23.2,989.1,31.0,AWS-DEL-011,Delhi,DEL,center,False,
2025-02-08 16:00:00,22.4,988.8,35.0,AWS-DEL-011,Delhi,DEL,center,False,
2025-02-08 17:00:00,20.8,989.0,45.0,AWS-DEL-011,Delhi,DEL,center,False,
2025-02-08 18:00:00,19.8,989.2,47.0,AWS-DEL-011,Delhi,DEL,center,False,
2025-02-08 19:00:00,18.8,990.2,54.0,AWS-DEL-011,Delhi,DEL,center,False,
2025-02-08 20:00:00,17.7,990.5,61.0,AWS-DEL-011,Delhi,DEL,center,False,
2025-02-08 21:00:00,16.7,990.9,65.0,AWS-DEL-011,Delhi,DEL,center,False,
2025-02-08 22:00:00,16.2,991.1,66.0,AWS-DEL-011,Delhi,DEL,center,False,
2025-02-08 23:00:00,15.5,990.9,67.0,AWS-DEL-011,Delhi,DEL,center,False,
2025-02-09 00:00:00,14.9,990.6,68.0,AWS-DEL-011,Delhi,DEL,center,False,
2025-02-09 01:00:00,14.5,990.2,69.0,AWS-DEL-011,Delhi,DEL,center,False,
2025-02-09 02:00:00,14.0,989.5,71.0,AWS-DEL-011,Delhi,DEL,center,False,
2025-02-09 03:00:00,13.2,989.0,75.0,AWS-DEL-011,Delhi,DEL,center,False,
2025-02-09 04:00:00,12.5,988.6,78.0,AWS-DEL-011,Delhi,DEL,center,False,
2025-02-09 05:00:00,11.9,988.6,80.0,AWS-DEL-011,Delhi,DEL,center,False,
2025-02-09 06:00:00,10.9,989.3,86.0,AWS-DEL-011,Delhi,DEL,center,False,
2025-02-09 07:00:00,10.8,989.7,86.0,AWS-DEL-011,Delhi,DEL,center,False,
2025-02-09 08:00:00,12.9,990.7,76.0,AWS-DEL-011,Delhi,DEL,center,False,
2025-02-09 09:00:00,15.9,991.8,63.0,AWS-DEL-011,Delhi,DEL,center,False,
2025-02-09 10:00:00,19.0,992.0,50.0,AWS-DEL-011,Delhi,DEL,center,False,
2025-02-09 11:00:00,21.8,991.7,38.0,AWS-DEL-011,Delhi,DEL,center,False,
2025-02-09 12:00:00,23.8,990.8,29.0,AWS-DEL-011,Delhi,DEL,center,False,
2025-02-09 13:00:00,24.8,989.6,25.0,AWS-DEL-011,Delhi,DEL,center,False,
2025-02-09 14:00:00,25.2,988.8,26.0,AWS-DEL-011,Delhi,DEL,center,False,
2025-02-09 15:00:00,24.9,988.2,28.0,AWS-DEL-011,Delhi,DEL,center,False,
2025-02-09 16:00:00,24.1,988.0,32.0,AWS-DEL-011,Delhi,DEL,center,False,
2025-02-09 17:00:00,22.5,987.8,41.0,AWS-DEL-011,Delhi,DEL,center,False,
2025-02-09 18:00:00,20.9,988.0,50.0,AWS-DEL-011,Delhi,DEL,center,False,
2025-02-09 19:00:00,19.5,988.5,59.0,AWS-DEL-011,Delhi,DEL,center,False,
2025-02-09 20:00:00,18.6,988.9,65.0,AWS-DEL-011,Delhi,DEL,center,False,
2025-02-09 21:00:00,17.9,989.2,68.0,AWS-DEL-011,Delhi,DEL,center,False,
2025-02-09 22:00:00,17.3,989.1,71.0,AWS-DEL-011,Delhi,DEL,center,False,
2025-02-09 23:00:00,16.8,988.7,73.0,AWS-DEL-011,Delhi,DEL,center,False,
2025-02-10 00:00:00,15.9,988.2,76.0,AWS-DEL-011,Delhi,DEL,center,False,
2025-02-10 01:00:00,14.7,987.9,81.0,AWS-DEL-011,Delhi,DEL,center,False,
2025-02-10 02:00:00,13.7,987.5,84.0,AWS-DEL-011,Delhi,DEL,center,False,
2025-02-10 03:00:00,12.9,987.3,86.0,AWS-DEL-011,Delhi,DEL,center,False,
2025-02-10 04:00:00,12.3,986.9,87.0,AWS-DEL-011,Delhi,DEL,center,False,
2025-02-10 05:00:00,21.679206756823937,987.0945440742494,100.0,AWS-DEL-011,Delhi,DEL,center,True,multivariate_inconsistency
2025-02-10 06:00:00,21.579206756823936,988.6093227247026,100.0,AWS-DEL-011,Delhi,DEL,center,True,multivariate_inconsistency
2025-02-10 07:00:00,21.679206756823937,988.9261127578734,100.0,AWS-DEL-011,Delhi,DEL,center,True,multivariate_inconsistency
2025-02-10 08:00:00,13.9,989.8,81.0,AWS-DEL-011,Delhi,DEL,center,False,
2025-02-10 09:00:00,17.5,991.0,65.0,AWS-DEL-011,Delhi,DEL,center,False,
2025-02-10 10:00:00,21.4,991.7,48.0,AWS-DEL-011,Delhi,DEL,center,False,
2025-02-10 11:00:00,24.4,991.4,31.0,AWS-DEL-011,Delhi,DEL,center,False,
2025-02-10 12:00:00,26.2,990.7,24.0,AWS-DEL-011,Delhi,DEL,center,False,
2025-02-10 13:00:00,26.8,989.5,22.0,AWS-DEL-011,Delhi,DEL,center,False,
2025-02-10 14:00:00,27.2,988.8,21.0,AWS-DEL-011,Delhi,DEL,center,False,
2025-02-10 15:00:00,27.2,988.2,22.0,AWS-DEL-011,Delhi,DEL,center,False,
2025-02-10 16:00:00,26.6,988.1,23.0,AWS-DEL-011,Delhi,DEL,center,False,
2025-02-10 17:00:00,25.1,987.9,29.0,AWS-DEL-011,Delhi,DEL,center,False,
2025-02-10 18:00:00,32.57053189445552,988.4899901176456,88.22212440588494,AWS-DEL-011,Delhi,DEL,center,True,multivariate_inconsistency
2025-02-10 19:00:00,31.370531894455524,988.5165758303283,100.0,AWS-DEL-011,Delhi,DEL,center,True,multivariate_inconsistency
2025-02-10 20:00:00,30.770531894455523,989.6280280250503,100.0,AWS-DEL-011,Delhi,DEL,center,True,multivariate_inconsistency
2025-02-10 21:00:00,29.870531894455524,989.3369783818981,100.0,AWS-DEL-011,Delhi,DEL,center,True,multivariate_inconsistency
2025-02-10 22:00:00,28.97053189445552,989.1666378354705,100.0,AWS-DEL-011,Delhi,DEL,center,True,multivariate_inconsistency
2025-02-10 23:00:00,17.9,989.4,74.0,AWS-DEL-011,Delhi,DEL,center,False,
2025-02-11 00:00:00,17.3,988.9,77.0,AWS-DEL-011,Delhi,DEL,center,False,
2025-02-11 01:00:00,16.6,988.2,79.0,AWS-DEL-011,Delhi,DEL,center,False,
2025-02-11 02:00:00,16.4,987.5,80.0,AWS-DEL-011,Delhi,DEL,center,False,
2025-02-11 03:00:00,16.4,987.4,78.0,AWS-DEL-011,Delhi,DEL,center,False,
2025-02-11 04:00:00,15.3,987.2,82.0,AWS-DEL-011,Delhi,DEL,center,False,
2025-02-11 05:00:00,14.4,987.5,86.0,AWS-DEL-011,Delhi,DEL,center,False,
2025-02-11 06:00:00,12.8,988.2,90.0,AWS-DEL-011,Delhi,DEL,center,False,
2025-02-11 07:00:00,12.3,988.5,93.0,AWS-DEL-011,Delhi,DEL,center,False,
2025-02-11 08:00:00,14.3,989.4,83.0,AWS-DEL-011,Delhi,DEL,center,False,
2025-02-11 09:00:00,18.2,990.5,68.0,AWS-DEL-011,Delhi,DEL,center,False,
2025-02-11 10:00:00,22.0,991.1,51.0,AWS-DEL-011,Delhi,DEL,center,False,
2025-02-11 11:00:00,24.6,990.6,41.0,AWS-DEL-011,Delhi,DEL,center,False,
2025-02-11 12:00:00,26.2,989.8,37.0,AWS-DEL-011,Delhi,DEL,center,False,
2025-02-11 13:00:00,27.3,988.8,32.0,AWS-DEL-011,Delhi,DEL,center,False,
2025-02-11 14:00:00,27.9,987.9,25.0,AWS-DEL-011,Delhi,DEL,center,False,
2025-02-11 15:00:00,27.7,987.2,25.0,AWS-DEL-011,Delhi,DEL,center,False,
2025-02-11 16:00:00,26.5,987.0,32.0,AWS-DEL-011,Delhi,DEL,center,False,
2025-02-11 17:00:00,24.9,987.0,40.0,AWS-DEL-011,Delhi,DEL,center,False,
2025-02-11 18:00:00,23.5,987.0,44.0,AWS-DEL-011,Delhi,DEL,center,False,
2025-02-11 19:00:00,22.5,987.5,52.0,AWS-DEL-011,Delhi,DEL,center,False,
2025-02-11 20:00:00,21.4,987.8,56.0,AWS-DEL-011,Delhi,DEL,center,False,
2025-02-11 21:00:00,20.5,988.1,58.0,AWS-DEL-011,Delhi,DEL,center,False,
2025-02-11 22:00:00,19.3,988.6,66.0,AWS-DEL-011,Delhi,DEL,center,False,
2025-02-11 23:00:00,18.4,988.4,69.0,AWS-DEL-011,Delhi,DEL,center,False,
2025-02-12 00:00:00,18.3,988.3,67.0,AWS-DEL-011,Delhi,DEL,center,False,
2025-02-12 01:00:00,17.1,988.0,70.0,AWS-DEL-011,Delhi,DEL,center,False,
2025-02-12 02:00:00,15.9,987.5,71.0,AWS-DEL-011,Delhi,DEL,center,False,
2025-02-12 03:00:00,15.3,987.1,72.0,AWS-DEL-011,Delhi,DEL,center,False,
2025-02-12 04:00:00,14.6,987.2,72.0,AWS-DEL-011,Delhi,DEL,center,True,frozen_value
2025-02-12 05:00:00,14.1,987.1966755134306,71.0,AWS-DEL-011,Delhi,DEL,center,True,frozen_value
2025-02-12 06:00:00,13.8,987.1976133719239,81.0,AWS-DEL-011,Delhi,DEL,center,True,frozen_value
2025-02-12 07:00:00,13.6,987.1924874352035,79.0,AWS-DEL-011,Delhi,DEL,center,True,frozen_value
2025-02-12 08:00:00,15.2,987.205258565555,70.0,AWS-DEL-011,Delhi,DEL,center,True,frozen_value
2025-02-12 09:00:00,17.8,987.1975634008381,59.0,AWS-DEL-011,Delhi,DEL,center,True,frozen_value
2025-02-12 10:00:00,20.6,987.2034659637367,47.0,AWS-DEL-011,Delhi,DEL,center,True,frozen_value
2025-02-12 11:00:00,23.3,987.2008260293442,36.0,AWS-DEL-011,Delhi,DEL,center,True,frozen_value
2025-02-12 12:00:00,24.9,987.195624430503,27.0,AWS-DEL-011,Delhi,DEL,center,True,frozen_value
2025-02-12 13:00:00,25.3,987.2000019934936,25.0,AWS-DEL-011,Delhi,DEL,center,True,frozen_value
2025-02-12 14:00:00,25.3,987.2105443395819,24.0,AWS-DEL-011,Delhi,DEL,center,True,frozen_value
2025-02-12 15:00:00,24.8,987.2035421862971,24.0,AWS-DEL-011,Delhi,DEL,center,True,frozen_value
2025-02-12 16:00:00,23.8,988.9,29.0,AWS-DEL-011,Delhi,DEL,center,False,
2025-02-12 17:00:00,22.5,988.9,36.0,AWS-DEL-011,Delhi,DEL,center,False,
2025-02-12 18:00:00,21.3,989.5,44.0,AWS-DEL-011,Delhi,DEL,center,False,
2025-02-12 19:00:00,20.3,990.1,49.0,AWS-DEL-011,Delhi,DEL,center,False,
2025-02-12 20:00:00,19.7,990.4,46.0,AWS-DEL-011,Delhi,DEL,center,False,
2025-02-12 21:00:00,19.0,990.8,46.0,AWS-DEL-011,Delhi,DEL,center,False,
2025-02-12 22:00:00,18.3,991.1,45.0,AWS-DEL-011,Delhi,DEL,center,False,
2025-02-12 23:00:00,17.8,990.7,43.0,AWS-DEL-011,Delhi,DEL,center,False,
2025-02-13 00:00:00,17.2,990.4,43.0,AWS-DEL-011,Delhi,DEL,center,False,
2025-02-13 01:00:00,16.6,990.2,45.0,AWS-DEL-011,Delhi,DEL,center,False,
2025-02-13 02:00:00,16.0,989.8,46.0,AWS-DEL-011,Delhi,DEL,center,False,
2025-02-13 03:00:00,15.3,989.4,51.0,AWS-DEL-011,Delhi,DEL,center,False,
2025-02-13 04:00:00,14.7,988.9,55.0,AWS-DEL-011,Delhi,DEL,center,False,
2025-02-13 05:00:00,14.3,989.0,57.0,AWS-DEL-011,Delhi,DEL,center,False,
2025-02-13 06:00:00,13.9,989.2,66.0,AWS-DEL-011,Delhi,DEL,center,False,
2025-02-13 07:00:00,13.7,990.0,66.0,AWS-DEL-011,Delhi,DEL,center,False,
2025-02-13 08:00:00,14.6,991.1,66.0,AWS-DEL-011,Delhi,DEL,center,False,
2025-02-13 09:00:00,16.6,991.8,60.0,AWS-DEL-011,Delhi,DEL,center,False,
2025-02-13 10:00:00,19.0,992.1,52.0,AWS-DEL-011,Delhi,DEL,center,False,
2025-02-13 11:00:00,21.0,991.9,42.0,AWS-DEL-011,Delhi,DEL,center,False,
2025-02-13 12:00:00,22.3,990.9,37.0,AWS-DEL-011,Delhi,DEL,center,False,
2025-02-13 13:00:00,23.2,989.8,32.0,AWS-DEL-011,Delhi,DEL,center,False,
2025-02-13 14:00:00,23.6,980.567360741392,28.0,AWS-DEL-011,Delhi,DEL,center,True,drift
2025-02-13 15:00:00,23.4,979.633848807167,28.0,AWS-DEL-011,Delhi,DEL,center,True,drift
2025-02-13 16:00:00,22.6,979.3003368729422,33.0,AWS-DEL-011,Delhi,DEL,center,True,drift
2025-02-13 17:00:00,21.3,979.1668249387174,39.0,AWS-DEL-011,Delhi,DEL,center,True,drift
2025-02-13 18:00:00,20.5,979.4333130044926,46.0,AWS-DEL-011,Delhi,DEL,center,True,drift
2025-02-13 19:00:00,19.4,979.6998010702678,49.0,AWS-DEL-011,Delhi,DEL,center,True,drift
2025-02-13 20:00:00,18.6,979.8662891360428,48.0,AWS-DEL-011,Delhi,DEL,center,True,drift
2025-02-13 21:00:00,17.9,979.632777201818,46.0,AWS-DEL-011,Delhi,DEL,center,True,drift
2025-02-13 22:00:00,17.3,979.3992652675933,45.0,AWS-DEL-011,Delhi,DEL,center,True,drift
2025-02-13 23:00:00,16.8,978.7657533333684,43.0,AWS-DEL-011,Delhi,DEL,center,True,drift
2025-02-14 00:00:00,16.2,977.9322413991435,42.0,AWS-DEL-011,Delhi,DEL,center,True,drift
2025-02-14 01:00:00,15.5,977.2987294649188,43.0,AWS-DEL-011,Delhi,DEL,center,True,drift
2025-02-14 02:00:00,14.8,976.8652175306939,45.0,AWS-DEL-011,Delhi,DEL,center,True,drift
2025-02-14 03:00:00,14.1,976.4317055964691,47.0,AWS-DEL-011,Delhi,DEL,center,True,drift
2025-02-14 04:00:00,13.4,975.6981936622442,50.0,AWS-DEL-011,Delhi,DEL,center,True,drift
2025-02-14 05:00:00,12.9,975.3646817280194,52.0,AWS-DEL-011,Delhi,DEL,center,True,drift
2025-02-14 06:00:00,12.4,976.0311697937946,61.0,AWS-DEL-011,Delhi,DEL,center,True,drift
2025-02-14 07:00:00,12.3,976.1976578595697,60.0,AWS-DEL-011,Delhi,DEL,center,True,drift
2025-02-14 08:00:00,13.8,976.7641459253449,55.0,AWS-DEL-011,Delhi,DEL,center,True,drift
2025-02-14 09:00:00,16.3,977.5306339911201,48.0,AWS-DEL-011,Delhi,DEL,center,True,drift
2025-02-14 10:00:00,19.0,977.6971220568952,41.0,AWS-DEL-011,Delhi,DEL,center,True,drift
2025-02-14 11:00:00,21.4,976.8636101226704,34.0,AWS-DEL-011,Delhi,DEL,center,True,drift
2025-02-14 12:00:00,23.2,975.6300981884456,27.0,AWS-DEL-011,Delhi,DEL,center,True,drift
2025-02-14 13:00:00,24.2,974.1965862542207,27.0,AWS-DEL-011,Delhi,DEL,center,True,drift
2025-02-14 14:00:00,24.6,973.063074319996,27.0,AWS-DEL-011,Delhi,DEL,center,True,drift
2025-02-14 15:00:00,24.5,972.1295623857711,28.0,AWS-DEL-011,Delhi,DEL,center,True,drift
2025-02-14 16:00:00,24.0,971.5960504515463,30.0,AWS-DEL-011,Delhi,DEL,center,True,drift
2025-02-14 17:00:00,22.7,971.2625385173214,36.0,AWS-DEL-011,Delhi,DEL,center,True,drift
2025-02-14 18:00:00,21.7,971.2290265830965,41.0,AWS-DEL-011,Delhi,DEL,center,True,drift
2025-02-14 19:00:00,20.9,971.5955146488717,44.0,AWS-DEL-011,Delhi,DEL,center,True,drift
2025-02-14 20:00:00,20.2,971.662002714647,44.0,AWS-DEL-011,Delhi,DEL,center,True,drift
2025-02-14 21:00:00,19.6,971.528490780422,43.0,AWS-DEL-011,Delhi,DEL,center,True,drift
2025-02-14 22:00:00,18.8,987.2,44.0,AWS-DEL-011,Delhi,DEL,center,False,
2025-02-14 23:00:00,17.8,986.8,48.0,AWS-DEL-011,Delhi,DEL,center,False,
2025-02-15 00:00:00,16.9,986.0,52.0,AWS-DEL-011,Delhi,DEL,center,False,
2025-02-15 01:00:00,16.1,985.5,56.0,AWS-DEL-011,Delhi,DEL,center,False,
2025-02-15 02:00:00,15.6,984.6,60.0,AWS-DEL-011,Delhi,DEL,center,False,
2025-02-15 03:00:00,15.0,984.3,60.0,AWS-DEL-011,Delhi,DEL,center,False,
2025-02-15 04:00:00,14.2,984.1,66.0,AWS-DEL-011,Delhi,DEL,center,False,
2025-02-15 05:00:00,14.0,983.9,68.0,AWS-DEL-011,Delhi,DEL,center,False,
2025-02-15 06:00:00,13.0,985.0,74.0,AWS-DEL-011,Delhi,DEL,center,False,
2025-02-15 07:00:00,13.3,986.0,73.0,AWS-DEL-011,Delhi,DEL,center,False,
2025-02-15 08:00:00,15.8,986.7,61.0,AWS-DEL-011,Delhi,DEL,center,False,
2025-02-15 09:00:00,19.6,987.7,46.0,AWS-DEL-011,Delhi,DEL,center,False,
2025-02-15 10:00:00,22.9,988.0,35.0,AWS-DEL-011,Delhi,DEL,center,False,
2025-02-15 11:00:00,25.1,987.6,27.0,AWS-DEL-011,Delhi,DEL,center,False,
2025-02-15 12:00:00,25.6,986.8,27.0,AWS-DEL-011,Delhi,DEL,center,False,
2025-02-15 13:00:00,25.6,986.1,27.0,AWS-DEL-011,Delhi,DEL,center,False,
2025-02-15 14:00:00,25.6,985.4,26.0,AWS-DEL-011,Delhi,DEL,center,False,
2025-02-15 15:00:00,32.12642991607519,976.6207205947877,40.46939156045422,AWS-DEL-011,Delhi,DEL,center,True,unstructured_anomaly
2025-02-15 16:00:00,18.67115085671277,991.4422908424583,46.40445901859013,AWS-DEL-011,Delhi,DEL,center,True,unstructured_anomaly
2025-02-15 17:00:00,18.235513313348875,992.6436475694269,15.0,AWS-DEL-011,Delhi,DEL,center,True,unstructured_anomaly
2025-02-15 18:00:00,17.708005644896005,993.6799419137067,45.48013586269063,AWS-DEL-011,Delhi,DEL,center,True,unstructured_anomaly
2025-02-15 19:00:00,28.196678387792552,979.4893055276868,53.66810607795915,AWS-DEL-011,Delhi,DEL,center,True,unstructured_anomaly
2025-02-15 20:00:00,28.24001103841961,978.397771850952,61.53493358408467,AWS-DEL-011,Delhi,DEL,center,True,unstructured_anomaly
2025-02-15 21:00:00,20.2,987.1,49.0,AWS-DEL-011,Delhi,DEL,center,False,
2025-02-15 22:00:00,19.1,986.9,50.0,AWS-DEL-011,Delhi,DEL,center,False,
2025-02-15 23:00:00,18.1,986.7,53.0,AWS-DEL-011,Delhi,DEL,center,False,
2025-02-16 00:00:00,17.5,986.2,57.0,AWS-DEL-011,Delhi,DEL,center,False,
2025-02-16 01:00:00,17.2,986.2,59.0,AWS-DEL-011,Delhi,DEL,center,False,
2025-02-16 02:00:00,17.3,985.9,59.0,AWS-DEL-011,Delhi,DEL,center,False,
2025-02-16 03:00:00,15.8,985.8,63.0,AWS-DEL-011,Delhi,DEL,center,False,
2025-02-16 04:00:00,15.4,985.7,65.0,AWS-DEL-011,Delhi,DEL,center,False,
2025-02-16 05:00:00,14.8,985.6,68.0,AWS-DEL-011,Delhi,DEL,center,False,
2025-02-16 06:00:00,13.5,987.1,79.0,AWS-DEL-011,Delhi,DEL,center,False,
2025-02-16 07:00:00,13.6,987.6,81.0,AWS-DEL-011,Delhi,DEL,center,False,
2025-02-16 08:00:00,,988.5,69.0,AWS-DEL-011,Delhi,DEL,center,True,dropout
2025-02-16 09:00:00,19.5,989.4,56.0,AWS-DEL-011,Delhi,DEL,center,False,
2025-02-16 10:00:00,22.5,989.6,44.0,AWS-DEL-011,Delhi,DEL,center,False,
2025-02-16 11:00:00,24.6,989.2,34.0,AWS-DEL-011,Delhi,DEL,center,False,
2025-02-16 12:00:00,25.8,988.6,30.0,AWS-DEL-011,Delhi,DEL,center,False,
2025-02-16 13:00:00,26.4,987.4,29.0,AWS-DEL-011,Delhi,DEL,center,False,
2025-02-16 14:00:00,26.6,986.5,30.0,AWS-DEL-011,Delhi,DEL,center,False,
2025-02-16 15:00:00,26.5,986.0,30.0,AWS-DEL-011,Delhi,DEL,center,False,
2025-02-16 16:00:00,26.0,986.2,18.71471471119765,AWS-DEL-011,Delhi,DEL,center,True,drift
2025-02-16 17:00:00,24.9,986.7,22.504000355451918,AWS-DEL-011,Delhi,DEL,center,True,drift
2025-02-16 18:00:00,23.8,987.3,26.214979712985432,AWS-DEL-011,Delhi,DEL,center,True,drift
2025-02-16 19:00:00,22.5,988.3,33.886529632210284,AWS-DEL-011,Delhi,DEL,center,True,drift
2025-02-16 20:00:00,21.5,988.7,38.529531729457574,AWS-DEL-011,Delhi,DEL,center,True,drift
2025-02-16 21:00:00,20.2,989.2,44.14968302282714,AWS-DEL-011,Delhi,DEL,center,True,drift
2025-02-16 22:00:00,19.0,989.5,48.75057198583651,AWS-DEL-011,Delhi,DEL,center,True,drift
2025-02-16 23:00:00,18.1,989.5,53.33469611159691,AWS-DEL-011,Delhi,DEL,center,True,drift
2025-02-17 00:00:00,17.4,989.4,54.90390757295158,AWS-DEL-011,Delhi,DEL,center,True,drift
2025-02-17 01:00:00,17.0,989.0,56.45964211479146,AWS-DEL-011,Delhi,DEL,center,True,drift
2025-02-17 02:00:00,16.7,988.7,58.00304966957296,AWS-DEL-011,Delhi,DEL,center,True,drift
2025-02-17 03:00:00,16.9,988.4,56.53507474096283,AWS-DEL-011,Delhi,DEL,center,True,drift
2025-02-17 04:00:00,16.5,988.6,58.056508781786164,AWS-DEL-011,Delhi,DEL,center,True,drift
2025-02-17 05:00:00,16.7,988.4,57.56802588834674,AWS-DEL-011,Delhi,DEL,center,True,drift
2025-02-17 06:00:00,16.4,989.6,60.070208021526554,AWS-DEL-011,Delhi,DEL,center,True,drift
2025-02-17 07:00:00,16.2,990.3,61.563563367646516,AWS-DEL-011,Delhi,DEL,center,True,drift
2025-02-17 08:00:00,18.1,991.4,50.04854004438337,AWS-DEL-011,Delhi,DEL,center,True,drift
2025-02-17 09:00:00,20.6,992.5,36.525536552750985,AWS-DEL-011,Delhi,DEL,center,True,drift
2025-02-17 10:00:00,23.4,992.6,41.0,AWS-DEL-011,Delhi,DEL,center,False,
2025-02-17 11:00:00,25.6,992.4,31.0,AWS-DEL-011,Delhi,DEL,center,False,
2025-02-17 12:00:00,27.0,991.9,26.0,AWS-DEL-011,Delhi,DEL,center,False,
2025-02-17 13:00:00,28.1,990.8,21.0,AWS-DEL-011,Delhi,DEL,center,False,
2025-02-17 14:00:00,28.7,989.8,19.0,AWS-DEL-011,Delhi,DEL,center,False,
2025-02-17 15:00:00,28.8,989.4,19.0,AWS-DEL-011,Delhi,DEL,center,False,
2025-02-17 16:00:00,28.0,989.2,23.0,AWS-DEL-011,Delhi,DEL,center,False,
2025-02-17 17:00:00,26.4,989.1,29.0,AWS-DEL-011,Delhi,DEL,center,False,
2025-02-17 18:00:00,24.5,989.7,31.0,AWS-DEL-011,Delhi,DEL,center,False,
2025-02-17 19:00:00,23.3,990.3,42.0,AWS-DEL-011,Delhi,DEL,center,False,
2025-02-17 20:00:00,22.4,990.6,49.0,AWS-DEL-011,Delhi,DEL,center,False,
2025-02-17 21:00:00,21.4,990.9,52.0,AWS-DEL-011,Delhi,DEL,center,False,
2025-02-17 22:00:00,20.6,991.0,59.0,AWS-DEL-011,Delhi,DEL,center,False,
2025-02-17 23:00:00,19.4,991.1,65.0,AWS-DEL-011,Delhi,DEL,center,False,
2025-02-18 00:00:00,19.8,990.6,64.0,AWS-DEL-011,Delhi,DEL,center,False,
2025-02-18 01:00:00,19.3,989.8,65.0,AWS-DEL-011,Delhi,DEL,center,False,
2025-02-18 02:00:00,18.1,989.1,67.0,AWS-DEL-011,Delhi,DEL,center,False,
2025-02-18 03:00:00,18.2,988.6,63.0,AWS-DEL-011,Delhi,DEL,center,False,
2025-02-18 04:00:00,17.1,988.4,69.0,AWS-DEL-011,Delhi,DEL,center,False,
2025-02-18 05:00:00,17.3,988.3,70.0,AWS-DEL-011,Delhi,DEL,center,False,
2025-02-18 06:00:00,25.48568905913762,988.9373368704995,100.0,AWS-DEL-011,Delhi,DEL,center,True,multivariate_inconsistency
2025-02-18 07:00:00,25.285689059137624,990.3281029413791,100.0,AWS-DEL-011,Delhi,DEL,center,True,multivariate_inconsistency
2025-02-18 08:00:00,27.38568905913762,990.4549435557641,100.0,AWS-DEL-011,Delhi,DEL,center,True,multivariate_inconsistency
2025-02-18 09:00:00,28.285689059137624,991.4485648251083,100.0,AWS-DEL-011,Delhi,DEL,center,True,multivariate_inconsistency
2025-02-18 10:00:00,21.0,992.3,58.0,AWS-DEL-011,Delhi,DEL,center,False,
2025-02-18 11:00:00,22.0,992.4,53.0,AWS-DEL-011,Delhi,DEL,center,False,
2025-02-18 12:00:00,23.3,991.5,45.0,AWS-DEL-011,Delhi,DEL,center,False,
2025-02-18 13:00:00,24.8,990.2,35.0,AWS-DEL-011,Delhi,DEL,center,False,
2025-02-18 14:00:00,26.3,989.1,29.0,AWS-DEL-011,Delhi,DEL,center,False,
2025-02-18 15:00:00,26.4,988.6,27.0,AWS-DEL-011,Delhi,DEL,center,False,
2025-02-18 16:00:00,25.9,988.4,26.0,AWS-DEL-011,Delhi,DEL,center,False,
2025-02-18 17:00:00,24.8,988.5,30.0,AWS-DEL-011,Delhi,DEL,center,False,
2025-02-18 18:00:00,23.4,989.0,36.0,AWS-DEL-011,Delhi,DEL,center,False,
2025-02-18 19:00:00,22.0,989.3,46.0,AWS-DEL-011,Delhi,DEL,center,False,
2025-02-18 20:00:00,21.3,989.7,52.0,AWS-DEL-011,Delhi,DEL,center,False,
2025-02-18 21:00:00,20.8,989.8,55.0,AWS-DEL-011,Delhi,DEL,center,False,
2025-02-18 22:00:00,19.9,990.0,56.0,AWS-DEL-011,Delhi,DEL,center,False,
2025-02-18 23:00:00,18.9,989.6,59.0,AWS-DEL-011,Delhi,DEL,center,False,
2025-02-19 00:00:00,17.9,989.1,61.0,AWS-DEL-011,Delhi,DEL,center,False,
2025-02-19 01:00:00,17.0,988.7,63.0,AWS-DEL-011,Delhi,DEL,center,False,
2025-02-19 02:00:00,16.2,988.3,66.0,AWS-DEL-011,Delhi,DEL,center,False,
2025-02-19 03:00:00,10.12056007716101,996.3091317979575,84.09191618920408,AWS-DEL-011,Delhi,DEL,center,True,unstructured_anomaly
2025-02-19 04:00:00,21.38659060982083,979.8409098784424,51.78914671398621,AWS-DEL-011,Delhi,DEL,center,True,unstructured_anomaly
2025-02-19 05:00:00,7.795611644615692,996.1881272500837,53.29370808224188,AWS-DEL-011,Delhi,DEL,center,True,unstructured_anomaly
2025-02-19 06:00:00,20.518618824772688,980.0704801915797,90.66634847910686,AWS-DEL-011,Delhi,DEL,center,True,unstructured_anomaly
2025-02-19 07:00:00,7.357400595508703,995.6566904248918,60.08746406417312,AWS-DEL-011,Delhi,DEL,center,True,unstructured_anomaly
2025-02-19 08:00:00,16.1,989.8,68.0,AWS-DEL-011,Delhi,DEL,center,False,
2025-02-19 09:00:00,19.2,990.7,56.0,AWS-DEL-011,Delhi,DEL,center,False,
2025-02-19 10:00:00,21.9,990.7,45.0,AWS-DEL-011,Delhi,DEL,center,False,
2025-02-19 11:00:00,24.3,990.3,36.0,AWS-DEL-011,Delhi,DEL,center,False,
2025-02-19 12:00:00,25.7,988.9,29.0,AWS-DEL-011,Delhi,DEL,center,False,
2025-02-19 13:00:00,26.6,987.3,26.0,AWS-DEL-011,Delhi,DEL,center,False,
2025-02-19 14:00:00,55.83409746180041,985.9,25.0,AWS-DEL-011,Delhi,DEL,center,True,spike
2025-02-19 15:00:00,35.09794969966693,985.7,26.0,AWS-DEL-011,Delhi,DEL,center,True,spike
2025-02-19 16:00:00,28.774279242664427,985.5,28.0,AWS-DEL-011,Delhi,DEL,center,True,spike
2025-02-19 17:00:00,25.5,985.7,31.0,AWS-DEL-011,Delhi,DEL,center,False,
2025-02-19 18:00:00,24.1,986.8,38.0,AWS-DEL-011,Delhi,DEL,center,False,
2025-02-19 19:00:00,23.7,987.4,42.0,AWS-DEL-011,Delhi,DEL,center,False,
2025-02-19 20:00:00,22.8,987.8,49.0,AWS-DEL-011,Delhi,DEL,center,False,
2025-02-19 21:00:00,21.8,989.2,49.0,AWS-DEL-011,Delhi,DEL,center,False,
2025-02-19 22:00:00,20.0,988.6,61.0,AWS-DEL-011,Delhi,DEL,center,False,
2025-02-19 23:00:00,18.2,987.9,72.0,AWS-DEL-011,Delhi,DEL,center,False,
2025-02-20 00:00:00,18.2,987.8,73.0,AWS-DEL-011,Delhi,DEL,center,False,
2025-02-20 01:00:00,17.0,987.4,78.0,AWS-DEL-011,Delhi,DEL,center,False,
2025-02-20 02:00:00,16.9,986.7,75.0,AWS-DEL-011,Delhi,DEL,center,False,
2025-02-20 03:00:00,16.4,987.1,79.0,AWS-DEL-011,Delhi,DEL,center,False,
2025-02-20 04:00:00,15.9,987.2,86.0,AWS-DEL-011,Delhi,DEL,center,False,
2025-02-20 05:00:00,15.1,987.3,83.0,AWS-DEL-011,Delhi,DEL,center,False,
2025-02-20 06:00:00,16.3,987.8,87.0,AWS-DEL-011,Delhi,DEL,center,False,
2025-02-20 07:00:00,16.4,988.8,82.0,AWS-DEL-011,Delhi,DEL,center,False,
2025-02-20 08:00:00,17.9,989.4,73.0,AWS-DEL-011,Delhi,DEL,center,False,
2025-02-20 09:00:00,19.8,990.6,64.0,AWS-DEL-011,Delhi,DEL,center,False,
2025-02-20 10:00:00,26.373913580629544,983.1727428029465,44.47791166243364,AWS-DEL-011,Delhi,DEL,center,True,unstructured_anomaly
2025-02-20 11:00:00,14.988965216042025,998.3614915305992,41.41073635847681,AWS-DEL-011,Delhi,DEL,center,True,unstructured_anomaly
2025-02-20 12:00:00,15.95670204183688,997.607613241294,74.21587579208835,AWS-DEL-011,Delhi,DEL,center,True,unstructured_anomaly
2025-02-20 13:00:00,16.307980892237246,996.5951089979885,37.23749271348307,AWS-DEL-011,Delhi,DEL,center,True,unstructured_anomaly
2025-02-20 14:00:00,29.20185083335638,981.701932593621,63.502839280088246,AWS-DEL-011,Delhi,DEL,center,True,unstructured_anomaly
2025-02-20 15:00:00,17.276770022197013,994.6410768584974,30.34362143254899,AWS-DEL-011,Delhi,DEL,center,True,unstructured_anomaly
2025-02-20 16:00:00,17.168668672004696,995.3680679403182,65.63451050067881,AWS-DEL-011,Delhi,DEL,center,True,unstructured_anomaly
2025-02-20 17:00:00,21.9,988.2,54.0,AWS-DEL-011,Delhi,DEL,center,False,
2025-02-20 18:00:00,21.0,988.2,61.0,AWS-DEL-011,Delhi,DEL,center,False,
2025-02-20 19:00:00,20.0,988.5,67.0,AWS-DEL-011,Delhi,DEL,center,False,
2025-02-20 20:00:00,19.6,989.3,67.0,AWS-DEL-011,Delhi,DEL,center,False,
2025-02-20 21:00:00,15.9,990.5,89.0,AWS-DEL-011,Delhi,DEL,center,False,
2025-02-20 22:00:00,16.2,990.8,87.0,AWS-DEL-011,Delhi,DEL,center,False,
2025-02-20 23:00:00,16.1,991.0,87.0,AWS-DEL-011,Delhi,DEL,center,False,
2025-02-21 00:00:00,15.6,991.3,88.0,AWS-DEL-011,Delhi,DEL,center,False,
2025-02-21 01:00:00,15.3,991.3,90.0,AWS-DEL-011,Delhi,DEL,center,False,
2025-02-21 02:00:00,14.8,991.1,91.0,AWS-DEL-011,Delhi,DEL,center,False,
2025-02-21 03:00:00,14.4,990.9,93.0,AWS-DEL-011,Delhi,DEL,center,False,
2025-02-21 04:00:00,14.2,990.7,93.0,AWS-DEL-011,Delhi,DEL,center,False,
2025-02-21 05:00:00,13.7,990.9,93.0,AWS-DEL-011,Delhi,DEL,center,False,
2025-02-21 06:00:00,14.3,991.5,90.0,AWS-DEL-011,Delhi,DEL,center,False,
2025-02-21 07:00:00,14.5,992.4,89.0,AWS-DEL-011,Delhi,DEL,center,False,
2025-02-21 08:00:00,16.1,993.1,82.0,AWS-DEL-011,Delhi,DEL,center,False,
2025-02-21 09:00:00,18.2,993.9,71.0,AWS-DEL-011,Delhi,DEL,center,False,
2025-02-21 10:00:00,20.5,994.2,62.0,AWS-DEL-011,Delhi,DEL,center,False,
2025-02-21 11:00:00,22.5,994.0,53.0,AWS-DEL-011,Delhi,DEL,center,False,
2025-02-21 12:00:00,23.7,993.0,49.0,AWS-DEL-011,Delhi,DEL,center,False,
2025-02-21 13:00:00,24.6,991.8,47.0,AWS-DEL-011,Delhi,DEL,center,False,
2025-02-21 14:00:00,25.1,991.0,44.0,AWS-DEL-011,Delhi,DEL,center,False,
2025-02-21 15:00:00,24.9,990.4,44.0,AWS-DEL-011,Delhi,DEL,center,False,
2025-02-21 16:00:00,24.1,990.3,46.0,AWS-DEL-011,Delhi,DEL,center,False,
2025-02-21 17:00:00,22.7,990.4,52.0,AWS-DEL-011,Delhi,DEL,center,False,
2025-02-21 18:00:00,21.7,991.1,58.0,AWS-DEL-011,Delhi,DEL,center,False,
2025-02-21 19:00:00,20.8,991.5,65.0,AWS-DEL-011,Delhi,DEL,center,False,
2025-02-21 20:00:00,19.9,992.1,70.0,AWS-DEL-011,Delhi,DEL,center,False,
2025-02-21 21:00:00,18.9,992.2,75.0,AWS-DEL-011,Delhi,DEL,center,False,
2025-02-21 22:00:00,18.0,992.3,80.0,AWS-DEL-011,Delhi,DEL,center,False,
2025-02-21 23:00:00,17.1,991.9,84.0,AWS-DEL-011,Delhi,DEL,center,False,
2025-02-22 00:00:00,16.3,991.2,86.0,AWS-DEL-011,Delhi,DEL,center,False,
2025-02-22 01:00:00,15.8,990.9,85.0,AWS-DEL-011,Delhi,DEL,center,False,
2025-02-22 02:00:00,15.1,990.3,86.0,AWS-DEL-011,Delhi,DEL,center,False,
2025-02-22 03:00:00,14.6,990.1,87.0,AWS-DEL-011,Delhi,DEL,center,False,
2025-02-22 04:00:00,14.1,990.1,89.0,AWS-DEL-011,Delhi,DEL,center,False,
2025-02-22 05:00:00,13.6,990.2,89.0,AWS-DEL-011,Delhi,DEL,center,False,
2025-02-22 06:00:00,13.5,990.7,92.0,AWS-DEL-011,Delhi,DEL,center,False,
2025-02-22 07:00:00,13.5,991.6,90.0,AWS-DEL-011,Delhi,DEL,center,False,
2025-02-22 08:00:00,15.1,992.4,81.0,AWS-DEL-011,Delhi,DEL,center,False,
2025-02-22 09:00:00,17.3,993.4,69.0,AWS-DEL-011,Delhi,DEL,center,False,
2025-02-22 10:00:00,19.7,993.4,58.0,AWS-DEL-011,Delhi,DEL,center,False,
2025-02-22 11:00:00,21.7,993.2,48.0,AWS-DEL-011,Delhi,DEL,center,False,
2025-02-22 12:00:00,23.0,992.7,43.0,AWS-DEL-011,Delhi,DEL,center,False,
2025-02-22 13:00:00,23.6,991.9,40.0,AWS-DEL-011,Delhi,DEL,center,False,
2025-02-22 14:00:00,23.9,991.3,36.0,AWS-DEL-011,Delhi,DEL,center,False,
2025-02-22 15:00:00,23.8,990.7,37.0,AWS-DEL-011,Delhi,DEL,center,False,
2025-02-22 16:00:00,23.2,990.5,38.0,AWS-DEL-011,Delhi,DEL,center,False,
2025-02-22 17:00:00,22.1,990.5,42.0,AWS-DEL-011,Delhi,DEL,center,False,
2025-02-22 18:00:00,20.4,991.3,53.0,AWS-DEL-011,Delhi,DEL,center,False,
2025-02-22 19:00:00,19.4,992.0,60.0,AWS-DEL-011,Delhi,DEL,center,False,
2025-02-22 20:00:00,18.7,992.6,64.0,AWS-DEL-011,Delhi,DEL,center,False,
2025-02-22 21:00:00,18.0,992.8,68.0,AWS-DEL-011,Delhi,DEL,center,False,
2025-02-22 22:00:00,17.2,992.9,73.0,AWS-DEL-011,Delhi,DEL,center,False,
2025-02-22 23:00:00,16.5,992.4,76.0,AWS-DEL-011,Delhi,DEL,center,False,
2025-02-23 00:00:00,15.9,991.9,78.0,AWS-DEL-011,Delhi,DEL,center,False,
2025-02-23 01:00:00,15.3,991.8,78.0,AWS-DEL-011,Delhi,DEL,center,False,
2025-02-23 02:00:00,14.9,991.5,78.0,AWS-DEL-011,Delhi,DEL,center,False,
2025-02-23 03:00:00,14.5,991.1,80.0,AWS-DEL-011,Delhi,DEL,center,False,
2025-02-23 04:00:00,14.0,991.2,81.0,AWS-DEL-011,Delhi,DEL,center,False,
2025-02-23 05:00:00,13.6,991.5,83.0,AWS-DEL-011,Delhi,DEL,center,False,
2025-02-23 06:00:00,13.3,992.0,87.0,AWS-DEL-011,Delhi,DEL,center,False,
2025-02-23 07:00:00,13.8,992.8,84.0,AWS-DEL-011,Delhi,DEL,center,False,
2025-02-23 08:00:00,15.5,993.8,77.0,AWS-DEL-011,Delhi,DEL,center,False,
2025-02-23 09:00:00,18.0,,66.0,AWS-DEL-011,Delhi,DEL,center,True,dropout
2025-02-23 10:00:00,20.5,995.3,56.0,AWS-DEL-011,Delhi,DEL,center,False,
2025-02-23 11:00:00,22.5,994.9,47.0,AWS-DEL-011,Delhi,DEL,center,False,
2025-02-23 12:00:00,23.8,993.9,41.0,AWS-DEL-011,Delhi,DEL,center,False,
2025-02-23 13:00:00,24.6,992.7,39.0,AWS-DEL-011,Delhi,DEL,center,False,
2025-02-23 14:00:00,-9.0180727677226,991.7,37.0,AWS-DEL-011,Delhi,DEL,center,True,spike
2025-02-23 15:00:00,24.9,991.0,37.0,AWS-DEL-011,Delhi,DEL,center,False,
2025-02-23 16:00:00,24.4,990.9,37.0,AWS-DEL-011,Delhi,DEL,center,False,
2025-02-23 17:00:00,23.3,,40.0,AWS-DEL-011,Delhi,DEL,center,True,dropout
2025-02-23 18:00:00,21.9,991.4,47.0,AWS-DEL-011,Delhi,DEL,center,False,
2025-02-23 19:00:00,,991.9,54.0,AWS-DEL-011,Delhi,DEL,center,True,dropout
2025-02-23 20:00:00,19.5,992.9,59.0,AWS-DEL-011,Delhi,DEL,center,False,
2025-02-23 21:00:00,18.9,993.4,63.0,AWS-DEL-011,Delhi,DEL,center,False,
2025-02-23 22:00:00,18.3,993.5,65.0,AWS-DEL-011,Delhi,DEL,center,False,
2025-02-23 23:00:00,17.8,993.3,66.0,AWS-DEL-011,Delhi,DEL,center,False,
2025-02-24 00:00:00,17.1,992.7,68.0,AWS-DEL-011,Delhi,DEL,center,False,
2025-02-24 01:00:00,16.5,992.3,70.0,AWS-DEL-011,Delhi,DEL,center,False,
2025-02-24 02:00:00,15.9,991.8,73.0,AWS-DEL-011,Delhi,DEL,center,False,
2025-02-24 03:00:00,15.3,991.7,75.0,AWS-DEL-011,Delhi,DEL,center,False,
2025-02-24 04:00:00,14.2,991.6,80.0,AWS-DEL-011,Delhi,DEL,center,False,
2025-02-24 05:00:00,13.3,992.0,83.0,AWS-DEL-011,Delhi,DEL,center,False,
2025-02-24 06:00:00,13.5,993.3,89.0,AWS-DEL-011,Delhi,DEL,center,False,
2025-02-24 07:00:00,13.7,994.0,87.0,AWS-DEL-011,Delhi,DEL,center,False,
2025-02-24 08:00:00,16.1,994.9,75.0,AWS-DEL-011,Delhi,DEL,center,False,
2025-02-24 09:00:00,19.4,996.1,59.0,AWS-DEL-011,Delhi,DEL,center,False,
2025-02-24 10:00:00,22.2,996.2,49.0,AWS-DEL-011,Delhi,DEL,center,False,
2025-02-24 11:00:00,24.3,995.9,38.0,AWS-DEL-011,Delhi,DEL,center,False,
2025-02-24 12:00:00,25.7,994.9,30.0,AWS-DEL-011,Delhi,DEL,center,False,
2025-02-24 13:00:00,26.5,993.7,27.0,AWS-DEL-011,Delhi,DEL,center,False,
2025-02-24 14:00:00,26.9,992.3,24.0,AWS-DEL-011,Delhi,DEL,center,False,
2025-02-24 15:00:00,26.8,991.8,23.0,AWS-DEL-011,Delhi,DEL,center,False,
2025-02-24 16:00:00,26.1,991.7,24.0,AWS-DEL-011,Delhi,DEL,center,False,
2025-02-24 17:00:00,24.9,992.0,30.0,AWS-DEL-011,Delhi,DEL,center,False,
2025-02-24 18:00:00,23.0,992.9,44.0,AWS-DEL-011,Delhi,DEL,center,False,
2025-02-24 19:00:00,21.6,993.6,54.0,AWS-DEL-011,Delhi,DEL,center,False,
2025-02-24 20:00:00,20.7,994.2,60.0,AWS-DEL-011,Delhi,DEL,center,False,
2025-02-24 21:00:00,20.1,994.3,65.0,AWS-DEL-011,Delhi,DEL,center,False,
2025-02-24 22:00:00,-40.028638438031344,994.0,65.0,AWS-DEL-011,Delhi,DEL,center,True,sensor_fail_low
2025-02-24 23:00:00,-39.96730552745024,993.9,67.0,AWS-DEL-011,Delhi,DEL,center,True,sensor_fail_low
2025-02-25 00:00:00,-39.924138447063825,993.1,68.0,AWS-DEL-011,Delhi,DEL,center,True,sensor_fail_low
2025-02-25 01:00:00,-39.98931603022683,992.7,68.0,AWS-DEL-011,Delhi,DEL,center,True,sensor_fail_low
2025-02-25 02:00:00,16.8,991.9,73.0,AWS-DEL-011,Delhi,DEL,center,False,
2025-02-25 03:00:00,15.9,991.8,77.0,AWS-DEL-011,Delhi,DEL,center,False,
2025-02-25 04:00:00,15.0,991.4,82.0,AWS-DEL-011,Delhi,DEL,center,False,
2025-02-25 05:00:00,14.5,991.4,85.0,AWS-DEL-011,Delhi,DEL,center,False,
2025-02-25 06:00:00,14.4,992.1,89.0,AWS-DEL-011,Delhi,DEL,center,False,
2025-02-25 07:00:00,15.1,992.9,85.0,AWS-DEL-011,Delhi,DEL,center,False,
2025-02-25 08:00:00,17.6,994.0,73.0,AWS-DEL-011,Delhi,DEL,center,False,
2025-02-25 09:00:00,21.0,995.4,58.0,AWS-DEL-011,Delhi,DEL,center,False,
2025-02-25 10:00:00,23.9,978.3926538694943,43.0,AWS-DEL-011,Delhi,DEL,center,True,spike
2025-02-25 11:00:00,25.7,978.2926538694943,32.0,AWS-DEL-011,Delhi,DEL,center,True,spike
2025-02-25 12:00:00,27.1,977.8926538694943,27.0,AWS-DEL-011,Delhi,DEL,center,True,spike
2025-02-25 13:00:00,27.9,976.8926538694943,25.0,AWS-DEL-011,Delhi,DEL,center,True,spike
2025-02-25 14:00:00,28.1,993.5,25.0,AWS-DEL-011,Delhi,DEL,center,False,
2025-02-25 15:00:00,27.6,993.0,26.0,AWS-DEL-011,Delhi,DEL,center,False,
2025-02-25 16:00:00,27.1,993.3,28.0,AWS-DEL-011,Delhi,DEL,center,False,
2025-02-25 17:00:00,26.0,993.1,30.0,AWS-DEL-011,Delhi,DEL,center,False,
2025-02-25 18:00:00,24.2,993.4,43.0,AWS-DEL-011,Delhi,DEL,center,False,
2025-02-25 19:00:00,23.3,994.2,48.0,AWS-DEL-011,Delhi,DEL,center,False,
2025-02-25 20:00:00,22.3,994.5,48.0,AWS-DEL-011,Delhi,DEL,center,False,
2025-02-25 21:00:00,21.7,994.4,51.0,AWS-DEL-011,Delhi,DEL,center,False,
2025-02-25 22:00:00,20.8,994.6,51.0,AWS-DEL-011,Delhi,DEL,center,False,
2025-02-25 23:00:00,20.7,994.0,51.0,AWS-DEL-011,Delhi,DEL,center,False,
2025-02-26 00:00:00,19.9,993.7,58.0,AWS-DEL-011,Delhi,DEL,center,False,
2025-02-26 01:00:00,18.7,993.0,64.0,AWS-DEL-011,Delhi,DEL,center,False,
2025-02-26 02:00:00,18.3,992.5,68.0,AWS-DEL-011,Delhi,DEL,center,False,
2025-02-26 03:00:00,18.2,992.3,69.0,AWS-DEL-011,Delhi,DEL,center,False,
2025-02-26 04:00:00,17.9,993.0,70.0,AWS-DEL-011,Delhi,DEL,center,False,
2025-02-26 05:00:00,18.2,992.2,67.0,AWS-DEL-011,Delhi,DEL,center,False,
2025-02-26 06:00:00,18.7,993.8,73.0,AWS-DEL-011,Delhi,DEL,center,False,
2025-02-26 07:00:00,19.0,994.7,75.0,AWS-DEL-011,Delhi,DEL,center,False,
2025-02-26 08:00:00,19.9,995.2,67.0,AWS-DEL-011,Delhi,DEL,center,False,
2025-02-26 09:00:00,22.8,995.9,56.0,AWS-DEL-011,Delhi,DEL,center,False,
2025-02-26 10:00:00,26.0,996.5,46.0,AWS-DEL-011,Delhi,DEL,center,False,
2025-02-26 11:00:00,20.9285737855299,1002.960796184514,23.221619607881948,AWS-DEL-011,Delhi,DEL,center,True,unstructured_anomaly
2025-02-26 12:00:00,22.336751224519286,1001.8987656536711,53.894197288635645,AWS-DEL-011,Delhi,DEL,center,True,unstructured_anomaly
2025-02-26 13:00:00,23.931655754561575,1000.508970653753,49.151391796280556,AWS-DEL-011,Delhi,DEL,center,True,unstructured_anomaly
2025-02-26 14:00:00,23.67819363214084,999.0759785952437,17.35239712241801,AWS-DEL-011,Delhi,DEL,center,True,unstructured_anomaly
2025-02-26 15:00:00,29.8,991.7,31.0,AWS-DEL-011,Delhi,DEL,center,False,
2025-02-26 16:00:00,29.4,991.6,33.0,AWS-DEL-011,Delhi,DEL,center,False,
2025-02-26 17:00:00,28.2,991.5,39.0,AWS-DEL-011,Delhi,DEL,center,False,
2025-02-26 18:00:00,26.6,992.0,48.0,AWS-DEL-011,Delhi,DEL,center,False,
2025-02-26 19:00:00,25.7,992.6,58.0,AWS-DEL-011,Delhi,DEL,center,False,
2025-02-26 20:00:00,25.3,992.8,60.0,AWS-DEL-011,Delhi,DEL,center,False,
2025-02-26 21:00:00,24.5,992.9,62.0,AWS-DEL-011,Delhi,DEL,center,False,
2025-02-26 22:00:00,23.5,992.4,62.0,AWS-DEL-011,Delhi,DEL,center,False,
2025-02-26 23:00:00,22.6,991.9,66.0,AWS-DEL-011,Delhi,DEL,center,False,
2025-02-27 00:00:00,21.9,991.4,69.0,AWS-DEL-011,Delhi,DEL,center,False,
2025-02-27 01:00:00,21.7,991.0,70.0,AWS-DEL-011,Delhi,DEL,center,False,
2025-02-27 02:00:00,22.2,990.5,68.0,AWS-DEL-011,Delhi,DEL,center,False,
2025-02-27 03:00:00,21.6,990.1,70.0,AWS-DEL-011,Delhi,DEL,center,False,
2025-02-27 04:00:00,20.6,990.3,72.0,AWS-DEL-011,Delhi,DEL,center,False,
2025-02-27 05:00:00,20.6,990.5,69.0,AWS-DEL-011,Delhi,DEL,center,False,
2025-02-27 06:00:00,21.1,990.2,75.0,AWS-DEL-011,Delhi,DEL,center,False,
2025-02-27 07:00:00,21.0,992.5,72.0,AWS-DEL-011,Delhi,DEL,center,False,
2025-02-27 08:00:00,19.1,993.3,73.0,AWS-DEL-011,Delhi,DEL,center,False,
2025-02-27 09:00:00,19.7,993.4,78.0,AWS-DEL-011,Delhi,DEL,center,False,
2025-02-27 10:00:00,20.4,993.3,82.0,AWS-DEL-011,Delhi,DEL,center,False,
2025-02-27 11:00:00,20.2,992.9,84.0,AWS-DEL-011,Delhi,DEL,center,False,
2025-02-27 12:00:00,20.7,992.4,76.0,AWS-DEL-011,Delhi,DEL,center,False,
2025-02-27 13:00:00,22.1,991.0,67.0,AWS-DEL-011,Delhi,DEL,center,False,
2025-02-27 14:00:00,23.4,989.7,62.0,AWS-DEL-011,Delhi,DEL,center,False,
2025-02-27 15:00:00,23.0,989.0,63.0,AWS-DEL-011,Delhi,DEL,center,False,
2025-02-27 16:00:00,22.4,989.0,64.0,AWS-DEL-011,Delhi,DEL,center,False,
2025-02-27 17:00:00,22.1,988.7,60.0,AWS-DEL-011,Delhi,DEL,center,False,
2025-02-27 18:00:00,21.7,989.4,62.0,AWS-DEL-011,Delhi,DEL,center,False,
2025-02-27 19:00:00,21.2,989.7,64.0,AWS-DEL-011,Delhi,DEL,center,False,
2025-02-27 20:00:00,20.2,989.9,69.0,AWS-DEL-011,Delhi,DEL,center,False,
2025-02-27 21:00:00,20.1,990.1,70.0,AWS-DEL-011,Delhi,DEL,center,False,
2025-02-27 22:00:00,20.0,,68.0,AWS-DEL-011,Delhi,DEL,center,True,dropout
2025-02-27 23:00:00,19.8,989.0,65.0,AWS-DEL-011,Delhi,DEL,center,False,
2025-02-28 00:00:00,19.5,988.2,63.0,AWS-DEL-011,Delhi,DEL,center,False,
2025-02-28 01:00:00,19.3,987.6,62.0,AWS-DEL-011,Delhi,DEL,center,False,
2025-02-28 02:00:00,19.3,986.8,64.0,AWS-DEL-011,Delhi,DEL,center,False,
2025-02-28 03:00:00,19.2,986.3,66.0,AWS-DEL-011,Delhi,DEL,center,False,
2025-02-28 04:00:00,19.1,985.7,69.0,AWS-DEL-011,Delhi,DEL,center,False,
2025-02-28 05:00:00,18.9,985.7,70.0,AWS-DEL-011,Delhi,DEL,center,False,
2025-02-28 06:00:00,19.4,986.4,55.37210201919538,AWS-DEL-011,Delhi,DEL,center,True,drift
2025-02-28 07:00:00,19.1,987.3,56.18067259652137,AWS-DEL-011,Delhi,DEL,center,True,drift
2025-02-28 08:00:00,18.8,988.8,56.899009187099054,AWS-DEL-011,Delhi,DEL,center,True,drift
2025-02-28 09:00:00,18.2,990.0,62.568945525532655,AWS-DEL-011,Delhi,DEL,center,True,drift
2025-02-28 10:00:00,18.3,990.1,68.20291483441207,AWS-DEL-011,Delhi,DEL,center,True,drift
2025-02-28 11:00:00,19.6,989.8,62.80757983817363,AWS-DEL-011,Delhi,DEL,center,True,drift
2025-02-28 12:00:00,20.0,989.0,59.38720557592235,AWS-DEL-011,Delhi,DEL,center,True,drift
2025-02-28 13:00:00,21.1,987.7,55.94479777497171,AWS-DEL-011,Delhi,DEL,center,True,drift
2025-02-28 14:00:00,22.1,986.3,53.48260849843285,AWS-DEL-011,Delhi,DEL,center,True,drift
2025-02-28 15:00:00,23.3,985.6,49.00239874003388,AWS-DEL-011,Delhi,DEL,center,True,drift
2025-02-28 16:00:00,23.4,985.2,48.50558965574568,AWS-DEL-011,Delhi,DEL,center,True,drift
2025-02-28 17:00:00,22.9,985.0,51.99335637197258,AWS-DEL-011,Delhi,DEL,center,True,drift
2025-02-28 18:00:00,22.3,986.0,56.46668953532098,AWS-DEL-011,Delhi,DEL,center,True,drift
2025-02-28 19:00:00,21.4,986.3,64.92643751689936,AWS-DEL-011,Delhi,DEL,center,True,drift
2025-02-28 20:00:00,20.9,987.3,66.37333639989589,AWS-DEL-011,Delhi,DEL,center,True,drift
2025-02-28 21:00:00,18.5,988.4,70.80803192163879,AWS-DEL-011,Delhi,DEL,center,True,drift
2025-02-28 22:00:00,18.5,988.1,70.23109592950237,AWS-DEL-011,Delhi,DEL,center,True,drift
2025-02-28 23:00:00,18.4,988.3,70.64303898440113,AWS-DEL-011,Delhi,DEL,center,True,drift
2025-03-01 00:00:00,17.4,988.1,66.04432019028835,AWS-DEL-011,Delhi,DEL,center,True,drift
2025-03-01 01:00:00,16.8,987.9,65.43535498228522,AWS-DEL-011,Delhi,DEL,center,True,drift
2025-03-01 02:00:00,16.3,987.4,89.0,AWS-DEL-011,Delhi,DEL,center,False,
2025-03-01 03:00:00,15.9,987.5,90.0,AWS-DEL-011,Delhi,DEL,center,False,
2025-03-01 04:00:00,15.7,987.2,90.0,AWS-DEL-011,Delhi,DEL,center,False,
2025-03-01 05:00:00,15.5,987.5,89.0,AWS-DEL-011,Delhi,DEL,center,False,
2025-03-01 06:00:00,16.8,988.2,93.0,AWS-DEL-011,Delhi,DEL,center,False,
2025-03-01 07:00:00,16.6,988.9,91.0,AWS-DEL-011,Delhi,DEL,center,False,
2025-03-01 08:00:00,17.4,989.7,90.0,AWS-DEL-011,Delhi,DEL,center,False,
2025-03-01 09:00:00,18.5,990.6,83.0,AWS-DEL-011,Delhi,DEL,center,False,
2025-03-01 10:00:00,19.5,990.7,79.0,AWS-DEL-011,Delhi,DEL,center,False,
2025-03-01 11:00:00,21.1,990.6,75.0,AWS-DEL-011,Delhi,DEL,center,False,
2025-03-01 12:00:00,22.6,989.6,71.0,AWS-DEL-011,Delhi,DEL,center,False,
2025-03-01 13:00:00,23.7,988.3,67.0,AWS-DEL-011,Delhi,DEL,center,False,
2025-03-01 14:00:00,24.0,987.4,65.0,AWS-DEL-011,Delhi,DEL,center,False,
2025-03-01 15:00:00,24.1,986.8,66.0,AWS-DEL-011,Delhi,DEL,center,False,
2025-03-01 16:00:00,23.3,986.8,67.0,AWS-DEL-011,Delhi,DEL,center,False,
2025-03-01 17:00:00,22.6,986.7,70.0,AWS-DEL-011,Delhi,DEL,center,False,
2025-03-01 18:00:00,21.9,987.7,77.0,AWS-DEL-011,Delhi,DEL,center,False,
2025-03-01 19:00:00,21.0,988.3,81.0,AWS-DEL-011,Delhi,DEL,center,False,
2025-03-01 20:00:00,20.3,989.1,83.0,AWS-DEL-011,Delhi,DEL,center,False,
2025-03-01 21:00:00,20.0,989.4,84.0,AWS-DEL-011,Delhi,DEL,center,False,
2025-03-01 22:00:00,19.2,989.2,85.0,AWS-DEL-011,Delhi,DEL,center,False,
2025-03-01 23:00:00,18.4,989.0,86.0,AWS-DEL-011,Delhi,DEL,center,False,
2025-03-02 00:00:00,27.711990540532998,988.5102944056571,100.0,AWS-DEL-011,Delhi,DEL,center,True,multivariate_inconsistency
2025-03-02 01:00:00,27.211990540532998,988.3308911298416,100.0,AWS-DEL-011,Delhi,DEL,center,True,multivariate_inconsistency
2025-03-02 02:00:00,26.811990540533,987.4236980011858,100.0,AWS-DEL-011,Delhi,DEL,center,True,multivariate_inconsistency
2025-03-02 03:00:00,26.511990540533,987.2558420562349,100.0,AWS-DEL-011,Delhi,DEL,center,True,multivariate_inconsistency
2025-03-02 04:00:00,16.0,986.4,88.0,AWS-DEL-011,Delhi,DEL,center,False,
2025-03-02 05:00:00,15.4,986.7,89.0,AWS-DEL-011,Delhi,DEL,center,False,
2025-03-02 06:00:00,16.0,987.8,88.0,AWS-DEL-011,Delhi,DEL,center,False,
2025-03-02 07:00:00,16.1,988.6,87.0,AWS-DEL-011,Delhi,DEL,center,False,
2025-03-02 08:00:00,17.5,989.4,82.0,AWS-DEL-011,Delhi,DEL,center,False,
2025-03-02 09:00:00,19.3,990.1,74.0,AWS-DEL-011,Delhi,DEL,center,False,
2025-03-02 10:00:00,21.3,990.2,63.0,AWS-DEL-011,Delhi,DEL,center,False,
2025-03-02 11:00:00,23.3,989.8,44.0,AWS-DEL-011,Delhi,DEL,center,False,
2025-03-02 12:00:00,24.2,988.8,37.0,AWS-DEL-011,Delhi,DEL,center,False,
2025-03-02 13:00:00,24.6,987.7,35.0,AWS-DEL-011,Delhi,DEL,center,False,
2025-03-02 14:00:00,24.5,986.7,35.0,AWS-DEL-011,Delhi,DEL,center,False,
2025-03-02 15:00:00,24.0,986.0,37.0,AWS-DEL-011,Delhi,DEL,center,False,
2025-03-02 16:00:00,23.2,985.8,41.0,AWS-DEL-011,Delhi,DEL,center,False,
2025-03-02 17:00:00,21.9,985.8,48.0,AWS-DEL-011,Delhi,DEL,center,False,
2025-03-02 18:00:00,19.6,986.3,59.0,AWS-DEL-011,Delhi,DEL,center,False,
2025-03-02 19:00:00,18.3,986.6,65.0,AWS-DEL-011,Delhi,DEL,center,False,
2025-03-02 20:00:00,17.1,986.9,71.0,AWS-DEL-011,Delhi,DEL,center,False,
2025-03-02 21:00:00,16.4,987.4,73.0,AWS-DEL-011,Delhi,DEL,center,False,
2025-03-02 22:00:00,15.9,987.6,71.0,AWS-DEL-011,Delhi,DEL,center,False,
2025-03-02 23:00:00,15.5,987.5,69.0,AWS-DEL-011,Delhi,DEL,center,False,
2025-03-03 00:00:00,14.9,987.5,69.0,AWS-DEL-011,Delhi,DEL,center,False,
2025-03-03 01:00:00,14.3,987.0,70.0,AWS-DEL-011,Delhi,DEL,center,False,
2025-03-03 02:00:00,13.6,986.4,73.0,AWS-DEL-011,Delhi,DEL,center,False,
2025-03-03 03:00:00,13.3,969.0491078306009,73.0,AWS-DEL-011,Delhi,DEL,center,True,spike
2025-03-03 04:00:00,13.0,986.1,74.0,AWS-DEL-011,Delhi,DEL,center,False,
2025-03-03 05:00:00,12.8,986.6,75.0,AWS-DEL-011,Delhi,DEL,center,False,
2025-03-03 06:00:00,13.1,987.2,77.0,AWS-DEL-011,Delhi,DEL,center,False,
2025-03-03 07:00:00,13.8,987.9,78.0,AWS-DEL-011,Delhi,DEL,center,False,
2025-03-03 08:00:00,16.4,988.7,69.0,AWS-DEL-011,Delhi,DEL,center,False,
2025-03-03 09:00:00,19.4,989.5,60.0,AWS-DEL-011,Delhi,DEL,center,False,
2025-03-03 10:00:00,22.1,989.6,44.0,AWS-DEL-011,Delhi,DEL,center,False,
2025-03-03 11:00:00,24.2,989.0,34.0,AWS-DEL-011,Delhi,DEL,center,False,
2025-03-03 12:00:00,25.7,988.1,31.0,AWS-DEL-011,Delhi,DEL,center,False,
2025-03-03 13:00:00,26.6,987.0,34.0,AWS-DEL-011,Delhi,DEL,center,False,
2025-03-03 14:00:00,26.9,985.8,37.0,AWS-DEL-011,Delhi,DEL,center,False,
2025-03-03 15:00:00,26.3,985.0,40.0,AWS-DEL-011,Delhi,DEL,center,False,
2025-03-03 16:00:00,25.6,984.7,45.0,AWS-DEL-011,Delhi,DEL,center,False,
2025-03-03 17:00:00,24.3,984.4,54.0,AWS-DEL-011,Delhi,DEL,center,False,
2025-03-03 18:00:00,23.2,984.9,57.0,AWS-DEL-011,Delhi,DEL,center,False,
2025-03-03 19:00:00,22.2,984.8,60.0,AWS-DEL-011,Delhi,DEL,center,False,
2025-03-03 20:00:00,21.5,985.3,64.0,AWS-DEL-011,Delhi,DEL,center,False,
2025-03-03 21:00:00,21.3,985.5,63.0,AWS-DEL-011,Delhi,DEL,center,False,
2025-03-03 22:00:00,20.4,985.4,67.0,AWS-DEL-011,Delhi,DEL,center,False,
2025-03-03 23:00:00,19.7,985.2,69.0,AWS-DEL-011,Delhi,DEL,center,False,
2025-03-04 00:00:00,19.0,985.0,71.0,AWS-DEL-011,Delhi,DEL,center,False,
2025-03-04 01:00:00,18.6,984.5,72.0,AWS-DEL-011,Delhi,DEL,center,False,
2025-03-04 02:00:00,18.3,984.5,72.0,AWS-DEL-011,Delhi,DEL,center,False,
2025-03-04 03:00:00,17.1,984.4,78.0,AWS-DEL-011,Delhi,DEL,center,False,
2025-03-04 04:00:00,15.9,984.4,83.0,AWS-DEL-011,Delhi,DEL,center,False,
2025-03-04 05:00:00,15.6,984.8,83.0,AWS-DEL-011,Delhi,DEL,center,False,
2025-03-04 06:00:00,16.5,986.0,82.0,AWS-DEL-011,Delhi,DEL,center,False,
2025-03-04 07:00:00,16.9,986.9,80.0,AWS-DEL-011,Delhi,DEL,center,False,
2025-03-04 08:00:00,18.2,988.3,76.0,AWS-DEL-011,Delhi,DEL,center,False,
2025-03-04 09:00:00,19.8,989.5,67.0,AWS-DEL-011,Delhi,DEL,center,False,
2025-03-04 10:00:00,21.5,989.9,57.0,AWS-DEL-011,Delhi,DEL,center,False,
2025-03-04 11:00:00,22.9,990.1,53.0,AWS-DEL-011,Delhi,DEL,center,False,
2025-03-04 12:00:00,24.0,989.7,47.0,AWS-DEL-011,Delhi,DEL,center,False,
2025-03-04 13:00:00,24.4,989.1,42.0,AWS-DEL-011,Delhi,DEL,center,False,
2025-03-04 14:00:00,24.4,988.5,40.0,AWS-DEL-011,Delhi,DEL,center,False,
2025-03-04 15:00:00,24.4,988.3,41.0,AWS-DEL-011,Delhi,DEL,center,False,
2025-03-04 16:00:00,23.8,988.4,41.0,AWS-DEL-011,Delhi,DEL,center,False,
2025-03-04 17:00:00,22.5,988.6,45.0,AWS-DEL-011,Delhi,DEL,center,False,
2025-03-04 18:00:00,21.0,989.7,51.0,AWS-DEL-011,Delhi,DEL,center,False,
2025-03-04 19:00:00,20.1,990.1,52.0,AWS-DEL-011,Delhi,DEL,center,False,
2025-03-04 20:00:00,19.2,990.6,50.0,AWS-DEL-011,Delhi,DEL,center,False,
2025-03-04 21:00:00,18.1,990.9,51.0,AWS-DEL-011,Delhi,DEL,center,False,
2025-03-04 22:00:00,17.3,991.3,53.0,AWS-DEL-011,Delhi,DEL,center,False,
2025-03-04 23:00:00,16.6,991.0,55.0,AWS-DEL-011,Delhi,DEL,center,False,
2025-03-05 00:00:00,15.8,990.6,57.0,AWS-DEL-011,Delhi,DEL,center,False,
2025-03-05 01:00:00,15.2,990.4,60.0,AWS-DEL-011,Delhi,DEL,center,False,
2025-03-05 02:00:00,14.6,989.9,62.0,AWS-DEL-011,Delhi,DEL,center,False,
2025-03-05 03:00:00,13.9,989.6,63.0,AWS-DEL-011,Delhi,DEL,center,False,
2025-03-05 04:00:00,13.3,989.3,61.0,AWS-DEL-011,Delhi,DEL,center,False,
2025-03-05 05:00:00,13.0,989.4,56.0,AWS-DEL-011,Delhi,DEL,center,False,
2025-03-05 06:00:00,12.6,989.9,63.0,AWS-DEL-011,Delhi,DEL,center,False,
2025-03-05 07:00:00,12.7,990.1,63.0,AWS-DEL-011,Delhi,DEL,center,False,
2025-03-05 08:00:00,13.9,990.4,60.0,AWS-DEL-011,Delhi,DEL,center,False,
2025-03-05 09:00:00,15.9,991.3,53.0,AWS-DEL-011,Delhi,DEL,center,False,
2025-03-05 10:00:00,18.1,991.2,46.0,AWS-DEL-011,Delhi,DEL,center,False,
2025-03-05 11:00:00,19.8,990.8,40.0,AWS-DEL-011,Delhi,DEL,center,False,
2025-03-05 12:00:00,21.3,989.8,34.0,AWS-DEL-011,Delhi,DEL,center,False,
2025-03-05 13:00:00,22.2,988.9,30.0,AWS-DEL-011,Delhi,DEL,center,False,
2025-03-05 14:00:00,22.8,988.0,27.0,AWS-DEL-011,Delhi,DEL,center,False,
2025-03-05 15:00:00,22.8,987.3,28.0,AWS-DEL-011,Delhi,DEL,center,False,
2025-03-05 16:00:00,22.3,986.9,31.0,AWS-DEL-011,Delhi,DEL,center,False,
2025-03-05 17:00:00,21.6,987.0,30.0,AWS-DEL-011,Delhi,DEL,center,False,
2025-03-05 18:00:00,20.9,987.7,34.0,AWS-DEL-011,Delhi,DEL,center,False,
2025-03-05 19:00:00,20.2,987.8,35.0,AWS-DEL-011,Delhi,DEL,center,False,
2025-03-05 20:00:00,19.3,988.1,36.0,AWS-DEL-011,Delhi,DEL,center,False,
2025-03-05 21:00:00,18.6,988.7,38.0,AWS-DEL-011,Delhi,DEL,center,False,
2025-03-05 22:00:00,18.3,988.6,38.0,AWS-DEL-011,Delhi,DEL,center,False,
2025-03-05 23:00:00,17.7,988.3,39.0,AWS-DEL-011,Delhi,DEL,center,False,
2025-03-06 00:00:00,16.9,987.8,42.0,AWS-DEL-011,Delhi,DEL,center,False,
2025-03-06 01:00:00,15.8,987.8,45.0,AWS-DEL-011,Delhi,DEL,center,False,
2025-03-06 02:00:00,15.1,987.0,46.0,AWS-DEL-011,Delhi,DEL,center,False,
2025-03-06 03:00:00,14.7,986.3,46.0,AWS-DEL-011,Delhi,DEL,center,False,
2025-03-06 04:00:00,14.3,986.1,47.0,AWS-DEL-011,Delhi,DEL,center,False,
2025-03-06 05:00:00,13.8,985.9,48.0,AWS-DEL-011,Delhi,DEL,center,False,
2025-03-06 06:00:00,12.8,986.1,58.0,AWS-DEL-011,Delhi,DEL,center,False,
2025-03-06 07:00:00,13.2,986.6,56.0,AWS-DEL-011,Delhi,DEL,center,False,
2025-03-06 08:00:00,15.0,988.4,54.0,AWS-DEL-011,Delhi,DEL,center,False,
2025-03-06 09:00:00,17.5,988.8,47.0,AWS-DEL-011,Delhi,DEL,center,False,
2025-03-06 10:00:00,20.2,988.8,41.0,AWS-DEL-011,Delhi,DEL,center,False,
2025-03-06 11:00:00,22.5,988.6,34.0,AWS-DEL-011,Delhi,DEL,center,False,
2025-03-06 12:00:00,24.2,988.0,29.0,AWS-DEL-011,Delhi,DEL,center,False,
2025-03-06 13:00:00,25.5,987.3,25.0,AWS-DEL-011,Delhi,DEL,center,False,
2025-03-06 14:00:00,26.3,986.9,24.0,AWS-DEL-011,Delhi,DEL,center,False,
2025-03-06 15:00:00,26.6,986.6,23.0,AWS-DEL-011,Delhi,DEL,center,False,
2025-03-06 16:00:00,26.2,986.3,23.0,AWS-DEL-011,Delhi,DEL,center,False,
2025-03-06 17:00:00,24.9,986.3,30.0,AWS-DEL-011,Delhi,DEL,center,False,
2025-03-06 18:00:00,22.8,986.7,42.0,AWS-DEL-011,Delhi,DEL,center,False,
2025-03-06 19:00:00,22.2,986.8,43.0,AWS-DEL-011,Delhi,DEL,center,False,
2025-03-06 20:00:00,21.6,987.5,43.0,AWS-DEL-011,Delhi,DEL,center,False,
2025-03-06 21:00:00,20.5,987.7,46.0,AWS-DEL-011,Delhi,DEL,center,False,
2025-03-06 22:00:00,19.6,987.4,49.0,AWS-DEL-011,Delhi,DEL,center,True,frozen_value
2025-03-06 23:00:00,18.6,987.3,49.0,AWS-DEL-011,Delhi,DEL,center,True,frozen_value
2025-03-07 00:00:00,17.7,986.9,49.0,AWS-DEL-011,Delhi,DEL,center,True,frozen_value
2025-03-07 01:00:00,16.7,986.6,49.0,AWS-DEL-011,Delhi,DEL,center,True,frozen_value
2025-03-07 02:00:00,15.5,986.2,49.0,AWS-DEL-011,Delhi,DEL,center,True,frozen_value
2025-03-07 03:00:00,15.2,985.5,49.0,AWS-DEL-011,Delhi,DEL,center,True,frozen_value
2025-03-07 04:00:00,15.1,985.2,49.0,AWS-DEL-011,Delhi,DEL,center,True,frozen_value
2025-03-07 05:00:00,13.8,985.2,49.0,AWS-DEL-011,Delhi,DEL,center,True,frozen_value
2025-03-07 06:00:00,12.5,986.2,49.0,AWS-DEL-011,Delhi,DEL,center,True,frozen_value
2025-03-07 07:00:00,13.2,986.8,49.0,AWS-DEL-011,Delhi,DEL,center,True,frozen_value
2025-03-07 08:00:00,16.0,987.5,49.0,AWS-DEL-011,Delhi,DEL,center,True,frozen_value
2025-03-07 09:00:00,19.8,987.9,49.0,AWS-DEL-011,Delhi,DEL,center,True,frozen_value
2025-03-07 10:00:00,23.4,987.8,49.0,AWS-DEL-011,Delhi,DEL,center,True,frozen_value
2025-03-07 11:00:00,25.7,987.5,49.0,AWS-DEL-011,Delhi,DEL,center,True,frozen_value
2025-03-07 12:00:00,27.2,986.4,49.0,AWS-DEL-011,Delhi,DEL,center,True,frozen_value
2025-03-07 13:00:00,28.1,985.3,19.0,AWS-DEL-011,Delhi,DEL,center,False,
2025-03-07 14:00:00,28.4,984.8,21.0,AWS-DEL-011,Delhi,DEL,center,False,
2025-03-07 15:00:00,28.3,984.3,22.0,AWS-DEL-011,Delhi,DEL,center,False,
2025-03-07 16:00:00,27.8,984.2,23.0,AWS-DEL-011,Delhi,DEL,center,False,
2025-03-07 17:00:00,26.6,984.1,25.0,AWS-DEL-011,Delhi,DEL,center,False,
2025-03-07 18:00:00,24.2,984.6,33.0,AWS-DEL-011,Delhi,DEL,center,False,
2025-03-07 19:00:00,22.9,984.3,39.0,AWS-DEL-011,Delhi,DEL,center,False,
2025-03-07 20:00:00,22.3,984.7,38.0,AWS-DEL-011,Delhi,DEL,center,False,
2025-03-07 21:00:00,21.4,984.8,45.0,AWS-DEL-011,Delhi,DEL,center,False,
2025-03-07 22:00:00,20.2,984.7,46.0,AWS-DEL-011,Delhi,DEL,center,False,
2025-03-07 23:00:00,19.2,984.8,49.0,AWS-DEL-011,Delhi,DEL,center,False,
2025-03-08 00:00:00,18.4,985.1,51.0,AWS-DEL-011,Delhi,DEL,center,False,
2025-03-08 01:00:00,17.4,984.9,54.0,AWS-DEL-011,Delhi,DEL,center,False,
2025-03-08 02:00:00,16.6,983.9,56.0,AWS-DEL-011,Delhi,DEL,center,False,
2025-03-08 03:00:00,15.7,982.9,59.0,AWS-DEL-011,Delhi,DEL,center,False,
2025-03-08 04:00:00,15.2,982.7,61.0,AWS-DEL-011,Delhi,DEL,center,False,
2025-03-08 05:00:00,14.6,983.0,62.0,AWS-DEL-011,Delhi,DEL,center,False,
2025-03-08 06:00:00,14.7,983.6,66.0,AWS-DEL-011,Delhi,DEL,center,False,
2025-03-08 07:00:00,15.5,984.5,62.0,AWS-DEL-011,Delhi,DEL,center,False,
2025-03-08 08:00:00,18.0,985.2,54.0,AWS-DEL-011,Delhi,DEL,center,False,
2025-03-08 09:00:00,21.4,986.0,43.0,AWS-DEL-011,Delhi,DEL,center,False,
2025-03-08 10:00:00,24.6,986.2,36.0,AWS-DEL-011,Delhi,DEL,center,False,
2025-03-08 11:00:00,27.4,985.5,27.0,AWS-DEL-011,Delhi,DEL,center,False,
2025-03-08 12:00:00,29.1,985.0,21.0,AWS-DEL-011,Delhi,DEL,center,False,
2025-03-08 13:00:00,29.8,984.1,20.0,AWS-DEL-011,Delhi,DEL,center,False,
2025-03-08 14:00:00,30.1,983.4,20.0,AWS-DEL-011,Delhi,DEL,center,False,
2025-03-08 15:00:00,29.9,983.0,21.0,AWS-DEL-011,Delhi,DEL,center,False,
2025-03-08 16:00:00,29.3,982.9,23.0,AWS-DEL-011,Delhi,DEL,center,False,
2025-03-08 17:00:00,28.3,982.9,25.0,AWS-DEL-011,Delhi,DEL,center,False,
2025-03-08 18:00:00,26.2,983.6,35.0,AWS-DEL-011,Delhi,DEL,center,False,
2025-03-08 19:00:00,24.7,983.9,42.0,AWS-DEL-011,Delhi,DEL,center,False,
2025-03-08 20:00:00,23.3,984.6,50.0,AWS-DEL-011,Delhi,DEL,center,False,
2025-03-08 21:00:00,22.6,985.2,51.0,AWS-DEL-011,Delhi,DEL,center,False,
2025-03-08 22:00:00,22.5,985.6,50.0,AWS-DEL-011,Delhi,DEL,center,False,
2025-03-08 23:00:00,21.9,985.3,51.0,AWS-DEL-011,Delhi,DEL,center,False,
2025-03-09 00:00:00,20.9,985.4,53.0,AWS-DEL-011,Delhi,DEL,center,False,
2025-03-09 01:00:00,21.3,985.3,54.0,AWS-DEL-011,Delhi,DEL,center,False,
2025-03-09 02:00:00,20.5,985.4,55.0,AWS-DEL-011,Delhi,DEL,center,False,
2025-03-09 03:00:00,18.8,984.9,60.0,AWS-DEL-011,Delhi,DEL,center,False,
2025-03-09 04:00:00,17.6,984.6,65.0,AWS-DEL-011,Delhi,DEL,center,False,
2025-03-09 05:00:00,17.2,985.0,64.0,AWS-DEL-011,Delhi,DEL,center,False,
2025-03-09 06:00:00,16.8,985.9,73.0,AWS-DEL-011,Delhi,DEL,center,False,
2025-03-09 07:00:00,18.2,987.0,66.0,AWS-DEL-011,Delhi,DEL,center,False,
2025-03-09 08:00:00,21.1,988.4,56.0,AWS-DEL-011,Delhi,DEL,center,False,
2025-03-09 09:00:00,24.6,989.3,45.0,AWS-DEL-011,Delhi,DEL,center,False,
2025-03-09 10:00:00,27.5,989.5,33.0,AWS-DEL-011,Delhi,DEL,center,False,
2025-03-09 11:00:00,29.3,989.4,27.0,AWS-DEL-011,Delhi,DEL,center,False,
2025-03-09 12:00:00,30.6,989.0,24.0,AWS-DEL-011,Delhi,DEL,center,False,
2025-03-09 13:00:00,31.4,987.9,22.0,AWS-DEL-011,Delhi,DEL,center,False,
2025-03-09 14:00:00,31.8,987.2,21.0,AWS-DEL-011,Delhi,DEL,center,False,
2025-03-09 15:00:00,31.8,986.8,22.0,AWS-DEL-011,Delhi,DEL,center,False,
2025-03-09 16:00:00,31.3,986.7,23.0,AWS-DEL-011,Delhi,DEL,center,False,
2025-03-09 17:00:00,30.2,986.9,-0.029815946475462908,AWS-DEL-011,Delhi,DEL,center,True,sensor_fail_low
2025-03-09 18:00:00,28.5,988.0,-0.04121657698136394,AWS-DEL-011,Delhi,DEL,center,True,sensor_fail_low
2025-03-09 19:00:00,26.8,988.7,0.02510270028520339,AWS-DEL-011,Delhi,DEL,center,True,sensor_fail_low
2025-03-09 20:00:00,25.8,989.4,0.04950714124823131,AWS-DEL-011,Delhi,DEL,center,True,sensor_fail_low
2025-03-09 21:00:00,25.1,989.6,43.0,AWS-DEL-011,Delhi,DEL,center,False,
2025-03-09 22:00:00,24.0,989.6,47.0,AWS-DEL-011,Delhi,DEL,center,False,
2025-03-09 23:00:00,22.7,989.8,51.0,AWS-DEL-011,Delhi,DEL,center,False,
2025-03-10 00:00:00,21.9,989.7,53.0,AWS-DEL-011,Delhi,DEL,center,False,
2025-03-10 01:00:00,21.0,989.5,55.0,AWS-DEL-011,Delhi,DEL,center,False,
2025-03-10 02:00:00,20.4,989.0,58.0,AWS-DEL-011,Delhi,DEL,center,False,
2025-03-10 03:00:00,19.9,988.7,61.0,AWS-DEL-011,Delhi,DEL,center,False,
2025-03-10 04:00:00,19.4,988.9,62.0,AWS-DEL-011,Delhi,DEL,center,False,
2025-03-10 05:00:00,19.0,989.5,64.0,AWS-DEL-011,Delhi,DEL,center,False,
2025-03-10 06:00:00,19.3,990.9,66.0,AWS-DEL-011,Delhi,DEL,center,False,
2025-03-10 07:00:00,19.7,991.8,64.0,AWS-DEL-011,Delhi,DEL,center,False,
2025-03-10 08:00:00,21.4,992.9,58.0,AWS-DEL-011,Delhi,DEL,center,False,
2025-03-10 09:00:00,24.1,993.8,50.0,AWS-DEL-011,Delhi,DEL,center,False,
2025-03-10 10:00:00,26.8,994.0,42.0,AWS-DEL-011,Delhi,DEL,center,False,
2025-03-10 11:00:00,29.0,993.6,35.0,AWS-DEL-011,Delhi,DEL,center,False,
2025-03-10 12:00:00,30.3,992.6,31.0,AWS-DEL-011,Delhi,DEL,center,False,
2025-03-10 13:00:00,31.1,991.7,29.0,AWS-DEL-011,Delhi,DEL,center,False,
2025-03-10 14:00:00,31.6,990.5,28.0,AWS-DEL-011,Delhi,DEL,center,False,
2025-03-10 15:00:00,31.7,989.7,27.0,AWS-DEL-011,Delhi,DEL,center,False,
2025-03-10 16:00:00,31.2,989.1,28.0,AWS-DEL-011,Delhi,DEL,center,False,
2025-03-10 17:00:00,30.3,989.1,30.0,AWS-DEL-011,Delhi,DEL,center,False,
2025-03-10 18:00:00,29.3,989.7,31.0,AWS-DEL-011,Delhi,DEL,center,False,
2025-03-10 19:00:00,27.4,-0.016439903253996243,39.0,AWS-DEL-011,Delhi,DEL,center,True,sensor_fail_low
2025-03-10 20:00:00,26.2,-0.018075841325115177,44.0,AWS-DEL-011,Delhi,DEL,center,True,sensor_fail_low
2025-03-10 21:00:00,25.3,0.029357644256719547,46.0,AWS-DEL-011,Delhi,DEL,center,True,sensor_fail_low
2025-03-10 22:00:00,24.9,-0.02865152681770324,47.0,AWS-DEL-011,Delhi,DEL,center,True,sensor_fail_low
2025-03-10 23:00:00,24.1,990.1,50.0,AWS-DEL-011,Delhi,DEL,center,False,
2025-03-11 00:00:00,23.2,989.6,53.0,AWS-DEL-011,Delhi,DEL,center,True,frozen_value
2025-03-11 01:00:00,22.2,989.6064405410128,57.0,AWS-DEL-011,Delhi,DEL,center,True,frozen_value
2025-03-11 02:00:00,21.3,989.6151027736745,62.0,AWS-DEL-011,Delhi,DEL,center,True,frozen_value
2025-03-11 03:00:00,20.6,989.6251433395278,64.0,AWS-DEL-011,Delhi,DEL,center,True,frozen_value
2025-03-11 04:00:00,19.9,989.636791707657,67.0,AWS-DEL-011,Delhi,DEL,center,True,frozen_value
2025-03-11 05:00:00,19.5,989.6429111359802,70.0,AWS-DEL-011,Delhi,DEL,center,True,frozen_value
2025-03-11 06:00:00,19.7,989.65,75.0,AWS-DEL-011,Delhi,DEL,center,True,frozen_value
2025-03-11 07:00:00,20.8,989.65,70.0,AWS-DEL-011,Delhi,DEL,center,True,frozen_value
2025-03-11 08:00:00,23.7,989.65,56.0,AWS-DEL-011,Delhi,DEL,center,True,frozen_value
2025-03-11 09:00:00,27.2,989.6483068034026,42.0,AWS-DEL-011,Delhi,DEL,center,True,frozen_value
2025-03-11 10:00:00,30.1,991.3,32.0,AWS-DEL-011,Delhi,DEL,center,False,
2025-03-11 11:00:00,32.2,990.9,26.0,AWS-DEL-011,Delhi,DEL,center,False,
2025-03-11 12:00:00,33.6,989.9,23.0,AWS-DEL-011,Delhi,DEL,center,False,
2025-03-11 13:00:00,34.3,988.6,22.0,AWS-DEL-011,Delhi,DEL,center,False,
2025-03-11 14:00:00,34.3,987.5,22.0,AWS-DEL-011,Delhi,DEL,center,False,
2025-03-11 15:00:00,34.4,986.8,21.0,AWS-DEL-011,Delhi,DEL,center,False,
2025-03-11 16:00:00,34.0,986.3,21.0,AWS-DEL-011,Delhi,DEL,center,False,
2025-03-11 17:00:00,32.6,986.5,24.0,AWS-DEL-011,Delhi,DEL,center,False,
2025-03-11 18:00:00,29.8,987.2,35.0,AWS-DEL-011,Delhi,DEL,center,False,
2025-03-11 19:00:00,28.8,987.2,39.0,AWS-DEL-011,Delhi,DEL,center,False,
2025-03-11 20:00:00,27.5,987.5,49.0,AWS-DEL-011,Delhi,DEL,center,False,
2025-03-11 21:00:00,26.3,987.5,54.0,AWS-DEL-011,Delhi,DEL,center,False,
2025-03-11 22:00:00,25.3,987.4,59.0,AWS-DEL-011,Delhi,DEL,center,False,
2025-03-11 23:00:00,24.4,986.7,60.0,AWS-DEL-011,Delhi,DEL,center,False,
2025-03-12 00:00:00,23.7,986.5,62.0,AWS-DEL-011,Delhi,DEL,center,False,
2025-03-12 01:00:00,22.9,986.1,64.0,AWS-DEL-011,Delhi,DEL,center,False,
2025-03-12 02:00:00,22.0,985.2,68.0,AWS-DEL-011,Delhi,DEL,center,False,
2025-03-12 03:00:00,21.3,984.7,72.0,AWS-DEL-011,Delhi,DEL,center,False,
2025-03-12 04:00:00,20.7,984.4,74.0,AWS-DEL-011,Delhi,DEL,center,False,
2025-03-12 05:00:00,20.4,984.2,73.0,AWS-DEL-011,Delhi,DEL,center,False,
2025-03-12 06:00:00,19.8,985.2,79.0,AWS-DEL-011,Delhi,DEL,center,False,
2025-03-12 07:00:00,20.7,985.5,75.0,AWS-DEL-011,Delhi,DEL,center,False,
2025-03-12 08:00:00,22.9,986.3,66.0,AWS-DEL-011,Delhi,DEL,center,False,
2025-03-12 09:00:00,26.0,986.7,52.0,AWS-DEL-011,Delhi,DEL,center,False,
2025-03-12 10:00:00,28.8,986.8,39.0,AWS-DEL-011,Delhi,DEL,center,False,
2025-03-12 11:00:00,30.5,986.5,32.0,AWS-DEL-011,Delhi,DEL,center,False,
2025-03-12 12:00:00,31.8,985.6,28.0,AWS-DEL-011,Delhi,DEL,center,False,
2025-03-12 13:00:00,32.8,984.6,25.0,AWS-DEL-011,Delhi,DEL,center,False,
2025-03-12 14:00:00,32.9,983.7,25.0,AWS-DEL-011,Delhi,DEL,center,False,
2025-03-12 15:00:00,32.7,983.2,25.0,AWS-DEL-011,Delhi,DEL,center,False,
2025-03-12 16:00:00,31.8,982.7,27.0,AWS-DEL-011,Delhi,DEL,center,False,
2025-03-12 17:00:00,30.7,982.5,30.0,AWS-DEL-011,Delhi,DEL,center,False,
2025-03-12 18:00:00,29.3,982.9,37.0,AWS-DEL-011,Delhi,DEL,center,False,
2025-03-12 19:00:00,28.4,983.2,42.0,AWS-DEL-011,Delhi,DEL,center,False,
2025-03-12 20:00:00,27.1,983.6,47.0,AWS-DEL-011,Delhi,DEL,center,False,
2025-03-12 21:00:00,26.2,984.0,50.0,AWS-DEL-011,Delhi,DEL,center,False,
2025-03-12 22:00:00,25.5,984.3,51.0,AWS-DEL-011,Delhi,DEL,center,False,
2025-03-12 23:00:00,25.0,984.1,52.0,AWS-DEL-011,Delhi,DEL,center,False,
2025-03-13 00:00:00,23.9,983.7,54.0,AWS-DEL-011,Delhi,DEL,center,False,
2025-03-13 01:00:00,23.1,983.0,56.0,AWS-DEL-011,Delhi,DEL,center,False,
2025-03-13 02:00:00,22.6,982.2,57.0,AWS-DEL-011,Delhi,DEL,center,False,
2025-03-13 03:00:00,22.5,981.8,58.0,AWS-DEL-011,Delhi,DEL,center,False,
2025-03-13 04:00:00,21.8,981.9,58.0,AWS-DEL-011,Delhi,DEL,center,False,
2025-03-13 05:00:00,21.5,982.0,58.0,AWS-DEL-011,Delhi,DEL,center,False,
2025-03-13 06:00:00,21.0,983.2,71.0,AWS-DEL-011,Delhi,DEL,center,False,
2025-03-13 07:00:00,21.4,983.9,69.0,AWS-DEL-011,Delhi,DEL,center,False,
2025-03-13 08:00:00,23.4,984.9,63.0,AWS-DEL-011,Delhi,DEL,center,False,
2025-03-13 09:00:00,26.2,985.7,53.0,AWS-DEL-011,Delhi,DEL,center,False,
2025-03-13 10:00:00,28.3,985.8,44.0,AWS-DEL-011,Delhi,DEL,center,False,
2025-03-13 11:00:00,26.4,985.9,51.0,AWS-DEL-011,Delhi,DEL,center,False,
2025-03-13 12:00:00,29.6,984.5,36.0,AWS-DEL-011,Delhi,DEL,center,False,
2025-03-13 13:00:00,31.2,983.2,32.0,AWS-DEL-011,Delhi,DEL,center,False,
2025-03-13 14:00:00,32.0,981.9,31.0,AWS-DEL-011,Delhi,DEL,center,False,
2025-03-13 15:00:00,31.0,981.7,33.0,AWS-DEL-011,Delhi,DEL,center,False,
2025-03-13 16:00:00,30.5,981.6,33.0,AWS-DEL-011,Delhi,DEL,center,False,
2025-03-13 17:00:00,28.198560468494968,976.2187868813329,53.36472393359871,AWS-DEL-011,Delhi,DEL,center,True,unstructured_anomaly
2025-03-13 18:00:00,32.15552569610465,974.5809388513993,38.72415023974813,AWS-DEL-011,Delhi,DEL,center,True,unstructured_anomaly
2025-03-13 19:00:00,31.461132268459075,974.0294999448411,72.62317055536894,AWS-DEL-011,Delhi,DEL,center,True,unstructured_anomaly
2025-03-13 20:00:00,18.70280005801547,990.0825856696075,41.0483052170996,AWS-DEL-011,Delhi,DEL,center,True,unstructured_anomaly
2025-03-13 21:00:00,18.209759670887586,989.9059610056864,73.09959543369709,AWS-DEL-011,Delhi,DEL,center,True,unstructured_anomaly
2025-03-13 22:00:00,16.74501680813309,990.6595126715436,79.56533743301284,AWS-DEL-011,Delhi,DEL,center,True,unstructured_anomaly
2025-03-13 23:00:00,16.9793795617309,990.3405177023056,79.87073849374823,AWS-DEL-011,Delhi,DEL,center,True,unstructured_anomaly
2025-03-14 00:00:00,16.180395533449953,990.3236866721095,83.77597832907247,AWS-DEL-011,Delhi,DEL,center,True,unstructured_anomaly
2025-03-14 01:00:00,21.9,982.5,64.0,AWS-DEL-011,Delhi,DEL,center,False,
2025-03-14 02:00:00,21.1,982.2,66.0,AWS-DEL-011,Delhi,DEL,center,False,
2025-03-14 03:00:00,20.5,981.9,68.0,AWS-DEL-011,Delhi,DEL,center,False,
2025-03-14 04:00:00,19.6,982.1,71.0,AWS-DEL-011,Delhi,DEL,center,False,
2025-03-14 05:00:00,12.058865326393605,990.3615975655553,93.7164491000587,AWS-DEL-011,Delhi,DEL,center,True,unstructured_anomaly
2025-03-14 06:00:00,13.107684293290944,991.4114754197229,68.54808071531458,AWS-DEL-011,Delhi,DEL,center,True,unstructured_anomaly
2025-03-14 07:00:00,14.375576973447687,992.3952300508241,95.0,AWS-DEL-011,Delhi,DEL,center,True,unstructured_anomaly
2025-03-14 08:00:00,17.129884327696494,994.2495092051832,55.130082899925824,AWS-DEL-011,Delhi,DEL,center,True,unstructured_anomaly
2025-03-14 09:00:00,26.5,986.8,55.0,AWS-DEL-011,Delhi,DEL,center,False,
2025-03-14 10:00:00,28.9,986.6,44.0,AWS-DEL-011,Delhi,DEL,center,False,
2025-03-14 11:00:00,30.7,986.4,37.0,AWS-DEL-011,Delhi,DEL,center,False,
2025-03-14 12:00:00,32.1,985.6,26.0,AWS-DEL-011,Delhi,DEL,center,False,
2025-03-14 13:00:00,32.8,984.4,22.0,AWS-DEL-011,Delhi,DEL,center,False,
2025-03-14 14:00:00,33.0,983.4,20.0,AWS-DEL-011,Delhi,DEL,center,False,
2025-03-14 15:00:00,33.2,982.7,19.0,AWS-DEL-011,Delhi,DEL,center,False,
2025-03-14 16:00:00,31.7,982.7,21.0,AWS-DEL-011,Delhi,DEL,center,False,
2025-03-14 17:00:00,30.4,982.9,26.0,AWS-DEL-011,Delhi,DEL,center,False,
2025-03-14 18:00:00,28.0,983.9,41.0,AWS-DEL-011,Delhi,DEL,center,False,
2025-03-14 19:00:00,27.3,984.6,49.0,AWS-DEL-011,Delhi,DEL,center,False,
2025-03-14 20:00:00,26.3,985.0,42.0,AWS-DEL-011,Delhi,DEL,center,False,
2025-03-14 21:00:00,24.2,985.9,58.0,AWS-DEL-011,Delhi,DEL,center,False,
2025-03-14 22:00:00,22.9,985.4,61.0,AWS-DEL-011,Delhi,DEL,center,False,
2025-03-14 23:00:00,22.6,974.7837165911536,59.0,AWS-DEL-011,Delhi,DEL,center,True,drift
2025-03-15 00:00:00,21.7,974.1066609236452,64.0,AWS-DEL-011,Delhi,DEL,center,True,drift
2025-03-15 01:00:00,20.9,973.1296052561368,66.0,AWS-DEL-011,Delhi,DEL,center,True,drift
2025-03-15 02:00:00,20.3,971.4525495886282,66.0,AWS-DEL-011,Delhi,DEL,center,True,drift
2025-03-15 03:00:00,19.9,970.9754939211197,66.0,AWS-DEL-011,Delhi,DEL,center,True,drift
2025-03-15 04:00:00,19.6,970.4984382536112,65.0,AWS-DEL-011,Delhi,DEL,center,True,drift
2025-03-15 05:00:00,19.0,970.3213825861027,66.0,AWS-DEL-011,Delhi,DEL,center,True,drift
2025-03-15 06:00:00,19.1,971.1443269185942,71.0,AWS-DEL-011,Delhi,DEL,center,True,drift
2025-03-15 07:00:00,19.5,971.2672712510856,68.0,AWS-DEL-011,Delhi,DEL,center,True,drift
2025-03-15 08:00:00,20.9,971.1902155835771,63.0,AWS-DEL-011,Delhi,DEL,center,True,drift
2025-03-15 09:00:00,23.0,970.9131599160686,55.0,AWS-DEL-011,Delhi,DEL,center,True,drift
2025-03-15 10:00:00,25.4,970.1361042485602,46.0,AWS-DEL-011,Delhi,DEL,center,True,drift
2025-03-15 11:00:00,27.2,969.0590485810516,42.0,AWS-DEL-011,Delhi,DEL,center,True,drift
2025-03-15 12:00:00,28.8,967.7819929135431,40.0,AWS-DEL-011,Delhi,DEL,center,True,drift
2025-03-15 13:00:00,30.2,966.3049372460346,40.0,AWS-DEL-011,Delhi,DEL,center,True,drift
2025-03-15 14:00:00,30.3,964.9278815785261,40.0,AWS-DEL-011,Delhi,DEL,center,True,drift
2025-03-15 15:00:00,30.3,963.6508259110176,40.0,AWS-DEL-011,Delhi,DEL,center,True,drift
2025-03-15 16:00:00,29.6,984.7,40.0,AWS-DEL-011,Delhi,DEL,center,True,frozen_value
2025-03-15 17:00:00,28.9,984.3,40.0,AWS-DEL-011,Delhi,DEL,center,True,frozen_value
2025-03-15 18:00:00,26.6,985.1,40.0,AWS-DEL-011,Delhi,DEL,center,True,frozen_value
2025-03-15 19:00:00,25.9,986.1,40.0,AWS-DEL-011,Delhi,DEL,center,True,frozen_value
2025-03-15 20:00:00,24.6,986.7,40.0,AWS-DEL-011,Delhi,DEL,center,True,frozen_value
2025-03-15 21:00:00,23.2,987.3,62.0,AWS-DEL-011,Delhi,DEL,center,False,
2025-03-15 22:00:00,22.4,987.5,63.0,AWS-DEL-011,Delhi,DEL,center,False,
2025-03-15 23:00:00,21.6,987.4,64.0,AWS-DEL-011,Delhi,DEL,center,False,
2025-03-16 00:00:00,20.8,987.3,66.0,AWS-DEL-011,Delhi,DEL,center,False,
2025-03-16 01:00:00,20.2,987.0,67.0,AWS-DEL-011,Delhi,DEL,center,False,
2025-03-16 02:00:00,19.4,986.8,70.0,AWS-DEL-011,Delhi,DEL,center,False,
2025-03-16 03:00:00,18.9,986.5,72.0,AWS-DEL-011,Delhi,DEL,center,False,
2025-03-16 04:00:00,18.3,986.8,74.0,AWS-DEL-011,Delhi,DEL,center,False,
2025-03-16 05:00:00,18.0,987.4,73.0,AWS-DEL-011,Delhi,DEL,center,False,
2025-03-16 06:00:00,19.2,987.3,73.0,AWS-DEL-011,Delhi,DEL,center,False,
2025-03-16 07:00:00,19.7,987.9,70.0,AWS-DEL-011,Delhi,DEL,center,False,
2025-03-16 08:00:00,21.5,988.7,63.0,AWS-DEL-011,Delhi,DEL,center,False,
2025-03-16 09:00:00,23.0,989.5,57.0,AWS-DEL-011,Delhi,DEL,center,False,
2025-03-16 10:00:00,25.5,989.6,49.0,AWS-DEL-011,Delhi,DEL,center,False,
2025-03-16 11:00:00,27.4,989.3,42.0,AWS-DEL-011,Delhi,DEL,center,False,
2025-03-16 12:00:00,29.0,988.2,32.0,AWS-DEL-011,Delhi,DEL,center,False,
2025-03-16 13:00:00,29.9,987.4,24.0,AWS-DEL-011,Delhi,DEL,center,False,
2025-03-16 14:00:00,29.7,986.4,23.0,AWS-DEL-011,Delhi,DEL,center,False,
2025-03-16 15:00:00,29.4,985.6,24.0,AWS-DEL-011,Delhi,DEL,center,False,
2025-03-16 16:00:00,28.5,985.4,25.0,AWS-DEL-011,Delhi,DEL,center,False,
2025-03-16 17:00:00,27.3,985.4,28.0,AWS-DEL-011,Delhi,DEL,center,False,
2025-03-16 18:00:00,36.75510178693063,985.6130744883044,57.40704060889144,AWS-DEL-011,Delhi,DEL,center,True,multivariate_inconsistency
2025-03-16 19:00:00,35.555101786930635,986.4355137683526,67.18123640792435,AWS-DEL-011,Delhi,DEL,center,True,multivariate_inconsistency
2025-03-16 20:00:00,34.45510178693063,987.0527477072307,73.14658022704485,AWS-DEL-011,Delhi,DEL,center,True,multivariate_inconsistency
2025-03-16 21:00:00,33.65510178693063,987.990190658674,77.15583688051223,AWS-DEL-011,Delhi,DEL,center,True,multivariate_inconsistency
2025-03-16 22:00:00,32.75510178693063,987.6026548396907,79.26962478996356,AWS-DEL-011,Delhi,DEL,center,True,multivariate_inconsistency
2025-03-16 23:00:00,21.4,987.2,43.0,AWS-DEL-011,Delhi,DEL,center,False,
2025-03-17 00:00:00,20.8,987.1,44.0,AWS-DEL-011,Delhi,DEL,center,False,
2025-03-17 01:00:00,20.0,987.0,46.0,AWS-DEL-011,Delhi,DEL,center,False,
2025-03-17 02:00:00,19.2,986.8,49.0,AWS-DEL-011,Delhi,DEL,center,False,
2025-03-17 03:00:00,18.6,986.5,51.0,AWS-DEL-011,Delhi,DEL,center,False,
2025-03-17 04:00:00,17.7,986.5,-0.011565127011600358,AWS-DEL-011,Delhi,DEL,center,True,sensor_fail_low
2025-03-17 05:00:00,17.6,0.05969904888606084,0.04683083174597158,AWS-DEL-011,Delhi,DEL,center,True,sensor_fail_low
2025-03-17 06:00:00,18.6,0.05153925248736649,0.022807381515699818,AWS-DEL-011,Delhi,DEL,center,True,sensor_fail_low
2025-03-17 07:00:00,19.3,-0.07876284345501434,-0.019967135402685573,AWS-DEL-011,Delhi,DEL,center,True,sensor_fail_low
2025-03-17 08:00:00,21.0,-0.014472440133008052,64.0,AWS-DEL-011,Delhi,DEL,center,True,sensor_fail_low
2025-03-17 09:00:00,23.5,989.8,54.0,AWS-DEL-011,Delhi,DEL,center,False,
2025-03-17 10:00:00,25.9,989.9,42.0,AWS-DEL-011,Delhi,DEL,center,False,
2025-03-17 11:00:00,27.3,989.8,32.0,AWS-DEL-011,Delhi,DEL,center,False,
2025-03-17 12:00:00,27.9,989.0,28.0,AWS-DEL-011,Delhi,DEL,center,False,
2025-03-17 13:00:00,28.2,988.1,28.0,AWS-DEL-011,Delhi,DEL,center,False,
2025-03-17 14:00:00,28.3,987.3,29.0,AWS-DEL-011,Delhi,DEL,center,False,
2025-03-17 15:00:00,27.9,986.7,29.0,AWS-DEL-011,Delhi,DEL,center,False,
2025-03-17 16:00:00,27.4,986.7,30.0,AWS-DEL-011,Delhi,DEL,center,False,
2025-03-17 17:00:00,26.4,986.9,32.0,AWS-DEL-011,Delhi,DEL,center,False,
2025-03-17 18:00:00,25.6,987.8,33.0,AWS-DEL-011,Delhi,DEL,center,False,
2025-03-17 19:00:00,24.5,988.7,38.0,AWS-DEL-011,Delhi,DEL,center,False,
2025-03-17 20:00:00,23.6,989.2,41.0,AWS-DEL-011,Delhi,DEL,center,False,
2025-03-17 21:00:00,22.7,989.5,43.0,AWS-DEL-011,Delhi,DEL,center,False,
2025-03-17 22:00:00,22.3,989.6,44.0,AWS-DEL-011,Delhi,DEL,center,False,
2025-03-17 23:00:00,28.98184041601423,989.7291346397187,78.05232856803337,AWS-DEL-011,Delhi,DEL,center,True,multivariate_inconsistency
2025-03-18 00:00:00,27.98184041601423,988.9017797608469,84.89303907860808,AWS-DEL-011,Delhi,DEL,center,True,multivariate_inconsistency
2025-03-18 01:00:00,27.48184041601423,989.0317118958558,86.6591144615013,AWS-DEL-011,Delhi,DEL,center,True,multivariate_inconsistency
2025-03-18 02:00:00,18.7,987.6,55.0,AWS-DEL-011,Delhi,DEL,center,False,
2025-03-18 03:00:00,18.1,987.0,57.0,AWS-DEL-011,Delhi,DEL,center,False,
2025-03-18 04:00:00,17.6,986.9,59.0,AWS-DEL-011,Delhi,DEL,center,False,
2025-03-18 05:00:00,17.1,986.9,60.0,AWS-DEL-011,Delhi,DEL,center,False,
2025-03-18 06:00:00,17.6,987.8,73.0,AWS-DEL-011,Delhi,DEL,center,False,
2025-03-18 07:00:00,18.6,988.8,68.0,AWS-DEL-011,Delhi,DEL,center,False,
2025-03-18 08:00:00,20.8,989.3,59.0,AWS-DEL-011,Delhi,DEL,center,False,
2025-03-18 09:00:00,23.5,989.8,47.0,AWS-DEL-011,Delhi,DEL,center,False,
2025-03-18 10:00:00,26.2,989.9,35.0,AWS-DEL-011,Delhi,DEL,center,False,
2025-03-18 11:00:00,27.8,989.3,29.0,AWS-DEL-011,Delhi,DEL,center,False,
2025-03-18 12:00:00,22.205601043559188,995.1744320302882,44.82460109277618,AWS-DEL-011,Delhi,DEL,center,True,unstructured_anomaly
2025-03-18 13:00:00,36.10517660938319,980.4891345481831,15.0,AWS-DEL-011,Delhi,DEL,center,True,unstructured_anomaly
2025-03-18 14:00:00,36.89335223109628,978.3330319473157,15.0,AWS-DEL-011,Delhi,DEL,center,True,unstructured_anomaly
2025-03-18 15:00:00,36.544325912613225,978.7855065635339,37.677323761139135,AWS-DEL-011,Delhi,DEL,center,True,unstructured_anomaly
2025-03-18 16:00:00,34.7255760075789,978.5724868198536,15.0,AWS-DEL-011,Delhi,DEL,center,True,unstructured_anomaly
2025-03-18 17:00:00,34.24060939289895,979.0774665445718,15.0,AWS-DEL-011,Delhi,DEL,center,True,unstructured_anomaly
2025-03-18 18:00:00,33.84420126071814,980.2842341642701,49.56951239297712,AWS-DEL-011,Delhi,DEL,center,True,unstructured_anomaly
2025-03-18 19:00:00,19.095741863759805,994.6457155344043,23.59117444435103,AWS-DEL-011,Delhi,DEL,center,True,unstructured_anomaly
2025-03-18 20:00:00,24.3,987.8,43.0,AWS-DEL-011,Delhi,DEL,center,False,
2025-03-18 21:00:00,23.4,988.2,44.0,AWS-DEL-011,Delhi,DEL,center,False,
2025-03-18 22:00:00,22.6,988.2,44.0,AWS-DEL-011,Delhi,DEL,center,False,
2025-03-18 23:00:00,22.3,988.3,43.0,AWS-DEL-011,Delhi,DEL,center,False,
2025-03-19 00:00:00,22.1,988.2,42.0,AWS-DEL-011,Delhi,DEL,center,False,
2025-03-19 01:00:00,21.0,988.1,46.0,AWS-DEL-011,Delhi,DEL,center,False,
2025-03-19 02:00:00,19.7,987.4,52.0,AWS-DEL-011,Delhi,DEL,center,False,
2025-03-19 03:00:00,18.9,987.0,55.0,AWS-DEL-011,Delhi,DEL,center,False,
2025-03-19 04:00:00,18.3,986.9,58.0,AWS-DEL-011,Delhi,DEL,center,False,
2025-03-19 05:00:00,17.8,987.0,61.0,AWS-DEL-011,Delhi,DEL,center,False,
2025-03-19 06:00:00,17.7,987.7,68.0,AWS-DEL-011,Delhi,DEL,center,False,
2025-03-19 07:00:00,19.0,988.7,63.0,AWS-DEL-011,Delhi,DEL,center,False,
2025-03-19 08:00:00,22.1,989.3,51.0,AWS-DEL-011,Delhi,DEL,center,False,
2025-03-19 09:00:00,25.7,990.2,39.0,AWS-DEL-011,Delhi,DEL,center,False,
2025-03-19 10:00:00,28.4,990.5,28.0,AWS-DEL-011,Delhi,DEL,center,False,
2025-03-19 11:00:00,30.2,990.2,22.0,AWS-DEL-011,Delhi,DEL,center,False,
2025-03-19 12:00:00,31.5,989.8,19.0,AWS-DEL-011,Delhi,DEL,center,False,
2025-03-19 13:00:00,32.1,988.8,18.0,AWS-DEL-011,Delhi,DEL,center,False,
2025-03-19 14:00:00,32.3,988.1,17.0,AWS-DEL-011,Delhi,DEL,center,False,
2025-03-19 15:00:00,31.8,987.7,18.0,AWS-DEL-011,Delhi,DEL,center,False,
2025-03-19 16:00:00,30.8,987.6,22.0,AWS-DEL-011,Delhi,DEL,center,False,
2025-03-19 17:00:00,29.6,987.8,26.0,AWS-DEL-011,Delhi,DEL,center,False,
2025-03-19 18:00:00,28.9,988.3,23.0,AWS-DEL-011,Delhi,DEL,center,False,
2025-03-19 19:00:00,27.5,989.1,29.0,AWS-DEL-011,Delhi,DEL,center,False,
2025-03-19 20:00:00,25.9,989.4,34.0,AWS-DEL-011,Delhi,DEL,center,False,
2025-03-19 21:00:00,24.9,990.1,36.0,AWS-DEL-011,Delhi,DEL,center,False,
2025-03-19 22:00:00,24.6,990.2,35.0,AWS-DEL-011,Delhi,DEL,center,False,
2025-03-19 23:00:00,24.0,990.4,35.0,AWS-DEL-011,Delhi,DEL,center,False,
2025-03-20 00:00:00,23.1,990.1,37.0,AWS-DEL-011,Delhi,DEL,center,False,
2025-03-20 01:00:00,22.3,989.9,38.0,AWS-DEL-011,Delhi,DEL,center,False,
2025-03-20 02:00:00,21.0,989.4,41.0,AWS-DEL-011,Delhi,DEL,center,False,
2025-03-20 03:00:00,20.2,977.879282541816,44.0,AWS-DEL-011,Delhi,DEL,center,True,drift
2025-03-20 04:00:00,19.6,977.2576478834349,45.0,AWS-DEL-011,Delhi,DEL,center,True,drift
2025-03-20 05:00:00,19.1,977.1360132250535,46.0,AWS-DEL-011,Delhi,DEL,center,True,drift
2025-03-20 06:00:00,20.6,977.5143785666722,62.0,AWS-DEL-011,Delhi,DEL,center,True,drift
2025-03-20 07:00:00,21.6,977.9927439082911,55.0,AWS-DEL-011,Delhi,DEL,center,True,drift
2025-03-20 08:00:00,24.0,978.3711092499098,47.0,AWS-DEL-011,Delhi,DEL,center,True,drift
2025-03-20 09:00:00,27.5,978.4494745915285,35.0,AWS-DEL-011,Delhi,DEL,center,True,drift
2025-03-20 10:00:00,30.3,978.4278399331472,22.0,AWS-DEL-011,Delhi,DEL,center,True,drift
2025-03-20 11:00:00,31.8,977.706205274766,17.0,AWS-DEL-011,Delhi,DEL,center,True,drift
2025-03-20 12:00:00,32.9,976.3845706163848,15.0,AWS-DEL-011,Delhi,DEL,center,True,drift
2025-03-20 13:00:00,33.0,974.8629359580035,14.0,AWS-DEL-011,Delhi,DEL,center,True,drift
2025-03-20 14:00:00,32.6,973.6413012996222,15.0,AWS-DEL-011,Delhi,DEL,center,True,drift
2025-03-20 15:00:00,32.1,972.4196666412411,17.0,AWS-DEL-011,Delhi,DEL,center,True,drift
2025-03-20 16:00:00,31.4,971.5980319828598,30.935419996615924,AWS-DEL-011,Delhi,DEL,center,True,drift
2025-03-20 17:00:00,30.1,971.1763973244786,34.127605292001796,AWS-DEL-011,Delhi,DEL,center,True,drift
2025-03-20 18:00:00,29.1,970.9547626660973,32.3875662090432,AWS-DEL-011,Delhi,DEL,center,True,drift
2025-03-20 19:00:00,27.3,970.833128007716,36.68122763641225,AWS-DEL-011,Delhi,DEL,center,True,drift
2025-03-20 20:00:00,26.4,971.3114933493348,42.99916525871759,AWS-DEL-011,Delhi,DEL,center,True,drift
2025-03-20 21:00:00,25.2,971.5898586909536,53.336467422642606,AWS-DEL-011,Delhi,DEL,center,True,drift
2025-03-20 22:00:00,24.6,990.3,55.69005007305424,AWS-DEL-011,Delhi,DEL,center,True,drift
2025-03-20 23:00:00,23.6,990.5,52.05777200991338,AWS-DEL-011,Delhi,DEL,center,True,drift
2025-03-21 00:00:00,22.7,990.0,50.43804846400741,AWS-DEL-011,Delhi,DEL,center,True,drift
2025-03-21 01:00:00,21.8,989.6,51.82965305675593,AWS-DEL-011,Delhi,DEL,center,True,drift
2025-03-21 02:00:00,21.3,989.1,53.2316049926482,AWS-DEL-011,Delhi,DEL,center,True,drift
2025-03-21 03:00:00,20.6,988.5,55.643099741682775,AWS-DEL-011,Delhi,DEL,center,True,drift
2025-03-21 04:00:00,20.2,988.5,57.063463932962165,AWS-DEL-011,Delhi,DEL,center,True,drift
2025-03-21 05:00:00,19.9,988.7,58.49212465270708,AWS-DEL-011,Delhi,DEL,center,True,drift
2025-03-21 06:00:00,19.4,989.7,77.92858777421887,AWS-DEL-011,Delhi,DEL,center,True,drift
2025-03-21 07:00:00,20.4,990.3,75.37242219779725,AWS-DEL-011,Delhi,DEL,center,True,drift
2025-03-21 08:00:00,22.5,991.2,68.82324809694887,AWS-DEL-011,Delhi,DEL,center,True,drift
2025-03-21 09:00:00,25.1,992.0,61.28072796262983,AWS-DEL-011,Delhi,DEL,center,True,drift
2025-03-21 10:00:00,27.7,992.1,53.74455965215845,AWS-DEL-011,Delhi,DEL,center,True,drift
2025-03-21 11:00:00,30.0,991.7,44.21447090645781,AWS-DEL-011,Delhi,DEL,center,True,drift
2025-03-21 12:00:00,31.5,990.8,38.69021496375033,AWS-DEL-011,Delhi,DEL,center,True,drift
2025-03-21 13:00:00,31.9,989.7,37.171567006074916,AWS-DEL-011,Delhi,DEL,center,True,drift
2025-03-21 14:00:00,32.0,988.5,36.65832124803253,AWS-DEL-011,Delhi,DEL,center,True,drift
2025-03-21 15:00:00,31.6,987.8,37.15028852753819,AWS-DEL-011,Delhi,DEL,center,True,drift
2025-03-21 16:00:00,31.610876355038545,987.3,39.6472942937872,AWS-DEL-011,Delhi,DEL,center,True,drift
2025-03-21 17:00:00,31.604806413043743,987.1,43.14917691300626,AWS-DEL-011,Delhi,DEL,center,True,drift
2025-03-21 18:00:00,31.60246347660491,988.0,46.65578623100781,AWS-DEL-011,Delhi,DEL,center,True,drift
2025-03-21 19:00:00,31.613714242577032,988.5,51.166982345179306,AWS-DEL-011,Delhi,DEL,center,True,drift
2025-03-21 20:00:00,31.617372185648,988.9,54.68263454871864,AWS-DEL-011,Delhi,DEL,center,True,drift
2025-03-21 21:00:00,31.613864207317533,989.1,32.0,AWS-DEL-011,Delhi,DEL,center,True,frozen_value
2025-03-21 22:00:00,31.60236817883281,989.0,33.0,AWS-DEL-011,Delhi,DEL,center,True,frozen_value
2025-03-21 23:00:00,31.57772296718597,988.8,34.0,AWS-DEL-011,Delhi,DEL,center,True,frozen_value
2025-03-22 00:00:00,21.7,988.1,36.0,AWS-DEL-011,Delhi,DEL,center,False,
2025-03-22 01:00:00,21.0,987.5,37.0,AWS-DEL-011,Delhi,DEL,center,False,
2025-03-22 02:00:00,20.6,986.6,39.0,AWS-DEL-011,Delhi,DEL,center,False,
2025-03-22 03:00:00,20.1,986.4,38.0,AWS-DEL-011,Delhi,DEL,center,False,
2025-03-22 04:00:00,18.6,986.3,44.0,AWS-DEL-011,Delhi,DEL,center,False,
2025-03-22 05:00:00,18.0,986.5,46.0,AWS-DEL-011,Delhi,DEL,center,False,
2025-03-22 06:00:00,19.4,987.7,52.0,AWS-DEL-011,Delhi,DEL,center,False,
2025-03-22 07:00:00,20.7,988.4,48.0,AWS-DEL-011,Delhi,DEL,center,False,
2025-03-22 08:00:00,23.1,989.4,41.0,AWS-DEL-011,Delhi,DEL,center,False,
2025-03-22 09:00:00,26.2,990.4,33.0,AWS-DEL-011,Delhi,DEL,center,False,
2025-03-22 10:00:00,28.9,990.1,27.0,AWS-DEL-011,Delhi,DEL,center,False,
2025-03-22 11:00:00,30.5,989.8,23.0,AWS-DEL-011,Delhi,DEL,center,False,
2025-03-22 12:00:00,31.3,989.0,20.0,AWS-DEL-011,Delhi,DEL,center,False,
2025-03-22 13:00:00,30.8,988.5,20.0,AWS-DEL-011,Delhi,DEL,center,False,
2025-03-22 14:00:00,31.2,987.7,19.0,AWS-DEL-011,Delhi,DEL,center,False,
2025-03-22 15:00:00,31.2,987.4,19.0,AWS-DEL-011,Delhi,DEL,center,False,
2025-03-22 16:00:00,30.9,987.3,19.0,AWS-DEL-011,Delhi,DEL,center,False,
2025-03-22 17:00:00,29.6,987.2,20.0,AWS-DEL-011,Delhi,DEL,center,False,
2025-03-22 18:00:00,28.5,987.8,22.0,AWS-DEL-011,Delhi,DEL,center,False,
2025-03-22 19:00:00,26.9,988.4,27.0,AWS-DEL-011,Delhi,DEL,center,False,
2025-03-22 20:00:00,25.4,988.9,34.0,AWS-DEL-011,Delhi,DEL,center,False,
2025-03-22 21:00:00,24.5,989.2,39.0,AWS-DEL-011,Delhi,DEL,center,False,
2025-03-22 22:00:00,23.6,989.2,40.0,AWS-DEL-011,Delhi,DEL,center,False,
2025-03-22 23:00:00,22.9,989.1,43.0,AWS-DEL-011,Delhi,DEL,center,False,
2025-03-23 00:00:00,22.3,988.9,44.0,AWS-DEL-011,Delhi,DEL,center,False,
2025-03-23 01:00:00,21.5,988.6,46.0,AWS-DEL-011,Delhi,DEL,center,False,
2025-03-23 02:00:00,20.5,988.1,49.0,AWS-DEL-011,Delhi,DEL,center,False,
2025-03-23 03:00:00,19.8,988.0,51.0,AWS-DEL-011,Delhi,DEL,center,False,
2025-03-23 04:00:00,18.9,988.3,53.0,AWS-DEL-011,Delhi,DEL,center,False,
2025-03-23 05:00:00,18.5,988.5,54.0,AWS-DEL-011,Delhi,DEL,center,False,
2025-03-23 06:00:00,18.6,989.4,62.0,AWS-DEL-011,Delhi,DEL,center,False,
2025-03-23 07:00:00,20.8,990.4,52.0,AWS-DEL-011,Delhi,DEL,center,False,
2025-03-23 08:00:00,24.1,991.6,41.0,AWS-DEL-011,Delhi,DEL,center,False,
2025-03-23 09:00:00,27.3,992.3,31.0,AWS-DEL-011,Delhi,DEL,center,False,
2025-03-23 10:00:00,29.3,992.3,25.0,AWS-DEL-011,Delhi,DEL,center,False,
2025-03-23 11:00:00,30.4,992.0,23.0,AWS-DEL-011,Delhi,DEL,center,False,
2025-03-23 12:00:00,31.3,991.3,21.0,AWS-DEL-011,Delhi,DEL,center,False,
2025-03-23 13:00:00,32.1,990.3,19.0,AWS-DEL-011,Delhi,DEL,center,False,
2025-03-23 14:00:00,32.6,989.5,18.0,AWS-DEL-011,Delhi,DEL,center,False,
2025-03-23 15:00:00,32.7,988.8,17.0,AWS-DEL-011,Delhi,DEL,center,False,
2025-03-23 16:00:00,32.3,988.7,17.0,AWS-DEL-011,Delhi,DEL,center,False,
2025-03-23 17:00:00,31.1,988.6,17.0,AWS-DEL-011,Delhi,DEL,center,False,
2025-03-23 18:00:00,29.7,989.5,21.0,AWS-DEL-011,Delhi,DEL,center,False,
2025-03-23 19:00:00,28.3,989.9,23.0,AWS-DEL-011,Delhi,DEL,center,False,
2025-03-23 20:00:00,27.0,990.0,27.0,AWS-DEL-011,Delhi,DEL,center,False,
2025-03-23 21:00:00,25.8,990.1,30.0,AWS-DEL-011,Delhi,DEL,center,False,
2025-03-23 22:00:00,25.2,990.2,32.0,AWS-DEL-011,Delhi,DEL,center,False,
2025-03-23 23:00:00,24.1,989.9,37.0,AWS-DEL-011,Delhi,DEL,center,False,
2025-03-24 00:00:00,23.3,989.3,39.0,AWS-DEL-011,Delhi,DEL,center,False,
2025-03-24 01:00:00,22.5,989.0,42.0,AWS-DEL-011,Delhi,DEL,center,False,
2025-03-24 02:00:00,22.2,988.1,42.0,AWS-DEL-011,Delhi,DEL,center,False,
2025-03-24 03:00:00,22.2,987.8,43.0,AWS-DEL-011,Delhi,DEL,center,False,
2025-03-24 04:00:00,21.5,987.8,44.0,AWS-DEL-011,Delhi,DEL,center,False,
2025-03-24 05:00:00,20.0,988.2,49.0,AWS-DEL-011,Delhi,DEL,center,False,
2025-03-24 06:00:00,20.1,989.9,55.0,AWS-DEL-011,Delhi,DEL,center,False,
2025-03-24 07:00:00,21.1,990.7,52.0,AWS-DEL-011,Delhi,DEL,center,False,
2025-03-24 08:00:00,24.0,991.7,43.0,AWS-DEL-011,Delhi,DEL,center,False,
2025-03-24 09:00:00,27.5,992.1,34.0,AWS-DEL-011,Delhi,DEL,center,False,
2025-03-24 10:00:00,30.1,992.1,26.0,AWS-DEL-011,Delhi,DEL,center,False,
2025-03-24 11:00:00,31.6,991.8,21.0,AWS-DEL-011,Delhi,DEL,center,False,
2025-03-24 12:00:00,32.7,990.7,19.0,AWS-DEL-011,Delhi,DEL,center,False,
2025-03-24 13:00:00,33.5,989.4,17.0,AWS-DEL-011,Delhi,DEL,center,False,
2025-03-24 14:00:00,33.9,988.2,16.0,AWS-DEL-011,Delhi,DEL,center,False,
2025-03-24 15:00:00,33.9,987.8,16.0,AWS-DEL-011,Delhi,DEL,center,False,
2025-03-24 16:00:00,33.5,987.3,16.0,AWS-DEL-011,Delhi,DEL,center,False,
2025-03-24 17:00:00,32.7,987.3,17.0,AWS-DEL-011,Delhi,DEL,center,False,
2025-03-24 18:00:00,31.1,987.2,19.0,AWS-DEL-011,Delhi,DEL,center,False,
2025-03-24 19:00:00,29.4,987.6,21.0,AWS-DEL-011,Delhi,DEL,center,False,
2025-03-24 20:00:00,28.3,988.5,26.0,AWS-DEL-011,Delhi,DEL,center,False,
2025-03-24 21:00:00,27.3,,30.0,AWS-DEL-011,Delhi,DEL,center,True,dropout
2025-03-24 22:00:00,26.4,988.8,34.0,AWS-DEL-011,Delhi,DEL,center,False,
2025-03-24 23:00:00,25.0,988.2,39.0,AWS-DEL-011,Delhi,DEL,center,False,
2025-03-25 00:00:00,24.2,987.3,41.0,AWS-DEL-011,Delhi,DEL,center,False,
2025-03-25 01:00:00,23.5,986.8,43.0,AWS-DEL-011,Delhi,DEL,center,False,
2025-03-25 02:00:00,22.6,986.0,47.0,AWS-DEL-011,Delhi,DEL,center,False,
2025-03-25 03:00:00,21.8,985.5,51.0,AWS-DEL-011,Delhi,DEL,center,False,
2025-03-25 04:00:00,21.2,985.3,53.0,AWS-DEL-011,Delhi,DEL,center,False,
2025-03-25 05:00:00,20.9,985.2,53.0,AWS-DEL-011,Delhi,DEL,center,False,
2025-03-25 06:00:00,21.0,986.1,55.0,AWS-DEL-011,Delhi,DEL,center,False,
2025-03-25 07:00:00,22.2,986.7,49.0,AWS-DEL-011,Delhi,DEL,center,False,
2025-03-25 08:00:00,25.2,987.5,41.0,AWS-DEL-011,Delhi,DEL,center,False,
2025-03-25 09:00:00,29.0,988.1,30.0,AWS-DEL-011,Delhi,DEL,center,False,
2025-03-25 10:00:00,31.8,987.9,22.0,AWS-DEL-011,Delhi,DEL,center,False,
2025-03-25 11:00:00,33.6,987.0,19.0,AWS-DEL-011,Delhi,DEL,center,False,
2025-03-25 12:00:00,34.9,986.2,17.0,AWS-DEL-011,Delhi,DEL,center,False,
2025-03-25 13:00:00,35.8,985.0,15.0,AWS-DEL-011,Delhi,DEL,center,False,
2025-03-25 14:00:00,36.4,983.8,14.0,AWS-DEL-011,Delhi,DEL,center,False,
2025-03-25 15:00:00,36.4,983.0,13.0,AWS-DEL-011,Delhi,DEL,center,False,
2025-03-25 16:00:00,35.9,982.6,12.0,AWS-DEL-011,Delhi,DEL,center,False,
2025-03-25 17:00:00,35.2,982.5,12.0,AWS-DEL-011,Delhi,DEL,center,False,
2025-03-25 18:00:00,33.1,983.0,16.0,AWS-DEL-011,Delhi,DEL,center,False,
2025-03-25 19:00:00,31.3,983.4,23.0,AWS-DEL-011,Delhi,DEL,center,False,
2025-03-25 20:00:00,29.9,983.9,26.0,AWS-DEL-011,Delhi,DEL,center,False,
2025-03-25 21:00:00,28.8,984.3,31.0,AWS-DEL-011,Delhi,DEL,center,False,
2025-03-25 22:00:00,27.2,984.0,37.0,AWS-DEL-011,Delhi,DEL,center,False,
2025-03-25 23:00:00,26.5,983.4,39.0,AWS-DEL-011,Delhi,DEL,center,False,
2025-03-26 00:00:00,25.1,982.8,43.0,AWS-DEL-011,Delhi,DEL,center,False,
2025-03-26 01:00:00,24.1,982.2,45.0,AWS-DEL-011,Delhi,DEL,center,False,
2025-03-26 02:00:00,23.6,981.5,45.0,AWS-DEL-011,Delhi,DEL,center,False,
2025-03-26 03:00:00,22.7,981.1,47.0,AWS-DEL-011,Delhi,DEL,center,False,
2025-03-26 04:00:00,22.6,981.2,48.0,AWS-DEL-011,Delhi,DEL,center,False,
2025-03-26 05:00:00,22.3,981.4,49.0,AWS-DEL-011,Delhi,DEL,center,False,
2025-03-26 06:00:00,21.8,982.0,56.0,AWS-DEL-011,Delhi,DEL,center,False,
2025-03-26 07:00:00,23.4,982.9,50.0,AWS-DEL-011,Delhi,DEL,center,False,
2025-03-26 08:00:00,27.6,984.0,38.0,AWS-DEL-011,Delhi,DEL,center,False,
2025-03-26 09:00:00,31.2,984.9,29.0,AWS-DEL-011,Delhi,DEL,center,False,
2025-03-26 10:00:00,34.0,984.9,20.0,AWS-DEL-011,Delhi,DEL,center,False,
2025-03-26 11:00:00,35.7,984.7,16.0,AWS-DEL-011,Delhi,DEL,center,False,
2025-03-26 12:00:00,36.8,983.9,14.0,AWS-DEL-011,Delhi,DEL,center,False,
2025-03-26 13:00:00,37.6,982.7,12.0,AWS-DEL-011,Delhi,DEL,center,False,
2025-03-26 14:00:00,37.9,981.6,12.0,AWS-DEL-011,Delhi,DEL,center,False,
2025-03-26 15:00:00,37.8,964.7487329177005,11.0,AWS-DEL-011,Delhi,DEL,center,True,spike
2025-03-26 16:00:00,37.0,964.5487329177006,11.0,AWS-DEL-011,Delhi,DEL,center,True,spike
2025-03-26 17:00:00,36.0,964.5487329177006,13.0,AWS-DEL-011,Delhi,DEL,center,True,spike
2025-03-26 18:00:00,34.2,964.6487329177005,16.0,AWS-DEL-011,Delhi,DEL,center,True,spike
2025-03-26 19:00:00,32.8,965.1487329177005,16.0,AWS-DEL-011,Delhi,DEL,center,True,spike
2025-03-26 20:00:00,31.3,982.1,18.0,AWS-DEL-011,Delhi,DEL,center,False,
2025-03-26 21:00:00,30.2,982.8,24.0,AWS-DEL-011,Delhi,DEL,center,False,
2025-03-26 22:00:00,28.5,982.7,29.0,AWS-DEL-011,Delhi,DEL,center,False,
2025-03-26 23:00:00,27.2,982.4,32.0,AWS-DEL-011,Delhi,DEL,center,False,
2025-03-27 00:00:00,26.5,982.3,34.0,AWS-DEL-011,Delhi,DEL,center,False,
2025-03-27 01:00:00,26.0,981.9,35.0,AWS-DEL-011,Delhi,DEL,center,False,
2025-03-27 02:00:00,25.6,981.2,36.0,AWS-DEL-011,Delhi,DEL,center,False,
2025-03-27 03:00:00,25.2,981.0,37.0,AWS-DEL-011,Delhi,DEL,center,False,
2025-03-27 04:00:00,25.0,981.0,36.0,AWS-DEL-011,Delhi,DEL,center,False,
2025-03-27 05:00:00,24.2,981.5,37.0,AWS-DEL-011,Delhi,DEL,center,False,
2025-03-27 06:00:00,24.1,982.4,41.0,AWS-DEL-011,Delhi,DEL,center,False,
2025-03-27 07:00:00,24.7,983.0,39.0,AWS-DEL-011,Delhi,DEL,center,False,
2025-03-27 08:00:00,27.2,983.9,33.0,AWS-DEL-011,Delhi,DEL,center,False,
2025-03-27 09:00:00,30.4,984.5,27.0,AWS-DEL-011,Delhi,DEL,center,False,
2025-03-27 10:00:00,32.6,984.7,23.0,AWS-DEL-011,Delhi,DEL,center,False,
2025-03-27 11:00:00,34.3,984.5,21.0,AWS-DEL-011,Delhi,DEL,center,False,
2025-03-27 12:00:00,35.6,983.7,19.0,AWS-DEL-011,Delhi,DEL,center,False,
2025-03-27 13:00:00,36.2,982.9,17.0,AWS-DEL-011,Delhi,DEL,center,False,
2025-03-27 14:00:00,36.2,982.0,16.0,AWS-DEL-011,Delhi,DEL,center,False,
2025-03-27 15:00:00,35.9,981.1,16.0,AWS-DEL-011,Delhi,DEL,center,False,
2025-03-27 16:00:00,35.7,980.6,17.0,AWS-DEL-011,Delhi,DEL,center,False,
2025-03-27 17:00:00,34.9,980.4,18.0,AWS-DEL-011,Delhi,DEL,center,False,
2025-03-27 18:00:00,33.4,980.4,20.0,AWS-DEL-011,Delhi,DEL,center,False,
2025-03-27 19:00:00,,980.8,22.0,AWS-DEL-011,Delhi,DEL,center,True,dropout
2025-03-27 20:00:00,30.4,981.2,26.0,AWS-DEL-011,Delhi,DEL,center,False,
2025-03-27 21:00:00,29.3,981.6,28.0,AWS-DEL-011,Delhi,DEL,center,False,
2025-03-27 22:00:00,29.1,981.7,30.0,AWS-DEL-011,Delhi,DEL,center,False,
2025-03-27 23:00:00,28.1,981.9,31.0,AWS-DEL-011,Delhi,DEL,center,False,
2025-03-28 00:00:00,26.7,981.9,33.0,AWS-DEL-011,Delhi,DEL,center,False,
2025-03-28 01:00:00,25.1,981.6,38.0,AWS-DEL-011,Delhi,DEL,center,False,
2025-03-28 02:00:00,24.0,981.5,44.0,AWS-DEL-011,Delhi,DEL,center,False,
2025-03-28 03:00:00,23.6,981.6,39.0,AWS-DEL-011,Delhi,DEL,center,False,
2025-03-28 04:00:00,22.7,982.4,29.0,AWS-DEL-011,Delhi,DEL,center,False,
2025-03-28 05:00:00,22.0,983.3,31.0,AWS-DEL-011,Delhi,DEL,center,False,
2025-03-28 06:00:00,21.8,984.3,37.0,AWS-DEL-011,Delhi,DEL,center,False,
2025-03-28 07:00:00,22.8,985.2,34.0,AWS-DEL-011,Delhi,DEL,center,False,
2025-03-28 08:00:00,24.6,986.3,30.0,AWS-DEL-011,Delhi,DEL,center,False,
2025-03-28 09:00:00,26.3,987.2,28.0,AWS-DEL-011,Delhi,DEL,center,False,
2025-03-28 10:00:00,27.9,987.4,25.0,AWS-DEL-011,Delhi,DEL,center,False,
2025-03-28 11:00:00,29.7,987.1,19.0,AWS-DEL-011,Delhi,DEL,center,False,
2025-03-28 12:00:00,30.7,986.6,14.0,AWS-DEL-011,Delhi,DEL,center,False,
2025-03-28 13:00:00,31.0,985.9,12.0,AWS-DEL-011,Delhi,DEL,center,False,
2025-03-28 14:00:00,31.0,984.9,12.0,AWS-DEL-011,Delhi,DEL,center,False,
2025-03-28 15:00:00,30.5,984.0,12.0,AWS-DEL-011,Delhi,DEL,center,False,
2025-03-28 16:00:00,29.8,984.0,12.0,AWS-DEL-011,Delhi,DEL,center,False,
2025-03-28 17:00:00,-0.7419548839889352,983.8,13.0,AWS-DEL-011,Delhi,DEL,center,True,spike
2025-03-28 18:00:00,27.7,984.3,19.0,AWS-DEL-011,Delhi,DEL,center,False,
2025-03-28 19:00:00,26.3,985.0,23.0,AWS-DEL-011,Delhi,DEL,center,False,
2025-03-28 20:00:00,25.2,985.9,24.0,AWS-DEL-011,Delhi,DEL,center,False,
2025-03-28 21:00:00,24.0,986.5,22.0,AWS-DEL-011,Delhi,DEL,center,False,
2025-03-28 22:00:00,23.0,986.7,20.0,AWS-DEL-011,Delhi,DEL,center,False,
2025-03-28 23:00:00,22.1,986.5,19.0,AWS-DEL-011,Delhi,DEL,center,False,
2025-03-29 00:00:00,21.2,986.4,18.0,AWS-DEL-011,Delhi,DEL,center,False,
2025-03-29 01:00:00,20.3,985.7,18.0,AWS-DEL-011,Delhi,DEL,center,False,
2025-03-29 02:00:00,19.5,985.1,19.0,AWS-DEL-011,Delhi,DEL,center,False,
2025-03-29 03:00:00,18.6,984.8,21.0,AWS-DEL-011,Delhi,DEL,center,False,
2025-03-29 04:00:00,17.9,984.7,23.0,AWS-DEL-011,Delhi,DEL,center,False,
2025-03-29 05:00:00,17.4,984.8,24.0,AWS-DEL-011,Delhi,DEL,center,False,
2025-03-29 06:00:00,16.2,985.4,32.0,AWS-DEL-011,Delhi,DEL,center,False,
2025-03-29 07:00:00,16.8,986.0,32.0,AWS-DEL-011,Delhi,DEL,center,False,
2025-03-29 08:00:00,18.9,986.6,29.0,AWS-DEL-011,Delhi,DEL,center,False,
2025-03-29 09:00:00,21.4,987.3,26.0,AWS-DEL-011,Delhi,DEL,center,False,
2025-03-29 10:00:00,23.9,987.5,22.0,AWS-DEL-011,Delhi,DEL,center,False,
2025-03-29 11:00:00,25.9,987.0,19.0,AWS-DEL-011,Delhi,DEL,center,False,
2025-03-29 12:00:00,27.3,986.2,17.0,AWS-DEL-011,Delhi,DEL,center,False,
2025-03-29 13:00:00,28.5,985.2,16.0,AWS-DEL-011,Delhi,DEL,center,False,
2025-03-29 14:00:00,28.8,984.4,17.0,AWS-DEL-011,Delhi,DEL,center,False,
2025-03-29 15:00:00,28.9,983.8,19.0,AWS-DEL-011,Delhi,DEL,center,False,
2025-03-29 16:00:00,28.5,983.3,20.0,AWS-DEL-011,Delhi,DEL,center,False,
2025-03-29 17:00:00,27.5,983.2,19.0,AWS-DEL-011,Delhi,DEL,center,False,
2025-03-29 18:00:00,26.0,984.1,21.0,AWS-DEL-011,Delhi,DEL,center,False,
2025-03-29 19:00:00,25.3,984.6,23.0,AWS-DEL-011,Delhi,DEL,center,False,
2025-03-29 20:00:00,24.7,985.3,22.0,AWS-DEL-011,Delhi,DEL,center,False,
2025-03-29 21:00:00,24.0,985.9,20.0,AWS-DEL-011,Delhi,DEL,center,False,
2025-03-29 22:00:00,23.1,985.9,21.0,AWS-DEL-011,Delhi,DEL,center,False,
2025-03-29 23:00:00,22.6,985.8,21.0,AWS-DEL-011,Delhi,DEL,center,False,
2025-03-30 00:00:00,22.0,985.4,22.0,AWS-DEL-011,Delhi,DEL,center,False,
2025-03-30 01:00:00,21.1,984.9,23.0,AWS-DEL-011,Delhi,DEL,center,False,
2025-03-30 02:00:00,20.2,984.3,25.0,AWS-DEL-011,Delhi,DEL,center,False,
2025-03-30 03:00:00,19.4,984.0,26.0,AWS-DEL-011,Delhi,DEL,center,False,
2025-03-30 04:00:00,18.6,984.0,27.0,AWS-DEL-011,Delhi,DEL,center,False,
2025-03-30 05:00:00,18.0,984.4,28.0,AWS-DEL-011,Delhi,DEL,center,False,
2025-03-30 06:00:00,17.5,985.2,33.0,AWS-DEL-011,Delhi,DEL,center,False,
2025-03-30 07:00:00,18.7,986.0,31.0,AWS-DEL-011,Delhi,DEL,center,False,
2025-03-30 08:00:00,21.1,986.9,28.0,AWS-DEL-011,Delhi,DEL,center,False,
2025-03-30 09:00:00,24.1,987.9,23.0,AWS-DEL-011,Delhi,DEL,center,False,
2025-03-30 10:00:00,27.0,988.2,18.0,AWS-DEL-011,Delhi,DEL,center,False,
2025-03-30 11:00:00,29.1,988.1,14.0,AWS-DEL-011,Delhi,DEL,center,False,
2025-03-30 12:00:00,30.4,987.5,13.0,AWS-DEL-011,Delhi,DEL,center,False,
2025-03-30 13:00:00,31.1,986.6,14.0,AWS-DEL-011,Delhi,DEL,center,False,
2025-03-30 14:00:00,31.5,985.6,14.0,AWS-DEL-011,Delhi,DEL,center,False,
2025-03-30 15:00:00,31.4,985.2,14.0,AWS-DEL-011,Delhi,DEL,center,False,
2025-03-30 16:00:00,30.7,984.8,16.0,AWS-DEL-011,Delhi,DEL,center,False,
2025-03-30 17:00:00,29.7,984.7,17.0,AWS-DEL-011,Delhi,DEL,center,False,
2025-03-30 18:00:00,28.2,985.1,19.0,AWS-DEL-011,Delhi,DEL,center,False,
2025-03-30 19:00:00,27.0,985.5,21.0,AWS-DEL-011,Delhi,DEL,center,False,
2025-03-30 20:00:00,25.9,986.2,23.0,AWS-DEL-011,Delhi,DEL,center,False,
2025-03-30 21:00:00,25.0,986.8,24.0,AWS-DEL-011,Delhi,DEL,center,False,
2025-03-30 22:00:00,24.3,987.0,24.0,AWS-DEL-011,Delhi,DEL,center,False,
2025-03-30 23:00:00,23.7,986.8,24.0,AWS-DEL-011,Delhi,DEL,center,False,
2025-03-31 00:00:00,22.4,986.7,25.0,AWS-DEL-011,Delhi,DEL,center,False,
2025-03-31 01:00:00,21.3,986.1,26.0,AWS-DEL-011,Delhi,DEL,center,False,
2025-03-31 02:00:00,20.6,985.5,27.0,AWS-DEL-011,Delhi,DEL,center,False,
2025-03-31 03:00:00,19.8,985.2,27.0,AWS-DEL-011,Delhi,DEL,center,False,
2025-03-31 04:00:00,19.1,985.2,28.0,AWS-DEL-011,Delhi,DEL,center,False,
2025-03-31 05:00:00,18.3,985.4,30.0,AWS-DEL-011,Delhi,DEL,center,False,
2025-03-31 06:00:00,17.6,986.2,37.0,AWS-DEL-011,Delhi,DEL,center,False,
2025-03-31 07:00:00,19.2,987.0,34.0,AWS-DEL-011,Delhi,DEL,center,False,
2025-03-31 08:00:00,22.0,987.9,30.0,AWS-DEL-011,Delhi,DEL,center,False,
2025-03-31 09:00:00,25.5,988.3,25.0,AWS-DEL-011,Delhi,DEL,center,False,
2025-03-31 10:00:00,28.8,988.5,20.0,AWS-DEL-011,Delhi,DEL,center,False,
2025-03-31 11:00:00,31.1,988.2,15.0,AWS-DEL-011,Delhi,DEL,center,False,
2025-03-31 12:00:00,32.7,987.5,13.0,AWS-DEL-011,Delhi,DEL,center,False,
2025-03-31 13:00:00,33.6,986.7,12.0,AWS-DEL-011,Delhi,DEL,center,False,
2025-03-31 14:00:00,33.9,985.7,12.0,AWS-DEL-011,Delhi,DEL,center,False,
2025-03-31 15:00:00,33.7,984.8,11.0,AWS-DEL-011,Delhi,DEL,center,False,
2025-03-31 16:00:00,33.0,984.5,11.0,AWS-DEL-011,Delhi,DEL,center,False,
2025-03-31 17:00:00,31.8,984.2,13.0,AWS-DEL-011,Delhi,DEL,center,False,
2025-03-31 18:00:00,30.6,984.7,14.0,AWS-DEL-011,Delhi,DEL,center,False,
2025-03-31 19:00:00,28.5,985.2,19.0,AWS-DEL-011,Delhi,DEL,center,False,
2025-03-31 20:00:00,27.3,985.6,21.0,AWS-DEL-011,Delhi,DEL,center,False,
2025-03-31 21:00:00,26.5,985.8,20.0,AWS-DEL-011,Delhi,DEL,center,False,
2025-03-31 22:00:00,26.4,985.7,18.0,AWS-DEL-011,Delhi,DEL,center,False,
2025-03-31 23:00:00,25.0,985.4,20.0,AWS-DEL-011,Delhi,DEL,center,False,
