timestamp,temperature_c,pressure_hpa,humidity_pct,station_id,station_name,cluster_id,role,is_anomaly,fault_type
2025-01-01 00:00:00,25.0,1013.4,73.0,AWS-MUM-101,Thane,MUM,neighbor,False,
2025-01-01 01:00:00,24.6,1012.9,74.0,AWS-MUM-101,Thane,MUM,neighbor,False,
2025-01-01 02:00:00,24.4,1012.3,73.0,AWS-MUM-101,Thane,MUM,neighbor,False,
2025-01-01 03:00:00,23.9,1011.8,74.0,AWS-MUM-101,Thane,MUM,neighbor,False,
2025-01-01 04:00:00,23.0,1011.6,77.0,AWS-MUM-101,Thane,MUM,neighbor,False,
2025-01-01 05:00:00,22.2,1011.9,81.0,AWS-MUM-101,Thane,MUM,neighbor,False,
2025-01-01 06:00:00,21.2,1012.5,88.0,AWS-MUM-101,Thane,MUM,neighbor,False,
2025-01-01 07:00:00,20.9,1013.0,88.0,AWS-MUM-101,Thane,MUM,neighbor,False,
2025-01-01 08:00:00,22.2,1013.9,80.0,AWS-MUM-101,Thane,MUM,neighbor,False,
2025-01-01 09:00:00,25.0,1014.6,64.0,AWS-MUM-101,Thane,MUM,neighbor,False,
2025-01-01 10:00:00,28.0,1014.7,51.0,AWS-MUM-101,Thane,MUM,neighbor,False,
2025-01-01 11:00:00,30.4,1014.2,43.0,AWS-MUM-101,Thane,MUM,neighbor,False,
2025-01-01 12:00:00,32.2,1013.3,37.0,AWS-MUM-101,Thane,MUM,neighbor,False,
2025-01-01 13:00:00,33.3,1011.7,31.0,AWS-MUM-101,Thane,MUM,neighbor,False,
2025-01-01 14:00:00,33.8,1010.7,30.0,AWS-MUM-101,Thane,MUM,neighbor,False,
2025-01-01 15:00:00,33.8,1009.8,30.0,AWS-MUM-101,Thane,MUM,neighbor,False,
2025-01-01 16:00:00,33.0,1009.6,33.0,AWS-MUM-101,Thane,MUM,neighbor,False,
2025-01-01 17:00:00,30.5,1009.8,47.0,AWS-MUM-101,Thane,MUM,neighbor,False,
2025-01-01 18:00:00,,1010.5,59.0,AWS-MUM-101,Thane,MUM,neighbor,True,dropout
2025-01-01 19:00:00,27.2,1011.2,60.0,AWS-MUM-101,Thane,MUM,neighbor,False,
2025-01-01 20:00:00,26.9,1012.2,60.0,AWS-MUM-101,Thane,MUM,neighbor,False,
2025-01-01 21:00:00,26.5,1012.8,60.0,AWS-MUM-101,Thane,MUM,neighbor,False,
2025-01-01 22:00:00,25.9,1013.2,62.0,AWS-MUM-101,Thane,MUM,neighbor,False,
2025-01-01 23:00:00,162.76121059860478,1013.2964894918226,100.0,AWS-MUM-101,Thane,MUM,neighbor,True,multivariate_inconsistency
2025-01-02 00:00:00,161.5612105986048,1019.972330385452,100.0,AWS-MUM-101,Thane,MUM,neighbor,True,multivariate_inconsistency
2025-01-02 01:00:00,160.76121059860478,1013.1040406495803,100.0,AWS-MUM-101,Thane,MUM,neighbor,True,multivariate_inconsistency
2025-01-02 02:00:00,22.4,1012.2,81.0,AWS-MUM-101,Thane,MUM,neighbor,False,
2025-01-02 03:00:00,21.7,1011.8,85.0,AWS-MUM-101,Thane,MUM,neighbor,False,
2025-01-02 04:00:00,21.1,1011.6,88.0,AWS-MUM-101,Thane,MUM,neighbor,False,
2025-01-02 05:00:00,20.5,1011.7,91.0,AWS-MUM-101,Thane,MUM,neighbor,False,
2025-01-02 06:00:00,20.0,1012.2,92.0,AWS-MUM-101,Thane,MUM,neighbor,False,
2025-01-02 07:00:00,19.8,1012.8,93.0,AWS-MUM-101,Thane,MUM,neighbor,False,
2025-01-02 08:00:00,21.2,1013.7,82.0,AWS-MUM-101,Thane,MUM,neighbor,True,drift
2025-01-02 09:00:00,24.0,1014.4,82.45820906460641,AWS-MUM-101,Thane,MUM,neighbor,True,drift
2025-01-02 10:00:00,27.2,1014.5,83.65780702563738,AWS-MUM-101,Thane,MUM,neighbor,True,drift
2025-01-02 11:00:00,29.9,1013.8,85.51911821601247,AWS-MUM-101,Thane,MUM,neighbor,True,drift
2025-01-02 12:00:00,32.1,1012.9,88.0039537472252,AWS-MUM-101,Thane,MUM,neighbor,True,drift
2025-01-02 13:00:00,33.5,1011.6,91.0870190702125,AWS-MUM-101,Thane,MUM,neighbor,True,drift
2025-01-02 14:00:00,34.3,1010.6,94.74952936552344,AWS-MUM-101,Thane,MUM,neighbor,True,drift
2025-01-02 15:00:00,34.5,1010.0,98.97662369788688,AWS-MUM-101,Thane,MUM,neighbor,True,drift
2025-01-02 16:00:00,34.0,1009.9,100.0,AWS-MUM-101,Thane,MUM,neighbor,True,drift
2025-01-02 17:00:00,31.7,1010.2,100.0,AWS-MUM-101,Thane,MUM,neighbor,True,drift
2025-01-02 18:00:00,28.9,1010.7,100.0,AWS-MUM-101,Thane,MUM,neighbor,True,drift
2025-01-02 19:00:00,27.6,1011.6,100.0,AWS-MUM-101,Thane,MUM,neighbor,True,drift
2025-01-02 20:00:00,27.3,1012.4,100.0,AWS-MUM-101,Thane,MUM,neighbor,True,drift
2025-01-02 21:00:00,26.7,1012.9,100.0,AWS-MUM-101,Thane,MUM,neighbor,True,drift
2025-01-02 22:00:00,25.9,1013.1,100.0,AWS-MUM-101,Thane,MUM,neighbor,True,drift
2025-01-02 23:00:00,24.5,1013.2,100.0,AWS-MUM-101,Thane,MUM,neighbor,True,drift
2025-01-03 00:00:00,23.3,1013.1,100.0,AWS-MUM-101,Thane,MUM,neighbor,True,drift
2025-01-03 01:00:00,22.0,1012.6,100.0,AWS-MUM-101,Thane,MUM,neighbor,True,drift
2025-01-03 02:00:00,21.3,1012.1,100.0,AWS-MUM-101,Thane,MUM,neighbor,True,drift
2025-01-03 03:00:00,20.6,1011.8,100.0,AWS-MUM-101,Thane,MUM,neighbor,True,drift
2025-01-03 04:00:00,20.0,1011.7,100.0,AWS-MUM-101,Thane,MUM,neighbor,True,drift
2025-01-03 05:00:00,19.6,1012.0,100.0,AWS-MUM-101,Thane,MUM,neighbor,True,drift
2025-01-03 06:00:00,19.6,1012.9,100.0,AWS-MUM-101,Thane,MUM,neighbor,True,drift
2025-01-03 07:00:00,19.4,1013.7,100.0,AWS-MUM-101,Thane,MUM,neighbor,True,drift
2025-01-03 08:00:00,20.6,1014.5,100.0,AWS-MUM-101,Thane,MUM,neighbor,True,drift
2025-01-03 09:00:00,23.4,1015.1,100.0,AWS-MUM-101,Thane,MUM,neighbor,True,drift
2025-01-03 10:00:00,27.0,1015.0,100.0,AWS-MUM-101,Thane,MUM,neighbor,True,drift
2025-01-03 11:00:00,30.1,1014.2,100.0,AWS-MUM-101,Thane,MUM,neighbor,True,drift
2025-01-03 12:00:00,32.1,1013.3,100.0,AWS-MUM-101,Thane,MUM,neighbor,True,drift
2025-01-03 13:00:00,33.4,1011.7,100.0,AWS-MUM-101,Thane,MUM,neighbor,True,drift
2025-01-03 14:00:00,34.1,1010.7,100.0,AWS-MUM-101,Thane,MUM,neighbor,True,drift
2025-01-03 15:00:00,34.3,1010.0,100.0,AWS-MUM-101,Thane,MUM,neighbor,True,drift
2025-01-03 16:00:00,33.9,1009.7,100.0,AWS-MUM-101,Thane,MUM,neighbor,True,drift
2025-01-03 17:00:00,32.3,1009.8,100.0,AWS-MUM-101,Thane,MUM,neighbor,True,drift
2025-01-03 18:00:00,30.5,1010.1,100.0,AWS-MUM-101,Thane,MUM,neighbor,True,drift
2025-01-03 19:00:00,27.0,1011.1,100.0,AWS-MUM-101,Thane,MUM,neighbor,True,drift
2025-01-03 20:00:00,25.7,1011.7,100.0,AWS-MUM-101,Thane,MUM,neighbor,True,drift
2025-01-03 21:00:00,25.4,1011.8,100.0,AWS-MUM-101,Thane,MUM,neighbor,True,drift
2025-01-03 22:00:00,24.1,1012.0,100.0,AWS-MUM-101,Thane,MUM,neighbor,True,drift
2025-01-03 23:00:00,22.7,1011.7,100.0,AWS-MUM-101,Thane,MUM,neighbor,True,drift
2025-01-04 00:00:00,21.7,1011.3,100.0,AWS-MUM-101,Thane,MUM,neighbor,True,drift
2025-01-04 01:00:00,21.0,1011.0,100.0,AWS-MUM-101,Thane,MUM,neighbor,True,drift
2025-01-04 02:00:00,20.2,1010.6,100.0,AWS-MUM-101,Thane,MUM,neighbor,True,drift
2025-01-04 03:00:00,19.5,1010.2,100.0,AWS-MUM-101,Thane,MUM,neighbor,True,drift
2025-01-04 04:00:00,18.7,1010.5,100.0,AWS-MUM-101,Thane,MUM,neighbor,True,drift
2025-01-04 05:00:00,18.0,1010.7,100.0,AWS-MUM-101,Thane,MUM,neighbor,True,drift
2025-01-04 06:00:00,17.7,1011.7,100.0,AWS-MUM-101,Thane,MUM,neighbor,True,drift
2025-01-04 07:00:00,17.4,1012.3,100.0,AWS-MUM-101,Thane,MUM,neighbor,True,drift
2025-01-04 08:00:00,18.6,1012.9,68.0,AWS-MUM-101,Thane,MUM,neighbor,False,
2025-01-04 09:00:00,21.5,1013.5,55.0,AWS-MUM-101,Thane,MUM,neighbor,False,
2025-01-04 10:00:00,25.5,1013.4,40.0,AWS-MUM-101,Thane,MUM,neighbor,False,
2025-01-04 11:00:00,29.2,1012.7,27.0,AWS-MUM-101,Thane,MUM,neighbor,False,
2025-01-04 12:00:00,31.7,1011.5,21.0,AWS-MUM-101,Thane,MUM,neighbor,False,
2025-01-04 13:00:00,33.2,1010.2,19.0,AWS-MUM-101,Thane,MUM,neighbor,False,
2025-01-04 14:00:00,34.3,1009.2,17.0,AWS-MUM-101,Thane,MUM,neighbor,False,
2025-01-04 15:00:00,33.9,1008.6,17.0,AWS-MUM-101,Thane,MUM,neighbor,False,
2025-01-04 16:00:00,32.0,1008.7,25.0,AWS-MUM-101,Thane,MUM,neighbor,False,
2025-01-04 17:00:00,29.3,1009.2,34.0,AWS-MUM-101,Thane,MUM,neighbor,False,
2025-01-04 18:00:00,26.9,1009.9,45.0,AWS-MUM-101,Thane,MUM,neighbor,False,
2025-01-04 19:00:00,25.5,1010.8,53.0,AWS-MUM-101,Thane,MUM,neighbor,False,
2025-01-04 20:00:00,24.2,1011.6,60.0,AWS-MUM-101,Thane,MUM,neighbor,False,
2025-01-04 21:00:00,23.0,1012.0,65.0,AWS-MUM-101,Thane,MUM,neighbor,False,
2025-01-04 22:00:00,21.8,1012.0,72.0,AWS-MUM-101,Thane,MUM,neighbor,False,
2025-01-04 23:00:00,21.4,1011.6,75.0,AWS-MUM-101,Thane,MUM,neighbor,False,
2025-01-05 00:00:00,20.1,1011.3,82.0,AWS-MUM-101,Thane,MUM,neighbor,False,
2025-01-05 01:00:00,19.3,1010.7,87.0,AWS-MUM-101,Thane,MUM,neighbor,False,
2025-01-05 02:00:00,19.0,1010.4,87.0,AWS-MUM-101,Thane,MUM,neighbor,False,
2025-01-05 03:00:00,18.8,1009.9,85.0,AWS-MUM-101,Thane,MUM,neighbor,True,drift
2025-01-05 04:00:00,18.7,1010.1,83.9833837520705,AWS-MUM-101,Thane,MUM,neighbor,True,drift
2025-01-05 05:00:00,18.4,1010.4,81.60217704078087,AWS-MUM-101,Thane,MUM,neighbor,True,drift
2025-01-05 06:00:00,19.3,1010.9,78.1163214337989,AWS-MUM-101,Thane,MUM,neighbor,True,drift
2025-01-05 07:00:00,19.2,1011.6,73.63958700343322,AWS-MUM-101,Thane,MUM,neighbor,True,drift
2025-01-05 08:00:00,20.4,1012.5,68.24409604500516,AWS-MUM-101,Thane,MUM,neighbor,True,drift
2025-01-05 09:00:00,22.8,1013.0,61.98177481164448,AWS-MUM-101,Thane,MUM,neighbor,True,drift
2025-01-05 10:00:00,25.6,1013.0,54.89272055004501,AWS-MUM-101,Thane,MUM,neighbor,True,drift
2025-01-05 11:00:00,27.6,1012.3,47.00931903055561,AWS-MUM-101,Thane,MUM,neighbor,True,drift
2025-01-05 12:00:00,29.0,1011.3,38.35856294040024,AWS-MUM-101,Thane,MUM,neighbor,True,drift
2025-01-05 13:00:00,31.4,1010.1,28.963479941636905,AWS-MUM-101,Thane,MUM,neighbor,True,drift
2025-01-05 14:00:00,31.7,1009.2,18.844071151402275,AWS-MUM-101,Thane,MUM,neighbor,True,drift
2025-01-05 15:00:00,31.5,1008.6,8.017958927934515,AWS-MUM-101,Thane,MUM,neighbor,True,drift
2025-01-05 16:00:00,30.1,1008.5,0.0,AWS-MUM-101,Thane,MUM,neighbor,True,drift
2025-01-05 17:00:00,27.4,1009.0,0.0,AWS-MUM-101,Thane,MUM,neighbor,True,drift
2025-01-05 18:00:00,25.8,1009.8,0.0,AWS-MUM-101,Thane,MUM,neighbor,True,drift
2025-01-05 19:00:00,24.9,1010.8,0.0,AWS-MUM-101,Thane,MUM,neighbor,True,drift
2025-01-05 20:00:00,24.3,1011.5,0.0,AWS-MUM-101,Thane,MUM,neighbor,True,drift
2025-01-05 21:00:00,24.0,1012.3,0.0,AWS-MUM-101,Thane,MUM,neighbor,True,drift
2025-01-05 22:00:00,23.7,1012.4,0.0,AWS-MUM-101,Thane,MUM,neighbor,True,drift
2025-01-05 23:00:00,23.2,1012.0,0.0,AWS-MUM-101,Thane,MUM,neighbor,True,drift
2025-01-06 00:00:00,22.2,1011.6,0.0,AWS-MUM-101,Thane,MUM,neighbor,True,drift
2025-01-06 01:00:00,21.1,1011.3,0.0,AWS-MUM-101,Thane,MUM,neighbor,True,drift
2025-01-06 02:00:00,20.5,1010.9,0.0,AWS-MUM-101,Thane,MUM,neighbor,True,drift
2025-01-06 03:00:00,20.0,1010.5,0.0,AWS-MUM-101,Thane,MUM,neighbor,True,drift
2025-01-06 04:00:00,19.5,1010.4,0.0,AWS-MUM-101,Thane,MUM,neighbor,True,drift
2025-01-06 05:00:00,19.1,1010.7,0.0,AWS-MUM-101,Thane,MUM,neighbor,True,drift
2025-01-06 06:00:00,18.3,1011.4,0.0,AWS-MUM-101,Thane,MUM,neighbor,True,drift
2025-01-06 07:00:00,18.3,1012.0,0.0,AWS-MUM-101,Thane,MUM,neighbor,True,drift
2025-01-06 08:00:00,19.8,1012.8,0.0,AWS-MUM-101,Thane,MUM,neighbor,True,drift
2025-01-06 09:00:00,22.5,1013.6,0.0,AWS-MUM-101,Thane,MUM,neighbor,True,drift
2025-01-06 10:00:00,25.2,1013.5,0.0,AWS-MUM-101,Thane,MUM,neighbor,True,drift
2025-01-06 11:00:00,27.8,1012.8,0.0,AWS-MUM-101,Thane,MUM,neighbor,True,drift
2025-01-06 12:00:00,29.6,1011.7,0.0,AWS-MUM-101,Thane,MUM,neighbor,True,drift
2025-01-06 13:00:00,30.7,1010.5,0.0,AWS-MUM-101,Thane,MUM,neighbor,True,drift
2025-01-06 14:00:00,31.2,1009.8,0.0,AWS-MUM-101,Thane,MUM,neighbor,True,drift
2025-01-06 15:00:00,31.1,1009.1,0.0,AWS-MUM-101,Thane,MUM,neighbor,True,drift
2025-01-06 16:00:00,30.4,1009.0,0.0,AWS-MUM-101,Thane,MUM,neighbor,True,drift
2025-01-06 17:00:00,28.8,1009.2,0.0,AWS-MUM-101,Thane,MUM,neighbor,True,drift
2025-01-06 18:00:00,26.0,1009.8,0.0,AWS-MUM-101,Thane,MUM,neighbor,True,drift
2025-01-06 19:00:00,24.1,1010.8,56.0,AWS-MUM-101,Thane,MUM,neighbor,False,
2025-01-06 20:00:00,22.9,1011.8,59.0,AWS-MUM-101,Thane,MUM,neighbor,False,
2025-01-06 21:00:00,21.9,1012.4,61.0,AWS-MUM-101,Thane,MUM,neighbor,False,
2025-01-06 22:00:00,21.3,1012.7,62.0,AWS-MUM-101,Thane,MUM,neighbor,False,
2025-01-06 23:00:00,20.7,1012.3,62.0,AWS-MUM-101,Thane,MUM,neighbor,False,
2025-01-07 00:00:00,20.2,1011.9,59.0,AWS-MUM-101,Thane,MUM,neighbor,False,
2025-01-07 01:00:00,19.6,1011.6,61.0,AWS-MUM-101,Thane,MUM,neighbor,False,
2025-01-07 02:00:00,18.9,1011.2,64.0,AWS-MUM-101,Thane,MUM,neighbor,False,
2025-01-07 03:00:00,18.3,1011.2,68.0,AWS-MUM-101,Thane,MUM,neighbor,False,
2025-01-07 04:00:00,18.0,1011.0,69.0,AWS-MUM-101,Thane,MUM,neighbor,False,
2025-01-07 05:00:00,17.6,1011.3,71.0,AWS-MUM-101,Thane,MUM,neighbor,False,
2025-01-07 06:00:00,17.3,1012.0,76.0,AWS-MUM-101,Thane,MUM,neighbor,False,
2025-01-07 07:00:00,165.13785314606267,1006.4585341936324,100.0,AWS-MUM-101,Thane,MUM,neighbor,True,multivariate_inconsistency
2025-01-07 08:00:00,166.53785314606267,1014.4958185311896,100.0,AWS-MUM-101,Thane,MUM,neighbor,True,multivariate_inconsistency
2025-01-07 09:00:00,169.73785314606266,1014.1395375990598,100.0,AWS-MUM-101,Thane,MUM,neighbor,True,multivariate_inconsistency
2025-01-07 10:00:00,25.3,1013.7,50.0,AWS-MUM-101,Thane,MUM,neighbor,False,
2025-01-07 11:00:00,28.3,1012.9,41.0,AWS-MUM-101,Thane,MUM,neighbor,False,
2025-01-07 12:00:00,30.6,1011.5,34.0,AWS-MUM-101,Thane,MUM,neighbor,False,
2025-01-07 13:00:00,32.0,1010.0,29.0,AWS-MUM-101,Thane,MUM,neighbor,False,
2025-01-07 14:00:00,32.9,1008.9,26.0,AWS-MUM-101,Thane,MUM,neighbor,False,
2025-01-07 15:00:00,33.1,1008.2,23.0,AWS-MUM-101,Thane,MUM,neighbor,False,
2025-01-07 16:00:00,32.9,1008.0,22.0,AWS-MUM-101,Thane,MUM,neighbor,False,
2025-01-07 17:00:00,31.9,1008.2,24.0,AWS-MUM-101,Thane,MUM,neighbor,False,
2025-01-07 18:00:00,29.8,1008.8,32.0,AWS-MUM-101,Thane,MUM,neighbor,True,frozen_value
2025-01-07 19:00:00,28.2,1008.8,36.0,AWS-MUM-101,Thane,MUM,neighbor,True,frozen_value
2025-01-07 20:00:00,26.0,1008.8,47.0,AWS-MUM-101,Thane,MUM,neighbor,True,frozen_value
2025-01-07 21:00:00,24.7,1008.8,51.0,AWS-MUM-101,Thane,MUM,neighbor,True,frozen_value
2025-01-07 22:00:00,24.0,1008.8,54.0,AWS-MUM-101,Thane,MUM,neighbor,True,frozen_value
2025-01-07 23:00:00,23.3,1008.8,58.0,AWS-MUM-101,Thane,MUM,neighbor,True,frozen_value
2025-01-08 00:00:00,22.7,1008.8,61.0,AWS-MUM-101,Thane,MUM,neighbor,True,frozen_value
2025-01-08 01:00:00,22.0,1010.4,64.0,AWS-MUM-101,Thane,MUM,neighbor,False,
2025-01-08 02:00:00,21.4,1009.7,66.0,AWS-MUM-101,Thane,MUM,neighbor,False,
2025-01-08 03:00:00,20.9,1009.4,69.0,AWS-MUM-101,Thane,MUM,neighbor,False,
2025-01-08 04:00:00,20.3,1009.3,71.0,AWS-MUM-101,Thane,MUM,neighbor,False,
2025-01-08 05:00:00,19.8,1009.7,73.0,AWS-MUM-101,Thane,MUM,neighbor,False,
2025-01-08 06:00:00,19.3,1010.6,75.0,AWS-MUM-101,Thane,MUM,neighbor,False,
2025-01-08 07:00:00,18.9,1011.5,77.0,AWS-MUM-101,Thane,MUM,neighbor,False,
2025-01-08 08:00:00,20.1,50.307378373621134,71.0,AWS-MUM-101,Thane,MUM,neighbor,True,sensor_fail_low
2025-01-08 09:00:00,22.7,50.317029616515505,60.0,AWS-MUM-101,Thane,MUM,neighbor,True,sensor_fail_low
2025-01-08 10:00:00,26.2,48.740068548738165,47.0,AWS-MUM-101,Thane,MUM,neighbor,True,sensor_fail_low
2025-01-08 11:00:00,29.2,51.38342098846243,38.0,AWS-MUM-101,Thane,MUM,neighbor,True,sensor_fail_low
2025-01-08 12:00:00,31.4,1011.4,32.0,AWS-MUM-101,Thane,MUM,neighbor,False,
2025-01-08 13:00:00,32.9,1010.1,26.0,AWS-MUM-101,Thane,MUM,neighbor,False,
2025-01-08 14:00:00,33.2,48.49566437115167,25.0,AWS-MUM-101,Thane,MUM,neighbor,True,sensor_fail_low
2025-01-08 15:00:00,33.0,49.97942969737745,26.0,AWS-MUM-101,Thane,MUM,neighbor,True,sensor_fail_low
2025-01-08 16:00:00,31.8,49.605167239993776,31.0,AWS-MUM-101,Thane,MUM,neighbor,True,sensor_fail_low
2025-01-08 17:00:00,29.8,49.428157686296764,41.0,AWS-MUM-101,Thane,MUM,neighbor,True,sensor_fail_low
2025-01-08 18:00:00,28.1,1009.2,47.0,AWS-MUM-101,Thane,MUM,neighbor,False,
2025-01-08 19:00:00,26.6,1010.0,54.0,AWS-MUM-101,Thane,MUM,neighbor,False,
2025-01-08 20:00:00,26.0,1010.7,53.0,AWS-MUM-101,Thane,MUM,neighbor,False,
2025-01-08 21:00:00,25.6,1011.1,48.0,AWS-MUM-101,Thane,MUM,neighbor,False,
2025-01-08 22:00:00,24.8,1011.2,46.0,AWS-MUM-101,Thane,MUM,neighbor,False,
2025-01-08 23:00:00,23.8,1011.1,47.0,AWS-MUM-101,Thane,MUM,neighbor,False,
2025-01-09 00:00:00,22.5,1010.9,54.0,AWS-MUM-101,Thane,MUM,neighbor,False,
2025-01-09 01:00:00,21.4,1010.6,59.0,AWS-MUM-101,Thane,MUM,neighbor,False,
2025-01-09 02:00:00,20.5,1010.3,63.0,AWS-MUM-101,Thane,MUM,neighbor,False,
2025-01-09 03:00:00,19.7,1010.0,65.0,AWS-MUM-101,Thane,MUM,neighbor,False,
2025-01-09 04:00:00,19.2,1009.9,68.0,AWS-MUM-101,Thane,MUM,neighbor,True,frozen_value
2025-01-09 05:00:00,19.2,1010.2,69.0,AWS-MUM-101,Thane,MUM,neighbor,True,frozen_value
2025-01-09 06:00:00,19.2,1011.3,69.0,AWS-MUM-101,Thane,MUM,neighbor,True,frozen_value
2025-01-09 07:00:00,19.2,1011.9,67.0,AWS-MUM-101,Thane,MUM,neighbor,True,frozen_value
2025-01-09 08:00:00,19.2,1012.7,62.0,AWS-MUM-101,Thane,MUM,neighbor,True,frozen_value
2025-01-09 09:00:00,19.2,1013.3,51.0,AWS-MUM-101,Thane,MUM,neighbor,True,frozen_value
2025-01-09 10:00:00,19.2,1013.3,38.0,AWS-MUM-101,Thane,MUM,neighbor,True,frozen_value
2025-01-09 11:00:00,19.2,1012.5,31.0,AWS-MUM-101,Thane,MUM,neighbor,True,frozen_value
2025-01-09 12:00:00,19.2,1011.3,27.0,AWS-MUM-101,Thane,MUM,neighbor,True,frozen_value
2025-01-09 13:00:00,32.4,1010.2,24.0,AWS-MUM-101,Thane,MUM,neighbor,False,
2025-01-09 14:00:00,32.8,1009.1,23.0,AWS-MUM-101,Thane,MUM,neighbor,False,
2025-01-09 15:00:00,32.9,1008.4,23.0,AWS-MUM-101,Thane,MUM,neighbor,False,
2025-01-09 16:00:00,32.6,1008.4,23.0,AWS-MUM-101,Thane,MUM,neighbor,False,
2025-01-09 17:00:00,31.3,1009.0,26.0,AWS-MUM-101,Thane,MUM,neighbor,False,
2025-01-09 18:00:00,28.4,1010.2,34.0,AWS-MUM-101,Thane,MUM,neighbor,False,
2025-01-09 19:00:00,26.1,1011.0,51.0,AWS-MUM-101,Thane,MUM,neighbor,False,
2025-01-09 20:00:00,25.1,1012.0,51.0,AWS-MUM-101,Thane,MUM,neighbor,False,
2025-01-09 21:00:00,23.9,1013.0,55.0,AWS-MUM-101,Thane,MUM,neighbor,False,
2025-01-09 22:00:00,23.0,1013.4,59.0,AWS-MUM-101,Thane,MUM,neighbor,False,
2025-01-09 23:00:00,22.0,1013.1,64.0,AWS-MUM-101,Thane,MUM,neighbor,False,
2025-01-10 00:00:00,21.1,1012.4,68.0,AWS-MUM-101,Thane,MUM,neighbor,False,
2025-01-10 01:00:00,20.6,1011.9,70.0,AWS-MUM-101,Thane,MUM,neighbor,False,
2025-01-10 02:00:00,19.9,1011.4,72.0,AWS-MUM-101,Thane,MUM,neighbor,False,
2025-01-10 03:00:00,19.3,1011.0,73.0,AWS-MUM-101,Thane,MUM,neighbor,False,
2025-01-10 04:00:00,18.8,1011.0,73.0,AWS-MUM-101,Thane,MUM,neighbor,False,
2025-01-10 05:00:00,18.4,1011.2,73.0,AWS-MUM-101,Thane,MUM,neighbor,False,
2025-01-10 06:00:00,18.2,1012.4,75.0,AWS-MUM-101,Thane,MUM,neighbor,False,
2025-01-10 07:00:00,17.9,1013.0,74.0,AWS-MUM-101,Thane,MUM,neighbor,False,
2025-01-10 08:00:00,19.4,1013.9,67.0,AWS-MUM-101,Thane,MUM,neighbor,False,
2025-01-10 09:00:00,22.8,1014.6,53.0,AWS-MUM-101,Thane,MUM,neighbor,False,
2025-01-10 10:00:00,26.5,1032.297342822698,39.0,AWS-MUM-101,Thane,MUM,neighbor,True,spike
2025-01-10 11:00:00,29.1,1014.2,33.0,AWS-MUM-101,Thane,MUM,neighbor,False,
2025-01-10 12:00:00,31.0,1012.9,30.0,AWS-MUM-101,Thane,MUM,neighbor,False,
2025-01-10 13:00:00,32.2,1011.8,26.0,AWS-MUM-101,Thane,MUM,neighbor,False,
2025-01-10 14:00:00,32.6,1010.9,25.0,AWS-MUM-101,Thane,MUM,neighbor,False,
2025-01-10 15:00:00,32.3,1010.5,26.0,AWS-MUM-101,Thane,MUM,neighbor,False,
2025-01-10 16:00:00,31.3,1010.3,28.0,AWS-MUM-101,Thane,MUM,neighbor,False,
2025-01-10 17:00:00,29.4,1010.7,33.0,AWS-MUM-101,Thane,MUM,neighbor,False,
2025-01-10 18:00:00,27.1,1011.1,42.0,AWS-MUM-101,Thane,MUM,neighbor,False,
2025-01-10 19:00:00,25.7,1011.9,51.0,AWS-MUM-101,Thane,MUM,neighbor,False,
2025-01-10 20:00:00,24.6,1012.6,60.0,AWS-MUM-101,Thane,MUM,neighbor,False,
2025-01-10 21:00:00,23.9,1013.4,70.0,AWS-MUM-101,Thane,MUM,neighbor,False,
2025-01-10 22:00:00,23.2,1013.8,68.0,AWS-MUM-101,Thane,MUM,neighbor,False,
2025-01-10 23:00:00,22.7,1013.7,65.0,AWS-MUM-101,Thane,MUM,neighbor,False,
2025-01-11 00:00:00,22.0,1013.1,67.0,AWS-MUM-101,Thane,MUM,neighbor,False,
2025-01-11 01:00:00,21.1,1012.8,71.0,AWS-MUM-101,Thane,MUM,neighbor,False,
2025-01-11 02:00:00,20.6,1012.2,72.0,AWS-MUM-101,Thane,MUM,neighbor,False,
2025-01-11 03:00:00,20.0,1011.7,76.0,AWS-MUM-101,Thane,MUM,neighbor,False,
2025-01-11 04:00:00,19.5,1011.8,79.0,AWS-MUM-101,Thane,MUM,neighbor,False,
2025-01-11 05:00:00,19.1,1012.0,83.0,AWS-MUM-101,Thane,MUM,neighbor,False,
2025-01-11 06:00:00,19.2,1012.8,86.0,AWS-MUM-101,Thane,MUM,neighbor,False,
2025-01-11 07:00:00,18.8,1013.4,89.0,AWS-MUM-101,Thane,MUM,neighbor,False,
2025-01-11 08:00:00,20.4,1014.4,78.0,AWS-MUM-101,Thane,MUM,neighbor,False,
2025-01-11 09:00:00,23.6,1015.0,60.0,AWS-MUM-101,Thane,MUM,neighbor,False,
2025-01-11 10:00:00,26.4,1015.0,50.0,AWS-MUM-101,Thane,MUM,neighbor,False,
2025-01-11 11:00:00,28.4,1014.2,41.0,AWS-MUM-101,Thane,MUM,neighbor,False,
2025-01-11 12:00:00,30.0,1012.8,35.0,AWS-MUM-101,Thane,MUM,neighbor,False,
2025-01-11 13:00:00,30.9,1011.6,33.0,AWS-MUM-101,Thane,MUM,neighbor,False,
2025-01-11 14:00:00,31.1,1010.6,34.0,AWS-MUM-101,Thane,MUM,neighbor,False,
2025-01-11 15:00:00,30.5,1010.0,38.0,AWS-MUM-101,Thane,MUM,neighbor,False,
2025-01-11 16:00:00,29.4,1010.2,39.0,AWS-MUM-101,Thane,MUM,neighbor,False,
2025-01-11 17:00:00,27.8,1010.6,41.0,AWS-MUM-101,Thane,MUM,neighbor,False,
2025-01-11 18:00:00,25.9,1011.5,49.0,AWS-MUM-101,Thane,MUM,neighbor,False,
2025-01-11 19:00:00,24.7,1012.1,58.0,AWS-MUM-101,Thane,MUM,neighbor,False,
2025-01-11 20:00:00,23.6,1013.0,64.0,AWS-MUM-101,Thane,MUM,neighbor,False,
2025-01-11 21:00:00,23.0,1013.7,67.0,AWS-MUM-101,Thane,MUM,neighbor,False,
2025-01-11 22:00:00,22.2,1014.1,71.0,AWS-MUM-101,Thane,MUM,neighbor,False,
2025-01-11 23:00:00,21.4,1014.1,76.0,AWS-MUM-101,Thane,MUM,neighbor,False,
2025-01-12 00:00:00,20.6,1013.8,81.0,AWS-MUM-101,Thane,MUM,neighbor,False,
2025-01-12 01:00:00,19.8,1013.5,86.0,AWS-MUM-101,Thane,MUM,neighbor,False,
2025-01-12 02:00:00,19.3,1012.8,88.0,AWS-MUM-101,Thane,MUM,neighbor,False,
2025-01-12 03:00:00,19.2,1012.4,85.0,AWS-MUM-101,Thane,MUM,neighbor,False,
2025-01-12 04:00:00,19.2,1012.4,83.0,AWS-MUM-101,Thane,MUM,neighbor,False,
2025-01-12 05:00:00,18.9,1012.8,84.0,AWS-MUM-101,Thane,MUM,neighbor,False,
2025-01-12 06:00:00,18.6,1013.4,86.0,AWS-MUM-101,Thane,MUM,neighbor,False,
2025-01-12 07:00:00,18.7,1014.0,84.0,AWS-MUM-101,Thane,MUM,neighbor,False,
2025-01-12 08:00:00,20.3,1014.8,74.0,AWS-MUM-101,Thane,MUM,neighbor,False,
2025-01-12 09:00:00,82.88593764138474,1015.2,60.0,AWS-MUM-101,Thane,MUM,neighbor,True,spike
2025-01-12 10:00:00,25.3,1015.1,50.0,AWS-MUM-101,Thane,MUM,neighbor,False,
2025-01-12 11:00:00,28.1,1014.3,43.0,AWS-MUM-101,Thane,MUM,neighbor,False,
2025-01-12 12:00:00,30.3,1012.9,35.0,AWS-MUM-101,Thane,MUM,neighbor,False,
2025-01-12 13:00:00,31.4,1011.3,32.0,AWS-MUM-101,Thane,MUM,neighbor,False,
2025-01-12 14:00:00,32.0,1010.3,0.6000508163710688,AWS-MUM-101,Thane,MUM,neighbor,True,sensor_fail_low
2025-01-12 15:00:00,31.9,1009.4,0.4926710276808744,AWS-MUM-101,Thane,MUM,neighbor,True,sensor_fail_low
2025-01-12 16:00:00,31.4,1009.5,0.43370867281072234,AWS-MUM-101,Thane,MUM,neighbor,True,sensor_fail_low
2025-01-12 17:00:00,29.7,1009.7,0.2689097227465282,AWS-MUM-101,Thane,MUM,neighbor,True,sensor_fail_low
2025-01-12 18:00:00,27.4,1010.7,51.0,AWS-MUM-101,Thane,MUM,neighbor,False,
2025-01-12 19:00:00,26.0,1011.5,55.0,AWS-MUM-101,Thane,MUM,neighbor,False,
2025-01-12 20:00:00,25.1,1012.4,54.0,AWS-MUM-101,Thane,MUM,neighbor,False,
2025-01-12 21:00:00,24.5,1012.9,54.0,AWS-MUM-101,Thane,MUM,neighbor,False,
2025-01-12 22:00:00,24.2,1013.0,52.0,AWS-MUM-101,Thane,MUM,neighbor,False,
2025-01-12 23:00:00,23.6,1012.6,51.0,AWS-MUM-101,Thane,MUM,neighbor,False,
2025-01-13 00:00:00,23.1,1012.2,55.0,AWS-MUM-101,Thane,MUM,neighbor,False,
2025-01-13 01:00:00,22.6,1011.8,61.0,AWS-MUM-101,Thane,MUM,neighbor,False,
2025-01-13 02:00:00,22.0,1011.1,66.0,AWS-MUM-101,Thane,MUM,neighbor,False,
2025-01-13 03:00:00,21.6,1010.7,70.0,AWS-MUM-101,Thane,MUM,neighbor,False,
2025-01-13 04:00:00,21.5,1010.6,72.0,AWS-MUM-101,Thane,MUM,neighbor,False,
2025-01-13 05:00:00,21.4,1010.5,73.0,AWS-MUM-101,Thane,MUM,neighbor,False,
2025-01-13 06:00:00,21.7,1011.5,70.0,AWS-MUM-101,Thane,MUM,neighbor,False,
2025-01-13 07:00:00,21.4,1012.1,72.0,AWS-MUM-101,Thane,MUM,neighbor,False,
2025-01-13 08:00:00,22.7,1012.8,67.0,AWS-MUM-101,Thane,MUM,neighbor,False,
2025-01-13 09:00:00,25.3,1013.1,57.0,AWS-MUM-101,Thane,MUM,neighbor,False,
2025-01-13 10:00:00,27.9,1012.8,49.0,AWS-MUM-101,Thane,MUM,neighbor,False,
2025-01-13 11:00:00,30.2,1011.9,42.0,AWS-MUM-101,Thane,MUM,neighbor,False,
2025-01-13 12:00:00,31.7,1010.7,38.0,AWS-MUM-101,Thane,MUM,neighbor,False,
2025-01-13 13:00:00,33.1,1009.4,33.0,AWS-MUM-101,Thane,MUM,neighbor,False,
2025-01-13 14:00:00,34.1,1008.2,31.0,AWS-MUM-101,Thane,MUM,neighbor,False,
2025-01-13 15:00:00,34.4,1007.4,29.0,AWS-MUM-101,Thane,MUM,neighbor,False,
2025-01-13 16:00:00,33.7,1007.2,29.0,AWS-MUM-101,Thane,MUM,neighbor,False,
2025-01-13 17:00:00,31.8,1007.7,39.0,AWS-MUM-101,Thane,MUM,neighbor,False,
2025-01-13 18:00:00,29.5,1008.4,48.0,AWS-MUM-101,Thane,MUM,neighbor,False,
2025-01-13 19:00:00,27.9,1009.1,56.0,AWS-MUM-101,Thane,MUM,neighbor,False,
2025-01-13 20:00:00,26.7,1010.2,59.0,AWS-MUM-101,Thane,MUM,neighbor,False,
2025-01-13 21:00:00,25.9,1010.8,56.0,AWS-MUM-101,Thane,MUM,neighbor,False,
2025-01-13 22:00:00,24.9,1010.9,55.0,AWS-MUM-101,Thane,MUM,neighbor,False,
2025-01-13 23:00:00,23.8,1010.9,59.0,AWS-MUM-101,Thane,MUM,neighbor,False,
2025-01-14 00:00:00,22.8,1010.7,64.0,AWS-MUM-101,Thane,MUM,neighbor,False,
2025-01-14 01:00:00,22.1,1010.4,67.0,AWS-MUM-101,Thane,MUM,neighbor,False,
2025-01-14 02:00:00,21.7,1010.0,66.0,AWS-MUM-101,Thane,MUM,neighbor,False,
2025-01-14 03:00:00,21.6,1009.6,66.0,AWS-MUM-101,Thane,MUM,neighbor,False,
2025-01-14 04:00:00,21.4,1009.6,69.0,AWS-MUM-101,Thane,MUM,neighbor,False,
2025-01-14 05:00:00,21.0,1010.1,73.0,AWS-MUM-101,Thane,MUM,neighbor,False,
2025-01-14 06:00:00,-15.108519761116826,1011.2,77.0,AWS-MUM-101,Thane,MUM,neighbor,True,sensor_fail_low
2025-01-14 07:00:00,-15.369132570595939,1011.7,79.0,AWS-MUM-101,Thane,MUM,neighbor,True,sensor_fail_low
2025-01-14 08:00:00,-14.912436811998964,1012.4,74.0,AWS-MUM-101,Thane,MUM,neighbor,True,sensor_fail_low
2025-01-14 09:00:00,-15.074308498082758,1013.0,61.0,AWS-MUM-101,Thane,MUM,neighbor,True,sensor_fail_low
2025-01-14 10:00:00,28.3,1012.8,48.0,AWS-MUM-101,Thane,MUM,neighbor,False,
2025-01-14 11:00:00,31.1,1012.0,38.0,AWS-MUM-101,Thane,MUM,neighbor,False,
2025-01-14 12:00:00,33.0,1010.6,33.0,AWS-MUM-101,Thane,MUM,neighbor,False,
2025-01-14 13:00:00,34.5,1009.4,29.0,AWS-MUM-101,Thane,MUM,neighbor,False,
2025-01-14 14:00:00,34.7,1008.5,29.0,AWS-MUM-101,Thane,MUM,neighbor,False,
2025-01-14 15:00:00,33.8,1008.0,30.0,AWS-MUM-101,Thane,MUM,neighbor,False,
2025-01-14 16:00:00,31.6,1008.5,41.0,AWS-MUM-101,Thane,MUM,neighbor,False,
2025-01-14 17:00:00,29.6,1009.0,47.0,AWS-MUM-101,Thane,MUM,neighbor,False,
2025-01-14 18:00:00,27.3,1010.0,58.0,AWS-MUM-101,Thane,MUM,neighbor,False,
2025-01-14 19:00:00,25.7,1010.9,65.0,AWS-MUM-101,Thane,MUM,neighbor,False,
2025-01-14 20:00:00,25.0,1012.1,68.0,AWS-MUM-101,Thane,MUM,neighbor,False,
2025-01-14 21:00:00,24.6,1012.9,69.0,AWS-MUM-101,Thane,MUM,neighbor,False,
2025-01-14 22:00:00,24.1,1013.4,71.0,AWS-MUM-101,Thane,MUM,neighbor,False,
2025-01-14 23:00:00,23.4,1013.1,74.0,AWS-MUM-101,Thane,MUM,neighbor,False,
2025-01-15 00:00:00,185.9010602435475,1019.6849357456846,100.0,AWS-MUM-101,Thane,MUM,neighbor,True,multivariate_inconsistency
2025-01-15 01:00:00,185.7010602435475,1010.9004932827353,100.0,AWS-MUM-101,Thane,MUM,neighbor,True,multivariate_inconsistency
2025-01-15 02:00:00,185.4010602435475,1005.6434077090067,100.0,AWS-MUM-101,Thane,MUM,neighbor,True,multivariate_inconsistency
2025-01-15 03:00:00,22.2,1010.8,79.0,AWS-MUM-101,Thane,MUM,neighbor,False,
2025-01-15 04:00:00,21.9,1010.8,79.0,AWS-MUM-101,Thane,MUM,neighbor,False,
2025-01-15 05:00:00,21.7,1011.0,80.0,AWS-MUM-101,Thane,MUM,neighbor,False,
2025-01-15 06:00:00,21.2,1011.8,84.0,AWS-MUM-101,Thane,MUM,neighbor,False,
2025-01-15 07:00:00,21.1,1012.7,82.0,AWS-MUM-101,Thane,MUM,neighbor,False,
2025-01-15 08:00:00,22.9,1013.3,73.0,AWS-MUM-101,Thane,MUM,neighbor,False,
2025-01-15 09:00:00,25.9,1014.0,60.0,AWS-MUM-101,Thane,MUM,neighbor,True,drift
2025-01-15 10:00:00,38.821387944012365,1014.0,51.0,AWS-MUM-101,Thane,MUM,neighbor,True,drift
2025-01-15 11:00:00,51.74277588802473,1013.2,44.0,AWS-MUM-101,Thane,MUM,neighbor,True,drift
2025-01-15 12:00:00,64.66416383203709,1012.0,40.0,AWS-MUM-101,Thane,MUM,neighbor,True,drift
2025-01-15 13:00:00,77.58555177604947,1011.0,38.0,AWS-MUM-101,Thane,MUM,neighbor,True,drift
2025-01-15 14:00:00,90.50693972006184,1010.3,44.0,AWS-MUM-101,Thane,MUM,neighbor,True,drift
2025-01-15 15:00:00,103.42832766407417,1009.8,47.0,AWS-MUM-101,Thane,MUM,neighbor,True,drift
2025-01-15 16:00:00,116.34971560808657,1009.9,49.0,AWS-MUM-101,Thane,MUM,neighbor,True,drift
2025-01-15 17:00:00,129.27110355209894,1010.3,54.0,AWS-MUM-101,Thane,MUM,neighbor,True,drift
2025-01-15 18:00:00,142.1924914961113,1011.5,62.0,AWS-MUM-101,Thane,MUM,neighbor,True,drift
2025-01-15 19:00:00,155.11387944012367,1012.4,69.0,AWS-MUM-101,Thane,MUM,neighbor,True,drift
2025-01-15 20:00:00,168.03526738413603,1013.5,71.0,AWS-MUM-101,Thane,MUM,neighbor,True,drift
2025-01-15 21:00:00,180.95665532814837,1014.1,72.0,AWS-MUM-101,Thane,MUM,neighbor,True,drift
2025-01-15 22:00:00,193.87804327216077,1014.4,74.0,AWS-MUM-101,Thane,MUM,neighbor,True,drift
2025-01-15 23:00:00,206.79943121617313,1014.3,74.0,AWS-MUM-101,Thane,MUM,neighbor,True,drift
2025-01-16 00:00:00,219.7208191601855,1013.8,76.0,AWS-MUM-101,Thane,MUM,neighbor,True,drift
2025-01-16 01:00:00,232.64220710419787,1013.3,77.0,AWS-MUM-101,Thane,MUM,neighbor,True,drift
2025-01-16 02:00:00,245.56359504821023,1012.7,78.0,AWS-MUM-101,Thane,MUM,neighbor,True,drift
2025-01-16 03:00:00,258.48498299222257,1012.1,81.0,AWS-MUM-101,Thane,MUM,neighbor,True,drift
2025-01-16 04:00:00,271.40637093623496,1011.8,84.0,AWS-MUM-101,Thane,MUM,neighbor,True,drift
2025-01-16 05:00:00,284.3277588802473,1011.8,84.0,AWS-MUM-101,Thane,MUM,neighbor,True,drift
2025-01-16 06:00:00,297.24914682425964,1012.8,91.0,AWS-MUM-101,Thane,MUM,neighbor,True,drift
2025-01-16 07:00:00,310.17053476827203,1013.3,90.0,AWS-MUM-101,Thane,MUM,neighbor,True,drift
2025-01-16 08:00:00,323.0919227122844,1014.1,82.0,AWS-MUM-101,Thane,MUM,neighbor,True,drift
2025-01-16 09:00:00,336.0133106562967,1014.6,69.0,AWS-MUM-101,Thane,MUM,neighbor,True,drift
2025-01-16 10:00:00,348.9346986003091,1014.7,58.0,AWS-MUM-101,Thane,MUM,neighbor,True,drift
2025-01-16 11:00:00,361.8560865443215,1013.8,50.0,AWS-MUM-101,Thane,MUM,neighbor,True,drift
2025-01-16 12:00:00,374.7774744883339,1012.6,43.0,AWS-MUM-101,Thane,MUM,neighbor,True,drift
2025-01-16 13:00:00,387.69886243234623,1011.3,40.0,AWS-MUM-101,Thane,MUM,neighbor,True,drift
2025-01-16 14:00:00,32.7,1010.4,36.0,AWS-MUM-101,Thane,MUM,neighbor,False,
2025-01-16 15:00:00,32.5,1010.0,37.0,AWS-MUM-101,Thane,MUM,neighbor,False,
2025-01-16 16:00:00,31.4,1010.1,41.0,AWS-MUM-101,Thane,MUM,neighbor,False,
2025-01-16 17:00:00,29.5,1010.8,46.0,AWS-MUM-101,Thane,MUM,neighbor,False,
2025-01-16 18:00:00,26.7,1011.9,61.0,AWS-MUM-101,Thane,MUM,neighbor,False,
2025-01-16 19:00:00,25.7,1012.6,64.0,AWS-MUM-101,Thane,MUM,neighbor,False,
2025-01-16 20:00:00,25.3,1013.6,63.0,AWS-MUM-101,Thane,MUM,neighbor,False,
2025-01-16 21:00:00,24.9,1014.1,62.0,AWS-MUM-101,Thane,MUM,neighbor,False,
2025-01-16 22:00:00,24.5,1014.2,63.0,AWS-MUM-101,Thane,MUM,neighbor,False,
2025-01-16 23:00:00,24.2,1013.9,63.0,AWS-MUM-101,Thane,MUM,neighbor,False,
2025-01-17 00:00:00,23.9,1013.2,63.0,AWS-MUM-101,Thane,MUM,neighbor,False,
2025-01-17 01:00:00,23.5,1012.5,65.0,AWS-MUM-101,Thane,MUM,neighbor,False,
2025-01-17 02:00:00,23.2,1011.9,67.0,AWS-MUM-101,Thane,MUM,neighbor,False,
2025-01-17 03:00:00,22.8,1011.5,69.0,AWS-MUM-101,Thane,MUM,neighbor,False,
2025-01-17 04:00:00,23.0,1011.3,70.0,AWS-MUM-101,Thane,MUM,neighbor,False,
2025-01-17 05:00:00,22.9,1011.2,72.0,AWS-MUM-101,Thane,MUM,neighbor,False,
2025-01-17 06:00:00,22.4,1011.8,75.0,AWS-MUM-101,Thane,MUM,neighbor,False,
2025-01-17 07:00:00,22.1,1012.2,77.0,AWS-MUM-101,Thane,MUM,neighbor,False,
2025-01-17 08:00:00,23.4,1012.8,71.0,AWS-MUM-101,Thane,MUM,neighbor,False,
2025-01-17 09:00:00,25.7,1013.1,61.0,AWS-MUM-101,Thane,MUM,neighbor,False,
2025-01-17 10:00:00,,1012.9,49.0,AWS-MUM-101,Thane,MUM,neighbor,True,dropout
2025-01-17 11:00:00,31.1,1012.3,41.0,AWS-MUM-101,Thane,MUM,neighbor,False,
2025-01-17 12:00:00,32.9,1011.0,35.0,AWS-MUM-101,Thane,MUM,neighbor,False,
2025-01-17 13:00:00,34.2,1009.4,30.0,AWS-MUM-101,Thane,MUM,neighbor,False,
2025-01-17 14:00:00,34.8,1008.2,28.0,AWS-MUM-101,Thane,MUM,neighbor,False,
2025-01-17 15:00:00,34.8,1007.4,27.0,AWS-MUM-101,Thane,MUM,neighbor,False,
2025-01-17 16:00:00,34.3,1007.4,27.0,AWS-MUM-101,Thane,MUM,neighbor,False,
2025-01-17 17:00:00,32.4,1007.9,32.0,AWS-MUM-101,Thane,MUM,neighbor,True,frozen_value
2025-01-17 18:00:00,32.4,1008.7,36.0,AWS-MUM-101,Thane,MUM,neighbor,True,frozen_value
2025-01-17 19:00:00,32.4,1009.5,57.0,AWS-MUM-101,Thane,MUM,neighbor,True,frozen_value
2025-01-17 20:00:00,32.4,1010.6,61.0,AWS-MUM-101,Thane,MUM,neighbor,True,frozen_value
2025-01-17 21:00:00,32.4,1011.2,61.0,AWS-MUM-101,Thane,MUM,neighbor,True,frozen_value
2025-01-17 22:00:00,32.4,1011.4,64.0,AWS-MUM-101,Thane,MUM,neighbor,True,frozen_value
2025-01-17 23:00:00,32.4,1011.1,62.0,AWS-MUM-101,Thane,MUM,neighbor,True,frozen_value
2025-01-18 00:00:00,32.4,1010.7,57.0,AWS-MUM-101,Thane,MUM,neighbor,True,frozen_value
2025-01-18 01:00:00,32.4,1010.4,58.0,AWS-MUM-101,Thane,MUM,neighbor,True,frozen_value
2025-01-18 02:00:00,23.2,1010.2,59.0,AWS-MUM-101,Thane,MUM,neighbor,False,
2025-01-18 03:00:00,23.0,1010.0,59.0,AWS-MUM-101,Thane,MUM,neighbor,False,
2025-01-18 04:00:00,22.6,1009.8,60.0,AWS-MUM-101,Thane,MUM,neighbor,False,
2025-01-18 05:00:00,22.0,1010.1,63.0,AWS-MUM-101,Thane,MUM,neighbor,False,
2025-01-18 06:00:00,21.1,1010.9,67.0,AWS-MUM-101,Thane,MUM,neighbor,False,
2025-01-18 07:00:00,20.9,1011.7,67.0,AWS-MUM-101,Thane,MUM,neighbor,False,
2025-01-18 08:00:00,22.5,1012.5,60.0,AWS-MUM-101,Thane,MUM,neighbor,False,
2025-01-18 09:00:00,25.6,1013.2,48.0,AWS-MUM-101,Thane,MUM,neighbor,False,
2025-01-18 10:00:00,28.6,1013.3,38.0,AWS-MUM-101,Thane,MUM,neighbor,False,
2025-01-18 11:00:00,30.9,1012.6,32.0,AWS-MUM-101,Thane,MUM,neighbor,False,
2025-01-18 12:00:00,32.5,1011.2,26.0,AWS-MUM-101,Thane,MUM,neighbor,False,
2025-01-18 13:00:00,33.5,1009.7,22.0,AWS-MUM-101,Thane,MUM,neighbor,False,
2025-01-18 14:00:00,34.0,1008.5,19.0,AWS-MUM-101,Thane,MUM,neighbor,False,
2025-01-18 15:00:00,34.2,1007.9,17.0,AWS-MUM-101,Thane,MUM,neighbor,False,
2025-01-18 16:00:00,33.9,1007.8,15.0,AWS-MUM-101,Thane,MUM,neighbor,False,
2025-01-18 17:00:00,33.4,1008.1,16.0,AWS-MUM-101,Thane,MUM,neighbor,False,
2025-01-18 18:00:00,30.8,1009.2,23.0,AWS-MUM-101,Thane,MUM,neighbor,False,
2025-01-18 19:00:00,27.5,1009.9,44.0,AWS-MUM-101,Thane,MUM,neighbor,False,
2025-01-18 20:00:00,26.2,1010.6,48.0,AWS-MUM-101,Thane,MUM,neighbor,False,
2025-01-18 21:00:00,25.5,1011.2,52.0,AWS-MUM-101,Thane,MUM,neighbor,False,
2025-01-18 22:00:00,24.3,1011.8,57.0,AWS-MUM-101,Thane,MUM,neighbor,False,
2025-01-18 23:00:00,23.4,992.2565750144784,62.0,AWS-MUM-101,Thane,MUM,neighbor,True,spike
2025-01-19 00:00:00,23.4,1011.4,58.0,AWS-MUM-101,Thane,MUM,neighbor,False,
2025-01-19 01:00:00,22.8,1011.2,55.0,AWS-MUM-101,Thane,MUM,neighbor,False,
2025-01-19 02:00:00,22.1,1010.6,56.0,AWS-MUM-101,Thane,MUM,neighbor,False,
2025-01-19 03:00:00,21.6,1010.4,59.0,AWS-MUM-101,Thane,MUM,neighbor,False,
2025-01-19 04:00:00,21.2,1010.5,61.0,AWS-MUM-101,Thane,MUM,neighbor,False,
2025-01-19 05:00:00,20.8,1010.7,63.0,AWS-MUM-101,Thane,MUM,neighbor,False,
2025-01-19 06:00:00,19.8,1011.8,67.0,AWS-MUM-101,Thane,MUM,neighbor,False,
2025-01-19 07:00:00,19.6,1012.5,68.0,AWS-MUM-101,Thane,MUM,neighbor,False,
2025-01-19 08:00:00,20.9,1013.3,64.0,AWS-MUM-101,Thane,MUM,neighbor,False,
2025-01-19 09:00:00,23.9,1014.0,51.0,AWS-MUM-101,Thane,MUM,neighbor,False,
2025-01-19 10:00:00,27.8,1014.1,39.0,AWS-MUM-101,Thane,MUM,neighbor,False,
2025-01-19 11:00:00,30.6,1013.5,33.0,AWS-MUM-101,Thane,MUM,neighbor,False,
2025-01-19 12:00:00,32.7,1012.5,28.0,AWS-MUM-101,Thane,MUM,neighbor,False,
2025-01-19 13:00:00,33.9,1011.2,23.0,AWS-MUM-101,Thane,MUM,neighbor,False,
2025-01-19 14:00:00,34.5,1010.1,21.0,AWS-MUM-101,Thane,MUM,neighbor,False,
2025-01-19 15:00:00,34.6,1009.2,20.0,AWS-MUM-101,Thane,MUM,neighbor,False,
2025-01-19 16:00:00,33.9,1008.9,22.0,AWS-MUM-101,Thane,MUM,neighbor,False,
2025-01-19 17:00:00,32.0,1009.1,29.0,AWS-MUM-101,Thane,MUM,neighbor,False,
2025-01-19 18:00:00,29.4,1009.8,38.0,AWS-MUM-101,Thane,MUM,neighbor,False,
2025-01-19 19:00:00,27.5,1010.4,42.0,AWS-MUM-101,Thane,MUM,neighbor,False,
2025-01-19 20:00:00,26.8,1011.1,42.0,AWS-MUM-101,Thane,MUM,neighbor,False,
2025-01-19 21:00:00,26.1,1011.6,43.0,AWS-MUM-101,Thane,MUM,neighbor,False,
2025-01-19 22:00:00,25.3,1012.0,45.0,AWS-MUM-101,Thane,MUM,neighbor,False,
2025-01-19 23:00:00,157.569164703269,1009.1336249880335,100.0,AWS-MUM-101,Thane,MUM,neighbor,True,multivariate_inconsistency
2025-01-20 00:00:00,156.869164703269,1012.4718903811365,100.0,AWS-MUM-101,Thane,MUM,neighbor,True,multivariate_inconsistency
2025-01-20 01:00:00,155.869164703269,1012.9961720239256,100.0,AWS-MUM-101,Thane,MUM,neighbor,True,multivariate_inconsistency
2025-01-20 02:00:00,155.069164703269,1011.0695585248571,100.0,AWS-MUM-101,Thane,MUM,neighbor,True,multivariate_inconsistency
2025-01-20 03:00:00,21.0,1010.1,66.0,AWS-MUM-101,Thane,MUM,neighbor,False,
2025-01-20 04:00:00,20.5,1010.2,68.0,AWS-MUM-101,Thane,MUM,neighbor,False,
2025-01-20 05:00:00,20.1,1010.4,70.0,AWS-MUM-101,Thane,MUM,neighbor,False,
2025-01-20 06:00:00,19.9,1011.1,72.0,AWS-MUM-101,Thane,MUM,neighbor,False,
2025-01-20 07:00:00,19.6,1011.6,73.0,AWS-MUM-101,Thane,MUM,neighbor,False,
2025-01-20 08:00:00,20.9,1012.5,66.0,AWS-MUM-101,Thane,MUM,neighbor,False,
2025-01-20 09:00:00,23.9,1013.3,53.0,AWS-MUM-101,Thane,MUM,neighbor,False,
2025-01-20 10:00:00,27.8,1013.4,39.0,AWS-MUM-101,Thane,MUM,neighbor,False,
2025-01-20 11:00:00,31.0,1012.6,29.0,AWS-MUM-101,Thane,MUM,neighbor,False,
2025-01-20 12:00:00,33.2,1011.6,25.0,AWS-MUM-101,Thane,MUM,neighbor,False,
2025-01-20 13:00:00,34.4,1010.3,22.0,AWS-MUM-101,Thane,MUM,neighbor,False,
2025-01-20 14:00:00,35.0,1009.1,21.0,AWS-MUM-101,Thane,MUM,neighbor,False,
2025-01-20 15:00:00,35.0,1008.5,21.0,AWS-MUM-101,Thane,MUM,neighbor,False,
2025-01-20 16:00:00,33.8,1008.2,26.0,AWS-MUM-101,Thane,MUM,neighbor,False,
2025-01-20 17:00:00,31.7,1008.6,34.0,AWS-MUM-101,Thane,MUM,neighbor,False,
2025-01-20 18:00:00,29.3,1008.9,41.0,AWS-MUM-101,Thane,MUM,neighbor,False,
2025-01-20 19:00:00,27.9,1009.5,43.0,AWS-MUM-101,Thane,MUM,neighbor,False,
2025-01-20 20:00:00,27.0,1010.5,43.0,AWS-MUM-101,Thane,MUM,neighbor,False,
2025-01-20 21:00:00,26.1,1011.1,45.0,AWS-MUM-101,Thane,MUM,neighbor,False,
2025-01-20 22:00:00,25.2,1011.5,48.0,AWS-MUM-101,Thane,MUM,neighbor,False,
2025-01-20 23:00:00,24.2,1011.2,52.0,AWS-MUM-101,Thane,MUM,neighbor,False,
2025-01-21 00:00:00,23.4,1010.9,56.0,AWS-MUM-101,Thane,MUM,neighbor,False,
2025-01-21 01:00:00,23.0,1010.2,59.0,AWS-MUM-101,Thane,MUM,neighbor,False,
2025-01-21 02:00:00,22.0,1009.6,63.0,AWS-MUM-101,Thane,MUM,neighbor,False,
2025-01-21 03:00:00,21.0,1009.2,69.0,AWS-MUM-101,Thane,MUM,neighbor,False,
2025-01-21 04:00:00,20.2,1009.1,73.0,AWS-MUM-101,Thane,MUM,neighbor,False,
2025-01-21 05:00:00,-14.413656027662654,1009.3,76.0,AWS-MUM-101,Thane,MUM,neighbor,True,sensor_fail_low
2025-01-21 06:00:00,-15.267589355677908,1010.1,81.0,AWS-MUM-101,Thane,MUM,neighbor,True,sensor_fail_low
2025-01-21 07:00:00,-15.119528189556446,1010.6,84.0,AWS-MUM-101,Thane,MUM,neighbor,True,sensor_fail_low
2025-01-21 08:00:00,-15.654227117547277,1011.3,73.0,AWS-MUM-101,Thane,MUM,neighbor,True,sensor_fail_low
2025-01-21 09:00:00,23.9,1012.1,57.0,AWS-MUM-101,Thane,MUM,neighbor,False,
2025-01-21 10:00:00,27.5,1012.2,43.0,AWS-MUM-101,Thane,MUM,neighbor,False,
2025-01-21 11:00:00,30.7,1011.5,34.0,AWS-MUM-101,Thane,MUM,neighbor,False,
2025-01-21 12:00:00,32.8,1010.5,27.0,AWS-MUM-101,Thane,MUM,neighbor,False,
2025-01-21 13:00:00,34.1,1009.1,25.0,AWS-MUM-101,Thane,MUM,neighbor,False,
2025-01-21 14:00:00,34.5,1007.9,24.0,AWS-MUM-101,Thane,MUM,neighbor,False,
2025-01-21 15:00:00,34.3,1007.1,26.0,AWS-MUM-101,Thane,MUM,neighbor,False,
2025-01-21 16:00:00,33.2,1007.1,31.0,AWS-MUM-101,Thane,MUM,neighbor,False,
2025-01-21 17:00:00,31.0,1007.5,38.0,AWS-MUM-101,Thane,MUM,neighbor,False,
2025-01-21 18:00:00,28.9,1008.0,43.0,AWS-MUM-101,Thane,MUM,neighbor,False,
2025-01-21 19:00:00,154.14635784638648,1015.0266958982879,100.0,AWS-MUM-101,Thane,MUM,neighbor,True,multivariate_inconsistency
2025-01-21 20:00:00,153.24635784638647,1003.7834861158038,100.0,AWS-MUM-101,Thane,MUM,neighbor,True,multivariate_inconsistency
2025-01-21 21:00:00,152.64635784638648,1001.6729327735592,100.0,AWS-MUM-101,Thane,MUM,neighbor,True,multivariate_inconsistency
2025-01-21 22:00:00,25.2,1010.2,51.0,AWS-MUM-101,Thane,MUM,neighbor,False,
2025-01-21 23:00:00,24.2,1009.8,55.0,AWS-MUM-101,Thane,MUM,neighbor,False,
2025-01-22 00:00:00,23.2,1009.5,59.0,AWS-MUM-101,Thane,MUM,neighbor,False,
2025-01-22 01:00:00,22.7,1009.2,62.0,AWS-MUM-101,Thane,MUM,neighbor,False,
2025-01-22 02:00:00,21.7,1008.6,67.0,AWS-MUM-101,Thane,MUM,neighbor,False,
2025-01-22 03:00:00,21.2,1008.3,71.0,AWS-MUM-101,Thane,MUM,neighbor,False,
2025-01-22 04:00:00,20.5,1008.3,75.0,AWS-MUM-101,Thane,MUM,neighbor,False,
2025-01-22 05:00:00,20.0,1008.4,78.0,AWS-MUM-101,Thane,MUM,neighbor,False,
2025-01-22 06:00:00,19.7,1009.2,82.0,AWS-MUM-101,Thane,MUM,neighbor,False,
2025-01-22 07:00:00,19.4,1009.9,83.0,AWS-MUM-101,Thane,MUM,neighbor,False,
2025-01-22 08:00:00,21.0,1010.9,73.0,AWS-MUM-101,Thane,MUM,neighbor,False,
2025-01-22 09:00:00,24.4,1011.7,57.0,AWS-MUM-101,Thane,MUM,neighbor,False,
2025-01-22 10:00:00,28.1,1011.6,44.0,AWS-MUM-101,Thane,MUM,neighbor,False,
2025-01-22 11:00:00,31.0,1011.0,35.0,AWS-MUM-101,Thane,MUM,neighbor,False,
2025-01-22 12:00:00,33.2,1010.0,28.0,AWS-MUM-101,Thane,MUM,neighbor,True,drift
2025-01-22 13:00:00,34.3,997.8340391131509,25.0,AWS-MUM-101,Thane,MUM,neighbor,True,drift
2025-01-22 14:00:00,34.7,985.6680782263018,26.0,AWS-MUM-101,Thane,MUM,neighbor,True,drift
2025-01-22 15:00:00,33.7,973.5021173394528,31.0,AWS-MUM-101,Thane,MUM,neighbor,True,drift
2025-01-22 16:00:00,31.6,961.3361564526036,38.0,AWS-MUM-101,Thane,MUM,neighbor,True,drift
2025-01-22 17:00:00,30.0,949.1701955657545,42.0,AWS-MUM-101,Thane,MUM,neighbor,True,drift
2025-01-22 18:00:00,28.4,937.0042346789054,47.0,AWS-MUM-101,Thane,MUM,neighbor,True,drift
2025-01-22 19:00:00,27.0,924.8382737920564,49.0,AWS-MUM-101,Thane,MUM,neighbor,True,drift
2025-01-22 20:00:00,26.2,912.6723129052073,50.0,AWS-MUM-101,Thane,MUM,neighbor,True,drift
2025-01-22 21:00:00,25.5,900.5063520183581,51.0,AWS-MUM-101,Thane,MUM,neighbor,True,drift
2025-01-22 22:00:00,24.8,888.340391131509,52.0,AWS-MUM-101,Thane,MUM,neighbor,True,drift
2025-01-22 23:00:00,24.2,876.17443024466,55.0,AWS-MUM-101,Thane,MUM,neighbor,True,drift
2025-01-23 00:00:00,23.8,864.0084693578109,57.0,AWS-MUM-101,Thane,MUM,neighbor,True,drift
2025-01-23 01:00:00,23.6,851.8425084709618,57.0,AWS-MUM-101,Thane,MUM,neighbor,True,drift
2025-01-23 02:00:00,23.2,839.6765475841127,58.0,AWS-MUM-101,Thane,MUM,neighbor,True,drift
2025-01-23 03:00:00,22.8,827.5105866972636,60.0,AWS-MUM-101,Thane,MUM,neighbor,True,drift
2025-01-23 04:00:00,22.4,815.3446258104145,61.0,AWS-MUM-101,Thane,MUM,neighbor,True,drift
2025-01-23 05:00:00,22.0,803.1786649235654,61.0,AWS-MUM-101,Thane,MUM,neighbor,True,drift
2025-01-23 06:00:00,20.9,800.0,69.0,AWS-MUM-101,Thane,MUM,neighbor,True,drift
2025-01-23 07:00:00,20.6,800.0,69.0,AWS-MUM-101,Thane,MUM,neighbor,True,drift
2025-01-23 08:00:00,22.1,800.0,63.0,AWS-MUM-101,Thane,MUM,neighbor,True,drift
2025-01-23 09:00:00,24.8,800.0,50.0,AWS-MUM-101,Thane,MUM,neighbor,True,drift
2025-01-23 10:00:00,27.5,800.0,41.0,AWS-MUM-101,Thane,MUM,neighbor,True,drift
2025-01-23 11:00:00,29.8,800.0,36.0,AWS-MUM-101,Thane,MUM,neighbor,True,drift
2025-01-23 12:00:00,31.3,800.0,33.0,AWS-MUM-101,Thane,MUM,neighbor,True,drift
2025-01-23 13:00:00,32.6,800.0,30.0,AWS-MUM-101,Thane,MUM,neighbor,True,drift
2025-01-23 14:00:00,33.3,1008.2,28.0,AWS-MUM-101,Thane,MUM,neighbor,False,
2025-01-23 15:00:00,33.1,1007.4,29.0,AWS-MUM-101,Thane,MUM,neighbor,False,
2025-01-23 16:00:00,32.3,1007.3,30.0,AWS-MUM-101,Thane,MUM,neighbor,False,
2025-01-23 17:00:00,30.4,1007.6,35.0,AWS-MUM-101,Thane,MUM,neighbor,False,
2025-01-23 18:00:00,27.9,1008.1,45.0,AWS-MUM-101,Thane,MUM,neighbor,False,
2025-01-23 19:00:00,26.1,1008.6,50.0,AWS-MUM-101,Thane,MUM,neighbor,False,
2025-01-23 20:00:00,25.2,1009.4,47.0,AWS-MUM-101,Thane,MUM,neighbor,False,
2025-01-23 21:00:00,24.6,1010.1,47.0,AWS-MUM-101,Thane,MUM,neighbor,False,
2025-01-23 22:00:00,24.1,1010.0,47.0,AWS-MUM-101,Thane,MUM,neighbor,False,
2025-01-23 23:00:00,23.9,1009.9,45.0,AWS-MUM-101,Thane,MUM,neighbor,False,
2025-01-24 00:00:00,23.5,1009.3,43.0,AWS-MUM-101,Thane,MUM,neighbor,False,
2025-01-24 01:00:00,23.1,1008.7,43.0,AWS-MUM-101,Thane,MUM,neighbor,False,
2025-01-24 02:00:00,22.7,1008.1,45.0,AWS-MUM-101,Thane,MUM,neighbor,False,
2025-01-24 03:00:00,22.1,1007.6,48.0,AWS-MUM-101,Thane,MUM,neighbor,False,
2025-01-24 04:00:00,21.3,1007.6,52.0,AWS-MUM-101,Thane,MUM,neighbor,False,
2025-01-24 05:00:00,20.7,1007.7,55.0,AWS-MUM-101,Thane,MUM,neighbor,False,
2025-01-24 06:00:00,19.6,1008.4,64.0,AWS-MUM-101,Thane,MUM,neighbor,False,
2025-01-24 07:00:00,19.2,1008.9,68.0,AWS-MUM-101,Thane,MUM,neighbor,False,
2025-01-24 08:00:00,20.7,1009.6,64.0,AWS-MUM-101,Thane,MUM,neighbor,False,
2025-01-24 09:00:00,24.1,1010.1,54.0,AWS-MUM-101,Thane,MUM,neighbor,False,
2025-01-24 10:00:00,27.7,1010.3,46.0,AWS-MUM-101,Thane,MUM,neighbor,False,
2025-01-24 11:00:00,31.2,1009.8,36.0,AWS-MUM-101,Thane,MUM,neighbor,False,
2025-01-24 12:00:00,33.5,1008.7,31.0,AWS-MUM-101,Thane,MUM,neighbor,False,
2025-01-24 13:00:00,34.9,1007.6,29.0,AWS-MUM-101,Thane,MUM,neighbor,False,
2025-01-24 14:00:00,35.2,1006.7,29.0,AWS-MUM-101,Thane,MUM,neighbor,False,
2025-01-24 15:00:00,34.5,1006.3,32.0,AWS-MUM-101,Thane,MUM,neighbor,False,
2025-01-24 16:00:00,33.3,1006.4,35.0,AWS-MUM-101,Thane,MUM,neighbor,False,
2025-01-24 17:00:00,31.4,1007.0,39.0,AWS-MUM-101,Thane,MUM,neighbor,False,
2025-01-24 18:00:00,29.3,1007.8,44.0,AWS-MUM-101,Thane,MUM,neighbor,False,
2025-01-24 19:00:00,28.0,1008.6,49.0,AWS-MUM-101,Thane,MUM,neighbor,False,
2025-01-24 20:00:00,26.9,1009.4,53.0,AWS-MUM-101,Thane,MUM,neighbor,False,
2025-01-24 21:00:00,26.0,1010.0,57.0,AWS-MUM-101,Thane,MUM,neighbor,False,
2025-01-24 22:00:00,25.1,1010.3,62.0,AWS-MUM-101,Thane,MUM,neighbor,False,
2025-01-24 23:00:00,24.4,1010.3,66.0,AWS-MUM-101,Thane,MUM,neighbor,False,
2025-01-25 00:00:00,23.6,1009.8,69.0,AWS-MUM-101,Thane,MUM,neighbor,False,
2025-01-25 01:00:00,23.0,1009.3,72.0,AWS-MUM-101,Thane,MUM,neighbor,False,
2025-01-25 02:00:00,22.6,1008.8,74.0,AWS-MUM-101,Thane,MUM,neighbor,False,
2025-01-25 03:00:00,22.1,1008.4,76.0,AWS-MUM-101,Thane,MUM,neighbor,False,
2025-01-25 04:00:00,21.8,1008.4,78.0,AWS-MUM-101,Thane,MUM,neighbor,False,
2025-01-25 05:00:00,21.6,1008.5,78.0,AWS-MUM-101,Thane,MUM,neighbor,False,
2025-01-25 06:00:00,21.3,1009.2,80.0,AWS-MUM-101,Thane,MUM,neighbor,False,
2025-01-25 07:00:00,21.2,1009.5,79.0,AWS-MUM-101,Thane,MUM,neighbor,False,
2025-01-25 08:00:00,,1010.5,70.0,AWS-MUM-101,Thane,MUM,neighbor,True,dropout
2025-01-25 09:00:00,25.7,1011.2,57.0,AWS-MUM-101,Thane,MUM,neighbor,False,
2025-01-25 10:00:00,29.8,1011.5,44.0,AWS-MUM-101,Thane,MUM,neighbor,False,
2025-01-25 11:00:00,33.2,1011.0,34.0,AWS-MUM-101,Thane,MUM,neighbor,False,
2025-01-25 12:00:00,35.2,1010.0,28.0,AWS-MUM-101,Thane,MUM,neighbor,False,
2025-01-25 13:00:00,36.2,1008.7,24.0,AWS-MUM-101,Thane,MUM,neighbor,False,
2025-01-25 14:00:00,35.9,1007.9,25.0,AWS-MUM-101,Thane,MUM,neighbor,False,
2025-01-25 15:00:00,35.0,1007.3,26.0,AWS-MUM-101,Thane,MUM,neighbor,False,
2025-01-25 16:00:00,33.6,1007.4,29.0,AWS-MUM-101,Thane,MUM,neighbor,False,
2025-01-25 17:00:00,31.7,1007.9,34.0,AWS-MUM-101,Thane,MUM,neighbor,False,
2025-01-25 18:00:00,29.9,1008.3,42.0,AWS-MUM-101,Thane,MUM,neighbor,False,
2025-01-25 19:00:00,28.2,1009.0,52.0,AWS-MUM-101,Thane,MUM,neighbor,False,
2025-01-25 20:00:00,27.0,1009.9,56.0,AWS-MUM-101,Thane,MUM,neighbor,False,
2025-01-25 21:00:00,26.1,1010.8,59.0,AWS-MUM-101,Thane,MUM,neighbor,False,
2025-01-25 22:00:00,25.3,1010.9,62.0,AWS-MUM-101,Thane,MUM,neighbor,False,
2025-01-25 23:00:00,24.4,1010.6,66.0,AWS-MUM-101,Thane,MUM,neighbor,False,
2025-01-26 00:00:00,23.9,1010.0,68.0,AWS-MUM-101,Thane,MUM,neighbor,False,
2025-01-26 01:00:00,23.8,1009.6,68.0,AWS-MUM-101,Thane,MUM,neighbor,False,
2025-01-26 02:00:00,23.5,1009.1,69.0,AWS-MUM-101,Thane,MUM,neighbor,False,
2025-01-26 03:00:00,23.0,1008.7,72.0,AWS-MUM-101,Thane,MUM,neighbor,False,
2025-01-26 04:00:00,22.5,1008.6,75.0,AWS-MUM-101,Thane,MUM,neighbor,False,
2025-01-26 05:00:00,22.0,1008.8,78.0,AWS-MUM-101,Thane,MUM,neighbor,False,
2025-01-26 06:00:00,21.0,1009.6,86.0,AWS-MUM-101,Thane,MUM,neighbor,False,
2025-01-26 07:00:00,20.7,1010.4,87.0,AWS-MUM-101,Thane,MUM,neighbor,False,
2025-01-26 08:00:00,22.4,1011.3,78.0,AWS-MUM-101,Thane,MUM,neighbor,False,
2025-01-26 09:00:00,25.8,1011.9,62.0,AWS-MUM-101,Thane,MUM,neighbor,False,
2025-01-26 10:00:00,29.8,1012.1,46.0,AWS-MUM-101,Thane,MUM,neighbor,False,
2025-01-26 11:00:00,33.1,1011.2,35.0,AWS-MUM-101,Thane,MUM,neighbor,False,
2025-01-26 12:00:00,35.4,1009.9,26.0,AWS-MUM-101,Thane,MUM,neighbor,False,
2025-01-26 13:00:00,36.8,1008.3,21.0,AWS-MUM-101,Thane,MUM,neighbor,False,
2025-01-26 14:00:00,37.0,1007.3,21.0,AWS-MUM-101,Thane,MUM,neighbor,False,
2025-01-26 15:00:00,36.0,1006.7,26.0,AWS-MUM-101,Thane,MUM,neighbor,False,
2025-01-26 16:00:00,34.1,1006.5,33.0,AWS-MUM-101,Thane,MUM,neighbor,False,
2025-01-26 17:00:00,32.0,1006.9,36.0,AWS-MUM-101,Thane,MUM,neighbor,False,
2025-01-26 18:00:00,30.2,1007.4,45.0,AWS-MUM-101,Thane,MUM,neighbor,False,
2025-01-26 19:00:00,28.6,1007.9,52.0,AWS-MUM-101,Thane,MUM,neighbor,False,
2025-01-26 20:00:00,27.4,1009.0,55.0,AWS-MUM-101,Thane,MUM,neighbor,False,
2025-01-26 21:00:00,26.7,1010.2,59.0,AWS-MUM-101,Thane,MUM,neighbor,False,
2025-01-26 22:00:00,26.1,1010.5,60.0,AWS-MUM-101,Thane,MUM,neighbor,False,
2025-01-26 23:00:00,25.1,1010.4,63.0,AWS-MUM-101,Thane,MUM,neighbor,False,
2025-01-27 00:00:00,24.4,1010.0,64.0,AWS-MUM-101,Thane,MUM,neighbor,False,
2025-01-27 01:00:00,23.7,1009.6,66.0,AWS-MUM-101,Thane,MUM,neighbor,False,
2025-01-27 02:00:00,23.0,1009.2,70.0,AWS-MUM-101,Thane,MUM,neighbor,False,
2025-01-27 03:00:00,22.3,1008.7,74.0,AWS-MUM-101,Thane,MUM,neighbor,False,
2025-01-27 04:00:00,21.5,1008.6,80.0,AWS-MUM-101,Thane,MUM,neighbor,False,
2025-01-27 05:00:00,21.0,1008.5,84.0,AWS-MUM-101,Thane,MUM,neighbor,False,
2025-01-27 06:00:00,20.3,1009.2,92.0,AWS-MUM-101,Thane,MUM,neighbor,False,
2025-01-27 07:00:00,20.1,1009.8,94.0,AWS-MUM-101,Thane,MUM,neighbor,False,
2025-01-27 08:00:00,22.1,1010.4,82.0,AWS-MUM-101,Thane,MUM,neighbor,False,
2025-01-27 09:00:00,25.8,1011.0,62.0,AWS-MUM-101,Thane,MUM,neighbor,False,
2025-01-27 10:00:00,29.3,1010.7,50.0,AWS-MUM-101,Thane,MUM,neighbor,False,
2025-01-27 11:00:00,32.3,1010.1,40.0,AWS-MUM-101,Thane,MUM,neighbor,False,
2025-01-27 12:00:00,34.7,1009.0,30.0,AWS-MUM-101,Thane,MUM,neighbor,False,
2025-01-27 13:00:00,36.0,1007.6,25.0,AWS-MUM-101,Thane,MUM,neighbor,False,
2025-01-27 14:00:00,36.4,1006.5,25.0,AWS-MUM-101,Thane,MUM,neighbor,False,
2025-01-27 15:00:00,36.0,1005.8,27.0,AWS-MUM-101,Thane,MUM,neighbor,False,
2025-01-27 16:00:00,34.7,1005.7,30.0,AWS-MUM-101,Thane,MUM,neighbor,False,
2025-01-27 17:00:00,32.5,1006.0,33.0,AWS-MUM-101,Thane,MUM,neighbor,False,
2025-01-27 18:00:00,30.4,1006.6,38.0,AWS-MUM-101,Thane,MUM,neighbor,False,
2025-01-27 19:00:00,28.4,1007.1,41.0,AWS-MUM-101,Thane,MUM,neighbor,False,
2025-01-27 20:00:00,27.2,1008.1,43.0,AWS-MUM-101,Thane,MUM,neighbor,False,
2025-01-27 21:00:00,26.2,1008.7,45.0,AWS-MUM-101,Thane,MUM,neighbor,False,
2025-01-27 22:00:00,25.3,1008.8,47.0,AWS-MUM-101,Thane,MUM,neighbor,False,
2025-01-27 23:00:00,24.2,1008.9,53.0,AWS-MUM-101,Thane,MUM,neighbor,False,
2025-01-28 00:00:00,23.0,1008.4,59.0,AWS-MUM-101,Thane,MUM,neighbor,False,
2025-01-28 01:00:00,22.4,1008.1,61.0,AWS-MUM-101,Thane,MUM,neighbor,False,
2025-01-28 02:00:00,21.8,1007.6,66.0,AWS-MUM-101,Thane,MUM,neighbor,False,
2025-01-28 03:00:00,21.2,1007.3,72.0,AWS-MUM-101,Thane,MUM,neighbor,False,
2025-01-28 04:00:00,20.5,1006.9,76.0,AWS-MUM-101,Thane,MUM,neighbor,False,
2025-01-28 05:00:00,19.9,1007.0,79.0,AWS-MUM-101,Thane,MUM,neighbor,False,
2025-01-28 06:00:00,19.4,1007.9,84.0,AWS-MUM-101,Thane,MUM,neighbor,False,
2025-01-28 07:00:00,19.3,1008.7,85.0,AWS-MUM-101,Thane,MUM,neighbor,False,
2025-01-28 08:00:00,21.3,1009.8,76.0,AWS-MUM-101,Thane,MUM,neighbor,False,
2025-01-28 09:00:00,24.9,1010.6,55.0,AWS-MUM-101,Thane,MUM,neighbor,False,
2025-01-28 10:00:00,28.4,1010.8,44.0,AWS-MUM-101,Thane,MUM,neighbor,False,
2025-01-28 11:00:00,31.6,1010.5,36.0,AWS-MUM-101,Thane,MUM,neighbor,False,
2025-01-28 12:00:00,33.6,1009.4,29.0,AWS-MUM-101,Thane,MUM,neighbor,False,
2025-01-28 13:00:00,34.1,1008.6,27.0,AWS-MUM-101,Thane,MUM,neighbor,False,
2025-01-28 14:00:00,34.2,1007.8,26.0,AWS-MUM-101,Thane,MUM,neighbor,False,
2025-01-28 15:00:00,34.1,1007.2,23.0,AWS-MUM-101,Thane,MUM,neighbor,False,
2025-01-28 16:00:00,33.1,1007.0,25.0,AWS-MUM-101,Thane,MUM,neighbor,False,
2025-01-28 17:00:00,31.0,1007.5,32.0,AWS-MUM-101,Thane,MUM,neighbor,False,
2025-01-28 18:00:00,28.3,1008.4,43.0,AWS-MUM-101,Thane,MUM,neighbor,False,
2025-01-28 19:00:00,26.2,1009.1,54.0,AWS-MUM-101,Thane,MUM,neighbor,False,
2025-01-28 20:00:00,24.7,1010.3,67.0,AWS-MUM-101,Thane,MUM,neighbor,False,
2025-01-28 21:00:00,23.5,1011.0,76.0,AWS-MUM-101,Thane,MUM,neighbor,False,
2025-01-28 22:00:00,22.4,1011.2,85.0,AWS-MUM-101,Thane,MUM,neighbor,False,
2025-01-28 23:00:00,21.5,1011.2,88.0,AWS-MUM-101,Thane,MUM,neighbor,False,
2025-01-29 00:00:00,20.8,1011.0,91.0,AWS-MUM-101,Thane,MUM,neighbor,False,
2025-01-29 01:00:00,20.1,1010.6,95.0,AWS-MUM-101,Thane,MUM,neighbor,False,
2025-01-29 02:00:00,19.6,1010.4,96.0,AWS-MUM-101,Thane,MUM,neighbor,False,
2025-01-29 03:00:00,19.2,1009.8,96.0,AWS-MUM-101,Thane,MUM,neighbor,False,
2025-01-29 04:00:00,18.7,1009.7,97.0,AWS-MUM-101,Thane,MUM,neighbor,False,
2025-01-29 05:00:00,18.3,1009.8,98.0,AWS-MUM-101,Thane,MUM,neighbor,False,
2025-01-29 06:00:00,17.9,1031.4826903816117,100.0,AWS-MUM-101,Thane,MUM,neighbor,True,spike
2025-01-29 07:00:00,17.8,1011.4,100.0,AWS-MUM-101,Thane,MUM,neighbor,False,
2025-01-29 08:00:00,20.0,1012.4,82.0,AWS-MUM-101,Thane,MUM,neighbor,False,
2025-01-29 09:00:00,24.3,1013.2,59.0,AWS-MUM-101,Thane,MUM,neighbor,False,
2025-01-29 10:00:00,28.0,1013.4,38.0,AWS-MUM-101,Thane,MUM,neighbor,False,
2025-01-29 11:00:00,31.0,1013.0,26.0,AWS-MUM-101,Thane,MUM,neighbor,False,
2025-01-29 12:00:00,33.1,1011.8,21.0,AWS-MUM-101,Thane,MUM,neighbor,False,
2025-01-29 13:00:00,34.3,1010.5,18.0,AWS-MUM-101,Thane,MUM,neighbor,False,
2025-01-29 14:00:00,34.3,1009.5,20.0,AWS-MUM-101,Thane,MUM,neighbor,False,
2025-01-29 15:00:00,33.3,1008.7,24.0,AWS-MUM-101,Thane,MUM,neighbor,False,
2025-01-29 16:00:00,31.9,1008.6,26.0,AWS-MUM-101,Thane,MUM,neighbor,False,
2025-01-29 17:00:00,30.0,1008.7,32.0,AWS-MUM-101,Thane,MUM,neighbor,False,
2025-01-29 18:00:00,78.63691502336009,1009.0,48.0,AWS-MUM-101,Thane,MUM,neighbor,True,spike
2025-01-29 19:00:00,25.8,1009.7,60.0,AWS-MUM-101,Thane,MUM,neighbor,False,
2025-01-29 20:00:00,24.7,1010.5,63.0,AWS-MUM-101,Thane,MUM,neighbor,False,
2025-01-29 21:00:00,23.9,1011.0,66.0,AWS-MUM-101,Thane,MUM,neighbor,False,
2025-01-29 22:00:00,23.2,1011.0,68.0,AWS-MUM-101,Thane,MUM,neighbor,False,
2025-01-29 23:00:00,22.1,1011.1,74.0,AWS-MUM-101,Thane,MUM,neighbor,False,
2025-01-30 00:00:00,21.2,1010.8,81.0,AWS-MUM-101,Thane,MUM,neighbor,False,
2025-01-30 01:00:00,20.3,1010.3,86.0,AWS-MUM-101,Thane,MUM,neighbor,False,
2025-01-30 02:00:00,19.8,1009.6,88.0,AWS-MUM-101,Thane,MUM,neighbor,False,
2025-01-30 03:00:00,19.4,1008.8,90.0,AWS-MUM-101,Thane,MUM,neighbor,False,
2025-01-30 04:00:00,19.0,1008.6,90.0,AWS-MUM-101,Thane,MUM,neighbor,False,
2025-01-30 05:00:00,18.6,1008.7,93.0,AWS-MUM-101,Thane,MUM,neighbor,False,
2025-01-30 06:00:00,18.1,1009.7,97.0,AWS-MUM-101,Thane,MUM,neighbor,False,
2025-01-30 07:00:00,18.1,1010.4,96.0,AWS-MUM-101,Thane,MUM,neighbor,False,
2025-01-30 08:00:00,20.2,1011.0,82.0,AWS-MUM-101,Thane,MUM,neighbor,False,
2025-01-30 09:00:00,24.0,1011.7,61.0,AWS-MUM-101,Thane,MUM,neighbor,False,
2025-01-30 10:00:00,27.8,1012.0,45.0,AWS-MUM-101,Thane,MUM,neighbor,False,
2025-01-30 11:00:00,31.1,1011.5,35.0,AWS-MUM-101,Thane,MUM,neighbor,False,
2025-01-30 12:00:00,33.7,1010.8,26.0,AWS-MUM-101,Thane,MUM,neighbor,False,
2025-01-30 13:00:00,34.9,1009.4,23.0,AWS-MUM-101,Thane,MUM,neighbor,False,
2025-01-30 14:00:00,34.9,1008.1,26.0,AWS-MUM-101,Thane,MUM,neighbor,False,
2025-01-30 15:00:00,34.4,1007.5,28.0,AWS-MUM-101,Thane,MUM,neighbor,False,
2025-01-30 16:00:00,33.8,1007.1,28.0,AWS-MUM-101,Thane,MUM,neighbor,False,
2025-01-30 17:00:00,32.3,1007.2,30.0,AWS-MUM-101,Thane,MUM,neighbor,False,
2025-01-30 18:00:00,29.7,1007.5,34.0,AWS-MUM-101,Thane,MUM,neighbor,False,
2025-01-30 19:00:00,27.6,1008.0,37.0,AWS-MUM-101,Thane,MUM,neighbor,False,
2025-01-30 20:00:00,26.4,1008.9,40.0,AWS-MUM-101,Thane,MUM,neighbor,False,
2025-01-30 21:00:00,25.3,1009.5,43.0,AWS-MUM-101,Thane,MUM,neighbor,False,
2025-01-30 22:00:00,24.2,1009.7,47.0,AWS-MUM-101,Thane,MUM,neighbor,False,
2025-01-30 23:00:00,23.4,1009.3,50.0,AWS-MUM-101,Thane,MUM,neighbor,False,
2025-01-31 00:00:00,22.4,1008.9,56.0,AWS-MUM-101,Thane,MUM,neighbor,False,
2025-01-31 01:00:00,21.6,1008.8,58.0,AWS-MUM-101,Thane,MUM,neighbor,False,
2025-01-31 02:00:00,20.9,1008.4,58.0,AWS-MUM-101,Thane,MUM,neighbor,False,
2025-01-31 03:00:00,20.3,1008.2,59.0,AWS-MUM-101,Thane,MUM,neighbor,False,
2025-01-31 04:00:00,19.6,1008.2,66.0,AWS-MUM-101,Thane,MUM,neighbor,False,
2025-01-31 05:00:00,19.1,1008.6,72.0,AWS-MUM-101,Thane,MUM,neighbor,False,
2025-01-31 06:00:00,18.4,1009.3,84.0,AWS-MUM-101,Thane,MUM,neighbor,False,
2025-01-31 07:00:00,18.0,1010.0,90.0,AWS-MUM-101,Thane,MUM,neighbor,False,
2025-01-31 08:00:00,19.9,1010.9,81.0,AWS-MUM-101,Thane,MUM,neighbor,False,
2025-01-31 09:00:00,23.5,1011.7,58.0,AWS-MUM-101,Thane,MUM,neighbor,False,
2025-01-31 10:00:00,27.1,1011.8,42.0,AWS-MUM-101,Thane,MUM,neighbor,False,
2025-01-31 11:00:00,30.1,1011.2,32.0,AWS-MUM-101,Thane,MUM,neighbor,False,
2025-01-31 12:00:00,32.2,1010.2,26.0,AWS-MUM-101,Thane,MUM,neighbor,False,
2025-01-31 13:00:00,33.2,1009.0,26.0,AWS-MUM-101,Thane,MUM,neighbor,False,
2025-01-31 14:00:00,33.3,48.74505539864872,28.0,AWS-MUM-101,Thane,MUM,neighbor,True,sensor_fail_low
2025-01-31 15:00:00,32.4,49.65570666762066,31.0,AWS-MUM-101,Thane,MUM,neighbor,True,sensor_fail_low
2025-01-31 16:00:00,31.1,50.14881924544665,34.0,AWS-MUM-101,Thane,MUM,neighbor,True,sensor_fail_low
2025-01-31 17:00:00,29.3,50.581072967224436,40.0,AWS-MUM-101,Thane,MUM,neighbor,True,sensor_fail_low
2025-01-31 18:00:00,26.7,1008.1,53.0,AWS-MUM-101,Thane,MUM,neighbor,False,
2025-01-31 19:00:00,24.7,1009.0,65.0,AWS-MUM-101,Thane,MUM,neighbor,False,
2025-01-31 20:00:00,23.4,1009.9,71.0,AWS-MUM-101,Thane,MUM,neighbor,False,
2025-01-31 21:00:00,22.7,1010.9,70.0,AWS-MUM-101,Thane,MUM,neighbor,False,
2025-01-31 22:00:00,22.0,1011.3,70.0,AWS-MUM-101,Thane,MUM,neighbor,False,
2025-01-31 23:00:00,21.1,1011.1,76.0,AWS-MUM-101,Thane,MUM,neighbor,False,
2025-02-01 00:00:00,20.3,1010.7,82.0,AWS-MUM-101,Thane,MUM,neighbor,False,
2025-02-01 01:00:00,19.5,1010.1,88.0,AWS-MUM-101,Thane,MUM,neighbor,False,
2025-02-01 02:00:00,18.8,1009.5,92.0,AWS-MUM-101,Thane,MUM,neighbor,False,
2025-02-01 03:00:00,18.1,1009.1,96.0,AWS-MUM-101,Thane,MUM,neighbor,False,
2025-02-01 04:00:00,17.8,1009.1,97.0,AWS-MUM-101,Thane,MUM,neighbor,False,
2025-02-01 05:00:00,17.6,1009.3,94.0,AWS-MUM-101,Thane,MUM,neighbor,False,
2025-02-01 06:00:00,17.2,1010.4,94.0,AWS-MUM-101,Thane,MUM,neighbor,False,
2025-02-01 07:00:00,17.2,1011.2,92.0,AWS-MUM-101,Thane,MUM,neighbor,False,
2025-02-01 08:00:00,18.8,1011.9,84.0,AWS-MUM-101,Thane,MUM,neighbor,False,
2025-02-01 09:00:00,21.6,1012.6,71.0,AWS-MUM-101,Thane,MUM,neighbor,False,
2025-02-01 10:00:00,25.1,1012.8,57.0,AWS-MUM-101,Thane,MUM,neighbor,True,drift
2025-02-01 11:00:00,28.2,1012.0,60.067556361741545,AWS-MUM-101,Thane,MUM,neighbor,True,drift
2025-02-01 12:00:00,30.6,1010.8,66.0072438700739,AWS-MUM-101,Thane,MUM,neighbor,True,drift
2025-02-01 13:00:00,32.0,1009.8,73.91428738259864,AWS-MUM-101,Thane,MUM,neighbor,True,drift
2025-02-01 14:00:00,32.1,1008.8,83.44999466324856,AWS-MUM-101,Thane,MUM,neighbor,True,drift
2025-02-01 15:00:00,31.6,1008.2,94.4144855204296,AWS-MUM-101,Thane,MUM,neighbor,True,drift
2025-02-01 16:00:00,30.5,1008.1,100.0,AWS-MUM-101,Thane,MUM,neighbor,True,drift
2025-02-01 17:00:00,28.8,1008.6,100.0,AWS-MUM-101,Thane,MUM,neighbor,True,drift
2025-02-01 18:00:00,26.8,1009.4,100.0,AWS-MUM-101,Thane,MUM,neighbor,True,drift
2025-02-01 19:00:00,25.4,1010.1,100.0,AWS-MUM-101,Thane,MUM,neighbor,True,drift
2025-02-01 20:00:00,24.3,1011.0,100.0,AWS-MUM-101,Thane,MUM,neighbor,True,drift
2025-02-01 21:00:00,23.5,1011.5,100.0,AWS-MUM-101,Thane,MUM,neighbor,True,drift
2025-02-01 22:00:00,23.0,1011.8,100.0,AWS-MUM-101,Thane,MUM,neighbor,True,drift
2025-02-01 23:00:00,22.6,1011.5,100.0,AWS-MUM-101,Thane,MUM,neighbor,True,drift
2025-02-02 00:00:00,21.6,1011.3,100.0,AWS-MUM-101,Thane,MUM,neighbor,True,drift
2025-02-02 01:00:00,20.8,1010.8,100.0,AWS-MUM-101,Thane,MUM,neighbor,True,drift
2025-02-02 02:00:00,20.4,1010.1,100.0,AWS-MUM-101,Thane,MUM,neighbor,True,drift
2025-02-02 03:00:00,19.9,1009.5,100.0,AWS-MUM-101,Thane,MUM,neighbor,True,drift
2025-02-02 04:00:00,19.5,1009.2,100.0,AWS-MUM-101,Thane,MUM,neighbor,True,drift
2025-02-02 05:00:00,19.1,1009.3,100.0,AWS-MUM-101,Thane,MUM,neighbor,True,drift
2025-02-02 06:00:00,18.5,1010.2,100.0,AWS-MUM-101,Thane,MUM,neighbor,True,drift
2025-02-02 07:00:00,18.3,1011.2,100.0,AWS-MUM-101,Thane,MUM,neighbor,True,drift
2025-02-02 08:00:00,20.0,1012.0,100.0,AWS-MUM-101,Thane,MUM,neighbor,True,drift
2025-02-02 09:00:00,23.5,1012.6,100.0,AWS-MUM-101,Thane,MUM,neighbor,True,drift
2025-02-02 10:00:00,27.1,1012.7,100.0,AWS-MUM-101,Thane,MUM,neighbor,True,drift
2025-02-02 11:00:00,30.3,1011.9,100.0,AWS-MUM-101,Thane,MUM,neighbor,True,drift
2025-02-02 12:00:00,32.7,1010.5,100.0,AWS-MUM-101,Thane,MUM,neighbor,True,drift
2025-02-02 13:00:00,34.2,1009.2,100.0,AWS-MUM-101,Thane,MUM,neighbor,True,drift
2025-02-02 14:00:00,34.7,1008.2,100.0,AWS-MUM-101,Thane,MUM,neighbor,True,drift
2025-02-02 15:00:00,34.2,1007.7,23.0,AWS-MUM-101,Thane,MUM,neighbor,False,
2025-02-02 16:00:00,33.1,1007.7,27.0,AWS-MUM-101,Thane,MUM,neighbor,False,
2025-02-02 17:00:00,31.2,1008.1,31.0,AWS-MUM-101,Thane,MUM,neighbor,False,
2025-02-02 18:00:00,28.7,1008.8,40.0,AWS-MUM-101,Thane,MUM,neighbor,False,
2025-02-02 19:00:00,26.8,1009.3,45.0,AWS-MUM-101,Thane,MUM,neighbor,False,
2025-02-02 20:00:00,25.8,1010.2,47.0,AWS-MUM-101,Thane,MUM,neighbor,False,
2025-02-02 21:00:00,25.2,1010.9,46.0,AWS-MUM-101,Thane,MUM,neighbor,False,
2025-02-02 22:00:00,24.5,1011.1,45.0,AWS-MUM-101,Thane,MUM,neighbor,False,
2025-02-02 23:00:00,23.8,1011.2,45.0,AWS-MUM-101,Thane,MUM,neighbor,False,
2025-02-03 00:00:00,22.9,1010.6,49.0,AWS-MUM-101,Thane,MUM,neighbor,False,
2025-02-03 01:00:00,22.0,1010.1,59.0,AWS-MUM-101,Thane,MUM,neighbor,False,
2025-02-03 02:00:00,21.3,1009.6,64.0,AWS-MUM-101,Thane,MUM,neighbor,False,
2025-02-03 03:00:00,20.5,1009.0,70.0,AWS-MUM-101,Thane,MUM,neighbor,False,
2025-02-03 04:00:00,20.0,1008.8,73.0,AWS-MUM-101,Thane,MUM,neighbor,False,
2025-02-03 05:00:00,19.8,1008.9,75.0,AWS-MUM-101,Thane,MUM,neighbor,False,
2025-02-03 06:00:00,19.2,1009.8,81.0,AWS-MUM-101,Thane,MUM,neighbor,False,
2025-02-03 07:00:00,19.2,1010.4,83.0,AWS-MUM-101,Thane,MUM,neighbor,False,
2025-02-03 08:00:00,21.4,1011.3,69.0,AWS-MUM-101,Thane,MUM,neighbor,False,
2025-02-03 09:00:00,25.4,1012.0,46.0,AWS-MUM-101,Thane,MUM,neighbor,False,
2025-02-03 10:00:00,28.9,1012.4,33.0,AWS-MUM-101,Thane,MUM,neighbor,False,
2025-02-03 11:00:00,31.3,1011.9,28.0,AWS-MUM-101,Thane,MUM,neighbor,False,
2025-02-03 12:00:00,32.7,1010.8,30.0,AWS-MUM-101,Thane,MUM,neighbor,False,
2025-02-03 13:00:00,32.9,1009.6,33.0,AWS-MUM-101,Thane,MUM,neighbor,False,
2025-02-03 14:00:00,32.4,1008.8,33.0,AWS-MUM-101,Thane,MUM,neighbor,False,
2025-02-03 15:00:00,31.6,1008.4,30.0,AWS-MUM-101,Thane,MUM,neighbor,False,
2025-02-03 16:00:00,30.4,1008.5,31.0,AWS-MUM-101,Thane,MUM,neighbor,False,
2025-02-03 17:00:00,28.5,1008.9,37.0,AWS-MUM-101,Thane,MUM,neighbor,False,
2025-02-03 18:00:00,26.5,1010.1,45.0,AWS-MUM-101,Thane,MUM,neighbor,False,
2025-02-03 19:00:00,25.5,1011.0,49.0,AWS-MUM-101,Thane,MUM,neighbor,False,
2025-02-03 20:00:00,24.6,1012.1,52.0,AWS-MUM-101,Thane,MUM,neighbor,False,
2025-02-03 21:00:00,24.0,1012.8,54.0,AWS-MUM-101,Thane,MUM,neighbor,False,
2025-02-03 22:00:00,23.2,1013.1,56.0,AWS-MUM-101,Thane,MUM,neighbor,False,
2025-02-03 23:00:00,22.4,1012.8,60.0,AWS-MUM-101,Thane,MUM,neighbor,False,
2025-02-04 00:00:00,21.7,1012.5,65.0,AWS-MUM-101,Thane,MUM,neighbor,False,
2025-02-04 01:00:00,21.0,1011.9,69.0,AWS-MUM-101,Thane,MUM,neighbor,False,
2025-02-04 02:00:00,20.4,1011.2,72.0,AWS-MUM-101,Thane,MUM,neighbor,False,
2025-02-04 03:00:00,19.8,1010.6,,AWS-MUM-101,Thane,MUM,neighbor,True,dropout
2025-02-04 04:00:00,19.2,1010.3,80.0,AWS-MUM-101,Thane,MUM,neighbor,False,
2025-02-04 05:00:00,18.7,1010.3,85.0,AWS-MUM-101,Thane,MUM,neighbor,False,
2025-02-04 06:00:00,18.6,1011.7,84.0,AWS-MUM-101,Thane,MUM,neighbor,False,
2025-02-04 07:00:00,19.0,1012.3,72.0,AWS-MUM-101,Thane,MUM,neighbor,False,
2025-02-04 08:00:00,21.3,1013.2,59.0,AWS-MUM-101,Thane,MUM,neighbor,False,
2025-02-04 09:00:00,25.0,1014.3,45.0,AWS-MUM-101,Thane,MUM,neighbor,False,
2025-02-04 10:00:00,27.8,1014.2,39.0,AWS-MUM-101,Thane,MUM,neighbor,False,
2025-02-04 11:00:00,30.2,1013.9,33.0,AWS-MUM-101,Thane,MUM,neighbor,False,
2025-02-04 12:00:00,31.9,1012.7,30.0,AWS-MUM-101,Thane,MUM,neighbor,False,
2025-02-04 13:00:00,33.0,1011.3,30.0,AWS-MUM-101,Thane,MUM,neighbor,False,
2025-02-04 14:00:00,33.5,1010.2,30.0,AWS-MUM-101,Thane,MUM,neighbor,False,
2025-02-04 15:00:00,32.9,1009.4,31.0,AWS-MUM-101,Thane,MUM,neighbor,False,
2025-02-04 16:00:00,31.6,1009.3,33.0,AWS-MUM-101,Thane,MUM,neighbor,False,
2025-02-04 17:00:00,29.6,1009.4,38.0,AWS-MUM-101,Thane,MUM,neighbor,False,
2025-02-04 18:00:00,27.1,1010.4,45.0,AWS-MUM-101,Thane,MUM,neighbor,False,
2025-02-04 19:00:00,25.5,1010.7,52.0,AWS-MUM-101,Thane,MUM,neighbor,False,
2025-02-04 20:00:00,24.7,1011.6,51.0,AWS-MUM-101,Thane,MUM,neighbor,False,
2025-02-04 21:00:00,24.2,1012.1,46.0,AWS-MUM-101,Thane,MUM,neighbor,False,
2025-02-04 22:00:00,23.7,1012.2,43.0,AWS-MUM-101,Thane,MUM,neighbor,False,
2025-02-04 23:00:00,23.1,1012.2,43.0,AWS-MUM-101,Thane,MUM,neighbor,False,
2025-02-05 00:00:00,22.5,1011.9,44.0,AWS-MUM-101,Thane,MUM,neighbor,False,
2025-02-05 01:00:00,22.0,1011.5,45.0,AWS-MUM-101,Thane,MUM,neighbor,False,
2025-02-05 02:00:00,21.9,1011.1,43.0,AWS-MUM-101,Thane,MUM,neighbor,False,
2025-02-05 03:00:00,21.7,1010.7,42.0,AWS-MUM-101,Thane,MUM,neighbor,False,
2025-02-05 04:00:00,21.3,1010.5,42.0,AWS-MUM-101,Thane,MUM,neighbor,False,
2025-02-05 05:00:00,21.0,1010.5,42.0,AWS-MUM-101,Thane,MUM,neighbor,False,
2025-02-05 06:00:00,20.2,1010.9,47.0,AWS-MUM-101,Thane,MUM,neighbor,False,
2025-02-05 07:00:00,19.9,1011.7,46.0,AWS-MUM-101,Thane,MUM,neighbor,False,
2025-02-05 08:00:00,21.5,1012.7,43.0,AWS-MUM-101,Thane,MUM,neighbor,False,
2025-02-05 09:00:00,24.8,1012.8,32.0,AWS-MUM-101,Thane,MUM,neighbor,False,
2025-02-05 10:00:00,27.8,1012.9,26.0,AWS-MUM-101,Thane,MUM,neighbor,False,
2025-02-05 11:00:00,30.3,1011.9,23.0,AWS-MUM-101,Thane,MUM,neighbor,False,
2025-02-05 12:00:00,32.1,1011.0,21.0,AWS-MUM-101,Thane,MUM,neighbor,False,
2025-02-05 13:00:00,33.4,1009.6,20.0,AWS-MUM-101,Thane,MUM,neighbor,False,
2025-02-05 14:00:00,34.3,1008.4,19.0,AWS-MUM-101,Thane,MUM,neighbor,False,
2025-02-05 15:00:00,34.3,1007.6,19.0,AWS-MUM-101,Thane,MUM,neighbor,False,
2025-02-05 16:00:00,33.1,1007.7,21.0,AWS-MUM-101,Thane,MUM,neighbor,False,
2025-02-05 17:00:00,30.2,1007.9,29.0,AWS-MUM-101,Thane,MUM,neighbor,False,
2025-02-05 18:00:00,27.8,1008.5,38.0,AWS-MUM-101,Thane,MUM,neighbor,False,
2025-02-05 19:00:00,26.1,1009.2,41.0,AWS-MUM-101,Thane,MUM,neighbor,False,
2025-02-05 20:00:00,24.8,1010.2,41.0,AWS-MUM-101,Thane,MUM,neighbor,False,
2025-02-05 21:00:00,24.1,1011.0,41.0,AWS-MUM-101,Thane,MUM,neighbor,False,
2025-02-05 22:00:00,23.5,1010.9,40.0,AWS-MUM-101,Thane,MUM,neighbor,False,
2025-02-05 23:00:00,23.1,1010.8,41.0,AWS-MUM-101,Thane,MUM,neighbor,False,
2025-02-06 00:00:00,22.7,1010.4,41.0,AWS-MUM-101,Thane,MUM,neighbor,False,
2025-02-06 01:00:00,22.0,1010.0,41.0,AWS-MUM-101,Thane,MUM,neighbor,False,
2025-02-06 02:00:00,21.0,1009.3,44.0,AWS-MUM-101,Thane,MUM,neighbor,False,
2025-02-06 03:00:00,20.0,1008.7,50.0,AWS-MUM-101,Thane,MUM,neighbor,False,
2025-02-06 04:00:00,19.4,1008.7,55.0,AWS-MUM-101,Thane,MUM,neighbor,False,
2025-02-06 05:00:00,19.0,1008.9,54.0,AWS-MUM-101,Thane,MUM,neighbor,False,
2025-02-06 06:00:00,18.4,1009.6,60.0,AWS-MUM-101,Thane,MUM,neighbor,False,
2025-02-06 07:00:00,18.3,1010.2,63.0,AWS-MUM-101,Thane,MUM,neighbor,False,
2025-02-06 08:00:00,20.3,1010.9,55.0,AWS-MUM-101,Thane,MUM,neighbor,False,
2025-02-06 09:00:00,24.1,1011.4,44.0,AWS-MUM-101,Thane,MUM,neighbor,False,
2025-02-06 10:00:00,27.8,1011.5,36.0,AWS-MUM-101,Thane,MUM,neighbor,False,
2025-02-06 11:00:00,31.1,1011.0,31.0,AWS-MUM-101,Thane,MUM,neighbor,False,
2025-02-06 12:00:00,33.7,1009.9,26.0,AWS-MUM-101,Thane,MUM,neighbor,False,
2025-02-06 13:00:00,35.2,1008.5,23.0,AWS-MUM-101,Thane,MUM,neighbor,False,
2025-02-06 14:00:00,36.0,1007.3,21.0,AWS-MUM-101,Thane,MUM,neighbor,False,
2025-02-06 15:00:00,35.7,1006.6,22.0,AWS-MUM-101,Thane,MUM,neighbor,False,
2025-02-06 16:00:00,34.3,1006.5,28.0,AWS-MUM-101,Thane,MUM,neighbor,False,
2025-02-06 17:00:00,31.9,1006.9,36.0,AWS-MUM-101,Thane,MUM,neighbor,False,
2025-02-06 18:00:00,29.6,1007.7,43.0,AWS-MUM-101,Thane,MUM,neighbor,False,
2025-02-06 19:00:00,28.0,1008.4,47.0,AWS-MUM-101,Thane,MUM,neighbor,False,
2025-02-06 20:00:00,27.0,1009.4,51.0,AWS-MUM-101,Thane,MUM,neighbor,True,frozen_value
2025-02-06 21:00:00,27.0,1010.1,53.0,AWS-MUM-101,Thane,MUM,neighbor,True,frozen_value
2025-02-06 22:00:00,27.0,1010.3,57.0,AWS-MUM-101,Thane,MUM,neighbor,True,frozen_value
2025-02-06 23:00:00,27.0,1010.0,59.0,AWS-MUM-101,Thane,MUM,neighbor,True,frozen_value
2025-02-07 00:00:00,27.0,1009.8,62.0,AWS-MUM-101,Thane,MUM,neighbor,True,frozen_value
2025-02-07 01:00:00,27.0,1009.5,66.0,AWS-MUM-101,Thane,MUM,neighbor,True,frozen_value
2025-02-07 02:00:00,27.0,1009.1,69.0,AWS-MUM-101,Thane,MUM,neighbor,True,frozen_value
2025-02-07 03:00:00,21.9,1008.7,69.0,AWS-MUM-101,Thane,MUM,neighbor,False,
2025-02-07 04:00:00,21.6,1008.7,71.0,AWS-MUM-101,Thane,MUM,neighbor,False,
2025-02-07 05:00:00,21.3,1008.9,72.0,AWS-MUM-101,Thane,MUM,neighbor,False,
2025-02-07 06:00:00,21.6,1009.9,73.0,AWS-MUM-101,Thane,MUM,neighbor,False,
2025-02-07 07:00:00,21.8,1010.7,72.0,AWS-MUM-101,Thane,MUM,neighbor,False,
2025-02-07 08:00:00,23.8,1011.7,65.0,AWS-MUM-101,Thane,MUM,neighbor,False,
2025-02-07 09:00:00,27.0,1012.6,53.0,AWS-MUM-101,Thane,MUM,neighbor,False,
2025-02-07 10:00:00,30.4,1013.0,42.0,AWS-MUM-101,Thane,MUM,neighbor,False,
2025-02-07 11:00:00,33.5,1012.4,32.0,AWS-MUM-101,Thane,MUM,neighbor,False,
2025-02-07 12:00:00,,1011.3,25.0,AWS-MUM-101,Thane,MUM,neighbor,True,dropout
2025-02-07 13:00:00,36.9,1009.9,22.0,AWS-MUM-101,Thane,MUM,neighbor,False,
2025-02-07 14:00:00,37.6,1008.7,,AWS-MUM-101,Thane,MUM,neighbor,True,dropout
2025-02-07 15:00:00,36.7,1008.2,23.0,AWS-MUM-101,Thane,MUM,neighbor,False,
2025-02-07 16:00:00,34.8,1008.3,28.0,AWS-MUM-101,Thane,MUM,neighbor,False,
2025-02-07 17:00:00,32.4,1008.7,35.0,AWS-MUM-101,Thane,MUM,neighbor,False,
2025-02-07 18:00:00,30.1,1009.5,43.0,AWS-MUM-101,Thane,MUM,neighbor,False,
2025-02-07 19:00:00,28.7,1009.9,47.0,AWS-MUM-101,Thane,MUM,neighbor,False,
2025-02-07 20:00:00,27.8,1011.0,50.0,AWS-MUM-101,Thane,MUM,neighbor,False,
2025-02-07 21:00:00,27.1,1011.8,53.0,AWS-MUM-101,Thane,MUM,neighbor,False,
2025-02-07 22:00:00,26.5,1011.9,53.0,AWS-MUM-101,Thane,MUM,neighbor,False,
2025-02-07 23:00:00,25.5,1011.5,59.0,AWS-MUM-101,Thane,MUM,neighbor,False,
2025-02-08 00:00:00,24.7,1011.1,61.0,AWS-MUM-101,Thane,MUM,neighbor,False,
2025-02-08 01:00:00,23.8,1010.4,64.0,AWS-MUM-101,Thane,MUM,neighbor,False,
2025-02-08 02:00:00,23.2,1010.0,69.0,AWS-MUM-101,Thane,MUM,neighbor,False,
2025-02-08 03:00:00,22.4,1009.5,72.0,AWS-MUM-101,Thane,MUM,neighbor,False,
2025-02-08 04:00:00,21.8,1009.4,74.0,AWS-MUM-101,Thane,MUM,neighbor,False,
2025-02-08 05:00:00,21.2,1009.5,78.0,AWS-MUM-101,Thane,MUM,neighbor,False,
2025-02-08 06:00:00,21.2,1010.4,80.0,AWS-MUM-101,Thane,MUM,neighbor,False,
2025-02-08 07:00:00,21.1,1010.9,80.0,AWS-MUM-101,Thane,MUM,neighbor,False,
2025-02-08 08:00:00,23.4,1011.9,69.0,AWS-MUM-101,Thane,MUM,neighbor,False,
2025-02-08 09:00:00,26.7,1012.4,55.0,AWS-MUM-101,Thane,MUM,neighbor,False,
2025-02-08 10:00:00,30.2,1012.7,43.0,AWS-MUM-101,Thane,MUM,neighbor,False,
2025-02-08 11:00:00,33.4,1012.3,33.0,AWS-MUM-101,Thane,MUM,neighbor,False,
2025-02-08 12:00:00,35.5,1011.2,26.0,AWS-MUM-101,Thane,MUM,neighbor,False,
2025-02-08 13:00:00,36.7,1009.9,23.0,AWS-MUM-101,Thane,MUM,neighbor,False,
2025-02-08 14:00:00,36.9,1008.8,24.0,AWS-MUM-101,Thane,MUM,neighbor,False,
2025-02-08 15:00:00,36.1,1008.0,28.0,AWS-MUM-101,Thane,MUM,neighbor,False,
2025-02-08 16:00:00,35.2,1008.1,30.0,AWS-MUM-101,Thane,MUM,neighbor,False,
2025-02-08 17:00:00,33.3,1008.4,32.0,AWS-MUM-101,Thane,MUM,neighbor,False,
2025-02-08 18:00:00,30.9,1009.0,40.0,AWS-MUM-101,Thane,MUM,neighbor,False,
2025-02-08 19:00:00,29.4,1009.6,44.0,AWS-MUM-101,Thane,MUM,neighbor,False,
2025-02-08 20:00:00,28.3,1010.8,47.0,AWS-MUM-101,Thane,MUM,neighbor,False,
2025-02-08 21:00:00,27.7,1011.4,47.0,AWS-MUM-101,Thane,MUM,neighbor,False,
2025-02-08 22:00:00,26.8,1011.7,49.0,AWS-MUM-101,Thane,MUM,neighbor,False,
2025-02-08 23:00:00,26.0,1011.8,52.0,AWS-MUM-101,Thane,MUM,neighbor,True,frozen_value
2025-02-09 00:00:00,24.9,1011.2,52.0,AWS-MUM-101,Thane,MUM,neighbor,True,frozen_value
2025-02-09 01:00:00,24.2,1010.5,52.0,AWS-MUM-101,Thane,MUM,neighbor,True,frozen_value
2025-02-09 02:00:00,23.5,1009.8,52.0,AWS-MUM-101,Thane,MUM,neighbor,True,frozen_value
2025-02-09 03:00:00,22.8,1009.3,52.0,AWS-MUM-101,Thane,MUM,neighbor,True,frozen_value
2025-02-09 04:00:00,22.5,1009.1,52.0,AWS-MUM-101,Thane,MUM,neighbor,True,frozen_value
2025-02-09 05:00:00,22.0,1009.1,52.0,AWS-MUM-101,Thane,MUM,neighbor,True,frozen_value
2025-02-09 06:00:00,21.3,1010.0,52.0,AWS-MUM-101,Thane,MUM,neighbor,True,frozen_value
2025-02-09 07:00:00,21.3,1010.5,52.0,AWS-MUM-101,Thane,MUM,neighbor,True,frozen_value
2025-02-09 08:00:00,23.4,1011.3,62.0,AWS-MUM-101,Thane,MUM,neighbor,False,
2025-02-09 09:00:00,26.9,1011.9,47.0,AWS-MUM-101,Thane,MUM,neighbor,False,
2025-02-09 10:00:00,30.5,1012.1,37.0,AWS-MUM-101,Thane,MUM,neighbor,False,
2025-02-09 11:00:00,33.5,1011.7,31.0,AWS-MUM-101,Thane,MUM,neighbor,False,
2025-02-09 12:00:00,35.8,1010.3,24.0,AWS-MUM-101,Thane,MUM,neighbor,False,
2025-02-09 13:00:00,37.0,1008.9,22.0,AWS-MUM-101,Thane,MUM,neighbor,False,
2025-02-09 14:00:00,37.2,1007.5,22.0,AWS-MUM-101,Thane,MUM,neighbor,False,
2025-02-09 15:00:00,36.4,1007.2,25.0,AWS-MUM-101,Thane,MUM,neighbor,False,
2025-02-09 16:00:00,35.0,1007.2,26.0,AWS-MUM-101,Thane,MUM,neighbor,False,
2025-02-09 17:00:00,33.2,1007.6,27.0,AWS-MUM-101,Thane,MUM,neighbor,False,
2025-02-09 18:00:00,31.5,1008.1,30.0,AWS-MUM-101,Thane,MUM,neighbor,False,
2025-02-09 19:00:00,30.0,1008.6,33.0,AWS-MUM-101,Thane,MUM,neighbor,False,
2025-02-09 20:00:00,29.0,1010.0,34.0,AWS-MUM-101,Thane,MUM,neighbor,False,
2025-02-09 21:00:00,28.2,988.4477885706614,34.0,AWS-MUM-101,Thane,MUM,neighbor,True,spike
2025-02-09 22:00:00,27.1,1010.9,36.0,AWS-MUM-101,Thane,MUM,neighbor,False,
2025-02-09 23:00:00,26.0,1011.1,40.0,AWS-MUM-101,Thane,MUM,neighbor,False,
2025-02-10 00:00:00,25.0,1010.8,44.0,AWS-MUM-101,Thane,MUM,neighbor,False,
2025-02-10 01:00:00,24.7,1010.4,44.0,AWS-MUM-101,Thane,MUM,neighbor,False,
2025-02-10 02:00:00,24.3,1010.1,45.0,AWS-MUM-101,Thane,MUM,neighbor,False,
2025-02-10 03:00:00,23.6,1009.8,48.0,AWS-MUM-101,Thane,MUM,neighbor,False,
2025-02-10 04:00:00,23.0,1009.8,51.0,AWS-MUM-101,Thane,MUM,neighbor,False,
2025-02-10 05:00:00,22.3,1010.1,55.0,AWS-MUM-101,Thane,MUM,neighbor,False,
2025-02-10 06:00:00,21.6,1011.0,60.0,AWS-MUM-101,Thane,MUM,neighbor,False,
2025-02-10 07:00:00,21.3,1011.7,63.0,AWS-MUM-101,Thane,MUM,neighbor,False,
2025-02-10 08:00:00,23.3,1012.7,56.0,AWS-MUM-101,Thane,MUM,neighbor,False,
2025-02-10 09:00:00,26.9,1013.4,42.0,AWS-MUM-101,Thane,MUM,neighbor,False,
2025-02-10 10:00:00,30.4,1013.9,33.0,AWS-MUM-101,Thane,MUM,neighbor,False,
2025-02-10 11:00:00,33.3,1013.3,27.0,AWS-MUM-101,Thane,MUM,neighbor,False,
2025-02-10 12:00:00,35.4,1012.1,22.0,AWS-MUM-101,Thane,MUM,neighbor,False,
2025-02-10 13:00:00,36.7,1010.6,18.0,AWS-MUM-101,Thane,MUM,neighbor,False,
2025-02-10 14:00:00,37.1,1009.5,18.0,AWS-MUM-101,Thane,MUM,neighbor,False,
2025-02-10 15:00:00,36.3,1008.9,21.0,AWS-MUM-101,Thane,MUM,neighbor,False,
2025-02-10 16:00:00,34.5,1008.8,23.0,AWS-MUM-101,Thane,MUM,neighbor,False,
2025-02-10 17:00:00,32.5,1009.3,24.0,AWS-MUM-101,Thane,MUM,neighbor,False,
2025-02-10 18:00:00,30.1,1010.1,,AWS-MUM-101,Thane,MUM,neighbor,True,dropout
2025-02-10 19:00:00,28.6,1010.7,35.0,AWS-MUM-101,Thane,MUM,neighbor,False,
2025-02-10 20:00:00,27.6,1011.8,36.0,AWS-MUM-101,Thane,MUM,neighbor,False,
2025-02-10 21:00:00,26.8,1012.4,37.0,AWS-MUM-101,Thane,MUM,neighbor,False,
2025-02-10 22:00:00,25.9,1012.6,42.0,AWS-MUM-101,Thane,MUM,neighbor,False,
2025-02-10 23:00:00,24.6,1012.9,49.0,AWS-MUM-101,Thane,MUM,neighbor,False,
2025-02-11 00:00:00,23.4,1012.5,54.0,AWS-MUM-101,Thane,MUM,neighbor,False,
2025-02-11 01:00:00,22.6,1012.0,60.0,AWS-MUM-101,Thane,MUM,neighbor,False,
2025-02-11 02:00:00,22.0,1011.2,63.0,AWS-MUM-101,Thane,MUM,neighbor,False,
2025-02-11 03:00:00,21.6,1010.8,64.0,AWS-MUM-101,Thane,MUM,neighbor,False,
2025-02-11 04:00:00,21.1,1010.7,67.0,AWS-MUM-101,Thane,MUM,neighbor,False,
2025-02-11 05:00:00,20.5,1011.0,71.0,AWS-MUM-101,Thane,MUM,neighbor,False,
2025-02-11 06:00:00,19.4,1011.8,83.0,AWS-MUM-101,Thane,MUM,neighbor,False,
2025-02-11 07:00:00,19.4,1012.5,85.0,AWS-MUM-101,Thane,MUM,neighbor,False,
2025-02-11 08:00:00,21.8,1013.4,69.0,AWS-MUM-101,Thane,MUM,neighbor,False,
2025-02-11 09:00:00,25.9,1014.1,48.0,AWS-MUM-101,Thane,MUM,neighbor,False,
2025-02-11 10:00:00,29.7,1014.3,33.0,AWS-MUM-101,Thane,MUM,neighbor,False,
2025-02-11 11:00:00,32.8,1013.8,24.0,AWS-MUM-101,Thane,MUM,neighbor,False,
2025-02-11 12:00:00,34.9,1012.8,18.0,AWS-MUM-101,Thane,MUM,neighbor,False,
2025-02-11 13:00:00,36.0,1011.5,16.0,AWS-MUM-101,Thane,MUM,neighbor,False,
2025-02-11 14:00:00,35.9,1010.5,19.0,AWS-MUM-101,Thane,MUM,neighbor,False,
2025-02-11 15:00:00,34.8,1009.9,22.0,AWS-MUM-101,Thane,MUM,neighbor,False,
2025-02-11 16:00:00,33.3,1009.8,24.0,AWS-MUM-101,Thane,MUM,neighbor,False,
2025-02-11 17:00:00,31.5,1010.1,26.0,AWS-MUM-101,Thane,MUM,neighbor,False,
2025-02-11 18:00:00,29.2,1010.6,33.0,AWS-MUM-101,Thane,MUM,neighbor,False,
2025-02-11 19:00:00,27.2,1011.5,39.0,AWS-MUM-101,Thane,MUM,neighbor,False,
2025-02-11 20:00:00,26.1,1012.2,42.0,AWS-MUM-101,Thane,MUM,neighbor,False,
2025-02-11 21:00:00,25.4,1012.7,41.0,AWS-MUM-101,Thane,MUM,neighbor,False,
2025-02-11 22:00:00,24.5,1012.9,42.0,AWS-MUM-101,Thane,MUM,neighbor,False,
2025-02-11 23:00:00,23.5,1013.0,45.0,AWS-MUM-101,Thane,MUM,neighbor,False,
2025-02-12 00:00:00,22.4,1012.6,49.0,AWS-MUM-101,Thane,MUM,neighbor,False,
2025-02-12 01:00:00,21.7,1012.2,51.0,AWS-MUM-101,Thane,MUM,neighbor,False,
2025-02-12 02:00:00,21.0,1011.7,53.0,AWS-MUM-101,Thane,MUM,neighbor,False,
2025-02-12 03:00:00,20.4,1011.3,57.0,AWS-MUM-101,Thane,MUM,neighbor,False,
2025-02-12 04:00:00,19.7,1011.3,62.0,AWS-MUM-101,Thane,MUM,neighbor,False,
2025-02-12 05:00:00,18.9,1011.8,68.0,AWS-MUM-101,Thane,MUM,neighbor,False,
2025-02-12 06:00:00,18.1,1012.6,78.0,AWS-MUM-101,Thane,MUM,neighbor,False,
2025-02-12 07:00:00,17.9,1013.5,82.0,AWS-MUM-101,Thane,MUM,neighbor,False,
2025-02-12 08:00:00,20.0,1014.3,69.0,AWS-MUM-101,Thane,MUM,neighbor,False,
2025-02-12 09:00:00,24.3,1015.1,47.0,AWS-MUM-101,Thane,MUM,neighbor,False,
2025-02-12 10:00:00,28.5,1015.1,31.0,AWS-MUM-101,Thane,MUM,neighbor,False,
2025-02-12 11:00:00,31.4,1014.3,25.0,AWS-MUM-101,Thane,MUM,neighbor,False,
2025-02-12 12:00:00,33.4,1013.0,21.0,AWS-MUM-101,Thane,MUM,neighbor,False,
2025-02-12 13:00:00,34.8,1011.7,18.0,AWS-MUM-101,Thane,MUM,neighbor,False,
2025-02-12 14:00:00,74.12735450925493,1010.4,16.0,AWS-MUM-101,Thane,MUM,neighbor,True,spike
2025-02-12 15:00:00,35.9,1009.4,16.0,AWS-MUM-101,Thane,MUM,neighbor,False,
2025-02-12 16:00:00,35.7,1009.1,16.0,AWS-MUM-101,Thane,MUM,neighbor,False,
2025-02-12 17:00:00,34.5,1009.3,18.0,AWS-MUM-101,Thane,MUM,neighbor,False,
2025-02-12 18:00:00,31.3,1010.2,30.0,AWS-MUM-101,Thane,MUM,neighbor,False,
2025-02-12 19:00:00,28.5,1010.8,45.0,AWS-MUM-101,Thane,MUM,neighbor,False,
2025-02-12 20:00:00,27.2,1011.5,50.0,AWS-MUM-101,Thane,MUM,neighbor,False,
2025-02-12 21:00:00,26.3,1011.9,50.0,AWS-MUM-101,Thane,MUM,neighbor,False,
2025-02-12 22:00:00,25.5,1012.2,51.0,AWS-MUM-101,Thane,MUM,neighbor,False,
2025-02-12 23:00:00,24.9,1012.2,50.0,AWS-MUM-101,Thane,MUM,neighbor,False,
2025-02-13 00:00:00,24.6,1011.6,48.0,AWS-MUM-101,Thane,MUM,neighbor,False,
2025-02-13 01:00:00,24.2,1011.1,45.0,AWS-MUM-101,Thane,MUM,neighbor,False,
2025-02-13 02:00:00,23.4,1010.8,46.0,AWS-MUM-101,Thane,MUM,neighbor,False,
2025-02-13 03:00:00,22.4,1010.3,48.0,AWS-MUM-101,Thane,MUM,neighbor,False,
2025-02-13 04:00:00,21.7,1010.4,50.0,AWS-MUM-101,Thane,MUM,neighbor,False,
2025-02-13 05:00:00,21.0,1010.7,52.0,AWS-MUM-101,Thane,MUM,neighbor,False,
2025-02-13 06:00:00,19.9,1011.5,62.0,AWS-MUM-101,Thane,MUM,neighbor,False,
2025-02-13 07:00:00,19.5,1012.2,64.0,AWS-MUM-101,Thane,MUM,neighbor,False,
2025-02-13 08:00:00,21.2,1013.2,57.0,AWS-MUM-101,Thane,MUM,neighbor,False,
2025-02-13 09:00:00,24.7,1013.7,43.0,AWS-MUM-101,Thane,MUM,neighbor,False,
2025-02-13 10:00:00,28.6,1014.1,34.0,AWS-MUM-101,Thane,MUM,neighbor,False,
2025-02-13 11:00:00,32.2,1013.5,25.0,AWS-MUM-101,Thane,MUM,neighbor,False,
2025-02-13 12:00:00,34.8,1012.3,18.0,AWS-MUM-101,Thane,MUM,neighbor,False,
2025-02-13 13:00:00,36.4,1011.0,13.0,AWS-MUM-101,Thane,MUM,neighbor,False,
2025-02-13 14:00:00,37.3,1009.8,14.0,AWS-MUM-101,Thane,MUM,neighbor,False,
2025-02-13 15:00:00,37.8,1008.8,14.0,AWS-MUM-101,Thane,MUM,neighbor,False,
2025-02-13 16:00:00,37.3,1008.4,14.0,AWS-MUM-101,Thane,MUM,neighbor,False,
2025-02-13 17:00:00,34.9,1008.5,22.0,AWS-MUM-101,Thane,MUM,neighbor,False,
2025-02-13 18:00:00,31.5,1009.4,38.0,AWS-MUM-101,Thane,MUM,neighbor,False,
2025-02-13 19:00:00,29.9,1009.8,38.0,AWS-MUM-101,Thane,MUM,neighbor,False,
2025-02-13 20:00:00,28.9,1010.8,36.0,AWS-MUM-101,Thane,MUM,neighbor,False,
2025-02-13 21:00:00,28.1,1011.5,37.0,AWS-MUM-101,Thane,MUM,neighbor,False,
2025-02-13 22:00:00,27.6,1011.6,37.0,AWS-MUM-101,Thane,MUM,neighbor,False,
2025-02-13 23:00:00,27.4,1011.3,35.0,AWS-MUM-101,Thane,MUM,neighbor,False,
2025-02-14 00:00:00,26.8,1010.8,33.0,AWS-MUM-101,Thane,MUM,neighbor,False,
2025-02-14 01:00:00,26.0,1010.5,35.0,AWS-MUM-101,Thane,MUM,neighbor,False,
2025-02-14 02:00:00,25.2,1010.1,38.0,AWS-MUM-101,Thane,MUM,neighbor,False,
2025-02-14 03:00:00,24.5,1009.9,41.0,AWS-MUM-101,Thane,MUM,neighbor,False,
2025-02-14 04:00:00,23.9,1010.1,44.0,AWS-MUM-101,Thane,MUM,neighbor,False,
2025-02-14 05:00:00,23.3,1010.3,46.0,AWS-MUM-101,Thane,MUM,neighbor,True,drift
2025-02-14 06:00:00,21.2,1000.8782444980612,59.0,AWS-MUM-101,Thane,MUM,neighbor,True,drift
2025-02-14 07:00:00,20.8,991.4564889961225,61.0,AWS-MUM-101,Thane,MUM,neighbor,True,drift
2025-02-14 08:00:00,22.8,982.0347334941839,53.0,AWS-MUM-101,Thane,MUM,neighbor,True,drift
2025-02-14 09:00:00,26.5,972.6129779922452,40.0,AWS-MUM-101,Thane,MUM,neighbor,True,drift
2025-02-14 10:00:00,30.4,963.1912224903065,29.0,AWS-MUM-101,Thane,MUM,neighbor,True,drift
2025-02-14 11:00:00,33.5,953.7694669883679,22.0,AWS-MUM-101,Thane,MUM,neighbor,True,drift
2025-02-14 12:00:00,35.6,944.3477114864291,16.0,AWS-MUM-101,Thane,MUM,neighbor,True,drift
2025-02-14 13:00:00,37.0,934.9259559844904,14.0,AWS-MUM-101,Thane,MUM,neighbor,True,drift
2025-02-14 14:00:00,37.7,925.5042004825517,14.0,AWS-MUM-101,Thane,MUM,neighbor,True,drift
2025-02-14 15:00:00,38.0,916.082444980613,14.0,AWS-MUM-101,Thane,MUM,neighbor,True,drift
2025-02-14 16:00:00,37.2,906.6606894786744,15.0,AWS-MUM-101,Thane,MUM,neighbor,True,drift
2025-02-14 17:00:00,34.3,897.2389339767357,25.0,AWS-MUM-101,Thane,MUM,neighbor,True,drift
2025-02-14 18:00:00,31.5,887.817178474797,32.0,AWS-MUM-101,Thane,MUM,neighbor,True,drift
2025-02-14 19:00:00,30.4,878.3954229728583,31.0,AWS-MUM-101,Thane,MUM,neighbor,True,drift
2025-02-14 20:00:00,29.6,868.9736674709196,29.0,AWS-MUM-101,Thane,MUM,neighbor,True,drift
2025-02-14 21:00:00,28.9,859.5519119689809,29.0,AWS-MUM-101,Thane,MUM,neighbor,True,drift
2025-02-14 22:00:00,28.0,850.1301564670422,32.0,AWS-MUM-101,Thane,MUM,neighbor,True,drift
2025-02-14 23:00:00,27.6,840.7084009651035,33.0,AWS-MUM-101,Thane,MUM,neighbor,True,drift
2025-02-15 00:00:00,27.1,831.2866454631649,33.0,AWS-MUM-101,Thane,MUM,neighbor,True,drift
2025-02-15 01:00:00,26.3,821.8648899612261,34.0,AWS-MUM-101,Thane,MUM,neighbor,True,drift
2025-02-15 02:00:00,25.3,812.4431344592874,36.0,AWS-MUM-101,Thane,MUM,neighbor,True,drift
2025-02-15 03:00:00,24.2,803.0213789573488,40.0,AWS-MUM-101,Thane,MUM,neighbor,True,drift
2025-02-15 04:00:00,23.3,800.0,43.0,AWS-MUM-101,Thane,MUM,neighbor,True,drift
2025-02-15 05:00:00,22.5,800.0,47.0,AWS-MUM-101,Thane,MUM,neighbor,True,drift
2025-02-15 06:00:00,20.2,800.0,64.0,AWS-MUM-101,Thane,MUM,neighbor,True,drift
2025-02-15 07:00:00,20.0,800.0,67.0,AWS-MUM-101,Thane,MUM,neighbor,True,drift
2025-02-15 08:00:00,22.4,800.0,56.0,AWS-MUM-101,Thane,MUM,neighbor,True,drift
2025-02-15 09:00:00,26.5,800.0,40.0,AWS-MUM-101,Thane,MUM,neighbor,True,drift
2025-02-15 10:00:00,30.6,800.0,29.0,AWS-MUM-101,Thane,MUM,neighbor,True,drift
2025-02-15 11:00:00,33.9,800.0,21.0,AWS-MUM-101,Thane,MUM,neighbor,True,drift
2025-02-15 12:00:00,36.1,800.0,15.0,AWS-MUM-101,Thane,MUM,neighbor,True,drift
2025-02-15 13:00:00,37.5,800.0,12.0,AWS-MUM-101,Thane,MUM,neighbor,True,drift
2025-02-15 14:00:00,38.2,800.0,12.0,AWS-MUM-101,Thane,MUM,neighbor,True,drift
2025-02-15 15:00:00,38.2,800.0,11.0,AWS-MUM-101,Thane,MUM,neighbor,True,drift
2025-02-15 16:00:00,37.0,800.0,13.0,AWS-MUM-101,Thane,MUM,neighbor,True,drift
2025-02-15 17:00:00,35.2,800.0,17.0,AWS-MUM-101,Thane,MUM,neighbor,True,drift
2025-02-15 18:00:00,32.7,800.0,21.0,AWS-MUM-101,Thane,MUM,neighbor,True,drift
2025-02-15 19:00:00,30.5,800.0,22.0,AWS-MUM-101,Thane,MUM,neighbor,True,drift
2025-02-15 20:00:00,29.1,800.0,23.0,AWS-MUM-101,Thane,MUM,neighbor,True,drift
2025-02-15 21:00:00,28.0,800.0,23.0,AWS-MUM-101,Thane,MUM,neighbor,True,drift
2025-02-15 22:00:00,26.2,800.0,26.0,AWS-MUM-101,Thane,MUM,neighbor,True,drift
2025-02-15 23:00:00,25.4,800.0,29.0,AWS-MUM-101,Thane,MUM,neighbor,True,drift
2025-02-16 00:00:00,23.8,800.0,35.0,AWS-MUM-101,Thane,MUM,neighbor,True,drift
2025-02-16 01:00:00,22.9,800.0,39.0,AWS-MUM-101,Thane,MUM,neighbor,True,drift
2025-02-16 02:00:00,22.4,800.0,39.0,AWS-MUM-101,Thane,MUM,neighbor,True,drift
2025-02-16 03:00:00,21.4,800.0,44.0,AWS-MUM-101,Thane,MUM,neighbor,True,drift
2025-02-16 04:00:00,20.9,800.0,49.0,AWS-MUM-101,Thane,MUM,neighbor,True,drift
2025-02-16 05:00:00,20.1,800.0,55.0,AWS-MUM-101,Thane,MUM,neighbor,True,drift
2025-02-16 06:00:00,19.2,1010.6,67.0,AWS-MUM-101,Thane,MUM,neighbor,False,
2025-02-16 07:00:00,19.1,1011.2,69.0,AWS-MUM-101,Thane,MUM,neighbor,False,
2025-02-16 08:00:00,21.8,1012.2,57.0,AWS-MUM-101,Thane,MUM,neighbor,False,
2025-02-16 09:00:00,26.8,1013.0,37.0,AWS-MUM-101,Thane,MUM,neighbor,False,
2025-02-16 10:00:00,31.1,1013.1,26.0,AWS-MUM-101,Thane,MUM,neighbor,False,
2025-02-16 11:00:00,34.0,1012.3,18.0,AWS-MUM-101,Thane,MUM,neighbor,False,
2025-02-16 12:00:00,35.7,1011.2,15.0,AWS-MUM-101,Thane,MUM,neighbor,False,
2025-02-16 13:00:00,36.8,1009.9,13.0,AWS-MUM-101,Thane,MUM,neighbor,False,
2025-02-16 14:00:00,37.2,1008.7,13.0,AWS-MUM-101,Thane,MUM,neighbor,False,
2025-02-16 15:00:00,36.4,1008.3,17.0,AWS-MUM-101,Thane,MUM,neighbor,False,
2025-02-16 16:00:00,34.8,1008.5,21.0,AWS-MUM-101,Thane,MUM,neighbor,False,
2025-02-16 17:00:00,33.0,1009.0,22.0,AWS-MUM-101,Thane,MUM,neighbor,False,
2025-02-16 18:00:00,30.5,1009.7,26.0,AWS-MUM-101,Thane,MUM,neighbor,False,
2025-02-16 19:00:00,28.5,1010.2,31.0,AWS-MUM-101,Thane,MUM,neighbor,False,
2025-02-16 20:00:00,27.4,1011.3,32.0,AWS-MUM-101,Thane,MUM,neighbor,False,
2025-02-16 21:00:00,26.6,1011.7,32.0,AWS-MUM-101,Thane,MUM,neighbor,False,
2025-02-16 22:00:00,25.3,1011.9,35.0,AWS-MUM-101,Thane,MUM,neighbor,False,
2025-02-16 23:00:00,24.1,1012.2,39.0,AWS-MUM-101,Thane,MUM,neighbor,False,
2025-02-17 00:00:00,23.2,1011.9,46.0,AWS-MUM-101,Thane,MUM,neighbor,True,frozen_value
2025-02-17 01:00:00,23.2,1011.5,54.0,AWS-MUM-101,Thane,MUM,neighbor,True,frozen_value
2025-02-17 02:00:00,23.2,1011.0,63.0,AWS-MUM-101,Thane,MUM,neighbor,True,frozen_value
2025-02-17 03:00:00,23.2,1010.4,67.0,AWS-MUM-101,Thane,MUM,neighbor,True,frozen_value
2025-02-17 04:00:00,23.2,1010.4,70.0,AWS-MUM-101,Thane,MUM,neighbor,True,frozen_value
2025-02-17 05:00:00,23.2,1010.3,73.0,AWS-MUM-101,Thane,MUM,neighbor,True,frozen_value
2025-02-17 06:00:00,23.2,1011.3,78.0,AWS-MUM-101,Thane,MUM,neighbor,True,frozen_value
2025-02-17 07:00:00,23.2,1012.2,79.0,AWS-MUM-101,Thane,MUM,neighbor,True,frozen_value
2025-02-17 08:00:00,22.0,1013.1,65.0,AWS-MUM-101,Thane,MUM,neighbor,False,
2025-02-17 09:00:00,27.1,1013.5,39.0,AWS-MUM-101,Thane,MUM,neighbor,False,
2025-02-17 10:00:00,31.1,1013.5,25.0,AWS-MUM-101,Thane,MUM,neighbor,False,
2025-02-17 11:00:00,33.8,1013.0,22.0,AWS-MUM-101,Thane,MUM,neighbor,False,
2025-02-17 12:00:00,35.6,1011.7,19.0,AWS-MUM-101,Thane,MUM,neighbor,False,
2025-02-17 13:00:00,37.0,1010.4,17.0,AWS-MUM-101,Thane,MUM,neighbor,False,
2025-02-17 14:00:00,37.7,1009.4,15.0,AWS-MUM-101,Thane,MUM,neighbor,False,
2025-02-17 15:00:00,37.1,1008.7,18.0,AWS-MUM-101,Thane,MUM,neighbor,False,
2025-02-17 16:00:00,35.6,1008.6,23.0,AWS-MUM-101,Thane,MUM,neighbor,False,
2025-02-17 17:00:00,33.8,1009.0,28.0,AWS-MUM-101,Thane,MUM,neighbor,False,
2025-02-17 18:00:00,31.1,1009.6,33.0,AWS-MUM-101,Thane,MUM,neighbor,False,
2025-02-17 19:00:00,29.2,1010.1,35.0,AWS-MUM-101,Thane,MUM,neighbor,False,
2025-02-17 20:00:00,28.3,1011.0,37.0,AWS-MUM-101,Thane,MUM,neighbor,False,
2025-02-17 21:00:00,27.6,1011.8,38.0,AWS-MUM-101,Thane,MUM,neighbor,False,
2025-02-17 22:00:00,26.8,1012.3,38.0,AWS-MUM-101,Thane,MUM,neighbor,False,
2025-02-17 23:00:00,180.48433363744257,1008.1607483423745,100.0,AWS-MUM-101,Thane,MUM,neighbor,True,multivariate_inconsistency
2025-02-18 00:00:00,179.48433363744257,1012.9700263246309,100.0,AWS-MUM-101,Thane,MUM,neighbor,True,multivariate_inconsistency
2025-02-18 01:00:00,178.48433363744257,1015.6112828277237,100.0,AWS-MUM-101,Thane,MUM,neighbor,True,multivariate_inconsistency
2025-02-18 02:00:00,23.2,1010.9,47.0,AWS-MUM-101,Thane,MUM,neighbor,False,
2025-02-18 03:00:00,22.3,1010.4,52.0,AWS-MUM-101,Thane,MUM,neighbor,False,
2025-02-18 04:00:00,21.7,1010.2,56.0,AWS-MUM-101,Thane,MUM,neighbor,False,
2025-02-18 05:00:00,21.1,1010.2,60.0,AWS-MUM-101,Thane,MUM,neighbor,True,frozen_value
2025-02-18 06:00:00,21.1,1011.5,63.0,AWS-MUM-101,Thane,MUM,neighbor,True,frozen_value
2025-02-18 07:00:00,21.1,1012.2,65.0,AWS-MUM-101,Thane,MUM,neighbor,True,frozen_value
2025-02-18 08:00:00,21.1,1013.0,57.0,AWS-MUM-101,Thane,MUM,neighbor,True,frozen_value
2025-02-18 09:00:00,21.1,1013.5,42.0,AWS-MUM-101,Thane,MUM,neighbor,True,frozen_value
2025-02-18 10:00:00,21.1,1013.6,30.0,AWS-MUM-101,Thane,MUM,neighbor,True,frozen_value
2025-02-18 11:00:00,21.1,1013.2,24.0,AWS-MUM-101,Thane,MUM,neighbor,True,frozen_value
2025-02-18 12:00:00,21.1,1011.8,19.0,AWS-MUM-101,Thane,MUM,neighbor,True,frozen_value
2025-02-18 13:00:00,21.1,1010.4,15.0,AWS-MUM-101,Thane,MUM,neighbor,True,frozen_value
2025-02-18 14:00:00,38.2,1009.2,12.0,AWS-MUM-101,Thane,MUM,neighbor,False,
2025-02-18 15:00:00,37.0,1008.4,18.0,AWS-MUM-101,Thane,MUM,neighbor,False,
2025-02-18 16:00:00,34.3,1008.6,28.0,AWS-MUM-101,Thane,MUM,neighbor,False,
2025-02-18 17:00:00,33.4,1009.0,29.0,AWS-MUM-101,Thane,MUM,neighbor,False,
2025-02-18 18:00:00,31.3,1009.6,33.0,AWS-MUM-101,Thane,MUM,neighbor,False,
2025-02-18 19:00:00,29.9,1009.8,34.0,AWS-MUM-101,Thane,MUM,neighbor,False,
2025-02-18 20:00:00,28.9,1010.7,36.0,AWS-MUM-101,Thane,MUM,neighbor,False,
2025-02-18 21:00:00,28.4,1011.2,36.0,AWS-MUM-101,Thane,MUM,neighbor,False,
2025-02-18 22:00:00,27.9,1011.5,35.0,AWS-MUM-101,Thane,MUM,neighbor,False,
2025-02-18 23:00:00,27.0,1011.4,36.0,AWS-MUM-101,Thane,MUM,neighbor,False,
2025-02-19 00:00:00,25.9,1010.8,40.0,AWS-MUM-101,Thane,MUM,neighbor,False,
2025-02-19 01:00:00,25.0,1010.1,43.0,AWS-MUM-101,Thane,MUM,neighbor,False,
2025-02-19 02:00:00,24.5,1009.6,44.0,AWS-MUM-101,Thane,MUM,neighbor,False,
2025-02-19 03:00:00,24.0,1009.4,44.0,AWS-MUM-101,Thane,MUM,neighbor,False,
2025-02-19 04:00:00,23.6,1009.2,44.0,AWS-MUM-101,Thane,MUM,neighbor,False,
2025-02-19 05:00:00,23.0,1009.5,46.0,AWS-MUM-101,Thane,MUM,neighbor,False,
2025-02-19 06:00:00,20.7,1010.4,64.0,AWS-MUM-101,Thane,MUM,neighbor,False,
2025-02-19 07:00:00,20.5,1011.1,66.0,AWS-MUM-101,Thane,MUM,neighbor,False,
2025-02-19 08:00:00,23.0,1011.9,58.0,AWS-MUM-101,Thane,MUM,neighbor,False,
2025-02-19 09:00:00,27.6,1012.4,41.0,AWS-MUM-101,Thane,MUM,neighbor,False,
2025-02-19 10:00:00,31.6,1012.6,28.0,AWS-MUM-101,Thane,MUM,neighbor,False,
2025-02-19 11:00:00,33.7,1012.0,23.0,AWS-MUM-101,Thane,MUM,neighbor,False,
2025-02-19 12:00:00,34.9,1010.8,20.0,AWS-MUM-101,Thane,MUM,neighbor,False,
2025-02-19 13:00:00,35.8,1009.5,19.0,AWS-MUM-101,Thane,MUM,neighbor,False,
2025-02-19 14:00:00,36.5,1008.5,18.0,AWS-MUM-101,Thane,MUM,neighbor,True,frozen_value
2025-02-19 15:00:00,36.5,1007.6,20.0,AWS-MUM-101,Thane,MUM,neighbor,True,frozen_value
2025-02-19 16:00:00,36.5,1007.5,23.0,AWS-MUM-101,Thane,MUM,neighbor,True,frozen_value
2025-02-19 17:00:00,36.5,1008.1,25.0,AWS-MUM-101,Thane,MUM,neighbor,True,frozen_value
2025-02-19 18:00:00,36.5,1008.6,32.0,AWS-MUM-101,Thane,MUM,neighbor,True,frozen_value
2025-02-19 19:00:00,36.5,1009.2,32.0,AWS-MUM-101,Thane,MUM,neighbor,True,frozen_value
2025-02-19 20:00:00,36.5,1010.0,33.0,AWS-MUM-101,Thane,MUM,neighbor,True,frozen_value
2025-02-19 21:00:00,36.5,1010.3,33.0,AWS-MUM-101,Thane,MUM,neighbor,True,frozen_value
2025-02-19 22:00:00,36.5,1010.6,36.0,AWS-MUM-101,Thane,MUM,neighbor,True,frozen_value
2025-02-19 23:00:00,25.3,1010.6,40.0,AWS-MUM-101,Thane,MUM,neighbor,False,
2025-02-20 00:00:00,24.2,1010.4,44.0,AWS-MUM-101,Thane,MUM,neighbor,False,
2025-02-20 01:00:00,23.4,1010.0,46.0,AWS-MUM-101,Thane,MUM,neighbor,False,
2025-02-20 02:00:00,23.0,1009.4,47.0,AWS-MUM-101,Thane,MUM,neighbor,False,
2025-02-20 03:00:00,22.9,1009.0,48.0,AWS-MUM-101,Thane,MUM,neighbor,False,
2025-02-20 04:00:00,22.5,1008.9,50.0,AWS-MUM-101,Thane,MUM,neighbor,False,
2025-02-20 05:00:00,21.5,1009.3,56.0,AWS-MUM-101,Thane,MUM,neighbor,False,
2025-02-20 06:00:00,20.0,1010.5,72.0,AWS-MUM-101,Thane,MUM,neighbor,False,
2025-02-20 07:00:00,19.9,1011.4,74.0,AWS-MUM-101,Thane,MUM,neighbor,False,
2025-02-20 08:00:00,22.5,1012.2,60.0,AWS-MUM-101,Thane,MUM,neighbor,False,
2025-02-20 09:00:00,27.4,1012.9,41.0,AWS-MUM-101,Thane,MUM,neighbor,False,
2025-02-20 10:00:00,179.7599580205068,1010.1511755555404,82.72662039564813,AWS-MUM-101,Thane,MUM,neighbor,True,multivariate_inconsistency
2025-02-20 11:00:00,182.1599580205068,1010.7534465515084,76.72662039564813,AWS-MUM-101,Thane,MUM,neighbor,True,multivariate_inconsistency
2025-02-20 12:00:00,183.55995802050677,1009.588879023012,73.72662039564813,AWS-MUM-101,Thane,MUM,neighbor,True,multivariate_inconsistency
2025-02-20 13:00:00,184.7599580205068,1012.785891023962,70.72662039564813,AWS-MUM-101,Thane,MUM,neighbor,True,multivariate_inconsistency
2025-02-20 14:00:00,185.55995802050677,1011.9880102460078,69.72662039564813,AWS-MUM-101,Thane,MUM,neighbor,True,multivariate_inconsistency
2025-02-20 15:00:00,37.5,1008.4,14.0,AWS-MUM-101,Thane,MUM,neighbor,False,
2025-02-20 16:00:00,37.1,1008.0,14.0,AWS-MUM-101,Thane,MUM,neighbor,False,
2025-02-20 17:00:00,36.0,1008.4,15.0,AWS-MUM-101,Thane,MUM,neighbor,False,
2025-02-20 18:00:00,32.6,1028.4003994357718,28.0,AWS-MUM-101,Thane,MUM,neighbor,True,spike
2025-02-20 19:00:00,30.7,1009.7,33.0,AWS-MUM-101,Thane,MUM,neighbor,False,
2025-02-20 20:00:00,29.7,1010.5,33.0,AWS-MUM-101,Thane,MUM,neighbor,False,
2025-02-20 21:00:00,29.0,1011.2,31.0,AWS-MUM-101,Thane,MUM,neighbor,False,
2025-02-20 22:00:00,28.3,1011.9,30.0,AWS-MUM-101,Thane,MUM,neighbor,False,
2025-02-20 23:00:00,28.1,1011.9,30.0,AWS-MUM-101,Thane,MUM,neighbor,False,
2025-02-21 00:00:00,27.8,1011.6,30.0,AWS-MUM-101,Thane,MUM,neighbor,False,
2025-02-21 01:00:00,27.3,1011.3,30.0,AWS-MUM-101,Thane,MUM,neighbor,False,
2025-02-21 02:00:00,26.9,1010.7,30.0,AWS-MUM-101,Thane,MUM,neighbor,False,
2025-02-21 03:00:00,26.5,1010.2,30.0,AWS-MUM-101,Thane,MUM,neighbor,False,
2025-02-21 04:00:00,25.6,1010.5,33.0,AWS-MUM-101,Thane,MUM,neighbor,False,
2025-02-21 05:00:00,24.9,1010.7,35.0,AWS-MUM-101,Thane,MUM,neighbor,False,
2025-02-21 06:00:00,23.8,1011.7,43.0,AWS-MUM-101,Thane,MUM,neighbor,False,
2025-02-21 07:00:00,23.5,1012.5,44.0,AWS-MUM-101,Thane,MUM,neighbor,False,
2025-02-21 08:00:00,25.2,1013.5,42.0,AWS-MUM-101,Thane,MUM,neighbor,False,
2025-02-21 09:00:00,28.3,1014.0,34.0,AWS-MUM-101,Thane,MUM,neighbor,False,
2025-02-21 10:00:00,32.0,1014.2,26.0,AWS-MUM-101,Thane,MUM,neighbor,False,
2025-02-21 11:00:00,35.0,1013.7,20.0,AWS-MUM-101,Thane,MUM,neighbor,False,
2025-02-21 12:00:00,36.8,1012.5,17.0,AWS-MUM-101,Thane,MUM,neighbor,False,
2025-02-21 13:00:00,38.0,1011.4,16.0,AWS-MUM-101,Thane,MUM,neighbor,False,
2025-02-21 14:00:00,38.7,1010.1,14.0,AWS-MUM-101,Thane,MUM,neighbor,False,
2025-02-21 15:00:00,39.0,1009.0,14.0,AWS-MUM-101,Thane,MUM,neighbor,False,
2025-02-21 16:00:00,38.5,1008.6,13.0,AWS-MUM-101,Thane,MUM,neighbor,False,
2025-02-21 17:00:00,36.4,1008.9,19.0,AWS-MUM-101,Thane,MUM,neighbor,False,
2025-02-21 18:00:00,33.6,1009.8,31.0,AWS-MUM-101,Thane,MUM,neighbor,False,
2025-02-21 19:00:00,31.9,1010.7,34.0,AWS-MUM-101,Thane,MUM,neighbor,False,
2025-02-21 20:00:00,30.7,1011.7,33.0,AWS-MUM-101,Thane,MUM,neighbor,False,
2025-02-21 21:00:00,29.7,1012.6,34.0,AWS-MUM-101,Thane,MUM,neighbor,False,
2025-02-21 22:00:00,28.8,1012.8,36.0,AWS-MUM-101,Thane,MUM,neighbor,False,
2025-02-21 23:00:00,28.4,1012.4,35.0,AWS-MUM-101,Thane,MUM,neighbor,False,
2025-02-22 00:00:00,28.3,1011.8,31.0,AWS-MUM-101,Thane,MUM,neighbor,False,
2025-02-22 01:00:00,27.9,1011.3,30.0,AWS-MUM-101,Thane,MUM,neighbor,False,
2025-02-22 02:00:00,27.1,1011.2,31.0,AWS-MUM-101,Thane,MUM,neighbor,False,
2025-02-22 03:00:00,26.2,1010.8,33.0,AWS-MUM-101,Thane,MUM,neighbor,False,
2025-02-22 04:00:00,25.3,1010.8,35.0,AWS-MUM-101,Thane,MUM,neighbor,False,
2025-02-22 05:00:00,75.84987563464234,1011.1,39.0,AWS-MUM-101,Thane,MUM,neighbor,True,spike
2025-02-22 06:00:00,23.1,1011.5,46.0,AWS-MUM-101,Thane,MUM,neighbor,False,
2025-02-22 07:00:00,22.7,1012.2,48.0,AWS-MUM-101,Thane,MUM,neighbor,False,
2025-02-22 08:00:00,24.6,1013.1,43.0,AWS-MUM-101,Thane,MUM,neighbor,False,
2025-02-22 09:00:00,28.1,1013.9,34.0,AWS-MUM-101,Thane,MUM,neighbor,False,
2025-02-22 10:00:00,32.2,1014.1,25.0,AWS-MUM-101,Thane,MUM,neighbor,False,
2025-02-22 11:00:00,35.6,1013.9,19.0,AWS-MUM-101,Thane,MUM,neighbor,False,
2025-02-22 12:00:00,37.8,1012.8,14.0,AWS-MUM-101,Thane,MUM,neighbor,False,
2025-02-22 13:00:00,38.9,1011.5,13.0,AWS-MUM-101,Thane,MUM,neighbor,False,
2025-02-22 14:00:00,39.1,1010.5,13.0,AWS-MUM-101,Thane,MUM,neighbor,False,
2025-02-22 15:00:00,38.3,1009.6,16.0,AWS-MUM-101,Thane,MUM,neighbor,False,
2025-02-22 16:00:00,36.4,1009.5,24.0,AWS-MUM-101,Thane,MUM,neighbor,False,
2025-02-22 17:00:00,34.6,1009.8,30.0,AWS-MUM-101,Thane,MUM,neighbor,False,
2025-02-22 18:00:00,30.2,1010.4,42.0,AWS-MUM-101,Thane,MUM,neighbor,False,
2025-02-22 19:00:00,29.9,1011.1,38.0,AWS-MUM-101,Thane,MUM,neighbor,False,
2025-02-22 20:00:00,29.9,1012.2,34.0,AWS-MUM-101,Thane,MUM,neighbor,False,
2025-02-22 21:00:00,29.1,1012.9,33.0,AWS-MUM-101,Thane,MUM,neighbor,False,
2025-02-22 22:00:00,28.5,1013.2,34.0,AWS-MUM-101,Thane,MUM,neighbor,False,
2025-02-22 23:00:00,27.8,1013.1,35.0,AWS-MUM-101,Thane,MUM,neighbor,False,
2025-02-23 00:00:00,27.2,1012.9,35.0,AWS-MUM-101,Thane,MUM,neighbor,False,
2025-02-23 01:00:00,26.5,1012.3,35.0,AWS-MUM-101,Thane,MUM,neighbor,False,
2025-02-23 02:00:00,25.7,1011.9,36.0,AWS-MUM-101,Thane,MUM,neighbor,False,
2025-02-23 03:00:00,24.8,1011.5,38.0,AWS-MUM-101,Thane,MUM,neighbor,False,
2025-02-23 04:00:00,24.1,1011.4,41.0,AWS-MUM-101,Thane,MUM,neighbor,False,
2025-02-23 05:00:00,23.3,1011.5,44.0,AWS-MUM-101,Thane,MUM,neighbor,False,
2025-02-23 06:00:00,22.3,1012.1,55.0,AWS-MUM-101,Thane,MUM,neighbor,False,
2025-02-23 07:00:00,22.0,1013.0,55.0,AWS-MUM-101,Thane,MUM,neighbor,False,
2025-02-23 08:00:00,24.1,1013.7,48.0,AWS-MUM-101,Thane,MUM,neighbor,False,
2025-02-23 09:00:00,28.1,1014.5,35.0,AWS-MUM-101,Thane,MUM,neighbor,False,
2025-02-23 10:00:00,32.6,1014.7,25.0,AWS-MUM-101,Thane,MUM,neighbor,False,
2025-02-23 11:00:00,35.8,1014.1,18.0,AWS-MUM-101,Thane,MUM,neighbor,False,
2025-02-23 12:00:00,37.6,1012.9,15.0,AWS-MUM-101,Thane,MUM,neighbor,True,drift
2025-02-23 13:00:00,38.6,1010.6701638067025,14.0,AWS-MUM-101,Thane,MUM,neighbor,True,drift
2025-02-23 14:00:00,39.3,1008.4403276134049,12.0,AWS-MUM-101,Thane,MUM,neighbor,True,drift
2025-02-23 15:00:00,39.2,1006.2104914201074,11.0,AWS-MUM-101,Thane,MUM,neighbor,True,drift
2025-02-23 16:00:00,38.1,1003.9806552268099,12.0,AWS-MUM-101,Thane,MUM,neighbor,True,drift
2025-02-23 17:00:00,36.5,1001.7508190335122,16.0,AWS-MUM-101,Thane,MUM,neighbor,True,drift
2025-02-23 18:00:00,32.9,999.5209828402147,29.0,AWS-MUM-101,Thane,MUM,neighbor,True,drift
2025-02-23 19:00:00,31.3,997.2911466469172,30.0,AWS-MUM-101,Thane,MUM,neighbor,True,drift
2025-02-23 20:00:00,30.6,995.0613104536196,28.0,AWS-MUM-101,Thane,MUM,neighbor,True,drift
2025-02-23 21:00:00,29.8,992.8314742603221,29.0,AWS-MUM-101,Thane,MUM,neighbor,True,drift
2025-02-23 22:00:00,29.0,990.6016380670246,31.0,AWS-MUM-101,Thane,MUM,neighbor,True,drift
2025-02-23 23:00:00,28.1,988.3718018737271,33.0,AWS-MUM-101,Thane,MUM,neighbor,True,drift
2025-02-24 00:00:00,26.7,986.1419656804295,36.0,AWS-MUM-101,Thane,MUM,neighbor,True,drift
2025-02-24 01:00:00,25.7,983.912129487132,39.0,AWS-MUM-101,Thane,MUM,neighbor,True,drift
2025-02-24 02:00:00,24.9,981.6822932938345,41.0,AWS-MUM-101,Thane,MUM,neighbor,True,drift
2025-02-24 03:00:00,24.5,979.4524571005369,40.0,AWS-MUM-101,Thane,MUM,neighbor,True,drift
2025-02-24 04:00:00,23.7,977.2226209072394,42.0,AWS-MUM-101,Thane,MUM,neighbor,True,drift
2025-02-24 05:00:00,23.0,974.9927847139419,44.0,AWS-MUM-101,Thane,MUM,neighbor,True,drift
2025-02-24 06:00:00,22.0,972.7629485206443,53.0,AWS-MUM-101,Thane,MUM,neighbor,True,drift
2025-02-24 07:00:00,22.0,970.5331123273468,53.0,AWS-MUM-101,Thane,MUM,neighbor,True,drift
2025-02-24 08:00:00,24.5,968.3032761340493,45.0,AWS-MUM-101,Thane,MUM,neighbor,True,drift
2025-02-24 09:00:00,28.6,966.0734399407517,33.0,AWS-MUM-101,Thane,MUM,neighbor,True,drift
2025-02-24 10:00:00,32.9,963.8436037474542,24.0,AWS-MUM-101,Thane,MUM,neighbor,True,drift
2025-02-24 11:00:00,36.1,961.6137675541567,17.0,AWS-MUM-101,Thane,MUM,neighbor,True,drift
2025-02-24 12:00:00,37.7,1012.9,13.0,AWS-MUM-101,Thane,MUM,neighbor,False,
2025-02-24 13:00:00,38.6,1011.2,12.0,AWS-MUM-101,Thane,MUM,neighbor,False,
2025-02-24 14:00:00,39.0,1009.9,11.0,AWS-MUM-101,Thane,MUM,neighbor,False,
2025-02-24 15:00:00,39.0,1009.0,11.0,AWS-MUM-101,Thane,MUM,neighbor,False,
2025-02-24 16:00:00,37.8,1009.0,14.0,AWS-MUM-101,Thane,MUM,neighbor,False,
2025-02-24 17:00:00,35.6,1009.5,17.0,AWS-MUM-101,Thane,MUM,neighbor,False,
2025-02-24 18:00:00,33.1,1010.4,22.0,AWS-MUM-101,Thane,MUM,neighbor,False,
2025-02-24 19:00:00,31.4,1011.1,28.0,AWS-MUM-101,Thane,MUM,neighbor,False,
2025-02-24 20:00:00,30.5,1012.4,30.0,AWS-MUM-101,Thane,MUM,neighbor,False,
2025-02-24 21:00:00,29.7,1013.3,29.0,AWS-MUM-101,Thane,MUM,neighbor,False,
2025-02-24 22:00:00,29.0,1013.6,29.0,AWS-MUM-101,Thane,MUM,neighbor,False,
2025-02-24 23:00:00,28.3,1013.4,30.0,AWS-MUM-101,Thane,MUM,neighbor,False,
2025-02-25 00:00:00,27.7,1012.8,31.0,AWS-MUM-101,Thane,MUM,neighbor,False,
2025-02-25 01:00:00,27.1,1012.2,30.0,AWS-MUM-101,Thane,MUM,neighbor,False,
2025-02-25 02:00:00,26.1,1011.4,32.0,AWS-MUM-101,Thane,MUM,neighbor,False,
2025-02-25 03:00:00,25.2,1010.9,34.0,AWS-MUM-101,Thane,MUM,neighbor,False,
2025-02-25 04:00:00,24.2,1010.7,37.0,AWS-MUM-101,Thane,MUM,neighbor,False,
2025-02-25 05:00:00,23.5,1011.0,40.0,AWS-MUM-101,Thane,MUM,neighbor,False,
2025-02-25 06:00:00,23.3,1012.1,44.0,AWS-MUM-101,Thane,MUM,neighbor,False,
2025-02-25 07:00:00,23.0,1013.0,46.0,AWS-MUM-101,Thane,MUM,neighbor,False,
2025-02-25 08:00:00,24.9,1013.8,40.0,AWS-MUM-101,Thane,MUM,neighbor,False,
2025-02-25 09:00:00,28.4,1014.4,32.0,AWS-MUM-101,Thane,MUM,neighbor,False,
2025-02-25 10:00:00,32.5,1015.0,24.0,AWS-MUM-101,Thane,MUM,neighbor,False,
2025-02-25 11:00:00,35.6,1014.5,18.0,AWS-MUM-101,Thane,MUM,neighbor,False,
2025-02-25 12:00:00,37.4,1013.1,15.0,AWS-MUM-101,Thane,MUM,neighbor,False,
2025-02-25 13:00:00,38.4,1011.7,13.0,AWS-MUM-101,Thane,MUM,neighbor,False,
2025-02-25 14:00:00,39.2,1010.6,12.0,AWS-MUM-101,Thane,MUM,neighbor,False,
2025-02-25 15:00:00,39.3,1009.8,12.0,AWS-MUM-101,Thane,MUM,neighbor,False,
2025-02-25 16:00:00,38.1,1010.0,13.0,AWS-MUM-101,Thane,MUM,neighbor,False,
2025-02-25 17:00:00,35.0,1010.6,22.0,AWS-MUM-101,Thane,MUM,neighbor,False,
2025-02-25 18:00:00,31.8,1011.6,31.0,AWS-MUM-101,Thane,MUM,neighbor,False,
2025-02-25 19:00:00,29.7,1012.7,39.0,AWS-MUM-101,Thane,MUM,neighbor,False,
2025-02-25 20:00:00,28.6,1014.2,45.0,AWS-MUM-101,Thane,MUM,neighbor,False,
2025-02-25 21:00:00,28.3,1015.2,45.0,AWS-MUM-101,Thane,MUM,neighbor,False,
2025-02-25 22:00:00,27.6,1015.2,47.0,AWS-MUM-101,Thane,MUM,neighbor,False,
2025-02-25 23:00:00,26.3,1015.0,52.0,AWS-MUM-101,Thane,MUM,neighbor,False,
2025-02-26 00:00:00,25.3,1014.2,57.0,AWS-MUM-101,Thane,MUM,neighbor,False,
2025-02-26 01:00:00,24.5,1013.5,58.0,AWS-MUM-101,Thane,MUM,neighbor,False,
2025-02-26 02:00:00,23.8,1012.8,61.0,AWS-MUM-101,Thane,MUM,neighbor,False,
2025-02-26 03:00:00,23.1,1012.4,63.0,AWS-MUM-101,Thane,MUM,neighbor,False,
2025-02-26 04:00:00,22.8,1012.2,60.0,AWS-MUM-101,Thane,MUM,neighbor,False,
2025-02-26 05:00:00,22.5,1012.4,59.0,AWS-MUM-101,Thane,MUM,neighbor,False,
2025-02-26 06:00:00,22.5,1013.1,58.0,AWS-MUM-101,Thane,MUM,neighbor,False,
2025-02-26 07:00:00,22.6,1013.9,54.0,AWS-MUM-101,Thane,MUM,neighbor,False,
2025-02-26 08:00:00,24.6,1015.0,46.0,AWS-MUM-101,Thane,MUM,neighbor,False,
2025-02-26 09:00:00,28.3,1015.5,35.0,AWS-MUM-101,Thane,MUM,neighbor,False,
2025-02-26 10:00:00,32.4,1015.5,25.0,AWS-MUM-101,Thane,MUM,neighbor,False,
2025-02-26 11:00:00,35.6,1015.0,20.0,AWS-MUM-101,Thane,MUM,neighbor,False,
2025-02-26 12:00:00,37.6,1013.4,16.0,AWS-MUM-101,Thane,MUM,neighbor,True,drift
2025-02-26 13:00:00,38.7,1012.0,33.99145595826893,AWS-MUM-101,Thane,MUM,neighbor,True,drift
2025-02-26 14:00:00,39.5,1010.9,51.98291191653786,AWS-MUM-101,Thane,MUM,neighbor,True,drift
2025-02-26 15:00:00,39.6,1009.8,69.97436787480679,AWS-MUM-101,Thane,MUM,neighbor,True,drift
2025-02-26 16:00:00,38.0,1009.4,87.96582383307572,AWS-MUM-101,Thane,MUM,neighbor,True,drift
2025-02-26 17:00:00,34.0,1010.0,100.0,AWS-MUM-101,Thane,MUM,neighbor,True,drift
2025-02-26 18:00:00,31.5,1010.8,100.0,AWS-MUM-101,Thane,MUM,neighbor,True,drift
2025-02-26 19:00:00,29.7,1011.5,100.0,AWS-MUM-101,Thane,MUM,neighbor,True,drift
2025-02-26 20:00:00,28.9,1012.7,100.0,AWS-MUM-101,Thane,MUM,neighbor,True,drift
2025-02-26 21:00:00,28.3,1013.5,100.0,AWS-MUM-101,Thane,MUM,neighbor,True,drift
2025-02-26 22:00:00,27.6,1013.8,100.0,AWS-MUM-101,Thane,MUM,neighbor,True,drift
2025-02-26 23:00:00,26.7,1013.4,100.0,AWS-MUM-101,Thane,MUM,neighbor,True,drift
2025-02-27 00:00:00,25.5,1012.9,100.0,AWS-MUM-101,Thane,MUM,neighbor,True,drift
2025-02-27 01:00:00,24.5,1012.3,100.0,AWS-MUM-101,Thane,MUM,neighbor,True,drift
2025-02-27 02:00:00,23.6,1011.7,100.0,AWS-MUM-101,Thane,MUM,neighbor,True,drift
2025-02-27 03:00:00,23.3,1011.3,100.0,AWS-MUM-101,Thane,MUM,neighbor,True,drift
2025-02-27 04:00:00,23.0,1011.4,100.0,AWS-MUM-101,Thane,MUM,neighbor,True,drift
2025-02-27 05:00:00,22.6,1011.4,100.0,AWS-MUM-101,Thane,MUM,neighbor,True,drift
2025-02-27 06:00:00,22.5,1012.3,100.0,AWS-MUM-101,Thane,MUM,neighbor,True,drift
2025-02-27 07:00:00,22.6,1012.9,100.0,AWS-MUM-101,Thane,MUM,neighbor,True,drift
2025-02-27 08:00:00,24.7,1013.8,100.0,AWS-MUM-101,Thane,MUM,neighbor,True,drift
2025-02-27 09:00:00,28.8,1014.1,100.0,AWS-MUM-101,Thane,MUM,neighbor,True,drift
2025-02-27 10:00:00,33.1,1014.3,100.0,AWS-MUM-101,Thane,MUM,neighbor,True,drift
2025-02-27 11:00:00,36.1,1013.6,100.0,AWS-MUM-101,Thane,MUM,neighbor,True,drift
2025-02-27 12:00:00,37.8,1011.9,100.0,AWS-MUM-101,Thane,MUM,neighbor,True,drift
2025-02-27 13:00:00,38.7,1010.2,100.0,AWS-MUM-101,Thane,MUM,neighbor,True,drift
2025-02-27 14:00:00,38.7,1008.7,18.0,AWS-MUM-101,Thane,MUM,neighbor,False,
2025-02-27 15:00:00,37.4,1008.0,20.0,AWS-MUM-101,Thane,MUM,neighbor,False,
2025-02-27 16:00:00,35.3,1008.2,24.0,AWS-MUM-101,Thane,MUM,neighbor,True,drift
2025-02-27 17:00:00,34.3,1007.2820866162076,28.0,AWS-MUM-101,Thane,MUM,neighbor,True,drift
2025-02-27 18:00:00,31.0,1005.3802221670694,38.0,AWS-MUM-101,Thane,MUM,neighbor,True,drift
2025-02-27 19:00:00,29.6,1002.7630940904954,45.0,AWS-MUM-101,Thane,MUM,neighbor,True,drift
2025-02-27 20:00:00,29.0,999.5370488671937,49.0,AWS-MUM-101,Thane,MUM,neighbor,True,drift
2025-02-27 21:00:00,28.4,995.7664326878743,51.0,AWS-MUM-101,Thane,MUM,neighbor,True,drift
2025-02-27 22:00:00,28.0,991.4960784562393,53.0,AWS-MUM-101,Thane,MUM,neighbor,True,drift
2025-02-27 23:00:00,27.6,986.759732141295,59.0,AWS-MUM-101,Thane,MUM,neighbor,True,drift
2025-02-28 00:00:00,26.7,981.5840827412827,57.0,AWS-MUM-101,Thane,MUM,neighbor,True,drift
2025-02-28 01:00:00,25.9,975.9909806886928,57.0,AWS-MUM-101,Thane,MUM,neighbor,True,drift
2025-02-28 02:00:00,24.7,969.9987788529415,62.0,AWS-MUM-101,Thane,MUM,neighbor,True,drift
2025-02-28 03:00:00,23.7,963.6231996750274,67.0,AWS-MUM-101,Thane,MUM,neighbor,True,drift
2025-02-28 04:00:00,23.1,956.877925265795,71.0,AWS-MUM-101,Thane,MUM,neighbor,True,drift
2025-02-28 05:00:00,22.7,949.7750154257176,73.0,AWS-MUM-101,Thane,MUM,neighbor,True,drift
2025-02-28 06:00:00,22.6,942.3252135284524,79.0,AWS-MUM-101,Thane,MUM,neighbor,True,drift
2025-02-28 07:00:00,22.7,934.5381764245818,76.0,AWS-MUM-101,Thane,MUM,neighbor,True,drift
2025-02-28 08:00:00,25.4,926.4226511707004,61.0,AWS-MUM-101,Thane,MUM,neighbor,True,drift
2025-02-28 09:00:00,29.2,917.9866135136078,44.0,AWS-MUM-101,Thane,MUM,neighbor,True,drift
2025-02-28 10:00:00,32.4,909.2373782169454,33.0,AWS-MUM-101,Thane,MUM,neighbor,True,drift
2025-02-28 11:00:00,35.1,900.181688233071,25.0,AWS-MUM-101,Thane,MUM,neighbor,True,drift
2025-02-28 12:00:00,36.9,890.8257876974437,22.0,AWS-MUM-101,Thane,MUM,neighbor,True,drift
2025-02-28 13:00:00,37.8,881.1754823569541,22.0,AWS-MUM-101,Thane,MUM,neighbor,True,drift
2025-02-28 14:00:00,37.7,871.236190100916,25.0,AWS-MUM-101,Thane,MUM,neighbor,True,drift
2025-02-28 15:00:00,37.6,861.0129835991617,25.0,AWS-MUM-101,Thane,MUM,neighbor,True,drift
2025-02-28 16:00:00,37.0,850.5106265748975,25.0,AWS-MUM-101,Thane,MUM,neighbor,True,drift
2025-02-28 17:00:00,36.0,839.733604892035,25.0,AWS-MUM-101,Thane,MUM,neighbor,True,drift
2025-02-28 18:00:00,33.0,1008.4,31.0,AWS-MUM-101,Thane,MUM,neighbor,False,
2025-02-28 19:00:00,31.2,1009.0,33.0,AWS-MUM-101,Thane,MUM,neighbor,False,
2025-02-28 20:00:00,30.3,1009.6,33.0,AWS-MUM-101,Thane,MUM,neighbor,False,
2025-02-28 21:00:00,29.7,1010.1,32.0,AWS-MUM-101,Thane,MUM,neighbor,False,
2025-02-28 22:00:00,29.0,1010.2,33.0,AWS-MUM-101,Thane,MUM,neighbor,False,
2025-02-28 23:00:00,27.8,1010.1,35.0,AWS-MUM-101,Thane,MUM,neighbor,False,
2025-03-01 00:00:00,26.6,1010.0,38.0,AWS-MUM-101,Thane,MUM,neighbor,False,
2025-03-01 01:00:00,25.9,1009.8,39.0,AWS-MUM-101,Thane,MUM,neighbor,False,
2025-03-01 02:00:00,25.2,1009.2,42.0,AWS-MUM-101,Thane,MUM,neighbor,False,
2025-03-01 03:00:00,25.0,1008.6,42.0,AWS-MUM-101,Thane,MUM,neighbor,False,
2025-03-01 04:00:00,24.9,1008.7,41.0,AWS-MUM-101,Thane,MUM,neighbor,False,
2025-03-01 05:00:00,24.2,1008.9,44.0,AWS-MUM-101,Thane,MUM,neighbor,False,
2025-03-01 06:00:00,23.1,1010.0,56.0,AWS-MUM-101,Thane,MUM,neighbor,False,
2025-03-01 07:00:00,23.2,1010.7,57.0,AWS-MUM-101,Thane,MUM,neighbor,False,
2025-03-01 08:00:00,25.4,1011.4,47.0,AWS-MUM-101,Thane,MUM,neighbor,False,
2025-03-01 09:00:00,29.1,1011.9,35.0,AWS-MUM-101,Thane,MUM,neighbor,False,
2025-03-01 10:00:00,32.9,1012.3,26.0,AWS-MUM-101,Thane,MUM,neighbor,False,
2025-03-01 11:00:00,35.6,1011.6,22.0,AWS-MUM-101,Thane,MUM,neighbor,False,
2025-03-01 12:00:00,37.4,1010.1,20.0,AWS-MUM-101,Thane,MUM,neighbor,False,
2025-03-01 13:00:00,38.0,1008.8,21.0,AWS-MUM-101,Thane,MUM,neighbor,False,
2025-03-01 14:00:00,37.7,1007.9,25.0,AWS-MUM-101,Thane,MUM,neighbor,False,
2025-03-01 15:00:00,36.9,1007.3,25.0,AWS-MUM-101,Thane,MUM,neighbor,False,
2025-03-01 16:00:00,36.1,1007.2,25.0,AWS-MUM-101,Thane,MUM,neighbor,False,
2025-03-01 17:00:00,34.7,1007.3,25.0,AWS-MUM-101,Thane,MUM,neighbor,False,
2025-03-01 18:00:00,32.2,1008.4,33.0,AWS-MUM-101,Thane,MUM,neighbor,False,
2025-03-01 19:00:00,30.4,1009.1,37.0,AWS-MUM-101,Thane,MUM,neighbor,False,
2025-03-01 20:00:00,29.4,1009.9,37.0,AWS-MUM-101,Thane,MUM,neighbor,False,
2025-03-01 21:00:00,28.6,1010.1,35.0,AWS-MUM-101,Thane,MUM,neighbor,False,
2025-03-01 22:00:00,28.0,1009.9,35.0,AWS-MUM-101,Thane,MUM,neighbor,False,
2025-03-01 23:00:00,26.7,1009.7,41.0,AWS-MUM-101,Thane,MUM,neighbor,False,
2025-03-02 00:00:00,25.6,1009.4,50.0,AWS-MUM-101,Thane,MUM,neighbor,False,
2025-03-02 01:00:00,24.8,1008.7,52.0,AWS-MUM-101,Thane,MUM,neighbor,False,
2025-03-02 02:00:00,24.2,1008.2,50.0,AWS-MUM-101,Thane,MUM,neighbor,False,
2025-03-02 03:00:00,23.6,1007.8,52.0,AWS-MUM-101,Thane,MUM,neighbor,False,
2025-03-02 04:00:00,23.0,1007.8,54.0,AWS-MUM-101,Thane,MUM,neighbor,False,
2025-03-02 05:00:00,22.4,1008.1,57.0,AWS-MUM-101,Thane,MUM,neighbor,False,
2025-03-02 06:00:00,22.9,1009.1,51.0,AWS-MUM-101,Thane,MUM,neighbor,False,
2025-03-02 07:00:00,23.1,1009.9,50.0,AWS-MUM-101,Thane,MUM,neighbor,False,
2025-03-02 08:00:00,25.8,,42.0,AWS-MUM-101,Thane,MUM,neighbor,True,dropout
2025-03-02 09:00:00,30.1,1011.1,31.0,AWS-MUM-101,Thane,MUM,neighbor,False,
2025-03-02 10:00:00,33.5,1011.6,24.0,AWS-MUM-101,Thane,MUM,neighbor,False,
2025-03-02 11:00:00,35.6,1011.0,19.0,AWS-MUM-101,Thane,MUM,neighbor,False,
2025-03-02 12:00:00,37.2,1009.8,15.0,AWS-MUM-101,Thane,MUM,neighbor,False,
2025-03-02 13:00:00,38.3,1008.4,13.0,AWS-MUM-101,Thane,MUM,neighbor,False,
2025-03-02 14:00:00,38.7,1007.2,13.0,AWS-MUM-101,Thane,MUM,neighbor,False,
2025-03-02 15:00:00,38.9,1006.4,13.0,AWS-MUM-101,Thane,MUM,neighbor,False,
2025-03-02 16:00:00,38.1,1006.3,14.0,AWS-MUM-101,Thane,MUM,neighbor,False,
2025-03-02 17:00:00,35.8,1006.8,22.0,AWS-MUM-101,Thane,MUM,neighbor,False,
2025-03-02 18:00:00,31.8,1007.7,30.0,AWS-MUM-101,Thane,MUM,neighbor,False,
2025-03-02 19:00:00,30.5,1008.4,31.0,AWS-MUM-101,Thane,MUM,neighbor,False,
2025-03-02 20:00:00,29.5,1009.2,31.0,AWS-MUM-101,Thane,MUM,neighbor,False,
2025-03-02 21:00:00,28.9,1009.8,30.0,AWS-MUM-101,Thane,MUM,neighbor,False,
2025-03-02 22:00:00,28.4,1010.4,31.0,AWS-MUM-101,Thane,MUM,neighbor,False,
2025-03-02 23:00:00,27.0,1010.7,36.0,AWS-MUM-101,Thane,MUM,neighbor,False,
2025-03-03 00:00:00,26.3,1010.4,39.0,AWS-MUM-101,Thane,MUM,neighbor,False,
2025-03-03 01:00:00,25.3,1009.7,44.0,AWS-MUM-101,Thane,MUM,neighbor,False,
2025-03-03 02:00:00,24.5,1009.1,50.0,AWS-MUM-101,Thane,MUM,neighbor,False,
2025-03-03 03:00:00,24.0,1008.6,55.0,AWS-MUM-101,Thane,MUM,neighbor,False,
2025-03-03 04:00:00,23.6,1008.5,59.0,AWS-MUM-101,Thane,MUM,neighbor,True,drift
2025-03-03 05:00:00,28.690275336438596,1008.7,60.0,AWS-MUM-101,Thane,MUM,neighbor,True,drift
2025-03-03 06:00:00,33.78055067287719,1009.4,65.0,AWS-MUM-101,Thane,MUM,neighbor,True,drift
2025-03-03 07:00:00,38.870826009315785,1010.3,68.0,AWS-MUM-101,Thane,MUM,neighbor,True,drift
2025-03-03 08:00:00,43.96110134575438,1011.0,55.0,AWS-MUM-101,Thane,MUM,neighbor,True,drift
2025-03-03 09:00:00,49.05137668219297,1011.6,35.0,AWS-MUM-101,Thane,MUM,neighbor,True,drift
2025-03-03 10:00:00,54.14165201863157,1011.8,23.0,AWS-MUM-101,Thane,MUM,neighbor,True,drift
2025-03-03 11:00:00,59.23192735507016,1011.0,16.0,AWS-MUM-101,Thane,MUM,neighbor,True,drift
2025-03-03 12:00:00,64.32220269150875,1009.7,13.0,AWS-MUM-101,Thane,MUM,neighbor,True,drift
2025-03-03 13:00:00,69.41247802794734,1008.5,14.0,AWS-MUM-101,Thane,MUM,neighbor,True,drift
2025-03-03 14:00:00,74.50275336438594,1007.2,13.0,AWS-MUM-101,Thane,MUM,neighbor,True,drift
2025-03-03 15:00:00,79.59302870082453,1006.6,14.0,AWS-MUM-101,Thane,MUM,neighbor,True,drift
2025-03-03 16:00:00,84.68330403726313,1006.3,17.0,AWS-MUM-101,Thane,MUM,neighbor,True,drift
2025-03-03 17:00:00,89.77357937370172,1006.7,22.0,AWS-MUM-101,Thane,MUM,neighbor,True,drift
2025-03-03 18:00:00,94.86385471014032,1008.1,27.0,AWS-MUM-101,Thane,MUM,neighbor,True,drift
2025-03-03 19:00:00,99.95413004657894,1008.7,31.0,AWS-MUM-101,Thane,MUM,neighbor,True,drift
2025-03-03 20:00:00,105.0444053830175,1009.4,32.0,AWS-MUM-101,Thane,MUM,neighbor,True,drift
2025-03-03 21:00:00,110.1346807194561,1009.8,30.0,AWS-MUM-101,Thane,MUM,neighbor,True,drift
2025-03-03 22:00:00,115.2249560558947,1010.1,30.0,AWS-MUM-101,Thane,MUM,neighbor,True,drift
2025-03-03 23:00:00,120.31523139233332,1010.1,32.0,AWS-MUM-101,Thane,MUM,neighbor,True,drift
2025-03-04 00:00:00,125.40550672877188,1010.0,34.0,AWS-MUM-101,Thane,MUM,neighbor,True,drift
2025-03-04 01:00:00,130.49578206521048,1009.4,36.0,AWS-MUM-101,Thane,MUM,neighbor,True,drift
2025-03-04 02:00:00,135.58605740164907,1008.6,37.0,AWS-MUM-101,Thane,MUM,neighbor,True,drift
2025-03-04 03:00:00,140.6763327380877,1008.4,39.0,AWS-MUM-101,Thane,MUM,neighbor,True,drift
2025-03-04 04:00:00,145.76660807452626,1008.5,42.0,AWS-MUM-101,Thane,MUM,neighbor,True,drift
2025-03-04 05:00:00,150.85688341096485,1009.1,46.0,AWS-MUM-101,Thane,MUM,neighbor,True,drift
2025-03-04 06:00:00,155.94715874740345,1010.0,51.0,AWS-MUM-101,Thane,MUM,neighbor,True,drift
2025-03-04 07:00:00,161.03743408384204,1010.8,51.0,AWS-MUM-101,Thane,MUM,neighbor,True,drift
2025-03-04 08:00:00,166.12770942028064,1011.6,41.0,AWS-MUM-101,Thane,MUM,neighbor,True,drift
2025-03-04 09:00:00,171.21798475671923,1012.3,31.0,AWS-MUM-101,Thane,MUM,neighbor,True,drift
2025-03-04 10:00:00,176.30826009315786,1012.8,25.0,AWS-MUM-101,Thane,MUM,neighbor,True,drift
2025-03-04 11:00:00,181.39853542959642,1012.1,22.0,AWS-MUM-101,Thane,MUM,neighbor,True,drift
2025-03-04 12:00:00,186.48881076603502,1010.7,18.0,AWS-MUM-101,Thane,MUM,neighbor,True,drift
2025-03-04 13:00:00,191.5790861024736,1009.5,16.0,AWS-MUM-101,Thane,MUM,neighbor,True,drift
2025-03-04 14:00:00,196.6693614389122,1008.3,14.0,AWS-MUM-101,Thane,MUM,neighbor,True,drift
2025-03-04 15:00:00,201.7596367753508,1007.5,15.0,AWS-MUM-101,Thane,MUM,neighbor,True,drift
2025-03-04 16:00:00,206.8499121117894,1007.2,17.0,AWS-MUM-101,Thane,MUM,neighbor,True,drift
2025-03-04 17:00:00,211.940187448228,1007.4,21.0,AWS-MUM-101,Thane,MUM,neighbor,True,drift
2025-03-04 18:00:00,217.03046278466658,1009.0,32.0,AWS-MUM-101,Thane,MUM,neighbor,True,drift
2025-03-04 19:00:00,31.2,1009.6,39.0,AWS-MUM-101,Thane,MUM,neighbor,False,
2025-03-04 20:00:00,30.1,1010.1,39.0,AWS-MUM-101,Thane,MUM,neighbor,False,
2025-03-04 21:00:00,29.4,1010.8,39.0,AWS-MUM-101,Thane,MUM,neighbor,False,
2025-03-04 22:00:00,28.8,1011.2,39.0,AWS-MUM-101,Thane,MUM,neighbor,False,
2025-03-04 23:00:00,28.5,1011.0,37.0,AWS-MUM-101,Thane,MUM,neighbor,False,
2025-03-05 00:00:00,28.2,1010.7,34.0,AWS-MUM-101,Thane,MUM,neighbor,False,
2025-03-05 01:00:00,27.7,1010.1,33.0,AWS-MUM-101,Thane,MUM,neighbor,False,
2025-03-05 02:00:00,27.1,1009.1,33.0,AWS-MUM-101,Thane,MUM,neighbor,False,
2025-03-05 03:00:00,26.5,1008.6,33.0,AWS-MUM-101,Thane,MUM,neighbor,False,
2025-03-05 04:00:00,25.9,1008.6,34.0,AWS-MUM-101,Thane,MUM,neighbor,False,
2025-03-05 05:00:00,25.3,1008.9,35.0,AWS-MUM-101,Thane,MUM,neighbor,False,
2025-03-05 06:00:00,23.7,1009.6,41.0,AWS-MUM-101,Thane,MUM,neighbor,False,
2025-03-05 07:00:00,23.6,1010.4,42.0,AWS-MUM-101,Thane,MUM,neighbor,False,
2025-03-05 08:00:00,25.9,1011.3,37.0,AWS-MUM-101,Thane,MUM,neighbor,False,
2025-03-05 09:00:00,29.4,1011.9,27.0,AWS-MUM-101,Thane,MUM,neighbor,False,
2025-03-05 10:00:00,32.7,1012.0,21.0,AWS-MUM-101,Thane,MUM,neighbor,False,
2025-03-05 11:00:00,35.5,1011.2,17.0,AWS-MUM-101,Thane,MUM,neighbor,False,
2025-03-05 12:00:00,37.4,1010.1,14.0,AWS-MUM-101,Thane,MUM,neighbor,False,
2025-03-05 13:00:00,38.7,1008.8,11.0,AWS-MUM-101,Thane,MUM,neighbor,False,
2025-03-05 14:00:00,214.20559969839485,1009.6239969876241,85.48553393290523,AWS-MUM-101,Thane,MUM,neighbor,True,multivariate_inconsistency
2025-03-05 15:00:00,214.50559969839486,1009.3444963837562,84.48553393290523,AWS-MUM-101,Thane,MUM,neighbor,True,multivariate_inconsistency
2025-03-05 16:00:00,213.90559969839484,1001.2433227341776,85.48553393290523,AWS-MUM-101,Thane,MUM,neighbor,True,multivariate_inconsistency
2025-03-05 17:00:00,36.6,1007.0,16.0,AWS-MUM-101,Thane,MUM,neighbor,False,
2025-03-05 18:00:00,32.5,1008.2,29.0,AWS-MUM-101,Thane,MUM,neighbor,False,
2025-03-05 19:00:00,30.6,1008.7,29.0,AWS-MUM-101,Thane,MUM,neighbor,False,
2025-03-05 20:00:00,29.7,1009.5,27.0,AWS-MUM-101,Thane,MUM,neighbor,False,
2025-03-05 21:00:00,29.4,1010.3,25.0,AWS-MUM-101,Thane,MUM,neighbor,False,
2025-03-05 22:00:00,29.3,1010.9,21.0,AWS-MUM-101,Thane,MUM,neighbor,False,
2025-03-05 23:00:00,28.6,1010.6,19.0,AWS-MUM-101,Thane,MUM,neighbor,False,
2025-03-06 00:00:00,27.6,1010.5,21.0,AWS-MUM-101,Thane,MUM,neighbor,False,
2025-03-06 01:00:00,26.5,1010.1,23.0,AWS-MUM-101,Thane,MUM,neighbor,False,
2025-03-06 02:00:00,25.6,1009.7,26.0,AWS-MUM-101,Thane,MUM,neighbor,False,
2025-03-06 03:00:00,24.7,1009.4,27.0,AWS-MUM-101,Thane,MUM,neighbor,False,
2025-03-06 04:00:00,23.9,1009.7,29.0,AWS-MUM-101,Thane,MUM,neighbor,False,
2025-03-06 05:00:00,23.2,1009.9,29.0,AWS-MUM-101,Thane,MUM,neighbor,False,
2025-03-06 06:00:00,20.7,1010.7,43.0,AWS-MUM-101,Thane,MUM,neighbor,False,
2025-03-06 07:00:00,20.6,1011.4,43.0,AWS-MUM-101,Thane,MUM,neighbor,False,
2025-03-06 08:00:00,23.3,1012.4,33.0,AWS-MUM-101,Thane,MUM,neighbor,False,
2025-03-06 09:00:00,27.3,1013.1,22.0,AWS-MUM-101,Thane,MUM,neighbor,False,
2025-03-06 10:00:00,31.2,1013.1,16.0,AWS-MUM-101,Thane,MUM,neighbor,False,
2025-03-06 11:00:00,34.6,1012.4,13.0,AWS-MUM-101,Thane,MUM,neighbor,False,
2025-03-06 12:00:00,37.0,1011.3,10.0,AWS-MUM-101,Thane,MUM,neighbor,False,
2025-03-06 13:00:00,38.5,1010.0,7.0,AWS-MUM-101,Thane,MUM,neighbor,False,
2025-03-06 14:00:00,38.9,1009.1,7.0,AWS-MUM-101,Thane,MUM,neighbor,False,
2025-03-06 15:00:00,37.4,1008.4,13.0,AWS-MUM-101,Thane,MUM,neighbor,False,
2025-03-06 16:00:00,35.4,1008.1,15.0,AWS-MUM-101,Thane,MUM,neighbor,False,
2025-03-06 17:00:00,34.5,1007.9,16.0,AWS-MUM-101,Thane,MUM,neighbor,False,
2025-03-06 18:00:00,32.0,1008.5,,AWS-MUM-101,Thane,MUM,neighbor,True,dropout
2025-03-06 19:00:00,30.2,1009.0,26.0,AWS-MUM-101,Thane,MUM,neighbor,False,
2025-03-06 20:00:00,29.2,1009.8,24.0,AWS-MUM-101,Thane,MUM,neighbor,False,
2025-03-06 21:00:00,28.4,1010.3,23.0,AWS-MUM-101,Thane,MUM,neighbor,False,
2025-03-06 22:00:00,27.6,1010.3,23.0,AWS-MUM-101,Thane,MUM,neighbor,False,
2025-03-06 23:00:00,27.0,1009.7,26.0,AWS-MUM-101,Thane,MUM,neighbor,False,
2025-03-07 00:00:00,26.8,1009.0,25.0,AWS-MUM-101,Thane,MUM,neighbor,False,
2025-03-07 01:00:00,26.2,1008.7,25.0,AWS-MUM-101,Thane,MUM,neighbor,False,
2025-03-07 02:00:00,25.0,1008.1,27.0,AWS-MUM-101,Thane,MUM,neighbor,False,
2025-03-07 03:00:00,24.3,1007.9,28.0,AWS-MUM-101,Thane,MUM,neighbor,False,
2025-03-07 04:00:00,23.9,1008.0,28.0,AWS-MUM-101,Thane,MUM,neighbor,False,
2025-03-07 05:00:00,23.8,1008.5,26.0,AWS-MUM-101,Thane,MUM,neighbor,False,
2025-03-07 06:00:00,22.1,1009.4,34.0,AWS-MUM-101,Thane,MUM,neighbor,False,
2025-03-07 07:00:00,22.3,1010.4,35.0,AWS-MUM-101,Thane,MUM,neighbor,False,
2025-03-07 08:00:00,24.5,1011.2,31.0,AWS-MUM-101,Thane,MUM,neighbor,False,
2025-03-07 09:00:00,28.3,1011.6,22.0,AWS-MUM-101,Thane,MUM,neighbor,False,
2025-03-07 10:00:00,32.0,1011.5,17.0,AWS-MUM-101,Thane,MUM,neighbor,False,
2025-03-07 11:00:00,35.0,1010.9,13.0,AWS-MUM-101,Thane,MUM,neighbor,False,
2025-03-07 12:00:00,37.0,1009.6,11.0,AWS-MUM-101,Thane,MUM,neighbor,False,
2025-03-07 13:00:00,38.4,1008.2,10.0,AWS-MUM-101,Thane,MUM,neighbor,False,
2025-03-07 14:00:00,39.5,1006.9,9.0,AWS-MUM-101,Thane,MUM,neighbor,False,
2025-03-07 15:00:00,39.9,1005.6,9.0,AWS-MUM-101,Thane,MUM,neighbor,False,
2025-03-07 16:00:00,38.9,1005.3,10.0,AWS-MUM-101,Thane,MUM,neighbor,False,
2025-03-07 17:00:00,35.1,1005.6,21.0,AWS-MUM-101,Thane,MUM,neighbor,False,
2025-03-07 18:00:00,32.0,1006.2,27.0,AWS-MUM-101,Thane,MUM,neighbor,False,
2025-03-07 19:00:00,30.5,1007.0,27.0,AWS-MUM-101,Thane,MUM,neighbor,False,
2025-03-07 20:00:00,29.8,1007.8,26.0,AWS-MUM-101,Thane,MUM,neighbor,False,
2025-03-07 21:00:00,29.0,1008.5,26.0,AWS-MUM-101,Thane,MUM,neighbor,False,
2025-03-07 22:00:00,28.0,1009.0,39.0,AWS-MUM-101,Thane,MUM,neighbor,False,
2025-03-07 23:00:00,27.0,1009.1,30.0,AWS-MUM-101,Thane,MUM,neighbor,False,
2025-03-08 00:00:00,26.1,1008.6,32.0,AWS-MUM-101,Thane,MUM,neighbor,False,
2025-03-08 01:00:00,25.0,1008.1,32.0,AWS-MUM-101,Thane,MUM,neighbor,False,
2025-03-08 02:00:00,24.3,1007.3,34.0,AWS-MUM-101,Thane,MUM,neighbor,False,
2025-03-08 03:00:00,23.4,1006.8,37.0,AWS-MUM-101,Thane,MUM,neighbor,False,
2025-03-08 04:00:00,22.6,1006.6,41.0,AWS-MUM-101,Thane,MUM,neighbor,False,
2025-03-08 05:00:00,21.8,1006.9,46.0,AWS-MUM-101,Thane,MUM,neighbor,False,
2025-03-08 06:00:00,20.4,1007.6,57.0,AWS-MUM-101,Thane,MUM,neighbor,False,
2025-03-08 07:00:00,20.6,1008.2,58.0,AWS-MUM-101,Thane,MUM,neighbor,False,
2025-03-08 08:00:00,23.8,1009.0,44.0,AWS-MUM-101,Thane,MUM,neighbor,False,
2025-03-08 09:00:00,28.5,1009.6,30.0,AWS-MUM-101,Thane,MUM,neighbor,False,
2025-03-08 10:00:00,33.0,1009.5,19.0,AWS-MUM-101,Thane,MUM,neighbor,False,
2025-03-08 11:00:00,36.2,1008.9,14.0,AWS-MUM-101,Thane,MUM,neighbor,False,
2025-03-08 12:00:00,38.3,1007.5,12.0,AWS-MUM-101,Thane,MUM,neighbor,False,
2025-03-08 13:00:00,39.6,1006.1,11.0,AWS-MUM-101,Thane,MUM,neighbor,False,
2025-03-08 14:00:00,88.58808999642041,1005.0,12.0,AWS-MUM-101,Thane,MUM,neighbor,True,spike
2025-03-08 15:00:00,38.1,1004.3,16.0,AWS-MUM-101,Thane,MUM,neighbor,False,
2025-03-08 16:00:00,36.6,1004.3,19.0,AWS-MUM-101,Thane,MUM,neighbor,False,
2025-03-08 17:00:00,34.9,1004.7,22.0,AWS-MUM-101,Thane,MUM,neighbor,False,
2025-03-08 18:00:00,32.2,1005.2,28.0,AWS-MUM-101,Thane,MUM,neighbor,False,
2025-03-08 19:00:00,30.1,1005.7,33.0,AWS-MUM-101,Thane,MUM,neighbor,False,
2025-03-08 20:00:00,28.9,1006.4,35.0,AWS-MUM-101,Thane,MUM,neighbor,False,
2025-03-08 21:00:00,28.0,1007.1,37.0,AWS-MUM-101,Thane,MUM,neighbor,False,
2025-03-08 22:00:00,26.4,1007.6,46.0,AWS-MUM-101,Thane,MUM,neighbor,False,
2025-03-08 23:00:00,25.5,1007.8,47.0,AWS-MUM-101,Thane,MUM,neighbor,False,
2025-03-09 00:00:00,24.4,1007.3,49.0,AWS-MUM-101,Thane,MUM,neighbor,False,
2025-03-09 01:00:00,23.5,1007.2,,AWS-MUM-101,Thane,MUM,neighbor,True,dropout
2025-03-09 02:00:00,22.5,1006.6,55.0,AWS-MUM-101,Thane,MUM,neighbor,False,
2025-03-09 03:00:00,21.7,1006.1,64.0,AWS-MUM-101,Thane,MUM,neighbor,False,
2025-03-09 04:00:00,21.4,1006.2,68.0,AWS-MUM-101,Thane,MUM,neighbor,False,
2025-03-09 05:00:00,20.9,1006.5,74.0,AWS-MUM-101,Thane,MUM,neighbor,False,
2025-03-09 06:00:00,20.9,1007.0,74.0,AWS-MUM-101,Thane,MUM,neighbor,False,
2025-03-09 07:00:00,21.0,1007.8,74.0,AWS-MUM-101,Thane,MUM,neighbor,False,
2025-03-09 08:00:00,24.6,1008.8,56.0,AWS-MUM-101,Thane,MUM,neighbor,False,
2025-03-09 09:00:00,28.9,1009.3,38.0,AWS-MUM-101,Thane,MUM,neighbor,False,
2025-03-09 10:00:00,33.0,1009.3,26.0,AWS-MUM-101,Thane,MUM,neighbor,False,
2025-03-09 11:00:00,36.6,1008.8,18.0,AWS-MUM-101,Thane,MUM,neighbor,False,
2025-03-09 12:00:00,39.0,1007.5,13.0,AWS-MUM-101,Thane,MUM,neighbor,False,
2025-03-09 13:00:00,40.2,1006.3,11.0,AWS-MUM-101,Thane,MUM,neighbor,False,
2025-03-09 14:00:00,40.4,1005.3,11.0,AWS-MUM-101,Thane,MUM,neighbor,False,
2025-03-09 15:00:00,39.1,1004.6,17.0,AWS-MUM-101,Thane,MUM,neighbor,False,
2025-03-09 16:00:00,36.7,1004.7,23.0,AWS-MUM-101,Thane,MUM,neighbor,False,
2025-03-09 17:00:00,35.0,1004.8,27.0,AWS-MUM-101,Thane,MUM,neighbor,False,
2025-03-09 18:00:00,31.8,1005.8,40.0,AWS-MUM-101,Thane,MUM,neighbor,False,
2025-03-09 19:00:00,-30.12996703082835,1006.6,41.0,AWS-MUM-101,Thane,MUM,neighbor,True,spike
2025-03-09 20:00:00,30.0,1007.9,36.0,AWS-MUM-101,Thane,MUM,neighbor,False,
2025-03-09 21:00:00,29.3,1009.1,38.0,AWS-MUM-101,Thane,MUM,neighbor,False,
2025-03-09 22:00:00,28.3,1009.5,38.0,AWS-MUM-101,Thane,MUM,neighbor,False,
2025-03-09 23:00:00,27.5,1009.4,41.0,AWS-MUM-101,Thane,MUM,neighbor,False,
2025-03-10 00:00:00,26.6,1009.0,43.0,AWS-MUM-101,Thane,MUM,neighbor,False,
2025-03-10 01:00:00,25.7,1008.3,44.0,AWS-MUM-101,Thane,MUM,neighbor,False,
2025-03-10 02:00:00,25.9,1007.7,42.0,AWS-MUM-101,Thane,MUM,neighbor,False,
2025-03-10 03:00:00,26.1,1007.0,39.0,AWS-MUM-101,Thane,MUM,neighbor,False,
2025-03-10 04:00:00,24.9,1007.1,43.0,AWS-MUM-101,Thane,MUM,neighbor,False,
2025-03-10 05:00:00,24.1,1007.4,47.0,AWS-MUM-101,Thane,MUM,neighbor,False,
2025-03-10 06:00:00,23.3,1008.4,55.0,AWS-MUM-101,Thane,MUM,neighbor,False,
2025-03-10 07:00:00,23.2,1009.4,55.0,AWS-MUM-101,Thane,MUM,neighbor,False,
2025-03-10 08:00:00,25.9,1010.2,43.0,AWS-MUM-101,Thane,MUM,neighbor,False,
2025-03-10 09:00:00,30.8,1010.7,29.0,AWS-MUM-101,Thane,MUM,neighbor,False,
2025-03-10 10:00:00,35.3,1010.8,20.0,AWS-MUM-101,Thane,MUM,neighbor,False,
2025-03-10 11:00:00,37.9,1010.1,18.0,AWS-MUM-101,Thane,MUM,neighbor,False,
2025-03-10 12:00:00,40.6,1009.0,13.0,AWS-MUM-101,Thane,MUM,neighbor,False,
2025-03-10 13:00:00,41.7,1007.6,11.0,AWS-MUM-101,Thane,MUM,neighbor,False,
2025-03-10 14:00:00,-30.811588046210165,1006.5,11.0,AWS-MUM-101,Thane,MUM,neighbor,True,spike
2025-03-10 15:00:00,41.9,48.64668614626421,11.0,AWS-MUM-101,Thane,MUM,neighbor,True,sensor_fail_low
2025-03-10 16:00:00,39.0,50.3143354140757,17.0,AWS-MUM-101,Thane,MUM,neighbor,True,sensor_fail_low
2025-03-10 17:00:00,35.3,49.17936156906581,24.0,AWS-MUM-101,Thane,MUM,neighbor,True,sensor_fail_low
2025-03-10 18:00:00,33.6,45.77842403777314,28.0,AWS-MUM-101,Thane,MUM,neighbor,True,sensor_fail_low
2025-03-10 19:00:00,32.2,1008.4,35.0,AWS-MUM-101,Thane,MUM,neighbor,False,
2025-03-10 20:00:00,31.3,1009.5,37.0,AWS-MUM-101,Thane,MUM,neighbor,False,
2025-03-10 21:00:00,30.3,1010.3,40.0,AWS-MUM-101,Thane,MUM,neighbor,False,
2025-03-10 22:00:00,29.5,1010.3,42.0,AWS-MUM-101,Thane,MUM,neighbor,False,
2025-03-10 23:00:00,28.8,1010.3,43.0,AWS-MUM-101,Thane,MUM,neighbor,False,
2025-03-11 00:00:00,28.1,1009.8,47.0,AWS-MUM-101,Thane,MUM,neighbor,False,
2025-03-11 01:00:00,27.4,1009.2,47.0,AWS-MUM-101,Thane,MUM,neighbor,False,
2025-03-11 02:00:00,26.9,1008.5,46.0,AWS-MUM-101,Thane,MUM,neighbor,False,
2025-03-11 03:00:00,26.3,1008.3,48.0,AWS-MUM-101,Thane,MUM,neighbor,False,
2025-03-11 04:00:00,25.2,1008.3,49.0,AWS-MUM-101,Thane,MUM,neighbor,False,
2025-03-11 05:00:00,25.0,1008.6,49.0,AWS-MUM-101,Thane,MUM,neighbor,False,
2025-03-11 06:00:00,25.2,1009.6,47.0,AWS-MUM-101,Thane,MUM,neighbor,False,
2025-03-11 07:00:00,25.6,1010.6,44.0,AWS-MUM-101,Thane,MUM,neighbor,False,
2025-03-11 08:00:00,27.9,1011.8,38.0,AWS-MUM-101,Thane,MUM,neighbor,False,
2025-03-11 09:00:00,31.4,1012.6,32.0,AWS-MUM-101,Thane,MUM,neighbor,False,
2025-03-11 10:00:00,35.2,1012.5,25.0,AWS-MUM-101,Thane,MUM,neighbor,False,
2025-03-11 11:00:00,38.2,1011.6,20.0,AWS-MUM-101,Thane,MUM,neighbor,False,
2025-03-11 12:00:00,39.9,1010.3,16.0,AWS-MUM-101,Thane,MUM,neighbor,False,
2025-03-11 13:00:00,40.9,1008.6,15.0,AWS-MUM-101,Thane,MUM,neighbor,False,
2025-03-11 14:00:00,41.3,1007.6,14.0,AWS-MUM-101,Thane,MUM,neighbor,False,
2025-03-11 15:00:00,40.0,1006.8,18.0,AWS-MUM-101,Thane,MUM,neighbor,False,
2025-03-11 16:00:00,36.5,1006.7,27.0,AWS-MUM-101,Thane,MUM,neighbor,False,
2025-03-11 17:00:00,35.4,1007.1,29.0,AWS-MUM-101,Thane,MUM,neighbor,False,
2025-03-11 18:00:00,32.5,1008.0,42.0,AWS-MUM-101,Thane,MUM,neighbor,False,
2025-03-11 19:00:00,176.47040565568648,1009.9675331213111,100.0,AWS-MUM-101,Thane,MUM,neighbor,True,multivariate_inconsistency
2025-03-11 20:00:00,175.87040565568645,1006.4591522580567,100.0,AWS-MUM-101,Thane,MUM,neighbor,True,multivariate_inconsistency
2025-03-11 21:00:00,175.57040565568647,1005.0082001172719,100.0,AWS-MUM-101,Thane,MUM,neighbor,True,multivariate_inconsistency
2025-03-11 22:00:00,174.77040565568646,1013.1479554060535,100.0,AWS-MUM-101,Thane,MUM,neighbor,True,multivariate_inconsistency
2025-03-11 23:00:00,174.07040565568647,1011.0212315370111,100.0,AWS-MUM-101,Thane,MUM,neighbor,True,multivariate_inconsistency
2025-03-12 00:00:00,27.4,1010.1,57.0,AWS-MUM-101,Thane,MUM,neighbor,False,
2025-03-12 01:00:00,26.6,1009.4,0.5015748570491376,AWS-MUM-101,Thane,MUM,neighbor,True,sensor_fail_low
2025-03-12 02:00:00,25.8,1008.6,0.7597901886446041,AWS-MUM-101,Thane,MUM,neighbor,True,sensor_fail_low
2025-03-12 03:00:00,25.2,1008.2,0.6470139158516286,AWS-MUM-101,Thane,MUM,neighbor,True,sensor_fail_low
2025-03-12 04:00:00,24.9,1007.9,0.5667132379541973,AWS-MUM-101,Thane,MUM,neighbor,True,sensor_fail_low
2025-03-12 05:00:00,24.3,1008.4,66.0,AWS-MUM-101,Thane,MUM,neighbor,False,
2025-03-12 06:00:00,23.8,1009.4,70.0,AWS-MUM-101,Thane,MUM,neighbor,False,
2025-03-12 07:00:00,24.1,1009.8,68.0,AWS-MUM-101,Thane,MUM,neighbor,False,
2025-03-12 08:00:00,27.2,1010.5,54.0,AWS-MUM-101,Thane,MUM,neighbor,False,
2025-03-12 09:00:00,30.9,1010.7,40.0,AWS-MUM-101,Thane,MUM,neighbor,False,
2025-03-12 10:00:00,34.6,1010.6,28.0,AWS-MUM-101,Thane,MUM,neighbor,True,drift
2025-03-12 11:00:00,37.2,989.6019525118924,22.0,AWS-MUM-101,Thane,MUM,neighbor,True,drift
2025-03-12 12:00:00,39.4,968.6039050237847,17.0,AWS-MUM-101,Thane,MUM,neighbor,True,drift
2025-03-12 13:00:00,40.7,947.6058575356772,15.0,AWS-MUM-101,Thane,MUM,neighbor,True,drift
2025-03-12 14:00:00,40.8,926.6078100475695,15.0,AWS-MUM-101,Thane,MUM,neighbor,True,drift
2025-03-12 15:00:00,39.2,905.6097625594618,19.0,AWS-MUM-101,Thane,MUM,neighbor,True,drift
2025-03-12 16:00:00,37.0,884.6117150713542,22.0,AWS-MUM-101,Thane,MUM,neighbor,True,drift
2025-03-12 17:00:00,34.8,863.6136675832465,29.0,AWS-MUM-101,Thane,MUM,neighbor,True,drift
2025-03-12 18:00:00,32.2,842.615620095139,40.0,AWS-MUM-101,Thane,MUM,neighbor,True,drift
2025-03-12 19:00:00,30.3,821.6175726070313,52.0,AWS-MUM-101,Thane,MUM,neighbor,True,drift
2025-03-12 20:00:00,29.4,800.6195251189237,57.0,AWS-MUM-101,Thane,MUM,neighbor,True,drift
2025-03-12 21:00:00,29.1,800.0,59.0,AWS-MUM-101,Thane,MUM,neighbor,True,drift
2025-03-12 22:00:00,28.5,800.0,61.0,AWS-MUM-101,Thane,MUM,neighbor,True,drift
2025-03-12 23:00:00,27.8,800.0,65.0,AWS-MUM-101,Thane,MUM,neighbor,True,drift
2025-03-13 00:00:00,27.2,800.0,67.0,AWS-MUM-101,Thane,MUM,neighbor,True,drift
2025-03-13 01:00:00,26.4,800.0,71.0,AWS-MUM-101,Thane,MUM,neighbor,True,drift
2025-03-13 02:00:00,25.5,800.0,74.0,AWS-MUM-101,Thane,MUM,neighbor,True,drift
2025-03-13 03:00:00,25.1,800.0,72.0,AWS-MUM-101,Thane,MUM,neighbor,True,drift
2025-03-13 04:00:00,24.2,800.0,76.0,AWS-MUM-101,Thane,MUM,neighbor,True,drift
2025-03-13 05:00:00,23.6,800.0,80.0,AWS-MUM-101,Thane,MUM,neighbor,True,drift
2025-03-13 06:00:00,23.7,800.0,79.0,AWS-MUM-101,Thane,MUM,neighbor,True,drift
2025-03-13 07:00:00,24.2,800.0,75.0,AWS-MUM-101,Thane,MUM,neighbor,True,drift
2025-03-13 08:00:00,27.2,800.0,60.0,AWS-MUM-101,Thane,MUM,neighbor,True,drift
2025-03-13 09:00:00,31.1,800.0,44.0,AWS-MUM-101,Thane,MUM,neighbor,True,drift
2025-03-13 10:00:00,34.9,800.0,30.0,AWS-MUM-101,Thane,MUM,neighbor,True,drift
2025-03-13 11:00:00,37.9,800.0,22.0,AWS-MUM-101,Thane,MUM,neighbor,True,drift
2025-03-13 12:00:00,39.2,800.0,20.0,AWS-MUM-101,Thane,MUM,neighbor,True,drift
2025-03-13 13:00:00,38.6,800.0,26.0,AWS-MUM-101,Thane,MUM,neighbor,True,drift
2025-03-13 14:00:00,38.0,800.0,27.0,AWS-MUM-101,Thane,MUM,neighbor,True,drift
2025-03-13 15:00:00,37.3,800.0,28.0,AWS-MUM-101,Thane,MUM,neighbor,True,drift
2025-03-13 16:00:00,36.4,800.0,30.0,AWS-MUM-101,Thane,MUM,neighbor,True,drift
2025-03-13 17:00:00,35.0,800.0,33.0,AWS-MUM-101,Thane,MUM,neighbor,True,drift
2025-03-13 18:00:00,32.3,800.0,46.0,AWS-MUM-101,Thane,MUM,neighbor,True,drift
2025-03-13 19:00:00,30.5,800.0,53.0,AWS-MUM-101,Thane,MUM,neighbor,True,drift
2025-03-13 20:00:00,29.3,800.0,58.0,AWS-MUM-101,Thane,MUM,neighbor,True,drift
2025-03-13 21:00:00,28.3,800.0,65.0,AWS-MUM-101,Thane,MUM,neighbor,True,drift
2025-03-13 22:00:00,27.7,800.0,71.0,AWS-MUM-101,Thane,MUM,neighbor,True,drift
2025-03-13 23:00:00,26.9,800.0,76.0,AWS-MUM-101,Thane,MUM,neighbor,True,drift
2025-03-14 00:00:00,26.0,800.0,81.0,AWS-MUM-101,Thane,MUM,neighbor,True,drift
2025-03-14 01:00:00,25.0,1008.1,85.0,AWS-MUM-101,Thane,MUM,neighbor,False,
2025-03-14 02:00:00,24.4,1007.7,89.0,AWS-MUM-101,Thane,MUM,neighbor,False,
2025-03-14 03:00:00,23.7,1007.4,91.0,AWS-MUM-101,Thane,MUM,neighbor,False,
2025-03-14 04:00:00,23.5,1007.6,90.0,AWS-MUM-101,Thane,MUM,neighbor,False,
2025-03-14 05:00:00,23.1,1007.8,91.0,AWS-MUM-101,Thane,MUM,neighbor,False,
2025-03-14 06:00:00,23.8,1009.0,94.0,AWS-MUM-101,Thane,MUM,neighbor,False,
2025-03-14 07:00:00,24.3,1009.6,92.0,AWS-MUM-101,Thane,MUM,neighbor,False,
2025-03-14 08:00:00,27.4,1010.4,75.0,AWS-MUM-101,Thane,MUM,neighbor,False,
2025-03-14 09:00:00,31.1,1011.2,47.0,AWS-MUM-101,Thane,MUM,neighbor,False,
2025-03-14 10:00:00,34.2,1011.0,33.0,AWS-MUM-101,Thane,MUM,neighbor,False,
2025-03-14 11:00:00,36.6,1010.2,27.0,AWS-MUM-101,Thane,MUM,neighbor,False,
2025-03-14 12:00:00,38.5,1009.0,22.0,AWS-MUM-101,Thane,MUM,neighbor,False,
2025-03-14 13:00:00,38.9,1007.7,23.0,AWS-MUM-101,Thane,MUM,neighbor,False,
2025-03-14 14:00:00,38.8,1006.5,23.0,AWS-MUM-101,Thane,MUM,neighbor,False,
2025-03-14 15:00:00,38.4,1005.9,19.0,AWS-MUM-101,Thane,MUM,neighbor,False,
2025-03-14 16:00:00,37.9,1005.7,15.0,AWS-MUM-101,Thane,MUM,neighbor,False,
2025-03-14 17:00:00,36.3,1006.0,16.0,AWS-MUM-101,Thane,MUM,neighbor,False,
2025-03-14 18:00:00,33.6,1006.8,23.0,AWS-MUM-101,Thane,MUM,neighbor,False,
2025-03-14 19:00:00,31.4,1007.4,29.0,AWS-MUM-101,Thane,MUM,neighbor,False,
2025-03-14 20:00:00,29.9,1008.0,36.0,AWS-MUM-101,Thane,MUM,neighbor,False,
2025-03-14 21:00:00,28.9,1008.7,40.0,AWS-MUM-101,Thane,MUM,neighbor,False,
2025-03-14 22:00:00,27.9,1009.1,46.0,AWS-MUM-101,Thane,MUM,neighbor,False,
2025-03-14 23:00:00,26.6,1009.2,55.0,AWS-MUM-101,Thane,MUM,neighbor,False,
2025-03-15 00:00:00,25.7,1009.1,59.0,AWS-MUM-101,Thane,MUM,neighbor,False,
2025-03-15 01:00:00,25.1,1008.5,64.0,AWS-MUM-101,Thane,MUM,neighbor,False,
2025-03-15 02:00:00,24.3,1008.2,69.0,AWS-MUM-101,Thane,MUM,neighbor,False,
2025-03-15 03:00:00,23.7,1007.8,73.0,AWS-MUM-101,Thane,MUM,neighbor,False,
2025-03-15 04:00:00,23.2,1007.6,75.0,AWS-MUM-101,Thane,MUM,neighbor,False,
2025-03-15 05:00:00,22.5,1007.9,78.0,AWS-MUM-101,Thane,MUM,neighbor,False,
2025-03-15 06:00:00,22.9,1009.1,83.0,AWS-MUM-101,Thane,MUM,neighbor,False,
2025-03-15 07:00:00,23.2,1009.8,79.0,AWS-MUM-101,Thane,MUM,neighbor,False,
2025-03-15 08:00:00,26.3,1010.5,61.0,AWS-MUM-101,Thane,MUM,neighbor,False,
2025-03-15 09:00:00,30.2,1011.0,45.0,AWS-MUM-101,Thane,MUM,neighbor,False,
2025-03-15 10:00:00,33.7,1011.2,29.0,AWS-MUM-101,Thane,MUM,neighbor,False,
2025-03-15 11:00:00,36.4,1010.4,21.0,AWS-MUM-101,Thane,MUM,neighbor,False,
2025-03-15 12:00:00,38.4,1009.4,16.0,AWS-MUM-101,Thane,MUM,neighbor,False,
2025-03-15 13:00:00,39.2,1008.3,17.0,AWS-MUM-101,Thane,MUM,neighbor,False,
2025-03-15 14:00:00,38.8,1007.7,18.0,AWS-MUM-101,Thane,MUM,neighbor,False,
2025-03-15 15:00:00,37.7,1007.3,18.0,AWS-MUM-101,Thane,MUM,neighbor,False,
2025-03-15 16:00:00,36.0,1007.2,21.0,AWS-MUM-101,Thane,MUM,neighbor,False,
2025-03-15 17:00:00,33.7,1007.6,30.0,AWS-MUM-101,Thane,MUM,neighbor,False,
2025-03-15 18:00:00,31.3,1008.1,40.0,AWS-MUM-101,Thane,MUM,neighbor,False,
2025-03-15 19:00:00,30.0,1008.6,47.0,AWS-MUM-101,Thane,MUM,neighbor,False,
2025-03-15 20:00:00,29.0,1009.4,54.0,AWS-MUM-101,Thane,MUM,neighbor,False,
2025-03-15 21:00:00,28.6,1010.7,55.0,AWS-MUM-101,Thane,MUM,neighbor,False,
2025-03-15 22:00:00,28.4,1011.4,55.0,AWS-MUM-101,Thane,MUM,neighbor,False,
2025-03-15 23:00:00,27.3,1011.2,59.0,AWS-MUM-101,Thane,MUM,neighbor,False,
2025-03-16 00:00:00,26.3,1011.0,63.0,AWS-MUM-101,Thane,MUM,neighbor,False,
2025-03-16 01:00:00,25.5,1010.5,66.0,AWS-MUM-101,Thane,MUM,neighbor,False,
2025-03-16 02:00:00,24.7,1009.9,70.0,AWS-MUM-101,Thane,MUM,neighbor,False,
2025-03-16 03:00:00,24.0,1009.3,74.0,AWS-MUM-101,Thane,MUM,neighbor,False,
2025-03-16 04:00:00,23.6,1009.3,76.0,AWS-MUM-101,Thane,MUM,neighbor,False,
2025-03-16 05:00:00,23.4,1009.5,76.0,AWS-MUM-101,Thane,MUM,neighbor,False,
2025-03-16 06:00:00,23.6,1010.4,75.0,AWS-MUM-101,Thane,MUM,neighbor,False,
2025-03-16 07:00:00,24.1,1011.2,73.0,AWS-MUM-101,Thane,MUM,neighbor,False,
2025-03-16 08:00:00,26.7,1012.0,58.0,AWS-MUM-101,Thane,MUM,neighbor,False,
2025-03-16 09:00:00,29.6,1012.4,46.0,AWS-MUM-101,Thane,MUM,neighbor,False,
2025-03-16 10:00:00,32.3,1012.5,39.0,AWS-MUM-101,Thane,MUM,neighbor,False,
2025-03-16 11:00:00,34.8,1011.5,31.0,AWS-MUM-101,Thane,MUM,neighbor,False,
2025-03-16 12:00:00,36.8,1010.3,25.0,AWS-MUM-101,Thane,MUM,neighbor,False,
2025-03-16 13:00:00,219.49894003600775,1006.9825758590353,86.07442516176462,AWS-MUM-101,Thane,MUM,neighbor,True,multivariate_inconsistency
2025-03-16 14:00:00,219.79894003600776,1008.6476935003242,88.07442516176462,AWS-MUM-101,Thane,MUM,neighbor,True,multivariate_inconsistency
2025-03-16 15:00:00,219.09894003600775,1012.3127940918134,89.07442516176462,AWS-MUM-101,Thane,MUM,neighbor,True,multivariate_inconsistency
2025-03-16 16:00:00,36.0,1006.6,26.0,AWS-MUM-101,Thane,MUM,neighbor,False,
2025-03-16 17:00:00,34.8,1006.6,26.0,AWS-MUM-101,Thane,MUM,neighbor,False,
2025-03-16 18:00:00,32.7,1007.1,32.0,AWS-MUM-101,Thane,MUM,neighbor,False,
2025-03-16 19:00:00,31.3,1007.5,32.0,AWS-MUM-101,Thane,MUM,neighbor,False,
2025-03-16 20:00:00,30.4,1008.2,31.0,AWS-MUM-101,Thane,MUM,neighbor,False,
2025-03-16 21:00:00,29.8,1009.0,30.0,AWS-MUM-101,Thane,MUM,neighbor,False,
2025-03-16 22:00:00,28.9,1009.5,32.0,AWS-MUM-101,Thane,MUM,neighbor,False,
2025-03-16 23:00:00,27.5,1009.9,39.0,AWS-MUM-101,Thane,MUM,neighbor,False,
2025-03-17 00:00:00,26.5,1009.9,50.0,AWS-MUM-101,Thane,MUM,neighbor,False,
2025-03-17 01:00:00,25.6,1009.6,63.0,AWS-MUM-101,Thane,MUM,neighbor,False,
2025-03-17 02:00:00,24.8,1009.2,70.0,AWS-MUM-101,Thane,MUM,neighbor,False,
2025-03-17 03:00:00,24.2,1009.1,74.0,AWS-MUM-101,Thane,MUM,neighbor,False,
2025-03-17 04:00:00,23.6,1008.8,77.0,AWS-MUM-101,Thane,MUM,neighbor,False,
2025-03-17 05:00:00,23.1,1009.0,80.0,AWS-MUM-101,Thane,MUM,neighbor,False,
2025-03-17 06:00:00,23.4,1009.9,83.0,AWS-MUM-101,Thane,MUM,neighbor,False,
2025-03-17 07:00:00,23.8,1010.3,81.0,AWS-MUM-101,Thane,MUM,neighbor,False,
2025-03-17 08:00:00,26.7,1011.1,63.0,AWS-MUM-101,Thane,MUM,neighbor,False,
2025-03-17 09:00:00,30.0,1011.6,46.0,AWS-MUM-101,Thane,MUM,neighbor,False,
2025-03-17 10:00:00,33.0,1011.7,33.0,AWS-MUM-101,Thane,MUM,neighbor,False,
2025-03-17 11:00:00,35.4,1011.5,26.0,AWS-MUM-101,Thane,MUM,neighbor,False,
2025-03-17 12:00:00,37.2,1010.4,21.0,AWS-MUM-101,Thane,MUM,neighbor,False,
2025-03-17 13:00:00,38.1,1009.0,20.0,AWS-MUM-101,Thane,MUM,neighbor,False,
2025-03-17 14:00:00,37.4,1008.0,22.0,AWS-MUM-101,Thane,MUM,neighbor,False,
2025-03-17 15:00:00,36.6,1007.3,22.0,AWS-MUM-101,Thane,MUM,neighbor,False,
2025-03-17 16:00:00,35.8,1007.3,21.0,AWS-MUM-101,Thane,MUM,neighbor,False,
2025-03-17 17:00:00,34.4,1007.6,23.0,AWS-MUM-101,Thane,MUM,neighbor,False,
2025-03-17 18:00:00,32.2,1008.5,32.0,AWS-MUM-101,Thane,MUM,neighbor,False,
2025-03-17 19:00:00,30.2,1008.9,41.0,AWS-MUM-101,Thane,MUM,neighbor,False,
2025-03-17 20:00:00,28.8,1009.5,45.0,AWS-MUM-101,Thane,MUM,neighbor,False,
2025-03-17 21:00:00,27.9,1010.1,48.0,AWS-MUM-101,Thane,MUM,neighbor,False,
2025-03-17 22:00:00,27.0,1010.4,53.0,AWS-MUM-101,Thane,MUM,neighbor,False,
2025-03-17 23:00:00,26.2,1010.1,60.0,AWS-MUM-101,Thane,MUM,neighbor,False,
2025-03-18 00:00:00,25.2,1009.9,70.0,AWS-MUM-101,Thane,MUM,neighbor,False,
2025-03-18 01:00:00,24.2,1009.6,74.0,AWS-MUM-101,Thane,MUM,neighbor,False,
2025-03-18 02:00:00,23.3,1008.8,80.0,AWS-MUM-101,Thane,MUM,neighbor,False,
2025-03-18 03:00:00,22.5,1008.6,84.0,AWS-MUM-101,Thane,MUM,neighbor,False,
2025-03-18 04:00:00,22.0,1008.4,88.0,AWS-MUM-101,Thane,MUM,neighbor,False,
2025-03-18 05:00:00,21.7,1008.4,91.0,AWS-MUM-101,Thane,MUM,neighbor,False,
2025-03-18 06:00:00,22.2,1009.0,93.0,AWS-MUM-101,Thane,MUM,neighbor,False,
2025-03-18 07:00:00,22.6,1009.5,91.0,AWS-MUM-101,Thane,MUM,neighbor,False,
2025-03-18 08:00:00,25.4,1010.1,75.0,AWS-MUM-101,Thane,MUM,neighbor,False,
2025-03-18 09:00:00,29.1,1010.7,50.0,AWS-MUM-101,Thane,MUM,neighbor,True,drift
2025-03-18 10:00:00,32.1,1010.3000791672874,35.0,AWS-MUM-101,Thane,MUM,neighbor,True,drift
2025-03-18 11:00:00,34.8,1009.3224931952883,25.0,AWS-MUM-101,Thane,MUM,neighbor,True,drift
2025-03-18 12:00:00,37.1,1007.8599615072809,19.0,AWS-MUM-101,Thane,MUM,neighbor,True,drift
2025-03-18 13:00:00,38.2,1005.9544639918715,19.0,AWS-MUM-101,Thane,MUM,neighbor,True,drift
2025-03-18 14:00:00,37.6,1003.633046704692,24.0,AWS-MUM-101,Thane,MUM,neighbor,True,drift
2025-03-18 15:00:00,35.9,1000.915405598321,28.0,AWS-MUM-101,Thane,MUM,neighbor,True,drift
2025-03-18 16:00:00,34.9,997.8168858487595,25.0,AWS-MUM-101,Thane,MUM,neighbor,True,drift
2025-03-18 17:00:00,33.0,994.3499725954366,31.0,AWS-MUM-101,Thane,MUM,neighbor,True,drift
2025-03-18 18:00:00,30.7,990.5251369365615,40.0,AWS-MUM-101,Thane,MUM,neighbor,True,drift
2025-03-18 19:00:00,28.8,986.3513604625196,52.0,AWS-MUM-101,Thane,MUM,neighbor,True,drift
2025-03-18 20:00:00,27.6,981.8364819129469,60.0,AWS-MUM-101,Thane,MUM,neighbor,True,drift
2025-03-18 21:00:00,26.9,976.987437644635,65.0,AWS-MUM-101,Thane,MUM,neighbor,True,drift
2025-03-18 22:00:00,26.1,971.8104349143343,70.0,AWS-MUM-101,Thane,MUM,neighbor,True,drift
2025-03-18 23:00:00,25.2,966.3110806518317,76.0,AWS-MUM-101,Thane,MUM,neighbor,True,drift
2025-03-19 00:00:00,24.3,960.4944796208099,81.0,AWS-MUM-101,Thane,MUM,neighbor,True,drift
2025-03-19 01:00:00,23.8,954.3653108610187,83.0,AWS-MUM-101,Thane,MUM,neighbor,True,drift
2025-03-19 02:00:00,23.7,947.9278883117925,81.0,AWS-MUM-101,Thane,MUM,neighbor,True,drift
2025-03-19 03:00:00,23.0,941.1862096524047,86.0,AWS-MUM-101,Thane,MUM,neighbor,True,drift
2025-03-19 04:00:00,22.4,934.1439961928029,90.0,AWS-MUM-101,Thane,MUM,neighbor,True,drift
2025-03-19 05:00:00,22.2,926.804725850184,90.0,AWS-MUM-101,Thane,MUM,neighbor,True,drift
2025-03-19 06:00:00,22.0,919.1716607031011,95.0,AWS-MUM-101,Thane,MUM,neighbor,True,drift
2025-03-19 07:00:00,22.3,911.2478702357964,94.0,AWS-MUM-101,Thane,MUM,neighbor,True,drift
2025-03-19 08:00:00,25.5,903.0362511159439,73.0,AWS-MUM-101,Thane,MUM,neighbor,True,drift
2025-03-19 09:00:00,28.9,1012.0,51.0,AWS-MUM-101,Thane,MUM,neighbor,False,
2025-03-19 10:00:00,32.0,1011.9,35.0,AWS-MUM-101,Thane,MUM,neighbor,False,
2025-03-19 11:00:00,34.9,1011.5,24.0,AWS-MUM-101,Thane,MUM,neighbor,False,
2025-03-19 12:00:00,36.5,1010.4,20.0,AWS-MUM-101,Thane,MUM,neighbor,False,
2025-03-19 13:00:00,36.4,1009.5,27.0,AWS-MUM-101,Thane,MUM,neighbor,False,
2025-03-19 14:00:00,35.3,1008.6,35.0,AWS-MUM-101,Thane,MUM,neighbor,False,
2025-03-19 15:00:00,34.5,1007.9,37.0,AWS-MUM-101,Thane,MUM,neighbor,False,
2025-03-19 16:00:00,33.9,1007.9,36.0,AWS-MUM-101,Thane,MUM,neighbor,False,
2025-03-19 17:00:00,32.7,1008.0,35.0,AWS-MUM-101,Thane,MUM,neighbor,False,
2025-03-19 18:00:00,-15.128821964461851,1009.3,39.0,AWS-MUM-101,Thane,MUM,neighbor,True,sensor_fail_low
2025-03-19 19:00:00,-15.383835498668526,1009.9,42.0,AWS-MUM-101,Thane,MUM,neighbor,True,sensor_fail_low
2025-03-19 20:00:00,-15.289361266476895,1010.9,42.0,AWS-MUM-101,Thane,MUM,neighbor,True,sensor_fail_low
2025-03-19 21:00:00,-15.319065584074881,1011.6,45.0,AWS-MUM-101,Thane,MUM,neighbor,True,sensor_fail_low
2025-03-19 22:00:00,26.4,1011.9,50.0,AWS-MUM-101,Thane,MUM,neighbor,False,
2025-03-19 23:00:00,25.3,1012.0,60.0,AWS-MUM-101,Thane,MUM,neighbor,False,
2025-03-20 00:00:00,24.6,1011.7,65.0,AWS-MUM-101,Thane,MUM,neighbor,False,
2025-03-20 01:00:00,23.7,1011.3,69.0,AWS-MUM-101,Thane,MUM,neighbor,False,
2025-03-20 02:00:00,23.3,1010.9,69.0,AWS-MUM-101,Thane,MUM,neighbor,False,
2025-03-20 03:00:00,23.0,1010.3,66.0,AWS-MUM-101,Thane,MUM,neighbor,False,
2025-03-20 04:00:00,162.39996388596563,1006.1490989806478,100.0,AWS-MUM-101,Thane,MUM,neighbor,True,multivariate_inconsistency
2025-03-20 05:00:00,161.99996388596566,1005.3549589387819,100.0,AWS-MUM-101,Thane,MUM,neighbor,True,multivariate_inconsistency
2025-03-20 06:00:00,162.39996388596563,1014.0871147847255,100.0,AWS-MUM-101,Thane,MUM,neighbor,True,multivariate_inconsistency
2025-03-20 07:00:00,162.99996388596566,1013.7449770319079,100.0,AWS-MUM-101,Thane,MUM,neighbor,True,multivariate_inconsistency
2025-03-20 08:00:00,26.0,1013.3,54.0,AWS-MUM-101,Thane,MUM,neighbor,False,
2025-03-20 09:00:00,29.8,1013.9,34.0,AWS-MUM-101,Thane,MUM,neighbor,False,
2025-03-20 10:00:00,32.9,1013.8,24.0,AWS-MUM-101,Thane,MUM,neighbor,False,
2025-03-20 11:00:00,35.5,1013.3,16.0,AWS-MUM-101,Thane,MUM,neighbor,False,
2025-03-20 12:00:00,37.1,1012.0,13.0,AWS-MUM-101,Thane,MUM,neighbor,False,
2025-03-20 13:00:00,38.0,1011.0,12.0,AWS-MUM-101,Thane,MUM,neighbor,False,
2025-03-20 14:00:00,38.1,1009.8,14.0,AWS-MUM-101,Thane,MUM,neighbor,False,
2025-03-20 15:00:00,37.5,1009.1,13.0,AWS-MUM-101,Thane,MUM,neighbor,False,
2025-03-20 16:00:00,36.5,1009.1,11.0,AWS-MUM-101,Thane,MUM,neighbor,False,
2025-03-20 17:00:00,35.2,1009.3,10.0,AWS-MUM-101,Thane,MUM,neighbor,False,
2025-03-20 18:00:00,-14.945520314472674,1010.6,13.0,AWS-MUM-101,Thane,MUM,neighbor,True,sensor_fail_low
2025-03-20 19:00:00,-15.676481607752946,1011.2,21.0,AWS-MUM-101,Thane,MUM,neighbor,True,sensor_fail_low
2025-03-20 20:00:00,-14.958269281269207,1011.8,26.0,AWS-MUM-101,Thane,MUM,neighbor,True,sensor_fail_low
2025-03-20 21:00:00,-15.566904483379034,1012.6,33.0,AWS-MUM-101,Thane,MUM,neighbor,True,sensor_fail_low
2025-03-20 22:00:00,27.1,1013.1,50.0,AWS-MUM-101,Thane,MUM,neighbor,False,
2025-03-20 23:00:00,26.0,1013.1,64.0,AWS-MUM-101,Thane,MUM,neighbor,False,
2025-03-21 00:00:00,25.4,1012.9,69.0,AWS-MUM-101,Thane,MUM,neighbor,False,
2025-03-21 01:00:00,25.2,1012.5,67.0,AWS-MUM-101,Thane,MUM,neighbor,False,
2025-03-21 02:00:00,24.7,1011.9,65.0,AWS-MUM-101,Thane,MUM,neighbor,False,
2025-03-21 03:00:00,24.0,1011.7,66.0,AWS-MUM-101,Thane,MUM,neighbor,False,
2025-03-21 04:00:00,23.7,1011.9,69.0,AWS-MUM-101,Thane,MUM,neighbor,False,
2025-03-21 05:00:00,23.2,1012.3,73.0,AWS-MUM-101,Thane,MUM,neighbor,False,
2025-03-21 06:00:00,22.9,1013.1,80.0,AWS-MUM-101,Thane,MUM,neighbor,False,
2025-03-21 07:00:00,23.5,1013.5,79.0,AWS-MUM-101,Thane,MUM,neighbor,False,
2025-03-21 08:00:00,26.0,1014.5,64.0,AWS-MUM-101,Thane,MUM,neighbor,False,
2025-03-21 09:00:00,28.7,1015.0,54.0,AWS-MUM-101,Thane,MUM,neighbor,False,
2025-03-21 10:00:00,31.2,1014.7,45.0,AWS-MUM-101,Thane,MUM,neighbor,False,
2025-03-21 11:00:00,33.7,1014.1,33.0,AWS-MUM-101,Thane,MUM,neighbor,False,
2025-03-21 12:00:00,35.5,1012.7,25.0,AWS-MUM-101,Thane,MUM,neighbor,False,
2025-03-21 13:00:00,36.6,1011.3,23.0,AWS-MUM-101,Thane,MUM,neighbor,False,
2025-03-21 14:00:00,35.7,1010.4,29.0,AWS-MUM-101,Thane,MUM,neighbor,False,
2025-03-21 15:00:00,34.2,1009.6,34.0,AWS-MUM-101,Thane,MUM,neighbor,False,
2025-03-21 16:00:00,33.4,1009.4,31.0,AWS-MUM-101,Thane,MUM,neighbor,False,
2025-03-21 17:00:00,31.7,1009.5,35.0,AWS-MUM-101,Thane,MUM,neighbor,False,
2025-03-21 18:00:00,29.4,1010.2,44.0,AWS-MUM-101,Thane,MUM,neighbor,False,
2025-03-21 19:00:00,27.9,1011.1,52.0,AWS-MUM-101,Thane,MUM,neighbor,False,
2025-03-21 20:00:00,27.0,1011.7,59.0,AWS-MUM-101,Thane,MUM,neighbor,False,
2025-03-21 21:00:00,26.2,1012.1,65.0,AWS-MUM-101,Thane,MUM,neighbor,False,
2025-03-21 22:00:00,25.3,1012.4,71.0,AWS-MUM-101,Thane,MUM,neighbor,False,
2025-03-21 23:00:00,24.3,1012.4,77.0,AWS-MUM-101,Thane,MUM,neighbor,False,
2025-03-22 00:00:00,23.5,1012.3,83.0,AWS-MUM-101,Thane,MUM,neighbor,False,
2025-03-22 01:00:00,22.5,1011.9,90.0,AWS-MUM-101,Thane,MUM,neighbor,False,
2025-03-22 02:00:00,21.9,1011.4,93.0,AWS-MUM-101,Thane,MUM,neighbor,False,
2025-03-22 03:00:00,21.5,1011.0,92.0,AWS-MUM-101,Thane,MUM,neighbor,False,
2025-03-22 04:00:00,21.1,1011.0,93.0,AWS-MUM-101,Thane,MUM,neighbor,False,
2025-03-22 05:00:00,20.8,1011.4,94.0,AWS-MUM-101,Thane,MUM,neighbor,False,
2025-03-22 06:00:00,21.1,1012.1,94.0,AWS-MUM-101,Thane,MUM,neighbor,False,
2025-03-22 07:00:00,21.9,1012.8,86.0,AWS-MUM-101,Thane,MUM,neighbor,False,
2025-03-22 08:00:00,24.8,1013.9,66.0,AWS-MUM-101,Thane,MUM,neighbor,False,
2025-03-22 09:00:00,27.6,1014.2,57.0,AWS-MUM-101,Thane,MUM,neighbor,False,
2025-03-22 10:00:00,30.7,1013.8,42.0,AWS-MUM-101,Thane,MUM,neighbor,True,frozen_value
2025-03-22 11:00:00,33.5,1013.0,42.0,AWS-MUM-101,Thane,MUM,neighbor,True,frozen_value
2025-03-22 12:00:00,35.9,1011.7,42.0,AWS-MUM-101,Thane,MUM,neighbor,True,frozen_value
2025-03-22 13:00:00,37.3,1010.2,42.0,AWS-MUM-101,Thane,MUM,neighbor,True,frozen_value
2025-03-22 14:00:00,38.0,1009.0,42.0,AWS-MUM-101,Thane,MUM,neighbor,True,frozen_value
2025-03-22 15:00:00,36.7,1008.1,42.0,AWS-MUM-101,Thane,MUM,neighbor,True,frozen_value
2025-03-22 16:00:00,33.6,1008.0,42.0,AWS-MUM-101,Thane,MUM,neighbor,True,frozen_value
2025-03-22 17:00:00,32.0,1008.0,42.0,AWS-MUM-101,Thane,MUM,neighbor,True,frozen_value
2025-03-22 18:00:00,30.3,1008.8,47.0,AWS-MUM-101,Thane,MUM,neighbor,False,
2025-03-22 19:00:00,28.7,1009.3,55.0,AWS-MUM-101,Thane,MUM,neighbor,False,
2025-03-22 20:00:00,27.6,1010.0,62.0,AWS-MUM-101,Thane,MUM,neighbor,False,
2025-03-22 21:00:00,27.1,1010.9,63.0,AWS-MUM-101,Thane,MUM,neighbor,False,
2025-03-22 22:00:00,26.7,1011.4,64.0,AWS-MUM-101,Thane,MUM,neighbor,False,
2025-03-22 23:00:00,26.0,1011.2,67.0,AWS-MUM-101,Thane,MUM,neighbor,False,
2025-03-23 00:00:00,25.0,1010.7,73.0,AWS-MUM-101,Thane,MUM,neighbor,False,
2025-03-23 01:00:00,24.2,1010.3,76.0,AWS-MUM-101,Thane,MUM,neighbor,False,
2025-03-23 02:00:00,23.6,1009.7,79.0,AWS-MUM-101,Thane,MUM,neighbor,False,
2025-03-23 03:00:00,22.7,1009.5,85.0,AWS-MUM-101,Thane,MUM,neighbor,False,
2025-03-23 04:00:00,22.2,1009.8,89.0,AWS-MUM-101,Thane,MUM,neighbor,False,
2025-03-23 05:00:00,21.8,1010.3,91.0,AWS-MUM-101,Thane,MUM,neighbor,False,
2025-03-23 06:00:00,22.0,1011.3,95.0,AWS-MUM-101,Thane,MUM,neighbor,False,
2025-03-23 07:00:00,22.8,1012.0,92.0,AWS-MUM-101,Thane,MUM,neighbor,False,
2025-03-23 08:00:00,26.1,1012.7,70.0,AWS-MUM-101,Thane,MUM,neighbor,False,
2025-03-23 09:00:00,29.1,1013.0,56.0,AWS-MUM-101,Thane,MUM,neighbor,False,
2025-03-23 10:00:00,32.2,1012.9,42.0,AWS-MUM-101,Thane,MUM,neighbor,False,
2025-03-23 11:00:00,35.2,1012.0,29.0,AWS-MUM-101,Thane,MUM,neighbor,False,
2025-03-23 12:00:00,38.0,1010.6,17.0,AWS-MUM-101,Thane,MUM,neighbor,False,
2025-03-23 13:00:00,39.6,1009.2,12.0,AWS-MUM-101,Thane,MUM,neighbor,False,
2025-03-23 14:00:00,39.5,1008.1,15.0,AWS-MUM-101,Thane,MUM,neighbor,False,
2025-03-23 15:00:00,37.4,1007.8,27.0,AWS-MUM-101,Thane,MUM,neighbor,False,
2025-03-23 16:00:00,35.6,1007.8,29.0,AWS-MUM-101,Thane,MUM,neighbor,False,
2025-03-23 17:00:00,33.9,1008.0,34.0,AWS-MUM-101,Thane,MUM,neighbor,False,
2025-03-23 18:00:00,31.3,1008.9,47.0,AWS-MUM-101,Thane,MUM,neighbor,False,
2025-03-23 19:00:00,29.5,50.528063843485874,58.0,AWS-MUM-101,Thane,MUM,neighbor,True,sensor_fail_low
2025-03-23 20:00:00,28.6,49.05129599419163,63.0,AWS-MUM-101,Thane,MUM,neighbor,True,sensor_fail_low
2025-03-23 21:00:00,28.3,49.636625194533956,65.0,AWS-MUM-101,Thane,MUM,neighbor,True,sensor_fail_low
2025-03-23 22:00:00,28.0,47.90652742090262,65.0,AWS-MUM-101,Thane,MUM,neighbor,True,sensor_fail_low
2025-03-23 23:00:00,27.0,1012.1,69.0,AWS-MUM-101,Thane,MUM,neighbor,False,
2025-03-24 00:00:00,26.5,1011.7,73.0,AWS-MUM-101,Thane,MUM,neighbor,False,
2025-03-24 01:00:00,25.5,1011.1,80.0,AWS-MUM-101,Thane,MUM,neighbor,False,
2025-03-24 02:00:00,24.6,1010.5,90.0,AWS-MUM-101,Thane,MUM,neighbor,False,
2025-03-24 03:00:00,24.0,1010.1,96.0,AWS-MUM-101,Thane,MUM,neighbor,False,
2025-03-24 04:00:00,23.6,1010.1,99.0,AWS-MUM-101,Thane,MUM,neighbor,False,
2025-03-24 05:00:00,23.3,1010.4,100.0,AWS-MUM-101,Thane,MUM,neighbor,False,
2025-03-24 06:00:00,24.7,1011.4,100.0,AWS-MUM-101,Thane,MUM,neighbor,False,
2025-03-24 07:00:00,25.1,1012.4,98.0,AWS-MUM-101,Thane,MUM,neighbor,False,
2025-03-24 08:00:00,26.3,1013.4,86.0,AWS-MUM-101,Thane,MUM,neighbor,False,
2025-03-24 09:00:00,28.7,1013.7,69.0,AWS-MUM-101,Thane,MUM,neighbor,False,
2025-03-24 10:00:00,32.3,1013.3,50.0,AWS-MUM-101,Thane,MUM,neighbor,False,
2025-03-24 11:00:00,35.5,1012.1,35.0,AWS-MUM-101,Thane,MUM,neighbor,False,
2025-03-24 12:00:00,38.2,1010.5,23.0,AWS-MUM-101,Thane,MUM,neighbor,False,
2025-03-24 13:00:00,40.0,1009.0,14.0,AWS-MUM-101,Thane,MUM,neighbor,False,
2025-03-24 14:00:00,39.5,1007.9,17.0,AWS-MUM-101,Thane,MUM,neighbor,False,
2025-03-24 15:00:00,36.0,1007.3,38.0,AWS-MUM-101,Thane,MUM,neighbor,False,
2025-03-24 16:00:00,34.8,1007.2,35.0,AWS-MUM-101,Thane,MUM,neighbor,False,
2025-03-24 17:00:00,33.0,1007.1,39.0,AWS-MUM-101,Thane,MUM,neighbor,False,
2025-03-24 18:00:00,30.3,1008.0,53.0,AWS-MUM-101,Thane,MUM,neighbor,False,
2025-03-24 19:00:00,28.6,1008.7,66.0,AWS-MUM-101,Thane,MUM,neighbor,False,
2025-03-24 20:00:00,28.0,1010.1,70.0,AWS-MUM-101,Thane,MUM,neighbor,False,
2025-03-24 21:00:00,27.8,1011.0,70.0,AWS-MUM-101,Thane,MUM,neighbor,False,
2025-03-24 22:00:00,27.3,1011.2,72.0,AWS-MUM-101,Thane,MUM,neighbor,False,
2025-03-24 23:00:00,26.4,1010.5,76.0,AWS-MUM-101,Thane,MUM,neighbor,False,
2025-03-25 00:00:00,25.4,1009.7,82.0,AWS-MUM-101,Thane,MUM,neighbor,False,
2025-03-25 01:00:00,24.6,1008.8,88.0,AWS-MUM-101,Thane,MUM,neighbor,False,
2025-03-25 02:00:00,23.9,1008.1,90.0,AWS-MUM-101,Thane,MUM,neighbor,False,
2025-03-25 03:00:00,23.8,1007.7,87.0,AWS-MUM-101,Thane,MUM,neighbor,False,
2025-03-25 04:00:00,23.3,1007.6,87.0,AWS-MUM-101,Thane,MUM,neighbor,False,
2025-03-25 05:00:00,22.7,1007.9,92.0,AWS-MUM-101,Thane,MUM,neighbor,False,
2025-03-25 06:00:00,22.9,1008.4,91.0,AWS-MUM-101,Thane,MUM,neighbor,False,
2025-03-25 07:00:00,23.8,1009.2,84.0,AWS-MUM-101,Thane,MUM,neighbor,True,frozen_value
2025-03-25 08:00:00,27.6,1009.2,59.0,AWS-MUM-101,Thane,MUM,neighbor,True,frozen_value
2025-03-25 09:00:00,31.1,1009.2,44.0,AWS-MUM-101,Thane,MUM,neighbor,True,frozen_value
2025-03-25 10:00:00,34.1,1009.2,34.0,AWS-MUM-101,Thane,MUM,neighbor,True,frozen_value
2025-03-25 11:00:00,36.6,1009.2,28.0,AWS-MUM-101,Thane,MUM,neighbor,True,frozen_value
2025-03-25 12:00:00,37.8,1009.2,28.0,AWS-MUM-101,Thane,MUM,neighbor,True,frozen_value
2025-03-25 13:00:00,37.6,1009.2,31.0,AWS-MUM-101,Thane,MUM,neighbor,True,frozen_value
2025-03-25 14:00:00,36.7,1009.2,31.0,AWS-MUM-101,Thane,MUM,neighbor,True,frozen_value
2025-03-25 15:00:00,35.9,1009.2,30.0,AWS-MUM-101,Thane,MUM,neighbor,True,frozen_value
2025-03-25 16:00:00,34.8,1004.6,33.0,AWS-MUM-101,Thane,MUM,neighbor,False,
2025-03-25 17:00:00,32.8,1004.8,41.0,AWS-MUM-101,Thane,MUM,neighbor,False,
2025-03-25 18:00:00,30.6,1005.1,52.0,AWS-MUM-101,Thane,MUM,neighbor,False,
2025-03-25 19:00:00,29.0,1006.3,60.0,AWS-MUM-101,Thane,MUM,neighbor,False,
2025-03-25 20:00:00,28.6,1007.4,63.0,AWS-MUM-101,Thane,MUM,neighbor,False,
2025-03-25 21:00:00,28.1,1008.3,65.0,AWS-MUM-101,Thane,MUM,neighbor,False,
2025-03-25 22:00:00,27.6,1008.5,68.0,AWS-MUM-101,Thane,MUM,neighbor,False,
2025-03-25 23:00:00,26.8,1008.0,73.0,AWS-MUM-101,Thane,MUM,neighbor,False,
2025-03-26 00:00:00,25.5,1007.5,80.0,AWS-MUM-101,Thane,MUM,neighbor,False,
2025-03-26 01:00:00,24.9,1007.0,84.0,AWS-MUM-101,Thane,MUM,neighbor,False,
2025-03-26 02:00:00,24.3,1006.3,87.0,AWS-MUM-101,Thane,MUM,neighbor,False,
2025-03-26 03:00:00,23.6,1005.9,92.0,AWS-MUM-101,Thane,MUM,neighbor,False,
2025-03-26 04:00:00,160.38505387825836,1002.9702397592719,100.0,AWS-MUM-101,Thane,MUM,neighbor,True,multivariate_inconsistency
2025-03-26 05:00:00,160.08505387825835,1012.625044971264,100.0,AWS-MUM-101,Thane,MUM,neighbor,True,multivariate_inconsistency
2025-03-26 06:00:00,161.08505387825835,1011.5259463604067,100.0,AWS-MUM-101,Thane,MUM,neighbor,True,multivariate_inconsistency
2025-03-26 07:00:00,24.2,1007.8,98.0,AWS-MUM-101,Thane,MUM,neighbor,False,
2025-03-26 08:00:00,26.8,1008.7,83.0,AWS-MUM-101,Thane,MUM,neighbor,False,
2025-03-26 09:00:00,29.4,1009.1,66.0,AWS-MUM-101,Thane,MUM,neighbor,False,
2025-03-26 10:00:00,32.1,1009.1,50.0,AWS-MUM-101,Thane,MUM,neighbor,False,
2025-03-26 11:00:00,34.3,1008.5,38.0,AWS-MUM-101,Thane,MUM,neighbor,False,
2025-03-26 12:00:00,35.5,1007.5,32.0,AWS-MUM-101,Thane,MUM,neighbor,False,
2025-03-26 13:00:00,35.4,1006.7,,AWS-MUM-101,Thane,MUM,neighbor,True,dropout
2025-03-26 14:00:00,34.8,1005.8,33.0,AWS-MUM-101,Thane,MUM,neighbor,False,
2025-03-26 15:00:00,34.1,1005.3,34.0,AWS-MUM-101,Thane,MUM,neighbor,False,
2025-03-26 16:00:00,32.9,1005.2,37.0,AWS-MUM-101,Thane,MUM,neighbor,False,
2025-03-26 17:00:00,31.3,1005.5,42.0,AWS-MUM-101,Thane,MUM,neighbor,False,
2025-03-26 18:00:00,29.2,1005.7,53.0,AWS-MUM-101,Thane,MUM,neighbor,False,
2025-03-26 19:00:00,27.9,1006.4,63.0,AWS-MUM-101,Thane,MUM,neighbor,False,
2025-03-26 20:00:00,27.1,1007.4,74.0,AWS-MUM-101,Thane,MUM,neighbor,False,
2025-03-26 21:00:00,26.7,1008.5,76.0,AWS-MUM-101,Thane,MUM,neighbor,False,
2025-03-26 22:00:00,26.4,1009.1,78.0,AWS-MUM-101,Thane,MUM,neighbor,False,
2025-03-26 23:00:00,25.8,1009.3,82.0,AWS-MUM-101,Thane,MUM,neighbor,False,
2025-03-27 00:00:00,25.3,1008.9,86.0,AWS-MUM-101,Thane,MUM,neighbor,False,
2025-03-27 01:00:00,24.7,1008.4,90.0,AWS-MUM-101,Thane,MUM,neighbor,True,frozen_value
2025-03-27 02:00:00,24.1,1007.8,90.0,AWS-MUM-101,Thane,MUM,neighbor,True,frozen_value
2025-03-27 03:00:00,23.4,1007.4,90.0,AWS-MUM-101,Thane,MUM,neighbor,True,frozen_value
2025-03-27 04:00:00,23.0,1007.6,90.0,AWS-MUM-101,Thane,MUM,neighbor,True,frozen_value
2025-03-27 05:00:00,22.8,1007.9,90.0,AWS-MUM-101,Thane,MUM,neighbor,True,frozen_value
2025-03-27 06:00:00,23.3,1009.0,90.0,AWS-MUM-101,Thane,MUM,neighbor,True,frozen_value
2025-03-27 07:00:00,24.0,1009.6,90.0,AWS-MUM-101,Thane,MUM,neighbor,True,frozen_value
2025-03-27 08:00:00,26.8,1010.3,78.0,AWS-MUM-101,Thane,MUM,neighbor,False,
2025-03-27 09:00:00,28.9,1010.5,64.0,AWS-MUM-101,Thane,MUM,neighbor,False,
2025-03-27 10:00:00,31.0,1010.5,53.0,AWS-MUM-101,Thane,MUM,neighbor,False,
2025-03-27 11:00:00,32.8,1010.0,47.0,AWS-MUM-101,Thane,MUM,neighbor,False,
2025-03-27 12:00:00,33.7,1009.1,43.0,AWS-MUM-101,Thane,MUM,neighbor,False,
2025-03-27 13:00:00,34.1,1008.2,39.0,AWS-MUM-101,Thane,MUM,neighbor,False,
2025-03-27 14:00:00,33.5,1007.4,39.0,AWS-MUM-101,Thane,MUM,neighbor,False,
2025-03-27 15:00:00,32.7,1006.6,43.0,AWS-MUM-101,Thane,MUM,neighbor,False,
2025-03-27 16:00:00,31.8,1006.2,46.0,AWS-MUM-101,Thane,MUM,neighbor,False,
2025-03-27 17:00:00,30.4,1006.2,53.0,AWS-MUM-101,Thane,MUM,neighbor,False,
2025-03-27 18:00:00,28.0,1006.6,66.0,AWS-MUM-101,Thane,MUM,neighbor,False,
2025-03-27 19:00:00,26.8,1007.2,72.0,AWS-MUM-101,Thane,MUM,neighbor,False,
2025-03-27 20:00:00,26.3,1008.0,75.0,AWS-MUM-101,Thane,MUM,neighbor,False,
2025-03-27 21:00:00,25.9,1008.4,77.0,AWS-MUM-101,Thane,MUM,neighbor,False,
2025-03-27 22:00:00,25.5,1008.8,79.0,AWS-MUM-101,Thane,MUM,neighbor,False,
2025-03-27 23:00:00,25.0,1008.9,82.0,AWS-MUM-101,Thane,MUM,neighbor,False,
2025-03-28 00:00:00,24.4,1008.5,86.0,AWS-MUM-101,Thane,MUM,neighbor,False,
2025-03-28 01:00:00,23.9,1008.0,89.0,AWS-MUM-101,Thane,MUM,neighbor,False,
2025-03-28 02:00:00,23.4,1007.3,93.0,AWS-MUM-101,Thane,MUM,neighbor,True,frozen_value
2025-03-28 03:00:00,23.4,1006.9,96.0,AWS-MUM-101,Thane,MUM,neighbor,True,frozen_value
2025-03-28 04:00:00,23.4,1007.1,98.0,AWS-MUM-101,Thane,MUM,neighbor,True,frozen_value
2025-03-28 05:00:00,23.4,1007.6,98.0,AWS-MUM-101,Thane,MUM,neighbor,True,frozen_value
2025-03-28 06:00:00,23.4,1008.4,96.0,AWS-MUM-101,Thane,MUM,neighbor,True,frozen_value
2025-03-28 07:00:00,23.4,1008.9,92.0,AWS-MUM-101,Thane,MUM,neighbor,True,frozen_value
2025-03-28 08:00:00,23.4,1009.7,76.0,AWS-MUM-101,Thane,MUM,neighbor,True,frozen_value
2025-03-28 09:00:00,28.6,1010.0,63.0,AWS-MUM-101,Thane,MUM,neighbor,False,
2025-03-28 10:00:00,31.7,1009.7,48.0,AWS-MUM-101,Thane,MUM,neighbor,False,
2025-03-28 11:00:00,34.7,1008.8,35.0,AWS-MUM-101,Thane,MUM,neighbor,False,
2025-03-28 12:00:00,37.1,1007.7,26.0,AWS-MUM-101,Thane,MUM,neighbor,False,
2025-03-28 13:00:00,37.5,1006.3,28.0,AWS-MUM-101,Thane,MUM,neighbor,False,
2025-03-28 14:00:00,36.6,1005.1,37.0,AWS-MUM-101,Thane,MUM,neighbor,False,
2025-03-28 15:00:00,36.3,1004.1,39.0,AWS-MUM-101,Thane,MUM,neighbor,False,
2025-03-28 16:00:00,,1003.8,38.0,AWS-MUM-101,Thane,MUM,neighbor,True,dropout
2025-03-28 17:00:00,-14.780687858985505,1004.0,38.0,AWS-MUM-101,Thane,MUM,neighbor,True,sensor_fail_low
2025-03-28 18:00:00,-15.505636269312093,1004.5,39.0,AWS-MUM-101,Thane,MUM,neighbor,True,sensor_fail_low
2025-03-28 19:00:00,-14.39369578313962,1005.1,36.0,AWS-MUM-101,Thane,MUM,neighbor,True,sensor_fail_low
2025-03-28 20:00:00,-15.588958081847778,1006.1,32.0,AWS-MUM-101,Thane,MUM,neighbor,True,sensor_fail_low
2025-03-28 21:00:00,30.4,1006.7,30.0,AWS-MUM-101,Thane,MUM,neighbor,False,
2025-03-28 22:00:00,29.9,1007.2,29.0,AWS-MUM-101,Thane,MUM,neighbor,False,
2025-03-28 23:00:00,29.2,1007.3,30.0,AWS-MUM-101,Thane,MUM,neighbor,False,
2025-03-29 00:00:00,28.6,1006.7,30.0,AWS-MUM-101,Thane,MUM,neighbor,False,
2025-03-29 01:00:00,28.0,1006.0,31.0,AWS-MUM-101,Thane,MUM,neighbor,False,
2025-03-29 02:00:00,27.4,1005.3,31.0,AWS-MUM-101,Thane,MUM,neighbor,False,
2025-03-29 03:00:00,26.8,1004.8,31.0,AWS-MUM-101,Thane,MUM,neighbor,False,
2025-03-29 04:00:00,26.3,1004.7,30.0,AWS-MUM-101,Thane,MUM,neighbor,False,
2025-03-29 05:00:00,25.6,1005.0,29.0,AWS-MUM-101,Thane,MUM,neighbor,False,
2025-03-29 06:00:00,24.2,1005.7,38.0,AWS-MUM-101,Thane,MUM,neighbor,False,
2025-03-29 07:00:00,25.1,1006.2,36.0,AWS-MUM-101,Thane,MUM,neighbor,False,
2025-03-29 08:00:00,28.1,1007.2,28.0,AWS-MUM-101,Thane,MUM,neighbor,False,
2025-03-29 09:00:00,31.8,1007.8,19.0,AWS-MUM-101,Thane,MUM,neighbor,False,
2025-03-29 10:00:00,35.2,1007.6,16.0,AWS-MUM-101,Thane,MUM,neighbor,False,
2025-03-29 11:00:00,37.9,1006.8,17.0,AWS-MUM-101,Thane,MUM,neighbor,False,
2025-03-29 12:00:00,39.9,1005.8,16.0,AWS-MUM-101,Thane,MUM,neighbor,False,
2025-03-29 13:00:00,40.8,1004.5,15.0,AWS-MUM-101,Thane,MUM,neighbor,False,
2025-03-29 14:00:00,40.7,1003.6,15.0,AWS-MUM-101,Thane,MUM,neighbor,False,
2025-03-29 15:00:00,39.8,1002.9,17.0,AWS-MUM-101,Thane,MUM,neighbor,False,
2025-03-29 16:00:00,38.4,1002.7,18.0,AWS-MUM-101,Thane,MUM,neighbor,False,
2025-03-29 17:00:00,36.4,1002.9,19.0,AWS-MUM-101,Thane,MUM,neighbor,False,
2025-03-29 18:00:00,33.5,1003.8,27.0,AWS-MUM-101,Thane,MUM,neighbor,False,
2025-03-29 19:00:00,32.4,1004.6,25.0,AWS-MUM-101,Thane,MUM,neighbor,False,
2025-03-29 20:00:00,32.0,1005.9,23.0,AWS-MUM-101,Thane,MUM,neighbor,False,
2025-03-29 21:00:00,31.4,1006.7,23.0,AWS-MUM-101,Thane,MUM,neighbor,False,
2025-03-29 22:00:00,31.1,1007.0,23.0,AWS-MUM-101,Thane,MUM,neighbor,False,
2025-03-29 23:00:00,30.3,1007.0,26.0,AWS-MUM-101,Thane,MUM,neighbor,False,
2025-03-30 00:00:00,29.5,1006.5,27.0,AWS-MUM-101,Thane,MUM,neighbor,False,
2025-03-30 01:00:00,28.7,1006.0,29.0,AWS-MUM-101,Thane,MUM,neighbor,False,
2025-03-30 02:00:00,27.4,1005.3,38.0,AWS-MUM-101,Thane,MUM,neighbor,False,
2025-03-30 03:00:00,26.7,1004.8,43.0,AWS-MUM-101,Thane,MUM,neighbor,False,
2025-03-30 04:00:00,26.3,1004.9,49.0,AWS-MUM-101,Thane,MUM,neighbor,False,
2025-03-30 05:00:00,25.2,1005.4,57.0,AWS-MUM-101,Thane,MUM,neighbor,False,
2025-03-30 06:00:00,25.0,1006.3,57.0,AWS-MUM-101,Thane,MUM,neighbor,False,
2025-03-30 07:00:00,25.4,1007.1,56.0,AWS-MUM-101,Thane,MUM,neighbor,False,
2025-03-30 08:00:00,28.6,1008.1,36.0,AWS-MUM-101,Thane,MUM,neighbor,False,
2025-03-30 09:00:00,30.5,1008.4,30.0,AWS-MUM-101,Thane,MUM,neighbor,False,
2025-03-30 10:00:00,33.6,1008.1,24.0,AWS-MUM-101,Thane,MUM,neighbor,False,
2025-03-30 11:00:00,37.6,1007.3,17.0,AWS-MUM-101,Thane,MUM,neighbor,False,
2025-03-30 12:00:00,40.7,1006.3,13.0,AWS-MUM-101,Thane,MUM,neighbor,False,
2025-03-30 13:00:00,42.4,1004.8,12.0,AWS-MUM-101,Thane,MUM,neighbor,False,
2025-03-30 14:00:00,42.1,1003.9,14.0,AWS-MUM-101,Thane,MUM,neighbor,False,
2025-03-30 15:00:00,39.9,1003.2,17.0,AWS-MUM-101,Thane,MUM,neighbor,False,
2025-03-30 16:00:00,38.3,1002.8,17.0,AWS-MUM-101,Thane,MUM,neighbor,False,
2025-03-30 17:00:00,37.3,1003.0,17.0,AWS-MUM-101,Thane,MUM,neighbor,False,
2025-03-30 18:00:00,35.3,1004.0,18.0,AWS-MUM-101,Thane,MUM,neighbor,False,
2025-03-30 19:00:00,34.5,1004.9,17.0,AWS-MUM-101,Thane,MUM,neighbor,False,
2025-03-30 20:00:00,33.8,1006.0,17.0,AWS-MUM-101,Thane,MUM,neighbor,False,
2025-03-30 21:00:00,33.2,1007.4,17.0,AWS-MUM-101,Thane,MUM,neighbor,False,
2025-03-30 22:00:00,32.0,1008.0,21.0,AWS-MUM-101,Thane,MUM,neighbor,False,
2025-03-30 23:00:00,30.6,1008.1,22.0,AWS-MUM-101,Thane,MUM,neighbor,False,
2025-03-31 00:00:00,29.9,1007.5,26.0,AWS-MUM-101,Thane,MUM,neighbor,False,
2025-03-31 01:00:00,28.7,1007.1,43.0,AWS-MUM-101,Thane,MUM,neighbor,False,
2025-03-31 02:00:00,28.0,1006.3,53.0,AWS-MUM-101,Thane,MUM,neighbor,False,
2025-03-31 03:00:00,27.7,1005.8,55.0,AWS-MUM-101,Thane,MUM,neighbor,False,
2025-03-31 04:00:00,26.8,1005.9,57.0,AWS-MUM-101,Thane,MUM,neighbor,False,
2025-03-31 05:00:00,26.0,1006.4,61.0,AWS-MUM-101,Thane,MUM,neighbor,False,
2025-03-31 06:00:00,25.7,1007.0,72.0,AWS-MUM-101,Thane,MUM,neighbor,False,
2025-03-31 07:00:00,26.1,1007.4,72.0,AWS-MUM-101,Thane,MUM,neighbor,False,
2025-03-31 08:00:00,29.1,1008.1,56.0,AWS-MUM-101,Thane,MUM,neighbor,False,
2025-03-31 09:00:00,32.0,1008.4,44.0,AWS-MUM-101,Thane,MUM,neighbor,False,
2025-03-31 10:00:00,35.2,1008.2,31.0,AWS-MUM-101,Thane,MUM,neighbor,False,
2025-03-31 11:00:00,38.3,1007.5,23.0,AWS-MUM-101,Thane,MUM,neighbor,False,
2025-03-31 12:00:00,40.4,1006.6,18.0,AWS-MUM-101,Thane,MUM,neighbor,False,
2025-03-31 13:00:00,41.2,1005.2,17.0,AWS-MUM-101,Thane,MUM,neighbor,False,
2025-03-31 14:00:00,41.4,1004.4,16.0,AWS-MUM-101,Thane,MUM,neighbor,False,
2025-03-31 15:00:00,41.1,1003.5,14.0,AWS-MUM-101,Thane,MUM,neighbor,False,
2025-03-31 16:00:00,39.3,1003.2,16.0,AWS-MUM-101,Thane,MUM,neighbor,False,
2025-03-31 17:00:00,38.0,1003.2,16.0,AWS-MUM-101,Thane,MUM,neighbor,False,
2025-03-31 18:00:00,35.4,1004.1,18.0,AWS-MUM-101,Thane,MUM,neighbor,False,
2025-03-31 19:00:00,34.1,1004.9,20.0,AWS-MUM-101,Thane,MUM,neighbor,False,
2025-03-31 20:00:00,33.8,1005.8,16.0,AWS-MUM-101,Thane,MUM,neighbor,False,
2025-03-31 21:00:00,32.9,1006.5,18.0,AWS-MUM-101,Thane,MUM,neighbor,False,
2025-03-31 22:00:00,32.4,1007.1,17.0,AWS-MUM-101,Thane,MUM,neighbor,False,
2025-03-31 23:00:00,30.9,1006.9,25.0,AWS-MUM-101,Thane,MUM,neighbor,False,
