timestamp,temperature_c,pressure_hpa,humidity_pct,station_id,station_name,cluster_id,role,is_anomaly,fault_type
2025-01-01 00:00:00,25.0,1013.5,84.0,AWS-CHN-024,Chennai,CHN,center,False,
2025-01-01 01:00:00,24.9,1012.5,84.0,AWS-CHN-024,Chennai,CHN,center,False,
2025-01-01 02:00:00,24.7,1011.8,84.0,AWS-CHN-024,Chennai,CHN,center,False,
2025-01-01 03:00:00,24.3,1011.2,85.0,AWS-CHN-024,Chennai,CHN,center,False,
2025-01-01 04:00:00,24.2,1011.0,85.0,AWS-CHN-024,Chennai,CHN,center,False,
2025-01-01 05:00:00,23.8,1011.4,88.0,AWS-CHN-024,Chennai,CHN,center,False,
2025-01-01 06:00:00,23.7,1012.2,91.0,AWS-CHN-024,Chennai,CHN,center,False,
2025-01-01 07:00:00,24.5,1013.0,88.0,AWS-CHN-024,Chennai,CHN,center,False,
2025-01-01 08:00:00,25.8,1013.8,82.0,AWS-CHN-024,Chennai,CHN,center,False,
2025-01-01 09:00:00,27.1,1014.0,72.0,AWS-CHN-024,Chennai,CHN,center,False,
2025-01-01 10:00:00,27.4,1013.9,70.0,AWS-CHN-024,Chennai,CHN,center,False,
2025-01-01 11:00:00,27.7,1013.7,69.0,AWS-CHN-024,Chennai,CHN,center,False,
2025-01-01 12:00:00,27.9,1012.7,68.0,AWS-CHN-024,Chennai,CHN,center,False,
2025-01-01 13:00:00,27.9,1011.7,68.0,AWS-CHN-024,Chennai,CHN,center,False,
2025-01-01 14:00:00,27.6,1010.7,69.0,AWS-CHN-024,Chennai,CHN,center,False,
2025-01-01 15:00:00,27.3,1010.2,70.0,AWS-CHN-024,Chennai,CHN,center,False,
2025-01-01 16:00:00,26.7,1010.0,73.0,AWS-CHN-024,Chennai,CHN,center,False,
2025-01-01 17:00:00,25.8,1010.3,78.0,AWS-CHN-024,Chennai,CHN,center,False,
2025-01-01 18:00:00,25.5,1010.8,84.0,AWS-CHN-024,Chennai,CHN,center,False,
2025-01-01 19:00:00,25.4,1012.1,84.0,AWS-CHN-024,Chennai,CHN,center,False,
2025-01-01 20:00:00,25.3,1012.7,84.0,AWS-CHN-024,Chennai,CHN,center,False,
2025-01-01 21:00:00,25.3,1013.3,83.0,AWS-CHN-024,Chennai,CHN,center,False,
2025-01-01 22:00:00,25.2,1013.3,79.0,AWS-CHN-024,Chennai,CHN,center,False,
2025-01-01 23:00:00,24.8,1012.7,79.0,AWS-CHN-024,Chennai,CHN,center,False,
2025-01-02 00:00:00,24.5,1012.0,79.0,AWS-CHN-024,Chennai,CHN,center,False,
2025-01-02 01:00:00,24.4,1011.4,79.0,AWS-CHN-024,Chennai,CHN,center,False,
2025-01-02 02:00:00,24.2,1010.7,79.0,AWS-CHN-024,Chennai,CHN,center,False,
2025-01-02 03:00:00,24.0,1010.5,79.0,AWS-CHN-024,Chennai,CHN,center,False,
2025-01-02 04:00:00,23.7,1010.4,79.0,AWS-CHN-024,Chennai,CHN,center,False,
2025-01-02 05:00:00,23.2,1010.8,81.0,AWS-CHN-024,Chennai,CHN,center,False,
2025-01-02 06:00:00,23.9,1011.8,83.0,AWS-CHN-024,Chennai,CHN,center,False,
2025-01-02 07:00:00,24.4,1012.8,81.0,AWS-CHN-024,Chennai,CHN,center,False,
2025-01-02 08:00:00,25.9,1013.7,70.0,AWS-CHN-024,Chennai,CHN,center,False,
2025-01-02 09:00:00,26.7,1014.2,63.0,AWS-CHN-024,Chennai,CHN,center,False,
2025-01-02 10:00:00,27.2,1014.2,61.0,AWS-CHN-024,Chennai,CHN,center,False,
2025-01-02 11:00:00,27.6,1013.7,59.0,AWS-CHN-024,Chennai,CHN,center,False,
2025-01-02 12:00:00,27.9,1012.9,58.0,AWS-CHN-024,Chennai,CHN,center,False,
2025-01-02 13:00:00,27.7,1011.9,57.0,AWS-CHN-024,Chennai,CHN,center,False,
2025-01-02 14:00:00,27.6,1011.0,57.0,AWS-CHN-024,Chennai,CHN,center,False,
2025-01-02 15:00:00,27.1,1010.7,59.0,AWS-CHN-024,Chennai,CHN,center,False,
2025-01-02 16:00:00,26.7,1010.6,61.0,AWS-CHN-024,Chennai,CHN,center,False,
2025-01-02 17:00:00,25.8,1011.1,67.0,AWS-CHN-024,Chennai,CHN,center,False,
2025-01-02 18:00:00,25.4,1011.4,74.0,AWS-CHN-024,Chennai,CHN,center,False,
2025-01-02 19:00:00,24.9,1012.5,78.0,AWS-CHN-024,Chennai,CHN,center,False,
2025-01-02 20:00:00,24.6,1013.2,80.0,AWS-CHN-024,Chennai,CHN,center,False,
2025-01-02 21:00:00,24.5,1013.6,80.0,AWS-CHN-024,Chennai,CHN,center,False,
2025-01-02 22:00:00,24.4,1013.5,79.0,AWS-CHN-024,Chennai,CHN,center,False,
2025-01-02 23:00:00,24.4,1013.4,77.0,AWS-CHN-024,Chennai,CHN,center,False,
2025-01-03 00:00:00,24.4,1013.0,75.0,AWS-CHN-024,Chennai,CHN,center,False,
2025-01-03 01:00:00,24.2,1012.2,74.0,AWS-CHN-024,Chennai,CHN,center,False,
2025-01-03 02:00:00,24.0,1011.5,74.0,AWS-CHN-024,Chennai,CHN,center,False,
2025-01-03 03:00:00,24.0,1011.1,74.0,AWS-CHN-024,Chennai,CHN,center,False,
2025-01-03 04:00:00,23.5,1011.0,75.0,AWS-CHN-024,Chennai,CHN,center,False,
2025-01-03 05:00:00,23.3,1011.3,75.0,AWS-CHN-024,Chennai,CHN,center,False,
2025-01-03 06:00:00,22.9,1012.5,80.0,AWS-CHN-024,Chennai,CHN,center,False,
2025-01-03 07:00:00,23.3,1013.7,82.0,AWS-CHN-024,Chennai,CHN,center,False,
2025-01-03 08:00:00,24.8,0.004961302141371594,80.0,AWS-CHN-024,Chennai,CHN,center,True,sensor_fail_low
2025-01-03 09:00:00,26.8,-0.04279797758565463,71.0,AWS-CHN-024,Chennai,CHN,center,True,sensor_fail_low
2025-01-03 10:00:00,27.8,-0.021897324368557854,57.0,AWS-CHN-024,Chennai,CHN,center,True,sensor_fail_low
2025-01-03 11:00:00,28.0,-0.008088065261280029,55.0,AWS-CHN-024,Chennai,CHN,center,True,sensor_fail_low
2025-01-03 12:00:00,28.3,1013.0,53.0,AWS-CHN-024,Chennai,CHN,center,False,
2025-01-03 13:00:00,28.3,1012.3,53.0,AWS-CHN-024,Chennai,CHN,center,False,
2025-01-03 14:00:00,28.1,1011.3,52.0,AWS-CHN-024,Chennai,CHN,center,False,
2025-01-03 15:00:00,27.7,1010.8,53.0,AWS-CHN-024,Chennai,CHN,center,False,
2025-01-03 16:00:00,27.0,1010.7,56.0,AWS-CHN-024,Chennai,CHN,center,False,
2025-01-03 17:00:00,26.0,1010.7,62.0,AWS-CHN-024,Chennai,CHN,center,False,
2025-01-03 18:00:00,25.1,1011.2,71.0,AWS-CHN-024,Chennai,CHN,center,False,
2025-01-03 19:00:00,24.7,1012.0,74.0,AWS-CHN-024,Chennai,CHN,center,False,
2025-01-03 20:00:00,24.4,1012.4,75.0,AWS-CHN-024,Chennai,CHN,center,False,
2025-01-03 21:00:00,24.4,1012.6,75.0,AWS-CHN-024,Chennai,CHN,center,False,
2025-01-03 22:00:00,24.2,1012.4,75.0,AWS-CHN-024,Chennai,CHN,center,False,
2025-01-03 23:00:00,23.9,1012.0,76.0,AWS-CHN-024,Chennai,CHN,center,False,
2025-01-04 00:00:00,23.6,1011.6,78.0,AWS-CHN-024,Chennai,CHN,center,False,
2025-01-04 01:00:00,23.4,1011.2,79.0,AWS-CHN-024,Chennai,CHN,center,False,
2025-01-04 02:00:00,23.2,1010.5,79.0,AWS-CHN-024,Chennai,CHN,center,False,
2025-01-04 03:00:00,22.4,1010.1,-0.08553703404826833,AWS-CHN-024,Chennai,CHN,center,True,sensor_fail_low
2025-01-04 04:00:00,21.9,1010.2,-0.0771258715731511,AWS-CHN-024,Chennai,CHN,center,True,sensor_fail_low
2025-01-04 05:00:00,21.6,1010.8,-0.013565126315271701,AWS-CHN-024,Chennai,CHN,center,True,sensor_fail_low
2025-01-04 06:00:00,22.1,1011.8,0.014669273068540623,AWS-CHN-024,Chennai,CHN,center,True,sensor_fail_low
2025-01-04 07:00:00,22.9,1012.6,90.0,AWS-CHN-024,Chennai,CHN,center,False,
2025-01-04 08:00:00,24.4,1013.3,84.0,AWS-CHN-024,Chennai,CHN,center,False,
2025-01-04 09:00:00,26.0,1014.0,74.0,AWS-CHN-024,Chennai,CHN,center,False,
2025-01-04 10:00:00,27.2,1013.8,59.0,AWS-CHN-024,Chennai,CHN,center,False,
2025-01-04 11:00:00,27.5,1013.2,56.0,AWS-CHN-024,Chennai,CHN,center,False,
2025-01-04 12:00:00,27.7,1012.2,55.0,AWS-CHN-024,Chennai,CHN,center,False,
2025-01-04 13:00:00,27.6,1011.1,55.0,AWS-CHN-024,Chennai,CHN,center,False,
2025-01-04 14:00:00,27.6,1010.1,54.0,AWS-CHN-024,Chennai,CHN,center,False,
2025-01-04 15:00:00,27.4,1009.7,53.0,AWS-CHN-024,Chennai,CHN,center,False,
2025-01-04 16:00:00,26.9,1009.7,53.0,AWS-CHN-024,Chennai,CHN,center,False,
2025-01-04 17:00:00,25.9,1009.9,62.0,AWS-CHN-024,Chennai,CHN,center,False,
2025-01-04 18:00:00,25.2,1010.4,70.0,AWS-CHN-024,Chennai,CHN,center,False,
2025-01-04 19:00:00,24.9,1011.6,72.0,AWS-CHN-024,Chennai,CHN,center,False,
2025-01-04 20:00:00,24.4,1012.2,75.0,AWS-CHN-024,Chennai,CHN,center,False,
2025-01-04 21:00:00,24.0,1012.6,78.0,AWS-CHN-024,Chennai,CHN,center,False,
2025-01-04 22:00:00,24.0,1012.7,77.0,AWS-CHN-024,Chennai,CHN,center,False,
2025-01-04 23:00:00,23.9,1012.3,77.0,AWS-CHN-024,Chennai,CHN,center,False,
2025-01-05 00:00:00,23.7,1011.8,78.0,AWS-CHN-024,Chennai,CHN,center,False,
2025-01-05 01:00:00,23.1,1011.2,82.0,AWS-CHN-024,Chennai,CHN,center,False,
2025-01-05 02:00:00,22.4,1010.9,84.0,AWS-CHN-024,Chennai,CHN,center,False,
2025-01-05 03:00:00,22.2,1010.8,85.0,AWS-CHN-024,Chennai,CHN,center,False,
2025-01-05 04:00:00,21.6,1011.0,87.0,AWS-CHN-024,Chennai,CHN,center,False,
2025-01-05 05:00:00,21.4,1011.3,88.0,AWS-CHN-024,Chennai,CHN,center,False,
2025-01-05 06:00:00,21.9,1012.3,93.0,AWS-CHN-024,Chennai,CHN,center,False,
2025-01-05 07:00:00,22.6,1013.1,90.0,AWS-CHN-024,Chennai,CHN,center,False,
2025-01-05 08:00:00,24.4,1013.9,82.0,AWS-CHN-024,Chennai,CHN,center,False,
2025-01-05 09:00:00,26.1,1014.1,72.0,AWS-CHN-024,Chennai,CHN,center,False,
2025-01-05 10:00:00,27.2,1013.8,64.0,AWS-CHN-024,Chennai,CHN,center,False,
2025-01-05 11:00:00,28.0,1013.2,56.0,AWS-CHN-024,Chennai,CHN,center,False,
2025-01-05 12:00:00,28.3,1012.2,51.0,AWS-CHN-024,Chennai,CHN,center,False,
2025-01-05 13:00:00,22.572738143340516,1019.010828352656,69.2063753933265,AWS-CHN-024,Chennai,CHN,center,True,unstructured_anomaly
2025-01-05 14:00:00,22.317644813005856,1016.9568023273529,68.65910280128817,AWS-CHN-024,Chennai,CHN,center,True,unstructured_anomaly
2025-01-05 15:00:00,20.454333533266958,1016.3895682883015,69.43373526659113,AWS-CHN-024,Chennai,CHN,center,True,unstructured_anomaly
2025-01-05 16:00:00,34.05993293693107,1001.8810505976186,37.55776361306565,AWS-CHN-024,Chennai,CHN,center,True,unstructured_anomaly
2025-01-05 17:00:00,26.1,1010.3,57.0,AWS-CHN-024,Chennai,CHN,center,False,
2025-01-05 18:00:00,25.7,1010.4,70.0,AWS-CHN-024,Chennai,CHN,center,False,
2025-01-05 19:00:00,24.9,1011.4,75.0,AWS-CHN-024,Chennai,CHN,center,False,
2025-01-05 20:00:00,24.2,1012.2,78.0,AWS-CHN-024,Chennai,CHN,center,False,
2025-01-05 21:00:00,24.3,1012.8,76.0,AWS-CHN-024,Chennai,CHN,center,False,
2025-01-05 22:00:00,24.8,1013.0,69.0,AWS-CHN-024,Chennai,CHN,center,False,
2025-01-05 23:00:00,24.2,1012.3,70.0,AWS-CHN-024,Chennai,CHN,center,False,
2025-01-06 00:00:00,23.3,1011.8,75.0,AWS-CHN-024,Chennai,CHN,center,False,
2025-01-06 01:00:00,23.1,1011.1,76.0,AWS-CHN-024,Chennai,CHN,center,False,
2025-01-06 02:00:00,22.9,1010.5,76.0,AWS-CHN-024,Chennai,CHN,center,False,
2025-01-06 03:00:00,22.3,1010.2,79.0,AWS-CHN-024,Chennai,CHN,center,False,
2025-01-06 04:00:00,21.9,1010.3,81.0,AWS-CHN-024,Chennai,CHN,center,False,
2025-01-06 05:00:00,21.7,1010.6,80.0,AWS-CHN-024,Chennai,CHN,center,False,
2025-01-06 06:00:00,23.0,1011.1,86.0,AWS-CHN-024,Chennai,CHN,center,False,
2025-01-06 07:00:00,23.2,1012.2,85.0,AWS-CHN-024,Chennai,CHN,center,False,
2025-01-06 08:00:00,24.7,1013.3,78.0,AWS-CHN-024,Chennai,CHN,center,False,
2025-01-06 09:00:00,26.1,1013.6,72.0,AWS-CHN-024,Chennai,CHN,center,False,
2025-01-06 10:00:00,27.0,1013.4,65.0,AWS-CHN-024,Chennai,CHN,center,False,
2025-01-06 11:00:00,27.9,1012.6,56.0,AWS-CHN-024,Chennai,CHN,center,False,
2025-01-06 12:00:00,28.3,1011.5,54.0,AWS-CHN-024,Chennai,CHN,center,False,
2025-01-06 13:00:00,28.3,1010.1,54.0,AWS-CHN-024,Chennai,CHN,center,False,
2025-01-06 14:00:00,28.6,1009.3,54.0,AWS-CHN-024,Chennai,CHN,center,False,
2025-01-06 15:00:00,28.4,1009.2,52.0,AWS-CHN-024,Chennai,CHN,center,False,
2025-01-06 16:00:00,27.7,1009.3,46.019554150014436,AWS-CHN-024,Chennai,CHN,center,True,drift
2025-01-06 17:00:00,26.6,1009.8,50.76761028688123,AWS-CHN-024,Chennai,CHN,center,True,drift
2025-01-06 18:00:00,25.6,1010.2,62.357039074168355,AWS-CHN-024,Chennai,CHN,center,True,drift
2025-01-06 19:00:00,25.3,1011.1,64.85323655191843,AWS-CHN-024,Chennai,CHN,center,True,drift
2025-01-06 20:00:00,25.0,1011.8,66.27739532040536,AWS-CHN-024,Chennai,CHN,center,True,drift
2025-01-06 21:00:00,24.8,1012.3,67.64127531008714,AWS-CHN-024,Chennai,CHN,center,True,drift
2025-01-06 22:00:00,24.7,1012.2,68.95258922237633,AWS-CHN-024,Chennai,CHN,center,True,drift
2025-01-06 23:00:00,24.4,1011.8,71.21687569602707,AWS-CHN-024,Chennai,CHN,center,True,drift
2025-01-07 00:00:00,24.4,1011.4,71.43834913560958,AWS-CHN-024,Chennai,CHN,center,True,drift
2025-01-07 01:00:00,24.2,1011.1,70.62034845906558,AWS-CHN-024,Chennai,CHN,center,True,drift
2025-01-07 02:00:00,24.0,1010.6,70.76559913629579,AWS-CHN-024,Chennai,CHN,center,True,drift
2025-01-07 03:00:00,23.6,1010.3,71.87637767101165,AWS-CHN-024,Chennai,CHN,center,True,drift
2025-01-07 04:00:00,23.1,1010.4,72.95462065101067,AWS-CHN-024,Chennai,CHN,center,True,drift
2025-01-07 05:00:00,22.8,1011.1,73.00200022111534,AWS-CHN-024,Chennai,CHN,center,True,drift
2025-01-07 06:00:00,22.9,1011.8,76.01997816101851,AWS-CHN-024,Chennai,CHN,center,True,drift
2025-01-07 07:00:00,23.1,1012.8,73.00984575826841,AWS-CHN-024,Chennai,CHN,center,True,drift
2025-01-07 08:00:00,24.0,1013.5,87.0,AWS-CHN-024,Chennai,CHN,center,False,
2025-01-07 09:00:00,25.3,1013.5,78.0,AWS-CHN-024,Chennai,CHN,center,False,
2025-01-07 10:00:00,26.3,1013.4,71.0,AWS-CHN-024,Chennai,CHN,center,False,
2025-01-07 11:00:00,26.9,1012.8,67.0,AWS-CHN-024,Chennai,CHN,center,False,
2025-01-07 12:00:00,26.7,1011.8,68.0,AWS-CHN-024,Chennai,CHN,center,False,
2025-01-07 13:00:00,,1010.7,67.0,AWS-CHN-024,Chennai,CHN,center,True,dropout
2025-01-07 14:00:00,27.3,1009.7,63.0,AWS-CHN-024,Chennai,CHN,center,False,
2025-01-07 15:00:00,26.9,1009.3,62.0,AWS-CHN-024,Chennai,CHN,center,False,
2025-01-07 16:00:00,26.5,1009.4,61.0,AWS-CHN-024,Chennai,CHN,center,False,
2025-01-07 17:00:00,25.7,1009.6,65.0,AWS-CHN-024,Chennai,CHN,center,False,
2025-01-07 18:00:00,25.4,1010.1,73.0,AWS-CHN-024,Chennai,CHN,center,False,
2025-01-07 19:00:00,25.1,1010.9,75.0,AWS-CHN-024,Chennai,CHN,center,False,
2025-01-07 20:00:00,24.9,1011.5,76.0,AWS-CHN-024,Chennai,CHN,center,False,
2025-01-07 21:00:00,24.8,1011.8,75.0,AWS-CHN-024,Chennai,CHN,center,False,
2025-01-07 22:00:00,24.6,1011.6,75.0,AWS-CHN-024,Chennai,CHN,center,False,
2025-01-07 23:00:00,24.3,1011.4,75.0,AWS-CHN-024,Chennai,CHN,center,False,
2025-01-08 00:00:00,24.1,1011.0,75.0,AWS-CHN-024,Chennai,CHN,center,False,
2025-01-08 01:00:00,23.7,1010.3,76.0,AWS-CHN-024,Chennai,CHN,center,False,
2025-01-08 02:00:00,23.3,1009.6,77.0,AWS-CHN-024,Chennai,CHN,center,False,
2025-01-08 03:00:00,22.8,1009.2,79.0,AWS-CHN-024,Chennai,CHN,center,False,
2025-01-08 04:00:00,22.1,1009.1,82.0,AWS-CHN-024,Chennai,CHN,center,False,
2025-01-08 05:00:00,21.4,1009.6,85.0,AWS-CHN-024,Chennai,CHN,center,False,
2025-01-08 06:00:00,22.4,1010.3,81.0,AWS-CHN-024,Chennai,CHN,center,False,
2025-01-08 07:00:00,22.8,1011.6,80.0,AWS-CHN-024,Chennai,CHN,center,False,
2025-01-08 08:00:00,24.5,1012.9,75.0,AWS-CHN-024,Chennai,CHN,center,False,
2025-01-08 09:00:00,26.2,1013.4,65.0,AWS-CHN-024,Chennai,CHN,center,False,
2025-01-08 10:00:00,27.3,1013.4,53.0,AWS-CHN-024,Chennai,CHN,center,False,
2025-01-08 11:00:00,27.8,1012.8,50.0,AWS-CHN-024,Chennai,CHN,center,False,
2025-01-08 12:00:00,28.1,1011.7,51.0,AWS-CHN-024,Chennai,CHN,center,False,
2025-01-08 13:00:00,28.1,1010.8,51.0,AWS-CHN-024,Chennai,CHN,center,False,
2025-01-08 14:00:00,28.0,1010.0,50.0,AWS-CHN-024,Chennai,CHN,center,True,frozen_value
2025-01-08 15:00:00,27.99536428529766,1009.7,53.0,AWS-CHN-024,Chennai,CHN,center,True,frozen_value
2025-01-08 16:00:00,28.017875908499907,1009.8,56.0,AWS-CHN-024,Chennai,CHN,center,True,frozen_value
2025-01-08 17:00:00,27.985330289320505,1010.5,59.0,AWS-CHN-024,Chennai,CHN,center,True,frozen_value
2025-01-08 18:00:00,27.987992428158677,1011.1,64.0,AWS-CHN-024,Chennai,CHN,center,True,frozen_value
2025-01-08 19:00:00,27.989961997141148,1012.2,65.0,AWS-CHN-024,Chennai,CHN,center,True,frozen_value
2025-01-08 20:00:00,28.01755016597252,1012.4,65.0,AWS-CHN-024,Chennai,CHN,center,True,frozen_value
2025-01-08 21:00:00,28.000769739338207,1012.8,65.0,AWS-CHN-024,Chennai,CHN,center,True,frozen_value
2025-01-08 22:00:00,27.98483521867186,1012.9,65.0,AWS-CHN-024,Chennai,CHN,center,True,frozen_value
2025-01-08 23:00:00,24.7,1012.2,65.0,AWS-CHN-024,Chennai,CHN,center,False,
2025-01-09 00:00:00,24.6,1011.5,68.0,AWS-CHN-024,Chennai,CHN,center,False,
2025-01-09 01:00:00,24.8,1010.9,67.0,AWS-CHN-024,Chennai,CHN,center,False,
2025-01-09 02:00:00,24.7,1010.2,65.0,AWS-CHN-024,Chennai,CHN,center,False,
2025-01-09 03:00:00,24.7,1009.9,65.0,AWS-CHN-024,Chennai,CHN,center,False,
2025-01-09 04:00:00,24.6,1010.1,67.0,AWS-CHN-024,Chennai,CHN,center,False,
2025-01-09 05:00:00,24.6,1010.6,68.0,AWS-CHN-024,Chennai,CHN,center,False,
2025-01-09 06:00:00,24.4,1011.7,72.0,AWS-CHN-024,Chennai,CHN,center,False,
2025-01-09 07:00:00,25.0,1012.5,71.0,AWS-CHN-024,Chennai,CHN,center,False,
2025-01-09 08:00:00,25.9,1013.5,74.62768998553015,AWS-CHN-024,Chennai,CHN,center,True,drift
2025-01-09 09:00:00,27.0,1014.1,66.7505512952084,AWS-CHN-024,Chennai,CHN,center,True,drift
2025-01-09 10:00:00,27.7,1013.8,59.968485682416144,AWS-CHN-024,Chennai,CHN,center,True,drift
2025-01-09 11:00:00,28.4,1013.0,55.24667292635585,AWS-CHN-024,Chennai,CHN,center,True,drift
2025-01-09 12:00:00,28.5,1012.2,54.57299740020913,AWS-CHN-024,Chennai,CHN,center,True,drift
2025-01-09 13:00:00,28.5,1011.2,54.94053249458738,AWS-CHN-024,Chennai,CHN,center,True,drift
2025-01-09 14:00:00,28.4,1010.6,55.34463996133361,AWS-CHN-024,Chennai,CHN,center,True,drift
2025-01-09 15:00:00,28.2,1010.4,54.781934745071915,AWS-CHN-024,Chennai,CHN,center,True,drift
2025-01-09 16:00:00,27.5,1010.4,59.249806744668675,AWS-CHN-024,Chennai,CHN,center,True,drift
2025-01-09 17:00:00,26.7,1011.0,64.74616464640287,AWS-CHN-024,Chennai,CHN,center,True,drift
2025-01-09 18:00:00,26.3,1011.8,71.26928455217961,AWS-CHN-024,Chennai,CHN,center,True,drift
2025-01-09 19:00:00,25.7,1012.8,76.81771398940396,AWS-CHN-024,Chennai,CHN,center,True,drift
2025-01-09 20:00:00,25.4,1013.6,80.3902076980201,AWS-CHN-024,Chennai,CHN,center,True,drift
2025-01-09 21:00:00,25.5,1014.2,80.98568283288448,AWS-CHN-024,Chennai,CHN,center,True,drift
2025-01-09 22:00:00,25.4,1014.6,82.60318663304037,AWS-CHN-024,Chennai,CHN,center,True,drift
2025-01-09 23:00:00,25.1,1014.1,84.24187242608373,AWS-CHN-024,Chennai,CHN,center,True,drift
2025-01-10 00:00:00,24.9,1013.6,85.90098139506593,AWS-CHN-024,Chennai,CHN,center,True,drift
2025-01-10 01:00:00,24.5,1013.6,89.57982844362627,AWS-CHN-024,Chennai,CHN,center,True,drift
2025-01-10 02:00:00,24.1,1013.6,93.27779104709863,AWS-CHN-024,Chennai,CHN,center,True,drift
2025-01-10 03:00:00,23.9,1013.6,94.99430032525535,AWS-CHN-024,Chennai,CHN,center,True,drift
2025-01-10 04:00:00,24.1,1013.6,77.0,AWS-CHN-024,Chennai,CHN,center,True,frozen_value
2025-01-10 05:00:00,23.9,1013.6,80.0,AWS-CHN-024,Chennai,CHN,center,True,frozen_value
2025-01-10 06:00:00,23.6,1013.6,85.0,AWS-CHN-024,Chennai,CHN,center,True,frozen_value
2025-01-10 07:00:00,24.6,1013.6,81.0,AWS-CHN-024,Chennai,CHN,center,True,frozen_value
2025-01-10 08:00:00,26.0,1013.6,76.0,AWS-CHN-024,Chennai,CHN,center,True,frozen_value
2025-01-10 09:00:00,27.5,1013.6,66.0,AWS-CHN-024,Chennai,CHN,center,True,frozen_value
2025-01-10 10:00:00,28.4,1013.6,59.0,AWS-CHN-024,Chennai,CHN,center,True,frozen_value
2025-01-10 11:00:00,27.9,1014.3,61.0,AWS-CHN-024,Chennai,CHN,center,False,
2025-01-10 12:00:00,28.0,1013.5,62.0,AWS-CHN-024,Chennai,CHN,center,False,
2025-01-10 13:00:00,28.1,1012.6,62.0,AWS-CHN-024,Chennai,CHN,center,False,
2025-01-10 14:00:00,27.6,1011.9,64.0,AWS-CHN-024,Chennai,CHN,center,False,
2025-01-10 15:00:00,27.5,1011.5,64.0,AWS-CHN-024,Chennai,CHN,center,False,
2025-01-10 16:00:00,26.9,1011.6,67.0,AWS-CHN-024,Chennai,CHN,center,False,
2025-01-10 17:00:00,26.3,1012.3,70.0,AWS-CHN-024,Chennai,CHN,center,False,
2025-01-10 18:00:00,25.8,1012.8,75.0,AWS-CHN-024,Chennai,CHN,center,False,
2025-01-10 19:00:00,26.0,1013.8,72.0,AWS-CHN-024,Chennai,CHN,center,False,
2025-01-10 20:00:00,25.9,1014.5,73.0,AWS-CHN-024,Chennai,CHN,center,False,
2025-01-10 21:00:00,25.7,1014.7,74.0,AWS-CHN-024,Chennai,CHN,center,False,
2025-01-10 22:00:00,25.3,1014.8,77.0,AWS-CHN-024,Chennai,CHN,center,False,
2025-01-10 23:00:00,25.5,1014.2,76.0,AWS-CHN-024,Chennai,CHN,center,False,
2025-01-11 00:00:00,25.6,1013.6,76.0,AWS-CHN-024,Chennai,CHN,center,False,
2025-01-11 01:00:00,25.4,1012.9,76.0,AWS-CHN-024,Chennai,CHN,center,False,
2025-01-11 02:00:00,25.2,1012.4,77.0,AWS-CHN-024,Chennai,CHN,center,False,
2025-01-11 03:00:00,24.9,1012.1,78.0,AWS-CHN-024,Chennai,CHN,center,False,
2025-01-11 04:00:00,24.8,1012.2,78.0,AWS-CHN-024,Chennai,CHN,center,False,
2025-01-11 05:00:00,24.6,1012.3,80.0,AWS-CHN-024,Chennai,CHN,center,False,
2025-01-11 06:00:00,25.7,1000.8296333255189,70.0,AWS-CHN-024,Chennai,CHN,center,True,spike
2025-01-11 07:00:00,25.9,1013.4,70.0,AWS-CHN-024,Chennai,CHN,center,False,
2025-01-11 08:00:00,26.7,,65.0,AWS-CHN-024,Chennai,CHN,center,True,dropout
2025-01-11 09:00:00,27.4,1015.2,62.0,AWS-CHN-024,Chennai,CHN,center,False,
2025-01-11 10:00:00,27.9,1015.2,59.0,AWS-CHN-024,Chennai,CHN,center,False,
2025-01-11 11:00:00,28.3,1015.1,56.0,AWS-CHN-024,Chennai,CHN,center,False,
2025-01-11 12:00:00,28.5,1013.8,54.0,AWS-CHN-024,Chennai,CHN,center,False,
2025-01-11 13:00:00,28.2,1012.5,55.0,AWS-CHN-024,Chennai,CHN,center,False,
2025-01-11 14:00:00,28.2,1011.7,54.0,AWS-CHN-024,Chennai,CHN,center,False,
2025-01-11 15:00:00,27.7,1011.4,56.0,AWS-CHN-024,Chennai,CHN,center,False,
2025-01-11 16:00:00,27.2,1011.5,57.0,AWS-CHN-024,Chennai,CHN,center,False,
2025-01-11 17:00:00,26.6,1011.9,59.0,AWS-CHN-024,Chennai,CHN,center,False,
2025-01-11 18:00:00,25.6,1012.4,68.0,AWS-CHN-024,Chennai,CHN,center,False,
2025-01-11 19:00:00,25.4,1013.3,68.0,AWS-CHN-024,Chennai,CHN,center,False,
2025-01-11 20:00:00,25.3,1013.9,68.0,AWS-CHN-024,Chennai,CHN,center,False,
2025-01-11 21:00:00,25.5,1014.5,68.0,AWS-CHN-024,Chennai,CHN,center,False,
2025-01-11 22:00:00,25.2,1014.5,70.0,AWS-CHN-024,Chennai,CHN,center,False,
2025-01-11 23:00:00,24.8,1014.3,72.0,AWS-CHN-024,Chennai,CHN,center,False,
2025-01-12 00:00:00,24.7,1013.9,73.0,AWS-CHN-024,Chennai,CHN,center,False,
2025-01-12 01:00:00,24.4,1012.9,73.0,AWS-CHN-024,Chennai,CHN,center,False,
2025-01-12 02:00:00,24.3,1012.1,73.0,AWS-CHN-024,Chennai,CHN,center,False,
2025-01-12 03:00:00,24.1,1011.7,74.0,AWS-CHN-024,Chennai,CHN,center,False,
2025-01-12 04:00:00,24.1,1011.6,74.0,AWS-CHN-024,Chennai,CHN,center,False,
2025-01-12 05:00:00,24.3,1012.2,73.0,AWS-CHN-024,Chennai,CHN,center,False,
2025-01-12 06:00:00,25.4,1012.2,73.0,AWS-CHN-024,Chennai,CHN,center,False,
2025-01-12 07:00:00,25.5,1013.1,71.0,AWS-CHN-024,Chennai,CHN,center,False,
2025-01-12 08:00:00,26.1,1014.2,68.0,AWS-CHN-024,Chennai,CHN,center,False,
2025-01-12 09:00:00,26.4,1014.7,69.0,AWS-CHN-024,Chennai,CHN,center,False,
2025-01-12 10:00:00,26.4,1014.3,71.0,AWS-CHN-024,Chennai,CHN,center,False,
2025-01-12 11:00:00,26.1,1013.9,73.0,AWS-CHN-024,Chennai,CHN,center,False,
2025-01-12 12:00:00,26.8,1013.0,68.0,AWS-CHN-024,Chennai,CHN,center,False,
2025-01-12 13:00:00,26.4,1012.0,69.0,AWS-CHN-024,Chennai,CHN,center,False,
2025-01-12 14:00:00,26.5,1011.1,70.0,AWS-CHN-024,Chennai,CHN,center,False,
2025-01-12 15:00:00,26.0,1010.8,73.0,AWS-CHN-024,Chennai,CHN,center,False,
2025-01-12 16:00:00,25.9,1010.8,74.0,AWS-CHN-024,Chennai,CHN,center,False,
2025-01-12 17:00:00,25.7,1011.3,77.0,AWS-CHN-024,Chennai,CHN,center,False,
2025-01-12 18:00:00,25.6,1011.8,81.0,AWS-CHN-024,Chennai,CHN,center,False,
2025-01-12 19:00:00,25.7,1012.6,80.0,AWS-CHN-024,Chennai,CHN,center,False,
2025-01-12 20:00:00,25.6,1013.2,80.0,AWS-CHN-024,Chennai,CHN,center,False,
2025-01-12 21:00:00,25.4,1013.6,83.0,AWS-CHN-024,Chennai,CHN,center,False,
2025-01-12 22:00:00,24.8,1013.4,87.0,AWS-CHN-024,Chennai,CHN,center,False,
2025-01-12 23:00:00,24.8,1013.0,87.0,AWS-CHN-024,Chennai,CHN,center,False,
2025-01-13 00:00:00,24.5,1012.4,89.0,AWS-CHN-024,Chennai,CHN,center,False,
2025-01-13 01:00:00,23.7,1008.5796544371772,92.0,AWS-CHN-024,Chennai,CHN,center,True,drift
2025-01-13 02:00:00,23.6,1007.8120982978271,91.0,AWS-CHN-024,Chennai,CHN,center,True,drift
2025-01-13 03:00:00,23.6,1007.0945981111051,93.0,AWS-CHN-024,Chennai,CHN,center,True,drift
2025-01-13 04:00:00,23.8,1006.845992700589,94.0,AWS-CHN-024,Chennai,CHN,center,True,drift
2025-01-13 05:00:00,23.8,1006.9727302086945,92.0,AWS-CHN-024,Chennai,CHN,center,True,drift
2025-01-13 06:00:00,24.1,1007.3784714427283,94.0,AWS-CHN-024,Chennai,CHN,center,True,drift
2025-01-13 07:00:00,24.5,1008.1656558618012,92.0,AWS-CHN-024,Chennai,CHN,center,True,drift
2025-01-13 08:00:00,25.2,1008.836057085848,87.0,AWS-CHN-024,Chennai,CHN,center,True,drift
2025-01-13 09:00:00,25.9,1008.9910384472396,82.0,AWS-CHN-024,Chennai,CHN,center,True,drift
2025-01-13 10:00:00,26.0,1008.3316894182433,82.0,AWS-CHN-024,Chennai,CHN,center,True,drift
2025-01-13 11:00:00,26.4,1007.3589060032771,79.0,AWS-CHN-024,Chennai,CHN,center,True,drift
2025-01-13 12:00:00,26.4,1005.8734415966687,80.0,AWS-CHN-024,Chennai,CHN,center,True,drift
2025-01-13 13:00:00,26.7,1004.3759409328012,78.0,AWS-CHN-024,Chennai,CHN,center,True,drift
2025-01-13 14:00:00,26.9,1003.4669637268273,77.0,AWS-CHN-024,Chennai,CHN,center,True,drift
2025-01-13 15:00:00,26.4,1002.7470017074795,81.0,AWS-CHN-024,Chennai,CHN,center,True,drift
2025-01-13 16:00:00,26.2,1002.816491239207,79.0,AWS-CHN-024,Chennai,CHN,center,True,drift
2025-01-13 17:00:00,26.1,1002.775822899509,78.0,AWS-CHN-024,Chennai,CHN,center,True,drift
2025-01-13 18:00:00,26.1,1003.4253488938349,77.0,AWS-CHN-024,Chennai,CHN,center,True,drift
2025-01-13 19:00:00,26.2,1004.165388896942,77.0,AWS-CHN-024,Chennai,CHN,center,True,drift
2025-01-13 20:00:00,26.1,1004.1962347248959,79.0,AWS-CHN-024,Chennai,CHN,center,True,drift
2025-01-13 21:00:00,25.9,1004.5181541219429,80.0,AWS-CHN-024,Chennai,CHN,center,True,drift
2025-01-13 22:00:00,25.7,1004.3313938664364,81.0,AWS-CHN-024,Chennai,CHN,center,True,drift
2025-01-13 23:00:00,25.5,1003.4361823452908,81.0,AWS-CHN-024,Chennai,CHN,center,True,drift
2025-01-14 00:00:00,25.2,1002.5327317082276,82.0,AWS-CHN-024,Chennai,CHN,center,True,drift
2025-01-14 01:00:00,24.8,1001.3212396859116,85.0,AWS-CHN-024,Chennai,CHN,center,True,drift
2025-01-14 02:00:00,24.7,1000.3018911363918,86.0,AWS-CHN-024,Chennai,CHN,center,True,drift
2025-01-14 03:00:00,24.7,1009.8,85.0,AWS-CHN-024,Chennai,CHN,center,False,
2025-01-14 04:00:00,24.6,1010.1,84.0,AWS-CHN-024,Chennai,CHN,center,False,
2025-01-14 05:00:00,24.6,1010.8,84.0,AWS-CHN-024,Chennai,CHN,center,False,
2025-01-14 06:00:00,25.1,1011.9,81.0,AWS-CHN-024,Chennai,CHN,center,False,
2025-01-14 07:00:00,25.5,1012.9,79.0,AWS-CHN-024,Chennai,CHN,center,False,
2025-01-14 08:00:00,26.7,1013.8,71.0,AWS-CHN-024,Chennai,CHN,center,False,
2025-01-14 09:00:00,27.3,1014.5,69.0,AWS-CHN-024,Chennai,CHN,center,False,
2025-01-14 10:00:00,27.7,1014.2,67.0,AWS-CHN-024,Chennai,CHN,center,False,
2025-01-14 11:00:00,28.0,1014.0,66.0,AWS-CHN-024,Chennai,CHN,center,False,
2025-01-14 12:00:00,28.2,1013.1,65.0,AWS-CHN-024,Chennai,CHN,center,False,
2025-01-14 13:00:00,28.0,1012.0,65.0,AWS-CHN-024,Chennai,CHN,center,False,
2025-01-14 14:00:00,27.0,1011.3,71.0,AWS-CHN-024,Chennai,CHN,center,False,
2025-01-14 15:00:00,27.1,1010.9,70.0,AWS-CHN-024,Chennai,CHN,center,False,
2025-01-14 16:00:00,27.1,1011.1,68.0,AWS-CHN-024,Chennai,CHN,center,False,
2025-01-14 17:00:00,26.4,1011.6,71.0,AWS-CHN-024,Chennai,CHN,center,False,
2025-01-14 18:00:00,26.0,1012.4,77.0,AWS-CHN-024,Chennai,CHN,center,False,
2025-01-14 19:00:00,25.9,1013.2,78.0,AWS-CHN-024,Chennai,CHN,center,False,
2025-01-14 20:00:00,26.0,1014.0,77.0,AWS-CHN-024,Chennai,CHN,center,False,
2025-01-14 21:00:00,25.9,1014.2,76.0,AWS-CHN-024,Chennai,CHN,center,False,
2025-01-14 22:00:00,25.7,1014.2,76.0,AWS-CHN-024,Chennai,CHN,center,False,
2025-01-14 23:00:00,25.4,1013.8,77.0,AWS-CHN-024,Chennai,CHN,center,False,
2025-01-15 00:00:00,25.5,1013.2,77.0,AWS-CHN-024,Chennai,CHN,center,False,
2025-01-15 01:00:00,25.3,1012.5,77.0,AWS-CHN-024,Chennai,CHN,center,False,
2025-01-15 02:00:00,25.2,1011.8,76.0,AWS-CHN-024,Chennai,CHN,center,False,
2025-01-15 03:00:00,25.3,1011.7,75.0,AWS-CHN-024,Chennai,CHN,center,False,
2025-01-15 04:00:00,25.4,1011.7,75.0,AWS-CHN-024,Chennai,CHN,center,False,
2025-01-15 05:00:00,25.3,1012.3,75.0,AWS-CHN-024,Chennai,CHN,center,False,
2025-01-15 06:00:00,25.4,1013.0,77.0,AWS-CHN-024,Chennai,CHN,center,False,
2025-01-15 07:00:00,25.9,1014.1,75.0,AWS-CHN-024,Chennai,CHN,center,False,
2025-01-15 08:00:00,26.9,1015.0,68.0,AWS-CHN-024,Chennai,CHN,center,False,
2025-01-15 09:00:00,27.9,1015.4,62.0,AWS-CHN-024,Chennai,CHN,center,False,
2025-01-15 10:00:00,28.4,1015.3,60.0,AWS-CHN-024,Chennai,CHN,center,False,
2025-01-15 11:00:00,28.7,1014.8,59.0,AWS-CHN-024,Chennai,CHN,center,False,
2025-01-15 12:00:00,28.9,1013.7,58.0,AWS-CHN-024,Chennai,CHN,center,False,
2025-01-15 13:00:00,28.8,1012.6,58.0,AWS-CHN-024,Chennai,CHN,center,False,
2025-01-15 14:00:00,28.6,1011.6,58.0,AWS-CHN-024,Chennai,CHN,center,False,
2025-01-15 15:00:00,28.2,1011.1,60.0,AWS-CHN-024,Chennai,CHN,center,False,
2025-01-15 16:00:00,27.6,1011.2,61.0,AWS-CHN-024,Chennai,CHN,center,False,
2025-01-15 17:00:00,26.8,1011.8,65.0,AWS-CHN-024,Chennai,CHN,center,False,
2025-01-15 18:00:00,26.2,1012.8,73.0,AWS-CHN-024,Chennai,CHN,center,False,
2025-01-15 19:00:00,26.0,1013.5,73.0,AWS-CHN-024,Chennai,CHN,center,False,
2025-01-15 20:00:00,25.9,1014.2,74.0,AWS-CHN-024,Chennai,CHN,center,False,
2025-01-15 21:00:00,25.8,1014.8,72.0,AWS-CHN-024,Chennai,CHN,center,False,
2025-01-15 22:00:00,25.6,1014.8,72.0,AWS-CHN-024,Chennai,CHN,center,False,
2025-01-15 23:00:00,25.3,1014.4,72.0,AWS-CHN-024,Chennai,CHN,center,False,
2025-01-16 00:00:00,25.2,1014.0,73.0,AWS-CHN-024,Chennai,CHN,center,False,
2025-01-16 01:00:00,25.1,1013.0,73.0,AWS-CHN-024,Chennai,CHN,center,False,
2025-01-16 02:00:00,25.0,1012.1,73.0,AWS-CHN-024,Chennai,CHN,center,False,
2025-01-16 03:00:00,24.9,1011.4,73.0,AWS-CHN-024,Chennai,CHN,center,False,
2025-01-16 04:00:00,24.8,1011.2,73.0,AWS-CHN-024,Chennai,CHN,center,False,
2025-01-16 05:00:00,24.9,1011.5,73.0,AWS-CHN-024,Chennai,CHN,center,False,
2025-01-16 06:00:00,25.2,1012.7,73.0,AWS-CHN-024,Chennai,CHN,center,False,
2025-01-16 07:00:00,25.5,1013.5,72.0,AWS-CHN-024,Chennai,CHN,center,False,
2025-01-16 08:00:00,26.9,1014.4,64.0,AWS-CHN-024,Chennai,CHN,center,False,
2025-01-16 09:00:00,27.6,1014.8,60.0,AWS-CHN-024,Chennai,CHN,center,False,
2025-01-16 10:00:00,28.1,1014.6,58.0,AWS-CHN-024,Chennai,CHN,center,False,
2025-01-16 11:00:00,28.3,1014.3,58.0,AWS-CHN-024,Chennai,CHN,center,False,
2025-01-16 12:00:00,28.3,1013.4,57.0,AWS-CHN-024,Chennai,CHN,center,False,
2025-01-16 13:00:00,28.0,1012.2,57.0,AWS-CHN-024,Chennai,CHN,center,False,
2025-01-16 14:00:00,27.7,1011.5,59.0,AWS-CHN-024,Chennai,CHN,center,False,
2025-01-16 15:00:00,27.5,1011.3,60.0,AWS-CHN-024,Chennai,CHN,center,False,
2025-01-16 16:00:00,26.9,1011.4,62.0,AWS-CHN-024,Chennai,CHN,center,False,
2025-01-16 17:00:00,26.2,1011.8,65.0,AWS-CHN-024,Chennai,CHN,center,False,
2025-01-16 18:00:00,25.8,1012.2,70.0,AWS-CHN-024,Chennai,CHN,center,False,
2025-01-16 19:00:00,25.5,1013.3,72.0,AWS-CHN-024,Chennai,CHN,center,False,
2025-01-16 20:00:00,25.3,1014.2,72.0,AWS-CHN-024,Chennai,CHN,center,False,
2025-01-16 21:00:00,25.1,1015.1,73.0,AWS-CHN-024,Chennai,CHN,center,False,
2025-01-16 22:00:00,25.1,1015.4,72.0,AWS-CHN-024,Chennai,CHN,center,False,
2025-01-16 23:00:00,25.2,1014.6,71.0,AWS-CHN-024,Chennai,CHN,center,False,
2025-01-17 00:00:00,25.0,1014.0,72.0,AWS-CHN-024,Chennai,CHN,center,False,
2025-01-17 01:00:00,24.7,1013.0,74.0,AWS-CHN-024,Chennai,CHN,center,False,
2025-01-17 02:00:00,24.7,1011.9,74.0,AWS-CHN-024,Chennai,CHN,center,False,
2025-01-17 03:00:00,,1011.2,75.0,AWS-CHN-024,Chennai,CHN,center,True,dropout
2025-01-17 04:00:00,23.9,1011.0,79.0,AWS-CHN-024,Chennai,CHN,center,False,
2025-01-17 05:00:00,23.7,1011.4,80.0,AWS-CHN-024,Chennai,CHN,center,False,
2025-01-17 06:00:00,24.1,1012.2,81.0,AWS-CHN-024,Chennai,CHN,center,False,
2025-01-17 07:00:00,24.8,1012.9,78.0,AWS-CHN-024,Chennai,CHN,center,False,
2025-01-17 08:00:00,25.9,1013.6,71.0,AWS-CHN-024,Chennai,CHN,center,False,
2025-01-17 09:00:00,26.6,1013.7,68.0,AWS-CHN-024,Chennai,CHN,center,False,
2025-01-17 10:00:00,27.1,1013.3,65.0,AWS-CHN-024,Chennai,CHN,center,False,
2025-01-17 11:00:00,27.4,1012.8,62.0,AWS-CHN-024,Chennai,CHN,center,False,
2025-01-17 12:00:00,27.3,1011.9,63.0,AWS-CHN-024,Chennai,CHN,center,False,
2025-01-17 13:00:00,27.1,1011.0,63.0,AWS-CHN-024,Chennai,CHN,center,False,
2025-01-17 14:00:00,26.9,1010.1,65.0,AWS-CHN-024,Chennai,CHN,center,False,
2025-01-17 15:00:00,27.0,1009.9,64.0,AWS-CHN-024,Chennai,CHN,center,False,
2025-01-17 16:00:00,26.6,1010.1,65.0,AWS-CHN-024,Chennai,CHN,center,False,
2025-01-17 17:00:00,25.8,1010.5,68.0,AWS-CHN-024,Chennai,CHN,center,False,
2025-01-17 18:00:00,25.7,1011.0,67.0,AWS-CHN-024,Chennai,CHN,center,False,
2025-01-17 19:00:00,25.3,1012.0,70.0,AWS-CHN-024,Chennai,CHN,center,False,
2025-01-17 20:00:00,25.1,1012.3,71.0,AWS-CHN-024,Chennai,CHN,center,False,
2025-01-17 21:00:00,25.0,1013.0,72.0,AWS-CHN-024,Chennai,CHN,center,False,
2025-01-17 22:00:00,24.8,1013.1,72.0,AWS-CHN-024,Chennai,CHN,center,False,
2025-01-17 23:00:00,24.7,1012.8,72.0,AWS-CHN-024,Chennai,CHN,center,False,
2025-01-18 00:00:00,24.4,1012.2,72.0,AWS-CHN-024,Chennai,CHN,center,False,
2025-01-18 01:00:00,24.0,1011.3,73.0,AWS-CHN-024,Chennai,CHN,center,False,
2025-01-18 02:00:00,23.8,1010.8,73.0,AWS-CHN-024,Chennai,CHN,center,False,
2025-01-18 03:00:00,23.5,1010.2,75.0,AWS-CHN-024,Chennai,CHN,center,False,
2025-01-18 04:00:00,23.2,1010.0,77.0,AWS-CHN-024,Chennai,CHN,center,False,
2025-01-18 05:00:00,23.1,1010.3,78.0,AWS-CHN-024,Chennai,CHN,center,False,
2025-01-18 06:00:00,23.9,1010.8,75.0,AWS-CHN-024,Chennai,CHN,center,False,
2025-01-18 07:00:00,24.7,1011.9,72.0,AWS-CHN-024,Chennai,CHN,center,False,
2025-01-18 08:00:00,26.4,1012.4,62.0,AWS-CHN-024,Chennai,CHN,center,False,
2025-01-18 09:00:00,27.4,1013.0,58.0,AWS-CHN-024,Chennai,CHN,center,False,
2025-01-18 10:00:00,28.2,1012.9,55.0,AWS-CHN-024,Chennai,CHN,center,False,
2025-01-18 11:00:00,27.3,1012.5,61.0,AWS-CHN-024,Chennai,CHN,center,False,
2025-01-18 12:00:00,27.1,1011.8,64.0,AWS-CHN-024,Chennai,CHN,center,False,
2025-01-18 13:00:00,27.4,1010.4,64.0,AWS-CHN-024,Chennai,CHN,center,False,
2025-01-18 14:00:00,27.2,1009.4,64.0,AWS-CHN-024,Chennai,CHN,center,False,
2025-01-18 15:00:00,26.9,1009.0,66.0,AWS-CHN-024,Chennai,CHN,center,False,
2025-01-18 16:00:00,26.6,1009.1,69.0,AWS-CHN-024,Chennai,CHN,center,False,
2025-01-18 17:00:00,26.3,1009.4,72.0,AWS-CHN-024,Chennai,CHN,center,True,frozen_value
2025-01-18 18:00:00,25.6,1010.2,72.07927871526812,AWS-CHN-024,Chennai,CHN,center,True,frozen_value
2025-01-18 19:00:00,25.0,1011.1,72.07116620037405,AWS-CHN-024,Chennai,CHN,center,True,frozen_value
2025-01-18 20:00:00,24.8,1011.9,72.07820737217214,AWS-CHN-024,Chennai,CHN,center,True,frozen_value
2025-01-18 21:00:00,24.5,1012.3,72.0781781081757,AWS-CHN-024,Chennai,CHN,center,True,frozen_value
2025-01-18 22:00:00,24.4,1012.1,72.08,AWS-CHN-024,Chennai,CHN,center,True,frozen_value
2025-01-18 23:00:00,24.3,1011.7,72.03849971042786,AWS-CHN-024,Chennai,CHN,center,True,frozen_value
2025-01-19 00:00:00,24.1,1011.3,72.03037482388402,AWS-CHN-024,Chennai,CHN,center,True,frozen_value
2025-01-19 01:00:00,23.9,1010.7,72.01851158070568,AWS-CHN-024,Chennai,CHN,center,True,frozen_value
2025-01-19 02:00:00,23.9,1010.0,92.0,AWS-CHN-024,Chennai,CHN,center,False,
2025-01-19 03:00:00,23.6,1009.7,94.0,AWS-CHN-024,Chennai,CHN,center,False,
2025-01-19 04:00:00,23.4,1009.8,95.0,AWS-CHN-024,Chennai,CHN,center,False,
2025-01-19 05:00:00,23.3,1010.2,93.0,AWS-CHN-024,Chennai,CHN,center,False,
2025-01-19 06:00:00,24.1,1011.1,91.0,AWS-CHN-024,Chennai,CHN,center,False,
2025-01-19 07:00:00,24.6,1012.2,91.0,AWS-CHN-024,Chennai,CHN,center,False,
2025-01-19 08:00:00,25.4,1013.0,87.0,AWS-CHN-024,Chennai,CHN,center,False,
2025-01-19 09:00:00,25.1,1013.5,87.0,AWS-CHN-024,Chennai,CHN,center,False,
2025-01-19 10:00:00,26.7,1012.9,80.0,AWS-CHN-024,Chennai,CHN,center,False,
2025-01-19 11:00:00,26.7,1012.4,76.0,AWS-CHN-024,Chennai,CHN,center,False,
2025-01-19 12:00:00,27.1,1011.7,77.0,AWS-CHN-024,Chennai,CHN,center,False,
2025-01-19 13:00:00,27.3,1010.8,75.0,AWS-CHN-024,Chennai,CHN,center,False,
2025-01-19 14:00:00,27.4,1009.9,74.0,AWS-CHN-024,Chennai,CHN,center,False,
2025-01-19 15:00:00,26.9,1009.5,75.0,AWS-CHN-024,Chennai,CHN,center,False,
2025-01-19 16:00:00,26.5,1009.5,76.0,AWS-CHN-024,Chennai,CHN,center,False,
2025-01-19 17:00:00,25.7,1009.7,80.0,AWS-CHN-024,Chennai,CHN,center,False,
2025-01-19 18:00:00,25.5,1010.3,85.0,AWS-CHN-024,Chennai,CHN,center,False,
2025-01-19 19:00:00,25.3,1011.2,86.0,AWS-CHN-024,Chennai,CHN,center,False,
2025-01-19 20:00:00,25.2,1011.8,86.0,AWS-CHN-024,Chennai,CHN,center,False,
2025-01-19 21:00:00,24.9,1011.9,84.0,AWS-CHN-024,Chennai,CHN,center,False,
2025-01-19 22:00:00,24.7,1011.8,84.0,AWS-CHN-024,Chennai,CHN,center,False,
2025-01-19 23:00:00,24.5,1011.9,84.0,AWS-CHN-024,Chennai,CHN,center,False,
2025-01-20 00:00:00,24.3,1011.7,85.0,AWS-CHN-024,Chennai,CHN,center,False,
2025-01-20 01:00:00,24.1,1011.0,86.0,AWS-CHN-024,Chennai,CHN,center,False,
2025-01-20 02:00:00,23.8,1010.1,87.0,AWS-CHN-024,Chennai,CHN,center,False,
2025-01-20 03:00:00,23.6,1009.6,89.0,AWS-CHN-024,Chennai,CHN,center,False,
2025-01-20 04:00:00,23.4,1009.6,89.0,AWS-CHN-024,Chennai,CHN,center,False,
2025-01-20 05:00:00,23.2,1010.0,89.0,AWS-CHN-024,Chennai,CHN,center,False,
2025-01-20 06:00:00,23.3,1011.0,89.0,AWS-CHN-024,Chennai,CHN,center,False,
2025-01-20 07:00:00,23.4,1011.9,91.0,AWS-CHN-024,Chennai,CHN,center,False,
2025-01-20 08:00:00,24.6,1012.6,89.0,AWS-CHN-024,Chennai,CHN,center,False,
2025-01-20 09:00:00,25.9,1013.0,78.0,AWS-CHN-024,Chennai,CHN,center,False,
2025-01-20 10:00:00,27.0,1012.7,70.0,AWS-CHN-024,Chennai,CHN,center,False,
2025-01-20 11:00:00,27.4,1012.0,65.0,AWS-CHN-024,Chennai,CHN,center,False,
2025-01-20 12:00:00,27.6,1011.2,63.0,AWS-CHN-024,Chennai,CHN,center,False,
2025-01-20 13:00:00,27.5,1010.2,62.0,AWS-CHN-024,Chennai,CHN,center,False,
2025-01-20 14:00:00,27.3,1009.4,64.0,AWS-CHN-024,Chennai,CHN,center,False,
2025-01-20 15:00:00,26.9,1008.8,66.0,AWS-CHN-024,Chennai,CHN,center,False,
2025-01-20 16:00:00,26.3,1009.0,67.0,AWS-CHN-024,Chennai,CHN,center,False,
2025-01-20 17:00:00,25.6,1009.2,72.0,AWS-CHN-024,Chennai,CHN,center,False,
2025-01-20 18:00:00,25.2,1009.3,77.0,AWS-CHN-024,Chennai,CHN,center,False,
2025-01-20 19:00:00,24.9,1010.3,78.0,AWS-CHN-024,Chennai,CHN,center,False,
2025-01-20 20:00:00,3.7246115450413733,1010.8,79.0,AWS-CHN-024,Chennai,CHN,center,True,spike
2025-01-20 21:00:00,24.5,1011.4,79.0,AWS-CHN-024,Chennai,CHN,center,False,
2025-01-20 22:00:00,24.3,1011.4,79.0,AWS-CHN-024,Chennai,CHN,center,False,
2025-01-20 23:00:00,18.162840718225954,1019.110060591025,62.82042357494363,AWS-CHN-024,Chennai,CHN,center,True,unstructured_anomaly
2025-01-21 00:00:00,30.45913104536736,1003.2272937126814,63.79782056463623,AWS-CHN-024,Chennai,CHN,center,True,unstructured_anomaly
2025-01-21 01:00:00,17.551323973106054,1017.9489377562801,66.33278469324756,AWS-CHN-024,Chennai,CHN,center,True,unstructured_anomaly
2025-01-21 02:00:00,28.861779027963866,1001.1400853247761,95.0,AWS-CHN-024,Chennai,CHN,center,True,unstructured_anomaly
2025-01-21 03:00:00,16.524548727685687,1016.7645372263765,95.0,AWS-CHN-024,Chennai,CHN,center,True,unstructured_anomaly
2025-01-21 04:00:00,15.81989053913238,1017.079552314254,67.67820039441237,AWS-CHN-024,Chennai,CHN,center,True,unstructured_anomaly
2025-01-21 05:00:00,15.827092862968179,1016.5984723704846,67.59933391113474,AWS-CHN-024,Chennai,CHN,center,True,unstructured_anomaly
2025-01-21 06:00:00,23.2,1010.0,81.0,AWS-CHN-024,Chennai,CHN,center,False,
2025-01-21 07:00:00,23.7,1010.7,80.0,AWS-CHN-024,Chennai,CHN,center,False,
2025-01-21 08:00:00,25.1,1011.6,74.0,AWS-CHN-024,Chennai,CHN,center,False,
2025-01-21 09:00:00,26.3,1012.2,65.0,AWS-CHN-024,Chennai,CHN,center,False,
2025-01-21 10:00:00,27.0,1012.1,61.0,AWS-CHN-024,Chennai,CHN,center,False,
2025-01-21 11:00:00,27.5,1011.6,59.0,AWS-CHN-024,Chennai,CHN,center,False,
2025-01-21 12:00:00,27.7,1010.9,58.0,AWS-CHN-024,Chennai,CHN,center,False,
2025-01-21 13:00:00,27.8,1009.8,56.0,AWS-CHN-024,Chennai,CHN,center,False,
2025-01-21 14:00:00,27.6,1008.9,56.0,AWS-CHN-024,Chennai,CHN,center,False,
2025-01-21 15:00:00,27.4,1008.6,56.0,AWS-CHN-024,Chennai,CHN,center,False,
2025-01-21 16:00:00,26.9,1008.5,56.0,AWS-CHN-024,Chennai,CHN,center,False,
2025-01-21 17:00:00,26.2,1008.7,60.0,AWS-CHN-024,Chennai,CHN,center,False,
2025-01-21 18:00:00,25.3,1008.9,72.0,AWS-CHN-024,Chennai,CHN,center,False,
2025-01-21 19:00:00,24.8,1009.7,77.0,AWS-CHN-024,Chennai,CHN,center,False,
2025-01-21 20:00:00,24.5,1010.5,78.0,AWS-CHN-024,Chennai,CHN,center,False,
2025-01-21 21:00:00,24.3,1011.1,79.0,AWS-CHN-024,Chennai,CHN,center,False,
2025-01-21 22:00:00,24.2,1011.0,80.0,AWS-CHN-024,Chennai,CHN,center,False,
2025-01-21 23:00:00,24.0,1010.6,80.0,AWS-CHN-024,Chennai,CHN,center,False,
2025-01-22 00:00:00,23.8,1010.1,81.0,AWS-CHN-024,Chennai,CHN,center,False,
2025-01-22 01:00:00,23.3,1009.4,83.0,AWS-CHN-024,Chennai,CHN,center,False,
2025-01-22 02:00:00,22.9,1008.8,85.0,AWS-CHN-024,Chennai,CHN,center,False,
2025-01-22 03:00:00,22.7,1008.5,86.0,AWS-CHN-024,Chennai,CHN,center,False,
2025-01-22 04:00:00,22.6,1008.6,86.0,AWS-CHN-024,Chennai,CHN,center,False,
2025-01-22 05:00:00,22.4,1008.9,87.0,AWS-CHN-024,Chennai,CHN,center,False,
2025-01-22 06:00:00,23.1,1009.8,86.0,AWS-CHN-024,Chennai,CHN,center,False,
2025-01-22 07:00:00,23.5,1010.7,86.0,AWS-CHN-024,Chennai,CHN,center,False,
2025-01-22 08:00:00,25.0,1011.7,80.0,AWS-CHN-024,Chennai,CHN,center,False,
2025-01-22 09:00:00,26.7,1012.2,68.0,AWS-CHN-024,Chennai,CHN,center,False,
2025-01-22 10:00:00,27.8,1012.0,60.0,AWS-CHN-024,Chennai,CHN,center,False,
2025-01-22 11:00:00,28.3,1011.2,57.0,AWS-CHN-024,Chennai,CHN,center,False,
2025-01-22 12:00:00,28.4,1010.5,57.0,AWS-CHN-024,Chennai,CHN,center,False,
2025-01-22 13:00:00,28.1,1009.9,60.0,AWS-CHN-024,Chennai,CHN,center,False,
2025-01-22 14:00:00,27.9,1009.1,60.0,AWS-CHN-024,Chennai,CHN,center,False,
2025-01-22 15:00:00,27.9,1008.9,59.0,AWS-CHN-024,Chennai,CHN,center,False,
2025-01-22 16:00:00,27.5,1008.9,59.0,AWS-CHN-024,Chennai,CHN,center,False,
2025-01-22 17:00:00,26.6,1009.3,63.0,AWS-CHN-024,Chennai,CHN,center,False,
2025-01-22 18:00:00,25.7,1009.7,75.0,AWS-CHN-024,Chennai,CHN,center,False,
2025-01-22 19:00:00,25.3,1010.7,77.0,AWS-CHN-024,Chennai,CHN,center,False,
2025-01-22 20:00:00,25.0,1011.3,78.0,AWS-CHN-024,Chennai,CHN,center,False,
2025-01-22 21:00:00,24.8,1011.9,78.0,AWS-CHN-024,Chennai,CHN,center,False,
2025-01-22 22:00:00,24.5,1011.8,80.0,AWS-CHN-024,Chennai,CHN,center,False,
2025-01-22 23:00:00,24.5,1011.2,80.0,AWS-CHN-024,Chennai,CHN,center,False,
2025-01-23 00:00:00,24.6,1010.9,79.0,AWS-CHN-024,Chennai,CHN,center,False,
2025-01-23 01:00:00,24.5,1010.2,79.0,AWS-CHN-024,Chennai,CHN,center,False,
2025-01-23 02:00:00,24.2,1009.6,81.0,AWS-CHN-024,Chennai,CHN,center,False,
2025-01-23 03:00:00,24.0,1009.0,83.0,AWS-CHN-024,Chennai,CHN,center,False,
2025-01-23 04:00:00,23.1,1009.0,86.0,AWS-CHN-024,Chennai,CHN,center,False,
2025-01-23 05:00:00,22.6,1009.5,88.0,AWS-CHN-024,Chennai,CHN,center,False,
2025-01-23 06:00:00,23.2,1010.1,88.0,AWS-CHN-024,Chennai,CHN,center,False,
2025-01-23 07:00:00,24.1,1011.2,86.0,AWS-CHN-024,Chennai,CHN,center,False,
2025-01-23 08:00:00,25.5,1012.0,79.0,AWS-CHN-024,Chennai,CHN,center,False,
2025-01-23 09:00:00,26.8,1012.7,68.0,AWS-CHN-024,Chennai,CHN,center,False,
2025-01-23 10:00:00,28.0,1012.5,61.0,AWS-CHN-024,Chennai,CHN,center,False,
2025-01-23 11:00:00,28.6,1011.7,56.0,AWS-CHN-024,Chennai,CHN,center,False,
2025-01-23 12:00:00,28.9,1011.2,52.0,AWS-CHN-024,Chennai,CHN,center,False,
2025-01-23 13:00:00,29.0,1009.8,53.0,AWS-CHN-024,Chennai,CHN,center,False,
2025-01-23 14:00:00,28.8,1009.0,54.0,AWS-CHN-024,Chennai,CHN,center,False,
2025-01-23 15:00:00,28.4,1008.8,56.0,AWS-CHN-024,Chennai,CHN,center,False,
2025-01-23 16:00:00,21.15154681180057,1016.6633222692469,42.23038505688043,AWS-CHN-024,Chennai,CHN,center,True,unstructured_anomaly
2025-01-23 17:00:00,32.64727095447505,1001.9308187787519,78.3988927516671,AWS-CHN-024,Chennai,CHN,center,True,unstructured_anomaly
2025-01-23 18:00:00,20.18366750968599,1015.9642916141974,89.13362630413364,AWS-CHN-024,Chennai,CHN,center,True,unstructured_anomaly
2025-01-23 19:00:00,18.489737015901017,1017.1242563387841,56.149039686107244,AWS-CHN-024,Chennai,CHN,center,True,unstructured_anomaly
2025-01-23 20:00:00,18.986208591596956,1017.807951973517,95.0,AWS-CHN-024,Chennai,CHN,center,True,unstructured_anomaly
2025-01-23 21:00:00,31.429406139574926,1003.2611088266304,61.616147685303766,AWS-CHN-024,Chennai,CHN,center,True,unstructured_anomaly
2025-01-23 22:00:00,24.4,1011.3,77.0,AWS-CHN-024,Chennai,CHN,center,False,
2025-01-23 23:00:00,23.8,1010.7,79.0,AWS-CHN-024,Chennai,CHN,center,False,
2025-01-24 00:00:00,23.0,1010.1,83.0,AWS-CHN-024,Chennai,CHN,center,False,
2025-01-24 01:00:00,22.4,1009.3,86.0,AWS-CHN-024,Chennai,CHN,center,False,
2025-01-24 02:00:00,22.2,1008.7,88.0,AWS-CHN-024,Chennai,CHN,center,False,
2025-01-24 03:00:00,22.3,1008.4,88.0,AWS-CHN-024,Chennai,CHN,center,False,
2025-01-24 04:00:00,22.2,1008.6,87.0,AWS-CHN-024,Chennai,CHN,center,False,
2025-01-24 05:00:00,21.7,1009.1,88.0,AWS-CHN-024,Chennai,CHN,center,False,
2025-01-24 06:00:00,22.9,1009.4,83.0,AWS-CHN-024,Chennai,CHN,center,False,
2025-01-24 07:00:00,23.6,1010.2,77.0,AWS-CHN-024,Chennai,CHN,center,False,
2025-01-24 08:00:00,25.6,1011.2,68.0,AWS-CHN-024,Chennai,CHN,center,False,
2025-01-24 09:00:00,26.8,1012.3,59.0,AWS-CHN-024,Chennai,CHN,center,False,
2025-01-24 10:00:00,27.9,1012.4,50.0,AWS-CHN-024,Chennai,CHN,center,False,
2025-01-24 11:00:00,28.2,1011.9,53.0,AWS-CHN-024,Chennai,CHN,center,False,
2025-01-24 12:00:00,28.1,1011.4,55.0,AWS-CHN-024,Chennai,CHN,center,False,
2025-01-24 13:00:00,28.5,1010.5,52.0,AWS-CHN-024,Chennai,CHN,center,False,
2025-01-24 14:00:00,28.5,1009.3,49.0,AWS-CHN-024,Chennai,CHN,center,False,
2025-01-24 15:00:00,28.3,1008.8,48.0,AWS-CHN-024,Chennai,CHN,center,False,
2025-01-24 16:00:00,27.8,1008.7,51.0,AWS-CHN-024,Chennai,CHN,center,False,
2025-01-24 17:00:00,26.7,1009.2,58.0,AWS-CHN-024,Chennai,CHN,center,False,
2025-01-24 18:00:00,26.0,1009.9,66.0,AWS-CHN-024,Chennai,CHN,center,False,
2025-01-24 19:00:00,25.3,1011.0,72.0,AWS-CHN-024,Chennai,CHN,center,False,
2025-01-24 20:00:00,24.8,1011.5,75.0,AWS-CHN-024,Chennai,CHN,center,False,
2025-01-24 21:00:00,24.2,1011.8,79.0,AWS-CHN-024,Chennai,CHN,center,False,
2025-01-24 22:00:00,23.8,1011.8,81.0,AWS-CHN-024,Chennai,CHN,center,False,
2025-01-24 23:00:00,23.5,1011.6,81.0,AWS-CHN-024,Chennai,CHN,center,False,
2025-01-25 00:00:00,22.9,1011.0,82.0,AWS-CHN-024,Chennai,CHN,center,False,
2025-01-25 01:00:00,22.3,1010.3,86.0,AWS-CHN-024,Chennai,CHN,center,False,
2025-01-25 02:00:00,21.8,1009.8,89.0,AWS-CHN-024,Chennai,CHN,center,False,
2025-01-25 03:00:00,21.5,1009.7,91.0,AWS-CHN-024,Chennai,CHN,center,False,
2025-01-25 04:00:00,21.8,1009.9,90.0,AWS-CHN-024,Chennai,CHN,center,False,
2025-01-25 05:00:00,16.08503331206591,1017.278820307797,70.5128822946468,AWS-CHN-024,Chennai,CHN,center,True,unstructured_anomaly
2025-01-25 06:00:00,29.694538053244187,1004.1780289787206,69.12968177984649,AWS-CHN-024,Chennai,CHN,center,True,unstructured_anomaly
2025-01-25 07:00:00,17.038507675001277,1019.4026867631892,95.0,AWS-CHN-024,Chennai,CHN,center,True,unstructured_anomaly
2025-01-25 08:00:00,32.92122854107802,1006.2997999050687,53.76652257460664,AWS-CHN-024,Chennai,CHN,center,True,unstructured_anomaly
2025-01-25 09:00:00,33.355467567727004,1005.4391200622822,44.36569593989604,AWS-CHN-024,Chennai,CHN,center,True,unstructured_anomaly
2025-01-25 10:00:00,20.465315277469074,1021.5174876890536,42.79556355271147,AWS-CHN-024,Chennai,CHN,center,True,unstructured_anomaly
2025-01-25 11:00:00,21.01894364483625,1020.7446079931096,40.28899974518963,AWS-CHN-024,Chennai,CHN,center,True,unstructured_anomaly
2025-01-25 12:00:00,22.518174821936572,1018.2604359941107,39.08059179290893,AWS-CHN-024,Chennai,CHN,center,True,unstructured_anomaly
2025-01-25 13:00:00,28.7,1010.4,50.0,AWS-CHN-024,Chennai,CHN,center,False,
2025-01-25 14:00:00,28.5,1009.3,50.0,AWS-CHN-024,Chennai,CHN,center,False,
2025-01-25 15:00:00,27.9,1008.5,54.0,AWS-CHN-024,Chennai,CHN,center,False,
2025-01-25 16:00:00,27.0,1008.6,59.0,AWS-CHN-024,Chennai,CHN,center,False,
2025-01-25 17:00:00,25.9,1008.9,64.0,AWS-CHN-024,Chennai,CHN,center,False,
2025-01-25 18:00:00,25.3,1009.5,73.0,AWS-CHN-024,Chennai,CHN,center,False,
2025-01-25 19:00:00,24.7,1010.5,77.0,AWS-CHN-024,Chennai,CHN,center,False,
2025-01-25 20:00:00,24.4,1011.4,80.0,AWS-CHN-024,Chennai,CHN,center,False,
2025-01-25 21:00:00,24.1,1011.8,81.0,AWS-CHN-024,Chennai,CHN,center,False,
2025-01-25 22:00:00,23.5,1011.8,84.0,AWS-CHN-024,Chennai,CHN,center,False,
2025-01-25 23:00:00,23.0,1011.8,87.0,AWS-CHN-024,Chennai,CHN,center,False,
2025-01-26 00:00:00,22.5,1011.4,90.0,AWS-CHN-024,Chennai,CHN,center,False,
2025-01-26 01:00:00,22.0,1010.7,92.0,AWS-CHN-024,Chennai,CHN,center,False,
2025-01-26 02:00:00,21.4,1010.2,95.0,AWS-CHN-024,Chennai,CHN,center,False,
2025-01-26 03:00:00,20.9,1009.8,94.0,AWS-CHN-024,Chennai,CHN,center,False,
2025-01-26 04:00:00,20.3,1009.8,95.0,AWS-CHN-024,Chennai,CHN,center,True,frozen_value
2025-01-26 05:00:00,19.9,1023.9043678159171,94.99696385907268,AWS-CHN-024,Chennai,CHN,center,True,frozen_value
2025-01-26 06:00:00,21.2,1010.9,94.98534650146708,AWS-CHN-024,Chennai,CHN,center,True,frozen_value
2025-01-26 07:00:00,21.6,1011.9,95.00467189167438,AWS-CHN-024,Chennai,CHN,center,True,frozen_value
2025-01-26 08:00:00,23.2,1012.6,95.00352881119686,AWS-CHN-024,Chennai,CHN,center,True,frozen_value
2025-01-26 09:00:00,25.9,1013.2,95.02697576165426,AWS-CHN-024,Chennai,CHN,center,True,frozen_value
2025-01-26 10:00:00,27.4,1013.0,95.03674082091946,AWS-CHN-024,Chennai,CHN,center,True,frozen_value
2025-01-26 11:00:00,28.3,1012.6,58.0,AWS-CHN-024,Chennai,CHN,center,False,
2025-01-26 12:00:00,28.6,1011.6,54.0,AWS-CHN-024,Chennai,CHN,center,False,
2025-01-26 13:00:00,28.5,1010.3,55.0,AWS-CHN-024,Chennai,CHN,center,False,
2025-01-26 14:00:00,28.4,1009.4,57.0,AWS-CHN-024,Chennai,CHN,center,False,
2025-01-26 15:00:00,27.8,1008.9,60.0,AWS-CHN-024,Chennai,CHN,center,False,
2025-01-26 16:00:00,27.0,1008.8,64.0,AWS-CHN-024,Chennai,CHN,center,False,
2025-01-26 17:00:00,26.1,1009.3,68.0,AWS-CHN-024,Chennai,CHN,center,False,
2025-01-26 18:00:00,25.9,1009.6,70.0,AWS-CHN-024,Chennai,CHN,center,False,
2025-01-26 19:00:00,25.6,1010.0,73.0,AWS-CHN-024,Chennai,CHN,center,False,
2025-01-26 20:00:00,25.2,1011.0,76.0,AWS-CHN-024,Chennai,CHN,center,False,
2025-01-26 21:00:00,24.7,1011.3,79.0,AWS-CHN-024,Chennai,CHN,center,False,
2025-01-26 22:00:00,24.2,1011.4,82.0,AWS-CHN-024,Chennai,CHN,center,False,
2025-01-26 23:00:00,23.6,1010.8,86.0,AWS-CHN-024,Chennai,CHN,center,False,
2025-01-27 00:00:00,30.45625561638637,1010.1956364247976,100.0,AWS-CHN-024,Chennai,CHN,center,True,multivariate_inconsistency
2025-01-27 01:00:00,30.05625561638637,1009.5675701985091,100.0,AWS-CHN-024,Chennai,CHN,center,True,multivariate_inconsistency
2025-01-27 02:00:00,29.45625561638637,1009.3496652369444,100.0,AWS-CHN-024,Chennai,CHN,center,True,multivariate_inconsistency
2025-01-27 03:00:00,21.4,1008.7,95.0,AWS-CHN-024,Chennai,CHN,center,False,
2025-01-27 04:00:00,21.0,1008.5,95.0,AWS-CHN-024,Chennai,CHN,center,False,
2025-01-27 05:00:00,20.8,1008.9,95.0,AWS-CHN-024,Chennai,CHN,center,False,
2025-01-27 06:00:00,21.9,1009.9,97.0,AWS-CHN-024,Chennai,CHN,center,False,
2025-01-27 07:00:00,22.3,1010.8,96.0,AWS-CHN-024,Chennai,CHN,center,False,
2025-01-27 08:00:00,24.0,1011.8,87.0,AWS-CHN-024,Chennai,CHN,center,False,
2025-01-27 09:00:00,26.0,1012.2,74.0,AWS-CHN-024,Chennai,CHN,center,False,
2025-01-27 10:00:00,27.7,1012.3,63.0,AWS-CHN-024,Chennai,CHN,center,False,
2025-01-27 11:00:00,28.8,1011.9,52.0,AWS-CHN-024,Chennai,CHN,center,False,
2025-01-27 12:00:00,29.3,1011.0,48.0,AWS-CHN-024,Chennai,CHN,center,False,
2025-01-27 13:00:00,29.2,1009.8,49.0,AWS-CHN-024,Chennai,CHN,center,False,
2025-01-27 14:00:00,29.0,1008.9,50.0,AWS-CHN-024,Chennai,CHN,center,False,
2025-01-27 15:00:00,28.3,1008.4,54.0,AWS-CHN-024,Chennai,CHN,center,False,
2025-01-27 16:00:00,27.4,1008.4,61.0,AWS-CHN-024,Chennai,CHN,center,False,
2025-01-27 17:00:00,26.2,1008.6,70.0,AWS-CHN-024,Chennai,CHN,center,False,
2025-01-27 18:00:00,25.9,1009.1,75.0,AWS-CHN-024,Chennai,CHN,center,False,
2025-01-27 19:00:00,25.4,1009.8,82.0,AWS-CHN-024,Chennai,CHN,center,False,
2025-01-27 20:00:00,25.3,1010.7,83.0,AWS-CHN-024,Chennai,CHN,center,False,
2025-01-27 21:00:00,25.3,1011.1,80.0,AWS-CHN-024,Chennai,CHN,center,False,
2025-01-27 22:00:00,25.0,1011.1,78.0,AWS-CHN-024,Chennai,CHN,center,False,
2025-01-27 23:00:00,24.5,1010.4,81.0,AWS-CHN-024,Chennai,CHN,center,False,
2025-01-28 00:00:00,24.0,1010.0,83.0,AWS-CHN-024,Chennai,CHN,center,False,
2025-01-28 01:00:00,23.7,1009.3,84.0,AWS-CHN-024,Chennai,CHN,center,False,
2025-01-28 02:00:00,23.2,1008.7,86.0,AWS-CHN-024,Chennai,CHN,center,False,
2025-01-28 03:00:00,23.2,1008.2,86.0,AWS-CHN-024,Chennai,CHN,center,False,
2025-01-28 04:00:00,23.0,1008.0,86.0,AWS-CHN-024,Chennai,CHN,center,False,
2025-01-28 05:00:00,22.0,1008.3,90.0,AWS-CHN-024,Chennai,CHN,center,False,
2025-01-28 06:00:00,22.6,1009.1,97.0,AWS-CHN-024,Chennai,CHN,center,False,
2025-01-28 07:00:00,23.0,1010.3,94.0,AWS-CHN-024,Chennai,CHN,center,False,
2025-01-28 08:00:00,24.2,1011.5,89.0,AWS-CHN-024,Chennai,CHN,center,False,
2025-01-28 09:00:00,26.5,1012.3,69.0,AWS-CHN-024,Chennai,CHN,center,False,
2025-01-28 10:00:00,28.7,1012.5,47.0,AWS-CHN-024,Chennai,CHN,center,False,
2025-01-28 11:00:00,29.3,1012.1,44.0,AWS-CHN-024,Chennai,CHN,center,False,
2025-01-28 12:00:00,29.3,1011.6,44.0,AWS-CHN-024,Chennai,CHN,center,False,
2025-01-28 13:00:00,29.4,1010.5,41.0,AWS-CHN-024,Chennai,CHN,center,False,
2025-01-28 14:00:00,29.3,1009.7,44.0,AWS-CHN-024,Chennai,CHN,center,False,
2025-01-28 15:00:00,28.8,1009.0,47.0,AWS-CHN-024,Chennai,CHN,center,False,
2025-01-28 16:00:00,28.1,1009.0,50.0,AWS-CHN-024,Chennai,CHN,center,False,
2025-01-28 17:00:00,27.1,1009.4,56.0,AWS-CHN-024,Chennai,CHN,center,False,
2025-01-28 18:00:00,26.6,1010.1,64.0,AWS-CHN-024,Chennai,CHN,center,False,
2025-01-28 19:00:00,26.2,1011.1,69.0,AWS-CHN-024,Chennai,CHN,center,False,
2025-01-28 20:00:00,26.0,1012.1,72.0,AWS-CHN-024,Chennai,CHN,center,False,
2025-01-28 21:00:00,25.6,1013.0,75.0,AWS-CHN-024,Chennai,CHN,center,False,
2025-01-28 22:00:00,25.1,1013.1,78.0,AWS-CHN-024,Chennai,CHN,center,False,
2025-01-28 23:00:00,25.0,1012.9,79.0,AWS-CHN-024,Chennai,CHN,center,False,
2025-01-29 00:00:00,24.8,1012.5,77.0,AWS-CHN-024,Chennai,CHN,center,False,
2025-01-29 01:00:00,24.5,1011.9,74.0,AWS-CHN-024,Chennai,CHN,center,False,
2025-01-29 02:00:00,23.5,1011.0,78.0,AWS-CHN-024,Chennai,CHN,center,False,
2025-01-29 03:00:00,22.9,1010.8,81.0,AWS-CHN-024,Chennai,CHN,center,False,
2025-01-29 04:00:00,22.3,1010.6,85.0,AWS-CHN-024,Chennai,CHN,center,False,
2025-01-29 05:00:00,22.1,1011.0,86.0,AWS-CHN-024,Chennai,CHN,center,False,
2025-01-29 06:00:00,19.500387665683665,1011.6,86.0,AWS-CHN-024,Chennai,CHN,center,True,drift
2025-01-29 07:00:00,20.310979000436443,1012.3,78.0,AWS-CHN-024,Chennai,CHN,center,True,drift
2025-01-29 08:00:00,22.189832519799094,1013.3,57.0,AWS-CHN-024,Chennai,CHN,center,True,drift
2025-01-29 09:00:00,23.254878638363188,1014.0,50.0,AWS-CHN-024,Chennai,CHN,center,True,drift
2025-01-29 10:00:00,23.7104836710998,1014.0,48.0,AWS-CHN-024,Chennai,CHN,center,True,drift
2025-01-29 11:00:00,23.75881944179551,1013.4,48.0,AWS-CHN-024,Chennai,CHN,center,True,drift
2025-01-29 12:00:00,23.301206416317612,1012.5,50.0,AWS-CHN-024,Chennai,CHN,center,True,drift
2025-01-29 13:00:00,23.038538793816116,1011.3,48.0,AWS-CHN-024,Chennai,CHN,center,True,drift
2025-01-29 14:00:00,22.67146501664452,1010.2,48.0,AWS-CHN-024,Chennai,CHN,center,True,drift
2025-01-29 15:00:00,21.900478259171777,1009.4,50.0,AWS-CHN-024,Chennai,CHN,center,True,drift
2025-01-29 16:00:00,20.825967036174134,1009.3,55.0,AWS-CHN-024,Chennai,CHN,center,True,drift
2025-01-29 17:00:00,19.548245815777623,1009.8,61.0,AWS-CHN-024,Chennai,CHN,center,True,drift
2025-01-29 18:00:00,18.967574667383637,1010.2,63.0,AWS-CHN-024,Chennai,CHN,center,True,drift
2025-01-29 19:00:00,18.284172471900824,1011.2,67.0,AWS-CHN-024,Chennai,CHN,center,True,drift
2025-01-29 20:00:00,17.69822614294047,1011.8,69.0,AWS-CHN-024,Chennai,CHN,center,True,drift
2025-01-29 21:00:00,17.109897265679056,1012.1,71.0,AWS-CHN-024,Chennai,CHN,center,True,drift
2025-01-29 22:00:00,16.719327002262244,1012.1,71.0,AWS-CHN-024,Chennai,CHN,center,True,drift
2025-01-29 23:00:00,16.226639797425115,1011.7,73.0,AWS-CHN-024,Chennai,CHN,center,True,drift
2025-01-30 00:00:00,15.331946231684533,1011.3,76.0,AWS-CHN-024,Chennai,CHN,center,True,drift
2025-01-30 01:00:00,14.835345255020938,1010.5,77.0,AWS-CHN-024,Chennai,CHN,center,True,drift
2025-01-30 02:00:00,14.536925961320199,1009.8,77.0,AWS-CHN-024,Chennai,CHN,center,True,drift
2025-01-30 03:00:00,13.936769016385455,1009.4,80.0,AWS-CHN-024,Chennai,CHN,center,True,drift
2025-01-30 04:00:00,13.334947820529713,1009.3,81.0,AWS-CHN-024,Chennai,CHN,center,True,drift
2025-01-30 05:00:00,12.731529464972027,1009.9,81.0,AWS-CHN-024,Chennai,CHN,center,True,drift
2025-01-30 06:00:00,12.926575526030515,1011.0,84.0,AWS-CHN-024,Chennai,CHN,center,True,drift
2025-01-30 07:00:00,12.720142730267385,1011.8,82.0,AWS-CHN-024,Chennai,CHN,center,True,drift
2025-01-30 08:00:00,14.412283515902116,1012.7,73.0,AWS-CHN-024,Chennai,CHN,center,True,drift
2025-01-30 09:00:00,16.103046510055222,1013.2,66.0,AWS-CHN-024,Chennai,CHN,center,True,drift
2025-01-30 10:00:00,17.392476937104647,1013.0,58.0,AWS-CHN-024,Chennai,CHN,center,True,drift
2025-01-30 11:00:00,18.080616970213107,1012.2,54.0,AWS-CHN-024,Chennai,CHN,center,True,drift
2025-01-30 12:00:00,18.267506035629317,1011.1,54.0,AWS-CHN-024,Chennai,CHN,center,True,drift
2025-01-30 13:00:00,30.7,1009.6,55.0,AWS-CHN-024,Chennai,CHN,center,False,
2025-01-30 14:00:00,30.0,1008.3,58.0,AWS-CHN-024,Chennai,CHN,center,False,
2025-01-30 15:00:00,28.9,1007.6,62.0,AWS-CHN-024,Chennai,CHN,center,False,
2025-01-30 16:00:00,27.9,1007.8,66.0,AWS-CHN-024,Chennai,CHN,center,False,
2025-01-30 17:00:00,26.9,1008.1,72.0,AWS-CHN-024,Chennai,CHN,center,False,
2025-01-30 18:00:00,26.1,1008.4,81.0,AWS-CHN-024,Chennai,CHN,center,False,
2025-01-30 19:00:00,25.8,1009.3,84.0,AWS-CHN-024,Chennai,CHN,center,False,
2025-01-30 20:00:00,25.7,1010.2,85.0,AWS-CHN-024,Chennai,CHN,center,False,
2025-01-30 21:00:00,25.7,1010.5,84.0,AWS-CHN-024,Chennai,CHN,center,False,
2025-01-30 22:00:00,25.6,1010.5,84.0,AWS-CHN-024,Chennai,CHN,center,False,
2025-01-30 23:00:00,25.4,1010.1,85.0,AWS-CHN-024,Chennai,CHN,center,False,
2025-01-31 00:00:00,25.4,1009.6,86.0,AWS-CHN-024,Chennai,CHN,center,False,
2025-01-31 01:00:00,25.3,1008.9,87.0,AWS-CHN-024,Chennai,CHN,center,False,
2025-01-31 02:00:00,24.5,1008.6,91.0,AWS-CHN-024,Chennai,CHN,center,False,
2025-01-31 03:00:00,24.0,1008.5,94.0,AWS-CHN-024,Chennai,CHN,center,False,
2025-01-31 04:00:00,23.5,1008.5,96.0,AWS-CHN-024,Chennai,CHN,center,False,
2025-01-31 05:00:00,23.0,1009.0,97.0,AWS-CHN-024,Chennai,CHN,center,False,
2025-01-31 06:00:00,23.6,1009.8,98.0,AWS-CHN-024,Chennai,CHN,center,False,
2025-01-31 07:00:00,24.2,1010.8,95.0,AWS-CHN-024,Chennai,CHN,center,False,
2025-01-31 08:00:00,25.8,1011.8,85.0,AWS-CHN-024,Chennai,CHN,center,False,
2025-01-31 09:00:00,27.9,1012.5,72.0,AWS-CHN-024,Chennai,CHN,center,False,
2025-01-31 10:00:00,29.2,1012.2,66.0,AWS-CHN-024,Chennai,CHN,center,False,
2025-01-31 11:00:00,29.9,1011.6,63.0,AWS-CHN-024,Chennai,CHN,center,False,
2025-01-31 12:00:00,30.1,1010.5,62.0,AWS-CHN-024,Chennai,CHN,center,False,
2025-01-31 13:00:00,30.1,1009.6,62.0,AWS-CHN-024,Chennai,CHN,center,False,
2025-01-31 14:00:00,29.7,1008.5,64.0,AWS-CHN-024,Chennai,CHN,center,False,
2025-01-31 15:00:00,29.4,1007.7,66.0,AWS-CHN-024,Chennai,CHN,center,False,
2025-01-31 16:00:00,28.6,1007.6,70.0,AWS-CHN-024,Chennai,CHN,center,False,
2025-01-31 17:00:00,42.905379537291935,1007.9,76.0,AWS-CHN-024,Chennai,CHN,center,True,spike
2025-01-31 18:00:00,46.92699339847951,1008.4,84.0,AWS-CHN-024,Chennai,CHN,center,True,spike
2025-01-31 19:00:00,51.34860725966709,1009.2,86.0,AWS-CHN-024,Chennai,CHN,center,True,spike
2025-01-31 20:00:00,55.67022112085467,1010.0,88.0,AWS-CHN-024,Chennai,CHN,center,True,spike
2025-01-31 21:00:00,60.0,1010.5,88.0,AWS-CHN-024,Chennai,CHN,center,True,spike
2025-01-31 22:00:00,26.0,1010.5,89.0,AWS-CHN-024,Chennai,CHN,center,False,
2025-01-31 23:00:00,25.8,1010.2,90.0,AWS-CHN-024,Chennai,CHN,center,False,
2025-02-01 00:00:00,25.5,1009.9,91.0,AWS-CHN-024,Chennai,CHN,center,False,
2025-02-01 01:00:00,18.346664978965247,1016.5030500774657,95.0,AWS-CHN-024,Chennai,CHN,center,True,unstructured_anomaly
2025-02-01 02:00:00,18.654875273311298,1015.3362885719108,76.99645408868787,AWS-CHN-024,Chennai,CHN,center,True,unstructured_anomaly
2025-02-01 03:00:00,17.805111379423863,1015.3814577692898,81.0277642892653,AWS-CHN-024,Chennai,CHN,center,True,unstructured_anomaly
2025-02-01 04:00:00,18.766812015715125,1015.242703030342,95.0,AWS-CHN-024,Chennai,CHN,center,True,unstructured_anomaly
2025-02-01 05:00:00,29.443225691234904,1002.2000115722964,81.28514484174414,AWS-CHN-024,Chennai,CHN,center,True,unstructured_anomaly
2025-02-01 06:00:00,17.71104136352703,1018.0558123943757,95.0,AWS-CHN-024,Chennai,CHN,center,True,unstructured_anomaly
2025-02-01 07:00:00,30.884507051785818,1003.9710055131536,75.69752539037935,AWS-CHN-024,Chennai,CHN,center,True,unstructured_anomaly
2025-02-01 08:00:00,26.7,1011.7,85.0,AWS-CHN-024,Chennai,CHN,center,False,
2025-02-01 09:00:00,28.3,1012.5,71.0,AWS-CHN-024,Chennai,CHN,center,False,
2025-02-01 10:00:00,29.5,1012.5,61.0,AWS-CHN-024,Chennai,CHN,center,False,
2025-02-01 11:00:00,30.2,1011.8,58.0,AWS-CHN-024,Chennai,CHN,center,False,
2025-02-01 12:00:00,30.5,1011.1,56.0,AWS-CHN-024,Chennai,CHN,center,False,
2025-02-01 13:00:00,30.3,1010.1,57.0,AWS-CHN-024,Chennai,CHN,center,False,
2025-02-01 14:00:00,29.8,1009.1,60.0,AWS-CHN-024,Chennai,CHN,center,False,
2025-02-01 15:00:00,29.2,1008.6,64.0,AWS-CHN-024,Chennai,CHN,center,False,
2025-02-01 16:00:00,28.4,1008.8,68.0,AWS-CHN-024,Chennai,CHN,center,False,
2025-02-01 17:00:00,-39.99448012391238,1009.1,74.0,AWS-CHN-024,Chennai,CHN,center,True,sensor_fail_low
2025-02-01 18:00:00,-40.0002405374112,1009.2,81.0,AWS-CHN-024,Chennai,CHN,center,True,sensor_fail_low
2025-02-01 19:00:00,-39.995800896862185,1010.0,82.0,AWS-CHN-024,Chennai,CHN,center,True,sensor_fail_low
2025-02-01 20:00:00,-39.9590544110722,1010.9,82.0,AWS-CHN-024,Chennai,CHN,center,True,sensor_fail_low
2025-02-01 21:00:00,26.0,1011.8,83.0,AWS-CHN-024,Chennai,CHN,center,False,
2025-02-01 22:00:00,25.7,1011.9,86.0,AWS-CHN-024,Chennai,CHN,center,False,
2025-02-01 23:00:00,25.3,1011.6,88.0,AWS-CHN-024,Chennai,CHN,center,False,
2025-02-02 00:00:00,24.9,1011.4,90.0,AWS-CHN-024,Chennai,CHN,center,False,
2025-02-02 01:00:00,24.6,1010.7,91.0,AWS-CHN-024,Chennai,CHN,center,False,
2025-02-02 02:00:00,24.1,1010.2,92.0,AWS-CHN-024,Chennai,CHN,center,False,
2025-02-02 03:00:00,23.6,1009.7,93.0,AWS-CHN-024,Chennai,CHN,center,False,
2025-02-02 04:00:00,23.3,1009.8,95.0,AWS-CHN-024,Chennai,CHN,center,False,
2025-02-02 05:00:00,23.0,1010.2,98.0,AWS-CHN-024,Chennai,CHN,center,False,
2025-02-02 06:00:00,23.8,1011.1,97.0,AWS-CHN-024,Chennai,CHN,center,False,
2025-02-02 07:00:00,24.0,1012.0,96.0,AWS-CHN-024,Chennai,CHN,center,False,
2025-02-02 08:00:00,25.6,1012.6,85.0,AWS-CHN-024,Chennai,CHN,center,False,
2025-02-02 09:00:00,27.5,1013.1,69.0,AWS-CHN-024,Chennai,CHN,center,False,
2025-02-02 10:00:00,29.3,1012.6,59.0,AWS-CHN-024,Chennai,CHN,center,False,
2025-02-02 11:00:00,30.5,1011.8,51.0,AWS-CHN-024,Chennai,CHN,center,False,
2025-02-02 12:00:00,30.8,1010.6,51.0,AWS-CHN-024,Chennai,CHN,center,False,
2025-02-02 13:00:00,30.4,1009.6,55.0,AWS-CHN-024,Chennai,CHN,center,False,
2025-02-02 14:00:00,29.8,1008.8,57.0,AWS-CHN-024,Chennai,CHN,center,False,
2025-02-02 15:00:00,29.0,1008.4,60.0,AWS-CHN-024,Chennai,CHN,center,False,
2025-02-02 16:00:00,28.2,1008.4,59.0,AWS-CHN-024,Chennai,CHN,center,False,
2025-02-02 17:00:00,27.2,1008.8,60.0,AWS-CHN-024,Chennai,CHN,center,False,
2025-02-02 18:00:00,26.5,1009.3,68.0,AWS-CHN-024,Chennai,CHN,center,False,
2025-02-02 19:00:00,26.2,1010.2,69.0,AWS-CHN-024,Chennai,CHN,center,False,
2025-02-02 20:00:00,25.8,1010.8,72.0,AWS-CHN-024,Chennai,CHN,center,False,
2025-02-02 21:00:00,25.5,1011.6,75.0,AWS-CHN-024,Chennai,CHN,center,False,
2025-02-02 22:00:00,25.1,1011.5,78.0,AWS-CHN-024,Chennai,CHN,center,False,
2025-02-02 23:00:00,24.7,1011.3,81.0,AWS-CHN-024,Chennai,CHN,center,False,
2025-02-03 00:00:00,23.8,1010.7,86.0,AWS-CHN-024,Chennai,CHN,center,False,
2025-02-03 01:00:00,22.7,1009.9,91.0,AWS-CHN-024,Chennai,CHN,center,False,
2025-02-03 02:00:00,22.2,1009.4,94.0,AWS-CHN-024,Chennai,CHN,center,False,
2025-02-03 03:00:00,21.5,1009.1,95.0,AWS-CHN-024,Chennai,CHN,center,False,
2025-02-03 04:00:00,20.9,1009.2,95.0,AWS-CHN-024,Chennai,CHN,center,False,
2025-02-03 05:00:00,27.264867384454803,1009.7006622134887,100.0,AWS-CHN-024,Chennai,CHN,center,True,multivariate_inconsistency
2025-02-03 06:00:00,29.464867384454806,1010.8168595051989,100.0,AWS-CHN-024,Chennai,CHN,center,True,multivariate_inconsistency
2025-02-03 07:00:00,30.364867384454804,1011.60981845463,100.0,AWS-CHN-024,Chennai,CHN,center,True,multivariate_inconsistency
2025-02-03 08:00:00,25.2,1012.5,80.0,AWS-CHN-024,Chennai,CHN,center,False,
2025-02-03 09:00:00,27.2,1013.3,69.0,AWS-CHN-024,Chennai,CHN,center,False,
2025-02-03 10:00:00,28.5,1013.0,61.0,AWS-CHN-024,Chennai,CHN,center,False,
2025-02-03 11:00:00,29.5,1012.1,57.0,AWS-CHN-024,Chennai,CHN,center,False,
2025-02-03 12:00:00,30.3,1010.9,52.0,AWS-CHN-024,Chennai,CHN,center,False,
2025-02-03 13:00:00,30.8,1010.0,48.0,AWS-CHN-024,Chennai,CHN,center,False,
2025-02-03 14:00:00,30.9,1009.3,41.0,AWS-CHN-024,Chennai,CHN,center,False,
2025-02-03 15:00:00,30.1,1009.0,41.0,AWS-CHN-024,Chennai,CHN,center,False,
2025-02-03 16:00:00,-40.032087950107496,1009.3,51.0,AWS-CHN-024,Chennai,CHN,center,True,sensor_fail_low
2025-02-03 17:00:00,-39.95408803527718,1009.8,64.0,AWS-CHN-024,Chennai,CHN,center,True,sensor_fail_low
2025-02-03 18:00:00,-39.97547024859119,1010.4,77.0,AWS-CHN-024,Chennai,CHN,center,True,sensor_fail_low
2025-02-03 19:00:00,-39.99112455813897,1011.5,76.0,AWS-CHN-024,Chennai,CHN,center,True,sensor_fail_low
2025-02-03 20:00:00,25.7,1012.3,75.0,AWS-CHN-024,Chennai,CHN,center,False,
2025-02-03 21:00:00,25.2,1012.5,77.0,AWS-CHN-024,Chennai,CHN,center,False,
2025-02-03 22:00:00,24.4,1012.7,83.0,AWS-CHN-024,Chennai,CHN,center,False,
2025-02-03 23:00:00,23.8,1012.4,87.0,AWS-CHN-024,Chennai,CHN,center,False,
2025-02-04 00:00:00,23.3,1011.8,90.0,AWS-CHN-024,Chennai,CHN,center,False,
2025-02-04 01:00:00,23.0,1011.2,92.0,AWS-CHN-024,Chennai,CHN,center,False,
2025-02-04 02:00:00,22.3,1010.8,96.0,AWS-CHN-024,Chennai,CHN,center,False,
2025-02-04 03:00:00,21.3,1010.3,99.0,AWS-CHN-024,Chennai,CHN,center,False,
2025-02-04 04:00:00,20.8,1010.3,98.0,AWS-CHN-024,Chennai,CHN,center,False,
2025-02-04 05:00:00,20.9,1010.6,98.0,AWS-CHN-024,Chennai,CHN,center,False,
2025-02-04 06:00:00,22.4,1011.4,100.0,AWS-CHN-024,Chennai,CHN,center,False,
2025-02-04 07:00:00,22.9,1012.3,98.0,AWS-CHN-024,Chennai,CHN,center,False,
2025-02-04 08:00:00,24.1,1013.2,88.0,AWS-CHN-024,Chennai,CHN,center,False,
2025-02-04 09:00:00,26.2,1013.6,72.0,AWS-CHN-024,Chennai,CHN,center,False,
2025-02-04 10:00:00,29.0,1013.5,56.0,AWS-CHN-024,Chennai,CHN,center,False,
2025-02-04 11:00:00,31.0,1012.6,42.0,AWS-CHN-024,Chennai,CHN,center,False,
2025-02-04 12:00:00,31.9,1011.5,35.0,AWS-CHN-024,Chennai,CHN,center,False,
2025-02-04 13:00:00,32.0,1010.3,33.0,AWS-CHN-024,Chennai,CHN,center,False,
2025-02-04 14:00:00,31.7,1009.4,33.0,AWS-CHN-024,Chennai,CHN,center,False,
2025-02-04 15:00:00,31.0,1008.9,38.0,AWS-CHN-024,Chennai,CHN,center,False,
2025-02-04 16:00:00,29.8,1008.9,45.0,AWS-CHN-024,Chennai,CHN,center,False,
2025-02-04 17:00:00,28.2,1009.1,58.0,AWS-CHN-024,Chennai,CHN,center,False,
2025-02-04 18:00:00,26.9,1009.6,77.0,AWS-CHN-024,Chennai,CHN,center,False,
2025-02-04 19:00:00,26.3,1010.4,85.0,AWS-CHN-024,Chennai,CHN,center,False,
2025-02-04 20:00:00,25.9,1011.1,87.0,AWS-CHN-024,Chennai,CHN,center,False,
2025-02-04 21:00:00,25.7,1011.5,88.0,AWS-CHN-024,Chennai,CHN,center,False,
2025-02-04 22:00:00,25.2,1011.4,90.0,AWS-CHN-024,Chennai,CHN,center,False,
2025-02-04 23:00:00,24.7,1010.9,92.0,AWS-CHN-024,Chennai,CHN,center,False,
2025-02-05 00:00:00,24.0,1010.4,94.0,AWS-CHN-024,Chennai,CHN,center,False,
2025-02-05 01:00:00,23.6,1009.7,97.0,AWS-CHN-024,Chennai,CHN,center,False,
2025-02-05 02:00:00,23.3,1009.3,99.0,AWS-CHN-024,Chennai,CHN,center,False,
2025-02-05 03:00:00,23.3,1009.2,98.0,AWS-CHN-024,Chennai,CHN,center,False,
2025-02-05 04:00:00,22.9,1009.4,99.0,AWS-CHN-024,Chennai,CHN,center,False,
2025-02-05 05:00:00,22.7,1010.0,99.0,AWS-CHN-024,Chennai,CHN,center,False,
2025-02-05 06:00:00,23.2,1010.6,100.0,AWS-CHN-024,Chennai,CHN,center,False,
2025-02-05 07:00:00,23.4,1011.4,98.0,AWS-CHN-024,Chennai,CHN,center,False,
2025-02-05 08:00:00,24.7,1012.3,89.0,AWS-CHN-024,Chennai,CHN,center,False,
2025-02-05 09:00:00,26.9,1012.9,74.0,AWS-CHN-024,Chennai,CHN,center,False,
2025-02-05 10:00:00,29.3,1012.6,58.0,AWS-CHN-024,Chennai,CHN,center,False,
2025-02-05 11:00:00,31.1,1011.9,45.0,AWS-CHN-024,Chennai,CHN,center,False,
2025-02-05 12:00:00,31.9,1010.7,40.0,AWS-CHN-024,Chennai,CHN,center,False,
2025-02-05 13:00:00,32.0,1009.7,37.0,AWS-CHN-024,Chennai,CHN,center,False,
2025-02-05 14:00:00,31.5,1008.7,36.0,AWS-CHN-024,Chennai,CHN,center,False,
2025-02-05 15:00:00,30.7,1008.3,,AWS-CHN-024,Chennai,CHN,center,True,dropout
2025-02-05 16:00:00,29.6,1008.4,44.0,AWS-CHN-024,Chennai,CHN,center,False,
2025-02-05 17:00:00,28.2,1008.6,53.0,AWS-CHN-024,Chennai,CHN,center,False,
2025-02-05 18:00:00,27.5,1009.0,66.0,AWS-CHN-024,Chennai,CHN,center,False,
2025-02-05 19:00:00,26.9,1009.8,73.0,AWS-CHN-024,Chennai,CHN,center,False,
2025-02-05 20:00:00,26.6,1010.6,73.0,AWS-CHN-024,Chennai,CHN,center,False,
2025-02-05 21:00:00,26.4,1011.2,72.0,AWS-CHN-024,Chennai,CHN,center,False,
2025-02-05 22:00:00,26.0,1011.3,73.0,AWS-CHN-024,Chennai,CHN,center,False,
2025-02-05 23:00:00,25.7,1011.0,76.0,AWS-CHN-024,Chennai,CHN,center,False,
2025-02-06 00:00:00,25.3,1010.6,79.0,AWS-CHN-024,Chennai,CHN,center,False,
2025-02-06 01:00:00,24.6,1010.1,82.0,AWS-CHN-024,Chennai,CHN,center,False,
2025-02-06 02:00:00,24.1,1009.5,86.0,AWS-CHN-024,Chennai,CHN,center,False,
2025-02-06 03:00:00,24.0,1009.0,86.0,AWS-CHN-024,Chennai,CHN,center,False,
2025-02-06 04:00:00,23.4,1009.1,89.0,AWS-CHN-024,Chennai,CHN,center,False,
2025-02-06 05:00:00,22.5,1009.6,94.0,AWS-CHN-024,Chennai,CHN,center,False,
2025-02-06 06:00:00,22.7,1010.2,99.0,AWS-CHN-024,Chennai,CHN,center,False,
2025-02-06 07:00:00,23.6,1010.8,95.0,AWS-CHN-024,Chennai,CHN,center,False,
2025-02-06 08:00:00,25.6,1011.8,83.0,AWS-CHN-024,Chennai,CHN,center,False,
2025-02-06 09:00:00,27.8,1012.4,65.0,AWS-CHN-024,Chennai,CHN,center,False,
2025-02-06 10:00:00,29.3,1012.4,55.0,AWS-CHN-024,Chennai,CHN,center,False,
2025-02-06 11:00:00,30.2,1011.8,47.0,AWS-CHN-024,Chennai,CHN,center,False,
2025-02-06 12:00:00,30.7,1011.1,43.0,AWS-CHN-024,Chennai,CHN,center,False,
2025-02-06 13:00:00,30.7,1010.0,43.0,AWS-CHN-024,Chennai,CHN,center,False,
2025-02-06 14:00:00,30.5,1008.9,45.0,AWS-CHN-024,Chennai,CHN,center,False,
2025-02-06 15:00:00,29.8,1008.4,51.0,AWS-CHN-024,Chennai,CHN,center,False,
2025-02-06 16:00:00,28.7,1008.2,58.0,AWS-CHN-024,Chennai,CHN,center,False,
2025-02-06 17:00:00,27.5,1008.5,65.0,AWS-CHN-024,Chennai,CHN,center,False,
2025-02-06 18:00:00,27.1,0.033941795005208955,72.0,AWS-CHN-024,Chennai,CHN,center,True,sensor_fail_low
2025-02-06 19:00:00,26.7,-0.017265368374268383,75.0,AWS-CHN-024,Chennai,CHN,center,True,sensor_fail_low
2025-02-06 20:00:00,26.4,0.03541089189986201,75.0,AWS-CHN-024,Chennai,CHN,center,True,sensor_fail_low
2025-02-06 21:00:00,26.1,-0.04490690399625704,75.0,AWS-CHN-024,Chennai,CHN,center,True,sensor_fail_low
2025-02-06 22:00:00,25.8,1011.3,78.0,AWS-CHN-024,Chennai,CHN,center,False,
2025-02-06 23:00:00,24.8,1011.1,84.0,AWS-CHN-024,Chennai,CHN,center,False,
2025-02-07 00:00:00,24.2,1010.9,88.0,AWS-CHN-024,Chennai,CHN,center,False,
2025-02-07 01:00:00,23.8,1010.4,90.0,AWS-CHN-024,Chennai,CHN,center,False,
2025-02-07 02:00:00,23.4,1009.9,92.0,AWS-CHN-024,Chennai,CHN,center,False,
2025-02-07 03:00:00,22.7,1009.9,96.0,AWS-CHN-024,Chennai,CHN,center,False,
2025-02-07 04:00:00,22.2,1010.0,98.0,AWS-CHN-024,Chennai,CHN,center,False,
2025-02-07 05:00:00,22.0,1010.6,97.0,AWS-CHN-024,Chennai,CHN,center,False,
2025-02-07 06:00:00,22.3,1011.5,97.0,AWS-CHN-024,Chennai,CHN,center,False,
2025-02-07 07:00:00,22.7,1012.6,95.0,AWS-CHN-024,Chennai,CHN,center,False,
2025-02-07 08:00:00,24.1,1013.6,89.0,AWS-CHN-024,Chennai,CHN,center,False,
2025-02-07 09:00:00,26.9,1014.2,74.0,AWS-CHN-024,Chennai,CHN,center,False,
2025-02-07 10:00:00,28.7,1014.2,63.0,AWS-CHN-024,Chennai,CHN,center,False,
2025-02-07 11:00:00,30.2,1013.5,52.0,AWS-CHN-024,Chennai,CHN,center,False,
2025-02-07 12:00:00,31.0,1012.7,47.0,AWS-CHN-024,Chennai,CHN,center,False,
2025-02-07 13:00:00,24.644665527390693,1018.972939305236,63.897646314232155,AWS-CHN-024,Chennai,CHN,center,True,unstructured_anomaly
2025-02-07 14:00:00,24.832518372960653,1017.2599122792478,32.97428688943661,AWS-CHN-024,Chennai,CHN,center,True,unstructured_anomaly
2025-02-07 15:00:00,23.766461960247224,1017.0160814709063,34.198988157037036,AWS-CHN-024,Chennai,CHN,center,True,unstructured_anomaly
2025-02-07 16:00:00,35.15470028348128,1001.5777885240506,41.093246770585004,AWS-CHN-024,Chennai,CHN,center,True,unstructured_anomaly
2025-02-07 17:00:00,21.181835682886874,1018.7186240346764,49.07097601491029,AWS-CHN-024,Chennai,CHN,center,True,unstructured_anomaly
2025-02-07 18:00:00,33.7130854060993,1002.2333706165043,58.55219183851864,AWS-CHN-024,Chennai,CHN,center,True,unstructured_anomaly
2025-02-07 19:00:00,20.969926270102537,1019.5114333516658,59.927504517399605,AWS-CHN-024,Chennai,CHN,center,True,unstructured_anomaly
2025-02-07 20:00:00,19.9380137423556,1020.4933809316417,95.0,AWS-CHN-024,Chennai,CHN,center,True,unstructured_anomaly
2025-02-07 21:00:00,25.8,1012.6,82.0,AWS-CHN-024,Chennai,CHN,center,False,
2025-02-07 22:00:00,25.5,1012.7,85.0,AWS-CHN-024,Chennai,CHN,center,False,
2025-02-07 23:00:00,24.6,1012.1,90.0,AWS-CHN-024,Chennai,CHN,center,False,
2025-02-08 00:00:00,24.2,1011.5,91.0,AWS-CHN-024,Chennai,CHN,center,False,
2025-02-08 01:00:00,23.4,1010.8,96.0,AWS-CHN-024,Chennai,CHN,center,False,
2025-02-08 02:00:00,23.0,1010.2,98.0,AWS-CHN-024,Chennai,CHN,center,False,
2025-02-08 03:00:00,22.6,1010.0,98.0,AWS-CHN-024,Chennai,CHN,center,False,
2025-02-08 04:00:00,22.2,1009.9,98.0,AWS-CHN-024,Chennai,CHN,center,False,
2025-02-08 05:00:00,22.0,1010.6,97.0,AWS-CHN-024,Chennai,CHN,center,False,
2025-02-08 06:00:00,23.4,1011.4,99.0,AWS-CHN-024,Chennai,CHN,center,False,
2025-02-08 07:00:00,23.7,1012.3,96.0,AWS-CHN-024,Chennai,CHN,center,False,
2025-02-08 08:00:00,24.9,1013.3,90.0,AWS-CHN-024,Chennai,CHN,center,False,
2025-02-08 09:00:00,27.1,1014.0,75.0,AWS-CHN-024,Chennai,CHN,center,False,
2025-02-08 10:00:00,29.4,1013.8,59.0,AWS-CHN-024,Chennai,CHN,center,False,
2025-02-08 11:00:00,31.0,1013.1,48.0,AWS-CHN-024,Chennai,CHN,center,False,
2025-02-08 12:00:00,31.6,1012.2,43.0,AWS-CHN-024,Chennai,CHN,center,False,
2025-02-08 13:00:00,31.3,1010.9,44.0,AWS-CHN-024,Chennai,CHN,center,False,
2025-02-08 14:00:00,30.8,1010.0,46.0,AWS-CHN-024,Chennai,CHN,center,False,
2025-02-08 15:00:00,29.9,1009.5,53.0,AWS-CHN-024,Chennai,CHN,center,False,
2025-02-08 16:00:00,29.0,1009.6,57.0,AWS-CHN-024,Chennai,CHN,center,False,
2025-02-08 17:00:00,27.8,1009.9,64.0,AWS-CHN-024,Chennai,CHN,center,False,
2025-02-08 18:00:00,27.2,1010.3,74.0,AWS-CHN-024,Chennai,CHN,center,False,
2025-02-08 19:00:00,26.9,1011.2,76.0,AWS-CHN-024,Chennai,CHN,center,False,
2025-02-08 20:00:00,26.8,1011.9,77.0,AWS-CHN-024,Chennai,CHN,center,False,
2025-02-08 21:00:00,26.5,1012.6,78.0,AWS-CHN-024,Chennai,CHN,center,False,
2025-02-08 22:00:00,26.1,1012.6,80.0,AWS-CHN-024,Chennai,CHN,center,False,
2025-02-08 23:00:00,25.7,1012.4,82.0,AWS-CHN-024,Chennai,CHN,center,False,
2025-02-09 00:00:00,25.2,1011.9,86.0,AWS-CHN-024,Chennai,CHN,center,False,
2025-02-09 01:00:00,24.5,1011.0,90.0,AWS-CHN-024,Chennai,CHN,center,False,
2025-02-09 02:00:00,23.6,1010.1,94.0,AWS-CHN-024,Chennai,CHN,center,False,
2025-02-09 03:00:00,23.1,1009.7,96.0,AWS-CHN-024,Chennai,CHN,center,False,
2025-02-09 04:00:00,22.6,1009.6,98.0,AWS-CHN-024,Chennai,CHN,center,False,
2025-02-09 05:00:00,22.2,1010.1,98.0,AWS-CHN-024,Chennai,CHN,center,False,
2025-02-09 06:00:00,23.2,1010.9,98.0,AWS-CHN-024,Chennai,CHN,center,False,
2025-02-09 07:00:00,23.6,1011.8,99.0,AWS-CHN-024,Chennai,CHN,center,False,
2025-02-09 08:00:00,25.1,1012.7,91.0,AWS-CHN-024,Chennai,CHN,center,False,
2025-02-09 09:00:00,27.2,1013.3,76.0,AWS-CHN-024,Chennai,CHN,center,False,
2025-02-09 10:00:00,29.2,1013.2,62.0,AWS-CHN-024,Chennai,CHN,center,False,
2025-02-09 11:00:00,30.1,1012.6,55.0,AWS-CHN-024,Chennai,CHN,center,True,frozen_value
2025-02-09 12:00:00,30.3,1011.9,54.96850322142535,AWS-CHN-024,Chennai,CHN,center,True,frozen_value
2025-02-09 13:00:00,30.4,1010.6,54.927881733675115,AWS-CHN-024,Chennai,CHN,center,True,frozen_value
2025-02-09 14:00:00,30.1,1009.6,54.92,AWS-CHN-024,Chennai,CHN,center,True,frozen_value
2025-02-09 15:00:00,29.7,1009.0,54.92,AWS-CHN-024,Chennai,CHN,center,True,frozen_value
2025-02-09 16:00:00,28.9,1009.1,54.92,AWS-CHN-024,Chennai,CHN,center,True,frozen_value
2025-02-09 17:00:00,28.0,1009.4,54.92,AWS-CHN-024,Chennai,CHN,center,True,frozen_value
2025-02-09 18:00:00,27.3,1009.7,54.92,AWS-CHN-024,Chennai,CHN,center,True,frozen_value
2025-02-09 19:00:00,27.0,1010.6,54.92,AWS-CHN-024,Chennai,CHN,center,True,frozen_value
2025-02-09 20:00:00,26.9,1011.5,54.92,AWS-CHN-024,Chennai,CHN,center,True,frozen_value
2025-02-09 21:00:00,26.7,1012.3,77.0,AWS-CHN-024,Chennai,CHN,center,False,
2025-02-09 22:00:00,26.5,1012.6,77.0,AWS-CHN-024,Chennai,CHN,center,False,
2025-02-09 23:00:00,26.2,1012.3,78.0,AWS-CHN-024,Chennai,CHN,center,False,
2025-02-10 00:00:00,25.8,1011.4,80.0,AWS-CHN-024,Chennai,CHN,center,False,
2025-02-10 01:00:00,25.4,1010.9,82.0,AWS-CHN-024,Chennai,CHN,center,False,
2025-02-10 02:00:00,24.9,1010.4,85.0,AWS-CHN-024,Chennai,CHN,center,False,
2025-02-10 03:00:00,24.2,1010.1,89.0,AWS-CHN-024,Chennai,CHN,center,False,
2025-02-10 04:00:00,23.9,1010.3,89.0,AWS-CHN-024,Chennai,CHN,center,False,
2025-02-10 05:00:00,23.8,1011.0,90.0,AWS-CHN-024,Chennai,CHN,center,False,
2025-02-10 06:00:00,24.6,1011.9,90.0,AWS-CHN-024,Chennai,CHN,center,False,
2025-02-10 07:00:00,25.5,1013.1,83.0,AWS-CHN-024,Chennai,CHN,center,False,
2025-02-10 08:00:00,34.790274573269784,1013.57031692158,100.0,AWS-CHN-024,Chennai,CHN,center,True,multivariate_inconsistency
2025-02-10 09:00:00,35.99027457326979,1014.3692757505156,97.46511419443092,AWS-CHN-024,Chennai,CHN,center,True,multivariate_inconsistency
2025-02-10 10:00:00,36.69027457326979,1014.8370844119801,82.87483706933789,AWS-CHN-024,Chennai,CHN,center,True,multivariate_inconsistency
2025-02-10 11:00:00,37.49027457326979,1013.8610920353627,68.32009806003568,AWS-CHN-024,Chennai,CHN,center,True,multivariate_inconsistency
2025-02-10 12:00:00,37.69027457326979,1012.9152183324811,66.4878371753816,AWS-CHN-024,Chennai,CHN,center,True,multivariate_inconsistency
2025-02-10 13:00:00,30.2,1011.9,39.0,AWS-CHN-024,Chennai,CHN,center,False,
2025-02-10 14:00:00,29.9,1010.9,43.0,AWS-CHN-024,Chennai,CHN,center,False,
2025-02-10 15:00:00,29.5,1010.5,48.0,AWS-CHN-024,Chennai,CHN,center,False,
2025-02-10 16:00:00,29.0,1010.4,49.0,AWS-CHN-024,Chennai,CHN,center,False,
2025-02-10 17:00:00,28.0,1010.7,53.0,AWS-CHN-024,Chennai,CHN,center,False,
2025-02-10 18:00:00,27.3,1011.0,65.0,AWS-CHN-024,Chennai,CHN,center,False,
2025-02-10 19:00:00,27.1,1012.1,66.0,AWS-CHN-024,Chennai,CHN,center,False,
2025-02-10 20:00:00,26.8,1012.9,66.0,AWS-CHN-024,Chennai,CHN,center,False,
2025-02-10 21:00:00,26.6,1013.4,65.0,AWS-CHN-024,Chennai,CHN,center,False,
2025-02-10 22:00:00,26.3,1013.4,67.0,AWS-CHN-024,Chennai,CHN,center,False,
2025-02-10 23:00:00,26.0,1013.1,69.0,AWS-CHN-024,Chennai,CHN,center,False,
2025-02-11 00:00:00,25.5,1012.5,71.0,AWS-CHN-024,Chennai,CHN,center,False,
2025-02-11 01:00:00,25.1,1011.9,72.0,AWS-CHN-024,Chennai,CHN,center,False,
2025-02-11 02:00:00,24.6,1011.3,75.0,AWS-CHN-024,Chennai,CHN,center,False,
2025-02-11 03:00:00,23.7,1011.1,81.0,AWS-CHN-024,Chennai,CHN,center,False,
2025-02-11 04:00:00,23.7,1011.3,81.0,AWS-CHN-024,Chennai,CHN,center,False,
2025-02-11 05:00:00,23.1,1011.8,83.0,AWS-CHN-024,Chennai,CHN,center,False,
2025-02-11 06:00:00,23.7,1012.4,87.0,AWS-CHN-024,Chennai,CHN,center,False,
2025-02-11 07:00:00,24.4,1013.4,83.0,AWS-CHN-024,Chennai,CHN,center,False,
2025-02-11 08:00:00,26.1,1014.2,72.0,AWS-CHN-024,Chennai,CHN,center,False,
2025-02-11 09:00:00,27.9,1014.6,59.0,AWS-CHN-024,Chennai,CHN,center,False,
2025-02-11 10:00:00,29.2,1014.4,51.0,AWS-CHN-024,Chennai,CHN,center,False,
2025-02-11 11:00:00,30.3,1013.8,47.0,AWS-CHN-024,Chennai,CHN,center,False,
2025-02-11 12:00:00,30.8,1012.8,47.0,AWS-CHN-024,Chennai,CHN,center,False,
2025-02-11 13:00:00,30.9,1011.7,46.0,AWS-CHN-024,Chennai,CHN,center,False,
2025-02-11 14:00:00,30.9,1010.7,37.0,AWS-CHN-024,Chennai,CHN,center,False,
2025-02-11 15:00:00,30.1,1010.4,36.0,AWS-CHN-024,Chennai,CHN,center,False,
2025-02-11 16:00:00,28.6,1010.6,48.0,AWS-CHN-024,Chennai,CHN,center,False,
2025-02-11 17:00:00,27.3,1010.8,58.0,AWS-CHN-024,Chennai,CHN,center,False,
2025-02-11 18:00:00,26.5,1010.9,69.0,AWS-CHN-024,Chennai,CHN,center,False,
2025-02-11 19:00:00,21.81673885279309,1011.9,70.0,AWS-CHN-024,Chennai,CHN,center,True,drift
2025-02-11 20:00:00,21.206456877439518,1012.6,73.0,AWS-CHN-024,Chennai,CHN,center,True,drift
2025-02-11 21:00:00,20.39617490208594,1013.1,77.0,AWS-CHN-024,Chennai,CHN,center,True,drift
2025-02-11 22:00:00,19.685892926732365,1013.2,80.0,AWS-CHN-024,Chennai,CHN,center,True,drift
2025-02-11 23:00:00,18.975610951378794,1012.9,82.0,AWS-CHN-024,Chennai,CHN,center,True,drift
2025-02-12 00:00:00,18.165328976025215,1012.2,83.0,AWS-CHN-024,Chennai,CHN,center,True,drift
2025-02-12 01:00:00,16.855047000671643,1011.4,88.0,AWS-CHN-024,Chennai,CHN,center,True,drift
2025-02-12 02:00:00,16.14476502531807,1010.7,89.0,AWS-CHN-024,Chennai,CHN,center,True,drift
2025-02-12 03:00:00,14.934483049964493,1010.6,94.0,AWS-CHN-024,Chennai,CHN,center,True,drift
2025-02-12 04:00:00,14.024201074610918,1010.7,96.0,AWS-CHN-024,Chennai,CHN,center,True,drift
2025-02-12 05:00:00,12.813919099257344,1011.3,98.0,AWS-CHN-024,Chennai,CHN,center,True,drift
2025-02-12 06:00:00,13.50363712390377,1012.0,96.0,AWS-CHN-024,Chennai,CHN,center,True,drift
2025-02-12 07:00:00,13.493355148550194,1013.2,94.0,AWS-CHN-024,Chennai,CHN,center,True,drift
2025-02-12 08:00:00,14.983073173196622,1014.0,82.0,AWS-CHN-024,Chennai,CHN,center,True,drift
2025-02-12 09:00:00,16.572791197843046,1014.6,69.0,AWS-CHN-024,Chennai,CHN,center,True,drift
2025-02-12 10:00:00,18.06250922248947,1014.4,60.0,AWS-CHN-024,Chennai,CHN,center,True,drift
2025-02-12 11:00:00,30.4,1013.6,50.0,AWS-CHN-024,Chennai,CHN,center,False,
2025-02-12 12:00:00,31.6,1012.5,45.0,AWS-CHN-024,Chennai,CHN,center,False,
2025-02-12 13:00:00,31.4,1011.2,49.0,AWS-CHN-024,Chennai,CHN,center,False,
2025-02-12 14:00:00,30.9,1010.2,49.0,AWS-CHN-024,Chennai,CHN,center,False,
2025-02-12 15:00:00,30.5,1009.8,41.0,AWS-CHN-024,Chennai,CHN,center,False,
2025-02-12 16:00:00,29.2,1009.9,46.0,AWS-CHN-024,Chennai,CHN,center,False,
2025-02-12 17:00:00,27.7,1010.4,56.0,AWS-CHN-024,Chennai,CHN,center,False,
2025-02-12 18:00:00,26.6,1010.8,70.0,AWS-CHN-024,Chennai,CHN,center,False,
2025-02-12 19:00:00,26.2,1011.7,72.0,AWS-CHN-024,Chennai,CHN,center,False,
2025-02-12 20:00:00,25.8,1012.2,74.0,AWS-CHN-024,Chennai,CHN,center,False,
2025-02-12 21:00:00,25.4,1012.6,78.0,AWS-CHN-024,Chennai,CHN,center,False,
2025-02-12 22:00:00,24.7,1012.8,83.0,AWS-CHN-024,Chennai,CHN,center,False,
2025-02-12 23:00:00,23.9,1012.5,88.0,AWS-CHN-024,Chennai,CHN,center,False,
2025-02-13 00:00:00,23.5,1011.9,89.0,AWS-CHN-024,Chennai,CHN,center,False,
2025-02-13 01:00:00,28.597868373746905,1002.6408991171221,95.0,AWS-CHN-024,Chennai,CHN,center,True,unstructured_anomaly
2025-02-13 02:00:00,17.153159562774796,1019.031991810506,95.0,AWS-CHN-024,Chennai,CHN,center,True,unstructured_anomaly
2025-02-13 03:00:00,15.92140004327508,1017.1769828282657,78.2022333561877,AWS-CHN-024,Chennai,CHN,center,True,unstructured_anomaly
2025-02-13 04:00:00,28.306909680785466,1003.6538865253287,82.7936412450105,AWS-CHN-024,Chennai,CHN,center,True,unstructured_anomaly
2025-02-13 05:00:00,14.444594928844177,1018.4704981028217,83.46102541920853,AWS-CHN-024,Chennai,CHN,center,True,unstructured_anomaly
2025-02-13 06:00:00,15.924863845837795,1019.0744431695366,81.91441131952584,AWS-CHN-024,Chennai,CHN,center,True,unstructured_anomaly
2025-02-13 07:00:00,15.93185396280979,1018.9631883238472,95.0,AWS-CHN-024,Chennai,CHN,center,True,unstructured_anomaly
2025-02-13 08:00:00,24.6,1013.3,77.0,AWS-CHN-024,Chennai,CHN,center,False,
2025-02-13 09:00:00,26.5,1013.9,68.0,AWS-CHN-024,Chennai,CHN,center,False,
2025-02-13 10:00:00,28.6,1013.9,58.0,AWS-CHN-024,Chennai,CHN,center,False,
2025-02-13 11:00:00,30.4,1013.0,48.0,AWS-CHN-024,Chennai,CHN,center,False,
2025-02-13 12:00:00,31.5,1011.9,42.0,AWS-CHN-024,Chennai,CHN,center,False,
2025-02-13 13:00:00,31.8,998.6427637185202,39.0,AWS-CHN-024,Chennai,CHN,center,True,spike
2025-02-13 14:00:00,31.5,1010.0,39.0,AWS-CHN-024,Chennai,CHN,center,False,
2025-02-13 15:00:00,30.4,1009.4,47.0,AWS-CHN-024,Chennai,CHN,center,False,
2025-02-13 16:00:00,28.9,1009.5,57.0,AWS-CHN-024,Chennai,CHN,center,False,
2025-02-13 17:00:00,27.5,1009.9,64.0,AWS-CHN-024,Chennai,CHN,center,False,
2025-02-13 18:00:00,26.3,1010.5,70.0,AWS-CHN-024,Chennai,CHN,center,False,
2025-02-13 19:00:00,25.9,1011.2,74.0,AWS-CHN-024,Chennai,CHN,center,False,
2025-02-13 20:00:00,25.6,1012.0,76.0,AWS-CHN-024,Chennai,CHN,center,False,
2025-02-13 21:00:00,25.3,1012.8,77.0,AWS-CHN-024,Chennai,CHN,center,False,
2025-02-13 22:00:00,24.5,1012.6,82.0,AWS-CHN-024,Chennai,CHN,center,False,
2025-02-13 23:00:00,23.7,1012.2,87.0,AWS-CHN-024,Chennai,CHN,center,False,
2025-02-14 00:00:00,23.1,1011.3,90.0,AWS-CHN-024,Chennai,CHN,center,False,
2025-02-14 01:00:00,22.7,1010.6,91.0,AWS-CHN-024,Chennai,CHN,center,False,
2025-02-14 02:00:00,22.4,1010.3,93.0,AWS-CHN-024,Chennai,CHN,center,False,
2025-02-14 03:00:00,21.7,1009.8,96.0,AWS-CHN-024,Chennai,CHN,center,False,
2025-02-14 04:00:00,21.1,1009.9,97.0,AWS-CHN-024,Chennai,CHN,center,False,
2025-02-14 05:00:00,20.7,1010.4,97.0,AWS-CHN-024,Chennai,CHN,center,False,
2025-02-14 06:00:00,21.8,1011.3,98.0,AWS-CHN-024,Chennai,CHN,center,False,
2025-02-14 07:00:00,22.3,1012.4,95.0,AWS-CHN-024,Chennai,CHN,center,False,
2025-02-14 08:00:00,23.9,1013.2,86.0,AWS-CHN-024,Chennai,CHN,center,False,
2025-02-14 09:00:00,26.0,1014.0,74.0,AWS-CHN-024,Chennai,CHN,center,False,
2025-02-14 10:00:00,28.2,1013.7,61.0,AWS-CHN-024,Chennai,CHN,center,False,
2025-02-14 11:00:00,30.4,1012.7,49.0,AWS-CHN-024,Chennai,CHN,center,False,
2025-02-14 12:00:00,31.9,1011.5,41.0,AWS-CHN-024,Chennai,CHN,center,False,
2025-02-14 13:00:00,32.3,1010.3,38.0,AWS-CHN-024,Chennai,CHN,center,False,
2025-02-14 14:00:00,31.9,1009.3,37.0,AWS-CHN-024,Chennai,CHN,center,False,
2025-02-14 15:00:00,31.1,1008.7,39.0,AWS-CHN-024,Chennai,CHN,center,False,
2025-02-14 16:00:00,29.9,1008.8,46.0,AWS-CHN-024,Chennai,CHN,center,False,
2025-02-14 17:00:00,28.0,1009.1,59.0,AWS-CHN-024,Chennai,CHN,center,False,
2025-02-14 18:00:00,26.4,1009.7,78.0,AWS-CHN-024,Chennai,CHN,center,False,
2025-02-14 19:00:00,26.0,1010.6,80.0,AWS-CHN-024,Chennai,CHN,center,False,
2025-02-14 20:00:00,25.7,1011.2,81.0,AWS-CHN-024,Chennai,CHN,center,False,
2025-02-14 21:00:00,25.4,1011.8,83.0,AWS-CHN-024,Chennai,CHN,center,False,
2025-02-14 22:00:00,25.0,1011.9,85.0,AWS-CHN-024,Chennai,CHN,center,False,
2025-02-14 23:00:00,24.7,1011.3,87.0,AWS-CHN-024,Chennai,CHN,center,False,
2025-02-15 00:00:00,23.7,1010.7,92.0,AWS-CHN-024,Chennai,CHN,center,False,
2025-02-15 01:00:00,23.3,1009.9,93.0,AWS-CHN-024,Chennai,CHN,center,False,
2025-02-15 02:00:00,23.1,1009.6,94.0,AWS-CHN-024,Chennai,CHN,center,False,
2025-02-15 03:00:00,22.6,1009.4,96.0,AWS-CHN-024,Chennai,CHN,center,False,
2025-02-15 04:00:00,22.0,1009.5,98.0,AWS-CHN-024,Chennai,CHN,center,False,
2025-02-15 05:00:00,21.9,1009.7,98.0,AWS-CHN-024,Chennai,CHN,center,False,
2025-02-15 06:00:00,23.2,1010.8,96.0,AWS-CHN-024,Chennai,CHN,center,False,
2025-02-15 07:00:00,23.9,1011.4,90.0,AWS-CHN-024,Chennai,CHN,center,False,
2025-02-15 08:00:00,25.5,1012.5,80.0,AWS-CHN-024,Chennai,CHN,center,False,
2025-02-15 09:00:00,37.71199958978139,1012.9909248517492,100.0,AWS-CHN-024,Chennai,CHN,center,True,multivariate_inconsistency
2025-02-15 10:00:00,39.811999589781394,1012.605853713157,100.0,AWS-CHN-024,Chennai,CHN,center,True,multivariate_inconsistency
2025-02-15 11:00:00,41.311999589781394,1011.0933684094613,97.1980225478404,AWS-CHN-024,Chennai,CHN,center,True,multivariate_inconsistency
2025-02-15 12:00:00,41.5119995897814,1010.4932059858262,100.0,AWS-CHN-024,Chennai,CHN,center,True,multivariate_inconsistency
2025-02-15 13:00:00,31.0,1009.4,51.0,AWS-CHN-024,Chennai,CHN,center,False,
2025-02-15 14:00:00,30.5,1008.3,49.0,AWS-CHN-024,Chennai,CHN,center,False,
2025-02-15 15:00:00,29.8,1007.9,53.0,AWS-CHN-024,Chennai,CHN,center,False,
2025-02-15 16:00:00,29.0,1008.0,61.0,AWS-CHN-024,Chennai,CHN,center,False,
2025-02-15 17:00:00,27.7,1008.3,68.0,AWS-CHN-024,Chennai,CHN,center,False,
2025-02-15 18:00:00,26.7,1008.5,74.0,AWS-CHN-024,Chennai,CHN,center,False,
2025-02-15 19:00:00,26.3,1009.6,77.0,AWS-CHN-024,Chennai,CHN,center,False,
2025-02-15 20:00:00,26.1,1010.5,80.0,AWS-CHN-024,Chennai,CHN,center,False,
2025-02-15 21:00:00,26.0,1011.0,81.0,AWS-CHN-024,Chennai,CHN,center,False,
2025-02-15 22:00:00,25.7,1011.3,81.0,AWS-CHN-024,Chennai,CHN,center,False,
2025-02-15 23:00:00,25.4,1011.0,83.0,AWS-CHN-024,Chennai,CHN,center,False,
2025-02-16 00:00:00,30.954714979414636,1002.9215197281251,69.99604897156117,AWS-CHN-024,Chennai,CHN,center,True,unstructured_anomaly
2025-02-16 01:00:00,31.932508817239064,1001.2332970353604,69.25511942603015,AWS-CHN-024,Chennai,CHN,center,True,unstructured_anomaly
2025-02-16 02:00:00,18.8792278637226,1016.6404081432486,69.14703202196108,AWS-CHN-024,Chennai,CHN,center,True,unstructured_anomaly
2025-02-16 03:00:00,17.53276650335939,1016.2046545060396,74.0063626929345,AWS-CHN-024,Chennai,CHN,center,True,unstructured_anomaly
2025-02-16 04:00:00,17.426701320378267,1016.0960426784343,95.0,AWS-CHN-024,Chennai,CHN,center,True,unstructured_anomaly
2025-02-16 05:00:00,16.495689073307638,1016.6143521862391,95.0,AWS-CHN-024,Chennai,CHN,center,True,unstructured_anomaly
2025-02-16 06:00:00,29.311494380432528,1003.9476621706806,76.86355163303145,AWS-CHN-024,Chennai,CHN,center,True,unstructured_anomaly
2025-02-16 07:00:00,23.6,1011.8,92.0,AWS-CHN-024,Chennai,CHN,center,False,
2025-02-16 08:00:00,25.9,1012.5,79.0,AWS-CHN-024,Chennai,CHN,center,False,
2025-02-16 09:00:00,28.0,1013.1,66.0,AWS-CHN-024,Chennai,CHN,center,False,
2025-02-16 10:00:00,29.9,1012.8,55.0,AWS-CHN-024,Chennai,CHN,center,False,
2025-02-16 11:00:00,31.3,1012.0,47.0,AWS-CHN-024,Chennai,CHN,center,False,
2025-02-16 12:00:00,31.7,1010.9,45.0,AWS-CHN-024,Chennai,CHN,center,False,
2025-02-16 13:00:00,31.5,1010.0,44.0,AWS-CHN-024,Chennai,CHN,center,False,
2025-02-16 14:00:00,31.1,1009.2,44.0,AWS-CHN-024,Chennai,CHN,center,False,
2025-02-16 15:00:00,30.2,1009.0,48.0,AWS-CHN-024,Chennai,CHN,center,False,
2025-02-16 16:00:00,29.1,1009.4,54.0,AWS-CHN-024,Chennai,CHN,center,False,
2025-02-16 17:00:00,27.7,1010.0,64.0,AWS-CHN-024,Chennai,CHN,center,False,
2025-02-16 18:00:00,26.9,1010.4,73.0,AWS-CHN-024,Chennai,CHN,center,False,
2025-02-16 19:00:00,26.7,1011.5,75.0,AWS-CHN-024,Chennai,CHN,center,False,
2025-02-16 20:00:00,26.6,1012.2,75.0,AWS-CHN-024,Chennai,CHN,center,False,
2025-02-16 21:00:00,26.5,1012.6,73.0,AWS-CHN-024,Chennai,CHN,center,False,
2025-02-16 22:00:00,26.2,1012.9,74.0,AWS-CHN-024,Chennai,CHN,center,False,
2025-02-16 23:00:00,26.0,1012.7,77.0,AWS-CHN-024,Chennai,CHN,center,False,
2025-02-17 00:00:00,25.7,1012.2,80.0,AWS-CHN-024,Chennai,CHN,center,False,
2025-02-17 01:00:00,25.3,1011.7,82.0,AWS-CHN-024,Chennai,CHN,center,False,
2025-02-17 02:00:00,24.9,1011.2,85.0,AWS-CHN-024,Chennai,CHN,center,False,
2025-02-17 03:00:00,24.3,1011.0,88.0,AWS-CHN-024,Chennai,CHN,center,False,
2025-02-17 04:00:00,23.9,1010.9,90.0,AWS-CHN-024,Chennai,CHN,center,False,
2025-02-17 05:00:00,23.2,1011.4,93.0,AWS-CHN-024,Chennai,CHN,center,False,
2025-02-17 06:00:00,23.4,1012.5,94.0,AWS-CHN-024,Chennai,CHN,center,False,
2025-02-17 07:00:00,23.6,1013.3,92.0,AWS-CHN-024,Chennai,CHN,center,False,
2025-02-17 08:00:00,25.6,1014.0,82.0,AWS-CHN-024,Chennai,CHN,center,False,
2025-02-17 09:00:00,28.0,1014.5,70.0,AWS-CHN-024,Chennai,CHN,center,False,
2025-02-17 10:00:00,29.8,1014.3,60.0,AWS-CHN-024,Chennai,CHN,center,False,
2025-02-17 11:00:00,30.7,1013.6,54.0,AWS-CHN-024,Chennai,CHN,center,False,
2025-02-17 12:00:00,31.0,1012.8,52.0,AWS-CHN-024,Chennai,CHN,center,False,
2025-02-17 13:00:00,31.2,1011.7,48.0,AWS-CHN-024,Chennai,CHN,center,False,
2025-02-17 14:00:00,31.0,1011.1,48.0,AWS-CHN-024,Chennai,CHN,center,False,
2025-02-17 15:00:00,30.3,1010.5,52.0,AWS-CHN-024,Chennai,CHN,center,False,
2025-02-17 16:00:00,29.3,1010.5,56.0,AWS-CHN-024,Chennai,CHN,center,False,
2025-02-17 17:00:00,28.2,1010.9,62.0,AWS-CHN-024,Chennai,CHN,center,False,
2025-02-17 18:00:00,27.4,1011.3,73.0,AWS-CHN-024,Chennai,CHN,center,False,
2025-02-17 19:00:00,27.1,1012.0,74.0,AWS-CHN-024,Chennai,CHN,center,False,
2025-02-17 20:00:00,26.9,1012.8,75.0,AWS-CHN-024,Chennai,CHN,center,False,
2025-02-17 21:00:00,26.6,1013.2,77.0,AWS-CHN-024,Chennai,CHN,center,False,
2025-02-17 22:00:00,26.3,1013.4,78.0,AWS-CHN-024,Chennai,CHN,center,False,
2025-02-17 23:00:00,25.8,1012.9,81.0,AWS-CHN-024,Chennai,CHN,center,False,
2025-02-18 00:00:00,25.1,1012.1,84.0,AWS-CHN-024,Chennai,CHN,center,False,
2025-02-18 01:00:00,24.6,1011.4,87.0,AWS-CHN-024,Chennai,CHN,center,False,
2025-02-18 02:00:00,24.0,1011.0,89.0,AWS-CHN-024,Chennai,CHN,center,False,
2025-02-18 03:00:00,23.5,1010.7,91.0,AWS-CHN-024,Chennai,CHN,center,False,
2025-02-18 04:00:00,23.1,1010.7,93.0,AWS-CHN-024,Chennai,CHN,center,False,
2025-02-18 05:00:00,22.8,1011.4,94.0,AWS-CHN-024,Chennai,CHN,center,False,
2025-02-18 06:00:00,22.7,1012.1,96.0,AWS-CHN-024,Chennai,CHN,center,False,
2025-02-18 07:00:00,22.9,1013.0,96.0,AWS-CHN-024,Chennai,CHN,center,False,
2025-02-18 08:00:00,25.5,1014.0,82.0,AWS-CHN-024,Chennai,CHN,center,False,
2025-02-18 09:00:00,28.1,1014.8,68.0,AWS-CHN-024,Chennai,CHN,center,False,
2025-02-18 10:00:00,29.6,1014.7,60.0,AWS-CHN-024,Chennai,CHN,center,False,
2025-02-18 11:00:00,30.5,1013.9,55.0,AWS-CHN-024,Chennai,CHN,center,False,
2025-02-18 12:00:00,30.9,1012.9,52.0,AWS-CHN-024,Chennai,CHN,center,False,
2025-02-18 13:00:00,31.0,1011.9,48.0,AWS-CHN-024,Chennai,CHN,center,False,
2025-02-18 14:00:00,30.7,1010.8,48.0,AWS-CHN-024,Chennai,CHN,center,False,
2025-02-18 15:00:00,30.2,1010.4,51.0,AWS-CHN-024,Chennai,CHN,center,False,
2025-02-18 16:00:00,29.4,1010.4,55.0,AWS-CHN-024,Chennai,CHN,center,False,
2025-02-18 17:00:00,28.2,1010.6,61.0,AWS-CHN-024,Chennai,CHN,center,False,
2025-02-18 18:00:00,27.4,1011.0,65.0,AWS-CHN-024,Chennai,CHN,center,False,
2025-02-18 19:00:00,27.0,1011.8,67.0,AWS-CHN-024,Chennai,CHN,center,False,
2025-02-18 20:00:00,26.7,1012.3,69.0,AWS-CHN-024,Chennai,CHN,center,False,
2025-02-18 21:00:00,26.4,1012.8,71.0,AWS-CHN-024,Chennai,CHN,center,False,
2025-02-18 22:00:00,26.1,1013.0,73.0,AWS-CHN-024,Chennai,CHN,center,False,
2025-02-18 23:00:00,25.7,1012.4,76.0,AWS-CHN-024,Chennai,CHN,center,False,
2025-02-19 00:00:00,24.7,1011.7,82.0,AWS-CHN-024,Chennai,CHN,center,False,
2025-02-19 01:00:00,24.2,1010.7,85.0,AWS-CHN-024,Chennai,CHN,center,False,
2025-02-19 02:00:00,23.5,1010.1,89.0,AWS-CHN-024,Chennai,CHN,center,False,
2025-02-19 03:00:00,23.0,1009.6,91.0,AWS-CHN-024,Chennai,CHN,center,False,
2025-02-19 04:00:00,22.3,1009.5,93.0,AWS-CHN-024,Chennai,CHN,center,False,
2025-02-19 05:00:00,21.8,1010.0,93.0,AWS-CHN-024,Chennai,CHN,center,False,
2025-02-19 06:00:00,22.6,1010.6,95.0,AWS-CHN-024,Chennai,CHN,center,False,
2025-02-19 07:00:00,23.5,1011.3,91.0,AWS-CHN-024,Chennai,CHN,center,False,
2025-02-19 08:00:00,25.9,1012.0,80.0,AWS-CHN-024,Chennai,CHN,center,False,
2025-02-19 09:00:00,28.2,1012.5,68.0,AWS-CHN-024,Chennai,CHN,center,False,
2025-02-19 10:00:00,29.7,1012.1,60.0,AWS-CHN-024,Chennai,CHN,center,False,
2025-02-19 11:00:00,30.6,1011.4,56.0,AWS-CHN-024,Chennai,CHN,center,False,
2025-02-19 12:00:00,31.0,1010.3,54.0,AWS-CHN-024,Chennai,CHN,center,False,
2025-02-19 13:00:00,31.1,1009.4,50.0,AWS-CHN-024,Chennai,CHN,center,False,
2025-02-19 14:00:00,30.8,1008.7,51.0,AWS-CHN-024,Chennai,CHN,center,False,
2025-02-19 15:00:00,30.1,1008.1,54.0,AWS-CHN-024,Chennai,CHN,center,False,
2025-02-19 16:00:00,29.0,1007.9,61.0,AWS-CHN-024,Chennai,CHN,center,False,
2025-02-19 17:00:00,27.9,1008.4,66.0,AWS-CHN-024,Chennai,CHN,center,False,
2025-02-19 18:00:00,27.0,1009.2,73.0,AWS-CHN-024,Chennai,CHN,center,False,
2025-02-19 19:00:00,26.8,1010.1,73.0,AWS-CHN-024,Chennai,CHN,center,False,
2025-02-19 20:00:00,26.5,1010.9,75.0,AWS-CHN-024,Chennai,CHN,center,False,
2025-02-19 21:00:00,26.3,1011.5,77.0,AWS-CHN-024,Chennai,CHN,center,False,
2025-02-19 22:00:00,26.0,1011.5,79.0,AWS-CHN-024,Chennai,CHN,center,False,
2025-02-19 23:00:00,25.6,1011.2,82.0,AWS-CHN-024,Chennai,CHN,center,False,
2025-02-20 00:00:00,25.2,1010.6,85.0,AWS-CHN-024,Chennai,CHN,center,False,
2025-02-20 01:00:00,24.9,1009.9,85.0,AWS-CHN-024,Chennai,CHN,center,False,
2025-02-20 02:00:00,31.216887151341,1009.4770182898812,100.0,AWS-CHN-024,Chennai,CHN,center,True,multivariate_inconsistency
2025-02-20 03:00:00,30.416887151341,1009.1118123912925,100.0,AWS-CHN-024,Chennai,CHN,center,True,multivariate_inconsistency
2025-02-20 04:00:00,30.016887151340995,1009.7326693337225,100.0,AWS-CHN-024,Chennai,CHN,center,True,multivariate_inconsistency
2025-02-20 05:00:00,22.8,1010.1,93.0,AWS-CHN-024,Chennai,CHN,center,False,
2025-02-20 06:00:00,23.6,1011.0,93.0,AWS-CHN-024,Chennai,CHN,center,False,
2025-02-20 07:00:00,24.3,1012.1,89.0,AWS-CHN-024,Chennai,CHN,center,False,
2025-02-20 08:00:00,26.4,1012.9,78.0,AWS-CHN-024,Chennai,CHN,center,False,
2025-02-20 09:00:00,28.6,1013.3,65.0,AWS-CHN-024,Chennai,CHN,center,False,
2025-02-20 10:00:00,29.9,1013.2,57.0,AWS-CHN-024,Chennai,CHN,center,False,
2025-02-20 11:00:00,30.7,1012.4,53.0,AWS-CHN-024,Chennai,CHN,center,False,
2025-02-20 12:00:00,31.0,1011.5,49.0,AWS-CHN-024,Chennai,CHN,center,False,
2025-02-20 13:00:00,31.1,1010.6,47.0,AWS-CHN-024,Chennai,CHN,center,False,
2025-02-20 14:00:00,30.9,1009.9,48.0,AWS-CHN-024,Chennai,CHN,center,False,
2025-02-20 15:00:00,30.4,1009.3,51.0,AWS-CHN-024,Chennai,CHN,center,False,
2025-02-20 16:00:00,29.4,1009.3,56.0,AWS-CHN-024,Chennai,CHN,center,False,
2025-02-20 17:00:00,28.2,1009.6,62.0,AWS-CHN-024,Chennai,CHN,center,False,
2025-02-20 18:00:00,27.1,1010.6,74.0,AWS-CHN-024,Chennai,CHN,center,False,
2025-02-20 19:00:00,26.9,1011.5,75.0,AWS-CHN-024,Chennai,CHN,center,False,
2025-02-20 20:00:00,26.7,1012.2,76.0,AWS-CHN-024,Chennai,CHN,center,False,
2025-02-20 21:00:00,26.6,1025.4764945299344,77.0,AWS-CHN-024,Chennai,CHN,center,True,spike
2025-02-20 22:00:00,26.4,1018.3673165380944,78.0,AWS-CHN-024,Chennai,CHN,center,True,spike
2025-02-20 23:00:00,26.1,1015.2395736645672,80.0,AWS-CHN-024,Chennai,CHN,center,True,spike
2025-02-21 00:00:00,25.7,1013.5011501792146,-0.05662785589942563,AWS-CHN-024,Chennai,CHN,center,True,sensor_fail_low
2025-02-21 01:00:00,24.9,1012.3284121062403,-0.03657136414451614,AWS-CHN-024,Chennai,CHN,center,True,sensor_fail_low
2025-02-21 02:00:00,24.5,1011.4,-0.05727747410187677,AWS-CHN-024,Chennai,CHN,center,True,sensor_fail_low
2025-02-21 03:00:00,24.4,1010.9,-0.039061295162749705,AWS-CHN-024,Chennai,CHN,center,True,sensor_fail_low
2025-02-21 04:00:00,23.9,1011.1,92.0,AWS-CHN-024,Chennai,CHN,center,False,
2025-02-21 05:00:00,23.8,1011.7,93.0,AWS-CHN-024,Chennai,CHN,center,False,
2025-02-21 06:00:00,24.0,1012.8,94.0,AWS-CHN-024,Chennai,CHN,center,False,
2025-02-21 07:00:00,24.6,1013.7,90.0,AWS-CHN-024,Chennai,CHN,center,False,
2025-02-21 08:00:00,26.5,1014.5,2.04743689816236,AWS-CHN-024,Chennai,CHN,center,True,spike
2025-02-21 09:00:00,28.4,1014.9,67.0,AWS-CHN-024,Chennai,CHN,center,False,
2025-02-21 10:00:00,29.7,1014.8,60.0,AWS-CHN-024,Chennai,CHN,center,False,
2025-02-21 11:00:00,30.4,1014.1,56.0,AWS-CHN-024,Chennai,CHN,center,False,
2025-02-21 12:00:00,31.0,1013.3,52.0,AWS-CHN-024,Chennai,CHN,center,False,
2025-02-21 13:00:00,31.1,1012.4,51.0,AWS-CHN-024,Chennai,CHN,center,False,
2025-02-21 14:00:00,30.7,1011.3,54.0,AWS-CHN-024,Chennai,CHN,center,False,
2025-02-21 15:00:00,30.1,1010.5,55.0,AWS-CHN-024,Chennai,CHN,center,False,
2025-02-21 16:00:00,29.3,1010.3,60.0,AWS-CHN-024,Chennai,CHN,center,False,
2025-02-21 17:00:00,28.0,1010.6,66.0,AWS-CHN-024,Chennai,CHN,center,False,
2025-02-21 18:00:00,27.3,1011.4,73.0,AWS-CHN-024,Chennai,CHN,center,False,
2025-02-21 19:00:00,27.1,1012.2,74.0,AWS-CHN-024,Chennai,CHN,center,False,
2025-02-21 20:00:00,26.8,1012.9,75.0,AWS-CHN-024,Chennai,CHN,center,False,
2025-02-21 21:00:00,26.7,1013.6,76.0,AWS-CHN-024,Chennai,CHN,center,False,
2025-02-21 22:00:00,26.6,1013.5,75.0,AWS-CHN-024,Chennai,CHN,center,False,
2025-02-21 23:00:00,26.2,1013.2,77.0,AWS-CHN-024,Chennai,CHN,center,False,
2025-02-22 00:00:00,25.7,1012.8,80.0,AWS-CHN-024,Chennai,CHN,center,False,
2025-02-22 01:00:00,25.3,1012.3,82.0,AWS-CHN-024,Chennai,CHN,center,False,
2025-02-22 02:00:00,25.0,1011.9,85.0,AWS-CHN-024,Chennai,CHN,center,False,
2025-02-22 03:00:00,24.7,1011.7,87.0,AWS-CHN-024,Chennai,CHN,center,False,
2025-02-22 04:00:00,24.0,1011.7,90.0,AWS-CHN-024,Chennai,CHN,center,False,
2025-02-22 05:00:00,23.6,1012.3,93.0,AWS-CHN-024,Chennai,CHN,center,False,
2025-02-22 06:00:00,24.3,1012.9,92.0,AWS-CHN-024,Chennai,CHN,center,False,
2025-02-22 07:00:00,25.1,1013.7,87.0,AWS-CHN-024,Chennai,CHN,center,False,
2025-02-22 08:00:00,26.9,1014.6,77.0,AWS-CHN-024,Chennai,CHN,center,False,
2025-02-22 09:00:00,28.6,1015.0,67.0,AWS-CHN-024,Chennai,CHN,center,False,
2025-02-22 10:00:00,30.1,1014.6,60.0,AWS-CHN-024,Chennai,CHN,center,False,
2025-02-22 11:00:00,31.2,1013.9,56.0,AWS-CHN-024,Chennai,CHN,center,False,
2025-02-22 12:00:00,31.4,1012.9,56.0,AWS-CHN-024,Chennai,CHN,center,False,
2025-02-22 13:00:00,30.9,1012.0,55.0,AWS-CHN-024,Chennai,CHN,center,False,
2025-02-22 14:00:00,30.5,1011.1,55.0,AWS-CHN-024,Chennai,CHN,center,False,
2025-02-22 15:00:00,29.9,1010.6,57.0,AWS-CHN-024,Chennai,CHN,center,False,
2025-02-22 16:00:00,29.1,1010.6,59.0,AWS-CHN-024,Chennai,CHN,center,False,
2025-02-22 17:00:00,28.0,1010.9,63.0,AWS-CHN-024,Chennai,CHN,center,False,
2025-02-22 18:00:00,27.0,1011.7,74.0,AWS-CHN-024,Chennai,CHN,center,False,
2025-02-22 19:00:00,26.8,1012.8,74.0,AWS-CHN-024,Chennai,CHN,center,False,
2025-02-22 20:00:00,26.6,1013.7,76.0,AWS-CHN-024,Chennai,CHN,center,False,
2025-02-22 21:00:00,32.91540209273397,1014.1134018264601,100.0,AWS-CHN-024,Chennai,CHN,center,True,multivariate_inconsistency
2025-02-22 22:00:00,32.615402092733966,1014.6225991621094,100.0,AWS-CHN-024,Chennai,CHN,center,True,multivariate_inconsistency
2025-02-22 23:00:00,32.31540209273397,1014.2236383987537,100.0,AWS-CHN-024,Chennai,CHN,center,True,multivariate_inconsistency
2025-02-23 00:00:00,32.115402092733966,1013.1572083364977,100.0,AWS-CHN-024,Chennai,CHN,center,True,multivariate_inconsistency
2025-02-23 01:00:00,25.3,1013.1,87.0,AWS-CHN-024,Chennai,CHN,center,False,
2025-02-23 02:00:00,25.1,1012.6,87.0,AWS-CHN-024,Chennai,CHN,center,False,
2025-02-23 03:00:00,24.6,1012.2,89.0,AWS-CHN-024,Chennai,CHN,center,False,
2025-02-23 04:00:00,23.9,1012.0,92.0,AWS-CHN-024,Chennai,CHN,center,False,
2025-02-23 05:00:00,23.5,1012.2,94.0,AWS-CHN-024,Chennai,CHN,center,False,
2025-02-23 06:00:00,23.7,1013.0,95.0,AWS-CHN-024,Chennai,CHN,center,False,
2025-02-23 07:00:00,24.6,1013.8,90.0,AWS-CHN-024,Chennai,CHN,center,True,frozen_value
2025-02-23 08:00:00,-40.031605134274066,1014.5,89.96622383155092,AWS-CHN-024,Chennai,CHN,center,True,sensor_fail_low
2025-02-23 09:00:00,-39.96860994653435,1015.0,89.948328418653,AWS-CHN-024,Chennai,CHN,center,True,sensor_fail_low
2025-02-23 10:00:00,-40.00633188436325,1014.7,89.92,AWS-CHN-024,Chennai,CHN,center,True,sensor_fail_low
2025-02-23 11:00:00,-40.00669407280317,1013.7,89.92,AWS-CHN-024,Chennai,CHN,center,True,sensor_fail_low
2025-02-23 12:00:00,32.4,1012.8,89.92,AWS-CHN-024,Chennai,CHN,center,True,frozen_value
2025-02-23 13:00:00,32.0,1011.8,89.92,AWS-CHN-024,Chennai,CHN,center,True,frozen_value
2025-02-23 14:00:00,31.6,1010.8,89.92,AWS-CHN-024,Chennai,CHN,center,True,frozen_value
2025-02-23 15:00:00,31.1,1010.5,89.93102578612412,AWS-CHN-024,Chennai,CHN,center,True,frozen_value
2025-02-23 16:00:00,29.9,1010.8,89.97185139826892,AWS-CHN-024,Chennai,CHN,center,True,frozen_value
2025-02-23 17:00:00,28.5,1011.3,89.99097609565459,AWS-CHN-024,Chennai,CHN,center,True,frozen_value
2025-02-23 18:00:00,27.5,1011.9,90.02637409026039,AWS-CHN-024,Chennai,CHN,center,True,frozen_value
2025-02-23 19:00:00,27.1,1012.7,77.0,AWS-CHN-024,Chennai,CHN,center,False,
2025-02-23 20:00:00,26.9,1013.6,80.0,AWS-CHN-024,Chennai,CHN,center,False,
2025-02-23 21:00:00,26.7,1014.2,81.0,AWS-CHN-024,Chennai,CHN,center,False,
2025-02-23 22:00:00,26.3,1014.1,83.0,AWS-CHN-024,Chennai,CHN,center,False,
2025-02-23 23:00:00,25.9,1013.6,87.0,AWS-CHN-024,Chennai,CHN,center,False,
2025-02-24 00:00:00,25.5,1013.0,89.0,AWS-CHN-024,Chennai,CHN,center,False,
2025-02-24 01:00:00,25.2,1012.3,91.0,AWS-CHN-024,Chennai,CHN,center,False,
2025-02-24 02:00:00,24.9,1011.7,91.0,AWS-CHN-024,Chennai,CHN,center,False,
2025-02-24 03:00:00,24.5,1011.1,92.0,AWS-CHN-024,Chennai,CHN,center,False,
2025-02-24 04:00:00,23.6,1011.2,96.0,AWS-CHN-024,Chennai,CHN,center,False,
2025-02-24 05:00:00,23.5,1011.9,97.0,AWS-CHN-024,Chennai,CHN,center,False,
2025-02-24 06:00:00,23.9,1013.2,96.0,AWS-CHN-024,Chennai,CHN,center,False,
2025-02-24 07:00:00,25.1,1014.1,89.0,AWS-CHN-024,Chennai,CHN,center,False,
2025-02-24 08:00:00,26.6,1014.9,78.0,AWS-CHN-024,Chennai,CHN,center,False,
2025-02-24 09:00:00,28.6,1015.6,67.0,AWS-CHN-024,Chennai,CHN,center,False,
2025-02-24 10:00:00,30.1,1015.4,60.0,AWS-CHN-024,Chennai,CHN,center,False,
2025-02-24 11:00:00,30.5,1014.8,57.0,AWS-CHN-024,Chennai,CHN,center,False,
2025-02-24 12:00:00,30.9,1013.8,53.0,AWS-CHN-024,Chennai,CHN,center,False,
2025-02-24 13:00:00,31.0,1012.6,52.0,AWS-CHN-024,Chennai,CHN,center,False,
2025-02-24 14:00:00,30.8,1011.7,52.0,AWS-CHN-024,Chennai,CHN,center,False,
2025-02-24 15:00:00,30.2,1011.1,55.0,AWS-CHN-024,Chennai,CHN,center,False,
2025-02-24 16:00:00,29.4,1011.2,61.0,AWS-CHN-024,Chennai,CHN,center,False,
2025-02-24 17:00:00,28.3,1011.3,68.0,AWS-CHN-024,Chennai,CHN,center,False,
2025-02-24 18:00:00,27.6,1012.0,77.0,AWS-CHN-024,Chennai,CHN,center,False,
2025-02-24 19:00:00,27.4,1012.9,77.0,AWS-CHN-024,Chennai,CHN,center,False,
2025-02-24 20:00:00,27.3,1014.1,78.0,AWS-CHN-024,Chennai,CHN,center,False,
2025-02-24 21:00:00,27.0,1014.6,80.0,AWS-CHN-024,Chennai,CHN,center,False,
2025-02-24 22:00:00,26.7,1014.6,82.0,AWS-CHN-024,Chennai,CHN,center,False,
2025-02-24 23:00:00,26.4,1014.4,82.0,AWS-CHN-024,Chennai,CHN,center,False,
2025-02-25 00:00:00,26.1,1014.1,84.0,AWS-CHN-024,Chennai,CHN,center,False,
2025-02-25 01:00:00,25.8,1013.4,85.0,AWS-CHN-024,Chennai,CHN,center,False,
2025-02-25 02:00:00,25.4,1012.9,87.0,AWS-CHN-024,Chennai,CHN,center,False,
2025-02-25 03:00:00,25.1,1012.5,88.0,AWS-CHN-024,Chennai,CHN,center,False,
2025-02-25 04:00:00,24.6,1012.5,91.0,AWS-CHN-024,Chennai,CHN,center,False,
2025-02-25 05:00:00,24.1,1012.8,93.0,AWS-CHN-024,Chennai,CHN,center,False,
2025-02-25 06:00:00,25.0,1013.7,86.0,AWS-CHN-024,Chennai,CHN,center,False,
2025-02-25 07:00:00,25.9,1014.6,82.0,AWS-CHN-024,Chennai,CHN,center,False,
2025-02-25 08:00:00,28.0,1015.2,68.0,AWS-CHN-024,Chennai,CHN,center,False,
2025-02-25 09:00:00,29.7,1015.8,55.0,AWS-CHN-024,Chennai,CHN,center,False,
2025-02-25 10:00:00,30.6,1015.8,50.0,AWS-CHN-024,Chennai,CHN,center,False,
2025-02-25 11:00:00,31.1,1015.5,48.0,AWS-CHN-024,Chennai,CHN,center,False,
2025-02-25 12:00:00,31.3,1014.6,48.0,AWS-CHN-024,Chennai,CHN,center,False,
2025-02-25 13:00:00,31.3,1013.5,47.0,AWS-CHN-024,Chennai,CHN,center,False,
2025-02-25 14:00:00,31.0,1012.5,48.0,AWS-CHN-024,Chennai,CHN,center,False,
2025-02-25 15:00:00,30.6,1012.0,49.0,AWS-CHN-024,Chennai,CHN,center,False,
2025-02-25 16:00:00,29.8,1012.0,54.0,AWS-CHN-024,Chennai,CHN,center,False,
2025-02-25 17:00:00,28.8,,62.0,AWS-CHN-024,Chennai,CHN,center,True,dropout
2025-02-25 18:00:00,28.3,1013.3,68.0,AWS-CHN-024,Chennai,CHN,center,False,
2025-02-25 19:00:00,28.2,1014.0,69.0,AWS-CHN-024,Chennai,CHN,center,False,
2025-02-25 20:00:00,27.9,1014.9,71.0,AWS-CHN-024,Chennai,CHN,center,False,
2025-02-25 21:00:00,27.5,1015.5,75.0,AWS-CHN-024,Chennai,CHN,center,False,
2025-02-25 22:00:00,27.3,1015.6,75.0,AWS-CHN-024,Chennai,CHN,center,False,
2025-02-25 23:00:00,27.0,1015.5,77.0,AWS-CHN-024,Chennai,CHN,center,False,
2025-02-26 00:00:00,26.8,1014.8,78.0,AWS-CHN-024,Chennai,CHN,center,False,
2025-02-26 01:00:00,26.5,1013.9,78.0,AWS-CHN-024,Chennai,CHN,center,False,
2025-02-26 02:00:00,26.2,1013.2,80.0,AWS-CHN-024,Chennai,CHN,center,False,
2025-02-26 03:00:00,25.8,1012.9,83.0,AWS-CHN-024,Chennai,CHN,center,False,
2025-02-26 04:00:00,25.6,1012.7,84.0,AWS-CHN-024,Chennai,CHN,center,False,
2025-02-26 05:00:00,25.4,1013.0,85.0,AWS-CHN-024,Chennai,CHN,center,False,
2025-02-26 06:00:00,26.2,1013.7,82.0,AWS-CHN-024,Chennai,CHN,center,False,
2025-02-26 07:00:00,27.3,1014.5,75.0,AWS-CHN-024,Chennai,CHN,center,False,
2025-02-26 08:00:00,28.5,1015.1,66.0,AWS-CHN-024,Chennai,CHN,center,False,
2025-02-26 09:00:00,29.7,1015.7,60.0,AWS-CHN-024,Chennai,CHN,center,False,
2025-02-26 10:00:00,30.6,1015.8,55.0,AWS-CHN-024,Chennai,CHN,center,False,
2025-02-26 11:00:00,31.1,1015.1,53.0,AWS-CHN-024,Chennai,CHN,center,False,
2025-02-26 12:00:00,31.6,1014.2,48.0,AWS-CHN-024,Chennai,CHN,center,False,
2025-02-26 13:00:00,31.6,1013.1,47.0,AWS-CHN-024,Chennai,CHN,center,False,
2025-02-26 14:00:00,31.1,1012.0,51.0,AWS-CHN-024,Chennai,CHN,center,False,
2025-02-26 15:00:00,30.5,1011.4,53.0,AWS-CHN-024,Chennai,CHN,center,False,
2025-02-26 16:00:00,29.6,1011.2,60.0,AWS-CHN-024,Chennai,CHN,center,False,
2025-02-26 17:00:00,28.6,1011.6,65.0,AWS-CHN-024,Chennai,CHN,center,False,
2025-02-26 18:00:00,27.9,1012.5,70.0,AWS-CHN-024,Chennai,CHN,center,False,
2025-02-26 19:00:00,27.7,1013.5,73.0,AWS-CHN-024,Chennai,CHN,center,False,
2025-02-26 20:00:00,27.4,1014.3,75.0,AWS-CHN-024,Chennai,CHN,center,False,
2025-02-26 21:00:00,27.2,1014.9,76.0,AWS-CHN-024,Chennai,CHN,center,False,
2025-02-26 22:00:00,26.9,1014.8,78.0,AWS-CHN-024,Chennai,CHN,center,False,
2025-02-26 23:00:00,26.6,1014.5,79.0,AWS-CHN-024,Chennai,CHN,center,False,
2025-02-27 00:00:00,26.3,1013.9,80.0,AWS-CHN-024,Chennai,CHN,center,False,
2025-02-27 01:00:00,26.1,1013.0,82.0,AWS-CHN-024,Chennai,CHN,center,False,
2025-02-27 02:00:00,25.8,1012.3,84.0,AWS-CHN-024,Chennai,CHN,center,False,
2025-02-27 03:00:00,25.5,1011.9,84.0,AWS-CHN-024,Chennai,CHN,center,False,
2025-02-27 04:00:00,25.3,1011.7,85.0,AWS-CHN-024,Chennai,CHN,center,False,
2025-02-27 05:00:00,24.9,1011.7,87.0,AWS-CHN-024,Chennai,CHN,center,False,
2025-02-27 06:00:00,25.3,1012.3,85.0,AWS-CHN-024,Chennai,CHN,center,False,
2025-02-27 07:00:00,26.6,1013.2,78.0,AWS-CHN-024,Chennai,CHN,center,False,
2025-02-27 08:00:00,28.1,1014.0,68.0,AWS-CHN-024,Chennai,CHN,center,False,
2025-02-27 09:00:00,29.3,1014.6,61.0,AWS-CHN-024,Chennai,CHN,center,False,
2025-02-27 10:00:00,30.2,1014.5,57.0,AWS-CHN-024,Chennai,CHN,center,False,
2025-02-27 11:00:00,30.8,1013.8,53.0,AWS-CHN-024,Chennai,CHN,center,False,
2025-02-27 12:00:00,30.9,1012.8,54.0,AWS-CHN-024,Chennai,CHN,center,False,
2025-02-27 13:00:00,38.65261297727563,1011.3430340386839,79.72808387204493,AWS-CHN-024,Chennai,CHN,center,True,multivariate_inconsistency
2025-02-27 14:00:00,38.55261297727563,1009.9968658743895,76.55552108596717,AWS-CHN-024,Chennai,CHN,center,True,multivariate_inconsistency
2025-02-27 15:00:00,38.05261297727563,1009.5179024900759,79.83178971999216,AWS-CHN-024,Chennai,CHN,center,True,multivariate_inconsistency
2025-02-27 16:00:00,37.05261297727563,1009.4897999491969,89.60640234205364,AWS-CHN-024,Chennai,CHN,center,True,multivariate_inconsistency
2025-02-27 17:00:00,28.4,1010.0,63.0,AWS-CHN-024,Chennai,CHN,center,False,
2025-02-27 18:00:00,27.6,1010.3,71.0,AWS-CHN-024,Chennai,CHN,center,False,
2025-02-27 19:00:00,27.4,1011.2,72.0,AWS-CHN-024,Chennai,CHN,center,False,
2025-02-27 20:00:00,27.3,1012.6,74.0,AWS-CHN-024,Chennai,CHN,center,False,
2025-02-27 21:00:00,27.2,1013.3,75.0,AWS-CHN-024,Chennai,CHN,center,False,
2025-02-27 22:00:00,27.1,1013.5,76.0,AWS-CHN-024,Chennai,CHN,center,False,
2025-02-27 23:00:00,26.9,1012.9,78.0,AWS-CHN-024,Chennai,CHN,center,False,
2025-02-28 00:00:00,26.4,1012.2,80.0,AWS-CHN-024,Chennai,CHN,center,False,
2025-02-28 01:00:00,26.2,1011.3,81.0,AWS-CHN-024,Chennai,CHN,center,False,
2025-02-28 02:00:00,25.8,1010.6,83.0,AWS-CHN-024,Chennai,CHN,center,False,
2025-02-28 03:00:00,25.6,1010.2,84.0,AWS-CHN-024,Chennai,CHN,center,False,
2025-02-28 04:00:00,25.4,1010.2,84.0,AWS-CHN-024,Chennai,CHN,center,False,
2025-02-28 05:00:00,25.2,1010.3,85.0,AWS-CHN-024,Chennai,CHN,center,False,
2025-02-28 06:00:00,25.6,1011.3,84.0,AWS-CHN-024,Chennai,CHN,center,False,
2025-02-28 07:00:00,26.6,1012.0,78.0,AWS-CHN-024,Chennai,CHN,center,False,
2025-02-28 08:00:00,28.3,1012.9,69.0,AWS-CHN-024,Chennai,CHN,center,False,
2025-02-28 09:00:00,29.4,1013.8,62.0,AWS-CHN-024,Chennai,CHN,center,False,
2025-02-28 10:00:00,30.1,1013.9,59.0,AWS-CHN-024,Chennai,CHN,center,False,
2025-02-28 11:00:00,30.7,1013.3,56.0,AWS-CHN-024,Chennai,CHN,center,False,
2025-02-28 12:00:00,30.7,1012.0,56.0,AWS-CHN-024,Chennai,CHN,center,False,
2025-02-28 13:00:00,31.1,1010.6,55.0,AWS-CHN-024,Chennai,CHN,center,False,
2025-02-28 14:00:00,30.8,1009.4,56.0,AWS-CHN-024,Chennai,CHN,center,False,
2025-02-28 15:00:00,30.3,1008.7,58.0,AWS-CHN-024,Chennai,CHN,center,False,
2025-02-28 16:00:00,29.6,1008.6,60.0,AWS-CHN-024,Chennai,CHN,center,False,
2025-02-28 17:00:00,28.7,1009.0,65.0,AWS-CHN-024,Chennai,CHN,center,False,
2025-02-28 18:00:00,27.9,1009.8,74.0,AWS-CHN-024,Chennai,CHN,center,False,
2025-02-28 19:00:00,27.7,1010.9,74.0,AWS-CHN-024,Chennai,CHN,center,False,
2025-02-28 20:00:00,27.6,1011.8,75.0,AWS-CHN-024,Chennai,CHN,center,False,
2025-02-28 21:00:00,27.6,1013.0,76.0,AWS-CHN-024,Chennai,CHN,center,False,
2025-02-28 22:00:00,27.5,1013.0,75.0,AWS-CHN-024,Chennai,CHN,center,False,
2025-02-28 23:00:00,27.3,1012.6,76.0,AWS-CHN-024,Chennai,CHN,center,False,
2025-03-01 00:00:00,27.3,1011.8,76.0,AWS-CHN-024,Chennai,CHN,center,False,
2025-03-01 01:00:00,27.0,1011.1,77.0,AWS-CHN-024,Chennai,CHN,center,False,
2025-03-01 02:00:00,26.9,1010.5,78.0,AWS-CHN-024,Chennai,CHN,center,False,
2025-03-01 03:00:00,26.8,1009.8,78.0,AWS-CHN-024,Chennai,CHN,center,False,
2025-03-01 04:00:00,26.7,1009.5,78.0,AWS-CHN-024,Chennai,CHN,center,False,
2025-03-01 05:00:00,26.5,1009.7,79.0,AWS-CHN-024,Chennai,CHN,center,False,
2025-03-01 06:00:00,25.8,1011.0,87.0,AWS-CHN-024,Chennai,CHN,center,False,
2025-03-01 07:00:00,27.0,1011.8,80.0,AWS-CHN-024,Chennai,CHN,center,False,
2025-03-01 08:00:00,28.5,1012.2,71.0,AWS-CHN-024,Chennai,CHN,center,False,
2025-03-01 09:00:00,29.3,1012.7,67.0,AWS-CHN-024,Chennai,CHN,center,False,
2025-03-01 10:00:00,30.1,1012.8,64.0,AWS-CHN-024,Chennai,CHN,center,False,
2025-03-01 11:00:00,30.5,1012.0,62.0,AWS-CHN-024,Chennai,CHN,center,False,
2025-03-01 12:00:00,30.7,1010.6,63.0,AWS-CHN-024,Chennai,CHN,center,False,
2025-03-01 13:00:00,30.8,1009.2,62.0,AWS-CHN-024,Chennai,CHN,center,False,
2025-03-01 14:00:00,30.4,1008.2,62.0,AWS-CHN-024,Chennai,CHN,center,False,
2025-03-01 15:00:00,30.0,1007.6,63.0,AWS-CHN-024,Chennai,CHN,center,False,
2025-03-01 16:00:00,29.4,1007.7,66.0,AWS-CHN-024,Chennai,CHN,center,False,
2025-03-01 17:00:00,28.5,1008.1,71.0,AWS-CHN-024,Chennai,CHN,center,False,
2025-03-01 18:00:00,27.9,1009.2,78.0,AWS-CHN-024,Chennai,CHN,center,False,
2025-03-01 19:00:00,27.7,1010.2,79.0,AWS-CHN-024,Chennai,CHN,center,False,
2025-03-01 20:00:00,27.6,1011.2,80.0,AWS-CHN-024,Chennai,CHN,center,False,
2025-03-01 21:00:00,27.5,1011.6,80.0,AWS-CHN-024,Chennai,CHN,center,False,
2025-03-01 22:00:00,43.46766631220339,1011.4,82.0,AWS-CHN-024,Chennai,CHN,center,True,spike
2025-03-01 23:00:00,48.24796620586441,1011.3,82.0,AWS-CHN-024,Chennai,CHN,center,True,spike
2025-03-02 00:00:00,52.92826609952542,1010.7,83.0,AWS-CHN-024,Chennai,CHN,center,True,spike
2025-03-02 01:00:00,57.50856599318644,1010.0,84.0,AWS-CHN-024,Chennai,CHN,center,True,spike
2025-03-02 02:00:00,60.0,1009.1,85.0,AWS-CHN-024,Chennai,CHN,center,True,spike
2025-03-02 03:00:00,26.0,1008.3,87.0,AWS-CHN-024,Chennai,CHN,center,False,
2025-03-02 04:00:00,25.8,1008.1,88.0,AWS-CHN-024,Chennai,CHN,center,False,
2025-03-02 05:00:00,25.6,1008.3,88.0,AWS-CHN-024,Chennai,CHN,center,False,
2025-03-02 06:00:00,26.4,1009.2,85.0,AWS-CHN-024,Chennai,CHN,center,False,
2025-03-02 07:00:00,27.5,1009.7,78.0,AWS-CHN-024,Chennai,CHN,center,False,
2025-03-02 08:00:00,28.8,1010.6,70.0,AWS-CHN-024,Chennai,CHN,center,False,
2025-03-02 09:00:00,30.0,1011.4,63.0,AWS-CHN-024,Chennai,CHN,center,False,
2025-03-02 10:00:00,31.1,1011.2,58.0,AWS-CHN-024,Chennai,CHN,center,False,
2025-03-02 11:00:00,31.7,1010.4,54.0,AWS-CHN-024,Chennai,CHN,center,False,
2025-03-02 12:00:00,32.2,1009.3,52.0,AWS-CHN-024,Chennai,CHN,center,False,
2025-03-02 13:00:00,32.1,1008.3,52.0,AWS-CHN-024,Chennai,CHN,center,False,
2025-03-02 14:00:00,31.7,1007.3,54.0,AWS-CHN-024,Chennai,CHN,center,False,
2025-03-02 15:00:00,30.9,1006.6,58.0,AWS-CHN-024,Chennai,CHN,center,False,
2025-03-02 16:00:00,29.9,1006.5,64.0,AWS-CHN-024,Chennai,CHN,center,False,
2025-03-02 17:00:00,28.8,1006.8,70.0,AWS-CHN-024,Chennai,CHN,center,False,
2025-03-02 18:00:00,28.1,1007.3,78.0,AWS-CHN-024,Chennai,CHN,center,False,
2025-03-02 19:00:00,27.8,1008.5,80.0,AWS-CHN-024,Chennai,CHN,center,False,
2025-03-02 20:00:00,27.5,1009.4,82.0,AWS-CHN-024,Chennai,CHN,center,False,
2025-03-02 21:00:00,27.3,1010.1,84.0,AWS-CHN-024,Chennai,CHN,center,False,
2025-03-02 22:00:00,27.0,1010.7,86.0,AWS-CHN-024,Chennai,CHN,center,False,
2025-03-02 23:00:00,26.7,1010.6,88.0,AWS-CHN-024,Chennai,CHN,center,False,
2025-03-03 00:00:00,26.5,1010.1,89.0,AWS-CHN-024,Chennai,CHN,center,False,
2025-03-03 01:00:00,26.2,1009.2,91.0,AWS-CHN-024,Chennai,CHN,center,False,
2025-03-03 02:00:00,25.4,1008.4,94.0,AWS-CHN-024,Chennai,CHN,center,False,
2025-03-03 03:00:00,25.0,1008.0,95.0,AWS-CHN-024,Chennai,CHN,center,False,
2025-03-03 04:00:00,24.7,1008.2,97.0,AWS-CHN-024,Chennai,CHN,center,False,
2025-03-03 05:00:00,24.7,1008.7,98.0,AWS-CHN-024,Chennai,CHN,center,False,
2025-03-03 06:00:00,25.8,1009.5,94.0,AWS-CHN-024,Chennai,CHN,center,False,
2025-03-03 07:00:00,26.5,1010.6,88.0,AWS-CHN-024,Chennai,CHN,center,False,
2025-03-03 08:00:00,28.0,1011.3,79.0,AWS-CHN-024,Chennai,CHN,center,False,
2025-03-03 09:00:00,30.0,1011.8,66.0,AWS-CHN-024,Chennai,CHN,center,False,
2025-03-03 10:00:00,31.5,1011.5,58.0,AWS-CHN-024,Chennai,CHN,center,False,
2025-03-03 11:00:00,32.7,1010.6,53.0,AWS-CHN-024,Chennai,CHN,center,True,frozen_value
2025-03-03 12:00:00,33.0,1010.6,53.0,AWS-CHN-024,Chennai,CHN,center,True,frozen_value
2025-03-03 13:00:00,32.6,1010.6,51.0,AWS-CHN-024,Chennai,CHN,center,True,frozen_value
2025-03-03 14:00:00,32.1,1010.6,51.0,AWS-CHN-024,Chennai,CHN,center,True,frozen_value
2025-03-03 15:00:00,31.7,1010.6,54.0,AWS-CHN-024,Chennai,CHN,center,True,frozen_value
2025-03-03 16:00:00,30.7,1010.6,57.0,AWS-CHN-024,Chennai,CHN,center,True,frozen_value
2025-03-03 17:00:00,29.3,1010.6,65.0,AWS-CHN-024,Chennai,CHN,center,True,frozen_value
2025-03-03 18:00:00,28.5,1007.7,77.0,AWS-CHN-024,Chennai,CHN,center,False,
2025-03-03 19:00:00,-40.005631610775254,1008.5,81.0,AWS-CHN-024,Chennai,CHN,center,True,sensor_fail_low
2025-03-03 20:00:00,-40.061050047656884,1009.0,84.0,AWS-CHN-024,Chennai,CHN,center,True,sensor_fail_low
2025-03-03 21:00:00,-40.07398890280594,1009.7,88.0,AWS-CHN-024,Chennai,CHN,center,True,sensor_fail_low
2025-03-03 22:00:00,-40.011859581728416,1010.1,90.0,AWS-CHN-024,Chennai,CHN,center,True,sensor_fail_low
2025-03-03 23:00:00,26.3,1010.0,93.0,AWS-CHN-024,Chennai,CHN,center,False,
2025-03-04 00:00:00,25.9,1009.4,95.0,AWS-CHN-024,Chennai,CHN,center,False,
2025-03-04 01:00:00,25.6,1008.5,97.0,AWS-CHN-024,Chennai,CHN,center,False,
2025-03-04 02:00:00,25.3,1007.8,98.0,AWS-CHN-024,Chennai,CHN,center,False,
2025-03-04 03:00:00,24.7,1007.6,99.0,AWS-CHN-024,Chennai,CHN,center,False,
2025-03-04 04:00:00,24.1,1007.6,99.0,AWS-CHN-024,Chennai,CHN,center,False,
2025-03-04 05:00:00,23.9,1008.0,99.0,AWS-CHN-024,Chennai,CHN,center,False,
2025-03-04 06:00:00,25.1,1008.8,96.0,AWS-CHN-024,Chennai,CHN,center,False,
2025-03-04 07:00:00,25.9,1009.6,88.0,AWS-CHN-024,Chennai,CHN,center,False,
2025-03-04 08:00:00,27.6,1010.2,77.0,AWS-CHN-024,Chennai,CHN,center,False,
2025-03-04 09:00:00,29.9,1010.8,63.0,AWS-CHN-024,Chennai,CHN,center,False,
2025-03-04 10:00:00,32.0,1010.7,51.0,AWS-CHN-024,Chennai,CHN,center,False,
2025-03-04 11:00:00,33.2,1010.2,48.0,AWS-CHN-024,Chennai,CHN,center,False,
2025-03-04 12:00:00,32.8,1009.6,52.0,AWS-CHN-024,Chennai,CHN,center,False,
2025-03-04 13:00:00,32.7,1008.6,48.0,AWS-CHN-024,Chennai,CHN,center,False,
2025-03-04 14:00:00,32.6,1007.8,47.0,AWS-CHN-024,Chennai,CHN,center,False,
2025-03-04 15:00:00,31.7,1007.1,54.0,AWS-CHN-024,Chennai,CHN,center,False,
2025-03-04 16:00:00,30.8,1007.0,57.0,AWS-CHN-024,Chennai,CHN,center,False,
2025-03-04 17:00:00,29.7,1007.3,58.0,AWS-CHN-024,Chennai,CHN,center,False,
2025-03-04 18:00:00,50.10371964152261,1008.4,78.0,AWS-CHN-024,Chennai,CHN,center,True,spike
2025-03-04 19:00:00,56.17483553397939,1009.1,80.0,AWS-CHN-024,Chennai,CHN,center,True,spike
2025-03-04 20:00:00,60.0,1009.7,80.0,AWS-CHN-024,Chennai,CHN,center,True,spike
2025-03-04 21:00:00,27.2,1010.4,82.0,AWS-CHN-024,Chennai,CHN,center,False,
2025-03-04 22:00:00,-40.0449742919102,1010.5,85.0,AWS-CHN-024,Chennai,CHN,center,True,sensor_fail_low
2025-03-04 23:00:00,-39.97681590511511,1010.2,87.0,AWS-CHN-024,Chennai,CHN,center,True,sensor_fail_low
2025-03-05 00:00:00,-39.870679660104,1009.6,89.0,AWS-CHN-024,Chennai,CHN,center,True,sensor_fail_low
2025-03-05 01:00:00,-39.964959086590255,1009.0,91.0,AWS-CHN-024,Chennai,CHN,center,True,sensor_fail_low
2025-03-05 02:00:00,24.9,1008.2,95.0,AWS-CHN-024,Chennai,CHN,center,False,
2025-03-05 03:00:00,24.4,1007.5,96.0,AWS-CHN-024,Chennai,CHN,center,False,
2025-03-05 04:00:00,24.1,1007.6,97.0,AWS-CHN-024,Chennai,CHN,center,False,
2025-03-05 05:00:00,23.9,1008.0,98.0,AWS-CHN-024,Chennai,CHN,center,False,
2025-03-05 06:00:00,24.9,1008.7,95.0,AWS-CHN-024,Chennai,CHN,center,False,
2025-03-05 07:00:00,25.8,1009.5,87.0,AWS-CHN-024,Chennai,CHN,center,True,frozen_value
2025-03-05 08:00:00,22.693061272572645,1010.0,87.0,AWS-CHN-024,Chennai,CHN,center,True,drift
2025-03-05 09:00:00,24.548007820197878,1010.6,87.0,AWS-CHN-024,Chennai,CHN,center,True,drift
2025-03-05 10:00:00,26.602954367823106,1010.2,87.0,AWS-CHN-024,Chennai,CHN,center,True,drift
2025-03-05 11:00:00,28.25790091544834,1009.4,87.0,AWS-CHN-024,Chennai,CHN,center,True,drift
2025-03-05 12:00:00,28.51284746307357,1008.6,87.0,AWS-CHN-024,Chennai,CHN,center,True,drift
2025-03-05 13:00:00,27.5677940106988,1007.6,87.0,AWS-CHN-024,Chennai,CHN,center,True,drift
2025-03-05 14:00:00,27.12274055832403,1007.0,87.0,AWS-CHN-024,Chennai,CHN,center,True,drift
2025-03-05 15:00:00,25.777687105949262,1006.7,87.0,AWS-CHN-024,Chennai,CHN,center,True,drift
2025-03-05 16:00:00,24.132633653574494,1006.7,52.0,AWS-CHN-024,Chennai,CHN,center,True,drift
2025-03-05 17:00:00,22.087580201199728,1007.1,68.0,AWS-CHN-024,Chennai,CHN,center,True,drift
2025-03-05 18:00:00,20.442526748824957,1007.8,76.0,AWS-CHN-024,Chennai,CHN,center,True,drift
2025-03-05 19:00:00,19.49747329645019,1008.6,81.0,AWS-CHN-024,Chennai,CHN,center,True,drift
2025-03-05 20:00:00,18.85241984407542,1009.4,82.0,AWS-CHN-024,Chennai,CHN,center,True,drift
2025-03-05 21:00:00,18.10736639170065,1010.1,85.0,AWS-CHN-024,Chennai,CHN,center,True,drift
2025-03-05 22:00:00,17.56231293932588,1010.3,85.0,AWS-CHN-024,Chennai,CHN,center,True,drift
2025-03-05 23:00:00,16.817259486951116,1009.9,87.0,AWS-CHN-024,Chennai,CHN,center,True,drift
2025-03-06 00:00:00,16.072206034576343,1009.3,90.0,AWS-CHN-024,Chennai,CHN,center,True,drift
2025-03-06 01:00:00,15.027152582201575,1009.1,93.0,AWS-CHN-024,Chennai,CHN,center,True,drift
2025-03-06 02:00:00,13.882099129826805,1008.6,96.0,AWS-CHN-024,Chennai,CHN,center,True,drift
2025-03-06 03:00:00,13.137045677452038,1008.6,96.0,AWS-CHN-024,Chennai,CHN,center,True,drift
2025-03-06 04:00:00,12.491992225077269,1008.6,97.0,AWS-CHN-024,Chennai,CHN,center,True,drift
2025-03-06 05:00:00,11.746938772702501,1009.1,98.0,AWS-CHN-024,Chennai,CHN,center,True,drift
2025-03-06 06:00:00,12.50188532032773,1010.4,97.0,AWS-CHN-024,Chennai,CHN,center,True,drift
2025-03-06 07:00:00,13.056831867952964,1011.2,88.0,AWS-CHN-024,Chennai,CHN,center,True,drift
2025-03-06 08:00:00,14.411778415578194,1011.7,77.0,AWS-CHN-024,Chennai,CHN,center,True,drift
2025-03-06 09:00:00,16.866724963203424,1012.3,62.0,AWS-CHN-024,Chennai,CHN,center,True,drift
2025-03-06 10:00:00,32.9,1011.9,46.0,AWS-CHN-024,Chennai,CHN,center,False,
2025-03-06 11:00:00,34.8,1011.0,36.0,AWS-CHN-024,Chennai,CHN,center,False,
2025-03-06 12:00:00,35.2,1009.9,36.0,AWS-CHN-024,Chennai,CHN,center,False,
2025-03-06 13:00:00,34.9,1009.2,39.0,AWS-CHN-024,Chennai,CHN,center,False,
2025-03-06 14:00:00,34.9,1008.2,32.0,AWS-CHN-024,Chennai,CHN,center,False,
2025-03-06 15:00:00,34.1,1007.6,29.0,AWS-CHN-024,Chennai,CHN,center,False,
2025-03-06 16:00:00,32.9,1007.4,32.0,AWS-CHN-024,Chennai,CHN,center,False,
2025-03-06 17:00:00,30.8,1007.4,47.0,AWS-CHN-024,Chennai,CHN,center,False,
2025-03-06 18:00:00,29.2,1007.8,56.0,AWS-CHN-024,Chennai,CHN,center,False,
2025-03-06 19:00:00,28.6,1008.5,62.0,AWS-CHN-024,Chennai,CHN,center,False,
2025-03-06 20:00:00,28.5,1008.9,58.0,AWS-CHN-024,Chennai,CHN,center,False,
2025-03-06 21:00:00,27.9,1009.2,63.0,AWS-CHN-024,Chennai,CHN,center,False,
2025-03-06 22:00:00,27.3,1009.1,71.0,AWS-CHN-024,Chennai,CHN,center,False,
2025-03-06 23:00:00,26.4,1008.9,82.0,AWS-CHN-024,Chennai,CHN,center,False,
2025-03-07 00:00:00,25.6,1008.7,87.0,AWS-CHN-024,Chennai,CHN,center,False,
2025-03-07 01:00:00,24.9,1008.4,90.0,AWS-CHN-024,Chennai,CHN,center,False,
2025-03-07 02:00:00,24.3,1008.2,90.0,AWS-CHN-024,Chennai,CHN,center,False,
2025-03-07 03:00:00,23.6,1008.2,90.0,AWS-CHN-024,Chennai,CHN,center,False,
2025-03-07 04:00:00,23.1,1008.1,90.0,AWS-CHN-024,Chennai,CHN,center,False,
2025-03-07 05:00:00,22.8,1008.3,89.0,AWS-CHN-024,Chennai,CHN,center,False,
2025-03-07 06:00:00,23.2,1008.6,75.0,AWS-CHN-024,Chennai,CHN,center,False,
2025-03-07 07:00:00,24.6,1009.5,67.0,AWS-CHN-024,Chennai,CHN,center,False,
2025-03-07 08:00:00,27.2,1010.5,64.0,AWS-CHN-024,Chennai,CHN,center,False,
2025-03-07 09:00:00,29.5,1011.1,53.0,AWS-CHN-024,Chennai,CHN,center,False,
2025-03-07 10:00:00,31.7,1010.7,41.0,AWS-CHN-024,Chennai,CHN,center,False,
2025-03-07 11:00:00,33.1,1009.9,35.0,AWS-CHN-024,Chennai,CHN,center,False,
2025-03-07 12:00:00,33.1,1009.0,37.0,AWS-CHN-024,Chennai,CHN,center,False,
2025-03-07 13:00:00,32.6,1008.2,39.0,AWS-CHN-024,Chennai,CHN,center,False,
2025-03-07 14:00:00,31.9,1007.5,41.0,AWS-CHN-024,Chennai,CHN,center,False,
2025-03-07 15:00:00,30.8,1007.1,48.0,AWS-CHN-024,Chennai,CHN,center,False,
2025-03-07 16:00:00,29.7,1007.0,56.0,AWS-CHN-024,Chennai,CHN,center,False,
2025-03-07 17:00:00,28.3,1007.2,66.0,AWS-CHN-024,Chennai,CHN,center,False,
2025-03-07 18:00:00,27.2,1007.1,76.0,AWS-CHN-024,Chennai,CHN,center,False,
2025-03-07 19:00:00,26.9,1008.1,79.0,AWS-CHN-024,Chennai,CHN,center,False,
2025-03-07 20:00:00,26.8,1008.9,77.0,AWS-CHN-024,Chennai,CHN,center,False,
2025-03-07 21:00:00,26.7,1009.5,75.0,AWS-CHN-024,Chennai,CHN,center,False,
2025-03-07 22:00:00,26.3,1009.4,79.0,AWS-CHN-024,Chennai,CHN,center,False,
2025-03-07 23:00:00,26.1,1009.3,82.0,AWS-CHN-024,Chennai,CHN,center,False,
2025-03-08 00:00:00,25.8,1008.7,84.0,AWS-CHN-024,Chennai,CHN,center,False,
2025-03-08 01:00:00,25.0,1008.3,88.0,AWS-CHN-024,Chennai,CHN,center,False,
2025-03-08 02:00:00,24.5,1007.7,91.0,AWS-CHN-024,Chennai,CHN,center,False,
2025-03-08 03:00:00,24.1,1007.4,93.0,AWS-CHN-024,Chennai,CHN,center,False,
2025-03-08 04:00:00,23.5,1007.4,95.0,AWS-CHN-024,Chennai,CHN,center,False,
2025-03-08 05:00:00,23.1,1007.7,96.0,AWS-CHN-024,Chennai,CHN,center,False,
2025-03-08 06:00:00,23.5,1008.2,95.0,AWS-CHN-024,Chennai,CHN,center,False,
2025-03-08 07:00:00,25.0,1009.2,87.0,AWS-CHN-024,Chennai,CHN,center,False,
2025-03-08 08:00:00,26.8,1009.9,74.0,AWS-CHN-024,Chennai,CHN,center,False,
2025-03-08 09:00:00,28.9,1010.4,61.0,AWS-CHN-024,Chennai,CHN,center,False,
2025-03-08 10:00:00,31.1,1010.0,50.0,AWS-CHN-024,Chennai,CHN,center,False,
2025-03-08 11:00:00,32.8,1008.9,41.0,AWS-CHN-024,Chennai,CHN,center,False,
2025-03-08 12:00:00,32.9,1007.8,44.0,AWS-CHN-024,Chennai,CHN,center,False,
2025-03-08 13:00:00,32.3,1006.8,43.0,AWS-CHN-024,Chennai,CHN,center,False,
2025-03-08 14:00:00,32.0,1005.8,42.0,AWS-CHN-024,Chennai,CHN,center,False,
2025-03-08 15:00:00,31.5,1005.0,47.0,AWS-CHN-024,Chennai,CHN,center,False,
2025-03-08 16:00:00,30.4,1004.9,52.0,AWS-CHN-024,Chennai,CHN,center,False,
2025-03-08 17:00:00,28.9,1005.5,64.0,AWS-CHN-024,Chennai,CHN,center,False,
2025-03-08 18:00:00,27.9,1005.9,71.0,AWS-CHN-024,Chennai,CHN,center,False,
2025-03-08 19:00:00,27.4,1006.8,76.0,AWS-CHN-024,Chennai,CHN,center,False,
2025-03-08 20:00:00,27.1,1007.6,76.0,AWS-CHN-024,Chennai,CHN,center,False,
2025-03-08 21:00:00,26.8,1008.5,79.0,AWS-CHN-024,Chennai,CHN,center,False,
2025-03-08 22:00:00,26.4,1008.7,82.0,AWS-CHN-024,Chennai,CHN,center,False,
2025-03-08 23:00:00,26.2,1008.6,84.0,AWS-CHN-024,Chennai,CHN,center,False,
2025-03-09 00:00:00,25.9,1008.2,85.0,AWS-CHN-024,Chennai,CHN,center,False,
2025-03-09 01:00:00,25.6,1007.5,87.0,AWS-CHN-024,Chennai,CHN,center,False,
2025-03-09 02:00:00,24.9,1006.9,90.0,AWS-CHN-024,Chennai,CHN,center,True,frozen_value
2025-03-09 03:00:00,24.1,1006.9,92.0,AWS-CHN-024,Chennai,CHN,center,True,frozen_value
2025-03-09 04:00:00,23.8,1006.9,94.0,AWS-CHN-024,Chennai,CHN,center,True,frozen_value
2025-03-09 05:00:00,23.4,1006.9,96.0,AWS-CHN-024,Chennai,CHN,center,True,frozen_value
2025-03-09 06:00:00,23.8,1006.9,98.0,AWS-CHN-024,Chennai,CHN,center,True,frozen_value
2025-03-09 07:00:00,24.8,1006.9,93.0,AWS-CHN-024,Chennai,CHN,center,True,frozen_value
2025-03-09 08:00:00,26.8,1006.9,81.0,AWS-CHN-024,Chennai,CHN,center,True,frozen_value
2025-03-09 09:00:00,29.0,1006.9,66.0,AWS-CHN-024,Chennai,CHN,center,True,frozen_value
2025-03-09 10:00:00,30.2,1006.9,60.0,AWS-CHN-024,Chennai,CHN,center,True,frozen_value
2025-03-09 11:00:00,30.8,1006.9,57.0,AWS-CHN-024,Chennai,CHN,center,True,frozen_value
2025-03-09 12:00:00,31.2,1006.9,54.0,AWS-CHN-024,Chennai,CHN,center,True,frozen_value
2025-03-09 13:00:00,31.0,1008.4,53.0,AWS-CHN-024,Chennai,CHN,center,False,
2025-03-09 14:00:00,30.6,1007.7,55.0,AWS-CHN-024,Chennai,CHN,center,False,
2025-03-09 15:00:00,30.0,1007.4,57.0,AWS-CHN-024,Chennai,CHN,center,False,
2025-03-09 16:00:00,29.3,1007.8,60.0,AWS-CHN-024,Chennai,CHN,center,False,
2025-03-09 17:00:00,28.5,1008.1,63.0,AWS-CHN-024,Chennai,CHN,center,False,
2025-03-09 18:00:00,28.2,1008.4,64.0,AWS-CHN-024,Chennai,CHN,center,False,
2025-03-09 19:00:00,28.2,1009.8,63.0,AWS-CHN-024,Chennai,CHN,center,False,
2025-03-09 20:00:00,28.1,1010.7,64.0,AWS-CHN-024,Chennai,CHN,center,False,
2025-03-09 21:00:00,28.0,1011.6,65.0,AWS-CHN-024,Chennai,CHN,center,False,
2025-03-09 22:00:00,27.9,1011.8,67.0,AWS-CHN-024,Chennai,CHN,center,False,
2025-03-09 23:00:00,27.5,1011.7,69.0,AWS-CHN-024,Chennai,CHN,center,False,
2025-03-10 00:00:00,27.0,1011.1,71.0,AWS-CHN-024,Chennai,CHN,center,False,
2025-03-10 01:00:00,26.6,1010.6,72.0,AWS-CHN-024,Chennai,CHN,center,False,
2025-03-10 02:00:00,26.4,1009.9,69.0,AWS-CHN-024,Chennai,CHN,center,False,
2025-03-10 03:00:00,26.2,1009.5,67.0,AWS-CHN-024,Chennai,CHN,center,False,
2025-03-10 04:00:00,26.2,1009.7,64.0,AWS-CHN-024,Chennai,CHN,center,False,
2025-03-10 05:00:00,26.1,1010.1,63.0,AWS-CHN-024,Chennai,CHN,center,False,
2025-03-10 06:00:00,25.6,1011.5,,AWS-CHN-024,Chennai,CHN,center,True,dropout
2025-03-10 07:00:00,26.9,1012.5,72.0,AWS-CHN-024,Chennai,CHN,center,False,
2025-03-10 08:00:00,28.4,1013.2,59.0,AWS-CHN-024,Chennai,CHN,center,False,
2025-03-10 09:00:00,29.8,1013.8,49.0,AWS-CHN-024,Chennai,CHN,center,False,
2025-03-10 10:00:00,30.5,1014.0,45.0,AWS-CHN-024,Chennai,CHN,center,False,
2025-03-10 11:00:00,30.8,1013.5,,AWS-CHN-024,Chennai,CHN,center,True,dropout
2025-03-10 12:00:00,30.9,1012.0,48.0,AWS-CHN-024,Chennai,CHN,center,False,
2025-03-10 13:00:00,31.1,1010.5,46.0,AWS-CHN-024,Chennai,CHN,center,False,
2025-03-10 14:00:00,31.5,1009.1,46.0,AWS-CHN-024,Chennai,CHN,center,False,
2025-03-10 15:00:00,30.7,1008.6,56.87034898546182,AWS-CHN-024,Chennai,CHN,center,True,drift
2025-03-10 16:00:00,29.6,1008.7,64.96843841997716,AWS-CHN-024,Chennai,CHN,center,True,drift
2025-03-10 17:00:00,28.5,1009.6,69.06652785449252,AWS-CHN-024,Chennai,CHN,center,True,drift
2025-03-10 18:00:00,28.2,1010.0,74.16461728900788,AWS-CHN-024,Chennai,CHN,center,True,drift
2025-03-10 19:00:00,28.3,1011.0,74.26270672352322,AWS-CHN-024,Chennai,CHN,center,True,drift
2025-03-10 20:00:00,27.9,1011.9,78.36079615803858,AWS-CHN-024,Chennai,CHN,center,True,drift
2025-03-10 21:00:00,28.0,1013.0,78.45888559255394,AWS-CHN-024,Chennai,CHN,center,True,drift
2025-03-10 22:00:00,27.7,1012.6,81.55697502706929,AWS-CHN-024,Chennai,CHN,center,True,drift
2025-03-10 23:00:00,27.4,1012.0,84.65506446158464,AWS-CHN-024,Chennai,CHN,center,True,drift
2025-03-11 00:00:00,27.4,1011.3,85.7531538961,AWS-CHN-024,Chennai,CHN,center,True,drift
2025-03-11 01:00:00,27.3,1010.4,87.85124333061535,AWS-CHN-024,Chennai,CHN,center,True,drift
2025-03-11 02:00:00,27.2,1009.8,88.9493327651307,AWS-CHN-024,Chennai,CHN,center,True,drift
2025-03-11 03:00:00,27.2,1009.5,90.04742219964606,AWS-CHN-024,Chennai,CHN,center,True,drift
2025-03-11 04:00:00,27.2,1009.2,91.14551163416141,AWS-CHN-024,Chennai,CHN,center,True,drift
2025-03-11 05:00:00,27.2,1009.5,93.24360106867677,AWS-CHN-024,Chennai,CHN,center,True,drift
2025-03-11 06:00:00,27.2,1010.4,100.0,AWS-CHN-024,Chennai,CHN,center,True,drift
2025-03-11 07:00:00,28.0,1011.4,73.0,AWS-CHN-024,Chennai,CHN,center,False,
2025-03-11 08:00:00,29.0,1012.3,68.0,AWS-CHN-024,Chennai,CHN,center,False,
2025-03-11 09:00:00,30.0,1012.9,63.0,AWS-CHN-024,Chennai,CHN,center,False,
2025-03-11 10:00:00,27.0,1013.9,78.0,AWS-CHN-024,Chennai,CHN,center,False,
2025-03-11 11:00:00,27.7,1012.9,75.0,AWS-CHN-024,Chennai,CHN,center,False,
2025-03-11 12:00:00,29.0,1011.6,71.0,AWS-CHN-024,Chennai,CHN,center,False,
2025-03-11 13:00:00,29.5,1010.9,71.0,AWS-CHN-024,Chennai,CHN,center,False,
2025-03-11 14:00:00,27.4,1010.3,78.0,AWS-CHN-024,Chennai,CHN,center,False,
2025-03-11 15:00:00,26.4,1010.2,79.0,AWS-CHN-024,Chennai,CHN,center,False,
2025-03-11 16:00:00,26.0,1010.4,84.0,AWS-CHN-024,Chennai,CHN,center,False,
2025-03-11 17:00:00,26.2,1010.4,83.0,AWS-CHN-024,Chennai,CHN,center,False,
2025-03-11 18:00:00,25.1,1011.1,93.0,AWS-CHN-024,Chennai,CHN,center,False,
2025-03-11 19:00:00,25.0,1011.7,92.0,AWS-CHN-024,Chennai,CHN,center,False,
2025-03-11 20:00:00,25.0,1012.1,91.0,AWS-CHN-024,Chennai,CHN,center,False,
2025-03-11 21:00:00,25.1,1012.9,92.0,AWS-CHN-024,Chennai,CHN,center,False,
2025-03-11 22:00:00,24.8,1012.9,94.0,AWS-CHN-024,Chennai,CHN,center,False,
2025-03-11 23:00:00,24.5,1011.8,94.0,AWS-CHN-024,Chennai,CHN,center,False,
2025-03-12 00:00:00,24.4,1011.4,96.0,AWS-CHN-024,Chennai,CHN,center,False,
2025-03-12 01:00:00,24.3,1010.4,95.0,AWS-CHN-024,Chennai,CHN,center,False,
2025-03-12 02:00:00,24.0,1009.4,97.0,AWS-CHN-024,Chennai,CHN,center,False,
2025-03-12 03:00:00,24.0,1008.8,97.0,AWS-CHN-024,Chennai,CHN,center,False,
2025-03-12 04:00:00,24.0,1008.9,97.0,AWS-CHN-024,Chennai,CHN,center,False,
2025-03-12 05:00:00,24.1,1009.4,96.0,AWS-CHN-024,Chennai,CHN,center,False,
2025-03-12 06:00:00,24.9,1010.2,96.0,AWS-CHN-024,Chennai,CHN,center,False,
2025-03-12 07:00:00,25.4,1010.8,91.0,AWS-CHN-024,Chennai,CHN,center,False,
2025-03-12 08:00:00,27.0,1011.4,87.0,AWS-CHN-024,Chennai,CHN,center,False,
2025-03-12 09:00:00,28.4,1012.0,78.0,AWS-CHN-024,Chennai,CHN,center,False,
2025-03-12 10:00:00,29.6,1011.5,74.0,AWS-CHN-024,Chennai,CHN,center,False,
2025-03-12 11:00:00,36.33159340946335,1002.547683611439,55.60196748183571,AWS-CHN-024,Chennai,CHN,center,True,unstructured_anomaly
2025-03-12 12:00:00,23.89303862284838,1016.874579819623,56.02633990919581,AWS-CHN-024,Chennai,CHN,center,True,unstructured_anomaly
2025-03-12 13:00:00,24.090597039239427,1017.05717630589,55.67946772665738,AWS-CHN-024,Chennai,CHN,center,True,unstructured_anomaly
2025-03-12 14:00:00,36.717115868960455,1000.1761696505544,56.98484985912128,AWS-CHN-024,Chennai,CHN,center,True,unstructured_anomaly
2025-03-12 15:00:00,36.38210890116392,1000.1878169674005,53.90341323339336,AWS-CHN-024,Chennai,CHN,center,True,unstructured_anomaly
2025-03-12 16:00:00,34.43048032494957,999.1487264913901,58.74075195439876,AWS-CHN-024,Chennai,CHN,center,True,unstructured_anomaly
2025-03-12 17:00:00,22.40889514646156,1015.4443441890514,60.75327437674849,AWS-CHN-024,Chennai,CHN,center,True,unstructured_anomaly
2025-03-12 18:00:00,20.949547033052543,1016.6943241654445,69.49441589202516,AWS-CHN-024,Chennai,CHN,center,True,unstructured_anomaly
2025-03-12 19:00:00,26.7,1010.0,85.0,AWS-CHN-024,Chennai,CHN,center,False,
2025-03-12 20:00:00,26.5,1010.4,86.0,AWS-CHN-024,Chennai,CHN,center,False,
2025-03-12 21:00:00,26.3,1010.9,88.0,AWS-CHN-024,Chennai,CHN,center,False,
2025-03-12 22:00:00,25.8,1010.8,91.0,AWS-CHN-024,Chennai,CHN,center,False,
2025-03-12 23:00:00,25.5,1010.4,93.0,AWS-CHN-024,Chennai,CHN,center,False,
2025-03-13 00:00:00,25.2,1009.5,95.0,AWS-CHN-024,Chennai,CHN,center,False,
2025-03-13 01:00:00,24.8,1008.7,96.0,AWS-CHN-024,Chennai,CHN,center,False,
2025-03-13 02:00:00,24.5,1008.3,98.0,AWS-CHN-024,Chennai,CHN,center,False,
2025-03-13 03:00:00,24.3,1008.1,98.0,AWS-CHN-024,Chennai,CHN,center,False,
2025-03-13 04:00:00,24.0,1008.1,98.0,AWS-CHN-024,Chennai,CHN,center,False,
2025-03-13 05:00:00,24.0,1008.6,96.0,AWS-CHN-024,Chennai,CHN,center,False,
2025-03-13 06:00:00,24.9,1009.6,97.0,AWS-CHN-024,Chennai,CHN,center,False,
2025-03-13 07:00:00,25.8,1010.4,92.0,AWS-CHN-024,Chennai,CHN,center,False,
2025-03-13 08:00:00,27.8,1010.9,81.0,AWS-CHN-024,Chennai,CHN,center,False,
2025-03-13 09:00:00,30.1,1011.1,68.0,AWS-CHN-024,Chennai,CHN,center,False,
2025-03-13 10:00:00,31.9,1010.8,58.0,AWS-CHN-024,Chennai,CHN,center,False,
2025-03-13 11:00:00,33.1,1010.0,54.0,AWS-CHN-024,Chennai,CHN,center,False,
2025-03-13 12:00:00,33.3,1008.7,55.0,AWS-CHN-024,Chennai,CHN,center,False,
2025-03-13 13:00:00,33.1,1007.7,55.0,AWS-CHN-024,Chennai,CHN,center,False,
2025-03-13 14:00:00,32.3,1006.8,56.0,AWS-CHN-024,Chennai,CHN,center,False,
2025-03-13 15:00:00,31.5,1006.3,62.0,AWS-CHN-024,Chennai,CHN,center,False,
2025-03-13 16:00:00,30.5,1006.3,66.0,AWS-CHN-024,Chennai,CHN,center,False,
2025-03-13 17:00:00,29.5,1006.4,70.0,AWS-CHN-024,Chennai,CHN,center,False,
2025-03-13 18:00:00,28.3,1006.9,79.0,AWS-CHN-024,Chennai,CHN,center,False,
2025-03-13 19:00:00,27.9,1007.8,83.0,AWS-CHN-024,Chennai,CHN,center,False,
2025-03-13 20:00:00,27.7,1008.6,84.0,AWS-CHN-024,Chennai,CHN,center,False,
2025-03-13 21:00:00,27.3,1009.3,86.0,AWS-CHN-024,Chennai,CHN,center,False,
2025-03-13 22:00:00,27.0,1009.3,89.0,AWS-CHN-024,Chennai,CHN,center,False,
2025-03-13 23:00:00,26.6,1009.3,91.0,AWS-CHN-024,Chennai,CHN,center,False,
2025-03-14 00:00:00,26.1,1008.8,94.0,AWS-CHN-024,Chennai,CHN,center,False,
2025-03-14 01:00:00,25.7,1008.3,95.0,AWS-CHN-024,Chennai,CHN,center,False,
2025-03-14 02:00:00,25.1,1007.9,97.0,AWS-CHN-024,Chennai,CHN,center,False,
2025-03-14 03:00:00,24.8,1007.6,98.0,AWS-CHN-024,Chennai,CHN,center,False,
2025-03-14 04:00:00,24.8,1007.8,98.0,AWS-CHN-024,Chennai,CHN,center,False,
2025-03-14 05:00:00,24.7,1008.5,97.0,AWS-CHN-024,Chennai,CHN,center,False,
2025-03-14 06:00:00,26.1,1009.3,95.0,AWS-CHN-024,Chennai,CHN,center,False,
2025-03-14 07:00:00,27.2,1010.6,84.0,AWS-CHN-024,Chennai,CHN,center,False,
2025-03-14 08:00:00,28.8,1011.4,75.0,AWS-CHN-024,Chennai,CHN,center,False,
2025-03-14 09:00:00,30.8,1011.5,,AWS-CHN-024,Chennai,CHN,center,True,dropout
2025-03-14 10:00:00,32.5,1011.3,55.0,AWS-CHN-024,Chennai,CHN,center,False,
2025-03-14 11:00:00,33.4,1010.4,53.0,AWS-CHN-024,Chennai,CHN,center,False,
2025-03-14 12:00:00,33.3,1009.2,58.0,AWS-CHN-024,Chennai,CHN,center,False,
2025-03-14 13:00:00,33.0,1008.2,55.0,AWS-CHN-024,Chennai,CHN,center,False,
2025-03-14 14:00:00,32.8,1007.3,50.0,AWS-CHN-024,Chennai,CHN,center,False,
2025-03-14 15:00:00,32.3,1006.7,51.0,AWS-CHN-024,Chennai,CHN,center,False,
2025-03-14 16:00:00,31.2,1006.7,56.0,AWS-CHN-024,Chennai,CHN,center,False,
2025-03-14 17:00:00,29.6,1007.0,69.0,AWS-CHN-024,Chennai,CHN,center,False,
2025-03-14 18:00:00,28.3,1007.7,78.0,AWS-CHN-024,Chennai,CHN,center,False,
2025-03-14 19:00:00,27.9,1008.7,81.0,AWS-CHN-024,Chennai,CHN,center,False,
2025-03-14 20:00:00,27.6,1009.4,81.0,AWS-CHN-024,Chennai,CHN,center,False,
2025-03-14 21:00:00,27.1,1009.9,84.0,AWS-CHN-024,Chennai,CHN,center,False,
2025-03-14 22:00:00,26.8,1009.9,85.0,AWS-CHN-024,Chennai,CHN,center,False,
2025-03-14 23:00:00,26.6,1009.9,86.0,AWS-CHN-024,Chennai,CHN,center,False,
2025-03-15 00:00:00,26.6,1009.5,86.0,AWS-CHN-024,Chennai,CHN,center,False,
2025-03-15 01:00:00,26.3,1008.9,87.0,AWS-CHN-024,Chennai,CHN,center,False,
2025-03-15 02:00:00,34.86342158888641,1008.8063488264653,100.0,AWS-CHN-024,Chennai,CHN,center,True,multivariate_inconsistency
2025-03-15 03:00:00,34.763421588886416,1008.399109545666,100.0,AWS-CHN-024,Chennai,CHN,center,True,multivariate_inconsistency
2025-03-15 04:00:00,34.46342158888642,1009.0772195192116,100.0,AWS-CHN-024,Chennai,CHN,center,True,multivariate_inconsistency
2025-03-15 05:00:00,25.0,1009.1,91.0,AWS-CHN-024,Chennai,CHN,center,False,
2025-03-15 06:00:00,25.4,1010.0,93.0,AWS-CHN-024,Chennai,CHN,center,False,
2025-03-15 07:00:00,26.2,1010.8,88.0,AWS-CHN-024,Chennai,CHN,center,False,
2025-03-15 08:00:00,28.4,1011.5,75.0,AWS-CHN-024,Chennai,CHN,center,False,
2025-03-15 09:00:00,30.4,1011.9,60.0,AWS-CHN-024,Chennai,CHN,center,False,
2025-03-15 10:00:00,32.3,1011.5,49.0,AWS-CHN-024,Chennai,CHN,center,False,
2025-03-15 11:00:00,33.8,1010.8,43.0,AWS-CHN-024,Chennai,CHN,center,False,
2025-03-15 12:00:00,34.0,1009.9,47.0,AWS-CHN-024,Chennai,CHN,center,False,
2025-03-15 13:00:00,33.8,1009.1,47.0,AWS-CHN-024,Chennai,CHN,center,False,
2025-03-15 14:00:00,33.4,1008.2,44.0,AWS-CHN-024,Chennai,CHN,center,False,
2025-03-15 15:00:00,32.4,1007.7,49.0,AWS-CHN-024,Chennai,CHN,center,False,
2025-03-15 16:00:00,31.1,1007.7,57.0,AWS-CHN-024,Chennai,CHN,center,False,
2025-03-15 17:00:00,29.8,1008.3,63.0,AWS-CHN-024,Chennai,CHN,center,False,
2025-03-15 18:00:00,28.7,1008.7,75.0,AWS-CHN-024,Chennai,CHN,center,False,
2025-03-15 19:00:00,28.3,1009.6,77.0,AWS-CHN-024,Chennai,CHN,center,False,
2025-03-15 20:00:00,28.2,1010.5,78.0,AWS-CHN-024,Chennai,CHN,center,False,
2025-03-15 21:00:00,28.0,1011.3,79.0,AWS-CHN-024,Chennai,CHN,center,False,
2025-03-15 22:00:00,27.7,1011.5,80.0,AWS-CHN-024,Chennai,CHN,center,False,
2025-03-15 23:00:00,27.5,1011.3,83.0,AWS-CHN-024,Chennai,CHN,center,False,
2025-03-16 00:00:00,27.1,1010.9,85.0,AWS-CHN-024,Chennai,CHN,center,False,
2025-03-16 01:00:00,26.4,1010.2,89.0,AWS-CHN-024,Chennai,CHN,center,False,
2025-03-16 02:00:00,26.0,1009.8,90.0,AWS-CHN-024,Chennai,CHN,center,False,
2025-03-16 03:00:00,25.7,1009.4,92.0,AWS-CHN-024,Chennai,CHN,center,False,
2025-03-16 04:00:00,25.4,1009.7,94.0,AWS-CHN-024,Chennai,CHN,center,False,
2025-03-16 05:00:00,25.1,1010.3,94.0,AWS-CHN-024,Chennai,CHN,center,False,
2025-03-16 06:00:00,25.8,1010.8,20.15287890098746,AWS-CHN-024,Chennai,CHN,center,True,spike
2025-03-16 07:00:00,26.7,1011.6,0.0,AWS-CHN-024,Chennai,CHN,center,True,spike
2025-03-16 08:00:00,28.6,1012.0,0.0,AWS-CHN-024,Chennai,CHN,center,True,spike
2025-03-16 09:00:00,30.6,1012.2,0.0,AWS-CHN-024,Chennai,CHN,center,True,spike
2025-03-16 10:00:00,32.2,1011.9,0.0,AWS-CHN-024,Chennai,CHN,center,True,spike
2025-03-16 11:00:00,32.7,1011.5,54.0,AWS-CHN-024,Chennai,CHN,center,False,
2025-03-16 12:00:00,32.9,1010.5,54.0,AWS-CHN-024,Chennai,CHN,center,False,
2025-03-16 13:00:00,32.8,1009.3,53.0,AWS-CHN-024,Chennai,CHN,center,False,
2025-03-16 14:00:00,32.5,1008.3,53.0,AWS-CHN-024,Chennai,CHN,center,False,
2025-03-16 15:00:00,32.0,1007.6,56.0,AWS-CHN-024,Chennai,CHN,center,False,
2025-03-16 16:00:00,31.1,1007.3,60.0,AWS-CHN-024,Chennai,CHN,center,False,
2025-03-16 17:00:00,30.0,1007.6,66.0,AWS-CHN-024,Chennai,CHN,center,False,
2025-03-16 18:00:00,29.1,1007.7,74.0,AWS-CHN-024,Chennai,CHN,center,False,
2025-03-16 19:00:00,28.9,1008.6,76.0,AWS-CHN-024,Chennai,CHN,center,False,
2025-03-16 20:00:00,28.6,1009.3,79.0,AWS-CHN-024,Chennai,CHN,center,False,
2025-03-16 21:00:00,28.4,1010.0,81.0,AWS-CHN-024,Chennai,CHN,center,False,
2025-03-16 22:00:00,28.1,1010.2,83.0,AWS-CHN-024,Chennai,CHN,center,False,
2025-03-16 23:00:00,27.9,1010.0,84.0,AWS-CHN-024,Chennai,CHN,center,False,
2025-03-17 00:00:00,27.6,1009.7,86.0,AWS-CHN-024,Chennai,CHN,center,False,
2025-03-17 01:00:00,27.3,1009.3,88.0,AWS-CHN-024,Chennai,CHN,center,False,
2025-03-17 02:00:00,26.7,1008.9,90.0,AWS-CHN-024,Chennai,CHN,center,False,
2025-03-17 03:00:00,26.2,1008.4,93.0,AWS-CHN-024,Chennai,CHN,center,False,
2025-03-17 04:00:00,25.9,1008.5,95.0,AWS-CHN-024,Chennai,CHN,center,False,
2025-03-17 05:00:00,26.0,1009.0,94.0,AWS-CHN-024,Chennai,CHN,center,False,
2025-03-17 06:00:00,27.1,1009.6,91.0,AWS-CHN-024,Chennai,CHN,center,False,
2025-03-17 07:00:00,28.0,1010.6,83.0,AWS-CHN-024,Chennai,CHN,center,False,
2025-03-17 08:00:00,,1011.4,72.0,AWS-CHN-024,Chennai,CHN,center,True,dropout
2025-03-17 09:00:00,32.0,1011.6,58.0,AWS-CHN-024,Chennai,CHN,center,False,
2025-03-17 10:00:00,33.6,1011.2,50.0,AWS-CHN-024,Chennai,CHN,center,False,
2025-03-17 11:00:00,34.0,1010.8,49.0,AWS-CHN-024,Chennai,CHN,center,False,
2025-03-17 12:00:00,32.8,1009.8,59.0,AWS-CHN-024,Chennai,CHN,center,False,
2025-03-17 13:00:00,32.8,1008.8,56.0,AWS-CHN-024,Chennai,CHN,center,False,
2025-03-17 14:00:00,32.5,1007.6,60.0,AWS-CHN-024,Chennai,CHN,center,False,
2025-03-17 15:00:00,32.1,1006.8,58.0,AWS-CHN-024,Chennai,CHN,center,False,
2025-03-17 16:00:00,31.5,1006.7,61.0,AWS-CHN-024,Chennai,CHN,center,False,
2025-03-17 17:00:00,30.2,1006.9,68.0,AWS-CHN-024,Chennai,CHN,center,False,
2025-03-17 18:00:00,29.0,1007.3,77.0,AWS-CHN-024,Chennai,CHN,center,False,
2025-03-17 19:00:00,28.8,1008.6,80.0,AWS-CHN-024,Chennai,CHN,center,False,
2025-03-17 20:00:00,28.6,1009.4,81.0,AWS-CHN-024,Chennai,CHN,center,False,
2025-03-17 21:00:00,28.3,1010.3,83.0,AWS-CHN-024,Chennai,CHN,center,False,
2025-03-17 22:00:00,36.230752162055516,1010.9342181018574,100.0,AWS-CHN-024,Chennai,CHN,center,True,multivariate_inconsistency
2025-03-17 23:00:00,35.93075216205551,1010.3245857072408,100.0,AWS-CHN-024,Chennai,CHN,center,True,multivariate_inconsistency
2025-03-18 00:00:00,35.630752162055515,1009.6892401643499,100.0,AWS-CHN-024,Chennai,CHN,center,True,multivariate_inconsistency
2025-03-18 01:00:00,35.33075216205552,1008.6977104106988,100.0,AWS-CHN-024,Chennai,CHN,center,True,multivariate_inconsistency
2025-03-18 02:00:00,26.8,1008.4,92.0,AWS-CHN-024,Chennai,CHN,center,False,
2025-03-18 03:00:00,26.4,1008.2,93.0,AWS-CHN-024,Chennai,CHN,center,False,
2025-03-18 04:00:00,26.1,1008.1,95.0,AWS-CHN-024,Chennai,CHN,center,True,frozen_value
2025-03-18 05:00:00,26.1,1008.7,95.0,AWS-CHN-024,Chennai,CHN,center,True,frozen_value
2025-03-18 06:00:00,26.1,1009.2,91.0,AWS-CHN-024,Chennai,CHN,center,True,frozen_value
2025-03-18 07:00:00,26.1,1009.9,84.0,AWS-CHN-024,Chennai,CHN,center,True,frozen_value
2025-03-18 08:00:00,26.1,1010.6,74.0,AWS-CHN-024,Chennai,CHN,center,True,frozen_value
2025-03-18 09:00:00,26.1,1010.8,62.0,AWS-CHN-024,Chennai,CHN,center,True,frozen_value
2025-03-18 10:00:00,26.1,1010.5,57.0,AWS-CHN-024,Chennai,CHN,center,True,frozen_value
2025-03-18 11:00:00,26.1,1009.8,56.0,AWS-CHN-024,Chennai,CHN,center,True,frozen_value
2025-03-18 12:00:00,26.1,1009.0,58.0,AWS-CHN-024,Chennai,CHN,center,True,frozen_value
2025-03-18 13:00:00,26.1,1008.2,57.0,AWS-CHN-024,Chennai,CHN,center,True,frozen_value
2025-03-18 14:00:00,26.1,1007.6,55.0,AWS-CHN-024,Chennai,CHN,center,True,frozen_value
2025-03-18 15:00:00,26.1,1007.4,56.0,AWS-CHN-024,Chennai,CHN,center,True,frozen_value
2025-03-18 16:00:00,31.2,1007.7,60.0,AWS-CHN-024,Chennai,CHN,center,False,
2025-03-18 17:00:00,30.0,1007.9,67.0,AWS-CHN-024,Chennai,CHN,center,False,
2025-03-18 18:00:00,29.1,1008.5,75.0,AWS-CHN-024,Chennai,CHN,center,False,
2025-03-18 19:00:00,28.9,1009.3,78.0,AWS-CHN-024,Chennai,CHN,center,False,
2025-03-18 20:00:00,28.7,1010.0,79.0,AWS-CHN-024,Chennai,CHN,center,False,
2025-03-18 21:00:00,28.5,1010.9,80.0,AWS-CHN-024,Chennai,CHN,center,False,
2025-03-18 22:00:00,28.2,1011.5,82.0,AWS-CHN-024,Chennai,CHN,center,False,
2025-03-18 23:00:00,27.9,1011.4,83.0,AWS-CHN-024,Chennai,CHN,center,False,
2025-03-19 00:00:00,27.7,1010.9,84.0,AWS-CHN-024,Chennai,CHN,center,False,
2025-03-19 01:00:00,27.4,1010.3,85.0,AWS-CHN-024,Chennai,CHN,center,False,
2025-03-19 02:00:00,27.2,1009.6,86.0,AWS-CHN-024,Chennai,CHN,center,False,
2025-03-19 03:00:00,27.0,1009.4,87.0,AWS-CHN-024,Chennai,CHN,center,False,
2025-03-19 04:00:00,26.7,1009.8,87.0,AWS-CHN-024,Chennai,CHN,center,False,
2025-03-19 05:00:00,26.5,1010.3,88.0,AWS-CHN-024,Chennai,CHN,center,False,
2025-03-19 06:00:00,26.4,1011.3,92.0,AWS-CHN-024,Chennai,CHN,center,False,
2025-03-19 07:00:00,27.6,1012.3,86.0,AWS-CHN-024,Chennai,CHN,center,False,
2025-03-19 08:00:00,29.5,1013.1,74.0,AWS-CHN-024,Chennai,CHN,center,False,
2025-03-19 09:00:00,31.3,1013.5,63.0,AWS-CHN-024,Chennai,CHN,center,False,
2025-03-19 10:00:00,32.6,1013.3,56.0,AWS-CHN-024,Chennai,CHN,center,False,
2025-03-19 11:00:00,33.2,1013.0,52.0,AWS-CHN-024,Chennai,CHN,center,False,
2025-03-19 12:00:00,33.4,1011.9,50.0,AWS-CHN-024,Chennai,CHN,center,False,
2025-03-19 13:00:00,33.3,1010.9,51.0,AWS-CHN-024,Chennai,CHN,center,False,
2025-03-19 14:00:00,32.7,1009.8,55.0,AWS-CHN-024,Chennai,CHN,center,False,
2025-03-19 15:00:00,32.0,1009.3,60.0,AWS-CHN-024,Chennai,CHN,center,False,
2025-03-19 16:00:00,31.1,,64.0,AWS-CHN-024,Chennai,CHN,center,True,dropout
2025-03-19 17:00:00,30.1,1009.4,69.0,AWS-CHN-024,Chennai,CHN,center,False,
2025-03-19 18:00:00,29.3,1010.1,77.0,AWS-CHN-024,Chennai,CHN,center,False,
2025-03-19 19:00:00,29.0,1011.1,78.0,AWS-CHN-024,Chennai,CHN,center,False,
2025-03-19 20:00:00,28.9,1012.2,79.0,AWS-CHN-024,Chennai,CHN,center,False,
2025-03-19 21:00:00,28.7,1012.8,79.0,AWS-CHN-024,Chennai,CHN,center,False,
2025-03-19 22:00:00,28.4,1013.2,81.0,AWS-CHN-024,Chennai,CHN,center,False,
2025-03-19 23:00:00,28.1,1013.0,83.0,AWS-CHN-024,Chennai,CHN,center,False,
2025-03-20 00:00:00,22.76028128468839,1012.7,85.0,AWS-CHN-024,Chennai,CHN,center,True,drift
2025-03-20 01:00:00,22.226478597911996,1012.1,87.0,AWS-CHN-024,Chennai,CHN,center,True,drift
2025-03-20 02:00:00,21.75630546703712,1011.8,87.0,AWS-CHN-024,Chennai,CHN,center,True,drift
2025-03-20 03:00:00,21.370458046943156,1011.5,85.0,AWS-CHN-024,Chennai,CHN,center,True,drift
2025-03-20 04:00:00,21.073930959637668,1011.7,84.0,AWS-CHN-024,Chennai,CHN,center,True,drift
2025-03-20 05:00:00,20.569200670159653,1012.4,84.0,AWS-CHN-024,Chennai,CHN,center,True,drift
2025-03-20 06:00:00,20.65776957478952,1012.9,83.0,AWS-CHN-024,Chennai,CHN,center,True,drift
2025-03-20 07:00:00,21.540653353349683,1013.6,76.0,AWS-CHN-024,Chennai,CHN,center,True,drift
2025-03-20 08:00:00,22.81858752200388,1014.3,66.0,AWS-CHN-024,Chennai,CHN,center,True,drift
2025-03-20 09:00:00,23.79213082207639,1014.7,59.0,AWS-CHN-024,Chennai,CHN,center,True,drift
2025-03-20 10:00:00,24.661722971299774,1014.7,51.0,AWS-CHN-024,Chennai,CHN,center,True,drift
2025-03-20 11:00:00,25.027719560259758,1013.8,47.0,AWS-CHN-024,Chennai,CHN,center,True,drift
2025-03-20 12:00:00,24.89041442863403,1012.7,45.0,AWS-CHN-024,Chennai,CHN,center,True,drift
2025-03-20 13:00:00,24.25005469727455,1011.7,47.0,AWS-CHN-024,Chennai,CHN,center,True,drift
2025-03-20 14:00:00,23.206851253231036,1010.7,51.0,AWS-CHN-024,Chennai,CHN,center,True,drift
2025-03-20 15:00:00,21.96098629334167,1010.1,57.0,AWS-CHN-024,Chennai,CHN,center,True,drift
2025-03-20 16:00:00,20.812618894621448,1009.9,61.0,AWS-CHN-024,Chennai,CHN,center,True,drift
2025-03-20 17:00:00,19.5618892197679,1010.0,64.0,AWS-CHN-024,Chennai,CHN,center,True,drift
2025-03-20 18:00:00,18.60892175348874,1011.0,71.0,AWS-CHN-024,Chennai,CHN,center,True,drift
2025-03-20 19:00:00,17.95382783484212,1011.9,74.0,AWS-CHN-024,Chennai,CHN,center,True,drift
2025-03-20 20:00:00,17.496707667973116,1012.7,74.0,AWS-CHN-024,Chennai,CHN,center,True,drift
2025-03-20 21:00:00,16.83765193955932,1013.4,75.0,AWS-CHN-024,Chennai,CHN,center,True,drift
2025-03-20 22:00:00,16.276743135066823,1013.7,76.0,AWS-CHN-024,Chennai,CHN,center,True,drift
2025-03-20 23:00:00,15.714056621118512,1013.4,77.0,AWS-CHN-024,Chennai,CHN,center,True,drift
2025-03-21 00:00:00,15.149661543948817,1013.0,78.0,AWS-CHN-024,Chennai,CHN,center,True,drift
2025-03-21 01:00:00,28.0,1012.4,78.0,AWS-CHN-024,Chennai,CHN,center,False,
2025-03-21 02:00:00,27.9,1011.9,78.0,AWS-CHN-024,Chennai,CHN,center,False,
2025-03-21 03:00:00,27.8,1011.7,78.0,AWS-CHN-024,Chennai,CHN,center,False,
2025-03-21 04:00:00,27.7,1012.0,79.0,AWS-CHN-024,Chennai,CHN,center,False,
2025-03-21 05:00:00,27.4,1012.4,80.0,AWS-CHN-024,Chennai,CHN,center,False,
2025-03-21 06:00:00,28.0,1013.4,80.0,AWS-CHN-024,Chennai,CHN,center,False,
2025-03-21 07:00:00,29.0,1014.0,73.0,AWS-CHN-024,Chennai,CHN,center,False,
2025-03-21 08:00:00,30.3,1014.7,65.0,AWS-CHN-024,Chennai,CHN,center,False,
2025-03-21 09:00:00,31.4,1014.8,59.0,AWS-CHN-024,Chennai,CHN,center,False,
2025-03-21 10:00:00,32.3,1014.7,55.0,AWS-CHN-024,Chennai,CHN,center,False,
2025-03-21 11:00:00,32.9,1014.1,52.0,AWS-CHN-024,Chennai,CHN,center,False,
2025-03-21 12:00:00,33.2,1012.7,50.0,AWS-CHN-024,Chennai,CHN,center,False,
2025-03-21 13:00:00,32.9,1011.7,52.0,AWS-CHN-024,Chennai,CHN,center,False,
2025-03-21 14:00:00,32.4,1010.7,55.0,AWS-CHN-024,Chennai,CHN,center,False,
2025-03-21 15:00:00,31.6,1010.0,59.0,AWS-CHN-024,Chennai,CHN,center,False,
2025-03-21 16:00:00,30.8,1009.8,63.0,AWS-CHN-024,Chennai,CHN,center,False,
2025-03-21 17:00:00,29.8,1009.9,67.0,AWS-CHN-024,Chennai,CHN,center,False,
2025-03-21 18:00:00,29.2,1010.7,74.0,AWS-CHN-024,Chennai,CHN,center,False,
2025-03-21 19:00:00,29.0,1011.1,76.0,AWS-CHN-024,Chennai,CHN,center,False,
2025-03-21 20:00:00,28.8,1011.7,77.0,AWS-CHN-024,Chennai,CHN,center,False,
2025-03-21 21:00:00,28.6,1012.3,78.0,AWS-CHN-024,Chennai,CHN,center,False,
2025-03-21 22:00:00,28.4,1012.4,79.0,AWS-CHN-024,Chennai,CHN,center,False,
2025-03-21 23:00:00,28.2,1012.1,80.0,AWS-CHN-024,Chennai,CHN,center,False,
2025-03-22 00:00:00,28.0,1011.6,83.0,AWS-CHN-024,Chennai,CHN,center,False,
2025-03-22 01:00:00,27.8,1010.9,84.0,AWS-CHN-024,Chennai,CHN,center,False,
2025-03-22 02:00:00,27.8,1010.3,84.0,AWS-CHN-024,Chennai,CHN,center,False,
2025-03-22 03:00:00,27.6,1010.0,85.0,AWS-CHN-024,Chennai,CHN,center,False,
2025-03-22 04:00:00,27.2,1010.0,86.0,AWS-CHN-024,Chennai,CHN,center,False,
2025-03-22 05:00:00,27.0,1010.7,87.0,AWS-CHN-024,Chennai,CHN,center,False,
2025-03-22 06:00:00,27.9,1011.7,91.64934169200339,AWS-CHN-024,Chennai,CHN,center,True,drift
2025-03-22 07:00:00,28.7,1012.7,88.0435990852842,AWS-CHN-024,Chennai,CHN,center,True,drift
2025-03-22 08:00:00,29.9,1013.6,80.43785647856501,AWS-CHN-024,Chennai,CHN,center,True,drift
2025-03-22 09:00:00,31.1,1013.7,73.83211387184582,AWS-CHN-024,Chennai,CHN,center,True,drift
2025-03-22 10:00:00,32.0,1013.5,70.22637126512664,AWS-CHN-024,Chennai,CHN,center,True,drift
2025-03-22 11:00:00,32.4,1012.8,68.62062865840745,AWS-CHN-024,Chennai,CHN,center,True,drift
2025-03-22 12:00:00,32.7,1011.7,68.01488605168826,AWS-CHN-024,Chennai,CHN,center,True,drift
2025-03-22 13:00:00,32.5,1010.6,68.40914344496909,AWS-CHN-024,Chennai,CHN,center,True,drift
2025-03-22 14:00:00,32.3,1009.9,70.8034008382499,AWS-CHN-024,Chennai,CHN,center,True,drift
2025-03-22 15:00:00,31.1,1009.4,76.19765823153071,AWS-CHN-024,Chennai,CHN,center,True,drift
2025-03-22 16:00:00,30.5,1009.1,78.59191562481152,AWS-CHN-024,Chennai,CHN,center,True,drift
2025-03-22 17:00:00,30.0,1009.5,82.98617301809234,AWS-CHN-024,Chennai,CHN,center,True,drift
2025-03-22 18:00:00,29.4,1010.4,87.38043041137315,AWS-CHN-024,Chennai,CHN,center,True,drift
2025-03-22 19:00:00,29.0,1011.6,91.77468780465396,AWS-CHN-024,Chennai,CHN,center,True,drift
2025-03-22 20:00:00,28.7,1012.1,94.16894519793479,AWS-CHN-024,Chennai,CHN,center,True,drift
2025-03-22 21:00:00,28.5,1012.5,96.5632025912156,AWS-CHN-024,Chennai,CHN,center,True,drift
2025-03-22 22:00:00,28.2,1012.7,97.95745998449641,AWS-CHN-024,Chennai,CHN,center,True,drift
2025-03-22 23:00:00,28.0,1012.5,99.35171737777722,AWS-CHN-024,Chennai,CHN,center,True,drift
2025-03-23 00:00:00,27.8,1012.1,100.0,AWS-CHN-024,Chennai,CHN,center,True,drift
2025-03-23 01:00:00,27.5,1010.9,100.0,AWS-CHN-024,Chennai,CHN,center,True,drift
2025-03-23 02:00:00,27.2,1010.4,100.0,AWS-CHN-024,Chennai,CHN,center,True,drift
2025-03-23 03:00:00,27.2,1009.9,100.0,AWS-CHN-024,Chennai,CHN,center,True,drift
2025-03-23 04:00:00,27.1,1010.1,100.0,AWS-CHN-024,Chennai,CHN,center,True,drift
2025-03-23 05:00:00,27.0,1010.8,100.0,AWS-CHN-024,Chennai,CHN,center,True,drift
2025-03-23 06:00:00,28.2,1011.3,78.0,AWS-CHN-024,Chennai,CHN,center,False,
2025-03-23 07:00:00,29.3,1012.6,73.0,AWS-CHN-024,Chennai,CHN,center,False,
2025-03-23 08:00:00,30.5,1013.5,64.0,AWS-CHN-024,Chennai,CHN,center,False,
2025-03-23 09:00:00,31.4,1013.8,59.0,AWS-CHN-024,Chennai,CHN,center,False,
2025-03-23 10:00:00,32.1,1013.4,55.0,AWS-CHN-024,Chennai,CHN,center,False,
2025-03-23 11:00:00,32.6,1012.8,53.0,AWS-CHN-024,Chennai,CHN,center,False,
2025-03-23 12:00:00,32.8,1011.7,53.0,AWS-CHN-024,Chennai,CHN,center,False,
2025-03-23 13:00:00,32.9,1010.7,53.0,AWS-CHN-024,Chennai,CHN,center,False,
2025-03-23 14:00:00,32.3,1009.8,55.0,AWS-CHN-024,Chennai,CHN,center,False,
2025-03-23 15:00:00,-40.064660514699625,1009.5,57.0,AWS-CHN-024,Chennai,CHN,center,True,sensor_fail_low
2025-03-23 16:00:00,-40.02273863080033,1009.4,62.0,AWS-CHN-024,Chennai,CHN,center,True,sensor_fail_low
2025-03-23 17:00:00,-40.021061349595335,1009.8,66.0,AWS-CHN-024,Chennai,CHN,center,True,sensor_fail_low
2025-03-23 18:00:00,-39.94231815359593,1010.2,72.0,AWS-CHN-024,Chennai,CHN,center,True,sensor_fail_low
2025-03-23 19:00:00,29.2,1011.2,74.0,AWS-CHN-024,Chennai,CHN,center,False,
2025-03-23 20:00:00,28.9,1012.0,77.0,AWS-CHN-024,Chennai,CHN,center,False,
2025-03-23 21:00:00,28.7,1012.5,78.0,AWS-CHN-024,Chennai,CHN,center,False,
2025-03-23 22:00:00,28.5,1012.3,79.0,AWS-CHN-024,Chennai,CHN,center,False,
2025-03-23 23:00:00,28.2,1012.2,80.0,AWS-CHN-024,Chennai,CHN,center,False,
2025-03-24 00:00:00,27.9,1011.7,82.0,AWS-CHN-024,Chennai,CHN,center,False,
2025-03-24 01:00:00,27.3,1010.9,86.0,AWS-CHN-024,Chennai,CHN,center,False,
2025-03-24 02:00:00,27.0,1010.2,88.0,AWS-CHN-024,Chennai,CHN,center,False,
2025-03-24 03:00:00,26.7,1009.9,89.0,AWS-CHN-024,Chennai,CHN,center,False,
2025-03-24 04:00:00,26.6,1010.2,90.0,AWS-CHN-024,Chennai,CHN,center,False,
2025-03-24 05:00:00,26.2,1011.1,92.0,AWS-CHN-024,Chennai,CHN,center,False,
2025-03-24 06:00:00,27.2,1011.6,88.0,AWS-CHN-024,Chennai,CHN,center,False,
2025-03-24 07:00:00,28.1,1012.6,83.0,AWS-CHN-024,Chennai,CHN,center,False,
2025-03-24 08:00:00,29.2,1013.3,76.0,AWS-CHN-024,Chennai,CHN,center,False,
2025-03-24 09:00:00,30.4,1013.7,68.0,AWS-CHN-024,Chennai,CHN,center,False,
2025-03-24 10:00:00,31.3,1013.2,63.0,AWS-CHN-024,Chennai,CHN,center,False,
2025-03-24 11:00:00,31.8,1012.4,58.0,AWS-CHN-024,Chennai,CHN,center,False,
2025-03-24 12:00:00,32.0,1011.2,56.0,AWS-CHN-024,Chennai,CHN,center,False,
2025-03-24 13:00:00,31.8,1010.1,58.0,AWS-CHN-024,Chennai,CHN,center,False,
2025-03-24 14:00:00,31.3,1009.1,60.0,AWS-CHN-024,Chennai,CHN,center,False,
2025-03-24 15:00:00,30.9,1008.6,62.0,AWS-CHN-024,Chennai,CHN,center,False,
2025-03-24 16:00:00,30.4,1008.3,64.0,AWS-CHN-024,Chennai,CHN,center,False,
2025-03-24 17:00:00,29.5,1008.6,69.0,AWS-CHN-024,Chennai,CHN,center,False,
2025-03-24 18:00:00,28.9,1009.4,75.0,AWS-CHN-024,Chennai,CHN,center,False,
2025-03-24 19:00:00,28.8,1010.4,76.0,AWS-CHN-024,Chennai,CHN,center,False,
2025-03-24 20:00:00,28.6,1011.1,77.0,AWS-CHN-024,Chennai,CHN,center,False,
2025-03-24 21:00:00,28.3,1011.7,79.0,AWS-CHN-024,Chennai,CHN,center,False,
2025-03-24 22:00:00,28.1,1011.5,80.0,AWS-CHN-024,Chennai,CHN,center,False,
2025-03-24 23:00:00,27.7,1010.9,81.0,AWS-CHN-024,Chennai,CHN,center,False,
2025-03-25 00:00:00,27.2,1010.0,83.0,AWS-CHN-024,Chennai,CHN,center,False,
2025-03-25 01:00:00,26.5,1009.1,87.0,AWS-CHN-024,Chennai,CHN,center,False,
2025-03-25 02:00:00,26.1,1008.4,89.0,AWS-CHN-024,Chennai,CHN,center,False,
2025-03-25 03:00:00,25.8,1008.1,90.0,AWS-CHN-024,Chennai,CHN,center,False,
2025-03-25 04:00:00,19.87939090035575,1007.9,94.0,AWS-CHN-024,Chennai,CHN,center,True,drift
2025-03-25 05:00:00,19.202362569709404,1008.3,96.0,AWS-CHN-024,Chennai,CHN,center,True,drift
2025-03-25 06:00:00,20.025334239063064,1009.2,93.0,AWS-CHN-024,Chennai,CHN,center,True,drift
2025-03-25 07:00:00,20.748305908416718,1009.9,84.0,AWS-CHN-024,Chennai,CHN,center,True,drift
2025-03-25 08:00:00,21.97127757777038,1010.7,74.0,AWS-CHN-024,Chennai,CHN,center,True,drift
2025-03-25 09:00:00,23.294249247124036,1010.8,63.0,AWS-CHN-024,Chennai,CHN,center,True,drift
2025-03-25 10:00:00,24.217220916477693,1010.2,56.0,AWS-CHN-024,Chennai,CHN,center,True,drift
2025-03-25 11:00:00,24.040192585831353,1009.6,56.0,AWS-CHN-024,Chennai,CHN,center,True,drift
2025-03-25 12:00:00,22.86316425518501,1008.6,58.0,AWS-CHN-024,Chennai,CHN,center,True,drift
2025-03-25 13:00:00,22.486135924538665,1007.6,56.0,AWS-CHN-024,Chennai,CHN,center,True,drift
2025-03-25 14:00:00,21.909107593892323,1006.7,54.0,AWS-CHN-024,Chennai,CHN,center,True,drift
2025-03-25 15:00:00,21.232079263245982,1006.0,51.0,AWS-CHN-024,Chennai,CHN,center,True,drift
2025-03-25 16:00:00,19.95505093259964,1005.7,57.0,AWS-CHN-024,Chennai,CHN,center,True,drift
2025-03-25 17:00:00,18.278022601953296,1006.0,66.0,AWS-CHN-024,Chennai,CHN,center,True,drift
2025-03-25 18:00:00,16.900994271306956,1006.6,70.0,AWS-CHN-024,Chennai,CHN,center,True,drift
2025-03-25 19:00:00,16.12396594066061,1007.5,73.0,AWS-CHN-024,Chennai,CHN,center,True,drift
2025-03-25 20:00:00,15.346937610014269,1008.2,75.0,AWS-CHN-024,Chennai,CHN,center,True,drift
2025-03-25 21:00:00,14.76990927936793,1008.9,76.0,AWS-CHN-024,Chennai,CHN,center,True,drift
2025-03-25 22:00:00,27.8,1008.6,77.0,AWS-CHN-024,Chennai,CHN,center,False,
2025-03-25 23:00:00,27.4,1008.0,79.0,AWS-CHN-024,Chennai,CHN,center,False,
2025-03-26 00:00:00,27.0,1007.4,81.0,AWS-CHN-024,Chennai,CHN,center,False,
2025-03-26 01:00:00,26.2,1006.8,85.0,AWS-CHN-024,Chennai,CHN,center,False,
2025-03-26 02:00:00,25.8,1006.3,88.0,AWS-CHN-024,Chennai,CHN,center,False,
2025-03-26 03:00:00,25.7,1006.2,88.0,AWS-CHN-024,Chennai,CHN,center,False,
2025-03-26 04:00:00,25.2,1006.5,91.0,AWS-CHN-024,Chennai,CHN,center,False,
2025-03-26 05:00:00,24.7,1007.1,92.0,AWS-CHN-024,Chennai,CHN,center,False,
2025-03-26 06:00:00,26.2,1007.6,89.0,AWS-CHN-024,Chennai,CHN,center,False,
2025-03-26 07:00:00,27.6,1008.3,80.0,AWS-CHN-024,Chennai,CHN,center,False,
2025-03-26 08:00:00,29.3,1009.0,71.0,AWS-CHN-024,Chennai,CHN,center,False,
2025-03-26 09:00:00,31.0,1009.3,60.0,AWS-CHN-024,Chennai,CHN,center,False,
2025-03-26 10:00:00,32.4,1008.8,53.0,AWS-CHN-024,Chennai,CHN,center,False,
2025-03-26 11:00:00,33.2,1008.3,50.0,AWS-CHN-024,Chennai,CHN,center,False,
2025-03-26 12:00:00,33.2,1007.4,48.0,AWS-CHN-024,Chennai,CHN,center,False,
2025-03-26 13:00:00,32.9,1006.4,50.0,AWS-CHN-024,Chennai,CHN,center,False,
2025-03-26 14:00:00,32.6,1005.6,50.0,AWS-CHN-024,Chennai,CHN,center,False,
2025-03-26 15:00:00,32.3,1005.0,48.0,AWS-CHN-024,Chennai,CHN,center,False,
2025-03-26 16:00:00,31.3,1004.6,55.0,AWS-CHN-024,Chennai,CHN,center,False,
2025-03-26 17:00:00,30.0,1005.0,64.0,AWS-CHN-024,Chennai,CHN,center,False,
2025-03-26 18:00:00,29.0,1005.5,70.0,AWS-CHN-024,Chennai,CHN,center,False,
2025-03-26 19:00:00,28.6,1006.3,75.0,AWS-CHN-024,Chennai,CHN,center,False,
2025-03-26 20:00:00,28.4,1007.3,76.0,AWS-CHN-024,Chennai,CHN,center,False,
2025-03-26 21:00:00,28.3,1008.2,79.0,AWS-CHN-024,Chennai,CHN,center,False,
2025-03-26 22:00:00,28.1,1008.3,79.0,AWS-CHN-024,Chennai,CHN,center,False,
2025-03-26 23:00:00,27.8,1008.2,81.0,AWS-CHN-024,Chennai,CHN,center,False,
2025-03-27 00:00:00,27.4,1007.6,83.0,AWS-CHN-024,Chennai,CHN,center,False,
2025-03-27 01:00:00,26.8,1006.9,87.0,AWS-CHN-024,Chennai,CHN,center,False,
2025-03-27 02:00:00,26.5,1006.3,89.0,AWS-CHN-024,Chennai,CHN,center,False,
2025-03-27 03:00:00,26.1,1006.2,91.0,AWS-CHN-024,Chennai,CHN,center,False,
2025-03-27 04:00:00,25.5,1006.1,94.0,AWS-CHN-024,Chennai,CHN,center,False,
2025-03-27 05:00:00,25.3,1006.6,94.0,AWS-CHN-024,Chennai,CHN,center,False,
2025-03-27 06:00:00,26.3,1007.5,91.0,AWS-CHN-024,Chennai,CHN,center,False,
2025-03-27 07:00:00,27.6,1008.2,82.0,AWS-CHN-024,Chennai,CHN,center,False,
2025-03-27 08:00:00,29.4,1008.7,71.0,AWS-CHN-024,Chennai,CHN,center,False,
2025-03-27 09:00:00,31.5,1008.8,58.0,AWS-CHN-024,Chennai,CHN,center,False,
2025-03-27 10:00:00,33.9,1008.5,45.0,AWS-CHN-024,Chennai,CHN,center,False,
2025-03-27 11:00:00,35.7,1007.5,36.0,AWS-CHN-024,Chennai,CHN,center,False,
2025-03-27 12:00:00,35.9,1006.2,36.0,AWS-CHN-024,Chennai,CHN,center,False,
2025-03-27 13:00:00,34.5,1005.0,53.0,AWS-CHN-024,Chennai,CHN,center,False,
2025-03-27 14:00:00,34.2,1004.3,50.0,AWS-CHN-024,Chennai,CHN,center,False,
2025-03-27 15:00:00,33.4,1003.8,49.0,AWS-CHN-024,Chennai,CHN,center,False,
2025-03-27 16:00:00,32.2,1003.7,54.0,AWS-CHN-024,Chennai,CHN,center,False,
2025-03-27 17:00:00,31.1,1003.8,54.0,AWS-CHN-024,Chennai,CHN,center,False,
2025-03-27 18:00:00,29.8,1003.9,63.0,AWS-CHN-024,Chennai,CHN,center,False,
2025-03-27 19:00:00,29.2,1004.8,73.0,AWS-CHN-024,Chennai,CHN,center,False,
2025-03-27 20:00:00,37.73740723838189,1005.8618303321279,100.0,AWS-CHN-024,Chennai,CHN,center,True,multivariate_inconsistency
2025-03-27 21:00:00,37.337407238381886,1006.2535808154295,100.0,AWS-CHN-024,Chennai,CHN,center,True,multivariate_inconsistency
2025-03-27 22:00:00,36.93740723838189,1006.9127444718442,100.0,AWS-CHN-024,Chennai,CHN,center,True,multivariate_inconsistency
2025-03-27 23:00:00,28.0,1006.7,82.0,AWS-CHN-024,Chennai,CHN,center,False,
2025-03-28 00:00:00,27.7,1006.2,84.0,AWS-CHN-024,Chennai,CHN,center,False,
2025-03-28 01:00:00,27.2,1005.7,87.0,AWS-CHN-024,Chennai,CHN,center,False,
2025-03-28 02:00:00,26.2,1005.3,90.0,AWS-CHN-024,Chennai,CHN,center,False,
2025-03-28 03:00:00,25.7,1005.3,88.0,AWS-CHN-024,Chennai,CHN,center,False,
2025-03-28 04:00:00,25.5,1005.4,87.0,AWS-CHN-024,Chennai,CHN,center,False,
2025-03-28 05:00:00,25.4,1005.9,86.0,AWS-CHN-024,Chennai,CHN,center,False,
2025-03-28 06:00:00,26.4,1006.4,89.0,AWS-CHN-024,Chennai,CHN,center,False,
2025-03-28 07:00:00,27.6,1007.0,84.0,AWS-CHN-024,Chennai,CHN,center,False,
2025-03-28 08:00:00,29.9,1007.7,69.0,AWS-CHN-024,Chennai,CHN,center,False,
2025-03-28 09:00:00,32.8,1008.0,49.0,AWS-CHN-024,Chennai,CHN,center,False,
2025-03-28 10:00:00,35.0,1007.9,37.0,AWS-CHN-024,Chennai,CHN,center,False,
2025-03-28 11:00:00,36.3,1007.0,34.0,AWS-CHN-024,Chennai,CHN,center,False,
2025-03-28 12:00:00,36.0,1005.8,43.0,AWS-CHN-024,Chennai,CHN,center,False,
2025-03-28 13:00:00,35.1,1004.6,48.0,AWS-CHN-024,Chennai,CHN,center,False,
2025-03-28 14:00:00,34.8,1003.6,42.0,AWS-CHN-024,Chennai,CHN,center,False,
2025-03-28 15:00:00,33.7,1003.3,44.0,AWS-CHN-024,Chennai,CHN,center,False,
2025-03-28 16:00:00,32.5,1003.3,53.0,AWS-CHN-024,Chennai,CHN,center,False,
2025-03-28 17:00:00,38.19429714062911,996.9252492845426,80.01981046910548,AWS-CHN-024,Chennai,CHN,center,True,unstructured_anomaly
2025-03-28 18:00:00,36.827396744693665,995.7651419963131,53.61186358384042,AWS-CHN-024,Chennai,CHN,center,True,unstructured_anomaly
2025-03-28 19:00:00,35.578823986489674,995.9247399505584,92.85445019010533,AWS-CHN-024,Chennai,CHN,center,True,unstructured_anomaly
2025-03-28 20:00:00,22.369998301421475,1013.0779380166462,64.84694613906096,AWS-CHN-024,Chennai,CHN,center,True,unstructured_anomaly
2025-03-28 21:00:00,22.098940309643282,1014.1141015946239,94.84511829890857,AWS-CHN-024,Chennai,CHN,center,True,unstructured_anomaly
2025-03-28 22:00:00,28.3,1006.7,85.0,AWS-CHN-024,Chennai,CHN,center,False,
2025-03-28 23:00:00,27.9,1006.6,88.0,AWS-CHN-024,Chennai,CHN,center,False,
2025-03-29 00:00:00,27.4,1006.1,91.0,AWS-CHN-024,Chennai,CHN,center,False,
2025-03-29 01:00:00,26.8,1005.4,92.0,AWS-CHN-024,Chennai,CHN,center,False,
2025-03-29 02:00:00,26.3,1004.9,92.0,AWS-CHN-024,Chennai,CHN,center,False,
2025-03-29 03:00:00,25.6,1004.6,93.0,AWS-CHN-024,Chennai,CHN,center,False,
2025-03-29 04:00:00,25.1,1004.8,94.0,AWS-CHN-024,Chennai,CHN,center,False,
2025-03-29 05:00:00,24.7,1005.4,94.0,AWS-CHN-024,Chennai,CHN,center,False,
2025-03-29 06:00:00,25.8,1006.1,93.0,AWS-CHN-024,Chennai,CHN,center,False,
2025-03-29 07:00:00,27.4,1006.9,85.0,AWS-CHN-024,Chennai,CHN,center,False,
2025-03-29 08:00:00,29.9,1007.6,70.0,AWS-CHN-024,Chennai,CHN,center,False,
2025-03-29 09:00:00,33.4,1008.2,46.0,AWS-CHN-024,Chennai,CHN,center,False,
2025-03-29 10:00:00,36.0,1007.8,31.0,AWS-CHN-024,Chennai,CHN,center,False,
2025-03-29 11:00:00,36.6,1007.3,29.0,AWS-CHN-024,Chennai,CHN,center,False,
2025-03-29 12:00:00,36.7,1006.1,30.0,AWS-CHN-024,Chennai,CHN,center,False,
2025-03-29 13:00:00,37.1,1004.9,24.0,AWS-CHN-024,Chennai,CHN,center,False,
2025-03-29 14:00:00,36.9,1004.1,22.0,AWS-CHN-024,Chennai,CHN,center,False,
2025-03-29 15:00:00,36.1,1003.6,25.0,AWS-CHN-024,Chennai,CHN,center,False,
2025-03-29 16:00:00,34.4,1003.6,34.0,AWS-CHN-024,Chennai,CHN,center,False,
2025-03-29 17:00:00,31.9,1004.0,54.0,AWS-CHN-024,Chennai,CHN,center,False,
2025-03-29 18:00:00,30.2,1004.0,67.0,AWS-CHN-024,Chennai,CHN,center,False,
2025-03-29 19:00:00,29.0,1005.1,84.0,AWS-CHN-024,Chennai,CHN,center,False,
2025-03-29 20:00:00,28.7,1006.2,86.0,AWS-CHN-024,Chennai,CHN,center,False,
2025-03-29 21:00:00,28.6,1007.0,80.0,AWS-CHN-024,Chennai,CHN,center,False,
2025-03-29 22:00:00,28.1,1007.7,84.0,AWS-CHN-024,Chennai,CHN,center,False,
2025-03-29 23:00:00,27.5,1007.7,90.0,AWS-CHN-024,Chennai,CHN,center,False,
2025-03-30 00:00:00,27.0,1007.2,92.0,AWS-CHN-024,Chennai,CHN,center,False,
2025-03-30 01:00:00,26.5,1006.5,94.0,AWS-CHN-024,Chennai,CHN,center,False,
2025-03-30 02:00:00,25.9,1006.3,96.0,AWS-CHN-024,Chennai,CHN,center,False,
2025-03-30 03:00:00,25.3,1006.2,96.0,AWS-CHN-024,Chennai,CHN,center,False,
2025-03-30 04:00:00,24.8,1006.1,96.0,AWS-CHN-024,Chennai,CHN,center,False,
2025-03-30 05:00:00,24.3,1006.9,96.0,AWS-CHN-024,Chennai,CHN,center,False,
2025-03-30 06:00:00,26.8,1007.5,91.0,AWS-CHN-024,Chennai,CHN,center,False,
2025-03-30 07:00:00,27.7,1008.3,84.0,AWS-CHN-024,Chennai,CHN,center,False,
2025-03-30 08:00:00,29.7,1009.1,71.0,AWS-CHN-024,Chennai,CHN,center,False,
2025-03-30 09:00:00,32.2,1009.5,52.0,AWS-CHN-024,Chennai,CHN,center,False,
2025-03-30 10:00:00,33.7,1009.5,43.0,AWS-CHN-024,Chennai,CHN,center,False,
2025-03-30 11:00:00,34.0,1009.1,44.0,AWS-CHN-024,Chennai,CHN,center,False,
2025-03-30 12:00:00,34.2,1008.2,42.0,AWS-CHN-024,Chennai,CHN,center,False,
2025-03-30 13:00:00,34.1,1007.0,43.0,AWS-CHN-024,Chennai,CHN,center,False,
2025-03-30 14:00:00,33.8,1006.1,43.0,AWS-CHN-024,Chennai,CHN,center,False,
2025-03-30 15:00:00,33.0,1005.7,45.0,AWS-CHN-024,Chennai,CHN,center,False,
2025-03-30 16:00:00,31.7,1005.5,51.0,AWS-CHN-024,Chennai,CHN,center,False,
2025-03-30 17:00:00,30.2,1005.9,63.0,AWS-CHN-024,Chennai,CHN,center,False,
2025-03-30 18:00:00,29.0,1006.1,76.0,AWS-CHN-024,Chennai,CHN,center,False,
2025-03-30 19:00:00,28.7,1006.9,79.0,AWS-CHN-024,Chennai,CHN,center,False,
2025-03-30 20:00:00,28.6,1007.9,76.0,AWS-CHN-024,Chennai,CHN,center,False,
2025-03-30 21:00:00,28.5,1008.8,74.0,AWS-CHN-024,Chennai,CHN,center,False,
2025-03-30 22:00:00,28.3,1009.4,75.0,AWS-CHN-024,Chennai,CHN,center,False,
2025-03-30 23:00:00,27.9,1009.1,77.0,AWS-CHN-024,Chennai,CHN,center,False,
2025-03-31 00:00:00,27.5,1008.3,80.0,AWS-CHN-024,Chennai,CHN,center,False,
2025-03-31 01:00:00,27.1,1007.7,83.0,AWS-CHN-024,Chennai,CHN,center,False,
2025-03-31 02:00:00,26.7,1007.1,86.0,AWS-CHN-024,Chennai,CHN,center,False,
2025-03-31 03:00:00,26.1,1007.1,89.0,AWS-CHN-024,Chennai,CHN,center,False,
2025-03-31 04:00:00,25.8,1007.3,91.0,AWS-CHN-024,Chennai,CHN,center,False,
2025-03-31 05:00:00,25.5,1007.7,92.0,AWS-CHN-024,Chennai,CHN,center,False,
2025-03-31 06:00:00,25.8,1008.3,90.0,AWS-CHN-024,Chennai,CHN,center,False,
2025-03-31 07:00:00,27.2,1009.0,82.0,AWS-CHN-024,Chennai,CHN,center,False,
2025-03-31 08:00:00,29.3,1009.6,71.0,AWS-CHN-024,Chennai,CHN,center,False,
2025-03-31 09:00:00,31.1,1010.0,60.0,AWS-CHN-024,Chennai,CHN,center,False,
2025-03-31 10:00:00,31.9,1009.7,54.0,AWS-CHN-024,Chennai,CHN,center,False,
2025-03-31 11:00:00,32.3,1009.6,50.0,AWS-CHN-024,Chennai,CHN,center,False,
2025-03-31 12:00:00,32.6,1008.6,49.0,AWS-CHN-024,Chennai,CHN,center,False,
2025-03-31 13:00:00,32.7,1007.4,48.0,AWS-CHN-024,Chennai,CHN,center,False,
2025-03-31 14:00:00,32.5,1006.5,48.0,AWS-CHN-024,Chennai,CHN,center,False,
2025-03-31 15:00:00,32.0,1005.9,49.0,AWS-CHN-024,Chennai,CHN,center,False,
2025-03-31 16:00:00,31.3,1005.7,52.0,AWS-CHN-024,Chennai,CHN,center,False,
2025-03-31 17:00:00,30.1,1006.0,58.0,AWS-CHN-024,Chennai,CHN,center,False,
2025-03-31 18:00:00,29.1,1006.1,66.0,AWS-CHN-024,Chennai,CHN,center,False,
2025-03-31 19:00:00,29.0,1007.0,66.0,AWS-CHN-024,Chennai,CHN,center,False,
2025-03-31 20:00:00,28.9,1007.6,65.0,AWS-CHN-024,Chennai,CHN,center,False,
2025-03-31 21:00:00,28.7,1008.5,65.0,AWS-CHN-024,Chennai,CHN,center,False,
2025-03-31 22:00:00,28.5,1008.8,65.0,AWS-CHN-024,Chennai,CHN,center,False,
2025-03-31 23:00:00,28.3,1008.7,66.0,AWS-CHN-024,Chennai,CHN,center,False,
